Place,Bib,Name,Age_Group,Group_Rank,Class,Club,Swim,T1,Bike,T2,Run,Finish
1,10,Daniela Ryf,FPRO,1,Female,Switzerland,26:26,,2:20:20,,1:22:05,4:11:59
2,8,Emma Pallant-Browne,FPRO,2,Female,United Kingdom,27:53,,2:28:00,,1:19:48,4:18:36
3,3,Laura Philipp,FPRO,3,Female,Germany,29:47,,2:25:45,,1:21:12,4:19:40
4,34,Sarah True,FPRO,4,Female,United States,25:38,,2:30:16,,1:22:45,4:21:40
5,19,Helle Frederiksen,FPRO,5,Female,Denmark,26:23,,2:29:07,,1:23:41,4:22:12
6,2,Annabel Luxford,FPRO,6,Female,Australia,26:35,,2:28:53,,1:25:38,4:24:04
7,9,Heather Wurtele,FPRO,7,Female,Canada,27:52,,2:27:34,,1:27:00,4:25:39
8,4,Jeanni Metzler,FPRO,8,Female,South Africa,27:40,,2:28:20,,1:27:42,4:26:30
9,14,Haley Chura,FPRO,9,Female,United States,25:35,,2:31:55,,1:26:20,4:27:00
10,6,Melissa Hauschildt,FPRO,10,Female,Australia,30:22,,2:28:22,,1:25:31,4:27:36
11,48,Kirsty Jahn,FPRO,11,Female,Canada,29:49,,2:30:59,,1:26:00,4:30:39
12,21,Lisa Huetthaler,FPRO,12,Female,Austria,29:42,,2:25:45,,1:32:12,4:30:51
13,15,Alicia Kaye,FPRO,13,Female,United States,26:30,,2:29:16,,1:32:14,4:31:14
14,22,Natalie Seymour,FPRO,14,Female,United Kingdom,29:39,,2:32:02,,1:28:27,4:33:29
15,12,Lesley Smith,FPRO,15,Female,United States,28:49,,2:39:25,,1:23:19,4:35:08
16,26,Stephanie Roy,FPRO,16,Female,Canada,29:46,,2:39:38,,1:22:53,4:35:49
17,41,Maria Czesnik,FPRO,17,Female,Poland,27:45,,2:34:09,,1:30:56,4:36:01
18,24,Kimberley Morrison,FPRO,18,Female,United Kingdom,29:08,,2:27:36,,1:36:27,4:36:27
19,51,Astrid Stienen,FPRO,19,Female,Germany,31:07,,2:36:42,,1:26:00,4:37:21
20,27,Judith Corachan Vaquera,FPRO,20,Female,Spain,27:39,,2:37:55,,1:29:24,4:38:16
21,50,Jen Annett,FPRO,21,Female,Canada,32:01,,2:30:13,,1:34:29,4:39:55
22,17,Jennifer Spieldenner,FPRO,22,Female,United States,26:22,,2:39:31,,1:30:53,4:39:58
23,29,Agnieszka Jerzyk,FPRO,23,Female,Norway,27:55,,2:37:54,,1:32:06,4:41:01
24,1530,Simone Mitchell,F25-29,1,Female,United Kingdom,30:15,,2:36:16,,1:30:30,4:42:18
25,53,Luiza Cravo,FPRO,24,Female,Brazil,31:59,,2:40:23,,1:27:05,4:42:59
26,23,Sue Huse,FPRO,25,Female,Canada,35:01,,2:39:17,,1:26:18,4:43:59
27,1535,Laurence Delisle,F25-29,2,Female,United States,27:00,,2:37:47,,1:37:14,4:47:18
28,45,Romina Palacio Balena,FPRO,26,Female,Argentina,29:05,,2:45:40,,1:29:54,4:48:13
29,56,Ewa Komander,FPRO,27,Female,Poland,31:18,,2:36:57,,1:37:05,4:48:34
30,986,Katrine Amtkjaer,F35-39,1,Female,Denmark,35:07,,2:39:55,,1:27:53,4:48:59
31,18,Lauren Brandon,FPRO,28,Female,United States,25:23,,2:36:27,,1:45:07,4:50:31
32,55,Amanda Wendorff,FPRO,29,Female,United States,31:57,,2:40:53,,1:34:24,4:50:34
33,1702,Fanoy Leanne,F18-24,1,Female,United Arab Emirates,33:20,,2:42:17,,1:29:32,4:50:51
34,1199,Molly Smith,F35-39,2,Female,United States,35:36,,2:38:57,,1:33:08,4:52:28
35,1652,Sabrina Stadelmann,F25-29,3,Female,Switzerland,31:47,,2:44:29,,1:32:29,4:53:36
36,1586,Stephanie Knast-Magos,F25-29,4,Female,United States,33:09,,2:41:06,,1:34:28,4:53:51
37,576,Beni Gras-Thompson,F45-49,1,Female,United States,32:24,,2:42:40,,1:33:16,4:53:54
38,1561,Susana Guillen,F25-29,5,Female,Venezuela,32:30,,2:41:09,,1:35:11,4:53:58
39,1660,Ushakova Svetlana,F25-29,6,Female,Russian Federation,28:01,,2:40:39,,1:41:15,4:54:17
40,1244,Cathy Yndestad,F35-39,3,Female,Canada,28:31,,2:39:56,,1:41:15,4:54:19
41,1623,Rachel Olson,F25-29,7,Female,United States,26:59,,2:48:17,,1:34:00,4:54:35
42,1273,Fiona Carlon,F30-34,1,Female,United States,30:10,,2:48:48,,1:30:09,4:54:39
43,1528,Chantal Sainter,F25-29,8,Female,United Kingdom,30:44,,2:36:05,,1:42:41,4:54:39
44,42,Monica Juhart,FPRO,30,Female,Australia,29:38,,2:42:42,,1:39:24,4:55:09
45,1175,Jana Richtrova,F35-39,4,Female,Czechia,37:21,,2:34:04,,1:38:20,4:55:10
46,57,Hannah Drewett,FPRO,31,Female,United Kingdom,27:36,,2:44:43,,1:39:37,4:55:37
47,971,Janine Willis,F40-44,1,Female,Canada,29:23,,2:43:53,,1:36:07,4:55:48
48,1326,Christine hoffmann,F30-34,2,Female,United States,36:22,,2:41:38,,1:32:10,4:56:00
49,1067,Robyn Hardage,F35-39,5,Female,Canada,32:26,,2:42:50,,1:34:55,4:56:13
50,1691,Darthea Clydsdale,F18-24,2,Female,Australia,25:59,,2:46:44,,1:37:47,4:56:26
51,1575,Manami Iijima,F25-29,9,Female,Guam,28:39,,2:48:33,,1:35:08,4:56:41
52,1319,Anine Hell,F30-34,3,Female,Germany,32:00,,2:52:01,,1:28:02,4:56:54
53,1552,Hayley Germack,F25-29,10,Female,United States,34:56,,2:47:06,,1:29:33,4:57:10
54,963,Kim Webster,F40-44,2,Female,United States,33:16,,2:46:10,,1:32:28,4:57:12
55,750,Sophie Chevrier,F40-44,3,Female,Switzerland,33:46,,2:46:17,,1:31:53,4:57:22
56,1757,Nicole Wood,F18-24,3,Female,Paraguay,31:40,,2:43:04,,1:37:38,4:57:47
57,1487,Lori Williamson,F30-34,4,Female,United States,28:26,,2:53:17,,1:30:01,4:58:07
58,643,Deanna Newman,F45-49,2,Female,United States,33:40,,2:46:09,,1:32:35,4:58:36
59,652,Kelly Phuah,F45-49,3,Female,Australia,34:09,,2:41:08,,1:38:07,4:58:40
60,1770,Nicole Falcaro,F30-34,5,Female,United States,32:55,,2:48:16,,1:32:45,4:59:06
61,1329,Ginger Howell,F30-34,6,Female,United States,32:55,,2:45:29,,1:35:49,4:59:38
62,833,Jennifer O'Keefe,F40-44,4,Female,United States,27:30,,2:49:00,,1:38:50,5:00:02
63,708,kristin white,F45-49,4,Female,United States,32:49,,2:41:53,,1:40:06,5:00:04
64,1679,Maki Nishioka,F25-29,11,Female,Japan,29:43,,2:50:39,,1:30:02,5:00:07
65,1736,Larissa Rabago,F18-24,4,Female,Mexico,32:15,,2:50:20,,1:32:30,5:00:48
66,1188,Kirsten Sass,F35-39,6,Female,United States,34:02,,2:45:15,,1:36:58,5:01:05
67,43,Robin Pomeroy,FPRO,32,Female,United States,27:40,,2:42:05,,1:48:07,5:01:08
68,1666,Keelyn van Breda,F25-29,12,Female,South Africa,30:41,,2:59:17,,1:25:06,5:01:47
69,1257,Daniela Araujo,F30-34,7,Female,Venezuela,34:13,,2:44:58,,1:36:39,5:01:56
70,1310,Jacqui Giuliano,F30-34,8,Female,United States,36:06,,2:50:15,,1:30:00,5:02:07
71,1717,Daniela Kleiser,F18-24,5,Female,Germany,37:46,,2:46:23,,1:32:22,5:02:17
72,1469,Marion Tuin,F30-34,9,Female,Netherlands,32:56,,2:42:28,,1:41:38,5:02:20
73,1507,Amandine Bodin,F25-29,13,Female,France,30:44,,2:45:04,,1:41:02,5:02:25
74,1674,Alison Wilson,F25-29,14,Female,United Kingdom,34:45,,2:45:58,,1:36:16,5:02:31
75,1746,Mauren Solano,F18-24,6,Female,Costa Rica,32:38,,2:50:01,,1:35:08,5:02:42
76,615,Marlies Kort,F45-49,5,Female,Curaçao,35:24,,2:46:09,,1:35:18,5:02:44
77,749,Ginny Cataldi,F40-44,5,Female,United States,31:59,,2:44:22,,1:41:24,5:02:46
78,1635,Taryn Ryan,F25-29,15,Female,New Zealand,29:44,,2:43:43,,1:43:53,5:03:02
79,1423,Tami Ritchie,F30-34,10,Female,United States,26:31,,2:54:54,,1:33:57,5:03:02
80,1544,Hilary Fenton,F25-29,16,Female,United States,34:53,,2:47:52,,1:35:13,5:03:27
81,1295,Heather Fell,F30-34,11,Female,United Kingdom,29:35,,2:50:16,,1:37:24,5:03:46
82,1304,Elyse Gallegos,F30-34,12,Female,United States,33:05,,2:49:53,,1:35:03,5:03:57
83,1446,Leah Sherriff,F30-34,13,Female,Canada,34:14,,2:45:17,,1:38:55,5:04:05
84,1612,Natalia Moraes,F25-29,17,Female,Brazil,29:09,,2:45:51,,1:43:35,5:04:07
85,1392,Laura Nadeau,F30-34,14,Female,Guam,36:13,,2:45:31,,1:36:31,5:04:10
86,1390,Mirjam MUCKENHUBER,F30-34,15,Female,Austria,35:33,,2:44:05,,1:38:31,5:04:10
87,1768,Kinsey Mattison,F25-29,18,Female,United States,29:30,,2:45:47,,1:43:42,5:04:16
88,1296,Meghan Rushing,F30-34,16,Female,United States,33:51,,2:50:11,,1:33:01,5:04:17
89,1743,Doreen Simon,F18-24,7,Female,Germany,31:48,,2:43:44,,1:43:28,5:04:18
90,1197,Jaime Simmons,F35-39,7,Female,United States,34:59,,2:45:32,,1:38:37,5:04:20
91,1567,Mollie Hebda,F25-29,19,Female,United States,29:44,,2:48:44,,1:40:19,5:04:28
92,1585,Lindsey KNAST,F25-29,20,Female,United States,33:49,,2:42:58,,1:42:08,5:04:46
93,1536,Virginie Dufresne,F25-29,21,Female,Canada,34:54,,2:49:32,,1:36:06,5:05:15
94,1482,Desirée Wagner,F30-34,17,Female,Switzerland,33:10,,2:43:26,,1:43:23,5:05:21
95,1276,Ling Er Choo,F30-34,18,Female,Singapore,33:43,,2:49:00,,1:37:07,5:05:22
96,1465,Chelsea Tiner,F30-34,19,Female,United States,34:01,,2:47:43,,1:37:50,5:05:32
97,1337,Jessica Jones,F30-34,20,Female,United States,33:04,,2:44:24,,1:40:41,5:05:33
98,359,Colleen Dereuck,F50-54,1,Female,United States,33:53,,2:57:32,,1:28:19,5:05:35
99,1061,Kortney Haag,F35-39,8,Female,United States,34:13,,2:45:18,,1:40:53,5:05:39
100,1642,Kayla Pokorny,F25-29,22,Female,United States,27:55,,2:55:55,,1:36:31,5:05:42
101,1274,Sarah Casaubon,F30-34,21,Female,Canada,33:56,,2:46:50,,1:39:22,5:05:50
102,753,Jennifer Clark,F40-44,6,Female,United States,32:42,,2:48:13,,1:39:56,5:05:50
103,840,Blaire Kniaziew Gervais,F40-44,7,Female,Canada,29:43,,2:51:51,,1:39:08,5:05:51
104,1662,Emily Taylor,F25-29,23,Female,Canada,35:38,,2:46:20,,1:38:29,5:05:56
105,1364,Molly Lohry,F30-34,22,Female,United States,35:36,,2:42:11,,1:43:35,5:06:14
106,988,Laura Aykroyd,F35-39,9,Female,United States,35:08,,2:48:05,,1:36:56,5:06:22
107,1077,Carrie Heidrich,F35-39,10,Female,United States,32:49,,2:50:15,,1:36:49,5:06:27
108,1606,Audrey Maheu,F25-29,24,Female,United States,38:49,,2:41:47,,1:40:15,5:06:32
109,966,Fiona Whelan,F40-44,8,Female,Australia,32:06,,2:51:02,,1:38:40,5:06:51
110,551,Susanne Davis,F45-49,6,Female,United States,31:44,,2:51:38,,1:38:04,5:06:52
111,909,Noga Ruttenberg,F40-44,9,Female,United States,33:21,,2:50:45,,1:36:40,5:06:54
112,918,Sharon Schmidt-Mongrain,F40-44,10,Female,United States,31:45,,2:49:34,,1:40:20,5:06:55
113,1665,Lisa Tyack,F25-29,25,Female,Australia,31:41,,2:51:41,,1:38:10,5:07:01
114,1730,Shai O’brien,F18-24,8,Female,Australia,35:04,,2:46:00,,1:40:51,5:07:20
115,1137,Alison Miller,F35-39,11,Female,United States,38:18,,2:48:34,,1:33:52,5:07:20
116,1251,Alicia Allen,F30-34,23,Female,United States,32:37,,2:52:01,,1:37:08,5:07:27
117,1083,Erin Hyndman-Farrens,F35-39,12,Female,United States,35:53,,2:47:36,,1:39:10,5:07:36
118,1366,Mariajose Lopez,F30-34,24,Female,Mexico,35:51,,2:50:26,,1:36:26,5:07:36
119,1560,Tara Grosvenor,F25-29,26,Female,United Kingdom,30:49,,2:51:22,,1:40:06,5:07:39
120,1578,Moya Johansson,F25-29,27,Female,Australia,31:04,,2:54:12,,1:37:50,5:07:41
121,660,Suzanne Rinehart,F45-49,7,Female,United States,31:18,,2:42:48,,1:46:22,5:07:46
122,1673,Theresa Griesbach,F25-29,28,Female,Germany,35:45,,2:48:42,,1:38:19,5:07:47
123,1526,Katie Colville,F25-29,29,Female,United States,34:33,,2:51:27,,1:36:07,5:08:01
124,1275,Lindsey Chamberlain,F30-34,25,Female,Canada,41:01,,2:47:34,,1:33:37,5:08:03
125,1247,Jennifer Zenker,F35-39,13,Female,Australia,28:00,,2:40:30,,1:54:35,5:08:08
126,1145,Florencia Morales,F35-39,14,Female,Argentina,36:49,,2:59:04,,1:26:43,5:08:12
127,1298,Monica Folts,F30-34,26,Female,United States,36:30,,2:50:58,,1:35:38,5:08:17
128,1608,Kimberley Mckinney,F25-29,30,Female,Australia,32:18,,2:49:00,,1:42:02,5:08:26
129,1480,Danielle Treise,F30-34,27,Female,United States,34:52,,2:49:24,,1:38:02,5:08:27
130,1509,Brittany Paris,F25-29,31,Female,United States,30:57,,2:47:26,,1:44:50,5:08:32
131,835,Angela Kidd,F40-44,11,Female,United States,35:04,,2:54:08,,1:33:24,5:08:43
132,1531,Alysha DAVIS,F25-29,32,Female,United States,39:47,,2:46:41,,1:36:35,5:09:00
133,1558,Carolina Granfors,F25-29,33,Female,Finland,36:25,,2:47:38,,1:40:06,5:09:07
134,1511,Gabrielle Bunten,F25-29,34,Female,Antarctica,26:39,,2:54:46,,1:42:21,5:09:14
135,49,Carolina Furriela,FPRO,33,Female,Brazil,29:06,,2:56:12,,1:40:38,5:09:17
136,1723,Justine Mathieux,F18-24,9,Female,France,29:35,,2:48:47,,1:45:50,5:09:24
137,1405,Ipek Onaran Sezer,F30-34,28,Female,Turkey,33:53,,2:53:19,,1:36:10,5:09:26
138,583,Raeleigh Harris,F45-49,8,Female,Australia,35:29,,2:48:48,,1:38:55,5:09:30
139,1308,Sara Gibson,F30-34,29,Female,United States,27:43,,2:53:24,,1:42:20,5:09:41
140,1258,Laura Armstrong,F30-34,30,Female,New Zealand,31:56,,2:48:07,,1:44:36,5:09:44
141,1729,Rachael Norflett,F18-24,10,Female,United States,32:43,,2:49:26,,1:42:09,5:09:55
142,1508,Kayla Bowker,F25-29,35,Female,United States,38:30,,2:50:47,,1:34:37,5:10:01
143,1004,Katherine Bower,F35-39,15,Female,United States,31:05,,2:49:25,,1:41:45,5:10:09
144,1425,Mary Robbins,F30-34,31,Female,United States,29:25,,2:42:44,,1:51:25,5:10:14
145,1398,Hallie Nicoll,F30-34,32,Female,United States,36:11,,2:48:43,,1:39:44,5:10:18
146,1130,Liz Mcdougall,F35-39,16,Female,United Kingdom,29:03,,2:55:58,,1:40:07,5:10:29
147,1194,Lori Sherlock,F35-39,17,Female,United States,32:45,,2:50:50,,1:40:22,5:10:36
148,680,Jennifer Smith,F45-49,9,Female,United States,36:13,,2:46:28,,1:41:27,5:10:40
149,1332,Carla Iannarelli,F30-34,33,Female,Argentina,37:58,,2:51:18,,1:36:09,5:10:44
150,821,Isabelle Boyer Moulin,F40-44,12,Female,France,32:49,,2:48:07,,1:44:02,5:10:46
151,1140,Michelle Miller,F35-39,18,Female,United States,38:36,,2:49:27,,1:38:00,5:10:58
152,1411,Elizabeth Pellerin,F30-34,34,Female,Canada,33:18,,2:53:01,,1:40:15,5:11:02
153,784,Allison Felley Jacquemont,F40-44,13,Female,Canada,33:50,,2:51:08,,1:40:01,5:11:04
154,600,Megan James,F45-49,10,Female,United States,28:42,,2:51:10,,1:45:36,5:11:09
155,1598,Nicole Lepere,F25-29,36,Female,United States,29:27,,2:59:15,,1:36:47,5:11:30
156,1368,Erin Lyons,F30-34,35,Female,Australia,26:28,,2:47:47,,1:52:07,5:11:40
157,1400,Cheyenne Noble,F30-34,36,Female,United States,38:09,,2:46:55,,1:41:01,5:11:40
158,1639,Kierra Allen,F25-29,37,Female,Australia,32:46,,2:54:07,,1:37:33,5:11:46
159,1315,Holly Grundon,F30-34,37,Female,United Kingdom,32:32,,2:53:49,,1:39:32,5:12:00
160,1453,Laura Specker Sullivan,F30-34,38,Female,United States,33:29,,2:55:15,,1:37:30,5:12:00
161,651,Donna Phelan,F45-49,11,Female,Canada,29:39,,2:51:41,,1:44:59,5:12:23
162,734,Gunhild Berntsen,F40-44,14,Female,Norway,33:32,,2:52:48,,1:40:29,5:12:24
163,1178,Terri Rodzevik,F35-39,19,Female,United States,33:01,,2:48:41,,1:44:38,5:12:28
164,1053,Tamar Gonzalez Suarez,F35-39,20,Female,Spain,35:48,,2:50:56,,1:38:41,5:12:35
165,1515,Andrea Castillo Sarmiento,F25-29,38,Female,Peru,29:42,,2:54:00,,1:44:03,5:12:42
166,972,Kristen Wilson,F40-44,15,Female,United States,33:59,,2:50:52,,1:41:01,5:12:43
167,1240,Cassie Whittington,F35-39,21,Female,United States,32:32,,2:49:58,,1:43:45,5:12:46
168,1171,Tamasin Reno,F35-39,22,Female,Canada,35:32,,2:48:35,,1:43:10,5:12:50
169,978,Tamara Zeltner,F40-44,16,Female,Germany,35:04,,2:51:22,,1:39:41,5:13:08
170,1414,Amy Quirion,F30-34,39,Female,United States,33:37,,2:46:29,,1:47:08,5:13:13
171,1204,Steffi Steinberg,F35-39,23,Female,Germany,34:13,,2:49:24,,1:44:26,5:13:20
172,1105,Emily Kratz,F35-39,24,Female,United States,36:38,,2:55:41,,1:34:35,5:13:26
173,1655,Kimberly Stoveld,F25-29,39,Female,United States,29:27,,2:54:34,,1:41:52,5:13:28
174,1555,Lindsay Glassford,F25-29,40,Female,Canada,35:11,,2:51:16,,1:41:36,5:13:34
175,523,Lesley Brainard,F45-49,12,Female,United States,29:36,,2:59:48,,1:38:06,5:13:34
176,1334,Tash Jackson,F30-34,40,Female,United Kingdom,33:43,,2:52:54,,1:41:18,5:13:34
177,974,Karen Woodward,F40-44,17,Female,United States,38:26,,2:48:53,,1:39:00,5:13:37
178,1591,Julia Kruger Romariz,F25-29,41,Female,Brazil,33:32,,2:51:00,,1:41:37,5:13:37
179,1214,Martika Torres,F35-39,25,Female,Colombia,34:28,,2:49:55,,1:43:18,5:13:41
180,283,Nataša Nakrst,F55-59,1,Female,Slovenia,33:10,,2:48:20,,1:46:32,5:13:45
181,536,Rebecca Carpenter,F45-49,13,Female,United States,28:54,,2:51:36,,1:47:11,5:13:56
182,1510,Daisy Brey,F25-29,42,Female,United States,36:59,,2:47:01,,1:43:05,5:13:58
183,807,Diane Hankee,F40-44,18,Female,Canada,36:33,,2:53:06,,1:39:43,5:14:04
184,1069,Caro Harper,F35-39,26,Female,United Kingdom,41:03,,2:47:19,,1:39:45,5:14:06
185,1521,Stacie Clagg,F25-29,43,Female,United States,29:51,,2:48:23,,1:50:01,5:14:07
186,464,Leslie Sanderson,F50-54,2,Female,Canada,27:24,,2:54:47,,1:46:03,5:14:15
187,1022,Katie Corbin,F35-39,27,Female,United States,30:22,,2:52:57,,1:43:55,5:14:20
188,1651,Erin Sosdian,F25-29,44,Female,United States,26:06,,3:01:24,,1:38:40,5:14:22
189,849,Ashley Lasalle,F40-44,19,Female,United States,28:41,,2:57:49,,1:42:00,5:14:27
190,752,Melisa Christian,F40-44,20,Female,United States,36:04,,2:54:56,,1:37:04,5:14:29
191,1771,Victoria Juanicotena Madrigal,F25-29,45,Female,Mexico,30:48,,2:52:36,,1:45:42,5:14:35
192,332,Caroline Anderson,F50-54,3,Female,Australia,36:32,,2:49:11,,1:42:45,5:14:37
193,1152,Elizabeth Nyitray,F35-39,28,Female,Dominican Republic,32:20,,2:52:53,,1:43:33,5:14:37
194,1737,Laura Rangel Rodriguez,F18-24,11,Female,Colombia,38:25,,2:50:48,,1:40:30,5:14:41
195,1026,Liz Cullen,F35-39,29,Female,Canada,32:57,,2:50:29,,1:45:31,5:14:59
196,1172,Jen Reschke,F35-39,30,Female,United States,34:34,,2:48:58,,1:45:10,5:15:08
197,709,Robin White,F45-49,14,Female,United States,30:02,,2:55:55,,1:43:33,5:15:20
198,397,Catherine Houseaux,F50-54,4,Female,France,36:46,,2:50:52,,1:41:09,5:15:25
199,1569,Nicole Heininger,F25-29,46,Female,United States,31:27,,2:50:27,,1:47:50,5:15:36
200,1064,Anne Haehner,F35-39,31,Female,Costa Rica,32:37,,2:55:42,,1:40:55,5:15:37
201,1235,Robin Watson,F35-39,32,Female,United States,29:09,,2:54:36,,1:46:42,5:15:43
202,887,Keri Pawielski,F40-44,21,Female,United States,39:03,,2:38:04,,1:52:37,5:15:48
203,1149,Karina Navarrete,F35-39,33,Female,Ecuador,31:14,,2:59:33,,1:39:36,5:15:54
204,350,Jane Cole,F50-54,5,Female,Australia,36:58,,2:43:13,,1:49:36,5:15:55
205,1765,Katie Kyme,F35-39,34,Female,Australia,33:39,,2:52:29,,1:43:39,5:16:00
206,1080,Inga Hintze,F35-39,35,Female,Germany,39:23,,2:45:53,,1:45:00,5:16:03
207,730,Ana Barbosa,F40-44,22,Female,Brazil,42:59,,2:56:45,,1:29:31,5:16:16
208,862,Audrey Mcmurry,F40-44,23,Female,United States,33:40,,2:53:11,,1:42:24,5:16:18
209,1174,Skye Francis,F35-39,36,Female,Australia,35:45,,2:52:48,,1:41:28,5:16:18
210,1305,Paola Gamboa,F30-34,41,Female,Ecuador,34:00,,2:51:22,,1:44:49,5:16:22
211,1553,Thalia Giesemann,F25-29,47,Female,Mexico,28:30,,2:47:58,,1:53:49,5:16:23
212,1099,Vanessa Kelley,F35-39,37,Female,United States,34:22,,2:53:42,,1:42:43,5:16:25
213,1542,Meghan Faulkenberry,F25-29,48,Female,United States,32:13,,2:51:53,,1:46:50,5:16:35
214,1267,Maggie Burns,F30-34,42,Female,United States,33:41,,2:49:47,,1:46:21,5:16:37
215,46,Sarah Lester,FPRO,34,Female,Australia,35:01,,2:54:32,,1:43:32,5:16:37
216,389,Diana Hassel,F50-54,6,Female,United States,36:01,,2:46:52,,1:47:37,5:16:41
217,1554,Laura Heckroth,F25-29,49,Female,United States,27:47,,2:53:36,,1:48:21,5:16:42
218,1593,Elise Lagerstrom,F25-29,50,Female,United States,28:29,,2:52:34,,1:51:03,5:16:44
219,1380,Samantha Mazer,F30-34,43,Female,United States,32:06,,2:56:29,,1:41:08,5:16:48
220,1151,Michaela Kaufhold,F35-39,38,Female,Germany,41:57,,2:44:06,,1:45:17,5:16:50
221,810,Mary Hearty,F40-44,24,Female,Ireland,36:52,,2:56:24,,1:37:20,5:16:51
222,1694,Savannah Dearden,F18-24,12,Female,United States,33:27,,2:50:08,,1:47:29,5:16:52
223,1427,Ashley Robota,F30-34,44,Female,United States,33:38,,2:49:37,,1:47:06,5:16:55
224,1341,Amy Kilpin,F30-34,45,Female,United Kingdom,34:44,,2:51:58,,1:44:10,5:16:55
225,1740,Joanna Ryter,F18-24,13,Female,Switzerland,42:46,,2:49:36,,1:40:01,5:16:57
226,1519,Monika Chodyna,F25-29,51,Female,Poland,28:17,,2:50:55,,1:52:15,5:17:18
227,1075,Oriana Heer,F35-39,39,Female,Switzerland,37:31,,2:47:25,,1:46:40,5:17:19
228,902,Emily Rollins,F40-44,25,Female,United States,36:44,,2:54:55,,1:39:56,5:17:20
229,991,Sarah Barkley,F35-39,40,Female,United States,46:52,,2:45:02,,1:40:07,5:17:22
230,940,Nicole Strand,F40-44,26,Female,United States,34:30,,2:55:48,,1:40:05,5:17:22
231,1227,Luisina Viletto,F35-39,41,Female,Argentina,33:52,,3:01:28,,1:36:37,5:17:30
232,1650,Kyndal Sorenson,F25-29,52,Female,United States,36:54,,2:50:07,,1:43:04,5:17:36
233,1252,Kaitlin Allen,F30-34,46,Female,United States,35:26,,2:55:39,,1:40:50,5:17:42
234,1689,Chia-Chia Chang,F18-24,14,Female,Taiwan,28:24,,2:56:10,,1:47:54,5:17:59
235,682,Karen Smith,F45-49,15,Female,Bermuda,32:37,,2:57:18,,1:42:05,5:18:00
236,1447,Mariana Silva,F30-34,47,Female,Mexico,33:41,,2:57:08,,1:40:33,5:18:10
237,1464,Gillian Micoli,F30-34,48,Female,United States,31:36,,2:57:45,,1:42:11,5:18:12
238,1071,Jessica Harvey,F35-39,42,Female,United Kingdom,36:29,,2:59:56,,1:36:39,5:18:12
239,745,Tracy Campbell,F40-44,27,Female,United States,36:15,,2:54:18,,1:41:21,5:18:13
240,1009,Amy Bross,F35-39,43,Female,United States,36:36,,2:46:28,,1:49:02,5:18:19
241,1584,Kayla Kjellman,F25-29,53,Female,Canada,33:03,,2:51:50,,1:47:52,5:18:22
242,1300,Marisol Franco Acevedo,F30-34,49,Female,Mexico,37:43,,2:58:39,,1:36:37,5:18:29
243,776,Pamela Espinoza Dans,F40-44,28,Female,Chile,34:17,,2:59:10,,1:39:05,5:18:34
244,411,Leslie Knibb,F50-54,7,Female,United States,32:21,,2:48:52,,1:51:13,5:18:39
245,1087,Christa Irwin,F35-39,44,Female,United States,32:38,,2:56:40,,1:43:47,5:18:42
246,895,Nathalie Rebeyrole,F40-44,29,Female,France,35:37,,2:54:49,,1:42:43,5:18:43
247,1595,Kristin Langston,F25-29,54,Female,United States,29:42,,2:48:50,,1:54:03,5:18:45
248,910,Rosa Isela Sagrero Rodriguez,F40-44,30,Female,Mexico,35:52,,2:56:50,,1:40:15,5:18:46
249,1045,Cara Gaines,F35-39,45,Female,United States,34:52,,2:48:01,,1:49:34,5:18:48
250,1698,Aline Dörig,F18-24,15,Female,Switzerland,35:45,,2:49:17,,1:48:01,5:18:53
251,1203,Amy Stanton,F35-39,46,Female,United States,33:48,,2:57:50,,1:41:57,5:18:54
252,1540,Linda Morin,F25-29,55,Female,Sweden,38:03,,2:42:54,,1:52:33,5:18:54
253,1645,Pauline Selleslagh,F25-29,56,Female,Belgium,37:20,,2:58:34,,1:37:56,5:18:57
254,1029,Ashlynn Lucas,F35-39,47,Female,United States,38:49,,2:45:25,,1:47:51,5:19:03
255,1344,Stephanie Moody,F30-34,50,Female,United Kingdom,36:11,,2:52:20,,1:44:01,5:19:05
256,642,Pia Mountford,F45-49,16,Female,United States,39:22,,2:47:11,,1:46:45,5:19:06
257,1682,Tori Beckwith,F18-24,16,Female,United States,33:38,,2:58:24,,1:41:02,5:19:14
258,1343,Ursela Knezevic,F30-34,51,Female,United States,35:01,,2:55:12,,1:43:13,5:19:21
259,1361,Lauren Lipsey,F30-34,52,Female,United States,34:43,,2:53:09,,1:46:15,5:19:24
260,1654,Lucy Brash,F25-29,57,Female,United Kingdom,40:00,,2:47:21,,1:46:17,5:19:29
261,501,Susanne Åkerberg,F45-49,17,Female,Sweden,42:55,,2:44:54,,1:45:06,5:19:32
262,1318,Anne Heiner,F30-34,53,Female,United States,36:43,,2:50:50,,1:46:25,5:19:32
263,1223,Michelle Vella Wood,F35-39,48,Female,Malta,38:15,,2:51:11,,1:43:42,5:19:34
264,1189,Brenda Schaupp,F35-39,49,Female,Dominican Republic,32:13,,2:58:39,,1:43:41,5:19:35
265,1685,Claire Buard,F18-24,17,Female,France,35:40,,2:56:02,,1:42:23,5:19:38
266,409,Michelle Kitze,F50-54,8,Female,United States,35:57,,2:48:55,,1:47:48,5:19:42
267,1676,Jo Wright,F25-29,58,Female,United Kingdom,37:25,,2:52:15,,1:44:43,5:19:42
268,1512,Tani Burge,F25-29,59,Female,Australia,35:51,,2:56:02,,1:42:14,5:19:45
269,1490,Patricia Yrys,F30-34,54,Female,Mexico,35:14,,2:51:16,,1:48:49,5:19:52
270,814,Michelle Hildebrand,F40-44,31,Female,United States,37:59,,2:49:25,,1:45:44,5:19:52
271,1636,Joannie Sanche,F25-29,60,Female,Canada,36:21,,2:53:02,,1:45:13,5:20:10
272,1633,Lauren Roe,F25-29,61,Female,United Kingdom,29:35,,3:03:49,,1:40:34,5:20:13
273,1408,Lauren Palmer,F30-34,55,Female,United States,37:39,,2:52:00,,1:44:55,5:20:13
274,786,Shannon Florea,F40-44,32,Female,United States,34:21,,2:59:08,,1:40:22,5:20:13
275,1582,Paige Kelly,F25-29,62,Female,United States,38:27,,2:50:34,,1:43:13,5:20:14
276,1206,Kelly Stokes,F35-39,50,Female,United Kingdom,32:01,,2:49:15,,1:52:35,5:20:19
277,975,Laura Yost,F40-44,33,Female,United States,38:42,,2:55:58,,1:40:31,5:20:22
278,1162,Elizabeth Pratt,F35-39,51,Female,United States,30:02,,2:45:40,,1:59:30,5:20:35
279,1347,Amy Krakauer,F30-34,56,Female,United States,27:49,,2:56:41,,1:50:03,5:20:42
280,1302,Javiera Gainza Acevedo,F30-34,57,Female,Chile,32:22,,2:55:30,,1:46:58,5:20:42
281,1410,Roseann Peiffer,F30-34,58,Female,United States,31:47,,2:48:31,,1:52:52,5:20:46
282,993,Cynthia Bartus,F35-39,52,Female,United States,36:40,,2:55:21,,1:43:08,5:20:50
283,1281,Sonia Cuevas,F30-34,59,Female,Colombia,33:24,,3:02:08,,1:41:06,5:20:55
284,1696,Guadalupe Diaz Sebriano,F18-24,18,Female,Argentina,33:33,,3:03:10,,1:39:05,5:20:59
285,1478,Delphine Voeltzel,F30-34,60,Female,France,38:07,,2:53:30,,1:43:32,5:21:11
286,1142,Mindy Nicolet,F35-39,53,Female,United States,32:04,,3:00:50,,1:41:43,5:21:12
287,1605,Hayley Lytle,F25-29,63,Female,United States,36:24,,2:47:09,,1:51:34,5:21:15
288,1549,Mali Gaber,F25-29,64,Female,United States,33:24,,3:01:35,,1:40:27,5:21:19
289,744,Laura Bruck Renzelman,F40-44,34,Female,United States,34:34,,2:55:06,,1:45:20,5:21:29
290,1459,Malgorzata Szczesna,F30-34,61,Female,Poland,41:44,,2:50:44,,1:43:37,5:21:30
291,1732,Birgitt Ouweneel,F18-24,19,Female,Netherlands,28:32,,2:51:02,,1:56:30,5:21:32
292,905,Amanda Lawrence,F40-44,35,Female,United States,32:36,,2:57:25,,1:44:37,5:21:34
293,719,Kathryn Aguilar,F40-44,36,Female,United States,35:49,,2:52:26,,1:46:27,5:21:35
294,1574,Amanda Hunter,F25-29,65,Female,United States,26:41,,2:50:43,,1:56:46,5:21:35
295,1133,Birgit Metzler,F35-39,54,Female,Germany,32:22,,2:54:54,,1:49:03,5:21:35
296,1428,Rocio Rodriguez Vallejo,F30-34,62,Female,Spain,38:19,,3:00:32,,1:36:12,5:21:37
297,1211,Rachel Teren,F35-39,55,Female,United States,33:08,,2:59:13,,1:40:02,5:21:41
298,941,Renee Swinson,F40-44,37,Female,United States,36:34,,2:50:58,,1:49:08,5:21:45
299,1264,Mathilde Batailler,F30-34,63,Female,Australia,37:32,,2:58:05,,1:40:38,5:21:48
300,1119,Cristine Lopes,F35-39,56,Female,Brazil,41:07,,2:53:01,,1:40:31,5:21:49
301,1248,Aneta Ziemianska,F35-39,57,Female,Poland,41:28,,2:51:20,,1:43:16,5:21:51
302,1435,Olivia Ross-Hurst,F30-34,64,Female,United Kingdom,37:09,,2:48:58,,1:49:31,5:21:52
303,1617,Chau Yu Ng,F25-29,66,Female,Hong Kong,32:06,,2:54:28,,1:49:28,5:21:54
304,1378,Cristina MATA,F30-34,65,Female,Panama,37:06,,2:48:50,,1:50:27,5:21:57
305,1671,Valerie Dirren,F25-29,67,Female,Switzerland,36:25,,2:55:10,,1:44:59,5:21:57
306,377,Janeen Finke,F50-54,9,Female,United States,28:37,,2:54:34,,1:52:36,5:21:59
307,690,Rebecca Stephenson,F45-49,18,Female,Brazil,37:30,,2:58:44,,1:39:52,5:22:00
308,665,Kim Sanner,F45-49,19,Female,United States,39:54,,2:51:03,,1:44:10,5:22:01
309,694,Suzy Thomas,F45-49,20,Female,United States,32:30,,2:56:57,,1:45:45,5:22:04
310,801,Seeley Gutierrez,F40-44,38,Female,United States,33:42,,2:55:59,,1:45:51,5:22:07
311,1516,Gabriela Cerda,F25-29,68,Female,Chile,34:46,,2:53:14,,1:47:29,5:22:08
312,1669,Macy Weber,F25-29,69,Female,United States,37:20,,2:53:33,,1:44:27,5:22:09
313,770,Vanessa Aldous,F40-44,39,Female,Australia,37:48,,2:58:52,,1:39:31,5:22:17
314,1342,Rebecca Kimble,F30-34,66,Female,United States,39:52,,2:59:04,,1:36:36,5:22:33
315,969,Robyn Wilham,F40-44,40,Female,United States,37:05,,2:57:43,,1:41:59,5:22:51
316,1604,Jessica Lukasik,F25-29,70,Female,United States,34:36,,3:02:02,,1:39:50,5:22:52
317,854,Wendy Mader,F40-44,41,Female,United States,28:32,,3:00:14,,1:47:57,5:22:58
318,336,Bodil Arlander,F50-54,10,Female,United States,35:23,,2:50:22,,1:49:47,5:22:59
319,1395,Sophie Needham,F30-34,67,Female,United Kingdom,38:17,,2:48:51,,1:48:26,5:23:05
320,529,Jennifer Burtner,F45-49,21,Female,United States,40:14,,2:52:30,,1:44:24,5:23:07
321,1041,Amber Foster,F35-39,58,Female,United States,41:20,,2:49:31,,1:45:47,5:23:11
322,432,Leslie Myers,F50-54,11,Female,United States,36:00,,2:58:13,,1:41:51,5:23:14
323,1132,Margie Mcparland,F35-39,59,Female,United States,35:32,,2:47:44,,1:53:55,5:23:15
324,764,Gabrielle Davis,F40-44,42,Female,United States,36:24,,2:59:13,,1:41:52,5:23:18
325,1215,JULIANA TRINDADE,F35-39,60,Female,Brazil,35:55,,3:01:43,,1:39:27,5:23:19
326,1236,Sarah Watson,F35-39,61,Female,Australia,34:57,,2:50:39,,1:51:02,5:23:24
327,1371,Claire Mancini,F30-34,68,Female,United States,35:27,,2:54:24,,1:47:20,5:23:25
328,646,Louella O'Herlihy,F45-49,22,Female,United Kingdom,42:14,,2:51:08,,1:44:46,5:23:29
329,871,Abby Mowinski,F40-44,43,Female,United States,30:07,,3:00:54,,1:46:08,5:23:30
330,261,Ellen Hart,F55-59,2,Female,United States,37:23,,2:59:46,,1:40:33,5:23:40
331,250,Kelly Dippold,F55-59,3,Female,United States,29:47,,2:55:00,,1:52:17,5:23:45
332,1458,Ewelina Szabelska,F30-34,69,Female,Poland,38:47,,3:00:26,,1:39:18,5:23:53
333,1668,Elina Wahlberg,F25-29,71,Female,Sweden,38:45,,2:49:40,,1:49:24,5:24:02
334,825,Betsy Johnson,F40-44,44,Female,United States,35:21,,2:59:18,,1:42:37,5:24:03
335,1191,Katrin Schnellmann,F35-39,62,Female,Switzerland,38:24,,2:57:02,,1:42:32,5:24:05
336,1242,Ines Adriana Wong Diaz,F35-39,63,Female,Mexico,42:46,,2:50:22,,1:44:48,5:24:09
337,1742,Katie Yoder,F18-24,20,Female,United States,29:59,,2:57:31,,1:50:24,5:24:11
338,622,Liesbeth Leysen,F45-49,23,Female,Belgium,36:35,,2:48:41,,1:53:00,5:24:19
339,1173,Alexis Ressler,F35-39,64,Female,United States,31:37,,2:56:30,,1:49:57,5:24:19
340,1744,Erin Schenkels,F18-24,21,Female,Canada,41:54,,2:49:04,,1:47:09,5:24:21
341,1058,Joannah Graham,F35-39,65,Female,United States,32:55,,2:54:14,,1:50:23,5:24:28
342,1693,Jacki Cronin,F18-24,22,Female,United States,37:35,,2:56:28,,1:43:42,5:24:32
343,1607,Amanda Marek,F25-29,72,Female,United States,32:43,,2:50:24,,1:55:44,5:24:32
344,1033,Christina Edwards,F35-39,66,Female,United States,34:47,,2:52:38,,1:51:24,5:24:34
345,1701,Livia Eggler,F18-24,23,Female,Switzerland,41:51,,3:03:05,,1:34:36,5:24:42
346,1218,Cecilia Valdes,F35-39,67,Female,Chile,38:13,,2:50:55,,1:49:22,5:24:47
347,1656,Michelle Stratton,F25-29,73,Female,United States,31:28,,3:08:20,,1:37:36,5:24:49
348,775,Dove Erich,F40-44,45,Female,United States,36:00,,3:00:03,,1:43:06,5:24:52
349,919,Kristin Schwieger,F40-44,46,Female,United States,30:10,,2:53:57,,1:54:01,5:24:53
350,1143,Caitlin Mooney,F35-39,68,Female,United States,33:27,,3:01:35,,1:42:55,5:24:53
351,1614,Fiona Moriarty,F25-29,74,Female,Ireland,37:25,,2:54:37,,1:45:37,5:24:53
352,1484,Liz West,F30-34,70,Female,United States,31:34,,2:55:07,,1:51:51,5:24:56
353,1035,Maria Eduarda  Falcão Vasconcellos,F35-39,69,Female,Brazil,30:40,,3:00:05,,1:47:31,5:24:57
354,415,Amy Lichon,F50-54,12,Female,United States,37:44,,2:57:18,,1:44:10,5:24:57
355,1503,Alessandra Battig,F25-29,75,Female,United States,36:07,,2:49:37,,1:53:41,5:25:02
356,284,Juliana Nievergelt,F55-59,4,Female,United States,28:47,,3:01:05,,1:49:00,5:25:13
357,908,Ali Rutledge,F40-44,47,Female,United States,33:38,,2:55:50,,1:47:04,5:25:22
358,1632,Marj Rinaldo,F25-29,76,Female,United States,31:25,,2:50:38,,1:57:26,5:25:23
359,1657,Ryan Streicker,F25-29,77,Female,United States,35:46,,2:52:42,,1:51:33,5:25:24
360,841,Racquel Kolsrud,F40-44,48,Female,United States,31:45,,2:58:28,,1:48:26,5:25:24
361,478,Hanne Staanum,F50-54,13,Female,Denmark,46:59,,2:43:34,,1:47:29,5:25:25
362,1000,Chrissy Oyler,F35-39,70,Female,United States,39:59,,2:56:58,,1:42:58,5:25:53
363,1406,Alice Oosthuizen,F30-34,71,Female,South Africa,38:04,,3:00:06,,1:42:00,5:25:54
364,1042,Melissa French,F35-39,71,Female,Canada,37:25,,2:54:49,,1:46:46,5:25:57
365,959,Jennifer Walker,F40-44,49,Female,United States,38:37,,2:57:20,,1:42:39,5:26:01
366,507,Rochelle Arko,F45-49,24,Female,United States,40:08,,2:56:10,,1:43:17,5:26:04
367,1556,Caitlin Sapp,F25-29,78,Female,United States,32:41,,2:58:33,,1:46:55,5:26:10
368,839,Jessica Knaus,F40-44,50,Female,United States,35:55,,3:01:12,,1:43:30,5:26:12
369,1725,Clara Meister,F18-24,24,Female,United States,33:53,,2:53:32,,1:52:27,5:26:13
370,999,Tiffany Blair,F35-39,72,Female,United States,37:24,,2:56:08,,1:47:11,5:26:21
371,1219,Xochil Valencia,F35-39,73,Female,Mexico,33:16,,2:57:28,,1:49:33,5:26:25
372,1348,Maja Kralovcova,F30-34,72,Female,Czechia,36:05,,2:57:21,,1:48:15,5:26:34
373,800,Tammy Guld,F40-44,51,Female,United States,35:16,,2:56:43,,1:48:58,5:26:44
374,490,Madeleine Vergauwen,F50-54,14,Female,Belgium,41:39,,2:52:42,,1:45:56,5:26:45
375,1621,Margaret O'Connor,F25-29,79,Female,United States,36:45,,2:55:09,,1:46:37,5:26:45
376,1532,Wyatt Davis,F25-29,80,Female,United States,32:43,,2:58:30,,1:49:03,5:26:50
377,1745,Izabela Sobanska,F18-24,25,Female,Poland,33:32,,2:54:25,,1:53:21,5:27:04
378,1546,Taryn Ferrara,F25-29,81,Female,United States,32:08,,3:01:55,,1:46:05,5:27:05
379,992,Jess Barrett,F35-39,74,Female,United States,29:08,,3:05:46,,1:44:37,5:27:07
380,307,Lauren Smith,F55-59,5,Female,United States,33:12,,2:53:45,,1:53:16,5:27:10
381,1226,Gabriela Vieitez,F35-39,75,Female,Argentina,34:56,,3:00:25,,1:44:33,5:27:14
382,1472,Renata Varga,F30-34,73,Female,Hungary,31:59,,3:08:48,,1:40:46,5:27:20
383,1010,Liza Burgess,F35-39,76,Female,Canada,39:39,,3:01:45,,1:40:16,5:27:21
384,997,Claudia Bellasi,F35-39,77,Female,Switzerland,31:35,,2:55:19,,1:54:51,5:27:23
385,762,Dana Dambrauskas,F40-44,52,Female,United States,37:57,,2:56:15,,1:46:45,5:27:24
386,1611,Daniela Montiel,F25-29,82,Female,Venezuela,31:40,,3:02:10,,1:48:39,5:27:26
387,1146,Daniela Morales-Bermudez,F35-39,78,Female,Peru,36:27,,2:59:00,,1:44:50,5:27:27
388,951,Yuki Toyokawa,F40-44,53,Female,Japan,37:15,,3:05:41,,1:37:27,5:27:27
389,1079,April Hince,F35-39,79,Female,United States,35:36,,2:53:26,,1:52:49,5:27:33
390,965,Lena Westman,F40-44,54,Female,Sweden,42:05,,2:54:01,,1:46:38,5:27:34
391,1111,Rebecca Ledesma,F35-39,80,Female,United States,36:46,,2:51:14,,1:53:13,5:27:46
392,292,Sue Pope,F55-59,6,Female,United States,36:31,,2:54:05,,1:49:30,5:27:47
393,711,Karen Wood,F45-49,25,Female,United States,36:30,,3:06:49,,1:37:45,5:28:10
394,1640,Sera Sayar,F25-29,83,Female,Turkey,33:36,,3:03:46,,1:43:34,5:28:11
395,319,Robyn Williams,F55-59,7,Female,United States,32:10,,2:54:00,,1:55:00,5:28:20
396,1062,Haddad Luciana,F35-39,81,Female,Brazil,38:41,,3:07:08,,1:37:26,5:28:21
397,944,Jennifer Temperley,F40-44,55,Female,United States,30:30,,2:53:07,,1:58:20,5:28:22
398,1200,Kinsey Snell,F35-39,82,Female,United States,38:41,,2:57:37,,1:45:50,5:28:23
399,799,Heather Grier,F40-44,56,Female,United States,39:57,,2:56:11,,1:46:32,5:28:24
400,1404,Carolyn Olsen,F30-34,74,Female,United States,38:54,,2:54:13,,1:47:28,5:28:42
401,781,Patricia Farrior,F40-44,57,Female,United States,33:59,,3:01:37,,1:47:05,5:28:46
402,720,VANUSA ALBERTI,F40-44,58,Female,Brazil,39:34,,3:01:42,,1:40:05,5:28:46
403,768,Michelle Depa,F40-44,59,Female,United States,42:00,,2:59:44,,1:41:53,5:28:48
404,1139,Kelly Miller,F35-39,83,Female,Australia,35:01,,3:01:15,,1:46:14,5:28:51
405,880,Maryanne Octave,F40-44,60,Female,Belgium,39:17,,2:56:58,,1:46:26,5:28:51
406,791,Sharon Gallant-Pierce,F40-44,61,Female,Canada,33:45,,2:59:00,,1:49:14,5:28:54
407,996,Claudia Behring,F35-39,84,Female,United States,39:06,,2:54:42,,1:49:24,5:29:00
408,1541,Jacqueline Fasano,F25-29,84,Female,United States,30:00,,2:53:59,,1:59:19,5:29:11
409,657,Kristine Reid,F45-49,26,Female,New Zealand,34:23,,3:00:52,,1:47:11,5:29:17
410,881,Alessandra Olsen,F40-44,62,Female,Brazil,38:09,,2:55:51,,1:48:11,5:29:22
411,1675,Molly O'Brien,F25-29,85,Female,United States,38:09,,2:58:44,,1:46:24,5:29:23
412,499,Joanna Younts,F50-54,15,Female,United States,40:27,,2:50:03,,1:52:13,5:29:24
413,1036,Susan Fanning,F35-39,85,Female,United States,34:38,,2:54:31,,1:54:13,5:29:24
414,1391,Kirsty Myles,F30-34,75,Female,United Kingdom,34:14,,2:56:46,,1:53:35,5:29:27
415,1271,Kelsi Campos,F30-34,76,Female,United States,33:02,,3:01:35,,1:48:30,5:29:32
416,1346,Haley Koop,F30-34,77,Female,United States,40:12,,2:55:13,,1:49:07,5:29:32
417,1741,Andrea Sanchez,F18-24,26,Female,Mexico,27:48,,3:05:24,,1:50:01,5:29:33
418,1090,Ida Jarner,F35-39,86,Female,Denmark,37:54,,2:51:42,,1:51:21,5:29:34
419,857,NATALIA MARGARA,F40-44,63,Female,Argentina,42:28,,2:55:00,,1:46:17,5:29:34
420,874,Indira Murr,F40-44,64,Female,United States,30:21,,2:57:36,,1:55:00,5:29:36
421,1246,Leslie Zavala,F35-39,87,Female,Mexico,37:02,,2:51:28,,1:55:09,5:29:41
422,722,Marcela Alvarez,F40-44,65,Female,Mexico,34:09,,2:58:13,,1:50:52,5:29:41
423,1229,Rebekah Walker,F35-39,88,Female,United States,37:53,,2:58:53,,1:45:58,5:29:46
424,1176,Maria Robles,F35-39,89,Female,Mexico,34:14,,3:00:03,,1:48:22,5:29:52
425,842,Nicole Kons,F40-44,66,Female,Germany,31:40,,2:59:46,,1:52:00,5:29:55
426,1038,Gin Fleming,F35-39,90,Female,United States,37:52,,2:50:24,,1:51:17,5:29:59
427,638,Kellie Moran-Jones,F45-49,27,Female,United States,30:18,,2:58:01,,1:55:00,5:30:06
428,1576,Margaret Jakubowski,F25-29,86,Female,Canada,37:57,,2:52:09,,1:55:19,5:30:08
429,1134,Flavia Meyer,F35-39,91,Female,Brazil,34:35,,2:55:50,,1:53:26,5:30:08
430,1322,Kirsty Herber-Smith,F30-34,78,Female,United Kingdom,38:40,,2:57:05,,1:48:33,5:30:09
431,1739,Madelen Rydqvist,F18-24,27,Female,Sweden,29:57,,2:57:17,,1:57:36,5:30:12
432,1039,Brooke Flesner,F35-39,92,Female,United States,31:54,,2:55:31,,1:56:25,5:30:26
433,1023,Amy Corrigan,F35-39,93,Female,United States,43:34,,3:02:11,,1:37:54,5:30:27
434,1462,Anaïs Tardieu,F30-34,79,Female,France,36:57,,2:56:25,,1:50:12,5:30:30
435,1625,Belinda Ortega,F25-29,87,Female,Venezuela,38:18,,3:04:29,,1:41:51,5:30:30
436,922,Victoria Shubina,F40-44,67,Female,Russian Federation,37:19,,2:56:00,,1:51:29,5:30:32
437,364,Julie Dunkle,F50-54,16,Female,United States,29:20,,2:56:39,,1:58:44,5:30:33
438,1169,Rebecca Reckermeier,F35-39,94,Female,Germany,35:59,,2:56:32,,1:51:51,5:30:35
439,771,Christina Dorrer,F40-44,68,Female,United States,36:01,,2:53:56,,1:54:50,5:30:35
440,1136,Nicole Mikhael,F35-39,95,Female,Canada,41:50,,2:54:49,,1:45:52,5:30:40
441,679,Sioned Taylor,F45-49,28,Female,United Kingdom,42:28,,2:59:47,,1:42:13,5:30:49
442,1664,Stephanie Thompson,F25-29,88,Female,United States,34:34,,2:58:34,,1:50:38,5:30:50
443,483,Shelley Thomson,F50-54,17,Female,Canada,31:29,,2:57:07,,1:56:00,5:30:55
444,1728,Magdalena Napoli,F18-24,28,Female,Argentina,35:10,,3:01:30,,1:47:37,5:31:00
445,301,Sherry RENNARD,F55-59,8,Female,United States,42:20,,2:58:02,,1:44:51,5:31:02
446,1377,Mireia Masip,F30-34,80,Female,Spain,37:55,,3:00:23,,1:46:14,5:31:06
447,1190,Hillary Schmitt,F35-39,96,Female,United States,36:57,,3:03:15,,1:44:46,5:31:11
448,1401,Allie Norman,F30-34,81,Female,United States,43:03,,3:01:50,,1:39:42,5:31:19
449,406,Kristine Kester,F50-54,18,Female,United States,30:13,,3:01:42,,1:54:21,5:31:29
450,1153,Sandy O'Keefe,F35-39,97,Female,United States,33:36,,3:02:37,,1:49:46,5:31:32
451,513,Lynn Barlik,F45-49,29,Female,United States,38:18,,2:51:19,,1:55:19,5:31:32
452,1443,Bahar Eksi,F30-34,82,Female,Turkey,33:39,,3:03:17,,1:47:05,5:31:33
453,1563,Rachel Vedder,F25-29,89,Female,United States,29:33,,2:55:58,,1:59:57,5:31:35
454,1581,Rosanne Kelley,F25-29,90,Female,United States,43:10,,2:57:11,,1:45:24,5:31:39
455,668,Jennifer Scalise-Marinofsky,F45-49,30,Female,United States,29:17,,3:06:12,,1:49:50,5:31:41
456,1070,Andrea Hart,F35-39,98,Female,United States,38:45,,2:56:48,,1:49:35,5:31:42
457,927,Carrie Smith,F40-44,69,Female,United States,36:54,,3:01:45,,1:47:05,5:31:54
458,1643,Katja Schneider,F25-29,91,Female,Germany,35:37,,3:04:24,,1:46:13,5:31:56
459,939,Jeanne Steurer,F40-44,70,Female,United States,37:12,,2:50:57,,1:56:58,5:32:11
460,337,Kay Baker,F50-54,19,Female,United States,31:20,,3:04:33,,1:50:03,5:32:13
461,1724,Juliet May,F18-24,29,Female,United Kingdom,36:36,,2:59:16,,1:50:27,5:32:14
462,1113,Lindsay Leigh,F35-39,99,Female,United States,31:45,,3:01:29,,1:53:12,5:32:18
463,509,Gillian Auslander,F45-49,31,Female,United States,35:33,,2:58:23,,1:50:10,5:32:18
464,820,Renee Imbalzano Zegar,F40-44,71,Female,United States,39:27,,3:07:29,,1:38:50,5:32:22
465,542,Claudine Yedikardachian,F45-49,32,Female,France,34:02,,2:59:32,,1:52:50,5:32:25
466,1012,Cantú Adalia,F35-39,100,Female,Mexico,36:33,,3:07:00,,1:42:34,5:32:31
467,1382,Lauren Mcniven,F30-34,83,Female,Canada,43:11,,3:04:07,,1:38:15,5:32:33
468,667,Robin Sayed,F45-49,33,Female,United States,35:10,,2:58:00,,1:52:50,5:32:33
469,572,Polly Beard,F45-49,34,Female,United States,37:49,,3:00:58,,1:47:18,5:32:35
470,1491,Isabel Zamora Zarate,F30-34,84,Female,Mexico,42:44,,3:05:21,,1:38:53,5:32:35
471,967,Claudia Wilesmith,F40-44,72,Female,United Kingdom,37:47,,3:00:25,,1:48:25,5:32:36
472,1441,Mafer Egas,F30-34,85,Female,Ecuador,32:55,,3:04:04,,1:49:45,5:32:37
473,1713,Saskia Käs,F18-24,30,Female,Germany,28:34,,2:53:34,,2:04:51,5:32:43
474,1603,Kimberly Lueck,F25-29,92,Female,United States,35:19,,3:07:49,,1:43:08,5:32:44
475,1373,Aniele Mariano,F30-34,86,Female,Brazil,41:17,,2:56:30,,1:49:20,5:32:48
476,1225,Melissa Vess,F35-39,101,Female,United States,32:18,,3:03:38,,1:50:57,5:32:49
477,1120,ERIKA LÓPEZ VEANA,F35-39,102,Female,Mexico,38:36,,2:58:29,,1:50:05,5:32:49
478,1412,Sarah Portella,F30-34,87,Female,United States,36:50,,3:00:11,,1:49:48,5:32:51
479,1496,Natalia Lopez Arrieta,F25-29,93,Female,Costa Rica,34:07,,2:58:22,,1:53:25,5:32:54
480,653,Judy Porter,F45-49,35,Female,United States,37:54,,2:57:54,,1:50:43,5:32:54
481,365,Jody Dushay,F50-54,20,Female,United States,41:45,,3:03:22,,1:39:40,5:32:55
482,1495,Anais Anelli,F25-29,94,Female,France,34:10,,2:59:04,,1:54:05,5:32:57
483,1592,Cecilia Aida Laconi,F25-29,95,Female,Argentina,35:03,,3:17:20,,1:35:27,5:33:02
484,832,Alana Kennedy-Nasser,F40-44,73,Female,United States,40:20,,2:57:29,,1:48:19,5:33:23
485,1057,Karin Gould,F35-39,103,Female,Canada,33:50,,3:05:32,,1:48:16,5:33:24
486,1719,Allison Saroni,F18-24,31,Female,United States,38:00,,2:54:35,,1:55:55,5:33:25
487,1684,Zoë Brunton,F18-24,32,Female,United Kingdom,32:58,,2:59:14,,1:55:52,5:33:26
488,1450,Abigail Smeaton,F30-34,88,Female,New Zealand,38:15,,2:51:28,,1:57:54,5:33:37
489,1078,Gabriela Hejtikova,F35-39,104,Female,Czechia,34:53,,3:07:31,,1:45:15,5:33:37
490,1517,Sofia Cerda,F25-29,96,Female,Chile,34:45,,2:56:26,,1:56:18,5:33:42
491,845,Eryn Kubinski,F40-44,74,Female,United States,33:48,,2:51:55,,2:02:54,5:33:43
492,677,Sally Silsby,F45-49,36,Female,United Kingdom,38:59,,2:58:54,,1:48:09,5:33:43
493,1699,Stephanie Doyon,F18-24,33,Female,Canada,36:39,,3:02:54,,1:48:32,5:33:45
494,766,ANGIE DEFILIPPI,F40-44,75,Female,United States,37:43,,3:10:02,,1:40:49,5:33:46
495,1573,Lauren Hoy,F25-29,97,Female,United States,34:26,,2:59:22,,1:53:55,5:33:46
496,1432,Daniela Noya,F30-34,89,Female,Bolivia,39:35,,2:56:06,,1:51:32,5:33:47
497,390,Jackie Hatherly,F50-54,21,Female,Canada,29:08,,2:52:43,,2:05:22,5:33:48
498,400,Betty Janelle,F50-54,22,Female,United States,27:27,,3:01:27,,1:57:39,5:33:51
499,1358,Jennifer Lentzke,F30-34,90,Female,Canada,41:49,,2:54:11,,1:50:27,5:33:51
500,1416,Margie Patricia Real,F30-34,91,Female,Panama,38:32,,3:00:26,,1:47:40,5:33:54
501,1481,Nicola Wadey,F30-34,92,Female,Australia,33:24,,3:06:06,,1:48:11,5:33:59
502,1587,Jessica Koch,F25-29,98,Female,Germany,38:40,,2:57:48,,1:50:42,5:34:11
503,731,Margaret Barr,F40-44,76,Female,United States,36:04,,3:02:55,,1:48:57,5:34:13
504,1104,Betsy Kowal,F35-39,105,Female,United States,32:19,,3:01:58,,1:53:09,5:34:14
505,659,Maggie Rettelle,F45-49,37,Female,United States,44:32,,2:51:50,,1:51:42,5:34:14
506,331,Angie Anderson,F50-54,23,Female,United States,38:49,,3:00:11,,1:49:10,5:34:24
507,1196,Sandra Sierakowski,F35-39,106,Female,United States,45:14,,2:50:20,,1:52:25,5:34:33
508,1752,Karla Vradenburgh,F18-24,34,Female,United States,39:45,,2:55:25,,1:54:15,5:34:39
509,742,Elizabeth Brennell,F40-44,77,Female,United States,32:09,,2:57:39,,1:59:07,5:34:39
510,754,Christine Cogger,F40-44,78,Female,Canada,42:55,,2:54:15,,1:51:58,5:34:41
511,733,Ma Laura Batllori Poucell,F40-44,79,Female,Mexico,36:59,,2:58:12,,1:54:16,5:34:41
512,1376,Soledad Martinez,F30-34,93,Female,Argentina,41:13,,2:53:09,,1:54:08,5:34:41
513,1245,Martha Isabel Zamora,F35-39,107,Female,Ecuador,51:49,,3:01:25,,1:34:58,5:34:47
514,923,Julita Sikora,F40-44,80,Female,Poland,38:28,,3:05:58,,1:44:56,5:34:49
515,700,Vicki Updike,F45-49,38,Female,United States,35:32,,2:47:54,,2:05:22,5:34:51
516,1681,Danielle Audino,F18-24,35,Female,United States,36:39,,2:57:39,,1:53:47,5:34:53
517,827,Meredith Jones,F40-44,81,Female,United States,31:07,,3:00:28,,1:56:57,5:34:54
518,818,Christina Hopper,F40-44,82,Female,United States,30:00,,3:03:45,,1:54:12,5:34:59
519,954,Stephanie Van Bebber,F40-44,83,Female,United States,37:15,,2:57:35,,1:54:13,5:34:59
520,1168,Elisa Razzi,F35-39,108,Female,Italy,29:44,,3:07:29,,1:52:25,5:35:00
521,1470,Carlee Tulett,F30-34,94,Female,United States,33:30,,3:00:09,,1:54:21,5:35:06
522,1088,Tiencia James,F35-39,109,Female,United States Minor Outlying Islands,47:55,,2:53:46,,1:47:21,5:35:09
523,1760,Anna Zehnder,F18-24,36,Female,Switzerland,34:34,,3:05:21,,1:48:38,5:35:10
524,1426,Suzy Robinson,F30-34,95,Female,United Kingdom,38:02,,2:51:54,,1:57:34,5:35:17
525,1002,Jayme Bograd,F35-39,110,Female,United States,35:03,,2:53:23,,2:00:16,5:35:18
526,1463,Christina Teague,F30-34,96,Female,United Kingdom,41:21,,2:52:54,,1:55:01,5:35:20
527,829,Regina Kaplan-Rakowski,F40-44,84,Female,Poland,46:16,,3:00:45,,1:42:11,5:35:28
528,761,Abigail Cutler,F40-44,85,Female,United States,33:54,,2:54:29,,1:58:50,5:35:32
529,1379,Olga Kurki,F30-34,97,Female,Russian Federation,32:33,,3:07:37,,1:49:22,5:35:34
530,1287,Annabeth Dean,F30-34,98,Female,United States,49:48,,2:46:17,,1:53:07,5:35:34
531,759,Genevieve Croteau,F40-44,86,Female,Canada,29:41,,2:59:26,,2:00:51,5:35:36
532,1328,Katie Horan,F30-34,99,Female,United States,36:38,,2:57:24,,1:56:13,5:35:43
533,737,Linda Blakely,F40-44,87,Female,United Kingdom,34:08,,3:05:23,,1:50:26,5:35:45
534,503,Greer Sansom,F45-49,39,Female,Australia,39:30,,2:53:33,,1:57:07,5:35:48
535,465,M. Pia Sanhueza,F50-54,24,Female,Chile,42:52,,2:56:49,,1:49:08,5:35:55
536,1317,Elise Hawkins,F30-34,100,Female,United States,35:59,,3:06:06,,1:43:53,5:35:56
537,1498,Gabriella BACCARANI,F25-29,99,Female,Panama,37:28,,3:00:24,,1:51:31,5:36:00
538,1477,Gabriela Vindas Coronado,F30-34,101,Female,Costa Rica,33:32,,3:07:16,,1:48:00,5:36:00
539,586,Patricia Heppelmann,F45-49,40,Female,United States,38:44,,3:07:28,,1:44:21,5:36:05
540,1568,Michelle Hedrich,F25-29,100,Female,United States,34:24,,3:00:55,,1:52:12,5:36:06
541,1749,Shipulina Tanya,F18-24,37,Female,Russian Federation,48:47,,2:57:01,,1:45:14,5:36:07
542,1056,Christine Gould,F35-39,111,Female,United States,33:09,,2:55:12,,2:00:36,5:36:08
543,454,Tammy Purdy,F50-54,25,Female,Canada,39:35,,3:13:06,,1:35:52,5:36:10
544,1396,Lisa Newton,F30-34,102,Female,Australia,27:32,,2:57:36,,2:04:06,5:36:13
545,964,Nicole Weidensaul,F40-44,88,Female,United States,35:38,,3:03:03,,1:50:04,5:36:16
546,1289,Ashley Dellosa,F30-34,103,Female,United States,29:10,,3:02:54,,1:57:16,5:36:16
547,1212,Maria Teresa Gurrero,F35-39,112,Female,Ecuador,39:35,,3:05:36,,1:45:25,5:36:17
548,672,Patricia Mesquita Scolari,F45-49,41,Female,Brazil,44:27,,2:57:27,,1:45:54,5:36:23
549,1564,Rebecka Harding,F25-29,101,Female,Sweden,41:08,,3:00:17,,1:48:34,5:36:25
550,1649,Courtney Solly,F25-29,102,Female,Australia,39:39,,2:52:33,,1:58:30,5:36:27
551,1389,Katie Bowler,F30-34,104,Female,United Kingdom,37:25,,2:58:17,,1:52:44,5:36:29
552,1520,Isabella Christensen,F25-29,103,Female,Denmark,37:55,,3:00:22,,1:51:33,5:36:41
553,920,Valentina Sestan,F40-44,89,Female,Italy,41:00,,2:59:22,,1:50:07,5:36:43
554,793,Meg Geshay,F40-44,90,Female,United States,37:52,,2:58:45,,1:53:10,5:36:46
555,1451,Holly Smith,F30-34,105,Female,United States,40:25,,3:06:02,,1:42:23,5:36:47
556,704,Kari Vreugdenhil,F45-49,42,Female,United States,35:50,,3:02:28,,1:50:41,5:36:51
557,931,Jamie So,F40-44,91,Female,United States,35:00,,3:00:10,,1:54:15,5:36:53
558,1751,Arne Van Rensburg,F18-24,38,Female,South Africa,30:52,,2:56:12,,2:03:17,5:36:53
559,608,Margaret Kelly,F45-49,43,Female,Ireland,37:51,,3:02:39,,1:50:07,5:36:54
560,1417,Cassie Nicholson,F30-34,106,Female,New Zealand,32:03,,3:03:54,,1:54:00,5:36:57
561,1539,Nicole Erato,F25-29,104,Female,Sint Maarten,37:54,,2:56:46,,1:56:22,5:36:57
562,1422,Charlotte Riddle,F30-34,107,Female,United Kingdom,37:37,,3:00:36,,1:53:07,5:37:01
563,1193,Yekaterina Shatnaya,F35-39,113,Female,Kazakhstan,34:47,,3:05:52,,1:51:42,5:37:02
564,897,Jen Reiter,F40-44,92,Female,United States,35:43,,3:04:25,,1:50:49,5:37:06
565,1303,Julie Gallagher,F30-34,108,Female,United States,40:40,,2:57:41,,1:52:32,5:37:12
566,1265,Sara Tambellini,F30-34,109,Female,United States,38:50,,3:01:43,,1:50:54,5:37:14
567,729,Jacqui Barber,F40-44,93,Female,United States,28:33,,3:02:30,,1:58:52,5:37:20
568,591,Joyce Holsten,F45-49,44,Female,United States,41:42,,3:01:13,,1:45:20,5:37:20
569,1098,Lindsay Keating,F35-39,114,Female,Australia,38:16,,2:49:16,,2:01:11,5:37:23
570,960,Amber Fougere,F40-44,94,Female,Canada,37:33,,3:01:37,,1:50:57,5:37:25
571,1030,Hilary Dinkelspiel,F35-39,115,Female,United States,44:12,,3:00:21,,1:46:41,5:37:26
572,1122,Daniela Lopumo,F35-39,116,Female,Argentina,37:57,,3:06:50,,1:47:47,5:37:32
573,548,Courtney Culligan,F45-49,45,Female,United States,35:21,,2:59:13,,1:56:57,5:37:34
574,383,Mary Guertin,F50-54,26,Female,United States,46:51,,2:55:27,,1:48:21,5:37:35
575,739,Simone Boehm,F40-44,95,Female,Germany,36:58,,3:08:32,,1:45:16,5:37:43
576,678,Sharley Simpson,F45-49,46,Female,United States,41:58,,3:04:59,,1:43:23,5:37:45
577,1570,Isabelle Henrich,F25-29,105,Female,Germany,31:01,,3:04:40,,1:56:23,5:37:47
578,1338,Nicole Jurisch,F30-34,110,Female,United States,42:27,,2:59:29,,1:49:37,5:37:47
579,869,Alejandra Morales,F40-44,96,Female,Mexico,42:25,,3:08:25,,1:39:29,5:37:53
580,803,Rosie Guy,F40-44,97,Female,United Kingdom,37:24,,2:55:15,,2:00:04,5:38:03
581,1278,Susie Cirilli,F30-34,111,Female,United States,38:32,,3:04:15,,1:48:33,5:38:07
582,1253,Rachel Allen,F30-34,112,Female,United States,32:22,,3:07:24,,1:52:01,5:38:08
583,1588,Dorota Zielinska,F25-29,106,Female,Poland,39:08,,3:05:43,,1:46:58,5:38:09
584,1500,Kelsie Baker,F25-29,107,Female,United States,30:42,,2:56:24,,2:05:32,5:38:11
585,640,Teresa Hogan,F45-49,47,Female,United States,40:49,,2:54:33,,1:54:10,5:38:12
586,1097,Sarah Karpinski,F35-39,117,Female,United States,38:31,,3:05:42,,1:48:22,5:38:28
587,1110,Caroline Leblanc,F35-39,118,Female,Canada,43:10,,3:03:07,,1:44:40,5:38:39
588,1320,Sika Henry,F30-34,113,Female,United States,41:50,,3:08:28,,1:42:21,5:38:44
589,1268,Heather Bybee,F30-34,114,Female,United States,41:22,,2:54:51,,1:57:10,5:38:44
590,626,Jeannine Mahoney,F45-49,48,Female,United States,41:08,,3:02:35,,1:47:05,5:38:47
591,1486,Jaclyn Nasser,F30-34,115,Female,United States,33:49,,2:56:01,,2:03:20,5:38:50
592,1615,Debby Motte,F25-29,108,Female,Germany,34:46,,2:45:15,,2:14:19,5:38:57
593,765,Andri De Wit,F40-44,98,Female,United Kingdom,37:37,,3:12:50,,1:43:32,5:39:04
594,671,Sara Schroeder,F45-49,49,Female,United States,32:58,,2:58:00,,2:01:38,5:39:05
595,546,Wendy Coleman,F45-49,50,Female,United States,36:46,,2:57:12,,1:58:25,5:39:19
596,930,Karen Snyder,F40-44,99,Female,United States,29:53,,3:11:51,,1:51:27,5:39:20
597,1170,Doreen Redenius,F35-39,119,Female,Germany,37:02,,3:02:35,,1:53:57,5:39:21
598,1032,Carla Dunstan,F35-39,120,Female,Australia,34:29,,2:54:09,,2:04:34,5:39:22
599,269,Siobhan Kennedy,F55-59,9,Female,Ireland,46:50,,2:58:38,,1:44:30,5:39:26
600,1663,Belle Thomas,F25-29,109,Female,United States,42:54,,3:13:20,,1:37:30,5:39:29
601,889,Giovana Peretti,F40-44,100,Female,Brazil,32:53,,3:01:09,,1:58:48,5:39:30
602,1103,Kristen Kostka,F35-39,121,Female,United States,32:50,,3:11:10,,1:49:00,5:39:30
603,1429,Raquel Rodríguez,F30-34,116,Female,Costa Rica,38:55,,3:10:39,,1:44:46,5:39:33
604,687,Claudia Spooner,F45-49,51,Female,United States,34:52,,3:02:24,,1:54:59,5:39:33
605,1141,Myia Miller,F35-39,122,Female,United States,36:37,,3:01:11,,1:55:28,5:39:33
606,979,Julia Zetye,F40-44,101,Female,United States,33:45,,3:13:14,,1:45:24,5:39:33
607,852,Alessia Ligugnana Cason,F40-44,102,Female,Italy,33:57,,3:06:08,,1:52:32,5:39:38
608,1011,Carrie-Anne Cairns,F35-39,123,Female,Australia,43:08,,2:59:37,,1:51:22,5:39:38
609,859,Megumi Masuda,F40-44,103,Female,United States,30:01,,3:07:21,,1:56:32,5:39:40
610,1006,Jasmin Brammert,F35-39,124,Female,Germany,40:51,,3:03:59,,1:49:02,5:39:40
611,740,Ashley Bradford,F40-44,104,Female,United States,35:44,,3:02:00,,1:55:36,5:39:43
612,662,Lynda Rowan,F45-49,52,Female,United States,36:48,,3:01:43,,1:54:57,5:39:43
613,636,Heather Melzer,F45-49,53,Female,United States,37:12,,2:56:49,,1:58:25,5:39:45
614,614,Carol Kolimago,F45-49,54,Female,United States,34:15,,3:11:33,,1:48:16,5:39:46
615,1418,Stephanie Reinhold,F30-34,117,Female,United States,41:07,,2:59:44,,1:52:15,5:39:51
616,1667,Salome Duff,F25-29,110,Female,Australia,36:15,,3:09:12,,1:48:30,5:39:56
617,670,Sandra Schoeni,F45-49,55,Female,Switzerland,41:47,,2:55:38,,1:56:08,5:39:58
618,898,Maria Reyna,F40-44,105,Female,Mexico,41:16,,3:01:37,,1:48:35,5:40:02
619,1413,Carolin Pratschker,F30-34,118,Female,Germany,37:04,,3:10:13,,1:46:20,5:40:04
620,329,Izumi Yamashita,F50-54,27,Female,United States,38:49,,2:59:45,,1:54:47,5:40:13
621,1127,Elena Massa-Musiak,F35-39,125,Female,United States,34:50,,3:06:19,,1:52:32,5:40:14
622,883,Joanne Orce,F40-44,106,Female,United States,37:47,,3:03:58,,1:52:28,5:40:17
623,1445,Morayma Segura,F30-34,119,Female,Peru,41:15,,3:11:40,,1:40:43,5:40:22
624,896,Allison Reed,F40-44,107,Female,United States,37:34,,3:12:10,,1:44:39,5:40:23
625,557,Friederike Edelmann,F45-49,56,Female,Germany,34:58,,3:09:54,,1:49:58,5:40:24
626,982,Elizabeth Abbett,F35-39,126,Female,United States,35:19,,3:03:01,,1:55:27,5:40:30
627,1433,Alison Roos,F30-34,120,Female,United States,36:38,,2:52:52,,2:04:14,5:40:32
628,1601,Johanna Solano,F25-29,111,Female,Costa Rica,43:30,,3:01:20,,1:48:32,5:40:40
629,1524,Carey Colbert,F25-29,112,Female,United States,29:56,,3:11:18,,1:53:28,5:40:44
630,789,Monika Frank,F40-44,108,Female,Switzerland,35:59,,3:02:48,,1:54:48,5:40:44
631,1034,Perrine Fages,F35-39,127,Female,France,42:26,,3:00:23,,1:51:02,5:40:46
632,1456,Doris Steere,F30-34,121,Female,United States,34:27,,3:12:25,,1:48:15,5:40:55
633,1148,Rie Nagayama,F35-39,128,Female,Japan,34:50,,3:06:21,,1:52:29,5:40:56
634,566,Fatima Fernandez,F45-49,57,Female,Mexico,42:12,,3:01:51,,1:50:21,5:40:56
635,606,Doro Karbach,F45-49,58,Female,Austria,35:34,,2:57:34,,2:00:24,5:40:59
636,1330,Rebecca Hughes,F30-34,122,Female,United Kingdom,31:56,,3:08:14,,1:54:02,5:41:01
637,1755,Kaitlyn Williams,F18-24,39,Female,United States,36:20,,2:57:17,,1:59:44,5:41:05
638,961,Lea Foster,F40-44,109,Female,United States,31:31,,3:00:27,,2:00:03,5:41:07
639,1384,Danica Metcalfe,F30-34,123,Female,Canada,41:03,,3:03:23,,1:49:39,5:41:09
640,448,Gabriella Picco,F50-54,28,Female,Switzerland,37:18,,2:59:22,,1:56:52,5:41:09
641,1125,Yelena Maloney,F35-39,129,Female,United States,44:52,,3:05:07,,1:45:22,5:41:10
642,654,Marie-Anne Prevost,F45-49,59,Female,Canada,37:59,,3:00:14,,1:56:30,5:41:10
643,692,Carol Swit,F45-49,60,Female,Canada,35:05,,3:02:53,,1:56:22,5:41:12
644,1065,Katie Hamister,F35-39,130,Female,United States,37:56,,3:07:17,,1:49:38,5:41:13
645,1537,Brittany Dunbar,F25-29,113,Female,Canada,32:55,,3:04:55,,1:58:13,5:41:13
646,1677,Jessica Mott,F25-29,114,Female,United States,37:32,,2:56:56,,2:00:36,5:41:14
647,1644,Stephanie Schuck,F25-29,115,Female,United States,37:19,,3:04:36,,1:53:47,5:41:16
648,629,Danielle Many,F45-49,61,Female,United States,40:11,,3:14:13,,1:41:05,5:41:18
649,863,Dee Mcmurtrie,F40-44,110,Female,Australia,33:04,,3:05:43,,1:56:51,5:41:22
650,378,Susan Ford,F50-54,29,Female,United States,39:44,,3:06:13,,1:48:01,5:41:25
651,413,Patti Lawrence,F50-54,30,Female,United States,42:23,,2:56:58,,1:54:40,5:41:37
652,1282,Paulette Dalton,F30-34,124,Female,Canada,42:07,,3:03:48,,1:49:03,5:41:38
653,1201,Araceli Solis,F35-39,131,Female,Mexico,36:10,,3:02:22,,1:55:10,5:41:42
654,382,Sabine Greipel,F50-54,31,Female,Austria,32:24,,3:04:18,,1:59:09,5:41:53
655,913,Danielle Santucci,F40-44,111,Female,United States,35:24,,3:01:30,,1:58:35,5:41:55
656,1726,Amanda Barnes,F18-24,40,Female,United States,35:22,,3:01:04,,1:59:40,5:41:55
657,1402,Marina Stein,F30-34,125,Female,Germany,43:56,,3:02:59,,1:48:03,5:41:58
658,368,Anette Ekelius-Chow,F50-54,32,Female,United States,40:18,,2:59:26,,1:55:44,5:42:01
659,796,Jenelle Glasbrenner,F40-44,112,Female,United States,44:06,,3:03:11,,1:48:58,5:42:04
660,809,Rachel Hayes,F40-44,113,Female,United States,35:11,,2:59:36,,2:00:43,5:42:04
661,1747,Alexa Steffl,F18-24,41,Female,United States,29:36,,3:06:46,,1:59:08,5:42:19
662,634,Roslyn Mcginty,F45-49,62,Female,United Kingdom,37:56,,2:54:03,,2:01:44,5:42:22
663,1407,Kristen Osborn,F30-34,126,Female,United States,35:27,,2:54:34,,2:06:06,5:42:22
664,590,Sandra Holbrook James,F45-49,63,Female,United States,40:14,,3:01:18,,1:52:24,5:42:23
665,252,Mary Duprey,F55-59,10,Female,United States,41:14,,2:58:54,,1:55:11,5:42:39
666,723,Marialuz Arellano,F40-44,114,Female,Ecuador,42:19,,3:05:29,,1:48:30,5:42:42
667,1415,Ashley Rappa,F30-34,127,Female,United States,37:41,,2:57:21,,2:00:51,5:42:42
668,1769,Julie Salas,F45-49,64,Female,Bahamas,36:04,,2:57:42,,2:01:44,5:42:42
669,625,Janet Livesey,F45-49,65,Female,United Kingdom,35:27,,3:03:58,,1:56:48,5:42:44
670,1580,Elle Johnston,F25-29,116,Female,Australia,37:02,,2:53:59,,2:02:05,5:42:46
671,573,Shona Girdwood,F45-49,66,Female,United Kingdom,32:33,,2:56:37,,2:07:29,5:42:46
672,518,Jessica Bibza,F45-49,67,Female,United States,39:14,,2:58:56,,1:58:26,5:42:48
673,1082,Isabelle Hutzel,F35-39,132,Female,Germany,38:01,,3:00:57,,1:55:15,5:42:51
674,755,Jennifer Comfort,F40-44,115,Female,United States,36:52,,3:02:02,,1:57:42,5:42:52
675,1502,Madeleine Barker,F25-29,117,Female,Canada,39:18,,3:07:48,,1:48:28,5:42:53
676,1177,Tiana Rockwell,F35-39,133,Female,United States,38:07,,3:02:06,,1:56:22,5:43:05
677,453,Sandrine Pons,F50-54,33,Female,France,37:17,,3:02:53,,1:55:43,5:43:07
678,1091,Becky Jennison,F35-39,134,Female,Canada,36:36,,3:00:42,,1:59:49,5:43:08
679,779,Lorena Fariña,F40-44,116,Female,Argentina,40:17,,3:02:30,,1:53:55,5:43:09
680,1327,Sandy Holt,F30-34,128,Female,United States,32:34,,3:05:03,,1:58:32,5:43:12
681,632,Carrie Mccusker,F45-49,68,Female,United States,34:22,,2:44:52,,2:17:36,5:43:17
682,688,Nancy Steers,F45-49,69,Female,United States,38:36,,3:07:02,,1:49:53,5:43:21
683,1220,Marisa Van Der Linde,F35-39,135,Female,South Africa,42:15,,2:56:51,,1:56:15,5:43:23
684,1359,CHUN-JIE LI,F30-34,129,Female,Taiwan,41:40,,2:58:27,,1:56:23,5:43:27
685,1439,Rebecca Sack,F30-34,130,Female,Germany,36:04,,3:04:31,,1:56:18,5:43:28
686,947,Elizabeth Thompson,F40-44,117,Female,United States,35:46,,3:12:02,,1:48:08,5:43:30
687,1409,Lindsey Tsukiyama,F30-34,131,Female,United States,35:30,,3:11:19,,1:50:27,5:43:31
688,442,Genevieve Pape,F50-54,34,Female,Australia,39:26,,3:07:10,,1:50:06,5:43:33
689,521,Cindy Blackstock,F45-49,70,Female,United States,41:01,,3:07:11,,1:48:08,5:43:34
690,1180,Kelly Rothwell,F35-39,136,Female,United States,41:09,,3:05:09,,1:50:56,5:43:35
691,950,Karina Toretta,F40-44,118,Female,Argentina,35:35,,3:04:42,,1:57:04,5:43:41
692,568,Elaine Floriano,F45-49,71,Female,Brazil,33:58,,3:05:48,,1:58:04,5:43:43
693,929,Kate Smith,F40-44,119,Female,Australia,39:00,,2:56:23,,2:02:04,5:43:45
694,748,Maura Carroll,F40-44,120,Female,United States,30:55,,3:10:06,,1:56:26,5:43:48
695,1228,Anna Wächtershäuser,F35-39,137,Female,Germany,38:28,,2:59:29,,2:00:01,5:43:59
696,1093,なつこ じんの,F35-39,138,Female,Japan,41:41,,3:05:11,,1:50:56,5:44:03
697,459,Connie Roberts,F50-54,35,Female,United States,43:28,,2:56:08,,1:55:13,5:44:08
698,581,Melanie Haliburton,F45-49,72,Female,United States,33:40,,3:09:00,,1:53:23,5:44:10
699,808,Annabelle Hartigan,F40-44,121,Female,Australia,38:59,,3:04:50,,1:53:30,5:44:10
700,1241,Michaela Wolf,F35-39,139,Female,Austria,45:29,,3:01:01,,1:51:29,5:44:13
701,1753,Alex Whelan,F18-24,42,Female,United States,29:16,,2:57:50,,2:11:16,5:44:14
702,1659,Gabrielle Suver,F25-29,118,Female,United States,38:16,,3:05:15,,1:55:11,5:44:14
703,1126,Irene Marrel,F35-39,140,Female,Switzerland,40:35,,2:56:20,,2:01:37,5:44:15
704,1233,Katie Reynolds,F35-39,141,Female,United States,42:41,,3:04:06,,1:49:48,5:44:23
705,254,Lynne Fiedler,F55-59,11,Female,United States,41:43,,2:59:17,,1:56:57,5:44:23
706,1577,Cori James,F25-29,119,Female,United States,37:02,,3:06:28,,1:55:09,5:44:26
707,203,Laura Rossetti,F60-64,1,Female,United States,37:23,,2:56:52,,2:02:20,5:44:35
708,326,Barbara Addis,F50-54,36,Female,United States,38:32,,2:59:50,,1:58:52,5:44:37
709,1466,Tori Trautman,F30-34,132,Female,United States,38:18,,2:57:56,,2:01:48,5:44:42
710,612,Carolin Knobelspies,F45-49,73,Female,United States,38:46,,3:04:26,,1:55:02,5:44:48
711,247,Judy Daggett,F55-59,12,Female,United States,39:16,,3:05:27,,1:53:04,5:44:50
712,1767,Mayra Andrea Doria Mattana,F35-39,142,Female,Brazil,38:13,,3:06:24,,1:52:07,5:44:51
713,419,Tracy Maccherola,F50-54,37,Female,United States,37:47,,3:05:07,,1:56:01,5:44:57
714,396,Jenny Holden,F50-54,38,Female,Ireland,37:53,,3:02:32,,1:58:16,5:44:59
715,1094,Bri Jobke,F35-39,143,Female,United States,39:52,,3:04:15,,1:54:30,5:45:10
716,1115,Allison Leppke,F35-39,144,Female,United States,29:56,,3:13:10,,1:54:15,5:45:12
717,621,Stephanie Liddle,F45-49,74,Female,United States,41:57,,2:53:54,,2:00:55,5:45:13
718,953,Ingrid Unger Frick,F40-44,122,Female,Sweden,41:13,,2:57:00,,1:57:44,5:45:23
719,418,Kelly Luttmer,F50-54,39,Female,United States,40:22,,2:59:38,,1:58:11,5:45:29
720,1224,Kate Vella,F35-39,145,Female,Australia,45:03,,2:50:00,,2:03:41,5:45:29
721,1181,Paula Rovani,F35-39,146,Female,Brazil,40:28,,3:04:59,,1:52:24,5:45:30
722,1683,Catalina Bobadilla Azócar,F18-24,43,Female,Chile,39:30,,3:06:18,,1:53:41,5:45:32
723,618,Geneviève Labelle,F45-49,75,Female,Canada,40:09,,3:03:03,,1:56:08,5:45:36
724,280,Catherine Matsalla,F55-59,13,Female,Canada,38:12,,3:02:24,,1:59:36,5:45:36
725,1263,Cintia Barbosa Reis Guimaraes,F30-34,133,Female,Brazil,37:06,,3:06:00,,1:55:02,5:45:39
726,1239,Maren Werther,F35-39,147,Female,Germany,37:57,,3:09:56,,1:51:19,5:45:54
727,505,Nancy Arena,F45-49,76,Female,United States,37:06,,3:07:53,,1:54:55,5:46:01
728,1005,Francesca Braghetto Arce,F35-39,148,Female,Chile,40:38,,3:06:21,,1:52:54,5:46:01
729,1260,Jamie ASH,F30-34,134,Female,United States,30:06,,3:16:32,,1:52:43,5:46:02
730,891,Helen Phipps,F40-44,123,Female,United States,36:13,,3:11:19,,1:53:00,5:46:07
731,1124,Nadine Maier,F35-39,149,Female,Germany,41:41,,2:55:17,,2:00:27,5:46:10
732,846,Michelle Lake,F40-44,124,Female,United States,33:24,,3:03:31,,2:02:25,5:46:11
733,1762,Anette Zukker,F18-24,44,Female,Estonia,40:04,,2:55:35,,2:04:23,5:46:13
734,556,Darcy Eaton,F45-49,77,Female,United States,39:31,,3:04:46,,1:53:54,5:46:15
735,872,Margaret Muhly,F40-44,125,Female,United States,42:16,,3:09:29,,1:45:37,5:46:15
736,1158,Jess Perry,F35-39,150,Female,United States,39:23,,3:02:48,,1:58:11,5:46:17
737,1216,Carly Tu,F35-39,151,Female,United States,41:59,,2:50:33,,2:05:33,5:46:21
738,994,Phillippa Batchelor,F35-39,152,Female,United Kingdom,37:18,,3:13:37,,1:46:47,5:46:22
739,641,Sian Morris,F45-49,78,Female,Australia,36:47,,3:02:39,,2:00:54,5:46:22
740,1479,Tina Vogelmann,F30-34,135,Female,Germany,42:04,,3:10:40,,1:47:47,5:46:31
741,1363,Ashley Lofton,F30-34,136,Female,Australia,38:33,,3:06:58,,1:53:13,5:46:31
742,1231,Ashley Chaiken,F35-39,153,Female,United States,36:21,,3:01:27,,2:01:28,5:46:44
743,1003,Kara Bonneau,F35-39,154,Female,United States,41:12,,3:07:06,,1:50:13,5:46:47
744,1331,Kimberly Humphries,F30-34,137,Female,United States,34:57,,3:07:39,,1:57:29,5:46:56
745,721,Storme Alexander,F40-44,126,Female,United Kingdom,37:42,,3:11:58,,1:50:55,5:47:00
746,1150,Kristen Nichols,F35-39,155,Female,United States,43:15,,3:08:58,,1:48:46,5:47:02
747,893,Adriana Prieto De Alfonzo-Larrain,F40-44,127,Female,Venezuela,41:29,,2:56:27,,2:00:09,5:47:10
748,512,Michelle Ball,F45-49,79,Female,Canada,45:37,,3:00:29,,1:53:48,5:47:15
749,928,Julie Smith,F40-44,128,Female,United States,38:41,,3:02:26,,1:59:20,5:47:21
750,506,Sonya Ariely,F45-49,80,Female,Israel,44:52,,3:05:55,,1:50:16,5:47:26
751,1202,Christine Sonnemann,F35-39,156,Female,United States,33:20,,3:21:39,,1:44:34,5:47:37
752,728,Karina BAILÓN,F40-44,129,Female,Mexico,38:43,,3:05:59,,1:57:29,5:47:38
753,906,Amy Rousseau,F40-44,130,Female,United States,35:59,,3:09:10,,1:55:58,5:47:38
754,1020,Emily Cole,F35-39,157,Female,United States,40:40,,3:07:38,,1:53:10,5:47:43
755,392,Britt Helgesen,F50-54,40,Female,Norway,39:41,,3:06:33,,1:51:22,5:47:44
756,1255,Nicola Anderson,F30-34,138,Female,South Africa,46:26,,2:57:39,,1:56:42,5:47:44
757,823,Daniela Jakobler,F40-44,131,Female,Germany,38:17,,3:09:18,,1:52:56,5:47:52
758,524,Molly Brown-Boulay,F45-49,81,Female,United States,41:17,,3:04:23,,1:55:37,5:47:54
759,578,Valerie Grosse,F45-49,82,Female,France,35:45,,3:08:43,,1:55:21,5:47:55
760,1700,Naomi Drakeford,F18-24,45,Female,United Kingdom,34:11,,3:06:00,,2:02:14,5:47:56
761,477,Sandra J. Spielmann,F50-54,41,Female,United States,46:02,,3:03:06,,1:51:01,5:47:57
762,1306,Meredith Gardner,F30-34,139,Female,United States,32:41,,3:14:58,,1:53:56,5:47:59
763,1198,Brooke Smith,F35-39,158,Female,United States,37:41,,2:59:15,,2:05:14,5:48:04
764,1522,Lauren Clapper,F25-29,120,Female,United States,37:18,,3:03:43,,2:00:51,5:48:05
765,562,Pam Estill,F45-49,83,Female,United States,40:17,,2:57:49,,2:04:02,5:48:06
766,1548,Eva Frieden,F25-29,121,Female,United States,44:53,,2:59:29,,1:56:53,5:48:06
767,1579,Nicole Johnson,F25-29,122,Female,United States,35:31,,3:08:02,,1:57:48,5:48:07
768,356,Sandra Daust,F50-54,42,Female,United States,37:28,,3:00:25,,2:04:19,5:48:09
769,778,Dena Fairley,F40-44,132,Female,United States,46:28,,3:02:46,,1:52:27,5:48:11
770,935,Andrea Stadler,F40-44,133,Female,Ecuador,35:25,,3:13:38,,1:51:03,5:48:11
771,726,Fernanda Azevedo,F40-44,134,Female,Brazil,41:02,,3:02:21,,1:58:11,5:48:13
772,1280,Karen Corona,F30-34,140,Female,Mexico,43:54,,3:06:14,,1:52:42,5:48:14
773,1297,Vanessa Foerster,F30-34,141,Female,United States,38:53,,3:07:24,,1:55:51,5:48:15
774,1690,Jamie Christy,F18-24,46,Female,United States,26:53,,3:05:36,,2:08:28,5:48:21
775,1637,Valerie Sanche,F25-29,123,Female,Canada,34:12,,3:08:15,,1:59:34,5:48:35
776,983,Berenice Aguilar Gutierrez,F35-39,159,Female,Mexico,40:13,,3:08:40,,1:53:30,5:48:38
777,812,Nadja Hennig,F40-44,135,Female,Germany,33:44,,2:54:39,,2:15:03,5:48:46
778,1155,Katie Palavecino,F35-39,160,Female,United States,30:33,,3:04:52,,2:07:00,5:48:51
779,1059,Theresa Graninger,F35-39,161,Female,United States,36:04,,3:08:58,,1:55:33,5:48:52
780,410,Beate Kleindienst,F50-54,43,Female,Germany,45:06,,2:56:15,,1:58:44,5:48:54
781,932,Coudiere Soizic,F40-44,136,Female,Réunion,32:55,,3:02:51,,2:06:23,5:48:55
782,1352,Jacinthe Lachapelle,F30-34,142,Female,Canada,37:57,,3:03:41,,1:59:56,5:48:55
783,1600,Nina Lin,F25-29,124,Female,China,36:52,,3:14:07,,1:51:30,5:49:09
784,1718,Rachel Knellwolf,F18-24,47,Female,Australia,33:49,,3:02:55,,2:06:55,5:49:23
785,1571,Leah Homburger,F25-29,125,Female,United States,34:32,,3:06:24,,2:01:19,5:49:27
786,1756,Courtney Winterbauer,F18-24,48,Female,United States,47:31,,2:58:21,,1:57:16,5:49:29
787,724,Beth August-Abbott,F40-44,137,Female,United States,41:50,,3:12:36,,1:47:14,5:49:34
788,1340,Ana Kelty,F30-34,143,Female,United States,40:50,,3:12:47,,1:50:00,5:49:35
789,1232,Magdalena Warzybok,F35-39,162,Female,Poland,40:09,,3:00:12,,2:03:25,5:49:36
790,1073,Temple Hayles,F35-39,163,Female,United States,36:26,,2:58:02,,2:08:31,5:49:38
791,987,Ruth Artavia,F35-39,164,Female,Costa Rica,43:49,,3:12:10,,1:47:00,5:49:43
792,1727,Karen Monuszko,F18-24,49,Female,United States,37:20,,3:17:56,,1:47:47,5:49:43
793,788,Shannon Francis,F40-44,138,Female,United States,40:42,,3:07:06,,1:55:58,5:49:44
794,1440,Nikki Salenetri,F30-34,144,Female,United States,42:57,,3:19:17,,1:40:52,5:49:50
795,886,Robin Clooney,F40-44,139,Female,Canada,37:03,,3:11:17,,1:55:00,5:50:00
796,851,Chantal Fabris,F40-44,140,Female,Australia,38:19,,3:04:08,,2:01:11,5:50:00
797,346,Lesley Burke,F50-54,44,Female,United States,39:26,,3:16:36,,1:46:47,5:50:02
798,1254,Khadiga Amin,F30-34,145,Female,Egypt,39:17,,3:08:53,,1:55:22,5:50:05
799,853,Patricia Lizano,F40-44,141,Female,Costa Rica,52:33,,2:59:01,,1:50:31,5:50:05
800,607,Katherine Kay,F45-49,84,Female,Canada,35:44,,3:10:55,,1:56:41,5:50:14
801,1063,Kelly Hadiaris,F35-39,165,Female,United States,41:15,,3:15:41,,1:47:55,5:50:24
802,1048,Gabriela Ergas Gennari,F35-39,166,Female,Brazil,40:37,,2:58:48,,2:04:17,5:50:27
803,620,Sandra Zaugg,F45-49,85,Female,Switzerland,39:55,,3:03:45,,1:59:38,5:50:32
804,904,Silke Roßkopf,F40-44,142,Female,Germany,49:25,,3:12:34,,1:42:21,5:50:32
805,497,Mimi Winsberg,F50-54,45,Female,United States,39:10,,3:05:39,,1:59:00,5:50:40
806,405,Danielle Karapelou,F50-54,46,Female,United States,40:51,,3:14:00,,1:47:57,5:50:50
807,623,Stephanie Liles-Weyant,F45-49,86,Female,United States,40:11,,3:00:30,,2:03:29,5:50:50
808,907,Tammy Rutherford,F40-44,143,Female,United States,32:39,,3:02:21,,2:07:41,5:50:52
809,1025,Nina Crowhurst,F35-39,167,Female,Australia,50:40,,3:10:20,,1:43:37,5:50:55
810,1031,Petra Dorr,F35-39,168,Female,Austria,35:55,,3:10:05,,1:58:51,5:50:59
811,322,Nelly Wojtasinski,F55-59,14,Female,France,40:05,,3:00:57,,2:02:11,5:51:02
812,1369,Cassie Macrae,F30-34,146,Female,Canada,34:37,,3:09:10,,1:59:36,5:51:04
813,596,Julie Hull,F45-49,87,Female,United States,37:32,,3:00:52,,2:06:03,5:51:06
814,540,Malgorzata Chojnacka,F45-49,88,Female,Poland,41:39,,3:10:35,,1:52:10,5:51:06
815,1040,Celine Fontanive,F35-39,169,Female,Switzerland,43:34,,2:59:04,,2:02:28,5:51:09
816,727,Heather Baden,F40-44,144,Female,United States,43:01,,3:08:59,,1:52:24,5:51:13
817,628,Anna Maliszewska,F45-49,89,Female,Poland,43:26,,3:10:21,,1:51:02,5:51:13
818,1324,Megan Sloan,F30-34,147,Female,United States,41:14,,3:09:13,,1:54:53,5:51:14
819,584,Erin Harvego,F45-49,90,Female,United States,39:33,,3:03:08,,2:00:42,5:51:21
820,767,Deirdre Van Rensburg,F40-44,145,Female,United States,42:43,,3:09:10,,1:52:45,5:51:23
821,647,Michelle Orgill,F45-49,91,Female,United States,34:29,,3:05:18,,2:02:02,5:51:28
822,423,Lisa Martin,F50-54,47,Female,United States,41:08,,3:06:59,,1:55:59,5:51:32
823,1095,Kristine Bicknell,F35-39,170,Female,South Africa,39:50,,3:07:15,,1:58:23,5:51:35
824,593,Tanya Houghton,F45-49,92,Female,United States,43:57,,3:03:28,,1:57:51,5:51:45
825,1735,Marissa Platt,F18-24,50,Female,United States,35:34,,3:10:09,,2:00:07,5:51:54
826,545,Laura Drake Cole,F45-49,93,Female,United States,36:42,,3:06:18,,2:02:03,5:51:55
827,1697,Katie Dodge,F18-24,51,Female,United States,29:56,,3:22:06,,1:53:44,5:52:04
828,949,Denise Tomanek,F40-44,146,Female,United States,38:55,,3:05:13,,1:58:29,5:52:07
829,1629,Angela Quick,F25-29,126,Female,Canada,28:10,,3:33:42,,1:45:23,5:52:09
830,686,Catherine Souyet,F45-49,94,Female,Chile,38:29,,3:02:17,,2:02:52,5:52:11
831,376,Ermina Favale,F50-54,48,Female,Venezuela,42:58,,3:04:49,,1:57:05,5:52:11
832,1754,Hannah White,F18-24,52,Female,United States,29:34,,3:14:19,,2:02:28,5:52:17
833,334,Suzanne Aquila,F50-54,49,Female,United States,41:16,,3:05:54,,1:57:01,5:52:17
834,1708,Kelly Huban,F18-24,53,Female,United States,36:09,,3:07:11,,2:02:01,5:52:37
835,476,Kirstin Sommer,F50-54,50,Female,Germany,40:48,,3:05:12,,1:59:56,5:52:39
836,850,Mei Yin Lee,F40-44,147,Female,Singapore,41:27,,3:07:34,,1:54:47,5:52:45
837,553,Fon Deuterio,F45-49,95,Female,United States,40:23,,3:07:01,,1:59:09,5:52:50
838,802,Susanne Gutjahr,F40-44,148,Female,Germany,42:45,,3:04:16,,1:59:05,5:52:52
839,1321,Candice Conrad,F30-34,148,Female,South Africa,33:25,,3:07:56,,2:05:34,5:53:00
840,444,Katie Parr,F50-54,51,Female,United States,36:53,,3:06:19,,1:59:51,5:53:00
841,843,Jennifer Kraatz,F40-44,149,Female,United States,40:40,,3:03:38,,2:02:20,5:53:01
842,1497,Whitley Atkins,F25-29,127,Female,United States,39:14,,3:06:00,,1:59:32,5:53:06
843,716,Maria Yarur Terre,F45-49,96,Female,Chile,43:21,,3:13:44,,1:50:16,5:53:15
844,1430,Katharina Rohde,F30-34,149,Female,Germany,42:15,,3:06:57,,1:58:28,5:53:26
845,1312,Shannon Greene,F30-34,150,Female,United States,28:06,,3:05:23,,2:12:10,5:53:31
846,1436,Emmanuelle Rousseau,F30-34,151,Female,France,35:59,,3:08:47,,2:03:11,5:53:41
847,1047,April Gellatly,F35-39,171,Female,United States,30:02,,2:54:15,,2:21:51,5:53:46
848,861,Christina Mayrhofer,F40-44,150,Female,United States,43:23,,3:10:33,,1:52:33,5:53:54
849,1027,Andrea Swain,F35-39,172,Female,United States,42:20,,3:08:19,,1:56:30,5:53:56
850,297,Amy Rappaport,F55-59,15,Female,United States,36:45,,3:12:49,,1:55:43,5:54:09
851,1154,Nadja Oliveira,F35-39,173,Female,Brazil,40:49,,3:08:47,,1:56:24,5:54:13
852,757,Lorena Cortes,F40-44,151,Female,Argentina,45:40,,3:09:20,,1:52:53,5:54:15
853,1715,Ariana Khu,F18-24,54,Female,United States,37:52,,3:01:38,,2:08:29,5:54:17
854,650,Ruth Payne,F45-49,97,Female,United States,36:30,,3:03:48,,2:04:21,5:54:18
855,725,Melanie Avery,F40-44,152,Female,Australia,34:22,,3:09:57,,2:01:24,5:54:20
856,718,Audra Adair,F40-44,153,Female,United States,42:27,,3:03:20,,2:00:43,5:54:25
857,828,Jennifer Kalen,F40-44,154,Female,United States,42:29,,3:01:33,,2:04:01,5:54:36
858,847,DENISE DA SILVA FIORIO LANZA,F40-44,155,Female,Brazil,36:47,,3:08:40,,1:57:15,5:54:52
859,402,Denise Jones,F50-54,52,Female,United States,39:34,,3:03:51,,2:02:41,5:55:00
860,980,Ruth Ziethe,F40-44,156,Female,Switzerland,36:15,,3:00:50,,2:11:47,5:55:04
861,532,Selina Campbell,F45-49,98,Female,Canada,39:14,,2:58:05,,2:08:40,5:55:11
862,955,Jessica Vanderbrook,F40-44,157,Female,United States,42:17,,3:04:58,,1:59:55,5:55:13
863,447,Karin Peters,F50-54,53,Female,United States,44:38,,3:04:08,,1:59:11,5:55:19
864,645,Joanne Norman,F45-49,99,Female,Australia,29:14,,3:11:52,,2:07:45,5:55:20
865,773,Edmondson Joyce,F40-44,158,Female,Canada,43:04,,3:12:17,,1:52:55,5:55:20
866,294,Wendee Pratt,F55-59,16,Female,United States,42:50,,3:04:56,,1:59:01,5:55:21
867,1157,Ann Parthemore,F35-39,174,Female,United States,37:24,,3:11:13,,1:58:46,5:55:26
868,637,Angie Milford,F45-49,100,Female,United States,36:15,,3:07:15,,2:04:28,5:55:30
869,1704,Karina Frangos,F18-24,55,Female,Australia,35:59,,3:08:35,,2:03:50,5:55:33
870,830,Elizabeth Kates,F40-44,159,Female,United States,39:25,,3:16:56,,1:51:50,5:55:36
871,1135,Lindsay Meyers,F35-39,175,Female,United States,35:08,,3:15:47,,1:57:09,5:55:38
872,1293,Veronica Eguia,F30-34,152,Female,United States,42:01,,3:01:14,,2:04:02,5:55:41
873,333,Gina Anixter,F50-54,54,Female,United States,37:51,,3:08:23,,2:02:46,5:55:48
874,885,Louise Parr,F40-44,160,Female,United Kingdom,33:55,,3:14:29,,2:00:17,5:55:52
875,933,Carolyn Soules,F40-44,161,Female,United States,38:13,,3:08:32,,2:01:32,5:55:55
876,756,Roberta Contiero,F40-44,162,Female,Italy,37:56,,3:14:13,,1:58:23,5:56:04
877,165,Crissy Fuentes,F60-64,2,Female,Puerto Rico,35:40,,3:06:01,,2:08:05,5:56:07
878,868,Tina Moore,F40-44,163,Female,United States,43:44,,3:08:42,,1:56:01,5:56:17
879,894,Carola Pryce,F40-44,164,Female,Argentina,40:16,,3:07:12,,2:01:29,5:56:19
880,1494,Jessica Anderson,F25-29,128,Female,United States,47:12,,3:06:17,,1:55:00,5:56:21
881,1018,Meghann Cleary,F35-39,176,Female,United States,39:33,,2:57:50,,2:12:27,5:56:24
882,1349,Natalia Krotkova,F30-34,153,Female,Russian Federation,38:03,,3:10:18,,2:02:17,5:56:27
883,865,Stacey Miller,F40-44,165,Female,United States,30:14,,3:10:15,,2:08:04,5:56:29
884,1261,Evelyn Astorga,F30-34,154,Female,Mexico,46:44,,3:06:17,,1:57:46,5:56:39
885,1309,Stephanie Gibson,F30-34,155,Female,United States,31:29,,3:13:09,,2:04:37,5:56:43
886,489,Tina Van Wyk,F50-54,55,Female,South Africa,39:26,,3:03:35,,2:06:46,5:56:43
887,1513,Erin Cain,F25-29,129,Female,United States,38:03,,3:09:21,,2:00:38,5:56:49
888,783,Wendy Fejfar,F40-44,166,Female,United States,34:58,,3:04:31,,2:10:37,5:57:04
889,511,Caterina Balasso,F45-49,101,Female,Venezuela,46:35,,3:02:49,,2:01:55,5:57:07
890,890,Dagmar Pfadenhauer,F40-44,167,Female,Austria,44:57,,3:14:57,,1:50:50,5:57:08
891,1323,Lindsey Hess,F30-34,156,Female,United States,41:44,,3:05:33,,2:03:36,5:57:08
892,416,Ana L,F50-54,56,Female,Brazil,39:40,,3:12:10,,1:56:59,5:57:14
893,1381,Jennifer Gahringer,F30-34,157,Female,United States,33:12,,3:19:44,,1:56:05,5:57:15
894,772,Sheena Dullaghan,F40-44,168,Female,Ireland,37:24,,3:16:03,,1:55:29,5:57:28
895,534,Rebecca Cannon,F45-49,102,Female,United States,36:52,,3:07:08,,2:04:50,5:57:28
896,819,Tammy Huguet,F40-44,169,Female,Canada,37:36,,3:04:49,,2:06:03,5:57:34
897,1107,Patricia Lai,F35-39,177,Female,Hong Kong,34:50,,3:26:19,,1:47:53,5:57:36
898,1712,Ina Karlsson Elmholt,F18-24,56,Female,Norway,39:55,,3:08:53,,2:02:22,5:57:47
899,1161,Maria Fernanda Poveda Franco,F35-39,178,Female,Ecuador,42:24,,3:01:13,,2:07:45,5:57:57
900,455,Lisa Rehberg,F50-54,57,Female,United States,32:36,,3:12:08,,2:03:23,5:57:58
901,876,Laurie-Ann Netto,F40-44,170,Female,United States,39:11,,3:24:36,,1:45:10,5:58:09
902,989,Kerstin Bannwolf,F35-39,179,Female,Germany,43:57,,3:09:34,,1:58:45,5:58:09
903,430,Diana Messer-Kruse,F50-54,58,Female,United States,41:51,,3:02:24,,2:05:28,5:58:12
904,787,Jennifer Fralick,F40-44,171,Female,United States,40:49,,3:07:27,,2:03:17,5:58:13
905,1714,Kerstin Schaunitzer,F18-24,57,Female,Austria,41:44,,3:12:36,,1:57:58,5:58:13
906,1345,Ashleigh Koch,F30-34,158,Female,Australia,38:12,,3:09:08,,2:04:25,5:58:14
907,479,Joan Stepler,F50-54,59,Female,United States,46:25,,2:58:39,,2:04:23,5:58:23
908,605,Alexandra Johnson,F45-49,103,Female,United Kingdom,36:21,,3:11:28,,2:04:05,5:58:25
909,549,Jennifer Datwyler,F45-49,104,Female,United States,41:06,,3:00:36,,2:09:35,5:58:35
910,639,Monique Morell,F45-49,105,Female,Puerto Rico,31:35,,3:11:10,,2:07:09,5:58:36
911,232,Silvia Brandstetter,F55-59,17,Female,Switzerland,43:51,,3:00:47,,2:08:01,5:58:44
912,1385,Hilary Meyer,F30-34,159,Female,New Zealand,36:31,,3:16:23,,1:58:39,5:58:55
913,1420,Nicole Rendos Speer,F30-34,160,Female,United States,40:21,,3:12:23,,1:58:59,5:59:01
914,1037,Bex Fink,F35-39,180,Female,United States,43:13,,3:04:48,,2:04:34,5:59:22
915,599,Tana Jackson,F45-49,106,Female,United States,41:40,,3:05:29,,2:04:51,5:59:36
916,367,Susanne Ebersbach,F50-54,60,Female,United States,43:59,,3:06:31,,2:01:05,5:59:48
917,1262,Mallory Baker,F30-34,161,Female,United States,39:58,,3:12:09,,2:00:28,6:00:00
918,233,Maureen Burns,F55-59,18,Female,United States,48:46,,3:04:14,,1:56:41,6:00:11
919,286,Gail Norman,F55-59,19,Female,United States,44:03,,3:07:29,,1:59:42,6:00:13
920,658,Victoria Repice,F45-49,107,Female,United States,42:17,,3:14:46,,1:55:14,6:00:14
921,1543,Vanessa Bernet,F25-29,130,Female,Switzerland,41:31,,3:10:35,,2:01:51,6:00:28
922,1092,Jin Armstrong,F35-39,181,Female,United States,30:42,,3:07:04,,2:14:45,6:00:30
923,1449,Holly Sloan,F30-34,162,Female,United States,36:59,,3:17:06,,2:01:14,6:00:45
924,236,Tracy Byrd,F55-59,20,Female,United States,46:44,,2:57:38,,2:08:07,6:00:46
925,271,Birgitte Klitgaard,F55-59,21,Female,Denmark,46:36,,2:56:27,,2:09:01,6:00:51
926,774,Kristin Smith,F40-44,172,Female,United States,43:35,,3:13:30,,1:56:21,6:00:53
927,417,Clare Lintereur,F50-54,61,Female,United States,44:14,,3:04:54,,2:03:45,6:00:54
928,738,Marie Blanchard,F40-44,173,Female,France,35:39,,3:06:11,,2:12:26,6:00:55
929,1015,Natalia Chavarria,F35-39,182,Female,Costa Rica,44:58,,3:20:37,,1:46:13,6:00:58
930,1182,Brianna Block,F35-39,183,Female,United States,43:38,,3:16:23,,1:54:10,6:00:59
931,1066,Shelly Hammons,F35-39,184,Female,United States,48:01,,3:16:23,,1:48:45,6:01:00
932,244,Lise Corbeil,F55-59,22,Female,Canada,55:58,,2:57:47,,2:01:02,6:01:08
933,794,Kristen Giles,F40-44,174,Female,Canada,37:40,,3:03:21,,2:13:47,6:01:09
934,1213,ELAINE DE TOLEDO,F35-39,185,Female,Brazil,43:49,,3:13:34,,1:57:10,6:01:34
935,1164,Olga Purroy,F35-39,186,Female,Venezuela,41:27,,3:29:41,,1:44:38,6:01:37
936,613,Elisabeth Koglbauer,F45-49,108,Female,Austria,40:33,,3:04:37,,2:09:58,6:01:41
937,321,Ewa Wójcik,F55-59,23,Female,Poland,48:05,,3:02:58,,2:02:00,6:01:51
938,1572,Charlotte Houston,F25-29,131,Female,United Kingdom,36:11,,2:57:33,,2:20:56,6:01:52
939,1731,Ophelie Saussus,F18-24,58,Female,Belgium,36:51,,3:18:30,,2:00:52,6:01:53
940,1109,Elizabeth Larson,F35-39,187,Female,United States,39:00,,3:11:15,,2:04:37,6:01:55
941,732,Lorena Barrau,F40-44,175,Female,Argentina,38:43,,3:05:58,,2:10:10,6:02:02
942,1448,Julianne Sitch,F30-34,163,Female,United States,40:42,,3:25:33,,1:49:21,6:02:11
943,510,Lorraine Baker,F45-49,109,Female,United Kingdom,36:48,,3:14:05,,2:04:33,6:02:14
944,343,Janette Brady,F50-54,62,Female,Australia,39:07,,3:09:22,,2:07:19,6:02:16
945,1705,Brittany Friedrich,F18-24,59,Female,United States,32:12,,3:20:32,,2:01:31,6:02:19
946,1096,Felicity Joyce,F35-39,188,Female,Australia,33:55,,2:47:31,,2:33:57,6:02:30
947,530,Kim Ostenso,F45-49,110,Female,United States,44:29,,3:05:48,,2:03:59,6:02:32
948,916,Luisa Scandola,F40-44,176,Female,Italy,42:26,,3:12:38,,1:58:19,6:02:41
949,449,Beth Pierpont,F50-54,63,Female,United States,44:58,,3:08:01,,2:01:52,6:02:42
950,1256,Catalina Andrade Valarezo,F30-34,164,Female,Ecuador,39:05,,3:15:24,,2:00:38,6:02:46
951,470,Ellen Scholz,F50-54,64,Female,Germany,36:48,,3:10:19,,2:07:23,6:02:52
952,1277,Paula Christiane Cardoso,F30-34,165,Female,Brazil,41:35,,3:10:31,,1:58:56,6:02:52
953,1186,Eliana Sanchez,F35-39,189,Female,Argentina,44:19,,3:14:42,,1:57:45,6:03:04
954,1024,Tamara Cracknell,F35-39,190,Female,Canada,43:55,,3:13:57,,1:58:32,6:03:14
955,1288,Sharon Dean,F30-34,166,Female,Australia,39:51,,3:11:53,,2:05:21,6:03:15
956,926,Brooke Smith,F40-44,177,Female,United States,41:53,,3:10:56,,2:04:21,6:03:20
957,235,Karen Buxton,F55-59,24,Female,United States,39:50,,3:10:13,,2:06:25,6:03:28
958,1722,Maya Annabelle Maman,F18-24,60,Female,Israel,33:55,,3:07:14,,2:15:00,6:03:30
959,1049,Alyssa Gersdorf,F35-39,191,Female,United States,38:45,,3:12:09,,2:06:55,6:03:34
960,531,Diane Howell,F45-49,111,Female,United States,37:38,,3:06:57,,2:11:53,6:03:36
961,579,Dannielle Hadaway,F45-49,112,Female,United States,43:20,,3:03:48,,2:10:00,6:03:37
962,655,Sally Pymer,F45-49,113,Female,Australia,34:17,,3:16:53,,2:05:17,6:03:44
963,701,Leigh Parker,F45-49,114,Female,Canada,41:41,,2:58:28,,2:15:12,6:03:47
964,1627,Lauren Pope,F25-29,132,Female,United States,35:38,,3:11:05,,2:09:40,6:03:50
965,875,Stacey Neilson,F40-44,178,Female,Canada,39:40,,3:13:18,,2:01:21,6:04:01
966,1333,Yuko Iwamatsu,F30-34,167,Female,Japan,38:00,,3:11:37,,2:03:23,6:04:09
967,1375,Mariana Martinez Suarez,F30-34,168,Female,Mexico,32:30,,3:34:50,,1:49:56,6:04:21
968,290,Jane Piombo,F55-59,25,Female,United States,41:46,,3:06:51,,2:06:54,6:04:25
969,259,Brenda Gustin,F55-59,26,Female,United States,42:18,,2:57:06,,2:17:47,6:04:34
970,456,Jennifer Rentch,F50-54,65,Female,United States,37:43,,3:08:20,,2:10:39,6:04:49
971,515,Jessica moreira Batista,F45-49,115,Female,Brazil,39:55,,3:22:52,,1:55:24,6:04:51
972,1291,Leza Doran,F30-34,169,Female,Australia,43:54,,2:59:00,,2:13:36,6:04:56
973,998,Beili Bian,F35-39,192,Female,China,33:54,,3:18:06,,2:05:22,6:04:59
974,1129,Michelle Schultz,F35-39,193,Female,United States,42:55,,3:12:54,,2:01:04,6:05:04
975,888,Carol Pedauga,F40-44,179,Female,Ecuador,44:50,,3:14:43,,1:58:38,6:05:05
976,707,Gina Whipple,F45-49,116,Female,United States,46:18,,3:09:10,,2:01:01,6:05:14
977,401,Silvia Jimenez,F50-54,66,Female,Peru,39:37,,3:12:21,,2:04:32,6:05:16
978,462,Margareth E Sanchez  V,F50-54,67,Female,Mexico,41:09,,3:17:07,,1:54:06,6:05:17
979,1374,Rachel Martin,F30-34,170,Female,Guam,39:19,,3:16:47,,2:00:04,6:05:19
980,1383,Gena Melick,F30-34,171,Female,United States,39:15,,3:07:54,,2:11:41,6:05:19
981,403,Sheri Jones,F50-54,68,Female,United States,40:28,,3:12:52,,2:04:37,6:05:20
982,1166,Natalie Ramello,F35-39,194,Female,United States,51:35,,3:13:27,,1:54:31,6:05:20
983,713,Lisa Wourms,F45-49,117,Female,United States,43:54,,3:03:09,,2:11:02,6:05:21
984,541,Nancy Clarke,F45-49,118,Female,United States,35:08,,3:27:43,,1:55:12,6:05:22
985,1316,Laetitia Harhour,F30-34,172,Female,France,45:42,,3:11:47,,2:01:59,6:05:27
986,611,Christina King,F45-49,119,Female,United States,48:22,,3:11:04,,1:57:46,6:05:28
987,1046,Naomi Gallagher,F35-39,195,Female,United States,42:45,,3:18:21,,1:58:20,6:05:33
988,1653,Elizabeth Staples,F25-29,133,Female,United States,41:19,,3:18:54,,1:59:06,6:05:35
989,648,Jodi O'shea,F45-49,120,Female,United States,42:49,,3:10:56,,2:03:03,6:05:38
990,374,Betsy Fader,F50-54,69,Female,United States,36:41,,3:04:57,,2:13:51,6:05:38
991,452,Dorinda Platt,F50-54,70,Female,United States,39:18,,3:11:53,,2:06:33,6:05:47
992,1102,Emily Koch,F35-39,196,Female,United States,42:47,,3:10:27,,2:05:26,6:05:55
993,268,Julie Kaczor,F55-59,27,Female,United States,42:24,,3:18:53,,1:56:01,6:05:57
994,239,Barbara Chandler,F55-59,28,Female,United States,46:40,,3:06:12,,2:05:55,6:06:05
995,354,Susanna Czerny,F50-54,71,Female,Germany,35:22,,3:16:08,,2:04:29,6:06:06
996,211,Claudia Vilanova,F60-64,3,Female,El Salvador,37:34,,3:19:52,,2:01:55,6:06:17
997,594,Cris Howard,F45-49,121,Female,United States,37:12,,3:04:52,,2:16:17,6:06:27
998,445,Celia Peniche Zeevaert,F50-54,72,Female,Mexico,35:28,,3:17:19,,2:06:49,6:06:46
999,604,Pernilla Johnson,F45-49,122,Female,Sweden,45:52,,3:12:07,,2:00:08,6:06:46
1000,569,Carina Parment,F45-49,123,Female,Sweden,42:04,,3:09:06,,2:08:14,6:06:48
1001,747,Amanda Carpo,F40-44,180,Female,Philippines,43:18,,3:07:41,,2:05:54,6:06:53
1002,1121,Lopez Thais,F35-39,197,Female,Venezuela,51:15,,3:16:51,,1:53:25,6:07:03
1003,675,Ayako Shirato,F45-49,124,Female,Japan,42:18,,3:18:12,,1:59:14,6:07:30
1004,1351,Helena Kvepa,F30-34,173,Female,Latvia,41:43,,3:14:08,,2:03:28,6:07:32
1005,437,Linda O’connor,F50-54,73,Female,Australia,38:26,,3:13:07,,2:08:49,6:07:43
1006,1641,Sayuri Abe,F25-29,134,Female,Japan,41:50,,3:17:04,,2:01:35,6:07:49
1007,1283,Joanne D'Arcy,F30-34,174,Female,Australia,39:25,,3:11:03,,2:10:11,6:07:59
1008,355,Kim Dandrea,F50-54,74,Female,United States,44:22,,3:07:56,,2:09:16,6:08:17
1009,1473,Mary Kelly,F30-34,175,Female,United States,45:23,,3:16:27,,2:00:01,6:08:25
1010,715,Mineko Yamanouchi,F45-49,125,Female,Japan,44:17,,3:35:35,,1:40:32,6:08:33
1011,1286,Maria Laura De Luca,F30-34,176,Female,Argentina,37:03,,3:14:32,,2:10:32,6:08:39
1012,1630,Naveen Wall,F25-29,135,Female,United Kingdom,44:48,,3:11:28,,2:04:42,6:08:40
1013,281,Theresa Miller,F55-59,29,Female,United States,43:41,,3:22:43,,1:54:01,6:08:46
1014,1179,Isela Rosales,F35-39,198,Female,United States,48:17,,3:17:50,,1:54:56,6:08:47
1015,911,Laura Sand,F40-44,181,Female,United States,40:50,,3:09:38,,2:11:12,6:08:49
1016,1461,Jessica Culver,F30-34,177,Female,United States,41:36,,3:05:18,,2:16:18,6:09:02
1017,656,Karen Rayle,F45-49,126,Female,United States,40:39,,3:11:46,,2:07:53,6:09:10
1018,903,Hannah Ross,F40-44,182,Female,United States,47:29,,3:14:38,,1:59:14,6:09:10
1019,912,Abigail Sanford,F40-44,183,Female,United States,40:23,,3:14:38,,2:05:53,6:09:17
1020,1452,Cheryl Sobering,F30-34,178,Female,United States,48:08,,3:22:47,,1:48:08,6:09:19
1021,493,Lynette Itani,F50-54,75,Female,New Zealand,37:05,,3:12:53,,2:12:15,6:09:24
1022,267,Patricia Jordan,F55-59,30,Female,United States,42:50,,3:16:51,,2:00:17,6:09:31
1023,970,Paulene Williams,F40-44,184,Female,United States,44:44,,3:11:35,,2:07:11,6:09:36
1024,601,Iris Jansohn,F45-49,127,Female,Germany,37:48,,3:15:48,,2:08:42,6:09:44
1025,318,Patrice Weil,F55-59,31,Female,United States,38:31,,3:09:47,,2:12:32,6:09:49
1026,860,Jennifer Mathe,F40-44,185,Female,United States,38:45,,3:14:49,,2:08:16,6:10:01
1027,1506,Fernanda Bettim,F25-29,136,Female,Brazil,35:48,,3:16:40,,2:10:33,6:10:05
1028,1160,Julia Polloreno,F35-39,199,Female,United States,38:27,,3:17:15,,2:05:42,6:10:07
1029,1393,Alexandra Napier,F30-34,179,Female,United States,37:06,,3:11:20,,2:15:35,6:10:13
1030,1695,Anna Devries,F18-24,61,Female,United States,36:20,,3:23:29,,2:04:50,6:10:14
1031,293,Sheila Power,F55-59,32,Female,United States,47:11,,3:15:08,,2:00:59,6:10:15
1032,1205,Emma Stewart,F35-39,200,Female,United States,43:54,,3:11:26,,2:08:02,6:10:28
1033,1353,Pui Ling Connie Lau,F30-34,180,Female,Hong Kong,47:12,,3:18:12,,1:57:58,6:10:30
1034,220,Carolyn Armstrong,F55-59,33,Female,United States,40:28,,3:10:04,,2:09:00,6:10:31
1035,552,Paige Delizio,F45-49,128,Female,United States,41:41,,3:12:21,,2:06:36,6:10:33
1036,1386,Danielle Minton,F30-34,181,Female,United States,37:47,,3:16:32,,2:08:30,6:10:35
1037,1249,Anna Zywiolek,F35-39,201,Female,Bahamas,50:38,,3:09:27,,2:02:48,6:10:44
1038,175,Howland Jeri,F60-64,4,Female,United States,37:49,,3:18:46,,2:04:27,6:10:53
1039,1362,Marie Llewellyn,F30-34,182,Female,United Kingdom,41:57,,3:10:06,,2:10:59,6:10:55
1040,414,Andrea Leber,F50-54,76,Female,United States,43:16,,3:09:01,,2:12:06,6:10:56
1041,166,Susan Gebhardt,F60-64,5,Female,United States,34:29,,3:18:12,,2:08:23,6:11:03
1042,1269,Marina Calazans,F30-34,183,Female,Brazil,38:57,,3:18:06,,2:06:43,6:11:03
1043,248,Jo Davis,F55-59,34,Female,United States,43:02,,3:14:49,,2:02:19,6:11:06
1044,973,Roberta Withers,F40-44,186,Female,Ireland,39:13,,3:16:21,,2:07:05,6:11:11
1045,1721,Anna-Lee Mair,F18-24,62,Female,Australia,41:39,,3:08:02,,2:13:56,6:11:13
1046,710,Diana Wilson,F45-49,129,Female,Canada,45:31,,3:18:50,,2:00:38,6:11:18
1047,1442,Marilyn Sany,F30-34,184,Female,France,40:51,,3:14:11,,2:09:35,6:11:26
1048,525,Kathleen Brownsdon,F45-49,130,Female,Virgin Islands,42:00,,3:28:26,,1:53:46,6:11:29
1049,495,Alison Whiteman,F50-54,77,Female,Australia,35:22,,3:10:48,,2:18:20,6:11:38
1050,1372,Alice Maria Meza Insfran,F30-34,185,Female,Paraguay,57:52,,3:13:37,,1:52:29,6:11:47
1051,438,Judy Orlandella,F50-54,78,Female,United States,41:08,,3:16:15,,2:06:24,6:11:52
1052,451,Kris Plant,F50-54,79,Female,Canada,39:56,,3:06:45,,2:16:19,6:11:54
1053,1403,Melanie Oliver,F30-34,186,Female,Australia,45:48,,3:16:37,,2:03:48,6:12:16
1054,1774,Helen Cain,F45-49,131,Female,United States,34:45,,3:25:58,,2:03:38,6:12:25
1055,952,Jennifer Tullis,F40-44,187,Female,United States,40:05,,3:24:14,,2:02:12,6:12:34
1056,305,Alison Rose-Quirie,F55-59,35,Female,United Kingdom,41:21,,3:19:31,,2:05:35,6:12:39
1057,844,Anna Ksiazek,F40-44,188,Female,Poland,48:26,,3:16:54,,1:59:09,6:12:43
1058,216,Yuko Miya,F60-64,6,Female,Japan,49:46,,3:05:31,,2:09:21,6:12:43
1059,669,Christine Schirtzinger,F45-49,132,Female,United States,45:39,,3:23:34,,1:55:30,6:12:44
1060,277,Jenny Lorenz,F55-59,36,Female,United States,40:01,,3:08:41,,2:15:24,6:12:54
1061,1294,MARIANA ERNANI MOURA MARQUES,F30-34,187,Female,Brazil,35:52,,3:21:07,,2:07:05,6:12:54
1062,571,Dorothee Fuller,F45-49,133,Female,Germany,41:04,,3:17:05,,2:08:25,6:13:01
1063,463,Becky Sanders,F50-54,80,Female,Canada,46:33,,3:17:40,,1:58:29,6:13:07
1064,1259,Roxane Arpin,F30-34,188,Female,Canada,37:35,,3:13:08,,2:15:30,6:13:07
1065,1270,Clarinda Sheeley,F30-34,189,Female,Australia,39:25,,3:10:46,,2:13:51,6:13:19
1066,325,Dixie Ziegler,F55-59,37,Female,United States,42:18,,3:11:37,,2:10:51,6:13:20
1067,782,Jody Faught,F40-44,189,Female,Canada,46:59,,3:17:04,,1:59:50,6:13:29
1068,792,Marianne Gates,F40-44,190,Female,South Africa,35:20,,3:12:15,,2:17:22,6:13:30
1069,427,Katherine Mcknight,F50-54,81,Female,United States,38:10,,3:13:04,,2:14:42,6:13:44
1070,1566,Olivia Haverson,F25-29,137,Female,United States,40:38,,3:20:24,,2:05:23,6:13:45
1071,957,Nathalie Vezeau,F40-44,191,Female,Canada,44:57,,3:19:57,,1:59:29,6:13:51
1072,520,Kirsty Blackford,F45-49,134,Female,South Africa,40:17,,3:20:09,,2:04:44,6:13:56
1073,349,Cynthia Carr,F50-54,82,Female,United States,40:26,,3:20:15,,2:05:48,6:13:58
1074,1234,Macbeth Watson,F35-39,202,Female,United States,44:36,,3:16:25,,2:06:12,6:14:01
1075,884,Annarose Pandey,F40-44,192,Female,United States,48:03,,3:20:00,,1:56:50,6:14:04
1076,816,Patricia Holland,F40-44,193,Female,United States,37:45,,3:09:31,,2:18:48,6:14:07
1077,412,Monica Lanzendörfer,F50-54,83,Female,Germany,40:09,,3:14:29,,2:12:22,6:14:11
1078,1399,Mandi Nilsen,F30-34,190,Female,United States,45:41,,3:15:14,,2:06:27,6:14:13
1079,1707,Ellie Green,F18-24,63,Female,United Kingdom,39:30,,3:04:05,,2:25:11,6:14:17
1080,1734,Rachael Penchoen-Lind,F18-24,64,Female,United States,41:23,,3:18:49,,2:05:57,6:14:19
1081,1476,Andrea Vesga,F30-34,191,Female,Colombia,49:13,,3:09:57,,2:08:21,6:14:41
1082,565,Paula Maria Moadeb,F45-49,135,Female,Argentina,47:09,,3:14:34,,2:06:05,6:14:47
1083,217,Janice Addison,F55-59,38,Female,United States,41:47,,3:12:17,,2:12:18,6:14:48
1084,1195,Lindsey Shuman,F35-39,203,Female,United States,37:50,,3:14:00,,2:16:13,6:15:05
1085,487,Suzanne Turner,F50-54,84,Female,United States,47:47,,3:10:58,,2:08:46,6:15:07
1086,1336,Mette Lizzi Hoffmann Jørgensen,F30-34,192,Female,Denmark,33:27,,3:15:59,,2:18:48,6:15:16
1087,341,Kristin Beyer,F50-54,85,Female,United States Minor Outlying Islands,42:34,,3:22:53,,2:00:50,6:15:18
1088,161,Cary Craig,F60-64,7,Female,United States,45:54,,3:07:02,,2:14:05,6:15:25
1089,901,Tristen Rogers,F40-44,194,Female,United States,47:03,,3:17:26,,2:03:06,6:15:33
1090,696,Sherri Todd,F45-49,136,Female,Canada,44:40,,3:19:58,,2:02:39,6:15:33
1091,471,Marianne Schwarzbauer,F50-54,86,Female,Austria,46:17,,3:10:36,,2:10:55,6:15:42
1092,494,Cathleen White,F50-54,87,Female,United States,42:22,,3:28:19,,1:52:51,6:15:50
1093,315,Trish Vickery,F55-59,39,Female,Australia,44:51,,3:08:58,,2:13:06,6:15:54
1094,522,Susan Beattie,F45-49,137,Female,Australia,45:39,,3:14:52,,2:08:45,6:15:56
1095,270,Pat Ketcham,F55-59,40,Female,United States,39:30,,3:14:26,,2:12:01,6:16:09
1096,855,Samantha Magill,F40-44,195,Female,United States,39:15,,3:26:05,,2:00:33,6:16:20
1097,1648,Johanna Pennella,F25-29,138,Female,Argentina,40:10,,3:31:56,,1:58:50,6:16:22
1098,180,Karin Kaulmann,F60-64,8,Female,Germany,44:53,,3:15:08,,2:08:52,6:16:27
1099,1185,Cynthia San Jose,F35-39,204,Female,Canada,49:25,,3:20:03,,1:57:55,6:16:28
1100,255,Christine Gardner,F55-59,41,Female,Canada,47:57,,3:07:46,,2:12:18,6:16:36
1101,543,Meeghan Clay,F45-49,138,Female,Australia,35:07,,3:11:33,,2:21:00,6:16:37
1102,282,Colleen Hosey-Lumia,F55-59,42,Female,United States,48:03,,3:10:33,,2:09:02,6:16:39
1103,394,Janine Herweijer,F50-54,88,Female,Netherlands,43:19,,2:56:56,,2:28:37,6:16:50
1104,422,Erica Mantay,F50-54,89,Female,Canada,38:34,,3:26:47,,2:02:42,6:16:52
1105,210,Sharon Underwood,F60-64,9,Female,United States,47:57,,3:09:51,,2:09:17,6:16:55
1106,1054,Annabel Jane Gorrie,F35-39,205,Female,United Kingdom,48:14,,3:19:34,,2:01:31,6:16:58
1107,811,Julieta Helguera,F40-44,196,Female,Argentina,42:07,,3:29:44,,1:58:54,6:17:05
1108,592,Carol Ann Hood,F45-49,139,Female,United States,41:15,,3:16:15,,2:12:14,6:17:12
1109,914,Ana Sarmiento,F40-44,197,Female,Mexico,41:43,,3:16:39,,2:10:07,6:17:14
1110,1016,Huang Chia-Chun,F35-39,206,Female,Taiwan,41:48,,3:17:25,,2:10:34,6:17:26
1111,183,Joyce Langridge,F60-64,10,Female,Canada,59:09,,3:08:05,,2:00:47,6:17:27
1112,631,Lorena Maya Lopez,F45-49,140,Female,Mexico,51:03,,3:16:36,,2:03:04,6:17:28
1113,1159,Marie-Louise Philippe,F35-39,207,Female,Austria,42:24,,3:18:50,,2:10:06,6:17:30
1114,132,Missy LeStrange,F65-69,1,Female,United States,34:58,,3:19:39,,2:14:13,6:17:35
1115,171,Lauren Hann,F60-64,11,Female,New Zealand,40:28,,3:23:37,,2:06:40,6:17:43
1116,330,Jacquie Allgire,F50-54,90,Female,United States,44:19,,3:17:48,,2:09:14,6:17:43
1117,714,Shawna Zaharko,F45-49,141,Female,Canada,47:16,,3:12:41,,2:10:11,6:17:46
1118,475,Kris Solem,F50-54,91,Female,United States,36:07,,3:12:40,,2:20:40,6:17:56
1119,421,Audra Mallow,F50-54,92,Female,United States,41:57,,3:16:20,,2:12:31,6:18:00
1120,1518,Ginni Chan,F25-29,139,Female,Singapore,42:47,,3:18:43,,2:10:16,6:18:05
1121,208,Cathy Tibbetts,F60-64,12,Female,United States,40:52,,3:18:11,,2:08:06,6:18:12
1122,420,Christine Mackrides,F50-54,93,Female,United States,39:38,,3:15:09,,2:13:21,6:18:16
1123,539,Carrie Chavez,F45-49,142,Female,United States,44:17,,3:17:02,,2:06:57,6:18:31
1124,1474,Dr. Kathrin Vergin,F30-34,193,Female,Germany,44:18,,3:17:33,,2:11:08,6:18:41
1125,1686,Rachel Burgess,F18-24,65,Female,Australia,40:32,,3:21:18,,2:10:18,6:18:43
1126,323,Heike Wolf,F55-59,43,Female,Germany,45:41,,3:14:03,,2:11:03,6:19:04
1127,1670,Wei Lin,F25-29,140,Female,Macao,27:29,,3:28:31,,2:15:18,6:19:14
1128,240,Cheryl Chaney,F55-59,44,Female,United States,38:42,,3:01:20,,2:31:31,6:19:30
1129,214,Holly Wick,F60-64,13,Female,United States,46:42,,3:13:51,,2:11:41,6:19:34
1130,1616,Natasha Hagen,F25-29,141,Female,Norway,38:07,,3:16:15,,2:19:02,6:19:51
1131,1100,Candace Kimbrell,F35-39,208,Female,United States,44:49,,3:03:45,,2:22:41,6:19:53
1132,328,Birgit Adler,F50-54,94,Female,Germany,45:44,,3:19:50,,2:07:29,6:19:56
1133,879,Malgorzata Nowacka,F40-44,198,Female,Poland,46:31,,3:11:18,,2:15:50,6:20:10
1134,570,Christelle Foucault,F45-49,143,Female,France,43:37,,3:13:39,,2:14:23,6:20:19
1135,533,Michele Campisi,F45-49,144,Female,United States,50:05,,3:13:19,,2:09:00,6:20:24
1136,1014,Jillian Chaney,F35-39,209,Female,United States,42:26,,3:32:03,,1:58:28,6:20:31
1137,956,Marie Vedel,F40-44,199,Female,Denmark,40:28,,3:10:40,,2:20:23,6:20:38
1138,1209,Larissa Suter,F35-39,210,Female,Switzerland,43:02,,3:19:33,,2:10:46,6:20:41
1139,145,Jean Toth,F65-69,2,Female,United States,39:12,,3:23:52,,2:09:18,6:20:45
1140,457,Robin Ringenary,F50-54,95,Female,United States,44:21,,3:13:38,,2:13:20,6:21:08
1141,1687,Josie Cane,F18-24,66,Female,United Kingdom,34:59,,3:20:49,,2:18:30,6:21:34
1142,1444,Maria Schulz,F30-34,194,Female,Germany,43:31,,3:13:27,,2:16:52,6:21:40
1143,760,Tracy Cushing,F40-44,200,Female,United States,45:02,,3:17:17,,2:11:00,6:21:42
1144,856,Deborah Maldonado,F40-44,201,Female,Puerto Rico,48:37,,3:22:04,,2:04:59,6:21:47
1145,1738,Aldana Roda,F18-24,67,Female,Bolivia,40:44,,2:56:43,,2:37:13,6:21:58
1146,899,Michelle Mishtawy,F40-44,202,Female,United States,38:10,,3:17:14,,2:19:01,6:22:05
1147,1711,Kayla Jones,F18-24,68,Female,Canada,42:08,,3:22:47,,2:08:05,6:22:19
1148,153,Arlene Ayoub,F60-64,14,Female,Canada,49:24,,3:20:12,,2:04:05,6:22:23
1149,743,Nicole Baxbrow,F40-44,203,Female,United States,42:56,,3:16:46,,2:15:21,6:22:26
1150,674,Kimberly Shaheen,F45-49,145,Female,United States,43:12,,3:14:26,,2:15:27,6:22:30
1151,193,Kathleen Richards,F60-64,15,Female,United States,41:14,,3:15:40,,2:15:27,6:22:33
1152,237,Anne-Christine Calvel,F55-59,45,Female,France,45:52,,3:22:00,,2:05:08,6:22:41
1153,1072,Saori Hasegawa,F35-39,211,Female,Japan,40:23,,3:28:20,,2:05:00,6:23:04
1154,1424,Paola Rivas,F30-34,195,Female,United States,31:32,,3:19:53,,2:24:36,6:23:10
1155,488,Marian Van Den Hengel,F50-54,96,Female,Belgium,51:59,,3:07:07,,2:13:55,6:23:24
1156,528,Heather Bullis-Cruz,F45-49,146,Female,United States,44:13,,3:28:05,,2:02:53,6:23:24
1157,164,Ingrid De Boer,F60-64,16,Female,Belgium,43:37,,3:24:51,,2:07:27,6:23:53
1158,320,Donna Wise,F55-59,46,Female,United States,41:29,,3:10:05,,2:24:22,6:24:21
1159,156,Sandie Brandenberger,F60-64,17,Female,United States,46:57,,3:14:58,,2:15:49,6:24:29
1160,498,Stephenie Winter,F50-54,97,Female,United States,40:16,,3:16:47,,2:19:03,6:24:35
1161,242,Rhonnda Cloinger,F55-59,47,Female,United States,43:57,,3:12:39,,2:19:49,6:24:37
1162,384,Gweneth Hacon,F50-54,98,Female,United Kingdom,44:09,,3:11:00,,2:21:34,6:24:42
1163,441,Julie Palmer,F50-54,99,Female,United States,42:54,,3:14:05,,2:18:03,6:24:45
1164,695,Shannon Titzel,F45-49,147,Female,United States,32:25,,3:11:01,,2:35:09,6:24:53
1165,514,Patricia Azevedo De Barros,F45-49,148,Female,Brazil,34:06,,3:18:08,,2:25:59,6:24:56
1166,1051,Erin Giles,F35-39,212,Female,Canada,43:10,,3:38:52,,1:55:59,6:24:58
1167,751,Melissa Christensen,F40-44,204,Female,United States,47:50,,3:19:38,,2:07:49,6:25:01
1168,300,Jennifer Reinhart,F55-59,48,Female,United States,32:16,,3:14:13,,2:30:42,6:25:13
1169,1692,Hailey Conger,F18-24,69,Female,United States,41:34,,3:26:04,,2:11:57,6:25:14
1170,610,Aya Kimura,F45-49,149,Female,Japan,43:46,,3:27:23,,2:05:23,6:25:16
1171,1550,Clara Garnier Flores,F25-29,142,Female,Mexico,38:03,,3:21:35,,2:19:44,6:25:31
1172,222,Catherine Avenati,F55-59,49,Female,France,43:48,,3:22:16,,2:10:44,6:25:35
1173,426,Carla Mckay,F50-54,100,Female,United States,41:18,,3:14:34,,2:21:22,6:25:43
1174,285,Susan Niswander,F55-59,50,Female,United States,45:01,,3:18:50,,2:12:10,6:25:43
1175,227,Linda Bayne,F55-59,51,Female,United States,39:53,,3:27:28,,2:10:00,6:25:45
1176,299,Mary Reed,F55-59,52,Female,United States,34:42,,3:32:27,,2:08:29,6:26:00
1177,1658,Shiyi Sun,F25-29,143,Female,China,47:14,,3:29:24,,2:01:48,6:26:06
1178,806,Melissa Handrigan,F40-44,205,Female,United States,52:11,,3:21:36,,2:04:17,6:26:13
1179,279,Myrna Marinovic,F55-59,53,Female,Chile,50:10,,3:33:02,,1:54:48,6:26:19
1180,424,Maria Matheus,F50-54,101,Female,Venezuela,42:23,,3:24:49,,2:08:51,6:26:21
1181,425,Pam Maxwell,F50-54,102,Female,United States,31:23,,3:22:37,,2:26:03,6:26:27
1182,1720,Kimberly Myka Andrea Li,F18-24,70,Female,Philippines,46:12,,3:19:45,,2:10:58,6:26:56
1183,461,Marcela Buschmann,F50-54,103,Female,Chile,55:55,,3:06:52,,2:15:41,6:26:56
1184,1547,Helen Fraser,F25-29,144,Female,Australia,39:07,,3:25:37,,2:14:22,6:27:21
1185,1565,Nikki Michler,F25-29,145,Female,United States,46:36,,3:18:25,,2:12:30,6:27:28
1186,225,Irma Baron,F55-59,54,Female,Mexico,42:50,,3:33:07,,2:04:21,6:27:37
1187,308,Michele Sorensen,F55-59,55,Female,United States,48:18,,3:17:27,,2:14:08,6:27:43
1188,1138,Audra Miller,F35-39,213,Female,United States,42:59,,3:22:19,,2:14:11,6:28:00
1189,1493,Hannah Al Khalifa,F25-29,146,Female,Bahrain,41:02,,3:25:31,,2:14:43,6:28:02
1190,167,Lorraine Gersitz,F60-64,18,Female,United States,47:35,,3:15:32,,2:11:34,6:28:06
1191,942,LUIZA FONSECA TAQUES,F40-44,206,Female,Brazil,47:52,,3:27:15,,2:02:41,6:28:07
1192,1250,April Talaue,F30-34,196,Female,Philippines,54:11,,3:20:33,,2:05:39,6:28:35
1193,408,Raewyn King,F50-54,104,Female,New Zealand,39:29,,3:35:24,,2:04:06,6:28:37
1194,265,Glee Jewell,F55-59,56,Female,United States,31:47,,3:31:27,,2:17:02,6:28:43
1195,706,Gisela Weber,F45-49,150,Female,Germany,43:12,,3:28:32,,2:09:34,6:28:53
1196,303,Denise Rhodes,F55-59,57,Female,United States,37:55,,3:18:12,,2:22:23,6:29:02
1197,627,Lesley Maisey,F45-49,151,Female,Canada,51:24,,3:15:37,,2:13:18,6:29:17
1198,190,Susan Olesky,F60-64,19,Female,United States,47:16,,3:25:22,,2:08:40,6:29:49
1199,589,Elaine Hodder,F45-49,152,Female,United States,41:28,,3:26:59,,2:13:09,6:30:05
1200,1044,Meghan Fyfe,F35-39,214,Female,Canada,44:21,,3:14:17,,2:24:20,6:30:10
1201,508,Inna Atkinson,F45-49,153,Female,Germany,41:26,,3:33:55,,2:08:28,6:30:35
1202,1192,Sabine Seibel,F35-39,215,Female,Germany,52:33,,3:20:28,,2:11:28,6:30:39
1203,1350,Kucmierz Marta,F30-34,197,Female,Poland,40:31,,3:38:06,,2:05:07,6:30:50
1204,151,Teri Abrahamzon,F60-64,20,Female,United States,47:33,,3:17:38,,2:17:07,6:30:53
1205,848,Heather Larson,F40-44,207,Female,United Kingdom,39:07,,3:26:39,,2:17:14,6:31:06
1206,467,Ann-Louise Woon,F50-54,105,Female,Australia,46:59,,3:16:51,,2:17:54,6:31:11
1207,1388,Danae Moraitis,F30-34,198,Female,Greece,50:28,,3:33:16,,2:00:06,6:31:36
1208,1748,Charlene Tang,F18-24,71,Female,Singapore,39:21,,3:35:36,,2:05:57,6:31:38
1209,977,Clare Zecher,F40-44,208,Female,United States,39:19,,3:23:23,,2:20:53,6:31:43
1210,864,Adrienne Miller,F40-44,209,Female,United States,46:52,,3:11:52,,2:23:26,6:31:49
1211,574,Lori Gladstone,F45-49,154,Female,United States,42:29,,3:35:31,,2:05:40,6:32:01
1212,1562,Ramona Gysi,F25-29,147,Female,Switzerland,42:49,,3:14:37,,2:25:35,6:32:03
1213,468,Sayuri Kamehama,F50-54,106,Female,Japan,44:29,,3:23:10,,2:11:45,6:32:07
1214,1419,Sandra Hayden,F30-34,199,Female,Ireland,40:51,,3:31:44,,2:11:17,6:32:22
1215,1131,Sarah Mclean,F35-39,216,Female,United States,47:56,,3:25:57,,2:10:30,6:32:23
1216,219,Shelly Andersen,F55-59,58,Female,United States,44:18,,3:19:36,,2:18:24,6:32:30
1217,460,Marika Rohtla,F50-54,107,Female,Estonia,50:13,,3:17:41,,2:15:41,6:32:31
1218,1613,Amanda Morgan Pittman,F25-29,148,Female,United States,41:19,,3:29:48,,2:13:43,6:32:35
1219,316,Catherine Walker,F55-59,59,Female,Canada,42:36,,3:26:38,,2:14:43,6:32:44
1220,976,Lilias Young,F40-44,210,Female,United States,42:36,,3:21:00,,2:20:00,6:32:51
1221,936,Elin Starup,F40-44,211,Female,Denmark,54:58,,3:15:48,,2:13:22,6:33:19
1222,1773,Maria Elena Berriel Gonzalez,F60-64,21,Female,Mexico,51:31,,3:22:40,,2:11:49,6:33:24
1223,372,Beatriz Eugenia Lund,F50-54,108,Female,Argentina,41:20,,3:25:23,,2:17:20,6:33:32
1224,502,Theresa Allison,F45-49,155,Female,United States,42:53,,3:12:20,,2:30:21,6:33:36
1225,243,Joanne Collins,F55-59,60,Female,United States,45:14,,3:25:36,,2:15:00,6:33:37
1226,386,Krista Harms,F50-54,109,Female,United States,45:43,,3:33:43,,2:05:06,6:33:57
1227,504,Lisa Ansin,F45-49,156,Female,United States,45:35,,3:20:23,,2:20:27,6:34:13
1228,344,Lynn Brannon,F50-54,110,Female,United States,39:55,,3:19:15,,2:27:22,6:34:32
1229,288,Jenny O'Hanlon,F55-59,61,Female,South Africa,40:24,,3:24:53,,2:19:57,6:35:31
1230,304,Cheryl Rosentreter,F55-59,62,Female,United States,39:05,,3:29:04,,2:18:33,6:35:43
1231,1454,Katie Stapleton,F30-34,200,Female,United States,44:29,,3:12:01,,2:31:13,6:35:48
1232,797,Rachael Goodwin,F40-44,212,Female,Australia,40:24,,3:29:00,,2:17:06,6:35:48
1233,1763,Dina Altayeb,F45-49,157,Female,Saudi Arabia,44:49,,3:23:05,,2:18:11,6:35:54
1234,260,Laurie Hardage,F55-59,63,Female,Canada,43:28,,3:24:15,,2:17:44,6:35:56
1235,391,Jill Heiser,F50-54,111,Female,United States,40:34,,3:13:05,,2:33:04,6:36:13
1236,547,Samantha Corcoran,F45-49,158,Female,Australia,39:22,,3:29:53,,2:19:00,6:36:28
1237,858,Maria Jose Martinez Maroto,F40-44,213,Female,Spain,39:14,,3:19:43,,2:30:47,6:36:55
1238,1116,Erika Lilley,F35-39,217,Female,United States,35:32,,3:44:40,,2:09:30,6:37:24
1239,351,Sandy Coomer,F50-54,112,Female,United States,50:55,,3:12:34,,2:22:43,6:37:37
1240,172,Francoise Haudry,F60-64,22,Female,France,44:03,,3:14:22,,2:31:59,6:37:37
1241,380,Connie Glueck,F50-54,113,Female,United States,42:33,,3:35:24,,2:09:11,6:37:38
1242,347,Jami Callahan-Brill,F50-54,114,Female,United States,39:12,,3:28:17,,2:20:13,6:37:39
1243,1468,Wai Yan Tsang,F30-34,201,Female,Hong Kong,46:10,,3:23:05,,2:21:25,6:37:43
1244,945,Kristen Thalman,F40-44,214,Female,United States,44:57,,3:28:42,,2:15:53,6:37:45
1245,736,Maryse Bissonnette,F40-44,215,Female,Canada,42:23,,3:19:28,,2:29:48,6:38:39
1246,241,Glenda Clapham,F55-59,64,Female,Canada,40:58,,3:29:28,,2:19:55,6:38:44
1247,481,Kris Stolmeier,F50-54,115,Female,United States,41:01,,3:00:42,,2:50:09,6:38:59
1248,246,Mara Cristina Serrano,F55-59,65,Female,Brazil,32:26,,3:29:37,,2:25:43,6:39:13
1249,603,Anna Johnson,F45-49,159,Female,United States,42:05,,3:29:23,,2:20:01,6:39:17
1250,1647,Meghan Creidler,F25-29,149,Female,United States,28:03,,3:29:55,,2:32:52,6:39:23
1251,434,Barbara Nelson,F50-54,116,Female,United States,45:38,,3:16:41,,2:27:49,6:39:48
1252,538,Christel Chase,F45-49,160,Female,United States,49:06,,3:22:56,,2:18:16,6:39:52
1253,388,Polly Harris,F50-54,117,Female,United States,40:03,,3:23:38,,2:26:24,6:39:52
1254,197,Diane Sandover,F60-64,23,Female,United Kingdom,56:08,,3:14:12,,2:20:35,6:39:53
1255,561,Lora Erickson,F45-49,161,Female,United States,48:11,,3:26:57,,2:18:35,6:39:57
1256,769,Renata Ribeiro,F40-44,216,Female,Panama,36:53,,3:14:40,,2:41:04,6:40:21
1257,278,Charleen Lundberg,F55-59,66,Female,United States,48:28,,3:19:11,,2:24:14,6:40:23
1258,519,Julie Bishop,F45-49,162,Female,Australia,42:07,,3:40:41,,2:07:44,6:40:39
1259,1060,Donne Green,F35-39,218,Female,South Africa,40:00,,3:34:21,,2:19:02,6:40:41
1260,182,Ruth Kohstall,F60-64,24,Female,United States,57:00,,3:16:11,,2:19:49,6:40:47
1261,616,Corine Koster,F45-49,163,Female,Hong Kong,34:15,,3:30:52,,2:25:53,6:40:53
1262,1311,Sarah Goudreau,F30-34,202,Female,United States,48:03,,3:22:00,,2:23:19,6:40:54
1263,1266,Kat Budd,F30-34,203,Female,United Kingdom,42:35,,3:25:58,,2:24:13,6:41:11
1264,218,Leonie Andersen,F55-59,67,Female,Australia,40:57,,3:43:48,,2:09:12,6:41:24
1265,187,Takako Morinaga,F60-64,25,Female,Japan,44:57,,3:26:34,,2:20:34,6:41:42
1266,558,Leesa Eichberger,F45-49,164,Female,United States,35:49,,3:26:27,,2:30:14,6:41:43
1267,302,Cynthia Revesman,F55-59,68,Female,United States,40:10,,3:30:55,,2:16:52,6:41:56
1268,204,Diana Spangle,F60-64,26,Female,United States,47:35,,3:14:00,,2:31:53,6:42:42
1269,256,Sophie Goldine,F55-59,69,Female,Canada,43:34,,3:22:51,,2:25:04,6:42:46
1270,1764,Karine Rouillard,F25-29,150,Female,Canada,51:19,,3:32:53,,2:12:28,6:42:54
1271,661,Naseema Roue,F45-49,165,Female,United Kingdom,47:13,,3:36:04,,2:06:08,6:43:09
1272,181,Jennifer Knowles,F60-64,27,Female,Canada,48:45,,3:15:52,,2:24:39,6:43:16
1273,113,Cherie Gruenfeld,F70-74,1,Female,United States,40:35,,3:30:11,,2:23:56,6:43:22
1274,263,Lorraine Hurley,F55-59,70,Female,United States,51:33,,3:25:09,,2:15:30,6:43:25
1275,824,Kristin Jenssen,F40-44,217,Female,Norway,56:39,,3:27:46,,2:09:12,6:43:31
1276,443,Cathy Parker,F50-54,118,Female,United States,46:27,,3:24:40,,2:22:18,6:43:32
1277,697,Keiko Toichi,F45-49,166,Female,Japan,45:47,,3:33:03,,2:15:43,6:43:46
1278,526,Teresa Brusadin,F45-49,167,Female,United States,48:14,,3:32:45,,2:14:52,6:44:03
1279,567,Lisa Fleisher,F45-49,168,Female,United States,43:01,,3:25:54,,2:26:29,6:44:19
1280,429,Karen MEADOWS,F50-54,119,Female,United States,47:22,,3:18:12,,2:27:07,6:44:22
1281,234,Jamie Bursell,F55-59,71,Female,United States,43:25,,3:22:45,,2:29:05,6:44:28
1282,486,Kathy Turner,F50-54,120,Female,United States,48:22,,3:28:50,,2:19:43,6:45:23
1283,1646,Randi Shiromizu,F25-29,151,Female,United States,36:43,,3:30:58,,2:28:11,6:45:23
1284,296,Beth Pringle,F55-59,72,Female,United States,47:26,,3:22:51,,2:24:25,6:45:43
1285,446,Cynthia Perkins,F50-54,121,Female,United States,55:45,,3:26:43,,2:15:03,6:45:52
1286,155,Leslie Bartoshesky,F60-64,28,Female,United States,40:16,,3:38:34,,2:14:30,6:46:12
1287,1285,Saskia De Jong,F30-34,204,Female,Canada,38:34,,3:26:09,,2:32:17,6:46:41
1288,111,Natalie Grabow,F70-74,2,Female,United States,45:11,,3:21:23,,2:28:31,6:47:04
1289,1438,Claire Rye,F30-34,205,Female,New Zealand,42:29,,3:31:55,,2:23:50,6:47:05
1290,385,Jane Hardy,F50-54,122,Female,Australia,50:11,,3:28:27,,2:20:05,6:47:16
1291,1624,Carolina Orrego Villa,F25-29,152,Female,Chile,38:57,,3:47:55,,2:14:19,6:47:21
1292,1217,Jennifer Turchin,F35-39,219,Female,United States,38:26,,3:25:04,,2:36:37,6:48:15
1293,1485,Quinn Widrick,F30-34,206,Female,Canada,45:01,,3:32:02,,2:21:59,6:48:43
1294,327,Sarah Adlam,F50-54,123,Female,United Kingdom,42:37,,3:30:24,,2:28:12,6:48:59
1295,741,Mônica Brenes Villalobos,F40-44,218,Female,Costa Rica,37:24,,3:54:32,,2:07:43,6:49:33
1296,1610,Henriette Mero,F25-29,153,Female,Norway,43:54,,3:10:16,,2:48:39,6:49:34
1297,154,Amy Bade,F60-64,29,Female,United States,40:43,,3:26:02,,2:32:25,6:50:07
1298,108,Marge Burley,F70-74,3,Female,United States,38:56,,3:26:20,,2:35:13,6:50:11
1299,309,Kate Stannett,F55-59,73,Female,United Kingdom,40:04,,3:34:09,,2:26:38,6:50:16
1300,125,Sue Dejesus,F65-69,3,Female,United States,37:52,,3:40:30,,2:23:41,6:50:21
1301,1019,Carla Coira,F35-39,220,Female,Puerto Rico,44:48,,4:05:21,,1:50:14,6:50:43
1302,1706,Paula Gama Penteado,F18-24,72,Female,Brazil,42:54,,3:40:18,,2:21:14,6:50:50
1303,407,Annemarie Kilshaw,F50-54,124,Female,Australia,40:58,,3:36:41,,2:24:53,6:51:12
1304,1525,Anna Paula Colella,F25-29,154,Female,Brazil,37:11,,3:42:51,,2:23:17,6:51:13
1305,685,Joanne Sorrenson,F45-49,169,Female,Australia,43:13,,3:26:33,,2:26:13,6:53:29
1306,837,Melissa Kinmartin,F40-44,219,Female,United States,44:25,,3:37:48,,2:18:52,6:53:32
1307,691,Melissa Stratton,F45-49,170,Female,United States,43:21,,3:39:47,,2:22:18,6:53:44
1308,142,Margaret Sills,F65-69,4,Female,United Kingdom,46:27,,3:39:48,,2:22:03,6:53:46
1309,1534,Laura Marques,F25-29,155,Female,Brazil,44:27,,3:29:33,,2:29:51,6:53:57
1310,230,Brenda Bettencourt,F55-59,74,Female,United States,40:01,,3:15:08,,2:49:08,6:54:05
1311,362,Laura Docherty,F50-54,125,Female,Canada,51:35,,3:34:30,,2:18:11,6:54:13
1312,1243,Suet Fan Wong,F35-39,221,Female,Hong Kong,41:52,,3:39:24,,2:24:03,6:54:18
1313,482,Beth Strauss,F50-54,126,Female,United States,32:25,,3:24:04,,2:47:51,6:54:39
1314,1021,Melissa Cook,F35-39,222,Female,South Africa,49:11,,3:29:57,,2:27:24,6:55:05
1315,644,Matthew Niermann,F45-49,171,Female,United States,54:18,,3:27:19,,2:23:47,6:55:28
1316,170,Pam Grzybowski,F60-64,30,Female,United States,50:54,,3:29:00,,2:23:59,6:55:52
1317,149,sandi wiebe,F65-69,5,Female,United States,42:18,,3:31:24,,2:31:37,6:55:59
1318,379,Nicole Allen,F50-54,127,Female,Australia,44:53,,3:40:35,,2:21:37,6:55:59
1319,1761,Rui Zhang,F18-24,73,Female,China,35:04,,3:38:59,,2:33:29,6:56:09
1320,228,Mary Beth Begley,F55-59,75,Female,United States,43:41,,3:29:35,,2:34:01,6:56:18
1321,617,Barb Kraus,F45-49,172,Female,United States,48:56,,3:30:06,,2:30:18,6:56:36
1322,712,Leishia Woolwine,F45-49,173,Female,United States,33:40,,3:18:32,,2:53:43,6:56:52
1323,213,Rosemary Wedlake,F60-64,31,Female,Canada,39:20,,3:07:44,,3:00:07,6:57:45
1324,127,Cullen Goodyear,F65-69,6,Female,Canada,45:37,,3:22:30,,2:35:35,6:57:53
1325,291,Annina Pope,F55-59,76,Female,United States,44:56,,3:25:18,,2:38:55,6:58:00
1326,361,Hélène Desrosiers,F50-54,128,Female,Canada,42:25,,4:06:51,,2:01:53,6:58:34
1327,968,Julie Wilford,F40-44,220,Female,South Africa,49:17,,3:36:33,,2:24:56,6:59:32
1328,198,Rubia Maria,F60-64,32,Female,Brazil,39:48,,3:39:08,,2:31:25,6:59:52
1329,683,Myriam Smith,F45-49,174,Female,Austria,47:44,,3:45:21,,2:19:04,6:59:52
1330,937,Cynthia Steele,F40-44,221,Female,United States,51:57,,3:30:16,,2:23:09,7:00:04
1331,1335,Line Thoring Flagstad,F30-34,207,Female,Denmark,48:52,,3:31:11,,2:31:57,7:00:16
1332,150,Teresa Woodhouse,F65-69,7,Female,United States,51:47,,3:43:57,,2:13:33,7:00:50
1333,199,Sheri Schrock,F60-64,33,Female,United States,47:48,,3:18:34,,2:45:44,7:00:50
1334,1360,Wing Yan Li,F30-34,208,Female,Hong Kong,50:08,,3:27:39,,2:34:27,7:01:00
1335,587,Martine Hester,F45-49,175,Female,Netherlands,47:02,,3:24:27,,2:40:10,7:01:16
1336,168,Judith Golledge,F60-64,34,Female,New Zealand,47:09,,3:33:05,,2:30:51,7:01:17
1337,469,Elizabeth Schafer,F50-54,129,Female,United States,42:06,,3:27:39,,2:39:46,7:01:20
1338,433,Monica Neesgaard,F50-54,130,Female,Denmark,48:32,,3:55:48,,2:10:37,7:01:30
1339,122,Peggy Brooks,F65-69,8,Female,United States,49:33,,3:21:34,,2:39:33,7:01:59
1340,399,Megumi Ishikawa,F50-54,131,Female,Japan,45:54,,3:35:24,,2:29:19,7:02:11
1341,439,Morgan Ormsby,F18-24,74,Female,United States,39:45,,3:32:11,,2:42:58,7:02:37
1342,560,Carolina Enockson,F45-49,176,Female,Colombia,52:19,,3:36:06,,2:22:00,7:02:51
1343,129,Linda Honneus,F65-69,9,Female,United States,54:25,,3:32:55,,2:26:23,7:02:51
1344,205,Kathleen Spillane,F60-64,35,Female,United States,50:52,,3:42:34,,2:21:29,7:03:40
1345,609,Suzanne Kimmerle,F45-49,177,Female,Canada,44:58,,3:33:07,,2:38:27,7:04:03
1346,258,Sandy Grosvenor,F55-59,77,Female,United States,41:17,,3:24:03,,2:50:44,7:04:13
1347,273,Lori Kruger,F55-59,78,Female,United States,40:33,,3:47:20,,2:26:48,7:04:50
1348,1222,Aivi Varv,F35-39,223,Female,Estonia,50:06,,3:44:01,,2:21:44,7:04:57
1349,223,REIKO AZAMI,F55-59,79,Female,Japan,46:43,,3:31:17,,2:35:29,7:05:02
1350,915,Shannon Savage,F40-44,222,Female,Australia,47:11,,3:20:39,,2:45:32,7:05:14
1351,157,Susan Briers,F60-64,36,Female,United States,43:56,,3:41:00,,2:30:44,7:05:21
1352,196,Lin Sanders,F60-64,37,Female,United States,42:56,,3:36:59,,2:35:32,7:05:43
1353,147,Janet Van Woudenberg,F65-69,10,Female,Netherlands,46:14,,3:41:26,,2:28:46,7:06:07
1354,1156,Nicole Papas,F35-39,224,Female,Australia,44:21,,3:47:30,,2:25:38,7:06:09
1355,272,Denise Kloeppel,F55-59,80,Female,United States,50:30,,3:37:37,,2:27:12,7:06:21
1356,1307,Mariasole Ghidini,F30-34,209,Female,Italy,48:30,,3:41:52,,2:27:38,7:06:44
1357,266,Sharon Johnston,F55-59,81,Female,United States,58:38,,3:19:05,,2:40:43,7:07:43
1358,1144,Armida Yahel Morales Gil,F35-39,225,Female,Mexico,38:52,,4:14:37,,2:02:28,7:08:39
1359,480,Deborah Stevens,F50-54,132,Female,United States,43:10,,4:05:14,,2:14:11,7:09:26
1360,202,Wendy Sones Leon,F60-64,38,Female,United States,49:52,,3:39:45,,2:29:42,7:10:22
1361,474,Julie Slick,F50-54,133,Female,United States,47:06,,3:37:13,,2:38:02,7:10:25
1362,619,Bik Sai Ida Lee,F45-49,178,Female,Hong Kong,53:18,,3:51:01,,2:14:36,7:10:35
1363,1709,Kade Huckstep,F18-24,75,Female,Australia,47:52,,3:18:26,,2:56:38,7:10:41
1364,1590,Annamarie Krcmar,F25-29,156,Female,Germany,50:35,,3:48:54,,2:21:06,7:10:45
1365,466,Michelle Santos,F50-54,134,Female,Guam,34:04,,3:38:34,,2:48:37,7:10:45
1366,148,Paula Vanantwerp,F65-69,11,Female,United States,43:34,,3:38:15,,2:38:15,7:10:53
1367,215,Sue Willis,F60-64,39,Female,United States,47:48,,3:38:13,,2:32:52,7:10:55
1368,602,Robyn Johns,F45-49,179,Female,Australia,51:55,,3:55:30,,2:16:21,7:11:23
1369,126,Joanne Furu,F65-69,12,Female,United States,55:14,,3:44:37,,2:21:41,7:11:41
1370,140,Shirley Rolston,F65-69,13,Female,New Zealand,50:30,,3:30:55,,2:40:13,7:11:50
1371,1492,Rana Al Alawi,F25-29,157,Female,Bahrain,49:16,,3:42:34,,2:29:29,7:11:57
1372,174,Jennifer Hollibaugh,F60-64,40,Female,United States,50:10,,3:42:27,,2:29:19,7:12:10
1373,1602,Xing Lu,F25-29,158,Female,China,55:53,,3:51:31,,2:15:50,7:12:36
1374,1471,Mariam Turki,F30-34,210,Female,Bahrain,48:48,,3:22:40,,2:51:55,7:12:53
1375,221,Ingrid Arning,F55-59,82,Female,Paraguay,46:35,,3:39:45,,2:34:09,7:13:23
1376,311,Midori Takeuchi,F55-59,83,Female,Japan,49:22,,3:46:40,,2:28:17,7:13:31
1377,185,Laura Libenson,F60-64,41,Female,Argentina,56:46,,3:33:27,,2:31:27,7:13:51
1378,169,Siobhan Greer,F60-64,42,Female,Ireland,47:48,,3:40:19,,2:37:14,7:14:39
1379,116,Joan Lockwood,F70-74,4,Female,United States,43:28,,3:44:18,,2:35:42,7:14:47
1380,274,Kelly Lang,F55-59,84,Female,United States,48:15,,3:31:13,,2:40:18,7:14:48
1381,191,Dianne Power,F60-64,43,Female,Australia,47:55,,3:43:46,,2:28:22,7:15:25
1382,582,Katherine Harris,F45-49,180,Female,United States,44:09,,3:45:04,,2:35:05,7:15:33
1383,189,Christina Norris,F60-64,44,Female,United States,41:20,,3:30:06,,2:54:23,7:15:41
1384,1631,Stephanie Rhodes,F25-29,159,Female,United States,48:48,,3:32:06,,2:48:18,7:15:53
1385,436,Gabriela Obregon,F50-54,135,Female,Argentina,51:46,,3:32:51,,2:42:43,7:16:27
1386,146,Beatrice Van Horne,F65-69,14,Female,United States,40:58,,3:35:33,,2:51:28,7:17:39
1387,555,Nayiri Doudikian-Scaff,F45-49,181,Female,United States,42:40,,4:13:41,,2:13:12,7:20:30
1388,139,Cande Olsen,F65-69,15,Female,United States,47:09,,3:54:03,,2:30:48,7:20:56
1389,289,Catherine Pegon,F55-59,85,Female,France,43:12,,3:39:34,,2:49:42,7:21:33
1390,1355,Chantel Leach,F30-34,211,Female,South Africa,51:44,,3:42:32,,2:38:06,7:21:44
1391,1545,Lucia Fernandez,F25-29,160,Female,Uruguay,50:30,,3:52:38,,2:28:57,7:22:00
1392,395,Margaret Hoff,F50-54,136,Female,Australia,45:33,,3:50:47,,2:33:34,7:23:24
1393,387,Jane Amelia Harries,F50-54,137,Female,United Kingdom,52:00,,3:48:48,,2:33:57,7:24:05
1394,1599,Ling Li,F25-29,161,Female,China,53:08,,3:50:45,,2:28:56,7:24:39
1395,473,Ute Simon,F50-54,138,Female,Germany,46:50,,3:51:17,,2:34:59,7:25:11
1396,224,Traci Baldwin,F55-59,86,Female,Australia,46:56,,3:50:30,,2:38:08,7:25:25
1397,575,Holly Golden,F45-49,182,Female,United States,51:09,,3:49:44,,2:33:17,7:25:45
1398,131,Helen Kaiser,F65-69,16,Female,United States,50:13,,3:37:58,,2:47:11,7:26:33
1399,194,Marci Sadorf,F60-64,45,Female,United States,52:13,,3:47:01,,2:39:21,7:26:39
1400,373,Alison Evely,F50-54,139,Female,United Kingdom,46:11,,3:34:25,,2:54:21,7:27:12
1401,1772,Yoriko Miyagawa,F45-49,183,Female,United States,54:20,,3:38:56,,2:46:33,7:28:03
1402,527,Katrin Buchta,F45-49,184,Female,Germany,39:47,,3:58:59,,2:39:00,7:28:24
1403,245,Jackie Cox,F55-59,87,Female,United States,51:55,,3:47:25,,2:41:11,7:29:33
1404,588,Ingrid Hillhouse,F45-49,185,Female,United States,48:01,,3:33:19,,2:59:22,7:30:46
1405,1551,Katie Gelling,F25-29,162,Female,Australia,43:17,,3:52:41,,2:47:59,7:30:53
1406,184,Sheila Leard,F60-64,46,Female,United States,51:47,,3:35:56,,2:52:24,7:32:03
1407,1680,Maria Alejandra Aguilar Morales,F18-24,76,Female,Costa Rica,53:50,,3:58:47,,2:32:47,7:33:27
1408,229,Letizia Bellesi,F55-59,88,Female,Italy,48:53,,3:52:22,,2:38:45,7:34:02
1409,360,Brett Thomas,F50-54,140,Female,United States,44:39,,3:52:56,,2:48:58,7:34:28
1410,500,Kristen Agren,F45-49,186,Female,United States,58:45,,3:51:54,,2:34:33,7:34:39
1411,106,Sibyl Jacobson,F75-79,1,Female,United States,50:09,,3:49:48,,2:44:50,7:36:43
1412,136,Lynda Neuman,F65-69,17,Female,United States,56:39,,3:41:09,,2:48:41,7:37:10
1413,990,Therese Barker,F35-39,226,Female,Australia,51:32,,3:48:43,,2:49:50,7:37:27
1414,1758,Amber Yu,F18-24,77,Female,Taiwan,1:05:42,,3:42:01,,2:41:18,7:38:10
1415,128,Edie Heideman,F65-69,18,Female,United States,49:20,,3:50:49,,2:46:50,7:38:24
1416,134,Piaggio Maria,F65-69,19,Female,Argentina,1:00:53,,3:38:10,,2:49:24,7:40:33
1417,135,Susan Felicissimo,F65-69,20,Female,United States,58:20,,3:26:41,,3:05:39,7:41:55
1418,133,Patti Lowden,F65-69,21,Female,United States,1:05:56,,3:40:11,,2:45:00,7:43:18
1419,107,Kathleen Broder,F70-74,5,Female,United States,1:00:17,,3:48:01,,2:46:02,7:46:21
1420,877,Nguyễn Thị Gia Huệ,F40-44,223,Female,Vietnam,55:12,,3:52:25,,2:48:13,7:46:29
1421,798,Frances Graterole,F40-44,224,Female,Puerto Rico,46:13,,3:54:49,,2:56:15,7:48:26
1422,684,Kate Sommerville,F45-49,187,Female,Australia,46:06,,4:07:22,,2:45:41,7:49:01
1423,143,Annie Simmons,F65-69,22,Female,Australia,1:05:53,,3:51:17,,2:40:38,7:49:24
1424,1184,Lani Sablan,F35-39,227,Female,Guam,52:08,,3:53:48,,2:55:33,7:51:43
1425,177,Susan Hutchinson,F60-64,47,Female,United States,50:35,,4:01:15,,2:47:05,7:52:11
1426,867,Colleen Moore,F40-44,225,Female,United States,42:37,,3:55:13,,3:09:33,7:57:58
1427,924,Kyrsten Sinema,F40-44,226,Female,United States,49:13,,4:29:11,,2:28:53,7:58:30
1428,882,Mako Omura,F40-44,227,Female,Japan,59:56,,3:57:33,,2:56:52,8:04:22
1429,123,Sue Christopoulos,F65-69,23,Female,United States,52:02,,3:59:53,,3:03:06,8:04:55
1430,381,Laura Goff,F50-54,141,Female,United States,57:13,,4:05:37,,2:54:08,8:05:50
1431,287,Jackie Nunes,F55-59,89,Female,United States,55:45,,3:50:21,,3:15:21,8:13:04
1432,1766,Nancy Mallon,F70-74,6,Female,United States,1:00:20,,4:00:35,,3:09:18,8:21:19
1433,110,Irmgard Gliewe,F70-74,7,Female,Chile,53:52,,3:59:09,,3:53:54,8:58:38
,563,Sophie Evans,F45-49,,Female,Canada,,,,,,
,1279,Caroline Coble,F30-34,,Female,United States,,,,,,
,693,Tina Tanselle,F45-49,,Female,United States,,,,,,
,702,Susanne Vanzijl,F45-49,,Female,United States,,,,,,
,1112,Jennifer Ledford,F35-39,,Female,United States,,,,,,
,1710,Shizuka Ipponnmatsu,F18-24,,Female,Japan,,,,,,
,435,Diana Noble,F50-54,,Female,United States,,,,,,
,1431,Williana Rojas,F30-34,,Female,Panama,,,,,,
,1501,Amanda Goncalves,F25-29,,Female,Brazil,,,,,,
,1489,Yunli Xu,F30-34,,Female,China,,,,,,
,163,Bridget Dawson,F60-64,,Female,United States,,,,,,
,207,Ann Stuntz,F60-64,,Female,United States,,,,,,
,1638,Catherine Sands,F25-29,,Female,Ireland,,,,,,
,649,Julie Paddison,F45-49,,Female,United States,,,,,,
,345,Anja Breitfeld,F50-54,,Female,Germany,,,,,,
,313,Linni TILLER,F55-59,,Female,Norway,,,,,,
,804,Erica Hageman,F40-44,,Female,United States,,,,,,
,317,Denise Webber,F55-59,,Female,United States,,,,,,
,900,Antra Roga,F40-44,,Female,Latvia,,,,,,
,1108,Emily Lanter,F35-39,,Female,United States,,,,,,
,813,Cibelle HERNANDEZ,F40-44,,Female,Mexico,,,,,,
,1460,Chiaki Takata,F30-34,,Female,Japan,,,,,,
,780,Amy Farrell,F40-44,,Female,United States,,,,,,
,137,Paula North,F65-69,,Female,United States,,,,,,
,310,Gro Strande,F55-59,,Female,Norway,,,,,,
,985,Lindsey Amerson,F35-39,,Female,United States,,,,,,
,176,Judith Hudson,F60-64,,Female,United States,,,,,,
,206,Barbara Stielow,F60-64,,Female,Germany,,,,,,
,1455,Bec Stedman,F30-34,,Female,Australia,,,,,,
,275,Patricia Laurent,F55-59,,Female,Argentina,,,,,,
,981,Meredith Zohar,F40-44,,Female,United States,,,,,,
,1609,Lilly Mcnabb,F25-29,,Female,United Kingdom,,,,,,
,630,Kylie Matulick,F45-49,,Female,United States,,,,,,
,943,Kathryn Taylor,F40-44,,Female,United States,,,,,,
,1467,Anna Lena Trautmann,F30-34,,Female,Germany,,,,,,
,1237,Kate Welch,F35-39,,Female,United States,,,,,,
,831,Danielle Kays,F40-44,,Female,United States,,,,,,
,1557,Melanie Gouveia,F25-29,,Female,Canada,,,,,,
,192,Anita Clark,F60-64,,Female,United States,,,,,,
,705,Jennifer Ward,F45-49,,Female,United States,,,,,,
,366,Maria Jones,F50-54,,Female,New Zealand,,,,,,
,1028,Nancy Dadas,F35-39,,Female,United States,,,,,,
,1527,Tamara Cousineau,F25-29,,Female,Canada,,,,,,
,1457,Rebekah Stroman,F30-34,,Female,United States,,,,,,
,535,Marian Carabllo,F45-49,,Female,Puerto Rico,,,,,,
,1523,Rina Cohen,F25-29,,Female,Mexico,,,,,,
,1,Holly Lawrence,FPRO,,Female,United Kingdom,,,,,,
,1750,Domenica Vallejo,F18-24,,Female,Peru,,,,,,
,428,Catherine Mcwilliam,F50-54,,Female,United States,,,,,,
,369,Donna Elliott,F50-54,,Female,United Kingdom,,,,,,
,817,Barkley Hope,F40-44,,Female,United States,,,,,,
,1619,Louise Nistler,F25-29,,Female,United States,,,,,,
,1596,Natally Costa,F25-29,,Female,Brazil,,,,,,
,550,Nicole David,F45-49,,Female,Australia,,,,,,
,580,Liselott Håkansson,F45-49,,Female,Sweden,,,,,,
,485,Debra Tuchner,F50-54,,Female,Canada,,,,,,
,1076,Oriana Heer,F35-39,,Female,Switzerland,,,,,,
,703,Adriana Vilela Montenegro Felipetto,F45-49,,Female,Brazil,,,,,,
,178,Kate Iiams,F60-64,,Female,United States,,,,,,
,109,Judith Garrard,F70-74,,Female,United States,,,,,,
,1167,Lesley Rankin,F35-39,,Female,Canada,,,,,,
,118,Aida Milinarsky,F70-74,,Female,Chile,,,,,,
,1597,Rebecca Leonard,F25-29,,Female,United States,,,,,,
,834,Masako Kida,F40-44,,Female,Japan,,,,,,
,1101,Claire Knight,F35-39,,Female,Canada,,,,,,
,984,Nayla Al Marzooqi,F35-39,,Female,Bahrain,,,,,,
,1301,Briana Frank,F30-34,,Female,United States,,,,,,
,363,Kristen Donohue,F50-54,,Female,United States,,,,,,
,496,Anne Wiley,F50-54,,Female,United States,,,,,,
,1716,Mckenzie Killian,F18-24,,Female,United States,,,,,,
,100,Minda Dentler,FPC,,Female,United States,,,,,,
,1292,Steffi Duss,F30-34,,Female,Switzerland,,,,,,
,1354,Christina Lauer,F30-34,,Female,United States,,,,,,
,119,Marie Neaves,F70-74,,Female,Luxembourg,,,,,,
,763,Thelma D'Amelio,F40-44,,Female,Brazil,,,,,,
,484,Liz Tremain,F50-54,,Female,United States,,,,,,
,873,Stacey Murphy,F40-44,,Female,United States,,,,,,
,195,Myrna Saliba,F60-64,,Female,Bahrain,,,,,,
,162,Betty Crowell,F60-64,,Female,United States,,,,,,
,559,Susan Empey,F45-49,,Female,United States,,,,,,
,249,Karen Dayan,F55-59,,Female,United States,,,,,,
,595,Julie Howle,F45-49,,Female,Australia,,,,,,
,295,Maria Price,F55-59,,Female,United States,,,,,,
,257,Pam Goodley,F55-59,,Female,United States,,,,,,
,338,Hernani Barletta,F50-54,,Female,Argentina,,,,,,
,785,Summer Finnigan,F40-44,,Female,United States,,,,,,
,357,Ann Davidson,F50-54,,Female,United States,,,,,,
,114,Sandra Jackson,F70-74,,Female,United States,,,,,,
,141,Cecelia Rondou,F65-69,,Female,United States,,,,,,
,537,Alessandra Bibas Centa,F45-49,,Female,Brazil,,,,,,
,1001,Briana Noelle Boehmer,F35-39,,Female,United States,,,,,,
,340,Paula Bennett,F50-54,,Female,United States,,,,,,
,450,Sue Pierson,F50-54,,Female,United States,,,,,,
,1622,Gryshyna Oleksandra,F25-29,,Female,Ukraine,,,,,,
,404,Kano Miho,F50-54,,Female,Japan,,,,,,
,1661,Leanne Szeto,F25-29,,Female,Hong Kong,,,,,,
,1106,Segolene Kretz,F35-39,,Female,Switzerland,,,,,,
,958,Pouline Wagtberg,F40-44,,Female,Denmark,,,,,,
,1397,Tamara Rizzi,F30-34,,Female,United States,,,,,,
,1007,Patricia Bravo,F35-39,,Female,Canada,,,,,,
,393,Jane Hermann,F50-54,,Female,Australia,,,,,,
,805,Cortney Haile,F40-44,,Female,United States,,,,,,
,130,Mary Houbolt,F65-69,,Female,United States,,,,,,
,371,Suzanne Endsley,F50-54,,Female,United States,,,,,,
,312,Phan Thi Thu Nguyet,F55-59,,Female,Vietnam,,,,,,
,115,Barbara Lamb,F70-74,,Female,United States,,,,,,
,735,Heather Kluzak,F40-44,,Female,United States,,,,,,
,1672,Helen Wiehr,F25-29,,Female,Germany,,,,,,
,1017,Leoni Christensen,F35-39,,Female,Denmark,,,,,,
,159,Kitty Cole,F60-64,,Female,United States,,,,,,
,1628,Anna Pabinger,F25-29,,Female,Austria,,,,,,
,1356,Olga Lech,F30-34,,Female,Poland,,,,,,
,1208,Karel Sumbal,F35-39,,Female,United States,,,,,,
,152,Atsuko Iwamatsu,F60-64,,Female,Japan,,,,,,
,1367,Pierina Luncio,F30-34,,Female,Puerto Rico,,,,,,
,1210,Julia Sysoeva,F35-39,,Female,Norway,,,,,,
,948,Toni Thorton,F40-44,,Female,Australia,,,,,,
,1488,Colleen Wood,F30-34,,Female,United States,,,,,,
,1504,Emma Bedard,F25-29,,Female,Canada,,,,,,
,1089,Tiencia James,F35-39,,Female,United States,,,,,,
,635,Cheryl Mcmurray,F45-49,,Female,United States,,,,,,
,188,Jitka Newald,F60-64,,Female,United States,,,,,,
,1594,Katrina Lain,F25-29,,Female,United States,,,,,,
,1618,Sara Ng,F25-29,,Female,Singapore,,,,,,
,158,Ann-Marie Burenius,F60-64,,Female,Sweden,,,,,,
,1394,Nattero Alice,F30-34,,Female,Italy,,,,,,
,938,Nell Stephenson,F40-44,,Female,United States,,,,,,
,1118,Baoying Lim,F35-39,,Female,Singapore,,,,,,
,663,Jen Rulon,F45-49,,Female,United States,,,,,,
,746,Cristina Cardoze,F40-44,,Female,Panama,,,,,,
,554,Gina Donato,F45-49,,Female,United States,,,,,,
,633,Wendy Mcdanolds,F45-49,,Female,United States,,,,,,
,186,Kathy Medford,F60-64,,Female,United States,,,,,,
,1128,Becky Matro,F35-39,,Female,United States,,,,,,
,173,Christina Hillkirk,F60-64,,Female,Norway,,,,,,
,1475,Tatiana Vertiz,F30-34,,Female,Mexico,,,,,,
,698,Carolyn Tonelli,F45-49,,Female,Australia,,,,,,
,1325,Maria Hodges,F30-34,,Female,Philippines,,,,,,
,335,Demetra Arapakos,F50-54,,Female,United States,,,,,,
,577,Megan Gray,F45-49,,Female,Australia,,,,,,
,226,Stephanie Bassin,F55-59,,Female,United States,,,,,,
,1085,Emily Inskeep,F35-39,,Female,United States,,,,,,
,995,Melanie Baumann,F35-39,,Female,Switzerland,,,,,,
,1483,Brooke Wells,F30-34,,Female,United States,,,,,,
,25,Barbara Riveros,FPRO,,Female,Chile,,,,,,
,681,Jennifer Smith,F45-49,,Female,United States,,,,,,
,1165,Amanda Purtschert,F35-39,,Female,Ecuador,,,,,,
,925,Konstantina-Nantia Sintzanaki,F40-44,,Female,Greece,,,,,,
,160,Nancy Cole,F60-64,,Female,Canada,,,,,,
,1514,Melissa Camacho,F25-29,,Female,Costa Rica,,,,,,
,917,Jessica Schenkhuizen,F40-44,,Female,United States,,,,,,
,39,Jenny Schulz,FPRO,,Female,Germany,,,,,,
,231,Gigi Boswell,F55-59,,Female,United States,,,,,,
,777,Ashley Couper,F40-44,,Female,Bermuda,,,,,,
,1272,Jennifer Cano,F30-34,,Female,United States,,,,,,
,1074,Qinfang He,F35-39,,Female,China,,,,,,
,144,Cheryl Torr,F65-69,,Female,United States,,,,,,
,253,Barbra Fagan,F55-59,,Female,United States,,,,,,
,1559,Hanna Grinaker,F25-29,,Female,United States,,,,,,
,699,Heidi Underwood,F45-49,,Female,United States,,,,,,
,264,Della Irby,F55-59,,Female,United States,,,,,,
,836,Kyungsook Kim,F40-44,,Female,Korea,,,,,,
,1207,Ann Stuhlmacher,F35-39,,Female,United States,,,,,,
,1437,Kelly Ryan,F30-34,,Female,United States,,,,,,
,38,Heather Jackson,FPRO,,Female,United States,,,,,,
,517,Rachael Beck,F45-49,,Female,Ireland,,,,,,
,117,Christine Mcknight,F70-74,,Female,United States,,,,,,
,201,Nancy Smith,F60-64,,Female,United States,,,,,,
,624,Cynthia Lindeman,F45-49,,Female,United States,,,,,,
,112,Bobbe Greenberg,F70-74,,Female,United States,,,,,,
,673,Michelle Seidel,F45-49,,Female,United States,,,,,,
,37,Pamela Tastets,FPRO,,Female,Chile,,,,,,
,1290,Nicole West,F30-34,,Female,South Africa,,,,,,
,1678,Edith Zariñana Jiménez,F25-29,,Female,Mexico,,,,,,
,339,Anne Becu,F50-54,,Female,France,,,,,,
,1147,Kathryn Murtagh,F35-39,,Female,United Kingdom,,,,,,
,1703,Monica Farrand,F18-24,,Female,United States,,,,,,
,200,Brenda Simpson,F60-64,,Female,Canada,,,,,,
,353,Lynn Cunningham,F50-54,,Female,United States,,,,,,
,35,Allison Baca,FPRO,,Female,United States,,,,,,
,1620,Raquel Nuvolini Wajngarten,F25-29,,Female,Brazil,,,,,,
,717,Yoriko Miyagawa,F45-49,,Female,Japan,,,,,,
,838,Peggy Kleidon,F40-44,,Female,Germany,,,,,,
,298,Vicki Reardon,F55-59,,Female,New Zealand,,,,,,
,564,Kimberly Fabian,F45-49,,Female,Canada,,,,,,
,1634,Nichakarn Ruttanaporn,F25-29,,Female,Thailand,,,,,,
,1187,Cristina Sansonetti,F35-39,,Female,Costa Rica,,,,,,
,342,Karen Blamick,F50-54,,Female,United States,,,,,,
,1081,Johanna Hudson,F35-39,,Female,Canada,,,,,,
,795,Maria Luz Gill,F40-44,,Female,Paraguay,,,,,,
,138,Paula North,F65-69,,Female,United States,,,,,,
,306,Kate Samuelson,F55-59,,Female,United States,,,,,,
,1013,Deirdre Casey,F35-39,,Female,Ireland,,,,,,
,1008,Emma Briggs,F35-39,,Female,United Kingdom,,,,,,
,276,Eha Lehtoja,F55-59,,Female,Estonia,,,,,,
,251,Ann Domigan,F55-59,,Female,United States,,,,,,
,1357,Elodie Lengelle,F30-34,,Female,France,,,,,,
,1759,Marguerite Zaepfel,F18-24,,Female,United States,,,,,,
,1123,Olga Luksa,F35-39,,Female,Latvia,,,,,,
,212,Karen Weatherby,F60-64,,Female,United States,,,,,,
,1183,Bethany Rutledge,F35-39,,Female,United States,,,,,,
,790,Richele Frank,F40-44,,Female,Canada,,,,,,
,358,Sarah Davidson,F50-54,,Female,United States,,,,,,
,1114,Belinda Leppien,F35-39,,Female,Australia,,,,,,
,544,Siobhan Clement,F45-49,,Female,Canada,,,,,,
,1068,Jennifer Harmon,F35-39,,Female,United States,,,,,,
,440,Elizabeth O'sullivan,F50-54,,Female,Australia,,,,,,
,822,Jessica Jacobs,F40-44,,Female,United States,,,,,,
,491,Catalina Voit,F50-54,,Female,Ecuador,,,,,,
,598,Belen Izquierdo Sans,F45-49,,Female,Spain,,,,,,
,1499,Claire Badenhorst,F25-29,,Female,Australia,,,,,,
,458,Linda Robb,F50-54,,Female,United States,,,,,,
,758,Kylie Cox,F40-44,,Female,New Zealand,,,,,,
,348,Diane Calloway,F50-54,,Female,United States,,,,,,
,492,Helle Voss,F50-54,,Female,Denmark,,,,,,
,370,Jane Elton,F50-54,,Female,Australia,,,,,,
,826,Catherine Johnson,F40-44,,Female,United States,,,,,,
,934,Judit Spiegl,F40-44,,Female,Hungary,,,,,,
,1421,Laurel Richardson,F30-34,,Female,Canada,,,,,,
,870,Kristy Morris,F40-44,,Female,Australia,,,,,,
,1589,Joanna Krawiec,F25-29,,Female,Poland,,,,,,
,664,Sandra Salvador,F45-49,,Female,Ecuador,,,,,,
,1688,Minerva Cervantes Ponce,F18-24,,Female,Mexico,,,,,,
,1086,イヌイ タカコ,F35-39,,Female,Japan,,,,,,
,1230,Amanda Ware,F35-39,,Female,United States,,,,,,
,1284,Paula Mey Sousa,F30-34,,Female,Brazil,,,,,,
,516,Erica Baylor,F45-49,,Female,United States,,,,,,
,921,Darla Shinn,F40-44,,Female,United States,,,,,,
,1538,Jourdan Ellis,F25-29,,Female,United States,,,,,,
,324,Lihua Yang,F55-59,,Female,China,,,,,,
,1221,Beate Van Loo-Born,F35-39,,Female,Germany,,,,,,
,1733,Gabrielle Pelchat,F18-24,,Female,Canada,,,,,,
,1055,Ana Paula Guerrero,F35-39,,Female,Mexico,,,,,,
,1052,Julie Bengyak,F35-39,,Female,United States,,,,,,
,962,Elizabeth Waterstraat,F40-44,,Female,United States,,,,,,
,1043,Savannah Fuentes,F35-39,,Female,United States,,,,,,
,1339,Chloe Kay,F30-34,,Female,Australia,,,,,,
,892,Michele Prible,F40-44,,Female,United States,,,,,,
,1434,Chavon Rosenthal,F30-34,,Female,United States,,,,,,
,1370,Meg Macswan,F30-34,,Female,United States,,,,,,
,1387,Paula Mirabile,F30-34,,Female,Argentina,,,,,,
,1084,Alejandra Ibarra Guerrero,F35-39,,Female,Mexico,,,,,,
,689,Angela Stefani,F45-49,,Female,Italy,,,,,,
,1117,Rebecca Lillywhite,F35-39,,Female,United Kingdom,,,,,,
,1050,Jennifer Gibbons,F35-39,,Female,New Zealand,,,,,,
,314,Teresa Tinsley,F55-59,,Female,United States,,,,,,
,431,Kim Michael-Lee,F50-54,,Female,United States,,,,,,
,1299,Marion Fourche,F30-34,,Female,France,,,,,,
,1365,Maria Jose Coco,F30-34,,Female,Mexico,,,,,,
,472,Doerte Siebke,F50-54,,Female,Germany,,,,,,
,597,Maria Ines Villaverde,F45-49,,Female,Argentina,,,,,,
,120,Lesley Tuggle,F70-74,,Female,United States,,,,,,
,352,Gina Correll,F50-54,,Female,United States,,,,,,
,1533,Cecilia Davis-Hayes,F25-29,,Female,United States,,,,,,
,866,Rieko Miyamoto,F40-44,,Female,Japan,,,,,,
,1505,Heidi Benson,F25-29,,Female,United States,,,,,,
,946,Teresa Theaker,F40-44,,Female,Australia,,,,,,
,1313,Lana King,F30-34,,Female,New Zealand,,,,,,
,1238,Claudia Wendt,F35-39,,Female,Germany,,,,,,
,878,Sarah Norman,F40-44,,Female,United Kingdom,,,,,,
,1163,Janna Pratt,F35-39,,Female,United States,,,,,,
,1626,Barbara Perkins,F25-29,,Female,United States,,,,,,
,398,Machado Hursula,F50-54,,Female,Brazil,,,,,,
,54,Valerie Berlanger,FPRO,,Female,Canada,,,,,,
,262,Yan Hu,F55-59,,Female,China,,,,,,
,1314,Lindsay Griffiths,F30-34,,Female,United Kingdom,,,,,,
,815,Tania Hoffmann,F40-44,,Female,Luxembourg,,,,,,
,1583,Kristen King,F25-29,,Female,Canada,,,,,,
,124,Ellen Chu,F65-69,,Female,United States,,,,,,
,209,Betsy Tootell,F60-64,,Female,United States,,,,,,
,585,Jo Haworth,F45-49,,Female,Australia,,,,,,
,1529,Ashlesha Dabir,F25-29,,Female,India,,,,,,
,375,Betsy Fader,F50-54,,Female,,,,,,,
,676,Jennifer Shulstad,F45-49,,Female,United States,,,,,,
,238,Pam Carter,F55-59,,Female,United States,,,,,,
,121,Cheryl Woodworth,F70-74,,Female,United States,,,,,,
