Place,Bib,Name,Age_Group,Group_Rank,Class,Club,Swim,T1,Bike,T2,Run,Finish
1,5003,Lucy Charles-Barclay,FPRO,1,Female,United Kingdom,25:05,1:32,2:29:41,1:22,1:17:14,4:14:54
2,5001,Taylor Knibb,FPRO,2,Female,United States,25:52,1:31,2:28:36,1:34,1:20:21,4:17:55
3,5071,Tanja Neubert,FPRO,3,Female,Germany,27:16,1:28,2:33:51,1:16,1:18:16,4:22:07
4,5011,Georgia Taylor-Brown,FPRO,4,Female,United Kingdom,27:13,1:19,2:36:20,1:25,1:17:30,4:23:47
5,5020,Marjolaine Pierré,FPRO,5,Female,France,28:35,1:26,2:32:36,1:13,1:20:05,4:23:55
6,5010,Solveig Løvseth,FPRO,6,Female,Norway,27:25,1:23,2:35:12,1:24,1:19:24,4:24:48
7,5022,Jess Learmonth,FPRO,7,Female,United Kingdom,25:53,1:21,2:32:34,1:14,1:25:17,4:26:20
8,5025,Lizzie Rayner,FPRO,8,Female,United Kingdom,27:19,1:22,2:38:52,1:23,1:19:46,4:28:42
9,5038,Hanne De Vet,FPRO,9,Female,Belgium,27:14,1:23,2:36:01,1:11,1:24:11,4:30:01
10,5005,Ellie Salthouse,FPRO,10,Female,Australia,27:19,1:20,2:39:39,1:37,1:20:29,4:30:24
11,5043,Sif Bendix Madsen,FPRO,11,Female,Denmark,27:12,1:12,2:31:25,1:26,1:30:12,4:31:26
12,5050,Sara Svensk,FPRO,12,Female,Sweden,30:24,1:36,2:37:48,1:49,1:20:21,4:31:58
13,5030,Bianca Bogen,FPRO,13,Female,Germany,27:14,1:28,2:40:34,1:17,1:21:38,4:32:11
14,5039,Rebecca Anderbury,FPRO,14,Female,United Kingdom,32:07,1:29,2:35:52,1:39,1:22:04,4:33:11
15,5024,Katrine Christensen,FPRO,15,Female,Denmark,29:54,1:32,2:38:56,1:25,1:21:42,4:33:29
16,5046,Nicole Van Der Kaay,FPRO,16,Female,New Zealand,27:10,1:17,2:42:45,1:18,1:21:38,4:34:08
17,5007,Grace Thek,FPRO,17,Female,Australia,28:44,1:30,2:40:52,1:20,1:22:14,4:34:39
18,5047,Jeanne Collonge,FPRO,18,Female,France,29:11,1:55,2:42:21,1:30,1:20:13,4:35:10
19,5041,Djenyfer Arnold,FPRO,19,Female,Brazil,26:59,1:17,2:45:00,1:21,1:20:49,4:35:26
20,5044,Milan Agnew,FPRO,20,Female,Australia,28:33,1:27,2:43:07,1:25,1:22:28,4:37:00
21,5034,Charlene Clavel,FPRO,21,Female,France,28:44,1:44,2:41:50,1:31,1:23:36,4:37:25
22,5037,Megan Mcdonald,FPRO,22,Female,United Kingdom,28:40,1:25,2:42:33,1:29,1:24:38,4:38:46
23,5006,Caroline Pohle,FPRO,23,Female,Germany,27:13,1:20,2:44:03,1:26,1:24:56,4:38:59
24,5059,Solenne Billouin,FPRO,24,Female,France,29:56,1:21,2:42:21,1:12,1:24:30,4:39:19
25,5068,Sandra Huon,FPRO,25,Female,France,32:05,1:39,2:44:27,1:15,1:21:30,4:40:56
26,5016,Danielle Lewis,FPRO,26,Female,United States,29:57,1:24,2:41:58,1:19,1:26:49,4:41:27
27,5049,Lisa Becharas,FPRO,27,Female,United States,29:38,1:24,2:43:39,1:22,1:26:20,4:42:23
28,5031,Maja Stage Nielsen,FPRO,28,Female,Denmark,28:25,1:44,2:44:19,1:29,1:26:28,4:42:25
29,5018,Regan Hollioake,FPRO,29,Female,Australia,28:34,1:52,2:44:15,1:40,1:27:05,4:43:26
30,5065,Bridget Theunissen,FPRO,30,Female,South Africa,29:05,1:43,2:46:59,1:40,1:26:59,4:46:25
31,5029,Cecilia Perez,FPRO,31,Female,Mexico,28:38,1:30,2:52:17,1:36,1:23:04,4:47:04
32,5040,Rachel Brown,FPRO,32,Female,United Kingdom,31:58,1:32,2:48:58,1:26,1:23:27,4:47:22
33,5057,Emilie Morier,FPRO,33,Female,France,28:50,1:41,2:37:52,1:46,1:38:11,4:48:22
34,5070,Francisca Garrido,FPRO,34,Female,Chile,30:22,1:37,2:51:53,1:30,1:23:10,4:48:32
35,5036,Nina Derron,FPRO,35,Female,Switzerland,30:00,1:18,2:48:57,1:30,1:27:16,4:49:01
36,5051,Luisa Iogna Prat,FPRO,36,Female,Italy,27:19,1:23,2:55:06,1:32,1:24:53,4:50:14
37,2657,Corina Hengartner,F45-49,1,Female,Switzerland,31:19,3:49,2:47:29,3:05,1:26:54,4:52:35
38,5056,Jess Smith,FPRO,37,Female,United States,29:52,1:44,2:51:37,1:59,1:27:39,4:52:51
39,2671,Laura Jalasto,F45-49,2,Female,Finland,32:27,3:57,2:47:38,2:45,1:27:05,4:53:51
40,5054,Adele Likin,FPRO,38,Female,United States,31:53,1:42,2:54:14,1:50,1:24:18,4:53:57
41,2133,Larissa Jasper,F25-29,1,Female,Germany,30:33,2:54,2:52:59,4:16,1:23:33,4:54:15
42,2355,Juliette Lucet,F18-24,1,Female,France,28:51,3:05,2:52:18,2:20,1:28:47,4:55:22
43,2453,Eva Marsac,F18-24,2,Female,France,28:21,3:24,2:48:17,3:35,1:32:01,4:55:39
44,2157,Amélie Harter,F25-29,2,Female,France,30:32,2:51,2:57:43,2:41,1:24:21,4:58:07
45,2269,Natasha Harris-White,F30-34,1,Female,United Kingdom,31:36,3:37,2:56:46,2:58,1:23:16,4:58:13
46,2152,Jannine Köppel,F25-29,3,Female,Switzerland,34:08,3:35,2:48:56,2:46,1:29:01,4:58:26
47,2249,Saskia Haug,F25-29,4,Female,Germany,34:20,2:47,2:55:06,2:49,1:23:56,4:58:57
48,1074,Bettina Iseli,F30-34,2,Female,Switzerland,32:44,3:55,2:50:39,3:36,1:28:15,4:59:09
49,142,Christine Verdonck,F40-44,1,Female,Belgium,31:59,3:02,2:48:22,3:18,1:32:49,4:59:30
50,748,Ewelina Wolos,F35-39,1,Female,Poland,37:21,3:15,2:51:01,2:31,1:25:22,4:59:30
51,1957,Hella Haak,F25-29,5,Female,Germany,33:59,2:57,2:52:07,2:32,1:28:03,4:59:39
52,1204,Marit Lindemann,F30-34,3,Female,Germany,36:58,3:33,2:51:19,3:30,1:24:35,4:59:54
53,1952,Janina Fabriz,F25-29,6,Female,Germany,32:40,3:47,2:53:05,2:54,1:27:33,4:59:59
54,946,Aisling Wyer,F30-34,4,Female,Ireland,31:10,3:26,2:56:54,3:16,1:26:09,5:00:55
55,2211,Corina Bello,F25-29,7,Female,Switzerland,35:42,3:34,2:55:58,2:47,1:23:35,5:01:35
56,2328,Darleen Pfister,F18-24,3,Female,Switzerland,31:37,3:07,2:54:30,2:50,1:29:41,5:01:45
57,2307,Emily Bogen,F18-24,4,Female,Germany,28:33,2:40,2:55:57,3:12,1:31:55,5:02:18
58,5060,Kristen Marchant,FPRO,39,Female,Canada,28:48,1:42,2:52:28,2:01,1:37:47,5:02:45
59,266,Alina Hanschke,F40-44,2,Female,Mexico,32:39,2:55,3:02:41,2:46,1:22:00,5:03:00
60,184,Berber Kramer,F40-44,3,Female,Netherlands,35:55,3:06,2:46:42,3:08,1:34:23,5:03:14
61,2295,Rikke Bjerg,F18-24,5,Female,Denmark,33:48,4:07,2:54:39,3:11,1:27:40,5:03:25
62,1958,Vera Van Der Graaf - Paarhuis,F25-29,8,Female,Netherlands,32:36,3:52,2:53:01,2:22,1:31:39,5:03:29
63,1015,Marion Salelles,F30-34,5,Female,France,29:23,3:04,3:00:26,3:24,1:27:23,5:03:40
64,1152,Corina Ryf,F30-34,6,Female,Switzerland,36:45,3:19,2:48:15,2:46,1:32:36,5:03:42
65,1231,Ilona Eversdijk,F30-34,7,Female,Netherlands,30:10,2:56,2:55:11,3:08,1:32:54,5:04:19
66,693,Olga Kowalska,F35-39,2,Female,Poland,34:18,3:35,2:56:36,3:36,1:26:25,5:04:29
67,309,Deirdre Casey,F40-44,4,Female,Ireland,31:15,2:23,2:56:27,2:50,1:31:48,5:04:44
68,5067,Caroline Kaplan,FPRO,40,Female,United States,29:38,1:23,3:03:46,1:55,1:28:11,5:04:53
69,5066,Carolyn Olsen,FPRO,41,Female,United States,34:22,2:24,3:01:08,1:30,1:25:30,5:04:54
70,1986,Katie Walker,F25-29,9,Female,United Kingdom,29:58,3:44,2:59:14,2:55,1:29:12,5:05:03
71,2171,Emeline Delanis,F25-29,10,Female,France,38:51,3:41,2:55:27,4:03,1:23:01,5:05:03
72,1205,Laura John,F30-34,8,Female,Germany,30:50,3:53,2:55:25,4:10,1:31:43,5:06:01
73,2180,Aliisa Heiskanen,F25-29,11,Female,Canada,35:09,3:54,2:52:11,2:51,1:32:08,5:06:13
74,2181,Sarah Etter,F25-29,12,Female,Switzerland,37:33,2:54,2:58:26,2:18,1:25:16,5:06:27
75,662,Becky Woods,F35-39,3,Female,Ireland,31:45,3:47,2:57:00,2:49,1:31:23,5:06:43
76,1256,Theresa Körner,F30-34,9,Female,Germany,30:17,2:58,3:00:15,3:25,1:29:56,5:06:50
77,5062,Freya McKinley,FPRO,42,Female,United States,28:41,1:25,2:55:25,1:36,1:39:53,5:06:59
78,984,Leah Parker,F30-34,10,Female,United States,33:07,3:57,2:58:59,3:31,1:27:30,5:07:04
79,2062,Léa Marchal,F25-29,13,Female,France,26:49,3:37,2:57:18,2:30,1:36:58,5:07:12
80,2185,Alexandra Claasen,F25-29,14,Female,South Africa,37:16,3:20,2:57:34,2:44,1:26:36,5:07:29
81,2001,Carly Schrom,F25-29,15,Female,United States,30:23,3:59,3:07:31,3:04,1:22:37,5:07:34
82,2429,Jana Millat,F18-24,6,Female,Germany,30:37,3:16,3:00:58,3:11,1:29:39,5:07:41
83,1087,Hana Kolárová,F30-34,11,Female,Czechia,38:50,3:30,2:51:41,3:11,1:30:35,5:07:47
84,1071,Karin Kallin,F30-34,12,Female,Sweden,36:02,3:10,2:50:43,2:47,1:35:16,5:07:57
85,1241,Henna Junnila,F30-34,13,Female,Finland,35:48,3:06,2:57:43,3:10,1:28:11,5:07:57
86,2391,Alexandria Emerson,F18-24,7,Female,Australia,34:21,4:11,2:56:13,3:17,1:29:59,5:08:00
87,2286,Milena Kauertz,F18-24,8,Female,Germany,34:26,5:57,2:54:19,2:51,1:30:35,5:08:09
88,714,Kylie Acford,F35-39,4,Female,United Kingdom,33:28,4:26,3:05:01,3:23,1:21:58,5:08:16
89,1976,Zoe Blanchard,F25-29,16,Female,France,33:49,4:41,2:55:59,3:14,1:31:05,5:08:47
90,1072,Caroline Bridges,F30-34,14,Female,United States,28:33,3:39,3:02:39,3:12,1:30:47,5:08:50
91,2044,Chloe Dooley,F25-29,17,Female,United Kingdom,30:32,4:02,3:07:36,2:57,1:23:48,5:08:55
92,790,Anais Robin,F35-39,5,Female,France,33:33,3:26,3:02:57,2:44,1:26:18,5:08:58
93,178,Judit Koronika,F40-44,5,Female,Hungary,33:14,4:25,3:03:31,3:26,1:24:23,5:09:00
94,2136,Rachel Dumbrell,F25-29,18,Female,United Kingdom,32:24,4:13,2:57:20,2:47,1:32:20,5:09:05
95,2107,Jasmin Siersema,F25-29,19,Female,Netherlands,35:46,3:18,2:57:54,2:47,1:29:36,5:09:22
96,635,Kristina Grieger,F35-39,6,Female,Germany,34:01,4:49,2:59:09,2:53,1:28:47,5:09:39
97,594,Cigdem Gulgec,F35-39,7,Female,Turkey,32:27,3:32,3:02:00,3:07,1:28:36,5:09:43
98,1086,Verena Fetzer,F30-34,15,Female,Germany,31:31,3:43,2:57:32,3:15,1:33:43,5:09:43
99,2232,Maialen Azpiazu,F25-29,20,Female,Spain,31:29,3:15,2:58:43,3:13,1:33:06,5:09:46
100,5063,Mariella Sawyer,FPRO,43,Female,South Africa,34:21,1:34,3:01:57,1:21,1:30:33,5:09:46
101,2023,Emma Alitz,F25-29,21,Female,United States,33:22,4:19,2:59:10,3:13,1:29:43,5:09:47
102,1214,Izia Duterrage,F30-34,16,Female,France,29:27,4:02,3:05:36,3:17,1:27:34,5:09:56
103,1286,Amalia Sanchez Albo,F30-34,17,Female,Mexico,31:01,3:18,3:05:12,4:07,1:26:30,5:10:09
104,2508,Jana Richtrova,F45-49,3,Female,Czechia,37:10,4:31,2:49:32,3:36,1:35:40,5:10:31
105,2012,Elizabeth Bulkeley-Bye,F25-29,22,Female,United Kingdom,32:40,3:57,2:58:46,2:50,1:32:21,5:10:34
106,616,Lea Lienshoeft,F35-39,8,Female,Germany,35:52,3:27,2:55:39,2:41,1:33:14,5:10:52
107,2257,Julia Day,F25-29,23,Female,United States,28:24,4:24,3:01:00,3:27,1:34:37,5:11:52
108,933,Natalie Green,F30-34,18,Female,United Kingdom,32:05,3:27,3:02:38,2:45,1:31:01,5:11:57
109,1161,Andrea Mediero,F30-34,19,Female,Spain,36:49,3:32,3:00:02,3:58,1:27:42,5:12:03
110,1042,Lorenza Kessler,F30-34,20,Female,Switzerland,35:32,3:14,2:54:22,3:30,1:35:31,5:12:09
111,640,Mariana Marques,F35-39,9,Female,Portugal,33:17,3:27,3:03:46,2:42,1:28:58,5:12:10
112,1282,Marija Lukina,F30-34,21,Female,Croatia,33:36,4:27,2:59:52,4:11,1:30:09,5:12:15
113,2230,Jana Müller,F25-29,24,Female,Germany,33:02,3:51,2:59:03,2:59,1:33:22,5:12:17
114,1049,Princess Shaddick,F30-34,22,Female,United Kingdom,35:16,4:03,2:58:36,3:10,1:31:25,5:12:29
115,2014,Lauren Burgett,F25-29,25,Female,United States,30:28,4:12,2:59:27,3:17,1:35:16,5:12:40
116,2254,Martyna Lewandowska,F25-29,26,Female,Poland,37:54,2:48,2:58:20,2:39,1:31:01,5:12:43
117,2072,Pia Pfeiffer,F25-29,27,Female,Austria,33:28,3:18,2:47:52,3:36,1:44:35,5:12:48
118,2059,Jenny Meier,F25-29,28,Female,Switzerland,32:44,3:01,3:00:42,2:47,1:33:42,5:12:57
119,2311,Daisy Wright,F18-24,9,Female,Switzerland,34:36,4:51,2:59:24,3:32,1:30:49,5:13:11
120,2057,Aurelie Morizot,F25-29,29,Female,France,36:23,3:25,2:53:47,3:16,1:36:25,5:13:16
121,1269,Özge Uzun,F30-34,23,Female,Turkey,34:24,4:24,2:58:25,3:06,1:33:06,5:13:25
122,2105,Malgorzata Granicka,F25-29,30,Female,Poland,33:44,2:49,2:56:45,3:36,1:36:51,5:13:45
123,5045,Macarena Salazar,FPRO,44,Female,Chile,28:42,1:33,3:04:40,1:45,1:37:35,5:14:15
124,511,Emily Freeman,F35-39,10,Female,United Kingdom,29:22,4:16,3:02:48,3:32,1:34:20,5:14:18
125,2448,Finnja Ernstberger,F18-24,10,Female,Germany,34:23,4:11,3:00:48,3:37,1:31:21,5:14:21
126,2398,Christina Grevy,F18-24,11,Female,Denmark,36:27,4:26,2:59:32,4:00,1:30:17,5:14:43
127,2132,Nina Morris-Evans,F25-29,31,Female,United Kingdom,31:53,4:46,3:11:00,5:00,1:22:12,5:14:52
128,5072,Hannah Sakaluk,FPRO,45,Female,United States,28:36,1:51,3:11:10,1:33,1:31:49,5:14:59
129,658,Katja Schneider,F35-39,11,Female,Germany,34:13,3:44,2:59:50,3:28,1:33:47,5:15:03
130,120,Jenni Paglia,F40-44,6,Female,Italy,37:00,3:11,3:02:10,3:06,1:29:45,5:15:11
131,215,Jeannette Smelt,F40-44,7,Female,Netherlands,37:49,2:38,2:52:32,2:43,1:39:42,5:15:25
132,2193,Giovanna Alves Opipari,F25-29,32,Female,Brazil,31:16,3:16,3:02:47,3:42,1:34:37,5:15:38
133,2334,Pia-Marie Pichler,F18-24,12,Female,Germany,31:21,3:50,2:56:52,2:31,1:41:12,5:15:46
134,493,Kimberly Walter,F35-39,12,Female,Canada,39:18,3:22,2:59:43,3:27,1:30:07,5:15:57
135,2061,Nathalie Scheible,F25-29,33,Female,Germany,35:23,4:47,3:01:39,4:04,1:30:06,5:16:00
136,963,Jessie Swift,F30-34,24,Female,United Kingdom,38:01,3:24,2:57:32,3:24,1:33:49,5:16:10
137,1295,Zuza Modzelewska,F30-34,25,Female,Poland,32:25,3:26,3:05:50,2:45,1:31:45,5:16:11
138,968,Maite Tumani,F30-34,26,Female,Chile,36:20,3:45,2:56:53,2:28,1:36:51,5:16:17
139,2139,Kathryn Donohue,F25-29,34,Female,United States,32:11,4:14,2:58:29,2:57,1:38:27,5:16:19
140,2140,Hannah GUMBLEY,F25-29,35,Female,New Zealand,33:42,4:03,3:00:29,2:54,1:35:20,5:16:29
141,954,Léna Lange-Berteaux,F30-34,27,Female,France,36:48,2:46,2:59:29,2:59,1:34:36,5:16:39
142,1989,Lexi Wright,F25-29,36,Female,United States,38:42,4:43,3:00:39,3:08,1:29:33,5:16:45
143,161,Karolina Jahnz,F40-44,8,Female,Poland,33:04,3:03,3:03:56,3:03,1:33:50,5:16:56
144,2337,Friedel Cuypers,F18-24,13,Female,Belgium,35:59,4:23,3:06:41,3:11,1:26:58,5:17:11
145,490,Anna Kaumanns,F35-39,13,Female,Germany,34:26,3:45,2:58:26,3:23,1:37:14,5:17:14
146,2039,Laura Martinez,F25-29,37,Female,Germany,36:37,4:43,3:08:12,3:33,1:24:10,5:17:14
147,251,Anne Zijderveld,F40-44,9,Female,Netherlands,31:39,4:49,3:06:16,2:51,1:31:45,5:17:20
148,1057,Emily Nagel,F30-34,28,Female,Bermuda,30:56,3:48,3:07:15,2:56,1:32:28,5:17:24
149,2186,Fabienne Zollinger,F25-29,38,Female,Switzerland,36:35,3:03,3:02:08,3:13,1:32:55,5:17:54
150,491,Pauline Duboc,F35-39,14,Female,France,32:46,3:21,3:07:36,2:59,1:31:22,5:18:04
151,517,Helen Perry,F35-39,15,Female,United Kingdom,35:43,3:27,3:06:29,3:24,1:29:03,5:18:05
152,2379,Corinne Yorkman,F18-24,14,Female,United States,28:43,5:21,3:12:01,3:25,1:28:37,5:18:08
153,2004,Cecilia Bosman,F25-29,39,Female,Netherlands,33:31,3:38,3:04:45,2:53,1:33:33,5:18:21
154,2197,Alice Gray,F25-29,40,Female,United Kingdom,29:37,3:07,3:10:18,3:02,1:32:28,5:18:32
155,1975,Sarah Wyatt,F25-29,41,Female,Australia,34:23,4:04,3:08:53,2:44,1:28:47,5:18:51
156,590,Melanie Altenbeck-Zorn,F35-39,16,Female,Germany,36:32,3:14,3:06:27,2:47,1:29:55,5:18:54
157,1120,Tamara Meteleva,F30-34,29,Female,Cyprus,41:17,3:35,3:06:26,2:52,1:24:58,5:19:08
158,923,Courtney Milligan,F30-34,30,Female,Canada,39:04,4:05,3:07:03,3:10,1:25:48,5:19:10
159,961,Dajana Pechtl,F30-34,31,Female,Croatia,29:27,2:58,3:02:14,2:57,1:41:34,5:19:10
160,1991,Ella Sharrock,F25-29,42,Female,United Kingdom,36:47,4:06,3:05:51,3:44,1:28:45,5:19:13
161,1229,Carley Gross,F30-34,32,Female,United States,33:50,3:32,3:03:00,2:49,1:36:04,5:19:15
162,2123,Olivia Lind,F25-29,43,Female,Sweden,38:04,4:37,3:04:45,3:50,1:28:01,5:19:17
163,2076,Pia Opitz,F25-29,44,Female,Germany,36:51,3:25,3:00:10,3:22,1:35:39,5:19:26
164,1048,Henrike Prokopp,F30-34,33,Female,Germany,31:55,2:42,3:09:34,2:47,1:32:35,5:19:34
165,2091,Anna Armfield,F25-29,45,Female,United States,32:20,4:25,3:07:57,3:11,1:31:43,5:19:36
166,2011,ELISE VANHAMME,F25-29,46,Female,France,34:02,4:37,3:05:42,3:13,1:32:03,5:19:37
167,539,Helen O'Neile,F35-39,17,Female,United Kingdom,31:35,3:47,3:01:08,3:41,1:39:29,5:19:40
168,2330,Nicola Lee,F18-24,15,Female,United Kingdom,37:06,4:14,2:56:41,3:35,1:38:19,5:19:54
169,2125,Vivien Bartosch,F25-29,47,Female,Germany,31:48,3:00,3:08:07,3:06,1:34:08,5:20:10
170,2016,Renee Vanderheyden,F25-29,48,Female,Belgium,29:53,4:25,3:02:29,2:53,1:40:34,5:20:14
171,989,Ipek Öztosun,F30-34,34,Female,Turkey,32:38,4:06,3:05:00,3:53,1:34:39,5:20:16
172,2013,Lívia Mihoková,F25-29,49,Female,Slovakia,34:56,3:44,3:09:50,3:21,1:28:36,5:20:27
173,1000,Andrea Gutierrez,F30-34,35,Female,Mexico,30:38,5:10,3:08:28,4:11,1:32:02,5:20:28
174,2423,Elise Pozzebon,F18-24,16,Female,France,30:07,3:08,2:58:53,3:36,1:44:48,5:20:33
175,1691,Sharon Schmidt-Mongrain,F50-54,1,Female,United States,35:32,4:43,3:08:55,3:35,1:27:48,5:20:34
176,1265,Esther Visser,F30-34,36,Female,Netherlands,37:07,4:10,2:54:51,3:04,1:41:31,5:20:43
177,2317,Nadiya Linde-Elmhirst,F18-24,17,Female,Canada,35:45,4:05,3:01:44,2:57,1:36:18,5:20:49
178,1031,Emma Boertjes,F30-34,37,Female,Netherlands,39:59,4:35,3:01:26,3:44,1:31:08,5:20:53
179,1173,Laure Kuntz Waeldin,F30-34,38,Female,France,36:00,4:37,3:01:49,3:34,1:34:58,5:20:57
180,2223,Simona Cargnino,F25-29,50,Female,Italy,34:26,3:30,3:08:24,2:41,1:31:59,5:20:59
181,2018,Isabella Buttaci,F25-29,51,Female,United States,30:06,5:18,3:05:39,3:48,1:36:12,5:21:03
182,803,Sarah Verjans,F35-39,18,Female,Belgium,35:01,2:59,2:56:15,4:29,1:42:19,5:21:03
183,2173,Holly Mei Jones,F25-29,52,Female,United Kingdom,33:05,4:07,3:10:48,2:33,1:30:30,5:21:03
184,1155,Lisa-Ann Preuss,F30-34,39,Female,United States,31:40,4:13,3:06:21,3:13,1:35:44,5:21:11
185,494,Anouk De Jong,F35-39,19,Female,Netherlands,41:50,5:18,2:54:07,3:50,1:36:09,5:21:14
186,1067,Eva Rodriguez De Trujillo Campo-Coss,F30-34,40,Female,Spain,33:12,4:11,3:10:08,3:38,1:30:14,5:21:22
187,1025,Maé Gouelleu,F30-34,41,Female,France,39:26,3:25,3:05:48,4:02,1:28:41,5:21:22
188,2739,Ewa Urbanska,F45-49,4,Female,Poland,36:48,4:29,2:57:42,3:27,1:39:01,5:21:26
189,532,Camilla Zaage,F35-39,20,Female,Germany,38:41,4:11,3:07:15,3:36,1:27:49,5:21:33
190,1081,Jessica Hayes-Hill,F30-34,42,Female,South Africa,29:41,4:00,3:10:45,3:13,1:33:56,5:21:35
191,1874,An Ravestijn,F50-54,2,Female,Belgium,39:29,4:21,3:02:14,2:39,1:32:55,5:21:38
192,1198,Anna Schoenmetzler,F30-34,43,Female,Germany,39:02,3:23,3:05:48,3:21,1:30:06,5:21:40
193,1023,Anna-Elisa Hein,F30-34,44,Female,Germany,37:43,3:37,3:04:24,3:20,1:32:43,5:21:46
194,2077,Jule Foelckel,F25-29,53,Female,Germany,35:52,3:19,3:03:19,2:27,1:37:03,5:22:00
195,2079,Julia Quarezemin,F25-29,54,Female,Brazil,32:13,4:39,3:04:05,4:33,1:36:30,5:22:00
196,2120,Eve Sealy,F25-29,55,Female,United Kingdom,33:47,3:36,2:54:55,2:57,1:46:56,5:22:11
197,1075,Eileen Jacinth,F30-34,45,Female,United States,35:17,3:34,3:01:38,3:21,1:38:28,5:22:18
198,2422,Bella Murdoch,F18-24,18,Female,Australia,38:20,5:00,3:10:42,3:46,1:24:31,5:22:19
199,2266,Leona Rieck,F30-34,46,Female,Germany,34:46,6:47,3:07:22,3:32,1:29:54,5:22:21
200,1098,Alicia Gutiérrez Benito,F30-34,47,Female,Spain,35:06,5:07,3:09:45,3:40,1:28:43,5:22:21
201,1172,Almuth Ripke,F30-34,48,Female,Germany,39:33,4:47,3:00:23,4:01,1:33:39,5:22:23
202,2220,Charlotte Juteau,F25-29,56,Female,France,40:27,5:16,3:05:57,3:12,1:27:38,5:22:30
203,2293,Ruby Hume,F18-24,19,Female,Australia,36:25,4:51,3:15:52,3:07,1:22:19,5:22:35
204,2447,Tamika Baynes,F18-24,20,Female,Australia,32:30,3:01,3:10:35,4:03,1:32:25,5:22:35
205,1094,Pauline Lelait,F30-34,49,Female,France,32:32,3:07,3:13:22,2:47,1:30:48,5:22:37
206,965,Lea Vieljeuf,F30-34,50,Female,France,37:52,5:03,3:03:03,2:36,1:34:03,5:22:38
207,2066,Silya Lüscher,F25-29,57,Female,Switzerland,35:48,3:13,3:06:32,2:47,1:34:24,5:22:45
208,2168,Alina Mesli,F25-29,58,Female,Austria,40:54,5:08,3:01:35,4:50,1:30:20,5:22:47
209,181,Megan Ivers,F40-44,10,Female,United States,32:55,3:52,3:04:36,3:38,1:37:46,5:22:47
210,1266,Jamie Van Lieshout,F30-34,51,Female,Netherlands,38:26,3:52,3:07:42,3:26,1:29:26,5:22:52
211,2291,Lila Bardi,F18-24,21,Female,France,31:16,3:44,3:12:14,4:03,1:31:44,5:23:02
212,1022,Caroline Moyer,F30-34,52,Female,United States,31:38,3:33,3:21:37,2:53,1:23:32,5:23:13
213,924,Louise Schnoor Hansen,F30-34,53,Female,Denmark,37:08,4:02,3:09:53,2:55,1:29:17,5:23:15
214,1116,Roisin Kelleher,F30-34,54,Female,Ireland,41:47,6:00,2:57:00,3:52,1:34:52,5:23:31
215,1058,Daniela Wiefhoff,F30-34,55,Female,Germany,34:45,2:41,3:03:28,3:07,1:39:32,5:23:33
216,1979,Ella Beaver,F25-29,59,Female,United Kingdom,39:13,3:44,3:08:22,3:14,1:29:01,5:23:34
217,509,Brooke Webster,F35-39,21,Female,United Kingdom,34:09,5:07,3:08:16,3:59,1:32:13,5:23:43
218,2019,Lina Schuchmann,F25-29,60,Female,Germany,33:16,3:04,3:10:00,2:58,1:34:31,5:23:48
219,2098,Emily Bonawitt,F25-29,61,Female,United States,34:51,3:33,3:14:21,2:51,1:28:15,5:23:52
220,183,Julie Lachat,F40-44,11,Female,Switzerland,37:07,3:02,3:13:04,3:04,1:27:43,5:24:00
221,416,Cecilia Valdes,F40-44,12,Female,Chile,37:51,2:54,3:05:49,2:40,1:34:49,5:24:04
222,1823,Bettina Steiger,F50-54,3,Female,Switzerland,38:05,3:35,3:04:03,3:14,1:35:12,5:24:08
223,1996,ANA LUIZA ZARDO FERREIRA,F25-29,62,Female,Brazil,38:48,4:38,3:03:29,3:59,1:33:20,5:24:15
224,2169,Kerttu-Liis LAANE,F25-29,63,Female,Estonia,34:18,3:24,3:07:24,3:14,1:36:07,5:24:28
225,2264,Signe Thomasen,F25-29,64,Female,Denmark,32:05,5:19,3:03:36,3:51,1:39:39,5:24:30
226,1185,Nat Morris,F30-34,56,Female,United Kingdom,38:57,4:32,3:02:39,3:28,1:34:58,5:24:33
227,345,Michelle Erwin,F40-44,13,Female,United States,40:01,4:24,2:56:42,3:27,1:39:59,5:24:33
228,2243,Franziska Hinte,F25-29,65,Female,Germany,33:44,3:01,3:05:32,3:12,1:39:13,5:24:40
229,674,Amanda Quinlan,F35-39,22,Female,United States,35:38,5:38,3:07:33,3:28,1:32:35,5:24:53
230,2404,Maddy Adamson,F18-24,22,Female,United Kingdom,35:05,4:16,3:08:48,2:58,1:33:53,5:24:59
231,1068,Monika Wensing,F30-34,57,Female,Germany,38:24,3:37,3:08:05,4:21,1:30:36,5:25:02
232,545,Marie-Cristine Kaptan,F35-39,23,Female,Switzerland,39:08,5:28,3:05:05,4:13,1:31:08,5:25:03
233,2463,Alice Sullivan,F25-29,66,Female,United Kingdom,33:47,3:47,3:11:57,3:11,1:32:22,5:25:05
234,2315,Maddie Beard,F18-24,23,Female,United States,32:04,5:01,3:06:26,4:06,1:37:31,5:25:08
235,330,Leah Roberts,F40-44,14,Female,United States,34:00,3:50,3:08:16,3:00,1:36:02,5:25:09
236,1029,Isabella Luckie,F30-34,58,Female,Mexico,34:20,3:44,3:11:46,4:11,1:31:12,5:25:13
237,2201,Marcia Jerram,F25-29,67,Female,New Zealand,35:37,4:05,3:06:39,3:48,1:35:17,5:25:26
238,2743,Saartje Speleers,F45-49,5,Female,Belgium,40:03,7:08,3:06:31,3:37,1:28:12,5:25:31
239,2154,Haley Thaning,F25-29,68,Female,United States,27:25,4:11,3:15:16,3:25,1:35:18,5:25:35
240,929,Megan Davis,F30-34,59,Female,United Kingdom,40:45,3:28,3:14:21,2:57,1:24:04,5:25:35
241,1982,Mira Hippe,F25-29,69,Female,Germany,38:53,4:44,3:05:53,2:46,1:33:20,5:25:36
242,1531,Marisa Rasetetter,F55-59,1,Female,Australia,32:28,3:31,3:07:47,3:49,1:38:01,5:25:36
243,628,Frankie Snare,F35-39,24,Female,United Kingdom,33:36,4:02,3:11:00,3:14,1:33:44,5:25:37
244,358,Sylvia Hermans,F40-44,15,Female,Belgium,41:33,4:39,2:54:55,3:06,1:41:34,5:25:47
245,2084,Maria Pazmiño,F25-29,70,Female,Ecuador,39:59,4:47,3:06:04,3:41,1:31:19,5:25:51
246,2352,Baresova Lenka,F18-24,24,Female,Czechia,34:22,4:24,3:05:13,3:25,1:38:39,5:26:03
247,576,Annalisa Robertson,F35-39,25,Female,Italy,41:19,5:16,3:04:56,4:13,1:30:21,5:26:05
248,994,Lindsey Lenaerts,F30-34,60,Female,Belgium,37:41,3:44,3:05:02,4:32,1:35:06,5:26:05
249,2275,Federcia Schianchi,F30-34,61,Female,Italy,32:18,4:08,3:12:26,2:41,1:34:48,5:26:21
250,191,Rebecca Sack,F40-44,16,Female,Germany,35:50,3:51,3:07:58,3:28,1:35:16,5:26:23
251,1250,Marion Gaucherand,F30-34,62,Female,France,42:44,3:52,3:06:08,2:21,1:31:28,5:26:32
252,2103,Marylene Lequin,F25-29,71,Female,France,32:03,3:38,3:06:43,3:06,1:41:05,5:26:34
253,1065,Eva Marina Peña,F30-34,63,Female,Chile,41:56,4:31,3:02:46,3:06,1:34:20,5:26:38
254,1285,Christiane Steger,F30-34,64,Female,Germany,37:20,4:12,3:07:31,3:11,1:34:23,5:26:38
255,2380,Maja Falkiewicz,F18-24,25,Female,Germany,31:29,3:11,3:04:45,4:27,1:42:52,5:26:44
256,2451,Kelly Fairon,F18-24,26,Female,South Africa,28:45,3:24,3:09:52,3:25,1:41:20,5:26:47
257,1977,Sophie Lindner,F25-29,72,Female,United States,28:58,4:13,3:12:35,3:45,1:37:41,5:27:11
258,2524,Beate Van Loo-Born,F45-49,6,Female,Switzerland,41:00,4:59,2:59:08,4:15,1:37:51,5:27:13
259,1273,Lindsay Nickel,F30-34,65,Female,United States,38:02,4:03,3:12:48,3:34,1:28:46,5:27:13
260,1139,Lindzi Nader,F30-34,66,Female,Lebanon,32:26,4:10,3:09:23,4:33,1:36:47,5:27:18
261,2035,Berangere Delcourt,F25-29,73,Female,France,38:17,3:56,3:07:59,3:31,1:33:41,5:27:24
262,2350,Malin Ehlers,F18-24,27,Female,Germany,36:17,4:25,3:04:18,2:55,1:39:32,5:27:25
263,512,Lucy Mikkelsen-Barron,F35-39,26,Female,United Kingdom,31:19,4:18,2:59:12,4:02,1:48:40,5:27:31
264,755,Kelsey Barnholt,F35-39,27,Female,United States,38:59,4:02,3:13:40,3:00,1:27:55,5:27:34
265,1267,Brenda Rosso,F30-34,67,Female,Argentina,30:52,4:10,3:15:11,4:02,1:33:26,5:27:42
266,1869,Alexandra Rechel,F50-54,4,Female,Germany,38:36,3:44,3:06:33,2:45,1:36:07,5:27:45
267,1854,Kelly Phuah,F50-54,5,Female,Australia,36:14,4:03,3:01:10,3:13,1:43:06,5:27:46
268,1323,Isabella Acosta-Rubio,F35-39,28,Female,United States,36:17,3:55,3:12:11,5:10,1:30:36,5:28:09
269,956,Alison Doswell,F30-34,68,Female,United States,33:19,5:25,3:10:45,3:34,1:35:07,5:28:11
270,758,Merve Onler,F35-39,29,Female,Turkey,37:00,4:33,3:12:31,3:25,1:30:50,5:28:18
271,991,Kaisa Rahu,F30-34,69,Female,Estonia,38:50,4:22,3:04:29,3:23,1:37:15,5:28:20
272,2373,Mia Hunt,F18-24,28,Female,United Kingdom,29:46,5:25,3:14:02,4:44,1:34:28,5:28:24
273,1104,Clarisse Bailliart,F30-34,70,Female,Canada,34:06,4:24,3:13:34,4:09,1:32:14,5:28:25
274,2221,Sarel De Jong,F25-29,74,Female,Netherlands,37:11,5:09,3:10:10,3:06,1:32:49,5:28:26
275,1998,Manon Vigné,F25-29,75,Female,France,34:22,4:24,3:06:49,3:47,1:39:06,5:28:28
276,2036,Myrna Van Duijven,F25-29,76,Female,Netherlands,28:39,4:34,3:11:40,3:24,1:40:13,5:28:29
277,1145,Victoria Achtig,F30-34,71,Female,Austria,35:35,3:48,3:08:40,4:21,1:36:09,5:28:33
278,2318,Madeline Smith,F18-24,29,Female,United States,33:54,6:10,3:18:20,3:36,1:26:35,5:28:36
279,180,Milica Lekovic,F40-44,17,Female,United Kingdom,36:43,4:25,3:05:29,3:10,1:38:56,5:28:42
280,1322,Krista Kuusijarvi,F35-39,30,Female,Finland,39:49,3:27,3:10:05,2:58,1:32:23,5:28:42
281,746,Jennifer Connet,F35-39,31,Female,United States,35:58,3:52,3:14:30,3:34,1:30:52,5:28:46
282,193,Lauren Lipsey,F40-44,18,Female,United States,36:12,3:33,3:06:54,2:55,1:39:13,5:28:47
283,1193,Agata Litwin-Zurad,F30-34,72,Female,Poland,29:59,3:28,3:14:04,4:06,1:37:11,5:28:48
284,683,Marta Kaminowska Biega?a,F35-39,32,Female,Poland,33:10,4:34,3:17:26,3:10,1:30:35,5:28:56
285,2444,Cléa Lelievre,F18-24,30,Female,France,34:12,4:10,3:16:24,2:59,1:31:30,5:29:15
286,1217,Kayla Gallo,F30-34,73,Female,Canada,39:04,4:11,3:09:48,3:49,1:32:31,5:29:23
287,2740,Amy Kalan,F45-49,7,Female,New Zealand,34:52,4:33,3:06:35,3:40,1:39:47,5:29:28
288,233,Isabelle Vernaz,F40-44,19,Female,France,36:02,3:43,3:15:15,2:36,1:31:55,5:29:31
289,2150,Miranda Evans,F25-29,77,Female,United States,31:05,4:42,3:09:52,4:30,1:39:25,5:29:34
290,985,Lucy Barnes,F30-34,74,Female,United Kingdom,34:32,4:14,3:14:11,3:59,1:32:58,5:29:54
291,936,Orla Murphy,F30-34,75,Female,Ireland,35:00,3:19,3:18:43,3:48,1:29:29,5:30:20
292,2252,FRANCISCA CAMBRA,F25-29,78,Female,Portugal,35:28,4:19,3:14:56,3:35,1:32:08,5:30:26
293,726,Jenny Nae,F35-39,33,Female,Sweden,35:51,3:20,3:19:44,3:44,1:27:47,5:30:26
294,2250,Megan Whitehouse,F25-29,79,Female,United States,41:26,4:41,3:07:03,4:00,1:33:17,5:30:27
295,1216,Laura Gautier,F30-34,76,Female,France,37:17,3:50,3:12:13,3:22,1:33:45,5:30:28
296,2484,Sandra Cummerow,F45-49,8,Female,Germany,30:21,3:41,3:17:51,2:51,1:35:45,5:30:30
297,338,Agnieszka Kropiewnicka,F40-44,20,Female,Poland,33:25,3:17,3:17:52,3:26,1:32:32,5:30:31
298,2161,Hannah Eastman,F25-29,80,Female,United States,29:23,4:12,3:17:27,4:04,1:35:29,5:30:36
299,935,Héléna Herman,F30-34,77,Female,France,31:42,3:04,3:17:19,3:57,1:34:35,5:30:37
300,392,Maike Wolf,F40-44,21,Female,Australia,38:12,3:19,3:09:10,3:45,1:36:14,5:30:41
301,1234,Jasmin Ruppert,F30-34,78,Female,Germany,37:16,4:29,3:11:49,3:54,1:33:27,5:30:54
302,2229,Delina Headle,F25-29,81,Female,United States,36:55,4:14,3:15:16,3:11,1:31:22,5:30:58
303,2086,Hope Hoffman,F25-29,82,Female,United States,32:58,4:04,3:15:58,2:54,1:35:14,5:31:08
304,987,Alexa Scheel,F30-34,79,Female,United States,31:44,3:12,3:09:49,3:22,1:43:13,5:31:19
305,1021,Rennie Tankersley,F30-34,80,Female,United States,42:17,4:48,3:05:35,3:14,1:35:27,5:31:20
306,2316,Eva Bezlaj,F18-24,31,Female,Slovenia,34:41,4:18,3:22:02,2:53,1:27:27,5:31:21
307,1174,Estée Chiara Larivière,F30-34,81,Female,United Kingdom,35:30,3:23,3:07:10,4:11,1:41:07,5:31:21
308,2041,Steph Hird,F25-29,83,Female,Australia,33:30,4:08,3:17:44,3:26,1:32:34,5:31:22
309,528,Carys Jones,F35-39,34,Female,United Kingdom,34:18,4:31,3:11:56,3:40,1:36:56,5:31:23
310,1272,Marta Motylewska,F30-34,82,Female,Poland,45:40,5:28,3:01:09,3:29,1:35:36,5:31:23
311,1243,Kelly Hagerty,F30-34,83,Female,United States,33:45,4:57,3:08:14,4:00,1:40:34,5:31:30
312,1215,Sophie Kirk,F30-34,84,Female,United Kingdom,33:07,5:09,3:08:54,3:46,1:40:47,5:31:43
313,950,Berenice Moreno Angeles,F30-34,85,Female,Mexico,45:12,4:42,3:10:42,3:05,1:28:03,5:31:44
314,1085,Noemi Gonzalez,F30-34,86,Female,Spain,42:20,4:57,3:08:24,4:05,1:32:01,5:31:47
315,1302,Norma Coker,F30-34,87,Female,Mexico,32:05,5:44,3:13:15,5:13,1:35:41,5:31:58
316,1993,Cameron Clarke,F25-29,84,Female,United States,37:16,4:17,3:11:41,3:17,1:35:29,5:32:00
317,800,Jacqui Giuliano,F35-39,35,Female,United States,37:43,4:58,3:18:14,4:43,1:26:24,5:32:02
318,1053,Guillemine Jourdan,F30-34,88,Female,Belgium,36:37,4:34,3:08:02,4:07,1:38:45,5:32:05
319,2366,Lynn Frutiger,F18-24,32,Female,Switzerland,36:19,4:45,3:07:28,4:07,1:39:26,5:32:05
320,2191,Maia Du Toit,F25-29,85,Female,Canada,35:39,4:11,3:12:20,4:09,1:35:48,5:32:07
321,930,Lin Wollants,F30-34,89,Female,Belgium,41:37,3:33,3:05:22,3:35,1:38:01,5:32:08
322,614,Stephanie Morgan,F35-39,36,Female,United States,33:53,4:51,3:15:09,4:41,1:33:37,5:32:12
323,1148,Patricia Rauber,F30-34,90,Female,Switzerland,34:54,3:36,3:04:49,2:47,1:46:10,5:32:15
324,2187,Ellie Hunter,F25-29,86,Female,United Kingdom,30:07,4:04,3:10:19,4:02,1:43:52,5:32:24
325,939,Chia-Chia Chang,F30-34,91,Female,Taiwan,30:37,3:22,3:18:29,4:17,1:35:44,5:32:29
326,2042,Laura Helmantel,F25-29,87,Female,Netherlands,38:01,4:37,3:08:50,5:04,1:36:04,5:32:35
327,1722,Emma Caplan,F50-54,6,Female,United Kingdom,40:13,4:52,3:07:32,3:20,1:36:51,5:32:49
328,981,Vikki Wallace,F30-34,92,Female,United Kingdom,33:26,3:36,3:26:05,4:12,1:25:36,5:32:55
329,2785,Sione Jongstra,F45-49,9,Female,Netherlands,32:16,3:55,3:12:04,3:24,1:41:23,5:33:02
330,2490,Sandra Ofenböck,F45-49,10,Female,Austria,37:49,4:36,3:10:57,2:35,1:37:08,5:33:04
331,1008,Daniela Vega Ortega,F30-34,93,Female,Mexico,39:54,4:38,3:12:58,3:33,1:32:03,5:33:05
332,202,Anne-Katrin Reinl,F40-44,22,Female,Germany,38:43,4:00,3:14:49,3:45,1:31:52,5:33:08
333,261,Johanna Clark,F40-44,23,Female,Australia,36:59,3:14,3:11:59,2:44,1:38:16,5:33:11
334,664,Emely Häger,F35-39,37,Female,Finland,37:59,3:56,3:12:18,2:51,1:36:09,5:33:14
335,813,Anna Ivanova,F35-39,38,Female,Micronesia,35:03,3:31,3:15:24,3:11,1:36:08,5:33:17
336,779,Anaïs Tardieu,F35-39,39,Female,France,37:03,4:17,3:10:56,3:46,1:37:21,5:33:23
337,1028,Nathalie Verschelden,F30-34,94,Female,Belgium,45:55,4:52,3:05:13,4:14,1:33:21,5:33:34
338,1712,Virginie Popieul,F50-54,7,Female,France,34:14,4:42,3:15:13,3:18,1:36:37,5:34:04
339,2046,Clara Debiassi,F25-29,88,Female,Argentina,31:32,3:16,3:19:09,2:41,1:37:29,5:34:06
340,277,Michelle Alferink,F40-44,24,Female,Germany,32:29,3:40,3:11:12,3:20,1:43:29,5:34:11
341,703,Jenny Emick,F35-39,40,Female,United States,35:30,3:50,3:12:55,3:10,1:38:50,5:34:14
342,2343,Reilly Brennan,F18-24,33,Female,United States,29:45,3:25,3:12:59,3:43,1:44:50,5:34:42
343,1130,Martina Süess,F30-34,95,Female,Switzerland,39:32,5:26,3:16:19,3:48,1:29:41,5:34:45
344,2515,Hanna Törnqvist,F45-49,11,Female,Sweden,40:23,4:55,3:08:15,3:40,1:37:40,5:34:53
345,759,Bianca Marcon,F35-39,41,Female,Brazil,32:57,3:47,3:16:23,3:11,1:38:37,5:34:55
346,2547,Tiffany Checca,F45-49,12,Female,United States,44:05,3:39,3:13:59,3:35,1:29:37,5:34:56
347,553,Maria Paula Moreno,F35-39,42,Female,Colombia,39:08,4:26,3:08:34,4:24,1:38:24,5:34:56
348,578,Natalia Arbelaez,F35-39,43,Female,Colombia,39:38,6:53,3:08:21,3:50,1:36:17,5:34:59
349,697,Chrissy Harford,F35-39,44,Female,Ireland,38:51,3:54,3:14:05,3:23,1:34:48,5:35:01
350,507,Nieves Gemio Rodríguez,F35-39,45,Female,Spain,37:51,3:15,3:11:56,3:10,1:38:50,5:35:02
351,2272,Anna Betz,F30-34,96,Female,Germany,38:07,3:47,3:11:26,3:24,1:38:21,5:35:05
352,2472,Marta Sroka,F45-49,13,Female,Poland,41:35,5:04,3:08:47,3:36,1:36:05,5:35:06
353,2153,Olivia Willis,F25-29,89,Female,United Kingdom,29:15,4:51,3:14:46,3:42,1:42:33,5:35:07
354,2155,Charlotte Lang,F25-29,90,Female,Germany,31:50,5:05,3:10:17,3:41,1:44:20,5:35:14
355,1477,Rachel Crunk,F55-59,2,Female,United States,41:43,4:23,3:11:33,4:09,1:33:27,5:35:16
356,1642,Brigitte Mcmahon,F55-59,3,Female,Switzerland,33:41,4:23,3:14:30,3:42,1:39:03,5:35:20
357,2241,Denisa Dvorská,F25-29,91,Female,Slovakia,39:44,3:50,3:11:38,3:23,1:36:59,5:35:33
358,2459,Sabina Bremer,F25-29,92,Female,Switzerland,45:04,5:07,3:04:17,4:38,1:36:35,5:35:42
359,749,Lauren Lehenbauer,F35-39,46,Female,United States,30:49,4:48,3:19:52,3:55,1:36:20,5:35:45
360,1039,Samantha Stopyra-Glover,F30-34,97,Female,United States,32:50,4:10,3:10:57,3:12,1:44:37,5:35:48
361,1222,SHILA MINARI HARGREAVES,F30-34,98,Female,Brazil,36:29,5:19,3:15:34,3:59,1:34:29,5:35:50
362,665,Lisa Holt,F35-39,47,Female,United States,38:54,3:54,3:06:45,3:31,1:42:53,5:35:57
363,2162,Julie Frachette,F25-29,93,Female,France,,,3:10:35,2:59,1:40:01,5:36:06
364,928,Jessica Nicole Alegre,F30-34,99,Female,Brazil,38:30,3:59,3:14:29,3:46,1:35:25,5:36:08
365,219,Carolina Carvalho,F40-44,25,Female,Brazil,45:15,4:40,3:08:23,3:27,1:34:25,5:36:09
366,2351,Julia Staite,F18-24,34,Female,United Kingdom,41:13,5:01,3:09:17,3:20,1:37:21,5:36:12
367,760,Lucy Marland,F35-39,48,Female,United Kingdom,38:31,3:33,3:10:05,4:22,1:39:57,5:36:28
368,2572,Cristine Lopes,F45-49,14,Female,Brazil,45:19,5:31,3:04:48,4:07,1:36:45,5:36:30
369,536,Paulina Yacuta Barragan,F35-39,49,Female,Mexico,38:27,4:17,3:11:52,4:06,1:37:53,5:36:36
370,554,Aleksandra Wiertelak,F35-39,50,Female,Poland,43:10,5:18,3:07:29,4:02,1:36:40,5:36:38
371,1143,Tamara Boeff,F30-34,100,Female,Netherlands,31:54,4:36,3:12:15,4:27,1:43:30,5:36:41
372,638,Olga Mostova,F35-39,51,Female,Ukraine,41:13,3:33,3:05:18,4:32,1:42:05,5:36:41
373,2652,Karine Guillot,F45-49,15,Female,France,42:36,5:40,3:12:15,3:26,1:32:53,5:36:50
374,381,Evelyne Papillon,F40-44,26,Female,Canada,37:35,3:59,3:16:31,3:49,1:35:05,5:36:59
375,537,Kate Hess-Mccarthy,F35-39,52,Female,Ireland,42:18,5:41,3:11:14,4:45,1:33:06,5:37:05
376,2237,Ronja Lund Ankerfelt,F25-29,94,Female,Denmark,36:09,3:50,3:13:43,3:48,1:39:38,5:37:07
377,2454,Karina Clemant,F18-24,35,Female,United States,31:18,3:42,3:13:28,2:49,1:45:54,5:37:11
378,1980,Abigail Saker,F25-29,95,Female,United Kingdom,30:34,4:13,3:19:15,3:34,1:39:36,5:37:12
379,2688,Catiana Brayton,F45-49,16,Female,United States,34:50,4:14,3:14:35,3:09,1:40:30,5:37:17
380,676,Julia Masotti,F35-39,53,Female,Ireland,40:51,5:42,3:09:47,3:33,1:37:26,5:37:21
381,1313,Laura Cook,F35-39,54,Female,United States,28:45,4:51,3:20:20,3:43,1:39:56,5:37:35
382,182,Julie Beauchemin,F40-44,27,Female,Canada,33:49,4:16,3:15:50,3:36,1:40:05,5:37:35
383,941,Celine Ghidoni,F30-34,101,Female,Switzerland,35:09,4:59,3:10:00,4:08,1:43:19,5:37:36
384,646,Mariana Flores,F35-39,55,Female,Mexico,38:05,4:49,3:11:01,4:03,1:39:40,5:37:40
385,1960,Ella Lamplugh,F25-29,96,Female,Australia,37:47,3:15,3:13:39,2:54,1:40:04,5:37:40
386,599,Orthja Efinger,F35-39,56,Female,Germany,44:38,4:31,3:06:38,3:09,1:38:52,5:37:47
387,446,Maria Fraga,F40-44,28,Female,Argentina,36:07,4:42,3:18:15,2:45,1:35:58,5:37:47
388,1685,Helen Ibbotson,F50-54,8,Female,United Kingdom,46:08,5:17,3:12:54,4:42,1:28:49,5:37:49
389,773,Caroline Dias,F35-39,57,Female,Brazil,34:56,4:25,3:15:15,2:51,1:40:27,5:37:55
390,2024,Nanna Sonne,F25-29,97,Female,Denmark,30:28,4:57,3:16:02,4:02,1:42:26,5:37:55
391,2653,Rhian Martin,F45-49,17,Female,United Kingdom,31:56,4:04,3:18:21,3:26,1:40:11,5:37:59
392,144,Luciana Vieira,F40-44,29,Female,Brazil,38:06,5:24,3:15:32,4:04,1:34:57,5:38:03
393,282,Paulina Prugar-Fukowska,F40-44,30,Female,Poland,39:22,3:15,3:16:09,3:21,1:36:02,5:38:08
394,2022,Jana Koubková,F25-29,98,Female,Czechia,30:57,4:06,3:17:40,3:41,1:41:53,5:38:16
395,1481,Lenka Lichnovsky,F55-59,4,Female,Chile,46:04,5:55,3:11:54,4:43,1:29:42,5:38:19
396,208,Paula Munoz Valencia,F40-44,31,Female,Chile,33:11,4:18,3:19:18,3:21,1:38:11,5:38:19
397,2455,Carys Bill,F18-24,36,Female,United Kingdom,34:54,4:35,3:18:02,5:37,1:35:11,5:38:20
398,1230,Laura Bardsley,F30-34,102,Female,United Kingdom,33:17,3:21,3:16:10,4:11,1:41:21,5:38:20
399,2514,Andrea Foianini,F45-49,18,Female,United States,38:44,4:43,3:12:43,5:02,1:37:09,5:38:20
400,2282,Bonnie Watt,F18-24,37,Female,United Kingdom,36:19,6:30,3:09:34,4:32,1:41:28,5:38:23
401,2721,Amy Farrell,F45-49,19,Female,United States,38:54,4:44,3:13:08,3:29,1:38:09,5:38:24
402,1801,LAURA PEDERZOLI,F50-54,9,Female,Italy,37:39,6:24,3:13:56,3:56,1:36:40,5:38:35
403,1236,Maria Fridman,F30-34,103,Female,Uzbekistan,38:26,6:30,3:17:40,4:37,1:31:25,5:38:38
404,1615,Nicole Best,F55-59,5,Female,Germany,33:40,3:43,3:18:33,3:18,1:39:25,5:38:39
405,832,Brenda Iñigo Gamez,F40-44,32,Female,Mexico,34:00,3:27,3:21:00,3:27,1:36:47,5:38:40
406,2338,Natalia Sánchez Torres Vecchi,F18-24,38,Female,Mexico,35:23,4:18,3:15:16,3:23,1:40:22,5:38:42
407,1260,Julia Rohracker,F30-34,104,Female,Germany,37:27,4:02,3:20:11,3:39,1:33:24,5:38:43
408,315,Mélanie Mantha,F40-44,33,Female,Canada,44:37,4:12,3:09:51,3:29,1:36:34,5:38:44
409,1873,Maria Fernanda La Regina,F50-54,10,Female,Brazil,37:32,4:25,3:09:20,3:12,1:44:15,5:38:44
410,629,Anja Sturm,F35-39,58,Female,Germany,38:16,3:54,3:09:52,3:52,1:42:51,5:38:44
411,1296,Rebekka Kalenga,F30-34,105,Female,Austria,40:48,3:06,3:24:49,3:08,1:26:54,5:38:44
412,1144,Mathilde Alster,F30-34,106,Female,Denmark,36:22,3:13,3:19:51,3:23,1:35:56,5:38:45
413,2596,Sylvia Van Tromp,F45-49,20,Female,Saudi Arabia,29:56,4:06,3:12:33,4:45,1:47:26,5:38:46
414,1088,Anni Eskola,F30-34,107,Female,Finland,36:50,3:09,3:08:37,3:28,1:46:43,5:38:48
415,552,Elodie Macquart,F35-39,59,Female,France,43:28,5:25,3:10:13,5:03,1:34:42,5:38:52
416,1126,Emma Taylor,F30-34,108,Female,United States,36:37,4:13,3:13:02,3:00,1:42:03,5:38:55
417,1138,Francesca Ritchie,F30-34,109,Female,United Kingdom,38:35,3:38,3:16:53,3:03,1:36:47,5:38:56
418,660,Shari Livingston,F35-39,60,Female,Australia,33:56,3:45,3:17:13,4:21,1:39:43,5:38:59
419,326,Leah Walland,F40-44,34,Female,United Kingdom,38:38,5:00,3:07:18,4:19,1:43:46,5:39:00
420,2512,M Pilar Ayuso Chico,F45-49,21,Female,Spain,32:09,3:55,3:19:01,5:35,1:38:22,5:39:01
421,822,Debora Borsatto,F35-39,61,Female,Brazil,38:53,4:41,3:08:19,3:41,1:43:35,5:39:08
422,1184,Catherine Rueppel,F30-34,110,Female,United States,34:12,4:35,3:19:32,4:17,1:36:39,5:39:13
423,1306,Johanna Pennella,F30-34,111,Female,Argentina,39:20,3:36,3:15:45,3:05,1:37:29,5:39:15
424,2424,Charlotte Drainer,F18-24,39,Female,United Kingdom,31:47,4:04,3:27:21,3:31,1:32:46,5:39:30
425,1235,Anaelle Gabrieli,F30-34,112,Female,France,42:25,3:41,3:16:48,3:49,1:32:47,5:39:30
426,1950,Pinja Kauppila,F25-29,99,Female,Finland,39:58,3:15,3:16:59,3:32,1:35:46,5:39:31
427,2065,Renata Autrique,F25-29,100,Female,Mexico,35:56,4:17,3:12:25,3:24,1:43:39,5:39:41
428,1221,Emily Arcuri,F30-34,113,Female,United States,31:42,4:38,3:16:56,5:02,1:41:27,5:39:46
429,2778,Philippa Fancourt,F45-49,22,Female,United Kingdom,35:22,4:18,3:14:36,3:17,1:42:15,5:39:48
430,488,Phoebe Adams,F35-39,62,Female,Australia,35:13,5:00,3:12:51,3:32,1:43:24,5:40:01
431,2763,Katarzyna Galewicz,F45-49,23,Female,Poland,44:17,5:23,3:09:00,3:51,1:37:30,5:40:02
432,147,Nina Schneider,F40-44,35,Female,Switzerland,38:17,4:37,3:05:53,3:44,1:47:33,5:40:03
433,2219,Emily Kopas,F25-29,101,Female,United States,31:56,4:43,3:19:13,3:22,1:40:53,5:40:06
434,1003,Alice Peet,F30-34,114,Female,United Kingdom,41:31,4:14,3:15:54,3:26,1:35:05,5:40:10
435,1059,Luisa Lopez Trigos,F30-34,115,Female,Colombia,39:14,6:19,3:12:18,4:10,1:38:12,5:40:13
436,1491,Deanna Newman,F55-59,6,Female,United States,38:12,5:12,3:21:24,4:19,1:31:07,5:40:14
437,2167,Alexia Torres Landa Aizpuru,F25-29,102,Female,Mexico,34:55,5:54,3:26:05,4:41,1:28:45,5:40:21
438,2504,Valérie Schmidt,F45-49,24,Female,Switzerland,35:08,4:16,3:17:17,2:44,1:40:56,5:40:21
439,2776,Helen Watts,F45-49,25,Female,France,38:51,4:43,3:07:53,4:10,1:44:44,5:40:23
440,2501,Lindsay Cole,F45-49,26,Female,Canada,34:39,4:13,3:12:54,3:37,1:45:01,5:40:25
441,943,Emma Mckie,F30-34,116,Female,United Kingdom,35:49,3:56,3:12:40,3:37,1:44:27,5:40:28
442,221,Lindsey Hogan,F40-44,36,Female,Canada,38:17,5:00,3:08:22,3:23,1:45:28,5:40:30
443,1964,Antonia Koch,F25-29,103,Female,Germany,34:45,3:50,3:14:44,3:15,1:43:57,5:40:32
444,1107,Ha Na Lee,F30-34,117,Female,United States,39:25,4:29,3:05:35,3:48,1:47:26,5:40:43
445,1914,Anke Schmitz-Elvenich,F50-54,11,Female,Germany,36:21,3:36,3:24:24,3:30,1:32:53,5:40:44
446,1315,Caitlin Bowerman,F35-39,63,Female,United States,40:12,4:14,3:07:19,3:06,1:45:52,5:40:44
447,1259,AMANDA CRISTINE TORRES GALARDA,F30-34,118,Female,Brazil,40:31,6:56,3:07:51,4:20,1:41:11,5:40:47
448,2433,Louise Parent,F18-24,40,Female,France,38:03,4:38,3:20:29,3:27,1:34:15,5:40:50
449,213,Cynthya Lorena Lozada Gonzalez,F40-44,37,Female,Mexico,41:09,5:31,3:21:07,3:59,1:29:04,5:40:50
450,113,Lindsey Klassen,F40-44,38,Female,Canada,40:26,4:25,3:17:26,3:25,1:35:09,5:40:51
451,973,Morgan Flynn,F30-34,119,Female,United States,29:14,5:46,3:19:35,4:21,1:41:54,5:40:51
452,975,Katherine Godfrey,F30-34,120,Female,United Kingdom,44:15,4:49,3:07:47,4:08,1:39:54,5:40:53
453,1108,Amber Mckenna,F30-34,121,Female,United States,40:46,4:27,3:12:28,3:58,1:39:16,5:40:54
454,762,Naomi Takamine,F35-39,64,Female,Japan,31:35,3:02,3:23:55,3:49,1:38:34,5:40:56
455,2055,Kelsey Pebly,F25-29,104,Female,United States,32:37,5:16,3:10:17,4:08,1:48:45,5:41:02
456,2224,Cassandra Ulivieri,F25-29,105,Female,Italy,34:49,5:32,3:24:43,3:34,1:32:28,5:41:05
457,2460,Claire Stewart,F25-29,106,Female,Canada,38:07,5:44,3:06:36,4:07,1:46:39,5:41:13
458,688,Bieke Trenson,F35-39,65,Female,Belgium,36:13,4:27,3:16:28,3:30,1:40:37,5:41:15
459,2090,Mathilde Touzain,F25-29,107,Female,France,36:35,3:36,3:12:44,2:45,1:45:42,5:41:22
460,376,NUZIA NAILA GOMES BATISTA,F40-44,39,Female,Brazil,44:54,4:36,3:08:37,4:35,1:38:41,5:41:23
461,1109,Mariska De Winter,F30-34,122,Female,Netherlands,37:44,4:09,3:12:07,3:14,1:44:11,5:41:26
462,2340,Natasha Ashton,F18-24,41,Female,Spain,37:41,4:35,3:04:57,3:21,1:50:58,5:41:32
463,119,Anna Lechowicz,F40-44,40,Female,Germany,38:36,3:26,3:18:49,4:11,1:36:30,5:41:32
464,649,Dorothy Bouck-Standen,F35-39,66,Female,United Kingdom,37:52,4:52,3:13:20,4:00,1:41:28,5:41:33
465,331,Laura Mcdonald,F40-44,41,Female,United States,33:42,3:56,3:20:05,4:36,1:39:15,5:41:33
466,2102,Erin Castell,F25-29,108,Female,Canada,31:34,3:38,3:26:55,3:12,1:36:15,5:41:33
467,1030,Claire Mcdugall,F30-34,123,Female,United States,36:37,4:23,3:16:54,3:20,1:40:21,5:41:34
468,2347,Sofia Garefi,F18-24,42,Female,Greece,31:44,3:14,3:11:25,2:53,1:52:20,5:41:36
469,1299,Julia Böttchers,F30-34,124,Female,Germany,36:08,5:07,3:26:33,4:23,1:29:34,5:41:44
470,1177,Sina Kleen,F30-34,125,Female,Germany,37:12,4:02,3:18:06,3:48,1:38:37,5:41:44
471,2216,Laura Crousse,F25-29,109,Female,France,36:10,3:25,3:07:27,3:49,1:50:55,5:41:45
472,205,Linda Striebing,F40-44,42,Female,Germany,44:22,3:55,3:02:16,3:38,1:47:34,5:41:45
473,2708,Jennifer Bach,F45-49,27,Female,Denmark,38:25,4:56,3:16:23,5:31,1:36:32,5:41:47
474,2755,Alessia Ligugnana Cason,F45-49,28,Female,Italy,35:04,5:05,3:13:33,4:51,1:43:14,5:41:48
475,2562,Kate Williams,F45-49,29,Female,United Kingdom,33:40,4:06,3:21:45,3:31,1:38:48,5:41:50
476,2213,Isabelle Darby,F25-29,110,Female,United Kingdom,38:54,4:49,3:09:02,3:28,1:45:42,5:41:55
477,2626,Sarah Lépine,F45-49,30,Female,France,36:01,4:23,3:20:08,3:45,1:37:41,5:41:58
478,960,Melissa Postoll-Downs,F30-34,126,Female,United States,29:05,4:12,3:21:06,2:52,1:44:53,5:42:08
479,700,Whitney Hodge,F35-39,67,Female,United States,31:11,4:33,3:30:34,3:46,1:32:12,5:42:14
480,203,Lindsay Delorme,F40-44,43,Female,United States,39:27,3:28,3:17:31,3:35,1:38:20,5:42:21
481,1135,Isabela Prata,F30-34,127,Female,Brazil,33:49,4:21,3:08:39,4:28,1:51:16,5:42:32
482,1736,Isabel Ide Vinagre,F50-54,12,Female,Chile,44:07,5:15,3:11:30,4:47,1:36:55,5:42:35
483,2214,Johhanna Räppo,F25-29,111,Female,Estonia,37:07,3:41,3:14:45,3:59,1:43:03,5:42:35
484,2303,Marcella TOFT,F18-24,43,Female,Sweden,43:03,5:14,3:13:08,5:03,1:36:15,5:42:42
485,228,Maria Mai,F40-44,44,Female,Germany,35:52,4:13,3:19:05,4:03,1:39:32,5:42:45
486,2621,Andrea Rudin,F45-49,31,Female,Switzerland,34:27,4:12,3:15:11,4:45,1:44:10,5:42:45
487,1608,Kim Bowling,F55-59,7,Female,Australia,33:54,4:11,3:18:13,3:38,1:42:57,5:42:53
488,1136,Bryn Brendamour,F30-34,128,Female,United States,38:44,5:10,3:11:40,5:10,1:42:16,5:43:00
489,1988,Julia Rodriguez,F25-29,112,Female,Mexico,38:33,4:41,3:19:58,4:03,1:35:45,5:43:00
490,1686,Kiersten Hathaway,F50-54,13,Female,United States,46:15,5:30,3:11:29,4:21,1:35:27,5:43:02
491,2630,Bozena Jaskowska,F45-49,32,Female,Poland,38:21,4:40,3:22:00,4:19,1:33:48,5:43:08
492,2554,Mary Corless,F45-49,33,Female,Ireland,36:22,4:17,3:06:29,4:32,1:51:28,5:43:08
493,323,Louise Amyx,F40-44,45,Female,United States,36:01,4:39,3:08:15,3:42,1:50:33,5:43:10
494,2225,Ana Catharina Sebastiany Kondo,F25-29,113,Female,Brazil,30:16,5:38,3:21:17,4:00,1:42:11,5:43:22
495,653,Daniela Marquez,F35-39,68,Female,Colombia,40:29,4:28,3:19:02,3:33,1:35:53,5:43:24
496,2489,Mariet Harper,F45-49,34,Female,South Africa,36:28,4:26,3:25:31,4:03,1:32:56,5:43:25
497,2387,Cora-Alea Colla,F18-24,44,Female,Germany,37:03,4:14,3:24:17,3:17,1:34:37,5:43:28
498,1887,Gesa Heers,F50-54,14,Female,Germany,41:06,3:40,3:15:17,2:52,1:40:34,5:43:29
499,1826,Julita Sikora,F50-54,15,Female,Poland,40:50,4:54,3:16:30,2:54,1:38:30,5:43:37
500,1773,Cindy Brussé,F50-54,16,Female,Netherlands,32:25,3:16,3:18:18,3:58,1:45:43,5:43:40
501,1876,Susana Oillataguerre,F50-54,17,Female,Argentina,39:35,4:12,3:14:26,5:25,1:40:13,5:43:50
502,1147,Lisa Femerling,F30-34,129,Female,Germany,34:29,3:31,3:28:51,5:07,1:31:54,5:43:52
503,2205,Giana Kischmischian,F25-29,114,Female,United States,38:09,4:39,3:06:29,2:56,1:51:47,5:44:00
504,444,Alex Thomas,F40-44,46,Female,Australia,37:11,4:14,3:25:05,3:59,1:33:33,5:44:03
505,1095,Maggie Benhart,F30-34,130,Female,United States,37:55,4:17,3:15:54,3:10,1:42:50,5:44:05
506,2637,Signe Køngerskov,F45-49,35,Female,Denmark,39:12,4:46,3:14:41,4:44,1:40:43,5:44:06
507,967,Alicia Love,F30-34,131,Female,United Kingdom,36:01,3:47,3:19:12,3:41,1:41:28,5:44:09
508,456,Barbara Kiener,F45-49,36,Female,Austria,43:21,5:17,3:18:15,3:39,1:33:39,5:44:11
509,931,Anna Leckel,F30-34,132,Female,Germany,39:27,3:31,3:14:16,3:39,1:43:19,5:44:12
510,673,Juliana Bustos,F35-39,69,Female,Argentina,36:39,3:24,3:15:59,2:55,1:45:20,5:44:16
511,2381,Isabel Collins,F18-24,45,Female,United States,40:27,5:18,3:19:01,4:20,1:35:16,5:44:22
512,1974,Melanie Abbott,F25-29,115,Female,United States,33:25,4:29,3:15:50,3:42,1:46:58,5:44:23
513,2568,Ana Belén Sendin Diego,F45-49,37,Female,Spain,35:37,4:20,3:15:39,4:51,1:43:58,5:44:24
514,2134,Jenny Gormley,F25-29,116,Female,United States,31:41,6:02,3:27:26,6:20,1:32:58,5:44:27
515,1182,Lois Pickering,F30-34,133,Female,Australia,40:31,4:56,3:15:06,4:40,1:39:19,5:44:32
516,2227,Louise Selvang,F25-29,117,Female,Denmark,39:53,4:55,3:13:10,4:15,1:42:21,5:44:34
517,1176,Francesca Cox,F30-34,134,Female,United Kingdom,41:24,4:32,3:17:01,4:28,1:37:09,5:44:35
518,1041,Mariska Heeman,F30-34,135,Female,Netherlands,42:28,4:47,3:19:12,3:29,1:34:42,5:44:38
519,556,Sarah Latonas,F35-39,70,Female,Canada,36:45,6:51,3:17:09,4:15,1:39:44,5:44:43
520,644,Laura Ashton-Edwards,F35-39,71,Female,Canada,39:26,4:11,3:16:43,4:11,1:40:19,5:44:50
521,2326,Naoise O Donnel,F18-24,46,Female,Ireland,31:53,4:27,3:18:39,3:58,1:45:54,5:44:50
522,141,Jane Halliday,F40-44,47,Female,United Kingdom,41:51,4:05,3:16:12,4:27,1:38:18,5:44:52
523,1941,Lindsay Turnbull,F55-59,8,Female,United Kingdom,32:55,6:05,3:20:45,7:01,1:38:07,5:44:53
524,1007,Fanny Debouvries,F30-34,136,Female,France,41:57,4:11,3:18:31,2:49,1:37:27,5:44:55
525,1258,Sarah Hughes-Mclure,F30-34,137,Female,Switzerland,39:04,4:21,3:19:41,3:34,1:38:15,5:44:56
526,2471,Janine Gürsch,F45-49,38,Female,Germany,37:59,4:37,3:15:02,4:17,1:43:02,5:44:57
527,211,Kelly Scates,F40-44,48,Female,South Africa,39:42,5:24,3:05:27,6:22,1:48:18,5:45:14
528,1106,Lorena Cifuentes Aguirre,F30-34,138,Female,Guatemala,31:09,5:05,3:28:09,5:23,1:35:28,5:45:14
529,565,Lucia Laprovitera,F35-39,72,Female,Uruguay,42:33,5:05,3:24:19,3:50,1:29:27,5:45:15
530,964,Santana Silver,F30-34,139,Female,United States,38:49,4:24,3:17:27,4:38,1:39:57,5:45:15
531,2285,Jemma Young,F18-24,47,Female,Australia,37:42,5:02,3:22:06,4:28,1:35:58,5:45:16
532,1301,Breanna Mcphee,F30-34,140,Female,Australia,34:40,4:14,3:11:46,4:35,1:50:01,5:45:16
533,1973,Jade Weber,F25-29,118,Female,Canada,39:34,4:58,3:17:28,4:33,1:38:46,5:45:20
534,123,Elana Taub,F40-44,49,Female,Canada,37:37,6:17,3:13:47,5:17,1:42:22,5:45:20
535,317,Lisa Cabiles,F40-44,50,Female,United States,37:58,6:50,3:17:47,6:02,1:36:46,5:45:23
536,1255,Stephanie Cummings,F30-34,141,Female,United States,42:51,4:57,3:17:49,3:47,1:35:59,5:45:24
537,271,Steffi Lemke,F40-44,51,Female,Germany,39:57,4:00,3:20:58,3:23,1:37:13,5:45:30
538,1249,Rania Nomikou,F30-34,142,Female,Greece,30:52,3:07,3:29:43,3:33,1:38:14,5:45:30
539,268,Pamela Aguilar,F40-44,52,Female,Mexico,35:23,6:51,3:17:51,5:03,1:40:24,5:45:33
540,525,Alexandra Greifendorf,F35-39,73,Female,Germany,39:41,4:50,3:19:18,3:31,1:38:18,5:45:38
541,329,Clare Gwennap,F40-44,53,Female,United Kingdom,36:58,4:13,3:20:51,2:59,1:40:40,5:45:41
542,1985,Sharon Deceuninck,F25-29,119,Female,Belgium,40:01,4:22,3:15:27,2:46,1:43:05,5:45:41
543,1669,Iris Tiedeken,F55-59,9,Female,Germany,36:54,4:56,3:12:29,4:09,1:47:14,5:45:42
544,1070,Anaïs Poujol Delrieu,F30-34,143,Female,France,44:50,4:00,3:18:34,3:19,1:35:08,5:45:50
545,2388,Claire Vandenhouten,F18-24,48,Female,United States,30:15,5:31,3:24:26,3:58,1:41:42,5:45:52
546,1304,Karla Ruiz,F30-34,144,Female,Mexico,44:02,4:40,3:16:07,4:16,1:36:48,5:45:54
547,2038,Libby Davidson,F25-29,120,Female,United States,40:23,4:57,3:25:51,3:46,1:31:02,5:45:59
548,227,Sarah Portella,F40-44,54,Female,United States,43:27,4:40,3:13:09,3:35,1:41:08,5:46:00
549,436,Laura-Ann Hamilton,F40-44,55,Female,United Kingdom,35:27,4:15,3:18:47,4:45,1:42:47,5:46:00
550,2323,Sophie Forsyth,F18-24,49,Female,Canada,34:22,5:10,3:25:43,3:36,1:37:18,5:46:09
551,791,Daniela Andrade,F35-39,74,Female,Peru,34:36,5:16,3:20:04,3:41,1:42:36,5:46:12
552,2273,Cheyenne Nixon,F30-34,145,Female,United States,30:06,4:36,3:22:23,4:18,1:44:51,5:46:14
553,723,Jess Kahnke Pohl,F35-39,75,Female,United States,31:18,4:52,3:23:39,4:30,1:41:57,5:46:15
554,2431,Stine Koczulab,F18-24,50,Female,Denmark,42:35,5:11,3:14:53,3:36,1:40:01,5:46:16
555,2319,Maé Chemin,F18-24,51,Female,France,33:28,4:02,3:27:48,2:47,1:38:12,5:46:17
556,953,Emily Jevons,F30-34,146,Female,United Kingdom,32:15,5:36,3:25:14,5:56,1:37:15,5:46:17
557,2505,Camilla Wilkes,F45-49,39,Female,United Kingdom,39:56,4:52,3:13:44,4:52,1:42:54,5:46:18
558,427,Anna Moskala,F40-44,56,Female,Netherlands,39:29,3:35,3:18:36,4:26,1:40:14,5:46:20
559,148,Tania Rangel,F40-44,57,Female,United States,32:37,4:07,3:27:20,3:46,1:38:37,5:46:26
560,2160,Elizabeth Stangl,F25-29,121,Female,United States,40:28,4:55,3:19:42,4:36,1:36:50,5:46:32
561,514,Milena Muzzolini,F35-39,76,Female,France,43:21,3:50,3:09:26,3:47,1:46:09,5:46:33
562,1916,Nicola King,F50-54,18,Female,United Kingdom,40:06,4:18,3:14:07,4:37,1:43:31,5:46:39
563,2402,Caroline Beard,F18-24,52,Female,United States,40:51,5:05,3:18:12,3:56,1:38:36,5:46:40
564,2199,Sina Hinteregger,F25-29,122,Female,Austria,37:17,4:04,3:11:23,4:30,1:49:27,5:46:41
565,506,Emily Marchant,F35-39,77,Female,United Kingdom,46:56,5:22,3:23:33,4:38,1:26:21,5:46:50
566,978,LARA LYS SCHOLL,F30-34,147,Female,Armenia,41:40,5:13,3:09:34,4:56,1:45:28,5:46:50
567,781,Lenka Šatavová,F35-39,78,Female,Czechia,38:42,4:50,3:27:24,3:31,1:32:24,5:46:51
568,706,Andrea Ramos,F35-39,79,Female,Colombia,34:20,3:53,3:20:51,4:40,1:43:10,5:46:54
569,2010,Ophélie Sigaud,F25-29,123,Female,France,41:35,5:17,3:17:30,4:52,1:37:42,5:46:56
570,2555,Aafke Willemsen,F45-49,40,Female,Netherlands,43:02,5:14,3:18:18,4:37,1:35:45,5:46:57
571,2034,Ashley Danira Salazar Bañuelos,F25-29,124,Female,Mexico,34:58,4:56,3:24:44,4:01,1:38:21,5:47:00
572,2673,Renata Barduco De Oliveira,F45-49,41,Female,Brazil,38:13,5:40,3:15:28,5:00,1:42:42,5:47:03
573,934,Tiffany Marié,F30-34,148,Female,France,35:29,3:07,3:24:18,3:07,1:41:02,5:47:03
574,2411,Ines Tancrede,F18-24,53,Female,France,41:47,5:05,3:15:21,3:10,1:41:41,5:47:04
575,734,Claire Vecchio,F35-39,80,Female,United States,40:24,5:38,3:16:29,5:32,1:39:05,5:47:09
576,798,Mariana Rocha Ferreira,F35-39,81,Female,Portugal,45:01,3:32,3:22:06,2:47,1:33:42,5:47:09
577,1207,Anne-Sophie Retaillé,F30-34,149,Female,France,38:42,4:01,3:14:47,3:48,1:45:52,5:47:11
578,2270,Marie Jobes,F30-34,150,Female,United States,43:01,4:01,3:11:35,3:27,1:45:09,5:47:13
579,2415,Lily Aynsley,F18-24,54,Female,New Zealand,36:39,4:45,3:22:22,4:03,1:39:31,5:47:20
580,767,Sonja Koppers,F35-39,82,Female,Germany,38:57,4:27,3:21:55,3:29,1:38:34,5:47:23
581,2715,Catherine Guyot,F45-49,42,Female,Canada,40:20,4:55,3:17:16,4:01,1:40:57,5:47:28
582,808,Kelli Sheibley,F35-39,83,Female,United States,35:18,3:43,3:17:57,4:35,1:46:03,5:47:35
583,2207,Fabienne Bur,F25-29,125,Female,Switzerland,41:35,5:04,3:20:28,4:04,1:36:28,5:47:39
584,694,Lara Erlank,F35-39,84,Female,Namibia,38:45,5:13,3:16:25,4:35,1:42:44,5:47:42
585,2390,Valerie Palsgraf,F18-24,55,Female,Uruguay,33:47,4:07,3:20:15,2:43,1:46:52,5:47:43
586,955,Rosie Morgan,F30-34,151,Female,United Kingdom,42:05,4:38,3:19:05,4:49,1:37:12,5:47:48
587,2070,Charlotte Wallace,F25-29,126,Female,United States,38:06,5:03,3:23:21,2:32,1:38:50,5:47:52
588,1956,Amélie Duban,F25-29,127,Female,France,44:03,6:09,3:22:56,3:02,1:31:53,5:48:03
589,431,Eugenia Zuluaga,F40-44,58,Female,Colombia,34:14,4:42,3:20:10,4:05,1:44:56,5:48:06
590,2177,Rosie Côté-Denis,F25-29,128,Female,Canada,36:40,4:06,3:20:26,4:18,1:42:36,5:48:06
591,1020,Breanna Stevens,F30-34,152,Female,United States,41:31,5:40,3:23:26,2:56,1:34:36,5:48:08
592,114,SIMONE WALTER,F40-44,59,Female,Germany,37:48,4:25,3:29:41,4:35,1:31:39,5:48:09
593,2643,Emma Claydon,F45-49,43,Female,United Kingdom,36:52,4:29,3:17:49,4:40,1:44:19,5:48:09
594,2371,Lynn Vermeiren,F18-24,56,Female,Belgium,36:09,4:24,3:29:17,3:46,1:34:35,5:48:10
595,1934,Katja Kronschnabl,F50-54,19,Female,Germany,44:54,5:09,3:14:59,3:53,1:39:19,5:48:14
596,310,Julie Laborde,F40-44,60,Female,Canada,38:11,7:03,3:20:58,4:30,1:37:36,5:48:17
597,110,Svetlana Karpeeva,F40-44,61,Female,United States,32:02,4:21,3:28:37,3:13,1:40:05,5:48:18
598,2320,Cléa Pougalan,F18-24,57,Female,France,36:04,4:23,3:24:17,3:45,1:39:49,5:48:20
599,2567,Susanne Ehnbåge,F45-49,44,Female,Sweden,41:01,5:41,3:16:04,3:37,1:42:02,5:48:25
600,1014,Claire Steijn,F30-34,153,Female,Netherlands,45:15,5:00,3:14:45,4:43,1:38:45,5:48:29
601,342,Fernanda Angotti Cucolo,F40-44,62,Female,Brazil,36:10,3:32,3:23:45,3:34,1:41:31,5:48:31
602,1188,Sonja Reiser,F30-34,154,Female,Germany,37:06,5:10,3:23:41,3:37,1:39:03,5:48:38
603,925,Lynn Jabra,F30-34,155,Female,Lebanon,34:47,4:58,3:31:02,3:54,1:33:58,5:48:40
604,1165,Karina Packer,F30-34,156,Female,United States,36:02,3:19,3:24:47,3:40,1:40:51,5:48:40
605,306,Julie Gallagher,F40-44,63,Female,United States,41:51,4:40,3:15:31,4:18,1:42:24,5:48:44
606,1693,Valentina Sestan,F50-54,20,Female,Italy,42:45,4:32,3:20:32,3:26,1:37:33,5:48:49
607,2742,Teresa Green,F45-49,45,Female,United Kingdom,36:07,4:43,3:26:38,3:40,1:37:43,5:48:51
608,1969,Laure Bailly,F25-29,129,Female,France,35:31,4:41,3:22:56,3:17,1:42:28,5:48:52
609,497,Ashley Anderson,F35-39,85,Female,United States,33:53,6:02,3:26:14,4:28,1:38:20,5:48:57
610,1115,Jess Iden,F30-34,157,Female,United Kingdom,34:40,3:57,3:23:15,3:48,1:43:19,5:48:58
611,1690,Fernanda Caio Da Fonseca Morganti,F50-54,21,Female,Brazil,40:39,5:51,3:12:50,3:19,1:46:20,5:48:59
612,2147,Macarena Barroso,F25-29,130,Female,Mexico,39:03,4:45,3:21:00,3:43,1:40:29,5:49:00
613,2487,Laura Fermoso Rodríguez,F45-49,46,Female,Spain,36:25,5:48,3:22:35,4:10,1:40:08,5:49:07
614,1096,AMELIE ROLAND,F30-34,158,Female,Belgium,38:28,3:53,3:13:54,3:26,1:49:28,5:49:10
615,2331,Alice Muratet,F18-24,58,Female,France,39:14,4:46,3:16:49,4:02,1:44:22,5:49:13
616,109,Ursula Seisenberger,F40-44,64,Female,Germany,46:39,3:58,3:09:24,3:53,1:45:21,5:49:16
617,298,Heather Fell,F40-44,65,Female,United Kingdom,34:23,4:31,3:24:05,4:04,1:42:16,5:49:21
618,324,Kathrin Stausberg,F40-44,66,Female,Germany,34:32,5:06,3:24:21,4:11,1:41:14,5:49:24
619,2130,Isabelle Rayner,F25-29,131,Female,United Kingdom,36:06,3:49,3:17:28,3:58,1:48:05,5:49:26
620,2437,Ana Lučić,F18-24,59,Female,Croatia,30:02,6:09,3:22:17,6:31,1:44:29,5:49:27
621,2238,Marie Parmentier,F25-29,132,Female,France,38:57,4:35,3:23:56,3:08,1:38:53,5:49:28
622,1565,Clarisse Ducos,F55-59,10,Female,France,40:03,4:27,3:20:33,4:05,1:40:24,5:49:31
623,1807,Marcella Rietz,F50-54,22,Female,United States,41:04,4:15,3:16:42,3:20,1:44:11,5:49:32
624,257,Melissa Goble,F40-44,67,Female,United States,41:44,4:45,3:20:04,3:44,1:39:26,5:49:44
625,997,Manon Riccetti,F30-34,159,Female,France,43:07,4:38,3:19:54,3:43,1:38:29,5:49:51
626,1175,alizée berté,F30-34,160,Female,France,45:25,3:44,3:15:14,3:29,1:41:59,5:49:51
627,996,Marie-Sara Leclerc,F30-34,161,Female,Canada,39:35,5:00,3:18:06,3:55,1:43:18,5:49:53
628,1496,Sarah Gott,F55-59,11,Female,United States,34:52,5:21,3:18:20,5:32,1:45:52,5:49:58
629,2287,Elina Boue,F18-24,60,Female,France,38:20,4:40,3:26:03,4:18,1:36:39,5:50:01
630,1796,Patrizia Wimmer,F50-54,23,Female,Austria,41:15,5:39,3:21:18,3:32,1:38:21,5:50:06
631,1018,Gabriela Gawel,F30-34,162,Female,Poland,34:11,3:54,3:15:39,4:04,1:52:21,5:50:09
632,428,Anna Wilby-Lopez,F40-44,68,Female,United Kingdom,38:55,4:59,3:24:07,3:58,1:38:10,5:50:09
633,540,Nicole Ducheylard,F35-39,86,Female,Chile,39:11,4:04,3:19:39,3:37,1:43:38,5:50:10
634,999,Ulrike Servos,F30-34,163,Female,Germany,34:16,4:34,3:18:54,3:43,1:48:45,5:50:13
635,1004,Alexandria Ballinger,F30-34,164,Female,United States,43:55,6:57,3:12:04,6:16,1:41:05,5:50:17
636,2006,Gabriela Coloma,F25-29,133,Female,Ecuador,38:42,4:21,3:20:13,3:56,1:43:05,5:50:18
637,611,Nil Yanginoglu,F35-39,87,Female,Turkey,38:35,4:38,3:17:31,4:14,1:45:19,5:50:18
638,2074,Eirin Ronæs Driveklepp,F25-29,134,Female,Norway,42:43,5:31,3:21:25,3:26,1:37:19,5:50:25
639,1829,Valeria Sesto,F50-54,24,Female,Argentina,37:59,5:11,3:31:23,4:35,1:31:17,5:50:25
640,2628,Sandra Smeets,F45-49,47,Female,Netherlands,38:22,4:40,3:22:59,4:52,1:39:33,5:50:26
641,328,Katie Green,F40-44,69,Female,United States,42:38,3:50,3:13:59,4:08,1:45:55,5:50:30
642,2060,Line Sørensen,F25-29,135,Female,Denmark,43:38,6:08,3:14:41,4:54,1:41:10,5:50:31
643,498,Célénie Piccot,F35-39,88,Female,France,37:48,4:46,3:18:18,3:28,1:46:17,5:50:38
644,2434,Claire Koeppel,F18-24,61,Female,United States,30:23,5:09,3:19:38,4:35,1:50:54,5:50:40
645,743,Caroline Hofer,F35-39,89,Female,Switzerland,35:29,3:29,3:15:26,3:12,1:53:08,5:50:44
646,2727,Teresa Webb,F45-49,48,Female,United States,32:14,4:23,3:24:16,4:34,1:45:25,5:50:52
647,1908,Ute Nestler,F50-54,25,Female,Germany,40:06,3:37,3:10:45,2:58,1:53:26,5:50:52
648,1755,Ines Sandbote,F50-54,26,Female,Germany,37:13,5:42,3:14:33,4:24,1:49:03,5:50:55
649,2408,Emily Musgrave,F18-24,62,Female,United Kingdom,41:24,5:02,3:25:45,4:35,1:34:18,5:51:05
650,2164,Natasha Kawam,F25-29,136,Female,Canada,37:57,8:35,3:16:17,7:30,1:40:46,5:51:05
651,2104,Tianna Biscone,F25-29,137,Female,United States,43:38,5:19,3:24:15,3:27,1:34:28,5:51:08
652,2738,Grazyna Bury,F45-49,49,Female,Germany,47:19,4:28,3:09:20,5:42,1:44:26,5:51:15
653,1092,Sina Jacobsen,F30-34,165,Female,Germany,39:46,4:37,3:28:10,5:19,1:33:26,5:51:19
654,2026,Charlotte Spencer,F25-29,138,Female,United Kingdom,41:52,4:48,3:23:12,4:39,1:36:47,5:51:19
655,707,Katie Horan,F35-39,90,Female,United States,37:35,3:39,3:20:26,2:58,1:46:41,5:51:19
656,926,Elle Nauta,F30-34,166,Female,United States,45:31,5:13,3:11:46,4:40,1:44:12,5:51:22
657,383,Daniela Morales-Bermudez,F40-44,70,Female,Peru,35:35,4:15,3:17:51,3:38,1:50:03,5:51:22
658,1202,Vivian Alves Canuto,F30-34,167,Female,Brazil,35:11,6:49,3:28:02,4:23,1:37:02,5:51:27
659,988,Madison Miracle,F30-34,168,Female,United States,35:41,4:28,3:38:51,3:18,1:29:19,5:51:36
660,2456,Maeva Afribo,F18-24,63,Female,France,38:35,5:01,3:21:11,4:01,1:42:51,5:51:39
661,777,Olga Egorova,F35-39,91,Female,Spain,40:07,3:10,3:27:03,3:41,1:37:41,5:51:42
662,573,Katarzyna Karpinska,F35-39,92,Female,Poland,44:28,5:10,3:23:33,4:05,1:34:33,5:51:49
663,2244,Marie Rose Beaulieu-Laroche,F25-29,139,Female,Canada,38:02,4:26,3:26:38,3:44,1:39:05,5:51:55
664,600,Amanda Secco Gregorio,F35-39,93,Female,Brazil,40:22,6:39,3:25:54,3:47,1:35:13,5:51:56
665,2306,Chloe Joughin,F18-24,64,Female,Australia,31:27,3:59,3:26:19,3:59,1:46:12,5:51:57
666,2480,Melyssa Brochu,F45-49,50,Female,Canada,36:45,4:21,3:24:38,4:32,1:41:42,5:51:58
667,672,Amanda Altoe,F35-39,94,Female,Brazil,37:26,6:35,3:24:00,5:00,1:38:59,5:52:00
668,2081,Tori Morgan,F25-29,140,Female,New Zealand,45:01,5:29,3:21:10,4:09,1:36:12,5:52:02
669,916,Penny Guess,F30-34,169,Female,United Kingdom,39:46,6:13,3:26:47,5:43,1:33:38,5:52:07
670,2450,Leeloo Bibes,F18-24,65,Female,France,30:49,4:04,3:20:25,3:59,1:52:50,5:52:08
671,287,Jennifer Stewart,F40-44,71,Female,United Kingdom,35:48,3:37,3:25:40,4:27,1:42:39,5:52:10
672,398,Xenia Parker,F40-44,72,Female,United States,44:22,3:33,3:28:16,3:23,1:32:44,5:52:18
673,124,Lisa Van den Bossche,F40-44,73,Female,Belgium,39:44,3:47,3:21:42,3:20,1:43:47,5:52:19
674,2302,Rebecca Galbraith,F18-24,66,Female,United States,38:22,5:02,3:20:03,3:34,1:45:22,5:52:23
675,983,Eva Lena Koslowski- Gallagher,F30-34,170,Female,Germany,38:46,4:13,3:19:34,4:09,1:45:40,5:52:23
676,702,Julia Priest,F35-39,95,Female,United States,51:20,5:58,3:12:07,4:24,1:38:38,5:52:27
677,400,Rebekah Walker,F40-44,74,Female,United States,39:22,4:22,3:21:56,4:59,1:41:48,5:52:28
678,1047,Erin Hutchinson,F30-34,171,Female,United States,31:06,4:19,3:30:49,3:38,1:42:37,5:52:29
679,2228,Hannah Durbin,F25-29,141,Female,United States,40:02,4:43,3:26:15,3:47,1:37:49,5:52:36
680,2523,Kerstin Troch,F45-49,51,Female,Germany,36:03,4:28,3:22:56,3:54,1:45:16,5:52:37
681,1760,Christel Martinez,F50-54,27,Female,Guadeloupe,40:08,4:58,3:21:23,4:26,1:41:47,5:52:42
682,534,Joyce Wang,F35-39,96,Female,United States,43:01,5:19,3:20:09,5:09,1:39:05,5:52:43
683,236,Susanne Hamper,F40-44,75,Female,Germany,36:43,4:58,3:27:43,4:04,1:39:17,5:52:45
684,1978,Rachelle Dion,F25-29,142,Female,Canada,34:31,5:36,3:36:54,3:44,1:32:03,5:52:48
685,2030,Hannah Boyce,F25-29,143,Female,United States,33:27,5:25,3:22:35,3:14,1:48:08,5:52:48
686,794,Tuxa Fdez-Coronado Alonso,F35-39,97,Female,Spain,41:37,4:20,3:17:36,3:51,1:45:29,5:52:53
687,156,Anne Roesler,F40-44,76,Female,Germany,39:35,5:17,3:28:10,3:29,1:36:24,5:52:54
688,130,Stephanie Go,F40-44,77,Female,United States,41:38,3:58,3:20:08,3:39,1:43:31,5:52:55
689,2389,Veronique Gravel,F18-24,67,Female,Canada,41:53,5:06,3:17:08,4:11,1:44:40,5:52:57
690,2613,Cristina Resinas Peña,F45-49,52,Female,Spain,38:04,5:05,3:28:14,4:37,1:37:01,5:53:00
691,1196,Magdalena Mickiewicz,F30-34,172,Female,Poland,37:37,4:14,3:26:14,3:00,1:41:58,5:53:02
692,1949,Marie Trépanier,F25-29,144,Female,Canada,36:16,4:26,3:25:28,3:48,1:43:06,5:53:03
693,799,Clemence Guibert,F35-39,98,Female,France,38:35,5:44,3:22:32,4:27,1:41:48,5:53:06
694,948,Kate Wheaton,F30-34,173,Female,Australia,35:59,5:01,3:41:13,3:44,1:27:19,5:53:15
695,2491,Leslie Zavala,F45-49,53,Female,Mexico,42:13,5:08,3:14:59,4:19,1:46:43,5:53:22
696,1758,Fran Bungay,F50-54,28,Female,United Kingdom,41:23,4:37,3:09:56,4:11,1:53:19,5:53:25
697,602,Andzelina Malinowska,F35-39,99,Female,Poland,47:17,4:46,3:21:16,3:11,1:36:55,5:53:25
698,1005,Pascale Claveau,F30-34,174,Female,Canada,41:16,3:11,3:21:36,2:48,1:44:34,5:53:25
699,2565,Nicole Buytaert,F45-49,54,Female,Belgium,40:10,5:16,3:20:29,5:55,1:41:39,5:53:29
700,1841,Joanna Tywczynski,F50-54,29,Female,Germany,43:50,4:52,3:19:43,3:11,1:41:57,5:53:33
701,1045,Madison Rodenstine,F30-34,175,Female,United States,34:43,4:54,3:20:54,4:29,1:48:36,5:53:36
702,1734,Estela Peris,F50-54,30,Female,Spain,40:23,4:40,3:28:08,3:25,1:37:02,5:53:39
703,1051,Carolin Hoffmann,F30-34,176,Female,Germany,42:22,5:40,3:27:27,5:56,1:32:23,5:53:48
704,1017,Lea Dehner,F30-34,177,Female,Germany,41:39,2:50,3:19:17,3:20,1:46:48,5:53:53
705,958,Federica GNOCCHI,F30-34,178,Female,Italy,35:47,5:18,3:21:27,4:57,1:46:25,5:53:54
706,1595,Peggy Yetman,F55-59,12,Female,United States,39:08,6:04,3:15:16,4:23,1:49:03,5:53:54
707,1782,Louise Wells,F50-54,31,Female,Bermuda,42:27,4:46,3:17:17,4:00,1:45:24,5:53:54
708,2385,Dominique Paquay,F18-24,68,Female,Chile,35:07,4:13,3:23:12,4:00,1:47:24,5:53:56
709,225,Natalia Caballero,F40-44,78,Female,Uruguay,38:02,4:34,3:21:41,4:37,1:45:08,5:54:02
710,2791,Valerie Guerin,F50-54,32,Female,France,42:00,4:17,3:20:43,3:58,1:43:06,5:54:04
711,2268,Alexandra Viegas Leontsinis,F30-34,179,Female,Brazil,35:29,7:19,3:18:15,4:53,1:48:12,5:54:06
712,526,Chelsea Wolfe,F35-39,100,Female,United States,34:21,5:03,3:18:46,4:20,1:51:37,5:54:07
713,2064,Lindsey Fold,F25-29,145,Female,United States,35:29,5:36,3:27:26,4:08,1:41:31,5:54:11
714,2470,Sara Bund,F45-49,55,Female,Germany,34:59,5:12,3:25:04,4:33,1:44:22,5:54:11
715,2261,Claudia Fernanda Arguijo Aguirre,F25-29,146,Female,Mexico,38:45,3:45,3:29:14,3:36,1:38:58,5:54:18
716,2542,Heather Camp,F45-49,56,Female,United States,43:57,5:21,3:25:25,5:34,1:34:01,5:54:18
717,1069,Rachelle Tones,F30-34,180,Female,United States,40:54,4:20,3:24:26,3:46,1:40:53,5:54:19
718,520,Victoria Skinner,F35-39,101,Female,United States,39:17,5:36,3:19:15,5:22,1:44:50,5:54:20
719,1027,Isabela NIEDO MARCHIORI,F30-34,181,Female,Brazil,39:00,4:50,3:23:29,3:29,1:43:32,5:54:21
720,643,Carolina Mateus,F35-39,102,Female,Colombia,39:48,5:54,3:24:15,6:31,1:37:55,5:54:24
721,619,Camila Ireuda Orlando Martins,F35-39,103,Female,Brazil,38:22,5:11,3:23:52,4:12,1:42:48,5:54:25
722,2647,Jamie Arvizo,F45-49,57,Female,United States,40:29,4:56,3:21:41,4:25,1:42:55,5:54:26
723,2271,Xueyan Jiang,F30-34,182,Female,China,45:49,3:29,3:16:05,2:44,1:46:19,5:54:27
724,2629,Eleanor Standen,F45-49,58,Female,United Kingdom,39:35,4:49,3:22:58,4:41,1:42:24,5:54:28
725,1312,Nicole Magna,F30-34,183,Female,Chile,40:45,4:41,3:21:07,5:37,1:42:18,5:54:28
726,2698,Petra Hartmanova,F45-49,59,Female,United States,35:03,4:14,3:24:45,3:18,1:47:10,5:54:30
727,2182,Claudia Lainez,F25-29,147,Female,Panama,40:26,5:22,3:26:57,3:56,1:37:49,5:54:31
728,2669,LISANDRA BATISTA,F45-49,60,Female,Brazil,36:34,5:58,3:28:58,4:33,1:38:35,5:54:38
729,1140,Laura Klug,F30-34,184,Female,Germany,38:03,4:25,3:23:05,4:52,1:44:14,5:54:39
730,807,Cristianne Paiva,F35-39,104,Female,Brazil,36:44,7:24,3:25:56,3:27,1:41:10,5:54:42
731,2313,Alizé Fargnoli,F18-24,69,Female,Canada,40:26,4:55,3:19:37,4:10,1:45:34,5:54:42
732,297,Valentina Videla,F40-44,79,Female,Chile,40:41,4:24,3:20:49,4:03,1:44:46,5:54:44
733,577,Laís Papalardo,F35-39,105,Female,Brazil,42:34,4:43,3:20:03,4:05,1:43:22,5:54:47
734,2403,Fernanda Del Valle,F18-24,70,Female,Mexico,39:33,4:49,3:26:38,3:39,1:40:10,5:54:49
735,2737,Joyce Keizer,F45-49,61,Female,Netherlands,34:01,4:16,3:21:37,4:44,1:50:13,5:54:51
736,1954,Dara Procell,F25-29,148,Female,United States,44:44,5:05,3:35:24,5:00,1:24:39,5:54:51
737,2428,Allison Langenburg,F18-24,71,Female,United States,28:35,5:35,3:32:24,4:27,1:43:50,5:54:51
738,2231,Karolina Sramkova,F25-29,149,Female,Czechia,40:09,4:53,3:21:38,3:35,1:44:41,5:54:57
739,2432,Carla L‘homme,F18-24,72,Female,Germany,33:50,4:58,3:15:34,5:25,1:55:12,5:54:59
740,289,Olivia Fitz-Poole,F40-44,80,Female,United Kingdom,38:11,3:55,3:18:19,5:46,1:48:49,5:55:00
741,2378,Katie Vann,F18-24,73,Female,United Kingdom,37:44,4:36,3:26:58,3:15,1:42:35,5:55:07
742,733,Mariana Martinez Suarez,F35-39,106,Female,Mexico,36:19,5:17,3:23:10,5:08,1:45:17,5:55:11
743,348,Juzy Vanessa Da Silva De Abreu,F40-44,81,Female,Portugal,37:45,4:53,3:24:47,4:00,1:43:46,5:55:11
744,1709,Emma Bexson,F50-54,33,Female,United Kingdom,40:01,7:48,3:20:05,5:44,1:41:34,5:55:12
745,1352,Sophie Kerlaouezo,F60-64,1,Female,France,41:48,5:19,3:23:27,3:23,1:41:15,5:55:12
746,2497,Cecile CANTERO,F45-49,62,Female,France,41:47,5:05,3:23:39,5:03,1:39:43,5:55:16
747,825,Gaby Mehrl,F35-39,107,Female,Germany,39:38,4:55,3:18:47,5:10,1:46:48,5:55:18
748,557,Stéphanie Pezot,F35-39,108,Female,France,39:09,4:49,3:16:51,4:23,1:50:09,5:55:20
749,1169,Katherine Boy,F30-34,185,Female,United States,43:15,4:43,3:27:20,3:26,1:36:42,5:55:26
750,1827,Wibke Weber,F50-54,34,Female,Germany,43:05,3:45,3:15:50,4:49,1:48:02,5:55:32
751,1083,Alexia Viaene,F30-34,186,Female,Belgium,37:02,4:53,3:33:13,4:21,1:36:04,5:55:32
752,2276,Amy Morland,F30-34,187,Female,Australia,36:29,4:15,3:17:49,4:19,1:52:46,5:55:38
753,654,Gabriela Delgado,F35-39,109,Female,Ecuador,38:15,5:01,3:26:30,4:39,1:41:19,5:55:44
754,745,Gillian Heavey,F35-39,110,Female,Ireland,35:53,9:27,3:24:57,5:29,1:39:59,5:55:47
755,2008,Daniela Ribeiro Castro,F25-29,150,Female,Brazil,37:03,5:12,3:21:38,4:16,1:47:38,5:55:48
756,529,Kristen Radtke,F35-39,111,Female,United States,39:30,4:16,3:27:50,3:46,1:40:26,5:55:49
757,546,Tani Burge,F35-39,112,Female,Australia,39:56,3:04,3:32:08,4:13,1:36:29,5:55:51
758,502,Meghan Branston,F35-39,113,Female,United States,42:24,5:12,3:28:16,5:19,1:34:45,5:55:57
759,2697,Elideth Melendez Suárez,F45-49,63,Female,Mexico,39:32,5:17,3:30:04,4:05,1:36:59,5:55:57
760,2058,Louison Muraillat,F25-29,151,Female,France,42:25,5:10,3:15:09,4:30,1:48:43,5:55:58
761,2543,Joke Duijnisveld,F45-49,64,Female,Netherlands,39:40,5:10,3:19:13,4:34,1:47:22,5:55:59
762,267,Lindsay Schettler,F40-44,82,Female,United States,38:08,4:49,3:25:28,5:02,1:42:32,5:55:59
763,305,Kayla Kielar,F40-44,83,Female,United States,35:45,3:56,3:27:39,4:13,1:44:26,5:55:59
764,1284,Francesca Ravazzolo,F30-34,188,Female,Italy,40:48,5:08,3:19:29,3:49,1:46:47,5:56:00
765,1208,Estefany Isabel Segura Vazquez,F30-34,189,Female,Mexico,32:07,4:11,3:29:07,6:29,1:44:08,5:56:02
766,1037,Helaena Nicholls,F30-34,190,Female,Australia,30:54,4:21,3:29:36,4:57,1:46:15,5:56:03
767,1212,Catherine Gauthier,F30-34,191,Female,Canada,53:21,6:27,3:07:08,5:15,1:43:52,5:56:04
768,2409,Maria Turner,F18-24,74,Female,Mexico,37:57,4:37,3:29:10,3:43,1:40:40,5:56:07
769,589,Isabella Gollin,F35-39,114,Female,Italy,39:47,6:32,3:25:48,3:19,1:40:42,5:56:08
770,352,Sarah Thorsen Streit,F40-44,84,Female,Denmark,39:15,5:05,3:25:13,4:54,1:41:48,5:56:15
771,2754,Sara Hektoen,F45-49,65,Female,United States,36:31,4:51,3:26:51,4:31,1:43:32,5:56:16
772,2585,Leanne Johnson,F45-49,66,Female,Canada,45:09,6:12,3:27:48,4:00,1:33:08,5:56:17
773,2416,Sarah Petersen,F18-24,75,Female,United States,39:31,5:24,3:32:32,5:42,1:33:10,5:56:20
774,1226,Andréa Zamith,F30-34,192,Female,Brazil,37:07,4:05,3:32:28,3:31,1:39:10,5:56:21
775,415,Deirdre Murphy,F40-44,85,Female,Ireland,37:44,3:35,3:28:39,5:30,1:41:02,5:56:29
776,2052,Helene Gadegaard Petersen,F25-29,152,Female,Denmark,39:38,5:58,3:16:23,5:58,1:48:37,5:56:33
777,2202,Kimberly Phan,F25-29,153,Female,Canada,32:37,4:03,3:25:26,3:39,1:50:48,5:56:33
778,2781,Joanna Borowik,F45-49,67,Female,Poland,43:00,5:14,3:15:45,4:31,1:48:06,5:56:36
779,2452,Juliette Martin,F18-24,76,Female,Canada,33:45,4:34,3:33:36,3:18,1:41:32,5:56:44
780,2283,Eloise Menard,F18-24,77,Female,Canada,42:25,5:17,3:14:59,4:04,1:49:59,5:56:44
781,2088,Merle Budek,F25-29,154,Female,Germany,39:14,5:14,3:24:43,3:29,1:44:05,5:56:45
782,1183,Gabriela Marostica De Oliveira,F30-34,193,Female,Brazil,37:06,6:10,3:24:17,5:20,1:43:58,5:56:51
783,2576,Julie Gagnon,F45-49,68,Female,Canada,36:17,5:07,3:24:58,4:41,1:45:49,5:56:52
784,1097,Ornella Mandarano,F30-34,194,Female,Argentina,42:24,4:54,3:28:55,4:04,1:36:40,5:56:57
785,523,Carolina Furriela,F35-39,115,Female,Brazil,38:17,4:14,3:33:13,4:54,1:36:19,5:56:57
786,1137,Emily Carson,F30-34,195,Female,United States,38:34,6:02,3:21:51,4:47,1:45:53,5:57:07
787,2300,Ella Gaylord,F18-24,78,Female,United States,34:33,4:12,3:22:20,3:32,1:52:31,5:57:08
788,718,Yasmin Halawa,F35-39,116,Female,Egypt,36:32,5:25,3:24:10,4:56,1:46:07,5:57:09
789,2069,Madeline Bryan,F25-29,155,Female,United States,30:57,4:28,3:31:56,3:29,1:46:19,5:57:09
790,303,Eva Varani,F40-44,86,Female,Germany,41:12,8:07,3:23:52,4:24,1:39:36,5:57:10
791,544,Leticia Ribeiro,F35-39,117,Female,Barbados,41:46,5:32,3:28:11,4:58,1:36:45,5:57:11
792,2217,Katrin Staudigel,F25-29,156,Female,Germany,37:48,3:43,3:24:07,4:43,1:46:51,5:57:12
793,521,Rita Shevchenko,F35-39,118,Female,United Kingdom,40:37,7:50,3:23:10,5:12,1:40:29,5:57:18
794,1526,Becky DiSorbo,F55-59,13,Female,United States,33:50,6:17,3:29:56,3:46,1:43:30,5:57:20
795,449,Liz Cullen,F45-49,69,Female,Canada,33:07,4:32,3:20:40,4:22,1:54:42,5:57:22
796,1504,Courtney Culligan,F55-59,14,Female,United States,40:02,4:44,3:21:33,4:12,1:46:55,5:57:26
797,131,Liane Dowling,F40-44,87,Female,United Kingdom,38:17,6:07,3:27:59,3:35,1:41:32,5:57:30
798,609,Katsiaryna Kolasava,F35-39,119,Female,Sweden,47:20,4:36,3:23:50,4:46,1:36:59,5:57:31
799,1307,Carla Malatesta,F30-34,196,Female,Chile,37:31,4:31,3:23:09,3:19,1:49:02,5:57:31
800,2483,Hailey Manning,F45-49,70,Female,United States,32:16,4:17,3:30:35,3:50,1:46:37,5:57:35
801,2314,Casey Scharoff,F18-24,79,Female,United States,37:50,4:36,3:25:57,4:24,1:44:49,5:57:36
802,2370,Anabelen Brun Gonzalez,F18-24,80,Female,Mexico,38:12,4:39,3:28:02,4:05,1:42:41,5:57:38
803,1186,Caroline Rulis,F30-34,197,Female,Denmark,32:08,4:44,3:27:46,4:33,1:48:30,5:57:39
804,1197,Pau Romaguera Llacer,F30-34,198,Female,Spain,36:14,5:09,3:21:58,3:46,1:50:38,5:57:45
805,1146,Sandra Kydd,F30-34,199,Female,Germany,38:28,4:18,3:28:51,3:24,1:42:47,5:57:48
806,562,Natalie Stewart,F35-39,120,Female,United States,44:48,4:58,3:27:13,3:23,1:37:26,5:57:48
807,1959,Dorothée Chouinard,F25-29,157,Female,Canada,33:20,4:16,3:28:14,3:39,1:48:20,5:57:49
808,186,Laura Friend,F40-44,88,Female,South Africa,38:11,5:01,3:28:34,4:23,1:41:41,5:57:50
809,1907,Sandrine Zandotti,F50-54,35,Female,United Arab Emirates,47:46,6:00,3:19:55,6:25,1:37:44,5:57:51
810,2113,Meri-Leija Ikonen,F25-29,158,Female,Finland,40:53,4:59,3:23:27,3:37,1:44:56,5:57:51
811,670,Adeline Georges,F35-39,121,Female,France,49:27,5:17,3:21:29,3:48,1:37:54,5:57:55
812,230,Amanda Mones,F40-44,89,Female,United States,36:51,4:35,3:33:27,4:38,1:38:28,5:57:59
813,1847,Kirsten Krohne,F50-54,36,Female,Germany,39:17,5:39,3:22:13,4:02,1:46:49,5:58:01
814,2020,Bryn Becker,F25-29,159,Female,United States,41:32,5:03,3:26:32,3:52,1:41:03,5:58:03
815,1111,Cecile Renger,F30-34,200,Female,Belgium,41:40,5:18,3:27:14,4:37,1:39:15,5:58:04
816,2354,Torey Hurst,F18-24,81,Female,United States,36:18,5:53,3:21:43,4:23,1:49:47,5:58:05
817,2691,Silke Kohrs,F45-49,71,Female,Germany,41:30,6:00,3:18:27,4:33,1:47:40,5:58:10
818,2593,Conny Blumert,F45-49,72,Female,Germany,34:42,4:13,3:27:57,4:02,1:47:19,5:58:14
819,2255,Campbell Bradly,F25-29,160,Female,United Kingdom,37:24,4:33,3:25:04,3:49,1:47:32,5:58:23
820,561,Sarah Weaver,F35-39,122,Female,United States,39:37,4:29,3:29:00,3:53,1:41:31,5:58:28
821,2172,Heïdi Groussy,F25-29,161,Female,France,31:38,3:32,3:29:02,3:03,1:51:19,5:58:35
822,495,Kymberly Klimek,F35-39,123,Female,United States,40:20,4:50,3:20:10,3:50,1:49:29,5:58:40
823,343,Tamara Mabire,F40-44,90,Female,Switzerland,38:44,4:25,3:23:48,3:41,1:48:02,5:58:41
824,2419,Margaret Ross,F18-24,82,Female,United States,37:55,5:33,3:32:38,4:04,1:38:38,5:58:48
825,121,Fanny K'Varec,F40-44,91,Female,France,36:27,4:49,3:25:17,4:39,1:47:37,5:58:49
826,1752,Lucie Zelenkova,F50-54,37,Female,Czechia,30:47,3:22,3:19:16,3:42,2:01:42,5:58:49
827,1780,Silvina Galparsoro,F50-54,38,Female,Argentina,33:30,4:45,3:21:23,5:30,1:53:45,5:58:52
828,2509,Monica Simoes Rodrigues,F45-49,73,Female,Brazil,43:27,5:17,3:24:27,5:16,1:40:26,5:58:53
829,2032,Emilie Macdonald,F25-29,162,Female,United States,33:13,4:47,3:23:30,4:24,1:53:03,5:58:57
830,1006,Isabella Nakano Fabris,F30-34,201,Female,Brazil,38:38,5:36,3:26:29,4:58,1:43:17,5:58:58
831,408,CAROLINA LEITE,F40-44,92,Female,Brazil,40:51,5:18,3:26:20,4:05,1:42:25,5:58:59
832,143,Danielle Matilsky,F40-44,93,Female,United States,38:02,5:35,3:24:32,5:21,1:45:35,5:59:04
833,582,Margit Laurs,F35-39,124,Female,Netherlands,44:28,5:50,3:15:36,4:22,1:48:50,5:59:06
834,768,Kc Northup,F35-39,125,Female,United States,37:30,4:53,3:26:34,4:04,1:46:07,5:59:09
835,740,Laura Hill,F35-39,126,Female,New Zealand,42:20,5:23,3:25:29,3:51,1:42:12,5:59:15
836,2265,Helen Rendich,F25-29,163,Female,Germany,40:11,4:37,3:25:16,3:29,1:45:48,5:59:22
837,159,Nicole Weiss,F40-44,94,Female,Austria,47:00,4:46,3:29:30,3:19,1:34:48,5:59:24
838,1078,Maria Franco Montoro,F30-34,202,Female,Brazil,41:03,6:12,3:24:57,6:59,1:40:15,5:59:26
839,2128,Marina Daroca Bazan,F25-29,164,Female,Spain,34:25,6:33,3:16:53,5:22,1:56:14,5:59:28
840,2138,Cat Moss,F25-29,165,Female,United States,39:08,5:35,3:30:02,3:46,1:41:00,5:59:32
841,2720,Charlotte Smith,F45-49,74,Female,United Kingdom,38:34,5:09,3:25:17,4:16,1:46:27,5:59:43
842,174,Aurelie Dommanget,F40-44,95,Female,France,46:20,4:02,3:16:36,4:10,1:48:39,5:59:48
843,158,Davina Greenwell,F40-44,96,Female,United Kingdom,35:11,6:19,3:21:33,6:01,1:50:46,5:59:50
844,1482,Gina Browne,F55-59,15,Female,United States,43:14,6:14,3:20:53,3:23,1:46:09,5:59:52
845,675,Emma Crowley,F35-39,127,Female,New Zealand,37:34,6:04,3:27:48,5:04,1:43:24,5:59:53
846,754,Indre Barkute,F35-39,128,Female,Lithuania,37:02,4:55,3:20:22,4:30,1:53:12,6:00:01
847,2439,Joely Patterson,F18-24,83,Female,Australia,32:47,5:41,3:19:22,5:33,1:56:45,6:00:08
848,1880,Myrianne Cote,F50-54,39,Female,Canada,43:20,6:06,3:21:19,5:07,1:44:18,6:00:11
849,2093,Mary Day,F25-29,166,Female,United States,31:54,5:15,3:22:10,4:21,1:56:32,6:00:13
850,2550,Ida Jarner,F45-49,75,Female,Denmark,37:30,4:27,3:13:58,5:18,1:59:03,6:00:15
851,2210,Fanny Pelayo,F25-29,167,Female,France,31:03,4:07,3:18:11,3:00,2:03:56,6:00:16
852,2143,Isabelle Page,F25-29,168,Female,United States,44:28,5:19,3:22:56,6:41,1:40:56,6:00:19
853,1893,Sally Silsby,F50-54,40,Female,United Kingdom,43:11,4:30,3:21:53,3:55,1:46:52,6:00:21
854,1073,Maggie Losey,F30-34,203,Female,United States,39:54,4:21,3:32:13,4:18,1:39:40,6:00:25
855,1778,Heather Booth,F50-54,41,Female,United Kingdom,36:44,3:47,3:27:31,4:25,1:48:04,6:00:31
856,134,Mandy Dailey,F40-44,97,Female,United States,39:40,4:30,3:30:44,3:37,1:42:02,6:00:34
857,2633,Genevieve Rochefort,F45-49,76,Female,United States,40:08,4:53,3:28:21,4:08,1:43:07,6:00:37
858,2772,Nicole Pál,F45-49,77,Female,Germany,43:15,3:21,3:19:43,4:16,1:50:03,6:00:38
859,772,Mckenzie Wilson,F35-39,129,Female,United States,49:42,4:36,3:20:33,3:31,1:42:17,6:00:38
860,2775,Joanna Żmich-Fórmaniak,F45-49,78,Female,Poland,38:51,4:44,3:20:21,3:14,1:53:43,6:00:53
861,2321,Catalina De Wasseige,F18-24,84,Female,Colombia,49:33,6:02,3:21:11,4:22,1:39:47,6:00:55
862,454,Ana Catellani,F45-49,79,Female,Argentina,42:08,5:08,3:22:39,4:29,1:46:37,6:01:01
863,2071,Savannah Holmes,F25-29,169,Female,Canada,37:58,4:24,3:28:22,3:55,1:46:23,6:01:02
864,2179,Mylène Frei,F25-29,170,Female,Switzerland,38:28,4:41,3:25:47,3:20,1:48:48,6:01:04
865,1534,Anita Howe,F55-59,16,Female,United Kingdom,38:09,4:25,3:33:52,5:40,1:38:57,6:01:05
866,2617,Yunuen Quintero Silva,F45-49,80,Female,Mexico,32:58,4:48,3:36:26,7:28,1:39:25,6:01:05
867,2649,Valérie Delacroix,F45-49,81,Female,Germany,36:53,4:33,3:34:31,5:12,1:40:00,6:01:09
868,1523,Suzanne Toppin,F55-59,17,Female,United Kingdom,38:55,4:40,3:30:28,3:51,1:43:20,6:01:15
869,2684,Jane Eaton,F45-49,82,Female,United Kingdom,36:36,4:27,3:34:41,2:57,1:42:36,6:01:17
870,2600,Adele Wannenburgh,F45-49,83,Female,South Africa,39:07,4:40,3:31:32,4:17,1:41:41,6:01:18
871,243,Melanie Witzke,F40-44,98,Female,Germany,35:21,5:01,3:32:03,4:56,1:44:00,6:01:20
872,583,Eva Kodouskova,F35-39,130,Female,Czechia,38:33,4:47,3:25:21,3:29,1:49:12,6:01:22
873,1016,Phillipa Mitchell,F30-34,204,Female,Australia,41:08,5:10,3:29:19,4:09,1:41:40,6:01:27
874,234,Andrea Lilley,F40-44,99,Female,Canada,38:58,5:11,3:31:44,4:15,1:41:24,6:01:31
875,2159,Mackenzie Kynoch,F25-29,171,Female,United States,34:28,4:40,3:34:34,4:17,1:43:33,6:01:31
876,1166,Cindy Besson,F30-34,205,Female,Switzerland,38:18,5:07,3:29:53,4:56,1:43:19,6:01:33
877,2176,Hannah Kunze,F25-29,172,Female,Germany,44:16,5:51,3:24:36,5:30,1:41:24,6:01:37
878,732,Rachel Kippenbrock,F35-39,131,Female,United States,41:33,5:32,3:19:19,4:23,1:50:51,6:01:38
879,1036,Catherine Senez,F30-34,206,Female,Canada,39:50,4:29,3:33:26,3:50,1:40:26,6:02:01
880,580,Sara Friske,F35-39,132,Female,United States,40:46,5:20,3:28:51,3:37,1:43:28,6:02:03
881,568,Melissa Contreras,F35-39,133,Female,Mexico,36:54,7:52,3:29:17,5:43,1:42:18,6:02:05
882,395,Natalia Albornoz,F40-44,100,Female,Argentina,45:45,4:30,3:25:58,7:28,1:38:24,6:02:05
883,1884,Stephanie Kaye,F50-54,42,Female,Switzerland,39:32,4:04,3:21:38,4:23,1:52:30,6:02:07
884,1875,Rebecca Mckee,F50-54,43,Female,United States,42:31,4:50,3:20:57,4:25,1:49:27,6:02:10
885,2009,Fernanda Tecanhuey Guerrero,F25-29,173,Female,Mexico,36:25,5:32,3:32:43,4:27,1:43:03,6:02:10
886,2761,Satowa Ota,F45-49,84,Female,Thailand,39:37,7:13,3:33:35,5:32,1:36:15,6:02:13
887,2602,Monica Poveda,F45-49,85,Female,United States,41:09,5:00,3:20:52,4:32,1:50:41,6:02:13
888,637,Becky Brookes,F35-39,134,Female,United Kingdom,41:30,5:51,3:26:17,5:02,1:43:35,6:02:15
889,2544,Chantal Lenhardt,F45-49,86,Female,Germany,39:31,6:57,3:23:01,5:10,1:47:37,6:02:16
890,1420,Leslie Knibb,F60-64,2,Female,United States,34:30,4:13,3:17:55,4:47,2:00:51,6:02:16
891,246,Christella Taylor,F40-44,101,Female,Australia,39:14,4:00,3:35:40,3:56,1:39:28,6:02:17
892,2188,Nicola Pearce,F25-29,174,Female,Australia,39:44,4:50,3:38:28,5:43,1:33:32,6:02:17
893,756,Mariana Wingood,F35-39,135,Female,United States,46:12,5:28,3:25:16,5:03,1:40:19,6:02:18
894,2420,Kayla Winters,F18-24,85,Female,United States,33:04,5:06,3:29:49,4:33,1:49:50,6:02:23
895,419,Silvie Kurz,F40-44,102,Female,Germany,46:03,4:14,3:24:56,4:14,1:42:57,6:02:25
896,2166,Barbora Kováč Šuchová,F25-29,175,Female,Slovakia,32:55,4:50,3:26:03,4:58,1:53:39,6:02:26
897,1317,Holly Foster,F35-39,136,Female,Australia,37:20,5:41,3:25:21,3:54,1:50:13,6:02:29
898,162,Jen Groleau,F40-44,103,Female,Canada,37:42,4:23,3:23:29,3:52,1:53:04,6:02:31
899,524,Anna Peterek,F35-39,137,Female,Poland,36:25,6:22,3:37:33,5:19,1:36:53,6:02:32
900,2357,Madeline Tapp,F18-24,86,Female,United States,40:59,5:08,3:29:17,4:14,1:42:55,6:02:33
901,796,Wenda Zuiddam,F35-39,138,Female,Netherlands,36:59,3:21,3:20:27,4:46,1:57:01,6:02:33
902,379,Julie Assorin,F40-44,104,Female,France,44:15,5:13,3:21:55,6:47,1:44:28,6:02:37
903,704,Cynthia Dilay,F35-39,139,Female,France,40:47,5:44,3:32:42,4:11,1:39:14,6:02:38
904,826,Johanna De Greeuw,F35-39,140,Female,New Zealand,40:29,3:20,3:21:35,3:41,1:53:36,6:02:41
905,1567,Jan Harvey-Burns,F55-59,18,Female,United Kingdom,37:50,5:40,3:26:29,4:33,1:48:10,6:02:41
906,2233,Ali Price,F25-29,176,Female,Canada,34:43,5:01,3:30:16,4:55,1:47:52,6:02:47
907,2412,Jette Davidson,F18-24,87,Female,United States,44:07,5:22,3:28:46,4:06,1:40:27,6:02:47
908,518,Junko Kondo,F35-39,141,Female,United States,42:28,5:19,3:31:50,3:37,1:39:39,6:02:53
909,500,FERNANDA PINHEIRO DO VALE LOPES,F35-39,142,Female,Brazil,39:31,5:45,3:31:08,4:18,1:42:11,6:02:53
910,834,Jessica Troch,F40-44,105,Female,Belgium,46:11,7:05,3:22:23,3:49,1:43:25,6:02:53
911,717,Paula Quiroga,F35-39,143,Female,Colombia,45:18,4:33,3:23:41,4:36,1:44:49,6:02:57
912,2183,Kelsie Mothersead,F25-29,177,Female,United States,36:42,3:50,3:30:28,3:35,1:48:24,6:02:58
913,2537,Andrea Dobisova,F45-49,87,Female,Slovakia,36:28,4:26,3:19:18,4:06,1:58:40,6:02:59
914,1944,Kd Crites,F25-29,178,Female,United States,44:53,5:12,3:32:39,4:06,1:36:09,6:03:00
915,263,Marine Cardineau,F40-44,106,Female,France,38:38,5:34,3:20:04,3:43,1:55:03,6:03:01
916,2259,Linda Jafif,F25-29,179,Female,Mexico,36:47,4:58,3:34:55,4:19,1:42:03,6:03:02
917,1870,Patricia Bousset Fritz,F50-54,44,Female,France,42:28,4:44,3:20:42,3:03,1:52:07,6:03:03
918,160,Bobbie Maker,F40-44,107,Female,Netherlands,45:05,4:57,3:24:21,4:11,1:44:31,6:03:05
919,421,Lucie Fialová,F40-44,108,Female,Czechia,39:17,4:55,3:19:31,4:55,1:54:27,6:03:06
920,2696,Jill Hamilton-Reeves,F45-49,88,Female,United States,43:53,5:21,3:21:46,4:25,1:47:45,6:03:11
921,699,Marcela Bazana Moreira De Souza,F35-39,144,Female,Brazil,42:35,6:02,3:24:12,6:45,1:43:41,6:03:15
922,1033,Theresa MÖRTL,F30-34,207,Female,Austria,39:47,5:30,3:09:39,4:06,2:04:13,6:03:16
923,2158,Jessica Van Droogenbroeck,F25-29,180,Female,Belgium,33:18,5:19,3:23:16,4:23,1:57:01,6:03:17
924,439,Carolina Cobos,F40-44,109,Female,Colombia,42:16,3:54,3:33:47,3:56,1:39:25,6:03:18
925,2665,Lisa Bishop,F45-49,89,Female,United States,37:15,5:23,3:22:35,5:56,1:52:11,6:03:20
926,1717,Gail Crawford,F50-54,45,Female,United Kingdom,38:16,4:54,3:27:51,3:59,1:48:20,6:03:21
927,1254,Megan Muhs,F30-34,208,Female,United States,37:54,5:36,3:41:11,4:52,1:33:51,6:03:24
928,1999,Sara de Planta,F25-29,181,Female,Switzerland,40:58,4:59,3:30:58,4:03,1:42:26,6:03:25
929,2377,Elise Therrien,F18-24,88,Female,Canada,39:27,4:48,3:26:08,3:22,1:49:40,6:03:26
930,1737,Kristen Dudas,F50-54,46,Female,United States,39:05,5:54,3:22:14,5:29,1:50:51,6:03:32
931,1953,Julia Renno,F25-29,182,Female,Brazil,37:52,7:05,3:30:06,6:04,1:42:26,6:03:34
932,687,Natalie Grainger,F35-39,145,Female,United Kingdom,40:20,4:17,3:20:28,2:51,1:56:05,6:03:59
933,149,Gabriela Haro,F40-44,110,Female,Ecuador,39:27,3:52,3:38:28,3:27,1:38:45,6:03:59
934,615,Yati De Knop,F35-39,146,Female,Belgium,39:38,4:55,3:34:10,4:18,1:41:01,6:04:02
935,1187,Kendelle Murphy,F30-34,209,Female,Australia,31:43,4:17,3:36:44,3:58,1:47:21,6:04:02
936,538,Mirell Krain,F35-39,147,Female,Estonia,35:57,3:08,3:17:12,3:19,2:04:39,6:04:14
937,2342,Georgia Sege,F18-24,89,Female,United States,46:32,5:40,3:23:20,5:33,1:43:15,6:04:20
938,1125,Emma Rickard,F30-34,210,Female,United Kingdom,37:06,6:23,3:31:38,4:46,1:44:29,6:04:22
939,2533,Amanda Rycraft,F45-49,90,Female,United States,43:05,5:15,3:23:30,4:13,1:48:22,6:04:25
940,2358,Sanja Truter,F18-24,90,Female,South Africa,41:15,5:01,3:28:50,4:32,1:45:02,6:04:41
941,281,Angela García,F40-44,111,Female,Colombia,51:08,4:58,3:22:27,4:17,1:41:53,6:04:43
942,835,Liffey Daniels,F40-44,112,Female,United Kingdom,41:00,4:34,3:24:57,4:18,1:49:54,6:04:43
943,1298,Gillian Staudt,F30-34,211,Female,United States,32:24,5:31,3:34:38,5:01,1:47:09,6:04:43
944,1816,Melanie Ragot,F50-54,47,Female,Germany,33:40,5:43,3:32:04,5:47,1:47:31,6:04:45
945,321,Mirna Pokas,F40-44,113,Female,Croatia,46:49,4:18,3:27:33,3:32,1:42:32,6:04:45
946,2410,Lauren Sayles,F18-24,91,Female,United States,34:46,4:35,3:25:01,5:44,1:54:39,6:04:46
947,118,Kristyn Darmafall,F40-44,114,Female,United States,45:28,4:18,3:28:21,4:00,1:42:39,6:04:46
948,333,ARIANE DINIZ HOLZBACH,F40-44,115,Female,Brazil,42:52,5:46,3:19:45,4:35,1:51:49,6:04:48
949,1968,Raphaelle Brousseau-Letellier,F25-29,183,Female,Canada,37:45,5:10,3:29:11,4:28,1:48:14,6:04:48
950,1906,Friederike Edelmann,F50-54,48,Female,United States,35:26,5:13,3:32:16,3:08,1:48:44,6:04:48
951,453,Laurel Dell,F45-49,91,Female,United States,38:39,4:31,3:25:37,4:18,1:51:46,6:04:52
952,2467,Lena Nel,F45-49,92,Female,South Africa,43:33,6:20,3:24:01,4:43,1:46:20,6:04:56
953,938,Viviane Raimbault,F30-34,212,Female,France,37:28,5:31,3:37:47,4:15,1:39:58,6:04:58
954,2425,Anna Pertl,F18-24,92,Female,Germany,34:10,4:09,3:29:19,3:12,1:54:09,6:04:59
955,2528,Virginie Perrin,F45-49,93,Female,France,38:50,4:44,3:26:22,3:55,1:51:11,6:05:02
956,1238,Natalia Szlarb,F30-34,213,Female,Poland,47:53,5:13,3:26:52,4:46,1:40:24,6:05:08
957,153,Maria Jose Araneda Fuentes,F40-44,116,Female,Chile,39:53,5:03,3:22:54,4:00,1:53:19,6:05:10
958,1060,Aina Sagrera Guibernau,F30-34,214,Female,Spain,53:33,6:23,3:18:28,4:23,1:42:23,6:05:11
959,1289,Molly Schull,F30-34,215,Female,United States,40:17,6:35,3:27:40,6:51,1:43:48,6:05:12
960,418,Klaudia Laszlo,F40-44,117,Female,Canada,38:41,4:50,3:27:07,4:15,1:50:19,6:05:12
961,1233,Lizet Ramirez,F30-34,216,Female,Mexico,39:46,7:23,3:27:02,5:35,1:45:33,6:05:19
962,278,Ashley Farrimond,F40-44,118,Female,United States,39:03,6:13,3:34:25,5:29,1:40:09,6:05:20
963,2151,Steph Evans,F25-29,184,Female,United Kingdom,39:04,5:25,3:32:27,5:17,1:43:11,6:05:24
964,592,Liza Negron,F35-39,148,Female,Guatemala,35:06,5:46,3:39:09,4:45,1:40:40,6:05:26
965,2591,Cecilia Rubianes,F45-49,94,Female,Argentina,42:29,5:10,3:28:58,4:10,1:44:43,6:05:30
966,194,Marina De Mattos Nascimento,F40-44,119,Female,Brazil,35:06,5:48,3:37:49,5:13,1:41:38,6:05:34
967,1818,Jennifer Temperley,F50-54,49,Female,United States,35:15,4:29,3:17:28,4:41,2:03:44,6:05:37
968,603,Mara Solari,F35-39,149,Female,Switzerland,43:17,4:36,3:17:20,5:09,1:55:20,6:05:42
969,769,Sara Calderon,F35-39,150,Female,Mexico,41:01,5:31,3:31:32,3:33,1:44:08,6:05:46
970,1846,Sandra Zaugg,F50-54,50,Female,Switzerland,40:10,5:10,3:23:14,4:45,1:52:27,6:05:47
971,2795,Marina Streltzova,F30-34,217,Female,Poland,36:29,3:18,3:27:52,4:59,1:53:10,6:05:48
972,1180,Ronja Lodmark,F30-34,218,Female,Sweden,47:33,5:02,3:25:48,4:15,1:43:14,6:05:53
973,1379,Djurdjica Orepic,F60-64,3,Female,Croatia,44:09,5:24,3:22:01,4:01,1:50:19,6:05:54
974,712,Sara Tomenson,F35-39,151,Female,Canada,36:43,4:17,3:39:34,4:05,1:41:15,6:05:55
975,784,Sumindi Steyn,F35-39,152,Female,Australia,42:57,5:22,3:30:48,4:22,1:42:26,6:05:55
976,1795,Vanessa Semadeni,F50-54,51,Female,Germany,38:33,5:49,3:23:20,7:29,1:50:45,6:05:57
977,448,Riikka Tolvanen,F45-49,95,Female,Finland,38:47,4:24,3:23:56,4:35,1:54:15,6:05:58
978,1064,Leanne Hemminger,F30-34,219,Female,United States,36:22,4:38,3:33:53,4:52,1:46:17,6:06:01
979,684,Carolina García Bernal,F35-39,153,Female,Colombia,41:40,5:02,3:25:36,4:21,1:49:25,6:06:03
980,783,Fasong Kim,F35-39,154,Female,Australia,43:42,4:51,3:29:53,3:53,1:43:46,6:06:05
981,1602,Annie Pedroni,F55-59,19,Female,United Kingdom,39:21,7:04,3:23:58,5:27,1:50:15,6:06:05
982,313,Lori Westcott,F40-44,120,Female,United Kingdom,35:36,3:47,3:24:48,5:25,1:56:30,6:06:07
983,947,Honor DE WINTON,F30-34,220,Female,United Kingdom,44:15,5:35,3:27:50,3:57,1:44:34,6:06:11
984,1967,Nicole Van Deelen,F25-29,185,Female,Netherlands,37:42,4:07,3:24:13,4:24,1:55:46,6:06:12
985,2668,Myriam Lapointe,F45-49,96,Female,Canada,41:27,5:03,3:25:33,4:24,1:49:47,6:06:13
986,2445,Audrey Herrald,F18-24,93,Female,United States,47:34,6:25,3:22:43,7:55,1:41:34,6:06:13
987,224,Laura Edmonds,F40-44,121,Female,United Kingdom,33:15,4:32,3:31:33,5:30,1:51:30,6:06:21
988,2556,Melinda Hand,F45-49,97,Female,Australia,36:56,4:30,3:27:26,4:42,1:52:47,6:06:22
989,606,Chelsea Henderson,F35-39,155,Female,Canada,39:40,4:49,3:32:18,4:36,1:44:59,6:06:23
990,2368,Katarzyna Stanek,F18-24,94,Female,Poland,40:50,4:58,3:31:35,3:56,1:45:05,6:06:24
991,1476,Tonya Spagnuolo,F55-59,20,Female,United States,39:07,4:24,3:33:40,4:23,1:44:50,6:06:25
992,370,Kitsy Smith,F40-44,122,Female,United States,36:50,7:39,3:29:37,6:32,1:45:48,6:06:26
993,169,Silvana Heimgartner,F40-44,123,Female,Switzerland,41:31,4:19,3:29:01,3:22,1:48:14,6:06:27
994,2440,Soizic Lougnon,F18-24,95,Female,France,46:49,5:42,3:28:37,4:16,1:41:04,6:06:28
995,1992,Chloe Fong,F25-29,186,Female,United States,33:04,5:06,3:36:49,5:00,1:46:31,6:06:31
996,1061,Carla Sailer,F30-34,221,Female,Germany,42:41,5:06,3:27:13,4:32,1:46:59,6:06:31
997,107,Diana Toscani,F40-44,124,Female,Brazil,45:48,5:32,3:30:03,7:04,1:38:13,6:06:39
998,725,Meaghan Moynahan,F35-39,156,Female,United States,33:57,5:24,3:33:32,5:02,1:48:45,6:06:40
999,1912,Veronica Warmington,F50-54,52,Female,South Africa,41:03,4:39,3:31:41,4:39,1:44:39,6:06:41
1000,1696,Elizabeth Richardson,F50-54,53,Female,United Kingdom,34:24,4:28,3:31:39,3:33,1:52:42,6:06:45
1001,187,Celeste Pizarro,F40-44,125,Female,Argentina,44:10,6:21,3:20:34,5:10,1:50:36,6:06:52
1002,177,Jana Lehmann,F40-44,126,Female,Germany,40:24,5:15,3:27:01,5:37,1:48:36,6:06:54
1003,2606,Eithne Curtis,F45-49,98,Female,Ireland,41:09,5:01,3:31:11,5:04,1:44:30,6:06:55
1004,2175,Maggie Mangas,F25-29,187,Female,United States,33:21,4:44,3:35:06,4:18,1:49:27,6:06:57
1005,238,Maria Beguerisse,F40-44,127,Female,Mexico,36:30,6:12,3:36:26,6:21,1:41:35,6:07:04
1006,117,Jenna Cornelison,F40-44,128,Female,United States,42:16,5:30,3:26:01,5:08,1:48:13,6:07:08
1007,2256,Andrea Peralta Barria,F25-29,188,Female,Chile,46:49,5:42,3:32:53,4:49,1:36:55,6:07:08
1008,2245,Kayla Meyer,F25-29,189,Female,United States,35:39,4:31,3:35:23,3:47,1:47:52,6:07:12
1009,346,Xochil Valencia,F40-44,129,Female,Mexico,33:31,4:52,3:30:59,4:43,1:53:08,6:07:13
1010,2598,Martika Torres,F45-49,99,Female,Colombia,37:36,4:22,3:29:14,5:18,1:50:45,6:07:15
1011,2405,Sarah Mactaggart,F18-24,96,Female,Australia,39:15,4:48,3:35:45,4:07,1:43:21,6:07:17
1012,285,Alice Amadei,F40-44,130,Female,Italy,36:30,5:38,3:29:11,5:10,1:50:49,6:07:18
1013,1129,Maria Riquelme Boettner,F30-34,222,Female,Paraguay,48:26,4:42,3:21:49,2:58,1:49:27,6:07:22
1014,570,Karem Pita,F35-39,157,Female,Ecuador,40:18,5:19,3:23:00,4:30,1:54:15,6:07:22
1015,2329,Sarah-Jane Stone,F18-24,97,Female,New Zealand,39:23,5:07,3:19:20,4:57,1:58:36,6:07:22
1016,2706,Katy Walmsley,F45-49,100,Female,United States,36:02,4:49,3:33:44,1:58,1:50:53,6:07:27
1017,2418,Isabela Ballados,F18-24,98,Female,Mexico,43:26,5:39,3:38:17,5:23,1:34:46,6:07:31
1018,1309,Wang Ruby Cheng,F30-34,223,Female,Hong Kong,34:44,5:44,3:31:07,4:05,1:51:52,6:07:32
1019,805,Lauren Thomas,F35-39,158,Female,United States,36:19,4:47,3:33:02,3:53,1:49:31,6:07:32
1020,2699,Kirsten Mangelsdorf,F45-49,101,Female,Germany,38:15,4:23,3:39:04,3:11,1:42:41,6:07:34
1021,2442,Anne Lynch,F18-24,99,Female,United States,38:41,4:54,3:31:22,6:07,1:46:32,6:07:37
1022,433,Erika Nakamura Da Costa,F40-44,131,Female,Brazil,40:35,5:01,3:36:18,3:34,1:42:11,6:07:38
1023,504,Tesca Andrew-Wasylik,F35-39,159,Female,Canada,40:22,5:19,3:33:29,5:12,1:43:17,6:07:39
1024,2277,Malene Jensen,F30-34,224,Female,Denmark,42:37,5:22,3:31:51,6:50,1:41:01,6:07:40
1025,1852,Jessica Adam,F50-54,54,Female,Canada,34:26,4:00,3:29:54,4:06,1:55:17,6:07:42
1026,407,May Alhaji,F40-44,132,Female,Bahrain,47:12,5:25,3:30:16,4:02,1:40:54,6:07:49
1027,2361,Lucy Baptist,F18-24,100,Female,Australia,36:09,4:24,3:34:07,3:42,1:49:27,6:07:50
1028,1843,Carrie Reuwer,F50-54,55,Female,United States,36:01,5:55,3:27:05,4:31,1:54:20,6:07:52
1029,2663,Riina Kuuselo,F45-49,102,Female,Finland,38:42,4:31,3:35:51,3:54,1:44:53,6:07:52
1030,2710,Petra Leitmann,F45-49,103,Female,Switzerland,41:16,5:01,3:26:27,4:55,1:50:15,6:07:54
1031,940,Evelin Silveira Bombonatto,F30-34,225,Female,Brazil,42:41,4:47,3:37:00,3:43,1:39:54,6:08:04
1032,272,Núbia Pellicano De Oliveira Araújo,F40-44,133,Female,Brazil,37:45,5:19,3:35:35,5:15,1:44:16,6:08:10
1033,2399,Catalina Ingaramo,F18-24,101,Female,Argentina,37:35,5:34,3:38:08,4:27,1:42:38,6:08:21
1034,2324,Lara Watts,F18-24,102,Female,South Africa,34:49,3:55,3:38:35,3:49,1:47:21,6:08:30
1035,2122,Sonia Martin,F25-29,190,Female,United States,34:04,4:43,3:29:44,3:46,1:56:13,6:08:30
1036,1010,Valeria Quiroz,F30-34,226,Female,Colombia,38:22,4:17,3:34:18,5:05,1:46:29,6:08:31
1037,1892,Charlotte Berner,F50-54,56,Female,Denmark,35:00,4:36,3:38:33,5:11,1:45:12,6:08:32
1038,414,Maren Beck,F40-44,134,Female,Germany,42:42,5:04,3:32:13,3:42,1:44:52,6:08:33
1039,1330,Audrey Bollinger,F60-64,4,Female,United States,45:34,5:56,3:22:33,5:45,1:48:48,6:08:36
1040,349,Kate Walsh,F40-44,135,Female,United Kingdom,39:11,5:37,3:35:45,5:02,1:43:04,6:08:39
1041,820,Christina Herbst,F35-39,160,Female,Argentina,47:44,6:11,3:24:38,4:28,1:45:43,6:08:44
1042,1278,Kirkley Doyle,F30-34,227,Female,United States,35:40,5:32,3:33:37,5:53,1:48:04,6:08:45
1043,2682,Charlotta Axling,F45-49,104,Female,Sweden,43:51,5:20,3:22:51,5:49,1:50:56,6:08:48
1044,1320,Erica Jennings,F35-39,161,Female,United States,37:01,5:30,3:33:52,3:53,1:48:36,6:08:51
1045,380,Eline Delasorte,F40-44,136,Female,Belgium,38:06,3:58,3:33:59,3:25,1:49:25,6:08:53
1046,2367,Romi Blom,F18-24,103,Female,South Africa,39:14,4:47,3:34:40,3:54,1:46:18,6:08:53
1047,543,Camille Bouverot,F35-39,162,Female,France,43:11,5:48,3:32:12,5:43,1:42:00,6:08:54
1048,2027,Simone Longtin Kahane,F25-29,191,Female,Canada,40:06,5:37,3:29:06,4:54,1:49:12,6:08:54
1049,250,Lina Herrera,F40-44,137,Female,Colombia,47:53,4:51,3:24:53,3:47,1:47:32,6:08:56
1050,728,DEBORAH FRANCISCATO,F35-39,163,Female,Brazil,33:25,6:05,3:40:30,5:52,1:43:13,6:09:05
1051,167,Adilia Jiménez Chacón,F40-44,138,Female,Costa Rica,34:36,3:43,3:52:08,4:04,1:34:34,6:09:05
1052,229,Ashley Shipton,F40-44,139,Female,Canada,40:11,6:07,3:33:19,7:14,1:42:15,6:09:05
1053,2296,Ella Johnston,F18-24,104,Female,United Kingdom,35:39,4:31,3:42:37,4:16,1:42:02,6:09:06
1054,588,Lindsey Bauman,F35-39,164,Female,United States,34:33,5:27,3:30:39,4:13,1:54:14,6:09:06
1055,2251,Dorien Butter,F25-29,192,Female,Netherlands,29:43,4:33,3:35:14,4:08,1:55:29,6:09:08
1056,2749,Annick Vande Kerckhove,F45-49,105,Female,Belgium,40:18,4:54,3:20:40,5:05,1:58:12,6:09:10
1057,2473,Jessica Gonzalez Figueroa,F45-49,106,Female,Puerto Rico,40:02,4:52,3:26:35,4:32,1:53:16,6:09:18
1058,2566,Genevieve Soucy,F45-49,107,Female,Canada,43:07,5:15,3:37:53,5:29,1:37:34,6:09:18
1059,1670,Petra Voegeli,F55-59,21,Female,Switzerland,42:16,4:12,3:31:52,4:18,1:46:45,6:09:22
1060,1268,Tamara Eipl,F30-34,228,Female,Hungary,48:48,4:40,3:30:17,4:11,1:41:27,6:09:23
1061,1901,Asta Reynisdottir Parker,F50-54,57,Female,Iceland,45:27,11:45,3:26:01,5:14,1:41:00,6:09:26
1062,364,Amanda Russell,F40-44,140,Female,Australia,40:44,4:55,3:33:45,5:29,1:44:34,6:09:27
1063,1131,Melanie Henderson,F30-34,229,Female,South Africa,44:59,5:01,3:26:37,6:22,1:46:29,6:09:28
1064,1514,Leslie Babbel,F55-59,22,Female,United States,38:42,7:28,3:27:58,6:01,1:49:26,6:09:34
1065,2548,Madalyn Marcus,F45-49,108,Female,Canada,37:01,4:38,3:44:06,4:20,1:39:33,6:09:38
1066,1984,Kellen Gibson,F25-29,193,Female,United States,32:22,6:11,3:32:26,5:06,1:53:38,6:09:44
1067,2744,Danielle Sullivan,F45-49,109,Female,United States,38:36,5:01,3:40:16,6:34,1:39:21,6:09:48
1068,2148,Sophie Weistra,F25-29,194,Female,Netherlands,44:05,5:24,3:31:14,4:27,1:44:38,6:09:48
1069,2335,Nicole Torres,F18-24,105,Female,Mexico,38:58,5:20,3:36:37,5:19,1:43:37,6:09:50
1070,1868,Lisa Mueller,F50-54,58,Female,United States,39:39,4:36,3:26:58,3:49,1:54:56,6:09:57
1071,1915,Alyson Phillips,F50-54,59,Female,United States,31:50,6:03,3:28:14,5:27,1:58:23,6:09:57
1072,2101,Charlène Ripoll,F25-29,195,Female,France,41:21,5:02,3:28:30,2:44,1:52:30,6:10:07
1073,377,Connie Hughes,F40-44,141,Female,United States,32:36,4:40,3:32:56,4:16,1:55:40,6:10:08
1074,2235,Jayne Pilachowski,F25-29,196,Female,United States,33:25,4:57,3:42:14,4:03,1:45:30,6:10:10
1075,2242,Eline Collombon,F25-29,197,Female,Netherlands,44:50,6:25,3:30:07,5:13,1:43:35,6:10:10
1076,1300,Maria Serrano,F30-34,230,Female,Colombia,43:04,7:25,3:20:38,7:00,1:52:03,6:10:10
1077,2580,April Richardson,F45-49,110,Female,Canada,41:06,5:00,3:29:57,5:13,1:48:57,6:10:13
1078,204,Elizabeth Munoz,F40-44,142,Female,Mexico,39:40,4:59,3:39:46,6:13,1:39:36,6:10:14
1079,2631,Danielle Warhurst,F45-49,111,Female,United States,35:30,4:19,3:27:57,4:23,1:58:05,6:10:14
1080,195,Mariann Rojas,F40-44,143,Female,Venezuela,37:47,4:39,3:38:49,5:43,1:43:18,6:10:16
1081,551,Allison Gerrald,F40-44,144,Female,United States,35:51,7:37,3:45:29,8:06,1:33:18,6:10:20
1082,937,Annabelle Laurin,F30-34,231,Female,Canada,32:38,3:26,3:41:53,4:42,1:47:45,6:10:25
1083,2612,Katie Hamister,F45-49,112,Female,United States,39:13,4:46,3:32:13,4:49,1:49:25,6:10:26
1084,2112,Helen Leigh,F25-29,198,Female,United Kingdom,41:30,5:17,3:30:50,5:54,1:46:55,6:10:26
1085,2248,Emma Ljungar,F25-29,199,Female,Sweden,36:26,4:18,3:34:13,4:48,1:50:41,6:10:27
1086,1824,Christina Dorrer,F50-54,60,Female,United States,36:02,5:58,3:21:48,6:32,2:00:12,6:10:31
1087,217,Valentyna Synenka,F40-44,145,Female,Ukraine,41:15,4:10,3:38:12,3:50,1:43:13,6:10:40
1088,788,Hannah Bizoumis,F35-39,165,Female,United Kingdom,42:10,6:02,3:22:14,4:49,1:55:25,6:10:40
1089,992,Noelle Crosby,F30-34,232,Female,United States,43:30,4:33,3:28:45,5:27,1:48:28,6:10:42
1090,2751,Melisa Christian,F45-49,113,Female,United States,39:12,5:02,3:31:39,4:21,1:50:29,6:10:43
1091,2407,Lea Ruof,F18-24,106,Female,Germany,47:45,5:49,3:25:57,4:13,1:47:00,6:10:44
1092,2641,Susan Orcutt,F45-49,114,Female,United States,45:31,4:26,3:21:58,3:44,1:55:11,6:10:51
1093,2414,Alia Rimatzki,F18-24,107,Female,Germany,35:36,4:20,3:25:38,5:49,1:59:29,6:10:52
1094,641,Kira Howard,F35-39,166,Female,United States,39:11,4:58,3:44:28,5:06,1:37:10,6:10:53
1095,685,Annie Solonika,F35-39,167,Female,United States,43:54,5:24,3:34:29,5:44,1:41:28,6:10:58
1096,1552,Roos Tji,F55-59,23,Female,Netherlands,36:00,3:25,3:36:32,4:48,1:50:17,6:11:02
1097,2395,Guadalupe Bacha,F18-24,108,Female,Argentina,37:25,5:24,3:33:48,3:58,1:50:28,6:11:03
1098,1879,Tiffany Grosspietsch,F50-54,61,Female,United States,36:54,6:06,3:34:20,5:48,1:47:54,6:11:03
1099,1270,Lexi Hutton,F30-34,233,Female,United States,40:25,4:19,3:37:06,3:51,1:45:22,6:11:03
1100,214,Perla Janet Perales Cazares,F40-44,146,Female,Mexico,49:11,5:01,3:38:20,4:39,1:33:56,6:11:08
1101,1882,Robin White,F50-54,62,Female,United States,32:29,4:30,3:37:00,5:10,1:51:59,6:11:09
1102,1331,Suzanne Endsley,F60-64,5,Female,United States,44:36,6:39,3:27:34,5:29,1:46:53,6:11:11
1103,2729,Cherie Sussner,F45-49,115,Female,United States,47:29,5:02,3:28:55,4:45,1:45:07,6:11:19
1104,2677,Anna Demopoulos,F45-49,116,Female,United States,36:55,5:21,3:33:53,5:13,1:49:58,6:11:19
1105,2588,Fabiola Bessa Salmito Lima,F45-49,117,Female,Brazil,46:47,7:17,3:21:45,5:58,1:49:35,6:11:22
1106,1911,Elly Verhoeven,F50-54,63,Female,Belgium,44:22,6:02,3:33:02,3:59,1:44:03,6:11:28
1107,192,Magda Skorek,F40-44,147,Female,Poland,38:39,7:53,3:24:11,5:58,1:54:54,6:11:35
1108,2443,Nicole Pachano,F18-24,109,Female,Ecuador,38:17,4:58,3:42:30,4:31,1:41:19,6:11:35
1109,873,Judy Mcnary,F65-69,1,Female,United States,38:28,5:08,3:28:39,4:23,1:54:59,6:11:37
1110,188,Nikki Mackintosh,F40-44,148,Female,New Zealand,35:28,4:15,3:32:57,4:09,1:54:51,6:11:40
1111,2174,Chynna Wilde,F25-29,200,Female,Australia,46:58,5:43,3:23:49,5:37,1:49:40,6:11:47
1112,2126,Erica Eades,F25-29,201,Female,United States,46:03,5:36,3:39:47,4:34,1:35:51,6:11:51
1113,817,Jinnah Han,F35-39,168,Female,Brazil,42:50,5:07,3:26:38,5:06,1:52:14,6:11:54
1114,1055,Hazel May,F30-34,234,Female,United Kingdom,43:55,4:34,3:35:22,4:10,1:43:58,6:11:58
1115,2747,Ana Leandro,F45-49,118,Female,Brazil,44:38,5:14,3:21:10,2:09,1:58:55,6:12:06
1116,247,Ayda Kachineh,F40-44,149,Female,United States,44:13,6:03,3:24:27,5:33,1:51:54,6:12:09
1117,550,Anne De La Parra,F35-39,169,Female,United States,39:49,5:42,3:30:05,4:56,1:51:41,6:12:12
1118,1718,Caroline Samson-Belair,F50-54,64,Female,Canada,42:06,5:04,3:33:45,3:55,1:47:23,6:12:14
1119,531,Merri Daane,F35-39,170,Female,United States,31:59,4:33,3:24:53,5:08,2:05:44,6:12:16
1120,2771,Yoli Arrazola Paz,F45-49,119,Female,Colombia,41:26,5:03,3:32:31,9:21,1:43:58,6:12:19
1121,761,Catherine Hartwell,F35-39,171,Female,United States,34:44,4:36,3:37:08,3:03,1:52:58,6:12:29
1122,2658,Idania Rico Alvarado,F45-49,120,Female,Mexico,51:00,5:24,3:24:30,5:13,1:46:22,6:12:29
1123,751,Tracey Franchini Gingras,F35-39,172,Female,Canada,42:25,5:35,3:32:03,4:16,1:48:20,6:12:40
1124,265,Ashleigh Moe,F40-44,150,Female,United States,42:51,5:37,3:28:27,6:31,1:49:14,6:12:40
1125,1838,Sharley Simpson,F50-54,65,Female,United States,39:01,5:53,3:43:39,4:03,1:40:05,6:12:40
1126,1121,Paola Garcia,F30-34,235,Female,Mexico,43:20,5:00,3:33:21,4:50,1:46:12,6:12:42
1127,1559,Armelle Bilard-Campion,F55-59,24,Female,Switzerland,37:40,5:41,3:29:30,5:19,1:54:34,6:12:44
1128,1962,Katie Smith,F25-29,202,Female,Canada,34:28,4:43,3:37:43,5:15,1:50:39,6:12:48
1129,1730,Carmen Wellstein,F50-54,66,Female,Germany,45:43,5:15,3:34:12,3:49,1:43:51,6:12:49
1130,2267,Ana María Hernandez,F30-34,236,Female,Colombia,43:42,4:39,3:41:49,4:40,1:38:00,6:12:50
1131,2640,Valérie Bourgis,F45-49,121,Female,France,38:09,4:21,3:48:01,4:25,1:37:54,6:12:51
1132,232,Morgan Krajewski,F40-44,151,Female,United States,36:00,4:16,3:28:28,5:59,1:58:08,6:12:51
1133,2297,Laura Sørensen,F18-24,110,Female,Denmark,40:22,4:58,3:22:51,4:55,1:59:45,6:12:52
1134,2583,Mirella Niskala,F45-49,122,Female,United States,39:38,4:49,3:23:27,6:01,1:58:57,6:12:52
1135,574,Brenda Bernard,F35-39,173,Female,Argentina,37:14,5:48,3:50:39,6:45,1:32:33,6:12:59
1136,2392,Julie Chevallier,F18-24,111,Female,France,36:01,5:37,3:43:36,4:41,1:43:05,6:13:01
1137,173,Lauren Mcleod,F40-44,152,Female,Canada,45:17,6:32,3:35:29,4:04,1:41:43,6:13:05
1138,432,Claire Williams,F40-44,153,Female,United Kingdom,36:35,3:42,3:31:10,4:53,1:56:45,6:13:06
1139,563,Andrea Gross,F35-39,174,Female,Switzerland,42:34,3:58,3:25:52,3:54,1:56:52,6:13:11
1140,1987,Morgan Johnson,F25-29,203,Female,United States,32:09,6:08,3:39:40,6:30,1:48:50,6:13:17
1141,1646,Jody Dushay,F55-59,25,Female,United States,46:39,7:37,3:32:34,4:45,1:41:48,6:13:24
1142,1881,Catherine Verhelst,F50-54,67,Female,Belgium,42:24,3:55,3:33:31,3:47,1:49:49,6:13:25
1143,677,Sophie Villani,F35-39,175,Female,Australia,41:34,4:53,3:37:00,4:33,1:45:28,6:13:29
1144,300,Céline Demmerle team Zoot,F40-44,154,Female,France,49:07,8:16,3:31:23,4:22,1:40:22,6:13:30
1145,921,Lena Delvaux,F30-34,237,Female,Belgium,46:03,5:20,3:36:21,4:10,1:41:41,6:13:35
1146,647,Pornchanok Jumroenketpratheep,F35-39,176,Female,Thailand,38:42,4:55,3:28:55,5:20,1:55:46,6:13:36
1147,1091,Dana Stowell,F30-34,238,Female,United States,44:14,5:33,3:39:45,6:39,1:37:25,6:13:37
1148,1251,Taylor Horlick,F30-34,239,Female,United States,42:52,5:23,3:34:04,5:11,1:46:08,6:13:38
1149,308,Nadia Porta,F40-44,155,Female,Italy,48:50,5:19,3:27:16,3:41,1:48:39,6:13:45
1150,2622,Tina Bjerregaard,F45-49,123,Female,Denmark,37:58,4:37,3:39:00,3:07,1:49:09,6:13:51
1151,877,Janie White,F65-69,2,Female,United States,37:52,7:24,3:33:07,6:12,1:49:19,6:13:53
1152,1789,David Miller,F50-54,68,Female,United States,48:28,7:30,3:29:07,7:37,1:41:16,6:13:59
1153,399,Anne Brovedani,F40-44,156,Female,France,39:48,4:47,3:39:41,4:15,1:45:30,6:14:01
1154,388,Christine Terweiden,F40-44,157,Female,Germany,41:44,5:06,3:33:20,4:37,1:49:17,6:14:04
1155,624,Cheryl Maclachlan,F35-39,177,Female,Canada,37:32,3:07,3:42:39,3:06,1:47:42,6:14:07
1156,2047,Olivia Loy,F25-29,204,Female,United States,35:47,5:00,3:25:49,4:23,2:03:10,6:14:08
1157,2689,Kelly Cory,F45-49,124,Female,United States,40:04,4:41,3:43:37,4:04,1:41:46,6:14:12
1158,2704,Karen Nicole Venegas Landaida,F45-49,125,Female,Chile,44:29,5:33,3:35:34,4:40,1:44:05,6:14:21
1159,2462,Saskia Hopfer,F25-29,205,Female,Germany,38:51,4:06,3:34:51,4:38,1:51:56,6:14:22
1160,966,Marcela Ocampo,F30-34,240,Female,Colombia,43:30,3:52,3:31:36,3:34,1:51:57,6:14:28
1161,283,Jenny Dupre,F40-44,158,Female,United States,46:21,8:20,3:26:20,4:39,1:48:59,6:14:39
1162,356,Eva Alvarez,F40-44,159,Female,El Salvador,43:11,5:40,3:39:25,4:01,1:42:24,6:14:42
1163,2117,Ilana Mercorillo,F25-29,206,Female,Australia,38:20,4:38,3:38:26,3:38,1:49:49,6:14:50
1164,166,Anne Marie O'Toole,F40-44,160,Female,Ireland,45:26,4:14,3:28:13,4:48,1:52:10,6:14:52
1165,222,Holly Burt,F40-44,161,Female,United States,43:02,3:35,3:39:33,3:33,1:45:10,6:14:52
1166,152,Shana Poe,F40-44,162,Female,United States,37:57,4:27,3:38:21,4:12,1:49:58,6:14:54
1167,2642,Jimena Marino,F45-49,126,Female,Argentina,41:45,5:05,3:39:25,6:04,1:42:41,6:14:59
1168,256,Emily Egart,F40-44,163,Female,United States,43:32,6:20,3:34:39,5:11,1:45:19,6:15:01
1169,1762,Heidi Die Wu,F50-54,69,Female,China,36:11,5:37,3:51:48,4:44,1:36:46,6:15:05
1170,612,Louise Osgood,F35-39,178,Female,United Kingdom,38:07,4:52,3:36:01,5:17,1:50:49,6:15:06
1171,918,Katie Griffiths,F30-34,241,Female,United States,40:48,5:02,3:30:21,4:32,1:54:23,6:15:07
1172,831,Natacha Erard,F40-44,164,Female,Switzerland,36:22,3:59,3:36:08,3:07,1:55:35,6:15:11
1173,2476,Marcia Silva De Oliveira,F45-49,127,Female,Brazil,43:49,5:20,3:37:27,5:40,1:42:57,6:15:14
1174,1603,Julie Jones,F55-59,26,Female,United States,34:53,4:04,3:37:38,4:16,1:54:22,6:15:14
1175,2110,Juli Öholm,F25-29,207,Female,Germany,37:21,4:36,3:32:33,5:17,1:55:30,6:15:17
1176,1766,Natalia Masciulli,F50-54,70,Female,Argentina,43:09,5:11,3:29:44,5:34,1:51:39,6:15:17
1177,2506,Melanie Matheis,F45-49,128,Female,Germany,47:18,4:00,3:28:09,3:33,1:52:18,6:15:19
1178,125,Juliane Webster,F40-44,165,Female,Canada,41:03,6:29,3:34:07,5:12,1:48:33,6:15:25
1179,766,Loes Meinema,F35-39,179,Female,Netherlands,40:25,4:53,3:32:22,4:14,1:53:36,6:15:29
1180,1719,Linda Burgren,F50-54,71,Female,Sweden,43:26,5:19,3:32:06,4:56,1:49:44,6:15:31
1181,1858,Ilaria Del Grande,F50-54,72,Female,Italy,33:57,5:39,3:32:04,6:23,1:57:29,6:15:32
1182,942,Karen Cambray,F30-34,242,Female,Mexico,41:25,4:14,3:39:14,3:46,1:46:54,6:15:33
1183,2435,Valentina Wießmeier,F18-24,112,Female,Germany,37:29,4:43,3:40:09,5:38,1:47:35,6:15:35
1184,122,Annie Scanlon,F40-44,166,Female,United States,40:49,5:20,3:47:46,5:11,1:36:33,6:15:39
1185,2687,Heike Kellendonk,F45-49,129,Female,Germany,42:05,5:46,3:31:11,4:04,1:52:33,6:15:40
1186,2469,Sasha Goldsberry,F45-49,130,Female,United States,36:00,4:44,3:28:48,5:02,2:01:12,6:15:46
1187,1242,Brianna Maze,F30-34,243,Female,United States,40:58,4:45,3:42:58,4:48,1:42:18,6:15:47
1188,1153,Diana Cote Guerrero,F30-34,244,Female,Colombia,46:50,5:42,3:43:23,4:16,1:35:38,6:15:49
1189,2757,Megan Mackey,F45-49,131,Female,United States,37:13,5:07,3:40:50,5:44,1:47:04,6:15:58
1190,1897,Roslyn Mcginty,F50-54,73,Female,United Kingdom,41:12,7:42,3:30:02,7:30,1:49:33,6:15:58
1191,720,Fabiana Bonardi,F35-39,180,Female,Italy,42:06,7:15,3:29:32,5:08,1:51:59,6:15:59
1192,2049,Estelle Mazza,F25-29,208,Female,France,35:25,5:52,3:37:56,4:18,1:52:29,6:15:59
1193,145,Kucmierz Marta,F40-44,167,Female,Poland,42:44,4:35,3:32:13,4:28,1:51:59,6:15:59
1194,2438,Shania Gammaldi,F18-24,113,Female,Australia,40:14,6:06,3:38:21,4:49,1:46:34,6:16:03
1195,2281,Lucilla Osthus,F18-24,114,Female,Germany,41:53,5:06,3:38:45,3:48,1:46:42,6:16:14
1196,1479,Veronica Leonardi,F55-59,27,Female,Italy,41:52,4:39,3:31:35,4:40,1:53:29,6:16:15
1197,1620,Stefanie Nowak,F55-59,28,Female,Germany,44:51,6:11,3:31:53,5:06,1:48:16,6:16:16
1198,2644,Michaela Kaufhold,F45-49,132,Female,Germany,45:18,5:31,3:30:52,3:54,1:50:43,6:16:18
1199,2545,Brigitta Gruenberg,F45-49,133,Female,United States,32:23,5:02,3:33:10,5:10,2:00:44,6:16:29
1200,821,Leonor Cordova,F35-39,181,Female,Ecuador,37:19,5:04,3:48:48,4:10,1:41:10,6:16:30
1201,253,Josee Courchesne,F40-44,168,Female,Canada,41:52,4:26,3:35:01,5:19,1:49:54,6:16:32
1202,1035,Sara Gregg,F30-34,245,Female,United States,47:43,5:14,3:28:58,3:51,1:50:48,6:16:34
1203,374,Mirjana Rankovic,F40-44,169,Female,Serbia,35:31,5:13,3:34:08,5:19,1:56:27,6:16:38
1204,1555,Sandra Byrne,F55-59,29,Female,United States,34:23,5:20,3:43:10,4:12,1:49:38,6:16:43
1205,1791,Sara Trabucchi,F50-54,74,Female,Italy,33:30,6:20,3:38:44,5:43,1:52:28,6:16:46
1206,1201,Adriana Salinas,F30-34,246,Female,Panama,46:32,7:10,3:40:21,5:12,1:37:37,6:16:52
1207,339,Maria Valdes,F40-44,170,Female,Chile,40:14,3:06,3:41:04,2:39,1:50:04,6:17:07
1208,2790,Amy Woods,F50-54,75,Female,United States,43:48,5:06,3:38:20,4:27,1:45:48,6:17:29
1209,189,Nicole Speigel,F40-44,171,Female,United States,35:47,5:34,3:44:42,5:49,1:45:39,6:17:31
1210,2634,Annie Bergeron,F45-49,134,Female,Canada,46:41,5:41,3:28:34,4:00,1:52:40,6:17:36
1211,411,Veronica Brañes,F40-44,172,Female,Chile,39:38,5:03,3:42:02,5:26,1:45:27,6:17:36
1212,1332,Liz Hickox,F60-64,6,Female,United States,42:31,4:13,3:27:38,4:58,1:58:19,6:17:39
1213,2712,Bridget Kotarak,F45-49,135,Female,United States,38:21,4:38,3:31:55,4:13,1:58:33,6:17:40
1214,535,Carmen Van Der Merwe,F35-39,182,Female,South Africa,42:55,5:24,3:30:24,5:38,1:53:20,6:17:41
1215,2114,Catherine Major,F25-29,209,Female,Canada,48:36,5:55,3:17:25,3:46,2:02:01,6:17:42
1216,2344,Abigail Barnes,F18-24,115,Female,United Kingdom,33:37,5:40,3:24:36,5:12,2:08:45,6:17:50
1217,533,Lenica Godin,F35-39,183,Female,Canada,45:39,4:41,3:37:15,5:25,1:44:50,6:17:50
1218,420,Meredith Ducuns,F40-44,173,Female,United States,41:40,8:26,3:31:03,5:50,1:50:54,6:17:53
1219,1223,Karolína Horáková,F30-34,247,Female,Czechia,41:22,4:48,3:42:21,4:26,1:44:57,6:17:55
1220,260,Gretel Angeles Herrera,F40-44,174,Female,Mexico,42:28,3:21,3:29:08,4:08,1:58:50,6:17:56
1221,1859,erica ruge,F50-54,76,Female,United States,40:14,5:10,3:24:32,4:45,2:03:22,6:18:04
1222,197,Fernanda Mendonca De Oliveira,F40-44,175,Female,Brazil,41:08,6:21,3:41:21,4:52,1:44:35,6:18:17
1223,1653,Eva Lidman,F55-59,30,Female,Sweden,39:54,6:30,3:26:29,7:46,1:57:41,6:18:20
1224,2089,Madison Rysdon,F25-29,210,Female,United States,42:56,5:20,3:41:09,4:56,1:44:01,6:18:21
1225,347,Fanny Bourdais,F40-44,176,Female,France,54:04,6:54,3:17:49,5:28,1:54:06,6:18:22
1226,1101,Manuela Ribeiro Liborio,F30-34,248,Female,Brazil,42:51,6:13,3:36:44,5:02,1:47:35,6:18:26
1227,1227,Grace Robinson,F30-34,249,Female,United Kingdom,36:09,4:45,3:25:44,5:55,2:05:56,6:18:29
1228,2007,Giovanna Jotta Collet,F25-29,211,Female,Brazil,44:51,5:28,3:36:23,4:27,1:47:24,6:18:32
1229,1681,Mariette Hattingh,F60-64,7,Female,South Africa,41:56,5:59,3:31:37,4:17,1:54:48,6:18:36
1230,1257,Kelsey Miller,F30-34,250,Female,United States,39:42,5:37,3:33:28,7:21,1:52:29,6:18:37
1231,273,Carolina Garcia Triana,F40-44,177,Female,Colombia,45:40,5:04,3:32:51,4:08,1:50:56,6:18:38
1232,2716,Mariana Solorzano,F45-49,136,Female,Switzerland,39:58,5:43,3:30:33,7:05,1:55:21,6:18:40
1233,1757,Nathalie Rebeyrole,F50-54,77,Female,France,42:51,4:01,3:35:11,4:29,1:52:12,6:18:43
1234,1647,Jennifer Lowe,F55-59,31,Female,United States,35:32,4:52,3:27:14,4:32,2:06:34,6:18:44
1235,1239,María Alexandra Bertolani Morantes,F30-34,251,Female,Venezuela,41:35,4:55,3:37:25,4:10,1:50:43,6:18:47
1236,435,Jen Panteluk,F40-44,178,Female,Canada,39:42,3:58,3:37:15,4:56,1:53:01,6:18:52
1237,1122,Vanessa Wagner,F30-34,252,Female,United States,44:37,6:13,3:36:53,3:49,1:47:21,6:18:53
1238,405,Mikaela Julin,F40-44,179,Female,Sweden,49:59,5:33,3:17:56,6:56,1:58:31,6:18:55
1239,1638,Genelle Van Der Riet,F55-59,32,Female,South Africa,37:53,3:43,3:39:57,5:08,1:52:16,6:18:57
1240,1799,Maria Björler,F50-54,78,Female,Sweden,38:06,6:10,3:38:20,4:18,1:52:06,6:18:59
1241,390,Johana Lizarralde,F40-44,180,Female,Colombia,48:39,6:57,3:25:45,5:03,1:52:35,6:19:00
1242,1809,Peggy Zimmermann,F50-54,79,Female,Germany,42:42,3:48,3:44:47,3:42,1:44:09,6:19:08
1243,2234,Hailey Kettel,F25-29,212,Female,United States,40:32,4:56,3:41:56,5:35,1:46:13,6:19:13
1244,1740,Kate Nickerson-Crowe,F50-54,80,Female,Canada,35:31,6:03,3:31:41,7:33,1:58:28,6:19:17
1245,2206,Kyra Averman,F25-29,213,Female,United States,48:48,5:57,3:24:28,7:44,1:52:21,6:19:18
1246,1793,Marlene Zeug,F50-54,81,Female,United States,37:57,3:59,3:34:12,3:44,1:59:26,6:19:18
1247,2519,Emilie Geneste,F45-49,137,Female,France,38:47,4:31,3:36:37,3:21,1:56:12,6:19:27
1248,367,Teresa Shields,F40-44,181,Female,United States,37:00,6:42,3:43:40,8:00,1:44:12,6:19:34
1249,319,Lauren Brown,F40-44,182,Female,United States,37:59,3:40,3:50:53,3:37,1:43:27,6:19:35
1250,558,Jennifer Varela,F35-39,184,Female,Colombia,49:35,5:56,3:29:41,4:58,1:49:26,6:19:36
1251,990,Anna Ross,F30-34,253,Female,United States,51:28,4:51,3:36:57,5:48,1:40:33,6:19:37
1252,775,Daniela Lopez,F35-39,185,Female,United States,38:36,4:41,3:42:20,3:30,1:50:34,6:19:41
1253,1123,Aina Ussenova,F30-34,254,Female,Kazakhstan,59:05,6:41,3:28:06,5:26,1:40:24,6:19:41
1254,585,Chelsea Conway,F35-39,186,Female,United States,41:47,5:27,3:42:50,3:57,1:45:51,6:19:51
1255,1739,Henry Figtree,F50-54,82,Female,Australia,40:13,6:42,3:38:13,6:33,1:48:14,6:19:56
1256,450,Lisa Walker,F45-49,138,Female,United States,36:49,5:48,3:39:09,5:00,1:53:13,6:20:00
1257,1951,ISABEL Garcia Lascurain Barrantes,F25-29,214,Female,Mexico,37:16,5:18,3:37:32,4:32,1:55:26,6:20:02
1258,2073,Mariana Luna,F25-29,215,Female,Mexico,42:17,5:20,3:34:13,4:00,1:54:14,6:20:04
1259,2308,Emma Delbarre,F18-24,116,Female,Canada,39:33,5:05,3:35:56,3:50,1:55:41,6:20:05
1260,311,Laura Carolan,F40-44,183,Female,United Kingdom,39:46,5:52,3:42:45,5:46,1:45:59,6:20:09
1261,2686,Estelle Delort,F45-49,139,Female,France,36:40,4:54,3:45:39,4:59,1:47:59,6:20:11
1262,2279,Nicole Chau,F18-24,117,Female,Hong Kong,41:31,6:19,3:44:22,3:45,1:44:15,6:20:12
1263,175,Silvia Rosina Carbone,F40-44,184,Female,Uruguay,45:11,3:59,3:36:45,3:41,1:50:43,6:20:19
1264,691,Urszula Donigiewicz,F35-39,187,Female,Poland,39:55,4:49,3:36:04,5:56,1:53:39,6:20:23
1265,1308,Barbara Kissing,F30-34,255,Female,Germany,46:52,4:15,3:30:48,4:09,1:54:20,6:20:25
1266,126,Heike Eger,F40-44,185,Female,Germany,45:37,4:47,3:39:24,4:54,1:45:46,6:20:29
1267,1551,Heather La Freniere,F55-59,33,Female,United States,35:30,4:21,3:41:42,4:37,1:54:20,6:20:30
1268,451,Claire Dacombe,F45-49,140,Female,United Kingdom,35:08,4:40,3:44:53,4:53,1:50:56,6:20:30
1269,1583,Ulrika Berglund,F55-59,34,Female,Sweden,40:42,4:53,3:34:10,4:52,1:55:59,6:20:36
1270,785,Carly Peterson,F35-39,188,Female,United States,36:36,5:58,3:37:15,6:51,1:53:57,6:20:37
1271,1263,Danielle Etrasco,F30-34,256,Female,United States,42:48,6:02,3:36:57,6:50,1:48:02,6:20:40
1272,2360,Viviana Ibarra Padilla,F18-24,118,Female,Mexico,38:48,5:40,3:28:50,5:04,2:02:17,6:20:40
1273,254,Elizabeth Bidwill,F40-44,186,Female,United States,34:06,5:56,3:46:58,6:55,1:46:48,6:20:43
1274,1860,Ulriche Puchner,F50-54,83,Female,Austria,48:27,5:56,3:25:06,5:22,1:55:55,6:20:45
1275,1913,Diane Haensel,F50-54,84,Female,United States,37:53,6:09,3:40:31,6:01,1:50:11,6:20:46
1276,286,Jesselyn Garrisi,F40-44,187,Female,United States,36:53,5:15,3:23:45,4:20,2:10:34,6:20:47
1277,1546,Andrea Dalmasso,F55-59,35,Female,Argentina,42:28,5:07,3:39:03,5:01,1:49:13,6:20:52
1278,1164,Anna Bettini,F30-34,257,Female,Italy,47:08,5:19,3:38:09,4:15,1:46:04,6:20:54
1279,216,Rebecca Hayward,F40-44,188,Female,United Kingdom,43:59,4:48,3:46:32,5:01,1:40:39,6:20:58
1280,1656,Claudia Karl,F55-59,36,Female,Germany,41:17,9:02,3:26:21,6:03,1:58:18,6:21:02
1281,1151,Nicol Zelmer,F30-34,258,Female,Canada,37:56,3:50,3:30:07,5:50,2:03:20,6:21:02
1282,2393,Nicoline Sofie Villadsen,F18-24,119,Female,Denmark,41:49,5:37,3:25:56,4:09,2:03:32,6:21:03
1283,437,Olga Bocanegra,F40-44,189,Female,Colombia,45:05,5:59,3:38:50,5:16,1:45:55,6:21:06
1284,519,Emma Adriaens,F35-39,189,Female,United States,49:05,7:00,3:20:02,6:35,1:58:27,6:21:09
1285,2535,Meghan Saxton,F45-49,141,Female,United States,42:00,5:07,3:33:21,5:36,1:55:06,6:21:10
1286,1190,Leyann Ramo,F30-34,259,Female,Philippines,38:51,5:52,3:48:41,4:32,1:43:16,6:21:11
1287,295,Nicole KOLPER,F40-44,190,Female,Germany,47:36,6:00,3:42:37,3:54,1:41:07,6:21:14
1288,2142,Ellory Tippen,F25-29,216,Female,United States,38:57,4:50,3:50:30,5:14,1:41:49,6:21:20
1289,2396,Yasmin Gradwick-Light,F18-24,120,Female,United Kingdom,36:45,4:41,3:40:31,5:07,1:54:20,6:21:24
1290,417,Jamie Kloosterman,F40-44,191,Female,United States,42:55,4:19,3:41:20,3:17,1:49:34,6:21:26
1291,2194,Laura Montenegro,F25-29,217,Female,Colombia,40:32,5:40,3:45:52,5:33,1:43:54,6:21:32
1292,1832,Teresa Higueras Vicente,F50-54,85,Female,Spain,44:11,6:04,3:30:52,4:10,1:56:23,6:21:39
1293,741,Friederike Düring,F35-39,190,Female,Germany,40:07,6:24,3:32:22,3:19,1:59:29,6:21:40
1294,2648,Tara Calkins,F45-49,142,Female,United States,38:55,6:14,3:44:17,5:29,1:46:59,6:21:54
1295,587,Jordan Weiler,F35-39,191,Female,United States,51:07,4:38,3:32:13,3:54,1:50:06,6:21:59
1296,2723,Cécile Treier,F45-49,143,Female,Switzerland,38:13,4:37,3:33:29,4:48,2:00:56,6:22:02
1297,2760,Lauren Friedman,F45-49,144,Female,South Africa,45:09,5:30,3:41:08,5:19,1:44:55,6:22:02
1298,2713,Teriann Williams,F45-49,145,Female,United States,46:08,4:20,3:37:45,4:09,1:49:40,6:22:02
1299,2531,Kristy Staples,F45-49,146,Female,New Zealand,40:35,4:56,3:54:06,5:33,1:37:01,6:22:12
1300,292,Jamie Thompson,F40-44,192,Female,United States,42:42,5:29,3:23:27,4:45,2:05:52,6:22:15
1301,2196,Miluska Márquez,F25-29,218,Female,Ecuador,47:39,5:26,3:31:01,6:04,1:52:15,6:22:25
1302,1815,Anne Maza,F50-54,86,Female,United States,46:53,5:29,3:23:57,4:44,2:01:22,6:22:26
1303,669,Paola Sprea Carrijo,F35-39,192,Female,Brazil,40:35,7:44,3:36:57,7:04,1:50:11,6:22:30
1304,2495,Lindsay Holmes,F45-49,147,Female,United States,42:11,5:08,3:38:41,6:58,1:49:34,6:22:33
1305,1761,Ann Warren,F50-54,87,Female,United Kingdom,35:14,6:13,3:37:10,5:31,1:58:26,6:22:34
1306,457,Thais Wahba,F45-49,148,Female,Brazil,39:03,5:36,3:37:54,4:36,1:55:34,6:22:44
1307,2031,Robin Sandell,F25-29,219,Female,United States,42:00,5:21,3:38:47,5:32,1:51:05,6:22:45
1308,2498,Melissa Samuelson,F45-49,149,Female,United States,43:50,6:01,3:30:12,5:02,1:57:49,6:22:53
1309,1726,Alexandra Dreu,F50-54,88,Female,Germany,38:41,4:53,3:32:32,4:11,2:02:37,6:22:55
1310,262,Ana Maria Lobos,F40-44,193,Female,Chile,47:26,5:01,3:48:52,3:12,1:38:26,6:22:56
1311,489,Lorena Kinas,F35-39,193,Female,Germany,45:08,5:22,3:44:20,4:30,1:43:37,6:22:57
1312,2645,Jill Bartholomew,F45-49,150,Female,United States,41:17,5:01,3:17:58,4:52,2:13:51,6:22:59
1313,2127,Emma Friesen,F25-29,220,Female,Canada,40:45,5:28,3:36:00,4:03,1:56:44,6:23:00
1314,1785,Lyndsay Meyer,F50-54,89,Female,United States,37:32,5:11,3:35:33,5:21,1:59:26,6:23:04
1315,2067,Anna Körnig,F25-29,221,Female,Germany,46:49,5:23,3:33:15,5:04,1:52:34,6:23:04
1316,150,Lacey Rush,F40-44,194,Female,United States,40:45,5:56,3:38:38,4:19,1:53:40,6:23:19
1317,1888,Martine Daudelin,F50-54,90,Female,Canada,41:31,4:25,3:40:53,3:32,1:52:59,6:23:19
1318,1507,Nada Prouty,F55-59,37,Female,United States,43:56,6:21,3:49:33,5:02,1:38:39,6:23:31
1319,1478,JOUFFRET Nathalie,F55-59,38,Female,France,45:10,4:57,3:23:32,4:33,2:05:21,6:23:33
1320,429,Melissa Braskie,F40-44,195,Female,United States,46:07,4:31,3:35:28,4:30,1:52:57,6:23:33
1321,2748,Cindrellia Servouze,F45-49,151,Female,France,46:19,6:20,3:33:48,5:52,1:51:18,6:23:36
1322,2474,Mariana Godoy,F45-49,152,Female,Argentina,38:46,4:43,3:50:11,3:50,1:46:07,6:23:37
1323,980,Amanda Chu,F30-34,260,Female,Panama,50:49,7:20,3:40:54,4:04,1:40:32,6:23:38
1324,1635,Riikka Rask,F55-59,39,Female,Finland,45:35,4:38,3:41:55,4:41,1:46:49,6:23:39
1325,397,Cinthia Macedo,F40-44,196,Female,Mexico,52:36,8:33,3:37:25,7:28,1:37:38,6:23:40
1326,2608,Wu Shu,F45-49,153,Female,China,56:10,5:21,3:32:46,5:34,1:43:53,6:23:44
1327,806,Anneli Metsamaa,F35-39,194,Female,Estonia,45:28,9:09,3:28:08,10:18,1:50:45,6:23:47
1328,986,Chiara Rebecchi,F30-34,261,Female,Argentina,39:59,5:47,3:55:11,4:33,1:38:20,6:23:49
1329,316,Julie Pagliaro,F40-44,197,Female,United States,41:21,5:12,3:45:52,4:51,1:46:34,6:23:50
1330,139,Hilary Garcia Alvarez,F40-44,198,Female,Colombia,51:59,3:54,3:37:37,4:29,1:45:53,6:23:51
1331,698,Sasha Rojas,F35-39,195,Female,United States,45:36,8:59,3:34:47,5:05,1:49:36,6:24:02
1332,2332,Chloe Gorman,F18-24,121,Female,Australia,34:07,3:52,3:45:39,3:38,1:56:48,6:24:03
1333,993,Rachel Porter,F30-34,262,Female,United States,38:17,10:19,3:34:27,8:36,1:52:24,6:24:03
1334,1775,Sally Mclellan,F50-54,91,Female,Australia,38:21,4:13,3:27:48,4:35,2:09:15,6:24:13
1335,442,NINA TOSTES ALVES,F40-44,199,Female,Brazil,38:50,4:57,3:41:33,4:09,1:54:48,6:24:16
1336,655,Maria Fernanda Diaz Pescador,F35-39,196,Female,Mexico,35:19,5:30,3:47:07,5:11,1:51:10,6:24:16
1337,2341,Yulia Shatalov,F18-24,122,Female,United States,34:47,5:58,3:42:05,4:34,1:56:55,6:24:18
1338,2766,Ava Lee,F45-49,154,Female,United Kingdom,39:08,5:50,3:46:00,6:06,1:47:13,6:24:19
1339,1701,Juliana Amaral,F50-54,92,Female,Brazil,42:00,7:27,3:45:34,5:20,1:44:00,6:24:21
1340,1776,Nikki Hola,F50-54,93,Female,United States,41:46,6:50,3:34:48,6:18,1:54:44,6:24:26
1341,293,Agnieszka Najnigier Pierzynowska,F40-44,200,Female,Poland,42:04,4:26,3:45:20,4:16,1:48:22,6:24:29
1342,1662,Linda Newman,F55-59,40,Female,United States,34:26,5:31,3:34:11,4:46,2:05:36,6:24:30
1343,2417,Mariana Roqueñi,F18-24,123,Female,Mexico,43:54,5:33,3:41:50,4:18,1:49:12,6:24:46
1344,1948,Abby Williams,F25-29,222,Female,United States,46:52,5:49,3:27:40,4:19,2:00:08,6:24:48
1345,2325,Macarena Toro,F18-24,124,Female,Chile,38:02,4:38,3:33:22,4:29,2:04:23,6:24:55
1346,2111,Anna Riegger,F25-29,223,Female,United States,33:09,4:36,3:59:56,4:14,1:43:01,6:24:55
1347,1674,Allison Woodward,F60-64,8,Female,United States,41:45,13:28,3:36:06,6:53,1:46:42,6:24:55
1348,2783,Shannon Crone,F45-49,155,Female,United States,41:55,5:06,3:42:09,5:02,1:50:55,6:25:07
1349,792,Alisha Sarginger,F35-39,197,Female,United States,40:20,6:18,3:42:04,5:47,1:50:39,6:25:09
1350,1275,Maricela Cuello,F30-34,263,Female,Argentina,46:23,4:22,3:51:09,4:06,1:39:17,6:25:17
1351,2383,Angy Purizaca,F18-24,125,Female,Peru,35:32,4:19,3:46:37,6:43,1:52:07,6:25:18
1352,686,Milena Fercovic,F35-39,198,Female,Chile,38:02,3:55,3:44:51,4:36,1:53:55,6:25:19
1353,325,Arlene Cowgill,F40-44,201,Female,Oman,51:38,3:51,3:43:02,4:42,1:42:10,6:25:23
1354,1510,Ilka Cordeiro,F55-59,41,Female,Barbados,38:28,6:09,3:48:47,5:59,1:46:06,6:25:29
1355,199,Jessica Juntunen,F40-44,202,Female,United States,41:06,5:57,3:34:16,5:29,1:58:44,6:25:32
1356,1511,Karen Wood,F55-59,42,Female,United States,38:53,6:57,3:37:33,6:19,1:55:54,6:25:37
1357,2735,Skye Tavares,F45-49,156,Female,New Zealand,41:45,5:05,3:36:43,6:14,1:56:05,6:25:53
1358,2204,Tsz Ling Mok,F25-29,224,Female,Hong Kong,37:28,5:45,3:40:32,4:13,1:57:58,6:25:56
1359,1842,Akiko Ito,F50-54,94,Female,Japan,29:21,8:47,3:41:18,5:34,2:00:59,6:25:59
1360,2798,Naranjo Giuliani,F30-34,264,Female,Mexico,45:30,8:54,3:36:07,6:06,1:49:26,6:26:02
1361,2115,Clara Pichon,F25-29,225,Female,France,49:17,6:00,3:31:12,4:32,1:55:02,6:26:04
1362,1105,Maria Alejandra Jaramillo alzate,F30-34,265,Female,Colombia,49:21,4:26,3:32:26,5:07,1:54:45,6:26:06
1363,2382,Kinzie Reischl,F18-24,126,Female,United States,32:22,6:35,3:56:19,5:40,1:45:24,6:26:20
1364,2274,Merryll Loy,F30-34,266,Female,United States,36:57,6:25,3:35:37,3:49,2:03:35,6:26:22
1365,1500,Frederique Thaller,F55-59,43,Female,France,38:51,6:55,3:49:27,4:42,1:46:32,6:26:27
1366,716,Marie-Élaine Poulin,F35-39,199,Female,Canada,41:20,5:36,3:39:53,6:02,1:53:37,6:26:28
1367,2209,Ellen Twiss,F25-29,226,Female,New Zealand,38:04,5:26,3:38:42,4:15,2:00:04,6:26:31
1368,1582,Hanne Gadfelt,F55-59,44,Female,Denmark,40:23,5:49,3:31:15,5:03,2:04:04,6:26:34
1369,1741,Chiara Santambrogio,F50-54,95,Female,Italy,44:07,8:03,3:37:35,4:53,1:52:00,6:26:38
1370,1955,Julie Perraudin,F25-29,227,Female,France,40:31,5:10,3:35:40,6:45,1:58:34,6:26:40
1371,730,Maria Alejandra Arias Montoya,F35-39,200,Female,Colombia,48:58,6:01,3:42:34,5:03,1:44:06,6:26:42
1372,1767,Wendy Lyall,F50-54,96,Female,United States,43:33,5:41,3:40:42,4:34,1:52:13,6:26:43
1373,1707,Mireille Couture,F50-54,97,Female,Canada,49:41,6:38,3:33:47,4:56,1:51:43,6:26:45
1374,1110,Rachel Amparano,F30-34,267,Female,United States,32:48,5:54,3:47:01,7:36,1:53:32,6:26:51
1375,318,Beth Phillips,F40-44,203,Female,United States,40:00,6:54,3:35:27,5:41,1:58:48,6:26:51
1376,1839,Julie Padgett,F50-54,98,Female,United States,40:04,6:51,3:45:17,4:42,1:50:03,6:26:56
1377,915,Katie Cunningham,F30-34,268,Female,New Zealand,37:37,5:14,3:41:44,5:09,1:57:15,6:26:59
1378,241,Patricia Grajeda-Babb,F40-44,204,Female,United States,36:33,4:54,3:44:39,4:42,1:56:16,6:27:04
1379,1415,Jo Gundle,F60-64,9,Female,United Kingdom,48:09,6:31,3:31:42,4:55,1:55:50,6:27:07
1380,1695,Anna van der Wouden,F50-54,99,Female,Finland,42:48,6:19,3:26:27,5:25,2:06:09,6:27:09
1381,679,Abbie Evans,F35-39,201,Female,United Kingdom,42:11,4:59,3:37:02,5:06,1:57:52,6:27:11
1382,1845,Birgit Guhse,F50-54,100,Female,Germany,47:13,7:36,3:32:58,6:16,1:53:09,6:27:12
1383,1866,Wendy Hart,F50-54,101,Female,United States,46:17,5:56,3:40:11,4:49,1:50:01,6:27:14
1384,696,Bethany Casanova-Garcia,F35-39,202,Female,United States,40:44,6:21,3:23:53,4:35,2:11:52,6:27:25
1385,1822,Renne Richards Groff,F50-54,102,Female,United States,48:49,6:43,3:37:27,5:43,1:48:47,6:27:29
1386,2538,Heather De Freitas,F45-49,157,Female,United Kingdom,43:00,5:14,3:50:28,4:39,1:44:10,6:27:32
1387,1280,Caitlyn Evett,F30-34,269,Female,United States,39:48,4:16,3:34:52,5:09,2:03:27,6:27:32
1388,1532,Julie Richer,F55-59,45,Female,Canada,48:19,11:05,3:28:45,5:54,1:53:31,6:27:33
1389,2614,Diana Peukert,F45-49,158,Female,Germany,34:38,5:04,3:39:25,5:53,2:02:35,6:27:35
1390,413,Yvi Ortlepp,F40-44,205,Female,Germany,41:55,5:48,3:30:44,5:58,2:03:10,6:27:35
1391,1157,Sophie Dubbeld,F30-34,270,Female,France,43:47,4:57,3:39:33,5:35,1:53:46,6:27:38
1392,1743,Lucy Mcdermott,F50-54,103,Female,Ireland,43:31,6:01,3:38:35,5:43,1:53:49,6:27:39
1393,2165,Regina Luna,F25-29,228,Female,Mexico,41:22,5:05,3:50:28,4:44,1:46:07,6:27:47
1394,1329,Cristina Andorlini,F60-64,10,Female,Italy,42:46,5:56,3:46:44,4:16,1:48:05,6:27:47
1395,2085,Kathryn Phipps,F25-29,229,Female,United Kingdom,44:05,6:11,3:48:14,5:36,1:43:42,6:27:49
1396,2247,Claryce Gedde,F25-29,230,Female,United States,52:33,6:24,3:30:41,5:33,1:52:39,6:27:50
1397,1082,Macarena Catalán,F30-34,271,Female,Chile,34:42,5:13,3:48:06,8:29,1:51:23,6:27:52
1398,264,Pamela Arredondo Balderrama,F40-44,206,Female,Mexico,53:44,6:19,3:41:48,5:21,1:40:46,6:27:57
1399,2135,Jessica Assuncao Fossati,F25-29,231,Female,Brazil,41:44,4:06,3:32:55,3:50,2:05:26,6:28:01
1400,1768,Mirka Lumia,F50-54,104,Female,Finland,51:11,6:14,3:29:45,4:38,1:56:13,6:28:01
1401,1149,Michelle Kauffman,F30-34,272,Female,United States,38:49,4:29,3:55:41,4:11,1:44:57,6:28:07
1402,1735,Elena Panagiotakopoulos-Weiss,F50-54,105,Female,Austria,38:02,5:59,3:48:54,5:05,1:50:13,6:28:14
1403,2569,Jesse Whitaker,F45-49,159,Female,United States,42:17,5:09,3:30:10,8:02,2:02:38,6:28:16
1404,1281,Andrea Montano Hernandez,F30-34,273,Female,Mexico,41:51,5:58,3:46:21,4:09,1:49:57,6:28:17
1405,1644,Minna Lahtinen,F55-59,46,Female,Finland,42:45,7:01,3:33:15,7:06,1:58:18,6:28:25
1406,1340,Michelle Reaume,F60-64,11,Female,Canada,47:41,8:16,3:28:55,4:57,1:58:38,6:28:27
1407,2260,Sydney Hearnden,F25-29,232,Female,United States,41:05,6:28,3:37:28,5:38,1:57:52,6:28:30
1408,1666,Ellen Meyer-Rogge,F55-59,47,Female,Germany,52:11,5:28,3:38:21,4:01,1:48:28,6:28:30
1409,1923,Melissa Olivas,F50-54,106,Female,United States,46:32,6:09,3:28:18,5:01,2:02:39,6:28:39
1410,2149,Polly Edwards,F25-29,233,Female,United Kingdom,51:46,9:40,3:44:52,7:21,1:35:09,6:28:48
1411,2400,Haley Andreasen,F18-24,127,Female,United States,49:42,6:03,3:39:20,6:18,1:47:26,6:28:49
1412,1665,Catherine Roch,F55-59,48,Female,Switzerland,43:17,5:05,3:26:50,6:47,2:06:53,6:28:52
1413,1117,Natalya Stewart,F30-34,274,Female,United States,46:32,5:08,3:45:36,8:02,1:43:35,6:28:55
1414,2240,Luisa Sierra Delgado,F25-29,234,Female,Colombia,40:22,6:07,3:44:21,6:06,1:52:06,6:29:00
1415,332,Nadine Pintal,F40-44,207,Female,Canada,45:07,7:27,3:36:08,4:56,1:55:28,6:29:06
1416,1245,Lumah Massaroth,F30-34,275,Female,Brazil,44:46,5:54,3:28:54,5:39,2:04:00,6:29:13
1417,1728,Gemma Hollis,F50-54,107,Female,United States,39:02,4:25,3:37:07,4:05,2:04:35,6:29:15
1418,2121,Kiele Anderson,F25-29,235,Female,United States,42:45,6:18,3:47:44,5:12,1:47:16,6:29:15
1419,157,Micaela Gonzalez Kail,F40-44,208,Female,United States,38:54,5:12,3:50:38,4:32,1:49:59,6:29:15
1420,2163,Josephine Heller,F25-29,236,Female,Germany,38:59,5:27,3:46:10,3:59,1:54:44,6:29:18
1421,1012,Paola Lopez,F30-34,276,Female,Mexico,43:42,6:04,3:46:43,6:00,1:46:52,6:29:21
1422,631,Stephanie Neuper,F35-39,203,Female,United States,48:04,6:10,3:45:47,4:35,1:44:52,6:29:28
1423,2365,Emma Petersen,F18-24,128,Female,United States,34:33,4:44,3:53:41,5:28,1:51:03,6:29:28
1424,2797,Milan Cho,F25-29,237,Female,Korea,38:44,7:37,3:42:54,5:42,1:54:41,6:29:38
1425,816,Jessica Culver,F35-39,204,Female,United States,41:46,5:09,3:37:13,4:06,2:01:26,6:29:39
1426,375,Kathryn Zwiefka,F40-44,209,Female,United States,39:00,6:45,3:45:05,4:17,1:54:40,6:29:47
1427,1788,Sara Forsyth,F50-54,108,Female,Canada,45:44,7:46,3:47:14,5:26,1:43:40,6:29:49
1428,1292,Rita Makary,F30-34,277,Female,Lebanon,43:41,7:02,3:39:24,6:12,1:53:31,6:29:51
1429,690,Rosanne Kelley,F35-39,205,Female,United States,48:19,6:25,3:38:50,5:43,1:50:36,6:29:53
1430,724,Lacey Leonard,F35-39,206,Female,United States,43:20,6:32,3:44:22,5:39,1:50:02,6:29:55
1431,116,Jinny Kcehowski,F40-44,210,Female,United States,48:04,7:00,3:32:47,5:54,1:56:10,6:29:55
1432,711,Charlie Read,F35-39,207,Female,Canada,56:09,6:17,3:27:09,6:04,1:54:18,6:29:56
1433,503,Amanda Jett,F35-39,208,Female,United States,59:11,4:39,3:42:28,3:34,1:40:06,6:29:58
1434,2353,Josephine Callan,F18-24,129,Female,United States,37:47,4:53,3:45:21,4:59,1:57:01,6:30:01
1435,2679,Maren Drews,F45-49,160,Female,Germany,38:08,5:42,3:44:32,5:26,1:56:13,6:30:01
1436,1291,Paulina Francisca Sanhueza Alvarado,F30-34,278,Female,Chile,44:27,5:48,3:49:49,5:11,1:44:45,6:30:01
1437,811,Candice Belchior Duplat,F35-39,209,Female,Brazil,42:47,4:35,3:52:36,4:04,1:46:04,6:30:06
1438,410,Stephanie Caporaletti,F40-44,211,Female,United States,53:53,7:23,3:24:18,6:24,1:58:14,6:30:12
1439,176,Brooke McGrath,F40-44,212,Female,United States,41:34,6:21,3:46:46,6:16,1:49:21,6:30:18
1440,1159,Marie-Claire MCKENNA,F30-34,279,Female,Ireland,50:00,6:33,3:44:26,5:33,1:43:48,6:30:19
1441,1637,Dominique Matteau,F55-59,49,Female,Canada,50:29,5:13,3:37:17,4:30,1:52:58,6:30:27
1442,2309,Alex Mantel,F18-24,130,Female,United States,33:54,5:09,3:51:16,4:46,1:55:26,6:30:31
1443,1199,Alessandra Camisotti,F30-34,280,Female,Brazil,40:45,5:21,3:28:40,6:12,2:09:35,6:30:32
1444,713,Fernanda Pileggi,F35-39,210,Female,Brazil,41:05,5:41,3:45:14,6:33,1:52:00,6:30:33
1445,340,Lauren Elan,F40-44,213,Female,Canada,40:12,5:33,3:44:39,4:49,1:55:21,6:30:34
1446,1537,Chiara Mezzetti,F55-59,50,Female,Italy,51:40,5:47,3:28:25,5:13,1:59:32,6:30:37
1447,910,Nancy Smith,F65-69,3,Female,United States,41:36,16:35,3:38:56,5:41,1:47:51,6:30:39
1448,1627,Ingrid Hissink,F55-59,51,Female,Netherlands,45:32,4:02,3:42:22,4:29,1:54:19,6:30:43
1449,1179,Layla Algermissen,F30-34,281,Female,Germany,43:53,6:41,3:33:27,6:25,2:00:19,6:30:46
1450,350,Fernanda Michel,F40-44,214,Female,Brazil,37:06,5:00,3:48:50,3:43,1:56:07,6:30:47
1451,1771,Cheryl Alden,F50-54,109,Female,United States,42:27,5:36,3:51:37,5:07,1:46:01,6:30:48
1452,1367,Mayuko Tanikawa,F60-64,12,Female,Japan,46:30,7:43,3:34:42,6:23,1:55:32,6:30:50
1453,2468,Olga Kamentseva,F45-49,161,Female,Uzbekistan,47:54,5:50,3:39:23,3:46,1:54:00,6:30:52
1454,1929,Heather Poell,F50-54,110,Female,United States,35:35,5:21,3:42:35,5:50,2:01:35,6:30:56
1455,1606,Karen Simontacchi Brisson,F55-59,52,Female,United States,34:48,5:01,3:32:44,4:00,2:14:27,6:30:59
1456,650,Ana María Guzmán Ortiz,F35-39,211,Female,Colombia,41:43,5:07,3:49:27,4:19,1:50:26,6:31:02
1457,115,Laura Ewald,F40-44,215,Female,United States,41:59,4:54,3:31:46,6:45,2:05:39,6:31:03
1458,1084,Milena Dotta,F30-34,282,Female,Argentina,39:11,5:56,3:50:41,5:03,1:50:16,6:31:07
1459,1502,Joyce Holsten,F55-59,53,Female,United States,44:30,7:00,3:46:36,7:16,1:45:47,6:31:08
1460,351,Sarah Doneth,F40-44,216,Female,United States,45:09,6:46,3:37:12,7:56,1:54:08,6:31:10
1461,168,Melanie Pedrosa,F40-44,217,Female,Paraguay,55:20,10:02,3:30:58,5:00,1:49:58,6:31:16
1462,165,Lisa Swanson,F40-44,218,Female,United States,39:49,5:57,3:37:55,5:10,2:02:28,6:31:19
1463,1171,Caroline Muzy Frade,F30-34,283,Female,Brazil,45:33,5:36,3:43:49,5:12,1:51:20,6:31:31
1464,2758,Raffaella Turco,F45-49,162,Female,Italy,41:16,5:13,3:35:30,5:38,2:04:01,6:31:37
1465,750,Irma Jansen Van Nieuwenhuizen,F35-39,212,Female,South Africa,42:47,4:57,3:42:33,4:54,1:56:29,6:31:41
1466,361,Yasmin Chavez Iriarte,F40-44,219,Female,Peru,41:02,4:49,3:47:27,4:27,1:53:57,6:31:43
1467,2507,Matilda Sandström,F45-49,163,Female,Sweden,44:40,5:26,3:47:46,4:38,1:49:14,6:31:44
1468,510,Candace Corso,F35-39,213,Female,United States,35:12,6:31,3:37:39,4:35,2:07:50,6:31:46
1469,1904,Kath Thomas,F50-54,111,Female,United Kingdom,33:37,5:08,3:34:16,5:51,2:13:01,6:31:54
1470,1754,Doris Otero,F50-54,112,Female,Ecuador,56:27,6:57,3:32:31,4:29,1:51:31,6:31:56
1471,1731,Heather Goyette,F50-54,113,Female,United States,46:20,6:30,3:33:01,5:44,2:00:29,6:32:05
1472,1877,Mirna Marovic,F50-54,114,Female,Croatia,41:37,6:47,3:36:17,5:43,2:01:41,6:32:06
1473,1790,Lee Marchionna,F50-54,115,Female,United States,43:42,8:37,3:32:19,8:00,1:59:31,6:32:10
1474,1927,Joanne Smith,F50-54,116,Female,United Kingdom,43:45,6:05,3:39:48,5:56,1:56:37,6:32:12
1475,499,Cynthia perreault,F35-39,214,Female,Canada,45:47,7:27,3:45:36,5:09,1:48:17,6:32:16
1476,337,Maria Isakova,F40-44,220,Female,Spain,45:01,5:03,3:50:46,4:31,1:47:00,6:32:21
1477,1578,Emmanuelle Guiol,F55-59,54,Female,France,46:27,4:29,3:32:23,4:34,2:04:35,6:32:27
1478,2108,Emilie Deslauriers,F25-29,238,Female,Canada,44:45,6:03,3:48:49,5:06,1:47:47,6:32:29
1479,1141,Johanna Kallaste,F30-34,284,Female,Estonia,45:40,4:33,3:46:17,5:33,1:50:26,6:32:29
1480,1311,GUL KAMISLI HASANOGLU,F30-34,285,Female,Turkey,48:06,7:04,3:34:34,5:31,1:57:20,6:32:35
1481,2510,Elizabeth Golden,F45-49,164,Female,United States,41:52,5:06,3:44:09,5:49,1:55:41,6:32:37
1482,394,Gwendolyn Ostrosky,F40-44,221,Female,United States,58:40,4:56,3:45:40,4:24,1:38:58,6:32:38
1483,2082,Marina Ramirez Lopez,F25-29,239,Female,Mexico,44:51,7:07,3:41:26,4:53,1:54:23,6:32:40
1484,1933,Johanna Hakala,F50-54,117,Female,Finland,46:17,5:48,3:28:01,5:15,2:07:38,6:32:58
1485,2499,Tarcia Mayline Lima Espinhara De Alcantara,F45-49,165,Female,Peru,45:42,5:49,3:39:44,5:42,1:56:05,6:33:02
1486,2635,Carolina Quiroga,F45-49,166,Female,United States,39:40,5:38,3:37:23,8:37,2:01:44,6:33:02
1487,1779,Sara Carneiro Parrode,F50-54,118,Female,Portugal,42:04,6:21,3:47:42,6:20,1:50:37,6:33:04
1488,1119,Carolina Mercado Leyva,F30-34,286,Female,Mexico,51:00,6:22,3:40:17,6:07,1:49:26,6:33:13
1489,365,Emily Maiani,F40-44,222,Female,United States,45:05,5:35,3:51:09,3:48,1:47:46,6:33:23
1490,2549,ERICA SUMOYAMA BRAUNE,F45-49,167,Female,Brazil,38:54,4:44,3:45:23,4:13,2:00:09,6:33:23
1491,1326,Marianne Aslund,F60-64,13,Female,Denmark,46:56,7:57,3:35:58,6:37,1:55:57,6:33:25
1492,605,Victoria Lederer,F35-39,215,Female,United States,33:57,4:47,3:54:04,3:54,1:56:53,6:33:35
1493,2732,Tracey Hayes,F45-49,168,Female,United States,44:31,5:25,3:50:14,5:59,1:47:35,6:33:44
1494,1598,Maise Thrue,F55-59,55,Female,Denmark,41:44,4:58,3:38:04,4:14,2:04:46,6:33:45
1495,2610,Leeanne Powell,F45-49,169,Female,United Kingdom,40:23,4:55,3:45:48,4:25,1:58:19,6:33:49
1496,1699,Josefine Östfeldt,F50-54,119,Female,Sweden,49:06,6:13,3:33:05,7:29,1:58:01,6:33:53
1497,579,Bruna Duarte Lopes,F35-39,216,Female,Brazil,43:46,6:09,3:51:10,5:15,1:47:42,6:34:02
1498,2033,Eliza Falkenmire,F25-29,240,Female,Australia,38:56,5:27,3:47:42,4:30,1:57:34,6:34:10
1499,1346,Madeleine Vergauwen,F60-64,14,Female,Belgium,50:09,6:48,3:30:03,5:05,2:02:10,6:34:16
1500,354,Laura Brewer,F40-44,223,Female,United States,41:09,3:27,3:49:17,4:14,1:56:08,6:34:16
1501,2384,Olivia Swindells,F18-24,131,Female,Australia,37:48,4:48,3:53:26,4:06,1:54:09,6:34:17
1502,1410,Izumi Yamashita,F60-64,15,Female,Japan,42:51,6:56,3:40:29,6:29,1:57:34,6:34:18
1503,1549,Sarah Jones,F55-59,56,Female,United States,44:34,6:48,3:49:52,5:34,1:47:32,6:34:19
1504,656,Amanda Peacock,F35-39,217,Female,United States,48:26,7:04,3:52:16,6:02,1:40:37,6:34:25
1505,2294,Elaine Kim,F18-24,132,Female,United States,33:54,4:47,3:58:43,5:07,1:52:05,6:34:36
1506,1621,Amy Cotter-Brown,F55-59,57,Female,United States,47:47,6:30,3:39:47,6:48,1:53:46,6:34:38
1507,2208,Madison Odiorne,F25-29,241,Female,United States,43:42,5:26,3:45:08,5:19,1:55:10,6:34:46
1508,2449,Anna Glowniak,F18-24,133,Female,Uzbekistan,33:21,5:27,4:09:25,5:47,1:40:52,6:34:52
1509,2551,Joanna Szymczyk,F45-49,170,Female,Canada,38:41,5:04,3:52:05,4:40,1:54:21,6:34:53
1510,2043,Nadia Redza,F25-29,242,Female,Malaysia,32:48,4:28,4:11:23,3:37,1:42:39,6:34:55
1511,2345,Sophy Mitie Sakahara,F18-24,134,Female,Brazil,45:34,6:10,3:46:52,4:49,1:51:33,6:34:58
1512,789,Tatiana Timofeeva,F35-39,218,Female,Singapore,49:43,5:41,3:53:08,7:03,1:39:38,6:35:14
1513,1178,Susana Torres,F30-34,287,Female,Colombia,55:59,4:46,3:33:29,4:07,1:56:54,6:35:15
1514,2289,Nicoletta Lovati,F18-24,135,Female,Italy,44:09,6:02,3:52:03,5:00,1:48:12,6:35:27
1515,1684,Karin Toledo De Oliveira,F50-54,120,Female,Brazil,38:05,6:47,3:51:57,7:53,1:50:46,6:35:28
1516,1203,Maria Camila Ramirez V,F30-34,288,Female,United States,47:13,5:24,3:45:09,5:23,1:52:22,6:35:30
1517,2525,PALOMA CORONA,F45-49,171,Female,Mexico,47:28,7:02,3:38:54,6:23,1:55:56,6:35:42
1518,1610,Darcia Kmet,F55-59,58,Female,Canada,44:22,6:31,3:43:33,5:05,1:56:17,6:35:48
1519,765,Maris Lillep,F35-39,219,Female,Estonia,48:13,5:46,3:45:03,5:31,1:51:15,6:35:49
1520,302,Jacinthe Ducharme,F40-44,224,Female,Canada,45:04,8:24,3:35:05,5:03,2:02:17,6:35:52
1521,2646,Zeren Yilmazkaraosmanoglu,F45-49,172,Female,Turkey,40:50,4:53,3:54:33,4:10,1:51:27,6:35:54
1522,2752,Beth Colon,F45-49,173,Female,United States,42:51,5:13,3:38:41,5:28,2:03:46,6:35:59
1523,2426,Emily Arenas,F18-24,136,Female,Colombia,40:47,5:24,3:47:33,5:12,1:57:05,6:36:00
1524,1076,Kara Zardeneta,F30-34,289,Female,United States,48:20,6:04,3:48:36,4:56,1:48:08,6:36:05
1525,1716,Natalie Buschman,F50-54,121,Female,Netherlands,44:49,5:41,3:42:59,7:09,1:55:31,6:36:08
1526,827,Karoliina Pitkänen,F40-44,225,Female,Finland,44:26,4:03,3:43:06,4:12,2:00:23,6:36:10
1527,1995,Eileen Javidi,F25-29,243,Female,Canada,51:54,6:19,3:46:58,6:23,1:44:38,6:36:12
1528,2615,Raquel Menezes,F45-49,174,Female,Brazil,39:58,6:13,3:49:10,4:44,1:56:23,6:36:27
1529,2003,Maaike Frijters,F25-29,244,Female,Netherlands,40:40,4:37,3:48:22,7:57,1:54:52,6:36:28
1530,2553,Kristen Kelly,F45-49,175,Female,United States,38:39,6:28,3:53:28,5:53,1:52:01,6:36:30
1531,2280,Elizabeth Turcsanyi,F18-24,137,Female,United States,,,3:50:04,5:07,1:51:57,6:36:32
1532,1543,Katherine Braun,F55-59,59,Female,United States,42:04,8:01,3:46:43,6:14,1:53:30,6:36:32
1533,307,Claudia Lengfelder,F40-44,226,Female,Germany,49:52,5:24,3:47:26,5:37,1:48:21,6:36:40
1534,1821,Marja Vesikko,F50-54,122,Female,Finland,48:06,5:45,3:39:32,4:54,1:58:24,6:36:42
1535,1715,Amy Mason,F50-54,123,Female,United States,42:17,7:43,3:49:36,5:23,1:51:48,6:36:46
1536,1919,Isabelle Jolicoeur,F50-54,124,Female,Canada,42:32,4:12,3:46:04,5:13,1:58:47,6:36:48
1537,971,Jordan Matteri,F30-34,290,Female,United States,42:41,6:33,3:52:36,4:34,1:50:25,6:36:48
1538,1804,Alma Saat,F50-54,125,Female,Estonia,37:43,4:51,3:45:46,6:45,2:01:44,6:36:48
1539,1011,Claire Gautier,F30-34,291,Female,France,40:37,4:25,4:00:37,2:51,1:48:24,6:36:54
1540,969,Perrin Duncan,F30-34,292,Female,United States,42:23,6:01,3:45:35,5:22,1:57:36,6:36:57
1541,1247,Britt Linkous,F30-34,293,Female,United States,35:12,5:19,3:49:04,4:38,2:02:47,6:37:01
1542,633,Alyx Garner,F35-39,220,Female,United States,36:13,3:34,3:40:55,4:40,2:11:47,6:37:10
1543,2092,Amy Welsh,F25-29,245,Female,Australia,42:36,5:37,3:42:53,5:04,2:01:00,6:37:11
1544,982,Carolina Castillo Monroy,F30-34,294,Female,Mexico,37:11,5:27,4:05:26,5:08,1:44:00,6:37:12
1545,1748,Nicole Urbanski,F50-54,126,Female,United States,40:47,5:09,3:51:02,4:56,1:55:20,6:37:13
1546,774,Lucia Reyna Perez,F35-39,221,Female,Mexico,42:52,5:01,3:41:14,6:27,2:01:38,6:37:13
1547,1209,Laura Whitney,F30-34,295,Female,United States,41:53,5:41,3:46:44,6:43,1:56:22,6:37:22
1548,2375,Amara Christensen,F18-24,138,Female,United States,43:41,6:30,3:41:50,6:29,1:58:56,6:37:26
1549,1181,Heather Joswiak,F30-34,296,Female,United States,38:05,7:27,3:33:42,6:19,2:12:04,6:37:36
1550,797,Tiffani Russ,F35-39,222,Female,United States,43:32,7:09,3:43:40,5:09,1:58:18,6:37:48
1551,1287,Christina Gonzalez,F30-34,297,Female,United States,45:09,5:41,3:46:38,6:01,1:54:20,6:37:50
1552,1591,Kim Houtkooper,F55-59,60,Female,United States,44:13,7:09,3:33:56,6:33,2:06:00,6:37:52
1553,1348,Ann Kaltenbaugh,F60-64,16,Female,United States,38:46,5:42,3:48:35,5:47,1:59:05,6:37:54
1554,112,Julie Monh,F40-44,227,Female,France,58:39,6:58,3:38:18,5:02,1:49:03,6:37:59
1555,2146,Charlotte Hale,F25-29,246,Female,France,42:23,7:33,3:51:35,8:31,1:48:01,6:38:02
1556,151,Jamie Orr,F40-44,228,Female,Australia,43:06,7:28,3:38:35,8:12,2:00:48,6:38:09
1557,1803,Katrin Schmuck,F50-54,127,Female,Germany,50:01,6:05,3:38:49,4:00,1:59:24,6:38:18
1558,1564,Petra Engel,F55-59,61,Female,Germany,42:56,5:56,3:39:26,4:06,2:05:57,6:38:21
1559,572,Lindsey Welter,F35-39,223,Female,United States,46:27,5:44,3:50:14,4:22,1:51:39,6:38:25
1560,1550,Maria Andrea Prieto,F55-59,62,Female,Argentina,47:31,5:56,3:41:02,6:53,1:57:04,6:38:26
1561,858,Mary Mitchell,F65-69,4,Female,Australia,42:48,6:02,3:51:47,5:05,1:52:45,6:38:28
1562,2656,Maria Fernanda Poveda Franco,F45-49,176,Female,Ecuador,46:39,8:01,3:43:10,7:40,1:53:05,6:38:35
1563,1525,Judith Harkins,F55-59,63,Female,United States,47:11,7:54,3:40:38,5:25,1:57:31,6:38:38
1564,1162,Belen Llapur,F30-34,298,Female,Argentina,45:58,5:16,3:55:50,3:26,1:48:12,6:38:41
1565,2611,Bernie Wolff,F45-49,177,Female,United Kingdom,43:09,5:15,3:44:33,4:58,2:00:51,6:38:47
1566,373,Ksenija Šetlere,F40-44,229,Female,Latvia,38:36,6:10,3:54:05,4:42,1:55:13,6:38:47
1567,1878,Julie Glenn,F50-54,128,Female,United States,45:59,7:37,3:47:32,7:00,1:50:41,6:38:49
1568,2694,Shelley Atkins,F45-49,178,Female,Ireland,41:35,6:14,3:45:50,8:28,1:56:43,6:38:50
1569,809,Kari Vaughn,F35-39,224,Female,United States,48:11,5:29,3:38:48,4:09,2:02:14,6:38:50
1570,2015,Sara Allen,F25-29,247,Female,United States,40:33,6:54,3:46:12,6:55,1:58:17,6:38:51
1571,522,Guiliana Fiorella Falero Martínez,F35-39,225,Female,Peru,39:50,4:33,3:54:39,4:36,1:55:19,6:38:56
1572,868,Jan Guenther,F65-69,5,Female,United States,42:40,6:48,3:42:51,5:21,2:01:17,6:38:57
1573,312,Krista Pangman,F40-44,230,Female,Canada,48:50,8:51,3:24:55,9:17,2:07:04,6:38:57
1574,412,Flavia Beatriz Belini,F40-44,231,Female,Brazil,39:18,6:12,3:45:37,5:20,2:02:31,6:38:58
1575,1102,Emma Swarthout,F30-34,299,Female,United States,42:18,5:05,3:48:54,3:59,1:58:42,6:38:58
1576,1921,Terri Stone,F50-54,129,Female,United States,46:19,9:31,3:43:01,7:16,1:52:52,6:39:00
1577,1261,Melodie Blackmon,F30-34,300,Female,United States,40:30,5:20,3:44:16,5:10,2:03:50,6:39:06
1578,727,Devon Hall,F35-39,226,Female,United States,42:35,7:43,3:55:00,6:23,1:47:25,6:39:06
1579,1850,Olga Navas Mejia,F50-54,130,Female,Colombia,42:37,5:47,3:46:36,5:37,1:58:33,6:39:11
1580,1650,Maryam Norouzi,F55-59,64,Female,United States,44:09,8:38,3:40:05,5:50,2:00:38,6:39:21
1581,2099,Arianne Labelle,F25-29,248,Female,Canada,40:33,5:07,3:45:41,5:48,2:02:14,6:39:23
1582,1054,Brenda Young,F30-34,301,Female,Panama,39:45,6:35,3:50:38,5:03,1:57:25,6:39:25
1583,1219,Nicole BOYLE,F30-34,302,Female,United States,46:25,5:43,3:46:19,6:59,1:53:58,6:39:25
1584,2263,Elissa Candiotti,F25-29,249,Female,United States,43:49,4:58,4:05:55,4:27,1:40:18,6:39:27
1585,1939,Patrícia Soares,F55-59,65,Female,Brazil,36:32,6:26,3:49:37,7:36,1:59:17,6:39:28
1586,2144,Bronwen Anderson,F25-29,250,Female,Australia,38:03,5:46,3:48:16,5:34,2:01:50,6:39:29
1587,2605,Fernanda Nobrega,F45-49,179,Female,Brazil,43:09,5:15,3:48:00,6:23,1:56:44,6:39:33
1588,1643,Jill Lawrance,F55-59,66,Female,Canada,38:10,6:53,3:42:09,6:43,2:05:49,6:39:44
1589,1584,Doreen Schatte,F55-59,67,Female,United States,44:20,5:38,3:41:36,5:12,2:03:01,6:39:46
1590,496,Jade Yim,F35-39,227,Female,United States,36:15,5:53,3:52:14,5:00,2:00:28,6:39:49
1591,1861,Maria del Pilar Linares,F50-54,131,Female,Colombia,50:58,7:30,3:42:02,6:58,1:52:25,6:39:53
1592,719,Lindsey Morgan,F35-39,228,Female,United States,39:00,8:19,3:49:37,7:44,1:55:16,6:39:55
1593,1368,Sarah Davidson,F60-64,17,Female,United States,41:06,7:00,3:47:55,8:46,1:55:11,6:39:58
1594,695,Elizabeth Hall,F35-39,229,Female,United States,47:22,5:30,3:49:51,6:10,1:51:12,6:40:05
1595,1474,Wendy Clarke,F55-59,68,Female,United Kingdom,39:32,4:08,3:52:21,4:42,1:59:29,6:40:10
1596,2045,Olivia Francis,F25-29,251,Female,United States,41:58,6:26,3:37:13,5:58,2:08:37,6:40:11
1597,357,Carolin Aldinger,F40-44,232,Female,Germany,48:35,7:02,3:46:27,5:26,1:52:40,6:40:11
1598,2129,Gabrielle Freeman,F25-29,252,Female,United States,50:48,5:56,3:48:11,6:51,1:48:25,6:40:12
1599,2327,Chikako Shiroiwa,F18-24,139,Female,Japan,45:46,5:34,3:45:50,6:34,1:56:29,6:40:13
1600,1894,Aisling Coppinger,F50-54,132,Female,Ireland,48:57,4:34,3:47:42,2:09,1:56:53,6:40:16
1601,1616,Elena Valentini,F55-59,69,Female,Switzerland,47:05,5:27,3:45:02,4:44,1:58:00,6:40:18
1602,2731,Maja Haastrup Ishøi,F45-49,180,Female,Denmark,39:00,4:43,3:39:27,5:14,2:11:55,6:40:19
1603,291,Hsiao Ting Hung,F40-44,233,Female,Taiwan,45:49,7:24,3:46:06,5:31,1:55:33,6:40:22
1604,620,Jana Rocha,F35-39,230,Female,Brazil,46:33,9:13,3:47:05,6:19,1:51:14,6:40:24
1605,239,Jim Ferrell,F40-44,234,Female,Germany,45:51,5:46,3:45:33,4:07,1:59:11,6:40:28
1606,1560,Nancy Arena,F55-59,70,Female,United States,41:51,5:51,3:50:58,4:22,1:57:27,6:40:29
1607,2717,Samira Volpi Behrendt,F45-49,181,Female,Brazil,39:44,5:27,3:58:33,4:48,1:51:56,6:40:29
1608,1445,Charleen Lundberg,F60-64,18,Female,United States,50:50,7:29,3:37:12,6:28,1:58:32,6:40:30
1609,1442,Jennifer Sereno,F60-64,19,Female,United States,43:56,7:34,3:33:43,6:39,2:08:39,6:40:31
1610,128,Marissa Palmer,F40-44,235,Female,United States,44:45,8:11,3:54:56,6:20,1:46:25,6:40:37
1611,618,Carley Hake,F35-39,231,Female,United States,54:08,5:03,4:01:57,4:38,1:34:55,6:40:41
1612,362,Lucia Ray,F40-44,236,Female,Switzerland,46:09,5:54,3:40:14,3:55,2:04:40,6:40:52
1613,2577,Brianna Bair,F45-49,182,Female,United States,49:38,7:52,3:36:57,5:36,2:00:53,6:40:56
1614,830,Julie Rosenbom,F40-44,237,Female,France,48:07,5:43,3:43:19,4:12,1:59:40,6:41:00
1615,1753,Isabella Anders,F50-54,133,Female,United States,43:38,4:34,3:53:44,4:57,1:54:12,6:41:05
1616,2488,Laura Clavijo,F45-49,183,Female,Colombia,45:03,5:29,3:45:29,6:23,1:58:41,6:41:06
1617,625,Roxanne Turner,F35-39,232,Female,United Kingdom,46:50,6:17,3:52:47,5:14,1:50:03,6:41:11
1618,2672,Monique Radman,F45-49,184,Female,United States,42:24,5:10,3:48:18,4:01,2:01:21,6:41:13
1619,661,Katrina Tsang,F35-39,233,Female,United States,46:05,3:23,3:45:37,4:45,2:01:25,6:41:14
1620,1704,Tracey Prince,F50-54,134,Female,Australia,41:17,5:55,3:46:50,5:45,2:01:28,6:41:15
1621,1770,Elizabeth Stavreski,F50-54,135,Female,Australia,52:40,10:26,3:44:01,9:09,1:45:12,6:41:29
1622,1244,Heather Markham,F30-34,303,Female,United States,33:12,3:58,3:44:28,4:13,2:15:42,6:41:33
1623,396,Karen Guerra,F40-44,238,Female,United States,45:09,5:45,3:46:52,4:20,1:59:31,6:41:38
1624,957,Angela Chang,F30-34,304,Female,United States,35:17,4:57,4:02:00,4:35,1:54:50,6:41:38
1625,2705,SANDRINE GARDEUX-LAROUDIE,F45-49,185,Female,France,35:24,6:11,3:23:55,9:44,2:26:27,6:41:40
1626,581,Kristina Turcianska,F35-39,234,Female,Czechia,50:40,5:20,3:42:04,6:22,1:57:14,6:41:40
1627,220,Cecilia Cabello,F40-44,239,Female,Paraguay,47:12,6:00,3:54:17,4:50,1:49:21,6:41:40
1628,1114,Yiqun Wang,F30-34,305,Female,China,53:23,6:40,3:41:53,6:34,1:53:11,6:41:41
1629,1191,Tanya Lowder,F30-34,306,Female,Ireland,35:36,5:35,3:58:44,4:39,1:57:11,6:41:45
1630,1658,Lynne Speckmann,F55-59,71,Female,United States,47:07,6:03,3:34:22,5:51,2:08:25,6:41:48
1631,1043,Emma Weese,F30-34,307,Female,United States,44:07,5:50,3:51:14,5:01,1:55:37,6:41:49
1632,2040,Sophie-Lena Discepola,F25-29,253,Female,Canada,49:05,6:23,4:01:00,3:49,1:41:33,6:41:50
1633,977,AMANDA DE OLIVEIRA BRITO,F30-34,308,Female,Brazil,37:22,5:45,3:55:58,8:36,1:54:13,6:41:53
1634,1576,Britta Dressler,F55-59,72,Female,Germany,43:29,6:19,3:36:30,6:07,2:09:28,6:41:53
1635,389,Penka Lehne,F40-44,240,Female,Germany,46:50,6:00,3:48:35,4:20,1:56:11,6:41:56
1636,1885,Teresa Robbins,F50-54,136,Female,United Kingdom,45:38,5:41,3:46:39,4:48,1:59:15,6:42:01
1637,1398,Janice Campbell,F60-64,20,Female,Canada,42:56,5:44,3:47:54,4:39,2:00:52,6:42:06
1638,2094,YUEMIN CHEN,F25-29,254,Female,China,56:48,8:26,3:34:45,7:12,1:54:58,6:42:08
1639,2571,Yuliia Rudavska,F45-49,186,Female,Ukraine,40:13,4:54,3:56:53,4:45,1:55:26,6:42:12
1640,1472,Martine Hofer,F65-69,6,Female,France,47:04,7:04,3:40:47,4:45,2:02:42,6:42:21
1641,2075,Holliston Wagner,F25-29,255,Female,United States,40:44,6:00,3:51:18,5:39,1:58:41,6:42:23
1642,1338,Stefania Filippi,F60-64,21,Female,Italy,50:55,7:11,3:50:14,7:11,1:46:54,6:42:25
1643,1506,Vanuza Regina Maciel,F55-59,73,Female,Brazil,43:07,5:12,3:33:40,7:19,2:13:16,6:42:33
1644,359,Kylie Scholz,F40-44,241,Female,Australia,33:21,4:49,3:53:17,4:09,2:06:58,6:42:34
1645,2789,Jane Pilger,F50-54,137,Female,United States,35:16,5:07,3:26:53,6:15,2:29:12,6:42:43
1646,829,Alvanis Cardozo Xavier,F40-44,242,Female,Brazil,47:04,7:42,3:51:12,5:41,1:51:06,6:42:45
1647,1698,nora vincent,F50-54,138,Female,Argentina,40:59,6:45,3:48:51,6:54,1:59:21,6:42:51
1648,386,Ronda Vanderwall,F40-44,243,Female,United States,38:31,5:04,3:49:02,5:35,2:04:50,6:43:02
1649,1452,Monica Rinne,F60-64,22,Female,Germany,42:13,7:29,3:48:50,6:35,1:57:58,6:43:06
1650,301,Sarah Hobart,F40-44,244,Female,United States,41:35,5:01,3:56:29,4:14,1:55:50,6:43:09
1651,657,Carolina Davila,F35-39,235,Female,Mexico,40:02,6:19,3:42:38,7:47,2:06:23,6:43:10
1652,1828,Kristin Overton,F50-54,139,Female,United States,40:33,5:28,3:39:39,5:49,2:11:42,6:43:12
1653,1232,Kathleen Harcourt,F30-34,309,Female,United States,51:03,6:38,3:53:55,5:14,1:46:22,6:43:12
1654,1436,lisa ransom martin,F60-64,23,Female,United States,43:51,7:12,3:39:28,7:09,2:05:33,6:43:12
1655,2616,Hyelim Yoon,F45-49,187,Female,Korea,46:14,5:38,3:52:42,6:13,1:52:28,6:43:14
1656,1655,Joanna Drop,F55-59,74,Female,Poland,40:34,5:58,3:41:32,5:01,2:10:12,6:43:18
1657,2595,Meredith Wegener,F45-49,188,Female,United States,38:15,4:20,3:49:27,6:09,2:05:14,6:43:25
1658,1434,Tina Van Wyk,F60-64,24,Female,South Africa,44:29,6:20,3:51:35,5:07,1:55:57,6:43:27
1659,1310,BRUNA BRAGA BARBOSA,F30-34,310,Female,Brazil,47:40,8:29,3:51:28,5:57,1:49:55,6:43:29
1660,508,Chienlin Chiu,F35-39,236,Female,Taiwan,59:41,4:47,3:36:08,5:11,1:57:43,6:43:31
1661,2436,Ana María Romero Pérez,F18-24,140,Female,Spain,47:35,5:37,3:49:20,5:02,1:55:57,6:43:31
1662,155,Georgina Villa,F40-44,245,Female,Mexico,44:49,6:17,3:58:13,4:06,1:50:10,6:43:35
1663,492,Carli Loss,F35-39,237,Female,United States,38:41,4:31,3:50:04,3:01,2:07:24,6:43:41
1664,322,Becky Ronaldson,F40-44,246,Female,Bermuda,43:29,6:32,3:54:05,5:12,1:54:26,6:43:44
1665,1062,Valerie Ruby,F30-34,311,Female,United States,45:16,6:32,3:44:47,5:40,2:01:34,6:43:49
1666,206,Joanna Marie Cruz,F40-44,247,Female,Philippines,51:03,5:14,3:43:48,6:04,1:57:45,6:43:54
1667,1192,Eliana Otero,F30-34,312,Female,Colombia,44:15,6:50,3:51:19,8:13,1:53:19,6:43:55
1668,1277,Amira Alysa Ayob,F30-34,313,Female,Malaysia,51:19,5:07,3:48:48,4:45,1:53:59,6:43:59
1669,1863,Cindy Reck,F50-54,140,Female,United States,34:01,7:37,3:48:08,5:36,2:08:42,6:44:05
1670,2560,Yohara Pereira Da Silva,F45-49,189,Female,Brazil,43:48,5:20,3:42:52,8:54,2:03:12,6:44:06
1671,2680,Christina Molin,F45-49,190,Female,Sweden,38:45,5:25,3:52:03,4:42,2:03:12,6:44:07
1672,2025,Bobbi Hebermehl,F25-29,256,Female,United States,48:22,6:23,3:49:16,6:41,1:53:34,6:44:15
1673,566,Camilla Bailey,F35-39,238,Female,Denmark,51:55,6:33,3:38:40,6:46,2:00:25,6:44:20
1674,1127,Devika Patil,F30-34,314,Female,India,50:20,7:38,3:52:07,6:37,1:47:49,6:44:30
1675,2394,Lauren Hogan,F18-24,141,Female,United States,38:47,5:33,3:50:18,9:19,2:00:39,6:44:36
1676,1784,Kristine Urban,F50-54,141,Female,United States,44:39,5:33,3:48:28,5:24,2:00:45,6:44:49
1677,1341,Maria Amalia Vega,F60-64,25,Female,Argentina,44:13,4:36,3:48:34,5:12,2:02:16,6:44:50
1678,240,Laurel Short,F40-44,248,Female,United States,45:37,7:06,3:40:28,6:21,2:05:19,6:44:51
1679,1535,Diana Nielsen,F55-59,75,Female,Denmark,43:52,6:12,3:44:47,6:01,2:04:03,6:44:56
1680,1168,Leoni Klumpp-Reinemuth,F30-34,315,Female,Germany,46:01,4:43,3:49:42,5:45,1:58:50,6:45:00
1681,401,Tracey Ross,F40-44,249,Female,New Zealand,39:47,4:07,3:49:19,4:02,2:07:46,6:45:01
1682,1024,Allison Souhrada,F30-34,316,Female,United States,41:49,5:07,3:56:46,3:58,1:57:25,6:45:04
1683,2784,Cari Ossenfort,F45-49,191,Female,United States,40:18,6:19,3:47:05,7:19,2:04:04,6:45:06
1684,793,Genevieve Trahan,F35-39,239,Female,Canada,45:37,5:51,3:45:32,5:05,2:03:02,6:45:06
1685,403,Laetitia Laure,F40-44,250,Female,France,48:56,5:19,3:49:22,3:57,1:57:32,6:45:07
1686,341,Patricia Alvarado,F40-44,251,Female,Mexico,48:56,6:24,3:49:12,7:02,1:53:38,6:45:12
1687,280,Jackeline Pinto Da Silva,F40-44,252,Female,Brazil,37:53,5:52,4:00:16,5:12,1:56:10,6:45:23
1688,1370,Heidi Tenhunen,F60-64,26,Female,Finland,49:46,4:52,3:41:17,4:52,2:04:41,6:45:27
1689,667,Karah Osterberg,F35-39,240,Female,United States,36:44,6:27,3:52:17,6:57,2:03:02,6:45:28
1690,1431,Cynthia Hutchings,F60-64,27,Female,United States,42:41,4:09,3:52:15,6:39,1:59:46,6:45:29
1691,1599,Rio TANABE,F55-59,76,Female,Japan,43:02,8:29,3:50:18,5:07,1:58:35,6:45:31
1692,1459,Sue Pope,F60-64,28,Female,United States,43:47,7:02,3:46:38,6:31,2:01:33,6:45:31
1693,1554,Katy Roberts,F55-59,77,Female,United States,37:37,5:04,3:43:53,5:38,2:13:23,6:45:35
1694,1337,Monique Giroux,F60-64,29,Female,Canada,38:30,6:40,3:48:58,6:02,2:05:39,6:45:49
1695,1851,Gail Walker,F50-54,142,Female,United Kingdom,39:02,7:40,3:57:39,7:01,1:54:31,6:45:53
1696,1750,Heather Whren,F50-54,143,Female,United States,44:59,9:05,3:52:22,7:57,1:51:32,6:45:54
1697,736,Jennifer Murphy,F35-39,241,Female,United States,39:34,7:02,3:48:45,6:21,2:04:16,6:45:58
1698,1930,Jelena Jankovic-Laskovic,F50-54,144,Female,Serbia,42:51,7:05,3:52:42,6:26,1:57:07,6:46:10
1699,259,Maryfel Aumentado,F40-44,253,Female,Philippines,43:41,3:35,3:52:41,5:32,2:00:42,6:46:12
1700,276,Verónica Soriano Bugnion,F40-44,254,Female,Spain,38:20,6:21,3:52:16,4:11,2:05:10,6:46:17
1701,1318,Katherine Delorme,F35-39,242,Female,Canada,41:20,5:08,3:52:58,6:02,2:00:58,6:46:27
1702,1611,Valerie Sebbah,F55-59,78,Female,France,43:55,3:43,3:42:52,3:29,2:12:57,6:46:56
1703,2587,Meghan Lout,F45-49,192,Female,United States,44:12,5:23,4:03:00,6:10,1:48:16,6:47:01
1704,1688,Shawna Hiley,F50-54,145,Female,Canada,47:26,8:51,3:42:45,6:03,2:02:12,6:47:17
1705,757,Kathi Ryska,F35-39,243,Female,Germany,47:14,6:00,3:48:50,4:48,2:00:32,6:47:24
1706,2526,Ronelle Van Zyl,F45-49,193,Female,South Africa,45:06,5:21,4:00:19,5:41,1:51:00,6:47:26
1707,1388,Pascale Lercangee,F60-64,30,Female,United States,49:32,6:53,3:38:13,5:57,2:07:02,6:47:38
1708,2048,Madeleine Cartagena,F25-29,257,Female,Philippines,38:13,5:30,3:52:13,6:25,2:05:21,6:47:43
1709,369,Eva Smolka Cabezas,F40-44,255,Female,Spain,37:44,7:43,3:43:53,7:00,2:11:27,6:47:46
1710,2707,Lara Sloan,F45-49,194,Female,United States,45:09,5:30,3:42:13,7:41,2:07:16,6:47:49
1711,709,Lyllian Banzon,F35-39,244,Female,Philippines,39:38,6:26,3:48:34,6:08,2:07:11,6:47:57
1712,1597,Susana Hauswirth,F55-59,79,Female,Argentina,45:24,5:36,3:52:45,4:56,1:59:16,6:47:57
1713,2502,Julie Rubel,F45-49,195,Female,United States,37:46,5:18,3:55:34,5:50,2:03:40,6:48:08
1714,2226,Manuela Berardi,F25-29,258,Female,Argentina,42:26,4:36,4:09:19,6:26,1:45:29,6:48:15
1715,409,Lacey Menasco,F40-44,256,Female,United States,43:06,4:43,3:52:15,4:25,2:03:47,6:48:17
1716,2660,Amber Guzzardo,F45-49,196,Female,United States,48:52,7:04,3:55:07,8:06,1:49:12,6:48:21
1717,2769,Claudia Alvarez,F45-49,197,Female,Panama,47:45,5:49,3:43:22,7:47,2:03:40,6:48:23
1718,1806,Mathilde Boisson,F50-54,146,Female,France,42:15,5:42,3:50:57,4:13,2:05:17,6:48:23
1719,1271,Alexys Hoppman,F30-34,317,Female,United States,41:13,5:11,3:55:31,6:07,2:00:23,6:48:24
1720,1834,Ayesha San Miguel,F50-54,147,Female,Puerto Rico,49:06,6:33,3:47:22,5:46,1:59:40,6:48:26
1721,2597,Christine Ondro,F45-49,198,Female,Canada,44:50,5:28,3:48:53,5:35,2:03:41,6:48:27
1722,1909,Katharine De Simone,F50-54,148,Female,United States,36:03,4:49,4:07:49,5:29,1:54:26,6:48:37
1723,1499,Lisa Mcfadden,F55-59,80,Female,United States,45:46,4:33,3:50:50,3:43,2:03:48,6:48:41
1724,1412,Carolyn Classen,F60-64,31,Female,United States,39:30,8:38,3:50:36,5:11,2:04:48,6:48:42
1725,527,Hailey Turner,F35-39,245,Female,United States,37:02,6:07,3:58:38,7:42,1:59:18,6:48:46
1726,1339,Rena Eberlein,F60-64,32,Female,Germany,47:48,6:00,3:50:55,5:46,1:58:20,6:48:49
1727,1619,Teri Cashmore,F55-59,81,Female,United States,33:44,4:38,3:39:56,5:39,2:24:54,6:48:51
1728,360,Dini Tri Lestari,F40-44,257,Female,Indonesia,49:56,6:45,3:46:05,5:40,2:00:32,6:48:58
1729,1486,Stefani Gutsche-Krüger,F55-59,82,Female,Germany,39:03,6:04,3:48:54,10:08,2:04:53,6:49:02
1730,1664,Petra Stoeppler,F55-59,83,Female,Germany,38:20,4:56,3:58:22,5:42,2:01:43,6:49:03
1731,1574,Angela Paterson,F55-59,84,Female,United Kingdom,47:27,5:11,3:45:08,5:32,2:05:45,6:49:03
1732,771,Nina Golovchanskaia,F35-39,246,Female,United Arab Emirates,45:33,8:03,4:03:44,6:23,1:45:21,6:49:04
1733,164,Laukje Steenstra,F40-44,258,Female,Netherlands,45:33,7:25,4:07:04,6:22,1:42:40,6:49:05
1734,1167,Wei Ying Chang,F30-34,318,Female,Malaysia,49:01,8:57,3:46:04,7:03,1:58:05,6:49:10
1735,1032,Elise Goldfine,F30-34,319,Female,United States,43:01,5:55,3:51:29,8:00,2:00:54,6:49:18
1736,962,Adrienne Morgan,F30-34,320,Female,Canada,40:54,3:50,3:54:35,5:59,2:04:00,6:49:18
1737,2376,Marina Carelli,F18-24,142,Female,Brazil,37:34,5:14,4:00:15,3:43,2:02:40,6:49:25
1738,368,Aimee Riley,F40-44,259,Female,United States,44:38,6:03,3:49:28,4:59,2:04:19,6:49:28
1739,2500,Priscila Damasceno,F45-49,199,Female,Brazil,46:03,6:59,3:57:29,5:04,1:53:53,6:49:28
1740,2695,Carrie-Ann Strong,F45-49,200,Female,United States,36:21,5:44,4:06:01,5:51,1:55:31,6:49:29
1741,1831,Keri Ann Tatusko,F50-54,149,Female,United States,42:16,8:18,3:52:47,6:21,1:59:50,6:49:31
1742,335,Emmeline Watson,F40-44,260,Female,United States,49:15,10:44,3:52:03,4:02,1:53:27,6:49:31
1743,2002,Cailen Chinn,F25-29,259,Female,United States,31:47,5:23,4:01:19,5:55,2:05:08,6:49:32
1744,1360,Dorothee Klasen,F60-64,33,Female,Germany,43:12,5:07,3:43:54,7:01,2:10:19,6:49:33
1745,2397,Bente Legters,F18-24,143,Female,Netherlands,46:09,5:41,3:50:48,3:59,2:02:57,6:49:33
1746,1732,Vanessa Lorena Statella,F50-54,150,Female,Argentina,42:11,6:07,4:01:52,5:49,1:53:39,6:49:38
1747,2083,Sofia Ochoa,F25-29,260,Female,Colombia,41:35,4:48,3:21:27,4:03,2:37:49,6:49:42
1748,1498,Jana Kotar Ilijas,F55-59,85,Female,Slovenia,48:36,7:21,3:53:30,5:27,1:54:49,6:49:43
1749,2746,Ruth Marie Oliver,F45-49,201,Female,United States,46:01,5:06,3:51:39,4:38,2:02:19,6:49:43
1750,2768,Lia Clari,F45-49,202,Female,Paraguay,47:55,8:51,3:59:44,5:56,1:47:17,6:49:43
1751,2304,Fernanda Gomez,F18-24,144,Female,Costa Rica,37:34,4:34,3:55:31,4:00,2:08:10,6:49:49
1752,1890,Robin Stacy,F50-54,151,Female,Canada,47:43,6:41,3:45:54,6:13,2:03:19,6:49:50
1753,1374,Paola Torretti,F60-64,34,Female,Italy,43:23,6:50,3:48:27,6:30,2:04:39,6:49:50
1754,1513,Tanya Capitani,F55-59,86,Female,Canada,49:59,7:25,3:55:17,7:53,1:49:18,6:49:52
1755,668,Alice Brook,F35-39,247,Female,Australia,43:04,5:30,3:50:50,7:18,2:03:11,6:49:53
1756,2511,Aria Veneklasen,F45-49,203,Female,United States,42:39,5:11,3:49:40,4:51,2:07:39,6:49:59
1757,2477,Kristina Nardi,F45-49,204,Female,United States,43:28,5:18,3:48:02,4:40,2:08:37,6:50:05
1758,1093,Carolyn Fittipaldi,F30-34,321,Female,United States,32:22,6:24,3:55:51,7:55,2:07:37,6:50:08
1759,1810,Claudia Ribas Araujo Starnini,F50-54,152,Female,Brazil,46:29,7:10,3:48:56,5:49,2:01:50,6:50:14
1760,1438,Sylvie Béland,F60-64,35,Female,Canada,45:08,6:41,3:43:49,6:45,2:07:50,6:50:14
1761,1288,Brittany Edwards,F30-34,322,Female,Australia,41:50,9:36,4:10:06,6:03,1:42:46,6:50:22
1762,1274,Rachael Mallory,F30-34,323,Female,United States,37:46,4:52,3:59:30,5:22,2:02:52,6:50:24
1763,1211,Jennifer Tryon,F30-34,324,Female,United States,41:55,4:56,3:51:28,3:58,2:08:09,6:50:25
1764,455,Eva Mathys,F45-49,205,Female,Switzerland,46:11,5:13,3:45:11,5:43,2:08:14,6:50:32
1765,127,Fatin Farhana Tuan Kamarudden,F40-44,261,Female,Malaysia,45:17,8:16,3:50:35,6:40,2:00:14,6:51:01
1766,406,Anabel Molina,F40-44,262,Female,Argentina,46:02,5:22,4:06:11,3:56,1:49:35,6:51:05
1767,2386,Elizabeth Nilles,F18-24,145,Female,United States,43:22,5:19,3:50:49,4:10,2:07:31,6:51:10
1768,2734,Jennifer Ortiz,F45-49,206,Female,Australia,41:44,5:05,4:00:25,4:58,1:59:00,6:51:12
1769,1103,Gabrielle Silvestre-Tengco,F30-34,325,Female,Philippines,46:09,6:43,3:57:00,5:16,1:56:07,6:51:15
1770,2552,Jennifer Carlson,F45-49,207,Female,United States,32:36,7:16,4:01:32,6:21,2:03:38,6:51:22
1771,1630,Monique Maria Lima Cabral,F55-59,87,Female,Brazil,42:28,5:46,3:54:17,8:23,2:00:41,6:51:34
1772,887,Elisabeth Koglbauer,F50-54,153,Female,Austria,46:26,5:19,3:31:14,7:53,2:20:48,6:51:40
1773,1622,Judith Karbowski,F55-59,88,Female,France,49:27,8:16,3:55:18,6:04,1:52:47,6:51:52
1774,1759,Bev Attfield,F50-54,154,Female,Canada,42:49,9:23,3:59:40,4:34,1:55:51,6:52:17
1775,2559,SUSANNE KOLSTRUP,F45-49,208,Female,Denmark,48:10,7:25,3:56:43,6:08,1:53:55,6:52:21
1776,735,Cecilia Centeno,F35-39,248,Female,Argentina,41:45,4:12,4:04:50,4:45,1:56:53,6:52:25
1777,1817,Norma Edge,F50-54,155,Female,United States,47:33,5:49,3:48:20,6:48,2:03:59,6:52:28
1778,949,Sædís Jónsdóttir,F30-34,326,Female,Iceland,45:23,4:46,4:03:27,4:13,1:54:39,6:52:29
1779,2493,Natalie Wright,F45-49,209,Female,United States,38:37,6:53,3:48:36,6:07,2:12:30,6:52:44
1780,945,Cayleigh Visser,F30-34,327,Female,South Africa,40:53,5:06,4:03:00,5:14,1:58:31,6:52:45
1781,2541,Athena Wright,F45-49,210,Female,United States,39:25,6:10,4:04:18,5:59,1:57:04,6:52:56
1782,1009,Millie Bistre Varon,F30-34,328,Female,Mexico,45:37,7:06,3:48:02,7:35,2:04:45,6:53:06
1783,2475,Cassie Holley,F45-49,211,Female,United States,51:12,7:48,3:45:25,6:58,2:01:46,6:53:09
1784,2638,Julie Nale,F45-49,212,Female,United States,32:05,5:58,3:45:29,6:01,2:23:43,6:53:15
1785,2750,Megan Otoole,F45-49,213,Female,United States,50:26,9:30,3:55:40,6:29,1:51:10,6:53:17
1786,1353,Nancy Mcmahon,F60-64,36,Female,United States,46:23,5:03,3:51:32,4:35,2:05:47,6:53:20
1787,607,Kristin Sarkisian,F35-39,249,Female,United States,44:51,5:55,4:00:29,5:11,1:56:59,6:53:25
1788,2051,Bianca Clarisse Tan,F25-29,261,Female,Philippines,43:30,5:18,3:48:33,5:52,2:10:13,6:53:25
1789,555,Verónica Nicole Saavedra Riquelme,F35-39,250,Female,Chile,43:28,4:53,3:48:17,7:28,2:09:22,6:53:27
1790,235,Marta Bigio,F40-44,263,Female,Portugal,53:51,6:30,3:51:00,4:48,1:57:22,6:53:31
1791,1432,Raine Fussner,F60-64,37,Female,United States,43:57,7:46,3:49:02,4:34,2:08:13,6:53:32
1792,2518,Sara Connolly,F45-49,214,Female,United States,37:28,8:00,4:09:37,6:35,1:51:54,6:53:34
1793,1994,Angela Patricia Parra Jaimes,F25-29,262,Female,Colombia,1:06:32,7:20,3:49:36,6:10,1:43:57,6:53:35
1794,559,Rina Cohen,F35-39,251,Female,Mexico,36:24,8:49,4:01:28,6:30,2:00:24,6:53:35
1795,1918,Katherine Caris-Harris,F50-54,156,Female,United Kingdom,55:21,7:00,3:50:14,5:50,1:55:16,6:53:41
1796,610,Steph Wilcock,F35-39,252,Female,United Kingdom,48:06,7:25,3:53:58,5:09,1:59:03,6:53:42
1797,185,Kristen Lipscomb,F40-44,264,Female,United States,38:56,6:09,3:48:08,7:25,2:13:05,6:53:43
1798,1220,Gabriela Ceballos,F30-34,329,Female,Mexico,49:59,6:16,3:51:17,4:33,2:01:41,6:53:46
1799,1871,Darcey Bartel,F50-54,157,Female,United States,41:59,6:08,3:45:38,5:31,2:14:33,6:53:48
1800,1849,Paula Cook,F50-54,158,Female,United States,47:35,8:58,3:47:55,6:50,2:02:33,6:53:51
1801,1527,Mandy Grimes,F55-59,89,Female,United States,44:26,9:06,3:55:34,6:27,1:58:20,6:53:53
1802,1724,Christine James,F50-54,159,Female,France,40:13,8:07,4:09:33,6:00,1:50:06,6:54:00
1803,2100,Brenda Daniela Lubrina,F25-29,263,Female,Argentina,34:09,5:36,4:12:05,4:08,1:58:18,6:54:16
1804,2446,Alisha Macas,F18-24,146,Female,United States,49:45,5:57,3:56:59,6:33,1:55:02,6:54:16
1805,2364,Alessia Catullo,F18-24,147,Female,United States,43:32,5:45,3:51:41,6:55,2:06:46,6:54:40
1806,1466,Barbara Polehoykie,F60-64,38,Female,Canada,45:08,6:04,3:50:51,7:05,2:05:37,6:54:46
1807,634,Paola Paternina,F35-39,253,Female,Colombia,51:03,7:41,3:56:42,8:37,1:50:51,6:54:55
1808,1279,Katherine Tovar,F30-34,330,Female,Venezuela,47:47,8:00,3:56:36,5:50,1:56:45,6:54:57
1809,2053,Jasmine Lewis,F25-29,264,Female,United Kingdom,44:44,5:27,4:01:41,5:43,1:57:30,6:55:05
1810,1794,Jasper Suda,F50-54,160,Female,Australia,47:50,5:39,3:49:04,4:46,2:07:50,6:55:08
1811,133,Amelia Van Dyke,F40-44,265,Female,United States,39:58,6:12,3:56:20,7:29,2:05:16,6:55:15
1812,1451,Cordula Gruber,F60-64,39,Female,Germany,36:57,6:58,3:49:13,8:42,2:13:26,6:55:15
1813,2753,Miriam Robles Villar,F45-49,215,Female,United States,41:34,5:04,3:56:23,5:55,2:06:22,6:55:17
1814,1853,Mayte Cuahutle Avalos,F50-54,161,Female,Mexico,53:57,6:34,3:50:36,4:47,1:59:27,6:55:21
1815,290,Elisabeth Hesse,F40-44,266,Female,United States,36:13,3:42,4:00:22,4:06,2:10:58,6:55:22
1816,2527,Maryangely Moreno,F45-49,216,Female,Puerto Rico,42:31,5:11,4:12:34,4:23,1:50:49,6:55:27
1817,445,Vanessa Raposo,F40-44,267,Female,Brazil,50:15,8:00,3:54:09,6:11,1:56:53,6:55:28
1818,242,Maureene Riethmiller,F40-44,268,Female,United States,44:54,5:47,3:57:16,5:35,2:01:59,6:55:31
1819,2284,Lauri Menard,F18-24,148,Female,Canada,42:58,5:45,3:36:23,5:45,2:24:43,6:55:33
1820,742,Mitch Otsuru-Park,F35-39,254,Female,Philippines,45:16,7:35,3:55:34,5:05,2:02:05,6:55:35
1821,2659,Betina Winchel,F45-49,217,Female,Argentina,43:56,5:21,4:00:56,6:20,1:59:02,6:55:36
1822,1454,Giuliana Fatule,F60-64,40,Female,Peru,49:21,5:52,3:46:33,6:50,2:07:11,6:55:48
1823,1124,Brittni Hellenbrand,F30-34,331,Female,United States,47:38,7:09,3:44:24,8:13,2:08:24,6:55:48
1824,833,Tatiana Favery,F40-44,269,Female,United States,46:28,8:51,3:44:54,6:48,2:08:51,6:55:53
1825,1539,Rachael Beck,F55-59,90,Female,Ireland,39:48,5:56,3:33:16,7:17,2:29:39,6:55:57
1826,2461,Laura Sagrera,F25-29,265,Female,Spain,41:29,4:53,4:04:24,4:53,2:00:21,6:55:59
1827,2624,Cynthia San Jose,F45-49,218,Female,Canada,49:15,7:06,3:58:07,5:56,1:55:38,6:56:02
1828,434,Jennifer Turchin,F40-44,270,Female,United States,49:11,9:08,3:25:35,6:38,2:25:31,6:56:03
1829,1738,Angela Thomas,F50-54,162,Female,Australia,43:31,5:57,3:45:31,5:43,2:15:25,6:56:08
1830,2496,Teresa Rojas,F45-49,219,Female,Colombia,55:53,5:37,3:44:51,5:10,2:04:45,6:56:15
1831,1678,Mimi Winsberg,F60-64,41,Female,United States,43:09,5:16,3:58:14,6:09,2:03:36,6:56:24
1832,1490,Sneeta Takhar,F55-59,91,Female,Canada,49:01,4:39,3:57:54,4:58,2:00:11,6:56:42
1833,452,Mel Skicko,F45-49,220,Female,Australia,41:39,5:04,3:51:47,5:30,2:12:56,6:56:56
1834,372,Suzana Kelly Cordeiro de Souza Nascimento Suzana,F40-44,271,Female,Brazil,49:03,8:26,3:51:00,6:26,2:02:09,6:57:04
1835,1601,Daphne Brown,F55-59,92,Female,Canada,42:31,6:32,4:04:29,6:55,1:57:02,6:57:29
1836,106,Erin Sobon,F40-44,272,Female,United States,45:26,7:12,3:59:01,6:49,1:59:05,6:57:34
1837,1558,Patricia Neukom,F55-59,93,Female,Switzerland,48:53,7:44,3:44:27,10:18,2:06:12,6:57:34
1838,1544,Dafne Koskiniotis,F55-59,94,Female,Argentina,45:29,4:59,4:10:26,5:50,1:50:52,6:57:37
1839,2536,Katrin Saile,F45-49,221,Female,United States,41:28,5:03,4:05:22,5:28,2:00:16,6:57:37
1840,1562,Sandra Kleine,F55-59,95,Female,Netherlands,46:27,8:14,3:49:33,7:31,2:05:52,6:57:38
1841,1623,Petra Krallmann-Brüll,F55-59,96,Female,Germany,39:01,5:11,3:51:56,5:44,2:15:48,6:57:40
1842,1553,Sharon Hammond,F55-59,97,Female,Bermuda,42:09,6:38,4:01:58,7:37,1:59:23,6:57:45
1843,2050,Hsiao Han Yu,F25-29,266,Female,Taiwan,47:55,8:06,3:54:39,4:43,2:02:25,6:57:47
1844,1588,Anne Bennett,F55-59,98,Female,United Kingdom,45:09,5:54,3:48:47,5:16,2:12:48,6:57:54
1845,1628,Jennifer Hoyer,F55-59,99,Female,United States,36:38,6:38,4:03:52,6:18,2:04:35,6:58:01
1846,2759,Emma Spinks,F45-49,222,Female,Australia,36:56,7:47,3:51:51,6:47,2:14:44,6:58:05
1847,2401,Joy Tiu,F18-24,149,Female,Philippines,48:44,6:19,4:04:26,6:31,1:52:27,6:58:27
1848,2690,Claire Slater,F45-49,223,Female,Australia,45:15,6:44,4:05:46,6:08,1:54:36,6:58:29
1849,1392,Sophie Chouidira Merlin,F60-64,42,Female,France,53:16,7:26,3:51:32,6:16,2:00:00,6:58:30
1850,363,Carrie Labani,F40-44,273,Female,United States,43:01,4:22,4:02:55,4:54,2:03:31,6:58:44
1851,1657,Mara Crans,F55-59,100,Female,United States,38:52,6:01,3:58:31,7:15,2:08:12,6:58:51
1852,1649,Ronda Sundermeier,F55-59,101,Female,United States,43:22,7:55,3:59:14,6:27,2:02:04,6:59:04
1853,320,Claire-Louise Jedrek,F40-44,274,Female,Singapore,44:16,6:19,3:57:04,5:20,2:06:13,6:59:13
1854,2703,Patricia Vetter,F45-49,224,Female,United States,45:05,6:39,4:07:02,5:51,1:54:43,6:59:20
1855,2719,Ketaki Sathe,F45-49,225,Female,India,52:22,6:57,4:02:36,7:38,1:49:48,6:59:20
1856,1903,Asa Emanuelsson,F50-54,163,Female,United States,51:27,6:16,3:49:40,7:15,2:04:48,6:59:25
1857,1862,Isabel Pittius,F50-54,164,Female,Germany,37:05,9:28,3:48:52,7:41,2:16:21,6:59:27
1858,2564,Daisy Hoffman,F45-49,226,Female,United States,40:10,4:53,3:58:20,5:22,2:10:42,6:59:28
1859,1430,Marie-France Dufour,F60-64,43,Female,Canada,48:13,9:42,3:43:24,8:15,2:10:08,6:59:41
1860,327,Jackie Nguyen,F40-44,275,Female,United States,52:31,7:31,4:01:00,6:49,1:51:50,6:59:41
1861,2534,Lucy Davies,F45-49,227,Female,United Kingdom,42:59,5:14,3:57:30,8:41,2:05:23,6:59:47
1862,1947,Chloee Page,F25-29,267,Female,United States,39:44,5:11,4:10:21,4:25,2:00:08,6:59:49
1863,787,Chris Rojas,F35-39,255,Female,Colombia,52:34,7:00,4:04:22,5:32,1:50:28,6:59:56
1864,753,Megan Storm,F35-39,256,Female,United States,55:41,5:05,3:51:17,4:53,2:03:05,7:00:01
1865,1600,Hayley Leadbeater,F55-59,102,Female,United Kingdom,38:53,5:11,3:52:13,6:08,2:17:38,7:00:04
1866,2116,Riley Linihan,F25-29,268,Female,United States,46:03,6:22,3:52:49,4:14,2:10:38,7:00:07
1867,1423,Andrea Helmuth,F60-64,44,Female,Germany,47:04,7:07,3:52:02,5:02,2:08:56,7:00:11
1868,231,Jensine Fraser,F40-44,276,Female,United States,41:10,5:07,3:52:16,8:46,2:13:06,7:00:25
1869,1424,Jo Jones,F60-64,45,Female,United Kingdom,39:09,5:28,4:04:08,4:55,2:07:01,7:00:41
1870,1671,Charitini Nepka,F55-59,103,Female,Greece,40:58,5:18,3:56:43,6:29,2:11:15,7:00:43
1871,1814,Alexandra Markarian,F50-54,165,Female,United States,46:49,6:30,3:50:18,8:19,2:08:47,7:00:43
1872,1629,Vanessa Cook,F55-59,104,Female,United States,44:02,5:33,3:58:28,5:07,2:07:57,7:01:07
1873,782,Mandy Johnson,F35-39,257,Female,United States,38:53,5:39,4:00:18,4:41,2:11:36,7:01:08
1874,2290,Sophie Sommer,F18-24,150,Female,France,42:31,5:06,4:06:46,6:18,2:00:28,7:01:09
1875,1134,Kirsten Szalapski,F30-34,332,Female,United States,49:31,4:09,3:51:57,4:14,2:11:21,7:01:12
1876,1682,Kessha Fischer,F50-54,166,Female,United States,46:02,6:26,4:02:30,6:03,2:00:19,7:01:20
1877,2620,Kata Mahtani,F45-49,228,Female,Hungary,45:51,5:35,4:00:19,7:20,2:02:29,7:01:34
1878,1856,Stephanie Summerhill,F50-54,167,Female,United States,45:45,7:47,3:51:41,4:44,2:11:43,7:01:41
1879,710,Biyun Zhang,F35-39,258,Female,China,54:38,7:27,3:44:44,6:06,2:08:51,7:01:44
1880,2464,Katherine Andersen,F45-49,229,Female,United States,1:01:57,7:26,3:47:27,6:03,1:59:04,7:01:56
1881,855,Denise Boies,F65-69,7,Female,Canada,47:53,7:32,3:56:25,7:24,2:02:46,7:01:59
1882,2298,Cerys Fynn,F18-24,151,Female,United Kingdom,40:34,6:11,3:55:28,6:00,2:13:48,7:02:02
1883,244,Mandy Mueller,F40-44,277,Female,Germany,43:36,5:55,4:05:20,5:37,2:01:42,7:02:10
1884,2581,Genia Gulyas,F45-49,230,Female,Hungary,44:37,7:04,4:00:00,6:47,2:03:47,7:02:16
1885,2586,Mellanie Vendt,F45-49,231,Female,Denmark,43:26,5:17,4:03:16,6:40,2:03:39,7:02:18
1886,2650,YAMILA CRISAFI,F45-49,232,Female,Argentina,36:13,4:24,4:26:45,4:39,1:50:23,7:02:24
1887,1931,Kathleen Mccormack,F50-54,168,Female,United States,45:16,8:16,4:00:46,5:16,2:02:58,7:02:31
1888,2124,Maria Fernanda Far,F25-29,269,Female,Panama,30:53,4:35,4:04:31,4:40,2:17:59,7:02:39
1889,864,Sylvia Schulter,F65-69,8,Female,United States,53:13,6:49,3:50:35,8:01,2:04:06,7:02:45
1890,1404,Anne Roux,F60-64,46,Female,France,54:16,5:01,3:52:34,5:13,2:05:44,7:02:48
1891,2664,Clarissa Navarro Ferreira De Moraes,F45-49,233,Female,Brazil,41:32,5:03,4:01:54,5:41,2:08:48,7:02:58
1892,2601,Mairi Mackay,F45-49,234,Female,Australia,46:26,5:19,3:55:29,5:27,2:10:21,7:03:03
1893,2655,Billie Jo Heistand,F45-49,235,Female,United States,44:13,6:05,3:58:23,8:14,2:06:15,7:03:10
1894,212,TZU WEI LIAO,F40-44,278,Female,Taiwan,44:44,9:02,3:59:04,6:58,2:03:24,7:03:12
1895,1485,Anja Seidel,F55-59,105,Female,Germany,55:43,8:16,3:36:19,5:16,2:17:39,7:03:12
1896,1702,Deborah Maldonado,F50-54,169,Female,Puerto Rico,49:08,6:32,4:04:14,5:26,1:57:57,7:03:16
1897,814,Catalina Barrientos Valencia,F35-39,259,Female,Colombia,55:15,8:30,3:53:26,5:48,2:00:26,7:03:26
1898,1461,Marian Bergdolt,F60-64,47,Female,United States,50:08,5:25,3:55:19,4:56,2:07:38,7:03:27
1899,1844,Carmel Coyne,F50-54,170,Female,Ireland,47:10,6:22,4:05:53,7:31,1:56:31,7:03:27
1900,1652,Patricia Lescouzeres,F55-59,106,Female,France,58:08,9:26,3:54:43,5:22,1:55:50,7:03:30
1901,2465,Polyana De Fátima Roriz,F45-49,236,Female,Brazil,42:05,5:07,4:04:09,4:29,2:07:41,7:03:31
1902,2728,Mei Yin Lee,F45-49,237,Female,Singapore,51:23,7:27,3:59:52,6:19,1:58:41,7:03:43
1903,1618,Mary Krawczyk,F55-59,107,Female,United States,40:16,6:20,3:46:15,4:58,2:25:57,7:03:46
1904,1542,Colleen Abbot,F55-59,108,Female,United States,40:06,5:31,3:58:55,4:58,2:14:19,7:03:49
1905,1080,Claire Bruce,F30-34,333,Female,United States,45:16,6:36,3:59:25,5:21,2:07:14,7:03:52
1906,1928,Carolyn Bellof,F50-54,171,Female,United States,47:58,6:04,3:45:11,8:00,2:16:41,7:03:53
1907,1922,Michelle Wade,F50-54,172,Female,United States,41:33,7:12,4:09:32,6:34,1:59:14,7:04:05
1908,218,Flick Hanton,F40-44,279,Female,New Zealand,46:04,5:29,3:57:58,4:02,2:10:36,7:04:09
1909,678,Laís Bretones,F35-39,260,Female,Brazil,42:20,8:19,4:08:40,6:11,1:58:42,7:04:11
1910,927,Larissa Kirdeikis,F30-34,334,Female,Canada,43:35,5:53,3:56:56,6:18,2:11:33,7:04:15
1911,1517,Jeanette Grigoris,F55-59,109,Female,Australia,41:52,6:37,4:11:43,9:05,1:54:58,7:04:15
1912,1837,Elizabeth Dyrst,F50-54,173,Female,United States,42:29,6:35,4:06:49,6:42,2:01:48,7:04:23
1913,1857,Jacq Tan,F50-54,174,Female,Singapore,39:05,8:24,3:53:11,6:15,2:17:29,7:04:24
1914,2563,Diana Delcher,F45-49,238,Female,United States,43:41,5:19,4:08:55,8:20,1:58:19,7:04:33
1915,1444,Donna Heska,F60-64,48,Female,United States,45:59,3:21,3:54:51,5:11,2:15:15,7:04:36
1916,2574,Leanne Gosse,F45-49,239,Female,Canada,41:00,6:52,4:02:13,6:46,2:07:54,7:04:45
1917,1545,Tara Beattie,F55-59,110,Female,Canada,53:24,7:04,3:53:14,5:19,2:05:47,7:04:47
1918,567,Kattia Brenes,F35-39,261,Female,Costa Rica,52:20,6:52,3:56:42,6:46,2:02:24,7:05:04
1919,1350,Diane Huis,F60-64,49,Female,United States,52:15,8:56,3:55:04,8:12,2:00:39,7:05:05
1920,1924,Melanie Mitchell,F50-54,175,Female,United Kingdom,38:32,6:15,4:02:06,6:32,2:11:52,7:05:17
1921,839,Gretchen Cooney,F65-69,9,Female,United States,39:52,7:59,4:01:33,7:21,2:08:46,7:05:30
1922,2301,Audrey Theo Babbitt,F18-24,152,Female,United States,47:41,5:48,4:02:00,3:08,2:06:54,7:05:31
1923,764,ANASTASIA TUKMACHEVA,F35-39,262,Female,Tajikistan,49:10,8:12,4:14:10,7:43,1:46:26,7:05:40
1924,1820,Jodi Brangaccio,F50-54,176,Female,United States,51:07,8:55,4:01:15,5:06,1:59:22,7:05:44
1925,1529,Bettina Retslov,F55-59,111,Female,Denmark,45:49,5:55,3:47:18,8:39,2:18:05,7:05:45
1926,1361,Brigitte Muhl,F60-64,50,Female,Chile,56:04,5:09,3:40:53,5:09,2:18:42,7:05:57
1927,1316,Chris Edwards,F35-39,263,Female,Canada,43:32,7:49,4:07:22,4:55,2:02:24,7:06:01
1928,304,Anne-Cecile Guilbert,F40-44,280,Female,United States,43:18,6:11,4:00:40,5:17,2:10:34,7:06:01
1929,729,Krystina Wei,F35-39,264,Female,United States,47:54,5:09,3:55:16,5:19,2:12:25,7:06:04
1930,336,Lourdes Angela Ramos,F40-44,281,Female,Philippines,48:38,3:55,3:54:43,4:46,2:14:13,7:06:15
1931,1898,Sarah Disalle,F50-54,177,Female,United States,46:03,7:18,3:51:26,7:26,2:14:05,7:06:18
1932,852,Sharon McDowell-Larsen,F65-69,10,Female,Canada,40:46,6:14,3:58:44,5:58,2:14:42,7:06:24
1933,1411,Eva Lilliecreutz,F60-64,51,Female,Sweden,47:32,6:58,3:53:02,5:23,2:13:34,7:06:30
1934,1395,Sandy Thompson,F60-64,52,Female,United States,47:49,10:31,3:50:18,6:31,2:11:24,7:06:32
1935,1396,Denise Ingram,F60-64,53,Female,United States,46:43,5:16,3:59:37,6:37,2:08:21,7:06:34
1936,776,Jessica Levitt,F35-39,265,Female,United States,47:48,9:32,4:01:43,5:22,2:02:09,7:06:35
1937,209,Elizabeth Acuna,F40-44,282,Female,United States,46:30,10:48,4:01:44,5:24,2:02:09,7:06:36
1938,1781,Natalie Livings,F50-54,178,Female,Australia,41:40,4:54,4:02:20,6:43,2:11:02,7:06:39
1939,2730,Micaela Iantorno,F45-49,240,Female,United States,53:42,5:07,3:58:15,6:00,2:03:37,7:06:41
1940,2632,Julia Warning,F45-49,241,Female,Australia,47:18,5:46,4:01:15,6:08,2:06:19,7:06:46
1941,1997,Chinouk Tschan,F25-29,270,Female,Switzerland,30:32,5:28,2:53:18,7:02,3:30:35,7:06:55
1942,129,Leeanna Lyne,F40-44,283,Female,United States,50:42,6:50,3:49:46,4:50,2:15:20,7:07:27
1943,1613,Susan Smith,F55-59,112,Female,United States,45:13,6:07,4:00:13,5:33,2:10:23,7:07:30
1944,2017,Carleigh Waites,F25-29,271,Female,United States,43:28,5:58,4:08:43,5:39,2:03:56,7:07:43
1945,1787,Melissa CLEMENS WILLIAMSON,F50-54,179,Female,United States,52:20,6:36,4:09:31,6:29,1:52:55,7:07:50
1946,274,Viviana Bernal Orozco,F40-44,284,Female,Colombia,58:06,9:23,3:49:08,9:12,2:02:02,7:07:51
1947,1605,Claudia Condie,F55-59,113,Female,South Africa,47:02,7:34,4:02:25,4:44,2:06:12,7:07:56
1948,516,Nicole Meredyth,F35-39,266,Female,United States,51:03,6:18,4:00:17,8:34,2:01:55,7:08:07
1949,1428,Annika Åström,F60-64,54,Female,Sweden,37:50,5:18,4:01:59,6:53,2:16:08,7:08:07
1950,1540,Maggie Freeman,F55-59,114,Female,United States,52:06,6:18,4:04:51,5:01,2:00:02,7:08:18
1951,1495,Elisabete Misa Mimura,F55-59,115,Female,Brazil,48:30,7:05,3:47:55,5:37,2:19:41,7:08:48
1952,1446,Jeannete Sorensen Hickok,F60-64,55,Female,United States,49:40,6:01,3:52:12,4:49,2:16:14,7:08:56
1953,2725,Nicole Krumrei,F45-49,242,Female,United States,53:15,6:02,3:47:59,4:50,2:17:16,7:09:22
1954,1409,Martine Beltan,F60-64,56,Female,France,47:57,5:35,3:56:53,4:57,2:14:01,7:09:23
1955,2793,Lisa Wallace,F50-54,180,Female,United Kingdom,39:45,4:47,4:16:27,5:21,2:03:06,7:09:27
1956,269,Victoria Houghton,F40-44,285,Female,United States,39:41,6:21,4:03:26,8:21,2:11:42,7:09:32
1957,2557,Anna Wlodarczyk,F45-49,243,Female,Poland,52:58,5:20,4:08:50,4:06,1:58:35,7:09:49
1958,1765,Julie Christenson,F50-54,181,Female,United States,43:08,8:20,4:05:16,10:50,2:02:23,7:09:57
1959,2078,Kexin Luo,F25-29,272,Female,China,46:13,5:38,4:10:20,5:16,2:02:36,7:10:02
1960,708,Jenna Austin,F35-39,267,Female,United States,40:42,4:51,3:54:16,5:26,2:24:47,7:10:03
1961,426,Sue Ilet Archbold Criollo,F40-44,286,Female,Colombia,48:22,7:47,4:15:54,7:14,1:50:55,7:10:12
1962,1769,Jodi Johnson,F50-54,182,Female,United States,41:45,7:06,4:08:52,6:44,2:05:51,7:10:17
1963,1494,Sharon Hurst,F55-59,116,Female,United Kingdom,47:24,6:33,4:00:10,7:44,2:08:35,7:10:27
1964,1371,Sheryl Leonard-Schneck,F60-64,57,Female,United States,46:49,5:56,4:03:19,6:48,2:07:42,7:10:34
1965,1351,Traci Koon,F60-64,58,Female,United States,45:00,7:43,3:54:49,7:07,2:16:00,7:10:39
1966,1569,Tamara Ojeda,F55-59,117,Female,Spain,54:33,7:26,3:58:03,6:55,2:03:45,7:10:41
1967,1640,Kristy Fuller,F55-59,118,Female,United States,48:32,8:07,3:57:42,9:40,2:06:55,7:10:55
1968,2782,Karen Sutton,F45-49,244,Female,United States,52:48,9:08,3:56:34,7:59,2:04:33,7:11:02
1969,384,Kristi Evans,F40-44,287,Female,United States,39:44,5:54,3:52:43,5:34,2:27:10,7:11:04
1970,1654,Sophie Yergeau,F55-59,119,Female,Canada,35:35,7:02,4:14:21,8:41,2:05:30,7:11:09
1971,1458,Cornelia Gassner Bentz,F60-64,59,Female,Germany,47:25,7:54,3:53:05,7:00,2:15:46,7:11:10
1972,2530,Louise Madge,F45-49,245,Female,United Kingdom,48:07,5:57,4:00:50,6:18,2:10:11,7:11:23
1973,513,Alida Oegema-Thomas,F35-39,268,Female,Canada,51:58,5:16,4:12:32,5:42,1:56:13,7:11:41
1974,1397,Martina Kunze,F60-64,60,Female,Germany,52:04,6:14,3:55:13,4:20,2:14:02,7:11:52
1975,2573,Meghan Dughi,F45-49,246,Female,United States,52:15,6:39,4:07:29,7:25,1:58:49,7:12:36
1976,1063,Dezzarae Arce,F30-34,335,Female,United States,53:06,6:26,4:14:23,7:35,1:51:19,7:12:49
1977,1747,Julie Marion,F50-54,183,Female,Côte d'Ivoire,44:42,13:17,3:43:07,8:46,2:22:58,7:12:50
1978,632,Dominique Edwards,F35-39,269,Female,Australia,42:05,7:23,3:58:29,6:39,2:18:23,7:13:00
1979,1363,Nathalie Simon,F60-64,61,Female,France,50:02,4:48,4:12:23,5:36,2:00:34,7:13:23
1980,645,Marina Rodriguez,F35-39,270,Female,United States,41:02,6:45,4:02:16,5:43,2:17:42,7:13:29
1981,2604,Naoko Kusakabe,F45-49,247,Female,Japan,45:55,5:35,3:55:10,6:35,2:20:18,7:13:33
1982,1335,Juli Hester,F60-64,62,Female,United States,56:01,8:47,3:51:27,6:23,2:11:00,7:13:38
1983,2726,Jessica Bischoff,F45-49,248,Female,United States,49:21,5:58,4:13:57,6:09,1:58:15,7:13:40
1984,1896,Delphine Perie-Curnier,F50-54,184,Female,Canada,42:19,7:32,4:13:33,8:25,2:01:53,7:13:41
1985,1418,Nicola Diggins,F60-64,63,Female,United Kingdom,45:21,5:51,4:00:22,5:09,2:17:03,7:13:46
1986,1509,Sandra Schoeni,F55-59,120,Female,Switzerland,53:43,6:40,3:53:49,7:10,2:12:28,7:13:50
1987,920,Yaying Ding,F30-34,336,Female,China,48:28,6:20,4:14:13,1:50,2:03:02,7:13:53
1988,1895,Joana Vazquez,F50-54,185,Female,United States,1:00:46,9:24,4:04:27,7:04,1:52:25,7:14:06
1989,423,Amanda Smith,F40-44,288,Female,Australia,57:20,6:19,3:46:17,6:24,2:17:58,7:14:18
1990,1457,Mary Lynne Mcelhaney,F60-64,64,Female,United States,37:10,5:38,4:02:52,6:15,2:22:27,7:14:21
1991,1210,Stephanie Lewis,F30-34,337,Female,Canada,43:18,5:21,4:03:50,5:02,2:16:51,7:14:23
1992,1528,Sophie Dagenais,F55-59,121,Female,Canada,41:25,10:10,4:17:40,8:23,1:56:48,7:14:27
1993,888,Vicki Andress,F65-69,11,Female,United States,45:17,8:44,4:03:33,5:30,2:11:28,7:14:33
1994,1044,Ana Maria Garcia,F30-34,338,Female,Canada,41:48,6:48,4:21:31,5:28,1:59:08,7:14:42
1995,778,Stephanie Fernandez,F35-39,271,Female,United States,50:10,6:36,4:10:27,6:52,2:00:45,7:14:50
1996,2683,Tara Crawford,F45-49,249,Female,United States,42:24,5:10,4:15:25,6:21,2:05:33,7:14:53
1997,623,Bg Tucker,F35-39,272,Female,United States,41:23,9:13,3:52:38,8:45,2:22:57,7:14:55
1998,1729,Natacha Leclerc,F50-54,186,Female,Canada,45:27,5:45,4:01:49,4:38,2:17:17,7:14:56
1999,1725,Laura Serreyn,F50-54,187,Female,United States,46:49,8:21,3:55:57,6:14,2:17:42,7:15:03
2000,154,Wendy Seguine,F40-44,289,Female,United States,40:11,4:21,4:03:02,6:51,2:20:47,7:15:12
2001,886,Lynette Fischer,F65-69,12,Female,South Africa,41:47,7:36,4:10:27,8:59,2:06:45,7:15:35
2002,1961,Harshita Jain,F25-29,273,Female,United States,53:52,7:26,4:04:51,6:39,2:02:58,7:15:46
2003,1723,Beth Lowenthal,F50-54,188,Female,United States,48:17,9:21,4:04:43,7:05,2:06:24,7:15:50
2004,2786,Patricia Lima,F45-49,250,Female,Brazil,46:20,5:38,4:07:20,7:46,2:08:48,7:15:52
2005,870,Kathleen Crowley,F65-69,13,Female,United States,44:57,7:31,4:02:45,10:45,2:09:54,7:15:53
2006,2773,Natalie Ritchie,F45-49,251,Female,United Kingdom,48:24,6:01,4:01:56,6:04,2:13:33,7:15:58
2007,2494,Andrea Vonmoos,F45-49,252,Female,Switzerland,1:02:42,7:39,3:53:45,8:41,2:03:13,7:16:00
2008,2685,Colleen Boshoff,F45-49,253,Female,Australia,44:09,6:33,4:05:31,6:59,2:12:49,7:16:02
2009,1345,Majbrith Mikkelsen,F60-64,65,Female,Denmark,46:54,6:27,3:45:41,7:40,2:29:26,7:16:08
2010,196,Alejandra Ribera,F40-44,290,Female,Bolivia,56:09,6:18,3:58:08,8:15,2:07:47,7:16:37
2011,1836,Michelle Clowes,F50-54,189,Female,Australia,39:52,7:46,4:14:08,7:21,2:07:31,7:16:39
2012,630,Jenn Morrison,F35-39,273,Female,Canada,44:55,6:42,4:16:38,5:23,2:03:09,7:16:48
2013,1571,Alejandra Acuña,F55-59,122,Female,Chile,52:14,5:34,4:09:39,6:05,2:03:23,7:16:54
2014,1264,Christina Riley,F30-34,339,Female,United States,43:32,5:04,4:12:21,5:30,2:10:39,7:17:06
2015,1607,Dayna Schumacher,F55-59,123,Female,United States,47:31,9:35,4:01:43,10:34,2:07:49,7:17:13
2016,480,Alexandra Dronkers,F70-74,1,Female,Netherlands,43:10,6:36,3:59:16,5:33,2:22:53,7:17:28
2017,2788,Tamara Paradis,F50-54,190,Female,Canada,45:57,6:18,3:55:19,9:05,2:20:57,7:17:36
2018,1440,Gabrielle Schipprack,F60-64,66,Female,United States,49:38,11:45,3:51:15,8:13,2:16:48,7:17:39
2019,883,Kate Samuelson,F65-69,14,Female,United States,54:07,6:55,4:05:20,4:57,2:06:32,7:17:52
2020,1580,Caroline Guay,F55-59,124,Female,Canada,44:57,7:35,4:06:29,7:09,2:11:42,7:17:53
2021,2096,Aspen Neely,F25-29,274,Female,United States,44:40,5:45,4:07:56,5:41,2:13:52,7:17:54
2022,575,Kaitlin Scepanski,F35-39,274,Female,United States,40:09,7:17,4:06:17,6:03,2:18:33,7:18:19
2023,2521,Allison Snow,F45-49,254,Female,United States,40:10,5:21,4:03:30,5:39,2:23:43,7:18:24
2024,1484,Cass Moeller,F55-59,125,Female,United States,38:57,7:20,4:06:45,6:37,2:18:47,7:18:27
2025,2714,Tristen Rogers,F45-49,255,Female,United States,47:48,5:46,4:19:52,7:06,1:57:57,7:18:29
2026,1883,Chantale Garneau,F50-54,191,Female,Canada,55:56,6:35,4:08:22,6:40,2:01:02,7:18:35
2027,137,Emily Jarding,F40-44,291,Female,United States,45:59,6:47,4:02:49,5:35,2:17:28,7:18:38
2028,1547,Elfira Dudnik,F55-59,126,Female,Kazakhstan,45:59,6:38,4:11:15,6:31,2:08:48,7:19:12
2029,1942,Caroline Clark,F55-59,127,Female,Australia,47:03,7:27,4:01:35,9:19,2:13:57,7:19:22
2030,1380,Kirstin Sommer,F60-64,67,Female,Germany,45:00,5:05,3:41:55,7:40,2:39:44,7:19:24
2031,1802,Jennifer Burns,F50-54,192,Female,Canada,47:58,8:24,4:08:32,7:21,2:07:19,7:19:34
2032,1470,Amy Rappaport,F65-69,15,Female,United States,42:18,7:04,4:19:21,9:19,2:01:37,7:19:39
2033,170,Nawaporn Chawengchinnawong,F40-44,292,Female,Thailand,48:45,7:33,3:52:57,4:48,2:25:38,7:19:41
2034,1463,Mary Konsolaki,F60-64,68,Female,Greece,48:01,7:53,4:02:11,6:42,2:15:12,7:20:00
2035,1626,Lesley Mainwaring,F55-59,128,Female,United Kingdom,52:34,8:30,4:01:29,9:00,2:08:30,7:20:03
2036,1501,Jessica moreira Batista,F55-59,129,Female,Brazil,47:04,9:45,3:58:48,6:43,2:17:50,7:20:10
2037,1935,Marta Riek,F50-54,193,Female,Germany,58:53,7:10,4:01:59,4:23,2:07:47,7:20:12
2038,1399,Beatrice Lewis,F60-64,69,Female,France,49:42,6:47,4:14:42,7:47,2:01:13,7:20:12
2039,2109,Nicole Griffiths,F25-29,275,Female,United States,52:51,9:24,4:20:27,5:43,1:52:06,7:20:31
2040,613,Lin Yuan,F35-39,275,Female,China,1:03:05,7:20,3:52:12,5:28,2:12:43,7:20:49
2041,1673,Michele Potter,F55-59,130,Female,United States,45:42,11:08,4:06:55,12:56,2:04:17,7:20:58
2042,2764,Tara Snow,F45-49,256,Female,United States,47:33,7:31,4:00:24,6:15,2:19:17,7:21:00
2043,907,Ginger Watkins,F65-69,16,Female,United States,45:34,7:51,4:09:31,9:50,2:08:28,7:21:14
2044,1530,Lisa Baute,F55-59,131,Female,United States,46:58,9:02,4:02:23,7:12,2:15:40,7:21:15
2045,838,Kristin Pitcairn,F65-69,17,Female,United States,53:47,10:30,3:42:21,6:46,2:27:59,7:21:23
2046,1938,Wei Ming Belinda So,F55-59,132,Female,Hong Kong,54:30,9:35,3:56:54,7:25,2:13:06,7:21:29
2047,2322,Ellen White,F18-24,153,Female,United States,36:51,6:50,4:05:32,5:33,2:26:46,7:21:32
2048,1416,Eva Pörsch,F60-64,70,Female,Germany,56:11,7:25,3:44:42,5:22,2:28:02,7:21:40
2049,279,Maria Lesnikova,F40-44,293,Female,United Arab Emirates,49:55,7:57,4:12:59,6:54,2:04:07,7:21:52
2050,1099,Taressa Van Dam,F30-34,340,Female,Haiti,45:23,7:31,4:10:23,9:02,2:09:43,7:22:03
2051,548,Sabrina Somarribas,F35-39,276,Female,United States,48:45,6:32,4:07:12,5:22,2:14:36,7:22:26
2052,2692,Nuria Gonzalez,F45-49,257,Female,Mexico,47:14,5:45,4:24:40,7:08,1:57:43,7:22:29
2053,2733,Rita Kim,F45-49,258,Female,United States,57:56,8:07,4:09:54,5:48,2:00:51,7:22:36
2054,2627,Leanne Birch,F45-49,259,Female,New Zealand,51:04,5:47,4:04:24,6:55,2:14:32,7:22:43
2055,1572,Mari Nogami,F55-59,133,Female,Japan,53:26,7:12,4:07:39,6:37,2:07:51,7:22:46
2056,909,Carolyn Sanders,F65-69,18,Female,United States,46:58,7:14,4:01:41,5:36,2:21:22,7:22:51
2057,2654,Yeshika Sanchez Munoz,F45-49,260,Female,Mexico,48:07,10:21,4:09:00,10:50,2:04:32,7:22:51
2058,898,Anne Michelle Knecht Boyer,F65-69,19,Female,Canada,38:39,7:42,4:10:40,7:09,2:18:43,7:22:52
2059,1612,Gloria Shrewsbury,F55-59,134,Female,United States,46:57,9:14,4:03:14,10:56,2:12:41,7:23:03
2060,1910,Daphne Dalton,F50-54,194,Female,Canada,52:52,6:04,4:15:24,6:29,2:02:14,7:23:03
2061,1385,Ann Hayek,F60-64,71,Female,United States,53:36,7:58,3:54:49,10:17,2:16:23,7:23:03
2062,1648,Joanne Kitzul,F55-59,135,Female,Canada,51:50,9:01,3:54:16,8:01,2:19:55,7:23:03
2063,951,Nadia Colmer,F30-34,341,Female,Netherlands,42:06,4:04,4:34:17,4:09,1:58:36,7:23:13
2064,1417,Erietta Papadogianni,F60-64,72,Female,Greece,58:49,10:09,3:54:33,8:03,2:11:41,7:23:15
2065,1435,Sarah Jane Blair,F60-64,73,Female,New Zealand,44:57,6:02,4:06:12,6:31,2:19:36,7:23:19
2066,1381,Misato Fujita,F60-64,74,Female,Japan,50:46,7:44,3:52:29,7:29,2:25:08,7:23:36
2067,2145,Faith Heyl,F25-29,276,Female,United States,45:14,7:39,4:17:43,6:01,2:07:00,7:23:38
2068,458,Cristiane Dertkigil,F45-49,261,Female,Brazil,54:38,6:28,4:04:28,9:20,2:08:55,7:23:49
2069,2667,Angie Borrero,F45-49,262,Female,Colombia,54:23,5:16,3:51:07,10:17,2:22:49,7:23:52
2070,1419,Kelly Skillicorn,F60-64,75,Female,United States,43:37,6:23,3:53:33,7:26,2:33:01,7:24:00
2071,1889,Catherine Visona,F50-54,195,Female,Australia,43:11,6:10,4:17:23,3:51,2:13:43,7:24:18
2072,1676,Liz King,F60-64,76,Female,Ireland,48:10,7:34,4:07:27,7:23,2:13:54,7:24:28
2073,1013,Nichola Kennell,F30-34,342,Female,Canada,36:42,4:34,4:29:52,3:53,2:09:28,7:24:29
2074,1426,Karen Blamick,F60-64,77,Female,United States,43:29,5:22,4:02:16,7:06,2:26:18,7:24:31
2075,1512,Gineth Mendez-Yibirin,F55-59,136,Female,Colombia,45:57,7:38,4:00:07,5:42,2:25:08,7:24:32
2076,1384,Monika Ehrlich,F60-64,78,Female,Germany,43:43,5:52,4:08:47,5:49,2:20:46,7:24:58
2077,1689,Christine Valdes,F50-54,196,Female,United States,52:47,8:03,4:13:58,6:26,2:03:46,7:24:58
2078,2570,Sally-Anne Smith,F45-49,263,Female,Australia,42:49,8:16,4:05:51,8:25,2:19:58,7:25:19
2079,2623,Leann Lomax,F45-49,264,Female,United States,50:31,5:23,4:09:00,5:37,2:14:56,7:25:26
2080,2479,Genevieve La Fontaine,F45-49,265,Female,Canada,44:55,7:58,4:19:52,8:11,2:04:51,7:25:46
2081,840,Heather Ireland,F65-69,20,Female,Canada,52:45,5:51,4:03:40,6:40,2:16:56,7:25:51
2082,1362,Dianne Prince,F60-64,79,Female,United States,51:52,5:33,4:01:22,7:31,2:19:34,7:25:52
2083,1864,Tara Corduan,F50-54,197,Female,United States,40:31,11:31,4:04:40,9:59,2:19:16,7:25:58
2084,2028,Elizabeth Woodwell,F25-29,277,Female,United States,44:38,5:38,4:23:55,5:10,2:06:37,7:25:58
2085,1970,Marigny Duga,F25-29,278,Female,United States,41:11,6:08,4:04:36,6:43,2:27:24,7:26:03
2086,1596,Emmanuelle Riess,F55-59,137,Female,France,51:33,6:56,4:12:30,8:09,2:07:12,7:26:20
2087,1659,Nancy Goodnight,F55-59,138,Female,United States,51:30,11:25,4:16:03,8:12,1:59:09,7:26:20
2088,108,Shuang ZHU,F40-44,294,Female,China,1:01:59,8:35,3:54:46,7:02,2:14:01,7:26:23
2089,1046,Katrina Hansen,F30-34,343,Female,United States,47:12,7:51,4:14:47,5:24,2:11:17,7:26:31
2090,1683,Manfang Zeng,F50-54,198,Female,China,52:26,8:26,4:06:35,6:03,2:13:09,7:26:39
2091,1487,Kristina Mattison,F55-59,139,Female,United States,44:32,7:29,4:09:32,5:45,2:19:23,7:26:41
2092,1408,Lida Kuehn,F60-64,80,Female,United States,36:21,8:32,4:08:01,7:52,2:26:08,7:26:54
2093,569,Luz Castillo,F35-39,277,Female,Colombia,51:53,8:57,4:06:20,6:51,2:13:01,7:27:02
2094,2481,Laura Schultz,F45-49,266,Female,Australia,48:44,5:25,4:25:25,6:06,2:01:36,7:27:17
2095,1357,Ronda Walker,F60-64,81,Female,United States,47:10,7:41,3:50:38,7:20,2:34:35,7:27:25
2096,901,Elizabeth Vanderkruk,F65-69,21,Female,Canada,46:37,6:46,4:14:57,6:33,2:12:33,7:27:26
2097,2681,Jennifer Greer-Morrissey,F45-49,267,Female,United States,43:29,7:53,4:16:49,6:55,2:12:20,7:27:26
2098,780,Sittie Aminah Dimaporo,F35-39,278,Female,Philippines,51:50,6:33,4:09:39,6:25,2:13:26,7:27:55
2099,1692,Cherie Richardson,F50-54,199,Female,New Zealand,51:08,7:49,3:50:56,8:49,2:29:18,7:27:58
2100,1448,Sarah Sykes,F60-64,82,Female,United Kingdom,40:39,6:52,4:07:48,7:02,2:25:38,7:27:59
2101,1617,Katie Leland,F55-59,140,Female,United States,49:17,7:39,4:06:57,7:46,2:16:33,7:28:12
2102,1981,Natalie Breffle,F25-29,279,Female,United States,45:46,5:14,4:07:37,4:16,2:25:34,7:28:27
2103,2709,Gina Lafrazza,F45-49,268,Female,United States,57:24,7:08,3:53:34,5:45,2:24:47,7:28:37
2104,1783,Catherine Russell,F50-54,200,Female,United Kingdom,46:05,4:08,4:04:52,6:55,2:27:07,7:29:07
2105,1465,Nancy Kaplan,F60-64,83,Female,United States,45:22,10:38,4:04:53,8:21,2:20:03,7:29:16
2106,2693,Mariana Benitez,F45-49,269,Female,Argentina,46:43,6:41,4:18:45,5:34,2:11:50,7:29:33
2107,2333,Anna Bakker,F18-24,154,Female,United States,36:18,5:28,4:22:09,5:10,2:21:23,7:30:28
2108,1711,Rosa Laura Elbooz,F50-54,201,Female,United States,47:23,6:27,4:11:15,7:42,2:17:52,7:30:39
2109,2674,juliana velez,F45-49,270,Female,Colombia,40:38,8:11,4:36:44,5:58,1:59:10,7:30:41
2110,1641,Carla Mckay,F55-59,141,Female,United States,49:23,9:03,3:58:05,7:33,2:26:49,7:30:52
2111,1456,Annette Adrian,F60-64,84,Female,United States,1:05:11,6:12,3:50:19,6:08,2:23:08,7:30:58
2112,1733,Elizabeth Kates,F50-54,202,Female,United States,44:49,6:34,4:07:52,6:27,2:25:40,7:31:22
2113,1661,Heidi Slomer,F55-59,142,Female,United States,48:30,6:54,4:14:46,7:39,2:13:52,7:31:42
2114,2305,Valeria Escobar,F18-24,155,Female,Mexico,36:30,4:42,4:15:55,7:37,2:27:08,7:31:52
2115,1777,Kelly Heintz,F50-54,203,Female,United States,57:35,7:18,4:06:03,6:33,2:14:40,7:32:10
2116,2675,Rachel Butler,F45-49,271,Female,Canada,47:09,4:58,4:07:29,5:57,2:26:42,7:32:15
2117,2741,Eva Mikos,F45-49,272,Female,Hungary,53:40,6:26,4:09:14,5:29,2:17:27,7:32:16
2118,1401,Yuhua Tao,F60-64,85,Female,China,54:15,5:11,4:23:05,5:35,2:04:38,7:32:43
2119,874,Christiane Golenia,F65-69,22,Female,Germany,49:07,8:02,4:06:14,6:05,2:23:37,7:33:06
2120,103,Christy Mcleod,FPC/ID,,Female,Canada,49:11,4:54,4:06:11,4:13,2:28:37,7:33:07
2121,1631,Adriana Maria Norena Sekulist,F55-59,143,Female,Colombia,55:18,9:07,3:49:47,6:10,2:32:50,7:33:13
2122,1283,Wan Jo Ning,F30-34,344,Female,Malaysia,1:00:33,8:30,4:00:43,6:38,2:16:50,7:33:14
2123,2794,LIGIA HOSSOKAWA,F50-54,204,Female,Brazil,53:13,8:09,4:12:13,6:37,2:13:06,7:33:18
2124,2374,Eva Graf,F18-24,156,Female,Austria,37:09,5:41,4:19:58,8:03,2:22:52,7:33:44
2125,2561,Patricia Guerrero,F45-49,273,Female,Mexico,50:18,7:41,4:10:58,8:27,2:16:28,7:33:52
2126,1772,Marina Belan,F50-54,205,Female,Azerbaijan,51:09,10:18,4:17:06,7:30,2:07:53,7:33:56
2127,1808,Magaly Kay Mailland,F50-54,206,Female,France,44:47,5:56,3:52:36,6:54,2:43:46,7:34:00
2128,2579,Elfrida Moreno,F45-49,274,Female,Paraguay,52:26,10:38,4:20:54,6:38,2:03:57,7:34:33
2129,2770,Jennifer Wilcox,F45-49,275,Female,United States,56:37,15:42,4:02:37,6:49,2:13:06,7:34:50
2130,904,Nancy Murray,F65-69,23,Female,United States,44:55,10:04,4:11:36,7:12,2:21:10,7:34:56
2131,1089,Alexandra Faith Garcia,F30-34,345,Female,Philippines,56:30,6:23,4:10:27,5:45,2:15:53,7:34:58
2132,1830,Hsiulu Lin,F50-54,207,Female,Taiwan,48:00,8:01,4:11:09,10:26,2:17:41,7:35:17
2133,140,Praowpan Tansitpong,F40-44,295,Female,Thailand,55:02,5:50,4:10:36,6:42,2:17:13,7:35:23
2134,854,Ruth Gledhill,F65-69,24,Female,United Kingdom,54:55,7:29,4:17:02,8:06,2:07:56,7:35:28
2135,2529,Jan Graham,F45-49,276,Female,United Kingdom,40:29,6:43,4:15:47,8:28,2:24:14,7:35:42
2136,422,Amanda Phraner,F40-44,296,Female,United States,51:11,5:30,4:11:55,5:13,2:22:01,7:35:51
2137,636,Carissa Chambers,F35-39,279,Female,United States,50:38,8:21,4:13:34,4:57,2:18:26,7:35:57
2138,1475,Molly Welker,F55-59,144,Female,United States,54:54,7:00,4:02:37,9:33,2:21:58,7:36:02
2139,1437,Jamie Bursell,F60-64,86,Female,United States,48:55,8:37,3:59:43,5:16,2:33:48,7:36:18
2140,1800,Shoko Ganaha,F50-54,208,Female,Japan,44:23,8:59,3:55:24,6:44,2:41:18,7:36:48
2141,2745,Kris Le Cok,F45-49,277,Female,South Africa,46:27,5:39,4:12:56,5:50,2:26:01,7:36:53
2142,1356,Viktoria Knigge,F60-64,87,Female,Germany,1:01:09,9:08,3:52:19,6:47,2:27:37,7:37:02
2143,1566,Gabriela Cosentino,F55-59,145,Female,Argentina,55:52,13:54,4:19:17,7:23,2:00:41,7:37:07
2144,1427,April Critelli,F60-64,88,Female,United States,50:42,6:26,4:17:29,5:13,2:17:23,7:37:13
2145,1625,Ai Ling Kok,F55-59,146,Female,Taiwan,51:47,8:03,4:06:42,7:37,2:23:46,7:37:55
2146,2546,Karee Ortiz,F45-49,278,Female,Mexico,46:43,7:22,4:24:51,7:08,2:11:52,7:37:57
2147,880,Margaret Johnson-Myers,F65-69,25,Female,United Kingdom,1:05:37,11:36,4:01:34,9:06,2:10:04,7:37:57
2148,1366,Andrea Leber,F60-64,89,Female,United States,48:02,5:20,4:02:59,6:58,2:34:39,7:37:59
2149,461,Ingrid De Boer,F70-74,2,Female,Belgium,47:34,6:24,4:17:38,7:33,2:18:59,7:38:07
2150,1488,Andrea Hirth,F55-59,147,Female,United States,41:47,9:24,4:13:11,11:48,2:22:22,7:38:32
2151,2607,Ivonne De La Barrera Jimenez,F45-49,279,Female,Mexico,42:41,5:12,4:16:08,12:32,2:21:59,7:38:32
2152,1224,Chelsea Neal,F30-34,346,Female,United States,44:13,6:56,4:16:14,9:28,2:22:09,7:39:00
2153,892,Kim Isherwood,F65-69,26,Female,Denmark,48:08,6:14,4:10:53,8:15,2:25:32,7:39:02
2154,1453,Kathy SLOCUM,F60-64,90,Female,United States,54:01,7:39,4:07:13,9:17,2:21:20,7:39:29
2155,836,Catherine Offret,F40-44,297,Female,United States,54:29,8:49,4:08:26,5:51,2:22:00,7:39:34
2156,731,Chloe Tay,F35-39,280,Female,Singapore,56:07,10:12,4:10:24,6:48,2:16:06,7:39:37
2157,2170,Eunis Rodriguez,F25-29,280,Female,Puerto Rico,58:56,7:11,4:20:26,8:58,2:04:13,7:39:44
2158,2736,Karen Rice,F45-49,280,Female,United States,54:50,5:58,4:19:51,6:05,2:13:19,7:40:04
2159,1848,Estefania Castañeda,F50-54,209,Female,Mexico,44:10,6:46,4:27:53,7:44,2:13:41,7:40:15
2160,1369,Belinda Marais,F60-64,91,Female,South Africa,47:54,9:17,4:13:16,6:33,2:23:18,7:40:19
2161,2095,Kailin Opella,F25-29,281,Female,United States,46:11,5:21,4:05:54,6:34,2:36:48,7:40:48
2162,1855,Christine SOLER,F50-54,210,Female,France,57:48,7:02,4:05:39,6:44,2:23:37,7:40:50
2163,1492,Thong Yin Sheng,F55-59,148,Female,Singapore,45:55,9:01,4:11:22,9:45,2:25:50,7:41:52
2164,744,Hannah Crowther,F35-39,281,Female,Australia,41:24,6:31,4:18:30,4:38,2:30:57,7:42:00
2165,884,Terri Prange,F65-69,27,Female,United States,53:30,6:41,4:10:15,7:25,2:24:31,7:42:22
2166,2482,Erin St Pierre,F45-49,281,Female,United States,48:00,7:59,4:17:42,7:25,2:21:24,7:42:31
2167,1577,Lisa Wourms,F55-59,149,Female,United States,44:25,7:14,3:56:46,8:23,2:45:46,7:42:34
2168,1675,Gabriela Obregon,F60-64,92,Female,Argentina,52:01,10:42,4:16:06,6:25,2:17:46,7:43:00
2169,970,Rachel Forsyth,F30-34,347,Female,Australia,47:42,6:51,4:19:36,5:42,2:23:45,7:43:36
2170,2369,Mariam Fahmy,F18-24,157,Female,United States,40:02,5:28,4:19:11,5:30,2:33:31,7:43:43
2171,2312,Anastasia Nefedova,F18-24,158,Female,Spain,52:01,6:20,4:14:36,7:41,2:23:14,7:43:52
2172,1394,Fiona Brenninkmeijer,F60-64,93,Female,United Kingdom,41:38,5:49,4:22:52,5:55,2:27:39,7:43:53
2173,867,Emilia Zeller,F65-69,28,Female,United States,50:53,8:47,4:17:16,11:10,2:16:23,7:44:28
2174,1556,Cassie Carman,F55-59,150,Female,Australia,45:57,9:15,4:16:38,13:53,2:19:09,7:44:53
2175,872,Kristin Magnusdottir,F65-69,29,Female,Iceland,50:53,7:03,4:16:13,7:49,2:23:14,7:45:11
2176,1714,Nezka Taljat Sulin,F50-54,211,Female,Slovenia,47:35,7:12,4:15:02,5:40,2:29:43,7:45:12
2177,1359,Denise Jackson,F60-64,94,Female,United States,55:48,9:14,4:07:37,7:23,2:25:19,7:45:21
2178,844,Heila Smith,F65-69,30,Female,South Africa,52:52,7:31,4:08:32,7:20,2:29:14,7:45:30
2179,1590,Michelle Markee,F55-59,151,Female,United States,47:27,10:26,4:21:55,7:34,2:18:18,7:45:40
2180,1321,Marike Victor,F35-39,282,Female,South Africa,54:37,8:26,4:06:35,8:14,2:28:14,7:46:06
2181,1305,Laura Raines,F30-34,348,Female,United States,43:24,7:48,4:26:47,5:55,2:22:15,7:46:09
2182,1336,Beatrice De Lustrac,F60-64,95,Female,France,47:19,8:25,4:25:34,8:04,2:16:51,7:46:14
2183,2639,Larissa Espinal,F45-49,282,Female,Honduras,1:06:08,6:31,4:07:12,4:23,2:22:01,7:46:15
2184,1538,Kelly Kraynak-Duprey,F55-59,152,Female,United States,54:46,7:08,4:18:24,11:08,2:14:52,7:46:18
2185,1792,Leonora Flores Aceves,F50-54,212,Female,Mexico,48:20,10:36,4:29:11,9:08,2:09:11,7:46:25
2186,1200,Fatima Casimiro-Pineda,F30-34,349,Female,Philippines,1:00:37,4:56,4:12:05,7:09,2:21:40,7:46:27
2187,1592,Sue Sweeney,F55-59,153,Female,United States,43:44,8:23,4:17:40,7:37,2:29:15,7:46:39
2188,1679,Claudia Barrios,F60-64,96,Female,Mexico,44:17,8:23,4:19:40,7:42,2:26:47,7:46:50
2189,1568,Kirsty Jarvis,F55-59,154,Female,Canada,41:15,6:44,4:06:39,7:00,2:46:28,7:48:05
2190,2430,Abigail Grenz,F18-24,159,Female,United States,48:22,5:53,4:22:22,6:04,2:25:42,7:48:24
2191,2590,Glena Rose Alejado-Lim,F45-49,283,Female,Philippines,52:22,7:25,4:18:34,7:54,2:22:10,7:48:25
2192,284,Alecia Mccall,F40-44,298,Female,Australia,51:16,7:10,4:15:35,8:46,2:25:46,7:48:35
2193,1937,Ping Zheng,F55-59,155,Female,China,56:24,8:44,4:23:48,8:32,2:11:12,7:48:40
2194,861,Heike Dieteren,F65-69,31,Female,Germany,47:13,7:05,4:08:23,6:36,2:39:28,7:48:45
2195,2516,Dana Clarke,F45-49,284,Female,United States,43:42,5:19,4:18:01,8:42,2:33:10,7:48:55
2196,851,Jane Green,F65-69,32,Female,United States,46:19,6:02,4:22:14,5:39,2:28:54,7:49:09
2197,1405,Katie OBrien,F60-64,97,Female,United States,54:15,7:26,4:17:14,6:18,2:24:06,7:49:19
2198,859,Rose Hajjar,F65-69,33,Female,United States,56:01,6:55,4:08:05,7:41,2:30:47,7:49:30
2199,1840,Anna Pavey,F50-54,213,Female,United States,55:04,10:17,3:41:11,9:57,2:53:08,7:49:38
2200,2339,LUMA DE FREITAS JACINTO,F18-24,160,Female,Brazil,39:24,6:00,4:32:22,9:27,2:22:36,7:49:49
2201,475,Missy LeStrange,F70-74,3,Female,United States,41:07,7:29,4:21:16,8:52,2:31:08,7:49:51
2202,1467,Cynthia Revesman,F60-64,98,Female,United States,46:24,9:28,4:26:24,9:44,2:17:56,7:49:56
2203,2702,Nicole Phillips,F45-49,285,Female,Australia,49:45,8:22,4:21:11,6:49,2:24:47,7:50:53
2204,1334,Courtney Baxter,F60-64,99,Female,United States,43:57,8:15,4:15:15,6:32,2:37:08,7:51:07
2205,201,Kaitlin Kenny,F40-44,299,Female,United States,46:45,6:55,4:28:08,6:22,2:23:27,7:51:37
2206,2599,Jolie Pan,F45-49,286,Female,Taiwan,52:23,7:37,4:19:10,7:58,2:25:21,7:52:29
2207,2539,CHAO YU CHEN,F45-49,287,Female,Taiwan,57:55,7:08,4:13:57,8:07,2:25:25,7:52:32
2208,1112,Rachel Wang,F30-34,350,Female,Australia,59:12,6:07,4:19:53,6:57,2:20:25,7:52:33
2209,1378,Robyn Dicesare,F60-64,100,Female,Canada,53:41,5:11,4:18:56,7:55,2:28:10,7:53:52
2210,479,Sharon Keith,F70-74,4,Female,United States,40:57,7:59,4:13:41,7:35,2:43:54,7:54:06
2211,1867,Erika Puga Corrado,F50-54,214,Female,Mexico,48:16,6:56,4:20:57,6:11,2:32:07,7:54:26
2212,1541,Pornlapas Ruengthong,F55-59,156,Female,Thailand,50:41,6:40,4:17:39,4:52,2:34:35,7:54:27
2213,1170,Amelia Houghton,F30-34,351,Female,United States,50:37,7:09,4:16:48,5:25,2:34:54,7:54:52
2214,2540,Christa Gibson,F45-49,288,Female,United States,45:23,7:24,4:31:55,7:01,2:23:18,7:55:00
2215,1663,Jami Callahan-Brill,F55-59,157,Female,United States,43:19,6:53,4:33:23,7:47,2:23:40,7:55:01
2216,226,Sarah Erana,F40-44,300,Female,Philippines,49:02,7:19,4:20:50,6:29,2:32:05,7:55:45
2217,1660,Clara Luz Jaramillo Henao,F55-59,158,Female,Colombia,57:31,8:02,4:15:20,7:35,2:27:52,7:56:21
2218,879,Michele Sorensen,F65-69,34,Female,United States,53:39,8:02,4:18:39,9:42,2:26:33,7:56:35
2219,1672,Scotia Boelee,F55-59,159,Female,New Zealand,45:59,8:23,4:09:39,8:34,2:44:09,7:56:44
2220,853,Carolyn Hiles,F65-69,35,Female,Canada,46:38,8:33,4:19:39,9:19,2:33:12,7:57:21
2221,2792,Cecelia Thompson,F50-54,215,Female,United States,50:21,9:37,4:23:17,6:44,2:28:09,7:58:07
2222,917,Lisa Mesch,F30-34,352,Female,Germany,51:34,7:43,4:28:39,6:15,2:24:42,7:58:53
2223,899,Takako Morinaga,F65-69,36,Female,Japan,49:39,8:51,4:27:19,7:35,2:26:37,8:00:01
2224,1604,Cindy Wong,F55-59,160,Female,Canada,54:37,11:58,4:18:52,11:56,2:23:14,8:00:38
2225,1706,Edith Pfister,F50-54,216,Female,United States,50:06,8:16,4:11:53,8:10,2:42:47,8:01:12
2226,1533,Carol Earles,F55-59,161,Female,United States,58:26,11:39,4:04:38,9:23,2:37:08,8:01:14
2227,2513,Utra Boonlue,F45-49,289,Female,Thailand,53:02,7:18,4:19:58,6:55,2:34:39,8:01:52
2228,1503,Dina Altayeb,F55-59,162,Female,Saudi Arabia,58:08,9:17,4:11:38,9:33,2:33:46,8:02:22
2229,1328,Elizabeth Martinez,F60-64,101,Female,Puerto Rico,54:27,5:53,4:20:40,7:42,2:35:18,8:04:01
2230,862,Erika Schmid,F65-69,37,Female,Switzerland,55:11,7:38,4:13:29,6:08,2:42:33,8:04:59
2231,1798,Melanie Neumann,F50-54,217,Female,United States,1:05:29,7:55,4:13:10,6:06,2:32:46,8:05:26
2232,1382,Rouba Fossat,F60-64,102,Female,France,44:40,9:03,4:24:18,7:58,2:39:30,8:05:29
2233,1113,Anne Shea,F30-34,353,Female,United States,42:48,8:05,4:36:50,6:53,2:31:55,8:06:32
2234,885,Ericka Mulder,F65-69,38,Female,United States,47:22,9:37,4:21:19,6:23,2:41:53,8:06:34
2235,889,Peggy Clews,F65-69,39,Female,United States,51:25,9:54,4:11:50,10:31,2:42:58,8:06:38
2236,2372,Ashleigh Willette,F18-24,161,Female,United States,59:15,6:00,4:34:36,5:51,2:21:38,8:07:21
2237,1587,Elizabeth Sands,F55-59,163,Female,United States,33:48,7:21,3:56:35,6:55,3:24:55,8:09:34
2238,1633,Evie De Hernandez,F55-59,164,Female,Panama,40:09,6:45,4:36:55,8:41,2:37:54,8:10:23
2239,470,Janet Watson,F70-74,5,Female,United Kingdom,1:01:05,9:01,4:01:54,8:11,2:50:30,8:10:41
2240,875,Elizabeth Stokes,F65-69,40,Female,United States,1:00:20,10:09,4:17:21,10:24,2:32:56,8:11:09
2241,2661,Jennifer Ford,F45-49,290,Female,United States,46:34,5:40,4:30:14,6:15,2:42:29,8:11:13
2242,1406,Cynthia Carruthers,F60-64,103,Female,United States,49:00,7:57,4:12:50,6:42,2:55:05,8:11:33
2243,914,Diana Spangle,F70-74,6,Female,United States,48:03,8:56,4:18:22,8:51,2:48:00,8:12:12
2244,1133,Sarah Magee,F30-34,354,Female,United States,42:56,11:04,4:21:27,12:23,2:44:32,8:12:21
2245,1449,Katrina Southwood,F60-64,104,Female,Australia,56:28,7:53,4:13:27,8:18,2:46:52,8:12:58
2246,2701,Jo Hurley,F45-49,291,Female,Australia,45:52,5:35,4:32:09,6:41,2:43:38,8:13:56
2247,460,Jennifer Knowles,F70-74,7,Female,Canada,52:01,17:26,4:14:14,12:13,2:38:10,8:14:04
2248,1943,Kimberly Wallace,F55-59,165,Female,United States,53:33,7:04,4:22:39,8:56,2:42:31,8:14:44
2249,906,Grisel Saez,F65-69,41,Female,United States,56:03,8:22,4:15:39,8:50,2:45:51,8:14:45
2250,1812,Michelle Mayer,F50-54,218,Female,United States,58:22,8:28,4:21:02,8:45,2:38:19,8:14:56
2251,2236,Tamara Correa,F25-29,282,Female,Paraguay,42:17,6:51,4:39:50,13:34,2:35:36,8:18:09
2252,1667,Jill Mcleod,F55-59,166,Female,United States,49:34,7:47,4:23:09,8:02,2:49:38,8:18:10
2253,2765,Jinella Chua,F45-49,292,Female,Singapore,56:47,9:13,4:17:08,7:46,2:48:30,8:19:23
2254,857,Dawn Claase,F65-69,42,Female,South Africa,51:21,7:33,4:22:21,6:58,2:56:23,8:24:37
2255,848,Eva Kiss-Kraft,F65-69,43,Female,Germany,54:25,8:28,4:24:41,9:07,2:50:24,8:27:04
,1206,Lindsey Noseworthy,F30-34,,Female,United States,,,,,,
,932,Payton Williams,F30-34,,Female,United States,,,,,,
,1516,Amy Lee,F55-59,,Female,Singapore,,,,,,
,2218,Paula Rodríguez Hernández,F25-29,,Female,Mexico,,,,,,
,2522,Esther Leal,F45-49,,Female,Spain,,,,,,
,1946,Eve Mercier,F25-29,,Female,Canada,39:52,4:41,3:35:37,4:44,,
,2592,Cathy Fakinou,F45-49,,Female,Greece,,,,,,
,2532,Maria Florencia Diaz Philippi,F45-49,,Female,Argentina,,,,,,
,1441,Kelly Wavrin,F60-64,,Female,United States,,,,,,
,2037,Claudia Berger,F25-29,,Female,Switzerland,,,,,,
,542,Stéphanie Escande,F35-39,,Female,France,,,,,,
,2762,Jody Shoup,F45-49,,Female,United States,,,,,,
,908,Karlene Ivy,F65-69,,Female,United States,54:33,8:13,4:39:38,,,
,258,Carolina Vasquez,F40-44,,Female,Colombia,,,,,,
,2239,Alejandra Casanova Sepulveda,F25-29,,Female,Puerto Rico,55:38,6:47,4:28:46,,,
,5021,India Lee,FPRO,,Female,United Kingdom,,,,,,
,404,Paula Zamboni,F40-44,,Female,Brazil,,,,,,
,249,Claudia Schwarz,F40-44,,Female,Germany,,,,,,
,2406,Carol Wambui Muhia,F18-24,,Female,Kenya,,,,,,
,549,Latifah Lowery,F35-39,,Female,United States,,,,,,
,2288,Gracie Robertson,F18-24,,Female,United States,53:11,6:29,4:36:51,,,
,1744,Sonja Kleinlogel-van Wyk,F50-54,,Female,Switzerland,,,,,,
,102,Pascal Baron,MGUIDE,,Open,France,56:33,9:53,,,,
,2594,Allison Larochelle,F45-49,,Female,United States,,,,,,
,2178,Isabela Alvarez Rojo,F25-29,,Female,Mexico,,,,,,
,5069,Michelle Stratton,FPRO,,Female,United States,,,,,,
,485,Liz Friedman,F75-79,,Female,United States,56:01,10:29,4:38:43,,,
,1195,Daniela Roman,F30-34,,Female,Mexico,,,,,,
,922,Fanny Belais,F30-34,,Female,Switzerland,,,,,,
,2619,Sofia Tzachristou,F45-49,,Female,Greece,,,,,,
,135,Chloe Jane Ong,F40-44,,Female,Philippines,,,,,,
,223,Fernanda Bau,F40-44,,Female,Brazil,,,,,,
,472,Francoise Haudry,F70-74,,Female,France,50:59,8:17,4:36:23,,,
,2246,Molly Kozlarek,F25-29,,Female,United States,,,,,,
,5052,Lena Meißner,FPRO,,Female,Germany,,,,,,
,850,Susanne Grammer,F65-69,,Female,Austria,1:02:56,9:09,4:18:31,,,
,801,Karen Schultheiss,F35-39,,Female,Switzerland,,,,,,
,2299,Mst Ferdousiakter Mariya,F18-24,,Female,Bangladesh,,,,,,
,692,Mara Araujo,F35-39,,Female,Brazil,,,,,,
,2356,Jenna Grifo,F18-24,,Female,Canada,45:15,5:31,,,,
,270,Victoria Randall,F40-44,,Female,United Kingdom,,,,,,
,2458,Natasha Cooper-Smith,F25-29,,Female,United Kingdom,,,,,,
,1383,Sandra Contant,F60-64,,Female,Canada,,,,,,
,795,Noriko Kumehara,F35-39,,Female,Japan,,,,,,
,2670,Rosa Baptista Teixeira Fernandes,F45-49,,Female,Brazil,,,,,,
,1422,Betti Fey,F60-64,,Female,Germany,,,,,,
,903,Nadia Teixeira De Siqueira,F65-69,,Female,Brazil,1:01:19,14:11,4:31:38,,,
,845,Emilia Perez,F65-69,,Female,United States,54:07,12:42,4:26:22,9:37,2:18:44,
,842,Karen Reardon,F65-69,,Female,Australia,,,,,,
,952,Letícia Ferri,F30-34,,Female,Brazil,,,,,,
,2589,Erika Lilley,F45-49,,Female,United States,,,,,,
,1561,Renee Champagne,F55-59,,Female,United States,,,,,,
,1522,Jennifer Betancourt,F55-59,,Female,Puerto Rico,,,,,,
,424,Angela Harkey,F40-44,,Female,Canada,,,,,,
,1932,Tomomi Steincamp,F50-54,,Female,Japan,1:15:53,9:15,,,,
,2582,Diana Hernandez,F45-49,,Female,Colombia,52:49,,,,,
,473,Kathy Medford,FPC/ID,,Female,United States,54:23,9:15,5:03:46,,,
,1797,Sue Lorenz,F50-54,,Female,United States,,,,,,
,1460,Ricki Reincke,F60-64,,Female,United States,,,,,,
,1473,Marcia Regina S Rios,F65-69,,Female,Brazil,,,,,,
,1581,Tanya Houghton,F55-59,,Female,United States,,,,,,
,1355,Nelly Becerra Priego,F60-64,,Female,Mexico,,,,,,
,621,Carolyn Park,F35-39,,Female,Canada,,,,,,
,1327,Kris Plant,F60-64,,Female,Canada,54:48,,,,,
,1218,Danielle Poe,F30-34,,Female,Canada,,,,,,
,2492,Marie-Louise Rigdal,F45-49,,Female,Sweden,,,,,,
,1524,Teresa Sanchez,F55-59,,Female,United States,1:09:48,8:42,,,,
,477,June Heron,F70-74,,Female,Ireland,54:54,9:33,5:02:26,,,
,2618,Marvis Allais,F45-49,,Female,Venezuela,,,,,,
,721,Man Ling Lo,F35-39,,Female,Singapore,,,,,,
,2118,Fernanda Alipio,F25-29,,Female,Brazil,49:24,10:54,4:45:32,,,
,747,Sze Wing Chan,F35-39,,Female,Hong Kong,,,,,,
,1720,Simone Mayer,F50-54,,Female,Germany,,,,,,
,1972,Margaret Guanci,F25-29,,Female,United States,,,,,,
,5026,Lydia Russell,FPRO,,Female,United States,28:39,1:28,4:19:26,,,
,1425,Sherri Harbaruk,F60-64,,Female,Canada,1:00:29,7:46,4:33:23,,,
,837,Juliet Crawford,F65-69,,Female,Australia,,,,,,
,1325,Stephanie Samuels,F60-64,,Female,United States,1:06:30,9:56,,,,
,671,Heydi Rininta,F35-39,,Female,Indonesia,,,,,,
,481,Gail Lohman,F70-74,,Female,United States,,,,,,
,2336,Alice Davies,F18-24,,Female,United Kingdom,,,,,,
,1632,Liza Perez,F55-59,,Female,United States,55:04,8:18,4:32:19,,,
,856,Suzanne Kaminsky,F65-69,,Female,United States,,,,,,
,1413,Aliesha Jeffery,F60-64,,Female,Canada,56:47,8:07,4:28:31,,,
,353,Patricia Anne Castillo,F40-44,,Female,Philippines,,,,,,
,841,Lorena Teixeira Dias,F65-69,,Female,Brazil,58:32,10:12,5:31:08,,,
,1026,Evangeline Lark Dowling,F30-34,,Female,Australia,40:47,4:36,3:35:45,4:50,,
,1786,Susanne Carpenter,F50-54,,Female,United States,,,,,,
,1066,Karol Mora Murillo,F30-34,,Female,Costa Rica,53:37,6:08,,,,
,334,Kristen Day,F40-44,,Female,United States,,,,,,
,2466,Mayra Colombon,F45-49,,Female,Mexico,46:20,5:38,4:10:20,6:40,,
,1225,Jessica Gottschalk,F30-34,,Female,Germany,,,,,,
,900,Holly Wick,F65-69,,Female,United States,50:48,6:52,4:39:41,,,
,998,Alexandra Sborov,F30-34,,Female,United States,,,,,,
,1433,Helge Seeck,F60-64,,Female,Germany,56:55,6:51,4:49:52,,,
,2666,Vanessa Vicuña,F45-49,,Female,Panama,,,,,,
,1158,Georgina Bishop,F30-34,,Female,United Kingdom,,,,,,
,476,Marj Carpenter,F70-74,,Female,United States,1:00:36,10:44,,,,
,483,Diane Ridgway,F75-79,,Female,United States,,,,,,
,1118,Annie Hultquist,F30-34,,Female,United States,,,,,,
,595,Francisca Mardones,F35-39,,Female,Chile,,,,,,
,382,Yafá Melamed,F40-44,,Female,Panama,53:53,8:38,4:34:47,9:01,2:20:20,
,5015,Anne Reischmann,FPRO,,Female,Germany,,,,,,
,866,Nancy Choiniere Maggio,F65-69,,Female,United States,46:09,8:05,4:36:53,,,
,1402,Gillian Johnston,F60-64,,Female,Canada,1:09:13,6:19:23,,,,
,1319,Alexandria Davies,F35-39,,Female,New Zealand,,,,,,
,2054,Sara Ramirez,F25-29,,Female,Mexico,,,,,,
,1872,Shari Watson,F50-54,,Female,United States,,,,,,
,1721,Valerie Mejard,F50-54,,Female,France,,,,,,
,2005,Nell Duvillard,F25-29,,Female,France,,,,,,
,469,Eileen Mauk,F70-74,,Female,United States,,,,,,
,5002,Kat Matthews,FPRO,,Female,United Kingdom,27:17,1:21,2:31:10,1:18,,
,190,Hallie Fitzsimons,F40-44,,Female,United States,,,,,,
,2068,Abby Cosenza,F25-29,,Female,United States,,,,,,
,2200,Rose Lynch,F25-29,,Female,Ireland,,,,,,
,1293,Barbora Malíková,F30-34,,Female,Slovakia,41:02,4:58,3:24:16,4:33,,
,1393,Sue Pierson,F60-64,,Female,United States,,,,,,
,2029,Anne Rushelle Nuñez,F25-29,,Female,Philippines,,,,,,
,847,Lynn Weimar,F65-69,,Female,United States,1:02:51,11:00,4:57:53,,,
,2787,Sara Reimer,F45-49,,Female,Canada,,,,,,
,468,Denise Ross,F70-74,,Female,Canada,50:55,8:06,,,,
,1519,Lindi Marco,F55-59,,Female,United States,,,,,,
,1314,Rosselle Jona Canete,F35-39,,Female,Philippines,49:52,5:35,4:35:04,,,
,2625,Hayley Herbert,F45-49,,Female,Australia,,,,,,
,1589,Kim McFadden,F55-59,,Female,Australia,56:26,8:01,5:06:48,,,
,1645,Lynn Bebeau,F55-59,,Female,United States,1:22:17,,,,,
,2215,Rachel Guyer,F25-29,,Female,United States,,,,,,
,459,Ruth Küssner,F70-74,,Female,Germany,48:24,8:40,4:40:17,,,
,622,Els Goris,F35-39,,Female,Belgium,,,,,,
,2198,Natalie Ward,F25-29,,Female,United States,,,,,,
,843,Juliana Nievergelt,F65-69,,Female,United States,,,,,,
,5004,Paula Findlay,FPRO,,Female,Canada,27:24,1:25,2:32:34,1:23,,
,385,Charlene Selle,F40-44,,Female,Germany,1:00:25,16:44,4:27:36,,,
,2203,Mariana Granados,F25-29,,Female,Mexico,,,,,,
,1156,Rachel Eikelboom,F30-34,,Female,Canada,,,,,,
,314,Toni Camille Favis-Muñoz,F40-44,,Female,Philippines,1:02:04,8:10,4:38:37,,,
,896,Trish Vickery,F65-69,,Female,Australia,,,,,,
,163,Kim Irons,F40-44,,Female,United States,47:04,6:22,5:03:18,,,
,2348,Katie Chambers,F18-24,,Female,United Kingdom,,,,,,
,897,Deborah Taylor,F65-69,,Female,United States,,,,,,
,501,Yesika Rangel Castellanos,F35-39,,Female,Colombia,58:41,6:48,4:25:15,,,
,1700,Kennya Estrella,F50-54,,Female,Chile,,,,,,
,689,Katherine Hallock,F35-39,,Female,United States,,,,,,
,911,Carolyn Shea,F65-69,,Female,United States,58:06,8:01,5:23:46,,,
,1469,Vera Cristina Lopes Lima,F65-69,,Female,Barbados,1:00:15,7:10,4:45:29,,,
,294,ayesha mansukhani,F40-44,,Female,India,,,,,,
,1926,Beni Gras-Thompson,F50-54,,Female,United States,,,,,,
,288,Williana Rojas,F40-44,,Female,Panama,44:59,4:12,3:00:38,4:08,2:23:55,
,560,Adelina Akhmetova,F35-39,,Female,United Arab Emirates,,,,,,
,1902,Fatima Fernandez,F50-54,,Female,Mexico,,,,,,
,1805,Robyn Metts,F50-54,,Female,United States,53:48,7:59,4:32:24,,,
,663,Crystal Ring,F35-39,,Female,United States,,,,,,
,739,Norliza Abdul Wahid,F35-39,,Female,Singapore,1:12:30,,,,,
,2000,Lisa Mann,F25-29,,Female,Germany,,,,,,
,5017,Laura Jansen,FPRO,,Female,Germany,29:12,1:22,,,,
,1609,Petra Schmiedel,F55-59,,Female,Germany,39:07,4:00,3:12:00,4:00,,
,2520,Toni Senior,F45-49,,Female,United Kingdom,,,,,,
,2779,Tracy Gilbert,F45-49,,Female,United States,,,,,,
,1400,Maja Freudiger,F60-64,,Female,Switzerland,,,,,,
,1940,Rachel Jones,F55-59,,Female,United States,,,,,,
,5061,Laura Addie,FPRO,,Female,United Kingdom,,,,,,
,1403,Michelle Gautier,F60-64,,Female,United Kingdom,,,,,,
,894,Barbara Cook,F65-69,,Female,United Kingdom,1:04:51,7:44,4:53:39,,,
,1389,Margaret Hoff,F60-64,,Female,Australia,48:31,8:48,4:53:32,,,
,810,Tara Mcwilliams,F35-39,,Female,United States,,,,,,
,2609,Sommer Mueller,F45-49,,Female,United States,,,,,,
,2774,Joanna Dillon,F45-49,,Female,United Kingdom,,,,,,
,101,Romane Baron,FGUIDE,,Female,France,56:31,9:54,,,,
,1899,Yoriko Miyagawa,F50-54,,Female,Japan,,,,,,
,2485,Anna-Kaisa Pietilainen,F45-49,,Female,Finland,,,,,,
,482,Cande Olsen,F75-79,,Female,United States,51:37,8:50,4:31:22,6:34,2:56:31,
,1505,Josephine Nagal,F55-59,,Female,Philippines,1:05:22,11:57,,,7:34,
,1387,Monika Kuhn-Ellenrieder,F60-64,,Female,Germany,,,,,,
,430,Maddie Durkin,F40-44,,Female,Bermuda,,,,,,
,846,Alison Vuagniaux,F65-69,,Female,United Kingdom,,,,,,
,2724,Melina Guedes,F45-49,,Female,Brazil,,,,,,
,1358,Annamarie Beaulieu,F60-64,,Female,United States,57:04,9:33,5:07:36,,,
,1774,Maria Andreia Lopes De Freitas,F50-54,,Female,Brazil,,,,,,
,1324,Julia Pauro Oliveira,F35-39,,Female,Brazil,,,,,,
,2503,Jennifer Marin,F45-49,,Female,Venezuela,,,,,,
,979,Stephanie Biddell,F30-34,,Female,Canada,,,,,,
,402,Marion Jeanne,F40-44,,Female,France,,,,,,
,355,Maria Daniela Guaman,F40-44,,Female,Ecuador,,,,,,
,1573,Emma Fisher,F55-59,,Female,United Kingdom,,,,,,
,1900,Gail Threlfall,F50-54,,Female,United Kingdom,,,,,,
,2137,Rebecca Leadbeater,F25-29,,Female,United Kingdom,,,,,,
,248,Xinlei Zhang,F40-44,,Female,China,,,,,,
,1365,Michele Fuller,F60-64,,Female,Canada,47:34,8:28,4:33:36,7:43,,
,2292,Jiajia Zhang,F18-24,,Female,United States,45:12,6:48,,,,
,1160,AGOSTINA LETTERA,F30-34,,Female,Argentina,,,,,,
,881,Angelika Hüsser,F65-69,,Female,Switzerland,54:42,9:03,4:26:39,8:52,2:48:22,
,1493,Ayako Kamato,F55-59,,Female,Japan,,,,,,
,1570,Amy Smith,F55-59,,Female,United States,47:01,12:12,4:32:49,,,
,659,Jessica Rummery,F35-39,,Female,United States,,,,,,
,1833,Leilani Tan,F50-54,,Female,Philippines,1:00:09,15:52,4:37:53,,,
,466,Janine Boldra,F70-74,,Female,United States,55:59,14:36,5:04:28,,,
,1521,Fiona Carter,F55-59,,Female,United Kingdom,,,,,,
,467,Lorraine Gersitz,F70-74,,Female,United States,56:02,17:29,4:43:28,,,
,863,Jennifer Reinhart,F65-69,,Female,United States,,,,,,
,1819,Katja Kallioinen,F50-54,,Female,Finland,39:38,5:26,,,,
,1386,Renate Gaisser,F60-64,,Female,United States,,,,,,
,366,Anna-Maria Kahkonen,F40-44,,Female,Finland,,,,,,
,752,Marianne Geisler,F35-39,,Female,France,,,,,,
,1624,Santa Urzua Vega,F55-59,,Female,Mexico,,,,,,
,891,Ellen Hart,F65-69,,Female,United States,,,,,,
,902,Joanne Bezzubetz,F65-69,,Female,Canada,50:16,8:53,4:31:13,12:01,2:50:35,
,890,Susan Airheart,F65-69,,Female,United States,55:53,,,,,
,1936,Cathleen Bethea,F55-59,,Female,United States,,,,,,
,2767,Silvia Tourn,F45-49,,Female,Uruguay,52:46,6:26,3:35:23,12:06,,
,1132,Kelli Wosick,F30-34,,Female,United States,54:12,7:37,,,,
,823,Rebecca Goodwin,F35-39,,Female,United Kingdom,,,,,,
,715,Bekky Lim,F35-39,,Female,Singapore,43:56,10:03,5:21:06,,,
,1276,Nadine Zyman,F30-34,,Female,Venezuela,,,,,,
,642,Marissa Loaiza,F35-39,,Female,Ecuador,,,,,,
,584,Melanie Van Soeren,F35-39,,Female,Canada,,,,,,
,487,Dexter Yeats,F80-84,,Female,United States,,,,,,
,275,Tzu Hui Yang,F40-44,,Female,Taiwan,1:03:51,8:04,4:52:14,,,
,802,Linnea Larsson,F35-39,,Female,Sweden,,,,,,
,1710,Christine Plant,F50-54,,Female,Australia,52:20,6:00,4:41:24,,,
,1464,Sue Mcmaster,F60-64,,Female,New Zealand,,,,,,
,2362,Issy Lyons,F18-24,,Female,Israel,,,,,,
,1050,Blair Bartosiewicz,F30-34,,Female,United States,,,,,,
,2421,Blair Rhodes,F18-24,,Female,United States,,,,,,
,2189,Susana Uribe Castro,F25-29,,Female,Colombia,,,,,,
,425,Jillian Carlson,F40-44,,Female,United States,1:04:01,,,,,
,2063,Tatiana Chermayeff,F25-29,,Female,United States,,,,,,
,2558,Vanessa Ronksley,F45-49,,Female,Canada,,,,,,
,882,Patricia Chavez,F65-69,,Female,Mexico,,,,,,
,905,Sharon Rodier,F65-69,,Female,United States,54:29,10:51,4:47:58,,,
,393,Michele Clode,F40-44,,Female,United States,,,,,,
,2363,Grace Neuhaus,F18-24,,Female,Australia,,,,,,
,819,Brenda Espinosa Mendoza,F35-39,,Female,Mexico,,,,,,
,2106,Caroline Portner,F25-29,,Female,United States,,,,,,
,2441,Erin Anderson,F18-24,,Female,United States,58:30,6:20,4:27:49,,,
,1963,Annabelle Savage,F25-29,,Female,Australia,,,,,,
,1439,Kelli Rantz,F60-64,,Female,United States,,,,,,
,172,Andrea Edwards,F40-44,,Female,United States,59:55,8:01,4:35:15,,,
,2262,MARGOT GARABEDIAN,F25-29,,Female,Cambodia,,,,,,
,2253,Kara Hickok,F25-29,,Female,United States,1:09:43,16:01,4:26:10,,,
,1443,Angie Dudman,F60-64,,Female,United States,1:00:04,6:50,4:23:48,,,
,5035,Anna Bergsten,FPRO,,Female,Sweden,,,,,,
,2258,Kailey Sumner,F25-29,,Female,United States,,,,,,
,1347,Marcia Lacerda,F60-64,,Female,Brazil,53:21,9:05,4:35:30,,,
,1634,Carmen Castillo De Ortiz,F55-59,,Female,Paraguay,46:25,8:42,5:04:14,,,
,1586,Tania Ohlson,F55-59,,Female,New Zealand,1:04:51,9:08,,,,
,1614,Irama Godoy,F55-59,,Female,United States,,,4:34:20,,,
,815,Nadine Hajj,F35-39,,Female,Lebanon,,,,,,
,1593,Mary Mañon,F55-59,,Female,Dominican Republic,,,,,,
,378,Elena Tovstik,F40-44,,Female,United States,,,,,,
,1262,Megan Wood,F30-34,,Female,United States,,,,,,
,995,Áine Kinsella,F30-34,,Female,Ireland,34:18,4:01,,,,
,1917,Melissa Criteser,F50-54,,Female,United States,57:46,7:58,4:37:47,,,
,237,Holly Flanagan,F40-44,,Female,United States,,,,,,
,1515,Robin Sayed,F55-59,,Female,United States,,,,,,
,474,Patricia Rosen,F70-74,,Female,United States,52:23,11:05,5:03:59,,,
,484,Inge Stettner,F75-79,,Female,Germany,53:33,7:48,4:51:34,,,
,1462,Kat Kulkoski,F60-64,,Female,United States,,,,,,
,5028,Marlene de Boer,FPRO,,Female,Netherlands,,,,,,
,651,Efstratia Papadopoulou,F35-39,,Female,Greece,,,,,,
,2780,Joyce Leary,F45-49,,Female,United States,,,,,,
,2184,Katherine Amps,F25-29,,Female,United Kingdom,,,,,,
,132,Amanda Tait,F40-44,,Female,United States,,,,,,
,2131,Audrey Hazel,F25-29,,Female,United States,1:03:19,5:54,4:30:30,,,
,1240,Paige Tompkins,F30-34,,Female,United Kingdom,,,,,,
,1376,Norma Bacelar Barbalho,F60-64,,Female,Brazil,,,,,,
,1971,Julia Sanz Iglesias,F25-29,,Female,Brazil,,,,,,
,1925,Michelle Gander,F50-54,,Female,Australia,,,,,,
,1372,Maria Claudia Echavarria Videla,F60-64,,Female,Chile,,,,,,
,1518,Kim Bramblett,F55-59,,Female,United States,,,,,,
,682,Karen Tze,F35-39,,Female,Hong Kong,52:00,6:06,5:09:35,,,
,1891,Cristiana Rossi,F50-54,,Female,Italy,39:49,8:21,3:52:21,9:34,,
,1002,Sarah Geleta,F30-34,,Female,Australia,,,,,,
,1579,Myriam Smith,F55-59,,Female,Australia,52:14,7:32,4:44:44,,,
,1585,Lambert Kirsten,F55-59,,Female,Australia,48:38,7:14,,,,
,1703,Melissa Kinmartin,F50-54,,Female,United States,57:53,9:02,4:36:37,,,
,1708,Dani Rossi,F50-54,,Female,United States,,,,,,
,1746,Elysia Krieger,F50-54,,Female,United States,,,,,,
,627,Mitsuki Tanaka-Tan,F35-39,,Female,Philippines,,,,,,
,849,Maureen Burns,F65-69,,Female,United States,1:05:48,11:53,4:13:39,,,
,869,Ellen O'Meara,F65-69,,Female,Canada,,,,,,
,912,Joan Shikowitz,F65-69,,Female,United States,1:02:08,10:38,5:01:48,,,
,2651,Courtney Sklare,F45-49,,Female,United States,,,,,,
,1764,Katheryn Knutson,F50-54,,Female,United States,,,,,,
,1694,Elizabeth Waterstraat,F50-54,,Female,United States,,,,,,
,1813,Ya ching Huang,F50-54,,Female,Taiwan,,,,,,
,2190,Kirstin Bamford,F25-29,,Female,United Kingdom,,,,,,
,2718,Ximena Martinez Oportus,F45-49,,Female,Chile,,,,,,
,865,cherie Johnson,F65-69,,Female,United States,,,,,,
,1450,Brenda Lovie,F60-64,,Female,United States,,,,,,
,1390,Michelle Howard,F60-64,,Female,United States,48:38,8:53,4:59:32,6:44,2:25:41,
,2678,Silvia Helena Barbosa Prado,F45-49,,Female,Brazil,,,,,,
,1865,Sonia Kennedy,F50-54,,Female,Australia,,,,,,
,2777,Alexandra Bade,F45-49,,Female,Canada,,,,,,
,1680,Carlota Mattos Alvarado,F60-64,,Female,Panama,,,,,,
,591,Jenny Marshall,F35-39,,Female,United States,,,,,,
,1825,Jennifer Miller,F50-54,,Female,United States,,,,,,
,1150,Jana Charisse Pedro,F30-34,,Female,Philippines,50:52,5:05,4:34:56,,,
,1483,Marilou Mcgee,F55-59,,Female,Philippines,1:03:18,10:18,5:00:32,20:26,,
,2756,Meera Cheema,F45-49,,Female,India,50:06,8:42,,,,
,478,Fran Trees,F70-74,,Female,United States,52:05,7:09,4:38:13,,,
,1745,Masako Kida,F50-54,,Female,Japan,,,,,,
,2722,Tara Williams-Davis,F45-49,,Female,United States,,,,,,
,541,STELLA APARECIDA FURLAN DE OLIVEIRA,F35-39,,Female,Brazil,,,,,,
,1668,Diana Rodriguez,F55-59,,Female,Mexico,48:24,8:34,4:10:05,10:09,1:35:58,
,136,Cheryl Willberg,F40-44,,Female,Canada,,,,,,
,2478,Meagan Perlstein,F45-49,,Female,United States,,,,,,
,1983,Maria Francisca Correa Hucke,F25-29,,Female,Chile,45:39,5:33,4:22:17,,,
,598,Anna Bogdanova,F35-39,,Female,United States,,,,,,
,1252,Aleksandra Grafova,F30-34,,Female,Vietnam,,,,,,
,913,Arlene Stelzer,F70-74,,Female,United States,1:34:21,,,,,
,171,Jennie Hansen,F40-44,,Female,United States,,,,,,
,1333,Suzanne Astra,F60-64,,Female,United States,,,,,,
,860,Stephanie Johnston,F65-69,,Female,Australia,56:02,14:48,4:23:58,8:54,2:15:31,
,547,Renata Mesquita,F35-39,,Female,Brazil,46:26,10:48,3:49:15,,,
,1749,Allison Paul,F50-54,,Female,United States,,,,,,
,1391,Claudia Paez,F60-64,,Female,Argentina,,,,,,
,608,Victoria Taubert,F35-39,,Female,Germany,,,,,,
,1128,Sophia Staal,F30-34,,Female,United States,,,,,,
,1090,Amy Yeoman,F30-34,,Female,United Kingdom,,,,,,
,463,Yvonne Alper,F70-74,,Female,United States,1:17:01,,,,,
,1377,Liz Sheehan,F60-64,,Female,Australia,58:06,9:41,5:12:40,,,
,1034,Barbara Montesdeocaruiz,F30-34,,Female,Mexico,,,,,,
,2578,Biz Beirnes,F45-49,,Female,United States,,,,,,
,1297,Molly Dengler,F30-34,,Female,United States,,,,,,
,438,Kelly Spencer,F40-44,,Female,United States,,,,,,
,648,Jessie Couper,F35-39,,Female,United States,35:07,9:56,3:29:19,1:49:53,,
,1455,Julie Kaczor,F60-64,,Female,United States,,,,,,
,1142,Nancy Otto,F30-34,,Female,Austria,,,,,,
,2427,Madison Zetzl,F18-24,,Female,United States,,,,,,
,1375,Monica Nofal,F60-64,,Female,Argentina,,,,,,
,2413,Carlota Hamann,F18-24,,Female,Germany,,,,,,
,1677,Monique Christakis,F60-64,,Female,Canada,,,,,,
,440,WeiChi Chang,F40-44,,Female,Taiwan,,,,,,
,465,Carey Cribbs,F70-74,,Female,United States,,,,,,
,586,Micaela Bacalo,F35-39,,Female,Argentina,,,,,,
,2222,Jazz Van Loon,F25-29,,Female,United States,,,,,,
,1052,Whitney Youngquist,F30-34,,Female,United States,,,,,,
,210,Raquel Fernandez Castillo,F40-44,,Female,Venezuela,53:38,7:04,4:35:06,,,
,737,Andrea De Leon,F35-39,,Female,Uruguay,,,,,,
,2349,Tina LUTZENBERGER,F18-24,,Female,Germany,,,,,,
,1489,Jennifer Smith,F55-59,,Female,United States,,,,,,
,447,Leah Mccrossin,F40-44,,Female,United States,50:03,,,,,
,5008,Laura Philipp,FPRO,,Female,Germany,,,,,,
,1294,Becca Glatt,F30-34,,Female,United States,,,,,,
,763,Natalie Rice,F35-39,,Female,United States,,,,,,
,974,Camille Dazet,F30-34,,Female,France,,,,,,
,1342,Mariella Bighelli,F60-64,,Female,Italy,46:47,4:16,,,,
,1697,Abby Rogers,F50-54,,Female,United States,1:13:30,8:57,4:29:37,,,
,2278,Zoe Chazen,F30-34,,Female,United States,,,,,,
,876,Joanne Siegel,F65-69,,Female,United States,46:39,12:31,4:34:03,8:08,2:34:54,
,1344,Corina Van Dam,F60-64,,Female,Netherlands,56:42,7:00,4:35:44,,,
,1639,Bita Sistani,F55-59,,Female,United States,56:52,7:51,4:31:34,,,
,1557,Claudia Jakobler,F55-59,,Female,Germany,58:22,6:45,4:26:55,,,
,391,Leanne Gaedtke,F40-44,,Female,United States,,,,,,
,1886,Natalia Shtrombakh,F50-54,,Female,Spain,,,,,,
,1079,Richelle Kuijper,F30-34,,Female,Netherlands,,,,,,
,1447,midori kurobane,F60-64,,Female,Japan,50:22,8:13,4:07:32,11:34,,
,2156,Bobje Kleijwegt,F25-29,,Female,Netherlands,,,,,,
,2310,Siwen Cui,F18-24,,Female,China,,,,,,
,1354,Julie Palmer,F60-64,,Female,United States,,,,,,
,1001,NGAN LAM TUC,F30-34,,Female,Vietnam,,,,,,
,299,Marie Catherine Werner,F40-44,,Female,France,,,,,,
,2711,Tytti Åberg,F45-49,,Female,Finland,,,,,,
,1636,Brett Thomas,F55-59,,Female,United States,,,,,,
,1414,Cathryn Gries,F60-64,,Female,United States,56:17,9:18,4:20:40,10:49,2:55:55,8:32:58
,464,Katy Kessinger,F70-74,,Female,United States,41:45,10:37,4:36:54,10:49,2:55:55,8:36:00
,1471,Lorraine Christian,F65-69,,Female,United States,53:29,9:11,4:26:05,8:08,3:04:50,8:41:43
,1349,Barbara Nelson,F60-64,,Female,United States,58:48,7:41,4:22:22,7:45,3:09:45,8:46:21
