Place,Bib,Name,Age_Group,Group_Rank,Class,Club,Swim,T1,Bike,T2,Run,Finish
1,1,Daniela Ryf,FPRO,1,Female,Switzerland,24:24,,2:15:27,,1:16:59,4:01:12
2,43,Lucy Charles-Barclay,FPRO,2,Female,United Kingdom,23:00,,2:17:12,,1:20:36,4:04:58
3,8,Anne Haug,FPRO,3,Female,Germany,24:26,,2:23:16,,1:15:11,4:07:21
4,16,Pâmella Nascimento De Oliveira,FPRO,4,Female,Brazil,24:24,,2:23:18,,1:21:29,4:13:43
5,34,Radka Kahlefeldt,FPRO,5,Female,Czechia,24:24,,2:23:30,,1:21:39,4:13:49
6,14,Imogen Simmonds,FPRO,6,Female,Switzerland,24:25,,2:23:29,,1:22:33,4:14:39
7,6,Jeanni Metzler,FPRO,7,Female,South Africa,24:24,,2:27:21,,1:19:08,4:14:56
8,23,Ellie Salthouse,FPRO,8,Female,Australia,25:43,,2:25:54,,1:19:24,4:15:11
9,2,Emma Pallant-Browne,FPRO,9,Female,United Kingdom,25:55,,2:25:57,,1:20:04,4:15:52
10,4,Sarah True,FPRO,10,Female,United States,24:23,,2:29:11,,1:17:58,4:15:59
11,9,Heather Wurtele,FPRO,11,Female,Canada,25:53,,2:25:49,,1:22:59,4:18:47
12,18,Sarah Lewis,FPRO,12,Female,United Kingdom,25:47,,2:28:32,,1:23:22,4:22:26
13,45,Jackie Hering,FPRO,13,Female,United States,27:29,,2:30:39,,1:20:00,4:23:07
14,28,Felicity Sheedy-Ryan,FPRO,14,Female,Australia,25:47,,2:30:42,,1:22:52,4:23:52
15,29,Michaela Herlbauer,FPRO,15,Female,Austria,25:55,,2:32:10,,1:24:36,4:27:12
16,17,Fenella Langridge,FPRO,16,Female,United Kingdom,24:06,,2:33:46,,1:27:11,4:29:18
17,20,Agnieszka Jerzyk,FPRO,17,Female,Poland,25:51,,2:34:51,,1:24:33,4:29:40
18,22,Romina Palacio Balena,FPRO,18,Female,Argentina,25:55,,2:35:38,,1:24:06,4:30:20
19,41,Danielle Dingman,FPRO,19,Female,United States,33:10,,2:27:02,,1:26:09,4:30:38
20,1533,Jade Roberts,F25-29,1,Female,South Africa,27:09,,2:32:15,,1:27:18,4:32:14
21,1658,Sara Van De Vel,F18-24,1,Female,Belgium,26:03,,2:30:19,,1:31:16,4:32:43
22,32,Heini Hartikainen,FPRO,20,Female,Finland,31:18,,2:29:58,,1:27:37,4:33:43
23,30,Annah Watkinson,FPRO,21,Female,South Africa,28:09,,2:34:29,,1:27:32,4:34:52
24,906,Deirdre Casey,F35-39,1,Female,Ireland,27:16,,2:30:34,,1:32:48,4:35:26
25,31,Magda Nieuwoudt,FPRO,22,Female,South Africa,28:27,,2:31:17,,1:32:17,4:36:45
26,1266,Madeline Mckeever,F30-34,1,Female,United States,32:41,,2:32:15,,1:25:11,4:36:56
27,44,Kyra Wiens,FPRO,23,Female,United States,28:01,,2:34:48,,1:29:37,4:37:18
28,1297,Tiina Pohjalainen,F30-34,2,Female,Finland,30:24,,2:36:51,,1:24:54,4:37:46
29,1321,Kirsten Schut,F30-34,3,Female,South Africa,29:06,,2:35:20,,1:27:54,4:39:02
30,25,Annamaria Eberhardt,FPRO,24,Female,Hungary,33:19,,2:35:39,,1:26:03,4:39:48
31,1117,Jennifer Zenker,F35-39,2,Female,Australia,25:41,,2:32:06,,1:37:09,4:40:31
32,1236,Tessa Kortekaas,F30-34,4,Female,Netherlands,30:57,,2:32:33,,1:31:11,4:40:56
33,1599,Fanoy Leanne,F18-24,2,Female,United Arab Emirates,30:01,,2:38:22,,1:26:48,4:41:53
34,27,Kirra Seidel,FPRO,25,Female,Australia,25:57,,2:42:29,,1:29:47,4:42:39
35,33,Laura Mathews,FPRO,26,Female,United States,27:26,,2:36:33,,1:34:35,4:43:45
36,1176,Lucia Erat,F30-34,5,Female,Switzerland,33:31,,2:42:38,,1:21:30,4:43:58
37,948,Vanessa Gianinni,F35-39,3,Female,Brazil,28:34,,2:40:16,,1:29:26,4:44:34
38,1203,Susana Guillen,F30-34,6,Female,Panama,31:13,,2:42:07,,1:25:56,4:45:39
39,1248,Magdalena Lenz,F30-34,7,Female,Poland,31:33,,2:40:13,,1:28:32,4:45:47
40,683,Erica Fogg,F40-44,1,Female,United Kingdom,28:03,,2:42:24,,1:28:40,4:46:11
41,1629,Justine Mathieux,F18-24,3,Female,France,27:33,,2:37:13,,1:36:01,4:46:52
42,652,Constance Mochar,F40-44,2,Female,Austria,31:11,,2:36:36,,1:32:25,4:46:54
43,1422,Mariella Sawyer,F25-29,2,Female,South Africa,31:39,,2:43:03,,1:27:51,4:48:07
44,1343,Eulali Gouws,F30-34,8,Female,South Africa,33:51,,2:42:06,,1:26:07,4:48:13
45,1246,Anna Lechowicz,F30-34,9,Female,Poland,30:41,,2:42:21,,1:29:58,4:48:45
46,1341,Marion Tuin,F30-34,10,Female,Netherlands,29:57,,2:38:48,,1:34:21,4:49:10
47,1351,Salla Viitikko,F30-34,11,Female,Finland,31:20,,2:40:24,,1:31:26,4:49:15
48,1618,Michelle Krebs,F18-24,4,Female,South Africa,29:31,,2:38:21,,1:35:12,4:49:33
49,1461,Sophie Herzog,F25-29,3,Female,Switzerland,30:26,,2:42:18,,1:31:24,4:49:58
50,1552,Ushakova Svetlana,F25-29,4,Female,Russian Federation,27:01,,2:45:14,,1:32:53,4:50:15
51,1640,Madi Roberts,F18-24,5,Female,Australia,27:27,,2:43:33,,1:33:40,4:50:35
52,1025,Hallie Nicoll,F35-39,4,Female,United States,31:47,,2:40:14,,1:32:14,4:50:38
53,1059,Michela Santini,F35-39,5,Female,Italy,31:45,,2:35:42,,1:38:16,4:51:31
54,1594,Carla Dahan,F18-24,6,Female,France,28:59,,2:41:38,,1:34:59,4:51:40
55,1560,Natia Van Heerden,F25-29,5,Female,South Africa,29:20,,2:48:04,,1:29:31,4:52:20
56,660,Beatrix Cser,F40-44,3,Female,Hungary,32:40,,2:35:25,,1:36:27,4:52:33
57,39,Jenny FLETCHER,FPRO,27,Female,Canada,27:58,,2:44:21,,1:35:54,4:53:37
58,1473,Moya Johansson,F25-29,6,Female,Australia,29:27,,2:48:57,,1:30:13,4:53:56
59,1429,Ilona Eversdijk,F25-29,7,Female,Netherlands,27:07,,2:41:44,,1:39:22,4:54:21
60,1148,Fiona Carlon,F30-34,12,Female,United States,27:46,,2:47:09,,1:32:49,4:54:25
61,1367,Naomi Keira Wright,F30-34,13,Female,United Kingdom,31:31,,2:39:01,,1:38:07,4:54:32
62,1445,Gabriella Gioia,F25-29,8,Female,South Africa,31:25,,2:39:51,,1:37:11,4:54:34
63,26,Lotty Harari,FPRO,28,Female,Panama,34:13,,2:43:12,,1:30:44,4:54:41
64,1007,Flavia Meyer,F35-39,6,Female,Brazil,31:05,,2:41:24,,1:35:20,4:54:56
65,682,Allison Felley Jacquemont,F40-44,4,Female,Canada,31:18,,2:40:43,,1:36:23,4:55:17
66,1060,Antonelle Saporta,F35-39,7,Female,South Africa,27:18,,2:41:40,,1:40:10,4:55:22
67,1044,Shannon Proffit,F35-39,8,Female,New Zealand,26:35,,2:44:00,,1:39:06,4:55:23
68,1564,Olympia Von Berg,F25-29,9,Female,United States,28:52,,2:42:22,,1:38:44,4:55:48
69,1417,Monique De Abreu,F25-29,10,Female,Australia,31:58,,2:47:15,,1:31:18,4:55:49
70,1214,Mikaela Holmberg,F30-34,14,Female,Sweden,34:18,,2:39:50,,1:35:32,4:56:00
71,514,Liesbeth Leysen,F45-49,1,Female,Belgium,33:31,,2:38:44,,1:37:47,4:56:17
72,1636,Paula Ponte Moreira,F18-24,7,Female,Brazil,29:30,,2:43:14,,1:36:58,4:56:28
73,1356,Emma Hatzis,F30-34,15,Female,United Kingdom,33:22,,2:43:24,,1:33:44,4:56:47
74,1556,MELLUSCA TOOVEY,F25-29,11,Female,South Africa,30:49,,2:44:15,,1:35:21,4:56:59
75,1284,Ipek Onaran Sezer,F30-34,16,Female,Turkey,32:41,,2:50:02,,1:28:27,4:57:15
76,1277,Ivett Nagy,F30-34,17,Female,Hungary,30:09,,2:45:09,,1:36:00,4:57:16
77,743,Anna Thamavongsa,F40-44,5,Female,United Kingdom,31:53,,2:44:47,,1:35:35,4:57:38
78,1126,Daniela Araujo,F30-34,18,Female,Venezuela,34:21,,2:45:24,,1:32:22,4:57:53
79,1428,Elizabeth Duncombe,F25-29,12,Female,United Kingdom,38:18,,2:37:55,,1:34:19,4:57:59
80,1578,Laura Addie,F18-24,8,Female,United Kingdom,29:39,,2:44:12,,1:38:51,4:58:12
81,1480,Sophie Kirk,F25-29,13,Female,United Kingdom,29:41,,2:41:57,,1:40:16,4:58:37
82,766,Kerry Mcgawley,F40-44,6,Female,United Kingdom,30:55,,2:44:12,,1:38:13,4:58:47
83,627,Gunhild Berntsen,F40-44,7,Female,Norway,29:46,,2:49:06,,1:34:08,4:58:50
84,1393,Tani Burge,F25-29,14,Female,Australia,32:08,,2:45:20,,1:35:17,4:59:11
85,1476,Saskia Käs,F25-29,15,Female,Germany,26:09,,2:47:38,,1:39:50,4:59:20
86,1331,Bec Stedman,F30-34,19,Female,Australia,32:39,,2:47:32,,1:32:43,4:59:44
87,1509,Helen Morgan,F25-29,16,Female,Australia,36:08,,2:41:24,,1:36:09,4:59:46
88,1442,Gessica Gambaro,F25-29,17,Female,Switzerland,30:10,,2:46:25,,1:36:11,4:59:49
89,1639,Helen Richards,F18-24,9,Female,United Kingdom,32:12,,2:51:20,,1:28:32,4:59:54
90,1495,Bethan Male,F25-29,18,Female,United Kingdom,31:08,,2:53:32,,1:29:03,4:59:57
91,892,Nicola Boyd,F35-39,9,Female,United Kingdom,35:33,,2:41:39,,1:37:19,5:00:09
92,1634,Taneal Otto,F18-24,10,Female,South Africa,31:08,,2:42:35,,1:38:52,5:00:18
93,1091,Beate Van Loo-Born,F35-39,10,Female,Germany,35:26,,2:43:48,,1:32:32,5:00:41
94,1571,Claudia Wipfler,F25-29,19,Female,Germany,33:03,,2:43:19,,1:33:04,5:00:45
95,762,Catherine Mathew,F40-44,8,Female,United Kingdom,31:52,,2:43:07,,1:39:35,5:00:53
96,1323,Kristina Grieger,F30-34,20,Female,Germany,32:22,,2:48:28,,1:34:19,5:01:04
97,1616,Daniela Kleiser,F18-24,11,Female,Germany,35:40,,2:47:26,,1:31:12,5:01:07
98,1196,Giulia Bedorin,F30-34,21,Female,Italy,28:24,,2:52:04,,1:34:05,5:01:10
99,777,Florencia Morales,F40-44,9,Female,Argentina,33:17,,2:52:20,,1:29:51,5:01:40
100,1360,Astrid Werner,F30-34,22,Female,Germany,32:40,,2:50:25,,1:32:56,5:01:58
101,1307,Anais Robin,F30-34,23,Female,France,29:18,,2:51:49,,1:33:31,5:02:08
102,1628,Fabia Maramotti,F18-24,12,Female,Italy,26:33,,2:42:55,,1:45:51,5:02:11
103,942,Tere Fullana,F35-39,11,Female,Spain,28:22,,2:50:39,,1:36:05,5:02:13
104,949,Lynda Gingras,F35-39,12,Female,Canada,34:56,,2:52:35,,1:27:46,5:02:37
105,1336,Merle Talviste,F30-34,24,Female,Estonia,28:11,,2:46:35,,1:40:19,5:02:38
106,1102,Anna-Marie Watson,F35-39,13,Female,United Kingdom,37:59,,2:46:47,,1:31:26,5:02:49
107,700,Monique Grossrieder,F40-44,10,Female,Switzerland,31:29,,2:48:26,,1:36:36,5:03:36
108,503,Uta Knape,F45-49,2,Female,Germany,37:04,,2:39:49,,1:40:13,5:04:08
109,996,Ashley Lofton,F35-39,14,Female,Australia,32:13,,2:48:15,,1:35:23,5:04:12
110,1274,Fiona Moriarty,F30-34,25,Female,Ireland,34:35,,2:46:08,,1:36:38,5:04:20
111,1330,Cornelia Stähli,F30-34,26,Female,Switzerland,33:43,,2:48:01,,1:35:58,5:04:22
112,1641,Catalina Salazar Ezquerra,F18-24,13,Female,Chile,25:44,,2:54:05,,1:38:08,5:04:36
113,1260,Mireia Masip,F30-34,27,Female,Spain,33:47,,2:47:30,,1:36:39,5:04:51
114,1537,Amalia Sanchez Albo,F25-29,20,Female,Mexico,26:38,,3:00:46,,1:31:59,5:05:30
115,756,Yolande Maclean,F40-44,11,Female,South Africa,34:26,,3:01:24,,1:22:37,5:05:30
116,644,Wendy Casterton,F40-44,12,Female,United Kingdom,29:00,,2:47:44,,1:42:07,5:05:37
117,904,Ana Caleya Santiago,F35-39,15,Female,Spain,34:04,,2:48:25,,1:34:55,5:05:40
118,1082,Monika Tschudi,F35-39,16,Female,Switzerland,37:21,,2:46:24,,1:35:07,5:05:45
119,1190,Javiera Gainza Acevedo,F30-34,28,Female,Chile,30:54,,2:51:36,,1:37:07,5:05:47
120,1449,Carolina Granfors,F25-29,21,Female,Finland,33:46,,2:43:54,,1:42:17,5:06:02
121,736,Martha Koekemoer,F40-44,13,Female,South Africa,33:46,,2:48:46,,1:37:12,5:06:06
122,969,Christelle Hattingh,F35-39,17,Female,South Africa,33:25,,2:51:55,,1:34:23,5:06:11
123,1550,Jo Sutton,F25-29,22,Female,United Kingdom,31:05,,2:52:54,,1:36:26,5:06:18
124,630,Monica Bonfanti,F40-44,14,Female,Italy,33:14,,2:50:12,,1:32:02,5:06:24
125,649,Jenny Close,F40-44,15,Female,United Kingdom,34:57,,2:49:12,,1:35:00,5:06:24
126,998,Lizanne Mackenzie,F35-39,18,Female,South Africa,29:01,,2:57:43,,1:33:18,5:06:35
127,1382,Nicola Biani,F25-29,23,Female,South Africa,31:16,,2:45:37,,1:42:42,5:06:35
128,1096,Luisina Viletto,F35-39,19,Female,Argentina,31:18,,2:54:56,,1:34:20,5:06:38
129,1536,Joannie Sanche,F25-29,24,Female,Canada,33:25,,2:47:31,,1:39:31,5:06:46
130,680,Lorena Fariña,F40-44,16,Female,Argentina,34:14,,2:43:29,,1:42:01,5:06:47
131,689,Sharon Gallant-Pierce,F40-44,17,Female,Canada,31:49,,2:46:15,,1:41:31,5:06:48
132,1419,Julia De Leeuw,F25-29,25,Female,Netherlands,33:09,,2:45:34,,1:41:19,5:06:51
133,776,Susan Moerdyk,F40-44,18,Female,South Africa,34:09,,2:45:17,,1:40:19,5:06:59
134,1161,Jana Meuleman,F30-34,29,Female,Germany,39:27,,2:48:44,,1:32:21,5:07:06
135,1649,Izabela Sobanska,F18-24,14,Female,Poland,31:12,,2:41:29,,1:48:29,5:07:09
136,1548,Lea Steyn,F25-29,26,Female,South Africa,30:28,,2:49:21,,1:40:48,5:07:20
137,972,Oriana Heer,F35-39,20,Female,Switzerland,34:21,,2:44:49,,1:41:51,5:07:37
138,1374,Melanie Altenbeck-Zorn,F25-29,27,Female,Germany,34:53,,2:47:36,,1:39:13,5:07:56
139,812,Christelle Romanens,F40-44,19,Female,Switzerland,34:24,,2:49:49,,1:37:04,5:08:00
140,1392,Hannah Bruce,F25-29,28,Female,United Kingdom,29:41,,2:49:29,,1:42:49,5:08:27
141,1013,Kelly Miller,F35-39,21,Female,Australia,33:11,,2:46:12,,1:41:51,5:08:28
142,945,Barbara Rieger,F35-39,22,Female,Germany,35:42,,2:42:20,,1:43:07,5:08:33
143,1136,Corinne Berg,F30-34,30,Female,South Africa,29:09,,2:52:07,,1:39:44,5:08:40
144,1241,Julia Kruger Romariz,F30-34,31,Female,Brazil,31:44,,2:51:31,,1:37:42,5:08:42
145,456,Carola Fiori-Balestra,F45-49,3,Female,Switzerland,35:58,,2:47:56,,1:38:43,5:08:49
146,1093,Emanuela Venturelli,F35-39,23,Female,Italy,35:17,,2:51:16,,1:35:17,5:08:51
147,897,Verena Bruckner,F35-39,24,Female,Germany,28:06,,2:51:56,,1:40:39,5:08:56
148,531,Rebecca Mckee,F45-49,4,Female,United States,33:48,,2:46:35,,1:42:16,5:09:21
149,1459,Marine Hazard,F25-29,29,Female,France,27:58,,2:50:29,,1:43:30,5:09:21
150,1134,Mathilde Batailler,F30-34,32,Female,Martinique,34:06,,2:50:42,,1:37:35,5:09:30
151,293,Michelle Enslin,F50-54,1,Female,South Africa,31:13,,2:47:37,,1:43:02,5:09:32
152,1528,Natalie Dodd,F25-29,30,Female,United Kingdom,29:46,,2:55:04,,1:38:22,5:09:40
153,693,Katie Gollotto,F40-44,20,Female,United States,39:46,,2:43:13,,1:38:19,5:09:45
154,285,Colleen Dereuck,F50-54,2,Female,United States,31:43,,2:49:17,,1:41:54,5:09:53
155,1542,Carolin Sedig,F25-29,31,Female,Sweden,31:43,,2:56:37,,1:35:09,5:09:54
156,1142,Mariana Brugger,F30-34,33,Female,Brazil,34:39,,2:54:46,,1:32:59,5:10:18
157,1638,Maria Pia Raffo,F18-24,15,Female,Peru,31:27,,2:56:14,,1:36:32,5:10:26
158,496,Christine Kachinsky,F45-49,5,Female,United States,35:09,,2:50:09,,1:37:41,5:10:26
159,1317,Bahar Eksi,F30-34,34,Female,Turkey,31:19,,2:55:42,,1:36:13,5:10:39
160,1602,Natalia Gómez,F18-24,16,Female,Spain,39:42,,2:57:43,,1:27:18,5:10:43
161,1506,Amanda Barnes,F25-29,32,Female,United States,32:00,,2:47:44,,1:44:27,5:10:44
162,1615,Morgan Klein,F18-24,17,Female,United States,31:31,,2:55:39,,1:36:36,5:10:50
163,835,Mariana Solorzano,F40-44,21,Female,Mexico,32:16,,2:54:19,,1:37:51,5:11:10
164,768,Audrey Mcmurry,F40-44,22,Female,United States,32:25,,2:51:13,,1:40:13,5:11:21
165,1120,Jamie Besse,F30-34,35,Female,Switzerland,34:26,,2:51:43,,1:39:04,5:11:21
166,1539,Sera Sayar,F25-29,33,Female,Turkey,28:11,,2:58:17,,1:37:30,5:11:24
167,878,Victoria Barana,F35-39,25,Female,United States,31:50,,2:50:12,,1:42:26,5:11:28
168,1418,Anne De La Parra,F25-29,34,Female,Mexico,31:47,,2:51:32,,1:40:41,5:11:32
169,960,Nicole Gunthorpe,F35-39,26,Female,Australia,30:00,,2:58:06,,1:37:40,5:11:35
170,712,Deirdre Hassett,F40-44,23,Female,Ireland,37:44,,2:45:29,,1:39:35,5:11:38
171,1034,Inalize Oosthuizen,F35-39,27,Female,South Africa,33:11,,2:53:43,,1:38:37,5:11:39
172,1519,Pauline Selleslagh,F25-29,35,Female,Belgium,34:34,,2:57:13,,1:33:43,5:11:44
173,862,Sarah Watson,F40-44,24,Female,Australia,32:24,,2:53:48,,1:38:43,5:11:46
174,964,Caro Harper,F35-39,28,Female,United Kingdom,36:07,,2:48:45,,1:40:14,5:12:01
175,1164,Lynette Cronk,F30-34,36,Female,South Africa,31:07,,2:55:53,,1:36:40,5:12:02
176,1567,Lisa Watschinger,F25-29,36,Female,Italy,28:01,,2:54:07,,1:44:02,5:12:11
177,903,Sabine Buxhofer,F35-39,29,Female,Austria,31:22,,2:55:49,,1:38:40,5:12:13
178,797,Maria Romilda Porrini,F40-44,25,Female,Uruguay,33:20,,2:53:46,,1:38:29,5:12:14
179,1048,Rachel Reinhart,F35-39,30,Female,United States,28:57,,2:50:06,,1:44:07,5:12:29
180,1309,Jenna Ross,F30-34,37,Female,Trinidad and Tobago,33:01,,2:53:19,,1:39:14,5:12:35
181,990,Maricruz Larrea,F35-39,31,Female,Chile,31:43,,2:54:01,,1:40:33,5:12:37
182,711,Annabelle Hartigan,F40-44,26,Female,Australia,34:13,,2:52:22,,1:39:14,5:12:42
183,1253,Shannon Lourens,F30-34,38,Female,South Africa,31:29,,2:47:09,,1:47:33,5:12:52
184,1314,Paola Falcoski,F30-34,39,Female,Brazil,27:55,,2:55:15,,1:40:55,5:12:52
185,1625,Rita Maria Lopes,F18-24,18,Female,Portugal,31:06,,3:03:17,,1:32:12,5:12:54
186,1614,Anon_06112025_0248,F18-24,19,Female,Germany,32:30,,2:46:58,,1:47:36,5:13:04
187,887,Nina Bohlander,F35-39,32,Female,Sweden,39:14,,2:52:02,,1:35:21,5:13:16
188,854,Kelly Van Der Toorn,F40-44,27,Female,United Kingdom,29:46,,2:52:06,,1:44:05,5:13:18
189,1298,Meaghan Praznik,F30-34,40,Female,United States,31:00,,2:57:18,,1:36:20,5:13:33
190,436,Michelle Depa,F45-49,6,Female,United States,35:26,,2:53:30,,1:38:01,5:13:46
191,1471,Monique Vieira,F25-29,37,Female,South Africa,34:06,,2:50:06,,1:43:34,5:13:46
192,1394,Bianca Burton,F25-29,38,Female,South Africa,33:18,,2:50:15,,1:44:04,5:13:47
193,595,Ingrid Unger Frick,F45-49,7,Female,Sweden,36:11,,2:44:24,,1:46:40,5:13:54
194,1515,Mackenzie Norman,F25-29,39,Female,United States,33:32,,2:57:34,,1:34:32,5:13:54
195,1247,Johandri Lombaard,F30-34,41,Female,South Africa,29:08,,2:47:08,,1:49:25,5:13:55
196,1386,Jenna Spooner,F25-29,40,Female,South Africa,34:52,,2:56:25,,1:35:26,5:13:58
197,607,Robin White,F45-49,8,Female,United States,27:52,,2:52:12,,1:46:18,5:14:10
198,1555,Belle Thomas,F25-29,41,Female,United States,37:19,,2:53:44,,1:36:35,5:14:13
199,791,Alessandra Olsen,F40-44,28,Female,Brazil,35:20,,2:52:24,,1:38:20,5:14:21
200,1561,Arne Van Rensburg,F25-29,42,Female,South Africa,27:48,,2:48:04,,1:52:22,5:14:37
201,1379,Michelle Ashley,F25-29,43,Female,New Zealand,29:20,,2:50:46,,1:47:13,5:14:38
202,1568,Alexandra Watt-Shannon,F25-29,44,Female,United States,32:16,,2:52:14,,1:42:30,5:15:01
203,1162,Brenna Coupland,F30-34,42,Female,Canada,38:47,,2:54:30,,1:35:22,5:15:04
204,1088,Cecilia Valdes,F35-39,33,Female,Chile,35:11,,2:50:10,,1:43:13,5:15:04
205,1033,Ida Jarner,F35-39,34,Female,Denmark,36:46,,2:44:14,,1:45:02,5:15:09
206,547,Louella O'Herlihy,F45-49,9,Female,United Kingdom,35:25,,2:46:35,,1:45:16,5:15:11
207,411,Jordan Blanco,F45-49,10,Female,United Kingdom,33:15,,2:45:42,,1:48:22,5:15:15
208,1630,Megan Mccarley,F18-24,20,Female,South Africa,28:33,,2:59:13,,1:39:46,5:15:16
209,695,Sol Gonzalez,F40-44,29,Female,Argentina,34:00,,2:56:03,,1:39:01,5:15:18
210,923,Jena Diliberto,F35-39,35,Female,United States,32:51,,2:58:14,,1:37:25,5:15:29
211,1130,Laura Ballou,F30-34,43,Female,United States,33:36,,2:51:24,,1:43:39,5:15:42
212,890,Alisa Botha,F35-39,36,Female,South Africa,34:37,,2:56:43,,1:38:06,5:15:42
213,780,Stacey Murphy,F40-44,30,Female,United States,35:51,,2:46:36,,1:45:56,5:15:44
214,1359,Hannah Welling,F30-34,44,Female,United Kingdom,40:10,,2:53:25,,1:35:03,5:15:44
215,1075,Kelly Sutherland,F35-39,37,Female,New Zealand,33:29,,2:54:01,,1:41:29,5:15:46
216,1436,Eliza Flint,F25-29,45,Female,Australia,34:54,,2:48:59,,1:44:23,5:15:50
217,740,Chantal Künzli,F40-44,31,Female,Switzerland,33:09,,2:53:32,,1:42:17,5:15:54
218,1143,Lindsay Bruinsma,F30-34,45,Female,United States,31:09,,2:57:57,,1:39:34,5:15:55
219,510,Rachel Lee,F45-49,11,Female,United States,33:48,,2:45:17,,1:48:16,5:16:04
220,1579,Brandi Alberts,F18-24,21,Female,Australia,30:16,,2:50:22,,1:49:16,5:16:14
221,1462,Mckaylah Hilliard,F25-29,46,Female,United States,35:16,,2:52:33,,1:41:12,5:16:15
222,1159,Roxanne Coetzee-Turner,F30-34,46,Female,South Africa,29:03,,3:03:00,,1:38:07,5:16:28
223,1522,Katie Peach,F25-29,47,Female,Canada,33:43,,2:52:16,,1:43:59,5:16:31
224,1310,Rebecca Sack,F30-34,47,Female,Germany,32:48,,2:55:10,,1:41:42,5:16:33
225,1259,Soledad Martinez,F30-34,48,Female,Argentina,45:53,,2:46:28,,1:37:48,5:16:36
226,1215,Barbara Hopfgartner,F30-34,49,Female,Austria,34:21,,2:50:40,,1:44:25,5:16:37
227,1185,Stefanie Flynn,F30-34,50,Female,United States,29:47,,2:43:12,,1:55:16,5:16:38
228,869,Henrietta Aitken,F35-39,38,Female,United Kingdom,33:21,,2:57:35,,1:38:08,5:16:49
229,1663,Leigh Hindshaw,F35-39,39,Female,South Africa,36:47,,2:50:47,,1:40:52,5:16:50
230,1302,Jessica Redden,F30-34,51,Female,Ecuador,31:53,,3:05:48,,1:32:43,5:16:53
231,1123,Antille Maria,F30-34,52,Female,Argentina,30:30,,3:04:13,,1:36:13,5:17:01
232,532,Alicja Medak,F45-49,12,Female,Poland,35:29,,2:57:05,,1:35:39,5:17:04
233,1481,Meike-Alica Kling,F25-29,48,Female,Germany,33:29,,2:54:22,,1:43:07,5:17:06
234,951,Patricia Gouws,F35-39,40,Female,South Africa,36:29,,2:54:06,,1:38:58,5:17:15
235,1200,Katarzyna Gorlo Olszewska,F30-34,53,Female,Poland,36:33,,2:58:30,,1:35:54,5:17:19
236,717,Gemma Hollis,F40-44,32,Female,United States,32:08,,2:50:31,,1:47:53,5:17:34
237,1411,Julia Cook,F25-29,49,Female,Australia,30:34,,2:51:25,,1:49:03,5:17:36
238,940,Maria Fraga,F35-39,41,Female,Argentina,30:19,,2:56:22,,1:44:46,5:17:37
239,962,Chantal Hager,F35-39,42,Female,Switzerland,32:58,,2:53:10,,1:44:12,5:17:46
240,961,Haddad Luciana,F35-39,43,Female,Brazil,35:12,,3:01:01,,1:35:42,5:17:48
241,1363,Lesley Wilson-Jones,F30-34,54,Female,South Africa,28:02,,3:05:01,,1:37:04,5:17:50
242,659,Ana Celia Creus Del Campo,F40-44,33,Female,Spain,33:27,,2:53:46,,1:43:48,5:17:55
243,1485,Sarah Latonas,F25-29,50,Female,Canada,33:31,,2:54:00,,1:40:54,5:18:02
244,256,Nicole Best,F50-54,3,Female,Germany,29:28,,2:55:20,,1:46:57,5:18:04
245,1479,Kia King,F25-29,51,Female,Australia,26:39,,2:46:31,,1:57:11,5:18:12
246,895,Jocelyn Bretherick,F35-39,44,Female,South Africa,29:29,,2:55:24,,1:46:50,5:18:14
247,1508,Natalia Moraes,F25-29,52,Female,Brazil,27:44,,2:49:02,,1:54:45,5:18:14
248,915,Hannah Worth,F35-39,45,Female,United Kingdom,36:51,,2:46:27,,1:47:41,5:18:15
249,1056,Solange Rotelo Agnelli,F35-39,46,Female,Argentina,34:00,,2:53:23,,1:44:11,5:18:17
250,1434,Camila Fiandra Dellazoppa,F25-29,53,Female,Uruguay,38:46,,2:50:31,,1:42:26,5:18:18
251,545,Ute Nestler,F45-49,13,Female,United States,38:19,,2:45:07,,1:49:07,5:18:29
252,1135,Lia Bella,F30-34,55,Female,United States,37:43,,2:57:55,,1:36:24,5:19:00
253,1124,Alexandra Leask,F30-34,56,Female,South Africa,31:52,,3:04:10,,1:35:51,5:19:10
254,1286,Sanna Paavilainen,F30-34,57,Female,Finland,35:28,,2:50:16,,1:44:50,5:19:14
255,730,Nicola Kaye,F40-44,34,Female,United Kingdom,37:15,,2:46:05,,1:48:22,5:19:16
256,1270,Almudena Montalvo Perez,F30-34,58,Female,Spain,37:24,,2:52:09,,1:40:57,5:19:20
257,626,Sara Bergström,F40-44,35,Female,Sweden,38:06,,2:54:29,,1:39:59,5:19:21
258,1465,Nali Hummel,F25-29,54,Female,United States,32:42,,2:59:32,,1:39:50,5:19:23
259,384,Genelle Van Der Riet,F50-54,4,Female,South Africa,35:16,,2:56:13,,1:41:37,5:19:25
260,597,Angelina Van Der Linden,F45-49,14,Female,Netherlands,33:23,,2:49:49,,1:47:27,5:19:25
261,1549,Brianna Stubbs,F25-29,55,Female,United Kingdom,35:58,,2:58:48,,1:36:41,5:19:26
262,1591,Izzy Claxton,F18-24,22,Female,Australia,30:22,,2:56:13,,1:45:48,5:19:27
263,1603,Delphine Halberstadt,F18-24,23,Female,Germany,29:12,,2:59:49,,1:44:40,5:19:29
264,1285,Alice Oosthuizen,F30-34,59,Female,South Africa,34:21,,3:03:31,,1:34:16,5:19:31
265,821,Kayla Segal,F40-44,36,Female,Canada,32:10,,2:57:37,,1:43:07,5:19:33
266,924,Denise Dittmar,F35-39,47,Female,Germany,29:18,,2:51:25,,1:51:59,5:19:33
267,702,Maria Teresa Gurrero,F40-44,37,Female,Ecuador,37:33,,2:58:35,,1:36:38,5:19:41
268,1132,Jennifer Barbour,F30-34,60,Female,United Kingdom,31:30,,2:59:07,,1:42:30,5:19:50
269,1523,Ellie Garrett,F25-29,56,Female,United Kingdom,36:25,,2:39:54,,1:57:05,5:19:52
270,1457,Heidi Hatteberg,F25-29,57,Female,United States,25:54,,2:56:41,,1:50:04,5:19:57
271,993,Desiree Lester,F35-39,48,Female,South Africa,34:22,,2:52:56,,1:45:18,5:20:06
272,1652,Alexa Scheel,F18-24,24,Female,United States,28:42,,2:47:14,,1:57:15,5:20:06
273,1023,Karina Navarrete,F35-39,49,Female,Ecuador,30:35,,3:07:55,,1:34:31,5:20:08
274,1501,Kylie Mckenzie,F25-29,58,Female,United States,28:11,,2:53:39,,1:50:15,5:20:08
275,1412,Jillian Cordes,F25-29,59,Female,United States,28:57,,3:09:45,,1:33:52,5:20:10
276,267,Alison Buckley,F50-54,5,Female,United Kingdom,34:28,,2:48:40,,1:47:59,5:20:12
277,226,Monika Schneider,F55-59,1,Female,Germany,37:13,,2:54:42,,1:40:26,5:20:26
278,750,Alessia Ligugnana Cason,F40-44,38,Female,Italy,31:29,,2:59:43,,1:40:49,5:20:36
279,1183,Hallie Fitzsimons,F30-34,61,Female,United States,36:13,,2:52:52,,1:43:59,5:20:38
280,308,Mariette Hattingh,F50-54,6,Female,South Africa,37:44,,2:52:22,,1:43:27,5:20:42
281,1467,Lorena Imana,F25-29,60,Female,Peru,28:38,,2:56:52,,1:48:05,5:20:44
282,403,Veronica Arriagada,F45-49,15,Female,Chile,31:55,,2:54:52,,1:46:56,5:20:44
283,1525,Belén Peralta Jorquera,F25-29,61,Female,Chile,31:48,,2:59:34,,1:42:55,5:21:00
284,1195,Nathalie Giloy,F30-34,62,Female,France,31:46,,2:52:07,,1:51:02,5:21:06
285,1332,Annemiek Stegehuis,F30-34,63,Female,Netherlands,38:18,,2:53:12,,1:42:01,5:21:08
286,369,Doerte Siebke,F50-54,7,Female,Germany,35:18,,2:49:08,,1:49:41,5:21:10
287,1650,Mauren Solano,F18-24,25,Female,Costa Rica,30:19,,2:54:27,,1:50:04,5:21:19
288,1092,Paloma Vasconcelos,F35-39,50,Female,Brazil,39:32,,2:57:14,,1:37:20,5:21:24
289,901,Lívia Bustamante da Rocha Mendes,F35-39,51,Female,Brazil,37:11,,2:55:00,,1:42:15,5:21:25
290,453,Marisa Ferraris,F45-49,16,Female,South Africa,33:03,,2:51:45,,1:49:30,5:21:26
291,527,Edwina McDowall,F45-49,17,Female,United Kingdom,36:39,,3:05:28,,1:29:33,5:21:31
292,1544,Emilia Skolubowicz,F25-29,62,Female,Poland,34:05,,3:01:12,,1:38:58,5:21:38
293,302,Valérie Graziani,F50-54,8,Female,France,41:56,,2:52:19,,1:40:12,5:21:40
294,1133,Erin Bargate,F30-34,64,Female,South Africa,32:53,,2:48:28,,1:47:14,5:21:50
295,664,Ursula Dancuart Sarda,F40-44,39,Female,Peru,36:15,,3:01:29,,1:35:26,5:22:01
296,1512,Chau Yu Ng,F25-29,63,Female,Hong Kong,31:29,,2:53:12,,1:50:05,5:22:02
297,538,Luisa Miguens,F45-49,18,Female,Argentina,37:45,,2:56:30,,1:40:31,5:22:06
298,1444,Julia Gibson,F25-29,64,Female,United Kingdom,34:23,,2:52:10,,1:47:14,5:22:09
299,1472,Lirayen Jara,F25-29,65,Female,Chile,30:27,,3:00:01,,1:45:14,5:22:10
300,1483,Joanna Krawiec,F25-29,66,Female,Poland,35:03,,2:54:20,,1:46:33,5:22:11
301,709,Lisa Ann Hancox,F40-44,40,Female,United Kingdom,29:41,,2:55:01,,1:50:26,5:22:14
302,701,Camilla Grün,F40-44,41,Female,Denmark,37:49,,2:56:51,,1:40:51,5:22:15
303,710,Claudia Harcus,F40-44,42,Female,South Africa,30:44,,2:52:11,,1:50:42,5:22:18
304,441,Kim Dovey,F45-49,19,Female,South Africa,27:59,,2:56:17,,1:49:22,5:22:25
305,1014,Yanina Minaglia,F35-39,52,Female,,30:41,,2:58:37,,1:45:55,5:22:27
306,956,Donne Green,F35-39,53,Female,South Africa,31:22,,3:00:50,,1:44:07,5:22:32
307,1406,Patricia Rauber,F25-29,67,Female,Switzerland,33:47,,2:49:38,,1:51:18,5:22:34
308,801,Michele Read,F40-44,43,Female,South Africa,29:56,,2:49:09,,1:56:12,5:22:44
309,1012,Jude Millard,F35-39,54,Female,Australia,42:02,,2:49:11,,1:44:27,5:22:45
310,1657,Domenica Vallejo,F18-24,26,Female,Peru,26:58,,2:51:40,,1:55:04,5:22:49
311,428,Myrianne Cote,F45-49,20,Female,Canada,36:27,,2:55:55,,1:41:59,5:22:50
312,1344,Angela Van Wyk,F30-34,65,Female,South Africa,29:18,,2:57:50,,1:48:59,5:22:50
313,668,Adele De La Rey,F40-44,44,Female,Namibia,35:51,,2:57:19,,1:40:44,5:22:56
314,968,Andrea Haslebacher,F35-39,55,Female,Switzerland,30:04,,2:43:08,,2:02:50,5:23:00
315,1378,Sophie Armstrong,F25-29,68,Female,Australia,32:14,,2:58:20,,1:45:46,5:23:02
316,1000,Yelena Maloney,F35-39,56,Female,United States,44:07,,2:56:38,,1:33:52,5:23:05
317,390,Elke Willersinn,F50-54,9,Female,Germany,38:13,,2:51:00,,1:47:12,5:23:12
318,1617,Jessica Binaisse,F18-24,27,Female,Australia,32:17,,2:54:47,,1:49:30,5:23:28
319,873,Adriana Anderson,F35-39,57,Female,United States,40:43,,2:50:52,,1:42:12,5:23:30
320,765,Anne Mcdonnell,F40-44,45,Female,United States,35:12,,2:52:43,,1:47:44,5:23:32
321,1233,Claire Kirby,F30-34,66,Female,New Zealand,32:31,,2:56:41,,1:48:04,5:23:43
322,279,Christine Claasen,F50-54,10,Female,South Africa,36:18,,2:58:16,,1:40:24,5:23:44
323,424,Deborah Comer,F45-49,21,Female,United Kingdom,32:29,,2:57:17,,1:47:16,5:23:54
324,1635,Birgitt Ouweneel,F18-24,28,Female,Netherlands,27:06,,2:59:42,,1:50:57,5:23:54
325,911,chow chi ngan,F35-39,58,Female,Hong Kong,39:42,,3:06:55,,1:28:34,5:24:02
326,1263,Ana Matos,F30-34,67,Female,Brazil,36:03,,2:58:13,,1:42:07,5:24:05
327,614,Uta Zielke,F45-49,22,Female,Germany,33:48,,2:51:29,,1:52:10,5:24:07
328,720,Kara Human,F40-44,46,Female,South Africa,31:34,,2:55:55,,1:49:13,5:24:07
329,586,Celeste Swart,F45-49,23,Female,South Africa,35:15,,2:59:34,,1:40:31,5:24:08
330,1575,Jessica Hopkins,F25-29,69,Female,South Africa,35:10,,2:58:43,,1:43:15,5:24:18
331,957,Agnes Anna Gruschka,F35-39,59,Female,Germany,38:57,,2:56:36,,1:40:23,5:24:40
332,1180,Claire Fenoughty,F30-34,68,Female,Australia,32:23,,3:05:11,,1:39:35,5:24:44
333,745,Nicole Larcombe,F40-44,47,Female,Australia,33:45,,3:02:38,,1:38:35,5:24:45
334,1105,Lori Westcott,F35-39,60,Female,United Kingdom,30:14,,2:59:00,,1:47:50,5:24:49
335,465,Audrey Friedrichsen,F45-49,24,Female,United States,40:18,,2:42:29,,1:52:36,5:24:51
336,1390,Caitlin Braun,F25-29,70,Female,United States,39:38,,2:52:13,,1:44:08,5:24:53
337,980,Jaanika Kaiv,F35-39,61,Female,Estonia,36:00,,3:00:56,,1:41:06,5:24:57
338,1541,Carla Schoo-Lastra,F25-29,71,Female,Chile,34:24,,2:54:45,,1:46:47,5:24:58
339,931,Gabriela Ergas Gennari,F35-39,62,Female,Brazil,35:47,,3:00:06,,1:41:24,5:25:02
340,245,Robyn Williams,F55-59,2,Female,United States,31:38,,2:52:46,,1:51:25,5:25:10
341,1289,Ewa Papla-Chojnowska,F30-34,69,Female,Poland,32:18,,3:00:04,,1:46:14,5:25:14
342,1100,Kimberly von During,F35-39,63,Female,United States,29:35,,2:58:50,,1:48:28,5:25:15
343,706,Natalie Hagedorn-Hansen,F40-44,48,Female,South Africa,32:58,,3:00:48,,1:43:59,5:25:18
344,1609,Kaitlyn Illingworth,F18-24,29,Female,Australia,31:36,,3:03:24,,1:43:19,5:25:26
345,1511,Emily Newton,F25-29,72,Female,France,30:03,,2:54:50,,1:54:03,5:25:33
346,770,Hayley Mee,F40-44,49,Female,South Africa,28:13,,3:02:51,,1:46:52,5:25:35
347,1295,Manon Peters,F30-34,70,Female,Netherlands,44:58,,2:56:45,,1:37:55,5:25:40
348,1350,Nicole Viens,F30-34,71,Female,Canada,33:19,,2:58:06,,1:47:58,5:25:44
349,572,Patricia Mesquita Scolari,F45-49,25,Female,Brazil,43:18,,2:46:53,,1:46:30,5:25:45
350,604,Louise Wells,F45-49,26,Female,Bermuda,37:27,,2:59:19,,1:42:17,5:25:54
351,1258,Judith Marsilli,F30-34,72,Female,Argentina,37:25,,2:58:48,,1:42:43,5:25:55
352,1497,Aleksandra Sienicka,F25-29,73,Female,Poland,32:19,,2:56:27,,1:48:13,5:25:56
353,324,Petra Krallmann-Brüll,F50-54,11,Female,Germany,32:50,,2:56:04,,1:49:19,5:26:05
354,207,Linda Potts,F55-59,3,Female,South Africa,33:44,,2:54:22,,1:50:00,5:26:07
355,1194,Petrea Gherardin,F30-34,73,Female,Australia,31:02,,3:00:30,,1:48:28,5:26:12
356,1388,Victoria Bramley,F25-29,74,Female,United Kingdom,30:29,,3:01:05,,1:47:54,5:26:13
357,1064,Karla Schipper,F35-39,64,Female,Netherlands,35:39,,2:48:46,,1:54:57,5:26:29
358,1504,Nathalia Melo,F25-29,75,Female,Brazil,30:37,,2:54:53,,1:53:58,5:26:29
359,1597,Sara Diaz,F18-24,30,Female,Colombia,32:46,,2:57:24,,1:49:17,5:26:32
360,1301,Natalie Rec,F30-34,74,Female,Sweden,31:27,,2:59:35,,1:48:16,5:26:38
361,724,Daniela Jakobler,F40-44,50,Female,Germany,36:45,,3:00:39,,1:37:43,5:26:39
362,1631,Magdalena Napoli,F18-24,31,Female,Argentina,33:31,,3:01:03,,1:44:10,5:26:39
363,1275,Paula Munoz Valencia,F30-34,75,Female,Chile,29:23,,3:06:28,,1:43:28,5:26:44
364,855,Annick Vande Kerckhove,F40-44,51,Female,Belgium,32:32,,2:53:59,,1:52:28,5:26:47
365,1121,Rachel Allen,F30-34,76,Female,United States,28:45,,2:55:34,,1:55:03,5:26:52
366,1484,Katharina Lang,F25-29,76,Female,Germany,28:58,,2:57:48,,1:53:15,5:26:53
367,520,Vanuza Regina Maciel,F45-49,27,Female,Brazil,33:52,,3:00:13,,1:44:56,5:26:54
368,1565,Camilla Wade-West,F25-29,77,Female,United Kingdom,35:23,,3:01:08,,1:41:09,5:26:56
369,1604,Frida Harari,F18-24,32,Female,Panama,30:58,,2:57:08,,1:51:55,5:27:10
370,1466,Isabelle Hüsken,F25-29,78,Female,Germany,27:46,,3:11:50,,1:40:28,5:27:13
371,602,Tine Vogt,F45-49,28,Female,Germany,34:52,,2:57:47,,1:45:19,5:27:15
372,603,Deana Watson,F45-49,29,Female,United States,37:09,,2:51:20,,1:52:15,5:27:24
373,357,Sue Rubens,F50-54,12,Female,United States,40:58,,2:51:38,,1:46:43,5:27:26
374,619,Jamie Arvizo,F40-44,52,Female,United States,36:09,,3:04:40,,1:40:04,5:27:27
375,612,Maria Yarur Terre,F45-49,30,Female,Chile,35:49,,2:59:46,,1:44:25,5:27:38
376,1197,Erika Glaser,F30-34,77,Female,Germany,37:01,,2:51:47,,1:49:50,5:27:40
377,636,Emma Brown,F40-44,53,Female,Australia,36:26,,2:57:58,,1:46:12,5:27:40
378,1235,Samantha Knapp,F30-34,78,Female,United States,35:41,,2:48:50,,1:53:35,5:27:47
379,623,Zoe Bellinghausen,F40-44,54,Female,United States,34:41,,3:07:34,,1:38:08,5:27:51
380,1281,Emma Oakes,F30-34,79,Female,United Kingdom,36:55,,2:56:02,,1:47:13,5:27:53
381,198,Mary Mitchell,F55-59,4,Female,Australia,33:29,,3:01:51,,1:44:07,5:27:56
382,1057,Paula Rovani,F35-39,65,Female,Brazil,39:04,,2:58:56,,1:39:29,5:27:56
383,1655,Lucy Tothill,F18-24,33,Female,United Kingdom,31:51,,2:57:27,,1:51:48,5:28:09
384,1115,Martha Isabel Zamora,F35-39,66,Female,Ecuador,45:10,,3:04:55,,1:30:45,5:28:13
385,522,Remonenq Magali,F45-49,31,Female,France,40:49,,3:03:25,,1:36:42,5:28:15
386,134,Nelly Wojtasinski,F60-64,1,Female,France,37:31,,2:54:16,,1:47:29,5:28:18
387,1469,Lize-Mari Jacobs,F25-29,79,Female,South Africa,31:25,,2:59:49,,1:48:44,5:28:28
388,1287,Jenni Paglia,F30-34,80,Female,Italy,36:25,,2:58:04,,1:47:10,5:28:32
389,1458,Amanda Hawke,F25-29,80,Female,South Africa,37:49,,2:59:51,,1:40:44,5:28:33
390,858,Norita Vincent,F40-44,55,Female,Argentina,34:12,,2:54:30,,1:50:55,5:28:33
391,726,Tiencia James,F40-44,56,Female,United States,42:26,,2:52:50,,1:45:34,5:28:33
392,1053,Rocio Rodriguez Vallejo,F35-39,67,Female,Spain,35:12,,3:13:01,,1:32:21,5:28:36
393,476,Valerie Grosse,F45-49,32,Female,France,32:04,,3:03:29,,1:45:16,5:28:36
394,1250,Jenny Lofaro,F30-34,81,Female,United States,37:53,,2:55:58,,1:48:07,5:28:38
395,1299,Helene Rabie,F30-34,82,Female,South Africa,35:05,,2:57:11,,1:47:38,5:28:42
396,922,Maria Eduarda  Falcão Vasconcellos,F35-39,68,Female,Brazil,28:59,,3:06:54,,1:44:06,5:28:45
397,498,Leoni Kelly,F45-49,33,Female,Canada,35:50,,2:54:40,,1:51:57,5:28:45
398,257,Ursula Bircheneder,F50-54,13,Female,Germany,40:02,,2:50:30,,1:50:35,5:28:47
399,442,Claudia Steiding,F45-49,34,Female,Germany,39:59,,2:56:36,,1:43:01,5:28:56
400,1083,Maria Tupayachi,F35-39,69,Female,Peru,29:01,,3:12:25,,1:40:51,5:29:00
401,985,Bettina Kornitz,F35-39,70,Female,Argentina,36:28,,3:05:11,,1:40:21,5:29:11
402,1087,Gerrida Uys,F35-39,71,Female,Namibia,36:47,,2:55:13,,1:48:08,5:29:13
403,497,Katherine Kay,F45-49,35,Female,Canada,32:14,,3:03:39,,1:44:42,5:29:24
404,1224,Marina Jacob Martins,F30-34,83,Female,Brazil,40:40,,3:04:27,,1:34:36,5:29:26
405,882,Natalie Beckenstrater,F35-39,72,Female,South Africa,32:26,,3:04:11,,1:45:46,5:29:38
406,305,Katrin Weiss-Hantsche,F50-54,14,Female,Germany,38:31,,2:39:19,,2:04:03,5:29:40
407,458,Elaine Floriano,F45-49,36,Female,Brazil,31:54,,2:54:48,,1:55:32,5:29:55
408,1101,Rie Watanabe,F35-39,73,Female,Japan,36:29,,3:06:18,,1:39:43,5:29:56
409,507,Melanie Kroniger,F45-49,37,Female,Germany,28:06,,3:07:19,,1:47:17,5:29:58
410,376,Julie Tapley,F50-54,15,Female,United Kingdom,37:36,,2:53:31,,1:48:31,5:30:11
411,739,Alexandra Kronenberg,F40-44,57,Female,Switzerland,36:21,,3:03:21,,1:39:56,5:30:18
412,1611,Emily Jakob,F18-24,34,Female,United States,32:39,,3:07:29,,1:42:15,5:30:19
413,973,Lyle Hansen,F35-39,74,Female,South Africa,35:16,,2:54:52,,1:51:12,5:30:23
414,264,Dr. Bregulla Claudia,F50-54,16,Female,Germany,37:23,,2:54:43,,1:51:24,5:30:24
415,864,Renee White,F40-44,58,Female,Australia,41:23,,3:09:01,,1:32:00,5:30:29
416,1047,Mirtha REALPE,F35-39,75,Female,Colombia,33:22,,3:10:24,,1:40:45,5:30:34
417,1238,Maja Kralovcova,F30-34,84,Female,Czechia,32:38,,3:01:18,,1:50:52,5:30:51
418,1010,Nicole Mikhael,F35-39,76,Female,Canada,43:33,,2:58:01,,1:38:35,5:30:53
419,509,Helena Kvapil,F45-49,38,Female,Sweden,37:18,,3:01:20,,1:42:35,5:30:57
420,1211,Charlotte Henry,F30-34,85,Female,France,34:23,,3:06:54,,1:41:40,5:31:01
421,845,Bianca Tait,F40-44,59,Female,South Africa,35:01,,3:03:58,,1:44:49,5:31:15
422,1622,Johanna Lechner,F18-24,35,Female,Germany,31:54,,3:00:49,,1:51:38,5:31:17
423,1398,Vero Cangas,F25-29,81,Female,Venezuela,32:02,,2:59:48,,1:52:07,5:31:25
424,1058,Eliana Sanchez,F35-39,77,Female,Argentina,42:15,,3:02:34,,1:40:10,5:31:29
425,1348,Desiree Verwey,F30-34,86,Female,South Africa,40:26,,2:58:36,,1:46:12,5:31:32
426,1311,Marika Sallot Des Noyers,F30-34,87,Female,France,31:31,,2:57:25,,1:55:27,5:31:35
427,647,Annchen Clarke,F40-44,60,Female,South Africa,33:49,,2:58:53,,1:49:53,5:31:36
428,1001,Manco Sabrina,F35-39,78,Female,Italy,41:37,,2:54:07,,1:47:17,5:31:38
429,809,Katrin Rodies,F40-44,61,Female,Germany,35:07,,3:01:37,,1:47:03,5:31:40
430,444,Friederike Edelmann,F45-49,39,Female,Germany,30:53,,3:11:49,,1:42:30,5:31:40
431,790,Jayme Okma Lee,F40-44,62,Female,United States,38:48,,3:00:56,,1:44:25,5:31:40
432,1573,Molly O'Brien,F25-29,82,Female,United States,33:33,,3:04:25,,1:46:18,5:31:42
433,674,Fiona Donald,F40-44,63,Female,New Zealand,34:35,,2:57:17,,1:51:13,5:31:44
434,986,Katrin Lang,F35-39,79,Female,Austria,36:33,,3:08:55,,1:38:51,5:31:44
435,1340,Leanne Thompson,F30-34,88,Female,United Kingdom,33:41,,2:56:17,,1:54:54,5:31:45
436,852,Veronica Uhen,F40-44,64,Female,Malaysia,36:18,,2:58:08,,1:48:00,5:31:56
437,431,Andrea Dalmasso,F45-49,40,Female,Argentina,36:46,,3:05:56,,1:41:06,5:32:09
438,577,Sioned Taylor,F45-49,41,Female,United Kingdom,39:07,,3:02:34,,1:43:11,5:32:12
439,967,Raphaelle Harvey,F35-39,80,Female,Canada,37:13,,3:06:11,,1:42:11,5:32:25
440,1022,Agnieszka Najnigier Pierzynowska,F35-39,81,Female,Poland,39:08,,3:00:24,,1:45:20,5:32:28
441,1040,Maelle Pilorge,F35-39,82,Female,France,29:39,,3:08:31,,1:47:21,5:32:32
442,331,Dominique Matteau,F50-54,17,Female,Canada,36:56,,3:00:37,,1:46:10,5:32:33
443,1279,Antoinette Niehaus,F30-34,89,Female,South Africa,33:11,,3:02:24,,1:49:28,5:32:45
444,1647,Chloé Serra Jodin,F18-24,36,Female,Spain,29:45,,3:03:51,,1:51:45,5:32:47
445,1156,Cintia Barbosa Reis Guimaraes,F30-34,90,Female,Brazil,34:34,,3:00:48,,1:49:18,5:32:48
446,313,Tanya Houghton,F50-54,18,Female,United States,40:34,,2:56:56,,1:47:08,5:32:57
447,1201,Megan Gray,F45-49,42,Female,Australia,30:51,,2:59:57,,1:54:19,5:32:59
448,556,Linda Eden,F45-49,43,Female,South Africa,34:08,,3:01:17,,1:50:29,5:33:15
449,704,Susanne Gutjahr,F40-44,65,Female,Germany,41:20,,3:00:48,,1:43:25,5:33:16
450,1318,Kelly Scates,F30-34,91,Female,South Africa,38:33,,2:58:49,,1:46:43,5:33:18
451,1425,Juliet Donaldson,F25-29,83,Female,South Africa,32:51,,3:02:08,,1:48:49,5:33:23
452,994,Sonja Liebhart,F35-39,83,Female,Austria,32:33,,3:08:44,,1:43:36,5:33:25
453,325,Petro Kuiper,F50-54,19,Female,Australia,31:41,,3:00:11,,1:53:50,5:33:27
454,943,Isela Garcia,F35-39,84,Female,Mexico,30:40,,3:05:10,,1:48:15,5:33:39
455,1234,Jeanne Greeff,F30-34,92,Female,South Africa,32:09,,3:03:37,,1:51:27,5:33:40
456,628,Tina Bjerregaard,F40-44,66,Female,Denmark,37:01,,3:03:31,,1:45:43,5:33:42
457,1416,Maricela Cuello,F25-29,84,Female,Argentina,41:15,,3:02:36,,1:44:04,5:33:42
458,746,Marie-Christine Lavoie,F40-44,67,Female,Canada,38:15,,2:58:49,,1:48:26,5:33:42
459,1061,Hillary Schmitt,F35-39,85,Female,United States,34:25,,3:12:49,,1:38:38,5:33:53
460,621,Linda Basson,F40-44,68,Female,South Africa,31:56,,2:53:27,,2:01:21,5:34:09
461,1535,Julia Rudack,F25-29,85,Female,Germany,38:12,,2:59:06,,1:50:04,5:34:13
462,374,Sally Taggart,F50-54,20,Female,Australia,32:30,,3:09:08,,1:45:49,5:34:18
463,1219,Rhiannon Hughes,F30-34,93,Female,Australia,33:45,,2:58:55,,1:54:43,5:34:21
464,933,Teneal Featherby,F35-39,86,Female,South Africa,31:50,,3:05:22,,1:49:24,5:34:22
465,793,Giovana Andrea Ortiz Solis,F40-44,69,Female,Mexico,31:50,,3:05:50,,1:49:37,5:34:23
466,1554,Mikelle Coelho,F25-29,86,Female,Brazil,33:03,,3:00:25,,1:50:57,5:34:24
467,1349,Andrea Vesga,F30-34,94,Female,Colombia,40:49,,2:57:32,,1:47:51,5:34:28
468,1546,Devin Spencer,F25-29,87,Female,United States,31:37,,3:00:04,,1:51:31,5:34:31
469,296,Miah Franzmann,F50-54,21,Female,Australia,32:41,,3:02:54,,1:51:19,5:34:36
470,856,Ursel Velve,F40-44,70,Female,Estonia,30:43,,2:58:48,,1:56:37,5:34:38
471,1427,Inès Ducrocq,F25-29,88,Female,France,33:32,,2:56:47,,1:57:01,5:34:43
472,1620,Kaja Kwiatkowska,F18-24,37,Female,Poland,31:28,,3:05:12,,1:51:25,5:34:48
473,608,Karola Wild,F45-49,44,Female,Germany,38:09,,2:53:52,,1:55:33,5:34:52
474,707,Cheryl Haley,F40-44,71,Female,South Africa,34:18,,3:01:22,,1:50:27,5:34:53
475,1581,Renata Autrique,F18-24,38,Female,Mexico,32:21,,3:04:14,,1:51:57,5:34:53
476,555,Jacquie Potter,F45-49,45,Female,New Zealand,33:34,,3:04:46,,1:49:25,5:34:54
477,1494,Taylor Mahan-Rudolph,F25-29,89,Female,United States,36:26,,2:59:46,,1:49:27,5:34:54
478,1163,Lisa Striebig,F30-34,95,Female,Germany,35:46,,3:05:01,,1:46:15,5:35:02
479,1315,Katie Sarradet,F30-34,96,Female,United States,34:43,,3:04:50,,1:45:34,5:35:03
480,999,Emma Malmberg,F35-39,87,Female,Sweden,31:23,,3:00:15,,1:53:29,5:35:09
481,579,Sofia Mazon Gonçalves,F45-49,46,Female,Brazil,38:00,,3:03:42,,1:43:41,5:35:09
482,820,Audrey Seale,F40-44,72,Female,South Africa,39:20,,3:01:56,,1:45:18,5:35:15
483,617,Mia (Anna) Andersson,F40-44,73,Female,Sweden,39:25,,3:00:51,,1:44:43,5:35:22
484,946,Rozanne Geldenhuys,F35-39,88,Female,South Africa,37:20,,3:02:48,,1:45:47,5:35:27
485,936,Yesica Fernandez,F35-39,89,Female,Mexico,36:16,,3:13:12,,1:36:19,5:35:29
486,886,Marie-Cécile Benimeli,F35-39,90,Female,France,36:01,,3:08:14,,1:44:08,5:35:44
487,434,Patricia Azevedo De Barros,F45-49,47,Female,Brazil,33:09,,3:00:05,,1:54:26,5:35:44
488,1346,Julia Venesmaa,F30-34,97,Female,Finland,37:09,,3:07:43,,1:43:31,5:35:53
489,287,Dea Ditchfield,F50-54,22,Female,United Kingdom,40:04,,2:59:33,,1:46:38,5:35:54
490,592,Karina Toretta,F45-49,48,Female,Argentina,34:22,,3:02:39,,1:51:29,5:35:55
491,1039,Mariana Perez Lingg,F35-39,91,Female,Venezuela,31:07,,3:00:57,,1:56:25,5:35:58
492,1441,Yvette Isabel Galindo Schatz,F25-29,90,Female,Mexico,41:56,,3:00:11,,1:47:16,5:35:58
493,312,Lisa Hitchcock,F50-54,23,Female,New Zealand,37:50,,2:57:24,,1:51:41,5:36:06
494,389,Sabine Westerfeld,F50-54,24,Female,Germany,40:38,,3:00:27,,1:46:41,5:36:09
495,799,Robyn Poulson,F40-44,74,Female,United States,38:21,,2:55:38,,1:54:30,5:36:11
496,1426,Caitlin Dowd,F25-29,91,Female,United States,31:39,,2:55:16,,2:00:59,5:36:13
497,1423,Jessica Wait,F25-29,92,Female,South Africa,30:13,,3:05:51,,1:52:56,5:36:23
498,733,Michelle Kervin,F40-44,75,Female,Australia,33:58,,3:09:33,,1:44:26,5:36:25
499,997,Ana Lucia Siqueira Malagodi,F35-39,92,Female,Brazil,34:34,,3:08:35,,1:45:27,5:36:27
500,1140,emily brown,F30-34,98,Female,United States,39:26,,3:08:16,,1:41:31,5:36:28
501,725,Lena Jakobsson,F40-44,76,Female,Sweden,39:53,,3:02:07,,1:46:46,5:36:31
502,655,Lorena Cortes,F40-44,77,Female,Argentina,39:54,,3:00:42,,1:47:22,5:36:32
503,1024,Lara Newell,F35-39,93,Female,United Kingdom,36:47,,2:53:07,,1:57:51,5:36:33
504,1507,Shelby Moore,F25-29,93,Female,Canada,33:19,,3:04:28,,1:49:52,5:36:35
505,1268,Elise Meyering,F30-34,99,Female,South Africa,41:07,,3:06:35,,1:41:10,5:36:40
506,1362,Emily Wilde,F30-34,100,Female,Australia,35:32,,2:55:35,,1:57:19,5:36:42
507,1144,Melissa Cabodevila,F30-34,101,Female,Mexico,41:39,,3:00:54,,1:46:55,5:36:44
508,684,Rebecca Passey,F40-44,78,Female,United Kingdom,36:52,,3:01:12,,1:49:08,5:36:51
509,970,Johanna Hautamäki,F35-39,94,Female,Finland,33:10,,3:06:31,,1:49:04,5:36:52
510,469,Angela Girgis,F45-49,49,Female,United Kingdom,32:34,,3:03:43,,1:51:57,5:36:53
511,1384,Natalia Bokhonova,F25-29,94,Female,Russian Federation,39:39,,3:03:47,,1:47:01,5:36:55
512,1490,Pamela Lo Duca,F25-29,95,Female,Brazil,35:55,,3:00:39,,1:51:24,5:36:57
513,280,Maria Clara,F50-54,25,Female,Argentina,31:17,,2:51:33,,2:06:07,5:37:01
514,955,Theresa Graninger,F35-39,95,Female,United States,35:05,,3:05:05,,1:47:40,5:37:01
515,637,Lisa Buckner,F40-44,79,Female,United States,32:43,,3:03:13,,1:52:09,5:37:02
516,1451,Carly Guggemos,F25-29,96,Female,United States,29:19,,3:00:48,,1:59:56,5:37:05
517,1049,Marie- Louise Ridderberg,F35-39,96,Female,Denmark,34:45,,3:01:10,,1:52:04,5:37:08
518,1231,Benita Kasch,F30-34,102,Female,Namibia,31:33,,3:07:53,,1:51:13,5:37:20
519,1257,Genine Manchip,F30-34,103,Female,South Africa,33:15,,3:15:59,,1:40:59,5:37:22
520,1587,Lior Caspi,F18-24,39,Female,Israel,30:05,,3:01:03,,1:57:12,5:37:26
521,646,Halina Clare,F40-44,80,Female,United Kingdom,32:35,,3:01:46,,1:56:15,5:37:31
522,1598,Lauren Esrig,F18-24,40,Female,United States,28:20,,3:07:42,,1:53:32,5:37:32
523,348,Gabriella Picco,F50-54,26,Female,Switzerland,35:53,,3:03:41,,1:48:51,5:37:34
524,521,Tamara Madden,F45-49,50,Female,Australia,40:13,,3:10:44,,1:38:30,5:37:36
525,759,MARIA Teresa Martin Garcia,F40-44,81,Female,Spain,33:38,,2:58:09,,1:57:14,5:37:39
526,286,Desi Dickinson,F50-54,27,Female,South Africa,35:01,,2:53:25,,2:01:17,5:37:41
527,373,Anim Swart,F50-54,28,Female,Canada,34:44,,2:53:59,,2:02:12,5:37:42
528,1052,Raquel Rodríguez,F35-39,97,Female,Costa Rica,40:05,,3:11:40,,1:39:06,5:37:46
529,611,Patrizia Wimmer,F45-49,51,Female,Austria,37:04,,3:18:23,,1:36:25,5:37:50
530,1206,Yasmin Halawa,F30-34,104,Female,Egypt,34:44,,3:14:30,,1:37:32,5:37:52
531,178,Tina Karlberg,F55-59,5,Female,Sweden,39:32,,3:05:37,,1:44:02,5:37:53
532,977,Isabelle Hutzel,F35-39,98,Female,Germany,34:06,,2:58:54,,1:57:43,5:37:54
533,677,Kylie Etienne,F40-44,82,Female,United States,39:10,,2:53:01,,1:56:39,5:37:59
534,653,Jo Coombe,F40-44,83,Female,Australia,30:55,,2:59:49,,1:59:38,5:38:00
535,749,Chantal Fabris,F40-44,84,Female,Australia,33:58,,3:03:56,,1:53:02,5:38:02
536,1432,Fernanda Grossi,F25-29,97,Female,Brazil,29:08,,2:53:16,,2:06:26,5:38:04
537,806,Katherine Rivera,F40-44,85,Female,Puerto Rico,38:49,,2:58:46,,1:53:18,5:38:05
538,810,Carolina Rojo,F40-44,86,Female,Argentina,35:49,,3:05:25,,1:48:27,5:38:06
539,320,Beate Kleindienst,F50-54,29,Female,Germany,41:23,,2:54:16,,1:53:26,5:38:06
540,778,Nadine Mostert,F40-44,87,Female,South Africa,34:03,,3:00:43,,1:55:59,5:38:06
541,1229,Lena Kalthoff,F30-34,105,Female,Germany,37:47,,2:58:31,,1:53:10,5:38:07
542,404,Florence Auclair,F45-49,52,Female,France,35:58,,3:05:17,,1:49:10,5:38:08
543,414,Tracey Bulmer,F45-49,53,Female,Germany,36:12,,3:07:25,,1:47:06,5:38:18
544,1178,Emilia Feijoo,F30-34,106,Female,Switzerland,37:55,,3:06:58,,1:47:01,5:38:20
545,1090,Julie Van Lelyveld,F35-39,99,Female,South Africa,36:34,,3:02:05,,1:49:40,5:38:30
546,899,Davita Burkhead-Weiner,F35-39,100,Female,United States,31:05,,3:02:17,,1:57:09,5:38:31
547,1171,Terene Du Plessis,F30-34,107,Female,South Africa,35:26,,3:01:00,,1:54:19,5:38:34
548,420,Nina Chambers,F45-49,54,Female,South Africa,33:28,,3:12:08,,1:44:59,5:39:21
549,345,Genevieve Pape,F50-54,30,Female,Australia,38:05,,3:00:26,,1:53:15,5:39:26
550,982,Caroline Kennedy,F35-39,101,Female,New Zealand,32:25,,3:04:04,,1:54:57,5:39:28
551,708,Katie Hamister,F40-44,88,Female,United States,36:37,,3:02:40,,1:52:30,5:39:39
552,752,Danielle Liubicich,F40-44,89,Female,United States,35:34,,3:05:38,,1:47:23,5:39:48
553,913,Estie Cloete,F35-39,102,Female,South Africa,41:38,,3:04:16,,1:44:05,5:39:52
554,842,Paula Besgrove,F40-44,90,Female,Australia,41:26,,3:02:57,,1:47:29,5:40:04
555,917,Jenny Contreras Prince,F35-39,103,Female,Venezuela,32:36,,3:04:16,,1:54:29,5:40:08
556,1421,Jessica Diaz,F25-29,98,Female,Colombia,31:47,,2:55:45,,2:04:44,5:40:10
557,811,Lea Rolfes,F40-44,91,Female,United States,32:20,,3:06:08,,1:53:17,5:40:12
558,220,M. Pia Sanhueza,F55-59,6,Female,Chile,39:39,,3:01:14,,1:51:14,5:40:16
559,251,Natalie Anderson,F50-54,31,Female,South Africa,35:32,,2:59:08,,1:57:00,5:40:19
560,995,Erika Lilley,F35-39,104,Female,United States,32:11,,3:03:03,,1:57:27,5:40:31
561,319,Dorothee Klasen,F50-54,32,Female,Germany,36:50,,2:58:42,,1:56:44,5:40:35
562,1391,Sophie Broglia,F25-29,99,Female,France,34:05,,3:05:41,,1:52:54,5:40:40
563,379,Pirjo Tenhu,F50-54,33,Female,Finland,39:01,,3:00:15,,1:54:44,5:40:42
564,1104,Nicole West,F35-39,105,Female,South Africa,34:48,,2:59:01,,1:57:14,5:40:43
565,195,Mary Lynne Mcelhaney,F55-59,7,Female,United States,30:04,,3:01:38,,2:00:19,5:40:43
566,1517,Rhianna Parkinson,F25-29,100,Female,United Kingdom,35:32,,2:59:22,,1:57:30,5:40:46
567,642,Amanda Carpo,F40-44,92,Female,Philippines,37:07,,3:06:38,,1:46:55,5:40:49
568,516,Lisa Lipari,F45-49,55,Female,Canada,36:30,,2:55:51,,2:00:49,5:40:50
569,1071,Anne De Rover,F35-39,106,Female,United Kingdom,32:50,,3:04:56,,1:55:04,5:40:54
570,371,Petra Stoeppler,F50-54,34,Female,Germany,32:29,,3:04:25,,1:56:45,5:41:06
571,485,Kimberly Hicks,F45-49,56,Female,United States,36:22,,2:56:35,,1:58:49,5:41:15
572,857,Chrissie Viljoen,F40-44,93,Female,South Africa,39:06,,2:59:44,,1:55:39,5:41:16
573,841,Elvia Suryadi,F40-44,94,Female,Singapore,35:27,,3:03:34,,1:51:29,5:41:20
574,1586,Olivia Cartledge,F18-24,41,Female,Australia,34:42,,3:07:28,,1:50:35,5:41:21
575,1366,Aimee Wright,F30-34,108,Female,United Kingdom,38:49,,2:48:31,,2:06:33,5:41:22
576,1018,Claudia Möller,F35-39,107,Female,Germany,40:00,,2:57:29,,1:55:28,5:41:28
577,1218,Raya Usher,F30-34,109,Female,United Kingdom,33:38,,2:54:34,,2:06:08,5:41:31
578,1249,Elizabeth Lindsay,F30-34,110,Female,United States,36:58,,3:10:40,,1:46:32,5:41:31
579,685,Jennifer Fralick,F40-44,95,Female,United States,35:57,,3:04:52,,1:52:09,5:41:37
580,651,Esther Collinetti,F40-44,96,Female,United States,36:47,,3:08:29,,1:47:01,5:41:39
581,366,Tara Sheetz,F50-54,35,Female,United States,39:36,,2:57:57,,1:55:58,5:41:45
582,898,Julia Bryan,F35-39,108,Female,United States,34:49,,2:59:52,,1:58:03,5:41:45
583,808,Marlise Robbertze,F40-44,97,Female,South Africa,35:31,,3:19:57,,1:38:22,5:41:48
584,450,Paula Maria Moadeb,F45-49,57,Female,Argentina,36:45,,3:05:37,,1:51:09,5:41:53
585,1584,Kasha Bonneville,F18-24,42,Female,Canada,35:20,,2:55:25,,2:04:16,5:41:59
586,1043,Sunee Pretorius,F35-39,109,Female,South Africa,30:54,,3:04:15,,1:58:16,5:42:05
587,1019,Charlotte Møller Sørensen,F35-39,110,Female,Denmark,37:39,,3:06:38,,1:50:11,5:42:08
588,921,Nina Crowhurst,F35-39,111,Female,Australia,45:01,,2:57:35,,1:51:06,5:42:09
589,671,Andri De Wit,F40-44,98,Female,United Kingdom,32:29,,3:08:49,,1:54:55,5:42:13
590,536,Deanna Meyer,F45-49,58,Female,United States,31:05,,3:15:16,,1:48:05,5:42:15
591,327,Nicky Lebos,F50-54,36,Female,South Africa,36:20,,3:01:21,,1:55:22,5:42:17
592,268,Lesley Burke,F50-54,37,Female,United States,36:26,,3:06:40,,1:50:06,5:42:18
593,451,Clare Farrell,F45-49,59,Female,United Kingdom,37:39,,3:11:18,,1:46:10,5:42:22
594,1526,Karolina Pichova,F25-29,101,Female,Czechia,33:33,,3:11:44,,1:49:18,5:42:27
595,385,Helena Van Wyk,F50-54,38,Female,South Africa,38:52,,2:58:17,,1:55:37,5:42:27
596,934,Pamela Ferguson,F35-39,112,Female,United States,46:46,,2:51:24,,1:56:00,5:42:27
597,907,Anna Ceruti,F35-39,113,Female,Italy,36:12,,3:02:23,,1:56:47,5:42:32
598,400,Robyn Anderson,F45-49,60,Female,South Africa,33:41,,3:08:17,,1:52:55,5:42:38
599,1559,Christelle Van Der Watt,F25-29,102,Female,South Africa,34:43,,3:09:01,,1:49:21,5:42:39
600,1118,Anna Zywiolek,F35-39,114,Female,Bahamas,35:27,,2:58:54,,1:57:51,5:42:43
601,1491,Rosanne Lombard,F25-29,103,Female,South Africa,29:15,,3:20:54,,1:45:57,5:42:44
602,687,Jacqueline Gaffey,F40-44,99,Female,Australia,42:37,,2:59:11,,1:52:17,5:42:50
603,558,Sally Pymer,F45-49,61,Female,Australia,32:07,,3:02:05,,2:00:39,5:42:54
604,1252,Marit Lorenzen,F30-34,111,Female,Germany,45:55,,3:06:44,,1:41:32,5:43:10
605,905,Julia Calogeropulos,F35-39,115,Female,Argentina,34:54,,3:02:28,,1:56:56,5:43:25
606,97,Irene Gambaro,F60-64,2,Female,Switzerland,40:05,,3:02:48,,1:51:34,5:43:25
607,291,Susie Ellis,F50-54,39,Female,Australia,39:22,,3:01:38,,1:54:52,5:43:28
608,1029,LILIAN MIRANDA,F35-39,116,Female,Brazil,40:17,,3:05:07,,1:49:10,5:43:29
609,1454,Chanel Hannah,F25-29,104,Female,South Africa,34:37,,2:59:36,,2:01:32,5:43:39
610,1324,Virginia Sergas,F30-34,112,Female,Australia,34:08,,3:00:38,,2:01:41,5:43:41
611,472,Solveig Granås,F45-49,62,Female,Norway,43:47,,3:03:17,,1:48:33,5:43:42
612,524,Chantal Mare,F45-49,63,Female,Australia,31:47,,3:02:27,,2:02:34,5:43:46
613,698,Aleksandra Gradinarova,F40-44,100,Female,Bulgaria,38:28,,3:09:50,,1:44:28,5:43:46
614,829,Britta Simms,F40-44,101,Female,Germany,37:20,,3:06:32,,1:52:37,5:43:51
615,813,Silke Roßkopf,F40-44,102,Female,Germany,46:56,,3:03:35,,1:45:42,5:43:52
616,819,Tanja Schutte,F40-44,103,Female,South Africa,40:11,,3:07:07,,1:47:32,5:43:54
617,1520,Beate Paulsrud,F25-29,105,Female,Norway,36:39,,3:06:16,,1:53:49,5:43:55
618,239,Tina Van Wyk,F55-59,8,Female,South Africa,36:03,,3:02:51,,1:57:14,5:44:02
619,773,Stacey Miller,F40-44,104,Female,United States,29:27,,3:02:39,,2:04:09,5:44:14
620,276,Dominique Chassot,F50-54,40,Female,Switzerland,40:47,,3:02:20,,1:53:24,5:44:17
621,504,Elisabeth Koglbauer,F45-49,64,Female,Austria,37:08,,2:59:12,,1:59:23,5:44:18
622,1264,Olga Kurki,F30-34,113,Female,Russian Federation,31:06,,2:57:48,,2:08:22,5:44:18
623,575,Natalia Shtrombakh,F45-49,65,Female,Russian Federation,39:13,,2:57:03,,1:59:56,5:44:18
624,1433,Camila Fernanda Ferrada Fuentes,F25-29,106,Female,Chile,34:03,,3:05:56,,1:57:16,5:44:20
625,1333,Emma Styles,F30-34,114,Female,United Kingdom,43:19,,3:14:29,,1:36:10,5:44:23
626,160,Betti Fey,F55-59,9,Female,Germany,33:02,,3:08:30,,1:55:08,5:44:24
627,1003,Melissa Mcginnis,F35-39,117,Female,United States,34:37,,3:04:39,,1:54:27,5:44:31
628,227,Heather Shaw,F55-59,10,Female,South Africa,33:06,,3:10:07,,1:51:20,5:44:55
629,1054,Carolina Romero,F35-39,118,Female,Colombia,39:17,,3:11:28,,1:47:20,5:44:57
630,1173,Melanie Edlinger,F30-34,115,Female,Austria,35:36,,3:06:06,,1:55:09,5:45:05
631,1450,Tyare Guevara,F25-29,107,Female,Chile,38:33,,3:09:09,,1:50:27,5:45:09
632,254,Yelena Basova,F50-54,41,Female,Ukraine,38:10,,3:07:32,,1:49:37,5:45:15
633,107,Ida Jonsen,F60-64,3,Female,United States,35:58,,3:04:39,,1:52:16,5:45:19
634,467,Lara Fury,F45-49,66,Female,South Africa,29:48,,3:06:40,,2:00:24,5:45:22
635,1207,Rebecka Harding,F30-34,116,Female,Sweden,37:49,,3:09:51,,1:49:08,5:45:27
636,1179,Veronica Feliu Maira,F30-34,117,Female,Chile,38:14,,3:15:06,,1:45:07,5:45:27
637,560,Susanna Rickenbach,F45-49,67,Female,Switzerland,36:15,,3:06:31,,1:54:38,5:45:31
638,1256,Barbara Maia,F30-34,118,Female,Brazil,37:20,,3:13:47,,1:45:04,5:45:32
639,115,June Mcminn,F60-64,4,Female,Ireland,40:43,,3:02:00,,1:54:08,5:45:33
640,542,Jessica moreira Batista,F45-49,68,Female,Brazil,37:26,,3:08:20,,1:51:53,5:45:38
641,1038,Mariana Penna,F35-39,119,Female,Mexico,34:17,,3:00:16,,2:00:08,5:45:47
642,249,Jacquie Allgire,F50-54,42,Female,United States,41:06,,3:06:11,,1:50:27,5:45:48
643,1011,Sina Mikolaizik,F35-39,120,Female,Germany,38:43,,2:57:24,,1:58:38,5:45:51
644,678,Dena Fairley,F40-44,105,Female,United States,44:12,,3:04:30,,1:47:48,5:45:53
645,828,Ana SILVA,F40-44,106,Female,Australia,38:42,,3:09:52,,1:47:10,5:45:58
646,1296,Kimberley Pickett,F30-34,119,Female,United Kingdom,35:19,,2:55:48,,2:07:18,5:45:58
647,670,Vanessa De Souza,F40-44,107,Female,South Africa,37:14,,3:02:13,,1:58:08,5:46:04
648,983,Rachel Kennedy,F35-39,121,Female,Australia,35:56,,2:55:32,,2:04:29,5:46:04
649,753,Wilma Loubser Loubser,F40-44,108,Female,South Africa,35:05,,3:02:51,,1:59:01,5:46:06
650,278,Malgorzata Chojnacka,F50-54,43,Female,Poland,40:14,,3:06:10,,1:52:00,5:46:11
651,1065,Jennifer Shultz,F35-39,122,Female,United States,36:06,,2:56:41,,2:00:16,5:46:11
652,315,Silvia Jimenez,F50-54,44,Female,Peru,35:13,,3:03:21,,1:59:42,5:46:14
653,565,Sarah Ryder,F45-49,69,Female,United Kingdom,42:16,,2:56:09,,1:59:44,5:46:14
654,928,Gillian Bickle,F35-39,123,Female,United Kingdom,38:08,,3:20:19,,1:40:45,5:46:14
655,764,Laurence Mazard,F40-44,109,Female,France,38:05,,3:05:42,,1:50:16,5:46:18
656,1204,Alida Hagen,F30-34,120,Female,Netherlands,34:35,,3:06:39,,1:58:00,5:46:20
657,1488,Barbara Leuenberger,F25-29,108,Female,Switzerland,39:57,,3:08:49,,1:48:47,5:46:21
658,1329,Rie W. Karlsson,F30-34,121,Female,Denmark,44:12,,2:59:33,,1:54:26,5:46:24
659,191,Mercè Magem,F55-59,11,Female,Spain,37:21,,3:10:46,,1:50:01,5:46:26
660,159,Sabina Fenner,F55-59,12,Female,Switzerland,34:52,,3:03:20,,1:57:26,5:46:35
661,645,Karin Cilliers,F40-44,110,Female,South Africa,37:39,,3:03:04,,1:55:58,5:46:36
662,1187,Jayde Fouche,F30-34,122,Female,South Africa,31:53,,3:08:39,,1:56:44,5:46:46
663,571,Ute Schmidt,F45-49,70,Female,Germany,37:10,,3:01:26,,1:58:57,5:46:47
664,789,Jane Oidekivi,F40-44,111,Female,Estonia,35:48,,3:00:01,,2:02:07,5:46:47
665,755,Amanda Lumbard,F40-44,112,Female,United States,32:14,,3:08:39,,1:57:57,5:46:49
666,1610,Linda Jafif,F18-24,43,Female,Mexico,32:30,,3:15:42,,1:49:54,5:46:52
667,1116,Jeannine Hofmann,F35-39,124,Female,Germany,38:27,,2:59:30,,2:00:49,5:46:53
668,238,Elma Van Noordwyk,F55-59,13,Female,South Africa,35:26,,3:10:15,,1:53:10,5:47:03
669,230,Valérie Sinko,F55-59,14,Female,France,35:04,,3:07:27,,1:50:35,5:47:03
670,1369,Andrea Yanez Pazmino,F30-34,123,Female,Ecuador,44:10,,3:01:22,,1:54:03,5:47:03
671,1106,Sarah Whelan,F35-39,125,Female,Ireland,31:04,,3:14:24,,1:53:27,5:47:06
672,454,Agnieszka Fijolek-Warszewska,F45-49,71,Female,Poland,43:09,,3:06:42,,1:48:57,5:47:16
673,408,Jennifer Betancourt,F45-49,72,Female,Puerto Rico,38:42,,3:10:36,,1:47:59,5:47:20
674,429,Rachel Crunk,F45-49,73,Female,United States,38:36,,3:08:40,,1:51:28,5:47:25
675,1402,Delfina Chain,F25-29,109,Female,Argentina,36:58,,3:15:02,,1:47:19,5:47:26
676,1067,Holly Sloan,F35-39,126,Female,United States,35:08,,3:05:32,,2:00:28,5:47:42
677,1170,Annemie Du Plessis,F30-34,124,Female,South Africa,40:46,,3:05:21,,1:53:42,5:47:43
678,1389,Nicole Brasser,F25-29,110,Female,United States,32:46,,3:10:24,,1:56:04,5:47:44
679,1414,Candace Corso,F25-29,111,Female,United States,30:45,,3:12:30,,1:56:38,5:47:47
680,182,Barbara Kuster,F55-59,15,Female,Switzerland,39:17,,2:56:50,,2:02:57,5:47:47
681,1551,Larissa Svanbaeck,F25-29,112,Female,Finland,38:21,,3:13:45,,1:47:45,5:47:52
682,410,Jessica Bibza,F45-49,74,Female,United States,35:13,,2:59:51,,2:04:00,5:48:04
683,250,Kay Anderson,F50-54,45,Female,Australia,37:19,,2:59:15,,2:04:10,5:48:07
684,1242,Kucmierz Marta,F30-34,125,Female,Poland,36:22,,3:14:21,,1:48:27,5:48:16
685,1089,Estie Van Heerden,F35-39,127,Female,South Africa,38:38,,3:04:05,,1:58:39,5:48:26
686,309,Susana Hauswirth,F50-54,46,Female,Argentina,38:17,,3:04:56,,1:57:35,5:48:27
687,1464,Laura Salm,F25-29,113,Female,Estonia,34:19,,3:17:24,,1:48:25,5:48:41
688,643,Lorena Casabuono,F40-44,113,Female,Argentina,38:56,,3:18:11,,1:42:46,5:48:51
689,939,Mariana Fleitas,F35-39,128,Female,Uruguay,39:23,,3:03:39,,1:57:55,5:48:54
690,1557,Tanya Turner,F25-29,114,Female,United States,36:38,,3:08:28,,1:56:16,5:48:58
691,1222,Veronica Iuorno,F30-34,126,Female,Argentina,39:55,,3:14:52,,1:45:06,5:49:02
692,848,Toni Thorton,F40-44,114,Female,Australia,36:50,,2:59:40,,2:04:18,5:49:02
693,1153,Sarah Ching,F30-34,127,Female,Singapore,41:22,,3:07:54,,1:51:28,5:49:03
694,1563,Monserrat Vilar,F25-29,115,Female,Mexico,38:37,,3:10:58,,1:49:36,5:49:11
695,1099,Kelly Vo,F35-39,129,Female,United States,33:39,,3:16:52,,1:50:51,5:49:16
696,233,Pat Thomson,F55-59,16,Female,South Africa,39:59,,3:11:53,,1:49:02,5:49:17
697,896,Laura Brewer,F35-39,130,Female,United States,35:54,,3:14:45,,1:52:13,5:49:19
698,1244,Nikki Leblanc,F30-34,128,Female,Canada,33:46,,3:04:46,,2:01:34,5:49:21
699,1150,Amanda Altoe,F30-34,129,Female,Brazil,36:28,,3:11:46,,1:49:30,5:49:21
700,1175,Jennifer El Aile,F30-34,130,Female,United States,36:54,,3:10:30,,1:55:47,5:49:26
701,721,Mardy Hunt,F40-44,115,Female,Australia,37:58,,2:57:26,,2:04:32,5:49:31
702,1031,Kelly Ogilvie,F35-39,131,Female,Canada,32:42,,3:00:15,,2:06:42,5:49:31
703,598,Hanneli Van Tonder,F45-49,75,Female,South Africa,35:09,,3:17:50,,1:48:38,5:49:36
704,979,Bri Jobke,F35-39,132,Female,United States,38:47,,3:08:28,,1:54:42,5:49:37
705,1245,Olga Lech,F30-34,131,Female,Poland,38:30,,3:13:51,,1:47:06,5:49:42
706,1623,Chloe Leger,F18-24,44,Female,France,31:22,,3:21:35,,1:50:04,5:49:48
707,787,Tracy Nyamuda,F40-44,116,Female,South Africa,29:01,,3:12:00,,2:01:53,5:49:49
708,875,Anfimova Nadezhda,F35-39,133,Female,Russian Federation,48:33,,3:13:27,,1:41:46,5:49:52
709,610,Anna Willett,F45-49,76,Female,Australia,31:59,,3:21:56,,1:46:57,5:49:53
710,272,Mariana Calderon,F50-54,47,Female,Argentina,42:34,,3:03:12,,1:55:35,5:49:55
711,1160,Chantel Coetzer,F30-34,132,Female,United Kingdom,38:48,,3:08:05,,1:50:54,5:49:58
712,1081,Lizelle Truter,F35-39,134,Female,South Africa,34:55,,2:59:05,,2:07:50,5:49:59
713,307,Gina Hart,F50-54,48,Female,Trinidad and Tobago,41:17,,3:09:52,,1:48:12,5:50:04
714,548,Belinda O'Neil,F45-49,77,Female,United Kingdom,39:33,,3:05:57,,1:54:37,5:50:16
715,1319,Bettina Scheidegger,F30-34,133,Female,Switzerland,41:12,,3:15:28,,1:45:34,5:50:18
716,1267,Jennifer Mckinnon,F30-34,134,Female,Canada,38:22,,2:57:40,,2:05:33,5:50:21
717,838,Andrea Stadler,F40-44,117,Female,Ecuador,35:53,,3:10:05,,1:54:47,5:50:23
718,553,Renate Pflamitzer,F45-49,78,Female,Austria,39:20,,3:11:02,,1:51:50,5:50:26
719,1518,Charlotte Paterson,F25-29,116,Female,New Zealand,37:32,,3:15:24,,1:49:05,5:50:33
720,613,Darcy Ytterdahl,F45-49,79,Female,United States,32:43,,3:01:15,,2:08:17,5:50:36
721,1593,Danielle Cunningham,F18-24,45,Female,Australia,41:27,,3:08:19,,1:51:11,5:50:38
722,405,Ulrike Bähr,F45-49,80,Female,Germany,36:10,,2:57:16,,2:09:32,5:50:39
723,525,Mirna Marovic,F45-49,81,Female,Croatia,35:08,,3:09:55,,1:55:12,5:50:46
724,1189,Claudia Fusi,F30-34,135,Female,Italy,35:27,,3:19:03,,1:49:26,5:50:53
725,1371,Sayuri Abe,F25-29,117,Female,Japan,36:56,,3:15:34,,1:48:07,5:50:53
726,1077,Jennifer Sykes,F35-39,135,Female,United States,38:55,,3:03:43,,1:59:01,5:50:58
727,1169,Elicia DRIVER,F30-34,136,Female,Australia,39:36,,3:06:57,,1:56:43,5:51:02
728,1278,Monika Najselova,F30-34,137,Female,Slovakia,40:45,,3:03:00,,1:58:30,5:51:08
729,1283,Shalane O'Keefe,F30-34,138,Female,United States,42:08,,3:10:17,,1:51:14,5:51:11
730,487,Britt Hyland,F45-49,82,Female,South Africa,29:49,,3:05:44,,2:06:06,5:51:16
731,831,Katherine Smallcombe,F40-44,118,Female,Australia,33:34,,3:08:32,,2:02:17,5:51:24
732,805,Karen Rice,F40-44,119,Female,United States,42:50,,3:09:12,,1:51:19,5:51:26
733,1439,Tersia Fourie,F25-29,118,Female,South Africa,39:37,,3:11:11,,1:51:00,5:51:30
734,803,Shari Rene,F40-44,120,Female,United States,41:32,,2:57:54,,2:03:13,5:51:32
735,767,Kara Mcmachen,F40-44,121,Female,United States,32:21,,3:11:53,,1:58:04,5:51:34
736,463,Maggie Freeman,F45-49,83,Female,United States,42:07,,3:07:21,,1:52:19,5:51:45
737,976,Huirong Hazel Han,F35-39,136,Female,Singapore,41:48,,3:01:50,,2:00:28,5:51:47
738,110,Jill Kirker,F60-64,5,Female,Canada,36:44,,3:12:59,,1:51:36,5:51:47
739,364,Anja Schnitzler,F50-54,49,Female,Germany,38:25,,3:06:52,,1:56:01,5:51:50
740,290,Eva-Lott Elefant,F50-54,50,Female,Sweden,40:20,,3:03:22,,2:00:57,5:52:00
741,1306,Maria Riedel,F30-34,139,Female,Germany,39:25,,3:02:50,,2:03:01,5:52:05
742,1168,Kaitlin Dowgin,F30-34,140,Female,United States,40:37,,3:15:25,,1:47:32,5:52:06
743,1271,Tamires De Moraes Pereira,F30-34,141,Female,Brazil,37:56,,3:05:50,,2:02:20,5:52:07
744,632,Natalia Borisova,F40-44,122,Female,Russian Federation,39:42,,3:17:50,,1:47:11,5:52:15
745,1037,Carol Paxton,F35-39,137,Female,United Kingdom,46:42,,3:14:50,,1:41:02,5:52:16
746,771,Ade Mare,F40-44,123,Female,South Africa,35:25,,3:10:30,,1:55:47,5:52:19
747,518,Ximena Lobbosco,F45-49,84,Female,Argentina,35:06,,3:01:57,,2:06:48,5:52:36
748,350,Jennifer Pustinger,F50-54,51,Female,United States,38:20,,3:07:31,,1:59:44,5:52:38
749,297,Danelle Hall,F50-54,52,Female,United States,41:49,,3:20:51,,1:39:49,5:52:40
750,1574,Agata Wlodarczak,F25-29,119,Female,Poland,36:50,,3:10:14,,1:58:10,5:52:41
751,304,Clare Hansford,F50-54,53,Female,United Kingdom,36:23,,3:04:36,,2:04:46,5:52:55
752,339,Andrea Neugarten-Maio,F50-54,54,Female,United States,40:31,,3:07:19,,1:53:13,5:52:57
753,868,Caroline Ainscough,F35-39,138,Female,United Kingdom,38:03,,3:08:36,,1:57:30,5:52:58
754,540,David Miller,F45-49,85,Female,United States,42:44,,3:09:35,,1:49:14,5:52:59
755,150,Antonia Cox,F55-59,17,Female,United Kingdom,43:31,,3:11:04,,1:50:02,5:53:02
756,329,Ana L,F50-54,55,Female,Brazil,38:21,,3:19:35,,1:43:51,5:53:03
757,719,Sally Huard,F40-44,124,Female,United Kingdom,36:12,,3:11:36,,1:56:54,5:53:10
758,215,Monica Rinne,F55-59,18,Female,Germany,35:37,,3:13:10,,1:56:09,5:53:15
759,1280,Adele Zeelie,F30-34,142,Female,South Africa,41:06,,3:06:34,,1:55:22,5:53:20
760,596,Barbara Smith,F45-49,86,Female,United States,41:33,,3:11:59,,1:51:01,5:53:21
761,1293,Mc Peroutka,F30-34,143,Female,United States,33:54,,3:17:37,,1:54:51,5:53:29
762,461,Tania Fourie,F45-49,87,Female,South Africa,48:37,,3:05:02,,1:50:57,5:53:29
763,912,Meghann Cleary,F35-39,139,Female,United States,36:57,,2:57:12,,2:10:33,5:53:30
764,265,Jacqueline Brinkhorst,F50-54,56,Female,United Kingdom,37:40,,3:11:11,,1:54:57,5:53:34
765,1226,Jeha Isadora,F30-34,144,Female,Brazil,43:09,,3:20:51,,1:42:07,5:53:34
766,1145,Carolina Lucía Cáceres,F30-34,145,Female,Chile,37:24,,3:14:08,,1:55:05,5:53:35
767,1653,Charlene Tang,F18-24,46,Female,Singapore,34:44,,3:12:59,,1:53:48,5:53:36
768,425,Anella Conradie,F45-49,88,Female,South Africa,38:36,,3:23:13,,1:41:38,5:53:40
769,1119,Rosa Abigail Acosta Serrato,F30-34,146,Female,Mexico,33:57,,3:09:47,,2:03:03,5:53:41
770,378,Maria Taylor,F50-54,57,Female,United States,37:13,,2:58:43,,2:09:18,5:53:45
771,310,Alta Havenga,F50-54,58,Female,South Africa,43:41,,3:05:59,,1:55:14,5:53:45
772,206,Eva Pörsch,F55-59,19,Female,Germany,42:25,,2:57:04,,2:05:47,5:54:18
773,748,Yaneri Leal León,F40-44,125,Female,Chile,40:26,,3:14:15,,1:51:19,5:54:19
774,965,Penelope Green,F35-39,140,Female,United Kingdom,40:16,,3:05:06,,2:02:00,5:54:21
775,1547,Jana Stenzel,F25-29,120,Female,Germany,36:49,,3:03:45,,2:03:37,5:54:22
776,818,Beth Scholes,F40-44,126,Female,United Kingdom,34:51,,3:03:48,,2:04:02,5:54:23
777,1487,Camila Lee,F25-29,121,Female,Brazil,31:25,,3:02:05,,2:12:42,5:54:32
778,131,Ginger Watkins,F60-64,6,Female,United States,35:28,,3:06:38,,2:01:59,5:54:33
779,1505,Kirsten Menzel,F25-29,122,Female,Germany,37:57,,3:03:32,,2:04:28,5:54:33
780,1334,Nele Sumberg,F30-34,147,Female,Estonia,33:04,,3:11:15,,2:03:01,5:54:38
781,1202,Michelle Guertin,F30-34,148,Female,Canada,41:15,,3:07:54,,1:57:12,5:54:39
782,1051,María Cristina Riquelme Ducci,F35-39,141,Female,Chile,42:07,,3:15:33,,1:48:53,5:54:55
783,99,Michaela Gräsbeck,F60-64,7,Female,Finland,35:03,,3:12:42,,1:55:38,5:55:10
784,468,Nicole Geller,F45-49,89,Female,United States,39:32,,2:59:03,,2:06:55,5:55:11
785,418,Andrea Cardoso,F45-49,90,Female,Brazil,36:38,,3:07:25,,2:02:02,5:55:17
786,242,Lynette Itani,F55-59,20,Female,New Zealand,36:25,,3:13:34,,1:56:38,5:55:18
787,925,Kristin Dryden,F35-39,142,Female,United States,36:36,,3:05:44,,2:04:35,5:55:19
788,675,Melanie Dunlap,F40-44,127,Female,United States,39:16,,3:03:23,,2:03:30,5:55:25
789,65,Missy LeStrange,F65-69,1,Female,United States,32:24,,3:14:16,,1:58:10,5:55:26
790,270,Kathryn Burton,F50-54,59,Female,New Zealand,40:10,,3:05:51,,1:59:54,5:55:29
791,625,Delphine Bense,F40-44,128,Female,France,37:26,,3:12:10,,1:58:10,5:55:33
792,1475,Jennifer Hellmich,F25-29,123,Female,Germany,40:47,,3:13:15,,1:53:07,5:55:34
793,824,Rachel Shaw,F40-44,129,Female,United Kingdom,35:36,,3:10:24,,2:01:50,5:55:36
794,1468,Chelsea-Ann Ingledew,F25-29,124,Female,South Africa,38:08,,3:18:47,,1:51:55,5:55:36
795,1152,Leigh Charlton,F30-34,149,Female,South Africa,37:44,,3:11:29,,1:58:01,5:55:36
796,1146,Fernanda Cantu,F30-34,150,Female,Mexico,32:22,,3:10:19,,2:03:34,5:55:45
797,568,Ayesha San Miguel,F45-49,91,Female,Puerto Rico,44:21,,3:06:47,,1:56:40,5:55:48
798,1261,Solène Masson,F30-34,151,Female,France,43:25,,3:13:25,,1:48:25,5:55:50
799,1372,Kimberly Alcorn,F25-29,125,Female,Australia,40:16,,3:04:13,,2:03:53,5:55:51
800,1103,Elizabeth Weatherman,F35-39,143,Female,United States,38:18,,3:14:44,,1:53:47,5:56:00
801,1387,Josie Bowler,F25-29,126,Female,United Kingdom,41:29,,3:04:40,,2:00:48,5:56:01
802,1500,Dominique Mcgowan,F25-29,127,Female,United States,44:57,,3:10:44,,1:50:49,5:56:15
803,694,Claudia Gomez Bohn,F40-44,130,Female,Chile,43:21,,3:16:45,,1:47:49,5:56:30
804,281,Amy Cotter-Brown,F50-54,60,Female,United States,40:34,,2:56:35,,2:09:23,5:56:43
805,471,Trudy Grahame,F45-49,92,Female,Australia,31:29,,3:13:32,,2:02:49,5:56:52
806,1582,Robin Bolten Van Heerden,F18-24,47,Female,South Africa,34:18,,3:11:48,,2:02:23,5:56:55
807,585,Jill Sterbakov,F45-49,93,Female,United States,48:26,,2:55:45,,2:02:49,5:57:02
808,1303,Hayley Reid,F30-34,152,Female,Australia,32:27,,3:07:31,,2:06:46,5:57:18
809,1127,Christiann Arbini,F30-34,153,Female,United States,33:34,,3:11:44,,2:00:06,5:57:18
810,722,Maria Hurter,F40-44,131,Female,South Africa,35:34,,3:06:01,,2:07:33,5:57:19
811,1181,Daniela Constanza Ferrada Fuentes,F30-34,154,Female,Chile,40:35,,3:09:49,,1:58:21,5:57:34
812,511,Nathalie Leger,F45-49,94,Female,France,39:20,,3:11:33,,1:59:54,5:57:36
813,1499,Ashlee Maywald,F25-29,128,Female,Australia,41:21,,3:09:52,,1:58:53,5:57:43
814,859,Mareike Vollmer,F40-44,132,Female,Germany,41:44,,3:10:43,,1:56:23,5:57:53
815,1230,Tamarin Kariolis,F30-34,155,Female,South Africa,32:45,,3:14:37,,2:02:25,5:57:53
816,253,Charlotta Bäckman,F50-54,61,Female,Sweden,29:26,,3:12:06,,2:07:16,5:57:56
817,669,Aline De Oliveira Podadera,F40-44,133,Female,Brazil,38:24,,3:20:46,,1:50:17,5:57:58
818,1514,Denisse Noriega,F25-29,129,Female,Ecuador,29:03,,3:11:16,,2:09:30,5:57:59
819,1304,Alejandra Ribera,F30-34,156,Female,Bolivia,46:06,,3:07:36,,1:54:55,5:58:11
820,769,Celine Mc Phillips,F40-44,134,Female,Ireland,33:41,,2:59:44,,2:15:58,5:58:11
821,1042,Valeria Prado,F35-39,144,Female,Guatemala,38:05,,3:17:09,,1:53:46,5:58:11
822,368,Ayako Shirato,F50-54,62,Female,Japan,40:21,,3:17:18,,1:48:07,5:58:12
823,1184,Amber Flynn,F30-34,157,Female,United States,36:20,,3:25:50,,1:43:47,5:58:17
824,360,Catharina Saenger,F50-54,63,Female,Germany,40:26,,3:13:19,,1:54:05,5:58:19
825,484,Courtney Henderson,F45-49,95,Female,United States,37:04,,3:08:43,,2:00:36,5:58:20
826,1477,Angela Kay,F25-29,130,Female,United States,36:02,,3:06:24,,2:04:39,5:58:20
827,212,Manu Reinhardt,F55-59,21,Female,Germany,31:30,,3:02:00,,2:13:14,5:58:21
828,490,Angelica Ibañez,F45-49,96,Female,Chile,41:11,,3:00:38,,2:09:21,5:58:23
829,1172,Gerda Maria Dumitru,F30-34,158,Female,Romania,32:04,,3:25:37,,1:52:00,5:58:27
830,844,Soazig Taillardat,F40-44,135,Female,France,37:14,,3:15:25,,1:54:39,5:58:28
831,354,Connie Roberts,F50-54,64,Female,United States,43:25,,3:08:32,,1:55:45,5:58:33
832,1322,Katrin Semmelrock,F30-34,159,Female,Austria,35:26,,3:19:57,,1:52:27,5:58:36
833,409,Kristin Beyersdorf,F45-49,97,Female,United States,35:18,,3:12:22,,2:00:17,5:58:38
834,1606,Caroline Hudson,F18-24,48,Female,United Kingdom,38:27,,3:14:35,,1:57:13,5:58:55
835,478,Fernanda Peduti Batista Halah,F45-49,98,Female,Brazil,39:33,,3:16:16,,1:48:40,5:59:06
836,909,Ruth Chen,F35-39,145,Female,Taiwan,36:41,,3:10:59,,2:03:18,5:59:18
837,1521,Taissa Pavliuc,F25-29,131,Female,Canada,34:06,,3:15:50,,2:01:03,5:59:23
838,533,Genee Mee,F45-49,99,Female,South Africa,32:15,,3:13:23,,2:04:39,5:59:31
839,426,June Corrie,F45-49,100,Female,South Africa,39:07,,3:07:14,,2:02:25,5:59:31
840,938,Stephanie Fischer,F35-39,146,Female,Germany,35:39,,2:58:02,,2:18:19,5:59:38
841,96,Crissy Fuentes,F60-64,8,Female,Puerto Rico,35:15,,3:03:46,,2:10:37,5:59:38
842,554,Isabel Pittius,F45-49,101,Female,Germany,32:30,,3:07:57,,2:06:07,5:59:40
843,1188,Sarah Fumagalli,F30-34,160,Female,Italy,41:42,,3:16:23,,1:51:06,5:59:40
844,109,Karin Kaulmann,F60-64,9,Female,Germany,42:20,,3:09:29,,1:59:10,5:59:53
845,149,Gretchen Cooney,F55-59,22,Female,United States,32:38,,3:15:13,,2:04:29,5:59:53
846,1210,Morgan Schutz,F30-34,161,Female,United States,31:01,,3:12:59,,2:09:26,6:00:08
847,163,Heike Frahnert,F55-59,23,Female,Germany,46:13,,2:59:55,,2:03:28,6:00:09
848,1009,Margaret Mielczarek,F35-39,147,Female,Australia,43:38,,3:13:01,,1:53:02,6:00:12
849,1660,Sierra Winters,F18-24,49,Female,United States,31:48,,3:24:11,,1:52:51,6:00:14
850,1435,Kelsey Fitzgibbons,F25-29,132,Female,United States,41:41,,2:59:59,,2:05:40,6:00:15
851,1137,Debora Borsatto,F30-34,162,Female,Brazil,38:17,,3:07:17,,2:03:19,6:00:16
852,158,Giuliana Fatule,F55-59,24,Female,Peru,36:56,,3:10:49,,2:04:07,6:00:28
853,737,Kok Lee Min,F40-44,136,Female,Malaysia,40:50,,3:06:47,,2:03:34,6:01:02
854,978,Mellen Jay,F35-39,148,Female,Canada,35:49,,3:26:47,,1:51:00,6:01:05
855,202,Jenny O'Hanlon,F55-59,25,Female,South Africa,35:33,,3:21:25,,1:55:20,6:01:15
856,231,Lauren Smith,F55-59,26,Female,United States,31:45,,3:08:02,,2:13:08,6:01:28
857,587,Corrina Swetman,F45-49,102,Female,New Zealand,34:12,,3:10:14,,2:07:23,6:01:40
858,757,Deborah Maldonado,F40-44,137,Female,Puerto Rico,40:42,,3:12:54,,1:59:51,6:01:53
859,1291,Odessa Perelson,F30-34,163,Female,South Africa,42:52,,3:13:09,,1:56:01,6:01:55
860,815,Rosa Laura Elbooz,F40-44,138,Female,United States,35:41,,3:14:34,,2:02:35,6:02:07
861,235,Sally Torney,F55-59,27,Female,United States,41:33,,3:10:30,,2:01:34,6:02:08
862,665,Vicky Dawkins,F40-44,139,Female,Australia,35:08,,2:57:45,,2:19:58,6:02:11
863,672,Bronwen Dean,F40-44,140,Female,United States,29:45,,3:11:11,,2:12:56,6:02:20
864,259,Brigitta Böckli Schnider,F50-54,65,Female,Switzerland,44:55,,3:11:30,,1:55:12,6:02:29
865,576,Alix Sinclair,F45-49,103,Female,New Zealand,34:58,,3:24:35,,1:54:37,6:02:34
866,667,Elsa De Beer,F40-44,141,Female,South Africa,34:41,,3:34:46,,1:45:59,6:02:35
867,258,Kirsty Blackford,F50-54,66,Female,South Africa,39:59,,3:06:30,,2:06:02,6:02:36
868,388,Jennifer Ward,F50-54,67,Female,United States,43:12,,3:15:04,,1:55:22,6:02:45
869,631,Cristiane Borges,F40-44,142,Female,Brazil,40:23,,3:13:25,,1:56:14,6:03:02
870,716,Thiri Holebrook,F40-44,143,Female,New Zealand,43:21,,3:09:40,,2:00:09,6:03:07
871,1624,Karla Lokotsch,F18-24,50,Female,South Africa,32:11,,3:20:19,,2:04:13,6:03:11
872,1460,Danien Heathcote,F25-29,133,Female,South Africa,40:04,,3:10:07,,2:03:55,6:03:16
873,306,Jane Hardy,F50-54,68,Female,Australia,39:21,,3:13:57,,2:00:45,6:03:24
874,839,Maria Carolina Stenger,F40-44,144,Female,Chile,40:23,,3:13:25,,2:01:39,6:03:30
875,266,Clare Browne,F50-54,69,Female,United Kingdom,39:10,,3:20:21,,1:52:30,6:03:31
876,118,Sheila Power,F60-64,10,Female,Ireland,44:22,,3:08:04,,1:59:44,6:03:32
877,840,Gisela Zulema Suligoy,F40-44,145,Female,Argentina,39:09,,3:10:40,,2:06:28,6:03:42
878,656,Marcia Corvetto,F40-44,146,Female,Chile,41:37,,3:18:50,,1:55:25,6:03:44
879,105,Thea Jacobs,F60-64,11,Female,Canada,43:32,,3:07:56,,2:01:13,6:03:45
880,394,Shauna Zobrist,F50-54,70,Female,United States,39:21,,3:17:54,,1:55:52,6:03:51
881,932,Lucie Fauck,F35-39,149,Female,France,36:02,,3:08:18,,2:11:59,6:03:52
882,1228,Natália Junqueira Dos Santos,F30-34,164,Female,Brazil,35:30,,3:26:33,,1:52:50,6:04:00
883,551,Delphine Perie-Curnier,F45-49,104,Female,Canada,36:16,,3:22:47,,1:51:46,6:04:01
884,1524,Johanna Pennella,F25-29,134,Female,Argentina,38:08,,3:14:17,,2:03:51,6:04:02
885,448,Lora Erickson,F45-49,105,Female,United States,40:40,,3:10:14,,2:06:09,6:04:03
886,1453,Regina Gutierrez,F25-29,135,Female,Mexico,37:03,,3:16:57,,2:01:06,6:04:10
887,203,Diane Petersen,F55-59,28,Female,United States,43:28,,3:12:48,,1:58:27,6:04:10
888,211,Benedicte Dominique Regolle,F55-59,29,Female,France,47:27,,3:20:28,,1:45:20,6:04:13
889,1074,Nikki Sudberry,F35-39,150,Female,United States,40:23,,3:08:23,,2:05:37,6:04:13
890,513,Marie Leigh Pacciarini,F45-49,106,Female,Chile,39:13,,3:20:10,,1:55:17,6:04:14
891,562,Hilary Robotham,F45-49,107,Female,New Zealand,40:02,,3:15:56,,2:00:37,6:04:15
892,459,Mia Fogel,F45-49,108,Female,Sweden,34:36,,3:19:19,,2:01:17,6:04:20
893,1583,Taynara Bonetti Da Silveira,F18-24,51,Female,Brazil,29:42,,3:11:25,,1:49:55,6:04:20
894,186,Sabine Leys,F55-59,30,Female,Belgium,34:28,,3:20:02,,2:02:30,6:04:25
895,483,Monica Heinemann,F45-49,109,Female,United States,39:11,,3:21:01,,1:54:00,6:04:39
896,543,Charlene Moss,F45-49,110,Female,South Africa,40:48,,3:10:51,,2:05:52,6:04:50
897,359,Marcela Buschmann,F50-54,71,Female,Chile,47:55,,3:01:28,,2:07:03,6:04:51
898,690,Marianne Gates,F40-44,147,Female,South Africa,34:49,,3:17:02,,2:00:20,6:04:55
899,914,Carla Coira,F35-39,151,Female,Puerto Rico,38:54,,3:31:41,,1:43:34,6:04:57
900,460,Christelle Foucault,F45-49,111,Female,France,38:37,,3:10:25,,2:05:38,6:05:04
901,1155,Louise Bentley,F30-34,165,Female,South Africa,33:54,,3:20:25,,2:02:04,6:05:06
902,715,Veronica Höiom,F40-44,148,Female,Sweden,40:33,,3:18:21,,1:57:45,6:05:08
903,209,Beth Pringle,F55-59,31,Female,United States,39:37,,3:10:22,,2:05:38,6:05:09
904,1294,Sue Peterkin,F50-54,72,Female,South Africa,34:27,,3:23:32,,1:54:31,6:05:11
905,584,Patricia Steen,F45-49,112,Female,United States,41:37,,3:13:18,,1:59:06,6:05:13
906,583,Nerissa Stafford,F45-49,113,Female,Australia,38:23,,3:19:09,,1:58:10,6:05:16
907,298,Renate Gaisser,F50-54,73,Female,Germany,47:01,,3:16:31,,1:46:55,6:05:18
908,1446,Amanda Goncalves,F25-29,136,Female,Brazil,33:18,,3:11:01,,2:11:49,6:05:19
909,225,Claudia Schiewe,F55-59,32,Female,Germany,35:48,,3:11:01,,2:10:21,6:05:23
910,136,Linda Worrall,F60-64,12,Female,United Kingdom,37:25,,3:18:04,,1:59:16,6:05:38
911,703,Sayer Gunn,F40-44,149,Female,United States,42:43,,3:25:57,,1:45:22,6:05:44
912,1066,Erin Shumate,F35-39,152,Female,United States,37:42,,3:14:54,,2:02:25,6:05:46
913,1474,Hope Jones,F25-29,137,Female,United States,38:11,,3:20:32,,1:57:01,6:05:48
914,1212,Candice Conrad,F30-34,166,Female,South Africa,31:00,,3:11:52,,2:15:19,6:05:50
915,1021,Kim Myers,F35-39,153,Female,United Kingdom,42:47,,3:12:34,,2:01:20,6:05:50
916,396,Lori Aho-Ouwinga,F45-49,114,Female,United States,40:33,,3:01:08,,2:16:27,6:05:54
917,549,Carol Pedauga,F45-49,115,Female,Ecuador,42:02,,3:19:40,,1:55:37,6:05:56
918,445,Emma Edworthy,F45-49,116,Female,United Kingdom,35:08,,3:03:14,,2:16:48,6:06:00
919,673,Deidre Derworiz,F40-44,150,Female,Canada,40:07,,3:20:15,,1:57:55,6:06:10
920,381,Valerie Turlot,F50-54,74,Female,Belgium,37:28,,3:22:19,,1:56:23,6:06:10
921,958,Lynn Guan,F35-39,154,Female,Malaysia,40:01,,3:13:26,,2:00:59,6:06:17
922,1637,Mariana Rabischoffsky,F18-24,52,Female,Brazil,41:30,,3:11:49,,2:00:52,6:06:26
923,1292,Javiera Pérez de Albéniz,F30-34,167,Female,Chile,37:18,,3:18:02,,2:02:28,6:06:40
924,1327,Karen E Ling Siah,F30-34,168,Female,Malaysia,55:30,,3:12:49,,1:49:44,6:06:44
925,407,Graciema Bertoletti,F45-49,117,Female,Brazil,36:05,,3:29:29,,1:49:44,6:06:54
926,880,Sarah Beale,F35-39,155,Female,United Kingdom,47:03,,3:11:08,,1:57:15,6:07:02
927,605,Alicja Weyer,F45-49,118,Female,Poland,35:48,,2:55:42,,2:27:48,6:07:04
928,1006,Holly Elizabeth Metcalfe,F35-39,156,Female,United Kingdom,38:28,,3:21:19,,1:58:33,6:07:09
929,1430,Caitlyn Evett,F25-29,138,Female,United States,38:50,,3:18:47,,2:02:11,6:07:10
930,802,Carly Relf,F40-44,151,Female,United Kingdom,34:52,,3:17:07,,2:05:38,6:07:11
931,224,Angela Scarangella,F55-59,33,Female,United States,42:35,,3:11:30,,1:56:40,6:07:14
932,334,Karen Morgan,F50-54,75,Female,South Africa,37:12,,3:09:03,,2:10:10,6:07:16
933,318,Annemarie Kilshaw,F50-54,76,Female,Australia,36:59,,3:17:41,,2:04:36,6:07:22
934,963,Shelly Hammons,F35-39,157,Female,United States,40:52,,3:20:35,,1:54:48,6:07:31
935,162,Hursula Fortkamp,F55-59,34,Female,Brazil,38:37,,3:26:34,,1:50:05,6:07:32
936,332,Laura Money,F50-54,77,Female,Canada,40:51,,3:13:01,,2:04:45,6:07:33
937,1531,Alexandra Reid,F25-29,139,Female,South Africa,36:03,,3:11:57,,2:10:50,6:07:33
938,328,Audrey Liebenberg,F50-54,78,Female,South Africa,42:07,,3:23:05,,1:52:52,6:07:35
939,1347,Dr. Kathrin Vergin,F30-34,169,Female,Germany,42:07,,3:10:53,,2:07:47,6:07:40
940,252,Nasrin Azari,F50-54,79,Female,United States,36:12,,3:10:24,,2:08:44,6:07:44
941,199,Josephine Mori Stoodley,F55-59,35,Female,Canada,48:13,,3:25:45,,1:44:04,6:07:48
942,1036,Nisel Parsons,F35-39,158,Female,United States,45:19,,3:17:06,,1:56:49,6:07:49
943,849,Yuki Tokuda,F40-44,152,Female,Japan,38:52,,3:07:08,,2:12:27,6:07:52
944,340,Agnes Nieburg,F50-54,80,Female,South Africa,37:49,,3:13:17,,2:06:02,6:08:00
945,1562,Diana Vergara,F25-29,140,Female,Colombia,42:47,,3:18:44,,1:56:48,6:08:07
946,477,Katia Hadaschik,F45-49,119,Female,Germany,37:04,,3:17:31,,2:05:31,6:08:22
947,1300,Margie Patricia Real,F30-34,170,Female,Panama,34:52,,3:15:46,,2:08:47,6:08:30
948,735,Margaret Ko,F40-44,153,Female,Taiwan,37:38,,3:13:09,,2:08:22,6:08:31
949,1125,Gabriela Paz Aramayo Castillo,F30-34,171,Female,Chile,42:37,,3:24:21,,1:51:05,6:08:31
950,132,Jean Watson,F60-64,13,Female,United States,44:34,,3:14:10,,1:56:42,6:08:35
951,184,Kristine Lavin,F55-59,36,Female,United States,42:09,,3:19:09,,1:56:06,6:08:37
952,144,Mary Bussell,F55-59,37,Female,Australia,35:49,,3:21:36,,2:01:29,6:08:38
953,1138,Natasha Boshoff,F30-34,172,Female,South Africa,40:06,,3:07:45,,2:11:14,6:08:41
954,629,Emma Blacklock,F40-44,154,Female,Australia,35:19,,3:16:29,,2:06:58,6:08:58
955,262,Maria Luisa Brain,F50-54,81,Female,Chile,36:02,,3:13:58,,2:09:18,6:08:59
956,679,Marian Fairlie,F40-44,155,Female,United States,43:52,,3:22:20,,1:53:46,6:09:01
957,122,Denise Ross,F60-64,14,Female,Canada,42:29,,3:23:53,,1:53:02,6:09:01
958,174,Monica Iacometti,F55-59,38,Female,United States,29:25,,3:12:37,,2:16:34,6:09:03
959,884,Vickie Bellemare,F35-39,159,Female,Canada,45:14,,3:18:20,,1:56:15,6:09:29
960,495,Mischelle Jolly,F45-49,120,Female,South Africa,35:42,,3:06:50,,2:15:10,6:09:30
961,502,Gamze Kircalioglu,F45-49,121,Female,Turkey,32:57,,3:09:45,,2:15:49,6:09:34
962,830,Amy Sipe,F40-44,156,Female,United States,33:51,,3:39:17,,1:48:15,6:09:39
963,1651,Elisabeth Sorenson,F18-24,53,Female,United States,32:45,,3:19:25,,2:05:10,6:09:40
964,1050,Meredith Rigdon,F35-39,160,Female,United States,39:54,,3:01:16,,2:13:14,6:09:53
965,229,Alison Simmons,F55-59,39,Female,United States,32:44,,3:26:45,,2:00:15,6:10:06
966,1443,Laura Gebauer,F25-29,141,Female,Germany,33:45,,3:34:57,,1:54:00,6:10:09
967,1338,Lucy Tapia,F30-34,173,Female,Ecuador,37:36,,3:20:27,,2:04:49,6:10:31
968,1027,Valerie Nossar,F35-39,161,Female,Peru,42:36,,3:20:14,,1:54:15,6:10:37
969,1227,Line Thoring Flagstad,F30-34,174,Female,Denmark,36:23,,3:18:30,,2:06:45,6:10:39
970,826,Jody Shoup,F40-44,157,Female,United States,40:42,,3:42:30,,1:36:20,6:10:45
971,361,Anke Sauer,F50-54,82,Female,Germany,39:49,,3:19:06,,1:58:18,6:11:06
972,1447,Julie Gonzalez,F25-29,142,Female,France,32:12,,3:19:44,,2:07:47,6:11:09
973,1440,Yuen Tsz Cherrie Fung,F25-29,143,Female,Hong Kong,34:48,,3:17:57,,2:10:43,6:11:12
974,1112,Rochelle Youngson,F35-39,162,Female,New Zealand,37:57,,3:20:31,,2:00:13,6:11:27
975,1030,Tania Nuñez,F35-39,163,Female,Mexico,42:44,,3:29:17,,1:48:28,6:11:28
976,975,Diana Hernandez,F35-39,164,Female,Colombia,43:09,,3:19:21,,2:00:10,6:11:30
977,1470,Deana Jagielo,F25-29,144,Female,United States,38:39,,3:40:30,,1:44:48,6:11:43
978,295,Beatriz Eugenia Lund,F50-54,83,Female,Argentina,35:31,,3:13:37,,2:12:56,6:11:44
979,1405,Rosita Chavez Galaz,F25-29,145,Female,Chile,40:57,,3:25:35,,1:56:52,6:11:45
980,323,Maria Kolosova,F50-54,84,Female,Russian Federation,42:43,,3:30:27,,1:50:13,6:11:48
981,952,Camila Gozetto,F35-39,165,Female,Brazil,39:36,,3:01:15,,2:22:44,6:11:59
982,154,Annabella Desbarbieux,F55-59,40,Female,France,38:34,,3:14:23,,2:08:20,6:11:59
983,519,Melonie Macdonald,F45-49,122,Female,Canada,39:15,,3:11:16,,2:12:22,6:12:14
984,183,Venetia Landman,F55-59,41,Female,South Africa,36:57,,3:10:44,,2:15:09,6:12:15
985,1619,Mao Kurano,F18-24,54,Female,Japan,27:26,,3:22:17,,2:14:54,6:12:32
986,491,Adriana Jaramillo,F45-49,123,Female,Colombia,43:29,,3:12:47,,2:04:06,6:12:40
987,175,Charlotte Jassan,F55-59,42,Female,Mexico,38:26,,3:20:38,,2:01:28,6:12:47
988,546,Karime Nevarez,F45-49,124,Female,United States,54:34,,3:21:05,,1:50:00,6:13:00
989,486,Samantha Holyoak,F45-49,125,Female,Hong Kong,33:56,,3:28:46,,1:59:17,6:13:02
990,564,Marcela Rubio,F45-49,126,Female,Chile,44:38,,3:27:25,,1:50:28,6:13:02
991,399,Lynda Anderson,F45-49,127,Female,United Kingdom,47:20,,3:11:26,,2:05:08,6:13:09
992,1141,Nakita Brown,F30-34,175,Female,Australia,38:39,,3:15:19,,2:09:55,6:13:13
993,200,Natalie Mort,F55-59,43,Female,Australia,40:57,,3:22:57,,1:56:52,6:13:27
994,713,Julia Herrmann,F40-44,158,Female,United States,46:36,,3:12:21,,2:00:20,6:13:28
995,356,Laurie Rose,F50-54,85,Female,United States,41:59,,3:15:59,,2:05:44,6:13:32
996,1328,TATUM-KATE SOLE,F30-34,176,Female,South Africa,51:53,,3:12:26,,2:00:52,6:13:34
997,208,Maria Price,F55-59,44,Female,United States,40:23,,3:23:03,,2:01:19,6:13:36
998,375,Yuhua Tao,F50-54,86,Female,China,43:54,,3:18:37,,2:03:57,6:13:39
999,1353,Kim Turner,F30-34,177,Female,New Zealand,31:22,,3:12:40,,2:21:57,6:13:40
1000,650,Corlia Coetzee,F40-44,159,Female,South Africa,42:36,,3:14:14,,2:04:58,6:13:46
1001,380,Cat Thomas,F50-54,87,Female,United Kingdom,43:55,,3:14:33,,2:04:26,6:13:55
1002,1167,Angela De Gouveia,F30-34,178,Female,South Africa,43:12,,3:18:02,,2:03:40,6:14:06
1003,180,Eva Kiss-Kraft,F55-59,45,Female,Germany,38:45,,3:09:00,,2:15:14,6:14:17
1004,1370,Melissa Fay Abbey,F25-29,146,Female,South Africa,36:24,,3:25:50,,2:03:18,6:14:29
1005,1339,Cheryl Tay,F30-34,179,Female,Singapore,44:44,,3:12:30,,2:08:28,6:14:29
1006,1209,Robin Hayes,F30-34,180,Female,United States,40:38,,3:19:04,,2:04:25,6:14:41
1007,397,Dina Altayeb,F45-49,128,Female,Saudi Arabia,42:30,,3:16:44,,2:03:01,6:14:47
1008,393,Larissa Zanovello,F50-54,88,Female,Switzerland,36:23,,3:27:02,,2:03:47,6:14:52
1009,155,Diane Wiesner,F55-59,46,Female,Germany,39:01,,3:16:00,,2:11:05,6:14:55
1010,1553,Jennifer Sylka,F25-29,147,Female,United States,33:47,,3:18:32,,2:12:54,6:15:02
1011,1401,Minerva Cervantes Ponce,F25-29,148,Female,Mexico,30:06,,3:34:37,,2:01:52,6:15:03
1012,1540,Catharina Schmalfuß,F25-29,149,Female,Germany,41:32,,3:22:27,,1:57:14,6:15:05
1013,889,Judith Boschini,F35-39,166,Female,France,44:27,,3:08:50,,2:14:47,6:15:07
1014,574,Tana Setness Hoefs,F45-49,129,Female,United States,41:30,,3:23:53,,2:01:54,6:15:29
1015,1646,Laura Schweizer,F18-24,55,Female,Germany,36:25,,3:33:37,,1:55:03,6:15:39
1016,172,Sindy Hooper,F55-59,47,Female,Canada,39:37,,3:23:14,,2:03:14,6:15:41
1017,299,Elizma Geldenhuys,F50-54,89,Female,South Africa,35:15,,3:15:23,,2:16:01,6:15:42
1018,714,Mary Ho,F40-44,160,Female,Hong Kong,45:30,,3:12:53,,2:09:41,6:16:07
1019,1028,Fabiola Noya,F35-39,167,Female,Bolivia,43:39,,3:26:23,,1:58:15,6:16:11
1020,1305,Monique Richter,F30-34,181,Female,Germany,41:23,,3:23:39,,2:03:03,6:16:31
1021,1558,Leanne Van Den Berg,F25-29,150,Female,South Africa,34:10,,3:22:32,,2:07:27,6:16:36
1022,832,Elizabeth Gordon,F40-44,161,Female,United States,42:50,,3:14:55,,2:10:04,6:16:43
1023,1320,Martina Schilke,F30-34,182,Female,Germany,46:24,,3:14:20,,2:06:23,6:16:46
1024,747,Megan Lawton,F40-44,162,Female,United States,42:59,,3:25:37,,1:59:11,6:16:50
1025,727,Varley James,F40-44,163,Female,Australia,37:22,,3:16:54,,2:10:20,6:16:54
1026,834,Tara Snow,F40-44,164,Female,United States,39:29,,3:13:09,,2:14:53,6:17:00
1027,590,Maria Victoria Tan,F45-49,130,Female,Philippines,41:22,,3:10:01,,2:13:19,6:17:10
1028,433,Rachael Davies,F45-49,131,Female,Australia,40:45,,3:25:13,,2:01:46,6:17:12
1029,561,Jahna Rinaldi,F45-49,132,Female,United States,39:02,,3:26:03,,2:00:13,6:17:13
1030,395,Fernanda Aguiar,F45-49,133,Female,Brazil,38:35,,3:18:36,,2:09:56,6:17:34
1031,734,Melissa Kinmartin,F40-44,165,Female,United States,43:56,,3:20:12,,2:00:39,6:17:37
1032,1529,Shaun Provost,F25-29,151,Female,United States,46:43,,3:33:44,,1:47:37,6:17:41
1033,1045,Constanza Ramirez,F35-39,168,Female,Chile,45:03,,3:17:08,,2:07:43,6:17:43
1034,1373,Jamila Allen,F25-29,152,Female,United States,39:47,,3:24:26,,1:59:52,6:17:53
1035,528,Heather Mcintyre,F45-49,134,Female,United States,40:36,,3:08:49,,2:15:45,6:17:57
1036,347,Bozena Pedowska,F50-54,90,Female,Poland,44:12,,3:23:57,,1:59:27,6:18:05
1037,1174,April Yoho,F30-34,183,Female,United Kingdom,39:30,,3:16:15,,2:12:40,6:18:10
1038,391,Nicole Willi,F50-54,91,Female,Switzerland,35:25,,3:13:53,,2:17:44,6:18:30
1039,676,Lucy Edge,F40-44,166,Female,United Kingdom,44:53,,3:26:10,,1:57:54,6:18:31
1040,205,Carmen Ponce,F55-59,48,Female,Chile,39:12,,3:27:12,,2:03:18,6:18:38
1041,1008,Michelle Müller,F35-39,169,Female,Germany,47:42,,3:18:52,,2:04:22,6:18:38
1042,492,Alexandra Jaramillo,F45-49,135,Female,Ecuador,48:08,,3:13:23,,2:04:51,6:18:54
1043,523,Liz Makofsky,F45-49,136,Female,United States,34:51,,3:08:23,,2:23:06,6:19:11
1044,633,Amanda Borlotti,F40-44,167,Female,United Kingdom,40:25,,3:23:32,,2:04:12,6:19:15
1045,383,Lorena Valdes,F50-54,92,Female,Mexico,45:30,,3:04:26,,2:19:03,6:19:18
1046,1312,Sonia Sanchez,F30-34,184,Female,United States,45:04,,3:18:35,,2:04:27,6:19:21
1047,620,Jeanette Barreau,F40-44,168,Female,Chile,40:31,,3:27:40,,2:02:01,6:19:28
1048,1607,Shelby Hummel,F18-24,56,Female,United States,39:37,,3:25:07,,2:07:29,6:19:38
1049,593,Cora Torres,F45-49,137,Female,Puerto Rico,32:55,,3:13:31,,2:22:28,6:19:42
1050,589,Sneeta Takhar,F45-49,138,Female,Canada,42:07,,3:23:46,,2:03:53,6:19:45
1051,1592,Megan Crozier,F18-24,57,Female,United States,39:50,,3:30:52,,1:58:58,6:19:51
1052,314,Gabi Itter,F50-54,93,Female,Germany,48:05,,3:23:52,,1:57:14,6:20:05
1053,164,María Laura Galar Sorenson,F55-59,49,Female,Argentina,41:45,,3:15:30,,2:12:56,6:20:09
1054,681,Lisa Feller,F40-44,169,Female,United States,31:39,,3:35:24,,2:03:02,6:20:19
1055,992,Jeanette Lee,F35-39,170,Female,United States,56:49,,3:05:33,,2:07:16,6:20:29
1056,566,Sandra Sabourin,F45-49,139,Female,Canada,33:38,,3:09:36,,2:25:00,6:20:30
1057,1265,Stephanie McBride-Bergantine,F30-34,185,Female,United States,39:26,,3:17:00,,2:13:50,6:21:01
1058,563,Naseema Roue,F45-49,140,Female,United Kingdom,46:12,,3:23:47,,1:58:35,6:21:19
1059,1182,Gimena Filadoro,F30-34,186,Female,Argentina,48:20,,3:27:28,,1:52:53,6:21:19
1060,959,Genia Gulyas,F35-39,171,Female,Hungary,41:48,,3:21:53,,2:06:23,6:21:21
1061,449,Hollee Erlandson,F45-49,141,Female,United States,41:37,,3:19:07,,2:12:13,6:21:23
1062,171,Karyn Hoffman,F55-59,50,Female,United States,46:51,,3:16:26,,2:05:25,6:21:27
1063,143,Michele Bogus,F55-59,51,Female,United States,49:49,,3:18:09,,2:02:43,6:21:31
1064,837,Karena Spencer,F40-44,170,Female,Australia,40:59,,3:32:37,,1:57:56,6:21:43
1065,863,Tamara Webb,F40-44,171,Female,United States,38:04,,3:23:16,,2:09:45,6:21:47
1066,255,Anne Bennett,F50-54,94,Female,United Kingdom,41:28,,3:22:51,,2:07:00,6:21:48
1067,1513,Rachael Nickels,F25-29,153,Female,New Zealand,39:18,,3:32:17,,2:01:15,6:22:05
1068,188,Salome Loots,F55-59,52,Female,South Africa,39:38,,3:23:06,,2:11:38,6:22:16
1069,557,Nada Prouty,F45-49,142,Female,United States,43:52,,3:29:08,,1:57:11,6:22:17
1070,1193,Catalina Gerstle,F30-34,187,Female,Chile,48:43,,3:11:31,,2:13:57,6:22:23
1071,1510,Brae Mort,F25-29,154,Female,Australia,34:40,,3:44:49,,1:54:53,6:22:26
1072,1438,Laly Foo Kong,F25-29,155,Female,Peru,40:17,,3:24:29,,2:10:37,6:22:27
1073,582,Valeria Stade,F45-49,143,Female,Chile,43:23,,3:27:04,,2:02:07,6:22:33
1074,1503,Allyce Mcwhorter,F25-29,156,Female,United States,32:32,,3:28:32,,2:11:09,6:22:34
1075,352,Caroline Riopel,F50-54,95,Female,Canada,30:46,,3:20:22,,2:18:52,6:22:46
1076,1198,Camille Gomez,F30-34,188,Female,Philippines,41:46,,3:28:40,,2:03:25,6:22:53
1077,263,Lynn Brannon,F50-54,96,Female,United States,36:53,,3:12:25,,2:24:14,6:22:56
1078,133,Holly Wick,F60-64,15,Female,United States,42:46,,3:12:53,,2:18:26,6:23:00
1079,954,Jan Graham,F35-39,172,Female,United Kingdom,34:59,,3:38:58,,1:59:36,6:23:05
1080,216,Mary Ritter,F55-59,53,Female,United States,41:25,,3:10:43,,2:21:30,6:23:12
1081,761,Jennifer Mathe,F40-44,172,Female,United States,35:56,,3:19:25,,2:17:47,6:23:21
1082,142,Diane Williams,F55-59,54,Female,Australia,31:44,,3:10:59,,2:31:00,6:23:24
1083,358,Angelica Ruiz,F50-54,97,Female,Colombia,45:05,,3:23:35,,2:03:52,6:23:27
1084,346,Rae Jean Pearce,F50-54,98,Female,Australia,42:41,,3:17:15,,2:12:43,6:23:39
1085,196,Lynn-Anne Mcmullan,F55-59,55,Female,United States,41:22,,3:15:13,,2:18:11,6:23:50
1086,893,Victoria Brasca,F35-39,173,Female,Argentina,38:40,,3:14:32,,2:22:17,6:24:02
1087,900,Erin Burns,F35-39,174,Female,Australia,38:27,,3:21:48,,2:14:34,6:24:07
1088,355,Kathy Roche,F50-54,99,Female,United States,38:29,,3:28:24,,2:04:17,6:24:32
1089,1569,Pauline Werner,F25-29,157,Female,United States,36:15,,3:34:13,,1:57:59,6:24:35
1090,84,Alison Carpenter,F60-64,16,Female,United Kingdom,51:57,,3:20:10,,1:58:09,6:24:36
1091,512,Andreia Legramante,F45-49,144,Female,Brazil,37:39,,3:17:13,,2:18:21,6:24:46
1092,1191,Alejandra Galarza Vargas,F30-34,189,Female,Ecuador,51:15,,3:16:14,,2:00:19,6:24:46
1093,128,Nadia Teixeira De Siqueira,F60-64,17,Female,Brazil,44:27,,3:24:09,,1:59:38,6:24:47
1094,616,Diane Allard,F40-44,173,Female,Canada,44:07,,3:19:35,,2:12:03,6:24:56
1095,1493,Kirsty Lunn,F25-29,158,Female,United Kingdom,44:34,,3:21:28,,2:07:40,6:25:08
1096,723,Nao Imamoto,F40-44,174,Female,Japan,42:20,,3:26:26,,2:03:20,6:25:11
1097,140,Sonia Ballard,F55-59,56,Female,South Africa,38:23,,3:13:16,,2:21:27,6:25:12
1098,494,Michelle Johnson,F45-49,145,Female,United States,42:54,,3:12:57,,2:20:58,6:25:35
1099,1251,Rebecca Logan,F30-34,190,Female,United Kingdom,42:02,,3:30:29,,2:04:12,6:25:40
1100,153,Sandi Delcore,F55-59,57,Female,United States,42:01,,3:22:37,,2:06:17,6:25:57
1101,544,Barbie Nakamura,F45-49,146,Female,United States,48:24,,3:24:58,,1:58:37,6:25:58
1102,1015,Azzurra Ministrini,F35-39,175,Female,Italy,36:15,,3:24:42,,2:16:10,6:26:19
1103,398,Caresse Amenta,F45-49,147,Female,United States,41:57,,3:23:41,,2:05:39,6:26:23
1104,874,Amanda Anderson,F35-39,176,Female,Australia,35:22,,3:28:26,,2:10:28,6:26:24
1105,1084,Jennifer Turchin,F35-39,177,Female,United States,37:31,,3:15:30,,2:24:25,6:26:24
1106,846,Yvonne Teo,F40-44,175,Female,Singapore,39:34,,3:16:54,,2:19:41,6:26:28
1107,261,Kim Bradley,F50-54,100,Female,Australia,43:24,,3:19:42,,2:10:20,6:26:29
1108,876,Fernanda Arrasate,F35-39,178,Female,Chile,39:18,,3:20:30,,2:19:02,6:26:47
1109,343,Gabriela Obregon,F50-54,101,Female,Argentina,45:57,,3:11:11,,2:17:30,6:26:48
1110,367,Sayuri Kamehama,F50-54,102,Female,Japan,40:57,,3:22:52,,2:10:42,6:26:49
1111,751,Fabiana Lima,F40-44,176,Female,Brazil,44:18,,3:15:54,,2:15:46,6:26:50
1112,784,Sophie Noël,F40-44,177,Female,Belgium,44:03,,3:23:20,,2:05:33,6:26:56
1113,1316,Caitlin Saunders,F30-34,191,Female,United States,46:14,,3:20:41,,2:10:41,6:27:01
1114,578,Paula Smith,F45-49,148,Female,United States,44:21,,3:16:35,,2:12:08,6:27:14
1115,1380,Javiera Avila,F25-29,159,Female,Chile,36:54,,3:37:46,,2:03:45,6:27:15
1116,102,Audrey Hull,F60-64,18,Female,Australia,36:02,,3:24:24,,2:16:24,6:27:20
1117,1576,Maha Yacout,F25-29,160,Female,Egypt,36:41,,3:27:13,,2:11:40,6:27:58
1118,870,Andrea Aker,F35-39,179,Female,United States,41:05,,3:33:45,,2:00:36,6:27:58
1119,493,Robyn Johns,F45-49,149,Female,Australia,42:42,,3:33:38,,2:03:19,6:28:12
1120,871,Dina Aly,F35-39,180,Female,Egypt,41:56,,3:12:03,,2:18:50,6:28:17
1121,1276,Heather Dixon,F30-34,192,Female,United States,37:54,,3:28:27,,2:09:30,6:28:26
1122,269,Barbara Burkert,F50-54,103,Female,Germany,38:19,,3:21:56,,2:16:32,6:28:27
1123,157,Mary Dudzik,F55-59,58,Female,United States,41:16,,3:26:06,,2:09:24,6:28:49
1124,89,Nicky Deane-Simmons,F60-64,19,Female,United Kingdom,39:05,,3:23:40,,2:16:47,6:29:15
1125,69,Kathleen Peck,F65-69,2,Female,United States,40:05,,3:20:58,,2:12:29,6:29:15
1126,165,Aileen Gallegos,F55-59,59,Female,Mexico,41:48,,3:26:49,,2:07:42,6:29:15
1127,111,Joyce Langridge,F60-64,20,Female,Canada,42:04,,3:09:21,,2:27:29,6:29:23
1128,1002,Julie Marschner,F35-39,181,Female,United States,35:35,,3:22:59,,2:21:33,6:29:42
1129,1216,Kathryn Hores,F30-34,193,Female,United States,34:54,,3:13:53,,2:29:39,6:29:56
1130,1272,CLaudia Morato Guimaraes,F30-34,194,Female,Brazil,39:44,,3:32:18,,2:07:44,6:30:02
1131,991,Lindsay Launius,F35-39,182,Female,United States,35:31,,3:31:23,,2:12:20,6:30:18
1132,823,Patricia Vetter,F40-44,178,Female,United States,42:03,,3:44:29,,1:54:18,6:30:34
1133,1113,Marriana Yulo,F35-39,183,Female,Philippines,43:34,,3:19:06,,2:18:01,6:31:00
1134,1643,Danske Scherpereel,F18-24,58,Female,Belgium,38:24,,3:30:55,,2:11:30,6:31:02
1135,218,Michele Roche,F55-59,60,Female,Australia,39:43,,3:26:08,,2:15:06,6:31:04
1136,1532,Aglay Riveros,F25-29,161,Female,Mexico,35:47,,3:30:14,,2:15:30,6:31:11
1137,788,Katherine Offermann,F40-44,179,Female,Chile,44:35,,3:31:25,,2:06:43,6:31:20
1138,1122,Catalina Andrade Valarezo,F30-34,195,Female,Ecuador,39:33,,3:37:54,,2:01:09,6:31:26
1139,470,Hayley Goldberg,F45-49,150,Female,Hong Kong,39:17,,3:38:53,,2:01:11,6:31:39
1140,273,Jami Callahan-Brill,F50-54,104,Female,United States,38:32,,3:25:47,,2:16:11,6:31:42
1141,1225,Jennifer Andrea Jara Canovas,F30-34,196,Female,Chile,45:22,,3:22:38,,2:12:55,6:31:57
1142,732,Michelle Kelsey,F40-44,180,Female,United States,43:43,,3:36:45,,2:00:08,6:32:30
1143,731,Michele Kelly,F40-44,181,Female,Aruba,51:42,,3:24:46,,1:59:25,6:32:37
1144,517,Loreto Lizana,F45-49,151,Female,Chile,31:48,,3:32:00,,2:19:57,6:32:48
1145,1151,Marta Centeno Sampere,F30-34,197,Female,Spain,41:03,,3:20:26,,2:22:55,6:33:06
1146,1072,Christa St. Cyr,F35-39,184,Female,United States,44:41,,3:27:11,,2:08:15,6:33:14
1147,1217,Kristel Hornauer,F30-34,198,Female,Chile,47:17,,3:19:40,,2:15:07,6:33:25
1148,137,Trine Ahlburg,F55-59,61,Female,Denmark,45:00,,3:08:54,,2:27:42,6:33:30
1149,539,Dawn Mihalovic-Bayer,F45-49,152,Female,United States,42:34,,3:32:32,,2:09:08,6:33:35
1150,1076,Vanja Svendsen,F35-39,185,Female,Norway,44:08,,3:29:10,,2:10:41,6:33:38
1151,365,Sonja Schweizer,F50-54,105,Female,Germany,35:29,,3:42:10,,2:03:59,6:34:34
1152,303,Therese Gregorio,F50-54,106,Female,Canada,46:18,,3:21:34,,2:16:59,6:34:49
1153,657,Tracy Courtney,F40-44,182,Female,United States,44:13,,3:27:43,,2:13:03,6:35:18
1154,1375,Amanda Alvarado,F25-29,162,Female,Panama,41:02,,3:21:04,,2:22:13,6:35:47
1155,382,Nicole Tziavaras,F50-54,107,Female,Australia,39:33,,3:27:26,,2:18:28,6:36:02
1156,1208,Henriette Haugaard Jensen,F30-34,199,Female,Denmark,42:31,,3:22:05,,2:22:22,6:36:18
1157,1588,Melanie Centeno,F18-24,59,Female,Argentina,42:15,,3:37:10,,2:06:25,6:36:20
1158,1661,Amber Yu,F18-24,60,Female,Taiwan,49:25,,3:32:45,,2:04:16,6:36:28
1159,482,Shellie Heggenberger,F45-49,153,Female,Germany,39:57,,3:27:14,,2:22:08,6:36:29
1160,232,Patricia Morton,F55-59,62,Female,United States,46:59,,3:29:41,,2:03:56,6:37:01
1161,452,Angie Ferguson,F45-49,154,Female,United States,34:48,,3:27:41,,2:20:58,6:37:21
1162,699,Karen Gresham,F40-44,183,Female,United States,45:12,,3:33:54,,2:06:12,6:37:30
1163,204,Celia Pienaar,F55-59,63,Female,South Africa,38:26,,3:23:33,,2:25:39,6:37:43
1164,850,Andrea Torrejon,F40-44,184,Female,Chile,33:15,,3:36:38,,2:19:58,6:38:01
1165,1282,Lauren O'Connor,F30-34,200,Female,Australia,40:27,,3:29:27,,2:19:02,6:38:23
1166,1131,Natasha Bangel-Askren,F30-34,201,Female,United States,43:27,,3:23:17,,2:23:22,6:38:24
1167,101,Lorraine Huether,FPC,,Female,United States,41:45,,3:34:51,,2:09:42,6:38:44
1168,370,Judith Stevenson,F50-54,108,Female,South Africa,37:10,,3:25:46,,2:25:10,6:38:46
1169,526,Kory Mcdonald,F45-49,155,Female,Canada,40:59,,3:07:45,,2:38:54,6:39:16
1170,86,Peggy Clews,F60-64,21,Female,United States,40:25,,3:23:46,,2:17:59,6:39:28
1171,772,Marcela Mihanovich,F40-44,185,Female,Singapore,49:45,,3:32:44,,2:08:06,6:39:30
1172,63,Diane Cridennda,F65-69,3,Female,United States,41:51,,3:28:33,,2:13:06,6:39:30
1173,377,Deb Taylor,F50-54,109,Female,United States,47:26,,3:47:11,,1:52:30,6:40:11
1174,1026,Janice Hardman,F35-39,186,Female,South Africa,36:22,,3:38:10,,2:13:42,6:40:13
1175,326,Sarah Lay Keong Tan,F50-54,110,Female,Singapore,45:18,,3:25:40,,2:11:18,6:40:21
1176,292,Jane Elton,F50-54,111,Female,Australia,59:54,,3:27:14,,2:02:20,6:40:34
1177,798,Janaina Porto Alegre,F40-44,186,Female,Brazil,42:38,,3:20:25,,2:24:34,6:40:43
1178,214,Maren Riedel,F55-59,64,Female,Germany,43:12,,3:20:50,,2:24:30,6:40:49
1179,176,Stephanie Johnston,F55-59,65,Female,Australia,49:07,,3:35:49,,2:04:45,6:41:23
1180,1621,NGAN LAM TUC,F18-24,61,Female,Vietnam,53:58,,3:29:38,,2:07:47,6:41:26
1181,438,Kelly Diggs,F45-49,156,Female,United States,52:49,,3:24:18,,2:15:37,6:41:31
1182,1108,Alice Williams,F35-39,187,Female,Australia,36:16,,3:20:04,,2:34:34,6:41:31
1183,1545,Ana Luiza Sousa Sampaio,F25-29,163,Female,Brazil,46:28,,3:39:12,,2:06:05,6:42:32
1184,599,Maria Fernanda Ventura,F45-49,157,Female,Argentina,48:18,,3:38:06,,2:04:44,6:42:39
1185,70,Patricia Rosen,F65-69,4,Female,United States,41:46,,3:29:40,,2:17:58,6:42:40
1186,423,Paddy Cloete,F45-49,158,Female,South Africa,42:32,,3:26:17,,2:22:31,6:42:44
1187,92,Judith Ecochard,F60-64,22,Female,United States,48:37,,3:15:08,,2:27:02,6:43:04
1188,1498,Heather Mayer,F25-29,164,Female,United States,34:02,,2:30:28,,3:32:27,6:43:17
1189,94,Lynette Fischer,F60-64,23,Female,South Africa,35:35,,3:19:31,,2:38:16,6:43:17
1190,260,Claudia Bosman,F50-54,112,Female,United States,37:51,,3:29:16,,2:23:56,6:43:19
1191,1147,Marian Carabllo,F45-49,159,Female,Puerto Rico,40:57,,3:42:44,,2:08:35,6:43:26
1192,116,Laurie Oconnor,F60-64,24,Female,United States,48:13,,3:23:49,,2:18:16,6:43:40
1193,112,Kathy Laphilliph,F60-64,25,Female,United States,44:23,,3:28:17,,2:19:15,6:43:55
1194,918,Felicity Cox,F35-39,188,Female,Australia,36:50,,3:29:00,,2:29:10,6:43:56
1195,987,Kelly Lang,F55-59,66,Female,United States,45:03,,3:22:51,,2:16:08,6:44:11
1196,1079,Charity Taranik,F35-39,189,Female,Canada,44:23,,3:32:28,,2:10:46,6:44:14
1197,1570,Marsha Wessels,F45-49,160,Female,South Africa,37:13,,3:42:06,,2:12:25,6:44:34
1198,785,Claudia Nogueira,F40-44,187,Female,Uruguay,48:02,,3:37:28,,2:07:45,6:44:34
1199,817,Tiffany Saunders,F40-44,188,Female,United States,36:42,,3:47:39,,2:09:01,6:44:36
1200,894,Rita Braz Kellmann,F35-39,190,Female,Brazil,44:37,,3:10:27,,2:38:57,6:44:51
1201,240,Laureane Vasquez Dornelles,F55-59,67,Female,Brazil,46:47,,3:36:10,,2:07:38,6:44:55
1202,170,Lindsay Hobbs,F55-59,68,Female,United Kingdom,40:29,,3:26:42,,2:27:10,6:45:07
1203,222,ROSANGELA VENANCIO DA SILVA SANTOS,F55-59,69,Female,Brazil,48:43,,3:34:28,,2:07:59,6:45:11
1204,567,May Salimbangon,F45-49,161,Female,Hong Kong,49:13,,3:34:50,,2:10:43,6:45:14
1205,455,Alessandra Filippinni,F45-49,162,Female,Brazil,40:50,,3:43:27,,2:09:45,6:45:29
1206,1381,Leah Bennetts,F25-29,165,Female,Australia,38:01,,3:45:13,,2:11:31,6:45:32
1207,639,Virginia Caballero,F40-44,189,Female,Argentina,49:27,,3:41:07,,2:04:19,6:45:33
1208,1078,Anna Tambovtseva,F35-39,191,Female,Russian Federation,51:43,,3:25:55,,2:11:25,6:45:47
1209,1645,Christiane Schreiner,F18-24,62,Female,Germany,46:13,,3:35:28,,2:11:49,6:46:26
1210,85,Rose Cintron-Allen,F60-64,26,Female,United States,44:18,,3:21:48,,2:26:52,6:46:33
1211,479,Katherine Harris,F45-49,163,Female,United States,39:13,,3:36:18,,2:20:45,6:46:40
1212,146,Lorraine Christian,F55-59,70,Female,United States,49:50,,3:33:48,,2:09:57,6:46:53
1213,910,Christina Chin-Hing,F35-39,192,Female,United States,36:15,,3:20:54,,2:33:14,6:46:55
1214,537,Patricia Migdal,F45-49,164,Female,Argentina,37:00,,3:31:12,,2:29:40,6:46:58
1215,322,Carol Koiro,F50-54,113,Female,United States,44:16,,3:28:08,,2:19:57,6:46:59
1216,108,Mary Jorden,F60-64,27,Female,United States,40:14,,3:19:23,,2:36:40,6:47:15
1217,505,Barb Kraus,F45-49,165,Female,United States,41:57,,3:21:59,,2:35:41,6:47:23
1218,534,Indaue Mello,F45-49,166,Female,United States,46:00,,3:36:10,,2:11:47,6:47:47
1219,219,Elisete Rollo,F55-59,71,Female,Brazil,43:09,,3:26:07,,2:27:55,6:47:54
1220,387,Gabriela Vona,F50-54,114,Female,Argentina,51:36,,3:50:17,,1:55:18,6:48:07
1221,353,Catherine Roberts,F50-54,115,Female,United Kingdom,34:56,,3:35:23,,2:26:22,6:48:33
1222,1186,Chelsea Foote,F30-34,202,Female,United States,43:27,,3:34:38,,2:17:45,6:48:51
1223,427,Massiel Denisse Cortés Vásquez,F45-49,167,Female,Chile,42:10,,3:33:44,,2:25:03,6:49:00
1224,141,Sabina Barrella,F55-59,72,Female,Argentina,42:23,,3:37:11,,2:16:38,6:49:20
1225,796,Tina Pham,F40-44,190,Female,Germany,44:11,,3:49:01,,2:02:34,6:49:23
1226,1486,Stephanie Lau,F25-29,166,Female,Hong Kong,41:07,,3:45:47,,2:13:43,6:49:30
1227,1273,Mariela Morera Sanchez,F30-34,203,Female,Costa Rica,45:32,,3:33:25,,2:14:39,6:49:31
1228,190,Mika Maeda,F55-59,73,Female,Japan,40:21,,3:37:08,,2:19:12,6:49:34
1229,274,Jodie Cancel,F50-54,116,Female,United States,41:32,,3:36:58,,2:17:18,6:49:39
1230,1005,Paz Mendoza,F35-39,193,Female,Argentina,52:09,,3:45:33,,2:03:23,6:49:41
1231,74,Pamela Williams,F65-69,5,Female,Australia,41:34,,3:43:36,,2:11:18,6:49:59
1232,1097,elona louise villacin,F35-39,194,Female,Philippines,45:38,,3:18:35,,2:36:12,6:50:09
1233,1448,Erika Gonzalez Ugalde,F25-29,167,Female,Mexico,46:45,,3:43:30,,2:09:24,6:50:42
1234,440,Nayiri Doudikian-Scaff,F45-49,168,Female,United States,39:37,,3:49:40,,2:10:10,6:50:54
1235,860,Sharon Wang,F40-44,191,Female,Taiwan,48:04,,3:42:01,,2:09:31,6:50:54
1236,321,Sandra Klingberg,F50-54,117,Female,Australia,40:54,,3:33:37,,2:21:29,6:51:11
1237,1308,Danae Rojas Silva,F30-34,204,Female,Chile,36:02,,3:38:36,,2:26:38,6:51:21
1238,236,Nancy Trigg,F55-59,74,Female,Canada,38:53,,3:28:22,,2:31:24,6:51:21
1239,83,Kim Campbell,F60-64,28,Female,Canada,42:27,,3:34:16,,2:19:12,6:51:23
1240,1612,Laura Johann,F18-24,63,Female,Germany,33:51,,3:34:25,,2:35:41,6:51:28
1241,138,Ingrid Arning,F55-59,75,Female,Paraguay,42:27,,3:23:16,,2:28:46,6:51:36
1242,792,Chelsea Olson,F40-44,192,Female,United States,39:24,,3:30:43,,2:29:43,6:51:51
1243,246,Beverley Woods,F55-59,76,Female,Australia,35:26,,3:53:05,,2:13:09,6:51:52
1244,635,Emma Brown,F40-44,193,Female,Australia,37:54,,3:37:00,,2:27:01,6:52:11
1245,1016,Jessica Mioduszewski,F35-39,195,Female,United States,39:13,,3:32:08,,2:28:49,6:52:12
1246,506,Kim Kroeger-Weeks,F45-49,169,Female,United States,38:12,,3:31:29,,2:29:28,6:52:19
1247,77,Elfie Baltes,F60-64,29,Female,Germany,42:47,,3:32:13,,2:23:03,6:52:22
1248,147,Dawn Claase,F55-59,77,Female,South Africa,43:17,,3:38:00,,2:16:45,6:52:34
1249,113,Shelley Leonard,F60-64,30,Female,United States,51:06,,3:32:08,,2:16:32,6:52:55
1250,1114,Marit Zahkna,F35-39,196,Female,Estonia,48:32,,3:42:17,,2:12:42,6:53:13
1251,588,Chiaki Takahashi,F45-49,170,Female,Japan,37:22,,3:48:14,,2:11:15,6:53:45
1252,594,Rochelle Green,F45-49,171,Female,United States,42:52,,3:33:56,,2:27:59,6:54:34
1253,120,Claire Racette,F60-64,31,Female,Canada,56:28,,3:17:50,,2:29:07,6:54:40
1254,1243,Chung Yan Grace Kwong,F40-44,194,Female,Hong Kong,53:38,,3:31:48,,2:14:04,6:55:08
1255,1385,Raymond Wagener,F50-54,118,Female,South Africa,44:33,,3:30:00,,2:30:35,6:55:16
1256,1455,Grace Hannigan,F25-29,168,Female,United States,41:33,,3:51:40,,2:11:38,6:55:20
1257,349,Angela Pietrofeso,F50-54,119,Female,United States,42:57,,3:36:57,,2:21:27,6:55:48
1258,1063,Saeko Minagawa,F35-39,197,Female,Japan,42:37,,3:49:38,,2:12:20,6:55:58
1259,237,Caroline Van Aartrijk,F55-59,78,Female,Qatar,36:08,,3:40:14,,2:27:09,6:57:21
1260,243,Carol Weber,F55-59,79,Female,United States,39:23,,3:34:00,,2:32:01,6:57:45
1261,81,Sandy Brown,F60-64,32,Female,United States,44:41,,3:32:12,,2:29:59,6:57:54
1262,1601,Keeley Gamble,F18-24,64,Female,Australia,34:30,,3:47:50,,2:28:12,6:58:34
1263,1110,Swellen Yano Dasilva,F35-39,198,Female,Brazil,36:59,,3:52:45,,2:18:33,6:59:03
1264,213,Cynthia Revesman,F55-59,80,Female,United States,38:48,,3:27:36,,2:38:43,7:00:11
1265,600,Fernanda Verniano,F45-49,172,Female,Brazil,59:25,,3:21:40,,2:27:46,7:01:07
1266,248,Veronica Aguirre,F50-54,120,Female,Peru,40:13,,3:30:40,,2:36:16,7:01:09
1267,1626,Thais Lopes Henriques,F18-24,65,Female,Brazil,41:59,,3:44:59,,2:20:38,7:01:34
1268,501,Keiko Kaitlin Kikuchi,F45-49,173,Female,Japan,34:08,,3:54:55,,2:11:41,7:01:47
1269,1223,Katie Jacob,F30-34,205,Female,Ireland,42:55,,3:50:47,,2:15:13,7:01:57
1270,119,Shelley Probber,F60-64,33,Female,United States,47:10,,3:34:40,,2:25:23,7:02:21
1271,1364,Catherine Woodworth,F30-34,206,Female,United States,39:39,,3:39:26,,2:28:17,7:02:26
1272,741,Katie Kurz,F40-44,195,Female,United States,38:47,,3:49:16,,2:16:43,7:03:21
1273,173,Julie House,F55-59,81,Female,United States,38:54,,3:41:20,,2:27:49,7:03:24
1274,338,Barbara Nelson,F50-54,121,Female,United States,44:24,,3:32:40,,2:32:35,7:04:04
1275,217,Paula Roberson,F55-59,82,Female,United States,48:02,,3:40:11,,2:21:48,7:04:11
1276,282,Claudia Cozzoni,F50-54,122,Female,Argentina,44:54,,3:50:03,,2:18:35,7:04:26
1277,72,Janet Van Woudenberg,F65-69,6,Female,Netherlands,47:59,,3:42:03,,2:20:57,7:04:34
1278,541,Yoriko Miyagawa,F45-49,174,Female,Japan,44:39,,3:43:15,,2:24:26,7:05:01
1279,91,Terry Dykshorn,F60-64,34,Female,United States,47:26,,3:33:20,,2:31:25,7:05:01
1280,71,Margaret Sills,F65-69,7,Female,United Kingdom,42:12,,3:54:17,,2:19:18,7:05:08
1281,1408,Emily Clavel,FPC,,Female,Venezuela,42:48,,3:57:17,,2:13:55,7:06:44
1282,569,Loreto Santa Cruz,F45-49,175,Female,Chile,50:31,,3:32:54,,2:33:31,7:06:49
1283,437,Ana Dias,F45-49,176,Female,Brazil,46:04,,3:47:10,,2:19:13,7:06:53
1284,228,Yvonne Shaw,F55-59,83,Female,New Zealand,47:54,,3:37:07,,2:30:38,7:07:41
1285,87,Gayle Colella,F60-64,35,Female,Australia,41:25,,3:54:34,,2:18:43,7:08:17
1286,192,Denise Major,F55-59,84,Female,South Africa,42:06,,3:36:13,,2:34:38,7:09:07
1287,401,Angel Brock,F45-49,177,Female,United States,42:38,,3:46:32,,2:24:34,7:09:35
1288,692,Nadia Glazier,F40-44,196,Female,Australia,41:14,,3:40:44,,2:36:51,7:10:07
1289,580,Kate Sommerville,F45-49,178,Female,Australia,37:26,,3:49:24,,2:28:35,7:10:38
1290,783,Ho Yan Ng,F40-44,197,Female,Hong Kong,51:59,,3:46:40,,2:18:17,7:11:06
1291,341,Monica Nofal,F50-54,123,Female,Argentina,35:51,,3:39:30,,2:39:17,7:11:45
1292,1489,Michelle Lindqvist,F25-29,169,Female,Sweden,45:50,,3:51:27,,2:25:20,7:11:51
1293,1627,Kelley Manbeck,F18-24,66,Female,United States,34:20,,3:56:53,,2:28:44,7:12:21
1294,1221,Carla Ioshiura,F30-34,207,Female,Brazil,47:10,,3:53:59,,2:08:38,7:12:22
1295,93,Corinne Fabian,F60-64,36,Female,Australia,40:18,,3:50:12,,2:31:46,7:13:39
1296,867,Svetlana Afonina,F35-39,199,Female,Russian Federation,46:31,,3:58:35,,2:13:51,7:13:49
1297,927,Christina Ekonomi,F35-39,200,Female,United States,50:25,,3:58:53,,2:15:03,7:14:08
1298,201,Cruz Naretto Harvey,F55-59,85,Female,Chile,36:43,,3:47:31,,2:37:15,7:14:23
1299,559,Dennis Respecki,F45-49,179,Female,United States,38:12,,3:58:39,,2:25:58,7:15:02
1300,152,Gabriela De Lara,F55-59,86,Female,Mexico,48:01,,3:44:38,,2:28:36,7:16:00
1301,82,Yvonne Brusky,F60-64,37,Female,United States,52:02,,3:41:27,,2:29:08,7:16:55
1302,316,Robyn Kahn,F50-54,124,Female,United States,38:15,,3:37:17,,2:46:09,7:18:28
1303,1409,Romarie Colon,F25-29,170,Female,Puerto Rico,32:40,,3:29:10,,3:07:23,7:19:43
1304,167,Diane Gordon,F55-59,87,Female,Canada,46:26,,3:37:23,,2:44:39,7:21:33
1305,1543,Amanda Shaw,F50-54,125,Female,South Africa,45:15,,4:03:28,,2:21:34,7:21:54
1306,421,Bert Chavez,F45-49,180,Female,United States,43:21,,3:52:29,,2:34:03,7:21:59
1307,1605,Zoe Holloway,F18-24,67,Female,United Kingdom,36:32,,4:06:20,,2:30:05,7:24:02
1308,1020,Ely Morgado,F35-39,201,Female,Brazil,49:57,,3:36:28,,2:44:00,7:24:29
1309,135,Gladys Woods,F60-64,38,Female,Australia,47:43,,3:48:07,,2:30:19,7:24:35
1310,57,Dexter Yeats,F70-74,1,Female,United States,50:34,,3:33:35,,2:48:50,7:25:55
1311,247,Aya Yamamoto,F55-59,88,Female,Japan,42:29,,3:27:17,,3:03:30,7:27:52
1312,728,Heather Jasontek,F40-44,198,Female,United States,37:11,,3:38:38,,2:59:24,7:27:56
1313,781,Heather Myers,F40-44,199,Female,Canada,48:00,,3:31:16,,2:58:05,7:28:24
1314,1035,Rachelle A Parra,F35-39,202,Female,United States,53:05,,3:37:17,,2:41:54,7:29:10
1315,68,Mercedes Pardo,F65-69,8,Female,Argentina,51:40,,3:40:15,,2:40:10,7:29:12
1316,480,Allison Hartman,F45-49,181,Female,United States,49:51,,3:55:31,,2:26:14,7:30:58
1317,64,Gwyn Guiney,F65-69,9,Female,South Africa,41:33,,3:54:11,,2:42:19,7:31:30
1318,121,Suzanne Ray,F60-64,39,Female,United States,45:09,,3:53:25,,2:39:25,7:32:39
1319,1086,Kelly-Jo Uren,F25-29,171,Female,South Africa,39:24,,4:11:28,,2:29:20,7:32:55
1320,744,Maria Ivy Kyono,F40-44,200,Female,Philippines,49:03,,3:54:21,,2:36:41,7:32:59
1321,90,Kimberley Dittrich,F60-64,40,Female,Canada,47:56,,3:40:43,,2:49:54,7:33:00
1322,416,Melanie Cameron,F45-49,182,Female,United States,47:28,,3:48:44,,2:47:18,7:33:58
1323,194,Nancy Mason,F55-59,89,Female,United States,42:47,,3:59:42,,2:39:09,7:34:13
1324,59,Marie Casey-Breen,F65-69,10,Female,Ireland,50:19,,3:49:29,,2:43:38,7:36:04
1325,80,Janine Brown,F60-64,41,Female,South Africa,50:50,,3:58:37,,2:35:53,7:37:24
1326,60,JILL BUCKENHAM,F65-69,11,Female,United Kingdom,46:52,,3:55:59,,2:38:20,7:37:48
1327,79,Patricia Benavides,F60-64,42,Female,Peru,38:35,,3:53:06,,2:52:36,7:38:07
1328,244,Risa Wight,F55-59,90,Female,United States,44:36,,4:01:30,,2:38:13,7:40:00
1329,75,Hazel Aggett,F60-64,43,Female,South Africa,49:04,,3:57:09,,2:37:19,7:40:22
1330,52,Sibyl Jacobson,F75-79,1,Female,United States,51:31,,3:52:58,,2:41:06,7:40:59
1331,58,Althea Bacchialoni,F65-69,12,Female,South Africa,47:48,,3:46:26,,2:52:22,7:43:34
1332,738,Nicole Kröber,F40-44,201,Female,Germany,56:03,,3:40:19,,2:53:13,7:44:52
1333,189,Lorena Teixeira Dias,F55-59,91,Female,Brazil,51:15,,3:56:35,,2:34:56,7:45:17
1334,98,Eloise Gilbert,F60-64,44,Female,United States,57:42,,3:46:38,,2:43:26,7:49:28
1335,55,Pauline Higgins,F70-74,2,Female,United States,53:44,,3:53:10,,2:47:49,7:51:26
1336,151,Cecilia Dattoli,F55-59,92,Female,Argentina,51:47,,4:08:56,,2:41:42,7:58:30
,1213,Maria Hodges,F30-34,,Female,Philippines,33:34,,3:03:40,,,
,51,Milagro Marino,F30-34,,Female,Venezuela,,,,,,
,234,Carmel Tindale Fox,F55-59,,Female,Canada,,,,,,
,277,Wai Hing Idy Chiu,F50-54,,Female,Hong Kong,,,,,,
,12,Alicia Kaye,FPRO,,Female,United States,,,,,,
,640,Laura Daniela Caitruz,F40-44,,Female,Argentina,,,,,,
,37,Bruna Mahn,FPRO,,Female,Brazil,,,,,,
,1032,Hjordis Olafsdottir,F35-39,,Female,Iceland,,,,,,
,825,Noelle Darden,F40-44,,Female,United States,,,,,,
,1313,Carolina Sánchez Ber,F30-34,,Female,Spain,,,,,,
,1192,Shirin Sadat Gerami,F30-34,,Female,Iran,,,,,,
,475,Penny Butterfield,F45-49,,Female,United Kingdom,,,,,,
,1290,Jessica Pekari,F30-34,,Female,United States,,,,,,
,929,Emilie Seifert,F35-39,,Female,France,,,,,,
,1395,Cecilia Caillabet,F25-29,,Female,Argentina,33:05,,2:45:32,,,
,56,Aida Milinarsky,F70-74,,Female,Chile,53:00,,4:00:17,,3:05:26,
,1410,Magdalena Contreras,F25-29,,Female,Chile,46:29,,,,,
,697,Jenny Melik,F40-44,,Female,New Zealand,,,,,,
,344,ANA SILVIA DAVINI PALLER,F50-54,,Female,Brazil,,,,,,
,336,Joey-Lynn Musselman,F50-54,,Female,Canada,,,,,,
,1420,Carolina Dementiev,F25-29,,Female,Panama,,,,,,
,156,Angie Dudman,F55-59,,Female,United States,,,,,,
,66,Susan Felicissimo,F65-69,,Female,United States,,,,,,
,406,Heather Bellian,F45-49,,Female,Chad,,,,,,
,529,Belinda Mckay,F45-49,,Female,Australia,,,,,,
,1073,Jennifer Stewart,F35-39,,Female,United Kingdom,,,,,,
,1046,Mélissa Rattue,F35-39,,Female,Canada,,,,,,
,317,Janita Kallioinen,F50-54,,Female,Finland,,,,,,
,311,Laura Hingle,F50-54,,Female,United States,,,,,,
,634,Xiomara Brenes,F40-44,,Female,Costa Rica,,,,,,
,210,Soroya Rahaman,F55-59,,Female,United States,,,,,,
,1337,Mio Tamura,F30-34,,Female,Japan,,,,,,
,62,Carol Coram,F65-69,,Female,United States,1:01:31,,,,,
,148,Soledad Coello,F55-59,,Female,Ecuador,,,,,,
,21,Maria Czesnik,FPRO,,Female,Poland,,,,,,
,833,Mhairi Smith,F40-44,,Female,United Kingdom,,,,,,
,100,Ellen Hart,F60-64,,Female,United States,,,,,,
,760,Crystiane Seabra De Farias Martins,F40-44,,Female,Brazil,,,,,,
,648,Catherine Clement,F40-44,,Female,United States,,,,,,
,362,Elizabeth Schafer,F50-54,,Female,United States,,,,,,
,851,Jennifer Tullis,F40-44,,Female,United States,,,,,,
,971,Claudia Heemsen,F35-39,,Female,Venezuela,,,,,,
,1111,Mackenzie Yates,F35-39,,Female,United States,,,,,,
,609,Triny Willerton,F45-49,,Female,United States,,,,,,
,1365,Caroline Wostmann,F35-39,,Female,South Africa,,,,,,
,1492,Lottie Lucas,F25-29,,Female,United Kingdom,27:34,,,,,
,1383,Adrienne Bicek,F25-29,,Female,United States,,,,,,
,1239,Woodhart Kristina Louise,F30-34,,Female,United Kingdom,,,,,,
,422,Nancy Clarke,F45-49,,Female,United States,,,,,,
,386,Catalina Voit,F50-54,,Female,Ecuador,,,,,,
,606,Erin Whipple,F45-49,,Female,United States,,,,,,
,1530,Sabina Rapelli,F25-29,,Female,Switzerland,,,,,,
,581,Catherine Souyet,F45-49,,Female,Chile,,,,,,
,53,Melodie Cronenberg,F70-74,,Female,United States,,,,,,
,1632,Amelia Ockert,F18-24,,Female,United States,,,,,,
,1068,Cristina Isora Sosa Caballero,F35-39,,Female,Spain,,,,,,
,779,Barbara Larcher,F40-44,,Female,Austria,,,,,,
,1633,Morgan Ormsby,F18-24,,Female,United States,,,,,,
,139,Bev Baker,F55-59,,Female,South Africa,,,,,,
,1288,Stephanie Pancoast,F30-34,,Female,United States,,,,,,
,241,Frances Vincent,F55-59,,Female,United States,,,,,,
,130,Mary Torre,F60-64,,Female,Switzerland,39:30,,,,,
,221,Lourdes Santibáñez,F55-59,,Female,Ecuador,55:06,,4:07:23,,,
,1220,Megan Hutchcraft,F30-34,,Female,United States,,,,,,
,1129,Helen Backshall,F30-34,,Female,United Kingdom,,,,,,
,1335,Ewelina Szabelska,F30-34,,Female,Poland,,,,,,
,601,Gro Hege Jermstad,F45-49,,Female,Norway,,,,,,
,181,Kat Kulkoski,F55-59,,Female,United States,,,,,,
,865,Tamara Zeltner,F40-44,,Female,Germany,33:36,,2:48:18,,,
,1354,Desirée Wagner,F30-34,,Female,Switzerland,,,,,,
,439,Gina Donato,F45-49,,Female,United States,,,,,,
,38,Barbara Riveros,FPRO,,Female,Chile,,,,,,
,1396,Charlene Camin,F25-29,,Female,France,,,,,,
,1085,Gillian TURNBULL,F35-39,,Female,,40:15,,2:52:16,,,
,1240,Natalia Krotkova,F30-34,,Female,Russian Federation,,,,,,
,947,Joan Geron,F35-39,,Female,Philippines,,,,,,
,435,Gabriela Demaria,F45-49,,Female,Chile,42:39,,,,,
,937,Jazmin Ferreira,F35-39,,Female,Paraguay,,,,,,
,930,Christina England,F35-39,,Female,United States,,,,,,
,795,Shelley Lewis,F40-44,,Female,Australia,,,,,,
,935,Fabiola Fernández,F35-39,,Female,Chile,,,,,,
,1361,Jacqueline Wild,F30-34,,Female,United Kingdom,,,,,,
,1404,María Paz Charpentier Rajcevich,F25-29,,Female,Chile,,,,,,
,1415,Natally Costa,F25-29,,Female,Brazil,,,,,,
,1376,Ana Luiza Amoedo,F25-29,,Female,Brazil,,,,,,
,168,Jane Haines,F55-59,,Female,United States,40:32,,3:24:11,,,
,342,Mollie Nohave,F50-54,,Female,Sweden,,,,,,
,754,Paula Luke,F40-44,,Female,New Zealand,,,,,,
,499,Rachel Kelly,F45-49,,Female,United States,,,,,,
,42,Sylvia Gehnboeck,FPRO,,Female,Austria,31:28,,2:32:36,,,
,691,Maria Luz Gill,F40-44,,Female,Paraguay,,,,,,
,1017,Stine Mollebro,F35-39,,Female,Denmark,,,,,,
,481,Erin Harvego,F45-49,,Female,United States,,,,,,
,618,Ruth Artavia,F40-44,,Female,Costa Rica,,,,,,
,1232,Gizem Keservuran,F30-34,,Female,Turkey,,,,,,
,705,Rosie Guy,F40-44,,Female,United Kingdom,,,,,,
,35,Kerry Morris,FPRO,,Female,Australia,,,,,,
,515,Tiffany Liff,F45-49,,Female,United States,,,,,,
,902,Laura Smith,F35-39,,Female,United States,,,,,,
,1608,Maia Idzikowski,F18-24,,Female,Canada,,,,,,
,1403,Magdalena Isabel Chamorro Martinez,F25-29,,Female,Chile,,,,,,
,853,Natalie Van Blerk,F40-44,,Female,South Africa,,,,,,
,989,Allison Larochelle,F35-39,,Female,United States,,,,,,
,729,Sasha Johnson,F40-44,,Female,United States,1:05:42,,,,,
,73,Hilary Walker,F65-69,,Female,United Kingdom,50:14,,,,,
,161,Suzanne Flannigan,F55-59,,Female,Canada,,,,,,
,457,Sue Pelican,F45-49,,Female,United States,,,,,,
,271,Kim Busch,F50-54,,Female,United States,,,,,,
,197,Ingrid Miller,F55-59,,Female,United States,,,,,,
,11,Lisa Huetthaler,FPRO,,Female,Austria,,,,,,
,1400,Carly Casarrubias,F25-29,,Female,Mexico,,,,,,
,1165,Kristin Ugland-Trønnes,F30-34,,Female,Norway,,,,,,
,944,Maria Garcia,F35-39,,Female,Mexico,,,,,,
,337,Dina Myers,F50-54,,Female,United States,,,,,,
,822,Nicole Serraiocco,F40-44,,Female,United States,,,,,,
,1326,Darla Shinn,F40-44,,Female,United States,,,,,,
,1062,Jen Schweigert,F35-39,,Female,United States,,,,,,
,920,Cristine Lopes,F35-39,,Female,Brazil,,,,,,
,1456,Elena Hartmann,F25-29,,Female,,,,,,,
,662,Thelma D'Amelio,F40-44,,Female,Brazil,,,,,,
,24,Bon Blatchford,FPRO,,Female,Australia,,,,,,
,1055,Olivia Ross-Hurst,F35-39,,Female,United Kingdom,,,,,,
,1157,Chiara Ciuffini,F30-34,,Female,Italy,,,,,,
,1397,Brittany Campbell,F25-29,,Female,Australia,,,,,,
,1004,DANILO JOSE SANTOS DE LUCENA LIMA,F35-39,,Female,Brazil,,,,,,
,7,Helle Frederiksen,FPRO,,Female,Denmark,,,,,,
,1577,Yang Yi,F25-29,,Female,China,,,,,,
,466,Sumie Fujimura,F45-49,,Female,Japan,38:04,,,,,
,794,Keri Pawielski,F40-44,,Female,United States,,,,,,
,185,Lisa Ledesma,F55-59,,Female,United States,,,,,,
,1098,Angela Vinnicombe,F35-39,,Female,Australia,,,,,,
,417,Kathryn Campbell,F45-49,,Female,Australia,,,,,,
,363,Sabrina Schillaci,F50-54,,Female,Italy,,,,,,
,1654,Anna Torres,F18-24,,Female,Ecuador,,,,,,
,570,Christine Schirtzinger,F45-49,,Female,United States,,,,,,
,1534,Carolina Rodrigues Cruz Alves De Souza,F25-29,,Female,Brazil,,,,,,
,1255,Anya Machado,F30-34,,Female,Venezuela,,,,,,
,3,Laura Philipp,FPRO,,Female,Germany,,,,,,
,1596,Linda Detering,F18-24,,Female,South Africa,,,,,,
,1368,Amy Xu,F50-54,,Female,United States,,,,,,
,106,Jane Mak,F60-64,,Female,Netherlands,53:05,,4:17:21,,,
,402,Marialuz Arellano,F45-49,,Female,Ecuador,,,,,,
,169,Rose Hajjar,F55-59,,Female,United States,,,,,,
,392,Jackie Xydias,F50-54,,Female,Argentina,1:02:54,,,,,
,473,Arielle Granet,F45-49,,Female,France,,,,,,
,1358,Wei Lin,F30-34,,Female,Macao,,,,,,
,885,Roselle Angela Benares,F35-39,,Female,Philippines,,,,,,
,88,Karen Dayan,F60-64,,Female,United States,,,,,,
,1355,Vanessa Wallace,F30-34,,Female,Australia,,,,,,
,1357,Simone Weber,F30-34,,Female,Switzerland,,,,,,
,15,Angela Naeth,FPRO,,Female,Canada,,,,,,
,1262,Cristina MATA,F30-34,,Female,Panama,,,,,,
,1659,Chante Hopkins,F18-24,,Female,South Africa,,,,,,
,775,Jennifer Milton,F40-44,,Female,Canada,,,,,,
,941,Sarah Wassner Flynn,F35-39,,Female,United States,,,,,,
,573,Eleonora Semenovskaya,F45-49,,Female,Russian Federation,,,,,,
,981,Amy Kendall,F35-39,,Female,United States,,,,,,
,289,Sanna Duvebrant,F50-54,,Female,Finland,,,,,,
,836,Karyn Southgate,F40-44,,Female,South Africa,34:06,,3:12:01,,,
,103,Karlene Ivy,F60-64,,Female,United States Minor Outlying Islands,,,,,,
,300,Tom Glynn,F50-54,,Female,United States,,,,,,
,1600,Marie-Odile Francoeur,F18-24,,Female,Canada,,,,,,
,1580,Hannah Allen,F18-24,,Female,Canada,,,,,,
,1656,Maria Trubitsyna,F18-24,,Female,Russian Federation,,,,,,
,489,Julie Ianni,F45-49,,Female,Canada,,,,,,
,550,Christine Peddy,F45-49,,Female,United States,,,,,,
,129,Olga Toro,F60-64,,Female,Colombia,45:13,,4:41:17,,,
,1177,Andrea Greck,F30-34,,Female,Switzerland,,,,,,
,926,Susann Duschka,F35-39,,Female,Germany,,,,,,
,464,Viola Frey,F45-49,,Female,Switzerland,,,,,,
,1452,Giorgia Guidicelli,F25-29,,Female,Philippines,41:25,,3:35:55,,,
,758,Kelly Mann,F40-44,,Female,United States,,,,,,
,1342,Laura van den Beucken,F30-34,,Female,Netherlands,,,,,,
,1158,Jason Huntsinger,F30-34,,Female,United States,,,,,,
,446,Barbara Egloff,F45-49,,Female,Switzerland,,,,,,
,624,Gabriela Quintero,F40-44,,Female,Venezuela,,,,,,
,1069,Manuel Velazquez Lopez,F35-39,,Female,Puerto Rico,,,,,,
,1345,Camila Vasone,F30-34,,Female,Brazil,,,,,,
,1154,Ling Er Choo,F30-34,,Female,Singapore,,,,,,
,5,Melissa Hauschildt,FPRO,,Female,Australia,,,,,,
,1572,Kimberley Witt,F25-29,,Female,Australia,,,,,,
,19,Paula Findlay,FPRO,,Female,Canada,,,,,,
,742,Pille Kustov,F40-44,,Female,Estonia,,,,,,
,1407,Joanne CLARKE,F25-29,,Female,United Kingdom,,,,,,
,866,Juana Abdalla,F35-39,,Female,Brazil,,,,,,
,283,Soledad Cunliffe,F50-54,,Female,Peru,,,,,,
,881,Rachel Beck,F35-39,,Female,Sweden,,,,,,
,1269,Simone Mitchell,F30-34,,Female,United Kingdom,,,,,,
,908,Melanie Chapman,F35-39,,Female,Canada,,,,,,
,1166,Talisa Dauz,F30-34,,Female,United States,,,,,,
,447,Laura-Beth Eicker-Harris,F45-49,,Female,South Africa,,,,,,
,888,Kate Bongiovanni,F35-39,,Female,United States,,,,,,
,1199,Aline Gonzalez,F30-34,,Female,Mexico,,,,,,
,415,Christiana Butter,F45-49,,Female,Austria,,,,,,
,145,Anne-Christine Calvel,F55-59,,Female,France,,,,,,
,950,Annabel Jane Gorrie,F35-39,,Female,United Kingdom,,,,,,
,661,Andrea Cullen,F40-44,,Female,Ireland,,,,,,
,351,Nicole Rickenbacher,F50-54,,Female,Switzerland,,,,,,
,36,Anne Basso,FPRO,,Female,France,,,,,,
,1377,Denise Arbulu,F25-29,,Female,Peru,,,,,,
,786,Martine Nolan,F40-44,,Female,Ireland,,,,,,
,861,Sally Waterworth,F40-44,,Female,South Africa,,,,,,
,1482,Blanca Kometter,F25-29,,Female,Peru,,,,,,
,1070,Vanessa Soulavy,F35-39,,Female,Venezuela,,,,,,
,127,Suzanne Squires,F60-64,,Female,United States,,,,,,
,10,Amelia Watkinson,FPRO,,Female,New Zealand,,,,,,
,1325,Leah Sherriff,F30-34,,Female,Canada,,,,,,
,877,Helle Bachofen Von Echt,F35-39,,Female,Denmark,,,,,,
,166,Elizabeth Gannon,F55-59,,Female,United Kingdom,,,,,,
,1642,Leigh Sandbach,F18-24,,Female,United States,,,,,,
,688,Cheri Gallagher,F40-44,,Female,New Zealand,,,,,,
,919,Camila Cricor Calaigian,F35-39,,Female,Brazil,,,,,,
,916,Adriana Contreras,F35-39,,Female,Venezuela,,,,,,
,1095,Mariana Vilarinho,F35-39,,Female,Brazil,,,,,,
,1644,Liske Scholtz,F18-24,,Female,South Africa,,,,,,
,827,Victoria Shubina,F40-44,,Female,Russian Federation,,,,,,
,847,Juliana Leite,F40-44,,Female,Brazil,1:02:24,,,,,
,1109,Jenny Wylie,F35-39,,Female,United States,,,,,,
,46,Sonia BRACEGIRDLE,FPRO,,Female,New Zealand,,,,,,
,330,Gretchen Margetts,F50-54,,Female,United States,,,,,,
,696,Aleksandra Góralska,F40-44,,Female,Poland,,,,,,
,288,Bridget DUNN,F50-54,,Female,United States,,,,,,
,1094,Julie Vieselmeyer,F35-39,,Female,United States,,,,,,
,1595,Mercedes Decarli,F18-24,,Female,United States,,,,,,
,488,Sandra Hyra,F45-49,,Female,United States,,,,,,
,1139,Elle Brookes,F30-34,,Female,Australia,,,,,,
,372,Barbara Sujansky,F50-54,,Female,United States,,,,,,
,1107,Aga Wicinska,F35-39,,Female,Poland,,,,,,
,804,Eva Ribalta,F40-44,,Female,Spain,,,,,,
,432,Martine Daudelin,F45-49,,Female,Canada,,,,,,
,641,Erica Capozzi,F40-44,,Female,United States,,,,,,
,443,Elfira Dudnik,F45-49,,Female,Kazakhstan,,,,,,
,984,Eileen KETTERER,F35-39,,Female,South Africa,,,,,,
,193,Lisa Martin,F55-59,,Female,United States,,,,,,
,114,Laura Libenson,F60-64,,Female,Argentina,,,,,,
,40,Joanna Soltysiak-Vrebac,FPRO,,Female,Poland,,,,,,
,333,Monica Nicacio,F50-54,,Female,Brazil,,,,,,
,988,Molly Larew,F35-39,,Female,United States,,,,,,
,535,Heather Melzer,F45-49,,Female,United States,,,,,,
,622,Amanda Beaudin,F40-44,,Female,Canada,,,,,,
,1431,Hilary Fenton,F25-29,,Female,United States,,,,,,
,816,Kathie Sanderson Morgan,F40-44,,Female,Canada,,,,,,
,177,Tina Kader,F55-59,,Female,Canada,,,,,,
,413,Teresa Brusadin,F45-49,,Female,United States,,,,,,
,1149,Andrea Castillo Sarmiento,F30-34,,Female,Peru,,,,,,
,718,Donnelly Nelson,F40-44,,Female,United States,,,,,,
,412,Lesley Brainard,F45-49,,Female,United States,,,,,,
,462,Ali Fowler,F45-49,,Female,Philippines,,,,,,
,686,Jun Fu,F40-44,,Female,China,1:10:30,,,,,
,95,Choi Ying Fong,F60-64,,Female,Cocos  Islands,,,,,,
,1527,Liubov Nabieva,F25-29,,Female,Russian Federation,,,,,,
,782,Sylva Mullen,F40-44,,Female,Czechia,,,,,,
,335,Corinne Morin,F50-54,,Female,Réunion,,,,,,
,763,Simone Mayer,F40-44,,Female,Germany,,,,,,
,508,Lily Kuan,F45-49,,Female,Taiwan,1:00:56,,,,,
,552,Natasha Pertwee,F45-49,,Female,United Kingdom,,,,,,
,814,Kelly Ryan,F35-39,,Female,United States,,,,,,
,1352,Marina Viliamovskaia,F30-34,,Female,Russian Federation,,,,,,
,61,Kitty Cole,F65-69,,Female,United States,47:52,,4:13:52,,,
,615,VANUSA ALBERTI,F40-44,,Female,Brazil,,,,,,
,124,Takami Sakabe,F60-64,,Female,Japan,48:11,,4:06:08,,2:50:10,
,78,Karen Bargate,F60-64,,Female,South Africa,51:24,,,,,
,1437,Héloïse Focquenoy,F25-29,,Female,France,,,,,,
,966,Jessica Harvey,F35-39,,Female,United Kingdom,,,,,,
,294,Şeyda Erkahraman,F50-54,,Female,Turkey,,,,,,
,419,Mariana Casabuono,F45-49,,Female,Argentina,35:40,,2:58:27,,,
,1662,Danela Zapata,F18-24,,Female,Colombia,,,,,,
,883,Mollie Behn,F35-39,,Female,United States,,,,,,
,1566,Aubrey Wall,F25-29,,Female,United States,,,,,,
,125,Karen Satriano,F60-64,,Female,United States,,,,,,
,879,Melanie Baumann,F35-39,,Female,Switzerland,,,,,,
,1538,Abigail Santana,F25-29,,Female,Portugal,,,,,,
,1237,Dorota Zielinska,F30-34,,Female,Poland,,,,,,
,117,Kay Poletto,F60-64,,Female,Australia,47:57,,,,,
,1254,Aino Luoma,F30-34,,Female,Finland,,,,,,
