Place,Bib,Name,Age_Group,Group_Rank,Class,Club,Swim,T1,Bike,T2,Run,Finish
1,11,Kristian Blummenfelt,MPRO,1,Open,Norway,22:51,,2:01:03,,1:11:39,3:37:12
2,6,Ben Kanute,MPRO,2,Open,United States,22:33,,2:01:47,,1:11:56,3:38:01
3,8,Magnus Ditlev,MPRO,3,Open,Denmark,23:04,,1:59:59,,1:14:07,3:39:52
4,31,Mika Noodt,MPRO,4,Open,Germany,22:49,,2:04:15,,1:11:44,3:40:51
5,19,Frederic Funk,MPRO,5,Open,Germany,22:48,,2:00:41,,1:16:43,3:42:34
6,4,Miki Mørck Taagholt,MPRO,6,Open,Denmark,22:44,,2:03:16,,1:14:47,3:42:45
7,5,Jackson Laundry,MPRO,7,Open,Canada,24:24,,2:04:37,,1:12:58,3:43:52
8,29,Thor Bendix Madsen,MPRO,8,Open,Denmark,25:01,,2:03:02,,1:14:14,3:44:42
9,28,Aaron Royle,MPRO,9,Open,Australia,22:20,,2:06:30,,1:14:00,3:45:03
10,24,Clément Mignon,MPRO,10,Open,France,23:00,,2:05:35,,1:14:41,3:45:45
11,35,Jan Stratmann,MPRO,11,Open,Germany,22:43,,2:07:16,,1:14:22,3:46:52
12,16,Matt Hanson,MPRO,12,Open,United States,23:47,,2:09:20,,1:12:49,3:48:14
13,54,Scott Steenberg,MPRO,13,Open,Denmark,23:00,,2:05:58,,1:18:19,3:49:18
14,49,James Teagle,MPRO,14,Open,United Kingdom,23:28,,2:10:20,,1:13:58,3:49:41
15,10,Filipe Azevedo,MPRO,15,Open,Portugal,22:59,,2:08:51,,1:15:31,3:50:10
16,58,Tomas Rodriguez Hernandez,MPRO,16,Open,Mexico,23:37,,2:13:09,,1:12:17,3:51:16
17,40,Antony Costes,MPRO,17,Open,France,22:56,,2:06:56,,1:18:49,3:51:33
18,56,Fabian Reuter,MPRO,18,Open,Germany,22:52,,2:11:45,,1:14:37,3:51:46
19,2,Sam Long,MPRO,19,Open,United States,25:06,,2:09:05,,1:16:15,3:52:15
20,42,Mattia Ceccarelli,MPRO,20,Open,Italy,22:51,,2:11:29,,1:15:27,3:52:27
21,44,Simon Viain,MPRO,21,Open,France,23:32,,2:10:18,,1:16:40,3:52:34
22,57,Marc Dubrick,MPRO,22,Open,United States,22:21,,2:12:41,,1:15:54,3:52:49
23,39,Ruben Zepuntke,MPRO,23,Open,Germany,25:02,,2:03:20,,1:19:27,3:53:28
24,64,Christophe De Keyser,MPRO,24,Open,Belgium,22:47,,2:10:47,,1:17:40,3:53:42
25,47,Jordi Montraveta Moya,MPRO,25,Open,Spain,25:26,,2:10:02,,1:16:26,3:54:13
26,41,Brent Mcmahon,MPRO,26,Open,Canada,22:54,,2:13:31,,1:15:28,3:54:17
27,21,Jason West,MPRO,27,Open,United States,23:02,,2:17:07,,1:13:26,3:55:39
28,43,Fernando Toldi,MPRO,28,Open,Brazil,23:37,,2:12:47,,1:17:15,3:55:47
29,59,Jack Sosinski,MPRO,29,Open,Australia,23:31,,2:12:22,,1:18:28,3:56:11
30,52,Yvan Jarrige,MPRO,30,Open,France,24:23,,2:13:22,,1:17:08,3:57:26
31,34,Mathias Lyngsø Petersen,MPRO,31,Open,Denmark,23:32,,2:13:16,,1:18:14,3:57:35
32,53,Linde Herreman,MPRO,32,Open,Belgium,24:34,,2:15:22,,1:15:46,3:57:47
33,3869,Kilian Bauer,M18-24,1,Open,Germany,25:30,,2:10:39,,1:17:01,3:58:30
34,3755,Matthew Collins,M18-24,2,Open,United Kingdom,24:41,,2:11:53,,1:16:46,3:58:54
35,46,Ognjen Stojanovic,MPRO,33,Open,Serbia,22:49,,2:18:13,,1:15:53,4:00:03
36,3899,Connor Ford,M18-24,3,Open,United States,28:19,,2:09:54,,1:16:18,4:00:13
37,1695,Dario Giovine,M30-34,1,Open,Italy,26:33,,2:09:51,,1:17:32,4:00:17
38,3910,Will Crudgington,M18-24,4,Open,United Kingdom,24:38,,2:07:53,,1:22:37,4:00:45
39,3877,Lilian Pierre,M18-24,5,Open,France,24:28,,2:13:34,,1:17:09,4:01:01
40,3454,Ben Goodfellow,M25-29,1,Open,United Kingdom,26:43,,2:10:49,,1:17:43,4:01:21
41,3358,Remi Conte,M25-29,2,Open,France,25:17,,2:12:28,,1:18:01,4:01:44
42,1817,Stephen Derrett,M30-34,2,Open,United Kingdom,26:38,,2:11:47,,1:17:43,4:01:51
43,3825,Paulin Philippe,M18-24,6,Open,France,25:06,,2:10:47,,1:18:57,4:01:57
44,3370,Matthew Marquardt,M25-29,3,Open,United States,23:52,,2:12:54,,1:18:27,4:01:59
45,60,Vicente Trewhela,MPRO,34,Open,Chile,22:46,,2:13:45,,1:22:49,4:02:01
46,3400,Timo Schaffeld,M25-29,4,Open,Germany,27:44,,2:14:17,,1:15:37,4:02:29
47,3771,Ben Tolliday,M18-24,7,Open,United States,24:18,,2:11:45,,1:21:44,4:02:51
48,3338,Corentin Chouvelon,M25-29,5,Open,France,27:12,,2:15:25,,1:13:00,4:03:16
49,3813,Dorian Muller,M18-24,8,Open,France,26:06,,2:13:26,,1:17:34,4:03:23
50,3759,Malachi Cashmore,M18-24,9,Open,United Kingdom,24:32,,2:13:09,,1:20:25,4:03:36
51,3334,Vincent Größer,M25-29,6,Open,Germany,28:10,,2:10:04,,1:19:52,4:03:40
52,3369,Gwenaël Millot,M25-29,7,Open,France,24:14,,2:12:39,,1:21:32,4:03:49
53,1714,Brendan Gribbons,M30-34,3,Open,Canada,26:35,,2:12:34,,1:15:49,4:03:59
54,3909,Isaac Diaz,M18-24,10,Open,United States,24:10,,2:14:59,,1:18:24,4:04:21
55,4032,Jose Belarmino,M45-49,1,Open,Brazil,24:48,,2:12:55,,1:20:52,4:04:32
56,3787,Maxence Mey,M18-24,11,Open,France,24:31,,2:12:21,,1:21:16,4:04:34
57,3844,Mateo Reddy,M18-24,12,Open,Switzerland,29:22,,2:09:30,,1:19:31,4:04:45
58,51,Nicholas Chase,MPRO,35,Open,United States,24:47,,2:17:06,,1:20:17,4:04:53
59,3866,Daniel Mcdonnell,M18-24,13,Open,Australia,25:57,,2:16:27,,1:16:36,4:04:54
60,3539,Clément Simon,M25-29,8,Open,France,28:19,,2:13:37,,1:17:47,4:05:35
61,1749,Sergiusz Sobczyk,M30-34,4,Open,Poland,26:06,,2:15:51,,1:16:31,4:05:36
62,1212,Andrew Hall,M35-39,1,Open,United States,27:46,,2:15:10,,1:15:53,4:06:09
63,3485,Maxime Bonvalet,M25-29,9,Open,France,23:59,,2:13:28,,1:22:04,4:06:19
64,3518,Will Grace,M25-29,10,Open,United Kingdom,25:40,,2:17:16,,1:17:44,4:06:22
65,3424,Pierre Ruffaut,M25-29,11,Open,France,30:29,,2:08:37,,1:19:54,4:06:25
66,3571,Pascal Stutz,M25-29,12,Open,Switzerland,24:58,,2:14:54,,1:19:46,4:06:32
67,4007,Bruno Khouri,M45-49,2,Open,Brazil,26:45,,2:11:16,,1:23:40,4:07:07
68,3572,Nicolas Martin,M25-29,13,Open,France,26:31,,2:16:23,,1:17:59,4:07:26
69,4304,Olivier Godart,M45-49,3,Open,Luxembourg,26:56,,2:10:40,,1:23:41,4:07:27
70,1943,Simon Leblanc,M30-34,5,Open,Canada,27:19,,2:17:24,,1:17:52,4:08:16
71,1080,Lars Wichert,M35-39,2,Open,Germany,28:56,,2:11:30,,1:21:35,4:08:22
72,3637,Conrad Sanders,M25-29,14,Open,United States,28:15,,2:13:59,,1:18:56,4:08:38
73,3416,Niklas Dellke,M25-29,15,Open,Germany,24:57,,2:15:49,,1:22:35,4:08:48
74,3835,Nicolas Brunet,M18-24,14,Open,France,24:54,,2:14:02,,1:24:07,4:09:04
75,3523,Todd Suttor,M25-29,16,Open,United States,24:45,,2:17:11,,1:22:22,4:09:24
76,590,Chris Standidge,M40-44,1,Open,United Kingdom,26:05,,2:15:05,,1:22:25,4:09:25
77,3887,Andoni Valencia Iriarte,M18-24,15,Open,Mexico,27:28,,2:15:02,,1:21:02,4:09:29
78,3754,Sebastian Fuchs,M18-24,16,Open,Austria,27:21,,2:15:44,,1:20:05,4:09:31
79,3911,Jérémie Martin,M18-24,17,Open,Canada,25:38,,2:12:45,,1:25:34,4:09:38
80,1633,Thibault Colard,M30-34,6,Open,France,27:30,,2:12:10,,1:24:01,4:09:42
81,3357,Maxime Rivron,M25-29,17,Open,France,27:13,,2:19:11,,1:16:01,4:09:44
82,1868,John Heiland,M30-34,7,Open,Germany,24:50,,2:18:57,,1:20:07,4:09:45
83,914,Tobias Gärttner,M35-39,3,Open,Germany,29:26,,2:12:08,,1:21:41,4:10:30
84,3389,Jose Cabeca,M25-29,18,Open,Portugal,25:49,,2:20:53,,1:19:20,4:10:40
85,3366,Finn Ortmeier,M25-29,19,Open,Germany,27:49,,2:12:30,,1:24:30,4:10:41
86,3799,Maria Ortega,M18-24,18,Open,Canada,22:37,,2:16:24,,1:25:13,4:10:47
87,3498,Rafael Domingos,M25-29,20,Open,Portugal,24:55,,2:15:07,,1:24:13,4:10:48
88,3649,Maxime ASTORG,M25-29,21,Open,France,30:22,,2:12:11,,1:22:57,4:10:58
89,3397,Cameron Craik,M25-29,22,Open,United Kingdom,30:08,,2:14:38,,1:20:21,4:11:00
90,3410,Bryan Mooney,M25-29,23,Open,United States,28:18,,2:18:45,,1:16:55,4:11:18
91,1821,Tom Bill,M30-34,8,Open,United Kingdom,25:56,,2:18:14,,1:22:45,4:11:29
92,1676,Lasse Koch,M30-34,9,Open,Germany,26:58,,2:11:50,,1:28:04,4:11:35
93,61,Nicolas Saez,MPRO,36,Open,Chile,25:05,,2:18:50,,1:25:29,4:11:36
94,3821,Jan Königs,M18-24,19,Open,Germany,25:13,,2:15:24,,1:24:54,4:11:42
95,3794,Albert Redolad Canalda,M18-24,20,Open,Spain,26:17,,2:18:05,,1:20:56,4:11:55
96,3329,Luca Holer,M25-29,24,Open,Switzerland,24:27,,2:15:49,,1:24:39,4:12:07
97,3374,Sam Musgrove,M25-29,25,Open,Australia,27:23,,2:18:13,,1:19:44,4:12:08
98,1495,Yann Guyot,M35-39,4,Open,France,29:55,,2:15:46,,1:18:54,4:12:20
99,3797,Zed Roy,M18-24,21,Open,Canada,24:19,,2:17:55,,1:23:23,4:12:22
100,3815,Julien Ferandeau,M18-24,22,Open,France,23:52,,2:14:19,,1:28:33,4:12:22
101,3630,Aurélien Le Lay,M25-29,26,Open,France,33:53,,2:07:05,,1:25:09,4:12:28
102,3643,Arthur Reynes,M25-29,27,Open,France,27:27,,2:17:46,,1:22:00,4:12:46
103,3726,Ryan Mouritz,M25-29,28,Open,Australia,26:19,,2:16:20,,1:22:45,4:12:51
104,4327,Laurent Lambert,M45-49,4,Open,France,26:51,,2:13:16,,1:24:06,4:12:59
105,3638,Michael Chronert,M25-29,29,Open,United States,29:50,,2:12:18,,1:22:28,4:13:03
106,1636,Matthew Ralphs,M30-34,10,Open,South Africa,26:31,,2:17:19,,1:21:46,4:13:08
107,963,Eric Engel,M35-39,5,Open,United States,28:31,,2:13:57,,1:25:31,4:13:17
108,3395,Giel Meesen,M25-29,30,Open,Netherlands,28:03,,2:12:06,,1:25:45,4:13:26
109,3330,Harry Sinclair,M25-29,31,Open,Australia,26:51,,2:19:10,,1:20:54,4:13:51
110,3361,Maciej Ogrodnik,M25-29,32,Open,Poland,27:57,,2:18:12,,1:21:09,4:13:55
111,1180,Romain Massé,M35-39,6,Open,France,28:48,,2:15:34,,1:24:04,4:14:03
112,2074,Mark Saroni,M30-34,11,Open,United States,26:48,,2:18:02,,1:23:06,4:14:13
113,3335,Hamish Hamilton,M25-29,33,Open,Australia,28:30,,2:23:47,,1:14:37,4:14:14
114,1725,Drew Jordan,M30-34,12,Open,United States,28:39,,2:19:31,,1:18:38,4:14:18
115,3651,Adrien Rossignon,M25-29,34,Open,Luxembourg,27:49,,2:17:52,,1:23:05,4:14:30
116,1648,James Kessell,M30-34,13,Open,United Kingdom,27:54,,2:17:29,,1:22:52,4:14:46
117,3761,Sebastian Radilla,M18-24,23,Open,Mexico,25:25,,2:19:16,,1:24:02,4:14:48
118,1852,Ryan Siebert,M30-34,14,Open,United States,29:01,,2:13:22,,1:26:13,4:14:51
119,3641,Matheus Martini,M25-29,35,Open,Brazil,24:14,,2:15:44,,1:27:27,4:14:56
120,1763,Oscar Sondermeijer,M30-34,15,Open,Netherlands,25:32,,2:17:07,,1:24:46,4:14:57
121,1060,Ross Baldwin,M35-39,7,Open,United States,30:06,,2:19:07,,1:17:22,4:15:03
122,3469,Max Mahoney,M25-29,36,Open,United Kingdom,28:29,,2:17:12,,1:20:35,4:15:13
123,3711,Chris Cartwright,M25-29,37,Open,Canada,29:18,,2:16:46,,1:23:12,4:15:21
124,975,Nicholas Scott,M35-39,8,Open,Canada,30:23,,2:17:44,,1:20:51,4:15:30
125,1810,Jacek Jedrasiewicz,M30-34,16,Open,Poland,29:33,,2:15:33,,1:23:45,4:15:31
126,3461,Jonas De Wachter,M25-29,38,Open,Belgium,23:58,,2:18:06,,1:26:24,4:15:32
127,3343,Dylan Thissen,M25-29,39,Open,Netherlands,28:34,,2:13:25,,1:27:04,4:15:34
128,1729,Ryan Lewis,M30-34,17,Open,United States,27:06,,2:19:22,,1:22:10,4:15:35
129,1062,James Eacott,M35-39,9,Open,United Kingdom,29:13,,2:17:05,,1:22:58,4:15:42
130,3772,Tobias Schillo,M18-24,24,Open,Germany,26:31,,2:16:29,,1:26:15,4:15:50
131,2817,Paul Lunn,M50-54,1,Open,United Kingdom,30:49,,2:14:47,,1:23:28,4:16:01
132,3414,Maciej Skórnicki,M25-29,40,Open,Poland,28:32,,2:18:31,,1:22:15,4:16:05
133,1736,Boris Chenal,M30-34,18,Open,France,32:31,,2:18:06,,1:17:51,4:16:06
134,3371,Curtis Holloway,M25-29,41,Open,Canada,28:38,,2:17:13,,1:23:57,4:16:06
135,3625,Rémy Sichel,M25-29,42,Open,France,25:00,,2:13:29,,1:32:15,4:16:12
136,3516,Cameron Hackett,M25-29,43,Open,United States,24:41,,2:18:19,,1:28:04,4:16:32
137,3699,Joscar Duque,M25-29,44,Open,Venezuela,28:19,,2:20:18,,1:20:54,4:16:39
138,3491,Javier Zamorano Sheward,M25-29,45,Open,Chile,28:16,,2:23:14,,1:20:12,4:16:49
139,1826,Brad MILES,M30-34,19,Open,United States,30:28,,2:19:39,,1:19:03,4:16:49
140,1774,Julien Daniou,M30-34,20,Open,France,29:52,,2:18:46,,1:22:41,4:16:59
141,3605,Levin Veale,M25-29,46,Open,United Kingdom,24:59,,2:12:49,,1:32:51,4:17:01
142,2048,Joseph Fellows,M30-34,21,Open,United Kingdom,30:36,,2:19:46,,1:19:18,4:17:08
143,1165,Nick Drabble,M35-39,10,Open,United Kingdom,28:31,,2:18:40,,1:24:19,4:17:15
144,3767,Mark Romano,M18-24,25,Open,United States,24:36,,2:21:23,,1:25:10,4:17:30
145,1783,Matus Mirossay,M30-34,22,Open,Slovakia,32:53,,2:15:41,,1:23:02,4:17:39
146,3426,Sean Mccullough,M25-29,47,Open,United States,29:36,,2:13:51,,1:25:52,4:17:45
147,3778,Ori Mendel,M18-24,26,Open,Israel,28:08,,2:25:09,,1:18:09,4:17:49
148,1170,Josh Eaton,M35-39,11,Open,United States,28:09,,2:20:28,,1:21:53,4:17:54
149,1097,Romain Serveaux,M35-39,12,Open,France,29:47,,2:22:59,,1:18:24,4:17:58
150,3353,Nicolas Mesnier,M25-29,48,Open,France,29:46,,2:19:13,,1:21:56,4:18:01
151,1706,Kevin Antoni,M30-34,23,Open,Germany,26:35,,2:21:58,,1:22:32,4:18:04
152,884,André Costa,M35-39,13,Open,Portugal,25:18,,2:25:36,,1:20:30,4:18:09
153,3828,Juan Araya,M18-24,27,Open,Chile,26:39,,2:18:33,,1:27:43,4:18:29
154,1705,Gilles Dupon,M30-34,24,Open,Belgium,28:46,,2:17:38,,1:24:22,4:18:30
155,1906,Christopher Pocock,M30-34,25,Open,United Kingdom,30:14,,2:17:57,,1:23:50,4:18:33
156,3598,Fabian Schubert,M25-29,49,Open,Germany,30:05,,2:17:59,,1:22:44,4:18:40
157,1345,Zev Myerowitz,M35-39,14,Open,United States,28:05,,2:15:38,,1:27:12,4:18:41
158,3900,Rémi Jauzac,M18-24,28,Open,France,28:38,,2:16:52,,1:25:36,4:18:43
159,3800,Michael Mulder,M18-24,29,Open,United States,25:28,,2:17:40,,1:28:09,4:18:45
160,3622,Chad Bykerk,M25-29,50,Open,United States,24:35,,2:19:30,,1:25:52,4:18:46
161,1167,Kiel Bur,M35-39,15,Open,United States,27:08,,2:20:45,,1:25:11,4:19:02
162,3681,Brian Andryk,M25-29,51,Open,United States,25:25,,2:19:50,,1:24:40,4:19:09
163,3724,David Benistant,M25-29,52,Open,France,29:04,,2:19:48,,1:23:05,4:19:22
164,3842,Angel Rodriguez,M18-24,30,Open,Canada,25:32,,2:19:23,,1:27:57,4:19:24
165,1751,Marius Klein,M30-34,26,Open,Germany,27:40,,2:24:00,,1:22:29,4:19:28
166,2205,Ian Boggs,M30-34,27,Open,United States,25:59,,2:24:26,,1:21:26,4:19:37
167,1993,Adrien Leroux,M30-34,28,Open,France,25:25,,2:23:17,,1:23:16,4:19:41
168,3476,Jorge Echevarria,M25-29,53,Open,Spain,29:18,,2:19:41,,1:24:10,4:20:01
169,3674,Eric Moser,M25-29,54,Open,United States,28:23,,2:18:27,,1:26:55,4:20:06
170,3460,Marco Pavani,M25-29,55,Open,Italy,25:48,,2:23:03,,1:22:47,4:20:07
171,1223,Francois Bodic,M35-39,16,Open,France,29:43,,2:21:24,,1:22:40,4:20:09
172,1190,Till Schaefer,M35-39,17,Open,Germany,28:07,,2:23:17,,1:21:19,4:20:16
173,3415,Brayden Halvorson,M25-29,56,Open,Canada,29:55,,2:17:17,,1:26:20,4:20:24
174,3379,Matthew Guenter,M25-29,57,Open,United States,23:53,,2:15:43,,1:34:38,4:20:28
175,3479,Thomas Wittmann,M25-29,58,Open,Germany,29:02,,2:24:59,,1:20:49,4:20:39
176,1960,Dale Taylor,M30-34,29,Open,South Africa,28:12,,2:17:25,,1:27:47,4:20:54
177,1081,Marcelo Moreira,M35-39,18,Open,Brazil,26:37,,2:22:45,,1:23:50,4:20:57
178,933,Craig Taylor,M35-39,19,Open,United States,26:23,,2:23:04,,1:22:46,4:20:57
179,1883,Mart Limpens,M30-34,30,Open,Netherlands,31:53,,2:19:35,,1:23:12,4:21:02
180,3362,Alex Lulka,M25-29,59,Open,United States,29:48,,2:16:09,,1:26:34,4:21:06
181,3322,Kieran Batty,M25-29,60,Open,United Kingdom,32:42,,2:20:19,,1:21:10,4:21:10
182,3505,Jaron Piercy,M25-29,61,Open,Canada,28:44,,2:19:06,,1:26:25,4:21:11
183,3765,MARCIO MACHADO,M18-24,31,Open,Brazil,28:05,,2:21:57,,1:23:23,4:21:12
184,3387,Thibault Tessier,M25-29,62,Open,France,26:50,,2:23:32,,1:24:30,4:21:18
185,3774,Sam Mckenzie,M18-24,32,Open,Australia,27:36,,2:23:07,,1:25:11,4:21:19
186,3432,Filippo Candeo,M25-29,63,Open,Italy,24:53,,2:26:50,,1:23:53,4:21:20
187,4396,Imanol Ayestarán Odriozola,M45-49,5,Open,Spain,32:12,,2:20:01,,1:23:25,4:21:21
188,3555,Theo Moreau,M25-29,64,Open,France,30:01,,2:23:01,,1:22:13,4:21:26
189,3473,Javier Figueroa,M25-29,65,Open,Puerto Rico,25:36,,2:25:38,,1:24:54,4:21:31
190,2815,Clive Kennedy-Burn,M50-54,2,Open,United Kingdom,27:57,,2:19:18,,1:26:37,4:21:36
191,3998,Martin Caron,M45-49,6,Open,Canada,30:57,,2:20:18,,1:23:26,4:21:38
192,3773,Alexander Cunningham,M18-24,33,Open,United Kingdom,26:00,,2:18:54,,1:30:18,4:21:39
193,3737,Martinez Daniel,M25-29,66,Open,Mexico,28:47,,2:19:25,,1:27:24,4:21:42
194,1628,Daniel Jungkunz,M30-34,31,Open,Germany,28:36,,2:23:15,,1:24:04,4:21:51
195,999,Mark Fanning,M35-39,20,Open,United Kingdom,31:19,,2:22:08,,1:20:15,4:21:54
196,3709,Brett Clifford,M25-29,67,Open,New Zealand,28:51,,2:21:12,,1:26:01,4:21:54
197,1911,Justin Clark,M30-34,32,Open,United States,30:29,,2:15:29,,1:26:32,4:22:07
198,3753,Noah Diemann,M18-24,34,Open,Germany,28:34,,2:22:11,,1:25:42,4:22:12
199,3522,Miguel Mattox,M25-29,68,Open,United States,23:40,,2:27:22,,1:23:35,4:22:12
200,2036,Ayda Kachineh,M30-34,33,Open,Italy,29:09,,2:23:37,,1:23:13,4:22:20
201,4449,Alessandro Borgialli,M45-49,7,Open,Italy,25:36,,2:23:16,,1:24:56,4:22:23
202,1748,Nathan Ciarlo,M30-34,34,Open,Brazil,26:21,,2:17:30,,1:30:15,4:22:25
203,1718,Matthew Kinkaid,M30-34,35,Open,Ireland,26:44,,2:17:05,,1:29:48,4:22:27
204,3557,Clément VINCENT,M25-29,69,Open,France,34:07,,2:18:32,,1:23:09,4:22:29
205,3456,Scott Catto,M25-29,70,Open,United Kingdom,29:58,,2:18:58,,1:26:27,4:22:34
206,1133,Jeremy Ferrari,M35-39,21,Open,France,29:33,,2:22:26,,1:23:01,4:22:35
207,244,Rafael Falsarella,M40-44,2,Open,Brazil,28:38,,2:22:30,,1:22:42,4:22:47
208,3508,Cody Williams,M25-29,71,Open,United States,30:13,,2:20:01,,1:26:26,4:22:50
209,1759,Christoph Aigner,M30-34,36,Open,Austria,30:04,,2:22:56,,1:23:01,4:22:50
210,1765,Igor Franko,M30-34,37,Open,Ukraine,28:08,,2:22:33,,1:25:10,4:22:55
211,3438,Read Ziegler,M25-29,72,Open,United States,26:44,,2:23:58,,1:24:36,4:22:58
212,3660,Ben Stern,M25-29,73,Open,United States,27:09,,2:24:22,,1:23:46,4:22:59
213,1699,Marcus Zell,M30-34,38,Open,Germany,27:08,,2:20:04,,1:28:14,4:23:01
214,1916,Hamish Harrison,M30-34,39,Open,Australia,30:29,,2:26:37,,1:19:25,4:23:01
215,3559,Victor Chevallier,M25-29,74,Open,France,28:53,,2:16:52,,1:28:19,4:23:09
216,2130,Jose Manuel Gutiérrez,M30-34,40,Open,Chile,31:11,,2:20:06,,1:23:19,4:23:11
217,3533,Tristan PAWLAK,M25-29,75,Open,France,29:50,,2:18:47,,1:26:56,4:23:11
218,1649,Amaury Auguin,M30-34,41,Open,France,30:21,,2:20:42,,1:25:19,4:23:12
219,1814,Julien Boucher,M30-34,42,Open,France,29:57,,2:20:12,,1:24:18,4:23:14
220,1985,Xavier Cornevin,M30-34,43,Open,France,25:30,,2:27:56,,1:22:02,4:23:24
221,3694,Stephen Pair,M25-29,76,Open,United States,28:53,,2:24:21,,1:21:47,4:23:30
222,3425,Martín Gallardo,M25-29,77,Open,Argentina,30:17,,2:25:46,,1:18:49,4:23:36
223,2037,John Matson,M30-34,44,Open,United States,28:01,,2:25:08,,1:20:19,4:23:42
224,998,Juan Pedro Garcia Ochoa,M35-39,22,Open,Spain,31:44,,2:21:03,,1:23:34,4:23:44
225,245,Luis Miguel Ruiz Narvaez,M40-44,3,Open,Spain,25:03,,2:28:29,,1:22:10,4:23:47
226,1785,Riccardo Dossi,M30-34,45,Open,Italy,29:55,,2:23:27,,1:22:15,4:23:49
227,3820,Arthur Benson,M18-24,35,Open,United Kingdom,29:56,,2:18:45,,1:28:00,4:23:52
228,3593,Harry Mayne,M25-29,78,Open,United Kingdom,32:33,,2:15:44,,1:29:06,4:23:59
229,3889,Drake Deuel,M18-24,36,Open,United States,36:26,,2:05:58,,1:29:53,4:23:59
230,3390,Thomas Tessier,M25-29,79,Open,France,26:58,,2:22:33,,1:27:20,4:24:00
231,2995,Vladimir Figari,M50-54,3,Open,Peru,34:16,,2:22:05,,1:21:14,4:24:04
232,3642,Patrik Curila,M25-29,80,Open,Slovakia,30:15,,2:17:29,,1:28:37,4:24:05
233,1707,Manuel SCHRÄDER,M30-34,46,Open,Germany,33:06,,2:21:40,,1:16:49,4:24:08
234,1677,Olivier moisan,M30-34,47,Open,Canada,34:08,,2:26:59,,1:15:53,4:24:15
235,154,Cid Barbosa,M40-44,4,Open,Brazil,27:39,,2:29:05,,1:20:17,4:24:16
236,1157,Michael Vanacora,M35-39,23,Open,United States,27:42,,2:20:45,,1:26:48,4:24:19
237,3664,Franck Pamart,M25-29,81,Open,France,31:51,,2:23:57,,1:20:46,4:24:19
238,1024,Jose Maria Cabrera Rodillo,M35-39,24,Open,Chile,27:44,,2:20:58,,1:29:26,4:24:22
239,1863,Caleb Kennedy,M30-34,48,Open,New Zealand,28:43,,2:21:34,,1:28:05,4:24:29
240,2101,Daniel Erdelyi,M30-34,49,Open,Hungary,29:33,,2:22:34,,1:22:57,4:24:30
241,3636,Patrick Smith,M25-29,82,Open,Canada,24:41,,2:24:32,,1:28:38,4:24:30
242,759,Julien Gonnet,M40-44,5,Open,France,29:08,,2:26:04,,1:23:43,4:24:38
243,3816,Sean Fenoff,M18-24,37,Open,United States,28:10,,2:22:41,,1:26:18,4:24:47
244,1137,Bahadir Tama,M35-39,25,Open,Turkey,26:30,,2:25:31,,1:24:43,4:24:50
245,208,Gregory Lindquist,M40-44,6,Open,United States,30:42,,2:25:07,,1:22:25,4:24:51
246,374,Frederic Lureau,M40-44,7,Open,France,33:10,,2:19:00,,1:24:44,4:24:55
247,1115,Jens Gosebrink,M35-39,26,Open,Germany,26:01,,2:24:42,,1:28:13,4:24:58
248,1899,Aurélien Appriou,M30-34,50,Open,France,31:36,,2:26:18,,1:19:38,4:24:58
249,3525,Max Karp,M25-29,83,Open,United States,32:33,,2:17:23,,1:26:28,4:25:02
250,1738,Matthew Dewhurst,M30-34,51,Open,United Kingdom,27:35,,2:20:14,,1:30:39,4:25:03
251,3470,Maximilian Horoba,M25-29,84,Open,Germany,29:56,,2:17:30,,1:31:03,4:25:12
252,3446,Tyler Tanko,M25-29,85,Open,United States,27:28,,2:24:45,,1:26:01,4:25:18
253,569,Ernest St-Pierre,M40-44,8,Open,Canada,30:49,,2:19:45,,1:26:33,4:25:19
254,1888,Ali Oubihi,M30-34,52,Open,Morocco,30:06,,2:24:14,,1:22:32,4:25:31
255,3453,Daniel Klosa,M25-29,86,Open,Germany,23:41,,2:20:38,,1:35:53,4:25:36
256,1463,Johnny Bray,M35-39,27,Open,United Kingdom,31:47,,2:18:33,,1:24:30,4:25:42
257,3560,Ross Ellett,M25-29,87,Open,United Kingdom,31:10,,2:21:09,,1:25:38,4:25:46
258,1976,Luca Banzato,M30-34,53,Open,Italy,29:54,,2:23:05,,1:24:14,4:25:47
259,1930,Pietro Schiaffino,M30-34,54,Open,Italy,29:12,,2:24:18,,1:24:09,4:25:47
260,209,Andrew Bryson,M40-44,9,Open,United Kingdom,30:09,,2:25:31,,1:22:51,4:25:47
261,1839,Dante Manchester,M30-34,55,Open,Canada,25:15,,2:27:29,,1:25:27,4:25:48
262,3718,Garth Wadsworth,M25-29,88,Open,South Africa,25:28,,2:21:35,,1:32:35,4:25:48
263,3760,Peyton Thompson,M18-24,38,Open,United States,31:08,,2:20:40,,1:27:49,4:25:50
264,1962,Gaylor Poupard,M30-34,56,Open,France,29:57,,2:25:37,,1:23:32,4:25:50
265,3634,Scott Coombs,M25-29,89,Open,Canada,29:10,,2:22:10,,1:28:21,4:25:55
266,3871,Lucas Herzog,M18-24,39,Open,France,35:31,,2:21:54,,1:20:46,4:25:58
267,1757,Ben Carter,M30-34,57,Open,United Kingdom,28:39,,2:16:22,,1:34:12,4:25:59
268,921,Tom Williams,M35-39,28,Open,United Kingdom,30:16,,2:24:22,,1:24:53,4:26:00
269,1290,Nathan Patton,M35-39,29,Open,United States,30:48,,2:21:04,,1:26:52,4:26:01
270,3621,Samuel Kohll,M25-29,90,Open,United States,33:29,,2:19:36,,1:25:52,4:26:03
271,1871,Sylvain Georis,M30-34,58,Open,Belgium,31:51,,2:27:06,,1:20:17,4:26:17
272,3422,Tom Schwantje,M25-29,91,Open,Netherlands,31:05,,2:15:13,,1:33:52,4:26:20
273,1083,David Koppel,M35-39,30,Open,United States,30:49,,2:23:45,,1:22:08,4:26:21
274,567,Christopher Naimoli,M40-44,10,Open,United States,31:28,,2:22:51,,1:23:08,4:26:23
275,1158,Graham Dillon,M35-39,31,Open,Ireland,32:52,,2:26:45,,1:19:55,4:26:24
276,2828,Jose Gonzalez,M50-54,4,Open,Chile,34:10,,2:21:18,,1:24:35,4:26:26
277,1878,Adrian Dorta Avila,M30-34,59,Open,Spain,29:41,,2:20:57,,1:26:34,4:26:32
278,1673,Gonzalo Garvey,M30-34,60,Open,Spain,27:51,,2:20:43,,1:30:27,4:26:32
279,3882,Iwan Jones,M18-24,40,Open,United Kingdom,29:27,,2:21:04,,1:28:08,4:26:33
280,3394,Janek Fischer,M25-29,92,Open,Germany,28:36,,2:21:43,,1:29:35,4:26:34
281,2094,Oliver Bridge,M30-34,61,Open,United Kingdom,29:48,,2:28:49,,1:20:03,4:26:38
282,3587,Marcel Van Oudtshoorn,M25-29,93,Open,Germany,29:42,,2:24:56,,1:25:58,4:26:38
283,1304,Breno Melo,M35-39,32,Open,United States,27:27,,2:22:09,,1:27:07,4:26:38
284,2149,Thomas Watson,M30-34,62,Open,Canada,26:53,,2:25:22,,1:25:57,4:26:42
285,3918,Sebastien Florimond,M45-49,8,Open,France,28:58,,2:17:26,,1:31:23,4:26:44
286,3608,Charlie Chen,M25-29,94,Open,United States,29:33,,2:25:56,,1:23:57,4:26:45
287,2108,Evan Oconnor,M30-34,63,Open,United States,33:16,,2:19:06,,1:26:35,4:26:46
288,3840,Bear Schickel,M18-24,41,Open,United States,25:00,,2:19:53,,1:36:12,4:26:48
289,2041,Jacob Capin,M30-34,64,Open,United States,28:49,,2:21:24,,1:29:43,4:26:52
290,3714,Taylor Mcarthur,M25-29,95,Open,Canada,30:37,,2:23:48,,1:23:57,4:26:52
291,3795,Claudio Avila Vazquez,M18-24,42,Open,Mexico,36:01,,2:20:45,,1:22:57,4:26:55
292,1697,Fabian Roman,M30-34,65,Open,Puerto Rico,25:24,,2:27:32,,1:24:52,4:27:06
293,1089,Nick Johnson,M35-39,33,Open,United States,28:40,,2:27:25,,1:22:32,4:27:06
294,1631,Pawel Mitrus,M30-34,66,Open,Poland,29:59,,2:15:37,,1:35:23,4:27:16
295,3679,Ryan Sippel,M25-29,96,Open,United States,31:07,,2:22:37,,1:23:19,4:27:18
296,1054,Josh Ramirez,M35-39,34,Open,United States,29:57,,2:24:12,,1:23:06,4:27:19
297,1657,Jonas Van De Steene,M30-34,67,Open,Belgium,29:34,,2:23:06,,1:25:56,4:27:19
298,1692,Luke Davis,M30-34,68,Open,United States,30:04,,2:23:39,,1:25:31,4:27:20
299,1200,Brent Ellabarger,M35-39,35,Open,United States,27:43,,2:24:26,,1:26:41,4:27:26
300,3421,Lee Mount,M25-29,97,Open,United States,29:05,,2:17:50,,1:34:20,4:27:27
301,3502,Tristan Brunet,M25-29,98,Open,United States,26:48,,2:22:47,,1:30:28,4:27:31
302,949,Jonas Delrue,M35-39,36,Open,Belgium,28:06,,2:23:09,,1:27:54,4:27:31
303,1634,Antoine Bezault,M30-34,69,Open,France,31:20,,2:24:58,,1:24:25,4:27:41
304,1204,Brett Collins,M35-39,37,Open,United States,25:11,,2:25:04,,1:26:28,4:27:43
305,2100,Florent Vincent,M30-34,70,Open,France,29:56,,2:26:48,,1:23:04,4:27:46
306,3652,Olly Poole,M25-29,99,Open,United Kingdom,27:54,,2:22:51,,1:27:30,4:27:47
307,4288,Sebe Ziesler,M45-49,9,Open,United States,29:57,,2:23:17,,1:27:45,4:27:48
308,3688,John Butcher,M25-29,100,Open,United States,30:33,,2:25:46,,1:24:46,4:27:49
309,1685,Sebastien Ladj,M30-34,71,Open,France,31:40,,2:22:31,,1:27:00,4:28:02
310,1457,Dean Callaghan,M35-39,38,Open,Australia,28:08,,2:22:19,,1:29:57,4:28:04
311,1237,Mickaël Sinaeve,M35-39,39,Open,France,29:20,,2:30:56,,1:20:39,4:28:12
312,4442,Michael Andersen,M45-49,10,Open,Denmark,35:20,,2:16:29,,1:28:00,4:28:19
313,2099,Niccolò Pace,M30-34,72,Open,Italy,30:08,,2:24:21,,1:25:21,4:28:19
314,3531,Vincent Auger,M25-29,101,Open,Canada,27:13,,2:24:58,,1:27:33,4:28:24
315,3677,Max Stubbe,M25-29,102,Open,Germany,29:20,,2:22:10,,1:30:43,4:28:27
316,3364,Alexander Frank,M25-29,103,Open,United States,28:12,,2:27:32,,1:25:04,4:28:29
317,1087,Gil Cuauhtli Rivera,M35-39,40,Open,Mexico,27:50,,2:25:48,,1:27:55,4:28:32
318,987,PAULO GUSTAVO CARDOSO,M35-39,41,Open,Brazil,26:04,,2:28:41,,1:25:35,4:28:36
319,3719,Kyle Wicks,M25-29,104,Open,United States,25:54,,2:31:37,,1:20:11,4:28:38
320,3749,Juuso Honkanen,M18-24,43,Open,Finland,31:05,,2:19:29,,1:31:54,4:28:38
321,3480,Ivan Lodetti,M25-29,105,Open,Italy,29:16,,2:24:15,,1:25:03,4:28:39
322,1427,Sebastien Sahyoun,M35-39,42,Open,Morocco,28:03,,2:25:48,,1:24:51,4:28:39
323,3574,Zachary Pywell,M25-29,106,Open,United Kingdom,25:35,,2:29:59,,1:24:41,4:28:42
324,3817,Hugh Marslen,M18-24,44,Open,Australia,30:49,,2:24:25,,1:24:46,4:28:49
325,1920,Rick Heldoorn,M30-34,73,Open,Netherlands,31:54,,2:21:42,,1:23:54,4:28:54
326,3012,Michael Ross,M50-54,5,Open,United States,30:02,,2:25:45,,1:26:10,4:28:55
327,3901,Lucas San Roman,M18-24,45,Open,France,31:10,,2:19:57,,1:30:24,4:28:56
328,1150,Nicholas Parton,M35-39,43,Open,United States,35:29,,2:22:16,,1:22:25,4:28:57
329,3827,Alexandros Argyris,M18-24,46,Open,Greece,23:35,,2:19:27,,1:38:11,4:28:59
330,2137,Robin Henry,M30-34,74,Open,France,28:04,,2:18:16,,1:33:53,4:29:03
331,3372,Daniel Stret,M25-29,107,Open,Canada,36:40,,2:21:01,,1:25:31,4:29:03
332,3524,Steve Moors,M25-29,108,Open,United States,29:37,,2:24:18,,1:25:49,4:29:06
333,3558,Antoine Boutin,M25-29,109,Open,France,29:46,,2:17:14,,1:35:35,4:29:12
334,3747,Mitch Wismans,M18-24,47,Open,Netherlands,30:57,,2:21:42,,1:30:03,4:29:17
335,3434,Julen Azkue,M25-29,110,Open,Spain,26:48,,2:20:45,,1:35:13,4:29:18
336,3698,Anka Tezcan,M25-29,111,Open,United States,34:05,,2:20:35,,1:27:09,4:29:20
337,879,Danny Isaacs,M35-39,44,Open,United Kingdom,30:30,,2:28:58,,1:23:46,4:29:22
338,192,Manuel Diaz,M40-44,11,Open,Spain,30:09,,2:26:00,,1:25:23,4:29:24
339,3687,Kyle Marshall,M25-29,112,Open,United States,25:24,,2:23:49,,1:32:32,4:29:32
340,1875,Fabian Flores,M30-34,75,Open,Guatemala,26:38,,2:24:07,,1:31:48,4:29:38
341,2199,Bryan Nauleau,M30-34,76,Open,France,35:37,,2:19:31,,1:26:47,4:29:38
342,3705,Will Massey,M25-29,113,Open,United Kingdom,30:31,,2:28:26,,1:24:28,4:29:45
343,1904,Marcus Lindblom,M30-34,77,Open,Sweden,32:51,,2:23:29,,1:26:28,4:29:46
344,4482,Peter Christensen,M45-49,11,Open,United States,28:37,,2:25:10,,1:28:36,4:29:47
345,2152,Andrew Manning,M30-34,78,Open,United States,28:47,,2:28:47,,1:24:49,4:29:48
346,3727,Antoine Cheval,M25-29,114,Open,France,26:44,,2:27:14,,1:29:30,4:29:49
347,698,Mathieu Theoret,M40-44,12,Open,Canada,31:08,,2:27:19,,1:24:49,4:29:49
348,1992,Bart Alberts,M30-34,79,Open,Netherlands,28:16,,2:25:30,,1:26:50,4:29:54
349,1791,Andres Montoya Torres,M30-34,80,Open,Colombia,25:53,,2:22:45,,1:30:59,4:29:57
350,4102,Andy Moran,M45-49,12,Open,United Kingdom,30:28,,2:23:40,,1:27:30,4:30:00
351,256,Jérémy Francisco,M40-44,13,Open,France,31:36,,2:24:44,,1:24:19,4:30:01
352,3834,Lukas Stahl,M18-24,48,Open,Germany,27:50,,2:16:34,,1:38:14,4:30:02
353,474,Fernando Vargas Garibi,M40-44,14,Open,Mexico,31:11,,2:26:41,,1:24:24,4:30:08
354,3481,Joe Bosson,M25-29,115,Open,United Kingdom,30:03,,2:22:12,,1:30:47,4:30:15
355,3803,Dylan Clough,M18-24,49,Open,Australia,26:51,,2:25:57,,1:30:39,4:30:16
356,3780,Felix den Hollander,M18-24,50,Open,Netherlands,29:11,,2:21:15,,1:33:37,4:30:21
357,859,Ruben Aragón Gutiérrez,M35-39,45,Open,Spain,26:30,,2:26:25,,1:29:39,4:30:23
358,3556,Dennis Habers,M25-29,116,Open,Netherlands,28:23,,2:25:38,,1:29:06,4:30:31
359,3745,Gabriel Legault,M25-29,117,Open,Canada,25:59,,2:23:53,,1:34:34,4:30:34
360,706,David Guenthardt,M40-44,15,Open,Switzerland,32:49,,2:23:40,,1:25:51,4:30:34
361,3653,Marcelo Galvao Fenerich,M25-29,118,Open,Brazil,27:02,,2:21:04,,1:35:30,4:30:38
362,1400,François-Xavier Chevallier,M35-39,46,Open,France,34:34,,2:21:20,,1:26:18,4:30:39
363,3680,Damien Bonnabaud,M25-29,119,Open,France,32:17,,2:30:50,,1:18:54,4:30:40
364,3376,Thomas Gordon,M25-29,120,Open,United States,22:43,,2:34:03,,1:24:04,4:30:41
365,3475,Constant Segard,M25-29,121,Open,France,30:22,,2:25:45,,1:27:20,4:30:41
366,1640,Alan Stanley,M30-34,81,Open,Canada,29:35,,2:26:06,,1:27:08,4:30:44
367,889,EDUARDO ACEVEDO,M35-39,47,Open,Colombia,34:29,,2:20:48,,1:27:30,4:30:56
368,294,Jose Ignacio Castro,M40-44,16,Open,Chile,30:44,,2:33:04,,1:20:36,4:31:00
369,741,Stephane Boissenin,M40-44,17,Open,France,28:39,,2:28:07,,1:25:20,4:31:10
370,920,Clément Morello,M35-39,48,Open,France,31:20,,2:27:57,,1:24:56,4:31:13
371,1641,Jacques Tuijp,M30-34,82,Open,Netherlands,31:45,,2:24:48,,1:27:42,4:31:18
372,2043,Nicolas Barbalan,M30-34,83,Open,Argentina,30:24,,2:29:01,,1:23:55,4:31:20
373,2190,Giovanni Leroy,M30-34,84,Open,France,35:12,,2:24:55,,1:23:43,4:31:23
374,3543,Matthew Carson,M25-29,122,Open,United States,27:50,,2:27:15,,1:27:23,4:31:23
375,874,Maxime Cibille,M35-39,49,Open,France,27:56,,2:25:25,,1:28:14,4:31:33
376,1175,Jason Karavidas,M35-39,50,Open,United States,32:56,,2:24:15,,1:26:37,4:31:35
377,3344,Avery Ling,M25-29,123,Open,Canada,29:51,,2:28:09,,1:27:47,4:31:37
378,1285,Carlo Alberto Caruso,M35-39,51,Open,Italy,29:45,,2:26:36,,1:27:53,4:31:37
379,3561,Rodrigue Montulet,M25-29,124,Open,Belgium,30:15,,2:25:22,,1:28:40,4:31:39
380,1188,Andrey Sharipov,M35-39,52,Open,Uzbekistan,26:53,,2:28:02,,1:26:39,4:31:40
381,1272,James O'sullivan,M35-39,53,Open,United Kingdom,27:52,,2:31:33,,1:24:03,4:31:44
382,1017,Panagiotis Christodoulopoulos,M35-39,54,Open,Greece,28:07,,2:25:19,,1:30:49,4:31:45
383,3701,Andre Luis de Souza,M25-29,125,Open,Brazil,34:56,,2:26:29,,1:23:59,4:31:46
384,4382,Tim Hola,M45-49,13,Open,United States,25:56,,2:26:17,,1:33:28,4:31:46
385,1690,David Pinsonneault,M30-34,85,Open,United States,30:35,,2:32:28,,1:21:50,4:31:47
386,3590,Peter Morris,M25-29,126,Open,United States,27:35,,2:28:13,,1:25:03,4:31:55
387,565,Scott Mccalmon,M40-44,18,Open,United States,30:40,,2:24:22,,1:28:23,4:31:57
388,1336,Karl Vivot,M35-39,55,Open,France,30:49,,2:28:33,,1:23:00,4:32:00
389,3819,Randy Dobler,M18-24,51,Open,Switzerland,36:02,,2:20:06,,1:28:58,4:32:01
390,1106,Jairo Perez De Luis,M35-39,56,Open,Spain,30:54,,2:29:49,,1:23:24,4:32:03
391,1168,Michael Buckley,M35-39,57,Open,United Kingdom,31:48,,2:26:06,,1:25:00,4:32:03
392,2114,Ronald Beckers,M30-34,86,Open,Belgium,35:35,,2:26:14,,1:22:21,4:32:06
393,1860,Valentin Bonneau,M30-34,87,Open,France,29:21,,2:25:32,,1:29:19,4:32:08
394,1424,Nicolas Fontaine,M35-39,58,Open,France,34:42,,2:17:51,,1:28:10,4:32:10
395,1870,Dominic Laaf,M30-34,88,Open,Germany,31:07,,2:26:21,,1:26:32,4:32:10
396,3631,Pierre-Karl Houle,M25-29,127,Open,Canada,31:18,,2:25:05,,1:28:06,4:32:15
397,1925,Marian Kraemer,M30-34,89,Open,Germany,28:44,,2:32:31,,1:21:52,4:32:16
398,894,Salvador Ruiz Gonzalez Hamamura,M35-39,59,Open,Peru,29:04,,2:31:36,,1:22:04,4:32:21
399,1061,Dj Snyder,M35-39,60,Open,United States,29:26,,2:30:23,,1:26:03,4:32:22
400,1838,Joaquim Fernandez Clotet,M30-34,90,Open,Spain,30:51,,2:29:14,,1:24:46,4:32:26
401,125,Gustavo Slaib Cruz Pereira,M40-44,19,Open,Brazil,27:37,,2:27:35,,1:28:06,4:32:27
402,4077,Tom Ward,M45-49,14,Open,United Kingdom,27:10,,2:25:55,,1:30:25,4:32:29
403,1813,Mathieu Rubi,M30-34,91,Open,Switzerland,31:31,,2:21:46,,1:30:35,4:32:30
404,2154,Jordan Hall,M30-34,92,Open,United States,30:45,,2:29:46,,1:24:07,4:32:32
405,359,Cory Krist,M40-44,20,Open,Canada,29:36,,2:25:10,,1:30:22,4:32:36
406,318,Jimmy Coutant,M40-44,21,Open,France,31:19,,2:27:43,,1:25:25,4:32:42
407,2085,Nick Pluimers,M30-34,93,Open,Australia,26:35,,2:30:23,,1:28:31,4:32:50
408,1768,Axel Carminati,M30-34,94,Open,France,29:36,,2:27:06,,1:28:06,4:32:53
409,1449,Rodrigo Lobo,M35-39,61,Open,Brazil,28:14,,2:30:02,,1:24:33,4:32:55
410,1629,Vincent Uytdewilligen,M30-34,95,Open,Belgium,30:01,,2:27:03,,1:28:50,4:32:56
411,3647,Andres Aceves Moreno,M25-29,128,Open,Mexico,29:19,,2:26:23,,1:28:30,4:32:57
412,1715,Thomas Stone,M30-34,96,Open,United States,28:00,,2:37:32,,1:20:16,4:32:58
413,1376,Daniel Grobmeier,M35-39,62,Open,Germany,31:17,,2:34:10,,1:21:06,4:33:02
414,2747,Gerald Bachmann,M55-59,1,Open,Switzerland,29:15,,2:23:00,,1:34:45,4:33:03
415,3838,Andrew Logsdon,M18-24,52,Open,United States,27:16,,2:18:25,,1:40:04,4:33:08
416,1630,Xabier Tijero,M30-34,97,Open,Spain,27:40,,2:31:09,,1:26:34,4:33:14
417,1927,Pedro Baeta,M30-34,98,Open,Brazil,33:33,,2:23:12,,1:28:45,4:33:18
418,1006,John Garita,M35-39,63,Open,Costa Rica,29:59,,2:28:01,,1:24:39,4:33:19
419,180,Colin Lough,M40-44,22,Open,United States,30:45,,2:27:44,,1:26:28,4:33:21
420,2150,Alexis Sicard,M30-34,99,Open,France,28:43,,2:23:16,,1:30:36,4:33:23
421,3494,Nicolas Salinas,M25-29,129,Open,Chile,29:39,,2:31:35,,1:25:29,4:33:24
422,253,Michael Goentgens,M40-44,23,Open,Germany,29:43,,2:29:49,,1:25:56,4:33:26
423,1195,Matthew Fieldsend,M35-39,64,Open,Australia,31:42,,2:26:13,,1:28:47,4:33:27
424,3878,Przemyslaw Gaj,M18-24,53,Open,Poland,30:52,,2:27:42,,1:28:06,4:33:29
425,4200,David Bardi,M45-49,15,Open,France,26:32,,2:30:40,,1:28:53,4:33:34
426,1194,Mark Vowles,M35-39,65,Open,United Kingdom,32:58,,2:25:43,,1:27:09,4:33:37
427,3411,Zachary Tacy,M25-29,130,Open,United States,31:55,,2:26:14,,1:28:56,4:33:39
428,168,Luke Anderson,M40-44,24,Open,United States,27:27,,2:26:52,,1:32:41,4:33:39
429,250,Christian Hess,M40-44,25,Open,Switzerland,30:34,,2:29:04,,1:26:57,4:33:39
430,1782,Ioseba Tamayo Rojo,M30-34,100,Open,Spain,31:25,,2:23:08,,1:28:43,4:33:39
431,3057,Graziano Bortolotto,M50-54,6,Open,Italy,31:07,,2:24:54,,1:28:13,4:33:40
432,3659,Julien Collard,M25-29,131,Open,Belgium,30:34,,2:29:20,,1:24:31,4:33:44
433,3786,Alexis GUENAND,M18-24,54,Open,France,33:51,,2:29:22,,1:24:05,4:33:46
434,1820,Harrison Wood,M30-34,101,Open,United Kingdom,32:08,,2:23:03,,1:31:14,4:33:46
435,1996,Lorenzo Bellucco,M30-34,102,Open,Italy,27:13,,2:25:32,,1:32:55,4:33:50
436,4546,Marcus Conrad,M35-39,66,Open,Germany,36:18,,2:25:31,,1:22:03,4:33:57
437,1971,Eric Gonderinger,M30-34,103,Open,Luxembourg,31:59,,2:26:44,,1:25:30,4:34:01
438,3814,Kelly Thompson,M18-24,55,Open,Canada,28:23,,2:24:09,,1:34:34,4:34:03
439,585,Andy Zabel,M40-44,26,Open,United States,34:48,,2:25:26,,1:25:16,4:34:14
440,1700,Stefano Ratto Schol,M30-34,104,Open,Peru,30:04,,2:28:08,,1:22:53,4:34:17
441,855,Francois Schoenaers,M35-39,67,Open,Belgium,31:50,,2:28:00,,1:24:55,4:34:17
442,1769,Jasper Keijzer,M30-34,105,Open,Netherlands,33:05,,2:27:25,,1:24:58,4:34:19
443,1957,Ronan Costelloe,M30-34,106,Open,Ireland,27:53,,2:23:56,,1:34:05,4:34:20
444,2167,Benjamin Haas,M30-34,107,Open,Germany,30:26,,2:19:54,,1:36:48,4:34:21
445,512,DIEGO ARGOS JARA,M40-44,27,Open,Argentina,27:23,,2:27:05,,1:29:26,4:34:21
446,883,Nicolas Da Rocha,M35-39,68,Open,France,31:27,,2:29:13,,1:24:27,4:34:23
447,233,Luca Renzi,M40-44,28,Open,Italy,28:44,,2:29:31,,1:27:27,4:34:23
448,4062,Matt Brook,M45-49,16,Open,New Zealand,29:36,,2:31:25,,1:26:59,4:34:23
449,1181,Carlos Zuluaga,M35-39,69,Open,Colombia,39:49,,2:21:50,,1:23:07,4:34:26
450,2016,Andrew Cenkner,M30-34,108,Open,United States,32:03,,2:26:30,,1:27:49,4:34:32
451,1646,Fabian Permentier,M30-34,109,Open,Belgium,32:36,,2:30:53,,1:21:05,4:34:32
452,1233,David Saunders,M35-39,70,Open,United States,29:56,,2:35:38,,1:22:19,4:34:34
453,992,FABIO ESMERELLES,M35-39,71,Open,Brazil,26:00,,2:34:35,,1:26:49,4:34:42
454,1161,Darren Hewitson,M35-39,72,Open,United States,29:51,,2:25:38,,1:29:05,4:34:42
455,3578,Cosimo Tasch,M25-29,132,Open,Germany,31:16,,2:17:37,,1:37:51,4:34:43
456,2111,Hector Sauri Suarez,M30-34,110,Open,Spain,25:53,,2:28:51,,1:29:10,4:34:43
457,2157,Christopher Funch,M30-34,111,Open,United States,31:23,,2:29:40,,1:27:00,4:34:45
458,1924,Patryk Bielik,M30-34,112,Open,Poland,31:08,,2:29:49,,1:26:31,4:34:45
459,1917,Adam Izer,M30-34,113,Open,Hungary,31:45,,2:30:35,,1:22:17,4:34:53
460,701,Ben Goldman,M40-44,29,Open,United States,31:31,,2:31:15,,1:25:32,4:34:55
461,2194,André Sanches,M30-34,114,Open,Brazil,30:11,,2:27:49,,1:29:50,4:34:56
462,1114,Marcel Nijsten,M35-39,73,Open,Netherlands,38:27,,2:22:43,,1:24:46,4:34:58
463,3276,Mark Clough,M50-54,7,Open,Australia,26:27,,2:29:20,,1:31:56,4:34:59
464,413,Francesco Blasi,M40-44,30,Open,Italy,29:36,,2:29:01,,1:26:39,4:35:00
465,2686,Adrian Santonastaso,M55-59,2,Open,Switzerland,30:32,,2:25:13,,1:33:10,4:35:01
466,3684,Steven Vitabile,M25-29,133,Open,United States,26:32,,2:28:10,,1:31:31,4:35:07
467,3848,Louis-Philippe Noel,M18-24,56,Open,Canada,31:11,,2:25:58,,1:29:50,4:35:07
468,266,Philipp Sahm,M40-44,31,Open,Germany,30:02,,2:23:54,,1:32:50,4:35:10
469,2166,Jaap Koetsier,M30-34,115,Open,Netherlands,30:33,,2:28:30,,1:28:54,4:35:13
470,3692,Austin Wheat,M25-29,134,Open,United States,30:01,,2:26:41,,1:30:31,4:35:13
471,3675,Ryan Grotegut,M25-29,135,Open,United States,27:11,,2:22:11,,1:35:59,4:35:13
472,184,Loic Devolder,M40-44,32,Open,France,32:28,,2:27:10,,1:23:26,4:35:16
473,226,David Schmid,M40-44,33,Open,Switzerland,36:13,,2:26:13,,1:25:37,4:35:17
474,2024,Alex Delahaye,M30-34,116,Open,France,32:40,,2:27:31,,1:26:23,4:35:18
475,1298,Scott Voyles,M35-39,74,Open,United States,34:04,,2:26:05,,1:28:12,4:35:18
476,1059,Duncan Bullock,M35-39,75,Open,United Kingdom,35:56,,2:27:59,,1:21:07,4:35:18
477,4358,Fabrice Cuipers,M45-49,17,Open,Belgium,28:17,,2:29:44,,1:29:06,4:35:22
478,272,Matt Gervais,M40-44,34,Open,Canada,28:36,,2:35:40,,1:24:07,4:35:23
479,3764,Jackson Rye,M18-24,57,Open,United States,29:54,,2:30:31,,1:26:11,4:35:23
480,4502,Jessi Costen,M45-49,18,Open,United States,32:06,,2:30:06,,1:24:25,4:35:24
481,3607,LEONARDO ALCKMIN,M25-29,136,Open,Brazil,28:10,,2:16:34,,1:43:24,4:35:24
482,3808,Artem Stopnevich,M18-24,58,Open,Cyprus,28:24,,2:27:36,,1:32:41,4:35:27
483,862,Julien Wartel,M35-39,76,Open,France,36:38,,2:21:55,,1:30:51,4:35:29
484,981,Alessandro Fagherazzi,M35-39,77,Open,Italy,29:46,,2:31:37,,1:27:05,4:35:30
485,3564,Jared Ciccarello,M25-29,137,Open,United States,29:36,,2:28:01,,1:27:44,4:35:31
486,3444,Benjamin De Jager,M25-29,138,Open,United Kingdom,30:38,,2:26:03,,1:29:06,4:35:31
487,1739,Fran Catalan,M30-34,117,Open,Spain,32:45,,2:26:40,,1:28:22,4:35:31
488,1071,Massimo Pham,M35-39,78,Open,Switzerland,28:28,,2:28:18,,1:30:19,4:35:33
489,1317,Ion Elosegui Gonzalez,M35-39,79,Open,Spain,34:16,,2:22:19,,1:32:08,4:35:36
490,1730,Axel Boyer Moretti,M30-34,118,Open,France,30:10,,2:28:54,,1:27:50,4:35:36
491,1652,Alexandre Guay,M30-34,119,Open,Canada,31:00,,2:29:38,,1:25:38,4:35:42
492,3812,ALBERTO GOBBO DE OLIVEIRA,M18-24,59,Open,Brazil,28:40,,2:32:29,,1:25:47,4:35:43
493,129,Sascha Rohner,M40-44,35,Open,Switzerland,29:15,,2:34:15,,1:25:01,4:35:44
494,4045,Sylvain Debray,M45-49,19,Open,France,31:35,,2:27:12,,1:29:11,4:35:44
495,257,Guillaume Thiebot,M40-44,36,Open,France,36:46,,2:20:44,,1:30:40,4:35:47
496,3435,Tobias Treiber,M25-29,139,Open,Germany,31:55,,2:21:52,,1:35:07,4:35:47
497,3207,Kevin Konczak,M50-54,8,Open,United States,31:41,,2:27:15,,1:28:32,4:35:48
498,3902,Antoine Bouvet,M18-24,60,Open,France,25:05,,2:30:59,,1:33:54,4:35:51
499,1874,Karel Nanninga,M30-34,120,Open,Netherlands,31:49,,2:22:58,,1:33:48,4:35:52
500,1913,Joseph Amoresano,M30-34,121,Open,United States,30:56,,2:32:41,,1:23:32,4:35:55
501,2078,Alexander Marshall,M30-34,122,Open,Canada,39:18,,2:24:12,,1:23:59,4:35:55
502,1283,Daniel Dekorne,M35-39,80,Open,United States,30:52,,2:34:31,,1:22:26,4:36:01
503,3420,William Derrick,M25-29,140,Open,United States,32:25,,2:20:42,,1:31:42,4:36:02
504,2033,Dan Power,M30-34,123,Open,Ireland,31:10,,2:28:50,,1:27:38,4:36:07
505,488,Robert Huber,M40-44,37,Open,Switzerland,33:10,,2:27:29,,1:26:36,4:36:11
506,1487,Sebastian Ostertag,M35-39,81,Open,Argentina,29:05,,2:27:55,,1:31:15,4:36:12
507,1766,Jordan Beleffi,M30-34,124,Open,France,29:42,,2:29:13,,1:30:29,4:36:15
508,1225,Mihai Vigariu,M35-39,82,Open,Romania,31:07,,2:24:14,,1:34:04,4:36:19
509,1635,Thibaut Feremans,M30-34,125,Open,Belgium,30:28,,2:27:51,,1:29:41,4:36:24
510,321,Scott Shumate,M40-44,38,Open,United States,28:23,,2:33:57,,1:27:45,4:36:26
511,3206,Ivo Kistler,M50-54,9,Open,Switzerland,29:41,,2:19:54,,1:37:51,4:36:31
512,1117,Ingo Janssen,M35-39,83,Open,Germany,32:51,,2:25:23,,1:31:04,4:36:39
513,3746,Ted Ward,M18-24,61,Open,United Kingdom,24:46,,2:26:28,,1:38:36,4:36:40
514,2850,Mike Neill,M50-54,10,Open,Canada,30:54,,2:29:54,,1:27:57,4:36:40
515,678,Juan Felipe Delgado Valbuena,M40-44,39,Open,Colombia,30:10,,2:29:43,,1:29:06,4:36:42
516,3430,Victor Lelievre,M25-29,141,Open,France,31:04,,2:24:16,,1:33:57,4:36:42
517,531,Rodrigo Da Costa Silva,M40-44,40,Open,Brazil,31:00,,2:26:01,,1:32:27,4:36:44
518,1319,Thomas Martin,M35-39,84,Open,Germany,29:13,,2:28:25,,1:26:45,4:36:44
519,1683,Joshua Werling,M30-34,126,Open,United States,30:25,,2:34:15,,1:26:36,4:36:47
520,766,Ryan Seguine,M40-44,41,Open,United States,30:07,,2:28:51,,1:27:17,4:36:48
521,4136,Pawel Targoni,M45-49,20,Open,Poland,29:24,,2:32:34,,1:27:22,4:36:49
522,2840,Steve Williams,M50-54,11,Open,United Kingdom,33:04,,2:27:45,,1:28:31,4:36:49
523,3620,Stephen Woodford,M25-29,142,Open,United Kingdom,30:41,,2:29:01,,1:28:13,4:36:55
524,1806,Johannes Olind,M30-34,127,Open,United States,31:33,,2:32:18,,1:20:33,4:36:56
525,2127,Nicolas Kaliman,M30-34,128,Open,Argentina,31:51,,2:27:00,,1:26:30,4:36:58
526,700,Maciej Rycyk,M40-44,42,Open,Poland,33:59,,2:29:20,,1:27:02,4:36:59
527,1643,Lee Badenhorst,M30-34,129,Open,South Africa,31:55,,2:29:26,,1:28:37,4:37:01
528,3591,Tim Hertzberg,M25-29,143,Open,Sweden,30:26,,2:29:59,,1:28:28,4:37:01
529,1773,Thomas Dutreive,M30-34,130,Open,France,29:01,,2:26:08,,1:33:01,4:37:02
530,1155,Lukasz Sosnowski,M35-39,85,Open,Poland,36:35,,2:23:39,,1:26:16,4:37:03
531,3402,George Filchak,M25-29,144,Open,United States,26:46,,2:28:46,,1:30:03,4:37:06
532,1775,Patrick Ives,M30-34,131,Open,United States,30:04,,2:28:08,,1:31:30,4:37:07
533,962,Bastien PLA,M35-39,86,Open,France,32:09,,2:26:45,,1:28:56,4:37:08
534,1865,Florent Francois,M30-34,132,Open,France,32:44,,2:31:03,,1:23:41,4:37:09
535,1064,Pedro Paulo Montedonio Rego,M35-39,87,Open,Brazil,31:41,,2:24:42,,1:29:03,4:37:11
536,737,Richard Macdonald,M40-44,43,Open,Canada,30:15,,2:30:02,,1:30:11,4:37:11
537,1035,Craig Sturgeon,M35-39,88,Open,United States,30:17,,2:31:40,,1:24:47,4:37:11
538,3619,Stephen Holloway,M25-29,145,Open,Canada,33:09,,2:26:07,,1:30:35,4:37:14
539,3169,Franck Gérard,M50-54,12,Open,France,33:30,,2:23:14,,1:33:57,4:37:15
540,3806,Nehemiah Kohll,M18-24,62,Open,United States,29:36,,2:27:05,,1:33:53,4:37:16
541,530,Jean Philippe Boisgontier,M40-44,44,Open,France,31:24,,2:29:23,,1:29:43,4:37:16
542,3099,Marco Cote,M50-54,13,Open,Canada,36:50,,2:22:09,,1:28:39,4:37:17
543,149,Stephan Schwarz,M40-44,45,Open,Germany,33:09,,2:30:28,,1:25:28,4:37:21
544,3428,John Kremar,M25-29,146,Open,United States,30:09,,2:31:25,,1:29:31,4:37:24
545,2151,Chris Cheeseman,M30-34,133,Open,Canada,30:25,,2:25:20,,1:30:32,4:37:25
546,591,Leighton Overson,M40-44,46,Open,United States,33:40,,2:25:57,,1:27:32,4:37:29
547,1710,Raphaël Serrapica,M30-34,134,Open,France,25:41,,2:18:55,,1:45:45,4:37:30
548,1382,Wouter Sijssens,M35-39,89,Open,Netherlands,33:53,,2:26:08,,1:26:28,4:37:30
549,500,Dan Macdonald,M40-44,47,Open,Canada,31:51,,2:30:18,,1:27:34,4:37:32
550,1772,Jules Hirault,M30-34,135,Open,France,27:20,,2:34:42,,1:27:19,4:37:32
551,3194,John Hatala,M50-54,14,Open,United States,32:59,,2:28:16,,1:28:44,4:37:32
552,1268,Tomasz Bialek,M35-39,90,Open,Poland,32:53,,2:17:42,,1:39:19,4:37:33
553,947,Paul Boussemart,M35-39,91,Open,France,30:12,,2:28:58,,1:31:02,4:37:33
554,1713,Greg Davidheiser,M30-34,136,Open,United States,31:12,,2:25:58,,1:33:17,4:37:35
555,3717,Jordan Tewksbury Volpe,M25-29,147,Open,United States,30:33,,2:24:49,,1:33:42,4:37:37
556,3594,Michael Sneddon,M25-29,148,Open,United States,26:46,,2:26:36,,1:35:25,4:37:40
557,477,Matthew Coleman,M40-44,48,Open,United States,27:47,,2:33:28,,1:25:26,4:37:41
558,1020,Henrik Samdal,M35-39,92,Open,Norway,32:05,,2:28:28,,1:25:48,4:37:53
559,3541,Claudio LICCI,M25-29,149,Open,Chile,32:44,,2:27:46,,1:28:46,4:37:53
560,3993,Ric Hill,M45-49,21,Open,United Kingdom,32:18,,2:28:45,,1:30:36,4:38:02
561,3336,Barale Nans,M25-29,150,Open,France,23:58,,2:23:42,,1:43:13,4:38:03
562,1755,Duane Russell,M30-34,137,Open,Australia,29:41,,2:32:04,,1:29:05,4:38:03
563,1131,Eric DeLone,M35-39,93,Open,United States,28:25,,2:28:46,,1:31:52,4:38:04
564,1378,Harald Glawe,M35-39,94,Open,Germany,35:00,,2:26:38,,1:27:56,4:38:05
565,1681,Joe Cant,M30-34,138,Open,United Kingdom,34:18,,2:31:27,,1:24:37,4:38:06
566,131,Darren Alcock,M40-44,49,Open,United Kingdom,27:38,,2:19:44,,1:43:18,4:38:07
567,1903,Alec Tripp,M30-34,139,Open,United States,29:38,,2:31:32,,1:28:39,4:38:10
568,910,Andrew Turner,M35-39,95,Open,United States,27:27,,2:28:26,,1:33:44,4:38:10
569,3239,Pascal Cassez,M50-54,15,Open,France,31:32,,2:26:31,,1:32:41,4:38:10
570,3393,Peter Lang,M25-29,151,Open,Germany,30:08,,2:22:18,,1:33:54,4:38:18
571,1678,Tyler Hallenbeck,M30-34,140,Open,United States,29:42,,2:31:32,,1:27:23,4:38:20
572,2109,Fernando Rodrigues Ricco,M30-34,141,Open,Brazil,27:18,,2:28:23,,1:33:30,4:38:21
573,3991,Fredrik Ekström,M45-49,22,Open,Sweden,33:14,,2:27:25,,1:28:07,4:38:21
574,1116,Jacek Zalubski,M35-39,96,Open,Poland,33:49,,2:30:15,,1:26:40,4:38:23
575,704,Oskar Bernström,M40-44,50,Open,Sweden,31:48,,2:29:26,,1:30:18,4:38:24
576,2098,Philip Billikopf,M30-34,142,Open,Chile,32:38,,2:27:55,,1:29:22,4:38:26
577,4042,Mathew Hunnicutt,M45-49,23,Open,United States,30:19,,2:30:06,,1:30:26,4:38:28
578,451,Eric Surovik,M40-44,51,Open,United States,33:44,,2:31:12,,1:27:22,4:38:28
579,3521,Zachary Benedict,M25-29,152,Open,United States,30:05,,2:27:54,,1:33:07,4:38:30
580,3831,Soren Jensen,M18-24,63,Open,United States,30:53,,2:20:37,,1:39:10,4:38:32
581,1472,Ben Fairclough,M35-39,97,Open,United Kingdom,33:54,,2:26:59,,1:28:36,4:38:34
582,4058,Carlos Vilchis Lovera,M45-49,24,Open,Mexico,38:18,,2:24:47,,1:26:05,4:38:37
583,3884,Albert La Valle,M18-24,64,Open,United States,26:51,,2:30:59,,1:31:29,4:38:38
584,196,Juan Rocha,M40-44,52,Open,Mexico,35:50,,2:28:16,,1:26:55,4:38:38
585,3356,Antoine Labreure,M25-29,153,Open,France,30:25,,2:29:45,,1:31:04,4:38:38
586,1990,Mark Cullen,M30-34,143,Open,Canada,31:23,,2:31:39,,1:29:26,4:38:39
587,1314,David Almeida,M35-39,98,Open,Brazil,33:15,,2:30:59,,1:25:03,4:38:40
588,1942,Anthony Aguilera,M30-34,144,Open,United States,33:55,,2:24:54,,1:30:02,4:38:41
589,282,Marouene Khaled,M40-44,53,Open,Tunisia,31:29,,2:30:04,,1:29:31,4:38:42
590,1045,Ricardo Mazzini,M35-39,99,Open,United States,33:03,,2:29:01,,1:28:34,4:38:44
591,148,Laurent Lemonnier,M40-44,54,Open,France,32:50,,2:31:22,,1:26:29,4:38:48
592,3550,Axel Zuziak,M25-29,154,Open,Poland,32:19,,2:26:19,,1:31:49,4:38:49
593,1664,Alex Teagarden,M30-34,145,Open,United States,33:15,,2:22:27,,1:35:15,4:38:50
594,940,Joshua Gordon,M35-39,100,Open,United States,31:35,,2:26:04,,1:32:38,4:38:52
595,3883,Davis Oliver,M18-24,65,Open,United States,33:57,,2:24:29,,1:30:20,4:38:54
596,1984,Eoin Cremen,M30-34,146,Open,Ireland,34:28,,2:31:17,,1:22:49,4:38:55
597,3427,Daniel Barrundia,M25-29,155,Open,Guatemala,29:46,,2:28:38,,1:32:06,4:38:56
598,1740,Maxime Bourrel,M30-34,147,Open,France,28:33,,2:28:27,,1:32:39,4:38:58
599,191,Nicolas Gonzalez,M40-44,55,Open,Argentina,30:18,,2:31:17,,1:29:32,4:39:01
600,3391,Jakub Pagórski,M25-29,156,Open,Poland,35:23,,2:26:57,,1:27:42,4:39:04
601,3757,Jérôme Peter,M18-24,66,Open,Germany,29:01,,2:21:36,,1:42:55,4:39:05
602,891,Mauricio Smith Frontaura,M35-39,101,Open,Chile,30:12,,2:30:41,,1:30:08,4:39:05
603,2693,Christophe JOUFFRET,M55-59,3,Open,France,28:50,,2:27:49,,1:36:07,4:39:06
604,3658,Nicklas Bo Prang Thorup,M25-29,157,Open,Denmark,39:17,,2:25:30,,1:27:20,4:39:07
605,598,Tom Williams,M40-44,56,Open,United Kingdom,29:44,,2:31:10,,1:31:10,4:39:10
606,4220,Luis Diogo Silva Santos,M45-49,25,Open,Portugal,28:49,,2:29:44,,1:33:17,4:39:11
607,1893,Jonathan Fabry,M30-34,148,Open,Belgium,30:37,,2:32:54,,1:25:42,4:39:12
608,1887,Philip Pasch,M30-34,149,Open,Germany,32:45,,2:30:31,,1:27:25,4:39:14
609,2049,Christopher Loy,M30-34,150,Open,United States,32:15,,2:23:24,,1:31:38,4:39:14
610,3499,Dario Bellini,M25-29,158,Open,Italy,28:16,,2:21:38,,1:39:12,4:39:15
611,4013,Otto Ströbel,M45-49,26,Open,Germany,29:17,,2:23:40,,1:37:27,4:39:15
612,3097,Tim Wing,M50-54,16,Open,United Kingdom,36:11,,2:20:31,,1:31:49,4:39:15
613,1811,Alexandre Dube,M30-34,151,Open,Canada,35:59,,2:25:09,,1:28:51,4:39:16
614,1374,Thomas Guilmin,M35-39,102,Open,Belgium,32:42,,2:29:43,,1:28:37,4:39:17
615,3595,Branko Oktavec,M25-29,159,Open,United States,29:41,,2:27:48,,1:34:39,4:39:18
616,1177,Steven Lowenthal,M35-39,103,Open,Guatemala,27:14,,2:34:34,,1:27:29,4:39:19
617,913,Thomas Thijs,M35-39,104,Open,Belgium,30:30,,2:27:53,,1:29:50,4:39:20
618,182,John Seddon,M40-44,57,Open,United States,27:36,,2:23:33,,1:37:21,4:39:22
619,372,Norbert Chandavoine,M40-44,58,Open,France,34:46,,2:24:17,,1:31:09,4:39:23
620,2067,Maksim Grebenchuk,M30-34,152,Open,United States,27:10,,2:29:22,,1:34:42,4:39:23
621,2929,Patrice Brisindi,M50-54,17,Open,Canada,28:56,,2:27:51,,1:31:23,4:39:24
622,2862,Fernando Hector Piaggo,M50-54,18,Open,Argentina,32:39,,2:35:28,,1:23:25,4:39:27
623,1970,Florent Pierrat,M30-34,153,Open,France,38:03,,2:26:56,,1:25:58,4:39:30
624,268,Piotr Kulbicki,M40-44,59,Open,Poland,34:12,,2:28:55,,1:29:34,4:39:32
625,3696,Michael Robinson,M25-29,160,Open,United States,32:35,,2:32:53,,1:24:47,4:39:33
626,2028,Kamil Zielinski,M30-34,154,Open,Poland,27:43,,2:33:41,,1:30:53,4:39:34
627,1248,Felix Martinez,M35-39,105,Open,Venezuela,37:30,,2:25:37,,1:25:29,4:39:37
628,2107,Niclas HACKENBROCH,M30-34,155,Open,Germany,32:59,,2:27:53,,1:31:06,4:39:40
629,1238,Simon Thwaite,M35-39,106,Open,New Zealand,35:37,,2:25:50,,1:28:46,4:39:41
630,907,Dan Oryall,M35-39,107,Open,United States,29:59,,2:26:51,,1:35:22,4:39:42
631,1959,Guillaume Grieve,M30-34,156,Open,France,35:05,,2:25:21,,1:27:53,4:39:45
632,3783,Tom Rajchenbach,M18-24,67,Open,France,34:01,,2:29:25,,1:27:19,4:39:45
633,4227,Brent Detta,M45-49,27,Open,Canada,32:21,,2:30:19,,1:28:27,4:39:46
634,1118,Adriaan Wooding,M35-39,108,Open,South Africa,31:06,,2:34:53,,1:26:18,4:39:46
635,1698,Guilherme Sobolewski,M30-34,157,Open,Brazil,28:28,,2:29:10,,1:32:21,4:39:47
636,1659,Manuel Piñeiro Fiel,M30-34,158,Open,Spain,29:51,,2:37:05,,1:21:07,4:39:49
637,2899,John Craft,M50-54,19,Open,United States,29:24,,2:26:37,,1:35:35,4:39:51
638,4545,Artem Sitnikov,M40-44,60,Open,Latvia,34:24,,2:28:39,,1:29:14,4:39:53
639,4387,Paulo Martins,M45-49,28,Open,Portugal,34:19,,2:27:48,,1:27:28,4:39:58
640,2985,Karl Wimmer,M50-54,20,Open,Germany,31:43,,2:28:27,,1:31:18,4:39:58
641,3532,Daniel Ruet,M25-29,161,Open,France,29:56,,2:31:38,,1:31:12,4:40:00
642,3492,Joshua Korn,M25-29,162,Open,United States,30:54,,2:36:08,,1:24:28,4:40:00
643,720,Bruno Lapendry,M40-44,61,Open,France,31:35,,2:28:05,,1:30:52,4:40:01
644,4204,Valery Fabre,M45-49,29,Open,France,34:00,,2:26:16,,1:30:13,4:40:02
645,1702,Charles Poulain,M30-34,159,Open,France,32:09,,2:33:04,,1:26:00,4:40:05
646,1425,Bryan Gallant,M35-39,109,Open,United States,35:07,,2:28:17,,1:26:43,4:40:13
647,4050,Nicolas Tanguy,M45-49,30,Open,France,29:03,,2:37:40,,1:27:23,4:40:15
648,1342,Benoît Lafuma,M35-39,110,Open,France,31:27,,2:30:31,,1:30:56,4:40:16
649,3857,Kyle Fleher,M18-24,68,Open,United States,29:45,,2:29:47,,1:31:46,4:40:18
650,946,Tobias Lendenmann,M35-39,111,Open,Switzerland,32:44,,2:21:01,,1:33:06,4:40:19
651,3854,John Rauen,M18-24,69,Open,United States,35:20,,2:28:14,,1:30:30,4:40:23
652,748,Pavel Artyushenko,M40-44,62,Open,Kazakhstan,27:44,,2:30:38,,1:31:20,4:40:24
653,2804,Jason Hollander,M50-54,21,Open,United States,31:47,,2:26:08,,1:31:34,4:40:24
654,3880,Sean Saxton,M18-24,70,Open,United States,28:24,,2:38:18,,1:26:50,4:40:24
655,1014,Adam De Jong,M35-39,112,Open,Canada,33:15,,2:26:35,,1:33:38,4:40:25
656,1271,Jonathan Robert,M35-39,113,Open,Belgium,29:25,,2:33:22,,1:26:39,4:40:25
657,3655,Alexandre Mathieu,M25-29,163,Open,France,35:53,,2:27:27,,1:29:48,4:40:25
658,333,William Martin,M40-44,63,Open,Brazil,33:40,,2:25:29,,1:30:08,4:40:25
659,1662,Jean Helbert Rios Escobar,M30-34,160,Open,Colombia,29:59,,2:29:26,,1:29:05,4:40:26
660,1856,Ewan Mitchell,M30-34,161,Open,United Kingdom,31:27,,2:23:17,,1:37:50,4:40:26
661,1997,Simon Boutonnet,M30-34,162,Open,France,32:36,,2:26:55,,1:34:19,4:40:27
662,1949,Dixon Mcdonald,M30-34,163,Open,United States,28:50,,2:33:37,,1:27:10,4:40:31
663,1451,Marcelo Tomaszewski,M35-39,114,Open,Brazil,29:15,,2:30:02,,1:33:47,4:40:32
664,403,Michael Norbury,M40-44,64,Open,Jersey,33:28,,2:33:04,,1:23:08,4:40:32
665,4140,Alexandra Epee-Bounya,M45-49,31,Open,Italy,36:52,,2:27:53,,1:28:51,4:40:33
666,3908,Vincent Putrino,M18-24,71,Open,United States,29:20,,2:38:53,,1:26:59,4:40:33
667,2893,Andreas Christian Refsgaard Petz,M50-54,22,Open,Denmark,28:27,,2:26:32,,1:36:35,4:40:35
668,1881,Wesley De Does,M30-34,164,Open,Netherlands,34:22,,2:29:47,,1:28:46,4:40:36
669,3074,Mário Machado,M50-54,23,Open,Portugal,28:34,,2:34:40,,1:27:12,4:40:39
670,1684,Richie Szeliga,M30-34,165,Open,United States,34:45,,2:36:55,,1:20:24,4:40:40
671,3589,Matthew Ponder,M25-29,164,Open,United States,30:40,,2:29:02,,1:32:54,4:40:45
672,3576,Caillin Gibson,M25-29,165,Open,Australia,28:54,,2:33:56,,1:28:48,4:40:45
673,1346,Dantley Young,M35-39,115,Open,United States,34:07,,2:30:20,,1:27:06,4:40:46
674,486,Shawn Clark,M40-44,65,Open,United States,31:45,,2:26:20,,1:35:03,4:40:49
675,1973,Hendrik Althoff,M30-34,166,Open,Germany,28:42,,2:26:34,,1:35:24,4:40:50
676,1816,Keane Johnson,M30-34,167,Open,United States,29:32,,2:31:27,,1:31:20,4:40:51
677,527,Filippo Ceccarelli,M40-44,66,Open,Italy,29:50,,2:39:13,,1:23:57,4:40:51
678,3770,Joshua Alexander Ramos,M18-24,72,Open,Philippines,26:15,,2:33:58,,1:33:35,4:40:54
679,1788,Edgar Silva,M30-34,168,Open,Colombia,26:40,,2:37:23,,1:29:41,4:40:59
680,3545,Steven Sutherland,M25-29,166,Open,United States,29:33,,2:28:39,,1:35:12,4:41:03
681,3837,Iñigo PEREZ,M18-24,73,Open,Mexico,32:42,,2:34:03,,1:27:52,4:41:05
682,3604,Nicholas Foster,M25-29,167,Open,Australia,35:15,,2:27:58,,1:29:56,4:41:07
683,1379,Bruno Salinas,M35-39,116,Open,Peru,32:51,,2:30:00,,1:27:33,4:41:08
684,588,Diego Gelos,M40-44,67,Open,Argentina,32:19,,2:28:28,,1:32:09,4:41:09
685,4258,Yaroslav Perventsev,M45-49,32,Open,United States,32:12,,2:27:57,,1:31:54,4:41:09
686,873,Javier Carmona Mansilla,M35-39,117,Open,Spain,29:34,,2:37:54,,1:22:32,4:41:13
687,1908,Coby Kavanaugh,M30-34,169,Open,United States,29:54,,2:28:13,,1:33:22,4:41:14
688,3474,Batuhan Kaya,M25-29,168,Open,Turkey,29:34,,2:28:25,,1:35:07,4:41:14
689,606,Sebastien Lozano,M40-44,68,Open,France,31:12,,2:35:24,,1:26:57,4:41:19
690,1245,Mickaël Chevillet,M35-39,118,Open,France,34:07,,2:26:18,,1:31:18,4:41:19
691,470,David Renvoise,M40-44,69,Open,France,32:22,,2:31:50,,1:27:49,4:41:21
692,3788,Jaimy Voogt,M18-24,74,Open,Netherlands,29:26,,2:27:48,,1:36:40,4:41:21
693,1142,Francisco Ceron,M35-39,119,Open,Colombia,33:04,,2:33:21,,1:23:59,4:41:22
694,1805,Ricardo Avalos,M30-34,170,Open,Chile,32:03,,2:34:34,,1:26:20,4:41:22
695,1978,Cédric Hautrive,M30-34,171,Open,Belgium,34:17,,2:28:12,,1:31:34,4:41:23
696,926,Pablo Casuso,M35-39,120,Open,Spain,32:33,,2:24:21,,1:33:44,4:41:24
697,1884,Alexey Kolesnikov-Gautier,M30-34,172,Open,Switzerland,37:45,,2:24:35,,1:30:02,4:41:26
698,3807,Joshua Thomas,M18-24,75,Open,United Kingdom,34:51,,2:24:44,,1:34:06,4:41:27
699,1163,Zac Kieffer,M35-39,121,Open,United States,33:51,,2:28:45,,1:31:20,4:41:30
700,1797,Reto Strässle,M30-34,173,Open,Switzerland,32:18,,2:32:54,,1:28:27,4:41:30
701,3501,Corentin Cousin,M25-29,169,Open,France,25:57,,2:31:20,,1:36:41,4:41:33
702,1365,Ryan Walkenhorst,M35-39,122,Open,Australia,29:52,,2:33:36,,1:28:10,4:41:37
703,1777,Wesley Mather,M30-34,174,Open,United States,27:45,,2:34:02,,1:25:24,4:41:38
704,960,Arnaud Enjalbert,M35-39,123,Open,France,41:22,,2:20:12,,1:30:28,4:41:38
705,1296,Matt Petrocci,M35-39,124,Open,United States,35:53,,2:31:43,,1:25:24,4:41:39
706,3682,Zach Aldrich,M25-29,170,Open,United States,31:37,,2:31:29,,1:30:20,4:41:39
707,1078,Damien Sarda,M35-39,125,Open,France,32:23,,2:30:23,,1:29:03,4:41:40
708,2106,Thomas Chiarappa,M30-34,175,Open,France,34:30,,2:30:09,,1:27:43,4:41:40
709,702,Marcus Ekström,M40-44,70,Open,Sweden,32:16,,2:34:09,,1:29:34,4:41:45
710,596,Juerg Sigrist,M40-44,71,Open,Switzerland,30:56,,2:27:13,,1:34:17,4:41:47
711,1798,Olivier Mannheim,M30-34,176,Open,France,32:47,,2:21:48,,1:40:10,4:41:50
712,4513,Mark Syvret,M45-49,33,Open,Jersey,31:44,,2:29:17,,1:30:57,4:41:55
713,335,Jordan Nichols,M40-44,72,Open,United States,29:21,,2:31:12,,1:33:34,4:41:55
714,4306,David Lebret,M45-49,34,Open,France,32:43,,2:24:00,,1:34:24,4:41:57
715,868,Stefano Lovati,M35-39,126,Open,Italy,29:11,,2:33:37,,1:29:28,4:41:58
716,3354,Maxime Piron,M25-29,171,Open,Belgium,29:27,,2:35:52,,1:27:12,4:41:59
717,661,Nicolas Cuenin,M40-44,73,Open,France,32:14,,2:26:20,,1:35:07,4:41:59
718,4209,Remon Hemmes,M45-49,35,Open,Netherlands,32:13,,2:29:41,,1:32:43,4:42:01
719,3613,Olivier Van Den Bent-Kelly,M25-29,172,Open,United Kingdom,33:21,,2:32:05,,1:28:55,4:42:01
720,1846,Maxime Antoine,M30-34,177,Open,Belgium,35:03,,2:28:09,,1:31:27,4:42:02
721,213,Marc-André Thériault,M40-44,74,Open,Canada,33:51,,2:29:48,,1:30:16,4:42:04
722,1040,Gabriele Monaco,M35-39,127,Open,Italy,32:31,,2:27:36,,1:34:19,4:42:05
723,979,Patrick Lacher,M35-39,128,Open,Switzerland,35:18,,2:26:59,,1:27:25,4:42:09
724,1240,Jelle Van Der Eijk,M35-39,129,Open,Netherlands,41:23,,2:25:00,,1:27:43,4:42:10
725,860,Koji Mizutani,M35-39,130,Open,Japan,28:52,,2:38:31,,1:25:13,4:42:11
726,4323,Franck Lopico,M45-49,36,Open,France,28:48,,2:32:24,,1:31:11,4:42:14
727,1994,Nikolaos Barmpoudis,M30-34,178,Open,Greece,34:51,,2:29:20,,1:27:00,4:42:15
728,1482,Marcel Krug,M35-39,131,Open,Germany,30:38,,2:32:26,,1:30:59,4:42:16
729,2906,Ronan Pavoni,M50-54,24,Open,Panama,30:07,,2:28:53,,1:35:58,4:42:18
730,3952,Seamus Woods,M45-49,37,Open,United States,34:10,,2:27:25,,1:33:19,4:42:20
731,3856,Michael Lincoln,M18-24,76,Open,United States,23:14,,2:34:32,,1:33:15,4:42:22
732,1153,Claudio Di Pietro,M35-39,132,Open,Italy,35:10,,2:27:28,,1:27:12,4:42:23
733,2888,Thomas Goetz,M50-54,25,Open,Switzerland,32:04,,2:27:44,,1:31:11,4:42:24
734,974,Sean Smith,M35-39,133,Open,Switzerland,32:48,,2:30:06,,1:27:23,4:42:26
735,2977,Glen Osmond,M50-54,26,Open,Poland,29:08,,2:28:59,,1:36:15,4:42:27
736,4290,Simon Olivier,M45-49,38,Open,Canada,34:33,,2:28:43,,1:32:38,4:42:29
737,379,François Fontaine,M40-44,75,Open,France,29:01,,2:34:30,,1:31:24,4:42:29
738,1096,Daniel Cruz,M35-39,134,Open,Spain,28:38,,2:32:38,,1:31:37,4:42:32
739,3455,Jeremi Lessard,M25-29,173,Open,Canada,32:20,,2:27:15,,1:33:43,4:42:33
740,3656,Philipp Kuhr,M25-29,174,Open,Germany,30:16,,2:23:15,,1:42:10,4:42:33
741,3513,Samuel Jubb,M25-29,175,Open,United States,29:09,,2:37:12,,1:29:33,4:42:34
742,1128,Tristan Gore,M35-39,135,Open,United States,29:56,,2:28:51,,1:34:28,4:42:35
743,3796,Nolan Pearce,M18-24,77,Open,United States,29:20,,2:39:28,,1:27:09,4:42:35
744,3346,Theodore Benjovsky,M25-29,176,Open,United States,32:04,,2:29:24,,1:33:22,4:42:37
745,4056,Patrick Harfield,M45-49,39,Open,Cayman Islands,32:04,,2:26:29,,1:35:59,4:42:40
746,432,Alexey Sidorenko,M40-44,76,Open,Kazakhstan,34:14,,2:30:22,,1:29:02,4:42:41
747,2088,Jack Hambleton,M30-34,179,Open,United Kingdom,35:15,,2:35:44,,1:24:04,4:42:43
748,492,Chris Hughes,M40-44,77,Open,United States,29:26,,2:28:31,,1:31:58,4:42:46
749,4186,Guillaume Barreau,M45-49,40,Open,France,30:15,,2:31:29,,1:35:07,4:42:46
750,1762,Iñaki Aranzabal,M30-34,180,Open,Spain,31:46,,2:31:18,,1:27:29,4:42:46
751,1029,Jurij Pfeiffer,M35-39,136,Open,Germany,33:58,,2:25:35,,1:34:25,4:42:47
752,1977,Antonio Aznarez,M30-34,181,Open,Argentina,35:57,,2:29:12,,1:29:00,4:42:48
753,1004,Paolo Paniz,M35-39,137,Open,Italy,26:41,,2:36:20,,1:30:46,4:42:48
754,1199,Carlos Halrik Diniz,M35-39,138,Open,Brazil,33:14,,2:28:45,,1:32:34,4:42:49
755,3367,Nicola Piccinin,M25-29,177,Open,Italy,31:12,,2:23:10,,1:40:09,4:42:50
756,3847,Oscar Sutcliffe,M18-24,78,Open,United Kingdom,31:38,,2:31:19,,1:31:04,4:42:53
757,428,Alessandro Marvaldi,M40-44,78,Open,Italy,29:52,,2:29:59,,1:34:09,4:42:53
758,3488,Matthew Bates,M25-29,178,Open,South Africa,27:20,,2:31:39,,1:35:02,4:42:54
759,866,Jose Álvaro Vela,M35-39,139,Open,Spain,30:21,,2:32:55,,1:28:54,4:42:57
760,1205,Luca Liuzzi,M35-39,140,Open,Italy,33:34,,2:29:03,,1:33:20,4:42:59
761,2505,Michael Hay,M55-59,4,Open,Canada,30:30,,2:29:27,,1:34:08,4:43:00
762,4325,Juan Francisco Monserrat De Leon,M45-49,41,Open,Spain,33:38,,2:30:03,,1:30:30,4:43:01
763,2029,Marc Solkov,M30-34,182,Open,United States,30:31,,2:35:49,,1:28:30,4:43:04
764,4500,Christiano Abreu Barbosa,M45-49,42,Open,Brazil,31:47,,2:32:13,,1:29:51,4:43:06
765,1231,Viktor Wirz,M35-39,141,Open,Switzerland,33:53,,2:32:36,,1:28:22,4:43:06
766,3599,William Stewart,M25-29,179,Open,Australia,31:14,,2:27:54,,1:35:02,4:43:09
767,3442,Robert Billette,M25-29,180,Open,United States,30:32,,2:31:08,,1:34:02,4:43:10
768,1108,Gregory Le Dret,M35-39,142,Open,France,33:28,,2:26:43,,1:33:05,4:43:10
769,2121,Christian Kallus,M30-34,183,Open,Germany,35:17,,2:28:08,,1:30:36,4:43:11
770,4475,Luke Ehgoetz,M45-49,43,Open,Canada,31:49,,2:26:56,,1:38:10,4:43:11
771,1154,Mariusz Pirek,M35-39,143,Open,Poland,30:42,,2:30:36,,1:35:49,4:43:11
772,396,Richard Ledain Santiago,M40-44,79,Open,Spain,31:24,,2:34:45,,1:28:55,4:43:12
773,2890,Eric Travis,M50-54,27,Open,Canada,30:25,,2:26:50,,1:35:11,4:43:17
774,3137,Kevin Fuller,M50-54,28,Open,United States,29:32,,2:23:06,,1:42:49,4:43:18
775,4065,Dwayne Kemp,M45-49,44,Open,South Africa,30:35,,2:32:38,,1:29:31,4:43:18
776,2697,Kai Krause,M55-59,5,Open,Germany,36:07,,2:33:08,,1:24:56,4:43:20
777,1383,Justin Marshall,M35-39,144,Open,United Kingdom,28:45,,2:34:48,,1:30:45,4:43:21
778,1364,Ricardo Maldonado,M35-39,145,Open,Ecuador,35:03,,2:31:50,,1:26:48,4:43:22
779,1955,Brian Hrynkow,M30-34,184,Open,Canada,30:33,,2:23:58,,1:41:08,4:43:23
780,520,Ignacio Sánchez Mallén,M40-44,80,Open,Spain,33:13,,2:26:18,,1:33:31,4:43:26
781,3000,Chris Mansolillo,M50-54,29,Open,United States,28:46,,2:28:31,,1:36:23,4:43:26
782,186,Murat Guney,M40-44,81,Open,Turkey,33:38,,2:26:34,,1:34:59,4:43:27
783,2090,Wayne Quenault,M30-34,185,Open,Jersey,33:51,,2:29:20,,1:31:53,4:43:27
784,1819,Alessandro Caruso,M30-34,186,Open,Italy,28:42,,2:32:24,,1:33:13,4:43:29
785,1256,Tobias Hohagen,M35-39,146,Open,Germany,33:27,,2:27:15,,1:30:43,4:43:29
786,4134,David Smitz,M45-49,45,Open,Belgium,31:23,,2:29:28,,1:35:12,4:43:30
787,2123,Stephen Sperry,M30-34,187,Open,United States,38:58,,2:26:10,,1:29:05,4:43:36
788,1140,Thomas Fellows,M35-39,147,Open,United States,33:08,,2:32:48,,1:30:15,4:43:40
789,251,Walter Kohl,M40-44,82,Open,Argentina,35:36,,2:31:13,,1:27:04,4:43:40
790,1760,Adam Raphael,M30-34,188,Open,United States,31:23,,2:38:37,,1:24:11,4:43:42
791,3337,Nikolaus Schell,M25-29,181,Open,Austria,35:56,,2:23:53,,1:34:01,4:43:45
792,624,Jesus Angulo,M40-44,83,Open,Venezuela,32:31,,2:30:25,,1:31:24,4:43:47
793,3511,Anthony Federico,M25-29,182,Open,United States,32:00,,2:31:36,,1:30:54,4:43:53
794,2947,Paul Faithfull,M50-54,30,Open,United Kingdom,31:36,,2:28:12,,1:34:50,4:43:56
795,1270,Nathan Mize,M35-39,148,Open,United States,33:15,,2:33:17,,1:28:20,4:43:57
796,1670,Fredy Acevedo,M30-34,189,Open,Chile,30:11,,2:27:47,,1:38:36,4:43:58
797,1843,Zachary Smith,M30-34,190,Open,United States,36:12,,2:32:30,,1:26:13,4:43:58
798,2145,Jérôme Delecroix,M30-34,191,Open,France,33:22,,2:32:54,,1:27:53,4:44:03
799,3896,Steven Meng,M18-24,79,Open,United States,34:16,,2:31:16,,1:30:34,4:44:03
800,3396,Tobias Eigelsreiter,M25-29,183,Open,Austria,35:46,,2:27:17,,1:33:35,4:44:06
801,541,Alberto Gonzalez,M40-44,84,Open,Mexico,34:05,,2:34:26,,1:26:57,4:44:07
802,2134,Sebastian Vales,M30-34,192,Open,Uruguay,35:21,,2:33:59,,1:26:49,4:44:07
803,2039,Jaime Benazar,M30-34,193,Open,Venezuela,30:17,,2:37:07,,1:25:28,4:44:08
804,3872,Jace Kline,M18-24,80,Open,United States,36:22,,2:33:52,,1:23:59,4:44:09
805,460,"Cavalet, Andrea Cavalet, Andrea",M40-44,85,Open,Italy,32:23,,2:26:22,,1:36:22,4:44:11
806,4094,Eric Wheeler,M45-49,46,Open,United States,35:51,,2:31:13,,1:28:43,4:44:15
807,434,Oscar Javier Aguilar De La Rosa,M40-44,86,Open,Spain,33:10,,2:33:17,,1:30:58,4:44:16
808,614,Yann Duval,M40-44,87,Open,France,30:15,,2:30:53,,1:35:23,4:44:16
809,3392,Moritz Pohl,M25-29,184,Open,Germany,26:08,,2:27:57,,1:43:40,4:44:16
810,3707,Bartosz Piasecki,M25-29,185,Open,Poland,34:15,,2:28:21,,1:32:38,4:44:17
811,1049,Stuart Clennell,M35-39,149,Open,United States,26:54,,2:32:09,,1:35:11,4:44:19
812,4135,Scott Sanders,M45-49,47,Open,United States,29:28,,2:34:54,,1:32:02,4:44:20
813,4205,Robert Matto,M45-49,48,Open,Gibraltar,30:04,,2:35:21,,1:31:12,4:44:20
814,2916,Franck Louvet,M50-54,31,Open,France,29:02,,2:31:53,,1:36:42,4:44:20
815,721,Alejandro Torre,M40-44,88,Open,Spain,29:14,,2:32:43,,1:32:56,4:44:21
816,3811,Corentin Flochlay,M18-24,81,Open,France,28:35,,2:22:29,,1:44:52,4:44:21
817,1386,David Hansen,M35-39,150,Open,United States,30:36,,2:28:45,,1:35:08,4:44:25
818,3762,Cameron Hill,M18-24,82,Open,Australia,30:07,,2:23:18,,1:44:23,4:44:27
819,3810,Gwendal Devenat Delile,M18-24,83,Open,France,31:04,,2:30:29,,1:34:43,4:44:29
820,1829,Scudder Clay,M30-34,194,Open,United States,30:37,,2:32:59,,1:30:46,4:44:31
821,3377,Connor Quinn,M25-29,186,Open,United States,33:55,,2:29:42,,1:28:37,4:44:36
822,3106,Scott Whittlestone,M50-54,32,Open,United Kingdom,33:15,,2:26:48,,1:34:43,4:44:39
823,543,Nicolas Delgado,M40-44,89,Open,Colombia,29:01,,2:34:34,,1:34:31,4:44:39
824,3948,Brice Faucheux,M45-49,49,Open,France,32:24,,2:31:13,,1:32:58,4:44:39
825,4374,Nadav Goldstein,M45-49,50,Open,Israel,33:03,,2:32:47,,1:27:35,4:44:40
826,2122,Justin Weiner,M30-34,195,Open,United States,30:09,,2:32:03,,1:33:17,4:44:40
827,865,Alejandro Peña Méndez,M35-39,151,Open,Spain,28:37,,2:33:21,,1:36:15,4:44:42
828,273,Daniel Wilson,M40-44,90,Open,United Kingdom,33:41,,2:29:46,,1:31:34,4:44:43
829,3222,Pete Eggleston,M50-54,33,Open,United Kingdom,32:22,,2:28:21,,1:33:55,4:44:45
830,3477,Luke Richards,M25-29,187,Open,United Kingdom,33:06,,2:30:22,,1:34:15,4:44:47
831,3843,Parker Kerth,M18-24,84,Open,United States,34:49,,2:26:40,,1:32:44,4:44:47
832,1107,Arthur Werneck,M35-39,152,Open,Brazil,31:20,,2:30:54,,1:28:26,4:44:47
833,1855,Cristian Godoy Vasquez,M30-34,196,Open,Chile,37:02,,2:28:27,,1:32:35,4:44:48
834,3534,David Haywood,M25-29,188,Open,United Kingdom,29:37,,2:41:28,,1:25:14,4:44:49
835,3482,Louis Audoin,M25-29,189,Open,France,30:57,,2:27:05,,1:39:05,4:44:50
836,4071,Todd Jackson,M45-49,51,Open,United States,30:14,,2:32:32,,1:30:53,4:44:55
837,133,Andrzej Nowak,M40-44,91,Open,Poland,33:21,,2:29:56,,1:34:11,4:44:55
838,3519,Alejandro Uribe Riba,M25-29,190,Open,Mexico,29:40,,2:30:36,,1:32:47,4:44:56
839,1338,Blake Hovis,M35-39,153,Open,United States,32:16,,2:27:13,,1:35:56,4:44:58
840,1807,Nick Ansell,M30-34,197,Open,United Kingdom,28:47,,2:29:46,,1:36:55,4:44:58
841,575,Alexander Schuler,M40-44,92,Open,Germany,33:20,,2:27:34,,1:35:16,4:45:01
842,3478,Mateusz Zawadzki,M25-29,191,Open,Poland,32:23,,2:30:41,,1:35:15,4:45:01
843,668,Nathaniel Thomas,M40-44,93,Open,United States,34:02,,2:23:26,,1:38:02,4:45:07
844,3487,Eduardo Giovanni De La Torre Vilchis,M25-29,192,Open,Mexico,33:48,,2:32:40,,1:30:45,4:45:09
845,2163,Robson De Freitas L Bonaldi,M30-34,198,Open,Brazil,36:22,,2:32:18,,1:27:16,4:45:09
846,1853,Paul Smith,M30-34,199,Open,United States,38:27,,2:19:46,,1:38:22,4:45:10
847,2867,Sean Torr,M50-54,34,Open,United States,28:47,,2:33:57,,1:33:27,4:45:10
848,1975,Giulio Franceschet,M30-34,200,Open,Italy,28:38,,2:34:49,,1:32:05,4:45:11
849,2832,Cristian Dussaillant,M50-54,35,Open,Chile,36:18,,2:29:29,,1:32:02,4:45:12
850,276,Andreas Erdrich,M40-44,94,Open,Germany,34:42,,2:26:19,,1:33:30,4:45:16
851,4044,Austin Jackson,M45-49,52,Open,United States,32:14,,2:29:22,,1:37:20,4:45:16
852,988,Cristian Eggers,M35-39,154,Open,Chile,31:40,,2:31:58,,1:33:19,4:45:16
853,3570,Sebastian Bodilly,M25-29,193,Open,United Kingdom,33:19,,2:24:29,,1:40:22,4:45:18
854,3768,Will Watson,M18-24,85,Open,United States,34:11,,2:28:36,,1:35:19,4:45:19
855,1780,Erik Nelson,M30-34,201,Open,Canada,30:03,,2:35:18,,1:31:44,4:45:20
856,2823,Michael Hartweg,M50-54,36,Open,Switzerland,30:27,,2:32:04,,1:32:57,4:45:22
857,3406,Joshua Reece,M25-29,194,Open,United States,30:17,,2:33:28,,1:35:19,4:45:24
858,2803,Bas Meeuwissen,M50-54,37,Open,Netherlands,36:20,,2:29:02,,1:33:12,4:45:25
859,1147,Eduardo Ovejas,M35-39,155,Open,Mexico,30:26,,2:40:54,,1:24:23,4:45:28
860,219,Nicolas Rodriguez,M40-44,95,Open,Argentina,28:57,,2:32:50,,1:35:46,4:45:29
861,185,Ryan Long,M40-44,96,Open,United States,28:59,,2:36:02,,1:30:48,4:45:30
862,153,Dominic Wimmer,M40-44,97,Open,Germany,30:56,,2:36:36,,1:28:27,4:45:31
863,2050,Quentin Grieu,M30-34,202,Open,United Kingdom,36:10,,2:31:20,,1:29:26,4:45:32
864,3440,Nikita Fedotovskikh,M25-29,195,Open,Kazakhstan,39:55,,2:26:38,,1:31:25,4:45:32
865,580,Jason Albanese,M40-44,98,Open,United States,30:43,,2:32:01,,1:33:21,4:45:34
866,1877,Thomas Bouillot,M30-34,203,Open,France,31:35,,2:33:10,,1:31:41,4:45:35
867,352,Brian Pawlowski,M40-44,99,Open,United States,33:24,,2:22:51,,1:39:32,4:45:35
868,3603,Tim Huebner,M25-29,196,Open,Germany,32:14,,2:30:35,,1:33:59,4:45:37
869,3790,Jamie Pond,M18-24,86,Open,United Kingdom,35:45,,2:36:57,,1:25:48,4:45:38
870,1381,Tobias König,M35-39,156,Open,Germany,27:12,,2:34:09,,1:35:55,4:45:39
871,4450,Vicente Benito Cortes,M45-49,53,Open,Spain,34:15,,2:28:33,,1:34:42,4:45:40
872,3581,Ian Mayes,M25-29,197,Open,United Kingdom,33:24,,2:25:00,,1:38:45,4:45:41
873,3507,Mack Grenfell,M25-29,198,Open,United Kingdom,30:58,,2:27:51,,1:39:04,4:45:44
874,198,Mike Dumas,M40-44,100,Open,United States,32:07,,2:33:09,,1:28:46,4:45:44
875,418,David Morin,M40-44,101,Open,Canada,31:37,,2:28:47,,1:35:23,4:45:44
876,936,Anton Volkov,M35-39,157,Open,Kazakhstan,33:03,,2:29:32,,1:33:40,4:45:45
877,4443,Bojan Djuric,M45-49,54,Open,Serbia,30:56,,2:31:05,,1:35:47,4:45:49
878,3257,Jean-Francois Gauthier,M50-54,38,Open,Canada,31:36,,2:36:32,,1:30:25,4:45:51
879,948,Thomas RAKUSCHAN,M35-39,158,Open,Switzerland,32:12,,2:35:05,,1:31:13,4:45:51
880,1491,Rasmus Næblerød,M35-39,159,Open,Denmark,31:54,,2:24:34,,1:39:50,4:45:56
881,350,Juan Martin Coll Cuello,M40-44,102,Open,Spain,30:14,,2:38:45,,1:28:35,4:45:56
882,3830,Sage Costen,M18-24,87,Open,United States,30:14,,2:38:18,,1:29:49,4:45:57
883,2197,Devin Salinas,M30-34,204,Open,United States,31:09,,2:28:11,,1:35:48,4:45:59
884,1370,Lee Gudor,M35-39,160,Open,United Kingdom,36:20,,2:27:49,,1:30:55,4:46:02
885,1001,Patrick Wenegger,M35-39,161,Open,Austria,32:20,,2:29:53,,1:35:27,4:46:04
886,970,Wade Kammel,M35-39,162,Open,United States,35:50,,2:28:42,,1:33:16,4:46:05
887,1316,Vincent darcq,M35-39,163,Open,France,31:16,,2:32:43,,1:31:59,4:46:07
888,1918,Jordan Green,M30-34,205,Open,United States,28:07,,2:31:36,,1:36:38,4:46:07
889,495,Stefan Kramer,M40-44,103,Open,Germany,30:31,,2:31:57,,1:34:22,4:46:10
890,1388,Manuel Cabrera Morales,M35-39,164,Open,Spain,32:55,,2:27:51,,1:35:17,4:46:12
891,3980,Koen Van Putten,M45-49,55,Open,Netherlands,28:47,,2:29:16,,1:39:57,4:46:12
892,4308,Giles Brook,M45-49,56,Open,United Kingdom,31:32,,2:29:52,,1:37:41,4:46:14
893,613,TIAGO LESSA,M40-44,104,Open,Brazil,34:19,,2:30:35,,1:31:50,4:46:15
894,1247,Marc Decatoire,M35-39,165,Open,France,28:16,,2:34:49,,1:35:58,4:46:16
895,628,Andy Mullin,M40-44,105,Open,Canada,34:32,,2:33:17,,1:29:02,4:46:18
896,1968,Tom Blanshard,M30-34,206,Open,United Kingdom,28:04,,2:35:30,,1:33:10,4:46:18
897,858,Sebastian Tapia,M35-39,166,Open,Chile,33:28,,2:34:03,,1:30:32,4:46:22
898,1834,Matthieu Juillerat,M30-34,207,Open,Switzerland,31:49,,2:32:00,,1:35:29,4:46:28
899,114,Greg Galloway,M40-44,106,Open,Canada,30:40,,2:31:38,,1:32:14,4:46:28
900,386,Peter Ligori,M40-44,107,Open,Canada,32:12,,2:31:42,,1:32:58,4:46:30
901,2031,Justin Allen,M30-34,208,Open,United States,35:18,,2:34:30,,1:28:30,4:46:30
902,3903,Matheus Teixeira Fialho,M18-24,88,Open,Brazil,33:15,,2:31:52,,1:32:29,4:46:30
903,2821,Colby Titland,M50-54,39,Open,United States,36:24,,2:33:39,,1:26:26,4:46:32
904,1455,Sergio Santos Lois,M35-39,167,Open,Spain,34:14,,2:31:02,,1:30:18,4:46:33
905,3270,Bryan Dunn,M50-54,40,Open,United States,30:29,,2:28:43,,1:36:48,4:46:34
906,1786,Eduardo Cortes Galvez,M30-34,209,Open,Mexico,30:06,,2:35:16,,1:33:33,4:46:35
907,3850,David Slear,M18-24,89,Open,United States,31:37,,2:30:52,,1:34:55,4:46:35
908,3429,Ryan Schultz,M25-29,199,Open,United States,26:19,,2:36:34,,1:34:40,4:46:37
909,1093,Brendan White,M35-39,168,Open,Canada,31:28,,2:34:55,,1:30:57,4:46:37
910,3243,Robert Czigany Dr,M50-54,41,Open,Hungary,29:05,,2:35:45,,1:32:21,4:46:38
911,2158,Mohammed Almarzouki,M30-34,210,Open,Saudi Arabia,33:46,,2:23:00,,1:42:18,4:46:38
912,2473,Todd Shellenberger,M55-59,6,Open,United States,28:55,,2:32:28,,1:37:25,4:46:38
913,1287,Kevin Coyle,M35-39,169,Open,United States,29:13,,2:27:00,,1:40:58,4:46:41
914,4394,Thierry Diallo,M45-49,57,Open,France,31:31,,2:36:10,,1:29:16,4:46:42
915,441,Pawel Kampa,M40-44,108,Open,Poland,34:37,,2:31:31,,1:31:56,4:46:44
916,959,Gordon Withers,M35-39,170,Open,United States,28:00,,2:35:53,,1:32:27,4:46:46
917,1372,Sam Thompson,M35-39,171,Open,United Kingdom,32:50,,2:29:26,,1:35:26,4:46:47
918,445,Xavier Galoukian,M40-44,109,Open,France,34:15,,2:32:51,,1:31:35,4:46:48
919,3281,Peter Acs,M50-54,42,Open,United States,27:36,,2:34:55,,1:32:09,4:46:50
920,912,Jakub Birecki,M35-39,172,Open,Poland,33:14,,2:28:57,,1:37:32,4:46:51
921,3777,Kyle Neuenschwander,M18-24,90,Open,United States,31:16,,2:39:21,,1:27:03,4:46:51
922,1414,Rick Marsman,M35-39,173,Open,Netherlands,32:32,,2:28:43,,1:38:18,4:46:51
923,3142,Gabriel Sternberg,M50-54,43,Open,Venezuela,32:09,,2:30:00,,1:34:24,4:46:52
924,709,Mikhail Ivanov,M40-44,110,Open,United States,30:21,,2:33:44,,1:34:44,4:46:53
925,2526,Shawn Bonsell,M55-59,7,Open,United States,25:54,,2:31:52,,1:40:30,4:46:54
926,1393,Mark Smith,M35-39,174,Open,United States,39:35,,2:28:18,,1:28:35,4:46:55
927,259,Fernando Parra,M40-44,111,Open,Spain,33:01,,2:29:26,,1:35:42,4:46:56
928,1844,Kyle Raymond,M30-34,211,Open,United States,34:55,,2:35:33,,1:28:35,4:46:58
929,1031,Brice Tchaplyguine,M35-39,175,Open,France,33:48,,2:30:34,,1:32:26,4:46:58
930,1143,Juan Diego Naranjo Toro,M35-39,176,Open,Colombia,36:50,,2:32:11,,1:29:34,4:47:00
931,1981,Hannes Rootsi,M30-34,212,Open,Estonia,32:21,,2:28:39,,1:38:53,4:47:01
932,1402,Alonso Cepeda,M35-39,177,Open,Colombia,34:38,,2:34:10,,1:28:17,4:47:03
933,3121,Marco Cason,M50-54,44,Open,Italy,31:40,,2:35:29,,1:29:23,4:47:03
934,3323,Nicholaus Leclair,M25-29,200,Open,Canada,30:08,,2:34:43,,1:34:09,4:47:04
935,1909,Jorge Solis,M30-34,213,Open,Mexico,33:02,,2:30:09,,1:32:47,4:47:04
936,472,Andreas Maus,M40-44,112,Open,Germany,30:03,,2:29:37,,1:39:11,4:47:04
937,1831,Renan Papareli,M30-34,214,Open,Brazil,31:01,,2:28:45,,1:39:13,4:47:05
938,271,Timothy Mulligan,M40-44,113,Open,United States,32:11,,2:32:49,,1:33:27,4:47:05
939,4520,Morten Siem Lynge,M45-49,58,Open,Denmark,34:21,,2:24:38,,1:39:25,4:47:07
940,3408,Rodrigo Alvarez Manzo,M25-29,201,Open,Mexico,29:37,,2:40:32,,1:30:20,4:47:11
941,3867,Raul Mendez Axotla,M18-24,91,Open,Mexico,30:54,,2:33:14,,1:33:01,4:47:14
942,1377,Vincent Vergeer,M35-39,178,Open,Netherlands,35:56,,2:39:41,,1:18:28,4:47:17
943,1882,Johan Brenes Ramirez,M30-34,215,Open,Costa Rica,29:59,,2:37:27,,1:32:17,4:47:20
944,326,Wout Vandegaer,M40-44,114,Open,Belgium,34:47,,2:30:38,,1:28:23,4:47:23
945,3351,Gene Betances,M25-29,202,Open,United States,31:29,,2:37:08,,1:28:27,4:47:25
946,1267,David Mulqueen,M35-39,179,Open,Ireland,32:27,,2:31:12,,1:35:18,4:47:26
947,243,David Dr. Domingos,M40-44,115,Open,Brazil,34:21,,2:32:16,,1:31:25,4:47:28
948,3132,Michael Middleton,M50-54,45,Open,United States,32:34,,2:28:59,,1:37:05,4:47:37
949,4247,Bill Beecher,M45-49,59,Open,United States,27:03,,2:33:21,,1:39:12,4:47:39
950,221,Ludo Ros,M40-44,116,Open,France,33:31,,2:34:26,,1:30:19,4:47:39
951,4412,Andreas Wolf,M45-49,60,Open,Germany,27:32,,2:33:39,,1:37:37,4:47:40
952,331,Jethro Karl Ramos,M40-44,117,Open,Philippines,29:07,,2:37:18,,1:31:00,4:47:42
953,3706,Alexander Carr,M25-29,203,Open,New Zealand,38:29,,2:26:56,,1:34:51,4:47:43
954,2015,Carter Wehrer,M30-34,216,Open,United States,32:23,,2:30:21,,1:37:30,4:47:46
955,123,Gonzalo Araya Kopaitic,M40-44,118,Open,Chile,33:12,,2:32:06,,1:32:27,4:47:46
956,3888,Matthew Crawley,M18-24,92,Open,Canada,35:44,,2:29:51,,1:35:57,4:47:48
957,1173,Alex Martin,M35-39,180,Open,United States,29:18,,2:31:53,,1:37:56,4:47:48
958,4473,Thierry Guertin,M45-49,61,Open,Canada,31:16,,2:26:37,,1:42:17,4:47:50
959,3893,Juraj Polák,M18-24,93,Open,Slovakia,29:59,,2:45:46,,1:24:49,4:47:50
960,3758,Hayden Pucker,M18-24,94,Open,United States,41:33,,2:16:39,,1:36:36,4:47:52
961,4517,Sean Linder,M45-49,62,Open,United States,40:45,,2:28:07,,1:29:19,4:47:52
962,3436,Fabian Kuster,M25-29,204,Open,Switzerland,35:54,,2:25:32,,1:38:18,4:47:54
963,528,Yves Hendrickx,M40-44,119,Open,Belgium,34:02,,2:27:58,,1:36:07,4:47:56
964,2984,Arthur Mathisen,M50-54,46,Open,United States,30:31,,2:33:00,,1:35:53,4:48:01
965,4553,Gabriel Dias Aguilera Fernandes,M35-39,181,Open,Brazil,32:08,,2:33:54,,1:29:16,4:48:01
966,864,Artjoms Voitovs,M35-39,182,Open,Latvia,28:40,,2:32:09,,1:37:02,4:48:02
967,955,Seager Wilson,M35-39,183,Open,United States,33:40,,2:29:27,,1:34:18,4:48:03
968,2014,Derek Owens,M30-34,217,Open,United States,34:03,,2:28:14,,1:39:32,4:48:03
969,1647,Kevin Engler,M30-34,218,Open,Germany,32:25,,2:37:37,,1:28:39,4:48:04
970,3626,Marcelo Akira Giuliani,M25-29,205,Open,Brazil,27:54,,2:37:17,,1:31:40,4:48:05
971,934,Ernesto Fernandez,M35-39,184,Open,Panama,30:28,,2:38:16,,1:30:42,4:48:05
972,3500,Jose Daniel Perdomo Morales,M25-29,206,Open,Spain,29:08,,2:24:10,,1:45:47,4:48:06
973,1464,Dorian Larriere,M35-39,185,Open,France,35:04,,2:32:22,,1:31:30,4:48:07
974,1939,Josiah Burrow,M30-34,219,Open,United States,30:30,,2:27:58,,1:39:40,4:48:08
975,202,Matthias Baranowski,M40-44,120,Open,Germany,30:55,,2:37:28,,1:28:56,4:48:09
976,985,Pablo Peña,M35-39,186,Open,Chile,38:47,,2:30:10,,1:30:40,4:48:11
977,1250,Steve Doinidis,M35-39,187,Open,United States,32:23,,2:32:20,,1:34:02,4:48:15
978,538,Stuart Nash,M40-44,121,Open,United Kingdom,35:03,,2:31:49,,1:31:59,4:48:16
979,602,Guillaume Bous,M40-44,122,Open,France,29:02,,2:39:13,,1:31:35,4:48:17
980,536,Marcin Szydlowski,M40-44,123,Open,Poland,33:51,,2:36:36,,1:30:26,4:48:18
981,3683,Josh Brucker,M25-29,207,Open,United States,36:33,,2:29:32,,1:34:27,4:48:21
982,3904,Bradley Pierce,M18-24,95,Open,United States,31:50,,2:32:44,,1:34:40,4:48:22
983,4012,Nicolas Palmero,M45-49,63,Open,France,41:22,,2:20:53,,1:35:59,4:48:23
984,3852,Michael Merrick,M18-24,96,Open,Canada,30:12,,2:36:21,,1:34:58,4:48:23
985,2183,Timothée Jung,M30-34,220,Open,France,33:31,,2:44:55,,1:22:46,4:48:25
986,980,Baker Josh,M35-39,188,Open,United Kingdom,28:59,,2:26:31,,1:45:29,4:48:25
987,1658,Gabriel Zimeri,M30-34,221,Open,Guatemala,31:35,,2:36:51,,1:31:16,4:48:27
988,1465,Alexey Savelyev,M35-39,189,Open,Netherlands,31:29,,2:38:39,,1:30:23,4:48:28
989,319,Ryan Smith,M40-44,124,Open,United States,33:04,,2:40:06,,1:25:21,4:48:29
990,3439,Diego Zavala Segoviano,M25-29,208,Open,Mexico,32:33,,2:31:04,,1:36:42,4:48:30
991,258,Boris Hueber,M40-44,125,Open,Switzerland,34:33,,2:22:09,,1:45:31,4:48:30
992,2025,Nicholas Farr,M30-34,222,Open,United States,31:24,,2:34:22,,1:32:51,4:48:31
993,158,Alvaro San Martin Garcia,M40-44,126,Open,Chile,31:43,,2:37:43,,1:30:27,4:48:33
994,517,Ciaran Doheny,M40-44,127,Open,Ireland,33:35,,2:36:09,,1:31:29,4:48:36
995,1121,David Duff,M35-39,190,Open,United States,33:50,,2:32:43,,1:33:17,4:48:37
996,4092,Julien Gerard,M45-49,64,Open,France,31:57,,2:31:01,,1:36:31,4:48:38
997,3490,Jeremy Seed,M25-29,209,Open,Canada,35:21,,2:34:32,,1:30:43,4:48:39
998,605,Massimo Callegari,M40-44,128,Open,Italy,30:38,,2:33:51,,1:36:49,4:48:40
999,1136,Eduardo Zonana,M35-39,191,Open,Mexico,33:19,,2:34:44,,1:31:29,4:48:41
1000,3873,Juan Carlos Ramirez De Nigris,M18-24,97,Open,Mexico,25:46,,2:35:56,,1:38:21,4:48:42
1001,4185,Jonathan Demers,M45-49,65,Open,Canada,32:54,,2:33:28,,1:32:37,4:48:42
1002,1354,Anton Russegger,M35-39,192,Open,Austria,32:55,,2:33:25,,1:31:43,4:48:44
1003,1027,Sebastian Conkright,M35-39,193,Open,Germany,34:54,,2:31:34,,1:33:07,4:48:45
1004,4267,Lee Weatherhead,M45-49,66,Open,United States,34:54,,2:29:47,,1:37:12,4:48:46
1005,1443,Brian Whitmire,M35-39,194,Open,United States,37:32,,2:22:03,,1:37:32,4:48:47
1006,553,Sylvain Boulhol,M40-44,129,Open,France,32:14,,2:36:55,,1:30:37,4:48:47
1007,4144,Jason Kenney,M45-49,67,Open,United States,35:05,,2:32:43,,1:32:38,4:48:48
1008,3497,Jerzy Kuczma,M25-29,210,Open,Poland,33:23,,2:25:47,,1:39:45,4:48:51
1009,1399,Danny Boom,M35-39,195,Open,Netherlands,26:33,,2:36:33,,1:37:15,4:48:52
1010,1824,Federico Aradillas,M30-34,223,Open,Mexico,37:08,,2:30:59,,1:31:43,4:48:52
1011,3939,Jay Cougnet,M45-49,68,Open,United States,30:32,,2:31:31,,1:36:44,4:48:54
1012,1675,William Duggan,M30-34,224,Open,Canada,29:39,,2:32:59,,1:38:24,4:48:55
1013,1235,Morgan Billings,M35-39,196,Open,Australia,33:29,,2:27:06,,1:36:44,4:48:57
1014,362,Nick Day,M40-44,130,Open,United Kingdom,35:20,,2:31:19,,1:32:35,4:48:57
1015,1854,Wilfrid Belizaire,M30-34,225,Open,Guadeloupe,28:26,,2:33:57,,1:37:48,4:48:59
1016,160,Matias Bebin,M40-44,131,Open,Chile,34:53,,2:34:25,,1:32:13,4:49:00
1017,237,Andrew Luscombe,M40-44,132,Open,Australia,39:17,,2:39:40,,1:20:40,4:49:00
1018,465,Ronie Adriano,M40-44,133,Open,Brazil,35:20,,2:35:05,,1:31:56,4:49:02
1019,656,Sébastien Barreaud,M40-44,134,Open,France,31:36,,2:40:37,,1:25:40,4:49:04
1020,3914,Ian Cooley,M18-24,98,Open,United States,36:10,,2:30:55,,1:33:04,4:49:05
1021,878,Luke Vucsko,M35-39,197,Open,United States,34:18,,2:29:02,,1:38:09,4:49:05
1022,3111,Dwayne Smith,M50-54,47,Open,United States,33:06,,2:31:38,,1:32:30,4:49:06
1023,3230,Alessandro Gattamorta,M50-54,48,Open,Italy,34:51,,2:32:19,,1:33:04,4:49:08
1024,2060,Julian Sturm,M30-34,226,Open,Switzerland,35:47,,2:34:35,,1:31:15,4:49:09
1025,1291,Matt Meredith,M35-39,198,Open,United States,40:06,,2:28:36,,1:29:57,4:49:11
1026,1694,Stefan Vasiljevic,M30-34,227,Open,Serbia,34:59,,2:30:55,,1:29:20,4:49:11
1027,254,Pablo Peña Nuñez,M40-44,135,Open,Spain,31:01,,2:34:27,,1:33:56,4:49:11
1028,1848,Karl Boche,M30-34,228,Open,France,32:57,,2:42:35,,1:26:12,4:49:12
1029,3791,Grégoire Lemaire,M18-24,99,Open,Belgium,36:49,,2:21:31,,1:42:44,4:49:13
1030,1408,Juan Pablo Saavedra Labrin,M35-39,199,Open,Chile,32:25,,2:36:43,,1:34:14,4:49:15
1031,3503,Alex Barber,M25-29,211,Open,United States,33:55,,2:34:24,,1:31:24,4:49:16
1032,1412,Martin Prost,M35-39,200,Open,Germany,30:36,,2:33:18,,1:33:44,4:49:16
1033,1325,Ara Parseghian,M35-39,201,Open,United States,33:56,,2:28:32,,1:36:32,4:49:18
1034,524,Jaime Alemany,M40-44,136,Open,Spain,31:43,,2:29:38,,1:36:49,4:49:19
1035,1311,Dustin Diller,M35-39,202,Open,United States,32:49,,2:33:28,,1:33:14,4:49:21
1036,4286,Colin Kiviaho,M45-49,69,Open,Canada,33:15,,2:37:15,,1:29:38,4:49:22
1037,181,Charles Reiter,M40-44,137,Open,United States,32:16,,2:35:47,,1:32:22,4:49:23
1038,1216,Jon Heaney,M35-39,203,Open,United Kingdom,30:59,,2:28:15,,1:43:03,4:49:23
1039,739,Sergio Ramirez,M40-44,138,Open,El Salvador,30:05,,2:38:25,,1:33:21,4:49:24
1040,3961,Sebastien Ros,M45-49,70,Open,France,33:09,,2:29:08,,1:36:30,4:49:25
1041,444,Krzysztof Piernicki,M40-44,139,Open,Poland,28:13,,2:33:38,,1:38:19,4:49:27
1042,1459,Carlos Poggi,M35-39,204,Open,Ecuador,34:03,,2:32:20,,1:33:42,4:49:29
1043,293,Alejandro Solano,M40-44,140,Open,Colombia,34:13,,2:34:26,,1:33:00,4:49:34
1044,1196,Benedikt Feuerecker,M35-39,205,Open,Germany,31:04,,2:38:31,,1:31:48,4:49:34
1045,4157,Robert Yeh,M45-49,71,Open,United States,35:52,,2:33:22,,1:29:29,4:49:35
1046,2017,Seth Gourson,M30-34,229,Open,United States,29:56,,2:32:45,,1:38:25,4:49:37
1047,1353,Leonardo Montero,M35-39,206,Open,Colombia,27:32,,2:36:45,,1:33:37,4:49:38
1048,1277,Daniel Klauer,M35-39,207,Open,United States,29:48,,2:34:36,,1:37:37,4:49:38
1049,3044,Barry Breffle,M50-54,49,Open,United States,30:57,,2:32:06,,1:38:21,4:49:42
1050,4143,Sean Madigan,M45-49,72,Open,United States,24:43,,2:40:30,,1:37:35,4:49:44
1051,1770,Michele Benatti,M30-34,230,Open,Italy,30:24,,2:33:19,,1:39:05,4:49:44
1052,3215,David Mantle,M50-54,50,Open,United Kingdom,31:44,,2:28:15,,1:41:15,4:49:44
1053,1832,Joao De Carvalho Reis,M30-34,231,Open,Brazil,31:08,,2:35:27,,1:29:17,4:49:45
1054,2011,Mijail Espinosa,M30-34,232,Open,Mexico,33:28,,2:34:01,,1:33:49,4:49:46
1055,3933,Dane Stanley,M45-49,73,Open,United Kingdom,33:20,,2:32:21,,1:34:58,4:49:47
1056,410,Pawel Ziembik,M40-44,141,Open,Poland,29:02,,2:36:35,,1:34:52,4:49:48
1057,972,Tobias Bengfort,M35-39,208,Open,Germany,32:54,,2:28:13,,1:41:03,4:49:49
1058,4310,Joel Szatanek,M45-49,74,Open,France,34:26,,2:29:11,,1:36:56,4:49:49
1059,2115,David Reyes,M30-34,233,Open,Colombia,34:38,,2:34:37,,1:31:23,4:49:50
1060,885,Adam Coates,M35-39,209,Open,United Kingdom,30:16,,2:38:22,,1:32:48,4:49:52
1061,2733,Frank Stiller,M55-59,8,Open,Germany,31:47,,2:31:15,,1:37:22,4:49:56
1062,193,Tony Macias,M40-44,142,Open,United States,32:41,,2:39:11,,1:28:33,4:49:58
1063,414,Gregorio Nijboer,M40-44,143,Open,Netherlands,33:45,,2:35:58,,1:32:47,4:50:01
1064,3935,Walcir Farinon Junior,M45-49,75,Open,Brazil,33:43,,2:32:40,,1:34:01,4:50:01
1065,230,Charles Tull,M40-44,144,Open,United Kingdom,38:41,,2:37:02,,1:25:15,4:50:01
1066,206,Nicolas Guilbert,M40-44,145,Open,France,39:23,,2:28:36,,1:30:21,4:50:02
1067,232,James Wahl,M40-44,146,Open,United States,36:03,,2:33:19,,1:28:25,4:50:03
1068,1708,Dylan Reyes,M30-34,234,Open,United States,30:07,,2:35:00,,1:36:00,4:50:03
1069,2018,Rafael Pulido,M30-34,235,Open,Colombia,34:04,,2:35:58,,1:32:20,4:50:04
1070,4020,Patrick HILLER,M45-49,76,Open,United States,32:51,,2:33:52,,1:33:13,4:50:06
1071,111,James Stephens,M40-44,147,Open,Australia,30:05,,2:33:26,,1:37:38,4:50:07
1072,1211,Xavi Padrosa,M35-39,210,Open,Spain,27:52,,2:38:11,,1:34:49,4:50:11
1073,662,Olivier Berthelot,M40-44,148,Open,France,32:54,,2:27:20,,1:40:15,4:50:11
1074,4554,Cody Uhl,M35-39,211,Open,United States,33:44,,2:35:16,,1:30:19,4:50:12
1075,3938,Russell Marks,M45-49,77,Open,United States,35:41,,2:34:55,,1:26:04,4:50:14
1076,1201,James Eastwood,M35-39,212,Open,United Kingdom,41:33,,2:28:18,,1:30:36,4:50:15
1077,1880,Andrew Price,M30-34,236,Open,United Kingdom,33:34,,2:32:14,,1:38:25,4:50:15
1078,3536,Francois Chalus,M25-29,212,Open,Switzerland,34:07,,2:37:00,,1:27:57,4:50:16
1079,1051,Bruce Sanger,M35-39,213,Open,United States,26:50,,2:28:53,,1:45:02,4:50:20
1080,1644,Nicolas Dessaintjean,M30-34,237,Open,France,32:57,,2:38:34,,1:29:03,4:50:21
1081,3526,Chris Cleland,M25-29,213,Open,Australia,28:26,,2:35:04,,1:38:44,4:50:23
1082,263,Jacobo Pérez Hernández,M40-44,149,Open,Spain,30:44,,2:36:38,,1:33:13,4:50:23
1083,2508,Eric Hodska,M55-59,9,Open,United States,30:48,,2:32:07,,1:35:05,4:50:24
1084,566,Timo Ziegenbein,M40-44,150,Open,Germany,32:47,,2:34:16,,1:33:56,4:50:25
1085,3988,Josh Treter,M45-49,78,Open,United States,30:40,,2:32:00,,1:39:31,4:50:25
1086,529,LAURENT-YANN BONNET,M40-44,151,Open,France,33:39,,2:30:39,,1:35:14,4:50:26
1087,994,Gustavo Fiorante,M35-39,214,Open,Brazil,28:47,,2:41:46,,1:28:59,4:50:26
1088,655,Jose Ricardo Ruela Rodrigues,M40-44,152,Open,Brazil,32:06,,2:35:08,,1:30:30,4:50:26
1089,1787,Esteban Hinestrosa Vargas,M30-34,238,Open,Colombia,36:12,,2:35:26,,1:30:00,4:50:27
1090,1135,Daniel Garcia Moratalla,M35-39,215,Open,Spain,32:23,,2:36:58,,1:30:22,4:50:28
1091,595,Raphael Costa Mehl,M40-44,153,Open,Brazil,27:18,,2:40:06,,1:31:55,4:50:28
1092,2871,Alexander Gröbli,M50-54,51,Open,Switzerland,35:52,,2:24:15,,1:40:01,4:50:31
1093,1900,Tyler Rose,M30-34,239,Open,United States,37:07,,2:38:45,,1:27:14,4:50:31
1094,3326,Kasper Jæchel Villumsen,M25-29,214,Open,Denmark,35:22,,2:34:05,,1:30:52,4:50:32
1095,3704,Donald Sherwood,M25-29,215,Open,United States,29:30,,2:38:41,,1:32:43,4:50:32
1096,1260,Andrei Contan,M35-39,216,Open,Romania,31:25,,2:30:14,,1:40:25,4:50:32
1097,3710,Jordan Broschard,M25-29,216,Open,United States,29:30,,2:35:21,,1:35:02,4:50:32
1098,151,Carlos Hurtado,M40-44,154,Open,Colombia,30:02,,2:38:18,,1:33:28,4:50:33
1099,676,Reno Grillo,M40-44,155,Open,Italy,29:53,,2:39:36,,1:33:14,4:50:38
1100,2849,Brett Donis,M50-54,52,Open,United States,33:17,,2:28:24,,1:39:22,4:50:40
1101,2110,Niklas Obergfell,M30-34,240,Open,Germany,30:45,,2:33:27,,1:38:45,4:50:41
1102,1737,Alex Schiffman,M30-34,241,Open,United States,39:00,,2:23:13,,1:35:17,4:50:43
1103,633,Ben Folmer,M40-44,156,Open,Australia,29:45,,2:33:02,,1:36:44,4:50:45
1104,882,Sören Oester,M35-39,217,Open,Germany,32:19,,2:37:33,,1:30:54,4:50:45
1105,928,Ali Al Zoobi,M35-39,218,Open,Lebanon,31:50,,2:35:04,,1:36:23,4:50:46
1106,274,Michael Bonadimann,M40-44,157,Open,Switzerland,36:00,,2:30:18,,1:34:14,4:50:47
1107,3283,Robert Loveridge,M50-54,53,Open,New Zealand,33:49,,2:34:00,,1:34:02,4:50:48
1108,607,Devin Smyth,M40-44,158,Open,United States,31:36,,2:35:12,,1:34:38,4:50:51
1109,3153,Christophe Collin,M50-54,54,Open,France,36:44,,2:28:42,,1:34:12,4:50:52
1110,1072,Martin Johansen,M35-39,219,Open,Denmark,35:13,,2:36:16,,1:28:22,4:50:52
1111,2005,Jonas Docter,M30-34,242,Open,Germany,36:59,,2:30:46,,1:35:38,4:50:55
1112,3452,Korey Aukerman,M25-29,217,Open,United States,25:49,,2:39:55,,1:35:43,4:50:57
1113,1085,Maikol Cerda,M35-39,220,Open,Chile,35:06,,2:31:45,,1:34:51,4:51:00
1114,2992,Alain Tremblay,M50-54,55,Open,Canada,32:11,,2:32:39,,1:36:02,4:51:00
1115,735,Thomas Trotzier,M40-44,159,Open,France,31:42,,2:39:21,,1:31:34,4:51:03
1116,3921,Luis Daniel Pineda,M45-49,79,Open,Colombia,28:48,,2:37:02,,1:34:21,4:51:04
1117,2511,Juan Guzmán Delgado,M55-59,10,Open,Spain,34:12,,2:39:56,,1:30:09,4:51:07
1118,3304,Humberto Jimenez,M50-54,56,Open,Mexico,31:31,,2:33:09,,1:36:38,4:51:07
1119,1148,Francisco Novoa,M35-39,221,Open,Colombia,30:52,,2:36:39,,1:35:39,4:51:07
1120,3403,John Box,M25-29,218,Open,United States,31:45,,2:40:02,,1:30:22,4:51:09
1121,1682,Fredrik Viberg,M30-34,243,Open,Sweden,36:51,,2:35:30,,1:31:04,4:51:10
1122,1452,Robin Harris,M35-39,222,Open,Australia,28:21,,2:36:19,,1:36:25,4:51:10
1123,496,Justin Buschman,M40-44,160,Open,United States,32:34,,2:35:37,,1:34:40,4:51:11
1124,269,Elias Vargas,M40-44,161,Open,Venezuela,26:47,,2:44:05,,1:31:44,4:51:12
1125,2083,Samuel Grant,M30-34,244,Open,United States,32:53,,2:37:15,,1:33:06,4:51:13
1126,1169,Dave Leveque,M35-39,223,Open,United States,29:00,,2:38:10,,1:37:19,4:51:16
1127,2510,Robert Wieland,M55-59,11,Open,United States,31:19,,2:40:59,,1:32:08,4:51:19
1128,1921,Patrick New,M30-34,245,Open,United States,30:06,,2:38:03,,1:35:07,4:51:20
1129,2877,Ruben Gandia,M50-54,57,Open,Spain,35:53,,2:28:09,,1:37:03,4:51:21
1130,1952,Ty Ziniel,M30-34,246,Open,United States,30:48,,2:31:32,,1:39:22,4:51:27
1131,3920,Paulo Sakaguti,M45-49,80,Open,Brazil,33:56,,2:31:27,,1:37:05,4:51:28
1132,1885,Stephen Lewtas,M30-34,247,Open,Canada,30:43,,2:36:58,,1:33:36,4:51:28
1133,385,Carlos Echeverría,M40-44,162,Open,Chile,34:12,,2:34:57,,1:35:13,4:51:29
1134,1645,Moritz Rittereiser,M30-34,248,Open,Germany,34:27,,2:31:05,,1:34:05,4:51:29
1135,1462,Tommy Corfield,M35-39,224,Open,United Kingdom,36:33,,2:28:23,,1:39:03,4:51:30
1136,265,Manuel Vázquez Romero,M40-44,163,Open,Spain,34:26,,2:35:58,,1:29:20,4:51:32
1137,1686,Mark Vear,M30-34,249,Open,United States,34:19,,2:33:11,,1:33:41,4:51:32
1138,1111,Paul Jung,M35-39,225,Open,Canada,32:18,,2:31:01,,1:39:50,4:51:36
1139,473,Scott Richardson,M40-44,164,Open,United Kingdom,29:29,,2:42:31,,1:32:19,4:51:38
1140,1261,Alejandro Monsalve,M35-39,226,Open,Colombia,32:55,,2:35:11,,1:32:51,4:51:41
1141,4108,Jose Reyes,M45-49,81,Open,Colombia,33:49,,2:31:20,,1:37:43,4:51:45
1142,657,Darren Hull,M40-44,165,Open,United Kingdom,33:32,,2:34:33,,1:32:55,4:51:47
1143,1038,John Estes,M35-39,227,Open,United States,31:39,,2:34:57,,1:33:25,4:51:49
1144,4397,Andre Winkelhorst,M45-49,82,Open,Germany,37:59,,2:29:42,,1:35:04,4:51:50
1145,2878,Samuel Lehoux,M50-54,58,Open,France,36:20,,2:31:56,,1:34:52,4:51:51
1146,1987,Hannes Schell,M30-34,250,Open,Austria,35:18,,2:32:20,,1:33:12,4:51:52
1147,2679,Alan Findlay,M55-59,12,Open,United Kingdom,30:10,,2:40:29,,1:33:30,4:51:53
1148,270,Greg Chaganos,M40-44,166,Open,United States,33:35,,2:38:46,,1:32:12,4:51:54
1149,453,Cameron Comerford,M40-44,167,Open,United States,35:45,,2:27:23,,1:39:07,4:51:54
1150,4281,Andy Mault,M45-49,83,Open,United Kingdom,35:39,,2:27:06,,1:39:23,4:51:56
1151,2186,Donald Bird,M30-34,251,Open,United States,35:35,,2:41:18,,1:24:40,4:51:57
1152,3493,Matt Celani,M25-29,219,Open,United States,29:18,,2:37:57,,1:34:47,4:51:58
1153,3584,Brian Suh,M25-29,220,Open,United States,37:55,,2:32:42,,1:33:39,4:51:59
1154,2963,Christian Lenz-Cesar,M50-54,59,Open,Brazil,28:50,,2:36:53,,1:38:16,4:51:59
1155,712,Tomasz Zajac,M40-44,168,Open,Poland,32:36,,2:37:41,,1:33:04,4:52:00
1156,306,Jérôme Bernou,M40-44,169,Open,France,35:16,,2:31:28,,1:34:23,4:52:01
1157,3158,Lukas Riederer,M50-54,60,Open,Switzerland,31:45,,2:29:21,,1:42:59,4:52:02
1158,572,Tomasz Socha,M40-44,170,Open,Poland,37:59,,2:30:49,,1:34:42,4:52:03
1159,1815,Martin Tjader,M30-34,252,Open,Sweden,27:49,,2:30:18,,1:42:45,4:52:04
1160,4416,Graeme Kenny,M45-49,84,Open,United Kingdom,29:39,,2:31:12,,1:41:44,4:52:04
1161,4126,Zachary Pitts,M45-49,85,Open,United States,32:41,,2:32:36,,1:38:09,4:52:04
1162,3294,Eric Loison,M50-54,61,Open,France,33:44,,2:30:51,,1:40:12,4:52:06
1163,1055,Michael Kotlyar,M35-39,228,Open,Israel,35:05,,2:31:39,,1:35:33,4:52:07
1164,1192,Michal Kurach,M35-39,229,Open,Poland,33:01,,2:25:30,,1:43:22,4:52:10
1165,1002,Markus Buchler,M35-39,230,Open,Switzerland,31:25,,2:23:32,,1:48:48,4:52:14
1166,2957,Craig Costantino,M50-54,62,Open,Canada,37:05,,2:29:30,,1:37:02,4:52:15
1167,4533,Andrew Castaldi,M45-49,86,Open,United States,35:08,,2:37:09,,1:28:34,4:52:18
1168,593,Leonardo Corio,M40-44,171,Open,Brazil,31:41,,2:35:50,,1:34:15,4:52:18
1169,4474,Ted Basile,M45-49,87,Open,United States,32:42,,2:33:54,,1:34:53,4:52:19
1170,4410,Thomas Constantin,M45-49,88,Open,France,32:06,,2:34:13,,1:36:19,4:52:20
1171,3114,Keith Schumann,M50-54,63,Open,United States,29:14,,2:39:32,,1:34:09,4:52:21
1172,398,Tim Jorissen,M40-44,172,Open,Belgium,26:05,,2:38:59,,1:36:36,4:52:24
1173,1101,Ricardo Costa,M35-39,231,Open,Portugal,29:08,,2:40:02,,1:35:06,4:52:25
1174,402,Dominik Kapeller,M40-44,173,Open,Austria,33:02,,2:31:03,,1:37:30,4:52:26
1175,4096,Daniel Brier,M45-49,89,Open,United States,34:58,,2:36:21,,1:31:13,4:52:27
1176,2201,Janusz Mucha,M30-34,253,Open,Poland,30:47,,2:28:25,,1:42:10,4:52:28
1177,1470,Guillaume Deloge,M35-39,232,Open,France,34:13,,2:33:55,,1:32:04,4:52:29
1178,1432,Chris Adams,M35-39,233,Open,United Kingdom,32:01,,2:36:01,,1:31:34,4:52:29
1179,2743,Slawomir Kakol,M55-59,13,Open,Poland,35:16,,2:31:13,,1:39:16,4:52:30
1180,1431,Nate Hyde,M35-39,234,Open,United States,35:57,,2:31:50,,1:36:46,4:52:30
1181,2648,Eric Ridez,M55-59,14,Open,France,30:12,,2:38:55,,1:35:27,4:52:32
1182,323,Todd Perkins,M40-44,174,Open,United States,31:59,,2:34:16,,1:37:19,4:52:32
1183,3986,Fabrice Ogier,M45-49,90,Open,France,35:21,,2:36:35,,1:30:48,4:52:34
1184,2481,Jeff Sankoff,M55-59,15,Open,Canada,33:05,,2:32:23,,1:39:52,4:52:35
1185,3708,Riley Mita,M25-29,221,Open,United States,24:17,,2:41:55,,1:36:35,4:52:36
1186,4444,Moritz Küderli,M45-49,91,Open,Switzerland,34:40,,2:28:14,,1:42:07,4:52:38
1187,1185,Thales Wayand,M35-39,235,Open,Brazil,36:16,,2:37:29,,1:28:51,4:52:39
1188,262,Sébastien Delannoy,M40-44,175,Open,Belgium,36:30,,2:35:18,,1:32:52,4:52:40
1189,2809,Johann Koch,M50-54,64,Open,Switzerland,30:33,,2:37:00,,1:35:57,4:52:43
1190,278,Enea Monaco,M40-44,176,Open,Italy,26:16,,2:39:40,,1:36:26,4:52:43
1191,935,Andrew Lashlee,M35-39,236,Open,United States,32:40,,2:28:16,,1:39:21,4:52:47
1192,3262,Udo Petschat,M50-54,65,Open,Germany,35:05,,2:27:20,,1:39:33,4:52:48
1193,3846,Jacob Dean,M18-24,100,Open,United States,36:44,,2:29:14,,1:39:09,4:52:51
1194,714,Maik Ullrich,M40-44,177,Open,Germany,31:14,,2:40:24,,1:32:33,4:52:51
1195,2946,Mark Mccabe,M50-54,66,Open,Ireland,31:05,,2:29:02,,1:43:54,4:52:52
1196,448,Luke Kritzeck,M40-44,178,Open,United States,32:50,,2:34:07,,1:33:06,4:52:54
1197,128,Marcel Rath,M40-44,179,Open,Germany,34:28,,2:26:37,,1:40:03,4:52:54
1198,942,Juan Jose Censi,M35-39,237,Open,Argentina,34:02,,2:39:35,,1:29:27,4:52:55
1199,2461,Michel Vernet,M55-59,16,Open,France,34:09,,2:36:40,,1:35:40,4:52:56
1200,1335,Ludovic Leveque,M35-39,238,Open,France,40:19,,2:34:37,,1:25:58,4:52:57
1201,1251,Scott Miller,M35-39,239,Open,Canada,31:49,,2:32:00,,1:39:32,4:52:57
1202,3805,Nathan Flückiger,M18-24,101,Open,Switzerland,32:34,,2:35:46,,1:36:15,4:52:58
1203,3527,George Laparidis,M25-29,222,Open,Australia,31:48,,2:38:57,,1:32:33,4:53:00
1204,1722,Jordan Robert,M30-34,254,Open,France,30:40,,2:39:09,,1:34:47,4:53:01
1205,861,Andres Felipe Gomez,M35-39,240,Open,Colombia,30:45,,2:30:50,,1:41:06,4:53:02
1206,199,Guilherme Menge,M40-44,180,Open,Brazil,27:05,,2:24:55,,1:52:22,4:53:03
1207,3055,Miguel Romero Linares,M50-54,67,Open,Spain,33:00,,2:32:29,,1:37:47,4:53:04
1208,1384,Witold Fudali,M35-39,241,Open,Poland,37:24,,2:36:49,,1:29:38,4:53:05
1209,2161,Gabriel Pertusot,M30-34,255,Open,Saint Martin,32:15,,2:40:38,,1:26:32,4:53:06
1210,3278,Lars Lensdorf,M50-54,68,Open,Germany,33:00,,2:32:08,,1:35:54,4:53:08
1211,939,Andrew Sidor,M35-39,242,Open,United States,30:30,,2:29:15,,1:43:43,4:53:08
1212,2500,Les Walc,M55-59,17,Open,Canada,34:50,,2:35:31,,1:34:59,4:53:10
1213,3566,Riley Mcdonough,M25-29,223,Open,United States,35:49,,2:35:10,,1:33:14,4:53:12
1214,3331,Dylan Mathay,M25-29,224,Open,Luxembourg,32:06,,2:32:25,,1:38:41,4:53:13
1215,1259,Jacobo Mizrahi Tache,M35-39,243,Open,Mexico,36:50,,2:33:12,,1:33:16,4:53:13
1216,4177,Lemaitre Vincent,M45-49,92,Open,France,34:09,,2:34:39,,1:32:42,4:53:14
1217,3471,Patrick Mcdeed,M25-29,225,Open,United States,31:12,,2:37:09,,1:34:20,4:53:14
1218,510,Murilo Barizon,M40-44,181,Open,Brazil,29:48,,2:34:32,,1:38:08,4:53:15
1219,1809,Jonathan Sommer,M30-34,256,Open,Germany,32:26,,2:35:35,,1:36:20,4:53:16
1220,1665,Kevin Riley,M30-34,257,Open,United States,32:57,,2:36:36,,1:34:01,4:53:17
1221,311,Joel Homan,M40-44,182,Open,United States,34:59,,2:26:07,,1:44:52,4:53:19
1222,1016,Chris Christiaens,M35-39,244,Open,Belgium,32:06,,2:41:11,,1:32:17,4:53:22
1223,334,Nayef Hasan Almarzooqi,M40-44,183,Open,United Arab Emirates,34:48,,2:31:32,,1:38:06,4:53:27
1224,3703,Alexander Abdel Gawad,M25-29,226,Open,Germany,32:33,,2:30:38,,1:41:17,4:53:28
1225,1795,Jakub Senkowski,M30-34,258,Open,Poland,29:33,,2:36:14,,1:38:48,4:53:31
1226,3459,Ian Lloyd,M25-29,227,Open,United States,26:54,,2:28:43,,1:48:22,4:53:31
1227,387,Fabien Termeau,M40-44,184,Open,France,32:27,,2:34:02,,1:38:14,4:53:32
1228,3672,Johan Visser,M25-29,228,Open,South Africa,30:38,,2:42:05,,1:29:42,4:53:33
1229,3987,Jeffrey Schleppy,M45-49,93,Open,United States,34:44,,2:31:14,,1:34:58,4:53:35
1230,3592,Oliver Wettergren,M25-29,229,Open,Sweden,39:47,,2:31:20,,1:32:52,4:53:36
1231,2141,Matthew Bermingham,M30-34,259,Open,United States,35:49,,2:35:38,,1:33:58,4:53:38
1232,4118,Sebastian Sanchez,M45-49,94,Open,Argentina,32:54,,2:36:52,,1:33:40,4:53:39
1233,3193,Richard Collins,M50-54,69,Open,United Kingdom,38:51,,2:28:25,,1:37:26,4:53:39
1234,234,Luis Franco,M40-44,185,Open,Mexico,28:53,,2:36:33,,1:39:16,4:53:39
1235,4237,Eitan Segev,M45-49,95,Open,Israel,34:48,,2:29:44,,1:38:38,4:53:40
1236,616,Doug Simms,M40-44,186,Open,United States,31:13,,2:32:27,,1:39:06,4:53:41
1237,1068,Tomasz Broda,M35-39,245,Open,Poland,33:29,,2:38:56,,1:32:46,4:53:43
1238,3650,Manfred Lambrechts,M25-29,230,Open,South Africa,25:35,,2:23:42,,1:58:02,4:53:44
1239,954,Antonio Jimenez Sanchez,M35-39,246,Open,Spain,37:04,,2:43:55,,1:24:07,4:53:44
1240,2000,Josh Wilcox,M30-34,260,Open,United States,32:01,,2:42:35,,1:30:28,4:53:44
1241,1430,Bastien Carel,M35-39,247,Open,France,32:55,,2:35:55,,1:34:25,4:53:44
1242,479,Eytan Cerasi,M40-44,187,Open,Canada,30:24,,2:36:03,,1:36:45,4:53:45
1243,2440,Olivier Maddens,M55-59,18,Open,France,30:30,,2:34:35,,1:40:03,4:53:47
1244,3110,Brian Massey,M50-54,70,Open,United States,30:19,,2:33:10,,1:41:16,4:53:47
1245,2128,Emiliano Savoia Altolaguirre,M30-34,261,Open,Argentina,32:40,,2:40:40,,1:32:58,4:53:48
1246,1429,Piotr Litwiniuk,M35-39,248,Open,Poland,33:27,,2:31:40,,1:41:31,4:53:50
1247,2331,Tim Bradley,M60-64,1,Open,United States,37:10,,2:30:31,,1:34:13,4:53:52
1248,687,Ian Kelly,M40-44,188,Open,United Kingdom,37:23,,2:29:58,,1:35:03,4:53:54
1249,1166,Crstiano Todaro,M35-39,249,Open,Italy,36:19,,2:37:35,,1:31:23,4:53:55
1250,2869,Rodrigo Taddei,M50-54,71,Open,Brazil,28:34,,2:33:23,,1:38:14,4:53:55
1251,353,Dennis Santa Paula,M40-44,189,Open,Brazil,32:56,,2:38:16,,1:32:59,4:53:56
1252,1861,Martin Degallaix,M30-34,262,Open,Canada,31:54,,2:34:19,,1:39:05,4:53:58
1253,2181,Henning Kollenbroich,M30-34,263,Open,Germany,35:14,,2:37:20,,1:29:50,4:53:58
1254,2472,David Wilcock,M55-59,19,Open,United Kingdom,35:17,,2:32:35,,1:38:47,4:53:59
1255,3060,Marco Ugherani,M50-54,72,Open,Italy,34:06,,2:32:29,,1:39:37,4:53:59
1256,1236,Roland Schmitz,M35-39,250,Open,Germany,30:52,,2:37:39,,1:37:19,4:54:00
1257,3360,David Gerada,M25-29,231,Open,United States,31:11,,2:37:49,,1:36:49,4:54:02
1258,2319,Iain Campbell,M60-64,2,Open,United States,31:49,,2:40:20,,1:32:14,4:54:03
1259,438,William Herbers,M40-44,190,Open,United States,35:02,,2:28:38,,1:41:29,4:54:05
1260,4464,Rupert Barthorp,M45-49,96,Open,United Kingdom,35:49,,2:31:27,,1:36:14,4:54:06
1261,2903,Justin Bowen,M50-54,73,Open,United States,31:52,,2:21:35,,1:48:25,4:54:07
1262,4446,Thomas Hammermeister,M45-49,97,Open,Germany,39:12,,2:32:12,,1:34:03,4:54:07
1263,2124,Noah Cutshall,M30-34,264,Open,United States,31:34,,2:37:48,,1:35:03,4:54:08
1264,1801,Jaime Reyes,M30-34,265,Open,Mexico,35:21,,2:36:45,,1:32:39,4:54:09
1265,1028,Jakub Leduchowski,M35-39,251,Open,Poland,34:45,,2:32:06,,1:39:18,4:54:10
1266,1289,Scott Laytham,M35-39,252,Open,United States,40:05,,2:33:52,,1:25:43,4:54:11
1267,2449,Steve Yates,M55-59,20,Open,United Kingdom,30:51,,2:33:22,,1:44:32,4:54:11
1268,3997,Selcuk Bertan,M45-49,98,Open,Turkey,35:18,,2:28:47,,1:38:48,4:54:12
1269,412,Leonardo Martellotto,M40-44,191,Open,Argentina,36:18,,2:37:59,,1:31:58,4:54:13
1270,3203,Thierry Mignon,M50-54,74,Open,France,36:51,,2:32:48,,1:32:59,4:54:16
1271,2235,Jason George,M60-64,3,Open,United States,34:17,,2:33:09,,1:32:05,4:54:20
1272,4445,Benjamin Saunders,M45-49,99,Open,United States,30:05,,2:40:55,,1:32:38,4:54:21
1273,775,Sebastian Correa Baubeta,M40-44,192,Open,Uruguay,31:34,,2:37:05,,1:39:16,4:54:21
1274,3611,Florian Mestdagh,M25-29,232,Open,France,31:41,,2:35:34,,1:38:37,4:54:21
1275,3917,Ricardo Lanceiro,M45-49,100,Open,Portugal,33:31,,2:41:25,,1:27:36,4:54:22
1276,4259,John Patterson,M45-49,101,Open,United States,34:36,,2:27:37,,1:43:50,4:54:27
1277,1230,Daniel Soriano Gómez,M35-39,253,Open,Spain,30:26,,2:35:29,,1:34:47,4:54:27
1278,1989,Jason Engelken,M30-34,266,Open,United States,34:35,,2:39:04,,1:28:22,4:54:27
1279,3822,Paul Chevrel,M18-24,102,Open,France,32:11,,2:28:37,,1:45:39,4:54:29
1280,320,David Wilson,M40-44,193,Open,United Kingdom,33:48,,2:40:23,,1:31:45,4:54:32
1281,210,Christian Ricks,M40-44,194,Open,United States,34:07,,2:32:45,,1:37:50,4:54:38
1282,1401,Jimmy Nezer,M35-39,254,Open,Belgium,27:34,,2:43:19,,1:36:48,4:54:39
1283,1974,Benjamin Boue,M30-34,267,Open,France,34:35,,2:40:25,,1:31:48,4:54:39
1284,3700,Bruno Gurgel,M25-29,233,Open,Brazil,29:31,,2:42:49,,1:30:15,4:54:40
1285,2593,Gregory Wood,M55-59,21,Open,United States,33:00,,2:29:30,,1:37:28,4:54:40
1286,393,Ben Holmes,M40-44,195,Open,Australia,31:47,,2:30:50,,1:43:16,4:54:42
1287,4365,Eric Glinski,M45-49,102,Open,United States,38:25,,2:38:08,,1:30:04,4:54:44
1288,1206,Laurent Fudvoye,M35-39,255,Open,Belgium,34:11,,2:35:18,,1:36:25,4:54:44
1289,3152,Torbjörn Claeson,M50-54,75,Open,Sweden,34:26,,2:26:05,,1:43:50,4:54:45
1290,576,Chris Dominey,M40-44,196,Open,United Kingdom,28:54,,2:35:21,,1:37:14,4:54:46
1291,2519,John Ejnik,M55-59,22,Open,United States,35:55,,2:36:16,,1:31:42,4:54:47
1292,501,Nicolas Munoz,M40-44,197,Open,Chile,34:37,,2:34:28,,1:38:13,4:54:49
1293,3868,Rasmus Jaagant,M18-24,103,Open,Estonia,32:06,,2:38:45,,1:36:28,4:54:52
1294,3654,Bernardo Catala,M25-29,234,Open,Mexico,29:58,,2:40:06,,1:35:18,4:54:54
1295,3538,Emerson Montaño,M25-29,235,Open,United States,31:48,,2:39:05,,1:35:09,4:54:55
1296,2813,Daniel Brostella,M50-54,76,Open,Panama,33:37,,2:34:55,,1:36:24,4:54:56
1297,1105,Tomas Avila,M35-39,256,Open,Chile,35:09,,2:33:43,,1:37:41,4:54:58
1298,140,Scott FULKERSON,M40-44,198,Open,United States,33:47,,2:40:23,,1:31:27,4:54:58
1299,3003,Francis Lecuyer,M50-54,77,Open,France,34:33,,2:35:06,,1:37:26,4:55:01
1300,1406,Tsunghan Wu,M35-39,257,Open,Taiwan,38:02,,2:35:57,,1:32:57,4:55:03
1301,1047,Marek Drob,M35-39,258,Open,Poland,37:14,,2:36:17,,1:31:12,4:55:04
1302,4051,Brian Burns,M45-49,103,Open,United States,34:17,,2:33:14,,1:36:53,4:55:04
1303,449,Jesse Nolen,M40-44,199,Open,United States,32:41,,2:29:16,,1:41:18,4:55:07
1304,2681,Barry Edwards,M55-59,23,Open,United States,29:32,,2:39:14,,1:37:09,4:55:07
1305,3484,Anthony Bench,M25-29,236,Open,United Kingdom,34:21,,2:32:22,,1:39:31,4:55:08
1306,375,Rodrigo Tome,M40-44,200,Open,Brazil,29:26,,2:39:14,,1:35:28,4:55:09
1307,2054,Jake Russell,M30-34,268,Open,Australia,30:53,,2:46:06,,1:31:22,4:55:11
1308,4006,Juan Vasquez,M45-49,104,Open,Colombia,33:37,,2:29:36,,1:43:10,4:55:11
1309,635,Daniel Godino,M40-44,201,Open,Australia,35:04,,2:36:31,,1:32:02,4:55:12
1310,4361,José María Azcárate Ayerra,M45-49,105,Open,Spain,36:53,,2:35:35,,1:32:31,4:55:14
1311,1127,Augustin Peyratout,M35-39,259,Open,France,35:54,,2:38:32,,1:31:29,4:55:15
1312,1642,Sarne Corveleyn,M30-34,269,Open,Belgium,40:40,,2:35:52,,1:30:37,4:55:15
1313,4176,Curry Gallagher,M45-49,106,Open,United States,37:46,,2:33:33,,1:33:55,4:55:15
1314,1217,Paul Williams,M35-39,260,Open,Australia,32:05,,2:44:45,,1:28:57,4:55:17
1315,295,Jorge Rojas Peñaloza,M40-44,202,Open,Chile,37:53,,2:30:03,,1:36:52,4:55:17
1316,1836,Jean-Paul Espinosa,M30-34,270,Open,United Kingdom,33:56,,2:34:52,,1:36:47,4:55:19
1317,3340,Lucas Dubois,M25-29,237,Open,France,31:28,,2:33:46,,1:39:25,4:55:19
1318,2912,Hans-Peter Ziob,M50-54,78,Open,Germany,30:47,,2:35:06,,1:39:38,4:55:20
1319,2769,Tod Smith,M55-59,24,Open,United States,30:41,,2:32:14,,1:41:50,4:55:21
1320,4087,Jens Ellermann,M45-49,107,Open,Germany,32:21,,2:36:34,,1:39:01,4:55:22
1321,711,Felipe Freitas,M40-44,203,Open,Brazil,30:39,,2:34:23,,1:39:23,4:55:22
1322,1910,Jonathan Preston Davis,M30-34,271,Open,United States,33:29,,2:39:00,,1:33:25,4:55:23
1323,4225,Marcel Burger,M45-49,108,Open,Switzerland,38:35,,2:30:26,,1:36:51,4:55:24
1324,3890,Lachie Skinner,M18-24,104,Open,Australia,37:28,,2:33:44,,1:37:03,4:55:26
1325,370,Jason Savill,M40-44,204,Open,New Zealand,34:44,,2:33:58,,1:38:50,4:55:32
1326,1902,Joseph Lee,M30-34,272,Open,United States,29:38,,2:34:16,,1:39:27,4:55:35
1327,4523,Aymeric Vasseur,M45-49,109,Open,France,34:34,,2:33:18,,1:38:40,4:55:36
1328,4229,Eric Buchot,M45-49,110,Open,France,34:55,,2:38:38,,1:34:27,4:55:37
1329,1794,Sam Hughes,M30-34,273,Open,Australia,33:46,,2:31:38,,1:42:18,4:55:39
1330,3585,Emilio Brun,M25-29,238,Open,Mexico,34:21,,2:39:15,,1:32:00,4:55:39
1331,1453,Pierre Audin,M35-39,261,Open,France,31:35,,2:38:39,,1:33:59,4:55:43
1332,1735,Roman Fedosieiev,M30-34,274,Open,Ukraine,27:17,,2:39:00,,1:39:48,4:55:44
1333,2330,Sean Richardson,M60-64,4,Open,United States,26:56,,2:36:22,,1:41:59,4:55:46
1334,3273,Geoffrey Steffens,M50-54,79,Open,United States,29:10,,2:37:26,,1:38:58,4:55:47
1335,1998,Robert Langer,M30-34,275,Open,United States,32:08,,2:38:03,,1:38:47,4:55:47
1336,726,Scott Dybul,M40-44,205,Open,United States,35:22,,2:33:05,,1:36:59,4:55:47
1337,1265,Fahad Al-Thuwaini,M35-39,262,Open,Kuwait,35:18,,2:32:16,,1:37:58,4:55:47
1338,918,Viktor Johansson,M35-39,263,Open,Sweden,31:59,,2:33:29,,1:40:49,4:55:48
1339,1660,Edoardo De Nova,M30-34,276,Open,Italy,30:06,,2:42:14,,1:35:23,4:55:48
1340,1456,Will Pascarella,M35-39,264,Open,United States,30:57,,2:45:01,,1:30:43,4:55:50
1341,727,Tim Cook,M40-44,206,Open,Australia,41:25,,2:33:36,,1:30:13,4:55:50
1342,4380,Kris Carpenter,M45-49,111,Open,Canada,35:14,,2:36:58,,1:33:09,4:55:51
1343,2007,Juan Jose Perez,M30-34,277,Open,Panama,38:30,,2:33:28,,1:34:42,4:55:52
1344,4269,George Eyles,M45-49,112,Open,United Kingdom,38:50,,2:26:51,,1:41:45,4:55:53
1345,2105,Benjamin Minot,M30-34,278,Open,France,32:05,,2:25:08,,1:49:18,4:55:54
1346,4257,Jacek Kluzniak,M45-49,113,Open,Poland,30:47,,2:33:35,,1:42:56,4:55:54
1347,965,Thomas Wood,M35-39,265,Open,Canada,35:21,,2:35:15,,1:35:33,4:55:55
1348,1007,Yann Chalencon,M35-39,266,Open,France,29:30,,2:32:40,,1:45:19,4:55:56
1349,1983,Filip Inglot,M30-34,279,Open,Poland,38:06,,2:43:41,,1:24:37,4:56:01
1350,4037,Will Turton,M45-49,114,Open,United Kingdom,30:25,,2:33:33,,1:44:14,4:56:02
1351,3629,Pedro M A Lahud,M25-29,239,Open,Brazil,40:57,,2:25:21,,1:38:18,4:56:03
1352,4123,Paul Byrne,M45-49,115,Open,Ireland,34:17,,2:33:44,,1:39:28,4:56:06
1353,976,Linus Pagusara,M35-39,267,Open,Philippines,32:37,,2:36:19,,1:36:55,4:56:07
1354,343,David Tatum,M40-44,207,Open,United States,30:11,,2:38:11,,1:37:51,4:56:09
1355,3061,David Laiymani,M50-54,80,Open,France,31:43,,2:37:51,,1:36:02,4:56:12
1356,1281,Jp Botti,M35-39,268,Open,United States,34:50,,2:43:09,,1:27:30,4:56:14
1357,2189,Luis Garvey Canivell,M30-34,280,Open,Spain,33:05,,2:40:23,,1:34:00,4:56:14
1358,3079,Alastair Reid,M50-54,81,Open,Australia,34:24,,2:29:46,,1:42:08,4:56:17
1359,2864,Tedd Girouard,M50-54,82,Open,Canada,34:37,,2:29:58,,1:42:59,4:56:17
1360,4317,Daniel Schwarz,M45-49,116,Open,Switzerland,34:24,,2:33:54,,1:39:14,4:56:19
1361,1361,Matt Shaffer,M35-39,269,Open,United States,33:25,,2:35:14,,1:36:48,4:56:20
1362,2857,Josh Goldner,M50-54,83,Open,Israel,35:07,,2:34:02,,1:37:29,4:56:22
1363,3418,Ben Parker,M25-29,240,Open,United Kingdom,36:02,,2:35:33,,1:35:50,4:56:22
1364,2517,John Barker,M55-59,25,Open,United States,35:29,,2:33:03,,1:38:39,4:56:23
1365,1253,João Feijão,M35-39,270,Open,Portugal,37:51,,2:39:26,,1:30:38,4:56:24
1366,1712,Lukasz Szmidt,M30-34,281,Open,Poland,29:43,,2:44:34,,1:32:22,4:56:25
1367,1152,Benoît Mensard,M35-39,271,Open,Belgium,38:36,,2:36:47,,1:29:13,4:56:26
1368,1450,Conrado Campolim Carvalho,M35-39,272,Open,Brazil,34:06,,2:40:50,,1:31:29,4:56:28
1369,1758,Quentin Despas,M30-34,282,Open,France,34:23,,2:32:46,,1:36:48,4:56:30
1370,2839,Claudio Fabbri,M50-54,84,Open,Monaco,29:53,,2:33:16,,1:43:41,4:56:33
1371,3451,Tyler Bonawitt,M25-29,241,Open,United States,32:00,,2:43:57,,1:31:28,4:56:34
1372,2336,Terry Johnson,M60-64,5,Open,United Kingdom,31:52,,2:31:47,,1:43:49,4:56:34
1373,4184,Fabrice Paquet,M45-49,117,Open,Canada,36:54,,2:34:50,,1:36:28,4:56:35
1374,1901,Austin Biefnes,M30-34,283,Open,United States,26:47,,2:36:38,,1:42:52,4:56:35
1375,4307,Yann-Eric Gille,M45-49,118,Open,France,37:06,,2:38:17,,1:34:12,4:56:37
1376,599,Ian Wilson,M40-44,208,Open,United Kingdom,31:53,,2:32:17,,1:42:14,4:56:37
1377,3537,Bryan Warrink,M25-29,242,Open,Netherlands,34:03,,2:34:37,,1:35:59,4:56:39
1378,951,Sebastien Binette Bertrand,M35-39,273,Open,Canada,34:20,,2:30:09,,1:41:52,4:56:39
1379,345,Alex Gerber,M40-44,209,Open,United States,28:16,,2:40:26,,1:38:25,4:56:39
1380,3602,Nick Lam,M25-29,243,Open,Hong Kong,29:01,,2:37:55,,1:39:08,4:56:40
1381,3695,Rafal Gierasimczyk,M25-29,244,Open,Poland,28:50,,2:39:12,,1:41:05,4:56:42
1382,2027,Joaquin Berral,M30-34,284,Open,Spain,32:56,,2:38:20,,1:36:56,4:56:45
1383,3632,Lance Parker,M25-29,245,Open,United States,43:46,,2:25:38,,1:39:14,4:56:45
1384,2806,Martin Oosters,M50-54,85,Open,Netherlands,31:26,,2:37:22,,1:37:45,4:56:45
1385,895,Sergio Lacruz,M35-39,274,Open,Panama,28:33,,2:41:29,,1:35:24,4:56:45
1386,3645,Santiago Alfaro,M25-29,246,Open,Argentina,37:27,,2:45:44,,1:25:09,4:56:46
1387,3942,Alejandro Morales Reyes,M45-49,119,Open,Spain,36:37,,2:45:43,,1:25:56,4:56:46
1388,3157,Riccardo Fiorentino,M50-54,86,Open,United States,30:36,,2:38:02,,1:37:19,4:56:47
1389,1477,Josh Coleman,M35-39,275,Open,United States,34:45,,2:36:15,,1:37:14,4:56:47
1390,1988,Luca Rozycki,M30-34,285,Open,Argentina,33:23,,2:40:33,,1:32:29,4:56:48
1391,2010,Vincent Lété,M30-34,286,Open,Belgium,31:41,,2:37:33,,1:34:11,4:56:48
1392,3302,Scott Callahan,M50-54,87,Open,United States,31:22,,2:39:09,,1:37:43,4:56:48
1393,1255,Yan Resin,M35-39,276,Open,Switzerland,32:27,,2:42:55,,1:29:56,4:56:50
1394,3101,Garrett Moss,M50-54,88,Open,United States,36:33,,2:36:56,,1:32:52,4:56:51
1395,3809,Igor Mancilha Negreiros,M18-24,105,Open,Brazil,32:20,,2:34:00,,1:41:35,4:56:56
1396,409,Tom Morley,M40-44,210,Open,United Kingdom,34:43,,2:40:39,,1:32:08,4:56:59
1397,3713,Juan Cassillas,M25-29,247,Open,Spain,32:21,,2:24:20,,1:52:02,4:57:01
1398,622,Juri Plotnikow,M40-44,211,Open,Germany,40:50,,2:35:58,,1:29:37,4:57:02
1399,1669,Nestor Giron,M30-34,287,Open,Panama,30:07,,2:39:54,,1:39:15,4:57:02
1400,3413,Alexander Dimmer,M25-29,248,Open,United States,33:21,,2:39:31,,1:33:09,4:57:02
1401,3059,Richard De Vroome,M50-54,89,Open,Netherlands,34:38,,2:32:21,,1:40:59,4:57:02
1402,513,Jone Costa,M40-44,212,Open,Brazil,30:28,,2:40:53,,1:30:55,4:57:03
1403,366,Robert Whitmill,M40-44,213,Open,Canada,30:59,,2:39:08,,1:36:09,4:57:05
1404,4462,Alex Claridge,M45-49,120,Open,United Kingdom,34:09,,2:36:15,,1:38:36,4:57:06
1405,2941,Luca Dragoni,M50-54,90,Open,Italy,34:40,,2:36:49,,1:31:35,4:57:07
1406,4457,Umberto Agnelli,M45-49,121,Open,Italy,31:59,,2:37:49,,1:37:28,4:57:08
1407,3274,Vic Perini,M50-54,91,Open,United States,25:53,,2:35:30,,1:48:36,4:57:09
1408,1214,Artyom Romanov,M35-39,277,Open,Latvia,32:56,,2:33:30,,1:36:05,4:57:10
1409,3905,Matheus Pontes,M18-24,106,Open,Luxembourg,29:23,,2:34:49,,1:44:47,4:57:11
1410,2180,Clement Lechevalier,M30-34,288,Open,France,37:46,,2:37:10,,1:34:39,4:57:12
1411,3496,Alfredo Barrera,M25-29,249,Open,Panama,32:46,,2:37:37,,1:35:46,4:57:13
1412,2532,Markus Kriege,M55-59,26,Open,Germany,28:44,,2:40:59,,1:36:34,4:57:14
1413,1497,Mark Billyard,M35-39,278,Open,United Kingdom,27:47,,2:37:03,,1:41:28,4:57:14
1414,1292,Jose Forcelledo,M35-39,279,Open,Mexico,35:10,,2:37:29,,1:32:50,4:57:14
1415,744,Maciej Pacanowski,M40-44,214,Open,Poland,32:43,,2:36:21,,1:36:48,4:57:14
1416,2200,Leandro Garcia Costanzo,M30-34,289,Open,Argentina,29:27,,2:47:11,,1:29:08,4:57:15
1417,3973,Rodrigo Perez Ochoa,M45-49,122,Open,Mexico,32:00,,2:37:55,,1:36:25,4:57:15
1418,4198,Stephen Handel,M45-49,123,Open,Canada,32:18,,2:39:27,,1:36:46,4:57:17
1419,1894,Christophe Prumbaum,M30-34,290,Open,Germany,36:33,,2:31:13,,1:42:07,4:57:17
1420,1306,Tom Flaherty,M35-39,280,Open,Ireland,33:16,,2:41:03,,1:33:30,4:57:18
1421,1189,Unai Conde San Martin,M35-39,281,Open,Spain,33:00,,2:42:53,,1:31:12,4:57:19
1422,2042,Ahmed Alhussain,M30-34,291,Open,Saudi Arabia,36:37,,2:34:18,,1:38:46,4:57:20
1423,2807,Barry Dooper,M50-54,92,Open,Netherlands,28:34,,2:38:33,,1:39:45,4:57:23
1424,3483,Alex Burgans,M25-29,250,Open,United States,32:42,,2:40:09,,1:34:36,4:57:24
1425,3368,Christian Locke,M25-29,251,Open,United States,26:38,,2:38:25,,1:31:45,4:57:25
1426,3934,Paolo Giorgio Consolandi,M45-49,124,Open,Italy,35:54,,2:36:33,,1:30:24,4:57:26
1427,2176,Sang Ho Lee,M30-34,292,Open,Korea,33:30,,2:35:50,,1:38:39,4:57:28
1428,2585,Lawrence Gray,M55-59,27,Open,United States,34:46,,2:36:48,,1:35:48,4:57:32
1429,1067,Stefan Landgraf,M35-39,282,Open,Germany,32:59,,2:36:35,,1:36:47,4:57:33
1430,1172,Michael Neugebauer,M35-39,283,Open,United States,34:15,,2:28:11,,1:41:15,4:57:37
1431,899,Eugenio Chacon,M35-39,284,Open,Mexico,33:59,,2:36:19,,1:38:05,4:57:37
1432,2711,Erik Thijs,M55-59,28,Open,Belgium,31:23,,2:33:00,,1:44:21,4:57:38
1433,2162,Patricio Escobar,M30-34,293,Open,Ecuador,32:52,,2:32:58,,1:42:57,4:57:38
1434,4197,Pascal Bisson,M45-49,125,Open,Canada,32:51,,2:30:47,,1:43:23,4:57:39
1435,337,Eliel Benamo,M40-44,215,Open,Israel,32:08,,2:35:35,,1:38:44,4:57:40
1436,4151,Gustavo Sanchez,M45-49,126,Open,Argentina,39:49,,2:31:41,,1:38:56,4:57:43
1437,3233,Marek Antoniak,M50-54,93,Open,Estonia,36:29,,2:29:59,,1:41:26,4:57:43
1438,730,Artur Zawadzki,M40-44,216,Open,Poland,34:19,,2:33:03,,1:40:49,4:57:43
1439,4468,Kevin Smith,M45-49,127,Open,United States,31:10,,2:32:31,,1:45:28,4:57:44
1440,1056,Jaromir Szurlej,M35-39,285,Open,Poland,35:07,,2:35:44,,1:33:38,4:57:47
1441,4427,Asier Oiartzabal Garmendia,M45-49,128,Open,Spain,29:55,,2:32:31,,1:45:23,4:57:48
1442,2521,Marc Laroche,M55-59,29,Open,Canada,36:30,,2:35:05,,1:39:58,4:57:52
1443,3600,Tyler Blackburn,M25-29,252,Open,United States,25:35,,2:53:24,,1:28:21,4:57:53
1444,932,Derrick Cotten,M35-39,286,Open,United States,35:48,,2:36:57,,1:37:16,4:57:53
1445,1326,Chris Harrisson,M35-39,287,Open,Peru,29:18,,2:40:59,,1:35:32,4:57:57
1446,2619,Stephan Bole,M55-59,30,Open,France,31:59,,2:42:35,,1:34:49,4:57:57
1447,4004,Marco Aurelio Coelho Vidal,M45-49,129,Open,Brazil,32:20,,2:32:19,,1:43:01,4:58:00
1448,4074,Stephane Laine,M45-49,130,Open,France,33:22,,2:38:37,,1:37:26,4:58:01
1449,1679,Christian Hoag,M30-34,294,Open,United States,33:08,,2:28:28,,1:44:54,4:58:02
1450,4010,Reinaldo Ottero Justino Junior,M45-49,131,Open,Brazil,30:51,,2:45:56,,1:33:20,4:58:03
1451,4268,Marco Suozzi,M45-49,132,Open,Switzerland,33:12,,2:30:13,,1:46:44,4:58:03
1452,1392,Brandon Mccrossin,M35-39,288,Open,United States,34:32,,2:34:24,,1:39:02,4:58:04
1453,1273,Brian Miller,M35-39,289,Open,United States,32:05,,2:40:07,,1:38:10,4:58:07
1454,348,Alexis Giroux,M40-44,217,Open,Canada,38:52,,2:31:35,,1:34:58,4:58:07
1455,689,Marco Rodriguez,M40-44,218,Open,Mexico,37:30,,2:37:07,,1:35:25,4:58:07
1456,1243,Mathieu Luyens,M35-39,290,Open,Belgium,27:23,,2:38:25,,1:43:29,4:58:08
1457,4266,Scott Goodrich,M45-49,133,Open,United States,37:37,,2:32:22,,1:40:39,4:58:10
1458,4356,Edgar Arellano,M45-49,134,Open,Mexico,33:11,,2:40:13,,1:37:07,4:58:11
1459,1668,Arvis Meldrajs,M30-34,295,Open,Latvia,38:48,,2:31:34,,1:38:50,4:58:12
1460,1318,Henrik Eskildsen,M35-39,291,Open,Denmark,32:30,,2:40:18,,1:37:08,4:58:13
1461,3957,Aurélien Cheron,M45-49,135,Open,France,38:29,,2:34:44,,1:37:48,4:58:14
1462,1218,Edo VAN DER MEER,M35-39,292,Open,Netherlands,27:14,,2:36:20,,1:48:30,4:58:14
1463,189,Gregory Pigeon,M40-44,219,Open,Saint Martin,32:04,,2:37:08,,1:38:37,4:58:15
1464,886,Alexandros Sakellariou,M35-39,293,Open,Greece,29:32,,2:37:49,,1:39:31,4:58:16
1465,1252,Adam Wells,M35-39,294,Open,United Kingdom,31:53,,2:34:06,,1:42:54,4:58:16
1466,150,Lionel Wille,M40-44,220,Open,Netherlands,37:07,,2:28:49,,1:42:51,4:58:17
1467,4522,Gilles Letassey,M45-49,136,Open,France,36:02,,2:40:01,,1:33:56,4:58:18
1468,2075,Thiago Barbosa Bento,M30-34,296,Open,Brazil,35:25,,2:37:26,,1:36:13,4:58:20
1469,1110,Steve Freiburghaus,M35-39,295,Open,Switzerland,29:51,,2:42:37,,1:37:39,4:58:22
1470,3380,Juan Pablo Leiva,M25-29,253,Open,Mexico,36:36,,2:38:22,,1:36:02,4:58:22
1471,589,Pablo Cuello,M40-44,221,Open,Argentina,33:39,,2:38:30,,1:37:49,4:58:24
1472,1803,Alonso Pineda Courtney,M30-34,297,Open,Mexico,30:14,,2:38:27,,1:39:52,4:58:24
1473,669,Tom Smith,M40-44,222,Open,United Kingdom,35:22,,2:33:52,,1:39:32,4:58:25
1474,275,James Levannais,M40-44,223,Open,United Kingdom,33:56,,2:41:39,,1:32:44,4:58:25
1475,4002,Peter Gatang'I,M45-49,137,Open,Kenya,33:14,,2:38:02,,1:39:27,4:58:28
1476,461,Dan Whitney,M40-44,224,Open,United States,31:54,,2:31:30,,1:41:07,4:58:28
1477,3930,Dariusz Epelbaum,M45-49,138,Open,Poland,35:35,,2:33:00,,1:38:46,4:58:28
1478,4014,Matthew Dixon,M45-49,139,Open,United States,27:57,,2:40:50,,1:42:21,4:58:29
1479,4138,John Aldwinckle,M45-49,140,Open,United Kingdom,37:22,,2:31:55,,1:41:12,4:58:29
1480,587,Adham Eiraky,M40-44,225,Open,Egypt,36:18,,2:41:10,,1:31:11,4:58:30
1481,4395,Frédéric Chanard,M45-49,141,Open,France,34:21,,2:34:48,,1:39:09,4:58:30
1482,4460,Krister Säll,M45-49,142,Open,Sweden,37:40,,2:35:12,,1:35:43,4:58:30
1483,938,Jorge Aguilar,M35-39,296,Open,Mexico,33:47,,2:36:20,,1:37:21,4:58:31
1484,4476,Raphaël Triquet,M45-49,143,Open,France,36:58,,2:39:19,,1:34:01,4:58:34
1485,489,Jason Giffi,M40-44,226,Open,United States,37:14,,2:35:02,,1:38:25,4:58:36
1486,3306,Henri Morales,M50-54,94,Open,United States,29:44,,2:39:33,,1:36:23,4:58:38
1487,3275,Alexandre Turgeon,M50-54,95,Open,Canada,36:27,,2:32:42,,1:39:41,4:58:39
1488,480,Bruno Nobrega,M40-44,227,Open,Brazil,27:47,,2:38:54,,1:42:04,4:58:40
1489,3946,Kazuaki Matsubara,M45-49,144,Open,Australia,35:02,,2:41:54,,1:34:11,4:58:43
1490,2012,Jose Antonio Contreras Covarrubias,M30-34,298,Open,Mexico,28:11,,2:38:21,,1:40:25,4:58:43
1491,2898,Darren Caul,M50-54,96,Open,Canada,33:35,,2:30:55,,1:44:49,4:58:45
1492,246,Ian Barnes,M40-44,228,Open,United Kingdom,30:53,,2:38:45,,1:39:42,4:58:46
1493,1246,Rafal Kaminski,M35-39,297,Open,Poland,34:53,,2:39:25,,1:37:32,4:58:46
1494,1046,Kent Langridge,M35-39,298,Open,United Kingdom,28:18,,2:38:24,,1:43:18,4:58:47
1495,2003,Juan Manuel Prado Villafrade,M30-34,299,Open,Colombia,41:05,,2:34:40,,1:35:08,4:58:48
1496,1023,Marcel Ruholl,M35-39,299,Open,Germany,30:09,,2:39:07,,1:40:06,4:58:50
1497,3091,Rick Bolin,M50-54,97,Open,United States,36:34,,2:34:43,,1:35:58,4:58:50
1498,329,Andreas Moraitis,M40-44,229,Open,United States,35:12,,2:40:43,,1:32:36,4:58:53
1499,2525,Joel Kinnunen,M55-59,31,Open,United States,34:45,,2:35:07,,1:36:28,4:58:54
1500,421,Ryan Knopfle,M40-44,230,Open,United States,31:16,,2:37:23,,1:42:18,4:58:55
1501,1282,Chris Kaplanis,M35-39,300,Open,United States,32:55,,2:41:32,,1:36:19,4:58:55
1502,881,Daniel Curme,M35-39,301,Open,United States,39:05,,2:42:46,,1:26:03,4:58:56
1503,900,Julien Belliot,M35-39,302,Open,France,29:47,,2:38:14,,1:41:00,4:58:57
1504,3922,Candido Chutorianscy,M45-49,145,Open,Brazil,31:16,,2:39:48,,1:38:31,4:58:57
1505,663,Rodrigo Teixeira De Abreu,M40-44,231,Open,France,30:46,,2:39:45,,1:37:12,4:58:58
1506,2792,Adam Knothe,M50-54,98,Open,Poland,43:07,,2:32:14,,1:34:48,4:59:00
1507,2047,Joe Lanser,M30-34,300,Open,United States,35:51,,2:32:04,,1:41:33,4:59:00
1508,1423,Michael Mantyla,M35-39,303,Open,United States,36:26,,2:34:56,,1:40:00,4:59:02
1509,3155,Corby Bittner,M50-54,99,Open,United States,33:31,,2:36:29,,1:37:06,4:59:02
1510,4261,Darko Savic,M45-49,146,Open,Serbia,30:14,,2:45:51,,1:34:25,4:59:03
1511,1363,Nicolas Boissonneau,M35-39,304,Open,France,34:46,,2:36:57,,1:36:31,4:59:03
1512,2810,Christophe Fernandes,M50-54,100,Open,France,38:38,,2:34:07,,1:36:56,4:59:04
1513,2463,Brian Walter,M55-59,32,Open,United States,33:03,,2:35:36,,1:39:43,4:59:05
1514,450,Dan Williams,M40-44,232,Open,United Kingdom,40:13,,2:29:23,,1:39:34,4:59:11
1515,4334,Neil Fulstow,M45-49,147,Open,United Kingdom,35:22,,2:36:49,,1:39:29,4:59:15
1516,2586,Mark Pietrofesa,M55-59,33,Open,United States,29:16,,2:34:16,,1:47:01,4:59:15
1517,2573,Bruno Bourdin,M55-59,34,Open,France,35:46,,2:36:04,,1:37:12,4:59:15
1518,1907,Ian Knox,M30-34,301,Open,United States,31:12,,2:43:21,,1:34:12,4:59:18
1519,956,Rafael Silva,M35-39,305,Open,Brazil,32:56,,2:39:28,,1:36:57,4:59:19
1520,2811,Tom De Malsche,M50-54,101,Open,Belgium,34:53,,2:30:51,,1:42:19,4:59:20
1521,1300,Abdulla Allqeti,M35-39,306,Open,United Arab Emirates,33:04,,2:38:31,,1:37:24,4:59:22
1522,3388,Bruno Baeta,M25-29,254,Open,Brazil,32:55,,2:39:37,,1:34:47,4:59:22
1523,522,John Milliard,M40-44,233,Open,France,31:37,,2:41:05,,1:37:12,4:59:22
1524,255,Lorenzo Bricchi,M40-44,234,Open,Italy,34:47,,2:37:12,,1:35:39,4:59:23
1525,3259,Lionel Douaud,M50-54,102,Open,France,32:52,,2:33:39,,1:44:53,4:59:24
1526,214,Rafel Alcayde,M40-44,235,Open,Spain,31:19,,2:35:11,,1:40:05,4:59:25
1527,4316,Felix Zylberglajt,M45-49,148,Open,Uruguay,32:29,,2:41:19,,1:36:13,4:59:28
1528,1929,Nicolas Ansara,M30-34,302,Open,United States,30:08,,2:49:19,,1:31:02,4:59:30
1529,877,Gabriel Dakowicz,M35-39,307,Open,United States,31:52,,2:37:22,,1:36:51,4:59:33
1530,3623,Patrick Schönbächler,M25-29,255,Open,Switzerland,34:48,,2:39:24,,1:35:16,4:59:34
1531,301,Marcin Celmer,M40-44,236,Open,Poland,34:38,,2:41:53,,1:35:11,4:59:35
1532,713,Adam Isaac,M40-44,237,Open,United Kingdom,34:44,,2:33:24,,1:41:29,4:59:36
1533,1999,Carson Bench,M30-34,303,Open,United States,34:14,,2:34:00,,1:38:01,4:59:39
1534,1890,Peter Edmonds,M30-34,304,Open,United States,35:22,,2:41:48,,1:33:18,4:59:41
1535,863,Ruben Vera,M35-39,308,Open,Ecuador,33:31,,2:37:39,,1:37:23,4:59:41
1536,3160,Stefano Di Lernia,M50-54,103,Open,Italy,34:41,,2:27:57,,1:43:37,4:59:41
1537,2820,Daniel Richter,M50-54,104,Open,Germany,39:40,,2:31:01,,1:39:04,4:59:42
1538,1724,Sam Hubbell,M30-34,305,Open,United States,32:10,,2:35:05,,1:44:09,4:59:43
1539,3609,Christian Balmer,M25-29,256,Open,United States,30:23,,2:42:07,,1:37:50,4:59:43
1540,1197,Jetson Swayze,M35-39,309,Open,United States,29:53,,2:39:25,,1:41:29,4:59:43
1541,3950,Kenneth Parisi,M45-49,149,Open,United States,30:12,,2:43:27,,1:38:38,4:59:46
1542,2187,Mitch Kauffman,M30-34,306,Open,United States,35:53,,2:33:02,,1:37:26,4:59:47
1543,2172,Maximilian Zellner,M30-34,307,Open,Germany,36:12,,2:37:29,,1:33:32,4:59:47
1544,1358,Carlos Zazueta,M35-39,310,Open,Mexico,33:28,,2:39:08,,1:38:10,4:59:48
1545,2570,Thierry Leroy,M55-59,35,Open,France,32:54,,2:38:05,,1:40:22,4:59:48
1546,2131,Pablo Leiva,M30-34,308,Open,Chile,31:39,,2:40:53,,1:39:16,4:59:50
1547,1160,Piotr Dmowski,M35-39,311,Open,Poland,35:05,,2:41:09,,1:33:49,4:59:50
1548,3663,Jesus Jaro Molina,M25-29,257,Open,Spain,36:19,,2:42:19,,1:23:00,4:59:51
1549,430,Petr Janácek,M40-44,238,Open,Czechia,32:52,,2:38:52,,1:39:34,4:59:52
1550,4489,Gilles Vallee,M45-49,150,Open,France,31:15,,2:37:01,,1:41:42,4:59:52
1551,3032,Carl Barrett,M50-54,105,Open,Canada,32:16,,2:34:32,,1:46:40,4:59:55
1552,380,Jason Rahal,M40-44,239,Open,United States,29:31,,2:45:06,,1:33:37,4:59:56
1553,499,Nick Langer,M40-44,240,Open,United States,30:05,,2:33:55,,1:49:08,4:59:56
1554,1053,Fabian Wanner,M35-39,312,Open,Germany,35:09,,2:35:15,,1:39:04,4:59:56
1555,2999,Shawn Bernardi,M50-54,106,Open,United States,35:44,,2:37:36,,1:34:27,4:59:57
1556,2689,Marcio Ferreira,M55-59,36,Open,Brazil,36:30,,2:36:10,,1:38:11,4:59:57
1557,2976,Carlos Mora,M50-54,107,Open,Andorra,34:40,,2:34:45,,1:37:40,4:59:58
1558,3702,ณัฐวุฒิ ศิริธนโชติ,M25-29,258,Open,Thailand,28:07,,2:35:41,,1:44:15,4:59:59
1559,498,Lawrence Herold,M40-44,241,Open,United States,33:34,,2:41:21,,1:36:49,5:00:02
1560,4432,Mario Lortie,M45-49,151,Open,Canada,35:41,,2:39:38,,1:37:53,5:00:03
1561,2076,Anthony Jordan,M30-34,309,Open,United States,36:13,,2:48:18,,1:22:47,5:00:06
1562,544,Ian Hillis,M40-44,242,Open,Canada,33:06,,2:41:28,,1:36:55,5:00:15
1563,3999,Santiago Leon,M45-49,152,Open,Venezuela,29:22,,2:37:13,,1:43:34,5:00:16
1564,2116,Andrew Norris,M30-34,310,Open,United States,30:05,,2:39:02,,1:39:35,5:00:16
1565,4215,Marco Antonio Santana,M45-49,153,Open,Spain,30:11,,2:39:47,,1:37:17,5:00:18
1566,4113,Andres Trautmann,M45-49,154,Open,Chile,33:24,,2:33:33,,1:46:35,5:00:21
1567,3504,Lucas Weisbrodt,M25-29,259,Open,United States,41:21,,2:34:38,,1:33:31,5:00:21
1568,1830,Faisal Alshehhi,M30-34,311,Open,United Arab Emirates,35:23,,2:27:34,,1:48:21,5:00:22
1569,2613,Anthony Avila,M55-59,37,Open,United States,40:14,,2:35:58,,1:36:46,5:00:23
1570,4001,David Helms,M45-49,155,Open,United States,30:52,,2:29:20,,1:50:49,5:00:23
1571,2006,Jake Rivers,M30-34,312,Open,Canada,32:16,,2:39:47,,1:40:05,5:00:26
1572,108,Jean-Marie Buchot,MPC,,Open,France,41:09,,2:28:40,,1:36:32,5:00:27
1573,3941,Juan Gomez,M45-49,156,Open,Colombia,36:35,,2:27:07,,1:47:22,5:00:27
1574,2362,Neil Hunter,M60-64,6,Open,United Kingdom,38:43,,2:38:45,,1:32:42,5:00:27
1575,736,Ramon Gonzalez,M40-44,243,Open,United States,36:25,,2:37:40,,1:37:27,5:00:29
1576,115,Hector Yañez Almonacid,M40-44,244,Open,Chile,37:17,,2:44:16,,1:31:41,5:00:33
1577,3086,Marcel Nauer,M50-54,108,Open,Switzerland,36:08,,2:28:31,,1:43:27,5:00:35
1578,4283,Jerome Bach,M45-49,157,Open,France,31:50,,2:31:25,,1:49:57,5:00:36
1579,1022,Matthew Dexter,M35-39,313,Open,Canada,37:23,,2:33:55,,1:39:39,5:00:36
1580,1435,Bruno Larcher,M35-39,314,Open,Austria,29:58,,2:40:39,,1:39:41,5:00:36
1581,4303,Joaquin Alvarez,M45-49,158,Open,Chile,37:08,,2:37:46,,1:35:29,5:00:39
1582,422,Chris Young,M40-44,245,Open,Canada,34:33,,2:34:37,,1:40:11,5:00:41
1583,930,Ambroise Aufrere,M35-39,315,Open,France,37:02,,2:42:07,,1:34:05,5:00:41
1584,2125,Frederic Martin,M30-34,313,Open,Canada,38:39,,2:32:34,,1:38:38,5:00:43
1585,4426,Massimo Viviani,M45-49,159,Open,Italy,34:54,,2:39:43,,1:36:34,5:00:46
1586,3433,Reid Vassallo,M25-29,260,Open,Canada,32:31,,2:34:46,,1:44:11,5:00:49
1587,1202,Daniel Moulin,M35-39,316,Open,Brazil,36:13,,2:35:30,,1:37:52,5:00:49
1588,392,Franck Dupeu,M40-44,246,Open,France,35:34,,2:30:17,,1:43:38,5:00:50
1589,121,Adam Downey,M40-44,247,Open,New Zealand,35:08,,2:31:15,,1:43:36,5:00:50
1590,4386,Eduardo Amadeo,M45-49,160,Open,Argentina,37:36,,2:36:42,,1:37:51,5:00:51
1591,1349,Joe Allen,M35-39,317,Open,United States,38:49,,2:36:57,,1:34:46,5:00:53
1592,3510,Antoine Reynaud,M25-29,261,Open,France,31:24,,2:32:37,,1:49:33,5:00:53
1593,1743,Simon Lesperance,M30-34,314,Open,Canada,37:44,,2:38:26,,1:36:06,5:00:54
1594,2965,Jose Loyola,M50-54,109,Open,Mexico,29:50,,2:33:22,,1:47:17,5:00:55
1595,573,Dennis Walerius,M40-44,248,Open,United States,31:11,,2:39:46,,1:38:17,5:00:57
1596,2091,Jonathan Saunders,M30-34,315,Open,Colombia,31:28,,2:32:13,,1:43:13,5:00:57
1597,425,James Courtney,M40-44,249,Open,Australia,40:59,,2:35:34,,1:33:52,5:00:57
1598,3445,Corentin Chevalier,M25-29,262,Open,France,31:45,,2:34:16,,1:45:01,5:00:58
1599,1086,William Khachadourian,M35-39,318,Open,United States,37:43,,2:31:57,,1:37:23,5:00:59
1600,3994,James Berry,M45-49,161,Open,United States,37:16,,2:36:13,,1:36:29,5:01:00
1601,3198,Franck Escomel,M50-54,110,Open,France,31:18,,2:29:34,,1:47:42,5:01:00
1602,3964,Julio Riadi Cornejo,M45-49,162,Open,Chile,37:40,,2:35:32,,1:37:30,5:01:01
1603,4486,Phillip Stalley,M45-49,163,Open,United States,33:26,,2:43:19,,1:33:54,5:01:01
1604,161,Adam Sczech,M40-44,250,Open,United States,40:08,,2:32:41,,1:36:51,5:01:01
1605,2952,Ian Dickens,M50-54,111,Open,United Kingdom,38:32,,2:32:34,,1:38:46,5:01:03
1606,1076,Simon Lapiere,M35-39,319,Open,France,28:50,,2:32:30,,1:51:09,5:01:03
1607,4048,David Laughran,M45-49,164,Open,United States,37:05,,2:35:37,,1:38:40,5:01:05
1608,4417,Paul Cameron,M45-49,165,Open,United Kingdom,34:11,,2:39:54,,1:38:09,5:01:06
1609,4148,Ahmed Iraky,M45-49,166,Open,Egypt,32:22,,2:39:42,,1:38:54,5:01:11
1610,4265,Ryan Richardson,M45-49,167,Open,United States,31:08,,2:33:35,,1:47:06,5:01:11
1611,1653,Georges Coppin,M30-34,316,Open,Belgium,30:12,,2:38:07,,1:42:14,5:01:13
1612,166,Farai Dalu,M40-44,251,Open,Zimbabwe,35:09,,2:41:17,,1:38:36,5:01:15
1613,4183,Scott Miller,M45-49,168,Open,United States,32:45,,2:40:03,,1:40:37,5:01:17
1614,1483,Pedro D M De Maia,M35-39,320,Open,Brazil,30:27,,2:33:36,,1:46:41,5:01:17
1615,236,Guillaume Pousaz,M40-44,252,Open,Switzerland,31:59,,2:42:39,,1:34:34,5:01:18
1616,4488,Miroslav Buriánek,M45-49,169,Open,Czechia,36:56,,2:35:07,,1:41:24,5:01:19
1617,1224,Aleksas Vaitkunas,M35-39,321,Open,Brazil,30:23,,2:46:23,,1:29:50,5:01:20
1618,1934,Keith Kotar,M30-34,317,Open,United States,31:48,,2:39:01,,1:40:18,5:01:22
1619,2833,Jaime Soler,M50-54,112,Open,Chile,31:02,,2:43:19,,1:37:24,5:01:22
1620,3690,David Wolfson,M25-29,263,Open,United States,28:48,,2:42:09,,1:43:19,5:01:22
1621,3443,Jordy Paenen,M25-29,264,Open,Belgium,32:15,,2:41:58,,1:37:39,5:01:23
1622,1122,Emmanuel Lopez,M35-39,322,Open,United States,38:45,,2:41:13,,1:29:02,5:01:24
1623,3355,Juan Pablo Diaz Gonzalez Rubio,M25-29,265,Open,Mexico,34:54,,2:40:45,,1:37:00,5:01:24
1624,1674,Hugo Alfredo Cruz Avilés,M30-34,318,Open,Mexico,34:11,,2:49:17,,1:28:27,5:01:24
1625,941,Kevin Stumpf,M35-39,323,Open,Germany,29:58,,2:39:52,,1:40:49,5:01:24
1626,1419,Philipp Naegele,M35-39,324,Open,Germany,45:52,,2:39:16,,1:27:10,5:01:25
1627,346,Guilherme Albani,M40-44,253,Open,Brazil,28:41,,2:42:10,,1:40:10,5:01:30
1628,3333,Kilian Stöckel,M25-29,266,Open,Germany,30:23,,2:33:37,,1:48:27,5:01:37
1629,2885,Seth Bitting,M50-54,113,Open,Canada,33:31,,2:32:53,,1:45:49,5:01:38
1630,2165,Rony Alvarez Orellana,M30-34,319,Open,Guatemala,31:32,,2:42:15,,1:36:53,5:01:38
1631,4299,Pascal Arcand,M45-49,170,Open,Canada,33:56,,2:34:34,,1:41:27,5:01:39
1632,1919,golatat kunaborimas,M30-34,320,Open,Thailand,26:21,,2:37:19,,1:46:52,5:01:41
1633,4141,Benjamin Christly,M45-49,171,Open,United States,35:49,,2:37:39,,1:39:01,5:01:41
1634,738,Iñaky Berzal,M40-44,254,Open,Spain,30:12,,2:47:53,,1:32:12,5:01:43
1635,1276,Joe Herriges,M35-39,325,Open,United States,27:09,,2:32:40,,1:53:02,5:01:46
1636,399,Andreas Kocsis,M40-44,255,Open,Austria,34:15,,2:35:21,,1:41:08,5:01:46
1637,2649,Dominique Michel,M55-59,38,Open,France,39:52,,2:30:08,,1:41:14,5:01:47
1638,4544,Kevin Headley,M50-54,114,Open,United States,27:57,,2:41:12,,1:43:23,5:01:51
1639,3962,Iain Robinson,M45-49,172,Open,United Kingdom,38:51,,2:40:48,,1:35:06,5:01:51
1640,2656,Theodore Casterline,M55-59,39,Open,United States,30:05,,2:40:00,,1:36:38,5:01:52
1641,457,Jeremy Rowlette,M40-44,256,Open,United States,33:10,,2:44:16,,1:33:34,5:01:53
1642,3423,Jorge Garcia Lascurain Barrantes,M25-29,267,Open,Mexico,35:11,,2:34:58,,1:41:33,5:01:54
1643,4230,Hans-Juergen Schoder,M45-49,173,Open,Austria,33:24,,2:37:26,,1:43:39,5:01:55
1644,1789,Sergio Caceres Carrillo,M30-34,321,Open,Colombia,29:17,,2:43:53,,1:42:13,5:01:55
1645,682,Carlos Andres Martínez Borgeaud,M40-44,257,Open,Chile,40:39,,2:33:52,,1:37:44,5:01:56
1646,604,Ryan Myhre,M40-44,258,Open,United States,31:20,,2:39:13,,1:39:59,5:01:58
1647,537,Matthew Ryan,M40-44,259,Open,United States,26:36,,2:44:02,,1:39:58,5:01:59
1648,968,Sean Henderson,M35-39,326,Open,Canada,32:42,,2:35:30,,1:46:02,5:01:59
1649,2515,Stephen White,M55-59,40,Open,Australia,31:24,,2:34:43,,1:47:18,5:02:02
1650,130,Klaus-Peter Sünnen,M40-44,260,Open,Germany,29:11,,2:43:14,,1:42:04,5:02:02
1651,2709,Cyrille Perez,M55-59,41,Open,France,34:56,,2:31:08,,1:47:44,5:02:02
1652,2896,Philippe Chalmel,M50-54,115,Open,France,37:03,,2:33:40,,1:42:53,5:02:03
1653,2572,Ty Monks,M55-59,42,Open,United States,38:46,,2:40:33,,1:34:00,5:02:05
1654,4548,Sebastien Labranche,M45-49,174,Open,Canada,36:58,,2:41:52,,1:32:45,5:02:07
1655,4091,Antonio Marchesano,M45-49,175,Open,Italy,31:27,,2:41:02,,1:40:23,5:02:07
1656,4175,Marko Knezovic,M45-49,176,Open,Serbia,43:22,,2:25:18,,1:43:59,5:02:08
1657,1867,Andres Eljuri,M30-34,322,Open,Ecuador,34:53,,2:45:57,,1:30:27,5:02:13
1658,342,Mike Newman,M40-44,261,Open,United States,35:23,,2:36:17,,1:40:32,5:02:13
1659,3958,Guilherme Bueno De Moraes,M45-49,177,Open,Brazil,33:31,,2:38:45,,1:38:42,5:02:13
1660,1186,Werner Damásio,M35-39,327,Open,Brazil,32:49,,2:32:10,,1:49:53,5:02:14
1661,3648,Joep Verhoeven,M25-29,268,Open,Netherlands,31:43,,2:35:43,,1:44:53,5:02:16
1662,401,Maarten Claes,M40-44,262,Open,Belgium,36:00,,2:34:13,,1:41:17,5:02:17
1663,893,Sergio Cedeño,M35-39,328,Open,Panama,33:51,,2:43:28,,1:35:19,5:02:18
1664,2147,Michael Olson,M30-34,323,Open,United States,38:13,,2:44:40,,1:29:35,5:02:19
1665,3054,Martin Kleinjan,M50-54,116,Open,Netherlands,38:11,,2:40:16,,1:34:03,5:02:19
1666,4360,Dieter Egli,M45-49,178,Open,Switzerland,34:34,,2:25:49,,1:51:38,5:02:19
1667,1691,Dustin Beller,M30-34,324,Open,United States,29:06,,2:39:54,,1:41:39,5:02:19
1668,1948,Sean Davis,M30-34,325,Open,United States,31:27,,2:46:06,,1:34:22,5:02:19
1669,1944,Stephen Hoey,M30-34,326,Open,United States,31:16,,2:44:00,,1:38:51,5:02:22
1670,2848,Daniel Kaestner,M50-54,117,Open,Germany,35:19,,2:29:16,,1:50:53,5:02:23
1671,502,Mauro Brito Brandão,M40-44,263,Open,Brazil,29:47,,2:45:17,,1:34:44,5:02:23
1672,4145,Mario Araya,M45-49,179,Open,United States,33:14,,2:34:18,,1:44:25,5:02:23
1673,603,Sven Vietmeier,M40-44,264,Open,Switzerland,33:53,,2:51:22,,1:26:38,5:02:24
1674,2175,RAFAEL FORMOLO,M30-34,327,Open,Brazil,35:32,,2:43:03,,1:33:08,5:02:24
1675,4403,Patrick Argi,M45-49,180,Open,Monaco,33:45,,2:36:50,,1:40:33,5:02:25
1676,625,Marc Peachey,M40-44,265,Open,United States,33:05,,2:38:51,,1:40:11,5:02:26
1677,3881,Anton Arvidson,M18-24,107,Open,Sweden,31:16,,2:44:04,,1:38:58,5:02:26
1678,551,Kenny Kroeze,M40-44,266,Open,Netherlands,39:19,,2:31:54,,1:41:08,5:02:27
1679,3405,Hayden Clark,M25-29,269,Open,Canada,32:50,,2:37:28,,1:44:44,5:02:29
1680,4156,Glenn Merkel,M45-49,181,Open,United States,33:44,,2:28:07,,1:49:25,5:02:29
1681,563,Jeff Dolan,M40-44,267,Open,United States,39:02,,2:36:47,,1:37:53,5:02:31
1682,328,Christian Yance,M40-44,268,Open,Philippines,33:11,,2:39:55,,1:36:38,5:02:33
1683,3017,Alexandre Proulx,M50-54,118,Open,Canada,34:18,,2:40:54,,1:34:42,5:02:34
1684,2778,Robert Nielsen,M55-59,43,Open,Canada,34:20,,2:42:40,,1:35:41,5:02:35
1685,2622,Anthony Park,M55-59,44,Open,United States,33:05,,2:34:18,,1:44:01,5:02:38
1686,4375,Markus Wilhelm,M45-49,182,Open,Switzerland,37:16,,2:31:58,,1:43:32,5:02:38
1687,357,Eugen Richter,M40-44,269,Open,Germany,37:30,,2:33:44,,1:39:02,5:02:38
1688,997,Guillaume Thullier,M35-39,329,Open,France,34:22,,2:39:00,,1:38:14,5:02:38
1689,4193,Sven Freiberg,M45-49,183,Open,Estonia,34:43,,2:35:08,,1:44:46,5:02:43
1690,1070,Enrique Marquez Paris,M35-39,330,Open,Venezuela,31:01,,2:39:42,,1:43:21,5:02:46
1691,491,Kyle Lewis,M40-44,270,Open,United States,29:35,,2:35:15,,1:42:59,5:02:46
1692,1498,Juan Pablo Perez,M35-39,331,Open,Argentina,33:50,,2:49:19,,1:27:26,5:02:48
1693,2087,Enrico Cimador,M30-34,328,Open,Italy,28:19,,2:35:50,,1:44:29,5:02:52
1694,3569,Elliott Parshall,M25-29,270,Open,United States,33:32,,2:42:21,,1:35:13,5:02:52
1695,3528,Jonathon Wishart,M25-29,271,Open,Australia,29:59,,2:32:44,,1:54:00,5:02:53
1696,3929,Nicolas Czorny,M45-49,184,Open,France,31:19,,2:35:16,,1:41:55,5:02:53
1697,626,Brian Connors,M40-44,271,Open,United States,33:27,,2:35:36,,1:39:44,5:02:54
1698,2757,Ken Mckinnon,M55-59,45,Open,United States,31:44,,2:35:08,,1:46:04,5:02:56
1699,1174,Rory Duckworth,M35-39,332,Open,United States,35:43,,2:28:07,,1:50:08,5:02:58
1700,2383,Barry Lewis,M60-64,7,Open,United States,33:53,,2:42:57,,1:36:59,5:02:58
1701,4458,John Barrett,M45-49,185,Open,Isle of Man,35:28,,2:34:23,,1:45:00,5:02:58
1702,3751,Cyprien Gilbert,M18-24,108,Open,France,38:23,,2:43:53,,1:32:37,5:03:01
1703,2437,Bernd Matheis,M55-59,46,Open,Germany,35:40,,2:31:24,,1:42:10,5:03:01
1704,4401,Andy Iorg,M45-49,186,Open,United States,31:33,,2:32:08,,1:49:37,5:03:02
1705,1390,Mehmet Dasiyici,M35-39,333,Open,Turkey,39:18,,2:35:57,,1:34:33,5:03:03
1706,1410,Jason Eagleston,M35-39,334,Open,United States,30:47,,2:44:56,,1:36:38,5:03:03
1707,1394,Ben Capper,M35-39,335,Open,United Kingdom,33:24,,2:40:09,,1:39:32,5:03:05
1708,1343,Michael Tanzi,M35-39,336,Open,United States,36:14,,2:40:19,,1:36:09,5:03:07
1709,2774,Dan Contant,M55-59,47,Open,Canada,33:29,,2:38:24,,1:41:03,5:03:09
1710,2687,Andres Torres,M55-59,48,Open,Colombia,29:18,,2:39:20,,1:46:06,5:03:10
1711,645,Eduardo Fusco Calvilho,M40-44,272,Open,Brazil,30:43,,2:36:03,,1:44:08,5:03:10
1712,4256,Ross Randolph,M45-49,187,Open,United States,30:11,,2:41:09,,1:40:50,5:03:12
1713,1650,Valentin Müller,M30-34,329,Open,Germany,32:20,,2:34:48,,1:46:05,5:03:14
1714,693,Sebastien Hsia,M40-44,273,Open,Belgium,40:27,,2:43:05,,1:30:06,5:03:15
1715,4371,Diego Sosa,M45-49,188,Open,Ecuador,36:23,,2:38:18,,1:39:00,5:03:19
1716,2868,Bobby Cameron,M50-54,119,Open,United States,37:04,,2:42:01,,1:32:51,5:03:21
1717,3612,Anthony Hanot,M25-29,272,Open,Belgium,29:11,,2:32:24,,1:54:50,5:03:22
1718,4107,Diego Alvarado,M45-49,189,Open,Spain,32:54,,2:43:47,,1:36:42,5:03:23
1719,703,Brian Anderson,M40-44,274,Open,United States,32:17,,2:46:58,,1:32:55,5:03:23
1720,564,Grzegorz Skrzypczak,M40-44,275,Open,Poland,33:59,,2:42:52,,1:37:06,5:03:23
1721,3486,Luis Flores Estrada,M25-29,273,Open,Mexico,28:22,,2:46:04,,1:37:26,5:03:24
1722,2571,Rob Boyce,M55-59,49,Open,Australia,37:09,,2:39:20,,1:35:32,5:03:26
1723,1074,Mike Mcnamara,M35-39,337,Open,United States,28:01,,2:43:12,,1:38:43,5:03:26
1724,991,Benoît Le Bont,M35-39,338,Open,France,39:54,,2:41:24,,1:33:26,5:03:26
1725,2945,James Keen,M50-54,120,Open,United Kingdom,35:32,,2:37:56,,1:42:00,5:03:26
1726,2192,Felipe Gomez,M30-34,330,Open,Brazil,36:03,,2:39:56,,1:36:44,5:03:27
1727,1305,Keith Torluemke,M35-39,339,Open,United States,32:17,,2:45:04,,1:35:55,5:03:28
1728,4364,Kirk Gilligan,M45-49,190,Open,United States,36:49,,2:27:06,,1:50:34,5:03:29
1729,1025,Sergio Alarcon,M35-39,340,Open,Chile,32:14,,2:29:20,,1:54:09,5:03:33
1730,3226,Erwan Rioual,M50-54,121,Open,France,33:18,,2:38:43,,1:38:49,5:03:42
1731,4153,Jose Miranda,M45-49,191,Open,Argentina,32:15,,2:38:45,,1:45:21,5:03:45
1732,1126,Filipe Daniel NEVES LINO,M35-39,341,Open,Portugal,33:32,,2:42:39,,1:37:52,5:03:46
1733,325,Gavin Gallimore,M40-44,276,Open,United Kingdom,31:24,,2:37:29,,1:45:13,5:03:47
1734,3083,Todd Kosenski,M50-54,122,Open,United States,34:06,,2:33:49,,1:46:16,5:03:47
1735,3548,Alexander Jones,M25-29,274,Open,United Kingdom,25:44,,2:16:28,,2:12:16,5:03:48
1736,973,Michael Donahue,M35-39,342,Open,United States,31:18,,2:41:49,,1:41:50,5:03:48
1737,1967,Federico Sánchez,M30-34,331,Open,Argentina,32:27,,2:47:08,,1:33:55,5:03:50
1738,1309,Alexander Williams,M35-39,343,Open,United States,38:05,,2:34:09,,1:42:37,5:03:50
1739,2537,Maurice De Jersey,M55-59,50,Open,Australia,36:15,,2:37:47,,1:41:49,5:03:50
1740,2142,Christopher Thomas,M30-34,332,Open,United States,41:16,,2:39:33,,1:33:20,5:03:51
1741,2674,Mark Adams,M55-59,51,Open,United Kingdom,33:05,,2:39:30,,1:41:03,5:03:56
1742,3001,Dorian Simon,M50-54,123,Open,Germany,37:45,,2:38:38,,1:34:39,5:03:59
1743,623,Frank Orlando,M40-44,277,Open,United States,31:59,,2:35:06,,1:47:25,5:04:00
1744,1069,Stefan Fischer,M35-39,344,Open,Germany,34:34,,2:38:00,,1:38:52,5:04:00
1745,3174,Yves Amacker,M50-54,124,Open,Switzerland,30:06,,2:33:26,,1:50:44,5:04:02
1746,1279,Joao Carlos De Oliveira Caldas,M35-39,345,Open,Sweden,34:02,,2:34:45,,1:45:48,5:04:02
1747,716,Michael Slaton,M40-44,278,Open,United States,32:56,,2:38:26,,1:40:13,5:04:03
1748,667,David Black,M40-44,279,Open,United States,32:55,,2:41:22,,1:38:34,5:04:04
1749,3535,Phillipe Violland,M25-29,275,Open,Brazil,30:46,,2:53:41,,1:29:25,5:04:07
1750,4119,Ali Polat,M45-49,192,Open,Turkey,36:31,,2:41:28,,1:35:50,5:04:08
1751,3601,Simon Schwendener,M25-29,276,Open,Switzerland,39:51,,2:35:53,,1:37:02,5:04:08
1752,3202,Chris Carter,M50-54,125,Open,United Kingdom,31:58,,2:38:53,,1:42:35,5:04:09
1753,132,Darren Lunn,M40-44,280,Open,United Kingdom,35:29,,2:41:43,,1:38:49,5:04:11
1754,435,Matt Berk,M40-44,281,Open,United States,36:29,,2:44:46,,1:29:57,5:04:11
1755,3161,Murray Higgs,M50-54,126,Open,Australia,30:29,,2:38:16,,1:44:47,5:04:16
1756,3076,Jonathan Newey,M50-54,127,Open,United Kingdom,36:26,,2:35:17,,1:39:57,5:04:18
1757,4370,Brian Kiscoe,M45-49,193,Open,United States,35:02,,2:32:57,,1:45:53,5:04:19
1758,2436,Kobie Pruis,M55-59,52,Open,South Africa,31:15,,2:42:04,,1:41:09,5:04:20
1759,4405,Themi Petridis,M45-49,194,Open,United Kingdom,36:39,,2:41:09,,1:36:53,5:04:20
1760,4351,Jarrison Fernando Meza Galvez,M45-49,195,Open,Colombia,33:32,,2:39:29,,1:41:00,5:04:21
1761,4178,Henrique Werneck Pereira do Espirito Santo,M45-49,196,Open,Brazil,32:38,,2:41:12,,1:41:06,5:04:24
1762,1897,Pascal Bus,M30-34,333,Open,Netherlands,32:38,,2:52:34,,1:28:41,5:04:26
1763,4297,Fabio Braga,M45-49,197,Open,Brazil,32:08,,2:42:54,,1:38:26,5:04:27
1764,2066,Anders Hvid,M30-34,334,Open,Denmark,34:38,,2:34:57,,1:46:02,5:04:29
1765,525,Hal Snyman,M40-44,282,Open,South Africa,29:26,,2:48:01,,1:39:18,5:04:30
1766,368,Irvin Tang,M40-44,283,Open,Canada,38:35,,2:40:01,,1:35:13,5:04:31
1767,4254,Christian Belair,M45-49,198,Open,Canada,32:30,,2:39:38,,1:42:53,5:04:36
1768,3228,Darren Gill,M50-54,128,Open,United States,32:21,,2:29:38,,1:50:33,5:04:37
1769,1747,Sebastian Betancourt,M30-34,335,Open,Mexico,36:02,,2:42:26,,1:37:35,5:04:37
1770,4309,Sebastien Collin,M45-49,199,Open,France,32:55,,2:35:36,,1:46:48,5:04:39
1771,4275,Randall Lomax,M45-49,200,Open,United States,37:01,,2:35:24,,1:42:52,5:04:41
1772,2961,Jan-Kees Steenman,M50-54,129,Open,Netherlands,40:28,,2:36:42,,1:34:18,5:04:41
1773,3668,Alexandre AUTHIER,M25-29,277,Open,France,30:44,,2:44:37,,1:42:06,5:04:45
1774,3437,Adam Holz,M25-29,278,Open,United States,32:18,,2:42:24,,1:40:12,5:04:46
1775,3020,Jens Harvig,M50-54,130,Open,Denmark,36:45,,2:33:52,,1:41:28,5:04:46
1776,4054,Justin Bauer,M45-49,201,Open,United States,32:56,,2:36:59,,1:43:42,5:04:50
1777,2672,David Reid,M55-59,53,Open,United Kingdom,30:02,,2:45:04,,1:37:21,5:04:51
1778,2153,Brandon Beck,M30-34,336,Open,United States,35:41,,2:34:37,,1:41:57,5:04:52
1779,3009,Scott Zenoni,M50-54,131,Open,United States,34:38,,2:38:22,,1:42:23,5:04:53
1780,283,Tanel Kroonberg,M40-44,284,Open,Estonia,33:53,,2:34:11,,1:47:02,5:04:55
1781,1933,Benjamin Graffy,M30-34,337,Open,United Kingdom,32:00,,2:37:14,,1:46:16,5:04:55
1782,3204,Dave Graham,M50-54,132,Open,Canada,33:40,,2:39:03,,1:42:36,5:04:56
1783,1961,Edwin Ramiro Sanchez Guevara,M30-34,338,Open,Ecuador,33:37,,2:50:35,,1:30:36,5:04:57
1784,1073,Brett Garceau,M35-39,346,Open,United States,37:30,,2:38:38,,1:36:58,5:04:58
1785,4100,Joel Schweiger,M45-49,202,Open,United States,28:24,,2:34:44,,1:53:45,5:05:00
1786,141,Paul Kleinrath,M40-44,285,Open,Austria,32:51,,2:34:28,,1:46:57,5:05:01
1787,4381,Jonathan Pesansky,M45-49,203,Open,United States,28:32,,2:42:12,,1:40:26,5:05:01
1788,4348,Victor Nilo Poyanco,M45-49,204,Open,Chile,28:30,,2:46:57,,1:39:45,5:05:03
1789,1812,Tyler Eller,M30-34,339,Open,United States,34:30,,2:42:05,,1:36:40,5:05:03
1790,227,Stephen Kernion,M40-44,286,Open,United States,28:38,,2:48:03,,1:34:33,5:05:05
1791,2708,Don Oswalt,M55-59,54,Open,United States,33:51,,2:40:09,,1:37:51,5:05:08
1792,2881,Eddie Fishman,M50-54,133,Open,United States,34:07,,2:42:56,,1:38:11,5:05:10
1793,2556,Joel Wilkinson,M55-59,55,Open,Canada,30:00,,2:42:52,,1:42:56,5:05:12
1794,552,Thomas Erwan,M40-44,287,Open,France,29:31,,2:40:27,,1:40:55,5:05:14
1795,1474,Cedric Vanden Bogaerde,M35-39,347,Open,Belgium,30:21,,2:46:14,,1:37:27,5:05:14
1796,3189,Douglas Woods,M50-54,134,Open,United States,34:15,,2:34:40,,1:47:51,5:05:15
1797,2566,Pierre Guillaume,M55-59,56,Open,France,36:25,,2:36:16,,1:43:05,5:05:15
1798,4233,Matan Naftali,M45-49,205,Open,Israel,35:15,,2:41:45,,1:39:06,5:05:15
1799,1241,Castor Benitez-Inglott Bellini,M35-39,348,Open,Spain,34:28,,2:41:12,,1:36:01,5:05:17
1800,1837,William Trivett,M30-34,340,Open,United States,38:08,,2:47:13,,1:29:33,5:05:19
1801,3676,Harrison Schell,M25-29,279,Open,United States,31:43,,2:40:22,,1:41:42,5:05:20
1802,3125,Johnny Conway,M50-54,135,Open,United Kingdom,35:21,,2:37:35,,1:41:10,5:05:22
1803,3131,Gregg Horwitz,M50-54,136,Open,United States,27:35,,2:39:11,,1:47:53,5:05:22
1804,4452,Olivier Castres,M45-49,206,Open,France,38:58,,2:34:20,,1:37:32,5:05:24
1805,3562,Derrick Rufer,M25-29,280,Open,United States,30:57,,2:39:43,,1:45:02,5:05:24
1806,2466,Andreas Bund,M55-59,57,Open,Germany,34:44,,2:43:25,,1:35:25,5:05:26
1807,2882,Stefan Leijdekkers,M50-54,137,Open,Netherlands,34:28,,2:32:21,,1:49:06,5:05:29
1808,349,Ignacio Durán,M40-44,288,Open,Uruguay,38:15,,2:44:14,,1:32:03,5:05:32
1809,222,Augusto Gallego Pereira,M40-44,289,Open,Brazil,31:49,,2:47:45,,1:33:09,5:05:32
1810,707,Jeff Fink,M40-44,290,Open,United States,38:11,,2:36:38,,1:40:02,5:05:33
1811,2053,David PHILLIPS,M30-34,341,Open,United States,29:45,,2:43:10,,1:42:37,5:05:33
1812,3073,Matthew Parris,M50-54,138,Open,United States,34:34,,2:33:00,,1:49:28,5:05:35
1813,2997,Martin Berriman,M50-54,139,Open,Australia,38:42,,2:37:34,,1:39:58,5:05:36
1814,2970,Kenneth Ellis,M50-54,140,Open,United States,39:54,,2:37:03,,1:37:12,5:05:40
1815,647,Claudio Tadashi Sato,M40-44,291,Open,Brazil,36:26,,2:42:12,,1:36:49,5:05:46
1816,138,Fabio Fachin,M40-44,292,Open,Italy,39:29,,2:34:29,,1:41:21,5:05:49
1817,1164,Jayson Langley,M35-39,349,Open,United Kingdom,32:02,,2:47:34,,1:37:24,5:05:49
1818,2720,Terence Withers,M55-59,58,Open,Australia,31:17,,2:36:50,,1:48:53,5:05:50
1819,2069,Andrew Bird,M30-34,342,Open,United States,32:18,,2:40:47,,1:40:49,5:05:50
1820,2426,Steve Plante,M55-59,59,Open,Canada,33:20,,2:40:35,,1:44:00,5:05:50
1821,2064,Jason Klein,M30-34,343,Open,United States,40:21,,2:40:08,,1:34:49,5:05:51
1822,3261,Michael Gratzer,M50-54,141,Open,Austria,34:28,,2:38:11,,1:39:32,5:05:52
1823,2535,Nicola Liera,M55-59,60,Open,Italy,37:48,,2:38:33,,1:37:38,5:05:55
1824,3763,Sebastian Cobian,M18-24,109,Open,Puerto Rico,38:32,,2:44:29,,1:31:51,5:05:56
1825,4121,Osman Coello,M45-49,207,Open,Honduras,30:49,,2:44:14,,1:40:07,5:05:57
1826,4302,Ralph Tan,M45-49,208,Open,United States,37:28,,2:35:22,,1:42:59,5:05:57
1827,2799,Ramses Rodriguez,M50-54,142,Open,United States,26:05,,2:41:53,,1:48:59,5:05:58
1828,1091,Tomasz Pomykala,M35-39,350,Open,Poland,31:56,,2:38:53,,1:47:24,5:06:00
1829,2700,Stephane Octeau,M55-59,61,Open,France,35:03,,2:44:32,,1:36:19,5:06:00
1830,207,Michael Jones,M40-44,293,Open,Canada,32:12,,2:44:38,,1:39:10,5:06:01
1831,2475,Jerome Rouquet,M55-59,62,Open,United States,34:54,,2:35:47,,1:42:19,5:06:03
1832,2081,Sebastian Lueck,M30-34,344,Open,Germany,36:42,,2:44:18,,1:35:53,5:06:03
1833,1407,Matt Weig,M35-39,351,Open,United States,32:46,,2:28:02,,1:56:04,5:06:06
1834,4359,Brad Hale,M45-49,209,Open,Canada,34:52,,2:38:07,,1:42:50,5:06:07
1835,2959,Eric Andreus,M50-54,143,Open,United States,29:01,,2:44:21,,1:41:53,5:06:07
1836,344,Michael Emmons,M40-44,294,Open,United States,26:34,,2:47:26,,1:42:52,5:06:10
1837,291,Tobin Strom,M40-44,295,Open,United States,33:51,,2:34:38,,1:48:11,5:06:12
1838,3951,Rob Mcmurrich,M45-49,210,Open,Canada,28:21,,2:38:28,,1:49:21,5:06:12
1839,3458,Kellan Maxwell,M25-29,281,Open,United States,33:27,,2:31:22,,1:52:55,5:06:13
1840,2931,Juergen Gamweger,M50-54,144,Open,Austria,32:55,,2:36:24,,1:46:21,5:06:13
1841,443,Adam Lewinski,M40-44,296,Open,Poland,36:15,,2:45:36,,1:32:33,5:06:14
1842,4101,Walter Arnold,M45-49,211,Open,Germany,31:48,,2:32:19,,1:54:52,5:06:15
1843,381,Keith Enyart,M40-44,297,Open,United States,32:08,,2:45:52,,1:38:09,5:06:16
1844,3954,Ryan Downey,M45-49,212,Open,United States,31:37,,2:40:30,,1:42:25,5:06:24
1845,1286,Sebastian KINDSTEDT,M35-39,352,Open,Finland,33:05,,2:41:52,,1:42:57,5:06:24
1846,2940,Christian Bernardi,M50-54,145,Open,Italy,36:01,,2:45:49,,1:36:35,5:06:25
1847,3670,Alejandro Betanzos,M25-29,282,Open,Mexico,30:03,,2:34:36,,1:51:39,5:06:30
1848,1926,Charlie Guinn,M30-34,345,Open,United States,35:02,,2:36:11,,1:45:04,5:06:31
1849,898,Tariq Sheikh,M35-39,353,Open,Mauritius,35:45,,2:42:12,,1:39:07,5:06:32
1850,170,David Cruse,M40-44,298,Open,United States,30:39,,2:42:36,,1:44:00,5:06:33
1851,285,Christopher Mccloskey,M40-44,299,Open,United States,34:15,,2:41:43,,1:40:32,5:06:34
1852,1149,Jonas Jasiel Estrada Miramontes,M35-39,354,Open,Mexico,32:56,,2:46:30,,1:38:12,5:06:34
1853,2740,Sergio Motta,M55-59,63,Open,Brazil,40:35,,2:36:37,,1:39:16,5:06:36
1854,2873,Roman Mundschin,M50-54,146,Open,Switzerland,33:49,,2:37:29,,1:43:26,5:06:37
1855,2264,Gunther Volz,M60-64,8,Open,Germany,39:15,,2:34:44,,1:44:17,5:06:37
1856,3082,Javier Taboada,M50-54,147,Open,Colombia,38:16,,2:39:25,,1:39:00,5:06:39
1857,2716,Greg Hillman,M55-59,64,Open,United States,34:36,,2:36:04,,1:47:37,5:06:39
1858,341,FEDERICO ESCRIBANO,M40-44,300,Open,Spain,33:35,,2:42:11,,1:39:05,5:06:40
1859,2655,Thomas Beiersdoerfer,M55-59,65,Open,Germany,33:09,,2:40:51,,1:41:10,5:06:41
1860,2236,Gustavo Poblete  Salazar,M60-64,9,Open,Mexico,32:36,,2:38:19,,1:43:25,5:06:41
1861,2765,Klaus Findt,M55-59,66,Open,Germany,37:44,,2:35:23,,1:43:51,5:06:42
1862,2295,Luc Dieteren,M60-64,10,Open,Netherlands,33:25,,2:39:59,,1:43:45,5:06:44
1863,692,Alfons Van Der Vyver,M40-44,301,Open,South Africa,39:27,,2:37:50,,1:40:20,5:06:45
1864,2751,Clint Dowd,M55-59,67,Open,United States,32:43,,2:36:52,,1:46:20,5:06:46
1865,1426,Jakob HALDER,M35-39,355,Open,Austria,37:08,,2:31:45,,1:48:49,5:06:47
1866,2454,Syl Laur,M55-59,68,Open,France,34:24,,2:37:09,,1:42:52,5:06:49
1867,2584,Doron Reuveni,M55-59,69,Open,United States,35:37,,2:41:06,,1:37:27,5:06:50
1868,197,julian prieto,M40-44,302,Open,Colombia,32:57,,2:40:56,,1:45:59,5:06:51
1869,3122,Tracey Sewell,M50-54,148,Open,Australia,29:44,,2:34:52,,1:52:50,5:06:52
1870,3818,Nathaniel Corneau,M18-24,110,Open,United States,30:12,,2:35:14,,1:53:25,5:06:53
1871,4285,Mickael Vernoit,M45-49,213,Open,France,34:06,,2:41:37,,1:43:22,5:06:53
1872,4274,Peter Schultz,M45-49,214,Open,United States,33:39,,2:41:16,,1:42:40,5:06:54
1873,3748,Juan Pablo García De Luca,M18-24,111,Open,Mexico,41:25,,2:45:02,,1:32:09,5:06:56
1874,205,Daniel Koch,M40-44,303,Open,United States,31:41,,2:41:37,,1:43:08,5:06:57
1875,4340,Stylianos Voudouris,M45-49,215,Open,Greece,29:42,,2:40:57,,1:40:34,5:07:04
1876,1847,Anton Arnould,M30-34,346,Open,Belgium,38:02,,2:43:43,,1:34:30,5:07:05
1877,2117,Josh Hanley,M30-34,347,Open,United States,31:23,,2:32:48,,1:54:48,5:07:05
1878,377,Mathieu Moreau,M40-44,304,Open,France,36:18,,2:49:19,,1:29:12,5:07:06
1879,2509,Barclay Dougall,M55-59,70,Open,United Kingdom,34:43,,2:44:14,,1:37:01,5:07:07
1880,242,Jeffrey Short,M40-44,305,Open,United States,36:32,,2:40:11,,1:40:37,5:07:07
1881,2056,Ben Russell,M30-34,348,Open,Australia,42:11,,2:45:48,,1:32:12,5:07:07
1882,2536,Mikael Ekblad,M55-59,71,Open,Sweden,36:20,,2:41:12,,1:39:32,5:07:09
1883,172,Cihan Boztarla,M40-44,306,Open,Turkey,31:38,,2:36:15,,1:49:19,5:07:09
1884,1329,Chris Pullman,M35-39,356,Open,Canada,36:07,,2:37:56,,1:44:09,5:07:09
1885,4160,Sean Summers,M45-49,216,Open,United States,36:39,,2:40:10,,1:39:57,5:07:10
1886,1351,Ed Kelly,M35-39,357,Open,Ireland,40:20,,2:34:09,,1:43:49,5:07:13
1887,3197,Michael Rushton,M50-54,149,Open,United States,34:37,,2:27:26,,1:58:26,5:07:15
1888,3066,Holger Pollmeier,M50-54,150,Open,Germany,30:37,,2:42:31,,1:44:13,5:07:17
1889,2271,Raymond Szostek,M60-64,11,Open,Belgium,37:15,,2:38:33,,1:39:55,5:07:19
1890,163,Maciej Radecki,M40-44,307,Open,Poland,36:40,,2:33:05,,1:49:16,5:07:21
1891,2034,Mohamed Essam,M30-34,349,Open,Egypt,33:56,,2:38:42,,1:42:22,5:07:23
1892,1232,Ryan Pfeifer,M35-39,358,Open,South Africa,35:40,,2:39:40,,1:42:29,5:07:24
1893,3154,Steven Bang,M50-54,151,Open,United States,32:11,,2:35:49,,1:51:20,5:07:32
1894,2617,Pasquale Romano,M55-59,72,Open,United States,38:46,,2:33:59,,1:44:05,5:07:33
1895,4402,Kean Mihata,M45-49,217,Open,United States,38:57,,2:41:58,,1:37:01,5:07:36
1896,2797,Lorenzo De Jesus Medina Gonzalez,M50-54,152,Open,Mexico,29:25,,2:42:53,,1:47:39,5:07:36
1897,2540,Olivier Lamberg,M55-59,73,Open,Belgium,37:50,,2:40:38,,1:40:09,5:07:37
1898,3058,Laurent Petermann,M50-54,153,Open,France,34:20,,2:37:07,,1:46:55,5:07:38
1899,1793,Ben Atter,M30-34,350,Open,Australia,31:27,,2:34:11,,1:53:18,5:07:41
1900,3136,Thomas Knudsen,M50-54,154,Open,Denmark,27:36,,2:44:33,,1:44:28,5:07:45
1901,4409,Antoine Leveau,M45-49,218,Open,France,31:36,,2:39:53,,1:45:43,5:07:45
1902,3378,Benjamin Peacock,M25-29,283,Open,United States,30:03,,2:50:01,,1:39:38,5:07:47
1903,1075,Joaquin Borghi,M35-39,359,Open,Argentina,37:34,,2:37:27,,1:45:53,5:07:49
1904,3981,Jacint Dinarés Araguz,M45-49,219,Open,Andorra,40:05,,2:39:57,,1:36:29,5:07:50
1905,2827,Dmitri Tchikatilov,M50-54,155,Open,United States,33:36,,2:46:11,,1:39:09,5:07:50
1906,3135,John Van Soest,M50-54,156,Open,United States,34:06,,2:41:00,,1:43:43,5:07:51
1907,426,Carlos Arroyave Gutierrez,M40-44,308,Open,Colombia,36:47,,2:39:42,,1:39:17,5:07:52
1908,439,Eduardo Clave,M40-44,309,Open,Mexico,34:53,,2:42:17,,1:41:31,5:07:53
1909,3978,Christopher Weed,M45-49,220,Open,United States,40:22,,2:34:58,,1:43:15,5:07:56
1910,612,Rodrigo Felipe,M40-44,310,Open,Brazil,43:35,,2:30:19,,1:40:59,5:07:57
1911,1404,Simon Jobin,M35-39,360,Open,Canada,41:59,,2:38:34,,1:33:08,5:07:59
1912,708,Jari Niskala,M40-44,311,Open,United States,36:09,,2:37:23,,1:43:24,5:07:59
1913,2954,Emmanuel Darne,M50-54,157,Open,France,35:31,,2:39:02,,1:36:32,5:08:01
1914,547,Jordon Lubahn,M40-44,312,Open,United States,38:04,,2:49:21,,1:31:20,5:08:01
1915,1965,Lee Suring,M30-34,351,Open,United States,33:21,,2:49:35,,1:36:59,5:08:03
1916,400,Carl Sjöstrand,M40-44,313,Open,Sweden,40:49,,2:28:25,,1:46:54,5:08:03
1917,292,John Nystrom,M40-44,314,Open,United States,39:35,,2:40:29,,1:35:51,5:08:04
1918,958,Cameron Wynhof,M35-39,361,Open,United States,28:20,,2:41:42,,1:46:38,5:08:05
1919,3897,Michael May,M18-24,112,Open,United States,32:00,,2:37:26,,1:50:52,5:08:06
1920,2872,Sylvain Lerouvillois,M50-54,158,Open,France,38:10,,2:41:51,,1:35:36,5:08:06
1921,1828,Tomas Restrepo Velasquez,M30-34,352,Open,Costa Rica,34:54,,2:42:37,,1:37:24,5:08:07
1922,2423,Neil Wallack,M55-59,74,Open,United States,35:13,,2:41:26,,1:34:17,5:08:07
1923,317,Lukasz Niedbal,M40-44,315,Open,Poland,34:22,,2:42:46,,1:39:15,5:08:08
1924,2926,Orlandini Hernan,M50-54,159,Open,Argentina,31:48,,2:41:17,,1:42:08,5:08:09
1925,2265,David Phillips,M60-64,12,Open,United States,36:46,,2:41:12,,1:41:44,5:08:10
1926,302,Jonathan Garcia Martinez,M40-44,316,Open,Mexico,37:31,,2:50:56,,1:29:41,5:08:12
1927,3218,Rafael Sanchez Nazariega,M50-54,160,Open,Mexico,40:51,,2:38:55,,1:35:28,5:08:14
1928,4480,Björn FREDRIKSSON,M45-49,221,Open,Sweden,38:44,,2:43:48,,1:35:46,5:08:15
1929,3617,Brant Lennard,M25-29,284,Open,Canada,40:05,,2:41:11,,1:34:48,5:08:15
1930,4379,Francis Marois,M45-49,222,Open,Canada,37:52,,2:44:10,,1:36:33,5:08:18
1931,734,Diego Castro,M40-44,317,Open,Argentina,34:39,,2:43:53,,1:37:16,5:08:19
1932,2188,Robert Dautrich,M30-34,353,Open,United States,35:04,,2:37:37,,1:40:04,5:08:19
1933,2719,Marc Ware,M55-59,75,Open,Australia,34:03,,2:43:49,,1:40:26,5:08:19
1934,2434,Chris Tye,M55-59,76,Open,United Kingdom,35:29,,2:42:57,,1:38:02,5:08:19
1935,4043,Guilherme Santos Bernert,M45-49,223,Open,Brazil,33:09,,2:43:12,,1:40:33,5:08:19
1936,4164,Jörg Augustin,M45-49,224,Open,Germany,40:35,,2:29:09,,1:47:50,5:08:21
1937,2621,Vincent De Cleer,M55-59,77,Open,Belgium,33:42,,2:41:38,,1:43:53,5:08:21
1938,1113,Curtis Anderson,M35-39,362,Open,United States,30:34,,2:42:35,,1:41:48,5:08:21
1939,1728,Mikhail Vorobiev,M30-34,354,Open,Switzerland,33:39,,2:40:01,,1:45:57,5:08:23
1940,4192,Thomas Koniuszewski,M45-49,225,Open,Canada,32:05,,2:44:11,,1:45:01,5:08:23
1941,3234,Matthias Hof,M50-54,161,Open,Germany,32:36,,2:40:51,,1:42:19,5:08:24
1942,2504,William Owsley,M55-59,78,Open,United States,33:03,,2:33:20,,1:50:26,5:08:24
1943,3118,Jeff Belt,M50-54,162,Open,United Kingdom,37:24,,2:38:12,,1:38:30,5:08:25
1944,4495,Shawn Montpetit,M45-49,226,Open,United States,39:41,,2:35:16,,1:42:57,5:08:25
1945,2061,Pierre Charvet,M30-34,355,Open,France,33:01,,2:41:59,,1:41:28,5:08:26
1946,725,Ciprian Albu,M40-44,318,Open,Romania,28:31,,2:45:11,,1:42:42,5:08:26
1947,1226,Juan Carlos Gaibor,M35-39,363,Open,Ecuador,42:09,,2:36:04,,1:37:33,5:08:28
1948,961,Vinicius Guidotti,M35-39,364,Open,Brazil,30:36,,2:45:26,,1:43:05,5:08:28
1949,562,Brian Pellini,M40-44,319,Open,United States,31:28,,2:49:40,,1:38:19,5:08:28
1950,1184,Eric Donahue,M35-39,365,Open,United States,34:58,,2:41:59,,1:43:39,5:08:29
1951,2445,Troy Boone,M55-59,79,Open,United States,33:02,,2:39:35,,1:43:54,5:08:31
1952,2026,Michael Harker,M30-34,356,Open,United States,31:35,,2:46:36,,1:38:42,5:08:33
1953,1348,Chris Jacobson,M35-39,366,Open,United States,38:33,,2:49:29,,1:29:42,5:08:33
1954,384,Gregory Smith,M40-44,320,Open,United States,37:10,,2:44:25,,1:35:18,5:08:37
1955,1171,Lee Cotterell,M35-39,367,Open,United Kingdom,36:49,,2:33:23,,1:45:43,5:08:39
1956,673,Simone Cossu,M40-44,321,Open,Italy,32:45,,2:47:40,,1:39:12,5:08:39
1957,4277,Andrew Reeder,M45-49,227,Open,United States,33:55,,2:40:40,,1:38:26,5:08:39
1958,4433,Kyan Newman,M45-49,228,Open,United States,32:33,,2:38:54,,1:49:01,5:08:40
1959,2562,Michael Kersten,M55-59,80,Open,Germany,33:10,,2:37:32,,1:46:46,5:08:40
1960,3293,Olivier Kumer,M50-54,163,Open,France,33:29,,2:41:22,,1:43:38,5:08:41
1961,3983,Erik Makowsky,M45-49,229,Open,United States,28:09,,2:42:13,,1:46:34,5:08:41
1962,194,Ovidio Villatoro,M40-44,322,Open,El Salvador,36:00,,2:46:25,,1:34:14,5:08:42
1963,2191,Stephen Moyer-Matteson,M30-34,357,Open,United States,37:59,,2:43:25,,1:34:04,5:08:43
1964,2734,Dave Ramsay,M55-59,81,Open,Canada,30:17,,2:35:51,,1:51:40,5:08:48
1965,683,Mike Hammersley,M40-44,323,Open,United States,35:53,,2:42:08,,1:39:35,5:08:50
1966,1019,JD Tremblay,M35-39,368,Open,Canada,31:52,,2:43:18,,1:44:10,5:08:50
1967,4115,Leonard Belland,M45-49,230,Open,Canada,44:04,,2:33:52,,1:41:44,5:08:51
1968,4067,Rainer Virve,M45-49,231,Open,Estonia,38:16,,2:38:32,,1:43:52,5:08:53
1969,4437,Laurent Croise,M45-49,232,Open,France,33:21,,2:42:20,,1:42:36,5:08:53
1970,4481,Stephen Coy,M45-49,233,Open,United Kingdom,35:09,,2:42:17,,1:41:03,5:08:57
1971,2983,Zach Barber,M50-54,164,Open,United States,32:58,,2:34:19,,1:45:23,5:09:00
1972,3635,Matt Koenigsberg,M25-29,285,Open,United States,34:34,,2:45:27,,1:36:51,5:09:00
1973,4142,Fons Visschers,M45-49,234,Open,Netherlands,37:37,,2:38:17,,1:42:18,5:09:07
1974,3029,Javier Garcés Blanco,M50-54,165,Open,Spain,35:12,,2:39:12,,1:40:39,5:09:07
1975,1391,William Walker,M35-39,369,Open,United States,31:00,,2:43:50,,1:45:09,5:09:08
1976,3282,Tony Clarke,M50-54,166,Open,United Kingdom,32:32,,2:38:35,,1:47:32,5:09:09
1977,4459,Eduardo Rueda,M45-49,235,Open,Mexico,37:32,,2:43:50,,1:34:30,5:09:10
1978,2662,Serge Schnegg,M55-59,82,Open,Switzerland,34:52,,2:40:09,,1:44:25,5:09:11
1979,298,Carlos Azofeifa,M40-44,324,Open,Costa Rica,35:04,,2:41:32,,1:40:41,5:09:12
1980,2909,Alex Troy,M50-54,167,Open,Canada,37:24,,2:34:09,,1:48:35,5:09:12
1981,305,Víctor Alvarado,M40-44,325,Open,Mexico,35:09,,2:48:09,,1:27:08,5:09:13
1982,1323,Sean Etter,M35-39,370,Open,United States,35:57,,2:37:28,,1:44:17,5:09:13
1983,1433,Roy Hichens,M35-39,371,Open,United States,34:29,,2:38:19,,1:44:43,5:09:15
1984,3721,Brandon Czekay,M25-29,286,Open,United States,30:36,,2:44:16,,1:45:23,5:09:16
1985,2542,Zsolt Szunyog,M55-59,83,Open,Hungary,27:07,,2:47:00,,1:45:29,5:09:17
1986,4173,Mayer Raoul,M45-49,236,Open,Luxembourg,36:34,,2:35:20,,1:49:44,5:09:18
1987,4011,Bernard Krawczyk,M45-49,237,Open,Poland,35:41,,2:38:58,,1:44:53,5:09:20
1988,2998,Derek O'Reilly,M50-54,168,Open,Ireland,34:39,,2:39:18,,1:45:36,5:09:21
1989,4172,Jean-Philippe Dechristé,M45-49,238,Open,France,29:32,,2:27:39,,2:00:23,5:09:22
1990,288,Tim Basile,M40-44,326,Open,Canada,32:48,,2:50:11,,1:34:47,5:09:22
1991,610,Miguel Angel Perez Alamino,M40-44,327,Open,Spain,33:58,,2:50:57,,1:36:00,5:09:24
1992,3117,Chris Howson,M50-54,169,Open,United States,38:44,,2:42:34,,1:39:06,5:09:25
1993,2870,Gilberto Dos Santos Marcos,M50-54,170,Open,Brazil,30:40,,2:44:03,,1:39:40,5:09:26
1994,2889,Brian Edmond,M50-54,171,Open,Canada,37:57,,2:44:11,,1:36:55,5:09:26
1995,3303,Mark McMullen,M50-54,172,Open,Canada,33:08,,2:40:17,,1:47:52,5:09:27
1996,2837,Kenneth Erichsen,M50-54,173,Open,Guatemala,35:57,,2:37:00,,1:42:26,5:09:27
1997,2824,Gerardo Rodriguez,M50-54,174,Open,Mexico,34:12,,2:42:30,,1:41:38,5:09:28
1998,644,Keegan Stueck,M40-44,328,Open,Canada,36:14,,2:38:43,,1:44:28,5:09:28
1999,892,Santiago Rojas De La Peza,M35-39,372,Open,Mexico,35:20,,2:49:03,,1:34:35,5:09:30
2000,600,Geoffrey Woodman,M40-44,329,Open,United States,32:22,,2:47:41,,1:36:26,5:09:31
2001,2553,Roger Biles,M55-59,84,Open,United Kingdom,34:13,,2:40:24,,1:44:25,5:09:32
2002,378,Shon Serles,M40-44,330,Open,United States,37:29,,2:40:20,,1:41:45,5:09:32
2003,4244,Michal Gruszka,M45-49,239,Open,Poland,36:20,,2:32:53,,1:50:39,5:09:34
2004,142,Cody Angell,M40-44,331,Open,United States,34:13,,2:39:01,,1:42:06,5:09:35
2005,482,Jürgen Weiss,M40-44,332,Open,Germany,30:01,,2:47:53,,1:40:42,5:09:38
2006,2879,Mark Booth,M50-54,175,Open,United Kingdom,34:35,,2:48:56,,1:34:52,5:09:38
2007,1033,luc mauchant,M35-39,373,Open,France,31:56,,2:39:17,,1:47:56,5:09:38
2008,3926,Michael Monsieur,M45-49,240,Open,Belgium,36:35,,2:52:08,,1:31:51,5:09:40
2009,3098,Eric Boulanger,M50-54,176,Open,Canada,33:37,,2:41:15,,1:44:53,5:09:41
2010,3907,Matthew Begeman,M18-24,113,Open,United States,32:02,,2:24:59,,2:04:28,5:09:42
2011,2913,Chris Douville,M50-54,177,Open,United States,36:15,,2:33:01,,1:48:13,5:09:43
2012,908,Alexandre Renaux,M35-39,374,Open,Belgium,38:58,,2:43:02,,1:37:09,5:09:48
2013,3026,Marcelo Ehrhardt,M50-54,178,Open,United States,27:28,,2:45:27,,1:44:49,5:09:51
2014,2174,Guido Tirone,M30-34,358,Open,Italy,26:04,,2:46:15,,1:47:33,5:09:51
2015,2776,Neil Hersey,M55-59,85,Open,United States,38:34,,2:34:59,,1:41:46,5:09:51
2016,1015,Chad Callender,M35-39,375,Open,United States,34:42,,2:45:07,,1:38:26,5:09:53
2017,303,Guy Florack,M40-44,333,Open,Netherlands,38:20,,2:37:44,,1:41:50,5:09:57
2018,615,Jon Nicanor,M40-44,334,Open,United States,35:53,,2:41:18,,1:39:34,5:09:57
2019,2766,Stephan Pollert,M55-59,86,Open,Germany,33:32,,2:37:01,,1:48:06,5:10:00
2020,4068,Kai Schroeder,M45-49,241,Open,Germany,37:00,,2:41:12,,1:41:34,5:10:01
2021,4188,Jean-Sébastien Blais,M45-49,242,Open,Canada,32:59,,2:41:04,,1:46:16,5:10:03
2022,1312,Mauricio Jarvis,M35-39,376,Open,Ecuador,32:44,,2:37:07,,1:49:08,5:10:04
2023,1088,FERNANDO CARLOS DODERO,M35-39,377,Open,Argentina,32:47,,2:48:10,,1:38:04,5:10:06
2024,4053,Jamie Mead,M45-49,243,Open,United Kingdom,34:43,,2:37:39,,1:47:29,5:10:08
2025,1139,Georges Kfoury,M35-39,378,Open,Lebanon,33:07,,2:41:27,,1:43:44,5:10:09
2026,3065,Derek Skawinski,M50-54,179,Open,United States,37:02,,2:38:11,,1:43:59,5:10:09
2027,1655,Mathew Tupper,M30-34,359,Open,United States,31:05,,2:46:14,,1:46:23,5:10:09
2028,1275,Ryan Hiscox,M35-39,379,Open,Canada,32:52,,2:47:37,,1:36:36,5:10:10
2029,876,Ryan Melahn,M35-39,380,Open,United States,37:54,,2:43:28,,1:38:46,5:10:12
2030,1437,Mahmoud Elsebakhy,M35-39,381,Open,Egypt,31:17,,2:43:42,,1:44:53,5:10:13
2031,2068,Lucas Harvey,M30-34,360,Open,United States,38:47,,2:37:27,,1:45:27,5:10:14
2032,2652,Peter Algert,M55-59,87,Open,United States,31:34,,2:34:52,,1:52:49,5:10:17
2033,3506,Brett Buelens,M25-29,287,Open,Belgium,32:32,,2:32:44,,1:51:55,5:10:19
2034,1469,Christopher Zumbek,M35-39,382,Open,United States,33:22,,2:49:34,,1:35:05,5:10:20
2035,2495,Barry Thomas,M55-59,88,Open,United Kingdom,35:06,,2:43:28,,1:42:02,5:10:20
2036,287,Julian Higuera Pinilla,M40-44,335,Open,Colombia,38:06,,2:36:14,,1:46:12,5:10:20
2037,3167,Jean-Marc Outil,M50-54,180,Open,France,25:52,,2:46:32,,1:46:12,5:10:21
2038,3716,Alberto Fernández Bonilla,M25-29,288,Open,Spain,34:19,,2:40:58,,1:45:51,5:10:22
2039,650,Marcelo Cao,M40-44,336,Open,Argentina,37:24,,2:47:23,,1:33:39,5:10:26
2040,1333,Timothy Wendt,M35-39,383,Open,United States,32:42,,2:43:59,,1:41:20,5:10:26
2041,3107,Jason Philbin,M50-54,181,Open,United States,37:00,,2:40:13,,1:42:07,5:10:29
2042,4139,Wes Knipe,M45-49,244,Open,United Kingdom,33:59,,2:45:55,,1:41:10,5:10:30
2043,1778,Eric Hogenboom,M30-34,361,Open,United States,31:35,,2:49:00,,1:40:38,5:10:33
2044,2608,Andreas Braun,M55-59,89,Open,Germany,31:40,,2:38:21,,1:48:49,5:10:34
2045,2971,Rafal Fazan,M50-54,182,Open,Poland,33:05,,2:41:42,,1:42:51,5:10:36
2046,204,Chandler Carranza,M40-44,337,Open,United States,35:40,,2:40:45,,1:47:44,5:10:37
2047,1518,Phil Davies,M65-69,1,Open,Australia,34:03,,2:41:05,,1:44:58,5:10:37
2048,4222,Alex Sherman,M45-49,245,Open,United States,34:46,,2:44:50,,1:40:17,5:10:38
2049,225,Sam Browne,M40-44,338,Open,United Kingdom,32:57,,2:38:08,,1:43:36,5:10:41
2050,1995,Hessel Dreteler,M30-34,362,Open,Netherlands,31:11,,2:43:09,,1:44:37,5:10:41
2051,1835,Lucas Schonfeld,M30-34,363,Open,United States,33:53,,2:46:16,,1:41:20,5:10:41
2052,1723,Eli Skolnik,M30-34,364,Open,United States,36:48,,2:34:37,,1:48:24,5:10:42
2053,2513,Dany Bernard,M55-59,90,Open,France,36:40,,2:47:21,,1:38:16,5:10:42
2054,4029,Fabien PERRARD,M45-49,246,Open,France,38:44,,2:43:23,,1:39:16,5:10:44
2055,4039,Dino Demi,M45-49,247,Open,Switzerland,30:57,,2:39:55,,1:48:21,5:10:44
2056,1411,Eric Bowman,M35-39,384,Open,United States,34:23,,2:38:57,,1:46:33,5:10:49
2057,2143,David Oda,M30-34,365,Open,United States,44:33,,2:40:01,,1:34:41,5:10:50
2058,3409,Alonso Gonzalez Lopez,M25-29,289,Open,Mexico,35:03,,2:42:36,,1:44:16,5:10:52
2059,1447,Kyle Arnold,M35-39,385,Open,Singapore,32:29,,2:37:12,,1:50:27,5:10:54
2060,1221,William Pugliesi,M35-39,386,Open,France,28:59,,2:55:48,,1:36:57,5:10:58
2061,1162,Shane Peed,M35-39,387,Open,United States,38:47,,2:34:46,,1:46:34,5:10:59
2062,3955,Matthew Sommer,M45-49,248,Open,United States,33:45,,2:51:26,,1:35:43,5:11:01
2063,4008,Juan Torrado,M45-49,249,Open,Colombia,36:22,,2:43:50,,1:43:52,5:11:03
2064,1036,Jeremy Hodges,M35-39,388,Open,United States,37:09,,2:33:40,,1:49:51,5:11:03
2065,463,Craig Atkinson,M40-44,339,Open,South Africa,36:19,,2:43:49,,1:35:54,5:11:05
2066,1021,Frederic Lannes,M35-39,389,Open,France,36:01,,2:38:46,,1:43:14,5:11:05
2067,2062,Daniel Syring,M30-34,366,Open,United States,34:22,,2:46:43,,1:40:02,5:11:05
2068,3182,Gordi Müller,M50-54,183,Open,Switzerland,30:26,,2:32:52,,1:57:51,5:11:07
2069,4390,Boris Buland,M45-49,250,Open,France,38:28,,2:29:06,,1:54:26,5:11:07
2070,1446,Tristan Taormina,M35-39,390,Open,Australia,36:33,,2:48:48,,1:35:36,5:11:10
2071,1545,Alain Bouteau,M65-69,2,Open,France,34:57,,2:40:53,,1:44:57,5:11:12
2072,1850,Klaus Matos,M30-34,367,Open,Brazil,32:30,,2:53:26,,1:37:25,5:11:16
2073,2484,Stephan Schwarze,M55-59,91,Open,Germany,34:11,,2:41:09,,1:43:26,5:11:17
2074,2467,Kevin Elwood,M55-59,92,Open,United States,38:06,,2:41:58,,1:41:51,5:11:17
2075,4129,Sam West,M45-49,251,Open,Canada,32:57,,2:47:30,,1:40:30,5:11:18
2076,3875,Ricardo Valencia Saracho,M18-24,114,Open,Mexico,33:09,,2:44:01,,1:47:01,5:11:19
2077,4166,Robert Buzanczyk,M45-49,252,Open,France,37:41,,2:43:37,,1:39:58,5:11:19
2078,3874,Rodrigo Camarillo Flores,M18-24,115,Open,Mexico,31:20,,2:52:03,,1:37:43,5:11:19
2079,3849,Ezra Swell,M18-24,116,Open,United States,29:04,,2:32:46,,2:01:40,5:11:20
2080,3970,Gilberto Trejo,M45-49,253,Open,Mexico,33:33,,2:41:44,,1:47:05,5:11:21
2081,2991,Chad Brumbaugh,M50-54,184,Open,United States,34:22,,2:38:39,,1:48:16,5:11:21
2082,390,Marcos Reno,M40-44,340,Open,Brazil,33:39,,2:35:33,,1:50:00,5:11:22
2083,2583,John Mulcahy,M55-59,93,Open,United States,34:26,,2:37:22,,1:49:02,5:11:24
2084,4226,Martin Heckmann,M45-49,254,Open,Germany,34:19,,2:36:27,,1:48:58,5:11:29
2085,3037,Vinny Veness,M50-54,185,Open,United Kingdom,30:31,,2:37:11,,1:47:16,5:11:29
2086,2491,Alexander Whisker,M55-59,94,Open,United Kingdom,30:11,,2:53:59,,1:38:29,5:11:30
2087,3489,Mitch Bell,M25-29,290,Open,Australia,34:32,,2:37:10,,1:51:58,5:11:30
2088,4339,Luca Rusca,M45-49,255,Open,Italy,35:18,,2:37:53,,1:45:46,5:11:31
2089,2628,Alexander Dorfmann,M55-59,95,Open,Switzerland,38:09,,2:35:29,,1:47:48,5:11:31
2090,1979,Michael Zolcer,M30-34,368,Open,Czechia,33:48,,2:40:32,,1:49:04,5:11:32
2091,556,Mariusz Chrobot,M40-44,341,Open,Poland,31:31,,2:40:15,,1:49:29,5:11:33
2092,2752,Scott Moir,M55-59,96,Open,United States,37:07,,2:40:37,,1:40:36,5:11:33
2093,617,Pavol Blaho,M40-44,342,Open,Slovakia,37:32,,2:41:53,,1:42:51,5:11:33
2094,2802,Matthew Gentile,M50-54,186,Open,United States,35:48,,2:34:00,,1:49:48,5:11:34
2095,1840,Christian Sobkowski,M30-34,369,Open,Switzerland,35:11,,2:44:22,,1:41:45,5:11:34
2096,3974,Carlos Dario Donado Garzon,M45-49,256,Open,Colombia,38:16,,2:42:33,,1:35:16,5:11:34
2097,216,Dietmar Engel,M40-44,343,Open,France,33:01,,2:44:14,,1:46:34,5:11:35
2098,3689,James Naldrett,M25-29,291,Open,United Kingdom,36:39,,2:51:34,,1:35:16,5:11:36
2099,1048,Jeff Tobin,M35-39,391,Open,United States,36:28,,2:30:38,,1:51:27,5:11:37
2100,3325,Hon Man Tang,M25-29,292,Open,Hong Kong,31:39,,2:35:24,,1:57:02,5:11:37
2101,1057,Nicolas Calderon,M35-39,392,Open,Chile,36:22,,2:47:29,,1:35:54,5:11:39
2102,3712,Joaquin Oseguera,M25-29,293,Open,Mexico,39:53,,2:31:38,,1:51:58,5:11:39
2103,2801,Michael Southworth,M50-54,187,Open,United States,36:59,,2:39:01,,1:42:57,5:11:42
2104,1711,Luke Peterson,M30-34,370,Open,United States,31:45,,2:43:09,,1:48:43,5:11:43
2105,2046,Tony Maldonado,M30-34,371,Open,United States,35:16,,2:39:07,,1:48:33,5:11:45
2106,571,Christopher Rochford,M40-44,344,Open,United States,33:49,,2:48:21,,1:38:17,5:11:52
2107,601,Leandro Moreira,M40-44,345,Open,Brazil,30:16,,2:48:47,,1:38:55,5:11:53
2108,3616,Karim Hammad,M25-29,294,Open,United Kingdom,39:06,,2:46:57,,1:36:40,5:11:55
2109,2438,Frank Weber,M55-59,97,Open,Germany,39:19,,2:41:54,,1:37:24,5:11:55
2110,2618,Yvan Vekemans,M55-59,98,Open,Belgium,36:05,,2:36:23,,1:49:09,5:11:57
2111,299,Pablo Parra,M40-44,346,Open,Costa Rica,39:18,,2:45:42,,1:36:04,5:11:59
2112,1010,Dmitri Sacharov,M35-39,393,Open,Germany,35:39,,2:44:17,,1:41:42,5:12:00
2113,2663,David Patchin,M55-59,99,Open,United States,32:10,,2:50:56,,1:37:40,5:12:00
2114,4110,Juan Leon,M45-49,257,Open,Colombia,33:11,,2:41:42,,1:46:29,5:12:02
2115,2516,Eric Chabin,M55-59,100,Open,France,35:45,,2:45:21,,1:36:49,5:12:04
2116,2796,Luis Martin Olivera,M50-54,188,Open,Argentina,37:42,,2:46:33,,1:36:36,5:12:06
2117,2712,Frank Schreiner,M55-59,101,Open,Germany,34:46,,2:41:04,,1:44:29,5:12:08
2118,952,Josh Licata,M35-39,394,Open,United States,41:55,,2:43:07,,1:35:25,5:12:14
2119,957,Vitor Cancian,M35-39,395,Open,Brazil,40:37,,2:39:08,,1:40:10,5:12:14
2120,2289,Peter Grilc,M60-64,13,Open,Slovenia,34:15,,2:46:08,,1:41:45,5:12:17
2121,2768,David Jones,M55-59,102,Open,United States,33:09,,2:42:52,,1:40:21,5:12:18
2122,167,Daniel Caldera,M40-44,347,Open,United States,35:13,,2:34:20,,1:47:31,5:12:19
2123,4120,Mieszko Marzec,M45-49,258,Open,Poland,34:59,,2:38:09,,1:51:01,5:12:20
2124,3115,Renaud Rego De Sebes,M50-54,189,Open,France,36:14,,2:42:13,,1:44:34,5:12:22
2125,4407,Neil Oviatt,M45-49,259,Open,United Kingdom,33:23,,2:44:27,,1:43:33,5:12:23
2126,2430,Oliver Ronzheimer,M55-59,103,Open,Germany,36:17,,2:42:28,,1:44:09,5:12:23
2127,2135,Scott Leadbetter,M30-34,372,Open,United Kingdom,32:20,,2:34:04,,1:56:41,5:12:24
2128,3077,Peter Liekens,M50-54,190,Open,Belgium,34:52,,2:36:29,,1:48:57,5:12:25
2129,2935,Luis Mirabal Socas,M50-54,191,Open,Spain,38:13,,2:45:27,,1:35:47,5:12:25
2130,2177,Justin Marzean,M30-34,373,Open,United States,34:19,,2:49:45,,1:36:01,5:12:28
2131,3030,Anthony Lucas,M50-54,192,Open,United States,32:44,,2:43:11,,1:41:16,5:12:30
2132,2962,Andreas Miersch,M50-54,193,Open,Germany,40:48,,2:35:00,,1:48:12,5:12:30
2133,2975,James Obrien,M50-54,194,Open,United States,38:30,,2:44:11,,1:37:22,5:12:33
2134,4461,Grant Noble,M45-49,260,Open,United Kingdom,33:19,,2:39:03,,1:49:56,5:12:35
2135,1322,Teddy Galien,M35-39,396,Open,United States,40:53,,2:40:51,,1:41:59,5:12:35
2136,594,Jonathan Deleu,M40-44,348,Open,Australia,27:26,,2:52:09,,1:42:25,5:12:36
2137,2242,Thomas Geiger,M60-64,14,Open,Germany,32:36,,2:41:36,,1:48:03,5:12:37
2138,1872,Leif Stäcker,M30-34,374,Open,Germany,36:27,,2:31:51,,1:54:50,5:12:37
2139,2838,Morten Schultz Dam,M50-54,195,Open,Denmark,33:39,,2:45:41,,1:41:41,5:12:40
2140,165,Rodrigo Veron Garcia,M40-44,349,Open,Mexico,35:38,,2:50:17,,1:36:25,5:12:42
2141,710,Andrew Eichelberger,M40-44,350,Open,United States,36:50,,2:46:32,,1:39:41,5:12:43
2142,4063,William Corvalan,M45-49,261,Open,United States,34:21,,2:35:56,,1:53:54,5:12:44
2143,2044,Greivin Barrantes,M30-34,375,Open,Costa Rica,35:00,,2:54:40,,1:31:41,5:12:45
2144,2783,Marc Theobald,M55-59,104,Open,Luxembourg,35:42,,2:36:50,,1:47:04,5:12:47
2145,4049,Renato Dalboni,M45-49,262,Open,Canada,30:32,,2:39:03,,1:52:01,5:12:47
2146,336,Nicolas Feraci,M40-44,351,Open,United States,32:45,,2:44:17,,1:45:21,5:12:48
2147,729,Nuno Fernandes,M40-44,352,Open,Portugal,37:36,,2:55:15,,1:27:08,5:12:49
2148,4372,Shawn Oshea,M45-49,263,Open,United States,35:44,,2:37:48,,1:50:29,5:12:52
2149,3072,Michael Kresge,M50-54,196,Open,United States,32:08,,2:49:48,,1:42:26,5:12:53
2150,4455,Mark Etherington,M45-49,264,Open,United States,29:11,,2:51:22,,1:40:04,5:12:57
2151,4088,Orazio Bonavida,M45-49,265,Open,Italy,31:38,,2:45:40,,1:45:29,5:12:58
2152,4477,Michael Markley,M45-49,266,Open,United States,34:37,,2:41:23,,1:41:47,5:12:59
2153,3919,Jesse Danner,M45-49,267,Open,United States,32:48,,2:38:37,,1:46:48,5:13:02
2154,2055,Sam Russell,M30-34,376,Open,Australia,34:35,,2:42:27,,1:48:33,5:13:02
2155,3190,Richard Kane,M50-54,197,Open,United Kingdom,31:00,,2:43:42,,1:47:26,5:13:03
2156,746,Juan Ignacio Costello Grinberg,M40-44,353,Open,Argentina,33:54,,2:48:54,,1:42:24,5:13:05
2157,155,Lorenzo Zanetti,M40-44,354,Open,Italy,32:49,,2:39:58,,1:50:39,5:13:06
2158,315,Pierre-Vincent Daigle,M40-44,355,Open,Canada,37:26,,2:36:14,,1:48:56,5:13:07
2159,1639,Maxime Mouquet,M30-34,377,Open,France,34:42,,2:47:02,,1:42:15,5:13:08
2160,2575,Kevin Mccloskey,M55-59,105,Open,United Kingdom,31:07,,2:52:58,,1:37:28,5:13:10
2161,2642,Marshall Martin,M55-59,106,Open,United States,33:36,,2:36:48,,1:52:59,5:13:11
2162,4040,Samuel Darling,M45-49,268,Open,United States,37:09,,2:49:23,,1:35:22,5:13:14
2163,658,Craig Patterson,M40-44,356,Open,United Kingdom,31:45,,2:37:36,,1:54:41,5:13:15
2164,1208,Athanasios Baimpas,M35-39,397,Open,Greece,36:05,,2:40:19,,1:44:16,5:13:15
2165,2974,Oliver Faber,M50-54,198,Open,Germany,40:44,,2:32:58,,1:49:27,5:13:17
2166,2470,Dominique Ancelin,M55-59,107,Open,France,30:35,,2:39:28,,1:51:58,5:13:18
2167,1084,Casey Morgan,M35-39,398,Open,United States,33:16,,2:48:44,,1:41:14,5:13:20
2168,2084,Matthew Johnson,M30-34,378,Open,United States,37:06,,2:39:58,,1:44:49,5:13:21
2169,3139,Kevin Phillips,M50-54,199,Open,Canada,37:08,,2:42:46,,1:46:02,5:13:26
2170,2639,Bruce Halvorson,M55-59,108,Open,Canada,29:34,,2:46:01,,1:45:09,5:13:28
2171,1479,Patrick Lenhart,M35-39,399,Open,United States,38:46,,2:45:18,,1:41:24,5:13:28
2172,2632,Stephane Roinet,M55-59,109,Open,France,33:10,,2:42:16,,1:47:51,5:13:28
2173,679,Jason Pace,M40-44,357,Open,Canada,33:14,,2:42:28,,1:48:18,5:13:33
2174,4026,James Leonard,M45-49,269,Open,Australia,30:00,,2:52:04,,1:42:28,5:13:33
2175,464,Hugo Arredondo,M40-44,358,Open,Mexico,39:26,,2:45:31,,1:37:09,5:13:34
2176,4047,George Gambill,M45-49,270,Open,United States,36:06,,2:41:48,,1:46:20,5:13:34
2177,159,Pier Paolo Piccinetti,M40-44,359,Open,Venezuela,32:49,,2:41:37,,1:48:45,5:13:39
2178,1210,Ty Valdez,M35-39,400,Open,United States,31:48,,2:45:57,,1:46:59,5:13:39
2179,2851,Chang So,M50-54,200,Open,United States,37:55,,2:37:23,,1:46:25,5:13:40
2180,1030,David Perez Barbosa,M35-39,401,Open,Colombia,36:03,,2:42:17,,1:42:25,5:13:47
2181,2063,Bryant Huang,M30-34,379,Open,United States,37:46,,2:43:22,,1:42:23,5:13:49
2182,316,Josh Rickaby,M40-44,360,Open,United States,34:29,,2:43:19,,1:42:27,5:13:49
2183,1693,Issam Albusaidi,M30-34,380,Open,Oman,35:41,,2:42:27,,1:46:13,5:13:53
2184,416,Andrew Jennrich,M40-44,361,Open,United States,38:38,,2:44:24,,1:41:32,5:13:56
2185,218,Giacomo Marchi,M40-44,362,Open,Italy,32:02,,2:40:04,,1:43:26,5:13:56
2186,2767,Uwe Stoschek,M55-59,110,Open,Germany,46:48,,2:31:11,,1:44:43,5:13:56
2187,4168,Inigo Ibarra,M45-49,271,Open,Argentina,36:39,,2:47:46,,1:40:16,5:13:57
2188,200,Sergio Portilho Simao,M40-44,363,Open,Brazil,32:30,,2:48:09,,1:44:03,5:14:00
2189,2982,Mark Kohl,M50-54,201,Open,United States,31:31,,2:40:22,,1:51:23,5:14:01
2190,3069,Charles Perry,M50-54,202,Open,United States,34:05,,2:41:41,,1:50:01,5:14:02
2191,1203,Kyle Konell,M35-39,402,Open,United States,29:15,,2:47:33,,1:42:37,5:14:03
2192,3208,John Bye,M50-54,203,Open,United States,33:02,,2:36:52,,1:55:38,5:14:07
2193,4240,Ewan Gillespie,M45-49,272,Open,Canada,32:14,,2:44:42,,1:46:16,5:14:11
2194,1362,Augusto Gomez,M35-39,403,Open,Nicaragua,33:57,,2:49:58,,1:40:46,5:14:12
2195,3191,Neil Lewis,M50-54,204,Open,United Kingdom,35:04,,2:44:16,,1:46:00,5:14:12
2196,2987,Scott Brooks,M50-54,205,Open,United States,32:26,,2:47:26,,1:38:40,5:14:12
2197,3802,Abhijith Venuthurla,M18-24,117,Open,India,31:57,,2:47:43,,1:45:32,5:14:13
2198,542,Mario Simoes,M40-44,364,Open,Portugal,37:19,,2:42:13,,1:42:09,5:14:13
2199,4498,Bj Gumkowski,M45-49,273,Open,United States,30:50,,2:51:07,,1:39:47,5:14:15
2200,3666,Aleksander Malowany,M25-29,295,Open,Canada,38:53,,2:42:07,,1:42:54,5:14:16
2201,4109,Sebastian Siwy,M45-49,274,Open,Poland,38:53,,2:36:14,,1:50:05,5:14:16
2202,3580,Jack McPhee,M25-29,296,Open,Australia,40:03,,2:42:18,,1:41:43,5:14:22
2203,2717,Doug ROSS,M55-59,111,Open,United States,34:48,,2:42:35,,1:47:28,5:14:24
2204,2527,Olivier Roche,M55-59,112,Open,France,34:31,,2:44:18,,1:43:04,5:14:25
2205,2071,Andrew Kumler,M30-34,381,Open,United States,36:05,,2:41:00,,1:44:05,5:14:25
2206,3063,Bruno Glaser,M50-54,206,Open,Slovenia,32:53,,2:39:15,,1:52:48,5:14:27
2207,3269,Art Miller,M50-54,207,Open,United States,34:10,,2:46:15,,1:43:52,5:14:29
2208,4146,Adrian Cox,M45-49,275,Open,United States,36:25,,2:44:02,,1:39:53,5:14:30
2209,4171,Walter De Wet,M45-49,276,Open,Canada,41:26,,2:40:52,,1:43:10,5:14:33
2210,178,Russell Clarke,M40-44,365,Open,United Kingdom,33:32,,2:46:28,,1:46:03,5:14:35
2211,2886,Matthew White,M50-54,208,Open,United Kingdom,34:39,,2:42:20,,1:47:21,5:14:36
2212,2255,Mårten Torle,M60-64,15,Open,Sweden,40:06,,2:41:27,,1:45:28,5:14:38
2213,1405,Randall Beyl,M35-39,404,Open,United States,34:00,,2:41:59,,1:47:26,5:14:38
2214,4411,Ryan Sather,M45-49,277,Open,United States,38:08,,2:42:11,,1:45:30,5:14:39
2215,3185,Fernando Aleman Moreno,M50-54,209,Open,Spain,32:39,,2:47:17,,1:44:08,5:14:41
2216,4478,Bartek Zych,M45-49,278,Open,Poland,37:11,,2:25:33,,2:01:16,5:14:42
2217,267,Ty Renbarger,M40-44,366,Open,United States,36:12,,2:43:16,,1:44:09,5:14:42
2218,304,José Juan Medina,M40-44,367,Open,Mexico,32:51,,2:37:52,,1:56:15,5:14:42
2219,733,Alan Finley,M40-44,368,Open,United States,34:24,,2:41:47,,1:48:38,5:14:45
2220,3966,Nicolas Iturra,M45-49,279,Open,Chile,34:32,,2:54:27,,1:34:19,5:14:46
2221,4149,Alonso Macias,M45-49,280,Open,United States,35:38,,2:42:59,,1:42:45,5:14:48
2222,2944,Anthony Renda,M50-54,210,Open,United States,33:20,,2:37:38,,1:46:55,5:14:50
2223,2770,Jerome Guionnet,M55-59,113,Open,United States,32:07,,2:38:30,,1:50:47,5:14:52
2224,2120,Kurt Schreiber,M30-34,382,Open,United States,35:02,,2:41:59,,1:47:54,5:14:55
2225,3916,Andy Williams,M45-49,281,Open,United Kingdom,31:30,,2:42:16,,1:45:28,5:14:57
2226,549,Kris Zelinsky,M40-44,369,Open,Canada,32:08,,2:44:36,,1:48:09,5:14:58
2227,4255,Matt Dana,M45-49,282,Open,United States,33:30,,2:30:38,,2:00:55,5:15:03
2228,1458,Filippo Tavazzani,M35-39,405,Open,Italy,31:41,,2:44:35,,1:49:37,5:15:05
2229,3287,Robert Lynch,M50-54,211,Open,United States,36:04,,2:37:47,,1:50:02,5:15:05
2230,4408,Nilton César Leite,M45-49,283,Open,Brazil,39:01,,2:48:24,,1:36:45,5:15:05
2231,212,Simon Maignan,M40-44,370,Open,Switzerland,34:20,,2:50:34,,1:37:40,5:15:07
2232,4169,Dave Helsel,M45-49,284,Open,United States,28:23,,2:49:21,,1:47:49,5:15:09
2233,2455,Björn Antelmann,M55-59,114,Open,Switzerland,38:13,,2:39:46,,1:47:40,5:15:09
2234,3863,Andrew Miano,M18-24,118,Open,Australia,31:11,,2:44:56,,1:49:42,5:15:11
2235,4122,Federico Campana,M45-49,285,Open,Italy,34:03,,2:39:48,,1:51:29,5:15:12
2236,3457,Thibault Sorret,M25-29,297,Open,France,33:10,,2:40:11,,1:52:37,5:15:18
2237,2126,Kevin Lamb,M30-34,383,Open,United States,36:06,,2:46:56,,1:41:57,5:15:19
2238,2273,Adrian Carr,M60-64,16,Open,United Kingdom,30:57,,2:50:16,,1:45:58,5:15:20
2239,2713,Bruce Holmes,M55-59,115,Open,United States,36:04,,2:46:06,,1:42:08,5:15:21
2240,2268,James Congdon,M60-64,17,Open,United States,34:50,,2:45:37,,1:42:27,5:15:24
2241,577,Jeff Lear,M40-44,371,Open,United States,36:02,,2:41:07,,1:47:51,5:15:24
2242,4133,Marc Behring,M45-49,286,Open,Germany,39:32,,2:36:03,,1:50:58,5:15:27
2243,2173,Oleksandr Soldatenko,M30-34,384,Open,Ukraine,32:41,,2:51:07,,1:43:59,5:15:29
2244,2762,Marcus Jores,M55-59,116,Open,Germany,33:22,,2:29:18,,2:00:01,5:15:30
2245,2853,Rick Steele,M50-54,212,Open,United States,35:03,,2:44:37,,1:37:37,5:15:33
2246,1249,Ian Clark,M35-39,406,Open,United States,26:06,,2:42:31,,1:58:17,5:15:34
2247,3697,Kevin Betbeder,M25-29,298,Open,France,33:05,,2:49:07,,1:46:18,5:15:35
2248,1109,Roberto Cevallos,M35-39,407,Open,Ecuador,37:33,,2:49:47,,1:35:21,5:15:35
2249,1891,Steven Wert,M30-34,385,Open,United States,40:39,,2:49:30,,1:34:06,5:15:36
2250,4224,Matthew Nelson,M45-49,287,Open,United States,30:16,,2:43:51,,1:49:52,5:15:38
2251,2258,Paul Stedman,M60-64,18,Open,United States,36:21,,2:45:05,,1:43:33,5:15:43
2252,570,Samir Moussadyk,M40-44,372,Open,Morocco,32:47,,2:45:45,,1:46:14,5:15:46
2253,2854,Jake Steen,M50-54,213,Open,United States,39:01,,2:37:25,,1:49:32,5:15:46
2254,2956,David Mcilmoyl,M50-54,214,Open,Canada,38:21,,2:45:39,,1:43:20,5:15:48
2255,3010,Pascal Guerin,M50-54,215,Open,France,27:31,,2:37:28,,2:02:28,5:15:48
2256,351,Victor Sato,M40-44,373,Open,Brazil,36:45,,2:47:31,,1:39:12,5:15:49
2257,2093,Juan Francisco Vivero,M30-34,386,Open,Ecuador,39:42,,2:48:51,,1:37:10,5:15:50
2258,917,Pawel Mlodzikowski,M35-39,408,Open,Poland,29:40,,3:13:50,,1:26:03,5:15:52
2259,3056,Siegfried Droogmans,M50-54,216,Open,Belgium,39:35,,2:45:54,,1:40:34,5:15:53
2260,691,Felipe Enriquez,M40-44,374,Open,Mexico,29:03,,2:50:21,,1:46:18,5:15:56
2261,3977,Joshua Neal,M45-49,288,Open,United States,30:22,,2:50:08,,1:44:26,5:15:56
2262,3252,JACQUES TROTTIER,M50-54,217,Open,France,36:50,,2:45:46,,1:42:33,5:15:57
2263,747,Eric Elizondo,M40-44,375,Open,United States,35:05,,2:47:59,,1:40:01,5:15:58
2264,2503,Brad Ellis,M55-59,117,Open,United States,34:06,,2:37:37,,1:51:52,5:15:58
2265,1440,Santiago Allen,M35-39,409,Open,Argentina,35:28,,2:56:59,,1:33:16,5:16:04
2266,2198,John Kaiser,M30-34,387,Open,United States,28:23,,2:37:51,,2:01:24,5:16:05
2267,586,Erick Barquero,M40-44,376,Open,Costa Rica,39:51,,2:49:44,,1:30:32,5:16:07
2268,2855,Craig Strong,M50-54,218,Open,United States,31:00,,2:39:05,,1:53:27,5:16:07
2269,3665,Juan Berrio Millan,M25-29,299,Open,Colombia,28:10,,2:51:34,,1:42:02,5:16:09
2270,459,Jorge Centurion,M40-44,377,Open,Peru,34:52,,2:49:38,,1:40:54,5:16:10
2271,1264,Liam Coyle,M35-39,410,Open,Australia,33:27,,2:49:34,,1:42:47,5:16:11
2272,1802,Toby Finneran,M30-34,388,Open,United Kingdom,42:24,,2:42:23,,1:44:05,5:16:13
2273,458,Jared Picune,M40-44,378,Open,United States,38:28,,2:48:02,,1:35:07,5:16:13
2274,3094,Flavio De Simone,M50-54,219,Open,United States,38:47,,2:50:15,,1:35:55,5:16:14
2275,2943,Miguel Alvarez,M50-54,220,Open,Peru,38:24,,2:47:21,,1:40:32,5:16:16
2276,4060,Martin Adamczyk,M45-49,289,Open,Poland,40:27,,2:29:02,,1:53:51,5:16:19
2277,3339,Dylan Gauthier,M25-29,300,Open,United States,34:58,,2:40:54,,1:52:15,5:16:22
2278,2665,John Clubb,M55-59,118,Open,Canada,46:21,,2:47:50,,1:32:45,5:16:24
2279,296,Philipp Niemann,M40-44,379,Open,Germany,37:05,,2:44:51,,1:46:16,5:16:25
2280,2045,Larry Campo,M30-34,389,Open,Guatemala,38:30,,2:52:09,,1:35:30,5:16:29
2281,4249,Laurent Fargeton,M45-49,290,Open,France,34:24,,2:43:40,,1:47:14,5:16:29
2282,1895,Peter Thompson,M30-34,390,Open,United States,31:03,,2:38:15,,1:56:46,5:16:30
2283,1468,Bruno Almeida Lessa Castro,M35-39,411,Open,Brazil,31:58,,2:45:45,,1:46:19,5:16:31
2284,157,Juan Cuellar,M40-44,380,Open,Colombia,27:55,,2:51:12,,1:45:58,5:16:32
2285,3752,Jack Di Palo,M18-24,119,Open,United States,33:21,,2:53:47,,1:40:56,5:16:33
2286,468,Adrian Ooi,M40-44,381,Open,Singapore,35:27,,2:49:21,,1:42:32,5:16:33
2287,3441,Sem Eijwoudt,M25-29,301,Open,Netherlands,34:07,,2:42:51,,1:46:17,5:16:34
2288,466,Francois Chavet,M40-44,382,Open,France,35:52,,2:40:09,,1:42:42,5:16:38
2289,364,Tom Liddell,M40-44,383,Open,United States,40:45,,2:39:39,,1:46:40,5:16:39
2290,1991,Nils Dahl,M30-34,391,Open,United States,37:14,,2:40:06,,1:48:10,5:16:40
2291,4420,César Augusto Salazar Arenas,M45-49,291,Open,Colombia,33:03,,2:46:37,,1:48:49,5:16:44
2292,4392,Agustin Araya,M45-49,292,Open,United States,37:50,,2:47:48,,1:41:33,5:16:44
2293,2133,Justin Sauder,M30-34,392,Open,United States,33:40,,2:43:08,,1:52:13,5:16:47
2294,431,Rodrigo Carrillo,M40-44,384,Open,Mexico,39:52,,2:44:39,,1:36:44,5:16:48
2295,3292,Regis Brun,M50-54,221,Open,France,37:00,,2:45:01,,1:46:47,5:16:50
2296,3078,Roland Stessl,M50-54,222,Open,Austria,40:45,,2:39:58,,1:43:51,5:16:50
2297,2895,Roberto Federici,M50-54,223,Open,Italy,33:28,,2:44:49,,1:42:37,5:16:52
2298,483,Minas Malatos,M40-44,385,Open,Greece,33:39,,2:34:33,,1:56:10,5:16:54
2299,2272,Keith Hertel,M60-64,19,Open,United States,33:34,,2:40:36,,1:51:43,5:16:55
2300,4284,Michael Beck,M45-49,293,Open,Germany,36:24,,2:43:26,,1:48:19,5:16:57
2301,1932,Dustin Luck,M30-34,393,Open,Bermuda,36:50,,2:44:04,,1:46:50,5:16:59
2302,3244,Oliver Schotte,M50-54,224,Open,Germany,33:36,,2:44:46,,1:49:46,5:17:00
2303,3127,Curt Ehlinger,M50-54,225,Open,United States,35:21,,2:44:14,,1:47:00,5:17:00
2304,1151,Josh Rekoske,M35-39,412,Open,United States,35:42,,2:43:44,,1:47:11,5:17:05
2305,2924,Ricardo Hajjar,M50-54,226,Open,Brazil,35:27,,2:49:39,,1:42:02,5:17:08
2306,369,Chris Williams,M40-44,386,Open,United States,34:27,,2:46:42,,1:47:12,5:17:09
2307,2306,Jean Franchi,M60-64,20,Open,France,36:03,,2:42:50,,1:44:38,5:17:11
2308,2580,Jaime Dispenza,M55-59,119,Open,United States,33:55,,2:39:23,,1:51:09,5:17:13
2309,4070,Tatsuya Kawasaki,M45-49,294,Open,Japan,35:37,,2:53:00,,1:37:24,5:17:15
2310,2317,Ernst Woerlee,M60-64,21,Open,Netherlands,29:54,,2:46:00,,1:52:07,5:17:19
2311,3661,Spencer Williams,M25-29,302,Open,United States,34:18,,2:52:48,,1:42:13,5:17:20
2312,1804,Muhammad Bana,M30-34,394,Open,South Africa,40:04,,2:41:18,,1:48:52,5:17:20
2313,3931,Christopher Mosier,M45-49,295,Open,United States,34:46,,2:35:27,,1:51:52,5:17:21
2314,3113,Gustavo Guerrero,M50-54,227,Open,Argentina,36:18,,2:47:24,,1:43:35,5:17:22
2315,2002,Nicholas Dejohn,M30-34,395,Open,United States,36:24,,2:46:42,,1:45:36,5:17:23
2316,1011,Mark Castrovinci,M35-39,413,Open,United States,30:45,,2:42:02,,1:53:38,5:17:24
2317,723,Lars Hanschke,M40-44,387,Open,Mexico,31:56,,2:52:02,,1:39:57,5:17:24
2318,4015,Jonathan Sergerie,M45-49,296,Open,Canada,34:11,,2:55:14,,1:39:25,5:17:25
2319,2836,Fabian Gaffron,M50-54,228,Open,Germany,40:22,,2:31:39,,1:54:25,5:17:28
2320,649,Federico Pittaluga,M40-44,388,Open,Uruguay,32:10,,2:47:59,,1:44:49,5:17:29
2321,3657,Diogo Cacho,M25-29,303,Open,Portugal,34:47,,2:47:06,,1:44:44,5:17:30
2322,4260,Joel Rutledge,M45-49,297,Open,United States,33:17,,2:46:28,,1:47:06,5:17:31
2323,1481,Aaron Miller,M35-39,414,Open,United States,30:41,,2:44:17,,1:50:05,5:17:31
2324,3979,Michael KUMMER,M45-49,298,Open,Germany,33:18,,2:50:10,,1:42:45,5:17:35
2325,1310,Lucas Almitrani,M35-39,415,Open,Argentina,39:22,,2:36:31,,1:52:49,5:17:35
2326,3312,Jonathan Hoag,M50-54,229,Open,United States,33:22,,2:40:24,,1:54:41,5:17:41
2327,2408,Mark Knaeps,M60-64,22,Open,Belgium,35:08,,2:49:50,,1:41:39,5:17:43
2328,3381,Jordan Wergiles,M25-29,304,Open,United States,35:32,,2:50:43,,1:40:40,5:17:46
2329,3646,Sebastián González,M25-29,305,Open,Ecuador,37:39,,2:49:26,,1:40:55,5:17:47
2330,4318,Marek Scibior,M45-49,299,Open,Poland,38:08,,2:47:42,,1:41:19,5:17:48
2331,3923,Roberto Vergara,M45-49,300,Open,Ecuador,38:57,,2:41:40,,1:41:22,5:17:51
2332,753,Mariano Patricio Bucci,M40-44,389,Open,Argentina,32:38,,2:49:36,,1:44:30,5:17:51
2333,3579,Romain Bucaille,M25-29,306,Open,France,32:52,,2:45:16,,1:48:32,5:17:58
2334,4336,Michael Midmer,M45-49,301,Open,Canada,35:29,,2:41:32,,1:50:27,5:18:00
2335,1800,George Hellyer,M30-34,396,Open,United Kingdom,41:09,,2:42:48,,1:44:34,5:18:01
2336,215,Aleksi Varinen,M40-44,390,Open,Finland,36:46,,2:46:02,,1:45:36,5:18:02
2337,4111,Alejandro Menchaca,M45-49,302,Open,United States,37:47,,2:46:59,,1:39:05,5:18:03
2338,2601,Jim Borrens,M55-59,120,Open,Canada,38:12,,2:41:32,,1:48:19,5:18:04
2339,2476,Ken Ryder,M55-59,121,Open,United States,35:41,,2:48:42,,1:46:18,5:18:04
2340,4127,Steven Conroy,M45-49,303,Open,United States,38:31,,2:44:10,,1:45:21,5:18:06
2341,897,Ghaith Al Daker,M35-39,416,Open,Canada,34:51,,2:40:20,,1:50:35,5:18:07
2342,3953,Roberto Arias,M45-49,304,Open,Chile,35:41,,2:36:26,,1:57:16,5:18:07
2343,2988,Sean Staples,M50-54,230,Open,United States,38:11,,2:36:20,,1:47:40,5:18:12
2344,3015,Daniel Hill,M50-54,231,Open,United States,44:59,,2:29:18,,1:49:20,5:18:13
2345,139,Rodrigo Gomez Cuentas,M40-44,391,Open,Mexico,29:07,,3:00:08,,1:41:24,5:18:17
2346,2800,Scott Curry,M50-54,232,Open,Canada,32:45,,2:41:41,,1:55:33,5:18:18
2347,592,Adrien Beauvisage,M40-44,392,Open,France,39:03,,2:35:01,,1:48:23,5:18:21
2348,3723,Antoine Leroy,M25-29,307,Open,France,36:19,,2:47:00,,1:44:30,5:18:24
2349,220,Quique Rigo Zeballos,M40-44,393,Open,Argentina,30:38,,2:48:08,,1:50:57,5:18:24
2350,3375,Gregory Janousek,M25-29,308,Open,United States,44:56,,2:23:53,,2:00:06,5:18:26
2351,4124,Fernando Sosa,M45-49,305,Open,Puerto Rico,35:35,,2:48:38,,1:41:56,5:18:27
2352,2290,Ken Raupach,M60-64,23,Open,Australia,42:00,,2:42:43,,1:38:17,5:18:27
2353,2129,Bruno Caetano,M30-34,397,Open,Portugal,34:09,,2:53:01,,1:43:53,5:18:28
2354,984,Alexis Hamra,M35-39,417,Open,Argentina,34:41,,2:52:48,,1:40:43,5:18:28
2355,201,Christoph Franzke,M40-44,394,Open,Germany,35:54,,2:44:29,,1:47:51,5:18:29
2356,3960,Julien Cheron,M45-49,306,Open,Finland,39:14,,2:48:11,,1:41:37,5:18:31
2357,1892,Alexandre Delangue,M30-34,398,Open,France,31:29,,2:51:18,,1:46:35,5:18:31
2358,4207,Jérôme Dierickx,M45-49,307,Open,Luxembourg,36:33,,2:46:40,,1:43:00,5:18:34
2359,3254,Ovando Vazquez,M50-54,233,Open,Mexico,36:50,,2:54:09,,1:35:11,5:18:36
2360,3225,Jorge Alejandro Barla,M50-54,234,Open,Argentina,39:07,,2:47:51,,1:38:09,5:18:36
2361,4451,Pierangelo Menduni,M45-49,308,Open,Italy,37:45,,2:41:57,,1:47:15,5:18:37
2362,3045,Weiguo Xin,M50-54,235,Open,China,36:43,,2:44:32,,1:48:50,5:18:38
2363,2680,Stephan Kampe,M55-59,122,Open,Germany,32:45,,2:43:23,,1:52:57,5:18:40
2364,2755,Franz Pauker,M55-59,123,Open,Austria,37:56,,2:45:18,,1:45:20,5:18:41
2365,2414,Paul Huyer,M60-64,24,Open,Canada,41:35,,2:48:36,,1:34:49,5:18:41
2366,427,Martin Wabscheg,M40-44,395,Open,Austria,32:51,,2:44:51,,1:51:20,5:18:41
2367,2179,James Pierce,M30-34,399,Open,Canada,37:54,,2:42:12,,1:48:41,5:18:43
2368,3112,Julio Quassolo,M50-54,236,Open,Argentina,39:01,,2:49:08,,1:39:13,5:18:45
2369,3075,Paul Mason,M50-54,237,Open,United Kingdom,35:11,,2:52:56,,1:39:21,5:18:46
2370,681,Maximiliano Kalciyan,M40-44,396,Open,Armenia,36:22,,2:46:21,,1:39:41,5:18:53
2371,1720,Jacob Harman,M30-34,400,Open,United States,33:25,,2:52:13,,1:42:36,5:18:56
2372,724,Shawn Derby,M40-44,397,Open,United States,34:53,,2:39:47,,1:52:59,5:18:56
2373,147,Jeff Wascow,M40-44,398,Open,United States,36:47,,2:39:22,,1:52:12,5:19:01
2374,1473,Peter Lohrmann,M35-39,418,Open,United States,31:47,,2:39:57,,1:57:03,5:19:04
2375,4355,Alfonso Di Giulio,M45-49,309,Open,Italy,38:07,,2:38:58,,1:48:59,5:19:04
2376,3906,Mark Jaschke,M18-24,120,Open,United States,39:24,,2:40:17,,1:47:42,5:19:06
2377,3385,William Luders,M25-29,309,Open,Canada,33:44,,2:50:22,,1:45:03,5:19:11
2378,2274,Rob Wheeler,M60-64,25,Open,Canada,37:37,,2:37:53,,1:49:34,5:19:18
2379,3925,Gian Gey,M45-49,310,Open,France,35:13,,2:53:55,,1:38:58,5:19:23
2380,3129,Sean O'Donnell,M50-54,238,Open,United States,34:57,,2:45:35,,1:45:38,5:19:24
2381,3040,Alain Crottaz,M50-54,239,Open,Switzerland,34:14,,2:42:01,,1:52:50,5:19:25
2382,1922,Ricardo Chalfin,M30-34,401,Open,Brazil,33:04,,2:51:13,,1:43:18,5:19:30
2383,290,Vlad Dergunov,M40-44,399,Open,Ukraine,36:07,,2:47:17,,1:43:28,5:19:30
2384,3540,Hilton Dean,M25-29,310,Open,United States,30:07,,2:40:01,,2:00:49,5:19:31
2385,1332,Rafael Ramos Franco,M35-39,419,Open,Puerto Rico,37:22,,2:46:29,,1:44:47,5:19:32
2386,3178,John Meyerle,M50-54,240,Open,United States,37:55,,2:36:00,,1:52:15,5:19:33
2387,3750,Gerardo Del Valle,M18-24,121,Open,Mexico,36:47,,2:35:20,,2:00:08,5:19:36
2388,4079,Ben Johnstone,M45-49,311,Open,Australia,32:17,,2:51:35,,1:43:52,5:19:37
2389,3104,Stephane Grimard,M50-54,241,Open,France,34:11,,2:42:05,,1:52:38,5:19:40
2390,3448,Connor Niedbala,M25-29,311,Open,Canada,33:39,,2:48:52,,1:50:08,5:19:42
2391,3246,Stefan Hausharter,M50-54,242,Open,Austria,35:52,,2:37:25,,1:55:05,5:19:44
2392,3972,Jaime Reynoso Avila,M45-49,312,Open,Mexico,36:21,,2:51:29,,1:39:09,5:19:45
2393,2761,Denis Pozzo Di Borgo,M55-59,124,Open,France,33:46,,2:45:14,,1:47:21,5:19:45
2394,3166,Joseph Hicks,M50-54,243,Open,United States,36:33,,2:49:55,,1:41:33,5:19:45
2395,3141,Gilberto Gonzalez,M50-54,244,Open,Venezuela,28:03,,2:39:08,,2:03:32,5:19:45
2396,2057,Patrick Corrigan,M30-34,402,Open,United States,37:56,,2:57:24,,1:34:06,5:19:47
2397,2990,Matt Coleman,M50-54,245,Open,United States,34:49,,2:39:24,,1:55:03,5:19:48
2398,3314,Martin Andres Bayugar,M50-54,246,Open,Argentina,30:41,,2:38:42,,1:54:04,5:19:49
2399,4414,Steven Beach,M45-49,313,Open,Australia,33:53,,2:43:42,,1:52:03,5:19:49
2400,4017,Brad Albus,M45-49,314,Open,United States,31:47,,2:41:26,,1:45:53,5:19:52
2401,1146,Christian Kühn,M35-39,420,Open,Germany,34:27,,2:47:18,,1:46:02,5:19:53
2402,966,Nicholas Kukla,M35-39,421,Open,United States,32:05,,2:49:16,,1:44:34,5:19:53
2403,684,Dusan Zabrodsky,M40-44,400,Open,Czechia,36:11,,2:46:36,,1:41:22,5:19:54
2404,3053,Adam Czajkowski,M50-54,247,Open,Poland,33:17,,2:50:22,,1:46:45,5:19:55
2405,2446,Christopher Blair,M55-59,125,Open,United States,33:10,,2:35:58,,1:58:05,5:19:56
2406,235,Massimo La Gioia,M40-44,401,Open,Italy,32:07,,2:51:54,,1:41:35,5:19:57
2407,2558,Steven Behler,M55-59,126,Open,United States,33:49,,2:46:44,,1:47:26,5:19:58
2408,4128,Kevin Reiss,M45-49,315,Open,United States,38:48,,2:42:55,,1:46:17,5:19:58
2409,3567,Brandon Quibell,M25-29,312,Open,United States,34:01,,2:55:17,,1:38:59,5:20:01
2410,532,Brian Nothnagel,M40-44,402,Open,United States,35:12,,2:47:44,,1:43:38,5:20:03
2411,2226,Darryl Parry,M60-64,26,Open,Canada,35:01,,2:46:04,,1:51:14,5:20:04
2412,1666,Cameron Lampe,M30-34,403,Open,United States,34:08,,2:50:41,,1:45:12,5:20:10
2413,1371,Jamie Pons,M35-39,422,Open,South Africa,37:59,,2:39:26,,1:48:42,5:20:10
2414,2646,Dave Gesler,M55-59,127,Open,United States,30:59,,2:45:16,,1:49:56,5:20:12
2415,347,Todd Rice,M40-44,403,Open,Canada,35:40,,2:53:22,,1:36:04,5:20:12
2416,4293,Can Pettersen,M45-49,316,Open,Sweden,35:25,,2:48:44,,1:41:04,5:20:14
2417,3279,Ben Corkill,M50-54,248,Open,Australia,36:28,,2:49:47,,1:42:17,5:20:17
2418,2501,Michel Gusbin,M55-59,128,Open,Belgium,36:40,,2:45:43,,1:47:48,5:20:19
2419,2795,Jacek Popiela,M50-54,249,Open,Poland,40:10,,2:42:41,,1:47:54,5:20:19
2420,4245,Guillermo Samudio,M45-49,317,Open,Panama,33:27,,2:48:04,,1:47:54,5:20:24
2421,2431,Marcelo Conelli,M55-59,129,Open,Argentina,34:36,,2:59:07,,1:36:31,5:20:24
2422,1842,Marek Parkola,M30-34,404,Open,United Kingdom,36:35,,2:39:10,,1:55:58,5:20:26
2423,4243,Chris (Stewart) Mickler,M45-49,318,Open,United States,36:27,,2:43:50,,1:46:39,5:20:26
2424,2219,Phillip Macedo,M30-34,405,Open,Brazil,39:25,,2:44:06,,1:46:39,5:20:28
2425,2630,Peter Lloyd,M55-59,130,Open,United Kingdom,36:46,,2:38:38,,1:54:37,5:20:29
2426,1222,Julien Detroux,M35-39,423,Open,Belgium,34:43,,2:43:17,,1:50:13,5:20:31
2427,224,Darren Leslie,M40-44,404,Open,United States,29:34,,2:48:10,,1:54:40,5:20:35
2428,429,Travers Anderson,M40-44,405,Open,United States,33:55,,2:50:52,,1:45:04,5:20:36
2429,3633,Adam Richard,M25-29,313,Open,United States,42:28,,2:47:01,,1:41:28,5:20:38
2430,3235,Olivier Fichaux,M50-54,250,Open,France,36:04,,2:46:18,,1:48:35,5:20:38
2431,3290,Erik Gumabon,M50-54,251,Open,Sweden,35:09,,2:49:22,,1:44:00,5:20:43
2432,2874,Jochen Diederichs,M50-54,252,Open,Germany,37:06,,2:42:13,,1:52:30,5:20:44
2433,2401,Jeff Cuddeback,M60-64,27,Open,United States,28:43,,2:48:10,,1:53:23,5:20:45
2434,1315,Mirko Noviello,M35-39,424,Open,Italy,38:12,,2:41:59,,1:49:38,5:20:46
2435,4182,Sergio Gaytan,M45-49,319,Open,Mexico,36:30,,2:48:20,,1:46:54,5:20:50
2436,2892,Brad Magrath,M50-54,253,Open,United States,32:12,,2:46:03,,1:48:28,5:20:51
2437,1119,Andreas Neuhauser,M35-39,425,Open,Germany,33:34,,2:50:32,,1:45:58,5:20:53
2438,3725,William Denman,M25-29,314,Open,United States,31:05,,2:35:58,,2:02:47,5:20:53
2439,2634,Franck Chesnay,M55-59,131,Open,France,35:49,,2:56:54,,1:40:15,5:20:54
2440,680,Ben Hokanson,M40-44,406,Open,United States,33:53,,2:40:52,,1:56:28,5:20:55
2441,2533,Peter Bockholt,M55-59,132,Open,Germany,35:24,,2:47:20,,1:45:12,5:20:58
2442,4391,Pablo Agustin Florensa,M45-49,320,Open,Argentina,29:52,,2:48:23,,1:51:54,5:21:01
2443,174,Russell Fitzgerald,M40-44,407,Open,Australia,38:36,,2:48:32,,1:44:15,5:21:01
2444,2429,Ted Schultz,M55-59,133,Open,United States,35:20,,2:38:37,,1:50:05,5:21:05
2445,2764,Andres Croxatto,M55-59,134,Open,Chile,35:46,,2:46:57,,1:49:08,5:21:10
2446,1039,Tyler Anderson,M35-39,426,Open,United States,33:31,,2:42:03,,1:53:25,5:21:10
2447,4041,Ivar-Illimar Ots,M45-49,321,Open,Estonia,35:25,,2:40:13,,1:54:24,5:21:11
2448,3517,Quentin Chistmann,M25-29,315,Open,France,38:21,,2:48:13,,1:45:57,5:21:12
2449,1079,Matthew Fuller,M35-39,427,Open,United States,45:13,,2:37:19,,1:45:42,5:21:14
2450,2830,Dean Ives,M50-54,254,Open,Canada,32:43,,2:46:59,,1:50:35,5:21:14
2451,2479,James Parks,M55-59,135,Open,United States,40:10,,2:40:50,,1:48:22,5:21:16
2452,3165,Stefan Glaser,M50-54,255,Open,Germany,36:35,,2:46:19,,1:48:00,5:21:17
2453,2843,Danny Broetzmann,M50-54,256,Open,United States,38:18,,2:39:24,,1:52:33,5:21:24
2454,2282,Brian Scharkey,M60-64,28,Open,United States,33:41,,2:49:42,,1:44:09,5:21:27
2455,3181,Kenneth Thomson,M50-54,257,Open,United States,39:48,,2:50:08,,1:37:49,5:21:28
2456,3618,Benjamin Marion,M25-29,316,Open,Canada,33:11,,2:48:26,,1:52:00,5:21:32
2457,1082,Kevin Mcgill,M35-39,428,Open,Canada,37:41,,2:51:23,,1:42:37,5:21:32
2458,2193,Darren Bolduc,M30-34,406,Open,Canada,39:31,,2:49:44,,1:42:44,5:21:33
2459,1886,Michael MULLER,M30-34,407,Open,United States,36:59,,2:38:58,,1:54:58,5:21:37
2460,2574,Allan Faulds,M55-59,136,Open,Canada,37:07,,2:53:19,,1:39:19,5:21:38
2461,2966,Stefano Manfredi,M50-54,258,Open,Italy,34:01,,2:39:40,,1:59:56,5:21:42
2462,1936,Tom Simons,M30-34,408,Open,Netherlands,35:35,,2:44:49,,1:53:24,5:21:43
2463,4296,Jason Izworski,M45-49,322,Open,United States,41:54,,2:44:14,,1:46:15,5:21:43
2464,2324,Vincent Ortiz,M60-64,29,Open,United States,35:56,,2:44:51,,1:46:33,5:21:44
2465,2077,Francesc Lucena Juve,M30-34,409,Open,Spain,33:20,,2:38:28,,2:02:07,5:21:46
2466,2292,Erwin Bruninx,M60-64,30,Open,Belgium,41:55,,2:43:00,,1:46:21,5:21:46
2467,2144,Tyler Sherrill,M30-34,410,Open,United States,37:01,,2:41:34,,1:52:41,5:21:46
2468,2714,Mats Atterving,M55-59,137,Open,Sweden,30:19,,2:52:09,,1:47:38,5:21:50
2469,1663,Gaelen Guzman,M30-34,411,Open,United States,37:26,,2:39:08,,1:54:17,5:21:51
2470,3062,Loic Pimont,M50-54,259,Open,France,34:48,,2:46:30,,1:51:55,5:21:57
2471,1478,Connor Fitzgerald,M35-39,429,Open,United States,37:40,,2:49:25,,1:42:52,5:21:58
2472,2040,Michael Cooper,M30-34,412,Open,United States,29:20,,2:58:28,,1:45:52,5:21:58
2473,4187,Arnon De Mello,M45-49,323,Open,Brazil,34:12,,2:52:35,,1:43:14,5:21:58
2474,1366,Ricardo Reynaldo Coutinho,M35-39,430,Open,Brazil,32:02,,2:57:33,,1:39:55,5:21:59
2475,4235,Sanchez Hidalgo Arturo,M45-49,324,Open,Mexico,33:35,,3:00:01,,1:37:55,5:22:00
2476,2859,Kyle Miersma,M50-54,260,Open,Canada,33:26,,2:51:34,,1:41:17,5:22:00
2477,2858,Tomas Ibanez,M50-54,261,Open,Spain,37:39,,2:57:00,,1:38:02,5:22:00
2478,4345,Markus Zuber,M45-49,325,Open,Germany,37:05,,2:51:41,,1:42:16,5:22:06
2479,3407,Matthew Spencer,M25-29,317,Open,United Kingdom,30:52,,2:44:50,,1:57:06,5:22:07
2480,2911,Mathias Wärja,M50-54,262,Open,Sweden,37:14,,2:44:57,,1:49:04,5:22:07
2481,1387,Rafa Moreno,M35-39,431,Open,Spain,33:05,,2:55:56,,1:41:47,5:22:11
2482,1727,Yvan Carminati,M30-34,413,Open,France,33:07,,2:54:41,,1:44:49,5:22:12
2483,4347,Don Pennington,M45-49,326,Open,United States,33:34,,2:50:37,,1:47:08,5:22:12
2484,4506,Victor Garibay,M45-49,327,Open,United States,32:15,,2:41:38,,1:57:00,5:22:14
2485,411,Warwick Van Breda,M40-44,408,Open,South Africa,33:35,,2:42:35,,1:56:34,5:22:15
2486,1034,Richard Wild,M35-39,432,Open,Zimbabwe,39:12,,2:52:34,,1:38:46,5:22:15
2487,4510,Cedric Leneau,M45-49,328,Open,Belgium,32:37,,2:45:22,,1:55:33,5:22:22
2488,3610,Achille Leplat,M25-29,318,Open,France,36:30,,2:41:46,,1:52:42,5:22:23
2489,2113,Nathan Quadrio,M30-34,414,Open,Italy,35:39,,2:56:18,,1:40:33,5:22:26
2490,436,Sean Mccormack,M40-44,409,Open,United States,26:02,,2:57:00,,1:46:22,5:22:28
2491,902,Fausto Buenfil,M35-39,433,Open,Mexico,31:59,,2:40:19,,1:55:30,5:22:31
2492,3449,Marco Bustamante-Nadeau,M25-29,319,Open,United States,34:33,,2:57:48,,1:41:46,5:22:31
2493,3170,Fabio Carota,M50-54,263,Open,Italy,36:16,,2:41:35,,1:52:08,5:22:33
2494,1018,Edgar Ibanez,M35-39,434,Open,Mexico,35:45,,2:51:53,,1:45:28,5:22:34
2495,4292,Oleksandr Golovatyi,M45-49,329,Open,Ukraine,33:38,,2:48:30,,1:51:56,5:22:38
2496,4180,Chris Elmore,M45-49,330,Open,United States,31:50,,2:52:27,,1:48:10,5:22:38
2497,1120,Stefano Bulgarelli,M35-39,435,Open,Italy,34:47,,2:36:18,,1:57:39,5:22:41
2498,3238,Gerard Pinon,M50-54,264,Open,Mexico,32:48,,2:43:01,,1:52:18,5:22:41
2499,2933,Thorsten Wagener,M50-54,265,Open,Germany,36:49,,2:46:15,,1:46:32,5:22:42
2500,749,Mark Williams,M40-44,410,Open,Canada,33:31,,2:50:44,,1:48:14,5:22:42
2501,4305,Shay Eskew,M45-49,331,Open,United States,44:48,,2:39:32,,1:47:31,5:22:42
2502,361,Nick Logan,M40-44,411,Open,United States,34:25,,2:44:44,,1:53:58,5:22:44
2503,2254,Vincent Hassel,M60-64,31,Open,United States,36:15,,2:43:05,,1:52:18,5:22:45
2504,1209,Gerardo Ramirez,M35-39,436,Open,Mexico,41:41,,2:53:39,,1:34:20,5:22:46
2505,4018,Tom Hanselman,M45-49,332,Open,United States,42:08,,2:44:01,,1:42:47,5:22:47
2506,1964,Alexis Massard,M30-34,415,Open,France,35:01,,2:35:19,,2:00:12,5:22:51
2507,3095,Scott White,M50-54,266,Open,United States,30:03,,2:49:42,,1:50:38,5:22:57
2508,2552,Manuel Narvaez,M55-59,138,Open,Spain,33:49,,2:48:59,,1:47:12,5:22:57
2509,1266,Artur Mikolajewski,M35-39,437,Open,Poland,32:07,,2:38:19,,2:00:13,5:23:00
2510,1905,Dan Farrell,M30-34,416,Open,United States,31:00,,2:47:45,,1:50:15,5:23:00
2511,2706,Ronan Leboulch,M55-59,139,Open,France,33:30,,2:43:35,,1:55:16,5:23:02
2512,3885,Brad Robison,M18-24,122,Open,United States,25:14,,2:53:15,,1:56:38,5:23:03
2513,4005,Walter Haslwanter,M45-49,333,Open,Austria,33:51,,2:40:40,,2:00:17,5:23:04
2514,424,Bruno Tupinamba,M40-44,412,Open,Brazil,43:11,,2:44:08,,1:39:59,5:23:06
2515,1849,Mike McIntyre,M30-34,417,Open,United States,34:20,,2:47:21,,1:51:23,5:23:16
2516,2170,Antoine Le Nue,M30-34,418,Open,France,33:02,,2:51:34,,1:49:18,5:23:20
2517,4036,Cezar Sandu,M45-49,334,Open,United States,37:49,,2:42:10,,1:53:46,5:23:20
2518,2994,John Uribe,M50-54,267,Open,Colombia,46:22,,2:42:43,,1:42:43,5:23:23
2519,4377,Keith Norsym,M45-49,335,Open,United States,37:00,,2:41:16,,1:51:55,5:23:23
2520,1339,Victor Han,M35-39,438,Open,Brazil,36:19,,2:42:06,,1:50:55,5:23:24
2521,3971,Arturo Busto Herrejon,M45-49,336,Open,Mexico,33:33,,2:47:30,,1:51:32,5:23:28
2522,4454,Mike Mcneil,M45-49,337,Open,Canada,37:40,,2:45:00,,1:48:44,5:23:29
2523,3126,Krzysztof Branny,M50-54,268,Open,Poland,34:39,,2:50:28,,1:48:28,5:23:31
2524,1324,Willy Larreal,M35-39,439,Open,Venezuela,35:52,,2:48:11,,1:48:08,5:23:35
2525,4521,Arnaud Baudouin,M45-49,338,Open,France,44:47,,2:40:20,,1:48:48,5:23:36
2526,354,Mathieu Bancarel,M40-44,413,Open,France,30:12,,2:34:14,,2:05:51,5:23:40
2527,2185,Daniel Rodriguez,M30-34,419,Open,Colombia,37:28,,2:47:35,,1:48:35,5:23:41
2528,4287,Patrick Cavanagh,M45-49,339,Open,Canada,34:50,,2:53:07,,1:43:57,5:23:41
2529,2351,Tanguy Dadon,M60-64,32,Open,France,42:06,,2:47:18,,1:44:25,5:23:43
2530,313,Adam Phillips,M40-44,414,Open,Australia,35:59,,2:51:39,,1:39:17,5:23:44
2531,2354,Stuart Lee Martin,M60-64,33,Open,United Kingdom,38:11,,2:47:01,,1:47:49,5:23:45
2532,395,Jose Tapia Flor,M40-44,415,Open,Ecuador,38:16,,2:53:03,,1:42:12,5:23:48
2533,4466,Kemp Conrad,M45-49,340,Open,United States,35:46,,2:49:51,,1:50:08,5:23:55
2534,3002,Casimir Bamberger,M50-54,269,Open,Germany,33:41,,2:43:42,,1:54:20,5:23:55
2535,3008,Stefan Lippels,M50-54,270,Open,Germany,43:08,,2:44:39,,1:44:22,5:23:56
2536,1320,Henry Holt,M35-39,440,Open,United States,38:46,,2:47:54,,1:47:03,5:23:56
2537,4326,Marco Lopez,M45-49,341,Open,Italy,33:15,,2:39:17,,2:02:12,5:23:58
2538,365,Ricky Guadarrama,M40-44,416,Open,United States,35:43,,2:59:09,,1:38:17,5:23:58
2539,2035,Steven Mcalpine,M30-34,420,Open,United States,39:36,,2:45:00,,1:48:32,5:23:58
2540,3779,Yoejan Prudente,M18-24,123,Open,Philippines,34:12,,2:46:29,,1:50:39,5:23:58
2541,4330,Denis Sabba,M45-49,342,Open,Italy,36:54,,2:58:38,,1:35:56,5:23:59
2542,4487,Charlie Wheatley,M45-49,343,Open,Australia,33:21,,2:48:28,,1:46:23,5:24:00
2543,2447,Bob Harris,M55-59,140,Open,United States,36:06,,2:43:09,,1:52:29,5:24:00
2544,2507,Cameron Townsend,M55-59,141,Open,United States,39:29,,2:45:25,,1:47:34,5:24:01
2545,1704,Nikolas Remé,M30-34,421,Open,Germany,33:14,,2:40:13,,1:59:28,5:24:01
2546,3989,Dan O'Callaghan,M45-49,344,Open,United States,35:48,,2:38:45,,2:00:35,5:24:08
2547,280,Jesús Soto Muller,M40-44,417,Open,Mexico,31:02,,3:01:14,,1:39:12,5:24:08
2548,3081,Roy Mcbeth,M50-54,271,Open,Canada,31:11,,2:29:09,,2:10:30,5:24:09
2549,4046,Ryan Meek,M45-49,345,Open,United States,36:38,,2:50:24,,1:46:31,5:24:12
2550,3268,Scott Zelkin,M50-54,272,Open,United States,36:20,,2:44:25,,1:50:07,5:24:12
2551,2667,David Anthony,M55-59,142,Open,United States,37:39,,2:33:44,,1:59:38,5:24:14
2552,743,Jonathan Yones,M40-44,418,Open,United States,41:59,,2:55:34,,1:35:07,5:24:15
2553,2588,Timothy Wilson,M55-59,143,Open,United States,36:08,,2:46:54,,1:50:57,5:24:17
2554,752,Massimo Rampado,M40-44,419,Open,Italy,32:31,,2:44:08,,1:53:41,5:24:22
2555,2275,Bruno Carbonne,M60-64,34,Open,France,37:19,,2:49:29,,1:45:05,5:24:22
2556,2328,Michael Re,M60-64,35,Open,United States,38:04,,2:50:08,,1:44:07,5:24:22
2557,2818,Peter Walter,M50-54,273,Open,Germany,40:33,,2:41:39,,1:52:17,5:24:23
2558,4479,Mathias Rinaldo,M45-49,346,Open,Sweden,44:06,,2:35:34,,1:52:54,5:24:23
2559,659,Falko Scheller,M40-44,420,Open,Germany,37:01,,2:50:46,,1:45:27,5:24:24
2560,2228,Bruce Stewart,M60-64,36,Open,Australia,32:08,,2:56:01,,1:45:30,5:24:24
2561,2065,Marek Nehasil,M30-34,422,Open,Czechia,37:17,,2:55:10,,1:42:37,5:24:26
2562,2227,Peter Uhl,M60-64,37,Open,Germany,36:08,,2:51:11,,1:47:27,5:24:27
2563,2925,Brendan Mcmahon,M50-54,274,Open,Australia,34:25,,2:43:58,,1:58:03,5:24:32
2564,3553,Marwan Fawaz,M25-29,320,Open,Lebanon,33:01,,2:52:17,,1:47:39,5:24:33
2565,4314,Alexandre Perez,M45-49,347,Open,Brazil,40:34,,2:33:53,,1:56:59,5:24:36
2566,3624,Luis Guilherme Castello Branco,M25-29,321,Open,Brazil,31:45,,2:31:34,,2:10:44,5:24:41
2567,2852,Barry Tait,M50-54,275,Open,United Kingdom,41:16,,2:54:33,,1:38:34,5:24:41
2568,2786,Carl Clark,M55-59,144,Open,United States,36:22,,2:43:14,,1:54:00,5:24:41
2569,3945,Andrew Ritter,M45-49,348,Open,Australia,28:09,,2:47:04,,1:54:20,5:24:45
2570,4086,Alexander Hasler,M45-49,349,Open,Switzerland,32:36,,2:58:09,,1:46:02,5:24:46
2571,4093,Andrea Dirani,M45-49,350,Open,Italy,36:04,,2:51:49,,1:43:28,5:24:47
2572,190,Jonathan Smith,M40-44,421,Open,United States,33:50,,2:50:39,,1:48:17,5:24:56
2573,3639,Robert Van Kirk,M25-29,322,Open,United States,25:36,,2:35:15,,2:14:47,5:25:01
2574,2978,Billy Harkin,M50-54,276,Open,Ireland,35:16,,2:46:07,,1:51:53,5:25:04
2575,2543,Thomas Gessner,M55-59,145,Open,Germany,36:24,,2:51:44,,1:42:42,5:25:06
2576,1796,Ryan Seerley,M30-34,423,Open,United States,39:13,,2:55:44,,1:39:35,5:25:07
2577,2736,Louis-Rémi De Ybarlucea,M55-59,146,Open,France,31:17,,2:52:15,,1:50:08,5:25:07
2578,1421,Malcolm Fraser,M35-39,441,Open,South Africa,38:48,,2:56:05,,1:40:37,5:25:07
2579,911,Yusuke Terada,M35-39,442,Open,Japan,34:03,,3:05:17,,1:34:45,5:25:11
2580,3258,Steven Schmaedeke,M50-54,277,Open,United States,29:56,,2:49:53,,1:52:18,5:25:16
2581,373,Marc Bielik,M40-44,422,Open,Switzerland,38:24,,2:42:52,,1:47:59,5:25:19
2582,4349,Andrew Holmes,M45-49,351,Open,Canada,34:32,,2:55:50,,1:45:46,5:25:20
2583,456,Chris Donlon,M40-44,423,Open,United States,34:50,,2:40:36,,1:59:42,5:25:24
2584,2819,Douglas Fremdling,M50-54,278,Open,United States,34:25,,2:40:00,,2:00:21,5:25:26
2585,4242,David Marques,M45-49,352,Open,Puerto Rico,42:20,,2:44:21,,1:47:45,5:25:27
2586,2623,Marco Amedeo Rugen,M55-59,147,Open,Italy,37:29,,2:50:34,,1:45:14,5:25:31
2587,3176,Jens Sydor,M50-54,279,Open,United States,38:33,,2:48:21,,1:46:44,5:25:33
2588,3299,Ivan Tucker,M50-54,280,Open,United States,43:02,,2:41:37,,1:49:22,5:25:34
2589,4404,Istvan Ilyes,M45-49,353,Open,Denmark,36:58,,2:41:15,,1:59:39,5:25:38
2590,4373,Jean-Claude Constandse,M45-49,354,Open,Mexico,32:20,,2:45:26,,1:59:40,5:25:38
2591,995,Scott Kadous,M35-39,443,Open,United States,44:14,,2:47:49,,1:41:57,5:25:40
2592,3241,Marco Papaleo,M50-54,281,Open,United States,34:11,,2:43:36,,1:57:08,5:25:40
2593,4170,John Roche,M45-49,355,Open,United States,38:10,,2:43:22,,1:54:27,5:25:42
2594,3192,Henrik Joelsson,M50-54,282,Open,Sweden,32:33,,2:48:43,,1:55:06,5:25:43
2595,1466,Szymon Modelski,M35-39,444,Open,Poland,37:32,,2:38:53,,1:59:13,5:25:44
2596,2595,Troy Black,M55-59,148,Open,United States,44:34,,2:45:30,,1:44:26,5:25:45
2597,4552,Paolo Gaias,M45-49,356,Open,Italy,35:38,,2:56:55,,1:43:19,5:25:47
2598,3891,Garret Blunt,M18-24,124,Open,Canada,40:56,,2:40:03,,1:55:07,5:25:48
2599,405,Jordi Cànovas,M40-44,424,Open,Spain,36:43,,3:02:16,,1:35:04,5:25:49
2600,3148,Bob Crane,M50-54,283,Open,Canada,34:07,,3:01:13,,1:42:44,5:25:50
2601,3088,Ewan Cameron,M50-54,284,Open,United Kingdom,35:03,,2:43:48,,1:56:04,5:25:50
2602,611,Alexandre Machado,M40-44,425,Open,Brazil,35:05,,2:46:09,,1:52:53,5:25:50
2603,2391,Andrew Kirk,M60-64,38,Open,United States,35:18,,2:49:50,,1:46:27,5:25:51
2604,1307,Brandon Rouse,M35-39,445,Open,United States,37:50,,2:45:05,,1:52:47,5:25:52
2605,3969,Ruben Ortiz,M45-49,357,Open,Spain,34:03,,2:56:50,,1:43:00,5:25:52
2606,1555,Guy Talbot Nottingham,M65-69,3,Open,South Africa,37:57,,2:44:10,,1:54:00,5:25:56
2607,2370,Mark Malone,M60-64,39,Open,United States,38:44,,2:48:15,,1:45:47,5:25:56
2608,3250,Manuel Lopes,M50-54,285,Open,France,42:38,,2:50:52,,1:41:12,5:25:58
2609,3928,Chip Heyser,M45-49,358,Open,United States,32:18,,2:54:50,,1:45:21,5:25:58
2610,3295,Bryan Baker,M50-54,286,Open,United States,32:23,,2:46:21,,1:55:53,5:26:03
2611,2559,Jose Mauricio Castro Ortiz,M55-59,149,Open,Colombia,39:53,,2:47:31,,1:49:00,5:26:03
2612,4435,Lionel Viguie,M45-49,359,Open,France,42:17,,2:51:29,,1:42:43,5:26:07
2613,490,Thomas Vogler,M40-44,426,Open,Switzerland,36:58,,2:45:15,,1:50:48,5:26:09
2614,3289,Stephane Denis,M50-54,287,Open,Canada,36:36,,2:45:28,,1:52:50,5:26:12
2615,4508,Vito Tagliente,M45-49,360,Open,Italy,36:24,,2:50:06,,1:44:39,5:26:23
2616,2611,Philippe gregot,M55-59,150,Open,France,35:30,,2:41:17,,1:57:30,5:26:24
2617,2979,Alexander Beer,M50-54,288,Open,Germany,37:52,,2:40:45,,1:52:55,5:26:25
2618,4469,Douglas Hardy,M45-49,361,Open,United States,41:12,,2:48:50,,1:48:09,5:26:27
2619,3168,Robert Whyte,M50-54,289,Open,Ireland,40:14,,2:49:39,,1:44:42,5:26:29
2620,4389,Jay Meadows,M45-49,362,Open,United States,35:35,,2:36:36,,2:01:29,5:26:34
2621,2451,Thierry Malherbe,M55-59,151,Open,France,37:48,,2:51:06,,1:46:38,5:26:34
2622,4130,Tomas Gortari,M45-49,363,Open,Argentina,35:12,,2:52:29,,1:46:29,5:26:34
2623,2488,Chris Liou,M55-59,152,Open,United States,37:16,,2:44:38,,1:48:50,5:26:35
2624,2950,Laurent Giafaglione,M50-54,290,Open,France,37:46,,2:47:17,,1:53:23,5:26:37
2625,2669,Keith Melvin,M55-59,153,Open,United States,33:22,,2:54:03,,1:48:17,5:26:38
2626,3183,Shawn Mccoy,M50-54,291,Open,United States,38:29,,2:46:54,,1:48:12,5:26:41
2627,3586,Marquez Swiger,M25-29,323,Open,United States,36:04,,2:52:35,,1:42:58,5:26:46
2628,391,Ryan Sherlock,M40-44,427,Open,United Kingdom,33:15,,2:45:44,,1:54:36,5:26:47
2629,2596,Klaus Schug,M55-59,154,Open,Germany,33:45,,2:44:12,,1:57:57,5:26:47
2630,2897,Fabio Amoroso,M50-54,292,Open,Brazil,35:07,,2:48:57,,1:47:12,5:26:48
2631,1937,Martin Behrens,M30-34,424,Open,Germany,39:57,,2:46:19,,1:47:22,5:26:49
2632,195,Zach Shore,M40-44,428,Open,United States,37:11,,2:51:14,,1:45:35,5:26:50
2633,2460,Eduardo Yulita,M55-59,155,Open,Argentina,41:57,,2:50:17,,1:44:27,5:26:52
2634,1732,David Martino,M30-34,425,Open,United States,29:47,,2:43:36,,2:06:29,5:26:53
2635,2468,Skip Schott,M55-59,156,Open,United States,33:30,,2:56:32,,1:43:59,5:26:53
2636,1537,Tom Monica,M65-69,4,Open,United States,29:45,,2:49:55,,1:52:10,5:26:54
2637,3563,Austin Lamon,M25-29,324,Open,United States,35:19,,2:53:18,,1:50:16,5:26:56
2638,1756,Skylar Morrill,M30-34,426,Open,United States,39:40,,2:52:02,,1:42:33,5:27:04
2639,3976,Andrew Oldroyd,M45-49,364,Open,United States,45:23,,2:44:59,,1:47:19,5:27:06
2640,888,Gleb Khorash,M35-39,446,Open,Israel,37:29,,2:53:11,,1:35:38,5:27:09
2641,3798,Caden Mcquhae,M18-24,125,Open,United States,40:47,,2:35:09,,1:58:43,5:27:11
2642,3220,David Gile,M50-54,293,Open,United States,34:24,,2:55:46,,1:44:12,5:27:11
2643,1413,Luis Diego Ramirez,M35-39,447,Open,Costa Rica,32:12,,2:52:41,,1:50:29,5:27:13
2644,2907,Remi Cichosz,M50-54,294,Open,Poland,40:44,,2:42:20,,1:53:02,5:27:19
2645,4027,Ronny Steil,M45-49,365,Open,Luxembourg,35:32,,2:40:45,,2:00:40,5:27:23
2646,2486,Francois Delaporte,M55-59,157,Open,Saint Martin,38:21,,2:50:09,,1:43:59,5:27:29
2647,4009,Rafael Vieira,M45-49,366,Open,Brazil,35:11,,2:51:27,,1:48:01,5:27:30
2648,4496,Patricio Vasquez,M45-49,367,Open,Chile,35:29,,2:48:19,,1:53:10,5:27:40
2649,2690,Lionel Jean,M55-59,158,Open,France,36:43,,2:48:22,,1:49:47,5:27:41
2650,971,Taylor Walsh,M35-39,448,Open,United States,32:06,,2:50:21,,1:55:18,5:27:41
2651,1418,Christopher Weller,M35-39,449,Open,United States,36:46,,2:46:12,,1:49:13,5:27:41
2652,3255,Luis Bonilla,M50-54,295,Open,Mexico,37:07,,2:42:33,,1:57:18,5:27:41
2653,671,Jacques Funel,M40-44,429,Open,France,37:16,,2:45:23,,1:54:01,5:27:42
2654,3019,Elmar Sprink,M50-54,296,Open,Germany,36:44,,2:47:19,,1:48:41,5:27:42
2655,516,David Beggs,M40-44,430,Open,Ireland,34:25,,2:53:20,,1:48:04,5:27:43
2656,4273,Ricardo Alvarado,M45-49,368,Open,Puerto Rico,36:47,,2:51:11,,1:50:55,5:27:45
2657,509,Glenn Ikeda,M40-44,431,Open,Canada,35:12,,2:52:46,,1:45:31,5:27:45
2658,4436,Iain Yarranton,M45-49,369,Open,United Kingdom,30:59,,2:41:45,,1:57:47,5:27:51
2659,4276,Eddie Hirst,M45-49,370,Open,United Kingdom,33:17,,2:49:23,,1:53:11,5:27:54
2660,1898,Seth Hinckley,M30-34,427,Open,United States,31:46,,2:46:49,,1:56:39,5:27:54
2661,3841,Salem Jamal,M18-24,126,Open,United Arab Emirates,33:27,,2:54:56,,1:50:33,5:27:55
2662,3172,Peter Biro,M50-54,297,Open,United States,32:37,,2:43:21,,1:59:03,5:27:57
2663,4190,David Conner,M45-49,371,Open,United States,37:20,,2:49:39,,1:49:05,5:27:59
2664,1439,Darryl Parulan,M35-39,450,Open,Philippines,37:58,,2:49:38,,1:50:16,5:27:59
2665,228,Arnaud Demoncheaux,M40-44,432,Open,France,43:06,,2:36:13,,1:52:13,5:28:05
2666,175,Tom Fleck,M40-44,433,Open,United States,37:10,,2:36:26,,2:03:21,5:28:05
2667,555,Gergo Sandor,M40-44,434,Open,Hungary,32:51,,2:49:47,,1:54:02,5:28:05
2668,4095,Hervé Sourisseau,M45-49,372,Open,Switzerland,35:21,,2:58:38,,1:43:46,5:28:06
2669,2253,Mark Ford,M60-64,40,Open,United States,32:59,,2:59:47,,1:42:17,5:28:07
2670,4016,Michael Dwyer,M45-49,373,Open,United States,38:40,,2:40:31,,1:58:25,5:28:10
2671,1833,Bram Van Engelen,M30-34,428,Open,Netherlands,36:43,,2:49:26,,1:51:52,5:28:11
2672,2640,Bob Schaller,M55-59,159,Open,United States,38:44,,2:53:38,,1:42:45,5:28:13
2673,548,Jeffrey Zwit,M40-44,435,Open,United States,33:52,,2:53:12,,1:48:17,5:28:20
2674,2937,Libor Vanicek,M50-54,298,Open,Czechia,36:59,,2:46:45,,1:51:37,5:28:21
2675,3080,Todd Malcolm,M50-54,299,Open,Canada,32:14,,2:56:20,,1:48:23,5:28:23
2676,4033,David Taylor,M45-49,374,Open,United States,42:19,,2:50:56,,1:42:13,5:28:27
2677,964,Paul Friener,M35-39,451,Open,United States,35:51,,2:46:36,,1:55:35,5:28:31
2678,3219,Steven Camacho,M50-54,300,Open,United States,36:26,,2:52:03,,1:46:32,5:28:31
2679,367,James Rowe,M40-44,436,Open,United States,35:18,,2:53:40,,1:47:34,5:28:35
2680,2860,Marco Stadler,M50-54,301,Open,Switzerland,39:08,,2:46:35,,1:47:22,5:28:35
2681,3092,Philip Middleton,M50-54,302,Open,United States,34:44,,2:44:23,,1:49:34,5:28:36
2682,986,Lucas Xavier Leguizamon,M35-39,452,Open,Argentina,33:38,,3:00:24,,1:39:31,5:28:37
2683,578,Gonzalo Ortega,M40-44,437,Open,Spain,37:49,,3:07:02,,1:28:20,5:28:40
2684,4337,Michael Guswiler,M45-49,375,Open,United States,38:10,,2:50:47,,1:47:50,5:28:44
2685,169,Matt Miron,M40-44,438,Open,United States,40:11,,2:38:46,,1:58:26,5:28:44
2686,3188,Joe Dorff,M50-54,303,Open,United States,37:26,,2:55:55,,1:44:17,5:28:47
2687,2528,Christian Flarup,M55-59,160,Open,Denmark,36:30,,2:49:30,,1:52:56,5:28:47
2688,497,Scott Lutz,M40-44,439,Open,United States,32:46,,2:49:15,,1:56:24,5:28:48
2689,2842,Kevin Flanagan,M50-54,304,Open,United States,36:15,,2:48:37,,1:51:04,5:28:49
2690,4422,Mark Fourie,M45-49,376,Open,South Africa,31:18,,2:42:02,,2:05:04,5:28:55
2691,358,Matthew Johnson,M40-44,440,Open,United States,38:46,,2:54:45,,1:45:50,5:28:55
2692,4131,Brett Carlsson,M45-49,377,Open,Australia,36:51,,2:46:02,,1:54:43,5:28:55
2693,909,Lorenzo Fanti,M35-39,453,Open,Italy,32:29,,2:44:34,,1:59:35,5:28:59
2694,3720,James Mercer,M25-29,325,Open,United States,34:11,,2:44:17,,2:01:08,5:28:59
2695,2695,Stefano Bolognese,M55-59,161,Open,Italy,38:01,,2:50:56,,1:47:52,5:29:01
2696,487,Valikhan Shazhirov,M40-44,441,Open,Kazakhstan,38:10,,2:55:56,,1:44:19,5:29:05
2697,122,Kenned Mitomari,M40-44,442,Open,Brazil,32:25,,2:45:35,,1:57:39,5:29:05
2698,2425,Emile Boey Alam,M55-59,162,Open,Australia,34:03,,2:45:17,,1:56:02,5:29:08
2699,686,Malcolm Munoz,M40-44,443,Open,Panama,39:25,,2:58:04,,1:36:16,5:29:21
2700,4399,Colm Brady,M45-49,378,Open,Ireland,36:21,,2:51:16,,1:52:48,5:29:23
2701,1416,Juan Jose Arroyo Ferrero,M35-39,454,Open,Mexico,31:05,,2:44:15,,2:03:57,5:29:27
2702,731,Keith Evans,M40-44,444,Open,United States,34:28,,3:04:31,,1:39:13,5:29:28
2703,3382,Tom Laken,M25-29,326,Open,United States,31:59,,2:46:45,,2:00:14,5:29:28
2704,2485,David Sawaya Jr,M55-59,163,Open,United States,33:06,,2:48:56,,1:48:48,5:29:29
2705,546,Dan Vitina,M40-44,445,Open,United States,27:32,,2:48:45,,1:58:24,5:29:32
2706,967,Alexandre Pare,M35-39,455,Open,Canada,36:09,,2:48:51,,1:51:44,5:29:32
2707,2456,David Anderson,M55-59,164,Open,United States,39:28,,2:46:29,,1:52:17,5:29:33
2708,2146,Shray Kandhari,M30-34,429,Open,India,36:29,,2:52:35,,1:39:00,5:29:36
2709,3216,Jean Marc Pinguet,M50-54,305,Open,France,36:11,,2:40:52,,2:02:07,5:29:41
2710,2579,Paul Gallardo,M55-59,165,Open,United States,37:37,,2:52:45,,1:48:21,5:29:42
2711,1862,Parker Mitchell,M30-34,430,Open,United States,42:53,,2:48:14,,1:46:58,5:29:42
2712,505,John Rafter,M40-44,446,Open,Ireland,38:08,,2:45:57,,1:56:11,5:29:42
2713,2587,David Gray,M55-59,166,Open,Australia,34:10,,2:48:18,,1:56:27,5:29:46
2714,3253,Adam Dixon,M50-54,306,Open,United States,36:27,,2:51:16,,1:52:08,5:29:47
2715,2403,Istvan Makk,M60-64,41,Open,United States,40:27,,2:49:14,,1:49:52,5:29:47
2716,2722,Alex Smith,M55-59,167,Open,United States,34:41,,2:53:00,,1:47:52,5:29:49
2717,557,Artur Hankiewicz,M40-44,447,Open,Poland,34:44,,2:38:45,,2:05:11,5:29:50
2718,694,Scott Steiner,M40-44,448,Open,United States,42:37,,2:45:02,,1:48:07,5:29:51
2719,2744,Lawrence S Tyczka,M55-59,168,Open,United States,40:07,,2:47:58,,1:48:31,5:29:52
2720,4350,Pierre Debeaudrap,M45-49,379,Open,France,40:24,,2:55:15,,1:42:23,5:29:52
2721,2905,Bill Anderson,M50-54,307,Open,United States,33:02,,2:56:56,,1:49:40,5:29:52
2722,4270,Richard Dunlop,M45-49,380,Open,Australia,46:27,,2:49:36,,1:44:21,5:29:53
2723,327,Eric JOHNSON,M40-44,449,Open,United States,34:31,,3:00:23,,1:43:48,5:29:57
2724,515,Todd Breuer,M40-44,450,Open,United States,35:46,,2:55:56,,1:48:20,5:29:59
2725,2629,Ken Green,M55-59,169,Open,United Kingdom,38:59,,3:04:51,,1:37:13,5:30:04
2726,3554,Mitch Nolan,M25-29,327,Open,United States,45:03,,2:47:14,,1:47:09,5:30:04
2727,1548,Aldo Nobili,M65-69,5,Open,Italy,33:02,,2:45:29,,2:02:17,5:30:04
2728,4250,Nathan Scott,M45-49,381,Open,Australia,33:42,,2:58:42,,1:45:12,5:30:10
2729,3217,Shea Linehan,M50-54,308,Open,United States,30:33,,2:49:01,,1:53:53,5:30:10
2730,3447,Rod Mackinnon,M25-29,328,Open,Canada,37:00,,2:52:40,,1:47:51,5:30:11
2731,2398,Klaus Eckhardt,M60-64,42,Open,Germany,36:03,,2:47:39,,1:55:05,5:30:20
2732,2363,Peter Buehlow,M60-64,43,Open,Canada,35:14,,2:47:34,,1:55:24,5:30:27
2733,286,Paul Metzger,M40-44,451,Open,United States,36:39,,2:43:49,,1:57:43,5:30:29
2734,3123,Michael Kazimierski,M50-54,309,Open,Poland,41:25,,2:55:08,,1:43:41,5:30:29
2735,4179,Bernardo Giffoni,M45-49,382,Open,Brazil,32:09,,2:53:53,,1:52:13,5:30:34
2736,3298,Michal Spelda,M50-54,310,Open,Czechia,36:01,,2:51:16,,1:49:13,5:30:38
2737,2245,Bruce Gillespie,M60-64,44,Open,United States,33:44,,2:51:18,,1:56:30,5:30:45
2738,699,Michael Tschannen,M40-44,452,Open,United States,31:27,,2:50:04,,1:54:55,5:30:46
2739,356,Mike Buettner,M40-44,453,Open,Germany,35:53,,2:51:25,,1:52:34,5:30:46
2740,2327,Michael Stacey,M60-64,45,Open,United Kingdom,40:24,,2:41:19,,1:52:39,5:30:48
2741,3171,Kai Reinl,M50-54,311,Open,Germany,40:17,,2:50:04,,1:51:54,5:30:50
2742,152,Sergio Bruno,M40-44,454,Open,Brazil,33:53,,2:53:46,,1:48:09,5:30:51
2743,870,Zachary Josie,M35-39,456,Open,United States,38:35,,2:52:54,,1:43:47,5:30:53
2744,3266,Sergey Shvygin,M50-54,312,Open,United States,42:18,,2:54:35,,1:43:02,5:30:58
2745,2311,Meyer Pablo,M60-64,46,Open,Mexico,40:23,,2:54:34,,1:47:57,5:30:59
2746,3214,Edwin Osiecki,M50-54,313,Open,Poland,34:39,,2:53:28,,1:53:12,5:30:59
2747,4097,Steve Sweet,M45-49,383,Open,United States,33:06,,2:50:21,,1:52:52,5:31:01
2748,4378,Robert Walter,M45-49,384,Open,United States,35:07,,2:48:22,,1:57:18,5:31:04
2749,2676,Daniel Curnier,M55-59,170,Open,Canada,33:10,,2:43:13,,2:00:09,5:31:08
2750,2346,Jerry Murphy,M60-64,47,Open,Canada,37:29,,2:53:00,,1:50:17,5:31:09
2751,2948,Luca Valerio,M50-54,314,Open,Italy,35:52,,2:50:15,,1:53:21,5:31:12
2752,2594,Richard Spencer,M55-59,171,Open,United States,31:04,,2:50:12,,1:55:27,5:31:14
2753,1299,Osvaldo Ferreira Porto Filho,M35-39,457,Open,Brazil,43:05,,2:58:52,,1:36:45,5:31:16
2754,177,Josh Baker,M40-44,455,Open,United States,35:34,,2:46:07,,1:56:52,5:31:19
2755,715,Michael Krug,M40-44,456,Open,United States,41:46,,2:49:24,,1:44:54,5:31:26
2756,2496,Jonathan Ziegler,M55-59,172,Open,United States,35:33,,2:55:02,,1:48:54,5:31:31
2757,1734,Kevin Yeoman,M30-34,431,Open,United States,31:30,,2:49:59,,2:01:30,5:31:35
2758,4003,Gregorio Vega,M45-49,385,Open,Argentina,35:12,,2:58:49,,1:47:45,5:31:41
2759,3024,Ryan Tibball,M50-54,315,Open,United States,34:01,,2:57:26,,1:43:00,5:31:47
2760,904,Stephan Le Roux,M35-39,458,Open,South Africa,36:03,,2:50:29,,1:52:52,5:31:53
2761,2750,Kwet Ki Benjamin Lee,M55-59,173,Open,Indonesia,35:57,,2:50:34,,1:53:14,5:31:56
2762,906,Ryan Beaird,M35-39,459,Open,United States,43:43,,2:53:13,,1:43:06,5:31:58
2763,284,Andreas Streif,M40-44,457,Open,Austria,37:06,,3:04:28,,1:39:00,5:32:02
2764,2406,Jim Lukanich,M60-64,48,Open,United States,38:49,,2:44:38,,1:52:23,5:32:06
2765,4034,Lubomyr Luchechko,M45-49,386,Open,United States,36:22,,2:56:48,,1:46:28,5:32:07
2766,3120,Jean David Perthuis,M50-54,316,Open,France,34:06,,2:50:21,,1:54:31,5:32:08
2767,2569,Sean Snow,M55-59,174,Open,United States,33:48,,2:47:36,,1:55:10,5:32:11
2768,3116,Cristian Deud,M50-54,317,Open,Argentina,38:01,,2:49:53,,1:51:11,5:32:15
2769,4072,Thomas Pulham,M45-49,387,Open,United States,34:52,,2:53:37,,1:52:02,5:32:15
2770,4080,Dan Willcocks,M45-49,388,Open,Australia,39:19,,2:45:03,,1:57:09,5:32:17
2771,688,Kristof Viaene,M40-44,458,Open,Belgium,38:10,,2:47:20,,1:52:30,5:32:19
2772,4491,Andrew Patterson,M45-49,389,Open,United States,43:07,,2:59:27,,1:41:12,5:32:20
2773,2705,Gregg Carvel,M55-59,175,Open,United States,36:40,,2:48:39,,1:55:10,5:32:24
2774,2846,Richard Stokes-Green,M50-54,318,Open,United Kingdom,41:28,,2:43:07,,1:57:05,5:32:28
2775,1923,Richard Sheldon,M30-34,432,Open,United Kingdom,33:27,,2:40:07,,2:08:02,5:32:29
2776,2365,Scott Mcintyre,M60-64,49,Open,United States,36:17,,2:48:47,,1:53:11,5:32:31
2777,2477,Joey Rivera,M55-59,176,Open,United States,36:19,,3:01:31,,1:44:34,5:32:33
2778,4239,Eike Mueller,M45-49,390,Open,Germany,37:54,,3:00:11,,1:46:09,5:32:34
2779,3256,Ruben Pichardo,M50-54,319,Open,Mexico,34:40,,2:41:41,,2:04:35,5:32:35
2780,2715,Jeremy Oury,M55-59,177,Open,United States,37:15,,2:54:13,,1:49:42,5:32:35
2781,2312,Chris Hughes,M60-64,50,Open,United States,30:19,,2:51:38,,1:53:30,5:32:38
2782,608,James Grant,M40-44,459,Open,United States,30:07,,2:45:25,,2:08:21,5:32:39
2783,2780,Federico Zucconi,M55-59,178,Open,Italy,46:26,,2:47:15,,1:45:00,5:32:43
2784,239,Jonathan Amistoso,M40-44,460,Open,Philippines,44:01,,2:55:16,,1:40:06,5:32:47
2785,310,Jonathan Callebaut,M40-44,461,Open,Belgium,40:59,,2:52:06,,1:46:30,5:32:50
2786,1293,Franklin Lewis,M35-39,460,Open,United Kingdom,33:27,,2:42:12,,2:06:00,5:32:56
2787,2666,Jonas Littorin,M55-59,179,Open,Sweden,38:58,,2:48:37,,1:54:59,5:32:57
2788,3211,Doug Gailey,M50-54,320,Open,United States,34:57,,2:53:19,,1:54:58,5:32:58
2789,558,José Antonio Palomo Miranda,M40-44,462,Open,Mexico,36:32,,2:55:00,,1:47:58,5:32:59
2790,745,Jonathan Jay,M40-44,463,Open,United States,39:02,,2:54:23,,1:50:32,5:32:59
2791,2949,Gordon Jarratt,M50-54,321,Open,United Kingdom,30:01,,2:54:12,,1:57:26,5:33:01
2792,2694,Mark Benson,M55-59,180,Open,United Kingdom,37:09,,2:52:50,,1:49:10,5:33:04
2793,2884,Damir Tresnjo,M50-54,322,Open,Canada,32:49,,2:58:26,,1:51:32,5:33:04
2794,1612,John James,M65-69,6,Open,United States,34:57,,2:56:40,,1:50:21,5:33:06
2795,1026,David Smyth,M35-39,461,Open,Australia,40:31,,2:48:36,,1:52:43,5:33:09
2796,4162,Yong Wei Chia,M45-49,391,Open,Malaysia,38:38,,2:54:29,,1:49:02,5:33:17
2797,2805,Nick Chapman,M50-54,323,Open,South Africa,32:18,,2:54:19,,1:56:18,5:33:18
2798,2635,Peter Helling,M55-59,181,Open,United States,31:32,,2:48:39,,2:00:34,5:33:19
2799,2480,Erik Marter,M55-59,182,Open,United States,35:01,,2:42:27,,2:05:32,5:33:20
2800,1444,Juan Gomez,M35-39,462,Open,United States,37:06,,2:49:59,,1:53:59,5:33:25
2801,4418,Serge Laforge,M45-49,392,Open,Canada,37:52,,3:10:04,,1:35:59,5:33:27
2802,2357,Bob Deeks,M60-64,51,Open,Canada,34:31,,2:50:47,,1:56:22,5:33:27
2803,2845,Ludwig Marchal,M50-54,324,Open,Belgium,36:51,,2:53:47,,1:45:38,5:33:32
2804,2404,Thomas Herget,M60-64,52,Open,Germany,36:54,,2:40:42,,2:03:50,5:33:32
2805,1295,Abdulrahman Al Hosani,M35-39,463,Open,United Arab Emirates,39:57,,2:58:33,,1:46:02,5:33:44
2806,1617,Valerio Curridori,M65-69,7,Open,Italy,40:42,,2:53:34,,1:46:58,5:33:46
2807,2650,Devashish Paul,M55-59,183,Open,Canada,34:06,,2:42:39,,2:05:50,5:33:49
2808,2276,Jean-Christophe Lemaire,M60-64,53,Open,France,38:29,,2:50:20,,1:50:53,5:33:49
2809,1571,Gary Osborn,M65-69,8,Open,United States,42:35,,2:51:20,,1:48:20,5:33:52
2810,2707,Aleksander Czarnozynski,M55-59,184,Open,Poland,43:00,,2:49:14,,1:52:04,5:33:54
2811,4165,Michael Belh,M45-49,393,Open,United States,35:06,,2:54:28,,1:44:41,5:33:55
2812,2703,Jean Colin,M55-59,185,Open,France,33:11,,2:56:23,,1:54:01,5:33:57
2813,3769,Avnish Rembhotkar,M18-24,127,Open,United States,32:49,,2:45:11,,2:08:04,5:34:00
2814,2514,Dave Gara,M55-59,186,Open,Canada,39:15,,2:45:49,,1:56:46,5:34:00
2815,171,Hawnwan Moy,M40-44,464,Open,United States,39:20,,2:45:17,,1:56:51,5:34:04
2816,1940,Nick Marenakos,M30-34,433,Open,United States,36:38,,2:48:19,,1:58:32,5:34:05
2817,4421,Shane Mahoney,M45-49,394,Open,Canada,34:45,,2:55:52,,1:55:08,5:34:08
2818,3858,Willem Atack,M18-24,128,Open,Canada,38:08,,2:51:50,,1:53:19,5:34:10
2819,2544,Troy Martin,M55-59,187,Open,United States,36:57,,2:49:24,,1:54:15,5:34:11
2820,2883,Stewart Scott,M50-54,325,Open,Canada,32:45,,2:55:28,,1:53:52,5:34:16
2821,3862,Ian Erichsen,M18-24,129,Open,Guatemala,33:26,,2:49:20,,1:58:21,5:34:16
2822,1058,Federico Escaler,M35-39,464,Open,Philippines,36:14,,2:49:56,,1:56:45,5:34:18
2823,2168,Rafael Tigreros,M30-34,434,Open,United States,38:58,,2:52:22,,1:52:55,5:34:18
2824,2411,Mike Catlin,M60-64,54,Open,United States,35:40,,2:50:14,,1:59:01,5:34:20
2825,3450,Garrett Largoza,M25-29,329,Open,United States,47:51,,2:56:38,,1:38:49,5:34:22
2826,4504,Karl Smith,M45-49,395,Open,United States,42:09,,2:48:34,,1:51:27,5:34:24
2827,2184,Adrien Gosset,M30-34,435,Open,France,35:21,,2:56:07,,1:49:22,5:34:31
2828,2661,Peter Tanner,M55-59,188,Open,Switzerland,35:36,,2:44:21,,2:03:38,5:34:35
2829,2891,Michael Höfling,M50-54,326,Open,Germany,31:20,,3:01:49,,1:50:02,5:34:38
2830,440,SHOUPING PAN,M40-44,465,Open,Taiwan,36:29,,2:57:45,,1:46:55,5:34:38
2831,1065,Matthias Werner,M35-39,465,Open,Germany,36:52,,2:49:21,,1:55:54,5:34:41
2832,1454,Andreas Hügerich,M35-39,466,Open,Germany,40:15,,2:55:05,,1:43:12,5:34:43
2833,2598,Stefano Massa,M55-59,189,Open,Italy,32:17,,2:52:18,,1:56:46,5:34:45
2834,4494,Joshua Leishman,M45-49,396,Open,United States,35:44,,2:48:34,,1:57:08,5:34:53
2835,3018,Matthew Seitz,M50-54,327,Open,United States,34:55,,2:55:37,,1:51:45,5:34:54
2836,4505,Matthew Sterne,M45-49,397,Open,United States,33:30,,2:46:15,,2:00:51,5:34:56
2837,289,Ian Mcdonnell,M40-44,466,Open,United States,35:45,,2:53:54,,1:52:00,5:35:03
2838,4163,Michele Nicastri,M45-49,398,Open,Malta,33:19,,2:52:51,,1:56:24,5:35:04
2839,3089,Robert Barish,M50-54,328,Open,United States,33:06,,2:49:09,,1:59:23,5:35:05
2840,1526,Jose De Brigard,M65-69,9,Open,Colombia,32:29,,2:54:50,,1:54:59,5:35:05
2841,1654,Tommy Martin,M30-34,436,Open,United States,36:03,,3:19:46,,1:31:54,5:35:10
2842,4075,Todd Hufnagle,M45-49,399,Open,Ukraine,34:42,,2:46:00,,1:58:16,5:35:11
2843,4509,Adam Thorn,M45-49,400,Open,United States,41:09,,2:48:24,,1:52:42,5:35:17
2844,2729,Peter York,M55-59,190,Open,United States,31:04,,2:47:57,,2:02:58,5:35:20
2845,484,Christopher Valverde,M40-44,467,Open,United States,35:07,,2:53:53,,1:54:13,5:35:23
2846,2443,Fabien Della Libera,M55-59,191,Open,France,34:01,,2:53:50,,1:54:27,5:35:28
2847,4294,Shawn Omalley,M45-49,401,Open,United States,36:23,,2:55:17,,1:52:28,5:35:30
2848,2079,James Arnestad,M30-34,437,Open,South Africa,34:33,,2:57:32,,1:51:09,5:35:33
2849,4441,Isaac LeBaron,M45-49,402,Open,United States,37:29,,2:46:06,,2:01:34,5:35:36
2850,1145,Benjamin Grolimund,M35-39,467,Open,France,35:19,,3:00:02,,1:50:42,5:35:36
2851,2756,Ralf Bell,M55-59,192,Open,Germany,35:02,,3:01:00,,1:48:01,5:35:36
2852,3180,Corey Smith,M50-54,329,Open,United States,38:51,,2:51:38,,1:56:22,5:35:43
2853,2250,Dave Marsalli,M60-64,55,Open,United States,39:55,,2:58:06,,1:43:44,5:35:47
2854,3678,Hayden Lowry,M25-29,330,Open,United States,34:01,,2:58:17,,1:50:37,5:35:49
2855,2139,Richard Bennett,M30-34,438,Open,Australia,34:49,,2:46:21,,2:03:42,5:35:49
2856,4291,Alexis Maizel,M45-49,403,Open,Germany,32:47,,2:53:50,,1:59:28,5:35:50
2857,2156,Fabrizio Chiesa,M30-34,439,Open,Italy,35:35,,2:43:47,,2:05:02,5:35:51
2858,4025,Paul Bradford,M45-49,404,Open,United States,38:16,,2:54:09,,1:51:00,5:35:51
2859,2641,John Clime,M55-59,193,Open,United States,41:22,,2:41:11,,1:59:41,5:35:52
2860,3975,Gerardo Valenciatrujillo,M45-49,405,Open,Mexico,35:16,,3:03:01,,1:41:29,5:35:57
2861,2329,Sergio Herrada,M60-64,56,Open,United States,38:18,,2:50:21,,1:53:51,5:35:58
2862,627,Jesse Cookson,M40-44,468,Open,United States,32:38,,2:43:31,,2:05:34,5:35:58
2863,4497,Junior Tremblay,M45-49,406,Open,Canada,44:02,,2:46:23,,1:47:54,5:35:59
2864,437,Robert Nierzwicki,M40-44,469,Open,United States,34:52,,3:05:42,,1:41:54,5:36:17
2865,4428,Greg Gibbons,M45-49,407,Open,United States,33:28,,3:00:12,,1:47:16,5:36:23
2866,3027,Bryan Dail,M50-54,330,Open,United States,34:44,,2:52:20,,1:50:44,5:36:28
2867,4159,Benjamin Vella,M45-49,408,Open,Australia,33:04,,2:55:44,,1:52:30,5:36:31
2868,2605,Christopher Peaslee,M55-59,194,Open,United States,39:57,,2:49:52,,1:50:35,5:36:40
2869,3870,Adithya Chandrashekar,M18-24,130,Open,India,35:51,,2:49:26,,2:02:18,5:36:43
2870,2576,Richard Rainey,M55-59,195,Open,United States,38:37,,2:50:09,,1:55:50,5:36:44
2871,2683,Alberto Lodi,M55-59,196,Open,Italy,43:40,,2:52:38,,1:45:30,5:36:51
2872,2070,Edwin Tan-Wick,M30-34,440,Open,United States,40:28,,2:46:56,,1:56:28,5:36:53
2873,3291,Gerd Pfister,M50-54,331,Open,United States,44:24,,2:46:37,,1:53:06,5:36:59
2874,4507,Oliver Mende,M45-49,409,Open,Germany,32:32,,2:50:54,,1:59:56,5:37:03
2875,621,Karl Bressler,M40-44,470,Open,United States,43:34,,2:52:38,,1:50:42,5:37:11
2876,2953,Dustin Finley,M50-54,332,Open,United States,35:56,,2:50:25,,2:00:11,5:37:24
2877,677,Matthew Wehrman,M40-44,471,Open,United States,29:53,,2:57:34,,1:56:10,5:37:24
2878,915,Miles Betley,M35-39,468,Open,United States,40:13,,2:55:04,,1:53:02,5:37:29
2879,1442,Reagan Diaz,M35-39,469,Open,Philippines,39:23,,2:53:56,,1:49:19,5:37:31
2880,4161,Sigismund Kwok,M45-49,410,Open,Hong Kong,43:30,,2:57:38,,1:44:59,5:37:42
2881,1550,Rodolphe Von Berg,M65-69,10,Open,Belgium,32:41,,2:47:16,,2:08:58,5:37:42
2882,1331,Angel Pierini,M35-39,470,Open,Venezuela,41:05,,2:59:50,,1:41:42,5:37:43
2883,2887,Jonathan McCann,M50-54,333,Open,United States,35:17,,3:01:30,,1:50:11,5:37:49
2884,937,Arnaldo Munoz,M35-39,471,Open,Chile,34:59,,3:20:34,,1:36:15,5:37:50
2885,2980,Eric Cross,M50-54,334,Open,United States,33:50,,2:45:03,,2:09:00,5:37:51
2886,969,Valerio Cappelli,M35-39,472,Open,Italy,36:07,,2:58:31,,1:54:15,5:37:53
2887,4114,Mark Stopa,M45-49,411,Open,United States,32:42,,2:47:07,,2:05:01,5:37:54
2888,2554,Mauricio Javier Gonzalez Gonzalez,M55-59,197,Open,Mexico,46:59,,2:48:00,,1:51:23,5:37:56
2889,2512,Theo Haast,M55-59,198,Open,Netherlands,37:40,,2:57:37,,1:49:42,5:38:03
2890,2645,Pascal Durand,M55-59,199,Open,France,33:28,,2:51:36,,1:58:19,5:38:05
2891,4019,Michal Szarszewski,M45-49,412,Open,Poland,35:26,,2:50:30,,2:02:49,5:38:07
2892,2702,Thomas Albert,M55-59,200,Open,Germany,36:52,,3:00:26,,1:50:53,5:38:10
2893,696,Li-Shan Lu,M40-44,472,Open,Taiwan,37:08,,2:55:58,,1:49:21,5:38:10
2894,2497,Kevin Capasso,M55-59,201,Open,United States,43:01,,2:41:05,,2:00:40,5:38:12
2895,2337,Carlos De Cano,M60-64,57,Open,Argentina,37:20,,2:58:31,,1:50:25,5:38:21
2896,2433,Panos Kakoullis,M55-59,202,Open,United Kingdom,37:45,,2:49:36,,1:56:04,5:38:22
2897,2301,Bob Morris,M60-64,58,Open,United States,33:52,,3:06:46,,1:45:33,5:38:22
2898,1303,Larry Vasquez,M35-39,473,Open,Dominican Republic,38:42,,2:52:29,,1:51:04,5:38:24
2899,3014,Brad Dixon,M50-54,335,Open,Canada,44:45,,2:55:39,,1:48:41,5:38:26
2900,2266,Reid Thomas,M60-64,59,Open,United States,31:43,,2:58:54,,1:54:24,5:38:27
2901,1403,Anthony Rollins,M35-39,474,Open,United States,42:08,,2:47:16,,1:55:16,5:38:28
2902,3277,Juergen Braehler,M50-54,336,Open,Germany,49:09,,2:47:05,,1:45:55,5:38:28
2903,584,Alex Mirsky,M40-44,473,Open,Germany,36:35,,3:00:19,,1:48:54,5:38:28
2904,3124,Thorsten Schmidt,M50-54,337,Open,Germany,36:23,,2:45:17,,2:06:39,5:38:29
2905,3495,Tom Hill,M25-29,331,Open,United Kingdom,32:26,,2:32:53,,2:26:13,5:38:31
2906,2326,Christian Lafleur,M60-64,60,Open,Canada,36:18,,2:56:21,,1:53:12,5:38:35
2907,2658,Shane Buzza,M55-59,203,Open,United States,39:26,,2:47:48,,2:00:17,5:38:39
2908,2972,Scott Rattee,M50-54,338,Open,Canada,33:33,,2:58:22,,1:50:26,5:38:42
2909,2561,Michael Sims,M55-59,204,Open,United Kingdom,41:25,,2:54:10,,1:51:05,5:38:43
2910,2427,Juan Carlos Peña,M55-59,205,Open,Colombia,33:28,,2:56:54,,1:55:53,5:38:44
2911,2422,Talgat Zhumagaliyev,M55-59,206,Open,Kazakhstan,36:55,,2:55:41,,1:56:06,5:38:46
2912,2664,Geert Byttebier,M55-59,207,Open,Belgium,37:47,,2:47:21,,1:56:49,5:38:51
2913,2314,Adi Paikin,M60-64,61,Open,Israel,34:25,,2:52:18,,2:02:33,5:39:04
2914,3011,Derek Liou,M50-54,339,Open,United States,32:27,,3:03:43,,1:46:22,5:39:08
2915,3297,Joseph Young,M50-54,340,Open,United States,31:17,,3:01:26,,1:56:09,5:39:12
2916,248,Michel Braun,M40-44,474,Open,Germany,38:27,,2:53:47,,1:52:45,5:39:17
2917,2424,Kurt Mellick,M55-59,208,Open,United States,35:20,,3:07:47,,1:41:11,5:39:19
2918,2777,Steve Sherling,M55-59,209,Open,United States,37:25,,3:01:01,,1:42:33,5:39:20
2919,2610,Javier Falero,M55-59,210,Open,Uruguay,41:10,,2:56:11,,1:50:21,5:39:22
2920,2489,Vincenzo Doria,M55-59,211,Open,Italy,38:03,,2:57:51,,1:51:43,5:39:37
2921,2293,Stephen Meijers,M60-64,62,Open,South Africa,37:58,,2:51:33,,1:54:26,5:39:41
2922,1037,Arnaud Chantraine,M35-39,475,Open,Belgium,48:10,,2:55:01,,1:42:38,5:39:43
2923,1945,Nikolas Adair,M30-34,441,Open,Guatemala,31:42,,2:40:35,,2:16:43,5:39:45
2924,2727,LAURENT DELLA SCHIAVA,M55-59,212,Open,France,38:36,,2:49:38,,2:00:27,5:39:49
2925,3196,Mike Smith,M50-54,341,Open,United States,35:37,,2:50:14,,2:03:44,5:39:58
2926,4301,Jeff Monson,M45-49,413,Open,United States,34:09,,2:50:05,,1:59:36,5:40:00
2927,146,Kevin Mccann,M40-44,475,Open,United States,41:58,,2:53:12,,1:48:24,5:40:01
2928,2246,Jurgen Contreras Ketterer,M60-64,63,Open,Chile,31:20,,2:55:55,,2:04:42,5:40:02
2929,4251,Craig Simpson,M45-49,414,Open,Australia,32:21,,2:57:24,,1:58:51,5:40:09
2930,4191,Wisam Alouch,M45-49,415,Open,Syrian Arab Republic,35:30,,2:43:53,,2:06:42,5:40:12
2931,383,David STENGER,M40-44,476,Open,United States,39:38,,3:00:39,,1:50:10,5:40:13
2932,4099,Jeffrey Osuna,M45-49,416,Open,United States,33:14,,2:56:16,,2:02:15,5:40:21
2933,3280,John Baker,M50-54,342,Open,United States,34:17,,2:54:06,,1:58:40,5:40:22
2934,945,Jose Delfin,M35-39,476,Open,Mexico,30:54,,3:07:58,,1:50:36,5:40:22
2935,4218,Riki Greenland,M45-49,417,Open,Australia,36:21,,2:44:39,,2:07:37,5:40:23
2936,3272,Darren Griffiths,M50-54,343,Open,Australia,41:56,,3:04:44,,1:39:56,5:40:28
2937,2257,David Virden,M60-64,64,Open,United Kingdom,36:22,,2:56:27,,1:55:42,5:40:28
2938,247,Michael Gutierrez,M40-44,477,Open,United States,36:17,,2:49:14,,1:55:55,5:40:29
2939,2270,mark king,M60-64,65,Open,United Kingdom,38:47,,2:48:48,,1:59:29,5:40:30
2940,3213,Doug Lodmill,M50-54,344,Open,United States,44:04,,2:48:18,,1:55:17,5:40:39
2941,2724,Philip Brogan,M55-59,213,Open,United States,42:23,,2:50:30,,1:47:02,5:40:39
2942,2387,Craig Premack,M60-64,66,Open,Canada,43:37,,2:51:57,,1:53:40,5:40:41
2943,4104,Olivier Decima,M45-49,418,Open,France,35:46,,3:05:58,,1:46:23,5:40:44
2944,2685,John Wilson,M55-59,214,Open,Australia,37:18,,2:56:26,,1:52:25,5:40:44
2945,3265,Dana Cleverdon,M50-54,345,Open,United States,41:17,,2:47:48,,2:00:59,5:40:49
2946,2263,Hubertus Van Engelen,M60-64,67,Open,Netherlands,39:34,,2:45:34,,2:04:23,5:40:51
2947,1605,Stefano Piolanti,M65-69,11,Open,Italy,47:26,,2:48:00,,1:51:22,5:40:53
2948,188,Gordon Rose,M40-44,478,Open,Germany,34:16,,2:54:41,,1:55:52,5:40:54
2949,2248,Kees Peereboom,M60-64,68,Open,Netherlands,41:30,,2:41:49,,2:08:49,5:41:00
2950,3359,Garrett Haufschild,M25-29,332,Open,United States,30:57,,2:48:46,,2:07:40,5:41:02
2951,3628,Tyler Ulmer,M25-29,333,Open,Canada,38:45,,2:49:11,,2:03:14,5:41:04
2952,3321,Reed Cone,M25-29,334,Open,United States,37:19,,2:54:58,,2:01:39,5:41:05
2953,3271,Terry Corcoran,M50-54,346,Open,Canada,34:22,,2:56:45,,1:58:33,5:41:09
2954,1938,Ewen Pasquier,M30-34,442,Open,France,34:44,,2:53:05,,2:01:34,5:41:16
2955,4167,Nikolas Pantazis,M45-49,419,Open,Greece,43:13,,2:50:23,,1:56:14,5:41:17
2956,371,Geoffrey Koekelberg,M40-44,479,Open,Belgium,38:55,,2:55:29,,1:56:21,5:41:19
2957,2279,Günter Geimer,M60-64,69,Open,Germany,39:35,,2:54:17,,1:50:36,5:41:20
2958,4503,Maarten Caminada,M45-49,420,Open,Netherlands,38:42,,2:56:05,,1:53:33,5:41:22
2959,3212,Chris Auth,M50-54,347,Open,United States,41:51,,2:57:03,,1:47:50,5:41:22
2960,118,Emmerson Cardoso,M40-44,480,Open,Brazil,39:05,,3:09:24,,1:41:58,5:41:24
2961,905,David Rood,M35-39,477,Open,United States,47:02,,2:45:06,,1:56:20,5:41:28
2962,3240,David Katz,M50-54,348,Open,United States,35:12,,3:01:33,,1:53:50,5:41:34
2963,2299,Randall Puckett,M60-64,70,Open,United States,35:20,,3:00:56,,1:50:28,5:41:34
2964,2922,Jens Klingebiel,M50-54,349,Open,Germany,39:07,,2:48:56,,2:01:02,5:41:34
2965,2659,Heinrich Becker,M55-59,215,Open,Germany,37:46,,2:58:48,,1:53:07,5:41:36
2966,3005,Matt Larsen,M50-54,350,Open,United States,44:52,,2:50:21,,1:52:36,5:41:38
2967,4338,Matthew Blackmore,M45-49,421,Open,United States,38:00,,2:51:56,,1:58:48,5:41:38
2968,4271,Mishaal Al-Sulaiman,M45-49,422,Open,Saudi Arabia,37:13,,2:56:37,,1:53:50,5:41:43
2969,1935,Jannik Kinzel,M30-34,443,Open,Germany,43:15,,2:57:17,,1:44:34,5:41:48
2970,1347,Gabriel Tak Kiu Pun,M35-39,478,Open,Hong Kong,44:29,,3:01:07,,1:40:20,5:41:48
2971,2654,DERREK SANKS,M55-59,216,Open,United States,41:56,,2:54:36,,1:52:06,5:41:51
2972,560,Darren HORSLEY,M40-44,481,Open,Australia,39:06,,2:54:47,,1:59:05,5:41:54
2973,2597,Mike Stolze,M55-59,217,Open,Germany,36:32,,2:59:15,,1:54:38,5:42:00
2974,2993,Tal Karpenkop,M50-54,351,Open,Israel,38:59,,2:54:35,,1:59:07,5:42:01
2975,2835,Shawn Hnatko,M50-54,352,Open,United States,29:04,,2:47:40,,2:09:59,5:42:02
2976,3033,Kenneth Allen,M50-54,353,Open,United States,38:15,,2:53:00,,2:00:26,5:42:05
2977,2335,Des Byrne,M60-64,71,Open,United Kingdom,42:32,,2:50:22,,1:57:10,5:42:06
2978,717,Benjamin Gaffey,M40-44,482,Open,Australia,35:59,,2:54:16,,2:02:22,5:42:06
2979,2590,Jorge Antonio Garcia Lascurain,M55-59,218,Open,Mexico,36:24,,3:00:34,,1:51:23,5:42:10
2980,2483,Tomás Magyari,M55-59,219,Open,Argentina,37:49,,2:49:54,,2:01:02,5:42:21
2981,2490,Lutz Glahn,M55-59,220,Open,Germany,35:50,,2:57:24,,1:57:21,5:42:25
2982,875,Jon Hicks,M35-39,479,Open,United States,39:27,,3:01:44,,1:48:16,5:42:26
2983,2541,Michael Pierson,M55-59,221,Open,United States,32:59,,2:47:49,,2:09:02,5:42:29
2984,2560,Blair Estep,M55-59,222,Open,United States,33:01,,2:56:53,,1:59:27,5:42:31
2985,4357,Jeff Provenzano,M45-49,423,Open,United States,42:04,,2:57:00,,1:46:48,5:42:33
2986,3229,Fernando Villamarin,M50-54,354,Open,Argentina,32:40,,3:01:12,,1:58:44,5:42:33
2987,4206,Cameron Wills,M45-49,424,Open,Australia,35:29,,2:48:17,,2:06:51,5:42:38
2988,2073,Trevor Timmerberg,M30-34,444,Open,United States,43:21,,2:58:17,,1:45:58,5:42:46
2989,1580,Larry Costantino,M65-69,12,Open,United States,34:48,,3:01:11,,1:54:33,5:42:54
2990,2967,Jeremy Simpson,M50-54,355,Open,United Kingdom,41:27,,2:50:53,,1:52:05,5:42:59
2991,4028,Aaron Deschenes,M45-49,425,Open,United States,38:00,,2:45:33,,2:07:29,5:43:03
2992,469,Michael Cronin,M40-44,483,Open,United Kingdom,35:18,,2:51:04,,1:59:49,5:43:05
2993,2300,Stephen Chronert,M60-64,72,Open,United States,37:40,,2:48:21,,2:02:17,5:43:16
2994,1792,Jared Sklar,M30-34,445,Open,United States,37:23,,2:53:37,,1:55:59,5:43:17
2995,3048,Nicholas Baddour,M50-54,356,Open,Lebanon,32:49,,2:53:30,,2:05:02,5:43:17
2996,2599,Aloyse Schartz,M55-59,223,Open,Luxembourg,41:45,,2:47:18,,1:52:50,5:43:18
2997,2918,Josemar Oliveira Alves,M50-54,357,Open,Brazil,42:33,,2:54:47,,1:47:42,5:43:19
2998,2602,Nicolas Norton,M55-59,224,Open,France,41:40,,2:54:10,,1:55:22,5:43:21
2999,2643,Richard Ibberson,M55-59,225,Open,United States,43:47,,2:47:58,,1:57:42,5:43:28
3000,2551,Bryan Tillyer,M55-59,226,Open,United Kingdom,40:05,,2:46:03,,1:59:23,5:43:31
3001,1667,Joshua Gatz,M30-34,446,Open,United States,30:19,,3:10:14,,1:49:34,5:43:31
3002,2699,Cory Robinson,M55-59,227,Open,United States,27:18,,2:46:52,,2:15:20,5:43:35
3003,2196,Christopher Sakacs,M30-34,447,Open,United States,30:47,,2:54:24,,2:05:22,5:43:49
3004,2675,Bob Hess,M55-59,228,Open,United States,34:37,,2:51:12,,2:08:18,5:43:52
3005,2298,Marcel Dürrenberger,M60-64,73,Open,Switzerland,36:22,,2:57:27,,1:53:38,5:43:56
3006,2072,Ernest Holtzheimer,M30-34,448,Open,United States,41:35,,2:55:19,,1:55:58,5:43:56
3007,1558,Pascal Mylonas,M65-69,13,Open,France,41:59,,3:01:30,,1:47:09,5:44:08
3008,3016,Eric Russell,M50-54,358,Open,United States,35:37,,2:47:11,,2:08:16,5:44:09
3009,2738,Kenneth Pettry,M55-59,229,Open,United States,31:51,,2:55:42,,2:05:46,5:44:13
3010,144,Brandon Duchrow,M40-44,484,Open,United States,47:45,,2:52:29,,1:52:29,5:44:13
3011,2844,Kevin Thill,M50-54,359,Open,United States,36:42,,2:56:35,,1:55:49,5:44:16
3012,340,Nicolas Doublecourt,M40-44,485,Open,France,35:49,,2:49:53,,2:09:15,5:44:22
3013,3693,Santiago Gartner,M25-29,335,Open,Colombia,37:29,,2:51:42,,2:05:11,5:44:28
3014,3782,Arman Gandjizadeh,M18-24,131,Open,France,38:15,,2:52:56,,2:00:40,5:44:30
3015,330,Charlie Risen,M40-44,486,Open,United States,33:03,,2:57:48,,1:57:03,5:44:38
3016,4024,Lukasz Górniak,M45-49,426,Open,Poland,39:02,,3:00:06,,1:54:33,5:44:40
3017,4490,Dániel Weiss,M45-49,427,Open,Hungary,34:42,,2:55:43,,1:55:56,5:44:44
3018,1234,Coert Vorster,M35-39,480,Open,South Africa,36:37,,2:57:32,,1:59:34,5:44:55
3019,670,Luke Muran,M40-44,487,Open,United States,29:35,,3:00:57,,2:00:57,5:44:55
3020,2355,Zbigniew Glinkowski,M60-64,74,Open,Poland,45:02,,2:53:11,,1:54:47,5:44:57
3021,4228,Steeve Vigneault,M45-49,428,Open,Canada,36:01,,2:35:40,,2:19:38,5:44:59
3022,223,Charles Lester Iv,M40-44,488,Open,United States,34:22,,3:14:58,,1:47:33,5:44:59
3023,4208,Gert-Jan Stroetinga,M45-49,429,Open,Netherlands,37:15,,3:04:56,,1:50:56,5:45:00
3024,3804,Almas Bralinov,M18-24,132,Open,Kazakhstan,34:24,,3:03:08,,1:57:58,5:45:10
3025,176,Justin Koszarek,M40-44,489,Open,United States,37:19,,2:43:19,,2:10:39,5:45:12
3026,4429,David Souter,M45-49,430,Open,Australia,40:25,,2:54:35,,1:57:41,5:45:14
3027,2759,Brian Kiessling,M55-59,230,Open,United States,37:03,,2:52:20,,1:58:43,5:45:16
3028,3963,Matthias Büttner,M45-49,431,Open,Germany,37:13,,3:01:35,,1:52:12,5:45:17
3029,2448,Jeff Hansen,M55-59,231,Open,United States,42:14,,2:43:03,,2:01:20,5:45:18
3030,2721,Carlos Etcheverry,M55-59,232,Open,Argentina,38:25,,2:55:58,,1:57:24,5:45:19
3031,924,David Burgos,M35-39,481,Open,United States,39:15,,2:56:04,,1:57:44,5:45:25
3032,1321,Kevin Mershon,M35-39,482,Open,United States,40:11,,2:47:17,,2:04:50,5:45:26
3033,3245,Bill Sullivan,M50-54,360,Open,United States,33:06,,2:57:50,,2:01:25,5:45:33
3034,3138,Jeff LeClair,M50-54,361,Open,United States,35:00,,2:54:14,,2:02:46,5:45:34
3035,2013,David Pugh,M30-34,449,Open,United Kingdom,51:34,,2:48:07,,1:55:46,5:45:37
3036,1527,Hal Rooney,M65-69,14,Open,United States,49:08,,2:44:45,,1:59:48,5:45:38
3037,944,Joey Bodenhorn,M35-39,483,Open,United States,37:54,,2:58:04,,2:00:13,5:45:47
3038,107,Jan Tománek,MHC,,Open,Czechia,37:00,,3:27:11,,1:28:50,5:45:53
3039,2138,Mohamed El Akkad,M30-34,450,Open,Germany,28:10,,2:58:17,,2:06:42,5:46:01
3040,4472,Chris Brumwell,M45-49,432,Open,Canada,44:30,,3:02:33,,1:44:47,5:46:22
3041,2392,Bernhard Schneider,M60-64,75,Open,Switzerland,36:34,,2:53:47,,2:04:14,5:46:25
3042,3021,Derek Surka,M50-54,362,Open,United States,38:27,,3:08:49,,1:45:56,5:46:39
3043,1566,Scott Serpa,M65-69,15,Open,United States,40:01,,2:56:01,,1:58:38,5:46:40
3044,3685,Dane Ballou,M25-29,336,Open,United States,32:45,,2:44:01,,2:21:18,5:46:42
3045,4057,Michael Osborne,M45-49,433,Open,Canada,38:06,,2:59:44,,1:56:22,5:46:44
3046,2202,Saleh Almuhaini,M30-34,451,Open,Kuwait,42:06,,2:51:48,,1:57:25,5:46:49
3047,3242,Marc Young,M50-54,363,Open,United States,29:06,,2:59:43,,2:01:51,5:46:51
3048,2240,Christopher Klein,M60-64,76,Open,United States,38:05,,2:55:13,,2:02:11,5:47:01
3049,4038,Erick Brandt,M45-49,434,Open,Venezuela,41:23,,3:03:17,,1:49:13,5:47:06
3050,4300,Diego Messen,M45-49,435,Open,Chile,42:23,,3:03:18,,1:50:07,5:47:07
3051,3177,Stephen Rowe,M50-54,364,Open,United States,41:52,,2:44:40,,2:10:29,5:47:11
3052,2725,Roger Hauptman,M55-59,233,Open,United States,47:45,,2:36:37,,2:10:35,5:47:14
3053,618,Louis Perry,M40-44,490,Open,United States,38:17,,3:03:50,,1:58:00,5:47:23
3054,3530,Ewan Lemonnier,M25-29,337,Open,France,41:30,,2:43:44,,2:02:11,5:47:25
3055,3031,Gedge Rosson,M50-54,365,Open,United States,58:00,,2:49:20,,1:45:59,5:47:30
3056,2388,Robert Garriott,M60-64,77,Open,United States,42:14,,2:50:34,,1:57:51,5:47:30
3057,4264,Andrew Mickelson,M45-49,436,Open,United States,37:55,,2:49:23,,2:09:32,5:47:31
3058,2688,Daniele Mazzola,M55-59,234,Open,Switzerland,39:34,,2:56:30,,1:59:01,5:47:48
3059,1596,Kurt Madden,M65-69,16,Open,United States,29:58,,2:54:05,,2:12:18,5:47:52
3060,1914,Abelardo Daya,M30-34,452,Open,Venezuela,42:07,,3:01:33,,1:49:35,5:48:09
3061,2730,Stuart Muntz,M55-59,235,Open,Australia,39:58,,3:03:56,,1:52:11,5:48:13
3062,1420,Jared Chrysostom,M35-39,484,Open,United States,46:32,,3:02:46,,1:48:41,5:48:17
3063,1776,Mike Theusch,M30-34,453,Open,United States,32:46,,2:56:14,,2:06:48,5:48:20
3064,2578,Erron Kelly,M55-59,236,Open,United States,38:12,,2:52:35,,2:05:38,5:48:28
3065,433,Julius Kieser,M40-44,491,Open,United Arab Emirates,33:39,,2:56:10,,2:07:00,5:48:32
3066,3070,Greg Rich,M50-54,366,Open,United States,39:17,,2:51:48,,2:05:26,5:48:42
3067,3163,Bertrand Petermann,M50-54,367,Open,Canada,36:56,,2:50:43,,2:07:52,5:48:42
3068,4066,omar marmelicz,M45-49,437,Open,Argentina,32:42,,2:57:24,,2:09:48,5:48:54
3069,2308,Thomas BRÜHL,M60-64,78,Open,Germany,36:23,,3:03:00,,1:56:53,5:48:55
3070,2546,Alex Hamlow,M55-59,237,Open,United States,42:05,,2:52:13,,2:01:17,5:49:07
3071,2441,Edgar Moreno,M55-59,238,Open,Colombia,41:13,,3:26:26,,1:29:09,5:49:09
3072,4515,Keith Burk,M45-49,438,Open,United States,42:57,,2:58:59,,1:56:11,5:49:14
3073,1590,Ron Saetermoe,M65-69,17,Open,United States,32:18,,2:57:41,,2:07:46,5:49:15
3074,3022,Martin Beauregard,M50-54,368,Open,Canada,40:08,,,,1:55:23,5:49:16
3075,2119,Nick Humphrey,M30-34,454,Open,United States,44:57,,2:47:29,,2:09:13,5:49:27
3076,4423,Todd Pilger,M45-49,439,Open,United States,33:04,,2:54:05,,2:12:26,5:49:53
3077,1915,Jaime Gonzalez Fernandez,M30-34,455,Open,Spain,46:42,,2:42:10,,2:07:43,5:49:56
3078,2834,Joseph Ruiz,M50-54,369,Open,United States,33:57,,2:44:44,,2:13:22,5:49:59
3079,2876,Steven Tremblay,M50-54,370,Open,Canada,39:44,,2:55:22,,2:02:16,5:50:00
3080,2615,Marc D'Hooge,M55-59,239,Open,Luxembourg,38:35,,2:55:26,,1:59:05,5:50:02
3081,3236,COGOI GIANLUCA,M50-54,371,Open,Italy,42:30,,3:02:33,,1:50:54,5:50:04
3082,4201,Marco Muñoz Rosas,M45-49,440,Open,Peru,34:31,,2:50:16,,2:13:06,5:50:05
3083,2238,Alain Ruiz,M60-64,79,Open,France,40:25,,2:57:12,,1:59:13,5:50:06
3084,1330,Will Greathouse,M35-39,485,Open,United States,39:22,,3:03:02,,1:57:19,5:50:08
3085,3209,Ted Shue,M50-54,372,Open,United States,34:46,,2:54:47,,2:04:02,5:50:23
3086,2372,Peter Ivansson,M60-64,80,Open,Sweden,34:37,,2:54:34,,2:08:11,5:50:27
3087,1077,Mohammad Yazar,M35-39,486,Open,Canada,44:39,,2:55:35,,1:54:41,5:50:29
3088,953,Chris Mccormick,M35-39,487,Open,United States,38:41,,2:59:17,,2:00:36,5:50:33
3089,2160,Mikhail Daya,M30-34,456,Open,Venezuela,42:59,,2:53:21,,1:57:29,5:50:40
3090,3247,Wayne Robinson,M50-54,373,Open,Canada,40:28,,2:51:52,,2:04:56,5:50:42
3091,2701,Chris Harris,M55-59,240,Open,United States,35:49,,2:54:10,,2:10:28,5:50:46
3092,2731,Robert Krzak,M55-59,241,Open,Poland,48:54,,3:01:22,,1:48:40,5:50:51
3093,4549,Volker Hemberger,M65-69,18,Open,Germany,42:08,,2:56:57,,1:59:48,5:50:54
3094,2178,Abdelrahman Ahmed,M30-34,457,Open,Canada,54:18,,2:47:58,,1:52:04,5:50:56
3095,2343,John Connaghan,M60-64,81,Open,Ireland,35:43,,2:56:18,,2:08:02,5:51:04
3096,1563,Richard Mayer,M65-69,19,Open,Canada,37:45,,3:02:33,,1:58:05,5:51:07
3097,2315,Don Gallagher,M60-64,82,Open,Canada,37:10,,3:13:22,,1:42:30,5:51:11
3098,3084,Jan Flores,M50-54,374,Open,Puerto Rico,34:37,,3:13:38,,1:47:59,5:51:17
3099,3140,Patrick Levesque,M50-54,375,Open,Canada,48:44,,2:53:31,,1:52:29,5:51:23
3100,3028,Billy Sawyer,M50-54,376,Open,United States,35:53,,3:05:18,,1:54:41,5:51:24
3101,4543,Matthew Gertsch,M35-39,488,Open,United States,39:52,,3:00:00,,1:57:22,5:51:24
3102,4031,Dave Rogers,M45-49,441,Open,United Kingdom,50:50,,2:58:27,,1:47:06,5:51:33
3103,2741,Derek Atkins,M55-59,242,Open,Canada,36:14,,2:56:23,,2:07:20,5:51:37
3104,3342,Prakash Mishra,M25-29,338,Open,United States,33:06,,3:05:47,,2:00:01,5:51:37
3105,3071,Thomas Risse,M50-54,377,Open,United States,36:23,,3:07:03,,1:57:42,5:51:39
3106,2281,Tom Flynn,M60-64,83,Open,United States,37:11,,3:01:51,,1:54:50,5:51:47
3107,2155,Corey Hatfield,M30-34,458,Open,United States,35:42,,2:54:39,,2:06:19,5:51:48
3108,417,Devon Eggert,M40-44,492,Open,United States,35:41,,3:11:20,,1:50:52,5:51:48
3109,3959,Konstantinos Foukis,M45-49,442,Open,Greece,37:30,,3:02:47,,1:58:14,5:51:51
3110,3108,Chris Bevenue,M50-54,378,Open,United States,37:22,,2:56:54,,2:03:46,5:51:51
3111,4105,Yiannis Vidras,M45-49,443,Open,Greece,34:11,,2:58:30,,2:04:08,5:51:53
3112,787,Volker Fischer,M70-74,1,Open,United States,41:41,,2:59:33,,1:54:37,5:51:58
3113,2374,Mike Helland,M60-64,84,Open,United Kingdom,34:13,,3:13:16,,1:52:24,5:52:01
3114,1539,Bruce Williams,M65-69,20,Open,United States,31:37,,2:53:24,,2:16:18,5:52:06
3115,2728,Marc De Soualhat,M55-59,243,Open,France,37:13,,2:54:43,,2:05:22,5:52:11
3116,4203,Greg Schaefer,M45-49,444,Open,United States,36:16,,3:09:24,,1:53:03,5:52:19
3117,1144,Raido Martinson,M35-39,489,Open,Estonia,41:02,,3:05:44,,1:56:01,5:52:24
3118,880,Nicholas Knopf,M35-39,490,Open,United States,28:16,,3:27:20,,1:44:41,5:52:27
3119,3025,Thomas Conrads,M50-54,379,Open,United States,39:41,,2:58:11,,2:03:13,5:52:40
3120,4213,Manuel Montellano,M45-49,445,Open,Mexico,31:23,,3:06:14,,1:58:43,5:52:40
3121,2589,Can Datca,M55-59,244,Open,Turkey,43:36,,3:02:05,,1:50:09,5:52:42
3122,609,Ryan Kroge,M40-44,493,Open,United States,36:36,,2:54:40,,2:07:43,5:52:42
3123,1576,Michael Doyle,M65-69,21,Open,United States,41:15,,2:55:59,,2:00:31,5:52:44
3124,2382,Richard Bolling,M60-64,85,Open,United States,36:14,,2:58:29,,2:04:22,5:52:45
3125,1182,Eduardo Alves,M35-39,491,Open,Brazil,38:16,,3:14:01,,1:46:30,5:52:46
3126,2914,Marcus Rendle,M50-54,380,Open,United Kingdom,42:57,,3:01:16,,1:56:02,5:53:03
3127,4152,Damian Markoski,M45-49,446,Open,Argentina,45:08,,2:55:02,,2:02:58,5:53:06
3128,127,Naor Cohen,M40-44,494,Open,Canada,40:09,,3:02:36,,2:00:49,5:53:10
3129,2732,Christoph Clases,M55-59,245,Open,Switzerland,36:42,,2:44:32,,2:16:25,5:53:12
3130,2409,Laurent Cali,M60-64,86,Open,France,32:06,,3:00:37,,2:06:29,5:53:17
3131,2660,Michael Woodman,M55-59,246,Open,Australia,34:13,,3:04:06,,2:00:54,5:53:31
3132,2636,Juan Pablo Benitez,M55-59,247,Open,Mexico,30:24,,3:01:06,,2:07:40,5:53:34
3133,2624,Carsten Einfeld,M55-59,248,Open,Germany,36:31,,3:04:28,,1:57:20,5:53:35
3134,3134,Dariusz Swiderski,M50-54,381,Open,Poland,41:15,,3:02:40,,1:52:39,5:53:35
3135,2356,Ade Grimmond,M60-64,87,Open,United Kingdom,31:02,,3:01:24,,2:11:56,5:53:39
3136,2195,Ryan Zelinski,M30-34,459,Open,United States,45:55,,3:08:24,,1:44:46,5:53:40
3137,3722,Thomas Conlin,M25-29,339,Open,United States,39:10,,3:04:17,,1:56:53,5:53:40
3138,2296,Bernhard Sifferlinger,M60-64,88,Open,Austria,29:29,,2:59:33,,2:09:23,5:53:48
3139,559,JUAN ROMERO,M40-44,495,Open,Mexico,38:25,,3:11:11,,1:51:55,5:53:52
3140,4384,Bryan Benshoof,M45-49,447,Open,Australia,34:58,,3:08:24,,1:57:28,5:53:53
3141,4550,Tom Diethe,M45-49,448,Open,United Kingdom,41:05,,2:48:05,,2:13:12,5:53:54
3142,4280,Olek Lakomski,M45-49,449,Open,Poland,36:19,,3:06:00,,1:58:24,5:53:56
3143,2385,Kevin Hinkley,M60-64,89,Open,United States,37:02,,2:48:51,,2:14:40,5:53:58
3144,2269,Evangelos Charatsis,M60-64,90,Open,Greece,40:20,,2:55:08,,2:07:11,5:53:59
3145,1825,Jake Mcknight,M30-34,460,Open,United States,35:12,,2:57:36,,2:05:51,5:54:04
3146,2386,John Van Lieshout,M60-64,91,Open,United States,37:02,,3:04:45,,2:00:06,5:54:04
3147,2058,Jake Roeder,M30-34,461,Open,United States,40:15,,2:51:37,,2:08:13,5:54:17
3148,2758,Craig Louis,M55-59,249,Open,United States,58:14,,2:34:17,,2:07:45,5:54:20
3149,2464,Michael Alexander,M55-59,250,Open,United States,34:10,,2:50:36,,2:18:56,5:54:22
3150,3227,Eymeric Segard,M50-54,382,Open,Switzerland,30:57,,3:05:33,,2:07:06,5:54:23
3151,2682,Mark Evans,M55-59,251,Open,United States,33:36,,3:02:54,,2:09:09,5:54:27
3152,3286,Yong Joong Shin,M50-54,383,Open,Korea,50:11,,2:58:49,,1:49:54,5:54:30
3153,2493,Trond G. Waage,M55-59,252,Open,Norway,46:20,,3:06:51,,1:48:19,5:54:32
3154,3412,Dimitri Gonatas,M25-29,340,Open,South Africa,38:24,,3:02:05,,2:03:06,5:54:32
3155,2140,Giro Samale,M30-34,462,Open,United States,38:51,,2:59:55,,2:04:23,5:54:40
3156,2880,Chris West,M50-54,384,Open,United States,45:26,,3:09:31,,1:44:51,5:54:43
3157,3851,Patrick Carroll,M18-24,133,Open,United States,32:01,,3:15:52,,1:57:33,5:54:49
3158,2458,Jason Aarhus,M55-59,253,Open,United States,46:31,,3:00:23,,1:52:31,5:55:02
3159,3615,Jack Murray,M25-29,341,Open,United Kingdom,31:54,,2:55:55,,2:16:04,5:55:13
3160,1689,Rylan Harvey,M30-34,463,Open,Canada,48:31,,2:56:20,,1:53:16,5:55:13
3161,2231,Michael Passinger,M60-64,92,Open,Germany,38:14,,2:59:30,,2:10:20,5:55:24
3162,394,Liam SHALDERS,M40-44,496,Open,Australia,33:34,,3:09:22,,2:00:29,5:55:27
3163,2361,Avelino Marques Alves,M60-64,93,Open,Brazil,34:15,,2:55:47,,2:10:25,5:55:30
3164,2960,Thomas Grangaro,M50-54,385,Open,Switzerland,38:54,,3:03:13,,1:57:44,5:55:38
3165,535,Kelly Griego,M40-44,497,Open,United States,46:29,,2:58:49,,1:58:03,5:55:47
3166,4189,Fred Gomez,M45-49,450,Open,United States,46:45,,3:06:46,,1:48:55,5:55:53
3167,4117,Jason Roberts,M45-49,451,Open,Australia,40:06,,3:05:00,,1:59:02,5:55:54
3168,2432,Jerome Le Jamtel,M55-59,254,Open,France,39:07,,3:02:17,,1:55:09,5:55:54
3169,1569,Herbert Coolidge,M65-69,22,Open,United States,41:43,,2:50:25,,2:11:57,5:56:03
3170,2412,Fred Pepper,M60-64,94,Open,United States,36:26,,3:16:13,,1:47:28,5:56:11
3171,3288,Michael Vincent,M50-54,386,Open,Canada,45:57,,2:51:27,,2:06:22,5:56:31
3172,2339,David Daggett,M60-64,95,Open,United States,35:00,,2:50:41,,2:18:13,5:56:32
3173,2453,Holger Hilken,M55-59,255,Open,Germany,39:55,,2:56:41,,2:02:18,5:56:34
3174,1575,Kevin Zepp,M65-69,23,Open,United States,41:30,,2:58:34,,1:59:40,5:56:34
3175,485,Yannick Herman,M40-44,498,Open,Belgium,37:31,,3:09:17,,2:00:51,5:56:38
3176,2132,Joshua Stephens,M30-34,464,Open,United States,36:06,,3:02:36,,2:01:52,5:56:42
3177,2421,William Carlson,M60-64,96,Open,United States,39:43,,2:55:10,,2:06:41,5:56:42
3178,4465,Brian Lee,M45-49,452,Open,United States,43:41,,2:53:26,,2:02:55,5:56:48
3179,2302,Bob Woodruff,M60-64,97,Open,United States,41:16,,2:57:06,,2:05:05,5:56:55
3180,2251,Alfonso Ahuja,M60-64,98,Open,United States,40:00,,2:55:03,,2:07:43,5:57:03
3181,4000,Arseni Kostritsyn,M45-49,453,Open,United States,39:08,,3:12:34,,1:55:51,5:57:12
3182,2309,Philippe Parmantier,M60-64,99,Open,France,35:46,,3:04:53,,1:57:42,5:57:15
3183,4430,Bruce Gie,M45-49,454,Open,South Africa,34:37,,2:52:13,,2:13:57,5:57:17
3184,3305,André Janneteau,M50-54,387,Open,Canada,38:25,,3:03:31,,2:05:29,5:57:19
3185,1328,Jacky PAUCET,M35-39,492,Open,France,34:30,,2:49:16,,2:23:00,5:57:31
3186,2262,Piet Viljoen,M60-64,100,Open,South Africa,50:12,,2:49:35,,2:06:47,5:57:38
3187,1597,Michael White,M65-69,24,Open,United States,40:56,,3:08:28,,1:59:06,5:57:43
3188,1337,Jamie Woodland,M35-39,493,Open,United Kingdom,43:05,,2:50:57,,2:06:53,5:57:47
3189,818,Stuart Connolly,M70-74,2,Open,Canada,43:20,,3:01:09,,2:01:10,5:57:53
3190,4329,Tim Schönberg,M45-49,455,Open,Germany,40:51,,2:50:17,,2:15:33,5:57:57
3191,4098,Windell Ellorimo,M45-49,456,Open,Philippines,38:35,,3:11:01,,1:53:47,5:58:06
3192,2359,Brian Smith,M60-64,101,Open,United States,34:10,,2:52:45,,2:18:14,5:58:27
3193,1731,Pierre-Antoine Garcia,M30-34,465,Open,France,37:35,,3:00:28,,2:05:50,5:58:42
3194,4551,Konstantin Dudnik,M55-59,256,Open,Kazakhstan,48:10,,2:56:53,,1:57:42,5:58:44
3195,2981,Jorge Lopez,M50-54,388,Open,Peru,37:01,,3:03:22,,2:01:13,5:58:54
3196,2637,Stan Kroder,M55-59,257,Open,United States,32:05,,3:00:24,,2:13:54,5:59:05
3197,2698,Mikhail Zhuravlev,M55-59,258,Open,Canada,45:43,,3:18:01,,1:42:46,5:59:08
3198,550,Frank Orlando,M40-44,499,Open,United States,40:14,,3:03:34,,1:56:35,5:59:09
3199,2239,Ed Vescovi,M60-64,102,Open,United States,38:53,,3:09:06,,1:53:43,5:59:11
3200,3096,Andres Sierra,M50-54,389,Open,Colombia,36:50,,3:04:45,,2:03:03,5:59:17
3201,2831,Douglas Corcoran,M50-54,390,Open,United States,37:10,,3:09:10,,2:00:23,5:59:20
3202,4519,Laurent Pierre Garnier,M45-49,457,Open,Switzerland,37:14,,2:55:50,,2:12:25,5:59:20
3203,3529,Hugh Macrae,M25-29,342,Open,Canada,33:17,,3:24:34,,1:52:38,5:59:24
3204,2376,Jose Alberto Rubalcava,M60-64,103,Open,Mexico,38:12,,2:48:18,,2:13:05,5:59:26
3205,1599,Eli Tepperberg,M65-69,25,Open,United States,39:14,,3:03:15,,2:03:20,5:59:29
3206,4413,James Jantzi,M45-49,458,Open,Canada,39:16,,2:57:41,,2:12:20,5:59:29
3207,2723,Juan Miguel Raffo,M55-59,259,Open,Peru,33:30,,3:04:26,,2:08:55,5:59:49
3208,2277,Jose Samayoa,M60-64,104,Open,El Salvador,35:21,,3:05:48,,2:04:47,5:59:50
3209,2704,Jonas ERIKSSON,M55-59,260,Open,Sweden,39:38,,3:01:13,,2:04:23,5:59:52
3210,2171,Minh Anh Tran Dinh,M30-34,466,Open,Vietnam,48:14,,2:53:20,,2:03:07,5:59:52
3211,4514,Francisco De Asis Cardenas,M45-49,459,Open,Spain,37:30,,3:14:38,,1:56:06,5:59:54
3212,2816,MOUTON THIERRY,M50-54,391,Open,France,34:07,,3:02:05,,2:10:42,5:59:56
3213,4383,Elad Rom,M45-49,460,Open,Israel,32:52,,3:14:04,,1:48:47,5:59:56
3214,2901,Michel Galarneau,M50-54,392,Open,Canada,35:27,,3:01:26,,2:13:22,5:59:57
3215,2718,Stephen Helgemo,M55-59,261,Open,United States,42:28,,3:08:04,,1:48:24,6:00:15
3216,3119,Todd Michels,M50-54,393,Open,United States,41:28,,2:59:19,,2:05:22,6:00:15
3217,3349,Spencer Hofschulte-Beck,M25-29,343,Open,United States,40:34,,3:04:01,,2:02:41,6:00:16
3218,2410,David Johns,M60-64,105,Open,United States,37:32,,3:07:15,,1:56:55,6:00:18
3219,1013,Eric Otte,M35-39,494,Open,United States,33:50,,3:24:44,,1:36:52,6:00:35
3220,1112,Shawn Colden,M35-39,495,Open,United States,38:55,,3:06:37,,2:01:21,6:01:17
3221,1532,Guy Sigley,M65-69,26,Open,United States,37:23,,2:58:28,,2:12:58,6:01:33
3222,2259,Ron Prann,M60-64,106,Open,United States,47:33,,3:05:43,,1:55:24,6:01:39
3223,2316,Gareth Gratton,M60-64,107,Open,Australia,37:19,,3:07:46,,1:59:09,6:01:40
3224,3465,Alex Fauer,M25-29,344,Open,United States,32:57,,3:17:46,,1:58:24,6:01:45
3225,2499,Michael Lane,M55-59,262,Open,United States,34:34,,3:02:33,,2:11:34,6:01:46
3226,2397,Klaus Schmidberger,M60-64,108,Open,Austria,36:41,,3:07:32,,2:07:32,6:01:49
3227,2407,Michael Sharp,M60-64,109,Open,United States,42:52,,3:03:26,,2:02:11,6:01:50
3228,1460,Marek Czajkowski,M35-39,496,Open,Australia,49:26,,3:02:03,,1:58:18,6:01:52
3229,376,Jonathan Theriault,M40-44,500,Open,Canada,50:08,,2:59:23,,2:01:10,6:02:00
3230,742,Umit Vatansever,M40-44,501,Open,Turkey,33:05,,3:03:21,,2:14:43,6:02:06
3231,1946,Dylan Vidoli,M30-34,467,Open,United States,49:23,,3:00:49,,1:57:17,6:02:15
3232,2322,Kevin Rupp,M60-64,110,Open,United States,32:54,,2:53:00,,2:24:34,6:02:43
3233,4052,Gonzalo Diaz,M45-49,461,Open,Chile,41:48,,3:14:58,,1:54:43,6:02:45
3234,2338,Wiktor Cichon,M60-64,111,Open,Australia,41:21,,3:04:44,,2:03:45,6:02:49
3235,4112,Colin Boone,M45-49,462,Open,United States,37:49,,2:51:04,,2:23:46,6:03:10
3236,3200,Emmanuel Mondero,M50-54,394,Open,Philippines,41:12,,2:58:28,,2:08:44,6:03:30
3237,1540,Michael Mawdsley,M65-69,27,Open,Canada,44:26,,2:54:38,,2:06:36,6:03:38
3238,1623,Emil Raschle,M65-69,28,Open,Switzerland,38:40,,2:57:39,,2:12:51,6:03:40
3239,4406,Marc Anderson,M45-49,463,Open,United States,37:08,,3:05:05,,2:07:05,6:03:51
3240,1716,Alex Wegener,M30-34,468,Open,United States,33:20,,2:56:21,,2:20:38,6:03:58
3241,3023,Keith Brown,M50-54,395,Open,Canada,38:05,,3:08:55,,2:07:03,6:04:02
3242,2564,Marcos Pijuan,M55-59,263,Open,Argentina,36:51,,3:07:52,,2:06:04,6:04:06
3243,2352,Steve Southwell,M60-64,112,Open,United States,39:18,,2:57:15,,2:14:16,6:04:11
3244,1448,Ruan Farmer,M35-39,497,Open,United States,46:31,,2:51:24,,2:15:27,6:04:15
3245,1227,Matt Glaros,M35-39,498,Open,United States,37:48,,3:12:52,,1:56:39,6:04:25
3246,1584,Jaime Balderrama,M65-69,29,Open,Mexico,38:26,,3:04:25,,2:09:10,6:04:40
3247,1198,Justin Hollman,M35-39,499,Open,United States,33:52,,2:50:16,,2:27:00,6:04:48
3248,4342,Jorge Galindo,M45-49,464,Open,Mexico,39:20,,3:15:47,,1:55:10,6:04:58
3249,2287,Alejandro Ernesto Coto,M60-64,113,Open,Argentina,41:52,,3:04:50,,2:02:39,6:05:04
3250,1554,Ronald Lemm,M65-69,30,Open,Germany,41:16,,3:12:12,,1:54:40,6:05:30
3251,3956,Kevin Bliss,M45-49,465,Open,United States,47:03,,3:15:08,,1:48:56,6:05:31
3252,2360,Huseyin Koc,M60-64,114,Open,Costa Rica,36:19,,3:11:13,,2:04:27,6:05:58
3253,3352,Nicolas Gonatas,M25-29,345,Open,South Africa,40:03,,3:03:01,,2:12:00,6:05:58
3254,3251,Darren Henderson,M50-54,396,Open,Australia,35:20,,3:18:37,,2:00:36,6:06:01
3255,2323,Wolfgang Müller,M60-64,115,Open,Germany,41:45,,3:09:50,,2:00:04,6:06:25
3256,4059,Chad Ehrhardt,M45-49,466,Open,United States,33:21,,3:10:00,,2:10:53,6:06:38
3257,2334,Gerry Steinberg,M60-64,116,Open,Germany,41:09,,3:04:14,,2:07:15,6:06:48
3258,2600,Joseph Mendoza,M55-59,264,Open,Philippines,48:04,,2:58:02,,2:06:26,6:06:49
3259,4547,Michael Cohen,M50-54,397,Open,United States,39:17,,3:07:17,,2:08:38,6:07:04
3260,2243,Ihor Vernikovskyy,M60-64,117,Open,Ukraine,32:27,,3:15:08,,2:06:52,6:07:07
3261,3669,Matthew Budden,M25-29,346,Open,South Africa,33:25,,3:02:47,,2:21:54,6:07:14
3262,779,Philip Hanley,M70-74,3,Open,Australia,35:39,,3:14:10,,2:05:37,6:07:15
3263,2592,Shawn Reniker,M55-59,265,Open,United States,37:09,,3:08:00,,2:11:07,6:07:21
3264,2419,Troy Cundari,M60-64,118,Open,American Samoa,47:28,,3:03:05,,2:03:16,6:07:46
3265,652,John Nelson,M40-44,502,Open,Australia,38:54,,3:10:04,,2:06:15,6:07:47
3266,807,Graeme Hampton,M70-74,4,Open,Australia,45:54,,3:14:17,,1:55:30,6:07:49
3267,802,Mike Wien,M70-74,5,Open,United States,38:32,,3:14:58,,2:00:36,6:07:57
3268,620,Peter Szunyogh,M40-44,503,Open,United States,38:55,,3:13:48,,2:00:25,6:08:08
3269,3006,Ryan Lee,M50-54,398,Open,Singapore,40:58,,3:11:28,,1:59:48,6:08:37
3270,2492,Marco Aurelio Dos Santos,M55-59,266,Open,Brazil,49:46,,3:14:43,,1:48:50,6:08:41
3271,790,Jim Fuller,M70-74,6,Open,United States,36:58,,3:10:01,,2:07:42,6:08:54
3272,2616,Akira Ono,M55-59,267,Open,Japan,45:37,,3:21:40,,1:47:27,6:08:59
3273,1467,Jose Lemos,M35-39,500,Open,Brazil,33:42,,3:21:17,,1:56:16,6:09:02
3274,4181,Gonzalo Viquez,M45-49,467,Open,Costa Rica,37:43,,3:15:07,,1:59:53,6:09:09
3275,2232,Alberto Pizzarulli,M60-64,119,Open,Argentina,35:06,,3:05:44,,2:09:21,6:09:22
3276,3090,Alfredo Marron,M50-54,399,Open,Mexico,36:42,,3:17:24,,2:00:58,6:09:23
3277,1529,Jeff Gordon,M65-69,31,Open,United States,46:35,,3:06:17,,2:01:31,6:09:57
3278,494,Bernardo Alvarenga,M40-44,504,Open,Brazil,28:11,,3:06:23,,2:19:54,6:10:04
3279,478,Stephen Irvine,M40-44,505,Open,United States,39:50,,3:05:59,,2:12:25,6:10:16
3280,261,Dagmar Kagie,M40-44,506,Open,Netherlands,41:22,,3:17:25,,1:57:40,6:10:20
3281,2390,Carlos Roberto Santos,M60-64,120,Open,Brazil,37:47,,3:03:25,,2:09:24,6:10:32
3282,2366,John Corelli,M60-64,121,Open,Canada,42:44,,3:19:51,,1:52:27,6:10:35
3283,2367,Dave Yurkovic,M60-64,122,Open,United States,35:01,,3:03:59,,2:17:57,6:10:44
3284,2671,Joseph Polomene,M55-59,268,Open,United States,44:14,,3:08:15,,2:00:31,6:10:47
3285,2428,Marc Sosnowski,M55-59,269,Open,United States,40:13,,3:11:14,,1:52:54,6:10:49
3286,3662,Bradley Siefker,M25-29,347,Open,United States,31:04,,2:47:59,,2:37:50,6:10:51
3287,4415,Mark Hand,M45-49,468,Open,Ireland,39:25,,3:12:02,,2:09:58,6:10:53
3288,990,Salil Patil,M35-39,501,Open,India,36:03,,3:06:11,,2:15:09,6:11:05
3289,2340,David Marchetti,M60-64,123,Open,United States,38:42,,3:00:38,,2:19:59,6:11:07
3290,1671,Bryan Lee,M30-34,469,Open,United States,44:03,,3:01:22,,2:15:17,6:11:38
3291,3547,Chris Mulhall,M25-29,348,Open,United States,33:27,,3:01:00,,2:26:57,6:11:49
3292,1701,Jordan Mulhearn,M30-34,470,Open,Australia,36:07,,3:22:25,,1:59:18,6:11:52
3293,2278,Dieter Schick,M60-64,124,Open,Germany,36:40,,3:04:08,,2:18:05,6:11:52
3294,2283,Mark Rattray,M60-64,125,Open,New Zealand,41:33,,2:53:55,,2:20:44,6:11:53
3295,2230,Carl Binner,M60-64,126,Open,United States,35:51,,3:22:55,,2:00:47,6:12:04
3296,2313,Ron Mora,M60-64,127,Open,United States,50:43,,2:52:40,,2:11:10,6:12:20
3297,1618,Bruce ANNABEL,M65-69,32,Open,Australia,36:06,,3:06:51,,2:14:39,6:12:42
3298,3936,Joseph Rubino,M45-49,469,Open,United States,40:44,,3:13:11,,2:05:50,6:13:11
3299,1790,Edmond Boullianne,M30-34,471,Open,United States,42:28,,2:58:15,,2:19:06,6:13:18
3300,740,Todd Manion,M40-44,507,Open,United States,35:09,,3:21:19,,2:04:49,6:13:23
3301,3784,Todd Taylor,M18-24,134,Open,United States,30:46,,3:10:11,,2:14:30,6:13:26
3302,2603,Mikko Manner,M55-59,270,Open,United States,42:55,,3:12:00,,1:57:59,6:13:30
3303,3205,Roberto De Andraca,M50-54,400,Open,Chile,44:54,,3:13:11,,2:00:10,6:13:34
3304,2557,Brian Walker,M55-59,271,Open,United States,33:36,,3:06:32,,2:20:34,6:13:57
3305,632,Cedric Bougeard,M40-44,508,Open,France,46:18,,3:06:58,,2:06:28,6:14:11
3306,2318,Fabian Berdun,M60-64,128,Open,Argentina,45:51,,3:12:40,,2:04:00,6:14:20
3307,102,René Maier,MPC,,Open,Germany,38:25,,2:57:15,,2:29:04,6:14:27
3308,810,Guido Donà,M70-74,7,Open,Switzerland,37:04,,3:09:01,,2:16:57,6:14:46
3309,2502,Jim Kehrle,M55-59,272,Open,United States,37:18,,3:07:22,,2:04:38,6:14:58
3310,2678,Mike Möbius,M55-59,273,Open,Germany,45:59,,3:08:18,,2:04:08,6:15:49
3311,4518,Jerry Bartolome,M45-49,470,Open,United States,56:42,,3:06:34,,1:56:11,6:15:54
3312,2305,Jeff Dorrill,M60-64,129,Open,United States,50:38,,3:13:51,,1:50:48,6:15:55
3313,3156,SANDRO MAGALHAES,M50-54,401,Open,Brazil,35:38,,3:11:31,,2:13:34,6:16:02
3314,637,Luke Collyer,M40-44,509,Open,Australia,39:57,,2:56:49,,2:30:40,6:16:42
3315,2773,Clemens Scholzen,M55-59,274,Open,Switzerland,44:29,,3:00:04,,2:12:20,6:17:14
3316,2653,Brian Pogue,M55-59,275,Open,United States,36:49,,3:02:19,,2:17:33,6:17:26
3317,2607,Ricardo Hespanha,M55-59,276,Open,Brazil,41:04,,3:02:13,,2:21:38,6:17:31
3318,3984,James MADDEN,M45-49,471,Open,New Zealand,35:25,,2:54:45,,2:33:50,6:17:36
3319,1534,Thierry Lebeau,M65-69,33,Open,France,40:39,,3:13:29,,2:13:12,6:17:43
3320,2389,Blake Briggs,M60-64,130,Open,United States,39:05,,3:12:15,,2:14:25,6:17:49
3321,2396,Phil Sykes,M60-64,131,Open,United Kingdom,38:10,,3:06:39,,2:22:54,6:18:03
3322,3285,Uli Gahl,M50-54,402,Open,Germany,42:04,,3:12:10,,2:10:17,6:18:06
3323,355,Joseph Maloney,M40-44,510,Open,Ireland,37:07,,2:59:01,,2:26:50,6:18:06
3324,2631,Sean Finn,M55-59,277,Open,Ireland,43:14,,2:57:34,,2:26:38,6:18:20
3325,419,Jason Ramdeen,M40-44,511,Open,Jamaica,35:42,,3:22:16,,2:05:38,6:18:24
3326,3894,Josh Kahn,M18-24,135,Open,Canada,40:16,,3:16:35,,2:07:00,6:18:27
3327,3347,Lachlan Bonney,M25-29,349,Open,Australia,35:28,,3:19:08,,2:10:18,6:18:35
3328,2267,Ed Omalley,M60-64,132,Open,United States,31:36,,3:11:34,,2:19:20,6:18:37
3329,793,Jean Marc Primault,M70-74,8,Open,France,44:00,,3:08:47,,2:04:59,6:18:40
3330,1461,Mark Bucknall,M35-39,502,Open,Australia,38:17,,3:14:03,,2:12:56,6:19:07
3331,1687,Marco Ramirez,M30-34,472,Open,United States,43:31,,3:30:09,,1:50:21,6:19:21
3332,4352,Paul Cubbins,M45-49,472,Open,United Kingdom,38:13,,2:42:13,,2:45:14,6:19:21
3333,4542,Allen Davidov,M40-44,512,Open,Canada,42:00,,3:04:15,,2:14:12,6:19:33
3334,1553,Dirk Elliott,M65-69,34,Open,United States,38:24,,3:21:57,,2:04:36,6:19:37
3335,2341,Jim Napoli,M60-64,133,Open,United States,40:25,,3:03:44,,2:20:30,6:19:44
3336,3232,Heath Eskalyo,M50-54,403,Open,United States,41:45,,3:07:59,,2:11:13,6:20:02
3337,2459,Cesar Kiamco,M55-59,278,Open,Panama,36:27,,3:18:09,,2:02:23,6:20:04
3338,3093,Victor Salazar,M50-54,404,Open,Colombia,40:07,,3:24:08,,2:02:55,6:20:12
3339,2345,Bruno Depaix,M60-64,134,Open,France,36:50,,3:18:59,,2:10:52,6:20:30
3340,2353,Håkan Widlund,M60-64,135,Open,Sweden,38:33,,3:02:15,,2:22:38,6:20:42
3341,2692,Peter Magill,M55-59,279,Open,Denmark,42:21,,3:08:04,,2:16:42,6:20:42
3342,4516,Will DeLeon,M45-49,473,Open,United States,38:07,,3:25:40,,1:59:20,6:20:45
3343,1588,Dennis Masse,M65-69,35,Open,Canada,35:56,,3:28:51,,1:59:42,6:21:04
3344,2320,Darryl Holman,M60-64,136,Open,United States,51:27,,3:08:52,,1:53:24,6:21:13
3345,2381,Hironobu Nakano,M60-64,137,Open,Japan,42:10,,3:13:48,,2:08:44,6:21:16
3346,1533,Jack Lowdermilk,M65-69,36,Open,United States,47:06,,3:16:36,,2:01:54,6:21:58
3347,3143,Charlie Pragnell,M50-54,405,Open,Australia,42:21,,3:03:59,,2:22:09,6:22:12
3348,2737,Phil Sumner,M55-59,280,Open,United Kingdom,43:32,,3:10:35,,2:12:23,6:22:34
3349,4556,Raye Khoury,M45-49,474,Open,Dominican Republic,35:09,,3:15:26,,2:10:26,6:22:46
3350,1594,Joseph Hillner,M65-69,37,Open,United States,45:04,,3:08:52,,2:02:08,6:23:01
3351,2307,Dale Jackson,M60-64,138,Open,United States,38:56,,3:06:50,,2:22:22,6:23:08
3352,4398,Andrea Polito,M45-49,475,Open,Italy,40:29,,3:07:41,,2:15:03,6:23:09
3353,1589,James Duncan,M65-69,38,Open,United States,37:24,,3:04:46,,2:26:41,6:23:18
3354,4084,Tomasz Liberka,M45-49,476,Open,Poland,41:12,,3:17:11,,2:13:19,6:23:35
3355,2745,Alexander Hsia,M55-59,281,Open,United States,54:13,,3:03:56,,2:14:18,6:24:12
3356,3341,Alex Silva,M25-29,350,Open,United States,49:39,,3:15:20,,2:07:39,6:24:13
3357,162,Rich Green,M40-44,513,Open,New Zealand,45:54,,3:19:45,,2:06:06,6:24:14
3358,2518,Chris Gdanski,M55-59,282,Open,Canada,39:01,,3:15:10,,2:18:14,6:24:20
3359,2247,Graham Crowther,M60-64,139,Open,Australia,35:40,,3:15:59,,2:18:24,6:24:22
3360,636,Satyen Thadani,M40-44,514,Open,India,42:16,,3:23:11,,2:01:17,6:24:25
3361,2668,Brian Buddell,M55-59,283,Open,United States,41:27,,3:06:07,,2:21:07,6:24:43
3362,1327,Christian Bucher,M35-39,503,Open,Switzerland,43:51,,3:12:58,,2:16:55,6:24:44
3363,1066,Patrick Clerkin,M35-39,504,Open,United States,34:38,,3:17:03,,2:19:41,6:25:11
3364,4555,Alan Freedman,M55-59,284,Open,United States,38:00,,3:21:42,,2:08:51,6:25:22
3365,1672,Michael Cooper,M30-34,473,Open,Australia,38:27,,3:12:04,,2:22:49,6:25:37
3366,3248,John Vanalsburg,M50-54,406,Open,United States,36:55,,3:20:52,,2:10:09,6:25:44
3367,2784,Francois Bouchard,M55-59,285,Open,Canada,46:23,,3:15:43,,2:09:14,6:26:07
3368,1615,Tony Hoare,M65-69,39,Open,United Kingdom,45:13,,3:12:05,,2:12:30,6:26:07
3369,2908,David Chung,M50-54,407,Open,United States,47:46,,2:57:32,,2:25:29,6:26:08
3370,2545,Doug Gardner,M55-59,286,Open,United States,50:38,,3:02:19,,2:15:51,6:26:17
3371,4150,John Gaffey,M45-49,477,Open,Australia,36:31,,3:15:04,,2:22:37,6:26:26
3372,3300,Thomas Giannettino,M50-54,408,Open,United States,46:39,,3:26:31,,2:03:08,6:26:28
3373,4147,Miki Zagury,M45-49,478,Open,Israel,42:19,,3:17:07,,2:11:38,6:26:29
3374,2568,Klaus Neubeck,M55-59,287,Open,Germany,46:40,,2:59:43,,2:23:19,6:26:30
3375,2782,Philippe Garcia,M55-59,288,Open,France,43:40,,3:10:06,,2:21:00,6:26:50
3376,124,Jamie Gilbert,M40-44,515,Open,United Kingdom,43:21,,2:52:22,,2:31:47,6:27:32
3377,1032,Chris Herbert,M35-39,505,Open,Australia,43:44,,2:58:14,,2:27:27,6:27:34
3378,2627,Andre Pruis,M55-59,289,Open,South Africa,37:41,,3:00:24,,2:34:56,6:27:36
3379,654,Shane Walsh,M40-44,516,Open,Ireland,44:11,,3:01:48,,2:26:44,6:27:39
3380,2612,Leonhard Paul,M55-59,290,Open,Germany,39:55,,3:18:04,,2:12:18,6:27:42
3381,2779,Gavin Carey,M55-59,291,Open,Australia,35:54,,3:12:28,,2:28:53,6:28:51
3382,3004,Stephen Pitre,M50-54,409,Open,United States,40:44,,3:04:09,,2:32:59,6:29:01
3383,1600,Fernando Gonzalez,M65-69,40,Open,Chile,39:17,,3:00:57,,2:33:27,6:29:06
3384,1572,Larry Davidson,M65-69,41,Open,United States,43:17,,3:12:43,,2:17:03,6:29:08
3385,2785,Dave Maroukis,M55-59,292,Open,United States,41:31,,3:30:28,,2:01:41,6:29:09
3386,3237,Bradley Ryder,M50-54,410,Open,South Africa,37:00,,3:28:17,,2:12:43,6:29:09
3387,101,Rajesh Durbal,MPC,,Open,United States,40:09,,3:24:30,,2:10:13,6:29:16
3388,801,Raymond Lévesque,M70-74,9,Open,Canada,45:08,,3:18:03,,2:11:14,6:29:26
3389,4236,Carlos Gonzalez,M45-49,479,Open,Mexico,34:40,,3:21:41,,2:18:39,6:30:04
3390,1611,Luis Humberto Monti,M65-69,42,Open,Argentina,47:59,,3:18:03,,2:11:50,6:30:56
3391,2670,Simon Watson,M55-59,293,Open,United Kingdom,41:19,,3:16:20,,2:14:43,6:31:32
3392,1536,David Britt,M65-69,43,Open,Australia,48:57,,3:12:37,,2:14:02,6:31:47
3393,2506,Peter Watt,M55-59,294,Open,Canada,50:11,,3:04:11,,2:24:52,6:32:19
3394,1547,Jim Peplow,M65-69,44,Open,United States,49:48,,3:19:03,,2:04:47,6:32:27
3395,3041,ADAM SHIPARD,M50-54,411,Open,Australia,41:22,,3:08:43,,2:23:24,6:32:35
3396,830,Mike Nelson,M75-79,1,Open,United States,37:26,,3:11:02,,2:27:15,6:32:39
3397,827,Walt Rider,M70-74,10,Open,United States,47:33,,3:17:18,,2:07:51,6:32:40
3398,1609,Howard Lee,M65-69,45,Open,United States,36:55,,3:16:30,,2:17:21,6:32:44
3399,1587,Emmanuel Carballeda Taboada,M65-69,46,Open,Panama,40:22,,3:31:58,,2:03:20,6:33:14
3400,1193,Alimzhan Akayev,M35-39,506,Open,Kazakhstan,43:49,,3:37:11,,2:01:44,6:33:21
3401,1586,Pete Wilson,M65-69,47,Open,Canada,55:05,,3:02:30,,2:20:04,6:33:28
3402,728,Marlon Ancheta,M40-44,517,Open,Philippines,46:12,,3:13:48,,2:18:36,6:33:33
3403,2244,Shaun Marshall-Pryde,M60-64,140,Open,United States,40:19,,3:07:13,,2:33:48,6:33:38
3404,2547,Jim Gaubert,M55-59,295,Open,United States,37:01,,3:27:25,,2:10:05,6:33:47
3405,2875,Mike Ketron,M50-54,412,Open,United States,45:13,,3:25:49,,2:07:52,6:34:42
3406,1409,Richard Greenlee,M35-39,507,Open,United States,39:38,,3:07:25,,2:30:09,6:34:46
3407,1092,Nicolas Bernier,M35-39,508,Open,Canada,44:15,,3:18:50,,2:15:59,6:35:11
3408,2726,Artur Pupka,M55-59,296,Open,Poland,39:40,,3:16:09,,2:20:35,6:35:12
3409,1574,Terry Crowe,M65-69,48,Open,Australia,38:00,,3:11:37,,2:32:54,6:35:22
3410,1622,René Meier,M65-69,49,Open,Switzerland,45:36,,3:22:49,,2:13:15,6:35:36
3411,1546,Robert Owens,M65-69,50,Open,Australia,45:07,,3:12:10,,2:25:40,6:35:38
3412,2989,Jon Galloway,M50-54,413,Open,United States,34:59,,3:29:57,,2:15:19,6:35:40
3413,2563,Bryan Tagge,M55-59,297,Open,United States,42:38,,2:56:59,,2:38:49,6:35:50
3414,2102,David Cessna,M30-34,474,Open,United States,41:56,,3:11:32,,2:27:56,6:36:10
3415,619,Danilo Sverzut,M40-44,518,Open,Brazil,41:47,,3:18:51,,2:21:27,6:36:13
3416,2380,Gary Williams,M60-64,141,Open,Australia,35:27,,3:17:18,,2:34:13,6:36:19
3417,1577,Michel Mooser,M65-69,51,Open,Switzerland,33:03,,3:31:12,,2:17:48,6:36:31
3418,3146,Jeffrey Hersh,M50-54,414,Open,United States,46:43,,3:15:25,,2:14:52,6:36:39
3419,2082,Kit Walker,M30-34,475,Open,United Kingdom,25:13,,2:12:36,,3:52:47,6:36:55
3420,1592,Igor Pastukh,M65-69,52,Open,Ukraine,38:52,,3:20:34,,2:21:37,6:36:58
3421,2647,Joji Hiroishi,M55-59,298,Open,Japan,50:59,,3:17:58,,1:48:06,6:37:09
3422,3801,Dillon Ruble,M18-24,136,Open,United States,54:42,,3:28:08,,1:56:35,6:37:27
3423,4369,Drew Regan,M45-49,480,Open,United States,34:33,,3:29:49,,2:21:58,6:37:33
3424,4282,Marcus Wong,M45-49,481,Open,Singapore,45:25,,3:19:32,,2:16:33,6:37:57
3425,475,Mark Tuggle,M40-44,519,Open,United States,47:47,,3:28:45,,2:02:29,6:38:27
3426,3296,Hector Morales,M50-54,415,Open,Puerto Rico,53:52,,3:19:35,,2:05:57,6:38:27
3427,1620,Steven Hooper,M65-69,53,Open,United States,44:13,,3:16:01,,2:23:13,6:38:57
3428,799,Gordon Mclaughlin,M70-74,11,Open,Canada,32:49,,3:26:32,,2:23:06,6:39:10
3429,4155,Juan Grau,M45-49,482,Open,Argentina,43:33,,3:34:46,,2:06:24,6:39:10
3430,3327,Johnny Young,M25-29,351,Open,United States,39:58,,3:24:40,,2:24:36,6:39:16
3431,2567,Masashi Yamashita,M55-59,299,Open,Japan,48:25,,3:12:38,,2:09:36,6:40:01
3432,2742,John Langell,M55-59,300,Open,United States,47:10,,3:28:54,,2:08:35,6:40:13
3433,2399,Robert Brouillette,M60-64,142,Open,Canada,48:01,,3:24:27,,2:15:56,6:41:57
3434,476,Wojciech Litwiniuk,M40-44,520,Open,Poland,35:11,,3:07:50,,2:45:41,6:42:15
3435,2297,Thomas Dreher,M60-64,143,Open,Germany,42:16,,3:21:21,,2:24:12,6:42:58
3436,1606,Michael Kimpton,M65-69,54,Open,Australia,38:51,,3:16:41,,2:30:30,6:43:15
3437,4279,Gasanova Pluto,M45-49,483,Open,Indonesia,38:18,,3:16:20,,2:29:48,6:43:19
3438,1535,Reynolds Rod,M65-69,55,Open,Hong Kong,39:59,,3:16:29,,2:29:58,6:44:10
3439,2856,Roger Holcombe,M50-54,416,Open,United States,45:44,,3:00:21,,2:46:51,6:44:23
3440,1579,John Reinke,M65-69,56,Open,United States,39:13,,3:15:58,,2:32:50,6:44:31
3441,811,Tom Fitch,M70-74,12,Open,United States,41:55,,3:24:56,,2:20:40,6:44:43
3442,3317,Jorge Mejia,M50-54,417,Open,Mexico,53:40,,3:30:52,,2:05:48,6:44:46
3443,2405,Jim Sowders,M60-64,144,Open,United States,47:23,,3:22:27,,2:17:54,6:44:48
3444,2325,David Curtis,M60-64,145,Open,United States,42:10,,3:07:30,,2:33:19,6:45:03
3445,1567,Patrick Poncin,M65-69,57,Open,France,41:31,,3:49:14,,2:02:10,6:45:12
3446,2348,Norman Cooper,M60-64,146,Open,United States,36:46,,3:05:08,,2:46:24,6:46:06
3447,3013,Damien Channing,M50-54,418,Open,Australia,42:41,,3:20:15,,2:26:32,6:46:09
3448,4278,Sinuhe Arroyo,M45-49,484,Open,Singapore,43:42,,3:34:55,,2:09:21,6:46:42
3449,3034,Craig Fitzpatrick,M50-54,419,Open,United States,48:20,,3:10:54,,2:26:38,6:46:45
3450,1525,David Wilson,M65-69,58,Open,United States,39:45,,3:10:26,,2:36:18,6:46:56
3451,2942,Johannes Horn,M50-54,420,Open,South Africa,48:46,,3:17:55,,2:27:57,6:47:48
3452,2342,Mark Stieren,M60-64,147,Open,United States,49:30,,3:12:28,,2:31:27,6:48:00
3453,3582,Alex Barron,M25-29,352,Open,Australia,39:50,,3:11:18,,2:42:13,6:48:28
3454,2904,David Wilson,M50-54,421,Open,United States,43:02,,3:10:13,,2:36:39,6:49:06
3455,2415,Glen Skelton,M60-64,148,Open,United States,39:23,,3:31:26,,2:16:05,6:49:33
3456,813,Thomas Nagy,M70-74,13,Open,United States,35:24,,3:10:54,,2:45:45,6:49:34
3457,1610,Scott Boylan,M65-69,59,Open,United States,51:43,,3:31:02,,1:57:06,6:50:04
3458,1607,William Warren,M65-69,60,Open,United States,39:52,,3:29:12,,2:18:51,6:51:01
3459,238,Harsh Chiplonkar,M40-44,521,Open,India,41:24,,3:14:48,,2:42:46,6:51:07
3460,2286,Ronald Schultz,M60-64,149,Open,United States,41:40,,3:01:57,,2:58:11,6:52:25
3461,4439,Tim Haws,M45-49,485,Open,United States,49:57,,3:21:04,,2:23:39,6:52:34
3462,782,Erie Stone,M70-74,14,Open,United States,44:01,,3:26:25,,2:27:47,6:53:04
3463,3128,Yonghan Yun,M50-54,422,Open,Korea,42:30,,3:26:06,,2:23:37,6:53:07
3464,229,Jean-Bernard Martel,M40-44,522,Open,Canada,38:38,,4:03:00,,1:58:13,6:53:25
3465,2304,Thomas Greczmiel,M60-64,150,Open,Germany,40:34,,3:05:09,,2:52:44,6:53:31
3466,1556,Salvatore Cupelli,M65-69,61,Open,Belgium,57:07,,3:17:11,,2:20:28,6:54:02
3467,788,John Hollenhorst,M70-74,15,Open,United States,46:17,,3:46:56,,2:05:20,6:54:54
3468,2772,Miguel A Ramos,M55-59,301,Open,United States,38:17,,3:50:39,,2:10:09,6:55:06
3469,2020,Szu-Wei Wu,M30-34,476,Open,Taiwan,44:26,,3:18:43,,2:28:03,6:55:49
3470,805,Yves Laval,M70-74,16,Open,France,42:20,,3:17:40,,2:42:21,6:56:26
3471,4295,Wade Harbin,M45-49,486,Open,United States,38:15,,3:28:35,,2:36:14,6:58:04
3472,832,Michael Zinn,M75-79,2,Open,United States,42:36,,3:15:35,,2:50:57,6:58:29
3473,2498,Greg Morgan,M55-59,302,Open,United Kingdom,51:03,,3:21:05,,2:33:47,6:58:36
3474,4353,Wayne Galant,M45-49,487,Open,South Africa,57:31,,3:20:21,,2:26:38,6:58:41
3475,1538,Manuel Enriquez Blake,M65-69,62,Open,Mexico,51:18,,3:36:31,,2:16:22,7:01:01
3476,1130,Rudi Craps,M35-39,509,Open,South Africa,38:08,,3:40:16,,2:23:39,7:01:10
3477,2378,Thomas Roth,M60-64,151,Open,United States,48:15,,3:18:05,,2:32:28,7:01:51
3478,809,Reagan Splady,M70-74,17,Open,United States,42:15,,3:23:56,,2:36:41,7:02:03
3479,4321,Mat Goddard,M45-49,488,Open,United Kingdom,39:25,,2:50:29,,3:21:19,7:02:38
3480,1591,Mendy Katzman,M65-69,63,Open,United States,49:20,,3:10:58,,2:40:54,7:03:10
3481,2358,Francesco Bertoli,M60-64,152,Open,Italy,39:00,,3:20:39,,2:52:00,7:03:42
3482,784,Jay Dorman,M70-74,18,Open,United States,44:16,,3:28:59,,2:36:05,7:04:24
3483,1614,Terry Gates,M65-69,64,Open,United States,46:01,,3:35:58,,2:28:49,7:05:23
3484,786,Myron Pozniak,M70-74,19,Open,United States,1:01:42,,3:09:02,,2:39:27,7:06:14
3485,641,Muralidhar Somashekariah Kathalagiri,M40-44,523,Open,India,41:45,,3:34:47,,2:35:01,7:06:24
3486,1544,Brian Small,M65-69,65,Open,United States,46:33,,3:27:41,,2:29:42,7:06:49
3487,3051,Niels Erichsen,M50-54,423,Open,Guatemala,42:09,,3:06:34,,3:01:25,7:07:39
3488,126,Will Gordon,M40-44,524,Open,United States,42:47,,3:26:44,,2:42:33,7:07:53
3489,2457,Roy Brennon,M55-59,303,Open,South Africa,43:17,,3:04:01,,2:57:59,7:08:21
3490,1560,Mario Amodio,M65-69,66,Open,Italy,41:07,,3:38:54,,2:28:43,7:08:35
3491,781,Raymond Kearsey,M70-74,20,Open,United Kingdom,49:13,,3:19:19,,2:44:30,7:08:53
3492,143,Christopher Watts,M40-44,525,Open,United States,57:43,,3:10:59,,2:40:19,7:09:13
3493,4202,Jonathan Balter,M45-49,489,Open,United States,45:05,,3:35:22,,2:36:54,7:09:42
3494,780,Daniele Pelessone,M70-74,21,Open,United States,47:25,,3:44:10,,2:17:04,7:09:44
3495,339,Ahmed Marey,M40-44,526,Open,Egypt,1:01:57,,3:24:32,,2:31:43,7:09:57
3496,791,Michael Joosten,M70-74,22,Open,United States,41:13,,3:35:25,,2:32:56,7:10:17
3497,1578,Jacky Thomas,M65-69,67,Open,France,50:31,,3:26:51,,2:39:04,7:13:38
3498,1585,David Hughes,M65-69,68,Open,United Kingdom,38:09,,3:27:23,,2:49:43,7:13:43
3499,1530,Dasharath Jadhav,M65-69,69,Open,India,49:59,,3:31:20,,2:35:38,7:13:54
3500,2710,Stewart Tennant,M55-59,304,Open,United Kingdom,44:16,,3:23:07,,2:53:24,7:14:24
3501,2413,Pericles dos Santos,M60-64,153,Open,Brazil,43:41,,3:37:48,,2:31:44,7:14:37
3502,1595,Jean-Pierre Treguier,M65-69,70,Open,France,46:47,,3:22:16,,2:41:44,7:18:52
3503,1254,Matthew Ligman,M35-39,510,Open,United States,39:22,,3:56:04,,2:27:06,7:20:00
3504,829,Jacque Harvey,M75-79,3,Open,United States,45:43,,3:49:40,,2:36:27,7:21:58
3505,1593,Masao Kikuoka,M65-69,71,Open,Japan,57:52,,3:25:56,,2:23:52,7:22:02
3506,2280,Philippe Dixneuf,M60-64,154,Open,France,54:39,,3:39:35,,2:32:33,7:23:51
3507,4061,Jeromy Mcmahon,M45-49,490,Open,United States,50:33,,3:31:44,,2:49:02,7:24:45
3508,2604,Bill Bruening,M55-59,305,Open,United States,53:52,,3:45:48,,2:31:19,7:26:46
3509,4440,Scott Olofson,M45-49,491,Open,United States,43:39,,3:28:52,,2:58:22,7:27:34
3510,4557,Zouheir Louhaichy,M55-59,306,Open,Morocco,54:02,,3:42:55,,2:22:31,7:27:36
3511,3049,Dylan Taylor,M50-54,424,Open,United States,1:08:08,,3:22:59,,2:30:26,7:30:07
3512,2921,Wayne Hellmuth,M50-54,425,Open,Australia,35:49,,3:02:20,,3:40:43,7:30:22
3513,4272,Robert Jonah Rivera,M45-49,492,Open,Philippines,45:48,,3:31:58,,2:48:20,7:31:07
3514,1601,James Briggs Jr,M65-69,72,Open,United States,46:30,,3:27:01,,2:55:18,7:33:00
3515,2673,Kim Garland,M55-59,307,Open,United States,51:50,,3:39:52,,2:41:33,7:33:54
3516,4470,Ching Siang Cheng,M45-49,493,Open,Singapore,37:26,,3:52:53,,2:44:12,7:34:02
3517,1573,Yehiel Schipper,M65-69,73,Open,Israel,45:34,,3:45:52,,2:36:36,7:34:56
3518,823,Robert Ryncarz,M70-74,23,Open,United States,50:59,,3:48:23,,2:41:14,7:35:31
3519,3512,Jake Kupfer,M25-29,353,Open,United States,48:08,,3:28:43,,2:59:45,7:35:51
3520,3047,Carlos Sagasta,M50-54,426,Open,Spain,35:37,,3:29:58,,3:12:53,7:36:28
3521,794,Luis Hernando Castañeda Nieto,M70-74,24,Open,Colombia,48:38,,3:53:01,,2:34:52,7:42:21
3522,814,Garth Fuller,M70-74,25,Open,Canada,45:20,,3:48:06,,2:55:03,7:44:29
3523,4055,Ryan Nunez,M45-49,494,Open,United States,52:56,,3:36:55,,2:58:53,7:44:57
3524,675,Alfonso Zermeno,M40-44,527,Open,Mexico,45:27,,3:21:49,,3:22:18,7:45:24
3525,2369,Bret Hooppaw,M60-64,155,Open,United States,44:20,,3:35:34,,3:03:27,7:45:46
3526,804,Francisco Cabrera Jimenez,M70-74,26,Open,Spain,50:45,,3:54:16,,2:41:42,7:46:12
3527,796,Herve Griffon,M70-74,27,Open,France,46:25,,3:44:34,,2:53:34,7:46:33
3528,2644,Gavin Vanner,M55-59,308,Open,United Kingdom,48:35,,3:14:58,,3:21:33,7:46:59
3529,2344,Thomas Papavassiliou,M60-64,156,Open,Greece,48:34,,3:51:27,,2:37:58,7:50:08
3530,795,Josep Colome-Somoza,M70-74,28,Open,Spain,43:31,,3:52:31,,2:54:45,7:50:21
3531,792,Don Yohman,M70-74,29,Open,United States,56:46,,4:00:28,,2:30:28,7:51:15
3532,825,Bob Cavallo,M70-74,30,Open,United States,44:50,,3:27:28,,3:13:01,7:51:25
3533,812,Gary Kessler,M70-74,31,Open,United States,39:46,,3:48:31,,3:05:35,7:52:37
3534,2321,Satoru Nakano,M60-64,157,Open,Japan,39:25,,4:31:58,,2:25:15,7:53:05
3535,1616,Laurence Kutler,M65-69,74,Open,United States,47:12,,3:53:14,,2:57:24,7:55:17
3536,1520,Wojciech Dmowski,M65-69,75,Open,Poland,55:40,,3:38:06,,2:58:41,7:57:31
3537,4253,CHONG YIE CHANG,M45-49,495,Open,Taiwan,43:33,,3:55:50,,3:02:25,7:58:33
3538,2739,Dave King,M55-59,309,Open,Canada,44:25,,3:27:31,,3:28:55,7:59:49
3539,2606,Karl Barth,M55-59,310,Open,United States,52:58,,3:41:44,,3:02:13,8:00:12
3540,849,Michel Rolland,M80-84,1,Open,France,1:06:03,,3:46:02,,2:55:38,8:11:49
3541,821,John Muhr,M70-74,32,Open,United States,44:39,,3:50:21,,3:12:05,8:13:19
3542,783,Ricardo Cupas,M70-74,33,Open,Panama,58:15,,3:43:02,,3:13:53,8:17:04
3543,831,Richard Nordquest,M75-79,4,Open,United States,49:48,,3:37:14,,3:25:40,8:18:36
3544,848,Günter Danel,M80-84,2,Open,Germany,1:00:28,,3:46:09,,3:06:36,8:21:10
3545,1602,Chih Jung Lee,M65-69,76,Open,Taiwan,42:28,,3:51:18,,3:17:29,8:22:43
3546,840,Brad Kirley,M75-79,5,Open,United States,50:36,,4:06:02,,3:03:53,8:23:39
3547,826,Antoine Lombard,M70-74,34,Open,Guadeloupe,49:28,,4:11:36,,3:00:34,8:27:17
3548,845,James Davis,M75-79,6,Open,United States,42:43,,3:41:23,,3:40:58,8:29:04
3549,1624,Charles Fenton,M65-69,77,Open,United States,1:00:15,,3:49:07,,3:16:12,8:29:12
3550,833,Bruce Cousins,M75-79,7,Open,United States,46:53,,3:54:49,,3:28:34,8:30:11
3551,843,Efrain Delgado,M75-79,8,Open,Colombia,51:14,,4:00:38,,3:14:47,8:32:35
3552,819,Hans Gerremo,M70-74,35,Open,Sweden,58:08,,3:52:27,,3:30:02,8:44:39
3553,844,Jack Lynch,M75-79,9,Open,United States,55:09,,3:45:57,,4:45:28,9:51:22
,2923,Dennis Vargas,M50-54,,Open,Costa Rica,,,,,,
,1219,Luis Gustavo Zanon,M35-39,,Open,Brazil,,,,,,
,3195,Rick Weaver,M50-54,,Open,United States,,,,,,
,3373,Paul Loiseaux,M25-29,,Open,France,,,,,,
,455,Asaf Porat,M40-44,,Open,Israel,,,,,,
,4073,Ruangyos Mahaworamakorn,M45-49,,Open,Thailand,,,,,,
,977,Manuel de Jesus Villarreal Mendez,M35-39,,Open,Mexico,,,,,,
,2793,Peter Moss,M50-54,,Open,United Kingdom,,,,,,
,3267,Jerome Rothschild,M50-54,,Open,United States,,,,,,
,322,Christopher Pritchett,M40-44,,Open,United States,,,,,,
,2651,Tony Leo,M55-59,,Open,Sweden,,,,,,
,203,Cassio Riccelli,M40-44,,Open,Brazil,,,,,,
,1799,Laurens Vanthoor,M30-34,,Open,Belgium,,,,,,
,3671,Erick Daniel R. Liceaga,M25-29,,Open,Mexico,,,,,,
,3201,Laurence Jones,M50-54,,Open,United States,,,,,,
,2520,Bruno De Decker,M55-59,,Open,Belgium,,,,,,
,756,Mahmoud Seiam,M40-44,,Open,Egypt,,,,,,
,164,Mario Fernando Camargo Gómez,M40-44,,Open,Colombia,,,,,,
,853,Baptiste Selinghe,M35-39,,Open,France,,,,,,
,3864,Adam Munch,M18-24,,Open,Denmark,,,,,,
,3007,Robert Svendsen,M50-54,,Open,Norway,,,,,,
,2400,Steven White,M60-64,,Open,United States,,,,,,
,3365,Ali Alkaabi,M25-29,,Open,United Arab Emirates,,,,,,
,800,Robert Dallain,M70-74,,Open,United States,,,,,,
,3544,Jonathan Ockert,M25-29,,Open,United States,,,,,,
,2657,Thomas Emerick,M55-59,,Open,United States,,,,,,
,4030,Nicolas Debray,M45-49,,Open,France,,,,,,
,1956,Nilo Cottini Neto,M30-34,,Open,Brazil,,,,,,
,685,GABRIEL ANDRÉS GONZÁLEZ ROMEO,M40-44,,Open,Panama,,,,,,
,1866,Pelayo Menendez,M30-34,,Open,Spain,,,,,,
,1360,Jordi Gil Fernandez,M35-39,,Open,Spain,,,,,,
,217,Hannes Kiipus,M40-44,,Open,Estonia,,,,,,
,3260,Alan Clark,M50-54,,Open,Australia,,,,,,
,2969,Enrico Fontana,M50-54,,Open,Italy,,,,,,
,119,Ferdinand Hingerl,M40-44,,Open,Canada,,,,,,
,824,Anthony Polemarkis,M70-74,,Open,United States,,,,,,
,4354,Piotr Kazmierczak,M45-49,,Open,Poland,,,,,,
,1441,Daniel Merange,M35-39,,Open,Australia,,,,,,
,1100,Stefano Prandini,M35-39,,Open,Italy,,,,,,
,993,Tim Marbach,M35-39,,Open,Germany,,,,,,
,3301,Tomasz Socha,M50-54,,Open,Poland,,,,,,
,4363,Marcin Chojnacki,M45-49,,Open,Poland,,,,,,
,4081,Jan Lepier,M45-49,,Open,Czechia,,,,,,
,3068,Timothy Newberg,M50-54,,Open,United States,29:01,,2:49:26,,,
,2089,Matt Franzsen,M30-34,,Open,South Africa,,,,,,
,4219,Marcus Kohlhase,M45-49,,Open,Germany,,,,,,
,2955,Christophe Mariotte,M50-54,,Open,France,,,,,,
,803,Stephen Belt,M70-74,,Open,United Kingdom,37:21,,4:32:38,,,
,2938,Joachim Weber,M50-54,,Open,Germany,,,,,,
,836,Patrick Bourdillon,M75-79,,Open,United States,,,,,,
,3845,Mateusz Gajewski,M18-24,,Open,Poland,,,,,,
,1269,Stanley Robertson,M35-39,,Open,South Africa,,,,,,
,2529,Dean Ratcliffe,M55-59,,Open,United Kingdom,,,,,,
,105,Alexandre Paviza,MHC,,Open,France,,,,,,
,3568,Jeremy Comer,M25-29,,Open,United States,,,,,,
,404,Bradley Grieve,M40-44,,Open,Australia,,,,,,
,4238,Tristan Morel Lhorset,M45-49,,Open,United States,,,,,,
,2097,Nurhisyam Idris,M30-34,,Open,Malaysia,,,,,,
,1746,Junyi Lin,M30-34,,Open,China,,,,,,
,4022,Vincenzo Marchione,M45-49,,Open,United States,,,,,,
,307,Daniel Royce,M40-44,,Open,United States,,,,,,
,3472,Aziz Ferjani,M25-29,,Open,Tunisia,,,,,,
,3164,Odd Ivar Solvold,M50-54,,Open,Norway,,,,,,
,3105,Neil Yarmoshuk,M50-54,,Open,Canada,,,,,,
,1764,Massimiliano Marsilli,M30-34,,Open,Italy,,,,,,
,2051,Piergabriele Morselli,M30-34,,Open,Italy,,,,,,
,1104,Raphaël Müller,M35-39,,Open,Switzerland,,,,,,
,1480,Jedd Wellenkotter,M35-39,,Open,United States,,,,,,
,3324,Marc Støchkel,M25-29,,Open,Denmark,,,,,,
,3992,Darren Matthews,M45-49,,Open,United Kingdom,,,,,,
,2861,Olaf Kasten,M50-54,,Open,Germany,,,,,,
,2285,John Poisson,M60-64,,Open,United States,,,,,,
,241,Marcus Vinicius MACEDO DOS SANTOS,M40-44,,Open,Brazil,,,,,,
,3823,Matthew Pitt,M18-24,,Open,South Africa,,,,,,
,839,Ira Sills,M75-79,,Open,United States,,,,,,
,300,Tomas Racek,M40-44,,Open,Czechia,,,,,,
,462,Ruan Ebersohn,M40-44,,Open,United Kingdom,,,,,,
,1288,Yohann Coppel,M35-39,,Open,France,,,,,,
,4419,Ricardo Caiuby,M45-49,,Open,Brazil,,,,,,
,901,Kasey Dewing,M35-39,,Open,South Africa,,,,,,
,1717,Wouter DUYCK,M30-34,,Open,Belgium,,,,,,
,3210,Daniel Beloso,M50-54,,Open,Spain,,,,,,
,2148,Ryley Kleinschmidt,M30-34,,Open,Australia,,,,,,
,508,Brent Cohen,M40-44,,Open,United States,,,,,,
,2103,Jonathan Currie,M30-34,,Open,United Kingdom,,,,,,
,2775,Todd Cawley,M55-59,,Open,United States,,,,,,
,3575,Carlos Eduardo De La Torre Ramos,M25-29,,Open,Mexico,,,,,,
,3985,Barry Williamson,M45-49,,Open,United Kingdom,,,,,,
,4103,Mattia Luppi,M45-49,,Open,Italy,,,,,,
,7,Eric Lagerstrom,MPRO,,Open,United States,22:41,,,,,
,2555,Michael Finke,M55-59,,Open,Germany,,,,,,
,2494,Michael Brokmann,M55-59,,Open,Germany,,,,,,
,2019,Sean Mcguire,M30-34,,Open,United States,,,,,,
,3466,Benjamin Jørgensen,M25-29,,Open,Denmark,,,,,,
,4241,Mark Higginbotham,M45-49,,Open,United Kingdom,,,,,,
,1879,Charles Larsen,M30-34,,Open,United States,,,,,,
,4315,Yann Payen,M45-49,,Open,Monaco,,,,,,
,1263,Alexandre Borsatto,M35-39,,Open,Brazil,,,,,,
,2465,Gary Lancaster,M55-59,,Open,United Kingdom,,,,,,
,581,Adam Barnard,M40-44,,Open,South Africa,,,,,,
,2478,Eric Abecassis,M55-59,,Open,France,,,,,,
,3826,Ean Sexton,M18-24,,Open,United States,,,,,,
,4085,Axel Miguez,M45-49,,Open,Argentina,,,,,,
,1428,Michael Ohara,M35-39,,Open,United States,,,,,,
,534,Chris Penn,M40-44,,Open,United Kingdom,,,,,,
,1356,Mitchell Board,M35-39,,Open,Australia,,,,,,
,1280,Tobias Hermansson,M35-39,,Open,Sweden,,,,,,
,38,Dylan Magnien,MPRO,,Open,France,24:20,,,,,
,4499,Ed Shifflett,M45-49,,Open,United States,,,,,,
,1063,Jeff Lisea,M35-39,,Open,United States,,,,,,
,2771,James Shappell,M55-59,,Open,United States,,,,,,
,1551,Patrick Mclellan,M65-69,,Open,Canada,,,,,,
,33,Youri Keulen,MPRO,,Open,Netherlands,23:26,,2:10:14,,,
,3982,Ben Nelson,M45-49,,Open,United States,,,,,,
,2377,Albert Florack,M60-64,,Open,Germany,,,,,,
,2927,Marco Antonio Marquez Soto Hay,M50-54,,Open,Mexico,,,,,,
,1873,Anthony Reverberi,M30-34,,Open,France,,,,,,
,137,Shane Castle,M40-44,,Open,South Africa,,,,,,
,2548,Colin Cunningham,M55-59,,Open,Canada,,,,,,
,4263,Mark Evans,M45-49,,Open,United States,34:31,,,,,
,1445,Christopher Arnold,M35-39,,Open,United States,,,,,,
,3399,Solly Camard,M25-29,,Open,France,,,,,,
,4199,Carl Drew,M45-49,,Open,United States,,,,,,
,2095,Toan Tran,M30-34,,Open,Vietnam,,,,,,
,852,Josh Lawrenson,M35-39,,Open,United Kingdom,,,,,,
,3895,Gian-Andri Baumann,M18-24,,Open,Switzerland,,,,,,
,117,Manuel Marquart,M40-44,,Open,Switzerland,,,,,,
,1344,Michael Scholz,M35-39,,Open,Australia,,,,,,
,4312,Chad Bennett,M45-49,,Open,United States,,,,,,
,2394,Mauro Mazzaferro,M60-64,,Open,Italy,,,,,,
,3789,Tamim Al-Kuwari,M18-24,,Open,Qatar,,,,,,
,3328,Aidan Clark,M25-29,,Open,Australia,,,,,,
,389,James Colston,M40-44,,Open,New Zealand,,,,,,
,3673,Owen Lane,M25-29,,Open,Canada,,,,,,
,642,Jens Ola Regnström,M40-44,,Open,Sweden,,,,,,
,3263,Staffan Andersson,M50-54,,Open,Sweden,,,,,,
,2934,Hugo Ecija Bernal,M50-54,,Open,Spain,,,,,,
,4366,Joel Bell,M45-49,,Open,United States,,,,,,
,106,Francisco Postlethwaite Muñoz,MHC,,Open,Mexico,39:00,,4:47:02,,1:46:51,
,1750,Tom Garrett,M30-34,,Open,United Kingdom,30:06,,2:38:32,,,
,2379,Daniel Machek,M60-64,,Open,Czechia,,,,,,
,4195,Haydn Jervis,M45-49,,Open,Australia,,,,,,
,1397,Jon Ross Henderson,M35-39,,Open,United States,,,,,,
,2364,Gilles Moreau,M60-64,,Open,Canada,,,,,,
,1954,Alex Hanson,M30-34,,Open,United States,,,,,,
,2030,Nick Fragnito,M30-34,,Open,United States,,,,,,
,2626,Gregory Shatto,M55-59,,Open,United States,,,,,,
,1043,Cam St-Pierre,M35-39,,Open,Canada,,,,,,
,406,NICOLA PEDRONI,M40-44,,Open,Italy,,,,,,
,871,Glenn O'Connell,M35-39,,Open,Australia,,,,,,
,1958,Brendan Martin,M30-34,,Open,United States,,,,,,
,4438,Josemildo Trigueiro Da Silva Jr Nuno Trigueiro,M45-49,,Open,Brazil,,,,,,
,3855,Casimir Moine,M18-24,,Open,France,,,,,,
,1044,Matt Luxton,M35-39,,Open,United Kingdom,,,,,,
,3944,Lars Riedel,M45-49,,Open,Germany,,,,,,
,4424,Carlos Morales Palacios,M45-49,,Open,Chile,,,,,,
,3363,Hesham Shaban,M25-29,,Open,Egypt,,,,,,
,521,Stefan Evers,M40-44,,Open,Belgium,,,,,,
,4234,Ivan Seiler,M45-49,,Open,Argentina,,,,,,
,519,Derek Sheridan,M40-44,,Open,Ireland,,,,,,
,2104,Mark Goosen,M30-34,,Open,South Africa,,,,,,
,504,Skulj Miha,M40-44,,Open,Slovenia,,,,,,
,1229,Rodolfo Zeledon,M35-39,,Open,Costa Rica,,,,,,
,1784,Morgan Fourrier,M30-34,,Open,France,,,,,,
,1818,Alexander Betances,M30-34,,Open,United States,,,,,,
,1179,Aydin Karimov,M35-39,,Open,Azerbaijan,,,,,,
,1398,Richard Rozok,M35-39,,Open,Slovakia,,,,,,
,2252,Steven Galat,M60-64,,Open,United States,,,,,,
,4174,Brent Aucutt,M45-49,,Open,United States,,,,,,
,817,Giuseppe Patania,M70-74,,Open,Italy,,,,,,
,1313,Alan Mcdonald,M35-39,,Open,United Kingdom,,,,,,
,1375,Riccardo Giacomini,M35-39,,Open,Italy,,,,,,
,4252,Ping-Chung Pang,M45-49,,Open,Taiwan,,,,,,
,4425,Salvatore Guagliano,M45-49,,Open,Germany,,,,,,
,3766,Felipe Franco,M18-24,,Open,Peru,,,,,,
,3130,Chad Krippner,M50-54,,Open,United States,,,,,,
,3309,Roberto Florencia,M50-54,,Open,Mexico,,,,,,
,2384,Juan Vergara,M60-64,,Open,United States,,,,,,
,3151,Tim Nixon,M50-54,,Open,Canada,,,,,,
,467,Jorge Cardoso,M40-44,,Open,Mexico,,,,,,
,4216,Simon Waterhouse,M45-49,,Open,United Kingdom,,,,,,
,3231,John Hanna,M50-54,,Open,United States,,,,,,
,1138,Martino Goretti,M35-39,,Open,Italy,,,,,,
,471,Vincent Rochat,M40-44,,Open,Switzerland,,,,,,
,690,Sebastiaan Bleekemolen,M40-44,,Open,Netherlands,,,,,,
,1613,Gregory Taylor,M65-69,,Open,United States,,,,,,
,1562,Jan Schaerlaken,M65-69,,Open,Belgium,,,,,,
,1827,Matt Houston,M30-34,,Open,United States,,,,,,
,4214,Philip Meissnitzer,M45-49,,Open,Austria,,,,,,
,1552,John Anthony,M65-69,,Open,Switzerland,,,,,,
,1187,Anders Langset,M35-39,,Open,Norway,,,,,,
,4078,Stéphane Gomez,M45-49,,Open,France,,,,,,
,903,Adolf Stoeger,M35-39,,Open,Austria,,,,,,
,842,Gene Peters,M75-79,,Open,United States,,,,,,
,308,Neil Samson,M40-44,,Open,United States,,,,,,
,2808,Christian Carlsson,M50-54,,Open,Sweden,,,,,,
,183,Matan Nemenoff,M40-44,,Open,Israel,,,,,,
,1434,Matteo Rapattoni,M35-39,,Open,Italy,,,,,,
,1543,David Becker,M65-69,,Open,United States,,,,,,
,4467,Keith Stacey,M45-49,,Open,South Africa,,,,,,
,2684,David Romaniuk,M55-59,,Open,Canada,,,,,,
,1619,Paul Johnson,M65-69,,Open,United States,,,,,,
,1889,Lukus Klawitter,M30-34,,Open,United States,,,,,,
,2798,Atsushi Sakata,M50-54,,Open,Japan,,,,,,
,2118,Chris Dewan,M30-34,,Open,United States,,,,,,
,2973,Juan Andrade,M50-54,,Open,Colombia,,,,,,
,660,Nicolas Debons,M40-44,,Open,Switzerland,,,,,,
,3186,Kenji Takeya,M50-54,,Open,Japan,,,,,,
,4453,Paul Hancock,M45-49,,Open,United Kingdom,,,,,,
,2442,Matthias Radke,M55-59,,Open,Germany,,,,,,
,2986,Gustav BINER,M50-54,,Open,Switzerland,,,,,,
,950,Tim Webster,M35-39,,Open,United Kingdom,,,,,,
,3551,Cesar Cuellar,M25-29,,Open,Mexico,,,,,,
,1559,Robert Bowers,M65-69,,Open,Switzerland,,,,,,
,511,Steve Van Bodegraven,M40-44,,Open,Australia,,,,,,
,4289,Paulo Hoenisch,M45-49,,Open,Brazil,,,,,,
,806,Ted Etheridge,M70-74,,Open,United States,,,,,,
,1,Gustav Iden,MPRO,,Open,Norway,23:06,,2:05:50,,,
,423,Steven Happel,M40-44,,Open,United States,,,,,,
,135,Sebastien Jouffret,M40-44,,Open,France,,,,,,
,2964,Joao Fuentes,M50-54,,Open,Brazil,,,,,,
,1124,Andrea Matteazzi,M35-39,,Open,Italy,,,,,,
,1297,Jason Lentzke,M35-39,,Open,United States,,,,,,
,931,Liran Lahav,M35-39,,Open,Israel,,,,,,
,3577,Hannes Hubel,M25-29,,Open,Austria,,,,,,
,820,Giovanni Pastorelli,M70-74,,Open,Italy,,,,,,
,2004,Guillermo Garcia,M30-34,,Open,Argentina,,,,,,
,3417,Bartosz Sarbak,M25-29,,Open,Poland,,,,,,
,1951,Shaine Webber,M30-34,,Open,South Africa,,,,,,
,3832,Joseph Skotnicki,M18-24,,Open,United States,,,,,,
,1341,Cory Rickard,M35-39,,Open,United States,,,,,,
,3149,Diego Grasso,M50-54,,Open,Argentina,,,,,,
,3046,Damion Littlewood,M50-54,,Open,United Kingdom,,,,,,
,2753,Paolo Patelli,M55-59,,Open,Switzerland,,,,,,
,4501,Martin Goffard,M45-49,,Open,Belgium,34:55,,,,,
,415,Jaroslaw Sosnowski,M40-44,,Open,Poland,,,,,,
,3640,Christian Grillitsch,M25-29,,Open,Austria,,,,,,
,397,Lysa Aued,M40-44,,Open,Panama,,,,,,
,252,Ludovic Yonnet,M40-44,,Open,France,,,,,,
,3546,Michael Hooper,M25-29,,Open,Australia,,,,,,
,3463,Songen Li,M25-29,,Open,China,,,,,,
,3937,Wayne Bevan,M45-49,,Open,United Kingdom,,,,,,
,4223,Peter Skutnik,M45-49,,Open,United States,,,,,,
,2581,Todd Judice,M55-59,,Open,United States,,,,,,
,583,Vincent Grolleau,M40-44,,Open,France,,,,,,
,338,Khalifa Aldarmaki,M40-44,,Open,United Arab Emirates,,,,,,
,1582,Eduardo Talamantes,M65-69,,Open,Mexico,52:40,,3:31:18,,,
,3348,Stephen Yang,M25-29,,Open,United States,,,,,,
,2691,Tom Leth Jensen,M55-59,,Open,Denmark,,,,,,
,533,Chris Groan,M40-44,,Open,United States,,,,,,
,4125,Tamas Till,M45-49,,Open,Hungary,,,,,,
,4221,Scott Prosser,M45-49,,Open,United Kingdom,,,,,,
,3995,chris johnson,M45-49,,Open,United States,,,,,,
,2439,Guilherme Carvalho,M55-59,,Open,Brazil,,,,,,
,539,Robert Quandt,M40-44,,Open,Germany,,,,,,
,1215,Luke Jones,M35-39,,Open,Australia,31:08,,,,,
,4434,Joe Lombardo,M45-49,,Open,United States,,,,,,
,2812,Markus Ganser,M50-54,,Open,Germany,,,,,,
,4322,Ringo De Rijck,M45-49,,Open,Belgium,,,,,,
,3932,Andres Garcia,M45-49,,Open,Colombia,,,,,,
,360,Saeed Noursalehi,M40-44,,Open,United States,,,,,,
,2393,Paul Michael Dellabarca,M60-64,,Open,New Zealand,,,,,,
,2303,Sergio Peretti,M60-64,,Open,Argentina,,,,,,
,4194,Hiroyuki Aida,M45-49,,Open,Japan,,,,,,
,3284,Olivier JAKOB,M50-54,,Open,Switzerland,,,,,,
,1294,Gamal Aboshabana,M35-39,,Open,Egypt,,,,,,
,785,Stephen Taylor,M70-74,,Open,Australia,1:14:11,,,,,
,2549,Thomas Nightingale,M55-59,,Open,Canada,,,,,,
,630,Pablo Saiz,M40-44,,Open,Argentina,,,,,,
,1779,Maxwell Curtiss,M30-34,,Open,United States,,,,,,
,653,Marcio Marcelino,M40-44,,Open,Brazil,,,,,,
,838,Robert Anderson,M75-79,,Open,United States,,,,,,
,3179,Drew Marshall,M50-54,,Open,Australia,,,,,,
,1239,Sébastien Taiore-Grimaud,M35-39,,Open,France,,,,,,
,1941,Thibault Tymen,M30-34,,Open,France,,,,,,
,3949,Jose Ramírez Flores,M45-49,,Open,Spain,,,,,,
,2256,Daniel Morgan,M60-64,,Open,United States,,,,,,
,3996,Walter Kaspirowitsch,M45-49,,Open,Germany,,,,,,
,1876,Giacomo Madrassi,M30-34,,Open,Italy,,,,,,
,674,Sebastiano Rossi,M40-44,,Open,Italy,,,,,,
,3462,Lautaro Javier Carrizo,M25-29,,Open,Argentina,,,,,,
,597,Diego Eduardo Bonoris,M40-44,,Open,Argentina,,,,,,
,3824,Alvaro Perez-Maura,M18-24,,Open,Spain,,,,,,
,3549,Nessim Kerkouri,M25-29,,Open,France,,,,,,
,1845,Myles Illion,M30-34,,Open,United States,37:46,,3:29:54,,,
,822,Al Truscott,M70-74,,Open,United States,,,,,,
,2550,steven lyons,M55-59,,Open,United Kingdom,,,,,,
,4262,Van Fletcher,M45-49,,Open,United States,,,,,,
,3715,Levi Lukacs,M25-29,,Open,Hungary,24:18,,2:31:49,,,
,3839,Benjamin Hoskins,M18-24,,Open,Australia,,,,,,
,2349,Vivian Matthews,M60-64,,Open,Australia,,,,,,
,1744,Matt Underwood,M30-34,,Open,Canada,,,,,,
,1741,Adria Tècul,M30-34,,Open,Spain,,,,,,
,3398,Jesse Soicher,M25-29,,Open,South Africa,,,,,,
,2233,David Arnold,M60-64,,Open,Australia,,,,,,
,579,Joshua Jastemski,M40-44,,Open,United States,,,,,,
,3404,Nassim Ennabaoui,M25-29,,Open,Canada,,,,,,
,2096,Alistair Chappelle,M30-34,,Open,United Kingdom,,,,,,
,1858,Casper Hsieh,M30-34,,Open,Taiwan,,,,,,
,631,Peter KELLY,M40-44,,Open,New Zealand,,,,,,
,4362,Richard Crowley,M45-49,,Open,United States,,,,,,
,1090,Michal Lukasiewicz,M35-39,,Open,Poland,,,,,,
,420,Simon Wareing,M40-44,,Open,United Kingdom,,,,,,
,1244,David Miles,M35-39,,Open,United Kingdom,,,,,,
,1721,Vincent Grenon,M30-34,,Open,Canada,,,,,,
,2847,Shane Besler,M50-54,,Open,Canada,,,,,,
,1183,Kevin Reagin,M35-39,,Open,United States,,,,,,
,1969,Max-Otto Griesam,M30-34,,Open,Germany,,,,,,
,2591,Robert Skaggs,M55-59,,Open,United States,,,,,,
,697,Simon Miller,M40-44,,Open,Australia,,,,,,
,869,Adrien Elfassi,M35-39,,Open,France,,,,,,
,4512,Vincent Jaud,M45-49,,Open,France,,,,,,
,3967,Alexandro Ayala,M45-49,,Open,Uruguay,,,,,,
,1761,Nathan Dortmann,M30-34,,Open,Australia,,,,,,
,518,Matthias Weingärtner,M40-44,,Open,Austria,,,,,,
,1869,Ricardo Scholten,M30-34,,Open,Netherlands,,,,,,
,3184,Marty Owens,M50-54,,Open,United States,,,,,,
,2677,Scott Dinhofer,M55-59,,Open,United States,,,,,,
,3859,Hector Martinez,M18-24,,Open,United States,41:07,,3:31:29,,,
,1771,Adán Arocha Rodríguez,M30-34,,Open,Spain,,,,,,
,3087,Harvey Smith,M50-54,,Open,Australia,,,,,,
,4485,Antonio Orozco,M45-49,,Open,Mexico,,,,,,
,1368,Timothy Schilliger,M35-39,,Open,Switzerland,,,,,,
,1103,Bradley Heard,M35-39,,Open,Australia,,,,,,
,4137,Pawel Helak,M45-49,,Open,Poland,,,,,,
,4393,Swen Sundberg,M45-49,,Open,Germany,,,,,,
,4456,Hans Larsson,M45-49,,Open,United States,,,,,,
,1549,Tomoji Maru,M65-69,,Open,Japan,,,,,,
,890,Henry Miller,M35-39,,Open,United States,,,,,,
,136,Bashkim Zaganjori,M40-44,,Open,Albania,,,,,,
,1980,Stefanos Chaviaras,M30-34,,Open,Greece,,,,,,
,1626,James McCallum,M30-34,,Open,South Africa,,,,,,
,3565,Luis Benitez,M25-29,,Open,Mexico,,,,,,
,1334,Andrew Williams,M35-39,,Open,United Kingdom,,,,,,
,916,Matthew F Schoeneck,M35-39,,Open,United States,,,,,,
,545,Fred Kristiansen,M40-44,,Open,Norway,,,,,,
,672,Alexander Poulis,M40-44,,Open,Greece,,,,,,
,4376,Jeffrey Ku,M45-49,,Open,United States,,,,,,
,3853,Kyle Lithgow,M18-24,,Open,United States,,,,,,
,943,Jerko Grom,M35-39,,Open,Slovenia,,,,,,
,1396,Zach Steele,M35-39,,Open,United States,,,,,,
,2164,David Nascimento,M30-34,,Open,United States,,,,,,
,1191,Jan-Ole Gerschefski,M35-39,,Open,Germany,,,,,,
,2261,Ralph Bower,M60-64,,Open,United States,,,,,,
,982,Jakob Günther,M35-39,,Open,Germany,,,,,,
,2894,Mihails Paladijs,M50-54,,Open,Latvia,,,,,,
,925,Alexander Fuller,M35-39,,Open,United States,,,,,,
,582,David Hawkins,M40-44,,Open,United Kingdom,,,,,,
,1178,Abdullah Alyaqoub,M35-39,,Open,Kuwait,,,,,,
,2332,John Blyther,M60-64,,Open,United Kingdom,,,,,,
,447,Alessio Orsini,M40-44,,Open,Italy,,,,,,
,3345,Ricardo Andres Mosquera Valderrama,M25-29,,Open,Colombia,,,,,,
,3775,Cejay Walker,M18-24,,Open,United States,,,,,,
,37,Nicolas Mann,MPRO,,Open,Germany,,,,,,
,264,Raphael Bittencourt Fernandes Leal,M40-44,,Open,Brazil,,,,,,
,3162,Lars Gustafsson,M50-54,,Open,Sweden,,,,,,
,4484,Viktor Zyemtsev,M45-49,,Open,Ukraine,,,,,,
,1471,Gary Brummer,M35-39,,Open,South Africa,,,,,,
,1564,Andres Carne Pla,M65-69,,Open,Chile,,,,,,
,4492,Patrick Lynch,M45-49,,Open,United States,32:10,,,,,
,4483,Domenick Risola,M45-49,,Open,United States,,,,,,
,4341,Emmanuel Lamprou,M45-49,,Open,Greece,,,,,,
,4132,Artur Czerwiec,M45-49,,Open,Poland,,,,,,
,3419,Blaise Casselbury,M25-29,,Open,United States,,,,,,
,481,Mark Thomet,M40-44,,Open,Germany,,,,,,
,695,Mikey Brown,M40-44,,Open,United States,,,,,,
,4076,Federico Fioquetta,M45-49,,Open,Argentina,,,,,,
,1176,Audie Mcrae,M35-39,,Open,United States,,,,,,
,4333,Georg Berger,M45-49,,Open,Austria,,,,,,
,231,Matt Barcus,M40-44,,Open,United States,,,,,,
,2522,Marc Carson,M55-59,,Open,United Kingdom,,,,,,
,503,Sebastian Eduardo Santander Perez,M40-44,,Open,Chile,,,,,,
,2229,John Dickson,M60-64,,Open,New Zealand,,,,,,
,2294,Dieter Mallmann,M60-64,,Open,Germany,,,,,,
,2794,Marcin Markiewicz,M50-54,,Open,Poland,,,,,,
,1851,Krystsina Dzinman,M30-34,,Open,Israel,,,,,,
,2822,Chris Mcleod,M50-54,,Open,Australia,,,,,,
,1098,Klas Wirehn,M35-39,,Open,Sweden,,,,,,
,4368,Adam Mims,M45-49,,Open,United States,,,,,,
,646,Patrick Eschenbacher,M40-44,,Open,Germany,,,,,,
,1966,Mark Hamilton,M30-34,,Open,United States,,,,,,
,4212,David De Paula,M45-49,,Open,France,,,,,,
,454,Lukasz Trzeciak,M40-44,,Open,Poland,,,,,,
,1767,Daniel Stöger,M30-34,,Open,Austria,,,,,,
,1436,Sari Alhammadi,M35-39,,Open,United Arab Emirates,41:55,,2:50:10,,,
,4064,Tim Weiskat,M45-49,,Open,Germany,,,,,,
,1278,Benjamin Hammer,M35-39,,Open,United States,,,,,,
,3596,Schaffer Ochstein,M25-29,,Open,United States,,,,,,
,1947,Chris Gonsalves,M30-34,,Open,United States,,,,,,
,2038,Adam Kassem,M30-34,,Open,United States,,,,,,
,2826,Santiago Jaramillo,M50-54,,Open,Colombia,,,,,,
,4116,Islam El Laithy,M45-49,,Open,Egypt,,,,,,
,1604,Ping Xu,M65-69,,Open,China,,,,,,
,1159,Ben Meaker,M35-39,,Open,United Kingdom,,,,,,
,4210,Stefano Donadio,M45-49,,Open,Italy,,,,,,
,1417,Marcus Sobering,M35-39,,Open,United States,,,,,,
,2930,Trevor Katelnikoff,M50-54,,Open,Canada,,,,,,
,1389,Ivan Capone,M35-39,,Open,Italy,,,,,,
,2746,Makoto Sakaguchi,M55-59,,Open,Japan,,,,,,
,1123,Ruurd-Jan Zwarts,M35-39,,Open,Netherlands,,,,,,
,978,Jan Mynar,M35-39,,Open,Czechia,,,,,,
,2136,Riccardo Incaini,M30-34,,Open,Italy,,,,,,
,989,Marc Winther,M35-39,,Open,Denmark,,,,,,
,718,Karl Wu,M40-44,,Open,United States,,,,,,
,3350,Victor Ortiz Jr,M25-29,,Open,Panama,,,,,,
,4021,Jean François Dor,M45-49,,Open,France,,,,,,
,3965,RODRIGO LOIOLA DE ANDRADE,M45-49,,Open,Brazil,,,,,,
,1581,Francois Swart,M65-69,,Open,South Africa,,,,,,
,2474,David Ahlert,M55-59,,Open,United States,,,,,,
,2469,Anders Svensson,M55-59,,Open,Sweden,,,,,,
,332,Baizhan Kanafin,M40-44,,Open,Kazakhstan,,,,,,
,3583,John Potgieter,M25-29,,Open,South Africa,,,,,,
,4217,Marco Leghissa,M45-49,,Open,Italy,,,,,,
,2582,Robert Toth,M55-59,,Open,United States,,,,,,
,3223,David Downer,M50-54,,Open,New Zealand,,,,,,
,3039,Sean Buerckner,M50-54,,Open,Australia,,,,,,
,2350,Paul Godman,M60-64,,Open,Canada,,,,,,
,2760,Simon Taylor,M55-59,,Open,United Kingdom,,,,,,
,2932,Andy Wooding,M50-54,,Open,United States,,,,,,
,3109,Kobi Hochman,M50-54,,Open,Israel,,,,,,
,1638,Brad Tennick,M30-34,,Open,Australia,,,,,,
,4324,Miloš Mital,M45-49,,Open,Slovakia,,,,,,
,4154,Jared Snow,M45-49,,Open,United States,30:20,,2:31:30,,,
,3606,Aaron Mahoney,M25-29,,Open,United States,,,,,,
,3776,Kyle Yewers,M18-24,,Open,Australia,,,,,,
,1207,Chris Ahl,M35-39,,Open,United States,,,,,,
,523,Marcel Scheid,M40-44,,Open,Germany,,,,,,
,929,Guy Krutas,M35-39,,Open,Israel,,,,,,
,3644,Alexis Dancelme,M25-29,,Open,France,,,,,,
,1822,Alex Dickinson,M30-34,,Open,United States,37:36,,,,,
,1521,Hector Garcia,M65-69,,Open,Puerto Rico,,,,,,
,4311,Sanjay Vikhe,M45-49,,Open,India,,,,,,
,1561,Alfi Caprez,M65-69,,Open,Switzerland,,,,,,
,846,Gennaro Magliulo,M75-79,,Open,United States,,,,,,
,3990,Casey M Arbenz,M45-49,,Open,United States,,,,,,
,4385,Peter Kormendy,M45-49,,Open,Australia,,,,,,
,1528,Stephen Jones,M65-69,,Open,Canada,,,,,,
,2939,Stefan Van Dijk,M50-54,,Open,Netherlands,,,,,,
,1385,Charles Crowell,M35-39,,Open,United States,,,,,,
,4106,Marco Antonio Contreras Rosales,M45-49,,Open,Mexico,,,,,,
,3927,Pietsch Christian,M45-49,,Open,Germany,,,,,,
,2814,Rick Durgin,M50-54,,Open,United States,,,,,,
,446,Selim Cevik,M40-44,,Open,Turkey,,,,,,
,2565,Mark Hulbert,M55-59,,Open,United States,49:01,,2:51:40,,,
,2781,Jeffrey Fox,M55-59,,Open,United States,,,,,,
,648,Jakup Petur Eliassen,M40-44,,Open,Faroe Islands,,,,,,
,2910,Rafal Medak,M50-54,,Open,Poland,,,,,,
,996,Remy Echard,M35-39,,Open,France,,,,,,
,1726,Timirlan Gumbatov,M30-34,,Open,Kazakhstan,,,,,,
,1359,Marcin Jachimek,M35-39,,Open,Poland,,,,,,
,1422,Timothy Collins,M35-39,,Open,Canada,,,,,,
,3144,Andy Young,M50-54,,Open,United States,,,,,,
,3468,Baptiste Neuhaus,M25-29,,Open,Switzerland,,,,,,
,3542,Eduardo Escobar,M25-29,,Open,United States,,,,,,
,1963,Kevin Perez Artaza,M30-34,,Open,Chile,,,,,,
,363,Michael Wood,M40-44,,Open,Canada,,,,,,
,1258,Omar Villanueva,M35-39,,Open,United States,,,,,,
,722,Ben McCullen,M40-44,,Open,Australia,,,,,,
,442,Philipp Göschel,M40-44,,Open,Germany,,,,,,
,4298,Giovanni Zem,M45-49,,Open,Brazil,,,,,,
,1000,Thomas Lecomte,M35-39,,Open,France,,,,,,
,156,Abraham Martinez,M40-44,,Open,Chile,,,,,,
,55,Arthur Horseau,MPRO,,Open,France,27:08,,,,,
,4388,Daniel Reintjes,M45-49,,Open,United States,,,,,,
,1228,Andrzej Swiderski,M35-39,,Open,Poland,,,,,,
,1972,Mattia Boschetti,M30-34,,Open,Italy,,,,,,
,2182,Rachid Nord,M30-34,,Open,Sweden,,,,,,
,554,Ozgur Dincsalman,M40-44,,Open,Turkey,,,,,,
,314,Li Lun Yu,M40-44,,Open,Taiwan,,,,,,
,983,Janus Szymczak,M35-39,,Open,Poland,,,,,,
,3042,Weimar Gomez,M50-54,,Open,France,,,,,,
,3133,Michael Kordts,M50-54,,Open,Germany,,,,,,
,732,Ryan Hadley,M40-44,,Open,United States,,,,,,
,2237,Daniel Vogel,M60-64,,Open,Switzerland,,,,,,
,2749,Emilio Lomi,M55-59,,Open,Italy,,,,,,
,835,Bob Crawford,M75-79,,Open,United States,,,,,,
,2735,Johnny Grant,M55-59,,Open,Canada,,,,,,
,640,Christian Bartoelke,M40-44,,Open,Germany,,,,,,
,2531,David Cunningham,M55-59,,Open,United Kingdom,,,,,,
,1709,Félix Choquet,M30-34,,Open,France,,,,,,
,3085,Stefan Sigfrids,M50-54,,Open,Finland,,,,,,
,651,Johan Westling,M40-44,,Open,Sweden,,,,,,
,2444,Alan Bayliss,M55-59,,Open,United Kingdom,,,,,,
,2452,Jeff Dickson,M55-59,,Open,United States,,,,,,
,1603,Carlos Maldonado,M65-69,,Open,Mexico,,,,,,
,665,Oswaldo Rodriguez,M40-44,,Open,Colombia,,,,,,
,3785,Nathan Sia,M18-24,,Open,United States,,,,,,
,1931,Christopher Rote,M30-34,,Open,United States,,,,,,
,3249,Ashraf Orrie,M50-54,,Open,South Africa,,,,,,
,187,Michael Case,M40-44,,Open,Australia,,,,,,
,1733,Florian Kaufmann,M30-34,,Open,Switzerland,,,,,,
,4431,Walter Ripper,M45-49,,Open,Brazil,,,,,,
,1781,Jose Maria Jover,M30-34,,Open,Spain,,,,,,
,1094,Anders Christofferson,M35-39,,Open,United States,,,,,,
,3431,Vince Christian Ang,M25-29,,Open,Philippines,,,,,,
,103,Eslam Ali,MPC,,Open,Egypt,48:04,,4:31:44,,2:53:31,
,382,Ilya Slepov,M40-44,,Open,Cyprus,,,,,,
,574,Nicolas Cougot,M40-44,,Open,France,,,,,,
,3924,Pierre Gaspariau,M45-49,,Open,France,,,,,,
,2249,Sergio De Guadalupe Soto Navarro,M60-64,,Open,Mexico,,,,,,
,1519,Richie Brink,M65-69,,Open,South Africa,,,,,,
,3064,Carl Rice,M50-54,,Open,United Kingdom,,,,,,
,145,Jason Booth,M40-44,,Open,United States,,,,,,
,3264,Trey Seibold,M50-54,,Open,United States,,,,,,
,3464,Raymond Wagener,M25-29,,Open,South Africa,,,,,,
,1125,Björn Schuhmacher,M35-39,,Open,Germany,,,,,,
,3386,Julen Lopetegui Garcia,M25-29,,Open,Spain,27:30,,2:28:13,,,
,3224,Claudio Furfuro,M50-54,,Open,Argentina,,,,,,
,2288,Michel Pellerin,M60-64,,Open,Canada,,,,,,
,3968,Alexandre Delort,M45-49,,Open,France,,,,,,
,705,Scott Byram,M40-44,,Open,United States,,,,,,
,1928,Brant Stachel,M30-34,,Open,Canada,,,,,,
,919,Rickard SJÖLANDER,M35-39,,Open,Sweden,,,,,,
,240,James Viles,M40-44,,Open,Australia,,,,,,
,2866,Christophe Treuil,M50-54,,Open,France,,,,,,
,3147,Bill Lackey,M50-54,,Open,United States,,,,,,
,3915,Christian Fontanive,M45-49,,Open,Switzerland,,,,,,
,1052,Alex Whetman,M35-39,,Open,United States,34:46,,,,,
,540,Tony Robinson,M40-44,,Open,United Kingdom,,,,,,
,1262,Paul Felder,M35-39,,Open,United States,,,,,,
,3861,Diego Arantes,M18-24,,Open,Brazil,,,,,,
,2633,Franck Henri Tardivat,M55-59,,Open,Switzerland,,,,,,
,3043,Jakob Berget,M50-54,,Open,Denmark,,,,,,
,2059,Matthew Woodrow,M30-34,,Open,United States,33:03,,,,,
,3627,Alex Bigelli,M25-29,,Open,Canada,,,,,,
,4082,Daniel Da C Muller Abreu Lima,M45-49,,Open,Brazil,,,,,,
,561,Luiz Gustavo Baptista Madeira Pipa,M40-44,,Open,Brazil,,,,,,
,3150,Mike Waterman,M50-54,,Open,United States,,,,,,
,2373,Francesco Silva,M60-64,,Open,Italy,,,,,,
,851,Dean Paxson,M80-84,,Open,United States,,,,,,
,1274,Charlton Lawson,M35-39,,Open,South Africa,,,,,,
,3792,Felix Günther,M18-24,,Open,Germany,,,,,,
,4511,Carlos Torres,M45-49,,Open,United States,,,,,,
,281,Camilo Ortiz,M40-44,,Open,Colombia,,,,,,
,664,Danny Smuskewicz,M40-44,,Open,Germany,,,,,,
,116,Antonio Gonzalez,M40-44,,Open,United States,,,,,,
,514,Everton Rodrigo Da Silva,M40-44,,Open,Brazil,,,,,,
,3514,Patrick Winnett,M25-29,,Open,United States,,,,,,
,1242,Marc WALKER,M35-39,,Open,Australia,,,,,,
,798,Lonnie Lepore,M70-74,,Open,United States,,,,,,
,4447,Stuart Anderson,M45-49,,Open,United Kingdom,,,,,,
,2841,Bas Groothedde,M50-54,,Open,Netherlands,,,,,,
,2936,Thierry Majerus,M50-54,,Open,Luxembourg,,,,,,
,15,Rudy Von Berg,MPRO,,Open,United States,,,,,,
,3383,Josef Werner,M25-29,,Open,Sweden,,,,,,
,3401,Jisk Hoogervorst,M25-29,,Open,Netherlands,,,,,,
,2534,Henning Von Poser,M55-59,,Open,Germany,,,,,,
,3833,Matt O'Brien,M18-24,,Open,Australia,,,,,,
,3876,Mark Petrovic,M18-24,,Open,United States,,,,,,
,2863,Russ Brandt,M50-54,,Open,United States,,,,,,
,1367,Jacob Bauer,M35-39,,Open,United States,,,,,,
,1953,James Hotson,M30-34,,Open,United States,,,,,,
,1523,Garrett Dalessandro,M65-69,,Open,United States,,,,,,
,2614,Graham Baxter,M55-59,,Open,United Kingdom,30:04,,2:32:15,,,
,1213,Hector Hermosilla,M35-39,,Open,Chile,,,,,,
,2915,Brian Stover,M50-54,,Open,United States,,,,,,
,2763,Marco Antonio Fernandez Diez,M55-59,,Open,Chile,,,,,,
,2435,Mauro Asaro,M55-59,,Open,Italy,,,,,,
,3552,Pablo Miro,M25-29,,Open,Spain,,,,,,
,1570,Paul Redding,M65-69,,Open,United Kingdom,,,,,,
,173,Jeremy Rogers,M40-44,,Open,United States,,,,,,
,3836,Ryan Coombs,M18-24,,Open,United Kingdom,,,,,,
,4463,Malcolm Wesener,M45-49,,Open,Australia,,,,,,
,112,Brad Mcnamara,M40-44,,Open,New Zealand,,,,,,
,2538,Alain Binsinger,M55-59,,Open,France,,,,,,
,834,Sergio Fuentes Pezoa,M75-79,,Open,Chile,,,,,,
,923,Jason Mccartney,M35-39,,Open,New Zealand,,,,,,
,3332,Lucas Worth,M25-29,,Open,Germany,,,,,,
,2395,Tom Bernitt,M60-64,,Open,United States,,,,,,
,3614,Shawn O'Malley,M25-29,,Open,United States,,,,,,
,1841,George Davis,M30-34,,Open,United States,,,,,,
,856,Drew Davis,M35-39,,Open,United States,,,,,,
,1703,Fabrizio Giovannini Filho,M30-34,,Open,Brazil,,,,,,
,639,Hector Robles,M40-44,,Open,Mexico,,,,,,
,4232,Michal Borkowy,M45-49,,Open,Poland,,,,,,
,2347,Basil Irving,M60-64,,Open,United States,39:07,,,,,
,1284,Dale Sanford,M35-39,,Open,United States,,,,,,
,719,Dennis Tai,M40-44,,Open,Taiwan,,,,,,
,1565,José María Pardo Gimeno,M65-69,,Open,Spain,,,,,,
,1753,Jose Entrecanales,M30-34,,Open,Spain,,,,,,
,789,Jorge Vidal,M70-74,,Open,Argentina,,,,,,
,120,Mathieu Gauthier,M40-44,,Open,Canada,,,,,,
,2928,Daniel Horan,M50-54,,Open,Australia,,,,,,
,1531,Peter Hurley,M65-69,,Open,United States,,,,,,
,2625,Peter Haidenek,M55-59,,Open,Austria,,,,,,
,3187,Dirk Willi Petersen,M50-54,,Open,Germany,,,,,,
,3102,Ignacio Galarraga,M50-54,,Open,United States,,,,,,
,1542,Klaus Dieter Schlegel,M65-69,,Open,Germany,,,,,,
,2968,Ivano Canavesi,M50-54,,Open,Italy,,,,,,
,526,Francois Dirren,M40-44,,Open,Switzerland,,,,,,
,1719,Will Kelsey,M30-34,,Open,United Kingdom,33:01,,2:32:07,,,
,3686,Steven Eyckmans,M25-29,,Open,Belgium,27:48,,,,,
,2052,Chris Carter,M30-34,,Open,United States,,,,,,
,2450,Jean-Christophe Guinchard,M55-59,,Open,Switzerland,,,,,,
,4089,Davide Merlin,M45-49,,Open,Italy,,,,,,
,4400,Geoffrey Richards,M45-49,,Open,Canada,,,,,,
,2754,Alessandro Arnaudo,M55-59,,Open,Italy,,,,,,
,1156,Matthias Grosser,M35-39,,Open,Germany,,,,,,
,2032,Ildar Mannapov,M30-34,,Open,United States,,,,,,
,2865,Sean Mazer,M50-54,,Open,United States,,,,,,
,4035,Gavin Dunne,M45-49,,Open,Ireland,,,,,,
,797,Juan Arrasate,M70-74,,Open,Chile,,,,,,
,3199,Amir Bachar,M50-54,,Open,Israel,,,,,,
,1102,Fabien Besancon,M35-39,,Open,France,,,,,,
,2471,Carsten Holst Nørgaard,M55-59,,Open,Denmark,,,,,,
,4313,Yuichiro Takahashi,M45-49,,Open,Japan,,,,,,
,2159,Hashim Al Farsi,M30-34,,Open,Oman,,,,,,
,2368,Jim Cunha,M60-64,,Open,United States,,,,,,
,4083,Ovidio Bilbao,M45-49,,Open,United States,,,,,,
,1522,Martin Gannon,M65-69,,Open,United Kingdom,,,,,,
,1141,Kyle Thompson,M35-39,,Open,United States,,,,,,
,4319,Marcelo Barbosa,M45-49,,Open,Brazil,39:10,,2:45:28,,,
,4335,Thomas Musialik,M45-49,,Open,Germany,,,,,,
,277,Christos Geitonas,M40-44,,Open,Greece,,,,,,
,1009,Rolf Kobelt,M35-39,,Open,Switzerland,,,,,,
,2524,Christopher Vosloo,M55-59,,Open,South Africa,,,,,,
,506,Mark Binding,M40-44,,Open,United Kingdom,,,,,,
,2462,Massimo Luzzati,M55-59,,Open,Italy,,,,,,
,3036,Mark Hummel,M50-54,,Open,,,,,,,
,1524,stefano valeau,M65-69,,Open,Italy,,,,,,
,2260,Paul Strong,M60-64,,Open,United States,,,,,,
,2539,Mario Karcher,M55-59,,Open,Germany,,,,,,
,4344,Chris Gilmore,M45-49,,Open,Australia,,,,,,
,3145,Mark Lamper,M50-54,,Open,United States,,,,,,
,3384,Jonathan Benjamin,M25-29,,Open,South Africa,,,,,,
,3509,Matthew Wang,M25-29,,Open,United States,,,,,,
,4069,Hugo Eduardo Abarzua Vergara,M45-49,,Open,Chile,,,,,,
,2577,Chris Keysor,M55-59,,Open,United States,,,,,,
,3879,Jan Hennecke,M18-24,,Open,Germany,,,,,,
,1656,Jeremy Rossero,M30-34,,Open,France,,,,,,
,3103,Corrado Bertola,M50-54,,Open,Italy,,,,,,
,887,Jan Höing,M35-39,,Open,Germany,,,,,,
,1132,Silvio Hernandes Delgado Junior,M35-39,,Open,Brazil,,,,,,
,3050,Todd Newnam,M50-54,,Open,United States,,,,,,
,3597,Jonathan Cryer,M25-29,,Open,United Kingdom,,,,,,
,1823,Joe Rich,M30-34,,Open,United States,,,,,,
,3100,Chuck Schnell,M50-54,,Open,United States,,,,,,
,48,Martin Ulloa,MPRO,,Open,Chile,23:33,,,,,
,1651,Dustin Query,M30-34,,Open,United States,,,,,,
,507,Mauricio Beinat,M40-44,,Open,Argentina,,,,,,
,1134,Mark Tomlinson,M35-39,,Open,United Kingdom,,,,,,
,3515,Abdullah Al Hasani,M25-29,,Open,Oman,,,,,,
,1395,Francisco Miguel Mangas,M35-39,,Open,Spain,,,,,,
,1352,Nathan Jones,M35-39,,Open,New Zealand,,,,,,
,3793,Rodrigo Diaz de Leon,M18-24,,Open,Mexico,,,,,,
,1598,Leonard Vergunst,M65-69,,Open,United States,,,,,,
,4246,Steven Allan,M45-49,,Open,South Africa,,,,,,
,2023,Robert Budaj,M30-34,,Open,Slovakia,,,,,,
,4023,Robin Clegg,M45-49,,Open,Canada,,,,,,
,324,Michael Guilbault,M40-44,,Open,United States,,,,,,
,1415,Patrick Bombardelli,M35-39,,Open,Italy,,,,,,
,2333,Eric Lienhard,M60-64,,Open,Argentina,,,,,,
,643,Paul Arcediano,M40-44,,Open,United States,,,,,,
,134,Pascal Schenk,M40-44,,Open,Switzerland,,,,,,
,1986,Tom Danter,M30-34,,Open,United Kingdom,,,,,,
,1752,George Hoffmann,M30-34,,Open,United States,,,,,,
,854,Daniel Martin,M35-39,,Open,Spain,,,,,,
,3892,Colton Sorrells,M18-24,,Open,United States,,,,,,
,1042,Romain Gioux,M35-39,,Open,France,,,,,,
,249,Erik Doornbos,M40-44,,Open,Netherlands,,,,,,
,2917,Federico Masin,M50-54,,Open,Australia,,,,,,
,2638,Scott Darling,M55-59,,Open,United States,,,,,,
,1680,Aj Reid,M30-34,,Open,United States,,,,,,
,1005,Patrick Geyer,M35-39,,Open,Switzerland,,,,,,
,2748,John Bursell,M55-59,,Open,United States,,,,,,
,4211,Federico Pardo,M45-49,,Open,Colombia,,,,,,
,279,Emilio Flores,M40-44,,Open,Mexico,,,,,,
,36,Trevor Foley,MPRO,,Open,United States,27:17,,,,,
,4343,Anthony Ponton,M45-49,,Open,United States,,,,,,
,841,Russell Clarke,M75-79,,Open,United States,,,,,,
,3781,Connor Readman,M18-24,,Open,United States,,,,,,
,837,Heinrich Jockenhöfer,M75-79,,Open,Germany,,,,,,
,2092,Kshitij Belapure,M30-34,,Open,India,,,,,,
,808,Joseph Orpaz,M70-74,,Open,Israel,,,,,,
,2234,Jim Sayih,M60-64,,Open,United States,1:19:28,,,,,
,1661,Sergio Monge Vargas,M30-34,,Open,Costa Rica,,,,,,
,2112,Felipe Mora,M30-34,,Open,Colombia,,,,,,
,2900,Renaud Cormier,M50-54,,Open,France,,,,,,
,3175,Krzysztof Hajduk,M50-54,,Open,Poland,,,,,,
,2902,François Léonard,M50-54,,Open,Canada,,,,,,
,872,Johannes Sommer,M35-39,,Open,Austria,,,,,,
,2609,Joe Terry,M55-59,,Open,United States,,,,,,
,3667,Alejandro Fernández,M25-29,,Open,Paraguay,,,,,,
,1742,Sebastian Hirschl,M30-34,,Open,Germany,,,,,,
,3221,Ahmed Al-Awa,M50-54,,Open,United Kingdom,,,,,,
,2523,Mike Hocker,M55-59,,Open,United States,,,,,,
,1568,Jeff Holt,M65-69,,Open,United States,39:57,,,,,
,3588,Connor Reynolds,M25-29,,Open,United States,28:15,,2:59:15,,,
,1608,Tony D’alessandro,M65-69,,Open,United States,,,,,,
,896,Ralf Scholten,M35-39,,Open,Netherlands,,,,,,
,388,Ronald Rizk,M40-44,,Open,Lebanon,,,,,,
,1745,Xiaoliang Lin,M30-34,,Open,China,,,,,,
,113,Sergii Malchyk,M40-44,,Open,Ukraine,,,,,,
,568,Edward Baker,M40-44,,Open,United States,,,,,,
,4231,Ricardo Almeida,M45-49,,Open,Portugal,,,,,,
,1637,Forest Crigler,M30-34,,Open,United States,,,,,,
,3943,Matteo Sclosa,M45-49,,Open,Italy,,,,,,
,2696,Felix Dominguez Martin,M55-59,,Open,Spain,,,,,,
,3860,Seamus Sheard,M18-24,,Open,United Kingdom,,,,,,
,45,Nicholas Free,MPRO,,Open,Australia,,,,,,
,1627,FEIFAN WU,M30-34,,Open,China,,,,,,
,407,Marc Roberts,M40-44,,Open,United Kingdom,,,,,,
,452,John Cline,M40-44,,Open,United States,,,,,,
,1350,Julien Marec,M35-39,,Open,France,,,,,,
,309,Jerry Faulkner,M40-44,,Open,United States,1:59:02,,,,,
,1982,Kyle Dacey,M30-34,,Open,United States,36:47,,,,,
,260,Karl Boehm,M40-44,,Open,Australia,,,,,,
,2919,Martin Di Paolo,M50-54,,Open,Argentina,,,,,,
,2080,Maxime Scholtes,M30-34,,Open,France,30:24,,2:39:14,,,
,867,Mattia Graziola,M35-39,,Open,Italy,,,,,,
,4448,David Toro,M45-49,,Open,Spain,,,,,,
,4367,Grant Whiteside,M45-49,,Open,United Kingdom,,,,,,
,2001,Fernando Morales Rengifo,M30-34,,Open,Colombia,,,,,,
,3886,Chris Meyer,M18-24,,Open,United States,,,,,,
,3691,Tim Walton,M25-29,,Open,United Kingdom,,,,,,
,1912,Mohamad Rawas,M30-34,,Open,Lebanon,,,,,,
,1357,Jia Kuan Zhang,M35-39,,Open,China,,,,,,
,3865,Valentin Stehli,M18-24,,Open,Switzerland,,,,,,
,2310,Johnny Messineo,M60-64,,Open,United States,,,,,,
,2008,Rommel Daniel Silva Rios,M30-34,,Open,Mexico,,,,,,
,1896,Josh Baker,M30-34,,Open,United States,,,,,,
,3173,LUIS IZQUIERDO,M50-54,,Open,Spain,,,,,,
,850,Erwin Helml,M80-84,,Open,,,,,,,
,4346,Alejandro Pulido Aponte,M45-49,,Open,Colombia,,,,,,
,2530,Todd Crandell,M55-59,,Open,United States,,,,,,
,1095,Aaron Ashdown,M35-39,,Open,Australia,,,,,,
,3467,Ryo Ishida,M25-29,,Open,Japan,,,,,,
,3520,David Vardanyan,M25-29,,Open,Armenia,,,,,,
,1308,Fabien Anne,M35-39,,Open,France,,,,,,
,4332,Oliver Grassmann,M45-49,,Open,Switzerland,,,,,,
,1373,Daniel Blum,M35-39,,Open,Austria,,,,,,
,2086,Sebastian De Jong,M30-34,,Open,Netherlands,,,,,,
,816,Steve Marshall,M70-74,,Open,United States,,,,,,
,2829,Dan Gradwell,M50-54,,Open,United States,,,,,,
,3829,Carlos Mier Y Terán Chambon,M18-24,,Open,Mexico,,,,,,
,1012,Philipp Dommermuth,M35-39,,Open,Germany,,,,,,
,638,Leonardo Gallegos,M40-44,,Open,Chile,,,,,,
,3940,Mark Ewing,M45-49,,Open,United Kingdom,,,,,,
,2620,Darrin Rohr,M55-59,,Open,United States,,,,,,
,629,Chris Braithwaite,M40-44,,Open,New Zealand,,,,,,
,408,Sebastian Herzig,M40-44,,Open,Germany,,,,,,
,2284,Jean Poiré,M60-64,,Open,Canada,,,,,,
,3756,Gabriel Chalut,M18-24,,Open,Canada,,,,,,
,922,Ross Jacobucci,M35-39,,Open,United States,,,,,,
,3035,Ashishkumar Premnath Sethi,M50-54,,Open,India,,,,,,
,4196,Mike Wordelman,M45-49,,Open,United States,,,,,,
,1621,Klaus Hansen Vikström,M65-69,,Open,Denmark,,,,,,
,3038,Fabio Aquino,M50-54,,Open,Brazil,,,,,,
,1859,Adam Bradshaw,M30-34,,Open,New Zealand,,,,,,
,1583,Zdravko Hanak,M65-69,,Open,Croatia,,,,,,
,1355,Richard Gaugeler,M35-39,,Open,South Africa,,,,,,
,179,Radoslaw Bartkowski,M40-44,,Open,Poland,,,,,,
,1696,Dan Johnston,M30-34,,Open,United States,,,,,,
,2371,Peter Kane,M60-64,,Open,New Zealand,,,,,,
,857,Alex Sharp,M35-39,,Open,United States,,,,,,
,1302,Abdullah Alrefae,M35-39,,Open,Kuwait,,,,,,
,4493,Christopher Ginn,M45-49,,Open,United States,,,,,,
,1557,Patrick Provenaz,M65-69,,Open,France,,,,,,
,3052,Raymond Limbourg,M50-54,,Open,Netherlands,,,,,,
,2920,Nestor Martinez,M50-54,,Open,Nicaragua,,,,,,
,2241,Paul Adams,M60-64,,Open,United Kingdom,,,,,,
,4331,Roberto Martellini,M45-49,,Open,Italy,,,,,,
,3898,Cesar Corte,M18-24,,Open,Mexico,,,,,,
,1950,Stuart Young,M30-34,,Open,United Kingdom,,,,,,
,1220,Matt Schuster,M35-39,,Open,United States,,,,,,
,1475,Daniel Callahan,M35-39,,Open,United States,,,,,,
,3573,Filippo Capone,M25-29,,Open,Italy,,,,,,
,1340,Peter Jaksa,M35-39,,Open,Canada,,,,,,
,1864,Jonathan Mccann,M30-34,,Open,United Kingdom,,,,,,
,1050,David Slingerland,M35-39,,Open,United States,,,,,,
,1041,Lubomir Redaj,M35-39,,Open,Slovakia,,,,,,
,3159,Sam Cooke,M50-54,,Open,Australia,,,,,,
,2022,Taylor Elms,M30-34,,Open,Australia,,,,,,
,312,Kai Sheng Tu,M40-44,,Open,Taiwan,,,,,,
,3067,shane zindel,M50-54,,Open,United States,,,,,,
,1754,Rasmus Hansen,M30-34,,Open,Denmark,,,,,,
,1129,Stephen Ridley,M35-39,,Open,United Kingdom,,,,,,
,2009,Christopher Weeks,M30-34,,Open,United Kingdom,,,,,,
,4471,Roman Procházka,M45-49,,Open,Czechia,,,,,,
,1688,Justin Thornley,M30-34,,Open,United States,,,,,,
,4248,John Najarian,M45-49,,Open,United States,,,,,,
,1369,Raul Valdes,M35-39,,Open,United States,,,,,,
,211,Drew Martin,M40-44,,Open,United States,,,,,,
,297,Kristian Pashley,M40-44,,Open,United Kingdom,,,,,,
,2951,David Brown,M50-54,,Open,United Kingdom,,,,,,
,1632,San Luis Wong Ting,M30-34,,Open,Paraguay,,,,,,
,1438,Oren Goshen,M35-39,,Open,Israel,,,,,,
,1857,Malachi Henry,M30-34,,Open,United States,,,,,,
