Place,Bib,Name,Age_Group,Group_Rank,Class,Club,Swim,T1,Bike,T2,Run,Finish
1,12,Javier Gomez,MPRO,1,Open,Spain,24:08,,2:12:27,,1:10:29,3:49:44
2,47,Ben Kanute,MPRO,2,Open,United States,24:03,,2:08:10,,1:16:23,3:51:06
3,4,Tim Don,MPRO,3,Open,United Kingdom,24:58,,2:11:12,,1:13:04,3:51:59
4,2,Sam Appleton,MPRO,4,Open,Australia,25:01,,2:11:01,,1:14:36,3:53:32
5,5,Kienle Sebastian,MPRO,5,Open,Germany,28:22,,2:07:45,,1:16:02,3:54:44
6,14,Maurice Clavel,MPRO,6,Open,Germany,25:07,,2:11:03,,1:16:33,3:55:17
7,8,Tyler Butterfield,MPRO,7,Open,Bermuda,25:18,,2:10:40,,1:17:26,3:56:20
8,7,Andreas Dreitz,MPRO,8,Open,Germany,26:39,,2:09:16,,1:17:14,3:56:33
9,21,Ivan Tutukin,MPRO,9,Open,Russian Federation,26:24,,2:15:00,,1:12:48,3:56:53
10,29,Pieter Heemeryck,MPRO,10,Open,Belgium,25:27,,2:11:02,,1:18:26,3:57:36
11,34,Matt Chrabot,MPRO,11,Open,United States,25:04,,2:11:48,,1:20:22,4:00:10
12,9,Mauricio Mendez,MPRO,12,Open,Mexico,25:05,,2:16:38,,1:16:08,4:00:30
13,10,Rudy Von Berg,MPRO,13,Open,United States,25:06,,2:16:22,,1:17:34,4:01:32
14,1,Timothy Reed,MPRO,14,Open,Australia,25:20,,2:16:07,,1:17:25,4:01:42
15,18,Matt Hanson,MPRO,15,Open,United States,27:36,,2:17:32,,1:13:18,4:01:42
16,17,Kevin Collington,MPRO,16,Open,United States,26:31,,2:15:04,,1:17:45,4:02:08
17,39,Reinaldo Colucci,MPRO,17,Open,Brazil,25:15,,2:15:50,,1:19:35,4:03:36
18,30,Brent Mcmahon,MPRO,18,Open,Canada,25:22,,2:16:21,,1:19:34,4:03:55
19,32,Jackson Laundry,MPRO,19,Open,Canada,26:36,,2:15:03,,1:19:54,4:04:16
20,15,Taylor Reid,MPRO,20,Open,Canada,26:37,,2:14:54,,1:20:08,4:04:18
21,2819,Patrick Reger,M18-24,1,Open,Germany,29:34,,2:15:24,,1:17:34,4:07:21
22,42,Drew Scott,MPRO,21,Open,United States,26:25,,2:15:22,,1:23:57,4:08:13
23,26,Jesse Thomas,MPRO,22,Open,United States,28:22,,2:20:18,,1:16:55,4:08:42
24,38,Patrick Dirksmeier,MPRO,23,Open,Germany,25:40,,2:22:41,,1:18:50,4:10:17
25,2225,Ricky Flynn,M30-34,1,Open,United States,28:11,,2:24:32,,1:11:18,4:10:45
26,24,Mario De Elias,MPRO,24,Open,Argentina,28:18,,2:20:23,,1:19:24,4:11:00
27,43,Ivan Kalashnikov,MPRO,25,Open,Russian Federation,25:07,,2:16:44,,1:26:48,4:11:20
28,54,Adam Otstot,MPRO,26,Open,United States,28:23,,2:20:33,,1:19:33,4:11:29
29,2820,Nicolas Richoz,M18-24,2,Open,Switzerland,29:30,,2:15:09,,1:22:04,4:11:49
30,2511,Michael Birchmore,M25-29,1,Open,United Kingdom,26:48,,2:23:11,,1:17:17,4:12:12
31,1610,Daniel Stubleski,M40-44,1,Open,United States,29:56,,2:22:19,,1:15:21,4:12:24
32,2607,Timo Kuhlmann,M25-29,2,Open,Germany,34:04,,2:17:42,,1:16:43,4:13:17
33,2238,Ryan Giuliano,M30-34,2,Open,United States,31:04,,2:20:29,,1:17:59,4:14:10
34,1737,James Burke,M35-39,1,Open,United States,25:04,,2:16:47,,1:26:56,4:14:12
35,50,Trevor Wurtele,MPRO,27,Open,Canada,28:17,,2:20:24,,1:22:37,4:14:20
36,2424,Søren Hyldal Sørensen,M30-34,3,Open,Denmark,28:32,,2:17:34,,1:23:15,4:14:42
37,46,Antoine Jolicoeur Desroches,MPRO,28,Open,Canada,25:09,,2:23:57,,1:23:30,4:15:22
38,2579,Robert Hollinger,M25-29,3,Open,United States,30:50,,2:19:23,,1:19:58,4:15:31
39,2815,Luis Fernando Pelcastre Rabanal,M18-24,3,Open,Mexico,28:49,,2:20:05,,1:21:24,4:16:43
40,2326,Jack Mcafee,M30-34,4,Open,United States,27:22,,2:24:41,,1:20:21,4:17:14
41,2526,Andrés Chirinos,M25-29,4,Open,Peru,29:26,,2:20:20,,1:22:01,4:17:19
42,35,Felipe Van de Wyngard,MPRO,29,Open,Chile,25:20,,2:23:41,,1:25:29,4:17:30
43,2536,Marton Cseik,M25-29,5,Open,United Kingdom,29:03,,2:23:03,,1:20:36,4:17:56
44,2681,Frank Sorbara,M25-29,6,Open,Canada,28:05,,2:22:12,,1:21:44,4:18:35
45,52,Eric Watson,MPRO,30,Open,Bahrain,25:45,,2:24:20,,1:25:44,4:18:58
46,2831,Paul Stevenson,M18-24,4,Open,United States,28:34,,2:20:20,,1:24:48,4:19:01
47,2479,Roger Witz Barnes,M30-34,5,Open,United Kingdom,26:06,,2:19:12,,1:28:21,4:19:09
48,2465,Michael Vulanich,M30-34,6,Open,United States,30:33,,2:24:25,,1:19:06,4:19:12
49,2193,Derk De Korver,M30-34,7,Open,Netherlands,30:39,,2:19:43,,1:23:32,4:19:12
50,2865,Thomas Huwiler,M25-29,7,Open,Switzerland,31:17,,2:17:40,,1:25:46,4:19:25
51,2746,Francisco Catalan,M18-24,5,Open,United States,29:01,,2:18:44,,1:26:46,4:19:47
52,1777,Eduardo Della Maggiora,M35-39,2,Open,Chile,30:20,,2:24:12,,1:19:24,4:19:47
53,2567,Greg Grosicki,M25-29,8,Open,United States,29:23,,2:21:43,,1:23:40,4:19:57
54,2542,Kevin Denny,M25-29,9,Open,United States,29:36,,2:24:42,,1:20:43,4:20:19
55,2824,Conrad Sanders,M18-24,6,Open,United States,30:42,,2:19:55,,1:24:06,4:20:33
56,2761,Julen Díez Rodríguez,M18-24,7,Open,Spain,28:59,,2:21:31,,1:25:10,4:20:38
57,2783,Jakob Heindl,M18-24,8,Open,Germany,34:24,,2:20:02,,1:21:55,4:21:39
58,2551,Fabian Eisenlauer,M25-29,10,Open,Germany,32:07,,2:21:03,,1:23:55,4:21:45
59,2455,Niels Vande Casteele,M30-34,8,Open,Belgium,29:29,,2:21:21,,1:24:49,4:21:49
60,2523,Etienne Chaleat,M25-29,11,Open,France,32:23,,2:19:38,,1:23:55,4:21:53
61,2440,walter tlaija,M30-34,9,Open,Brazil,31:33,,2:21:50,,1:23:41,4:21:57
62,2286,Janez Klancnik,M30-34,10,Open,Slovenia,30:53,,2:22:29,,1:23:54,4:21:58
63,1362,Stéphane Gomez,M40-44,2,Open,France,23:56,,2:28:15,,1:24:03,4:22:07
64,2717,Aljoscha Willgosch,M25-29,12,Open,Germany,27:37,,2:22:58,,1:26:53,4:22:07
65,2279,Steve Jackson,M30-34,11,Open,United States,25:24,,2:24:44,,1:26:45,4:22:16
66,2808,Nicholas Noone,M18-24,9,Open,United States,25:34,,2:15:42,,1:36:12,4:22:22
67,2254,Benjamin Hammer,M30-34,12,Open,United States,32:20,,2:22:03,,1:22:37,4:22:23
68,51,Alan Carrillo,MPRO,31,Open,Mexico,28:44,,2:22:43,,1:27:54,4:22:26
69,2788,Erwan Jacobi,M18-24,10,Open,France,27:41,,2:17:38,,1:32:00,4:22:43
70,2680,Sergiusz Sobczyk,M25-29,13,Open,Poland,28:48,,2:20:37,,1:28:18,4:22:43
71,1943,Nathan Miller,M35-39,3,Open,United States,29:01,,2:24:34,,1:23:25,4:22:46
72,1738,Todd Burns,M35-39,4,Open,United States,28:52,,2:25:20,,1:22:45,4:22:47
73,1806,François Fouss,M35-39,5,Open,Belgium,31:05,,2:22:49,,1:22:40,4:22:51
74,2704,Andrés Valerio Gutiérrez,M25-29,14,Open,Mexico,26:25,,2:22:47,,1:27:34,4:22:58
75,2186,Sean Cooley,M30-34,13,Open,United States,30:01,,2:20:10,,1:27:37,4:22:58
76,2214,Eric Engel,M30-34,14,Open,United States,31:21,,2:23:50,,1:23:03,4:23:03
77,2559,Davis Frease,M25-29,15,Open,United States,26:17,,2:22:02,,1:29:09,4:23:04
78,998,Clive Kennedy-Burn,M45-49,1,Open,United Kingdom,29:11,,2:22:06,,1:26:13,4:23:38
79,2742,Chris Bruchhausen,M18-24,11,Open,South Africa,28:13,,2:24:27,,1:25:32,4:23:59
80,2338,Marcelo Moreira,M30-34,15,Open,Brazil,27:21,,2:23:43,,1:26:30,4:24:04
81,2649,Evan Price,M25-29,16,Open,United States,30:16,,2:22:23,,1:26:24,4:24:11
82,2609,Luke Kurey,M25-29,17,Open,United States,31:07,,2:21:53,,1:25:03,4:24:11
83,2827,Matt Schafer,M18-24,12,Open,United States,25:29,,2:27:26,,1:26:16,4:24:22
84,2235,John Garita,M30-34,16,Open,Costa Rica,30:16,,2:23:47,,1:22:58,4:24:23
85,1844,Alan Horton,M35-39,6,Open,United States,30:22,,2:27:03,,1:21:28,4:24:24
86,27,Carlos Javier Quinchara Forero,MPRO,32,Open,Colombia,25:01,,2:27:02,,1:30:07,4:24:44
87,2644,Yang Pan,M25-29,18,Open,United States,32:12,,2:20:16,,1:26:36,4:24:44
88,2622,David Luy,M25-29,19,Open,United States,36:12,,2:21:29,,1:20:28,4:24:48
89,2202,Vincent D'Onofrio,M30-34,17,Open,United States,31:06,,2:24:05,,1:23:46,4:24:53
90,2623,Eoin Lyons,M25-29,20,Open,Ireland,26:39,,2:25:38,,1:26:41,4:24:59
91,1794,Rafael Falsarella,M35-39,7,Open,Brazil,30:49,,2:22:33,,1:24:41,4:25:00
92,2614,Johnathan Lejeune,M25-29,21,Open,United States,34:10,,2:19:37,,1:23:39,4:25:05
93,2036,Jeff Scarella,M35-39,8,Open,United States,28:31,,2:24:10,,1:27:06,4:25:10
94,2809,Ricardo Alfredo Nunez Bellina,M18-24,13,Open,Peru,29:07,,2:28:05,,1:23:18,4:25:10
95,2838,Christian Trunk,M18-24,14,Open,Germany,31:56,,2:22:36,,1:24:56,4:25:15
96,1765,Michal Daněk,M35-39,9,Open,Czechia,26:49,,2:27:26,,1:26:22,4:25:25
97,2210,Reinke Eiben,M30-34,18,Open,Germany,26:40,,2:27:31,,1:25:35,4:25:29
98,2683,Jeremy Stagg,M25-29,22,Open,United States,30:57,,2:19:20,,1:28:36,4:25:33
99,2283,John Kelly,M30-34,19,Open,United States,33:15,,2:23:43,,1:22:46,4:25:35
100,2751,Weston Christensen,M18-24,15,Open,United States,25:27,,2:33:03,,1:21:58,4:25:35
101,2661,Neal Ross,M25-29,23,Open,United States,28:17,,2:25:04,,1:26:15,4:25:42
102,1708,Mark Beckwith,M35-39,10,Open,United States,29:28,,2:23:50,,1:26:38,4:25:43
103,2313,Rodrigo Lobo,M30-34,20,Open,Brazil,26:55,,2:27:58,,1:24:38,4:25:48
104,2399,Erlend Skippervik Saetre,M30-34,21,Open,Norway,30:18,,2:22:58,,1:27:27,4:25:51
105,2575,Alberto Hermoso Diaz,M25-29,24,Open,Spain,26:47,,2:26:38,,1:27:33,4:25:54
106,2513,Florian Bögge,M25-29,25,Open,Germany,32:47,,2:19:36,,1:28:11,4:25:55
107,2242,Victor Manuel González Gómez,M30-34,22,Open,Spain,25:20,,2:26:14,,1:29:55,4:25:59
108,2221,Otavio Fernandes,M30-34,23,Open,Brazil,26:42,,2:28:55,,1:26:05,4:26:24
109,2569,Juha-Matti Halonen,M25-29,26,Open,Finland,28:06,,2:25:14,,1:28:18,4:26:26
110,2756,Kenny Couvreur,M18-24,16,Open,Belgium,29:31,,2:23:00,,1:28:20,4:26:29
111,2417,Matt Shechtman,M30-34,24,Open,United States,32:17,,2:21:05,,1:27:19,4:26:31
112,2664,Thomas Sämann,M25-29,27,Open,Germany,32:33,,2:23:09,,1:25:13,4:26:33
113,2299,Ross Lenehan,M30-34,25,Open,United States,30:47,,2:23:31,,1:26:17,4:26:33
114,1287,Peter Christensen,M40-44,3,Open,United States,30:14,,2:27:47,,1:23:26,4:26:59
115,2612,Simon Leblanc,M25-29,28,Open,Canada,28:23,,2:23:42,,1:28:59,4:26:59
116,2204,Yoni Doron-Peters,M30-34,26,Open,United States,26:12,,2:26:34,,1:29:36,4:27:17
117,2552,Tyler Ems,M25-29,29,Open,United States,29:38,,2:22:33,,1:29:26,4:27:19
118,2872,Hh Shaikh Nasser Bin Hamad Al Khalifa,M30-34,27,Open,Bahrain,31:30,,2:22:19,,1:28:30,4:27:21
119,1574,Bryan Rusche,M40-44,4,Open,Canada,34:33,,2:27:28,,1:19:13,4:27:24
120,2860,Nathan Buttrick,M35-39,11,Open,United States,32:24,,2:23:53,,1:25:09,4:27:25
121,2397,Salvador Ruiz Gonzalez Hamamura,M30-34,28,Open,Peru,30:32,,2:24:51,,1:26:32,4:27:26
122,2556,Curtis Feltner,M25-29,30,Open,United States,31:00,,2:23:08,,1:28:12,4:27:29
123,2600,Thomas Kendall,M25-29,31,Open,Australia,27:50,,2:25:09,,1:28:47,4:27:40
124,925,Vladimir Figari,M45-49,2,Open,Peru,33:34,,2:26:10,,1:22:02,4:27:41
125,2251,Andrew Hall,M30-34,29,Open,United States,30:12,,2:29:45,,1:21:08,4:27:42
126,1952,David Morris,M35-39,12,Open,United States,32:04,,2:21:25,,1:28:22,4:27:46
127,2385,Miroslav Richter,M30-34,30,Open,Czechia,31:25,,2:22:41,,1:28:02,4:27:48
128,1995,Raynard Picard,M35-39,13,Open,Mexico,32:17,,2:24:09,,1:26:05,4:27:56
129,2070,Alexandre Takenaka,M35-39,14,Open,Brazil,28:20,,2:25:22,,1:28:30,4:27:58
130,794,Jamey Yon,M50-54,1,Open,United States,30:12,,2:30:42,,1:21:39,4:27:59
131,2300,Jason Lentzke,M30-34,31,Open,United States,32:15,,2:23:29,,1:26:35,4:28:17
132,2635,Scott Mingay,M25-29,32,Open,United States,30:32,,2:26:07,,1:25:14,4:28:18
133,2708,Federico Venegas,M25-29,33,Open,Costa Rica,28:33,,2:24:24,,1:29:30,4:28:19
134,2587,Daniel Isaacson,M25-29,34,Open,United States,26:24,,2:21:05,,1:35:40,4:28:26
135,1743,Robby Chalfant,M35-39,15,Open,United States,29:15,,2:26:10,,1:27:38,4:28:32
136,2347,Jonathan Noon,M30-34,32,Open,United States,31:19,,2:23:16,,1:28:08,4:28:35
137,2660,Rodrigo Romero García De La Cadena,M25-29,35,Open,Mexico,28:55,,2:27:08,,1:26:55,4:28:35
138,1717,Ryan Bickerstaff,M35-39,16,Open,United States,28:19,,2:27:48,,1:25:47,4:28:35
139,1755,Nick Cosman,M35-39,17,Open,Canada,30:28,,2:21:35,,1:30:56,4:28:46
140,2475,Daniel Westermark,M30-34,33,Open,Sweden,29:29,,2:27:54,,1:26:46,4:28:48
141,2787,Juan Pablo Izquierdo Tolosa,M18-24,17,Open,Mexico,28:27,,2:27:54,,1:26:54,4:28:50
142,2737,Andrew Beardsall,M18-24,18,Open,Canada,28:57,,2:25:35,,1:26:59,4:28:53
143,2583,Corbin Hudacek,M25-29,36,Open,United States,30:10,,2:23:15,,1:29:09,4:28:56
144,2573,Tim Heinzemann,M25-29,37,Open,Germany,33:15,,2:20:53,,1:29:55,4:29:04
145,1803,Antonio Ferreira Da Silva Neto,M35-39,18,Open,Brazil,28:39,,2:25:52,,1:29:43,4:29:07
146,2094,Fernando Vargas Garibi,M35-39,19,Open,Mexico,33:43,,2:27:43,,1:23:06,4:29:14
147,2408,Edward Schmitt,M30-34,34,Open,United States,32:00,,2:23:22,,1:28:25,4:29:16
148,2427,Michel Stalder,M30-34,35,Open,Switzerland,34:11,,2:21:16,,1:28:37,4:29:22
149,1869,Owen Kendall,M35-39,20,Open,United States,30:01,,2:29:12,,1:23:25,4:29:29
150,2677,Adam Šimek,M25-29,38,Open,Czechia,30:09,,2:24:38,,1:28:56,4:29:30
151,2106,Michael Welch,M35-39,21,Open,United States,31:29,,2:26:26,,1:26:31,4:29:33
152,1897,John Littlewood,M35-39,22,Open,United Kingdom,33:25,,2:24:15,,1:25:13,4:29:34
153,2498,Federico Alvarez,M25-29,39,Open,Argentina,29:46,,2:31:28,,1:22:38,4:29:38
154,2426,Aaron Springhetti,M30-34,36,Open,United States,31:41,,2:22:47,,1:29:45,4:29:43
155,2090,Chris Van De Water,M35-39,23,Open,Canada,26:15,,2:31:56,,1:25:48,4:29:46
156,2666,Carlos Santiago,M25-29,40,Open,Mexico,28:03,,2:30:12,,1:26:35,4:29:55
157,2195,Andrew Deak,M30-34,37,Open,Canada,32:19,,2:25:36,,1:25:55,4:29:58
158,2695,Kevin Thomassin,M25-29,41,Open,France,34:52,,2:24:15,,1:25:39,4:30:16
159,1640,Bert Verbeke,M40-44,5,Open,Belgium,27:31,,2:26:01,,1:31:32,4:30:28
160,2719,John Wiygul,M25-29,42,Open,United States,31:46,,2:22:38,,1:30:50,4:30:32
161,2702,Nicolas Uribe,M25-29,43,Open,Colombia,30:55,,2:22:58,,1:31:20,4:30:35
162,1003,Michael Kirch,M45-49,3,Open,Belgium,32:04,,2:28:58,,1:24:13,4:30:39
163,1702,Matt Barcus,M35-39,24,Open,United States,33:35,,2:27:01,,1:25:06,4:30:39
164,957,Andrew Hall,M45-49,4,Open,United States,27:06,,2:24:47,,1:31:44,4:30:40
165,2762,Magnus Ditlev,M18-24,19,Open,Denmark,29:10,,2:22:09,,1:33:23,4:30:42
166,1797,Jonathan Feddock,M35-39,25,Open,United States,29:43,,2:33:19,,1:22:37,4:30:50
167,1893,Ryan Linden,M35-39,26,Open,United States,30:13,,2:31:37,,1:21:06,4:30:51
168,2258,Ryan Hardy,M30-34,38,Open,United States,28:10,,2:31:11,,1:25:51,4:30:52
169,2616,Pengcheng Li,M25-29,44,Open,China,29:38,,2:29:10,,1:25:34,4:30:53
170,2763,Oliver Dixon,M18-24,20,Open,United Kingdom,28:38,,2:22:21,,1:32:40,4:30:54
171,2212,Philipp Ellert,M30-34,39,Open,Germany,30:27,,2:25:27,,1:29:08,4:30:54
172,1916,Marco Madama,M35-39,27,Open,Italy,30:09,,2:27:21,,1:27:51,4:30:58
173,1986,Maximiliano Passadore,M35-39,28,Open,Argentina,31:23,,2:26:21,,1:28:14,4:31:08
174,2126,Joe Adriaens,M30-34,40,Open,United States,29:09,,2:25:25,,1:30:10,4:31:11
175,2228,Reid Foster,M30-34,41,Open,United States,29:52,,2:23:12,,1:32:11,4:31:12
176,2485,Verissimo Marcio,M30-34,42,Open,Brazil,30:01,,2:23:23,,1:31:50,4:31:20
177,2381,Mahe Regis,M30-34,43,Open,France,36:52,,2:24:24,,1:24:44,4:31:20
178,2630,Pelayo Menendez,M25-29,45,Open,Spain,30:59,,2:26:59,,1:26:47,4:31:22
179,2625,Alejandro Madde,M25-29,46,Open,Bolivia,27:34,,2:28:26,,1:29:30,4:31:25
180,2840,Devin Volk,M18-24,21,Open,United States,30:03,,2:28:22,,1:28:32,4:31:30
181,2412,Thomas Scovel,M30-34,44,Open,United States,30:04,,2:29:01,,1:25:21,4:31:41
182,2414,Ivan Seledkov,M30-34,45,Open,Russian Federation,38:15,,2:17:39,,1:29:52,4:31:43
183,2790,Zack Jordan,M18-24,22,Open,United States,33:49,,2:31:25,,1:20:06,4:31:46
184,2406,David Schmidt,M30-34,46,Open,Australia,28:19,,2:24:11,,1:33:29,4:31:47
185,2350,Thomas Odom,M30-34,47,Open,United States,29:10,,2:23:37,,1:33:49,4:31:55
186,2799,Daniel Lloyd,M18-24,23,Open,United States,29:48,,2:31:11,,1:26:15,4:32:05
187,2442,Tom De Bruyn,M30-34,48,Open,Belgium,33:51,,2:22:40,,1:29:43,4:32:10
188,2220,Andres Rodriguez,M30-34,49,Open,Colombia,30:50,,2:22:44,,1:33:23,4:32:13
189,2557,Kyle Fox,M25-29,47,Open,United States,34:07,,2:26:22,,1:27:09,4:32:20
190,2276,Emmanuel Iodice,M30-34,50,Open,Argentina,30:44,,2:28:12,,1:27:31,4:32:22
191,1189,Ritch Viola,M45-49,5,Open,United States,26:38,,2:26:13,,1:33:48,4:32:22
192,2227,Brian Folts,M30-34,51,Open,United States,34:00,,2:32:55,,1:20:04,4:32:26
193,2371,Mariusz Pirek,M30-34,52,Open,Poland,32:47,,2:27:06,,1:27:47,4:32:42
194,1088,Arturo Pradana Marcos,M45-49,6,Open,Spain,31:43,,2:33:55,,1:21:52,4:33:00
195,1786,Tom Dudden,M35-39,29,Open,United Kingdom,34:28,,2:29:50,,1:21:47,4:33:04
196,2448,Miguel Uribe,M30-34,53,Open,Colombia,29:47,,2:27:59,,1:27:41,4:33:08
197,1221,Lucas Antonetti,M40-44,6,Open,Argentina,29:58,,2:33:04,,1:25:06,4:33:10
198,1520,Noglotte Olivier,M40-44,7,Open,France,30:12,,2:29:04,,1:27:44,4:33:12
199,1946,Nicholas Modrzejewski,M35-39,30,Open,United States,30:57,,2:29:56,,1:26:35,4:33:12
200,2418,Graham Sheppard,M30-34,54,Open,United States,31:26,,2:27:11,,1:28:02,4:33:15
201,2537,Chad Davis,M25-29,48,Open,United States,30:11,,2:24:51,,1:32:11,4:33:15
202,1613,Karel Sumbal,M40-44,8,Open,Czechia,30:34,,2:30:28,,1:26:34,4:33:28
203,2209,Josh Eaton,M30-34,55,Open,United States,30:39,,2:25:27,,1:31:59,4:33:33
204,2058,Jimmy Sosinski,M35-39,31,Open,United States,35:28,,2:27:20,,1:24:48,4:33:34
205,2564,Laurent Gervais Robert,M25-29,49,Open,Canada,30:50,,2:28:25,,1:28:40,4:33:40
206,1373,Thierry Guertin,M40-44,9,Open,Canada,32:29,,2:25:04,,1:30:33,4:33:40
207,2826,Maxime Sauve,M18-24,24,Open,France,32:46,,2:25:42,,1:30:13,4:33:44
208,1279,Jack Cartwright,M40-44,10,Open,United States,32:48,,2:24:51,,1:30:42,4:33:47
209,2791,Andrew Keenan,M18-24,25,Open,United States,25:35,,2:21:32,,1:40:30,4:33:51
210,2421,Fernando Damian Sirio,M30-34,56,Open,Argentina,29:29,,2:28:17,,1:30:06,4:33:52
211,2133,Curtis Anderson,M30-34,57,Open,United States,31:27,,2:23:54,,1:31:11,4:33:52
212,2665,Gabriel Sanfacon,M25-29,50,Open,Canada,31:33,,2:23:04,,1:32:59,4:33:56
213,2703,Dieter Uyttersprot,M25-29,51,Open,Belgium,29:39,,2:22:33,,1:34:53,4:33:57
214,2676,James Shapcott,M25-29,52,Open,New Zealand,31:01,,2:27:12,,1:30:45,4:34:00
215,2098,Carlos Vives Gaseni,M35-39,32,Open,Spain,31:14,,2:38:10,,1:18:48,4:34:06
216,1475,Vincenzo Marchione,M40-44,11,Open,United States,32:43,,2:30:33,,1:24:41,4:34:07
217,2500,Alex Arman,M25-29,53,Open,United States,32:50,,2:27:43,,1:28:44,4:34:10
218,1282,Martin Chapochnikoff,M40-44,12,Open,Argentina,29:32,,2:30:08,,1:29:05,4:34:12
219,2682,Parker Spencer,M25-29,54,Open,United States,35:01,,2:23:28,,1:30:27,4:34:15
220,1260,Alexandre Boule,M40-44,13,Open,Canada,29:33,,2:38:19,,1:21:44,4:34:19
221,2655,Joe Rich,M25-29,55,Open,United States,33:33,,2:25:12,,1:29:27,4:34:20
222,2806,Matt McWilliams,M18-24,26,Open,United States,33:52,,2:28:47,,1:26:25,4:34:23
223,2331,Rodrigo Memmo,M30-34,58,Open,Argentina,32:37,,2:30:02,,1:25:57,4:34:26
224,2656,Jeremy Richardson,M25-29,56,Open,United States,30:55,,2:30:52,,1:26:44,4:34:28
225,1889,Dustin Leutenegger,M35-39,33,Open,United States,37:26,,2:27:45,,1:23:31,4:34:29
226,2168,Milel Calahorra,M30-34,59,Open,Bahrain,29:56,,2:23:26,,1:35:02,4:34:39
227,2104,Mark Weghorst,M35-39,34,Open,United States,30:46,,2:32:50,,1:24:51,4:34:41
228,1878,Bradley Kuper-Smith,M35-39,35,Open,United States,28:55,,2:30:32,,1:29:14,4:34:45
229,1263,Martin Bravo,M40-44,14,Open,Argentina,32:58,,2:34:40,,1:22:04,4:34:59
230,2139,Jose Arnau Alvarez,M30-34,60,Open,Spain,32:27,,2:23:32,,1:33:12,4:35:11
231,1627,Henry Tragle,M40-44,15,Open,United States,30:54,,2:28:19,,1:30:14,4:35:16
232,2403,SERGIO SARMIENTO,M30-34,61,Open,Mexico,28:03,,2:26:12,,1:34:28,4:35:22
233,1773,James Defilippi,M35-39,36,Open,United States,30:03,,2:34:26,,1:25:46,4:35:27
234,1308,Matthew Davidson,M40-44,16,Open,United States,34:58,,2:27:57,,1:26:55,4:35:28
235,2447,Andreas Tschishakowski,M30-34,62,Open,Germany,33:31,,2:21:54,,1:34:19,4:35:30
236,1082,Andreas Christian Refsgaard Petz,M45-49,7,Open,Denmark,29:59,,2:32:23,,1:26:35,4:35:31
237,2504,Chris Balestrini,M25-29,57,Open,Canada,34:54,,2:25:53,,1:27:48,4:35:39
238,2688,Daniel Szajta,M25-29,58,Open,United States,27:31,,2:31:54,,1:30:52,4:35:46
239,2818,Nils Andreas Reckemeier,M18-24,27,Open,Germany,29:04,,2:30:12,,1:31:39,4:35:47
240,2476,David Wild,M30-34,63,Open,United States,30:30,,2:28:36,,1:29:27,4:35:48
241,2138,Rob Arkell,M30-34,64,Open,United Kingdom,35:40,,2:28:33,,1:25:18,4:35:51
242,1944,Michael Milstead,M35-39,37,Open,United Kingdom,29:44,,2:28:37,,1:31:04,4:36:00
243,1846,Christian Hupel,M35-39,38,Open,Germany,33:20,,2:28:42,,1:27:20,4:36:02
244,1483,Jonathan Mason,M40-44,17,Open,United States,29:41,,2:32:03,,1:29:15,4:36:02
245,2248,Ryan Hackett,M30-34,65,Open,United States,30:34,,2:28:57,,1:30:06,4:36:02
246,2462,Mihai Vigariu,M30-34,66,Open,Romania,30:53,,2:26:43,,1:32:24,4:36:05
247,1203,Thomas Woods,M45-49,8,Open,United States,32:14,,2:29:27,,1:29:04,4:36:08
248,1880,Wim Laloo,M35-39,39,Open,Belgium,31:15,,2:30:02,,1:28:21,4:36:12
249,1942,Mark Millar,M35-39,40,Open,Ireland,34:42,,2:23:26,,1:32:24,4:36:15
250,2394,Yunior Rosete Torres,M30-34,67,Open,United States,26:28,,2:26:18,,1:38:02,4:36:20
251,2298,Leandro Leao,M30-34,68,Open,Brazil,30:31,,2:26:06,,1:32:51,4:36:24
252,1855,Adam Johnson,M35-39,41,Open,United States,29:44,,2:25:16,,1:34:20,4:36:28
253,2137,Andres Arce,M30-34,69,Open,,30:15,,2:29:49,,1:29:55,4:36:30
254,2841,Luke Voss,M18-24,28,Open,United Kingdom,27:17,,2:30:05,,1:32:25,4:36:32
255,2722,Matthew Woodrow,M25-29,59,Open,United States,28:32,,2:35:23,,1:24:56,4:36:35
256,1810,Les Friesen,M35-39,42,Open,Canada,33:27,,2:31:15,,1:26:13,4:36:36
257,2103,David Weeks,M35-39,43,Open,United States,26:08,,2:30:59,,1:33:10,4:36:45
258,2711,Walker Tom,M25-29,60,Open,United Kingdom,33:49,,2:24:41,,1:32:28,4:36:51
259,2425,Kristopher Spoth,M30-34,70,Open,United States,32:05,,2:33:49,,1:26:04,4:36:52
260,1830,Scott Hansen,M35-39,44,Open,United States,27:29,,2:33:17,,1:30:40,4:36:54
261,1657,Kevin Wessinger,M40-44,18,Open,Canada,33:18,,2:28:35,,1:29:15,4:36:58
262,900,Peter Davey,M45-49,9,Open,United States,30:39,,2:26:55,,1:32:10,4:37:06
263,1790,Donatas Ereminas,M35-39,45,Open,Lithuania,32:43,,2:28:38,,1:29:48,4:37:07
264,2435,Gabriel Suino,M30-34,71,Open,Argentina,31:51,,2:28:45,,1:31:16,4:37:07
265,1964,Carsten Niederberger,M35-39,46,Open,Germany,25:59,,2:31:09,,1:32:58,4:37:07
266,916,Stefan Duller,M45-49,10,Open,Austria,36:35,,2:27:01,,1:26:01,4:37:08
267,2561,Guillermo Garcia,M25-29,61,Open,Argentina,33:32,,2:31:32,,1:26:34,4:37:09
268,2530,Antoine Commere,M25-29,62,Open,France,26:56,,2:26:46,,1:37:23,4:37:10
269,2779,Pablo Gomez,M18-24,29,Open,Colombia,29:45,,2:26:17,,1:35:01,4:37:16
270,2339,Miguel Morone Neto,M30-34,72,Open,Brazil,32:15,,2:34:10,,1:25:27,4:37:21
271,2017,Nathan Rickman,M35-39,47,Open,United States,31:12,,2:27:25,,1:33:02,4:37:24
272,2450,Kelvin Van Der Doe,M30-34,73,Open,Netherlands,31:11,,2:27:30,,1:32:02,4:37:28
273,1975,Cristian Orozco Ferró,M35-39,48,Open,Colombia,36:05,,2:29:04,,1:27:06,4:37:28
274,2144,Alden Basmajian,M30-34,74,Open,United States,35:02,,2:30:33,,1:25:59,4:37:30
275,1913,Petr Lukosz,M35-39,49,Open,Czechia,33:57,,2:25:41,,1:29:32,4:37:30
276,2230,Borja Franco,M30-34,75,Open,Spain,30:40,,2:31:57,,1:28:32,4:37:31
277,1809,David Frank,M35-39,50,Open,United States,28:21,,2:32:18,,1:30:55,4:37:33
278,2492,Eric Abbott,M25-29,63,Open,United States,27:25,,2:25:30,,1:38:50,4:37:36
279,2428,Sion Stansfield,M30-34,76,Open,United Kingdom,34:47,,2:26:56,,1:29:20,4:37:38
280,2672,Eliot Scymanski,M25-29,64,Open,United States,25:43,,2:26:28,,1:39:39,4:37:45
281,1015,Laurent Jalabert,M45-49,11,Open,France,38:38,,2:18:44,,1:33:30,4:37:47
282,2280,Yean Jimenez,M30-34,77,Open,Dominican Republic,27:42,,2:37:13,,1:27:00,4:37:48
283,2358,GUILHERME GUIDO VALENTE PALMA,M30-34,78,Open,Brazil,31:18,,2:34:52,,1:24:57,4:37:49
284,2154,Pierre-Luc Blais,M30-34,79,Open,Canada,32:11,,2:24:26,,1:35:56,4:37:49
285,2691,Michalis Tekertalis,M25-29,65,Open,Greece,30:37,,2:31:25,,1:28:55,4:37:50
286,2506,Mihai Alin Baractaru,M25-29,66,Open,Romania,34:05,,2:29:28,,1:28:28,4:37:50
287,2758,Keet Dailey,M18-24,30,Open,United States,33:04,,2:27:45,,1:31:08,4:38:01
288,2243,Pierre Gouws,M30-34,80,Open,Australia,30:26,,2:27:59,,1:34:00,4:38:04
289,2654,Joffrey Renaud,M25-29,67,Open,France,27:47,,2:35:57,,1:28:12,4:38:04
290,1690,Jesus Angulo,M35-39,51,Open,Venezuela,36:12,,2:31:23,,1:24:36,4:38:05
291,2140,Diego Arteaga,M30-34,81,Open,Ecuador,33:55,,2:28:31,,1:28:51,4:38:10
292,1872,Michal Kosmowski,M35-39,52,Open,Poland,31:42,,2:29:26,,1:31:40,4:38:14
293,2229,Matthew Fox,M30-34,82,Open,United Kingdom,28:09,,2:31:59,,1:31:46,4:38:15
294,2738,Moritz Bickel,M18-24,31,Open,Germany,30:05,,2:28:58,,1:33:31,4:38:17
295,1395,Tim Hola,M40-44,19,Open,United States,26:37,,2:34:37,,1:32:05,4:38:23
296,2177,Francisco Ceron,M30-34,83,Open,Colombia,32:37,,2:28:17,,1:31:37,4:38:23
297,2189,Cyril Pelizzari,M30-34,84,Open,France,32:58,,2:27:23,,1:32:17,4:38:24
298,1684,Aubrey Aldy,M35-39,53,Open,United States,35:20,,2:29:28,,1:27:40,4:38:24
299,2150,Thiago Bianchini,M30-34,85,Open,Brazil,30:07,,2:27:19,,1:35:09,4:38:25
300,1719,Matthew Blagg,M35-39,54,Open,United Kingdom,35:09,,2:33:15,,1:24:09,4:38:27
301,1772,Nicolas Debons,M35-39,55,Open,Switzerland,32:43,,2:26:10,,1:34:49,4:38:28
302,2501,Justin Arnosky,M25-29,68,Open,United States,27:27,,2:32:57,,1:32:39,4:38:31
303,2335,Robert Mohr,M30-34,86,Open,United States,33:37,,2:31:17,,1:28:06,4:38:33
304,2370,BRUNO PINHEIRO MANZONI,M30-34,87,Open,Brazil,36:38,,2:26:54,,1:28:31,4:38:35
305,1604,Stephane De Paula,M40-44,20,Open,France,33:49,,2:32:21,,1:26:05,4:38:37
306,1455,Antoine Level,M40-44,21,Open,France,33:35,,2:33:29,,1:26:26,4:38:38
307,1960,Matthew Musiak,M35-39,56,Open,United States,28:22,,2:33:04,,1:30:46,4:38:40
308,1432,Joe Klinedinst,M40-44,22,Open,United States,33:21,,2:31:53,,1:27:33,4:38:40
309,2315,Ignacio Lopez Mancisidor,M30-34,88,Open,Spain,30:32,,2:27:20,,1:35:09,4:38:42
310,2374,Sebastian Posada Gomez,M30-34,89,Open,Colombia,28:34,,2:29:38,,1:34:35,4:38:46
311,2077,Nathaniel Thomas,M35-39,57,Open,United States,37:21,,2:21:49,,1:32:49,4:38:52
312,2149,Fabien Besancon,M30-34,90,Open,France,28:08,,2:37:33,,1:27:11,4:38:59
313,719,Philip Regnier,M50-54,2,Open,United States,38:19,,2:26:38,,1:27:04,4:39:05
314,1122,Jason Sandquist,M45-49,12,Open,Canada,30:35,,2:31:40,,1:31:03,4:39:07
315,2555,Marcus Farris,M25-29,69,Open,United States,32:39,,2:26:30,,1:35:07,4:39:10
316,1762,David Cruz,M35-39,58,Open,United States,36:51,,2:28:20,,1:28:33,4:39:18
317,1413,chris johnson,M40-44,23,Open,United States,33:00,,2:31:46,,1:28:41,4:39:19
318,1745,B.J. Christenson,M35-39,59,Open,United States,29:34,,2:34:10,,1:29:08,4:39:22
319,2134,Gabriel Angeloro,M30-34,91,Open,Uruguay,28:04,,2:33:31,,1:31:58,4:39:23
320,2822,Jack ROBINSON,M18-24,32,Open,New Zealand,30:51,,2:29:45,,1:33:09,4:39:24
321,1894,Johan Linhart,M35-39,60,Open,Sweden,31:36,,2:27:21,,1:33:37,4:39:25
322,2359,facundo parra,M30-34,92,Open,Argentina,28:22,,2:23:10,,1:41:33,4:39:26
323,2528,Yohan Colon,M25-29,70,Open,Belgium,29:43,,2:26:05,,1:37:00,4:39:29
324,1586,Xavier Schneider,M40-44,24,Open,France,32:40,,2:36:43,,1:23:29,4:39:29
325,2493,Derik Afornali,M25-29,71,Open,Brazil,33:22,,2:22:53,,1:37:40,4:39:29
326,2444,Oliver Townsend,M30-34,93,Open,United States,34:23,,2:35:57,,1:23:19,4:39:30
327,1901,Brendan Loehr,M35-39,61,Open,United States,31:44,,2:26:42,,1:35:49,4:39:38
328,2658,Corey Robinson,M25-29,72,Open,United States,35:53,,2:22:21,,1:35:53,4:39:49
329,2165,Justin Burrows,M30-34,94,Open,Bahamas,31:36,,2:33:18,,1:29:14,4:39:53
330,2152,Kieran Birch,M30-34,95,Open,Australia,29:49,,2:31:32,,1:33:05,4:39:57
331,2578,Nick Hetro,M25-29,73,Open,United States,32:20,,2:25:05,,1:37:27,4:39:57
332,2707,Steven Vargo,M25-29,74,Open,United States,34:16,,2:30:24,,1:30:08,4:40:02
333,1924,Kenny Mcdaniel,M35-39,62,Open,United States,35:22,,2:26:57,,1:31:46,4:40:03
334,2646,Erik Mahoney,M25-29,75,Open,United States,29:37,,2:30:30,,1:33:50,4:40:11
335,1285,Philippe Chevrier,M40-44,25,Open,Switzerland,35:09,,2:34:48,,1:24:38,4:40:14
336,2529,Sam Colvin,M25-29,76,Open,Australia,31:46,,2:27:34,,1:35:37,4:40:15
337,1117,Eduardo Salas Flores,M45-49,13,Open,Mexico,29:40,,2:34:34,,1:30:20,4:40:21
338,2786,Tyler Itzstein,M18-24,33,Open,Australia,29:43,,2:32:37,,1:31:27,4:40:21
339,2166,Federico Butto,M30-34,96,Open,Italy,36:29,,2:25:55,,1:29:33,4:40:29
340,2833,Vincent Terrier,M18-24,34,Open,France,29:10,,2:32:07,,1:33:34,4:40:30
341,2035,Christopher Scammell,M35-39,63,Open,Australia,32:42,,2:29:50,,1:32:14,4:40:31
342,2141,Nicolas Aumagy,M30-34,97,Open,France,32:06,,2:22:55,,1:37:56,4:40:32
343,1840,Benedikt Hintze,M35-39,64,Open,Germany,34:22,,2:31:59,,1:29:34,4:40:42
344,2842,Kamil Woloszyk,M18-24,35,Open,Poland,35:24,,2:32:04,,1:28:08,4:40:43
345,2553,Florian Englert,M25-29,77,Open,Germany,32:45,,2:26:34,,1:35:24,4:40:47
346,2110,Andy Wiberg,M35-39,65,Open,United States,35:35,,2:26:25,,1:32:42,4:40:50
347,2332,Gianpiero Menza,M30-34,98,Open,Italy,32:52,,2:33:18,,1:30:18,4:40:51
348,1146,Gérald Soler,M45-49,14,Open,France,32:53,,2:32:54,,1:28:59,4:41:00
349,2520,Aaron Calhoun,M25-29,78,Open,United States,34:00,,2:19:36,,1:41:09,4:41:04
350,2093,Mitch Vanhille,M35-39,66,Open,Belgium,31:44,,2:32:32,,1:29:48,4:41:06
351,1488,Mcmillan Ashley,M40-44,26,Open,United Kingdom,28:47,,2:38:18,,1:27:02,4:41:09
352,1741,Chris Cadotte,M35-39,67,Open,United States,36:06,,2:27:50,,1:29:46,4:41:09
353,1363,Jorge Gonzalez Calle,M40-44,27,Open,Spain,31:26,,2:31:18,,1:32:43,4:41:10
354,2539,Santiago De Guio,M25-29,79,Open,Argentina,29:21,,2:27:34,,1:38:41,4:41:16
355,1378,Kristian Hallsten,M40-44,28,Open,Sweden,36:00,,2:31:21,,1:27:36,4:41:19
356,1920,Brad Mastros,M35-39,68,Open,United States,32:29,,2:31:43,,1:30:16,4:41:22
357,2723,Luke Woolfe,M25-29,80,Open,Australia,28:04,,2:29:35,,1:37:27,4:41:25
358,2778,Ty Gill,M18-24,36,Open,United States,31:54,,2:31:15,,1:32:23,4:41:26
359,2846,Trevor Katelnikoff,M45-49,15,Open,Canada,32:13,,2:32:41,,1:30:21,4:41:28
360,1329,Luke Ehgoetz,M40-44,29,Open,Canada,32:00,,2:31:54,,1:31:14,4:41:28
361,1328,Rainer Egretzberger,M40-44,30,Open,Austria,35:07,,2:34:50,,1:26:01,4:41:33
362,1598,Matt Smith,M40-44,31,Open,United States,29:18,,2:39:05,,1:27:52,4:41:33
363,2009,Jason Ream,M35-39,69,Open,United States,34:15,,2:34:02,,1:27:54,4:41:35
364,2118,Yu Yumoto,M35-39,70,Open,Japan,31:07,,2:24:15,,1:40:01,4:41:38
365,2360,Nicholas Parton,M30-34,99,Open,United States,35:14,,2:31:43,,1:28:48,4:41:40
366,2771,Vince Fadale,M18-24,37,Open,United States,35:48,,2:33:44,,1:27:03,4:41:45
367,2445,Matt Triick,M30-34,100,Open,United States,34:43,,2:30:58,,1:29:30,4:41:48
368,2151,Mark Billyard,M30-34,101,Open,United Kingdom,27:02,,2:32:25,,1:35:53,4:41:50
369,1816,Christos Geitonas,M35-39,71,Open,Greece,32:47,,2:34:45,,1:27:52,4:41:53
370,2050,Scott Shumate,M35-39,72,Open,United States,29:37,,2:37:43,,1:29:35,4:42:05
371,1991,Cristian Pereira,M35-39,73,Open,Brazil,35:01,,2:33:46,,1:26:30,4:42:06
372,2344,Miguel Sanches,M30-34,102,Open,Brazil,30:55,,2:36:33,,1:29:22,4:42:09
373,2234,Jonathan Galan Carracedo,M30-34,103,Open,Spain,28:29,,2:36:33,,1:31:43,4:42:09
374,1982,Stephen Palmer,M35-39,74,Open,United Kingdom,37:59,,2:33:26,,1:25:36,4:42:12
375,2269,Gerard Hubbard,M30-34,104,Open,United States,29:52,,2:26:32,,1:40:22,4:42:12
376,2456,Ian Vargas Galaz,M30-34,105,Open,Chile,30:37,,2:30:14,,1:35:04,4:42:17
377,1508,Francisco Gabriel Nebot Martin,M40-44,32,Open,Spain,33:30,,2:34:09,,1:28:13,4:42:18
378,2705,Loic Vallé,M25-29,81,Open,France,34:01,,2:25:24,,1:36:54,4:42:18
379,1895,Witold Lipski,M35-39,75,Open,United States,33:49,,2:31:20,,1:31:19,4:42:19
380,1997,Nathan Poland,M35-39,76,Open,United States,33:13,,2:32:29,,1:30:53,4:42:23
381,1533,Radek Pawlowski,M40-44,33,Open,Poland,30:38,,2:32:37,,1:33:12,4:42:25
382,2292,Evert Lamb,M30-34,106,Open,Canada,30:02,,2:28:10,,1:37:35,4:42:30
383,1661,Charles Wilkins,M40-44,34,Open,United States,34:34,,2:28:15,,1:32:52,4:42:31
384,2772,Travis Fehr,M18-24,38,Open,Canada,34:21,,2:30:08,,1:32:48,4:42:32
385,1160,Vadim Suraev,M45-49,16,Open,Canada,30:21,,2:29:49,,1:36:14,4:42:32
386,2071,Adam Tanner,M35-39,77,Open,United Kingdom,34:35,,2:27:01,,1:32:53,4:42:33
387,1988,Tyler Pate,M35-39,78,Open,United States,33:04,,2:26:22,,1:36:31,4:42:35
388,1843,Morten Hornnes,M35-39,79,Open,Norway,33:48,,2:27:27,,1:35:21,4:42:43
389,1585,Christopher Schmidt,M40-44,35,Open,United States,34:01,,2:33:13,,1:28:54,4:42:52
390,2115,健作 山田,M35-39,80,Open,Japan,34:30,,2:32:11,,1:30:34,4:42:53
391,2811,Shaun O'Callaghan,M18-24,39,Open,Australia,36:16,,2:24:21,,1:36:54,4:42:54
392,2356,James O'sullivan,M30-34,107,Open,United Kingdom,31:13,,2:36:47,,1:29:02,4:42:56
393,2008,James Rauch,M35-39,81,Open,United States,27:16,,2:38:20,,1:29:51,4:43:00
394,1948,Claudio Montejo,M35-39,82,Open,Chile,36:47,,2:27:13,,1:32:54,4:43:03
395,2591,Rasmus Jersild Jensen,M25-29,82,Open,Denmark,32:06,,2:28:14,,1:35:51,4:43:03
396,1414,Dan Johnsson,M40-44,36,Open,Sweden,34:40,,2:29:29,,1:32:44,4:43:06
397,2743,Mathieu Buirette,M18-24,40,Open,France,34:42,,2:27:07,,1:35:10,4:43:08
398,2162,Matt Britton,M30-34,108,Open,United States,31:32,,2:31:27,,1:34:39,4:43:08
399,1721,Micahel Boehmer,M35-39,83,Open,United States,31:39,,2:29:22,,1:36:17,4:43:10
400,2641,Henrique Nicco,M25-29,83,Open,Brazil,34:56,,2:29:08,,1:32:28,4:43:11
401,2330,Joshua Mcmahon,M30-34,109,Open,Australia,31:48,,2:27:57,,1:37:31,4:43:11
402,2776,Thomas Galindez,M18-24,41,Open,Argentina,28:22,,2:31:57,,1:37:35,4:43:13
403,1652,Lee Weatherhead,M40-44,37,Open,United States,34:41,,2:30:43,,1:32:05,4:43:14
404,2308,Kurt Lindboom-Broberg,M30-34,110,Open,United States,29:57,,2:27:19,,1:39:32,4:43:15
405,1410,Tobias Jansson,M40-44,38,Open,Sweden,33:50,,2:32:07,,1:30:19,4:43:19
406,2060,Rafael Souza,M35-39,84,Open,Brazil,30:07,,2:34:30,,1:32:16,4:43:21
407,624,Michael Hay,M50-54,3,Open,Canada,31:12,,2:31:58,,1:33:59,4:43:21
408,547,David Burger,M50-54,4,Open,United States,33:46,,2:26:54,,1:36:38,4:43:23
409,1665,Wojciech Odzimek,M40-44,39,Open,Poland,30:40,,2:31:43,,1:35:06,4:43:25
410,2638,Chris Nasser,M25-29,84,Open,United States,33:55,,2:37:13,,1:26:32,4:43:27
411,1027,Brian Lowman,M45-49,17,Open,United States,33:07,,2:26:44,,1:37:01,4:43:29
412,1018,Walter Lehmann,M45-49,18,Open,Switzerland,36:34,,2:23:33,,1:35:59,4:43:29
413,1036,Scott Manser,M45-49,19,Open,Canada,33:42,,2:30:18,,1:33:41,4:43:31
414,1301,Jessi Costen,M40-44,40,Open,United States,30:51,,2:38:39,,1:27:54,4:43:33
415,2404,John Savage,M30-34,111,Open,United States,28:31,,2:31:10,,1:35:13,4:43:34
416,1454,Simon Levasseur,M40-44,41,Open,Canada,36:17,,2:34:23,,1:27:49,4:43:36
417,2629,Antoine Matteau,M25-29,85,Open,Canada,31:33,,2:32:56,,1:32:39,4:43:36
418,2273,Juan Pablo Ibanez,M30-34,112,Open,Argentina,33:38,,2:36:26,,1:27:15,4:43:37
419,1798,Matteo Fedriga,M35-39,85,Open,Italy,29:48,,2:40:50,,1:27:30,4:43:38
420,1086,Arek Podziewski,M45-49,20,Open,Poland,37:46,,2:24:59,,1:35:13,4:43:41
421,33,Yvan Jarrige,MPRO,33,Open,France,25:43,,2:26:03,,1:49:07,4:43:43
422,2671,Ryan Schumacher,M25-29,86,Open,United States,30:16,,2:34:55,,1:33:41,4:43:47
423,2288,Ville Korpi,M30-34,113,Open,Finland,29:15,,2:28:44,,1:39:24,4:43:48
424,1516,Jon Noland,M40-44,42,Open,United States,30:45,,2:33:47,,1:32:44,4:43:49
425,2336,Carlos Moncada,M30-34,114,Open,Costa Rica,29:45,,2:30:03,,1:37:18,4:43:51
426,1182,Joe Vallese,M45-49,21,Open,United States,35:25,,2:21:44,,1:39:16,4:43:53
427,1935,Diego Mendez,M35-39,86,Open,Argentina,33:53,,2:32:03,,1:29:55,4:43:54
428,2598,Jeremy Kalmus,M25-29,87,Open,United States,30:47,,2:39:46,,1:28:24,4:43:57
429,2549,Carl Eichert,M25-29,88,Open,United States,29:09,,2:33:07,,1:34:21,4:44:02
430,952,Silvio Guerra,M45-49,22,Open,Ecuador,39:25,,2:37:36,,1:19:00,4:44:05
431,2821,Christian Riedrich,M18-24,42,Open,Germany,27:05,,2:26:08,,1:44:40,4:44:07
432,2208,Danny Dvinov,M30-34,115,Open,United States,32:02,,2:30:51,,1:33:43,4:44:10
433,2261,John Hayden,M30-34,116,Open,Ireland,34:54,,2:31:36,,1:29:55,4:44:13
434,2750,Binjamin Chiron,M18-24,43,Open,France,33:15,,2:40:19,,1:25:11,4:44:14
435,1053,Juan Felipe Mondragon,M45-49,23,Open,Colombia,32:20,,2:30:14,,1:35:36,4:44:14
436,1848,Justin Jablonowski,M35-39,87,Open,United States,29:47,,2:36:19,,1:31:20,4:44:15
437,2014,Diego Alfredo Ricagno,M35-39,88,Open,Argentina,32:38,,2:35:38,,1:29:44,4:44:15
438,2752,Michael Chronert,M18-24,44,Open,United States,31:42,,2:31:24,,1:34:23,4:44:18
439,2741,Jaryd Browne,M18-24,45,Open,South Africa,30:36,,2:32:40,,1:35:31,4:44:20
440,2724,Kevin Wright,M25-29,89,Open,United States,32:23,,2:35:50,,1:26:46,4:44:30
441,1621,Salah Tanlay,M40-44,43,Open,Turkey,31:26,,2:34:09,,1:31:30,4:44:33
442,2533,Nilo Cottini Neto,M25-29,90,Open,Brazil,32:00,,2:37:21,,1:28:58,4:44:34
443,2736,Franz Bayer,M18-24,46,Open,Germany,32:29,,2:32:24,,1:34:10,4:44:34
444,1692,Marcelo Alberto Arichuluaga Pacheco,M35-39,89,Open,Argentina,30:45,,2:32:17,,1:34:57,4:44:36
445,2023,Vincent Rochat,M35-39,90,Open,Switzerland,33:09,,2:34:40,,1:31:09,4:44:36
446,929,David Forsee,M45-49,24,Open,United States,30:23,,2:36:12,,1:31:15,4:44:37
447,1517,Brian Norling,M40-44,44,Open,United States,32:22,,2:30:53,,1:35:55,4:44:37
448,1940,Mickael Brie,M35-39,91,Open,Australia,35:23,,2:28:57,,1:33:37,4:44:45
449,1418,Mark Julier,M40-44,45,Open,United Kingdom,30:35,,2:31:09,,1:37:20,4:44:46
450,1900,Roy Liu,M35-39,92,Open,United States,30:51,,2:28:21,,1:40:02,4:44:47
451,2016,Tony Rice,M35-39,93,Open,United States,35:41,,2:33:15,,1:30:15,4:44:48
452,1098,Federico Rodriguez,M45-49,25,Open,Spain,31:33,,2:35:33,,1:32:04,4:44:50
453,1184,Denis Van Immerseel,M45-49,26,Open,Peru,38:18,,2:23:38,,1:37:19,4:44:51
454,2252,Samuel Hall,M30-34,117,Open,United States,30:36,,2:34:20,,1:34:25,4:44:52
455,1847,Angel Arturo Iñigo Gamez,M35-39,94,Open,Mexico,29:41,,2:41:24,,1:28:02,4:44:56
456,1588,Rodney Scott,M40-44,46,Open,United States,38:18,,2:26:48,,1:34:33,4:44:57
457,1697,Ivan Avaldi,M35-39,95,Open,Italy,33:37,,2:35:27,,1:30:13,4:44:57
458,2245,Leandro Grippo,M30-34,118,Open,Brazil,31:11,,2:36:56,,1:29:53,4:44:59
459,1330,Gus Ellison,M40-44,47,Open,United States,34:36,,2:34:23,,1:29:30,4:45:03
460,1939,Nino Antonio Meza,M35-39,96,Open,Chile,31:57,,2:35:00,,1:31:45,4:45:05
461,934,Thomas Goetz,M45-49,27,Open,Switzerland,33:24,,2:32:05,,1:31:03,4:45:05
462,2800,Jacopo Niccolò Lodi,M18-24,47,Open,Italy,25:24,,2:31:11,,1:41:37,4:45:06
463,2634,Zachary Miller,M25-29,91,Open,United States,31:22,,2:34:08,,1:34:58,4:45:10
464,1249,Pedro Berredo,M40-44,48,Open,Brazil,30:22,,2:30:08,,1:38:19,4:45:17
465,2627,Pablo Marcos Pazos,M25-29,92,Open,Spain,30:39,,2:28:08,,1:40:43,4:45:17
466,2215,Alessandro Fagherazzi,M30-34,119,Open,Italy,30:18,,2:40:11,,1:29:31,4:45:19
467,2125,Nathan Zimmer,M35-39,97,Open,United States,35:15,,2:31:42,,1:32:35,4:45:23
468,601,Bruce Gennari,M50-54,5,Open,United States,25:38,,2:33:58,,1:39:51,4:45:29
469,2685,Ronny Stiller,M25-29,93,Open,Germany,32:42,,2:20:07,,1:45:48,4:45:31
470,2725,Bobby Zeller,M25-29,94,Open,United States,43:02,,2:26:02,,1:30:21,4:45:31
471,2387,Bryan Rivera,M30-34,120,Open,Puerto Rico,26:42,,2:30:28,,1:41:54,4:45:31
472,1248,Joel Bell,M40-44,49,Open,United States,33:45,,2:36:29,,1:29:38,4:45:36
473,2633,James Miller,M25-29,95,Open,United States,34:14,,2:34:36,,1:30:35,4:45:37
474,1357,Richard Giles,M40-44,50,Open,United Kingdom,34:18,,2:34:26,,1:29:44,4:45:40
475,1884,Jp Leclerc,M35-39,98,Open,Canada,35:32,,2:31:03,,1:31:51,4:45:40
476,2237,Thomas Garvey,M30-34,121,Open,United States,37:01,,2:30:21,,1:33:21,4:45:41
477,1635,Joost Van Rens,M40-44,51,Open,Netherlands,31:22,,2:35:47,,1:32:06,4:45:41
478,1650,Christopher Walden,M40-44,52,Open,United States,28:49,,2:39:03,,1:30:46,4:45:41
479,1499,Guillermo Montoya,M40-44,53,Open,Colombia,32:30,,2:38:02,,1:29:50,4:45:46
480,2433,Jason Stofleth,M30-34,122,Open,United States,34:07,,2:33:51,,1:31:04,4:45:46
481,1921,Andreas Maus,M35-39,99,Open,Germany,30:14,,2:32:03,,1:38:21,4:45:50
482,2692,Stefan Temel,M25-29,96,Open,Austria,35:35,,2:31:31,,1:32:52,4:45:51
483,2346,Gabriel Nogueira,M30-34,123,Open,Brazil,32:19,,2:35:36,,1:32:36,4:45:55
484,1945,Abdoullah Mitiche,M35-39,100,Open,Indonesia,37:53,,2:32:45,,1:28:48,4:45:56
485,2823,Seth Ruhling,M18-24,48,Open,United States,35:09,,2:34:22,,1:31:33,4:45:56
486,2127,Bruno Affonso,M30-34,124,Open,Brazil,30:38,,2:35:49,,1:33:28,4:45:57
487,2382,Daniel Reyes,M30-34,125,Open,Venezuela,28:45,,2:25:01,,1:46:48,4:46:01
488,1923,Matt Mccune,M35-39,101,Open,United States,33:08,,2:31:50,,1:33:18,4:46:05
489,1245,Jeremy Behler,M40-44,54,Open,United States,31:49,,2:36:32,,1:32:26,4:46:08
490,2836,Ted Treise,M18-24,49,Open,United States,34:27,,2:38:00,,1:27:51,4:46:10
491,1963,Kevin Nickel,M35-39,102,Open,United States,33:15,,2:30:51,,1:36:39,4:46:11
492,2740,Michael Boyd,M18-24,50,Open,Australia,32:46,,2:37:10,,1:30:18,4:46:12
493,2219,Medici Federico,M30-34,126,Open,Argentina,31:59,,2:31:57,,1:36:18,4:46:16
494,1057,Darren Mounts,M45-49,28,Open,United States,27:13,,2:31:19,,1:41:02,4:46:21
495,2652,Stefano Ratto Schol,M25-29,97,Open,Peru,29:38,,2:33:34,,1:34:58,4:46:24
496,1544,Luis Pou,M40-44,55,Open,Puerto Rico,33:13,,2:37:03,,1:29:26,4:46:24
497,2317,Thomas Loquet,M30-34,127,Open,Belgium,32:38,,2:36:00,,1:30:54,4:46:26
498,1555,Thaddeus Reichley,M40-44,56,Open,United States,32:55,,2:35:36,,1:31:26,4:46:26
499,1883,Heinrich Lategan,M35-39,103,Open,South Africa,33:26,,2:31:15,,1:36:17,4:46:27
500,2294,Bob Larue,M30-34,128,Open,United States,39:43,,2:33:23,,1:27:00,4:46:29
501,832,Jeff Beckman,M45-49,29,Open,United States,33:52,,2:32:26,,1:33:38,4:46:35
502,1861,Jeff Joyner,M35-39,104,Open,United States,33:32,,2:32:12,,1:33:50,4:46:36
503,1807,David Fraga Paredes,M35-39,105,Open,Spain,33:25,,2:34:12,,1:32:57,4:46:37
504,575,Darren De Reuck,M50-54,6,Open,United States,34:36,,2:37:03,,1:27:30,4:46:38
505,1817,Matt Gervais,M35-39,106,Open,Canada,30:32,,2:36:04,,1:33:06,4:46:39
506,2839,Antonio Villardaga,M18-24,51,Open,Mexico,25:57,,2:29:05,,1:45:50,4:46:40
507,825,Fernando Barahona De Andres,M45-49,30,Open,Spain,34:22,,2:33:30,,1:31:56,4:46:40
508,988,Chris Jocelyn,M45-49,31,Open,Canada,30:21,,2:36:37,,1:33:33,4:46:41
509,2754,Cameron Cook,M18-24,52,Open,United States,28:37,,2:29:43,,1:42:27,4:46:42
510,2249,Andrew Haigh,M30-34,129,Open,United Kingdom,35:00,,2:31:35,,1:34:10,4:46:45
511,1672,Kenny York,M40-44,57,Open,United States,33:14,,2:29:32,,1:37:14,4:46:49
512,1778,Marc-Olivier Demeure,M35-39,107,Open,France,33:06,,2:31:52,,1:35:15,4:46:51
513,2803,Matthew Martino,M18-24,53,Open,United States,34:17,,2:30:46,,1:35:30,4:46:52
514,1197,Michael Whitesides,M45-49,32,Open,United States,36:36,,2:31:52,,1:32:58,4:46:54
515,2713,Samuel Wenger,M25-29,98,Open,Switzerland,35:57,,2:35:40,,1:29:53,4:46:54
516,1879,Sam Kuykendall,M35-39,108,Open,United States,26:06,,2:35:34,,1:39:16,4:46:57
517,2477,Chad Williamson,M30-34,130,Open,United States,32:00,,2:35:20,,1:34:12,4:47:01
518,2470,Julien Wartel,M30-34,131,Open,France,37:19,,2:29:13,,1:34:01,4:47:01
519,741,Kraig Schmottlach,M50-54,7,Open,United States,35:05,,2:34:55,,1:29:58,4:47:02
520,1091,Sean Rando,M45-49,33,Open,United States,35:23,,2:33:04,,1:31:38,4:47:02
521,2277,Travis Iverson,M30-34,132,Open,United States,35:22,,2:30:45,,1:34:43,4:47:03
522,2018,Paul Riddle,M35-39,109,Open,United States,29:11,,2:33:52,,1:38:17,4:47:12
523,868,Marco Cason,M45-49,34,Open,Italy,33:51,,2:32:22,,1:34:32,4:47:14
524,2174,Gil Castello Branco,M30-34,133,Open,Brazil,31:08,,2:33:29,,1:36:10,4:47:16
525,2241,Bruno Gonçalves,M30-34,134,Open,Brazil,31:51,,2:30:18,,1:39:41,4:47:16
526,2341,Pascal Mueller,M30-34,135,Open,Switzerland,33:07,,2:31:19,,1:37:04,4:47:19
527,2794,Steven Kyker,M18-24,54,Open,United States,31:35,,2:33:22,,1:36:24,4:47:19
528,2560,Brad Fresch,M25-29,99,Open,United States,27:24,,2:32:13,,1:41:26,4:47:22
529,1351,Federico Garcia Canales,M40-44,58,Open,Argentina,28:54,,2:39:10,,1:33:51,4:47:22
530,2488,Dantley Young,M30-34,136,Open,United States,36:29,,2:32:23,,1:29:51,4:47:25
531,1760,Jesus Andres Cruz Gonzalez,M35-39,110,Open,Colombia,34:41,,2:27:48,,1:37:24,4:47:29
532,2263,Ross Helliwell,M30-34,137,Open,South Africa,32:34,,2:43:15,,1:26:27,4:47:39
533,968,Stephen Hogarth,M45-49,35,Open,United Kingdom,37:38,,2:30:50,,1:33:01,4:47:42
534,1930,Jason Meekma,M35-39,111,Open,United States,38:34,,2:38:48,,1:23:54,4:47:42
535,1761,Andrew Cruz,M35-39,112,Open,United States,36:59,,2:35:20,,1:27:15,4:47:44
536,2524,Anthony Chan,M25-29,100,Open,United States,37:28,,2:29:49,,1:34:16,4:47:45
537,747,Todd Shellenberger,M50-54,8,Open,United States,29:44,,2:34:27,,1:36:41,4:47:45
538,2604,Jason Klein,M25-29,101,Open,United States,41:05,,2:29:29,,1:31:26,4:47:45
539,2199,Julien Detroux,M30-34,138,Open,Belgium,32:26,,2:31:05,,1:36:14,4:47:47
540,1332,David Engstrom,M40-44,59,Open,United States,31:10,,2:34:10,,1:34:48,4:47:50
541,1978,Tahsin Özgür,M35-39,113,Open,Turkey,37:16,,2:31:43,,1:33:03,4:47:51
542,2259,Andrew Harris,M30-34,139,Open,United States,34:22,,2:30:26,,1:36:47,4:47:51
543,1241,Will Battaile,M40-44,60,Open,United States,29:19,,2:38:03,,1:33:26,4:47:51
544,2491,Aldo Zgraggen,M30-34,140,Open,Switzerland,36:16,,2:29:25,,1:36:22,4:47:55
545,1127,John Schlosser,M45-49,36,Open,United States,32:03,,2:33:59,,1:34:49,4:47:55
546,1957,Justin Moyer,M35-39,114,Open,United States,31:11,,2:37:52,,1:31:23,4:47:56
547,2265,Adrian Hoffmann,M30-34,141,Open,Germany,32:51,,2:28:36,,1:39:36,4:47:56
548,2678,Harry Smith,M25-29,102,Open,United Kingdom,27:53,,2:34:39,,1:38:14,4:48:02
549,2114,Andreas Wünscher,M35-39,115,Open,Austria,31:43,,2:34:58,,1:34:43,4:48:07
550,1651,Timothy Walton,M40-44,61,Open,United Kingdom,39:20,,2:28:45,,1:33:42,4:48:08
551,1947,Sebastian Molina,M35-39,116,Open,Chile,30:47,,2:36:42,,1:35:08,4:48:08
552,1315,Domen Denša,M40-44,62,Open,Slovenia,30:23,,2:34:35,,1:37:08,4:48:08
553,2593,Johannes Olind,M25-29,103,Open,United States,34:49,,2:32:52,,1:34:50,4:48:08
554,325,Gregory Taylor,M60-64,1,Open,United States,32:06,,2:36:29,,1:33:47,4:48:11
555,1715,Stefano Berionne,M35-39,117,Open,Italy,38:41,,2:31:10,,1:32:41,4:48:17
556,2532,Carlos Cortes,M25-29,104,Open,Chile,31:41,,2:36:35,,1:34:03,4:48:18
557,2686,Derek Stone,M25-29,105,Open,United States,31:41,,2:40:31,,1:30:38,4:48:19
558,1320,Benjamin Drezek,M40-44,63,Open,United States,35:13,,2:36:59,,1:29:41,4:48:23
559,1299,Joel Corthinal,M40-44,64,Open,France,38:04,,2:33:35,,1:31:09,4:48:25
560,2260,James Haycraft,M30-34,142,Open,United States,31:07,,2:42:06,,1:29:03,4:48:26
561,1174,Emanuele Tragni,M45-49,37,Open,Italy,29:51,,2:42:11,,1:30:00,4:48:28
562,1642,Daniele Veronese,M40-44,65,Open,Italy,35:19,,2:34:10,,1:32:20,4:48:28
563,2463,César Villalba López,M30-34,143,Open,Spain,31:48,,2:35:01,,1:35:28,4:48:31
564,1732,Martin Brenner,M35-39,118,Open,Germany,38:32,,2:26:52,,1:35:46,4:48:37
565,2834,Ryan Tober,M18-24,55,Open,United States,33:48,,2:36:07,,1:32:58,4:48:38
566,2817,Zachary Pywell,M18-24,56,Open,United Kingdom,29:53,,2:40:59,,1:32:33,4:48:40
567,1825,Martin Groundsell,M35-39,119,Open,United Kingdom,30:42,,2:42:26,,1:29:26,4:48:46
568,2037,Ricardo Scheihing,M35-39,120,Open,Chile,32:07,,2:35:36,,1:33:28,4:48:48
569,2004,Sergio Ramirez,M35-39,121,Open,El Salvador,31:52,,2:36:13,,1:34:28,4:48:50
570,2329,Joseph Mcleod,M30-34,144,Open,United States,36:25,,2:29:22,,1:36:44,4:48:53
571,1235,martin barner,M40-44,66,Open,Denmark,33:28,,2:41:22,,1:27:33,4:48:53
572,2483,Patrick Wyss,M30-34,145,Open,Switzerland,35:39,,2:32:06,,1:35:26,4:48:58
573,1380,Matthew Han,M40-44,67,Open,United States,35:07,,2:29:30,,1:37:06,4:49:00
574,1033,Roman Malivanek,M45-49,38,Open,Czechia,34:45,,2:33:22,,1:34:44,4:49:01
575,1214,Hugo Eduardo Abarzua Vergara,M40-44,68,Open,Chile,35:39,,2:30:14,,1:36:19,4:49:02
576,2289,Tomek Kowalski,M30-34,146,Open,Poland,30:01,,2:28:50,,1:43:07,4:49:13
577,1381,Jim Hansen,M40-44,69,Open,United States,32:25,,2:37:39,,1:32:09,4:49:14
578,2364,Jean-Francois Perroteau,M30-34,147,Open,France,33:03,,2:36:07,,1:33:34,4:49:17
579,2589,Keith Jackson,M25-29,106,Open,United States,36:58,,2:24:51,,1:41:20,4:49:17
580,1382,Brian Harting,M40-44,70,Open,United States,32:33,,2:35:31,,1:34:55,4:49:18
581,1044,Walter Mccormack,M45-49,39,Open,United States,33:29,,2:30:30,,1:39:08,4:49:21
582,2813,Barnaby Palmer,M18-24,57,Open,United Kingdom,34:56,,2:31:17,,1:37:56,4:49:26
583,1514,Keith Nobile,M40-44,71,Open,United States,30:49,,2:37:23,,1:34:49,4:49:27
584,2720,Phil Wolfe,M25-29,107,Open,United Kingdom,25:00,,2:40:20,,1:38:06,4:49:27
585,1354,Gustavo Gennari,M40-44,72,Open,Brazil,33:41,,2:33:22,,1:36:04,4:49:28
586,543,Jeff Brandenburg,M50-54,9,Open,United States,36:49,,2:26:55,,1:38:06,4:49:28
587,2033,Tecio Santos Da Cunha,M35-39,122,Open,Brazil,31:21,,2:39:14,,1:32:55,4:49:31
588,1077,Ronan Pavoni,M45-49,40,Open,Norway,30:21,,2:40:14,,1:33:54,4:49:32
589,1834,Nicolas Herbau,M35-39,123,Open,France,31:35,,2:28:16,,1:43:24,4:49:37
590,1482,Tom Marti,M40-44,73,Open,Switzerland,31:11,,2:36:24,,1:35:37,4:49:38
591,2264,Michael Hoffman,M30-34,148,Open,United States,28:25,,2:35:11,,1:38:58,4:49:45
592,854,Barry Breffle,M45-49,41,Open,United States,31:22,,2:36:25,,1:36:29,4:49:45
593,1670,Christian Yanzon,M40-44,74,Open,Argentina,35:31,,2:38:11,,1:29:07,4:49:51
594,2105,Adrian Weiersmüller,M35-39,124,Open,Switzerland,40:02,,2:26:21,,1:37:04,4:49:51
595,1338,Matt Feltham,M40-44,75,Open,Canada,31:27,,2:39:08,,1:32:36,4:49:54
596,1313,Dino Demi,M40-44,76,Open,Switzerland,31:07,,2:35:05,,1:37:14,4:49:55
597,2290,Brandon Krout,M30-34,149,Open,United States,33:26,,2:32:25,,1:37:13,4:49:56
598,1496,Mizobata Yuichi,M40-44,77,Open,Japan,36:03,,2:36:20,,1:32:36,4:49:56
599,1224,Sebastian Asquinazi,M40-44,78,Open,Argentina,29:38,,2:32:31,,1:42:28,4:49:57
600,2522,Marcus Carson,M25-29,108,Open,United States,28:00,,2:36:42,,1:36:48,4:50:00
601,2590,Adrien Jacquelin,M25-29,109,Open,France,35:52,,2:38:45,,1:29:24,4:50:02
602,2155,Sebastian Bömer,M30-34,150,Open,Germany,26:42,,2:27:49,,1:49:25,4:50:04
603,705,Don Packard,M50-54,10,Open,United States,31:14,,2:37:21,,1:34:57,4:50:07
604,2458,Stefano Vedovati,M30-34,151,Open,Italy,37:21,,2:33:47,,1:33:30,4:50:08
605,1698,Bartosz Awruk,M35-39,125,Open,Poland,31:17,,2:34:43,,1:38:16,4:50:08
606,1985,Luke Parr,M35-39,126,Open,Australia,32:07,,2:41:00,,1:30:37,4:50:09
607,2457,Carlos Vazquez,M30-34,152,Open,Mexico,31:41,,2:29:09,,1:43:06,4:50:11
608,540,Shawn Bonsell,M50-54,11,Open,United States,26:15,,2:35:35,,1:41:35,4:50:13
609,1965,Nomura Tatsuo,M35-39,127,Open,Japan,33:46,,2:36:07,,1:33:09,4:50:13
610,1793,Raphael Falcao,M35-39,128,Open,Brazil,31:37,,2:33:05,,1:39:29,4:50:16
611,966,John Hessian,M45-49,42,Open,United States,35:39,,2:37:08,,1:30:03,4:50:16
612,2301,Oscar Leon Garcia,M30-34,153,Open,Spain,36:04,,2:39:38,,1:28:59,4:50:19
613,2669,Benjamin Schmetz,M25-29,110,Open,Belgium,31:02,,2:26:03,,1:47:57,4:50:19
614,944,Tedd Girouard,M45-49,43,Open,Canada,38:08,,2:30:41,,1:34:50,4:50:20
615,2391,Sebastian Röhr,M30-34,154,Open,Germany,33:12,,2:36:01,,1:35:35,4:50:21
616,2392,Cory Rose,M30-34,155,Open,United States,38:30,,2:35:12,,1:30:04,4:50:26
617,2256,Kevin Hansen,M30-34,156,Open,United States,27:42,,2:36:07,,1:39:44,4:50:31
618,2282,Steven Keller,M30-34,157,Open,United States,34:16,,2:33:51,,1:36:13,4:50:32
619,980,Jacek Podoba,M45-49,44,Open,Poland,31:37,,2:36:17,,1:36:29,4:50:33
620,2216,Damian Falcone,M30-34,158,Open,Argentina,29:56,,2:39:56,,1:34:41,4:50:33
621,1664,Joe Wilson,M40-44,79,Open,United States,35:19,,2:33:54,,1:34:43,4:50:38
622,1464,Igor Luchko,M40-44,80,Open,Russian Federation,37:18,,2:34:39,,1:32:41,4:50:39
623,2145,Miles Batty,M30-34,159,Open,United States,40:36,,2:41:46,,1:21:28,4:50:46
624,1512,Thomas Nielsen,M40-44,81,Open,Denmark,33:28,,2:32:07,,1:37:52,4:50:47
625,2087,Nicholas Tranbarger,M35-39,129,Open,United States,35:31,,2:35:43,,1:33:11,4:50:48
626,1521,Simon Olivier,M40-44,82,Open,Canada,39:17,,2:30:38,,1:34:23,4:50:49
627,2507,Jacob Barnes,M25-29,111,Open,United States,34:21,,2:34:38,,1:35:51,4:50:49
628,1891,YU JEN Li,M35-39,130,Open,Taiwan,35:41,,2:31:18,,1:37:41,4:50:49
629,2160,Janislaw Borczyk,M30-34,160,Open,Poland,32:17,,2:24:28,,1:46:44,4:50:52
630,652,Joel Kinnunen,M50-54,12,Open,United States,35:56,,2:36:03,,1:32:17,4:50:52
631,2712,Dylan Watt,M25-29,112,Open,Australia,33:44,,2:42:54,,1:28:50,4:50:53
632,2303,Kevin Lessard,M30-34,161,Open,Canada,34:30,,2:34:20,,1:34:55,4:50:55
633,1540,Rainer Pittnauer,M40-44,83,Open,Austria,33:09,,2:34:49,,1:36:39,4:50:56
634,1493,Petr Michovsky,M40-44,84,Open,Czechia,32:26,,2:30:43,,1:42:07,4:50:57
635,1277,Emry Carr,M40-44,85,Open,United States,38:48,,2:33:15,,1:32:35,4:50:58
636,2861,Nick Clarry,M45-49,45,Open,United Kingdom,38:58,,2:36:48,,1:29:16,4:50:59
637,1795,Charly Farias,M35-39,131,Open,Argentina,32:25,,2:42:16,,1:29:28,4:50:59
638,453,Tony O'Keeffe,M55-59,1,Open,Canada,32:55,,2:39:28,,1:33:18,4:51:05
639,1252,Alexandre Birman,M40-44,86,Open,Brazil,27:18,,2:43:14,,1:33:49,4:51:06
640,2390,Andrew Rogerson,M30-34,162,Open,United Kingdom,31:50,,2:41:51,,1:31:47,4:51:09
641,650,Chris Keysor,M50-54,13,Open,United States,35:37,,2:31:45,,1:36:02,4:51:09
642,2562,Victor Garcia,M25-29,113,Open,Spain,35:45,,2:33:48,,1:35:18,4:51:15
643,2436,Mauro Tacconelli,M30-34,163,Open,Venezuela,32:27,,2:38:25,,1:34:04,4:51:17
644,1149,Jano Soto,M45-49,46,Open,Mexico,33:59,,2:33:45,,1:37:45,4:51:17
645,2416,Matt Shaffer,M30-34,164,Open,United States,35:45,,2:37:41,,1:31:29,4:51:18
646,1928,Patrick McMahon,M35-39,132,Open,Canada,35:18,,2:37:04,,1:32:55,4:51:18
647,2057,Peter Somers,M35-39,133,Open,United States,37:16,,2:38:11,,1:29:36,4:51:18
648,1528,Joren Parrotte,M40-44,87,Open,United States,33:10,,2:37:29,,1:32:45,4:51:21
649,1566,Barthelemy Rolet,M40-44,88,Open,Canada,32:26,,2:35:30,,1:37:00,4:51:23
650,774,HIDEKI TOYOKAWA,M50-54,14,Open,Japan,39:01,,2:31:18,,1:33:05,4:51:26
651,2490,Rodolfo Zeledon,M30-34,165,Open,Costa Rica,33:14,,2:32:10,,1:39:10,4:51:28
652,643,David Jones,M50-54,15,Open,United States,34:52,,2:33:22,,1:36:15,4:51:31
653,2064,Georg Stiebeling,M35-39,134,Open,Germany,32:05,,2:40:05,,1:33:32,4:51:33
654,1934,Matthew Melick,M35-39,135,Open,United States,36:58,,2:36:17,,1:32:04,4:51:35
655,1336,Daniel Evans Marke,M40-44,89,Open,United Kingdom,37:31,,2:39:53,,1:28:34,4:51:37
656,1400,Gustavo Daniel Ibarra,M40-44,90,Open,Argentina,31:58,,2:40:51,,1:31:30,4:51:37
657,1967,Markus Nymark Bohlander,M35-39,136,Open,Sweden,30:38,,2:32:11,,1:42:44,4:51:37
658,2699,Patrick Trabert,M25-29,114,Open,United States,29:53,,2:31:04,,1:46:00,4:51:37
659,1334,Shay Eskew,M40-44,91,Open,United States,41:35,,2:27:11,,1:36:04,4:51:42
660,2714,Julian Wheating,M25-29,115,Open,United States,33:27,,2:39:51,,1:33:30,4:51:44
661,2053,Oriol Silvestre,M35-39,137,Open,Spain,28:36,,2:25:12,,1:51:36,4:51:44
662,2027,Ricardo Romero,M35-39,138,Open,Mexico,33:17,,2:38:19,,1:32:32,4:51:51
663,1539,David Piercey,M40-44,92,Open,United States,43:27,,2:25:57,,1:35:49,4:51:51
664,725,Darrin Rohr,M50-54,16,Open,United States,32:04,,2:31:22,,1:40:28,4:51:55
665,1581,Benjamin Saunders,M40-44,93,Open,United States,29:40,,2:44:04,,1:31:26,4:51:59
666,1618,Ken Szekretar,M40-44,94,Open,United States,37:26,,2:32:45,,1:36:08,4:52:02
667,2687,Brad Stoufflet,M25-29,116,Open,United States,33:47,,2:38:40,,1:32:11,4:52:03
668,2063,Paolo Stasi,M35-39,139,Open,Italy,34:11,,2:30:43,,1:39:28,4:52:03
669,1326,Eric Dyner,M40-44,95,Open,United States,31:20,,2:37:24,,1:36:44,4:52:05
670,1269,Mattias Paz Bylund,M40-44,96,Open,Sweden,32:24,,2:41:39,,1:30:53,4:52:06
671,959,David Harinck,M45-49,47,Open,Belgium,32:04,,2:31:25,,1:41:34,4:52:10
672,1166,Kip Taylor,M45-49,48,Open,United States,30:49,,2:33:52,,1:41:27,4:52:16
673,1094,Darren Rentch,M45-49,49,Open,United States,32:26,,2:35:25,,1:36:37,4:52:16
674,577,Keish Doi,M50-54,17,Open,United States,36:49,,2:27:37,,1:42:14,4:52:16
675,333,Rodolphe Von Berg,M60-64,2,Open,Belgium,34:36,,2:34:13,,1:37:46,4:52:17
676,2378,Nigel Quaye,M30-34,166,Open,Isle of Man,29:58,,2:35:25,,1:39:57,4:52:19
677,1310,David De Paula,M40-44,97,Open,France,40:32,,2:34:40,,1:31:24,4:52:25
678,2343,Camilo Alfredo Nesbet Reus,M30-34,167,Open,Chile,32:49,,2:30:30,,1:42:56,4:52:28
679,2278,Isao Iwasaki,M30-34,168,Open,Japan,32:55,,2:36:17,,1:36:56,4:52:29
680,2582,Mike Huckle,M25-29,117,Open,United Kingdom,,,,,1:43:42,4:52:29
681,1025,Eric Loison,M45-49,50,Open,France,36:26,,2:33:17,,1:37:16,4:52:30
682,2690,Florian Teichmann,M25-29,118,Open,Germany,31:37,,2:40:28,,1:35:08,4:52:31
683,2880,Greg Tayler,M50-54,18,Open,United States,29:10,,2:34:59,,1:40:09,4:52:38
684,2460,Kris Verbiest,M30-34,169,Open,Belgium,34:26,,2:42:04,,1:29:37,4:52:38
685,1046,Mark McMullen,M45-49,51,Open,Canada,33:19,,2:36:38,,1:36:52,4:52:40
686,2881,Jean-Baptiste Roux,M35-39,140,Open,France,34:25,,2:34:59,,1:36:33,4:52:41
687,1385,Paulo Manzini,M40-44,98,Open,Brazil,33:13,,2:25:07,,1:47:25,4:52:41
688,1654,Tim Weiskat,M40-44,99,Open,Germany,29:39,,2:37:26,,1:39:43,4:52:42
689,2068,Marcin Szydlowski,M35-39,141,Open,Poland,40:18,,2:36:03,,1:30:29,4:52:43
690,2005,Chris Rankin,M35-39,142,Open,United States,35:55,,2:31:09,,1:40:05,4:52:43
691,2875,Mohammed Alqais,M30-34,170,Open,Bahrain,36:19,,2:37:42,,1:31:06,4:52:43
692,1099,Scott Roehrborn,M45-49,52,Open,United States,33:44,,2:40:32,,1:33:26,4:52:45
693,1856,Chris Johnston,M35-39,143,Open,New Zealand,32:17,,2:39:31,,1:34:35,4:52:49
694,1859,Jason Jones,M35-39,144,Open,United States,36:41,,2:28:50,,1:40:55,4:52:50
695,2191,Matthew Davis,M30-34,171,Open,United States,36:36,,2:34:54,,1:34:33,4:52:50
696,2092,Jeff Vandusen,M35-39,145,Open,United States,36:17,,2:28:00,,1:40:34,4:52:53
697,2362,Christopher Pearson,M30-34,172,Open,United States,35:31,,2:27:01,,1:44:34,4:52:53
698,2297,Romuald Le Calonnec,M30-34,173,Open,France,36:54,,2:35:02,,1:34:49,4:52:56
699,1915,Marcus Vinicius MACEDO DOS SANTOS,M35-39,146,Open,Brazil,33:07,,2:39:22,,1:33:33,4:52:56
700,1465,Henrik Lundqvist,M40-44,100,Open,Sweden,34:57,,2:36:14,,1:34:57,4:52:57
701,1547,Roman Procházka,M40-44,101,Open,Czechia,40:04,,2:32:24,,1:34:04,4:52:57
702,2774,Diego Fernandez Rodriguez,M18-24,58,Open,Mexico,27:25,,2:42:06,,1:38:24,4:52:57
703,1919,Mariani Pascal,M35-39,147,Open,France,42:02,,2:24:32,,1:39:43,4:53:01
704,2274,Tobias Ibrahim,M30-34,174,Open,Germany,34:57,,2:30:31,,1:41:23,4:53:06
705,922,Phillip Falkner,M45-49,53,Open,United States,35:09,,2:36:29,,1:33:38,4:53:07
706,2109,Michael White,M35-39,148,Open,United States,27:20,,2:29:10,,1:51:04,4:53:09
707,2388,Trey Robinson,M30-34,175,Open,United States,37:33,,2:39:39,,1:30:09,4:53:10
708,2571,Bernd Heidegger,M25-29,119,Open,Austria,34:22,,2:24:41,,1:47:12,4:53:12
709,2576,Ramon Hernández,M25-29,120,Open,Venezuela,30:52,,2:29:51,,1:46:35,4:53:13
710,1851,Yassir Janah,M35-39,149,Open,Morocco,35:53,,2:36:41,,1:32:24,4:53:15
711,1242,Jacob Bauer,M40-44,102,Open,United States,33:17,,2:33:04,,1:40:48,4:53:15
712,465,Gustavo Poblete  Salazar,M55-59,2,Open,Mexico,33:33,,2:38:53,,1:34:24,4:53:15
713,2482,Brent Woodford,M30-34,176,Open,Australia,27:24,,2:35:41,,1:42:29,4:53:16
714,1712,Daniel Biazoto,M35-39,150,Open,Brazil,30:15,,2:35:02,,1:41:38,4:53:17
715,1377,James Hallberg,M40-44,103,Open,United States,30:46,,2:29:28,,1:47:24,4:53:21
716,566,Dan Contant,M50-54,19,Open,Canada,38:02,,2:33:18,,1:35:29,4:53:21
717,1584,Robert Scheungrab,M40-44,104,Open,United States,37:18,,2:37:28,,1:31:54,4:53:21
718,1452,Damien Leonardi,M40-44,105,Open,France,26:29,,2:41:44,,1:38:10,4:53:23
719,853,Theodore Breault,M45-49,54,Open,United States,32:12,,2:39:30,,1:35:22,4:53:27
720,1276,Kris Carpenter,M40-44,106,Open,Canada,35:52,,2:39:33,,1:32:02,4:53:27
721,2606,Andrzej Ksiazek,M25-29,121,Open,Poland,33:25,,2:35:37,,1:38:21,4:53:28
722,2041,Sébastien Delannoy,M35-39,151,Open,Belgium,40:32,,2:36:52,,1:30:00,4:53:29
723,2585,Vinicio Ibarra Coria,M25-29,122,Open,Mexico,27:26,,2:31:07,,1:49:57,4:53:31
724,1845,Gareth Humphreys,M35-39,152,Open,United Kingdom,32:29,,2:42:08,,1:32:07,4:53:31
725,2512,Robin Blom,M25-29,123,Open,Sweden,,,2:32:04,,1:39:14,4:53:33
726,2047,Radek Serwinski,M35-39,153,Open,Poland,37:38,,2:35:50,,1:34:33,4:53:35
727,1749,Cameron Comerford,M35-39,154,Open,United States,41:18,,2:26:16,,1:39:05,4:53:37
728,1319,J.P. Dowd,M40-44,107,Open,United States,32:28,,2:32:34,,1:42:29,4:53:37
729,1443,Lambert Stéphane,M40-44,108,Open,Belgium,34:54,,2:34:49,,1:37:32,4:53:38
730,1398,Dave Hunnius,M40-44,109,Open,United States,34:17,,2:38:11,,1:33:16,4:53:38
731,639,Fredrik Johansson,M50-54,20,Open,Sweden,34:26,,2:37:08,,1:35:30,4:53:38
732,1542,Jake Plummer,M40-44,110,Open,United States,33:40,,2:34:19,,1:38:43,4:53:41
733,1748,John Cline,M35-39,155,Open,United States,32:37,,2:40:18,,1:34:25,4:53:43
734,1474,Boris Marc,M40-44,111,Open,France,29:58,,2:38:16,,1:40:13,4:53:44
735,891,Anthony COWAN,M45-49,55,Open,New Zealand,31:57,,2:38:18,,1:37:46,4:53:50
736,1802,Kevin Ferguson,M35-39,156,Open,United States,36:48,,2:37:22,,1:32:06,4:53:50
737,1823,Enrique Gongora,M35-39,157,Open,Mexico,38:39,,2:39:08,,1:29:46,4:53:52
738,444,Christopher Montross,M55-59,3,Open,United States,29:07,,2:42:46,,1:34:55,4:53:52
739,1217,Sebastian A. Pigliacampo,M40-44,112,Open,Argentina,31:51,,2:40:14,,1:35:25,4:53:54
740,1346,Fredrik Forsberg,M40-44,113,Open,Sweden,34:04,,2:39:35,,1:33:32,4:53:54
741,1104,Peter Ronco,M45-49,56,Open,United States,33:16,,2:42:22,,1:32:38,4:53:54
742,1636,Fernandes Eduardo,M40-44,114,Open,Brazil,33:29,,2:34:38,,1:38:20,4:53:54
743,1998,David Polania,M35-39,158,Open,Colombia,33:42,,2:46:03,,1:28:24,4:53:54
744,1538,Erick Pierce,M40-44,115,Open,United States,33:35,,2:33:55,,1:38:35,4:53:55
745,1355,Ross Germani,M40-44,116,Open,United States,29:34,,2:33:53,,1:44:48,4:53:56
746,1425,Casey Kershner,M40-44,117,Open,United States,32:46,,2:39:00,,1:35:29,4:53:58
747,552,Leo Carrillo,M50-54,21,Open,United States,28:57,,2:25:21,,1:52:20,4:53:59
748,2296,Tomas Lauer,M30-34,177,Open,Czechia,29:38,,2:37:15,,1:40:40,4:53:59
749,2640,Adam Newton,M25-29,124,Open,United Kingdom,31:12,,2:40:40,,1:35:16,4:54:00
750,2066,Ernest St-Pierre,M35-39,159,Open,Canada,36:12,,2:34:13,,1:36:19,4:54:00
751,1132,Bryan Shiflett,M45-49,57,Open,United States,35:57,,2:45:13,,1:27:12,4:54:03
752,1165,Yoshio Tahara,M45-49,58,Open,Japan,32:50,,2:42:11,,1:31:17,4:54:06
753,987,Humberto Jimenez,M45-49,59,Open,Mexico,32:57,,2:34:57,,1:39:07,4:54:07
754,2601,Franck Kervarec,M25-29,125,Open,France,34:37,,2:29:25,,1:44:04,4:54:09
755,1616,Christopher Swiecicki,M40-44,118,Open,United States,33:18,,2:34:39,,1:39:43,4:54:09
756,1903,Tyler Long,M35-39,160,Open,United States,26:38,,2:43:43,,1:36:09,4:54:10
757,1274,Marc Capobianco,M40-44,119,Open,United States,35:41,,2:39:31,,1:32:09,4:54:12
758,786,Pj Westhuizen,M50-54,22,Open,Australia,32:33,,2:33:45,,1:42:02,4:54:19
759,1729,Leonardo Braz,M35-39,161,Open,Brazil,31:17,,2:39:28,,1:35:51,4:54:22
760,1776,Nicolas Delgado,M35-39,162,Open,Colombia,31:26,,2:37:56,,1:39:34,4:54:23
761,1653,Keith Weidman,M40-44,120,Open,United States,35:12,,2:38:19,,1:34:28,4:54:26
762,1999,Tyson Pompelia,M35-39,163,Open,United States,32:14,,2:37:46,,1:35:12,4:54:27
763,1950,Andreas Moraitis,M35-39,164,Open,United States,39:36,,2:31:24,,1:36:51,4:54:29
764,1989,Craig Patterson,M35-39,165,Open,United Kingdom,32:32,,2:37:11,,1:39:11,4:54:33
765,1307,Jason Davidson,M40-44,121,Open,United States,35:46,,2:37:19,,1:33:45,4:54:33
766,2091,Kevin Vandervoort,M35-39,166,Open,Belgium,34:45,,2:34:49,,1:37:01,4:54:35
767,1286,Rafal Chomik,M40-44,122,Open,Poland,33:34,,2:34:04,,1:40:01,4:54:36
768,2318,Sean Maclaurin,M30-34,178,Open,United States,34:49,,2:35:00,,1:38:32,4:54:36
769,1551,Ran Raines Moshe,M40-44,123,Open,Israel,35:59,,2:37:02,,1:34:41,4:54:37
770,1949,Jared Moore,M35-39,167,Open,United States,35:21,,2:36:20,,1:36:09,4:54:38
771,1440,Davide Labanti,M40-44,124,Open,Italy,30:27,,2:41:01,,1:35:02,4:54:39
772,2461,Christophe Vernet,M30-34,179,Open,France,34:24,,2:41:00,,1:34:08,4:54:41
773,605,Thomas Glanz,M50-54,23,Open,Germany,32:29,,2:27:39,,1:47:25,4:54:42
774,2010,Charles Reiter,M35-39,168,Open,United States,33:36,,2:37:54,,1:37:29,4:54:43
775,1728,Jonathan Brault,M35-39,169,Open,Canada,33:31,,2:39:56,,1:35:58,4:54:43
776,2257,Joel Harding,M30-34,180,Open,United States,35:57,,2:32:21,,1:40:01,4:54:45
777,1734,Reggis Britto,M35-39,170,Open,Brazil,33:18,,2:41:10,,1:34:00,4:54:46
778,360,Adrian Carr,M55-59,4,Open,United Kingdom,30:05,,2:37:40,,1:41:08,4:54:51
779,1868,Charles Kellaway,M35-39,171,Open,Australia,25:51,,2:40:46,,1:41:22,4:54:51
780,1629,Pedro Trindade,M40-44,125,Open,United States,35:31,,2:34:33,,1:39:12,4:54:54
781,2668,Daniel SCHENKE,M25-29,126,Open,Germany,30:10,,2:36:49,,1:41:34,4:54:54
782,1673,Gentry Yost,M40-44,126,Open,United States,34:51,,2:34:30,,1:38:47,4:54:56
783,1801,Ben Fenton,M35-39,172,Open,United States,32:55,,2:38:49,,1:35:41,4:54:58
784,2588,Jernej Ivanovic,M25-29,127,Open,Slovenia,32:47,,2:32:48,,1:42:21,4:54:59
785,2287,Thomas Knittel,M30-34,181,Open,Germany,36:36,,2:43:55,,1:28:37,4:54:59
786,589,Marcio Ferreira,M50-54,24,Open,Brazil,33:53,,2:38:03,,1:37:03,4:55:02
787,570,John Crino,M50-54,25,Open,United States,33:33,,2:37:20,,1:38:44,4:55:03
788,1958,Timothy Mulligan,M35-39,173,Open,United States,33:05,,2:38:37,,1:36:13,4:55:04
789,1871,Ken Koike,M35-39,174,Open,Japan,26:34,,2:44:49,,1:38:43,4:55:06
790,2580,Daiki Hoshi,M25-29,128,Open,Japan,33:15,,2:40:24,,1:35:18,4:55:09
791,1567,Marco Roncaglia,M40-44,127,Open,Italy,32:33,,2:33:44,,1:42:50,4:55:10
792,2558,Nick Fragnito,M25-29,129,Open,United States,30:43,,2:33:25,,1:44:22,4:55:14
793,2345,Peter Newhook,M30-34,182,Open,Canada,33:13,,2:35:41,,1:40:43,4:55:16
794,2100,Bentley Walker,M35-39,175,Open,United States,28:34,,2:36:57,,1:43:24,4:55:16
795,1503,Geoffrey Mullett,M40-44,128,Open,United Kingdom,34:43,,2:33:12,,1:39:42,4:55:16
796,1714,Thomas Berger,M35-39,176,Open,Germany,32:39,,2:39:17,,1:36:43,4:55:18
797,960,Adam Harita,M45-49,60,Open,United States,36:51,,2:34:36,,1:36:29,4:55:21
798,1987,Stefano Passarello,M35-39,177,Open,Hong Kong,43:13,,2:48:57,,1:15:44,4:55:21
799,1766,Patrick Danielsson,M35-39,178,Open,Italy,40:15,,2:35:27,,1:33:10,4:55:22
800,1296,Randy Cooper,M40-44,129,Open,Canada,40:15,,2:32:12,,1:35:37,4:55:23
801,2172,Christopher Carpenter,M30-34,183,Open,United States,30:16,,2:33:07,,1:45:11,4:55:23
802,822,Romain Baloffier,M45-49,61,Open,France,34:31,,2:28:55,,1:46:11,4:55:23
803,1969,Bradley Odom,M35-39,179,Open,United States,33:16,,2:37:00,,1:38:59,4:55:24
804,1666,David Woodsfood,M40-44,130,Open,United Kingdom,32:13,,2:37:58,,1:39:23,4:55:30
805,1888,TIAGO LESSA,M35-39,180,Open,Brazil,36:47,,2:32:23,,1:39:27,4:55:30
806,1480,Russell Marks,M40-44,131,Open,United States,36:23,,2:33:44,,1:38:22,4:55:31
807,668,Dale Londos,M50-54,26,Open,United States,33:09,,2:38:23,,1:36:41,4:55:31
808,2304,Jim Levesque,M30-34,184,Open,United States,34:47,,2:40:55,,1:34:42,4:55:35
809,2305,Dandan Li,M30-34,185,Open,China,31:12,,2:37:02,,1:41:43,4:55:35
810,1643,Poul Hagelskjær Vestergaard,M40-44,132,Open,Denmark,36:54,,2:38:05,,1:32:43,4:55:38
811,2674,Raphaël Serrapica,M25-29,130,Open,France,27:57,,2:26:22,,1:55:48,4:55:39
812,1492,Glenn Merkel,M40-44,133,Open,United States,35:38,,2:32:04,,1:41:03,4:55:45
813,592,Jason Fitzhugh,M50-54,27,Open,United States,34:01,,2:41:14,,1:34:23,4:55:48
814,1701,JOAO MARCELLO NOVAES DO NASCIMENTO BAPTISTA,M35-39,181,Open,Brazil,31:06,,2:40:45,,1:37:31,4:55:50
815,1244,Marc Begon,M40-44,134,Open,France,30:37,,2:35:25,,1:43:40,4:55:51
816,1402,Andy Iorg,M40-44,135,Open,United States,33:26,,2:36:20,,1:39:45,4:55:52
817,963,Fernando Mario Helling,M45-49,62,Open,Argentina,38:58,,2:34:26,,1:36:03,4:55:56
818,1171,David Tindall,M45-49,63,Open,United States,34:42,,2:37:06,,1:37:44,4:55:56
819,1257,Jackson Borges,M40-44,136,Open,Brazil,35:54,,2:45:31,,1:27:55,4:55:58
820,1322,Clifford Drusinsky,M40-44,137,Open,United States,30:12,,2:41:33,,1:37:03,4:55:58
821,2766,Zach Eagle,M18-24,59,Open,United States,35:34,,2:36:37,,1:37:13,4:55:58
822,2859,Massimo Beretta,M45-49,64,Open,Italy,35:10,,2:34:59,,1:39:20,4:55:58
823,2075,Jd Thalman,M35-39,182,Open,United States,31:40,,2:37:03,,1:38:50,4:56:00
824,904,Gert De Vos,M45-49,65,Open,Belgium,30:58,,2:31:23,,1:45:46,4:56:00
825,2327,Adam Mcintyre,M30-34,186,Open,United States,34:30,,2:30:03,,1:44:32,4:56:03
826,1775,Carl-Philippe Delbeke,M35-39,183,Open,Belgium,34:29,,2:35:52,,1:38:11,4:56:04
827,2120,Bashkim Zaganjori,M35-39,184,Open,United States,40:16,,2:35:37,,1:33:39,4:56:05
828,2081,Rodrigo Tome,M35-39,185,Open,Brazil,30:25,,2:39:49,,1:38:24,4:56:05
829,1215,Marcelo Abdo,M40-44,138,Open,Brazil,28:08,,2:41:31,,1:40:23,4:56:07
830,2002,Ruben Ramajo Farre,M35-39,186,Open,Spain,35:49,,2:35:02,,1:38:07,4:56:08
831,2111,Wiremu Wineera,M35-39,187,Open,New Zealand,35:20,,2:38:38,,1:35:09,4:56:12
832,2694,Chris Thomas,M25-29,131,Open,United States,32:41,,2:42:51,,1:31:14,4:56:13
833,2031,David Sajner,M35-39,188,Open,Czechia,32:51,,2:34:18,,1:42:10,4:56:17
834,2020,Jess Ripper,M35-39,189,Open,Japan,31:04,,2:32:03,,1:47:06,4:56:17
835,1800,Tobias Feltens,M35-39,190,Open,Germany,38:54,,2:35:23,,1:33:35,4:56:18
836,1246,Christian Belair,M40-44,139,Open,Canada,34:55,,2:39:22,,1:35:54,4:56:22
837,2651,Adam Raphael,M25-29,132,Open,United States,35:21,,2:45:31,,1:29:47,4:56:24
838,1548,Scott Prosser,M40-44,140,Open,United Kingdom,34:47,,2:36:01,,1:36:53,4:56:24
839,1656,Henrique Werneck Pereira do Espirito Santo,M40-44,141,Open,Brazil,35:37,,2:39:28,,1:34:28,4:56:25
840,2605,Keith Kotar,M25-29,133,Open,United States,36:02,,2:41:44,,1:33:31,4:56:30
841,2025,Manuel ROJAS,M35-39,191,Open,Costa Rica,39:16,,2:32:54,,1:36:32,4:56:30
842,2169,Javier CANO MORALES,M30-34,187,Open,Spain,35:57,,2:40:06,,1:34:19,4:56:32
843,2495,Alexandre Talon,M25-29,134,Open,France,31:51,,2:32:36,,1:45:52,4:56:32
844,1183,Stefan Van Dijk,M45-49,66,Open,Netherlands,32:54,,2:37:30,,1:38:46,4:56:34
845,1506,Ian Murray,M40-44,142,Open,United States,37:15,,2:41:03,,1:30:13,4:56:36
846,795,Kenneth Younts,M50-54,28,Open,United States,28:48,,2:37:09,,1:42:36,4:56:36
847,2789,Tim Jacobs,M18-24,60,Open,Australia,30:10,,2:31:09,,1:49:49,4:56:37
848,2439,Daniel Thomas,M30-34,188,Open,United States,38:25,,2:27:43,,1:44:14,4:56:38
849,1852,Jeff Fyfe,M35-39,192,Open,Canada,34:31,,2:34:43,,1:41:28,4:56:42
850,2377,Eric Prilipp,M30-34,189,Open,United States,35:35,,2:40:20,,1:34:06,4:56:43
851,1645,Cyril Vidal,M40-44,143,Open,France,36:40,,2:34:44,,1:37:46,4:56:44
852,907,Barry Dooper,M45-49,67,Open,Netherlands,29:16,,2:34:18,,1:46:01,4:56:45
853,2486,Ruso Yakimovic,M30-34,190,Open,Turkey,29:01,,2:39:31,,1:42:13,4:56:45
854,1261,Garrett Bowers,M40-44,144,Open,United States,41:19,,2:39:49,,1:29:07,4:56:48
855,393,Philippe Foutrein,M55-59,5,Open,France,38:06,,2:40:45,,1:31:14,4:56:50
856,1681,Erik Aguilar Espinosa,M35-39,193,Open,Mexico,32:17,,2:36:48,,1:41:14,4:56:50
857,1709,Ollie Beilby,M35-39,194,Open,United Kingdom,37:18,,2:31:51,,1:42:08,4:56:52
858,2089,Nicolas Van Damme,M35-39,195,Open,Belgium,34:40,,2:40:49,,1:35:00,4:56:53
859,2083,Justin Topping,M35-39,196,Open,United States,40:13,,2:42:29,,1:26:27,4:56:57
860,2222,Genesio Ferreira,M30-34,191,Open,Brazil,35:21,,2:43:05,,1:30:43,4:56:57
861,1264,Michael Brimer,M40-44,145,Open,Canada,31:04,,2:37:55,,1:41:53,4:56:58
862,2636,Cillian Moffat,M25-29,135,Open,Ireland,35:31,,2:32:42,,1:43:12,4:57:03
863,2262,Cristobal Heitmann,M30-34,192,Open,Chile,33:29,,2:41:57,,1:36:03,4:57:09
864,1303,Mike Daily,M40-44,146,Open,United States,35:02,,2:36:35,,1:38:09,4:57:09
865,2735,William A N Graca,M18-24,61,Open,Brazil,33:02,,2:37:46,,1:40:35,4:57:10
866,757,Tod Smith,M50-54,29,Open,United States,33:45,,2:31:12,,1:44:46,4:57:12
867,1974,Arturo Ornelas Balderrama,M35-39,197,Open,Mexico,33:09,,2:41:47,,1:34:33,4:57:13
868,1723,Jason Booth,M35-39,198,Open,United States,38:23,,2:36:04,,1:37:29,4:57:16
869,1253,Jeffrey Bishop,M40-44,147,Open,United States,35:54,,2:41:20,,1:31:43,4:57:17
870,2611,Scott Leadbetter,M25-29,136,Open,United Kingdom,31:14,,2:32:35,,1:46:31,4:57:18
871,1156,Francois St-Onge,M45-49,68,Open,Canada,31:51,,2:35:07,,1:42:53,4:57:18
872,1271,Ricardo Caiuby,M40-44,148,Open,Brazil,34:04,,2:44:20,,1:32:13,4:57:21
873,1751,Mike Cooke,M35-39,199,Open,Canada,32:48,,2:42:34,,1:35:48,4:57:21
874,1831,Philipp Heer,M35-39,200,Open,Germany,36:07,,2:40:24,,1:33:24,4:57:22
875,1017,Darrell Legault,M45-49,69,Open,United States,34:54,,2:41:53,,1:34:23,4:57:22
876,2038,Julien SCHICK,M35-39,201,Open,France,37:18,,2:26:51,,1:44:25,4:57:23
877,1726,Isaac Boza,M35-39,202,Open,Costa Rica,35:37,,2:45:27,,1:30:21,4:57:25
878,1376,Jim Hall,M40-44,149,Open,United States,37:29,,2:40:03,,1:32:23,4:57:31
879,1826,Brian Gruenemay,M35-39,203,Open,United States,38:47,,2:34:58,,1:36:36,4:57:33
880,1283,Alan Charness,M40-44,150,Open,Canada,37:41,,2:34:38,,1:37:23,4:57:36
881,782,Christopher Vosloo,M50-54,30,Open,South Africa,34:14,,2:39:33,,1:35:59,4:57:38
882,1959,Ignacio Munoz Roman,M35-39,204,Open,Chile,33:12,,2:39:14,,1:40:02,4:57:40
883,1066,Luis Martin Olivera,M45-49,70,Open,Argentina,35:40,,2:38:34,,1:36:06,4:57:43
884,2885,Jonathan Talik,M18-24,62,Open,United States,39:22,,2:43:47,,1:28:54,4:57:43
885,1181,Sean Valentine,M45-49,71,Open,United States,29:50,,2:43:44,,1:36:13,4:57:44
886,1560,Geoffrey Richards,M40-44,151,Open,Canada,36:14,,2:43:16,,1:32:01,4:57:45
887,1699,Michael Bakker,M35-39,205,Open,United States,30:49,,2:39:59,,1:41:02,4:57:47
888,642,Erik Johnson,M50-54,31,Open,United States,34:26,,2:38:31,,1:37:55,4:57:48
889,358,Gary Bushey,M55-59,6,Open,United States,34:18,,2:40:53,,1:35:51,4:57:49
890,1819,Eric Glow,M35-39,206,Open,United States,33:13,,2:35:06,,1:42:06,4:57:50
891,887,Graham Cooper,M45-49,72,Open,United States,32:55,,2:37:02,,1:39:48,4:57:50
892,2367,Chris Pike,M30-34,193,Open,United Kingdom,33:04,,2:37:29,,1:41:27,4:57:53
893,1918,Paul Marcy,M35-39,207,Open,United States,32:43,,2:37:07,,1:41:36,4:57:58
894,726,Gustavo Perri,M50-54,32,Open,Argentina,32:56,,2:41:13,,1:37:07,4:58:01
895,644,William Jones,M50-54,33,Open,United States,34:34,,2:33:42,,1:42:33,4:58:01
896,1767,Santiago Danna,M35-39,208,Open,Colombia,38:54,,2:39:24,,1:33:09,4:58:04
897,2882,Christian Gabrena,M40-44,152,Open,Argentina,33:12,,2:41:18,,1:37:22,4:58:04
898,1559,Jose Otavio Ribeiro Cruz Fiho,M40-44,153,Open,Brazil,35:08,,2:34:21,,1:40:28,4:58:05
899,945,Stefan Glaser,M45-49,73,Open,Germany,35:12,,2:35:05,,1:42:14,4:58:06
900,678,Sam Martinez,M50-54,34,Open,Colombia,41:49,,2:36:12,,1:33:42,4:58:06
901,1125,Oliver Scheiring,M45-49,74,Open,Germany,34:11,,2:39:34,,1:37:46,4:58:07
902,2706,Emile Van Niekerk,M25-29,137,Open,South Africa,31:28,,2:37:54,,1:41:34,4:58:08
903,1051,Brian Miller,M45-49,75,Open,United States,28:53,,2:40:05,,1:42:52,4:58:08
904,2207,Jeff Dugan,M30-34,194,Open,United States,44:12,,2:38:43,,1:28:23,4:58:09
905,2413,Alejandro Segura Montero,M30-34,195,Open,Costa Rica,38:23,,2:38:32,,1:35:07,4:58:09
906,1890,Gabriel Levinson,M35-39,209,Open,United States,35:10,,2:40:03,,1:35:53,4:58:12
907,2340,David Mudek,M30-34,196,Open,United States,42:41,,2:39:42,,1:30:51,4:58:12
908,1603,Jochen Stahl,M40-44,154,Open,Germany,35:07,,2:40:30,,1:34:57,4:58:13
909,1700,Oliver Bamford,M35-39,210,Open,United Kingdom,36:50,,2:37:15,,1:37:31,4:58:15
910,1770,Reinaldo De Oliveira,M35-39,211,Open,Brazil,32:04,,2:42:27,,1:37:01,4:58:16
911,2052,Alexey Sidorenko,M35-39,212,Open,Kazakhstan,44:42,,2:36:34,,1:30:06,4:58:16
912,1407,Toivonen Janne,M40-44,155,Open,Finland,37:06,,2:33:30,,1:40:24,4:58:18
913,1649,Armin Wahl,M40-44,156,Open,United States,36:38,,2:43:02,,1:31:51,4:58:18
914,2384,Alejandro Ricagno,M30-34,197,Open,Argentina,31:21,,2:44:14,,1:37:04,4:58:18
915,1720,Leonardo Bobadilla,M35-39,213,Open,Chile,33:08,,2:33:47,,1:44:08,4:58:18
916,1337,Fabio Fantozzi,M40-44,157,Open,Brazil,34:37,,2:37:43,,1:36:43,4:58:18
917,2295,Eric Lashway,M30-34,198,Open,United States,34:23,,2:41:34,,1:36:21,4:58:23
918,2099,Mateusz Walczak,M35-39,214,Open,Poland,35:05,,2:32:52,,1:43:59,4:58:29
919,1639,Omar Veliz,M40-44,158,Open,United States,34:33,,2:40:47,,1:37:22,4:58:31
920,1490,Romans Melderis,M40-44,159,Open,Latvia,31:00,,2:35:32,,1:46:19,4:58:32
921,2323,James Martin,M30-34,199,Open,Australia,29:11,,2:26:32,,1:54:42,4:58:34
922,1002,Stephen Kinsey,M45-49,76,Open,United States,32:28,,2:39:50,,1:39:54,4:58:38
923,2518,Gregory Britton,M25-29,138,Open,France,35:47,,2:37:39,,1:38:50,4:58:40
924,1779,Brian Devlin,M35-39,215,Open,United States,31:57,,2:40:14,,1:39:54,4:58:41
925,2515,David Born,M25-29,139,Open,United States,33:30,,2:31:35,,1:47:18,4:58:42
926,409,Keith Hertel,M55-59,7,Open,United States,32:40,,2:36:41,,1:41:38,4:58:42
927,1316,Brent Detta,M40-44,160,Open,United States,34:15,,2:40:21,,1:38:26,4:58:42
928,546,Michel Brouillet,M50-54,35,Open,Canada,33:57,,2:35:01,,1:43:27,4:58:43
929,1109,Michael Ross,M45-49,77,Open,United States,32:14,,2:33:12,,1:47:18,4:58:47
930,1824,Grigory Savva,M35-39,216,Open,Russian Federation,38:01,,2:41:09,,1:32:54,4:58:49
931,2481,Martin Wonke,M30-34,200,Open,Germany,38:48,,2:42:24,,1:30:41,4:58:49
932,1169,Glen Thompson,M45-49,78,Open,United States,44:44,,2:37:08,,1:29:08,4:58:51
933,2187,Tyler Cox,M30-34,201,Open,United States,32:28,,2:45:58,,1:33:56,4:58:52
934,713,Pierantonio Daniele,M50-54,36,Open,Italy,35:58,,2:34:25,,1:41:36,4:58:55
935,2478,Brian Willing,M30-34,202,Open,United States,36:06,,2:41:08,,1:35:45,4:58:55
936,2179,Marco Chavarria,M30-34,203,Open,Costa Rica,35:09,,2:47:27,,1:29:18,4:58:56
937,1317,Bojan Djuric,M40-44,161,Open,Serbia,32:10,,2:39:37,,1:39:46,4:59:00
938,1602,Fabio Spiteri,M40-44,162,Open,Malta,33:02,,2:32:20,,1:46:46,4:59:01
939,1456,James Libecco,M40-44,163,Open,United States,32:36,,2:32:54,,1:47:35,4:59:01
940,1571,Cyrille Routier,M40-44,164,Open,France,31:16,,2:41:29,,1:36:57,4:59:06
941,1157,James Strain,M45-49,79,Open,United States,32:02,,2:34:49,,1:46:02,4:59:10
942,2147,Matthew Bennett,M30-34,204,Open,United Kingdom,31:39,,2:38:31,,1:42:11,4:59:18
943,2398,Matt Saba,M30-34,205,Open,United States,36:18,,2:45:56,,1:30:09,4:59:21
944,1084,Sean Pierce,M45-49,80,Open,United States,37:00,,2:40:57,,1:34:24,4:59:22
945,524,Sergio Aldegheri,M50-54,37,Open,Argentina,33:46,,2:38:20,,1:40:40,4:59:23
946,1756,Jone Costa,M35-39,217,Open,Brazil,32:29,,2:36:39,,1:42:41,4:59:25
947,1356,Leonardo Giglio,M40-44,165,Open,Argentina,32:47,,2:40:58,,1:39:54,4:59:26
948,1818,Alan Gibson,M35-39,218,Open,United Kingdom,40:12,,2:32:01,,1:39:39,4:59:27
949,875,Jamie Chatfield,M45-49,81,Open,United Kingdom,35:51,,2:40:19,,1:37:13,4:59:29
950,1992,Luciano Abreu,M35-39,219,Open,Brazil,32:59,,2:37:23,,1:41:15,4:59:29
951,549,Billy Busko,M50-54,38,Open,United States,37:29,,2:38:08,,1:37:19,4:59:32
952,682,Dominique Michel,M50-54,39,Open,France,38:47,,2:32:05,,1:41:58,4:59:33
953,1428,Martin Kirwan,M40-44,166,Open,Ireland,37:33,,2:36:37,,1:36:17,4:59:33
954,670,William Ludington,M50-54,40,Open,United States,37:28,,2:33:15,,1:39:57,4:59:37
955,1971,David Olsson,M35-39,220,Open,Sweden,38:48,,2:30:49,,1:43:39,4:59:39
956,1626,Juan Torres,M40-44,167,Open,Australia,37:27,,2:43:05,,1:31:21,4:59:39
957,1050,Art Miller,M45-49,82,Open,United States,31:05,,2:40:36,,1:42:10,4:59:40
958,2459,Rafel Vemssimo,M30-34,206,Open,Brazil,29:05,,2:39:59,,1:44:14,4:59:45
959,851,Marcos Branco,M45-49,83,Open,Brazil,28:50,,2:31:59,,1:51:35,4:59:49
960,2566,Neil Graham,M25-29,140,Open,United Kingdom,36:48,,2:36:25,,1:40:59,4:59:57
961,2206,Daniel Cunha,M30-34,207,Open,Brazil,37:37,,2:43:58,,1:31:47,4:59:58
962,2244,Erik Graffner,M30-34,208,Open,Sweden,36:44,,2:36:31,,1:41:17,4:59:59
963,823,VASILEIOS BAMPANIKAS,M45-49,84,Open,Greece,32:12,,2:47:28,,1:32:38,5:00:01
964,2770,Nicolas Salinas,M18-24,63,Open,Chile,31:24,,2:41:05,,1:41:07,5:00:03
965,791,Todd Wilkens,M50-54,41,Open,United States,37:15,,2:36:13,,1:39:17,5:00:05
966,1463,Mikhail Lubenets,M40-44,168,Open,Russian Federation,42:49,,2:41:01,,1:29:05,5:00:06
967,1449,Paul Lee,M40-44,169,Open,United Kingdom,31:19,,2:36:35,,1:44:53,5:00:07
968,1240,Spencer Bass,M40-44,170,Open,Canada,35:39,,2:39:01,,1:38:54,5:00:10
969,1550,Rodrigo Quevedo,M40-44,171,Open,Brazil,39:26,,2:42:26,,1:32:31,5:00:16
970,976,Peter Hyland,M45-49,85,Open,United States,36:31,,2:42:13,,1:34:08,5:00:16
971,604,Ken Glah,M50-54,42,Open,United States,30:58,,2:39:21,,1:43:47,5:00:20
972,659,Tomas Latorre Rubio,M50-54,43,Open,Spain,37:36,,2:40:52,,1:34:28,5:00:22
973,2194,Alonso De Melo Feitosa Filho,M30-34,209,Open,Brazil,34:33,,2:42:21,,1:34:58,5:00:22
974,2544,Francois-Xavier Dosne,M25-29,141,Open,France,35:19,,2:40:39,,1:38:29,5:00:22
975,1369,Gracjan Topczewski,M40-44,172,Open,Poland,35:35,,2:36:28,,1:42:00,5:00:24
976,730,Doug ROSS,M50-54,44,Open,United States,34:15,,2:37:02,,1:42:32,5:00:25
977,1305,Matt Dana,M40-44,173,Open,United States,33:53,,2:35:26,,1:44:34,5:00:30
978,2396,Ryan Rudiger,M30-34,210,Open,United States,37:36,,2:30:05,,1:41:53,5:00:31
979,510,Jeffrey Warshaw,M55-59,8,Open,United States,37:35,,2:37:41,,1:36:35,5:00:31
980,2473,David Welby,M30-34,211,Open,United States,32:33,,2:36:49,,1:44:33,5:00:33
981,2760,Benjamin Deal,M18-24,64,Open,United States,30:34,,2:52:21,,1:32:12,5:00:37
982,1135,Ricky Simonsen,M45-49,86,Open,New Zealand,31:32,,2:37:21,,1:44:50,5:00:37
983,655,Jo Koster,M50-54,45,Open,Switzerland,37:14,,2:29:03,,1:47:41,5:00:38
984,1227,José María Azcárate Ayerra,M40-44,174,Open,Spain,40:16,,2:35:56,,1:37:35,5:00:38
985,2196,Gerardo Delvillar,M30-34,212,Open,Mexico,38:33,,2:41:57,,1:33:55,5:00:43
986,1128,Ralf Schön,M45-49,87,Open,Germany,30:47,,2:35:18,,1:46:47,5:00:44
987,593,Frank Weber,M50-54,46,Open,Germany,39:19,,2:35:27,,1:38:21,5:00:45
988,406,David Harding,M55-59,9,Open,Canada,33:41,,2:44:49,,1:35:51,5:00:46
989,2441,Crstiano Todaro,M30-34,213,Open,Italy,36:09,,2:37:15,,1:40:20,5:00:51
990,417,Dennis James,M55-59,10,Open,Canada,35:57,,2:37:26,,1:40:34,5:00:53
991,1446,Armel Le Floch,M40-44,175,Open,France,29:21,,2:40:43,,1:44:26,5:00:56
992,1990,James Pelton,M35-39,221,Open,United States,34:21,,2:43:17,,1:36:08,5:01:01
993,1911,Xavier Lucio,M35-39,222,Open,United States,35:11,,2:37:19,,1:41:43,5:01:03
994,430,Barry Lewis,M55-59,11,Open,United States,35:33,,2:41:31,,1:37:42,5:01:03
995,2883,Pablo Brunelli,M45-49,88,Open,Argentina,31:27,,2:36:13,,1:47:37,5:01:05
996,2698,Filippo Tirapani,M25-29,142,Open,Italy,36:08,,2:40:26,,1:38:40,5:01:05
997,1658,Robert Westman,M40-44,176,Open,Sweden,29:35,,2:42:45,,1:42:07,5:01:07
998,2310,Timothy Linn,M30-34,214,Open,United States,27:29,,2:26:47,,2:00:17,5:01:07
999,576,John Delaney,M50-54,47,Open,Australia,42:54,,2:35:58,,1:35:14,5:01:08
1000,590,Bruno Fiore,M50-54,48,Open,Monaco,34:18,,2:43:45,,1:36:49,5:01:08
1001,1979,Ryan Pacifico,M35-39,223,Open,United States,36:12,,2:36:29,,1:40:21,5:01:08
1002,2122,Max Junior Zanoni,M35-39,224,Open,Italy,34:50,,2:29:51,,1:50:09,5:01:10
1003,1256,Orazio Bonavida,M40-44,177,Open,Italy,33:04,,2:39:05,,1:41:23,5:01:14
1004,454,Timothy Oleary,M55-59,12,Open,United States,36:38,,2:37:54,,1:38:41,5:01:14
1005,1390,Timothy Hinton,M40-44,178,Open,United States,32:16,,2:44:34,,1:37:57,5:01:19
1006,915,Matthew Duke,M45-49,89,Open,United States,33:58,,2:32:43,,1:48:30,5:01:20
1007,1430,Andreas Klatzer,M40-44,179,Open,Austria,36:17,,2:40:02,,1:37:57,5:01:22
1008,970,Jason Hollander,M45-49,90,Open,United States,37:28,,2:40:21,,1:35:45,5:01:22
1009,2003,Jason Ramdeen,M35-39,225,Open,Jamaica,34:26,,2:47:34,,1:32:39,5:01:27
1010,2401,Leoncio Sanchez,M30-34,215,Open,Mexico,35:01,,2:39:47,,1:39:49,5:01:28
1011,1929,Brett Mcphedran,M35-39,226,Open,Canada,38:41,,2:44:27,,1:30:37,5:01:30
1012,1433,Jon Klingensmith,M40-44,180,Open,United States,36:17,,2:37:15,,1:39:41,5:01:30
1013,942,Todd Gilmore,M45-49,91,Open,Canada,36:09,,2:48:59,,1:29:17,5:01:30
1014,1896,Nate Littlefield,M35-39,227,Open,United States,36:08,,2:36:44,,1:41:03,5:01:31
1015,2056,Jc Smoot,M35-39,228,Open,United States,42:59,,2:35:15,,1:36:32,5:01:35
1016,2733,Cristian Ariel Aranda Ayala,M18-24,65,Open,Paraguay,40:12,,2:42:11,,1:33:25,5:01:39
1017,1139,Edward Slovenkay,M45-49,92,Open,United States,33:09,,2:40:56,,1:40:35,5:01:41
1018,892,Steve Cozine,M45-49,93,Open,United States,31:31,,2:42:09,,1:42:44,5:01:45
1019,1270,Eric Bynes,M40-44,181,Open,United States,37:43,,2:36:56,,1:39:43,5:01:48
1020,1828,Murat Guney,M35-39,229,Open,Turkey,39:58,,2:38:19,,1:36:27,5:01:53
1021,1321,Jacob Driggers,M40-44,182,Open,United States,32:44,,2:40:00,,1:42:57,5:01:53
1022,2073,Trent Taylor,M35-39,230,Open,United States,42:34,,2:43:04,,1:30:37,5:01:55
1023,1469,Maciej Komorowski,M40-44,183,Open,Poland,34:49,,2:43:24,,1:38:06,5:01:56
1024,1647,Peter Viscardo,M40-44,184,Open,United States,38:16,,2:40:28,,1:36:12,5:01:56
1025,1023,Stephan Linde,M45-49,94,Open,Germany,32:33,,2:35:14,,1:48:09,5:01:58
1026,1523,Maksim Orlov,M40-44,185,Open,Russian Federation,35:58,,2:36:33,,1:42:08,5:02:00
1027,530,Alejandro Armemdariz,M50-54,49,Open,Argentina,34:00,,2:38:31,,1:43:10,5:02:01
1028,1190,Joel Volterra,M45-49,95,Open,United States,33:34,,2:40:44,,1:40:56,5:02:03
1029,700,Oguz Omur,M50-54,50,Open,Turkey,33:23,,2:38:26,,1:43:17,5:02:10
1030,990,Kristofer Johnson,M45-49,96,Open,United States,41:39,,2:36:18,,1:36:51,5:02:11
1031,106,Michael Mendoza,M35-39,231,Open,United States,35:36,,2:31:33,,1:48:43,5:02:12
1032,1161,Zoltan Suranyi,M45-49,97,Open,United States,30:24,,2:36:44,,1:48:54,5:02:12
1033,1956,Federico Marques,M35-39,232,Open,Brazil,32:12,,2:35:34,,1:44:25,5:02:15
1034,2240,Sergio Gomez,M30-34,216,Open,Colombia,31:49,,2:41:12,,1:42:27,5:02:16
1035,410,Patrick High,M55-59,13,Open,United States,34:49,,2:42:23,,1:38:19,5:02:18
1036,499,John Tuttle,M55-59,14,Open,United States,30:26,,2:45:19,,1:40:25,5:02:21
1037,778,Uwe Moeller,M50-54,51,Open,Germany,32:59,,2:36:38,,1:46:18,5:02:23
1038,1622,Stefano Tassinari,M40-44,186,Open,Guatemala,37:53,,2:46:01,,1:32:47,5:02:24
1039,729,Eric Rosendall,M50-54,52,Open,United States,38:28,,2:33:51,,1:43:09,5:02:28
1040,1383,Walter Haslwanter,M40-44,187,Open,Austria,32:57,,2:34:04,,1:48:55,5:02:28
1041,2731,Sam Aleman,M18-24,66,Open,United States,33:47,,2:35:50,,1:47:19,5:02:29
1042,1393,Spencer Hodnett,M40-44,188,Open,United States,28:13,,2:48:11,,1:39:30,5:02:31
1043,1175,Alain Tremblay,M45-49,98,Open,Canada,34:34,,2:41:58,,1:38:09,5:02:34
1044,2368,Luke Pikett,M30-34,217,Open,United Kingdom,31:56,,2:42:31,,1:39:32,5:02:37
1045,2088,Adrian Valerin,M35-39,233,Open,Costa Rica,35:30,,2:38:29,,1:41:12,5:02:39
1046,2342,Anthony Nelson,M30-34,218,Open,United States,35:12,,2:41:08,,1:38:50,5:02:40
1047,1231,Graham Balch,M40-44,189,Open,United States,38:36,,2:37:58,,1:40:29,5:02:45
1048,920,Moises Escamilla,M45-49,99,Open,Mexico,33:40,,2:37:21,,1:45:41,5:02:47
1049,2365,Thomas Peter,M30-34,219,Open,Germany,36:21,,2:36:58,,1:42:27,5:02:50
1050,938,Brock Gibbs,M45-49,100,Open,Canada,33:13,,2:42:00,,1:39:29,5:02:54
1051,1532,John Patterson,M40-44,190,Open,United States,36:07,,2:34:59,,1:45:20,5:02:55
1052,717,Pike Reardon,M50-54,53,Open,United Kingdom,33:10,,2:43:25,,1:40:23,5:02:56
1053,1744,Francois Chavet,M35-39,234,Open,France,36:02,,2:43:38,,1:33:53,5:02:56
1054,1552,Emilio Ramirez De Arellano,M40-44,191,Open,Chile,31:37,,2:38:16,,1:46:22,5:02:56
1055,691,John Mulcahy,M50-54,54,Open,United States,32:26,,2:37:54,,1:46:50,5:02:58
1056,456,Laurent O'shea,M55-59,15,Open,United States,33:37,,2:38:41,,1:44:05,5:02:58
1057,1080,Andy Peterson,M45-49,101,Open,United States,35:07,,2:41:34,,1:40:07,5:03:01
1058,776,Chris Tye,M50-54,55,Open,United Kingdom,37:29,,2:39:23,,1:38:56,5:03:02
1059,1485,Aldo Mata,M40-44,192,Open,Mexico,32:23,,2:43:55,,1:40:18,5:03:03
1060,2375,Carlos Prats Mendez,M30-34,220,Open,Spain,31:43,,2:46:22,,1:38:43,5:03:03
1061,919,Pablo Durante,M45-49,102,Open,Argentina,31:33,,2:46:37,,1:38:20,5:03:04
1062,882,Christophe Clequin,M45-49,103,Open,France,33:25,,2:40:14,,1:42:39,5:03:07
1063,1361,Luciano Gomes,M40-44,193,Open,Brazil,36:56,,2:37:03,,1:42:07,5:03:08
1064,2078,Gary Thompson,M35-39,235,Open,United States,36:12,,2:43:25,,1:37:09,5:03:11
1065,1059,Tim Myers,M45-49,104,Open,United States,36:16,,2:41:02,,1:38:42,5:03:12
1066,2798,Dan Linkinhoker,M18-24,67,Open,United States,33:04,,2:43:42,,1:40:49,5:03:12
1067,1365,Manuel Àngel González Toledo,M40-44,194,Open,Spain,30:21,,2:44:34,,1:42:13,5:03:12
1068,2843,Javier Zamorano Sheward,M18-24,68,Open,Chile,33:18,,2:39:46,,1:43:59,5:03:16
1069,2123,Artur Zawadzki,M35-39,236,Open,Poland,35:31,,2:33:28,,1:48:28,5:03:18
1070,901,Brock Davis,M45-49,105,Open,Canada,33:33,,2:43:41,,1:39:24,5:03:18
1071,533,Scott Baldwin,M50-54,56,Open,United States,34:26,,2:39:11,,1:43:09,5:03:22
1072,2728,Gabriel Zimeri,M25-29,143,Open,Guatemala,35:17,,2:39:33,,1:42:38,5:03:22
1073,2163,Alex Brouwer,M30-34,221,Open,United States,38:20,,2:37:43,,1:40:09,5:03:24
1074,1659,Grzegorz Wieczorek,M40-44,195,Open,Poland,31:49,,2:40:57,,1:44:15,5:03:26
1075,1527,Richard Parker,M40-44,196,Open,United States,34:53,,2:41:19,,1:39:54,5:03:27
1076,1972,Rudolph Oosthuizen,M35-39,237,Open,South Africa,33:48,,2:47:21,,1:36:16,5:03:28
1077,1799,Daniel Fellner,M35-39,238,Open,Austria,36:27,,2:34:30,,1:45:23,5:03:30
1078,2541,Joseph Deluca,M25-29,144,Open,United States,32:46,,2:41:58,,1:41:29,5:03:37
1079,2048,Liam SHALDERS,M35-39,239,Open,Australia,33:21,,2:36:24,,1:48:06,5:03:41
1080,2266,Tobias Hohagen,M30-34,222,Open,Germany,38:19,,2:39:31,,1:37:34,5:03:41
1081,1352,Gonzalo Garcia,M40-44,197,Open,Ecuador,38:13,,2:39:18,,1:39:51,5:03:47
1082,1525,Ryan Otto,M40-44,198,Open,United States,29:18,,2:47:05,,1:39:31,5:03:49
1083,1397,Hugo Ariel Camargo,M40-44,199,Open,Argentina,34:58,,2:35:51,,1:47:13,5:03:50
1084,2684,George Steele,M25-29,145,Open,United Kingdom,34:46,,2:41:44,,1:41:46,5:03:51
1085,2337,Fabio Moreira,M30-34,223,Open,Brazil,32:18,,2:44:46,,1:39:02,5:03:52
1086,613,Doug Guertin,M50-54,57,Open,United States,33:59,,2:40:25,,1:42:31,5:03:58
1087,1008,Roman Krzyzanowski,M45-49,106,Open,United States,31:27,,2:38:29,,1:46:26,5:04:00
1088,291,Kevin Moats,M60-64,3,Open,United States,33:36,,2:38:35,,1:44:03,5:04:01
1089,1873,Sebastian Kouladjian,M35-39,240,Open,United States,32:51,,2:41:23,,1:44:03,5:04:01
1090,1983,Papadavid Dimokritos,M35-39,241,Open,Cyprus,34:07,,2:34:20,,1:49:08,5:04:04
1091,1914,Roberts Luksa,M35-39,242,Open,Latvia,38:27,,2:35:58,,1:44:06,5:04:05
1092,1605,Quero Stephane,M40-44,200,Open,France,35:54,,2:42:10,,1:39:44,5:04:07
1093,1808,Jeff Francis,M35-39,243,Open,United States,29:23,,2:48:37,,1:37:48,5:04:07
1094,1163,Alexandre Sybillain,M45-49,107,Open,France,36:19,,2:41:09,,1:39:39,5:04:11
1095,2689,Loic Taillefer,M25-29,146,Open,France,45:38,,2:32:07,,1:39:38,5:04:11
1096,2084,Miyabe Toshinobu,M35-39,244,Open,Japan,35:40,,2:38:49,,1:41:22,5:04:13
1097,1752,Ben Cooper,M35-39,245,Open,Australia,34:29,,2:35:50,,1:48:06,5:04:14
1098,2239,Josue Gomez,M30-34,224,Open,Costa Rica,37:58,,2:39:17,,1:40:56,5:04:16
1099,1902,Nick Logan,M35-39,246,Open,United States,32:38,,2:43:53,,1:40:40,5:04:16
1100,756,Dan Smith,M50-54,58,Open,Canada,32:17,,2:36:02,,1:49:19,5:04:18
1101,1686,Matthew Allen,M35-39,247,Open,Canada,40:15,,2:38:20,,1:39:22,5:04:20
1102,1056,Pierre Moulierac,M45-49,108,Open,France,28:47,,2:38:01,,1:51:05,5:04:20
1103,1039,Brent Martin,M45-49,109,Open,United States,36:47,,2:43:45,,1:34:31,5:04:20
1104,1623,Peter Tomany,M40-44,201,Open,Ireland,38:57,,2:39:54,,1:39:50,5:04:21
1105,1013,Arnaldo Laporte Junior,M45-49,110,Open,Brazil,34:47,,2:43:56,,1:36:19,5:04:24
1106,1431,Rudigor Kleyn,M40-44,202,Open,South Africa,34:32,,2:43:09,,1:40:06,5:04:28
1107,2613,Pablo Leiva,M25-29,147,Open,Chile,32:00,,2:48:26,,1:37:09,5:04:29
1108,1024,Mike Lockwood,M45-49,111,Open,United States,39:38,,2:36:48,,1:41:39,5:04:30
1109,1012,Craig Lanza,M45-49,112,Open,United States,28:15,,2:34:58,,1:53:22,5:04:30
1110,369,Paul Curtin,M55-59,16,Open,United States,37:49,,2:35:19,,1:44:06,5:04:37
1111,1591,Russell Simkins,M40-44,203,Open,United States,44:26,,2:45:42,,1:26:23,5:04:37
1112,1081,Andreas Petschar,M45-49,113,Open,Austria,36:35,,2:46:41,,1:33:06,5:04:38
1113,2430,Devon Stewart,M30-34,225,Open,United States,34:29,,2:43:24,,1:37:57,5:04:40
1114,1071,Hideki Ota,M45-49,114,Open,Japan,33:58,,2:42:39,,1:39:20,5:04:41
1115,1696,Andrew Atkins,M35-39,248,Open,United States,34:55,,2:41:42,,1:40:09,5:04:41
1116,1624,Jason Tootell,M40-44,204,Open,United States,32:11,,2:51:50,,1:32:22,5:04:46
1117,1448,Yacceri Leal,M40-44,205,Open,United States,28:34,,2:40:45,,1:48:30,5:04:46
1118,2302,Daniel Lerma,M30-34,226,Open,United States,33:18,,2:41:48,,1:44:10,5:04:48
1119,1478,Dan Markowitz,M40-44,206,Open,United States,36:03,,2:43:33,,1:37:15,5:04:49
1120,1222,Jorge Alpizar,M40-44,207,Open,Costa Rica,50:23,,2:36:17,,1:31:52,5:04:49
1121,1875,Samuel Kristensen,M35-39,249,Open,United States,34:41,,2:38:39,,1:45:09,5:04:49
1122,2233,Rodrigo Gabriel,M30-34,227,Open,Guatemala,34:04,,2:35:02,,1:49:02,5:04:50
1123,1906,Carlos López Martínez,M35-39,250,Open,Mexico,36:36,,2:39:52,,1:41:20,5:04:50
1124,434,Daniel Machek,M55-59,17,Open,Czechia,29:05,,2:41:08,,1:47:00,5:04:51
1125,2437,Yasuo Takatera,M30-34,228,Open,Japan,33:04,,2:43:58,,1:41:26,5:04:51
1126,1962,Margus Nael,M35-39,251,Open,Estonia,34:58,,2:35:56,,1:47:27,5:04:55
1127,1874,Esteban Krainz,M35-39,252,Open,Chile,33:30,,2:40:38,,1:44:17,5:04:55
1128,252,Joachim Doeding,M60-64,4,Open,Brazil,35:56,,2:40:47,,1:40:57,5:04:59
1129,1194,Rick Weslock,M45-49,115,Open,United States,40:50,,2:32:21,,1:45:11,5:05:02
1130,1563,Mauricio Rodriguez Estrada,M40-44,208,Open,Ecuador,38:34,,2:43:50,,1:36:47,5:05:04
1131,2829,Jeremie Showa,M18-24,69,Open,United States,,,2:41:04,,1:48:40,5:05:05
1132,263,Ron Gierut,M60-64,5,Open,United States,35:31,,2:44:11,,1:38:37,5:05:09
1133,275,John Hill,M60-64,6,Open,Australia,35:01,,2:46:13,,1:36:58,5:05:09
1134,1191,Michael Brett Wallis,M45-49,116,Open,United States,36:49,,2:44:37,,1:37:08,5:05:09
1135,1688,Mikael Amura,M35-39,253,Open,Italy,34:58,,2:41:09,,1:41:19,5:05:10
1136,830,Maximiliano Batelli,M45-49,117,Open,Argentina,34:58,,2:41:40,,1:41:43,5:05:12
1137,1040,Chris Martin,M45-49,118,Open,United States,34:34,,2:41:57,,1:41:57,5:05:14
1138,1325,Michael Dwyer,M40-44,209,Open,United States,41:35,,2:38:53,,1:37:44,5:05:15
1139,1611,Martin Student,M40-44,210,Open,Czechia,33:28,,2:48:31,,1:36:59,5:05:16
1140,1188,Vinny Veness,M45-49,119,Open,United Kingdom,32:04,,2:38:38,,1:45:10,5:05:17
1141,1909,Josh Loveless,M35-39,254,Open,Canada,32:35,,2:40:55,,1:44:26,5:05:18
1142,785,Ted Westerheide,M50-54,59,Open,United States,39:23,,2:36:06,,1:43:07,5:05:21
1143,1289,Matias Ciccimarra,M40-44,211,Open,Argentina,31:19,,2:50:42,,1:37:21,5:05:22
1144,1693,Hugo Arredondo,M35-39,255,Open,Mexico,38:23,,2:39:18,,1:39:51,5:05:24
1145,2250,Daniel Haley,M30-34,229,Open,United States,33:35,,2:37:04,,1:49:46,5:05:27
1146,706,Francesco Palermo,M50-54,60,Open,Italy,38:43,,2:42:09,,1:37:31,5:05:27
1147,949,Steve Gray,M45-49,120,Open,Australia,31:44,,2:39:51,,1:47:20,5:05:28
1148,721,Jorge Reynal,M50-54,61,Open,Argentina,33:25,,2:43:39,,1:41:41,5:05:31
1149,921,Christian Faesi,M45-49,121,Open,Mexico,31:07,,2:46:09,,1:41:20,5:05:33
1150,1292,Juan Colin,M40-44,212,Open,Mexico,36:27,,2:47:13,,1:33:29,5:05:35
1151,2596,Derek Juno,M25-29,148,Open,Canada,36:13,,2:47:25,,1:36:48,5:05:36
1152,2474,Brian Welch,M30-34,230,Open,United States,34:34,,2:46:17,,1:38:41,5:05:43
1153,1204,Paul Worrol,M45-49,122,Open,Australia,31:07,,2:44:07,,1:43:40,5:05:46
1154,714,John Potter,M50-54,62,Open,United States,36:32,,2:37:28,,1:46:09,5:05:47
1155,975,Mark Hummel,M45-49,123,Open,Germany,36:11,,2:31:27,,1:50:28,5:05:50
1156,2764,Adam Doxtator,M18-24,70,Open,Canada,33:40,,2:36:37,,1:49:16,5:05:53
1157,1255,Sitemkar Bolsoy,M40-44,213,Open,Turkey,37:12,,2:44:00,,1:37:38,5:05:54
1158,1095,Marcos Reyes Arciga,M45-49,124,Open,Mexico,32:44,,2:39:42,,1:46:11,5:05:55
1159,2019,Mathieu Rioux,M35-39,256,Open,Canada,35:07,,2:46:18,,1:36:45,5:05:55
1160,2181,Chang-Yu Chu,M30-34,231,Open,Taiwan,35:58,,2:43:18,,1:40:21,5:05:59
1161,2602,Khalid Buallay,M25-29,149,Open,Bahrain,37:09,,2:38:51,,1:43:31,5:05:59
1162,889,Jean-Guy Cornu,M45-49,125,Open,France,42:31,,2:37:37,,1:38:27,5:06:00
1163,397,Steven Galat,M55-59,18,Open,United States,37:50,,2:39:46,,1:40:19,5:06:03
1164,460,Michael Passinger,M55-59,19,Open,Germany,38:25,,2:41:39,,1:40:18,5:06:03
1165,1655,Mike Wente,M40-44,214,Open,United States,35:42,,2:45:55,,1:36:34,5:06:04
1166,1294,Jean-Claude Constandse,M40-44,215,Open,Mexico,33:17,,2:36:14,,1:50:14,5:06:05
1167,1335,Ivan Eustace,M40-44,216,Open,Ireland,31:36,,2:43:04,,1:45:25,5:06:07
1168,2113,Christopher Wright,M35-39,257,Open,United Kingdom,40:14,,2:46:32,,1:33:00,5:06:08
1169,930,Allan Fowler,M45-49,126,Open,Canada,33:56,,2:36:54,,1:47:20,5:06:09
1170,527,Marcos da Silveira,M50-54,63,Open,Brazil,34:09,,2:50:33,,1:35:01,5:06:11
1171,1341,Hendrik Fiedler,M40-44,217,Open,Germany,27:46,,2:49:44,,1:43:12,5:06:14
1172,928,Dan Foehner,M45-49,127,Open,United States,37:20,,2:36:29,,1:46:35,5:06:17
1173,2170,Junyu Cao,M30-34,232,Open,China,35:27,,2:47:38,,1:35:33,5:06:18
1174,1247,Carlos Belarra Arenas,M40-44,218,Open,Argentina,30:29,,2:41:35,,1:45:06,5:06:20
1175,1646,Anthony Vince,M40-44,219,Open,United Kingdom,37:26,,2:41:19,,1:41:28,5:06:20
1176,2795,Karl Greyson Le,M18-24,71,Open,Philippines,36:27,,2:41:38,,1:42:26,5:06:21
1177,1536,Nico Pflüger,M40-44,220,Open,Germany,35:35,,2:37:20,,1:46:11,5:06:22
1178,571,David Cronwall,M50-54,64,Open,United States,36:21,,2:39:21,,1:43:44,5:06:22
1179,1804,Edgar Fonseca Najera,M35-39,258,Open,Mexico,30:34,,2:44:15,,1:45:22,5:06:23
1180,1813,Luis Gallardo,M35-39,259,Open,Venezuela,33:36,,2:52:09,,1:34:54,5:06:28
1181,761,David Steiner,M50-54,65,Open,United States,30:42,,2:37:50,,1:50:38,5:06:29
1182,608,Benhur Gomez Perez,M50-54,66,Open,Colombia,38:25,,2:31:14,,1:47:46,5:06:30
1183,2709,Sergio Viganò,M25-29,150,Open,Italy,35:16,,2:41:17,,1:42:46,5:06:35
1184,2797,Kevin Levi-Goerlich,M18-24,72,Open,United States,40:27,,2:38:02,,1:42:55,5:06:35
1185,2046,Diego Alejandro Serrano Gonzalez,M35-39,260,Open,Mexico,38:42,,2:44:49,,1:36:00,5:06:36
1186,1487,Gian Marco Mazzocchi,M40-44,221,Open,Italy,32:14,,2:50:08,,1:37:44,5:06:38
1187,2034,Kevin Sauer,M35-39,261,Open,United States,35:55,,2:45:00,,1:37:36,5:06:42
1188,800,Ralph Friedrich Ziegelmeier,M50-54,67,Open,Germany,35:39,,2:35:50,,1:45:47,5:06:44
1189,1606,Adam Stolzberg,M40-44,222,Open,United States,39:02,,2:47:07,,1:34:34,5:06:45
1190,2045,Rodrigo Semprebom,M35-39,262,Open,Brazil,40:28,,2:34:00,,1:45:05,5:06:51
1191,728,David Romaniuk,M50-54,68,Open,Canada,35:19,,2:42:31,,1:40:04,5:06:56
1192,1966,Ben Nortier,M35-39,263,Open,South Africa,40:32,,2:34:29,,1:44:28,5:06:57
1193,1473,Osvaldo Maximiliano Malvezzi Martinez,M40-44,223,Open,Argentina,35:58,,2:51:34,,1:32:17,5:06:57
1194,2429,Timothy Stephens,M30-34,233,Open,United Kingdom,40:35,,2:44:22,,1:35:07,5:06:59
1195,2082,Ryan Toner,M35-39,264,Open,United States,28:30,,2:44:18,,1:45:39,5:07:02
1196,2218,Mike Fecik,M30-34,234,Open,United States,35:05,,2:43:02,,1:42:40,5:07:04
1197,1634,Adrian Valdivieso,M40-44,224,Open,United States,36:12,,2:46:03,,1:37:04,5:07:04
1198,1237,Eduardo Barros Mariutti,M40-44,225,Open,Brazil,31:44,,2:40:21,,1:47:31,5:07:05
1199,2830,Tyler Simmons,M18-24,73,Open,United States,33:44,,2:46:35,,1:40:56,5:07:06
1200,1933,Edgar Melgar,M35-39,265,Open,Guatemala,38:07,,2:39:41,,1:41:54,5:07:10
1201,1996,John Pierz,M35-39,266,Open,United States,37:06,,2:41:50,,1:41:02,5:07:11
1202,1805,Tony Forinash,M35-39,267,Open,United States,35:58,,2:44:47,,1:37:16,5:07:15
1203,1384,Simon Hatlee,M40-44,226,Open,Australia,29:45,,2:43:02,,1:48:10,5:07:15
1204,1864,Jun Kanazawa,M35-39,268,Open,Japan,39:59,,2:38:14,,1:42:07,5:07:15
1205,862,Scott Callahan,M45-49,128,Open,United States,33:15,,2:46:15,,1:40:26,5:07:17
1206,1498,Michael Monsieur,M40-44,227,Open,Belgium,40:00,,2:48:30,,1:32:20,5:07:18
1207,1481,David Marrel,M40-44,228,Open,Switzerland,33:45,,2:39:35,,1:46:59,5:07:23
1208,381,Gokhan Dogruol,M55-59,20,Open,Turkey,34:34,,2:46:06,,1:40:38,5:07:24
1209,845,Maximilian Borges,M45-49,129,Open,Brazil,36:09,,2:43:03,,1:39:12,5:07:25
1210,1590,Ed Shifflett,M40-44,229,Open,United States,33:49,,2:39:10,,1:45:57,5:07:29
1211,2525,Diego Ching,M25-29,151,Open,Costa Rica,37:04,,2:42:10,,1:41:57,5:07:30
1212,789,Paul White,M50-54,69,Open,Canada,37:17,,2:41:32,,1:41:36,5:07:32
1213,1580,LUCAS SARMIENTO,M40-44,230,Open,Argentina,35:25,,2:48:06,,1:37:24,5:07:32
1214,1168,Trevor Taylor,M45-49,130,Open,United States,31:52,,2:43:33,,1:44:52,5:07:35
1215,2718,tyler wirch,M25-29,152,Open,Canada,33:43,,2:39:04,,1:48:54,5:07:36
1216,1134,John Sillery,M45-49,131,Open,United States,34:47,,2:56:01,,1:32:03,5:07:38
1217,615,Gunter Tim Stecher,M50-54,70,Open,Germany,,,2:40:16,,1:47:09,5:07:38
1218,2380,Tom Ralph,M30-34,235,Open,United Kingdom,33:29,,2:36:40,,1:49:37,5:07:45
1219,2626,Marcos Gauna,M25-29,153,Open,Argentina,35:01,,2:45:49,,1:40:50,5:07:47
1220,2697,Jonathan Tindall,M25-29,154,Open,Australia,38:12,,2:38:40,,1:45:40,5:07:51
1221,1870,Daniel Kirby,M35-39,269,Open,United States,38:58,,2:41:18,,1:41:01,5:07:54
1222,886,Glenn Cook,M45-49,132,Open,United States,32:30,,2:35:23,,1:53:45,5:07:56
1223,764,Mark Swanlund,M50-54,71,Open,United States,32:18,,2:51:09,,1:36:31,5:08:03
1224,1663,Harold Wilson,M40-44,231,Open,United States,30:17,,2:36:30,,1:55:13,5:08:06
1225,597,Pierre Garneau,M50-54,72,Open,Canada,36:40,,2:36:53,,1:43:27,5:08:06
1226,630,Bruce Holmes,M50-54,73,Open,United States,35:14,,2:47:15,,1:39:33,5:08:07
1227,2802,Luke Love,M18-24,74,Open,Canada,35:39,,2:42:45,,1:43:37,5:08:09
1228,981,Rick Jaime,M45-49,133,Open,United States,34:57,,2:46:04,,1:40:52,5:08:10
1229,1994,Nicolas Philippe,M35-39,270,Open,France,35:10,,2:45:02,,1:40:48,5:08:11
1230,1518,Timothy O'Donnell,M40-44,232,Open,South Africa,34:38,,2:38:37,,1:46:36,5:08:15
1231,1882,David Lamarca,M35-39,271,Open,Argentina,33:07,,2:36:13,,1:53:13,5:08:17
1232,834,Jose Beltran,M45-49,134,Open,Mexico,34:50,,2:32:32,,1:55:10,5:08:20
1233,2131,Abdulla Allqeti,M30-34,236,Open,United Arab Emirates,34:27,,2:45:02,,1:42:17,5:08:21
1234,345,Pj Arling,M55-59,21,Open,United States,31:50,,2:37:03,,1:50:49,5:08:23
1235,2095,Umit Vatansever,M35-39,272,Open,Turkey,32:54,,2:37:13,,1:51:50,5:08:24
1236,1085,Mauro Platter,M45-49,135,Open,Italy,35:23,,2:42:43,,1:43:33,5:08:27
1237,522,Mark Adams,M50-54,74,Open,United Kingdom,38:57,,2:42:42,,1:39:24,5:08:31
1238,672,Tim Lychy,M50-54,75,Open,Canada,37:09,,2:40:41,,1:42:52,5:08:33
1239,2072,David Tatum,M35-39,273,Open,United States,30:54,,2:42:02,,1:47:56,5:08:38
1240,584,Geordie Edmiston,M50-54,76,Open,United States,34:30,,2:45:24,,1:41:28,5:08:40
1241,818,Charles Ashwanden,M45-49,136,Open,United Kingdom,36:22,,2:29:55,,1:55:26,5:08:42
1242,2369,Alfredo Pineda,M30-34,237,Open,Mexico,40:19,,2:45:50,,1:35:56,5:08:45
1243,1630,Adrian Trotter,M40-44,233,Open,Australia,36:13,,2:47:38,,1:38:18,5:08:49
1244,1561,Luiz Rodrigues Lopes,M40-44,234,Open,Brazil,35:04,,2:49:42,,1:38:06,5:08:50
1245,739,Bob Schaller,M50-54,77,Open,United States,36:49,,2:45:33,,1:37:47,5:08:52
1246,1785,Carlos Dose,M35-39,274,Open,Paraguay,31:04,,2:37:44,,1:51:46,5:08:52
1247,1375,Brad Hale,M40-44,235,Open,Canada,38:36,,2:41:55,,1:39:42,5:08:54
1248,2531,Tom Corrigan,M25-29,155,Open,United States,35:17,,2:43:15,,1:43:10,5:08:55
1249,1774,Christian Del Valle,M35-39,275,Open,Mexico,37:03,,2:51:14,,1:33:58,5:09:00
1250,2321,Bruno Marcotte,M30-34,238,Open,Canada,35:19,,2:46:49,,1:39:55,5:09:02
1251,2679,Matthew Smith,M25-29,156,Open,United Kingdom,31:57,,2:42:09,,1:48:46,5:09:02
1252,1707,Jeremy Bebiak,M35-39,276,Open,United States,35:24,,2:48:06,,1:38:50,5:09:11
1253,746,Thomas Seltmann,M50-54,78,Open,Germany,33:18,,2:39:09,,1:48:16,5:09:13
1254,614,Sergio Fernando Guillen Gamas,M50-54,79,Open,Guatemala,31:53,,2:46:29,,1:44:01,5:09:16
1255,1111,Diego Rua,M45-49,137,Open,Argentina,36:38,,2:42:32,,1:43:11,5:09:17
1256,1436,Bryan Krabbe,M40-44,236,Open,United States,32:36,,2:43:29,,1:45:24,5:09:17
1257,1703,Erick Barquero,M35-39,277,Open,Costa Rica,37:37,,2:41:53,,1:41:56,5:09:20
1258,638,Brage Johannessen,M50-54,80,Open,Norway,32:02,,2:43:19,,1:46:34,5:09:22
1259,2727,Michal Zielinski,M25-29,157,Open,Poland,35:39,,2:42:08,,1:45:17,5:09:24
1260,1130,Sebastian Sucari,M45-49,138,Open,Argentina,32:07,,2:46:23,,1:44:33,5:09:27
1261,779,Daniel Van Der Weide,M50-54,81,Open,United States,38:16,,2:30:10,,1:52:06,5:09:29
1262,752,Warwick Sinclair,M50-54,82,Open,Australia,33:43,,2:48:20,,1:40:53,5:09:33
1263,1345,Christian Fontanive,M40-44,237,Open,Switzerland,44:06,,2:34:50,,1:44:49,5:09:37
1264,531,Andres Aruani,M50-54,83,Open,Argentina,34:07,,2:41:48,,1:46:28,5:09:37
1265,1229,André Bachmann,M40-44,238,Open,Switzerland,39:08,,2:26:59,,1:55:08,5:09:38
1266,899,Emmanuel Darne,M45-49,139,Open,France,36:09,,2:41:44,,1:43:51,5:09:41
1267,1420,Ivars Kassalis,M40-44,239,Open,Latvia,34:06,,2:47:07,,1:40:49,5:09:42
1268,2007,Rainer Ratajczak,M35-39,278,Open,Germany,38:47,,2:39:38,,1:44:54,5:09:44
1269,676,Alberto Marinoni,M50-54,84,Open,Paraguay,38:09,,2:41:58,,1:42:44,5:09:44
1270,1904,Elio Loor,M35-39,279,Open,Ecuador,36:56,,2:48:37,,1:37:22,5:09:45
1271,2639,Eric Neguelouart,M25-29,158,Open,Mexico,30:46,,2:44:00,,1:48:25,5:09:46
1272,1314,Ladi Demko,M40-44,240,Open,United States,36:46,,2:39:13,,1:45:27,5:09:47
1273,2029,Dominik Rudecki,M35-39,280,Open,Canada,36:06,,2:38:41,,1:46:58,5:09:51
1274,724,Jan Roeder,M50-54,85,Open,Germany,41:04,,2:34:59,,1:46:04,5:09:53
1275,1976,Flavio Orozco,M35-39,281,Open,Mexico,42:14,,2:47:38,,1:34:04,5:09:54
1276,1461,Randall Lomax,M40-44,241,Open,United States,37:05,,2:39:22,,1:45:12,5:09:57
1277,2119,Julio Z Cruz,M35-39,282,Open,Mexico,33:52,,2:44:53,,1:44:11,5:09:58
1278,2124,Frank Ziewers,M35-39,283,Open,Germany,37:15,,2:36:12,,1:48:40,5:10:00
1279,1226,Carlos Aya,M40-44,242,Open,Colombia,40:08,,2:39:08,,1:44:30,5:10:03
1280,751,Keith Simmons,M50-54,86,Open,United States,39:05,,2:45:00,,1:38:37,5:10:03
1281,1583,Todd Scheidt,M40-44,243,Open,Canada,36:43,,2:49:48,,1:37:03,5:10:04
1282,492,Roberto Tambini,M55-59,22,Open,Switzerland,38:43,,2:41:39,,1:41:54,5:10:06
1283,2022,Andrew Robertson,M35-39,284,Open,Australia,35:57,,2:45:35,,1:40:38,5:10:09
1284,2223,Jose R. Fierro,M30-34,239,Open,Mexico,39:11,,2:48:33,,1:36:08,5:10:15
1285,1187,Pablo Vazquez,M45-49,140,Open,Mexico,30:55,,2:45:59,,1:46:10,5:10:17
1286,1858,Andy Jones,M35-39,285,Open,United States,41:24,,2:45:39,,1:36:31,5:10:17
1287,505,Greg Vitnell,M55-59,23,Open,Australia,37:03,,2:47:07,,1:39:44,5:10:18
1288,1311,Michael Decarli,M40-44,244,Open,United States,34:52,,2:44:12,,1:42:46,5:10:24
1289,2675,Phillip Seys,M25-29,159,Open,New Zealand,33:27,,2:45:35,,1:44:07,5:10:26
1290,2253,Mohamed Hamada,M30-34,240,Open,Egypt,30:49,,2:46:46,,1:46:06,5:10:26
1291,1389,Mark Himelfarb,M40-44,245,Open,United States,33:04,,2:42:09,,1:46:24,5:10:30
1292,2494,Armando Alcalá Barroso,M25-29,160,Open,Mexico,34:35,,2:44:29,,1:45:17,5:10:32
1293,2785,Evan Ipsen,M18-24,75,Open,Australia,34:25,,2:46:30,,1:43:15,5:10:36
1294,455,Vincent Ortiz,M55-59,24,Open,United States,40:15,,2:42:20,,1:39:41,5:10:38
1295,2306,Liao Ling,M30-34,241,Open,China,39:15,,2:46:36,,1:38:13,5:10:39
1296,1617,Mike Synowiec,M40-44,246,Open,United States,39:13,,2:45:28,,1:38:58,5:10:41
1297,2777,Dan Gampon,M18-24,76,Open,United States,34:08,,2:47:43,,1:41:36,5:10:41
1298,1925,Ryan Mcenhill,M35-39,286,Open,United States,33:42,,2:37:33,,1:52:59,5:10:44
1299,352,Jeff Block,M55-59,25,Open,United States,34:57,,2:44:24,,1:44:09,5:10:45
1300,737,Jeff Sankoff,M50-54,87,Open,Canada,37:45,,2:36:41,,1:49:16,5:10:47
1301,1014,Peter Laskowski,M45-49,141,Open,United States,36:04,,2:46:27,,1:41:56,5:10:53
1302,603,Duke Gilkey,M50-54,88,Open,United States,38:39,,2:34:23,,1:49:46,5:10:54
1303,835,Ariel Bender,M45-49,142,Open,Argentina,36:26,,2:43:08,,1:44:05,5:10:56
1304,2006,Todd Ransonet,M35-39,287,Open,United States,41:54,,2:37:28,,1:44:02,5:11:00
1305,1549,Adam Proud,M40-44,247,Open,United Kingdom,35:57,,2:43:29,,1:44:33,5:11:02
1306,2268,John Hubball,M30-34,242,Open,United States,40:59,,2:46:15,,1:37:31,5:11:03
1307,368,Troy Cundari,M55-59,26,Open,United States,37:13,,2:42:42,,1:43:53,5:11:04
1308,1814,Andres Fernandez G,M35-39,288,Open,Costa Rica,41:28,,2:37:46,,1:44:52,5:11:04
1309,792,John Wilson,M50-54,89,Open,United States,35:30,,2:43:10,,1:43:26,5:11:05
1310,1032,Todd Malcolm,M45-49,143,Open,Canada,33:10,,2:46:22,,1:43:41,5:11:07
1311,405,Frank Green,M55-59,27,Open,United States,35:32,,2:46:50,,1:40:06,5:11:08
1312,2373,Carlos Poggi,M30-34,243,Open,Ecuador,34:12,,2:43:36,,1:45:42,5:11:09
1313,1954,John Morton,M35-39,289,Open,Australia,40:48,,2:42:33,,1:40:36,5:11:12
1314,2043,Jalal Sefraoui,M35-39,290,Open,Morocco,37:43,,2:42:20,,1:43:46,5:11:13
1315,715,Alexander Pringle,M50-54,90,Open,United States,33:53,,2:42:40,,1:47:49,5:11:15
1316,2357,Scott Owens,M30-34,244,Open,Australia,35:18,,2:50:19,,1:38:48,5:11:15
1317,839,Sylvain Bergeron,M45-49,144,Open,Canada,37:30,,2:46:40,,1:40:23,5:11:17
1318,1178,Michael Turch,M45-49,145,Open,United States,40:36,,2:41:40,,1:41:12,5:11:18
1319,602,Chris Gibbons,M50-54,91,Open,Australia,33:34,,2:43:46,,1:47:15,5:11:24
1320,1587,Kai Schroeder,M40-44,248,Open,Germany,36:16,,2:44:26,,1:44:07,5:11:28
1321,1494,Jason Milesko,M40-44,249,Open,United States,33:14,,2:43:12,,1:46:02,5:11:31
1322,2810,Corey Nygaard,M18-24,77,Open,United States,33:10,,2:39:51,,1:51:38,5:11:34
1323,1459,Michael Lish,M40-44,250,Open,United States,31:20,,2:50:21,,1:41:53,5:11:35
1324,1344,Robert Flanigan,M40-44,251,Open,United States,37:03,,2:43:16,,1:44:01,5:11:36
1325,2146,Russell Baughman,M30-34,245,Open,United States,32:50,,2:39:24,,1:52:47,5:11:38
1326,762,Mike Stolze,M50-54,92,Open,Germany,37:58,,2:44:26,,1:42:22,5:11:39
1327,842,Dale Blackburn,M45-49,146,Open,Australia,31:36,,2:34:41,,1:57:21,5:11:39
1328,849,Juergen Braehler,M45-49,147,Open,Germany,39:33,,2:48:31,,1:36:53,5:11:42
1329,1101,Laurent Romano,M45-49,148,Open,France,39:41,,2:35:21,,1:49:52,5:11:47
1330,599,Geert Byttebier,M50-54,93,Open,Belgium,35:59,,2:43:03,,1:44:49,5:11:48
1331,2540,Robert Delean,M25-29,161,Open,United States,31:19,,2:42:52,,1:50:32,5:11:48
1332,2749,Yi Heng Chew,M18-24,78,Open,Singapore,38:20,,2:41:23,,1:46:21,5:11:49
1333,2419,Simone Ferraro,M30-34,246,Open,Italy,29:51,,2:43:05,,1:52:19,5:11:50
1334,1152,RICHARD ST JOHN,M45-49,149,Open,United States,35:06,,2:42:26,,1:47:35,5:11:50
1335,1298,Damian Cortelezzi,M40-44,252,Open,Argentina,35:29,,2:47:12,,1:41:35,5:11:51
1336,551,John Cantelberg,M50-54,94,Open,Netherlands,39:59,,2:48:48,,1:34:21,5:11:53
1337,2291,Sergio Lacruz,M30-34,247,Open,Panama,29:42,,2:50:55,,1:43:20,5:11:56
1338,2759,Carlos Nunes Ferreira,M18-24,79,Open,Brazil,35:13,,2:45:46,,1:42:54,5:11:59
1339,429,Peter Lautenslager,M55-59,28,Open,United States,37:34,,2:44:15,,1:43:23,5:12:03
1340,883,Ken Collins,M45-49,150,Open,United States,32:10,,2:40:24,,1:52:21,5:12:04
1341,574,Andrew Danford,M50-54,95,Open,United States,44:29,,2:36:55,,1:44:26,5:12:07
1342,723,Benoit Robert,M50-54,96,Open,Canada,31:59,,2:40:30,,1:53:16,5:12:07
1343,2108,Johan Westling,M35-39,291,Open,Sweden,33:50,,2:47:07,,1:43:10,5:12:09
1344,2832,Joseph Sullens,M18-24,80,Open,United States,32:10,,2:33:23,,1:58:33,5:12:10
1345,1409,Juris Jansons,M40-44,253,Open,Latvia,38:44,,2:43:43,,1:43:18,5:12:10
1346,449,Paul Nixon,M55-59,29,Open,Australia,36:18,,2:45:46,,1:41:35,5:12:13
1347,804,Peter Acs,M45-49,151,Open,Hungary,28:14,,3:02:50,,1:34:07,5:12:18
1348,1424,Matt Kerley,M40-44,254,Open,United States,35:27,,2:35:50,,1:54:25,5:12:19
1349,961,Kurt Hattas,M45-49,152,Open,Belgium,35:05,,2:44:41,,1:44:04,5:12:21
1350,1103,Romero Migue,M45-49,153,Open,Argentina,35:39,,2:42:37,,1:48:05,5:12:21
1351,407,Johnny Harrison,M55-59,30,Open,United States,37:03,,2:39:49,,1:49:33,5:12:22
1352,711,Cyrille Perez,M50-54,97,Open,France,35:56,,2:35:36,,1:53:59,5:12:23
1353,2049,Ivan Sheridan,M35-39,292,Open,Ireland,35:43,,2:38:54,,1:51:11,5:12:23
1354,1912,Marco Luegge,M35-39,293,Open,Germany,32:47,,2:47:14,,1:45:37,5:12:23
1355,819,Chris Auth,M45-49,154,Open,United States,37:51,,2:43:37,,1:43:57,5:12:24
1356,685,Todd Mitchell,M50-54,98,Open,United States,36:01,,2:43:27,,1:44:04,5:12:25
1357,866,Chris Carter,M45-49,155,Open,United Kingdom,32:58,,2:46:09,,1:46:48,5:12:26
1358,2409,Steve Schnell,M30-34,248,Open,United States,35:52,,2:41:51,,1:47:09,5:12:26
1359,745,Travis Self,M50-54,99,Open,United States,37:04,,2:40:56,,1:47:02,5:12:30
1360,610,Stephen Green,M50-54,100,Open,United Kingdom,39:49,,2:31:34,,1:55:04,5:12:34
1361,402,Kurt Gogolin,M55-59,31,Open,United States,41:19,,2:45:56,,1:39:08,5:12:37
1362,801,Greg Zwack,M50-54,101,Open,United States,30:46,,2:37:22,,1:54:52,5:12:39
1363,1411,Bradley Johnson,M40-44,255,Open,United States,32:44,,2:48:25,,1:45:02,5:12:43
1364,646,Marcus Jores,M50-54,102,Open,Germany,34:22,,2:35:23,,1:54:23,5:12:46
1365,1526,Alexey Panfilov,M40-44,256,Open,Russian Federation,37:20,,2:45:35,,1:41:47,5:12:46
1366,1124,Stephane Sauve,M45-49,156,Open,France,35:04,,2:38:14,,1:51:19,5:12:50
1367,1230,Anthony Baker,M40-44,257,Open,United Kingdom,30:10,,2:47:33,,1:47:25,5:12:51
1368,846,Ulrich Bous,M45-49,157,Open,Germany,43:37,,2:39:49,,1:41:58,5:12:55
1369,769,Dean Tilman,M50-54,103,Open,United States,36:43,,2:39:45,,1:48:49,5:12:57
1370,1196,Greg White,M45-49,158,Open,United States,41:06,,2:34:15,,1:49:11,5:13:04
1371,2185,Jonathon Considine,M30-34,249,Open,Australia,36:36,,2:29:57,,2:00:34,5:13:08
1372,2753,Garrett Cole,M18-24,81,Open,United States,36:14,,2:50:34,,1:39:49,5:13:08
1373,1028,Jose Loyola,M45-49,159,Open,Mexico,30:56,,2:44:34,,1:49:53,5:13:12
1374,2852,Michael Southworth,M45-49,160,Open,United States,37:13,,2:37:44,,1:50:58,5:13:13
1375,1594,Mark Sissons,M40-44,258,Open,New Zealand,34:00,,2:41:23,,1:51:00,5:13:20
1376,1429,Colin Kiviaho,M40-44,259,Open,Canada,38:19,,2:45:26,,1:41:10,5:13:21
1377,1133,Kelvin Shortte,M45-49,161,Open,Australia,32:16,,2:43:46,,1:48:51,5:13:21
1378,1582,Frederic Savoie,M40-44,260,Open,Canada,33:04,,2:45:17,,1:48:10,5:13:22
1379,1682,Özgür Aksaman,M35-39,294,Open,Turkey,34:49,,2:47:26,,1:44:43,5:13:23
1380,2314,Guillermo Loor,M30-34,250,Open,Ecuador,37:43,,2:44:34,,1:44:13,5:13:24
1381,292,Tom Monica,M60-64,7,Open,United States,30:15,,2:50:03,,1:44:54,5:13:26
1382,1102,Paolo Romano,M45-49,162,Open,Italy,36:13,,2:36:52,,1:53:00,5:13:26
1383,627,Brendan Hemp,M50-54,104,Open,United States,37:20,,2:43:09,,1:45:04,5:13:27
1384,2514,Marcos Borges Pintado,M25-29,162,Open,Spain,40:42,,2:40:14,,1:46:57,5:13:39
1385,2190,Augusto Daglio,M30-34,251,Open,Mexico,28:28,,2:47:33,,1:51:27,5:13:40
1386,2402,Andres Sarmiento,M30-34,252,Open,Colombia,32:10,,3:05:28,,1:30:31,5:13:41
1387,1833,Ian Henry,M35-39,295,Open,Ireland,36:44,,2:44:17,,1:44:13,5:13:45
1388,912,Mike Drury,M45-49,163,Open,United States,34:01,,2:49:20,,1:41:53,5:13:45
1389,1867,Neill Keaney,M35-39,296,Open,Ireland,43:50,,2:33:51,,1:49:53,5:13:46
1390,1173,Sean Torr,M45-49,164,Open,United States,32:18,,2:49:14,,1:45:51,5:13:46
1391,1043,John McCann,M45-49,165,Open,Australia,30:13,,2:50:07,,1:46:54,5:13:47
1392,1562,Ezequiel Rodriguez,M40-44,261,Open,Dominican Republic,34:19,,2:41:24,,1:51:21,5:13:48
1393,985,Jed Jesse,M45-49,166,Open,United States,32:06,,2:50:14,,1:45:03,5:13:56
1394,361,Larkin Carter,M55-59,32,Open,United States,40:21,,2:43:56,,1:42:57,5:13:57
1395,1399,Mario Huyo,M40-44,262,Open,Colombia,37:03,,2:43:40,,1:44:58,5:13:57
1396,749,Richard Siegler,M50-54,105,Open,United States,29:29,,2:51:22,,1:45:30,5:13:59
1397,826,Zach Barber,M45-49,167,Open,United States,34:45,,2:44:15,,1:46:04,5:14:02
1398,2628,German Alexis Marmol,M25-29,163,Open,Ecuador,29:11,,2:40:49,,1:57:02,5:14:03
1399,1495,Ming Chi Tsai,M40-44,263,Open,Taiwan,40:11,,2:44:35,,1:44:01,5:14:04
1400,2509,Philip Billikopf,M25-29,164,Open,Chile,38:30,,2:41:05,,1:47:03,5:14:05
1401,1553,Pat Ramos,M40-44,264,Open,Argentina,36:08,,2:52:15,,1:35:54,5:14:08
1402,1041,Chris Martin,M45-49,168,Open,Germany,39:15,,2:44:44,,1:42:42,5:14:10
1403,391,Mark Ford,M55-59,33,Open,United States,33:50,,2:48:53,,1:42:45,5:14:10
1404,738,Tom Scanlon,M50-54,106,Open,United States,42:15,,2:38:03,,1:44:39,5:14:12
1405,1568,Andrew Rose,M40-44,265,Open,United States,38:15,,2:50:24,,1:36:04,5:14:23
1406,1554,Jason Redenius,M40-44,266,Open,United States,33:34,,2:43:56,,1:50:16,5:14:23
1407,787,Michael Weyant,M50-54,107,Open,United States,30:10,,2:42:07,,1:54:07,5:14:26
1408,1223,Edgar Arellano,M40-44,267,Open,Mexico,37:17,,2:45:33,,1:46:10,5:14:26
1409,2011,Mark Reith,M35-39,297,Open,United States,32:39,,2:44:22,,1:48:55,5:14:27
1410,1272,Federico Calderon,M40-44,268,Open,Costa Rica,36:25,,2:49:19,,1:37:15,5:14:29
1411,684,Jonathan Minto,M50-54,108,Open,Canada,39:55,,2:50:45,,1:37:58,5:14:30
1412,1442,Olek Lakomski,M40-44,269,Open,Poland,35:54,,2:51:19,,1:40:32,5:14:36
1413,1159,Ben Stringer,M45-49,169,Open,United States,35:49,,2:52:32,,1:39:16,5:14:36
1414,863,Walter Campos,M45-49,170,Open,Argentina,36:17,,2:45:19,,1:45:42,5:14:37
1415,497,Al Torre,M55-59,34,Open,United States,37:26,,2:45:54,,1:44:03,5:14:38
1416,1614,Sung Man Kim,M40-44,270,Open,Korea,38:23,,2:44:22,,1:44:45,5:14:43
1417,565,John Clubb,M50-54,109,Open,Canada,45:18,,2:49:14,,1:33:07,5:14:44
1418,1388,Ronnie Hicks,M40-44,271,Open,United States,39:42,,2:47:17,,1:41:13,5:14:49
1419,1275,Rafael Carmona,M40-44,272,Open,Mexico,43:15,,2:48:52,,1:35:14,5:14:49
1420,909,Dan Dowding,M45-49,171,Open,United Kingdom,37:51,,2:41:26,,1:47:55,5:14:50
1421,379,Terry Devlieger,M55-59,35,Open,United States,36:18,,2:46:53,,1:45:33,5:14:53
1422,1937,Leonardo Merce,M35-39,298,Open,Argentina,34:53,,2:37:43,,1:56:07,5:14:53
1423,1910,Michael Lozano,M35-39,299,Open,France,33:12,,2:40:58,,1:53:53,5:14:58
1424,989,Francis Jodoin,M45-49,172,Open,Canada,34:19,,2:46:37,,1:48:20,5:15:04
1425,1258,Vojta Borovian,M40-44,273,Open,Czechia,37:37,,2:47:28,,1:43:56,5:15:05
1426,995,Sascha Kaschewsky,M45-49,173,Open,Germany,39:31,,2:52:25,,1:35:20,5:15:05
1427,536,Juan Fernández,M50-54,110,Open,Spain,37:55,,2:49:35,,1:40:06,5:15:13
1428,2132,Michal Ambroz,M30-34,253,Open,Poland,33:25,,2:40:41,,1:54:44,5:15:14
1429,2710,Oleksandr Vovk,M25-29,165,Open,Ukraine,35:37,,2:42:41,,1:50:46,5:15:22
1430,1504,Marco Muñoz Rosas,M40-44,274,Open,Peru,37:52,,2:42:45,,1:48:03,5:15:23
1431,2793,Graham King,M18-24,82,Open,United States,32:37,,2:52:36,,1:41:04,5:15:23
1432,554,Francisco Carvalho Junior,M50-54,111,Open,Brazil,36:09,,2:49:28,,1:41:34,5:15:25
1433,640,Peter Johansson,M50-54,112,Open,Sweden,34:05,,2:40:40,,1:53:29,5:15:26
1434,1842,Patrick Hopewell,M35-39,300,Open,United States,36:50,,2:44:08,,1:46:57,5:15:27
1435,1599,Jared Snow,M40-44,275,Open,United States,33:59,,2:45:37,,1:47:41,5:15:28
1436,2595,Timothée Jung,M25-29,166,Open,France,39:44,,2:52:37,,1:37:42,5:15:29
1437,1291,Eric Cochran,M40-44,276,Open,United States,33:52,,2:47:18,,1:45:45,5:15:29
1438,914,Carlos Dugarte,M45-49,174,Open,Venezuela,39:07,,2:46:11,,1:42:06,5:15:35
1439,753,Robert Skaggs,M50-54,113,Open,United States,29:48,,2:34:28,,2:03:39,5:15:35
1440,548,John Bursell,M50-54,114,Open,United States,35:28,,2:43:47,,1:49:00,5:15:38
1441,1447,Erwan Le Goff,M40-44,277,Open,France,32:52,,2:43:55,,1:51:23,5:15:41
1442,544,Larry Brede,M50-54,115,Open,United States,32:43,,2:41:56,,1:54:29,5:15:44
1443,526,Marcus Alexander,M50-54,116,Open,United States,47:50,,2:42:13,,1:39:27,5:15:45
1444,2271,Manuel Huerzeler,M30-34,254,Open,Switzerland,34:27,,2:41:41,,1:52:42,5:15:51
1445,625,Don Heck,M50-54,117,Open,United States,34:53,,2:45:38,,1:44:35,5:15:52
1446,1638,Alvaro Velez,M40-44,278,Open,Colombia,28:09,,2:45:01,,1:54:39,5:15:55
1447,478,Rico Romagnoli,M55-59,36,Open,Switzerland,38:29,,2:44:12,,1:45:13,5:15:55
1448,489,Marty Stiegmann,M55-59,37,Open,United States,40:42,,2:41:45,,1:45:49,5:15:55
1449,1578,Alberto Sanchez Medina,M40-44,279,Open,Mexico,31:25,,2:50:13,,1:47:05,5:16:04
1450,1441,Philippe Labouz,M40-44,280,Open,France,34:54,,2:43:26,,1:49:40,5:16:05
1451,888,Renaud Cormier,M45-49,175,Open,France,32:12,,2:34:48,,2:02:35,5:16:07
1452,1792,Keith Evans,M35-39,301,Open,United States,36:33,,2:52:48,,1:40:31,5:16:11
1453,1782,Martin Doehler,M35-39,302,Open,Germany,41:46,,2:44:43,,1:43:06,5:16:13
1454,2178,Mikael Charbonneau-Lemaire,M30-34,255,Open,Canada,34:27,,2:43:13,,1:52:04,5:16:13
1455,1265,Gabriel Brinkman,M40-44,281,Open,Mexico,33:23,,2:49:47,,1:46:07,5:16:21
1456,1108,Anthony Ross,M45-49,176,Open,United States,35:19,,2:44:06,,1:49:41,5:16:21
1457,978,Pedro Irungaray,M45-49,177,Open,Argentina,31:47,,2:47:26,,1:50:24,5:16:22
1458,1281,Luciano Focá,M40-44,282,Open,Brazil,35:38,,2:46:33,,1:47:17,5:16:23
1459,750,Philippe Signore,M50-54,118,Open,United States,34:17,,2:53:38,,1:41:10,5:16:26
1460,445,Morret Michel,M55-59,38,Open,France,35:26,,2:43:49,,1:48:19,5:16:27
1461,1052,T Miller,M45-49,178,Open,United States,40:31,,2:44:08,,1:39:56,5:16:28
1462,1353,Jeremy Geikie,M40-44,283,Open,Australia,34:52,,2:39:39,,1:55:07,5:16:32
1463,744,Martin Schwarz,M50-54,119,Open,Germany,35:47,,2:32:40,,2:00:07,5:16:36
1464,2673,Efrain Sepulveda Villarreal,M25-29,167,Open,Mexico,41:26,,2:40:41,,1:47:05,5:16:43
1465,2784,Ross Hennessy,M18-24,83,Open,United States,38:19,,2:41:36,,1:51:30,5:16:45
1466,385,Robin Doyle,M55-59,39,Open,United States,30:22,,2:48:30,,1:50:06,5:16:45
1467,1980,Bryan Palas,M35-39,303,Open,United States,35:58,,2:49:36,,1:44:42,5:16:48
1468,1162,Richard Sutter,M45-49,179,Open,United States,36:48,,2:43:03,,1:50:05,5:16:48
1469,1753,Oliver Cooper,M35-39,304,Open,United Kingdom,39:15,,2:45:18,,1:41:24,5:16:56
1470,374,Eddy De Bels,M55-59,40,Open,Belgium,37:33,,2:42:59,,1:49:51,5:16:56
1471,1327,Tyron Easterbrook,M40-44,284,Open,Australia,31:19,,2:36:12,,2:03:59,5:16:58
1472,1343,Tony Flanders,M40-44,285,Open,Australia,41:30,,2:40:17,,1:48:39,5:16:59
1473,1750,Matthew Cook,M35-39,305,Open,South Africa,32:13,,2:47:08,,1:51:16,5:17:00
1474,1158,Robert Strangia,M45-49,180,Open,United States,36:50,,2:35:52,,1:57:30,5:17:07
1475,1201,Greg Withers,M45-49,181,Open,New Zealand,37:24,,2:50:29,,1:41:16,5:17:08
1476,836,Marcel Bender,M45-49,182,Open,Germany,35:48,,2:50:07,,1:43:43,5:17:10
1477,965,Mateo Hernan Orlandini,M45-49,183,Open,Argentina,32:26,,2:45:28,,1:52:00,5:17:12
1478,2015,Jose Ricardo Ruela Rodrigues,M35-39,306,Open,Brazil,39:15,,2:51:37,,1:39:36,5:17:16
1479,1054,Jorge Montegu,M45-49,184,Open,Chile,38:52,,2:50:48,,1:40:30,5:17:17
1480,2135,Marco Arcagni,M30-34,256,Open,Italy,42:19,,2:43:58,,1:45:37,5:17:17
1481,1167,Scott Taylor,M45-49,185,Open,Canada,30:33,,2:49:43,,1:48:19,5:17:20
1482,1078,Andre Vanni,M45-49,186,Open,Brazil,30:15,,2:47:47,,1:52:30,5:17:20
1483,248,Ned Daily,M60-64,8,Open,United States,39:44,,2:47:41,,1:42:38,5:17:23
1484,1185,Guilherme Vanni,M45-49,187,Open,Brazil,30:42,,2:50:35,,1:49:23,5:17:25
1485,661,Falk Leibner,M50-54,120,Open,Germany,40:59,,2:45:17,,1:45:26,5:17:28
1486,2175,Nicolas Cauberghs,M30-34,257,Open,France,40:29,,2:45:48,,1:44:45,5:17:28
1487,2468,Hongjian Wang,M30-34,258,Open,China,41:48,,2:47:21,,1:41:21,5:17:29
1488,1359,Giulio Roman,M40-44,286,Open,Italy,34:56,,2:51:18,,1:44:40,5:17:31
1489,1079,Javier Pereira,M45-49,188,Open,Argentina,34:26,,2:39:56,,1:57:07,5:17:33
1490,2062,Trent Standen,M35-39,307,Open,Australia,33:55,,2:43:27,,1:54:15,5:17:40
1491,1711,Jean-Philippe Bélair,M35-39,308,Open,Canada,36:14,,2:44:57,,1:49:54,5:17:42
1492,918,Wes Dupont,M45-49,189,Open,United States,32:22,,2:47:52,,1:48:53,5:17:43
1493,2361,Ryan Pawliw,M30-34,259,Open,Canada,37:31,,2:49:04,,1:45:00,5:17:45
1494,2236,Daniel Garro Ruiz,M30-34,260,Open,Costa Rica,39:33,,2:45:08,,1:44:30,5:17:49
1495,2667,Brendan Scanlan,M25-29,168,Open,Australia,32:49,,2:55:43,,1:42:02,5:17:50
1496,2855,Joe Terry,M50-54,121,Open,United States,37:16,,2:45:26,,1:46:53,5:17:54
1497,373,Evan Davies,M55-59,41,Open,United Kingdom,42:02,,2:45:25,,1:42:56,5:17:55
1498,1037,Bojan Maric,M45-49,190,Open,Serbia,32:57,,2:51:27,,1:44:13,5:17:57
1499,1218,Allan AMEY,M40-44,287,Open,Australia,37:34,,2:49:40,,1:43:23,5:17:59
1500,520,Craig Zelent,M55-59,42,Open,United States,33:57,,2:55:50,,1:38:55,5:18:02
1501,1129,Sven Schreiber,M45-49,191,Open,Germany,32:08,,2:41:45,,1:57:03,5:18:04
1502,645,Keri Jones-Davies,M50-54,122,Open,United Kingdom,39:07,,2:46:10,,1:43:28,5:18:05
1503,686,Pantera Molina,M50-54,123,Open,Argentina,35:26,,2:44:38,,1:51:17,5:18:06
1504,534,Thomas Beiersdoerfer,M50-54,124,Open,Germany,35:04,,2:46:35,,1:48:14,5:18:07
1505,1763,Andres Cubero,M35-39,309,Open,Costa Rica,33:49,,2:50:16,,1:42:26,5:18:07
1506,2211,Drew Eizenga,M30-34,261,Open,Canada,34:33,,2:49:10,,1:47:09,5:18:08
1507,1151,Michal Spelda,M45-49,192,Open,Czechia,34:50,,2:50:33,,1:43:15,5:18:15
1508,2422,Karl Slater,M30-34,262,Open,United States,35:49,,2:50:45,,1:45:21,5:18:18
1509,428,Hubie Krawczyk,M55-59,43,Open,United States,43:30,,2:40:22,,1:47:20,5:18:19
1510,1660,Colby Essing,M40-44,288,Open,South Africa,32:57,,2:45:36,,1:52:32,5:18:27
1511,2499,Eric Anderson,M25-29,169,Open,United States,41:34,,2:43:13,,1:46:10,5:18:28
1512,1685,Ahmad Al Fahim,M35-39,310,Open,United Arab Emirates,32:41,,2:47:07,,1:51:39,5:18:34
1513,1462,Leopoldo Lopez,M40-44,289,Open,Spain,38:29,,3:00:53,,1:31:13,5:18:34
1514,2080,Francesco Tivegna,M35-39,311,Open,Italy,32:30,,2:44:26,,1:54:02,5:18:38
1515,1110,Andrew Rothfeder,M45-49,193,Open,United States,34:43,,2:44:53,,1:52:12,5:18:43
1516,1154,Chris Starcher,M45-49,194,Open,United States,33:55,,2:51:05,,1:46:14,5:18:44
1517,473,Rusty Robertson,M55-59,44,Open,United States,32:50,,2:58:27,,1:39:06,5:18:47
1518,1007,Ed Koontz,M45-49,195,Open,United States,33:52,,2:54:11,,1:44:56,5:18:48
1519,1476,Felipe De Toledo Marino,M40-44,290,Open,Brazil,34:15,,2:52:29,,1:45:58,5:18:48
1520,1589,Jason Sexauer,M40-44,291,Open,Canada,39:42,,2:39:02,,1:53:10,5:18:50
1521,1136,Mickey Singer,M45-49,196,Open,United States,33:25,,2:43:23,,1:54:54,5:18:50
1522,1727,Marcus Brandt,M35-39,312,Open,Sweden,35:32,,2:28:52,,2:09:13,5:18:50
1523,1595,Siu Yuen Wong,M40-44,292,Open,Hong Kong,47:46,,2:47:13,,1:36:52,5:18:52
1524,1687,Irving Amador,M35-39,313,Open,Costa Rica,41:36,,2:42:00,,1:48:19,5:18:54
1525,496,Paolo Tommasini,M55-59,45,Open,Italy,36:08,,2:45:11,,1:48:38,5:18:58
1526,773,Robert Toth,M50-54,125,Open,United States,36:56,,2:43:46,,1:50:45,5:18:59
1527,869,Alexander Castañeyra Mena,M45-49,197,Open,Spain,36:27,,2:43:38,,1:51:08,5:19:01
1528,1556,Neil Christopher Reid,M40-44,293,Open,United Kingdom,38:29,,2:46:18,,1:47:13,5:19:02
1529,2316,Emmanuel Lopez,M30-34,263,Open,United States,44:22,,2:49:32,,1:39:24,5:19:04
1530,1569,Diego Eugenio Rosique Moya,M40-44,294,Open,Spain,34:07,,2:48:22,,1:39:19,5:19:11
1531,330,Paul Turner,M60-64,9,Open,Canada,33:33,,2:48:41,,1:49:36,5:19:11
1532,1742,Lee Campbell,M35-39,314,Open,New Zealand,30:25,,2:42:32,,1:59:39,5:19:11
1533,1123,Hector Santaella,M45-49,198,Open,Venezuela,29:48,,2:51:51,,1:49:21,5:19:12
1534,656,Robert Krzak,M50-54,126,Open,Poland,47:33,,2:54:54,,1:30:15,5:19:12
1535,1202,Robert Wodynski,M45-49,199,Open,Poland,35:21,,2:48:41,,1:49:12,5:19:15
1536,1142,Dan Smedley,M45-49,200,Open,United States,32:04,,2:45:55,,1:54:26,5:19:15
1537,1300,Cedric Costantino,M40-44,295,Open,France,39:11,,2:46:00,,1:44:38,5:19:16
1538,392,Brian Forgue,M55-59,46,Open,United States,33:48,,2:48:47,,1:48:18,5:19:19
1539,1394,John Hohenberger,M40-44,296,Open,United States,37:56,,2:48:47,,1:45:18,5:19:19
1540,1143,David Smith,M45-49,201,Open,United States,35:53,,2:43:35,,1:52:50,5:19:28
1541,2333,Jean-Pierre Meyer,M30-34,264,Open,New Zealand,32:03,,2:53:16,,1:46:35,5:19:29
1542,1211,Jimi Young,M45-49,202,Open,United States,37:31,,2:42:22,,1:51:13,5:19:29
1543,1030,Mark Lund,M45-49,203,Open,United States,42:20,,2:52:24,,1:37:26,5:19:33
1544,1576,Jorge Salazar,M40-44,297,Open,Canada,,,2:46:19,,1:39:17,5:19:37
1545,487,Juergen Soellner,M55-59,47,Open,Germany,36:51,,2:46:00,,1:50:18,5:19:39
1546,986,Qinghai Jiang,M45-49,204,Open,China,34:51,,2:46:11,,1:49:50,5:19:39
1547,1177,Andy Tucker,M45-49,205,Open,United Kingdom,38:52,,2:45:49,,1:47:55,5:19:40
1548,742,Frank Schreiner,M50-54,127,Open,Germany,36:33,,2:46:51,,1:48:55,5:19:40
1549,1451,Chris Lenihan,M40-44,298,Open,United States,38:21,,2:44:58,,1:50:07,5:19:40
1550,2584,Benjamin Hyde,M25-29,170,Open,Australia,34:07,,2:53:52,,1:45:13,5:19:45
1551,2039,Joey Schultz,M35-39,315,Open,Sweden,35:43,,2:48:36,,1:47:59,5:19:57
1552,2453,Michael Vanacora,M30-34,265,Open,United States,29:20,,3:12:32,,1:31:59,5:19:57
1553,1565,Jean-Philippe Selleslagh,M40-44,299,Open,Belgium,34:14,,2:53:50,,1:43:50,5:20:00
1554,1615,Sven Maier,M40-44,300,Open,Germany,38:28,,2:45:08,,1:49:09,5:20:04
1555,827,Jorge Alejandro Barla,M45-49,206,Open,Argentina,40:43,,2:48:54,,1:42:26,5:20:05
1556,1641,Roberto Vergara,M40-44,301,Open,Ecuador,41:02,,2:46:29,,1:45:31,5:20:08
1557,2128,Andre Ahlers,M30-34,266,Open,Germany,35:53,,2:53:31,,1:42:57,5:20:09
1558,1147,Tony Sorgiovanni,M45-49,207,Open,Australia,38:30,,2:43:00,,1:51:14,5:20:10
1559,2410,Steffen Schoenhut,M30-34,267,Open,Germany,41:40,,2:48:41,,1:43:01,5:20:10
1560,295,Guy Talbot Nottingham,M60-64,10,Open,South Africa,39:30,,2:46:37,,1:46:44,5:20:12
1561,748,Masahiro Shukuin,M50-54,128,Open,Japan,36:14,,2:47:57,,1:48:52,5:20:12
1562,2851,David Daggett,M55-59,48,Open,United States,35:21,,2:40:19,,1:56:32,5:20:13
1563,1829,Lars Hanschke,M35-39,316,Open,Mexico,34:24,,2:51:51,,1:47:27,5:20:13
1564,567,Rick Cope,M50-54,129,Open,United States,37:27,,2:42:10,,1:52:16,5:20:16
1565,1403,Mike Irwin,M40-44,302,Open,United States,32:05,,2:52:17,,1:48:01,5:20:24
1566,910,Andrzej Drabot,M45-49,208,Open,Poland,37:51,,2:50:08,,1:46:14,5:20:24
1567,558,Eric Chabin,M50-54,130,Open,France,35:36,,2:49:05,,1:46:34,5:20:31
1568,755,Paul Slone,M50-54,131,Open,United Kingdom,38:11,,2:47:32,,1:48:01,5:20:31
1569,1295,Marco Antonio Contreras Rosales,M40-44,303,Open,Mexico,34:24,,2:48:02,,1:51:38,5:20:32
1570,2769,Kevin Escartín,M18-24,84,Open,Panama,42:38,,2:43:26,,1:46:23,5:20:45
1571,2153,Michael Bischoff,M30-34,268,Open,United States,46:27,,2:45:16,,1:42:22,5:20:51
1572,2563,Tom Garrett,M25-29,171,Open,United Kingdom,31:19,,2:44:29,,1:58:49,5:21:01
1573,972,Andrew Hopper,M45-49,209,Open,Canada,33:52,,2:51:54,,1:48:18,5:21:05
1574,958,John Hanna,M45-49,210,Open,United States,32:16,,2:45:00,,1:57:05,5:21:05
1575,707,Anthony Park,M50-54,132,Open,United States,35:44,,2:54:45,,1:41:46,5:21:12
1576,1857,Blake Johnston,M35-39,317,Open,Australia,36:17,,2:44:12,,1:48:21,5:21:14
1577,867,Renato Motta Vaz De Carvalho,M45-49,211,Open,Brazil,30:38,,2:49:59,,1:50:54,5:21:15
1578,997,Carl Kendall,M45-49,212,Open,United Kingdom,36:38,,2:49:32,,1:47:31,5:21:18
1579,2270,John Huddleston,M30-34,269,Open,United States,30:24,,2:52:37,,1:52:06,5:21:19
1580,559,Dominique Charlieu,M50-54,133,Open,France,36:07,,2:55:25,,1:41:19,5:21:21
1581,616,Michel Gusbin,M50-54,134,Open,Belgium,39:41,,2:44:09,,1:48:09,5:21:22
1582,363,Brad Cody,M55-59,49,Open,United States,39:45,,2:46:27,,1:46:34,5:21:24
1583,1065,Håkan Nilsson,M45-49,213,Open,Sweden,36:35,,2:40:34,,1:57:10,5:21:25
1584,740,Gerhard Schaunitzer,M50-54,135,Open,Austria,44:03,,2:49:19,,1:41:08,5:21:28
1585,1439,Paolo La Placa,M40-44,304,Open,Italy,38:26,,2:46:44,,1:48:53,5:21:28
1586,1758,Luis Cova,M35-39,318,Open,Venezuela,32:58,,2:50:28,,1:51:44,5:21:28
1587,1836,Steven Hewick,M35-39,319,Open,Canada,29:47,,2:38:34,,2:05:38,5:21:31
1588,2107,Christian Wesendahl,M35-39,320,Open,Germany,35:35,,2:47:27,,1:51:47,5:21:36
1589,2161,Arthur Borelli,M30-34,270,Open,Brazil,29:43,,3:04:19,,1:40:45,5:21:44
1590,1981,Andrew Palmer,M35-39,321,Open,United Kingdom,43:16,,2:51:50,,1:39:05,5:21:52
1591,1502,Chris Moss,M40-44,305,Open,United States,32:34,,2:46:05,,1:53:19,5:21:55
1592,1367,Bryan Gottfried,M40-44,306,Open,United States,33:59,,2:49:36,,1:49:25,5:21:58
1593,572,David Cunningham,M50-54,136,Open,Australia,35:48,,2:43:13,,1:55:31,5:22:20
1594,569,Dale Coutts,M50-54,137,Open,Australia,36:09,,2:50:08,,1:48:43,5:22:23
1595,2608,Aleksei Kuligin,M25-29,172,Open,Estonia,40:41,,2:43:55,,1:50:06,5:22:27
1596,591,Ken Fish,M50-54,138,Open,United States,35:16,,2:30:15,,2:08:44,5:22:28
1597,690,Yuichi Morimoto,M50-54,139,Open,Japan,40:20,,2:45:17,,1:50:22,5:22:30
1598,1100,Brad Rollins,M45-49,214,Open,United States,32:41,,2:45:28,,1:55:56,5:22:37
1599,479,Michael Rose,M55-59,50,Open,United States,33:37,,2:42:24,,1:58:25,5:22:45
1600,2198,Angelo Delle Monache,M30-34,271,Open,Italy,44:58,,2:50:57,,1:39:12,5:22:50
1601,1545,Richard Powell,M40-44,307,Open,United Kingdom,32:01,,2:48:05,,1:54:35,5:22:56
1602,1273,Paul Cameron,M40-44,308,Open,United Kingdom,37:59,,2:48:52,,1:49:32,5:22:56
1603,375,Michel de Gier,M55-59,51,Open,Netherlands,36:00,,2:46:20,,1:52:26,5:22:57
1604,623,Yuichi Hashimoto,M50-54,140,Open,Japan,38:55,,2:47:03,,1:49:07,5:23:02
1605,2848,John Ratzan,M40-44,309,Open,United States,37:26,,2:50:38,,1:44:58,5:23:03
1606,1486,Alexandre Mayers,M40-44,310,Open,Canada,39:07,,2:53:04,,1:44:20,5:23:07
1607,303,Bill Reese,M60-64,11,Open,United States,36:53,,2:55:04,,1:41:54,5:23:07
1608,798,Marcelo Zattarin,M50-54,141,Open,Argentina,39:47,,2:49:16,,1:46:12,5:23:10
1609,2657,Manuel Rivera,M25-29,173,Open,El Salvador,39:19,,2:44:47,,1:51:27,5:23:11
1610,1284,Tony Chen,M40-44,311,Open,Canada,45:31,,2:48:38,,1:41:52,5:23:12
1611,1412,Brian Johnson,M40-44,312,Open,United States,37:53,,2:39:26,,1:58:20,5:23:13
1612,1368,Grabczuk Konrad,M40-44,313,Open,Poland,36:55,,2:48:35,,1:50:53,5:23:14
1613,1011,Achim Landgraf,M45-49,215,Open,Germany,40:49,,2:48:08,,1:46:37,5:23:16
1614,560,Christophe Leymarie,M50-54,142,Open,France,36:54,,2:44:43,,1:51:24,5:23:19
1615,2732,Noriyuki Ando,M18-24,85,Open,Japan,30:12,,2:45:34,,2:00:46,5:23:23
1616,246,Steven Chavez,M60-64,12,Open,United States,35:49,,2:56:09,,1:42:59,5:23:28
1617,356,Blake Briggs,M55-59,52,Open,United States,40:00,,2:58:06,,1:40:00,5:23:32
1618,1192,Thomas WANIEWSKI,M45-49,216,Open,United States,29:36,,2:59:31,,1:46:53,5:23:32
1619,1347,Mark Fourie,M40-44,314,Open,South Africa,34:41,,2:42:46,,1:58:50,5:23:34
1620,796,Frank Zahn,M50-54,143,Open,Germany,41:58,,2:52:12,,1:41:56,5:23:34
1621,874,Steve Chapin,M45-49,217,Open,United States,33:52,,2:39:50,,2:00:53,5:23:34
1622,955,Neil Hacon,M45-49,218,Open,United Kingdom,37:08,,2:58:24,,1:39:20,5:23:35
1623,245,Jon Brown,M60-64,13,Open,United States,34:29,,2:47:23,,1:55:05,5:23:38
1624,1507,Darshaun Nadeau,M40-44,315,Open,Japan,32:26,,2:49:04,,1:53:49,5:23:41
1625,1706,Emrah Bayraktar,M35-39,322,Open,Turkey,45:15,,2:40:06,,1:51:33,5:23:42
1626,425,Mark Knaeps,M55-59,53,Open,United States,38:20,,2:49:42,,1:44:23,5:23:46
1627,2729,Kobayashi Central,M25-29,174,Open,Japan,33:27,,2:43:48,,2:00:25,5:23:47
1628,2767,Harry Edney,M18-24,86,Open,United Kingdom,28:54,,2:26:35,,2:22:22,5:23:47
1629,515,William Wiseman,M55-59,54,Open,United States,36:21,,2:43:01,,1:55:53,5:23:52
1630,940,David Gile,M45-49,219,Open,United States,41:10,,2:52:59,,1:44:36,5:23:54
1631,1333,Genrikh Erdman,M40-44,316,Open,Russian Federation,40:21,,2:44:19,,1:51:31,5:23:58
1632,563,Carl Clark,M50-54,144,Open,United States,37:45,,2:45:12,,1:54:06,5:24:02
1633,731,Bryan Rowe,M50-54,145,Open,United States,34:19,,2:56:09,,1:46:09,5:24:05
1634,542,Murray Brady,M50-54,146,Open,Australia,38:21,,2:46:34,,1:50:57,5:24:09
1635,236,Don Baldassari,M60-64,14,Open,United States,34:23,,2:46:56,,1:54:05,5:24:10
1636,366,Mark Costello,M55-59,55,Open,Australia,37:33,,2:48:04,,1:51:43,5:24:12
1637,1609,Emanuel Strüber,M40-44,317,Open,Germany,32:18,,2:57:23,,1:47:11,5:24:13
1638,1312,Nicholes Dembinski,M40-44,318,Open,United States,48:30,,2:41:57,,1:43:27,5:24:17
1639,1016,Francis Lecuyer,M45-49,220,Open,Réunion,36:34,,2:45:09,,1:56:09,5:24:22
1640,2734,Callum Arnold,M18-24,87,Open,United Kingdom,39:18,,2:47:43,,1:49:29,5:24:25
1641,856,Kelly Brown,M45-49,221,Open,United States,34:16,,2:40:56,,2:01:21,5:24:29
1642,539,Gerhard Boehm,M50-54,147,Open,Austria,37:39,,2:44:45,,1:53:13,5:24:33
1643,2351,Mert Onaran,M30-34,272,Open,Turkey,29:27,,2:47:27,,2:01:55,5:24:34
1644,1107,Dario Rosini,M45-49,222,Open,Italy,41:44,,2:55:53,,1:39:58,5:24:35
1645,1121,Rafael Sanchez Nazariega,M45-49,223,Open,Mexico,40:27,,2:56:36,,1:39:41,5:24:35
1646,1791,William Ernsberger,M35-39,323,Open,United States,41:59,,2:39:54,,1:53:42,5:24:36
1647,343,Gilbert Amthor,M55-59,56,Open,United States,34:46,,2:46:30,,1:55:04,5:24:38
1648,806,Michael Alexander,M45-49,224,Open,United States,38:53,,2:45:33,,1:52:37,5:24:38
1649,941,Darren Gill,M45-49,225,Open,United States,32:09,,2:41:57,,2:03:31,5:24:39
1650,2497,Ebrahim Alromaihi,M25-29,175,Open,Qatar,31:19,,2:46:32,,1:58:53,5:24:39
1651,821,John Ballard,M45-49,226,Open,United States,33:32,,2:37:22,,2:05:42,5:24:42
1652,2619,Freddie Liversidge,M25-29,176,Open,United Kingdom,35:34,,2:43:48,,1:59:14,5:24:44
1653,908,Joe Dorff,M45-49,227,Open,United States,39:38,,2:50:25,,1:47:08,5:24:45
1654,677,Marshall Martin,M50-54,148,Open,United States,34:44,,2:39:34,,2:03:36,5:24:52
1655,831,Pierre Baude,M45-49,228,Open,France,34:38,,2:56:16,,1:46:55,5:24:54
1656,553,Jeff Carson,M50-54,149,Open,United States,43:56,,2:52:55,,1:38:07,5:24:56
1657,2773,Carlos Costa Fernandes,M18-24,88,Open,Brazil,35:07,,2:53:33,,1:49:17,5:24:59
1658,1607,Matthew Storr,M40-44,319,Open,United States,49:12,,2:42:23,,1:46:05,5:25:02
1659,228,Peter Turek,M65-69,1,Open,United States,32:41,,2:53:17,,1:50:51,5:25:05
1660,2868,Paul Odonnell,M18-24,89,Open,United States,35:20,,2:46:27,,1:57:12,5:25:14
1661,2451,Francois Van Der Heijden,M30-34,273,Open,Australia,35:07,,2:42:26,,2:01:13,5:25:14
1662,953,Benjamin Guillemin,M45-49,229,Open,Canada,36:27,,2:44:22,,1:56:42,5:25:15
1663,766,Jonathan TAY,M50-54,150,Open,United States,47:44,,2:53:06,,1:36:56,5:25:22
1664,233,Jeffrey Allums,M60-64,15,Open,United States,42:13,,2:45:59,,1:49:14,5:25:23
1665,426,Stig Andre Knudsen,M55-59,57,Open,Norway,37:59,,2:39:45,,2:01:09,5:25:25
1666,387,Martin Duthie,M55-59,58,Open,United Kingdom,38:00,,2:55:03,,1:45:58,5:25:29
1667,674,Ryan Majoria,M50-54,151,Open,United States,36:43,,2:49:56,,1:51:06,5:25:29
1668,1339,Michael Ferree,M40-44,320,Open,United States,36:49,,2:44:01,,1:55:07,5:25:30
1669,2348,Keith Nowak,M30-34,274,Open,United States,38:40,,2:57:08,,1:40:46,5:25:31
1670,1267,Arturo Busto Herrejon,M40-44,321,Open,Mexico,35:24,,2:56:17,,1:46:36,5:25:41
1671,1535,Bernie Perez,M40-44,322,Open,Peru,36:50,,2:50:37,,1:50:02,5:25:41
1672,1093,Michael RENSFORD,M45-49,230,Open,Australia,37:05,,2:54:45,,1:47:14,5:25:41
1673,665,Chris Liou,M50-54,152,Open,United States,36:28,,2:47:50,,1:52:33,5:25:44
1674,1386,Javier Herrero Tiñana,M40-44,323,Open,Spain,38:49,,2:51:50,,1:46:00,5:25:48
1675,2197,Wouter Delbaere,M30-34,275,Open,Belgium,39:40,,2:50:34,,1:49:12,5:25:48
1676,335,Bruce Williams,M60-64,16,Open,United States,31:57,,2:40:03,,2:05:35,5:25:49
1677,2471,William Watkins,M30-34,276,Open,United States,30:04,,2:55:18,,1:53:49,5:25:50
1678,386,John Duda,M55-59,59,Open,United States,36:27,,2:47:43,,1:50:56,5:25:51
1679,809,Kenneth Allen,M45-49,231,Open,United States,36:57,,2:45:26,,1:55:51,5:25:52
1680,2647,Clement Poiret,M25-29,177,Open,France,36:27,,2:44:34,,1:58:52,5:25:53
1681,285,Ron Mahler,M60-64,17,Open,Canada,39:48,,2:47:30,,1:52:13,5:25:55
1682,518,Yves-Robert Tolleron,M55-59,60,Open,France,50:09,,2:37:33,,1:52:29,5:25:55
1683,808,Cedric Olivier Allen,M45-49,232,Open,France,34:03,,2:56:59,,1:48:40,5:25:57
1684,607,Daniel Goldman,M50-54,153,Open,United States,41:44,,2:38:54,,1:56:25,5:25:58
1685,2877,Ying Jun Chen,M40-44,324,Open,China,43:22,,2:47:42,,1:45:40,5:25:59
1686,1724,Romain Boucher,M35-39,324,Open,France,40:53,,2:38:19,,2:00:36,5:26:00
1687,1419,Jason Kasprzak,M40-44,325,Open,United States,39:17,,2:51:21,,1:48:10,5:26:08
1688,221,Frederick Scott,M65-69,2,Open,United States,36:31,,2:50:46,,1:50:46,5:26:14
1689,1293,Sebastien Collin,M40-44,326,Open,France,35:32,,2:43:56,,2:00:01,5:26:15
1690,2837,Marcelo Troncoso Silva,M18-24,90,Open,Chile,40:24,,2:42:05,,1:57:50,5:26:17
1691,474,Tom Rodgers,M55-59,61,Open,United States,38:45,,2:55:28,,1:43:16,5:26:21
1692,657,Kirk Lacko,M50-54,154,Open,United States,39:55,,2:49:19,,1:49:13,5:26:35
1693,1019,Albert Leightley,M45-49,233,Open,United States,38:03,,2:53:09,,1:45:28,5:26:36
1694,1239,Micheal Bartlett,M40-44,327,Open,United Kingdom,43:17,,2:49:10,,1:47:02,5:26:40
1695,588,Seth Fader,M50-54,155,Open,United States,37:17,,2:54:33,,1:44:47,5:26:41
1696,2411,Phil Sconzert,M30-34,277,Open,United States,35:29,,2:44:27,,2:00:10,5:26:42
1697,893,Owen Critchley,M45-49,234,Open,Australia,35:36,,2:53:06,,1:51:40,5:26:43
1698,1811,Matteo Frittoli,M35-39,325,Open,Italy,37:24,,2:41:45,,2:00:25,5:26:45
1699,1089,Estevan Price,M45-49,235,Open,United States,42:21,,2:48:50,,1:49:32,5:26:45
1700,1266,Clayton David Bryant,M40-44,328,Open,New Zealand,36:04,,2:47:27,,1:52:38,5:26:51
1701,468,Dean Raasch,M55-59,62,Open,United States,35:53,,2:46:06,,1:57:12,5:26:51
1702,481,Marcus Ryall,M55-59,63,Open,United Kingdom,40:40,,2:47:18,,1:50:53,5:26:52
1703,1725,Russell Boulton,M35-39,326,Open,Australia,32:50,,2:48:09,,1:58:44,5:26:57
1704,294,Aldo Nobili,M60-64,18,Open,Italy,34:57,,2:47:20,,1:58:12,5:27:03
1705,2845,Panos Kakoullis,M50-54,156,Open,United Kingdom,39:22,,2:47:17,,1:51:56,5:27:06
1706,1908,Jose Lopez,M35-39,327,Open,Mexico,29:09,,3:03:58,,1:47:08,5:27:06
1707,2085,Jonathan Tracy,M35-39,328,Open,United States,36:33,,2:43:22,,1:57:19,5:27:06
1708,727,Mike Mike Roller,M50-54,157,Open,South Africa,34:32,,2:36:15,,2:07:04,5:27:10
1709,1881,Francis Lam,M35-39,329,Open,France,38:02,,2:58:46,,1:43:36,5:27:10
1710,2192,Pieter De Clercq,M30-34,278,Open,Belgium,40:14,,2:40:31,,1:57:59,5:27:11
1711,541,Mark Boufford,M50-54,158,Open,United States,38:31,,2:39:03,,1:57:12,5:27:14
1712,669,Alfredo Lopez,M50-54,159,Open,Peru,36:47,,2:47:07,,1:55:50,5:27:22
1713,1835,Joey Hesss,M35-39,330,Open,United States,30:48,,2:53:02,,1:52:50,5:27:23
1714,475,ALEJANDRO RODRIGUEZ COMAS,M55-59,64,Open,Brazil,37:30,,2:50:35,,1:50:30,5:27:31
1715,967,Eric Hoffmann,M45-49,236,Open,South Africa,30:52,,2:45:46,,2:04:16,5:27:36
1716,1683,Mohsen Alali,M35-39,331,Open,United Arab Emirates,35:13,,2:39:46,,2:05:48,5:27:37
1717,1850,Billie Jamison,M35-39,332,Open,United States,33:26,,2:47:57,,1:59:08,5:27:44
1718,2828,Efraim Shaw,M18-24,91,Open,United States,35:13,,2:48:10,,1:56:14,5:27:52
1719,1759,Brett Crossland,M35-39,333,Open,United States,40:45,,2:47:21,,1:52:55,5:27:52
1720,1131,George Sherwood,M45-49,237,Open,Ireland,38:29,,2:57:29,,1:43:51,5:27:52
1721,1519,Erren Oleary,M40-44,329,Open,United States,36:42,,2:48:15,,1:54:44,5:27:54
1722,185,Harold Frobisher,M65-69,3,Open,United States,40:05,,2:55:58,,1:44:45,5:27:54
1723,2775,Ty Foreman,M18-24,92,Open,United States,38:09,,2:49:46,,1:52:59,5:27:57
1724,2874,David Tweedie,M35-39,334,Open,United Kingdom,35:24,,2:38:40,,2:06:38,5:27:57
1725,2415,Aleksandr Sepp,M30-34,279,Open,Estonia,40:11,,3:03:26,,1:37:15,5:27:59
1726,1860,Albert Jose Gonzalvo,M35-39,335,Open,Spain,35:45,,2:34:26,,2:11:06,5:28:02
1727,1180,John Underwood,M45-49,238,Open,United States,33:26,,3:00:16,,1:45:59,5:28:04
1728,2484,Xiaoyang Xie,M30-34,280,Open,China,44:29,,2:51:16,,1:45:12,5:28:04
1729,1769,Marco De Leo,M35-39,336,Open,Italy,40:33,,2:45:55,,1:53:50,5:28:06
1730,508,Randal Walker,M55-59,65,Open,Canada,33:25,,2:51:33,,1:55:31,5:28:06
1731,249,Garrett Dalessandro,M60-64,19,Open,United States,44:13,,2:52:27,,1:43:06,5:28:12
1732,2159,Simon Boqvist,M30-34,281,Open,Sweden,41:13,,2:45:56,,1:52:00,5:28:13
1733,1155,Brian Stockbrugger,M45-49,239,Open,Canada,35:35,,2:44:03,,2:01:01,5:28:13
1734,1405,Patricio Jaca,M40-44,330,Open,Argentina,36:28,,2:46:39,,1:58:54,5:28:13
1735,555,Roger Cassill,M50-54,160,Open,United States,45:21,,2:47:12,,1:49:48,5:28:15
1736,498,Victor Torres,M55-59,66,Open,Puerto Rico,35:48,,2:55:50,,1:49:24,5:28:18
1737,2097,Aaron Vinten,M35-39,337,Open,United States,34:29,,2:58:48,,1:47:50,5:28:21
1738,2051,bingbing si,M35-39,338,Open,China,45:35,,2:53:57,,1:42:08,5:28:28
1739,1491,Peter Mendes,M40-44,331,Open,United States,30:40,,2:42:05,,2:09:10,5:28:29
1740,2496,Antonio Iii Almirante,M25-29,178,Open,Philippines,43:28,,2:51:50,,1:47:04,5:28:31
1741,1907,José María López,M35-39,339,Open,Spain,42:12,,2:55:02,,1:40:00,5:28:32
1742,722,Joey Rivera,M50-54,161,Open,United States,36:40,,2:59:55,,1:44:26,5:28:45
1743,2079,Steve Thompson,M35-39,340,Open,United States,39:41,,2:46:36,,1:52:10,5:28:50
1744,1064,Huuphoc Nguy,M45-49,240,Open,France,40:01,,2:53:33,,1:47:42,5:28:53
1745,793,Christopher Wright,M50-54,162,Open,South Africa,31:56,,2:52:06,,1:58:14,5:28:53
1746,1198,Robert Whyte,M45-49,241,Open,Ireland,38:46,,2:55:10,,1:47:10,5:28:54
1747,587,Mark Evans,M50-54,163,Open,United States,33:20,,2:52:06,,1:56:41,5:28:58
1748,1993,Daniel Perez,M35-39,341,Open,Mexico,42:36,,2:54:49,,1:43:06,5:29:01
1749,807,Andres Alfaro,M45-49,242,Open,Costa Rica,33:34,,3:03:26,,1:44:20,5:29:07
1750,1597,Henk Smith,M40-44,332,Open,South Africa,37:42,,2:41:17,,1:59:07,5:29:12
1751,2792,Hunter Keller,M18-24,93,Open,United States,37:51,,2:46:41,,1:56:51,5:29:12
1752,337,Kevin Zepp,M60-64,20,Open,United States,38:37,,2:45:32,,1:57:52,5:29:13
1753,2858,Jordan Ouida,M45-49,243,Open,United States,44:03,,2:57:54,,1:40:55,5:29:14
1754,400,Rob Gerardi,M55-59,67,Open,United States,37:04,,,,,5:29:14
1755,1426,Maurice Khoury,M40-44,333,Open,United States,31:42,,2:55:14,,1:54:45,5:29:16
1756,1691,Fabricio Arechederra,M35-39,342,Open,Mexico,37:07,,2:49:24,,1:55:36,5:29:18
1757,783,Greg Watkins,M50-54,164,Open,United States,33:22,,2:54:10,,1:53:22,5:29:23
1758,1515,Daisuke Nojima,M40-44,334,Open,Japan,36:23,,2:55:08,,1:51:29,5:29:23
1759,1450,Guillaume Lefebvre,M40-44,335,Open,Canada,49:38,,2:52:52,,1:35:13,5:29:27
1760,1045,John Mcgrath,M45-49,244,Open,United States,36:23,,2:44:12,,1:59:26,5:29:31
1761,447,Mario Muhren,M55-59,68,Open,Germany,40:08,,2:55:59,,1:46:47,5:29:33
1762,2796,Koby Leidholt,M18-24,94,Open,United States,40:00,,2:52:34,,1:49:52,5:29:42
1763,1671,Keith Yeung,M40-44,336,Open,Hong Kong,40:36,,2:50:40,,1:50:34,5:29:42
1764,984,Jean-Max Fontvieille,M45-49,245,Open,France,38:22,,2:51:29,,1:49:56,5:29:43
1765,427,Steven Kohler,M55-59,69,Open,United States,35:03,,2:51:52,,1:56:06,5:29:51
1766,494,Robert Taylor,M55-59,70,Open,United States,43:28,,2:50:17,,1:46:23,5:30:06
1767,315,Ray Shane,M60-64,21,Open,United States,34:47,,2:53:45,,1:53:00,5:30:07
1768,699,Hugo Ollivier,M50-54,165,Open,Mexico,36:09,,2:48:12,,1:56:17,5:30:09
1769,632,John Hunnius,M50-54,166,Open,United States,37:50,,2:43:52,,1:58:31,5:30:13
1770,281,Hiroshi Kodaira,M60-64,22,Open,Japan,40:23,,2:45:48,,1:54:29,5:30:18
1771,1140,Todd Small,M45-49,246,Open,Canada,34:30,,3:03:14,,1:44:34,5:30:19
1772,660,Jose Leal,M50-54,167,Open,Guatemala,36:23,,2:45:50,,2:01:46,5:30:27
1773,876,Eric Chebi,M45-49,247,Open,United States,34:43,,2:51:38,,1:55:59,5:30:29
1774,1009,Junji Kusaka,M45-49,248,Open,Japan,34:34,,3:04:04,,1:44:27,5:30:30
1775,321,Edward Sparkowski,M60-64,23,Open,United States,42:25,,2:50:09,,1:49:59,5:30:45
1776,339,Carlos Alfaro,M55-59,71,Open,El Salvador,38:33,,2:52:15,,1:52:07,5:30:55
1777,459,John Parfitt,M55-59,72,Open,Canada,43:24,,2:42:27,,1:56:47,5:30:56
1778,718,Bjarte Reed,M50-54,168,Open,Norway,41:17,,2:48:34,,1:52:30,5:31:01
1779,353,Andreas Bode,M55-59,73,Open,Germany,33:38,,2:52:11,,1:58:05,5:31:02
1780,346,Jim Avrea,M55-59,74,Open,United States,28:59,,2:47:39,,2:07:39,5:31:12
1781,440,Andrew Mcleod,M55-59,75,Open,New Zealand,37:51,,2:49:04,,1:56:43,5:31:13
1782,1206,Weiguo Xin,M45-49,249,Open,China,37:42,,2:49:30,,1:55:43,5:31:13
1783,1866,Wlodek Kapeluch,M35-39,343,Open,Poland,39:44,,2:52:31,,1:53:06,5:31:18
1784,1961,Matthias Musick,M35-39,344,Open,Germany,37:51,,3:04:02,,1:41:00,5:31:27
1785,521,Jim Zuba,M55-59,76,Open,United States,40:54,,2:51:17,,1:48:33,5:31:28
1786,364,Jurgen Contreras Ketterer,M55-59,77,Open,Chile,31:36,,2:53:50,,1:59:33,5:31:29
1787,828,Gerardo Barrios,M45-49,250,Open,Mexico,37:52,,3:01:29,,1:45:17,5:31:38
1788,1467,Tse-Sheng Ma,M40-44,337,Open,Taiwan,46:07,,2:50:10,,1:46:49,5:31:39
1789,2247,Tetsuya Habe,M30-34,282,Open,Japan,40:57,,2:52:03,,1:50:31,5:31:43
1790,681,Pascal Mercier,M50-54,169,Open,Belgium,34:40,,2:41:46,,2:07:47,5:31:48
1791,197,Bob Knuckey,M65-69,4,Open,Canada,35:50,,2:52:44,,1:54:51,5:31:51
1792,734,Michael Ryan,M50-54,170,Open,United States,39:21,,2:41:14,,2:03:51,5:31:57
1793,1938,Josh Merry,M35-39,345,Open,United States,33:47,,3:03:19,,1:48:47,5:31:58
1794,999,Nicholas Kershaw,M45-49,251,Open,South Africa,34:48,,2:57:52,,1:52:31,5:32:02
1795,936,RAFFAELE GERBI,M45-49,252,Open,Italy,36:40,,2:56:18,,1:51:23,5:32:06
1796,651,Andrew Kilshaw,M50-54,171,Open,Australia,35:05,,2:55:35,,1:53:19,5:32:06
1797,1209,Yam Ho Yeung,M45-49,253,Open,Hong Kong,35:15,,2:58:48,,1:50:30,5:32:10
1798,1513,Hidetoshi Nishizume,M40-44,338,Open,Japan,33:55,,2:59:53,,1:49:13,5:32:13
1799,452,Steve Oehrle,M55-59,78,Open,United States,43:55,,2:51:19,,1:48:14,5:32:15
1800,2065,David Stonehouse,M35-39,346,Open,United States,42:36,,2:50:56,,1:49:33,5:32:23
1801,2726,Jianping Zhang,M25-29,179,Open,China,57:32,,2:44:19,,1:42:43,5:32:25
1802,2570,Jason Havilah,M25-29,180,Open,Australia,35:08,,2:58:32,,1:52:03,5:32:26
1803,896,Scott Curry,M45-49,254,Open,Canada,34:03,,2:48:54,,2:02:55,5:32:35
1804,1259,Matt Bott,M40-44,339,Open,Australia,36:11,,2:52:22,,1:55:20,5:32:39
1805,506,Philippe Voillaume,M55-59,79,Open,France,37:22,,2:52:35,,1:54:59,5:32:42
1806,1596,Mykola Siutkin,M40-44,340,Open,Ukraine,35:26,,2:50:35,,1:59:29,5:32:42
1807,1309,Brent De Jong,M40-44,341,Open,United States,36:00,,2:48:49,,2:01:13,5:32:45
1808,1457,Anderson Luiz de Araujo Lima,M40-44,342,Open,Brazil,33:20,,3:02:43,,1:50:30,5:32:46
1809,224,Frank Sommer,M65-69,5,Open,Germany,41:50,,2:56:06,,1:47:34,5:32:55
1810,2847,Jerome Le Jamtel,M50-54,172,Open,France,43:14,,2:49:48,,1:47:50,5:33:00
1811,595,John French,M50-54,173,Open,United Kingdom,44:33,,2:55:31,,1:43:55,5:33:01
1812,1371,Benjamin Grenon,M40-44,343,Open,Canada,36:10,,2:57:56,,1:49:59,5:33:02
1813,2076,Gene Thomas,M35-39,347,Open,New Zealand,47:05,,2:44:45,,1:55:10,5:33:10
1814,2873,Hamad Almansoori,M18-24,95,Open,Bahamas,32:13,,2:52:45,,2:02:56,5:33:13
1815,855,Stefano Bresolin,M45-49,255,Open,Italy,39:29,,2:48:49,,1:57:39,5:33:30
1816,683,Nabil Mimouni,M50-54,174,Open,United States,41:31,,2:52:25,,1:51:47,5:33:30
1817,323,Jorg Stehle,M60-64,24,Open,Germany,48:51,,2:40:25,,1:56:43,5:33:32
1818,1423,Kenji Katsuragi,M40-44,344,Open,Japan,39:03,,2:59:19,,1:45:36,5:33:32
1819,2167,Jose Cabello,M30-34,283,Open,Venezuela,44:05,,2:54:04,,1:47:31,5:33:32
1820,885,Pablo Conti,M45-49,256,Open,Argentina,42:00,,2:49:26,,1:52:59,5:33:32
1821,1306,Dariusz Korecki,M40-44,345,Open,Poland,46:14,,2:48:59,,1:50:55,5:33:33
1822,950,David Grubb,M45-49,257,Open,Sweden,33:21,,2:46:54,,2:04:59,5:33:34
1823,378,David Demask,M55-59,80,Open,United States,39:32,,2:49:48,,1:54:16,5:33:37
1824,568,Stephane Cote,M50-54,175,Open,Canada,35:55,,2:51:22,,1:57:54,5:33:37
1825,300,Patrick Provenaz,M60-64,25,Open,France,39:41,,2:48:36,,1:57:40,5:33:39
1826,720,Jaime Reyes,M50-54,176,Open,Mexico,43:29,,2:54:34,,1:46:55,5:33:40
1827,649,Robert Kec,M50-54,177,Open,United States,32:42,,2:55:40,,1:52:19,5:33:41
1828,2577,Gildardo Herrera,M25-29,181,Open,Mexico,41:47,,2:48:39,,1:56:42,5:33:42
1829,765,Naohiko Takeshita,M50-54,178,Open,Japan,41:47,,2:53:29,,1:47:30,5:33:42
1830,2519,Sam Cable,M25-29,182,Open,United Kingdom,35:22,,2:52:02,,1:59:33,5:33:55
1831,1067,Glenn Olsen,M45-49,258,Open,United States,36:03,,2:37:15,,2:11:10,5:33:58
1832,679,Patrick Mcgahan,M50-54,179,Open,United States,35:04,,3:10:36,,1:40:45,5:34:01
1833,1633,Mayank Vaid,M40-44,346,Open,India,38:22,,2:53:51,,1:53:11,5:34:01
1834,242,Scott Boylan,M60-64,26,Open,United States,40:36,,2:58:31,,1:44:02,5:34:02
1835,612,Arthur Guerrero,M50-54,180,Open,Guam,34:47,,2:55:32,,1:56:06,5:34:03
1836,462,Phil Saussus,M55-59,81,Open,Belgium,39:39,,2:53:22,,1:53:02,5:34:13
1837,464,Alberto Pizzarulli,M55-59,82,Open,Argentina,40:39,,2:58:47,,1:47:36,5:34:19
1838,2232,Yip chun Fung,M30-34,284,Open,Hong Kong,35:48,,2:44:58,,2:06:41,5:34:21
1839,983,Norberto Soto,M45-49,259,Open,Argentina,30:41,,2:53:25,,2:03:23,5:34:21
1840,1479,Adam Marks,M40-44,347,Open,Australia,38:31,,2:53:24,,1:53:30,5:34:24
1841,2521,Ricardo Carreon,M25-29,183,Open,Mexico,31:28,,2:55:24,,1:59:12,5:34:25
1842,269,Stuart Gordon,M60-64,27,Open,United States,40:50,,2:52:33,,1:52:04,5:34:25
1843,1372,Eduardo Guerrero Cervantes,M40-44,348,Open,Mexico,42:58,,2:59:38,,1:44:06,5:34:28
1844,1577,Karlis Salijums,M40-44,349,Open,Latvia,50:24,,2:39:20,,1:56:16,5:34:33
1845,2857,Stephen Redwood,M55-59,83,Open,United Kingdom,38:53,,2:47:27,,2:00:32,5:34:35
1846,484,Robert Seaman,M55-59,84,Open,United States,37:43,,2:52:23,,1:57:04,5:34:41
1847,362,Mike Catlin,M55-59,85,Open,United States,36:29,,2:50:33,,1:59:47,5:34:42
1848,264,Roger Girard,M60-64,28,Open,Canada,39:16,,2:51:16,,1:56:09,5:34:51
1849,1438,Jacobus Kruger,M40-44,350,Open,South Africa,38:34,,2:52:00,,1:55:58,5:34:52
1850,384,Peter Downie,M55-59,86,Open,United Kingdom,44:39,,2:57:03,,1:45:33,5:34:56
1851,355,Marco Bonilla,M55-59,87,Open,Costa Rica,49:56,,2:48:10,,1:49:07,5:35:04
1852,2853,Johnny O'Brien,M55-59,88,Open,United States,41:48,,2:48:26,,1:56:02,5:35:08
1853,230,Mike Wien,M65-69,6,Open,United States,37:51,,2:59:41,,1:47:49,5:35:10
1854,664,Rob Liddicoat,M50-54,181,Open,United States,41:17,,2:50:55,,1:55:13,5:35:16
1855,1280,Eduardo Cerimedo,M40-44,351,Open,Argentina,32:18,,3:00:29,,1:55:08,5:35:20
1856,350,Mikael Bergqvist,M55-59,89,Open,Sweden,45:28,,2:49:48,,1:52:33,5:35:26
1857,1038,Kenneth Marte,M45-49,260,Open,Canada,33:40,,2:55:46,,1:57:20,5:35:36
1858,416,Pablo Izurieta Canova,M55-59,90,Open,Ecuador,34:31,,2:50:06,,2:02:49,5:35:43
1859,414,Howard Iseri,M55-59,91,Open,United States,41:46,,2:47:34,,1:56:48,5:35:43
1860,528,Roberto Alfonzo Larrain,M50-54,182,Open,Panama,40:43,,2:51:05,,1:54:57,5:35:48
1861,996,Yoshino Katsuya,M45-49,261,Open,Japan,34:42,,2:56:09,,1:58:14,5:35:58
1862,703,Alejandro Orrego Canseco,M50-54,183,Open,Chile,38:59,,2:58:43,,1:49:16,5:36:04
1863,772,Dominic Toole,M50-54,184,Open,Australia,34:49,,2:51:08,,2:00:48,5:36:06
1864,1632,Pablo Ubico,M40-44,352,Open,Guatemala,48:31,,2:47:22,,1:52:02,5:36:11
1865,390,Richard Fitzgerald,M55-59,92,Open,United States,37:52,,2:50:26,,1:59:52,5:36:13
1866,1771,David Deakin,M35-39,348,Open,Australia,39:10,,2:51:15,,1:55:36,5:36:15
1867,1020,Michael Lelievre,M45-49,262,Open,France,35:55,,2:48:24,,2:05:58,5:36:20
1868,327,Bruce Thompson,M60-64,29,Open,United States,37:18,,2:58:55,,1:52:18,5:36:21
1869,436,Mark Malone,M55-59,93,Open,United States,40:21,,2:53:11,,1:52:18,5:36:24
1870,701,Brad Onofrio,M50-54,185,Open,United States,34:04,,2:56:17,,1:53:30,5:36:24
1871,759,Alfonso Sobero,M50-54,186,Open,Mexico,33:00,,2:49:19,,2:06:17,5:36:25
1872,2026,John Romais,M35-39,349,Open,United States,32:44,,2:57:19,,2:00:54,5:36:28
1873,1238,Stuart Bartholomew,M40-44,353,Open,Australia,39:21,,2:47:05,,2:02:05,5:36:30
1874,380,Johan Lau Diderichsen,M55-59,94,Open,Denmark,50:10,,2:50:23,,1:46:42,5:36:32
1875,1118,Alexander Salazar,M45-49,263,Open,Ecuador,47:11,,2:52:40,,1:48:09,5:36:39
1876,1323,Nicolas Duchene,M40-44,354,Open,France,28:16,,2:59:59,,2:01:39,5:36:39
1877,461,Sergio Peretti,M55-59,95,Open,Argentina,40:30,,2:45:18,,2:03:30,5:36:51
1878,178,Bruce Cook,M65-69,7,Open,United States,38:49,,2:56:27,,1:51:31,5:36:53
1879,693,Tatsuya Nagatani,M50-54,187,Open,Japan,34:44,,3:00:28,,1:51:33,5:36:53
1880,2032,Joona Saluveer,M35-39,350,Open,Estonia,32:39,,2:55:56,,1:59:07,5:37:15
1881,376,Bob Deeks,M55-59,96,Open,Canada,39:14,,2:54:27,,1:55:06,5:37:19
1882,1704,Jimmy Barrett,M35-39,351,Open,Australia,38:33,,2:59:42,,1:52:04,5:37:28
1883,237,Lorival Barbosa,M60-64,30,Open,Brazil,49:43,,2:48:11,,1:51:38,5:37:32
1884,2054,Blair Smillie,M35-39,352,Open,Australia,38:04,,2:54:04,,1:57:42,5:37:32
1885,698,Andre Obradovic,M50-54,188,Open,Australia,42:21,,2:54:26,,1:53:50,5:37:41
1886,354,Steven Bonawitz,M55-59,97,Open,United States,35:04,,2:52:38,,2:01:03,5:37:57
1887,704,Eddy Ou,M50-54,189,Open,United States,41:07,,3:02:53,,1:43:59,5:38:16
1888,550,Dan Cadriel,M50-54,190,Open,United States,37:39,,2:59:31,,1:52:19,5:38:16
1889,2535,Ben Cranwell,M25-29,184,Open,United Kingdom,30:33,,2:50:33,,2:08:57,5:38:20
1890,1620,Kw Alex Tang,M40-44,355,Open,Hong Kong,40:34,,2:55:46,,1:54:46,5:38:34
1891,253,Steve Dougherty,M60-64,31,Open,United States,41:07,,2:58:15,,1:51:59,5:38:46
1892,488,Gerry Steinberg,M55-59,98,Open,Germany,43:45,,2:56:25,,1:51:37,5:38:50
1893,195,Raymond Kearsey,M65-69,8,Open,United Kingdom,44:22,,2:47:03,,1:55:21,5:38:51
1894,631,Stan Hopkins,M50-54,191,Open,United States,34:41,,2:53:06,,2:03:32,5:38:52
1895,1863,Nathan Kammann,M35-39,353,Open,Australia,38:20,,3:02:29,,1:50:58,5:38:52
1896,421,Ron Kelly,M55-59,99,Open,United States,36:12,,2:49:27,,2:05:11,5:38:56
1897,357,Garrett Brown,M55-59,100,Open,United States,41:26,,2:47:54,,1:59:24,5:39:04
1898,514,Peter C Wilson,M55-59,101,Open,United States,37:16,,2:53:30,,2:01:26,5:39:10
1899,2183,Mathieu Comeau,M30-34,285,Open,Canada,35:12,,2:55:35,,1:59:11,5:39:11
1900,663,Richard Leone,M50-54,192,Open,Guam,40:32,,2:48:50,,2:01:30,5:39:15
1901,210,Jean Marc Primault,M65-69,9,Open,France,35:22,,2:50:02,,2:04:53,5:39:16
1902,288,Christopher Mennie,M60-64,32,Open,Australia,41:19,,2:58:05,,1:50:07,5:39:17
1903,389,Joshua Fishkin,M55-59,102,Open,United States,41:44,,2:41:46,,2:02:11,5:39:19
1904,1612,Michael Sullivan,M40-44,356,Open,Mexico,39:09,,2:56:00,,1:56:27,5:39:27
1905,768,Bryan Tillyer,M50-54,193,Open,United Kingdom,42:10,,2:54:03,,1:51:58,5:39:27
1906,1379,Kevin Halpin,M40-44,357,Open,United States,35:35,,2:56:30,,1:59:05,5:39:28
1907,1628,Junior Tremblay,M40-44,358,Open,Canada,41:10,,2:50:40,,2:00:51,5:39:39
1908,293,Steve Nabity,M60-64,33,Open,United States,41:36,,2:49:15,,2:00:37,5:39:42
1909,606,Daniel Goff,M50-54,194,Open,United States,41:11,,2:57:38,,1:53:36,5:39:46
1910,583,Kenneth Easter,M50-54,195,Open,Hong Kong,36:09,,2:57:53,,1:57:37,5:39:48
1911,401,Frank Gerstenschläger,M55-59,103,Open,Germany,36:02,,2:53:14,,2:03:19,5:39:52
1912,1592,Schneider Simon Florian,M40-44,359,Open,Germany,41:33,,2:46:31,,2:03:08,5:39:56
1913,1601,Diego Soto,M40-44,360,Open,United States,44:37,,2:50:45,,1:56:09,5:39:57
1914,1484,Isao Masugata,M40-44,361,Open,Japan,34:00,,2:59:29,,1:57:51,5:39:57
1915,2835,Connor Torre,M18-24,96,Open,United States,33:15,,2:49:05,,2:08:59,5:40:00
1916,167,John Austin,M65-69,10,Open,United States,43:59,,2:59:09,,1:46:53,5:40:01
1917,971,Allard Holthaus,M45-49,264,Open,Netherlands,38:35,,2:57:01,,1:55:30,5:40:05
1918,1212,Paul Zambrano Carrero,M45-49,265,Open,Venezuela,32:52,,2:59:58,,1:59:14,5:40:09
1919,561,Brian Ciaravino,M50-54,196,Open,United States,46:44,,2:54:03,,1:51:20,5:40:09
1920,2572,Nathan Scott Heintzeman,M25-29,185,Open,United States,40:22,,2:58:24,,1:53:28,5:40:09
1921,1342,Yanick Filion,M40-44,362,Open,Canada,39:37,,2:50:06,,2:02:34,5:40:12
1922,1570,Simon Roue,M40-44,363,Open,United Kingdom,41:17,,2:52:30,,1:56:42,5:40:22
1923,840,Paul Bikhazi,M45-49,266,Open,United States,38:09,,2:46:14,,2:06:54,5:40:35
1924,1679,Daniel Achondo,M35-39,354,Open,Philippines,43:09,,2:50:29,,1:58:57,5:40:39
1925,633,David Hunt,M50-54,197,Open,United Kingdom,41:58,,3:01:01,,1:50:51,5:40:39
1926,1073,Marco Papaleo,M45-49,267,Open,United States,39:49,,2:50:21,,2:03:15,5:40:40
1927,2355,Nico Ortiz,M30-34,286,Open,Colombia,30:45,,2:41:40,,2:20:18,5:40:45
1928,1509,Werner Nel,M40-44,364,Open,South Africa,34:20,,2:50:12,,2:08:22,5:40:47
1929,424,Christopher Klein,M55-59,104,Open,United States,38:54,,3:00:25,,1:53:27,5:40:49
1930,708,Paolo Patelli,M50-54,198,Open,Switzerland,34:22,,2:49:06,,2:07:33,5:40:49
1931,797,Mauricio Zarama,M50-54,199,Open,Colombia,42:17,,3:07:14,,1:41:35,5:40:53
1932,2217,Robert Fallon,M30-34,287,Open,Australia,36:50,,2:55:46,,2:01:18,5:40:58
1933,1216,Pascal Aeschlimann,M40-44,365,Open,Switzerland,53:37,,2:53:44,,1:45:09,5:40:59
1934,367,Geron Cowherd,M55-59,105,Open,Canada,42:33,,2:47:02,,1:57:36,5:41:00
1935,803,Pedro Acosta,M45-49,268,Open,Mexico,32:11,,3:01:32,,1:58:43,5:41:03
1936,1529,Jeff Parulan,M40-44,366,Open,Philippines,45:12,,2:56:32,,1:52:57,5:41:06
1937,471,Paulo Ricardo Soares dos Santos,M55-59,106,Open,Brazil,38:00,,2:58:04,,1:57:48,5:41:11
1938,1035,Brian Mann,M45-49,269,Open,United States,43:47,,2:54:56,,1:54:53,5:41:20
1939,240,Kevin Berg,M60-64,34,Open,United States,36:08,,3:01:01,,1:54:36,5:41:21
1940,897,Edward Dailey,M45-49,270,Open,United States,42:12,,3:04:01,,1:47:59,5:41:26
1941,344,Brad Applegate,M55-59,107,Open,United States,40:42,,2:57:16,,1:55:12,5:41:33
1942,1936,Rodrigo Mendez,M35-39,355,Open,Mexico,34:24,,3:04:59,,1:53:12,5:41:35
1943,483,Satoshi Nagaoka,M55-59,108,Open,Japan,41:11,,2:49:52,,2:02:57,5:41:39
1944,1126,Andrew Schleis,M45-49,271,Open,United States,31:22,,2:55:21,,2:08:24,5:41:39
1945,2383,Leo Reyes,M30-34,288,Open,Philippines,44:18,,3:02:20,,1:44:55,5:41:44
1946,439,Tom Mcinnes,M55-59,109,Open,United Kingdom,41:33,,2:59:14,,1:52:56,5:41:44
1947,1176,Bang Trinh,M45-49,272,Open,Vietnam,39:48,,3:02:49,,1:52:36,5:41:45
1948,395,David Frazer,M55-59,110,Open,United States,33:42,,2:58:13,,2:02:04,5:41:45
1949,799,Wenbing Zhu,M50-54,200,Open,China,38:43,,2:52:50,,2:03:13,5:41:51
1950,2871,Yoshito Yamada,M55-59,111,Open,Japan,41:54,,3:03:15,,1:48:43,5:41:55
1951,2200,Daniel Dodig,M30-34,289,Open,Australia,34:31,,2:57:36,,2:03:31,5:42:01
1952,1029,Leslie Luciano,M45-49,273,Open,Puerto Rico,36:11,,3:07:43,,1:51:12,5:42:04
1953,186,Jim Fuller,M65-69,11,Open,United States,36:10,,2:59:46,,1:58:12,5:42:07
1954,2816,Enrico Pisuena,M18-24,97,Open,Philippines,47:05,,2:58:49,,1:51:09,5:42:08
1955,398,Günter Geimer,M55-59,112,Open,Germany,40:37,,2:53:39,,2:00:33,5:42:09
1956,437,Tony Manson,M55-59,113,Open,New Zealand,43:04,,2:57:23,,1:53:07,5:42:10
1957,709,Esteve Payeras,M50-54,201,Open,Spain,47:02,,2:57:37,,1:49:21,5:42:16
1958,441,Meyer Pablo,M55-59,114,Open,Mexico,44:04,,2:54:02,,1:57:23,5:42:18
1959,1199,Mikael Wijkmark,M45-49,274,Open,Sweden,39:46,,2:43:01,,2:12:02,5:42:20
1960,844,Michael Bond,M45-49,275,Open,United States,41:05,,2:53:56,,1:57:36,5:42:22
1961,1113,Shawn Russett,M45-49,276,Open,Canada,37:56,,2:54:50,,2:01:14,5:42:30
1962,1096,Craig Richardson,M45-49,277,Open,United Kingdom,47:43,,2:54:56,,1:53:13,5:42:30
1963,947,Andreas Goros,M45-49,278,Open,Greece,35:06,,3:09:09,,1:51:10,5:42:45
1964,2188,Robert Crawford,M30-34,290,Open,South Africa,41:10,,2:56:19,,1:57:56,5:42:45
1965,324,Raymond Stoklosa,M60-64,35,Open,France,34:49,,2:46:36,,2:11:58,5:42:51
1966,581,J Drummond,M50-54,202,Open,United States,38:49,,2:46:42,,2:09:10,5:42:57
1967,359,William Caldwell,M55-59,115,Open,United States,33:40,,3:08:50,,1:51:21,5:42:58
1968,712,Urs Picco,M50-54,203,Open,Switzerland,38:13,,2:46:42,,2:07:38,5:42:58
1969,1796,Ben Farnsworth,M35-39,356,Open,United Kingdom,46:10,,2:39:05,,2:08:29,5:43:08
1970,422,Stephen Kemp,M55-59,116,Open,United Kingdom,38:23,,2:57:49,,1:59:52,5:43:10
1971,501,Tosh Ueda,M55-59,117,Open,Japan,37:43,,2:57:45,,1:59:35,5:43:10
1972,864,Sam Cardona,M45-49,279,Open,Puerto Rico,43:02,,2:56:16,,1:57:21,5:43:15
1973,857,Tim Brown,M45-49,280,Open,United States,35:29,,2:57:31,,2:02:06,5:43:24
1974,2130,Abdulrahman Al Hosani,M30-34,291,Open,United Arab Emirates,38:59,,3:03:43,,1:53:43,5:43:36
1975,2487,Shunsuke Yamanaka,M30-34,292,Open,Japan,34:55,,2:51:35,,2:08:30,5:43:41
1976,2744,Matthew Burnett,M18-24,98,Open,United States,32:09,,2:53:43,,2:11:05,5:43:43
1977,1676,Giovanni Zem,M40-44,367,Open,Brazil,43:37,,3:05:17,,1:44:48,5:43:53
1978,1042,David Mattson,M45-49,281,Open,New Zealand,33:17,,2:50:39,,2:11:17,5:43:55
1979,1220,Onder Anilturk,M40-44,368,Open,Turkey,41:44,,2:48:29,,2:05:40,5:43:58
1980,255,Bill Edwards,M60-64,36,Open,United States,41:14,,2:52:43,,2:01:18,5:44:06
1981,2148,Raphael Bernet,M30-34,293,Open,Switzerland,37:36,,2:49:32,,2:09:31,5:44:08
1982,1331,Windell Ellorimo,M40-44,369,Open,Philippines,42:55,,2:57:38,,1:54:45,5:44:15
1983,2293,Benoit Lamothe-Michaud,M30-34,294,Open,Canada,38:41,,2:49:54,,2:07:39,5:44:17
1984,573,Marc D'Hooge,M50-54,204,Open,Luxembourg,43:59,,2:52:18,,1:58:50,5:44:19
1985,517,Björn Ydremark,M55-59,118,Open,Sweden,39:12,,2:45:36,,2:11:28,5:44:20
1986,419,David Jones,M55-59,119,Open,United States,34:04,,2:56:45,,2:02:51,5:44:24
1987,341,Greg Alverson,M55-59,120,Open,United States,36:41,,2:59:55,,1:59:02,5:44:25
1988,420,Peter Kavalus,M55-59,121,Open,United States,38:34,,2:50:46,,2:05:46,5:44:30
1989,2768,Llewelyn Edwards,M18-24,99,Open,United Kingdom,41:26,,2:55:37,,1:58:43,5:44:36
1990,688,Mori Hidefumi,M50-54,205,Open,Japan,39:51,,3:03:05,,1:52:39,5:44:50
1991,485,Roger Seeck,M55-59,122,Open,Germany,38:02,,2:53:56,,2:06:12,5:44:51
1992,2631,Mert Salur,M25-29,186,Open,Turkey,41:13,,3:00:18,,1:55:54,5:45:01
1993,1243,Greg Becker,M40-44,370,Open,South Africa,38:29,,2:52:21,,2:07:07,5:45:03
1994,2353,Alejandro Orellana Silva,M30-34,295,Open,Mexico,43:58,,2:52:47,,1:57:55,5:45:09
1995,2547,Guan Du,M25-29,187,Open,China,49:41,,2:44:37,,1:57:08,5:45:19
1996,754,Lars Sletten,M50-54,206,Open,Norway,38:08,,3:03:56,,1:53:44,5:45:41
1997,396,Paul Gafner,M55-59,123,Open,Switzerland,47:02,,2:47:00,,2:04:12,5:45:50
1998,283,Barry Leonard,M60-64,37,Open,United States,47:48,,3:01:46,,1:48:04,5:45:51
1999,2757,Francis Curro,M18-24,100,Open,Australia,39:00,,3:11:46,,1:46:52,5:45:52
2000,271,Thomas Hall,M60-64,38,Open,Canada,37:16,,3:05:02,,1:56:16,5:45:56
2001,695,Kai Nieruch,M50-54,207,Open,Germany,33:53,,2:56:27,,2:03:48,5:46:02
2002,2701,Toan Tran,M25-29,188,Open,Vietnam,43:08,,2:56:04,,1:59:30,5:46:03
2003,1472,Gene Paul Majarocon,M40-44,371,Open,Philippines,43:48,,2:52:40,,2:03:12,5:46:10
2004,463,Francis Pinckers,M55-59,124,Open,Belgium,45:58,,2:52:17,,1:58:38,5:46:11
2005,2854,Mark Alderman,M50-54,208,Open,United States,39:03,,2:42:49,,2:17:20,5:46:16
2006,2765,Neil Dsilva,M18-24,101,Open,India,46:57,,3:04:10,,1:44:11,5:46:16
2007,763,Christoph Sudfeld,M50-54,209,Open,Germany,35:06,,3:03:14,,2:00:04,5:46:17
2008,2001,Paul Pulze,M35-39,357,Open,United Kingdom,37:39,,3:04:12,,1:54:29,5:46:24
2009,788,Ken White,M50-54,210,Open,United States,42:51,,2:57:32,,1:58:57,5:47:02
2010,338,Jasim Albastaki,M55-59,125,Open,Bahrain,44:58,,3:00:37,,1:52:50,5:47:04
2011,1648,Georg Vogelmann,M40-44,372,Open,Germany,44:20,,2:56:30,,1:57:31,5:47:18
2012,2480,Lawrence Ka Ho Wong,M30-34,296,Open,Hong Kong,40:28,,3:00:05,,1:58:15,5:47:19
2013,1619,Minoru Takano,M40-44,373,Open,Japan,38:07,,2:51:59,,2:05:12,5:47:24
2014,318,Michael Skivington,M60-64,39,Open,United Kingdom,43:02,,2:57:10,,1:58:23,5:47:25
2015,276,Mark Holland,M60-64,40,Open,United States,36:22,,2:48:39,,2:15:52,5:47:33
2016,513,Richard Wilks,M55-59,126,Open,United Kingdom,35:38,,2:55:18,,2:08:56,5:47:35
2017,2322,Johnny Margo,M30-34,297,Open,Australia,34:25,,3:04:27,,2:00:09,5:47:52
2018,617,Doug Hahn,M50-54,211,Open,Canada,33:58,,2:51:03,,2:15:36,5:47:55
2019,1364,Luis Gonzalez,M40-44,374,Open,Mexico,44:05,,2:57:32,,1:57:28,5:47:58
2020,1667,Wojciech Woziwodzki,M40-44,375,Open,Poland,46:48,,3:01:33,,1:52:17,5:47:58
2021,545,Daniel Brewer,M50-54,212,Open,United States,36:02,,3:27:46,,1:36:51,5:48:18
2022,336,Yamada Naonori,M60-64,41,Open,Japan,43:20,,3:03:37,,1:53:40,5:48:29
2023,1716,Peter Berry,M35-39,358,Open,Australia,37:55,,3:08:25,,1:54:49,5:48:29
2024,556,Cristian Castro,M50-54,213,Open,Chile,37:12,,3:02:24,,2:01:19,5:48:34
2025,477,Miguel Rojo Huysmans Rojo Huysmans,M55-59,127,Open,Spain,47:14,,2:46:55,,2:05:16,5:48:57
2026,507,Steven Wade,M55-59,128,Open,United States,37:32,,2:54:44,,2:09:09,5:49:06
2027,219,Richard Schingler,M65-69,12,Open,United States,37:46,,2:52:47,,2:10:22,5:49:11
2028,1005,Christof Dr. Knebel,M45-49,282,Open,Germany,43:01,,2:57:07,,2:01:32,5:49:19
2029,2780,Mauricio Guell,M18-24,102,Open,Costa Rica,37:52,,3:06:43,,1:56:31,5:49:25
2030,1731,Ross Bremner,M35-39,359,Open,United Kingdom,42:40,,2:49:16,,2:08:50,5:49:25
2031,2510,Faisal Bin Hajar,M25-29,189,Open,United Arab Emirates,42:03,,2:49:39,,2:10:43,5:49:39
2032,310,Miron Schneider,M60-64,42,Open,Austria,40:55,,2:50:32,,2:05:27,5:49:40
2033,415,Hiroshi Iwabuchi,M55-59,129,Open,Japan,38:45,,2:52:29,,2:10:07,5:49:45
2034,837,Lester Benitez,M45-49,283,Open,United States,44:49,,2:58:31,,1:55:48,5:49:46
2035,1304,James Dalton,M40-44,376,Open,United Kingdom,44:44,,2:57:42,,1:57:26,5:49:49
2036,858,Jeffrey Bullins,M45-49,284,Open,United States,33:38,,3:16:07,,1:52:24,5:49:55
2037,1225,Dennis Avendano,M40-44,377,Open,Philippines,37:59,,2:57:19,,2:07:20,5:49:57
2038,170,Steve Bell,M65-69,13,Open,United States,41:19,,3:02:47,,1:58:01,5:50:00
2039,758,Michael Snyder,M50-54,214,Open,United States,31:44,,3:03:09,,2:05:06,5:50:02
2040,2748,Chen Chenghao,M18-24,103,Open,China,44:09,,2:59:36,,1:57:37,5:50:11
2041,1060,Yasushi Nakahara,M45-49,285,Open,Japan,39:07,,3:04:51,,1:57:05,5:50:12
2042,973,Paul Hough,M45-49,286,Open,South Africa,44:22,,3:01:43,,1:54:51,5:50:38
2043,160,Robert Tebo,M70-74,1,Open,United States,40:53,,3:02:26,,1:58:42,5:50:39
2044,2069,Ken Takahashi,M35-39,360,Open,Japan,42:28,,2:55:43,,2:02:25,5:50:54
2045,1787,Matt Dunn,M35-39,361,Open,United States,30:19,,3:19:44,,1:53:21,5:50:56
2046,1408,Stanislaw Janowski,M40-44,378,Open,Poland,43:57,,2:53:49,,2:05:24,5:50:58
2047,2650,Dj Racette,M25-29,190,Open,United States,42:17,,2:55:34,,2:05:01,5:51:01
2048,1083,Pierre Pichette,M45-49,287,Open,Canada,36:34,,2:55:10,,2:11:13,5:51:15
2049,878,Remi Cichosz,M45-49,288,Open,Poland,50:25,,3:01:49,,1:47:09,5:51:16
2050,1530,Kieron Paterson,M40-44,379,Open,Australia,34:34,,3:37:29,,1:33:58,5:51:48
2051,951,Andreas Grundsell,M45-49,289,Open,Sweden,38:40,,3:06:03,,1:59:34,5:51:49
2052,443,Shannon Moncrieff,M55-59,130,Open,Canada,45:36,,3:00:40,,1:55:36,5:51:50
2053,490,Jeff Sturd,M55-59,131,Open,United States,36:29,,2:54:40,,1:59:44,5:51:52
2054,231,steven adams,M60-64,43,Open,United Kingdom,44:15,,2:54:46,,2:04:21,5:52:14
2055,805,Rogelio Alba,M45-49,290,Open,Panama,37:06,,3:14:55,,1:50:05,5:52:19
2056,2363,Ramiro Peinado Flores,M30-34,298,Open,Mexico,41:40,,3:02:56,,1:58:55,5:52:24
2057,1821,Goksen Cinar,M35-39,362,Open,Turkey,36:27,,2:56:35,,2:11:33,5:52:45
2058,1812,Lassaad Gaiji,M35-39,363,Open,Tunisia,41:23,,3:16:57,,1:46:33,5:52:55
2059,267,Jeff Gordon,M60-64,44,Open,United States,43:54,,2:56:36,,2:01:51,5:52:58
2060,2801,Jack Lorge,M18-24,104,Open,United States,38:24,,3:00:47,,2:03:26,5:53:01
2061,334,William Warren,M60-64,45,Open,United States,42:43,,3:02:59,,1:57:59,5:53:17
2062,1366,Nobuhiro Goto,M40-44,380,Open,Japan,34:34,,2:56:56,,2:14:22,5:53:18
2063,250,Tony Dallinger,M60-64,46,Open,New Zealand,42:52,,3:00:41,,2:00:32,5:53:20
2064,305,Jeffrey Rippey,M60-64,47,Open,United States,37:53,,3:02:07,,2:04:02,5:53:44
2065,2670,Nicolas Schoj,M25-29,191,Open,Argentina,43:20,,3:00:40,,2:02:49,5:53:47
2066,585,Shaun Endsley,M50-54,215,Open,United States,43:41,,2:46:13,,2:15:31,5:53:52
2067,667,Jay Lochhead,M50-54,216,Open,United States,42:26,,2:57:50,,2:07:01,5:54:01
2068,1853,Ian Jeffrey,M35-39,364,Open,Canada,35:54,,2:45:41,,2:25:23,5:54:02
2069,290,Richard Miller,M60-64,48,Open,United Kingdom,44:55,,3:03:07,,1:54:00,5:54:03
2070,1207,Suguru Yamashita,M45-49,291,Open,Japan,46:10,,2:58:22,,1:57:57,5:54:16
2071,1668,Marc Wrobel,M40-44,381,Open,Australia,43:21,,2:52:51,,2:11:00,5:54:37
2072,2620,Juan Manuel Lopez Chinchilla,M25-29,192,Open,Costa Rica,41:33,,3:12:44,,1:51:51,5:54:41
2073,2307,Eugene Lim,M30-34,299,Open,Singapore,37:25,,3:10:55,,1:58:23,5:54:42
2074,771,John Toohey,M50-54,217,Open,Australia,37:43,,2:58:18,,2:09:22,5:54:44
2075,843,Micha Boes,M45-49,292,Open,Germany,43:27,,2:55:16,,2:04:34,5:54:51
2076,493,Marcos Tawil,M55-59,132,Open,Mexico,41:57,,3:03:39,,1:58:35,5:54:56
2077,535,Lars Bergmann,M50-54,218,Open,Denmark,37:01,,3:03:37,,2:04:10,5:55:07
2078,2285,Leonid Kharlamov,M30-34,300,Open,Russian Federation,41:45,,3:06:56,,1:57:38,5:55:09
2079,1608,Mark Strathern,M40-44,382,Open,Australia,34:08,,2:52:37,,2:19:44,5:55:09
2080,1422,Wayne Kelly,M40-44,383,Open,Ireland,37:38,,2:46:21,,2:22:04,5:55:30
2081,675,Michael Mallow,M50-54,219,Open,United States,43:24,,3:06:40,,1:57:03,5:55:31
2082,696,Ian Nokes,M50-54,220,Open,Australia,39:53,,2:58:32,,2:10:00,5:55:33
2083,2030,James Rye,M35-39,365,Open,New Zealand,37:51,,2:53:45,,2:14:30,5:55:39
2084,687,Ian Moore,M50-54,221,Open,United Kingdom,42:29,,2:52:27,,2:12:47,5:55:40
2085,491,Jonathan Talbot,M55-59,133,Open,United Kingdom,40:45,,2:56:16,,2:06:45,5:55:54
2086,286,Max Joncart,M60-64,49,Open,Martinique,41:32,,3:01:17,,2:04:38,5:55:55
2087,2366,Minh Quang Pham,M30-34,301,Open,Vietnam,46:03,,3:01:00,,1:59:21,5:56:04
2088,329,Joseph Trettel,M60-64,50,Open,United States,39:04,,2:58:44,,2:08:53,5:56:06
2089,2354,Gildardo Emmanuel Ortiz Ordaz,M30-34,302,Open,Mexico,47:45,,3:00:37,,1:55:22,5:56:14
2090,621,John Hallis,M50-54,222,Open,Australia,38:20,,2:58:47,,2:12:07,5:56:16
2091,278,Saul Kahana,M60-64,51,Open,Costa Rica,47:21,,3:06:04,,1:52:59,5:56:20
2092,331,Leonard Vergunst,M60-64,52,Open,United States,52:15,,3:00:44,,1:52:20,5:56:20
2093,277,John Johnsen,M60-64,53,Open,United States,42:14,,2:54:56,,2:11:53,5:56:35
2094,2117,Tristan Yolland,M35-39,366,Open,Australia,41:40,,2:45:42,,2:22:20,5:56:41
2095,1427,Roderick Kilborn,M40-44,384,Open,Australia,36:40,,2:54:35,,2:18:06,5:56:51
2096,2423,Kristofer Soop,M30-34,303,Open,Estonia,46:36,,3:01:14,,2:02:58,5:56:53
2097,1754,Marc Cornell,M35-39,367,Open,Australia,35:56,,3:08:39,,2:05:47,5:57:16
2098,209,Pat Peppler,M65-69,14,Open,United States,40:05,,3:14:48,,1:54:14,5:57:19
2099,519,David Zanotelli,M55-59,134,Open,Brazil,37:34,,3:09:53,,2:00:14,5:57:29
2100,1434,Alexander Kochetkov,M40-44,385,Open,Lithuania,51:34,,3:01:46,,1:57:44,5:57:34
2101,238,Lorand Batten,M60-64,54,Open,United States,51:28,,2:52:52,,2:06:20,5:57:44
2102,265,David Goins,M60-64,55,Open,United States,48:05,,3:07:44,,1:54:51,5:57:49
2103,435,Janos Mako,M55-59,135,Open,United States,45:06,,3:11:18,,1:54:05,5:58:03
2104,2324,Claudio Martinez Sosa,M30-34,304,Open,Argentina,39:49,,3:01:05,,2:10:24,5:58:11
2105,1865,Terry Coll,M35-39,368,Open,Taiwan,40:10,,3:00:24,,2:09:03,5:58:14
2106,2849,Michael Silverman,M55-59,136,Open,United States,45:16,,2:54:22,,2:10:37,5:58:27
2107,735,Hiroshi Sakai,M50-54,223,Open,Japan,36:45,,3:06:24,,2:05:07,5:58:28
2108,180,Graham Crocker,M65-69,15,Open,Australia,32:46,,3:01:25,,2:16:36,5:58:28
2109,1401,Masaki Imai,M40-44,386,Open,Japan,47:06,,2:59:13,,2:02:37,5:58:48
2110,2129,Antonio Alcantara Granja,M30-34,305,Open,Spain,42:22,,3:11:47,,1:57:37,5:58:51
2111,2284,Martins Kengis,M30-34,306,Open,Latvia,46:09,,2:48:24,,2:15:52,5:58:57
2112,1695,Alan Ascencio,M35-39,369,Open,United States,44:03,,3:14:22,,1:52:15,5:59:04
2113,257,Walter Fairfax,M60-64,56,Open,United States,49:58,,3:08:54,,1:50:49,5:59:14
2114,1391,Keith Ho,M40-44,387,Open,United States,35:00,,3:08:29,,2:06:31,5:59:16
2115,2739,Mark Blick,M40-44,388,Open,Hong Kong,36:21,,2:59:50,,2:14:25,5:59:29
2116,450,Marek Nowakowski,M55-59,137,Open,Canada,54:23,,2:52:21,,1:58:30,5:59:36
2117,629,John Herzog,M50-54,224,Open,United States,47:29,,2:56:29,,2:08:35,5:59:43
2118,2431,Dave stirling,M30-34,307,Open,Canada,34:33,,3:04:04,,2:09:56,5:59:45
2119,2696,Xabier Tijero,M25-29,193,Open,Spain,28:07,,2:40:49,,2:45:28,6:00:06
2120,2618,No Liushibo,M25-29,194,Open,China,50:20,,3:12:04,,1:50:30,6:00:21
2121,433,Mike Lynch,M55-59,138,Open,New Zealand,46:49,,2:48:06,,2:16:16,6:00:34
2122,1087,Ralph Porto,M45-49,293,Open,Brazil,34:21,,2:55:09,,2:23:39,6:00:56
2123,442,Drazen Milos,M55-59,139,Open,South Africa,42:22,,3:04:05,,2:04:41,6:00:59
2124,2000,John Poore,M35-39,370,Open,United States,46:11,,3:05:30,,2:01:03,6:01:22
2125,467,Andrew Quong,M55-59,140,Open,United States,49:49,,2:58:28,,2:05:34,6:01:31
2126,132,Ian de Kam,M70-74,2,Open,Australia,48:18,,3:00:12,,2:04:27,6:01:32
2127,852,Russ Brandt,M45-49,294,Open,United States,33:29,,2:35:06,,2:35:09,6:01:38
2128,482,Alejandro Sambad,M55-59,141,Open,Argentina,42:34,,2:54:09,,2:17:41,6:01:50
2129,974,matthew howard,M45-49,295,Open,Australia,38:04,,3:10:52,,2:02:07,6:01:55
2130,340,Richard Allan,M55-59,142,Open,United Kingdom,36:13,,3:07:00,,2:07:38,6:01:59
2131,306,Nelson Rivera,M60-64,57,Open,Chile,44:32,,2:59:05,,2:11:03,6:02:12
2132,1186,Davide Varoli,M45-49,296,Open,Italy,33:13,,2:48:14,,2:33:18,6:02:32
2133,2867,Adolfo Minoza,M50-54,225,Open,Philippines,42:33,,2:58:30,,2:12:23,6:02:38
2134,1340,Katie Yoshio Inoue,M40-44,389,Open,Brazil,37:53,,3:00:14,,2:15:19,6:02:46
2135,2055,Jonathan Smith,M35-39,371,Open,United States,38:37,,2:56:02,,2:16:29,6:03:05
2136,193,John Hollenhorst,M65-69,16,Open,United States,42:44,,3:18:20,,1:51:37,6:03:10
2137,1031,Robbie Macnab,M45-49,297,Open,United Kingdom,31:39,,3:11:38,,2:12:26,6:03:16
2138,175,Mats Claesson,M65-69,17,Open,Sweden,40:22,,3:03:28,,2:10:29,6:03:27
2139,810,Paul Allen,M45-49,298,Open,Japan,44:40,,3:16:46,,1:53:48,6:03:27
2140,1179,Martin Tusgaard Christensen,M45-49,299,Open,Denmark,39:42,,3:05:05,,2:09:20,6:04:05
2141,296,Michael Ogul,M60-64,58,Open,United States,43:40,,2:48:03,,2:17:58,6:04:19
2142,654,Paul Knellwolf,M50-54,226,Open,Australia,32:53,,3:02:14,,2:20:45,6:04:20
2143,187,Keith Goodwin,M65-69,18,Open,United States,37:23,,3:06:53,,2:10:45,6:04:21
2144,176,Philippe Clerc,M65-69,19,Open,Guadeloupe,45:02,,3:06:03,,2:06:18,6:04:56
2145,634,Yuyeon Hwang,M50-54,227,Open,Korea,52:20,,3:02:58,,2:01:39,6:05:00
2146,733,Ed Rusk,M50-54,228,Open,United States,42:51,,3:05:13,,2:08:25,6:05:04
2147,538,Philippe Blatter,M50-54,229,Open,Switzerland,32:45,,3:05:43,,2:13:42,6:05:04
2148,1558,Simon Reynolds,M40-44,390,Open,United Kingdom,43:53,,3:08:54,,2:03:11,6:05:26
2149,736,Arturo Salas,M50-54,230,Open,Bahamas,42:32,,2:59:43,,2:13:23,6:05:30
2150,260,Waldemar Gabold,M60-64,59,Open,Germany,37:23,,3:05:21,,2:12:07,6:05:31
2151,1236,Lee Barnfield,M40-44,391,Open,United Kingdom,38:01,,3:01:32,,2:16:47,6:05:31
2152,1678,Igor Abramovitch,M35-39,372,Open,Canada,36:17,,3:06:12,,2:12:57,6:05:32
2153,582,Eric Dupuis,M50-54,231,Open,Canada,43:10,,3:06:26,,2:06:54,6:05:48
2154,1097,bruce richter,M45-49,300,Open,United States,34:28,,3:08:14,,2:15:37,6:06:50
2155,212,Ron Rasque,M65-69,20,Open,United States,43:15,,3:09:44,,1:59:49,6:06:52
2156,618,James Hall,M50-54,232,Open,United States,38:44,,3:07:20,,2:09:26,6:06:54
2157,895,Scott Curley,M45-49,301,Open,United Kingdom,38:41,,3:08:32,,2:12:58,6:07:00
2158,816,Christoph Arndt,M45-49,302,Open,Germany,38:41,,3:15:04,,2:04:48,6:07:03
2159,2653,Rait Rebane,M25-29,195,Open,Estonia,37:57,,3:03:10,,2:19:02,6:07:11
2160,308,Gerald Russbueldt,M60-64,60,Open,Germany,47:17,,3:12:06,,1:59:45,6:07:39
2161,312,Anthony Schreiner,M60-64,61,Open,United States,45:00,,3:05:12,,2:07:56,6:07:59
2162,158,John Strait,M70-74,3,Open,United States,41:37,,2:57:37,,2:19:52,6:08:05
2163,2446,Alexander Trifonov,M30-34,308,Open,Russian Federation,43:33,,3:07:59,,2:07:49,6:08:06
2164,662,Bert Lejeune,M50-54,233,Open,United States,40:41,,3:12:05,,2:06:28,6:08:18
2165,1746,Sukwon Chung,M35-39,373,Open,Korea,46:31,,3:10:31,,2:02:10,6:08:19
2166,307,Gustavo Romero,M60-64,62,Open,Argentina,37:47,,3:14:37,,2:07:26,6:08:28
2167,1837,Clay Belcher,M35-39,374,Open,Australia,39:31,,2:56:17,,2:19:48,6:08:31
2168,100,Jan Tománek,MPC,,Open,Czechia,42:03,,3:37:36,,1:35:34,6:08:32
2169,2275,Keisuke Ikeda,M30-34,309,Open,Japan,31:49,,3:15:50,,2:08:25,6:08:43
2170,476,Paul Rohwer,M55-59,143,Open,Australia,43:23,,3:01:07,,2:13:41,6:09:08
2171,2715,Jesse White,M25-29,196,Open,United States,40:44,,3:12:26,,2:06:44,6:09:27
2172,313,Naruo Sekigami,M60-64,63,Open,Japan,42:43,,3:06:27,,2:09:35,6:09:41
2173,872,Jaime Alejandro Cervantes Covarrubias,M45-49,303,Open,Mexico,37:58,,3:03:14,,2:22:33,6:10:07
2174,272,William Hathaway,M60-64,64,Open,United States,34:01,,3:15:11,,2:11:34,6:10:38
2175,529,Anthony Head,M50-54,234,Open,Japan,40:18,,3:05:18,,2:11:39,6:10:40
2176,1735,Michael Buenaflor,M35-39,375,Open,Philippines,44:33,,2:52:26,,2:26:09,6:10:55
2177,1917,Martin Mallon,M35-39,376,Open,Ireland,29:44,,3:05:58,,2:26:59,6:11:02
2178,273,Tom Hennessy,M60-64,65,Open,United States,41:37,,2:59:48,,2:17:42,6:11:07
2179,964,Roddy Henderson,M45-49,304,Open,United States,42:59,,2:59:20,,2:20:20,6:11:21
2180,239,Gary Berebitsky,M60-64,66,Open,United States,39:52,,3:23:25,,1:55:48,6:11:32
2181,274,Max Henry,M60-64,67,Open,United States,35:16,,3:09:17,,2:17:22,6:11:37
2182,648,Ron Kalich,M50-54,235,Open,United States,43:39,,3:16:19,,2:01:05,6:12:07
2183,943,Mauro Giorchino,M45-49,305,Open,Brazil,32:52,,3:15:31,,2:12:03,6:12:17
2184,204,Joseph Orpaz,M65-69,21,Open,Israel,44:40,,3:07:29,,2:07:13,6:12:21
2185,2804,Robert Maughan,M18-24,105,Open,United States,41:58,,3:14:54,,2:07:25,6:12:31
2186,1522,Cesar Opazo,M40-44,392,Open,Chile,28:25,,3:41:23,,1:55:41,6:12:34
2187,870,Oliver Cerbo,M45-49,306,Open,Guam,42:41,,3:12:20,,2:08:46,6:12:55
2188,127,Patrick Bourdillon,M70-74,4,Open,United States,47:55,,3:06:08,,2:09:36,6:12:59
2189,1854,Danny Jenner,M35-39,377,Open,United Kingdom,38:18,,2:54:47,,2:28:49,6:13:10
2190,2309,Tobias Lindstaedt,M30-34,310,Open,Germany,38:34,,2:46:47,,2:40:44,6:13:13
2191,2420,Martin Simonsen,M30-34,311,Open,Denmark,33:45,,3:29:06,,2:01:51,6:13:24
2192,192,Monte Hitchcock,M65-69,22,Open,United States,40:11,,3:16:06,,2:07:13,6:13:33
2193,991,Duncan Johnston,M45-49,307,Open,Australia,43:29,,3:07:13,,2:13:33,6:14:08
2194,2393,Martin Rosenzweig,M30-34,312,Open,Germany,33:47,,4:00:27,,1:34:02,6:14:38
2195,917,Bryan Dunn,M45-49,308,Open,United States,33:44,,3:45:40,,1:47:05,6:14:39
2196,2112,Derek Wong,M35-39,378,Open,Hong Kong,47:45,,3:11:23,,2:08:43,6:14:53
2197,2812,Lloyd Johsiff Ompad,M18-24,106,Open,Philippines,45:45,,3:08:49,,2:11:36,6:14:59
2198,2782,David Hauser,M18-24,107,Open,United States,50:12,,3:15:46,,1:59:02,6:14:59
2199,2546,Brian Doyle,M25-29,197,Open,United States,37:10,,3:02:01,,2:27:35,6:15:27
2200,432,Joachim Löffel,M55-59,144,Open,Germany,46:46,,3:07:18,,2:10:15,6:15:31
2201,814,Nedim Anter,M45-49,309,Open,Turkey,40:43,,3:12:34,,2:08:27,6:15:46
2202,1832,Eric Helsher,M35-39,379,Open,United States,46:51,,3:18:52,,1:59:52,6:15:55
2203,502,Wayne Van Sickle,M55-59,145,Open,United States,46:48,,3:00:32,,2:18:16,6:16:08
2204,203,Michael Orendorff,M65-69,23,Open,United States,40:46,,3:11:35,,2:14:34,6:16:11
2205,2246,Guangsen Guo,M30-34,313,Open,China,50:32,,3:16:25,,2:00:45,6:16:12
2206,411,Alistair Hood,M55-59,146,Open,Australia,46:22,,3:01:06,,2:18:48,6:16:14
2207,790,William Wiley,M50-54,236,Open,United States,37:25,,3:02:44,,2:27:21,6:16:27
2208,1172,Aaron Todd,M45-49,310,Open,United States,50:57,,3:11:51,,2:03:00,6:17:10
2209,1200,Scott Winnard,M45-49,311,Open,United Kingdom,39:57,,3:13:17,,2:18:02,6:17:33
2210,926,William Fischbach,M45-49,312,Open,United States,47:41,,2:59:24,,2:20:10,6:17:52
2211,1233,Glenn Barber,M40-44,393,Open,Australia,44:35,,3:28:53,,1:52:44,6:17:53
2212,287,Luis Pedro Menendez Castejon,M60-64,68,Open,Guatemala,50:43,,3:10:36,,2:02:59,6:17:55
2213,289,Jean Mertens,M60-64,69,Open,Switzerland,43:15,,2:56:19,,2:29:36,6:18:14
2214,311,Don Schoberg,M60-64,70,Open,United States,52:55,,3:08:06,,2:07:02,6:18:34
2215,2096,Rohit Verma,M35-39,380,Open,India,52:40,,3:14:25,,2:02:15,6:18:52
2216,933,Jose Alejandro Garcia Gonzalez,M45-49,313,Open,Mexico,37:34,,3:13:09,,2:18:46,6:18:56
2217,194,Volker Hopfmann,M65-69,24,Open,Germany,41:25,,3:11:02,,2:15:48,6:18:56
2218,299,Jan Olsson,M60-64,71,Open,Sweden,50:55,,3:11:32,,2:07:39,6:19:50
2219,279,Cj Ketterer,M60-64,72,Open,United States,47:10,,3:14:12,,2:08:03,6:19:55
2220,319,Brian Smallwood,M60-64,73,Open,United States,35:50,,3:01:44,,2:34:07,6:20:14
2221,813,Bayugar Martin Andres,M45-49,314,Open,Argentina,34:39,,3:10:24,,2:25:19,6:20:40
2222,2721,San Luis Wong Ting,M25-29,198,Open,Taiwan,45:01,,3:02:38,,2:24:56,6:20:54
2223,171,Andrew Brookner,M65-69,25,Open,United States,40:30,,3:24:11,,2:06:13,6:20:55
2224,199,Peter Leafe,M65-69,26,Open,New Zealand,42:46,,3:11:26,,2:16:14,6:20:57
2225,2878,Xiaojing Xiao,M25-29,199,Open,China,38:10,,3:26:47,,2:07:27,6:21:28
2226,382,Luca Dondi,M55-59,147,Open,Italy,53:44,,3:08:36,,2:09:40,6:21:34
2227,777,Katsumi Ueno,M50-54,237,Open,Japan,51:17,,3:31:51,,1:47:11,6:21:42
2228,532,Joseph Bachana,M50-54,238,Open,United States,40:58,,3:08:15,,2:22:30,6:21:58
2229,2376,Gareth Price,M30-34,314,Open,South Africa,48:38,,3:13:49,,2:10:15,6:22:24
2230,1460,Yixuan Chen,M40-44,394,Open,Canada,1:00:55,,3:18:35,,1:54:55,6:22:31
2231,906,Rav Dighe,M45-49,315,Open,United Kingdom,42:00,,3:19:13,,2:09:48,6:22:52
2232,174,Alvaro Chacon,M65-69,27,Open,Costa Rica,48:58,,3:12:37,,2:11:09,6:22:58
2233,1112,Michael Rushton,M45-49,316,Open,United States,36:22,,3:11:17,,2:26:12,6:23:00
2234,173,Jacques Caron,M65-69,28,Open,Canada,52:17,,3:03:52,,2:15:34,6:23:04
2235,1458,Renny Ling,M40-44,395,Open,Taiwan,44:34,,3:11:14,,2:16:08,6:23:28
2236,658,Pierre Lalsing,M50-54,239,Open,United Kingdom,42:12,,3:26:05,,2:03:42,6:23:29
2237,2876,Jorge Stern,M55-59,148,Open,Mexico,41:11,,3:11:25,,2:18:23,6:23:39
2238,1820,Atul Godbole,M35-39,381,Open,India,45:57,,3:30:27,,1:58:30,6:24:03
2239,2781,Shotaro Hashimoto,M18-24,108,Open,New Zealand,35:14,,3:25:37,,2:13:14,6:24:17
2240,1564,Steve Roe,M40-44,396,Open,Costa Rica,47:31,,3:13:38,,2:12:00,6:24:17
2241,120,Eli Iwens,M75-79,1,Open,Belgium,45:32,,3:15:27,,2:12:39,6:24:35
2242,347,Donald Baxter,M55-59,149,Open,United States,37:25,,3:16:43,,2:20:10,6:24:50
2243,254,Dave Dwan,M60-64,74,Open,New Zealand,37:12,,3:09:23,,2:28:36,6:24:55
2244,2040,Scott Layton,M35-39,382,Open,United States,39:23,,3:05:33,,2:29:43,6:25:02
2245,280,Fumio Kida,M60-64,75,Open,Japan,42:51,,3:07:23,,2:23:58,6:25:11
2246,207,Danny Pate,M65-69,29,Open,United States,53:39,,3:21:32,,1:59:04,6:25:35
2247,1106,Joe Rosati,M45-49,317,Open,United States,47:52,,3:33:45,,1:54:47,6:26:00
2248,314,Gérard Serra,M60-64,76,Open,France,46:46,,3:17:02,,2:13:26,6:26:09
2249,161,Dale Vaughan,M70-74,5,Open,United States,37:17,,3:08:57,,2:29:47,6:26:37
2250,802,Andreas Ache,M45-49,318,Open,Germany,43:05,,3:20:42,,2:14:16,6:26:54
2251,1977,Darrell Osborn,M35-39,383,Open,United States,42:32,,3:06:00,,2:29:45,6:27:34
2252,258,Mark Farlow,M60-64,77,Open,United States,47:31,,3:16:30,,2:14:18,6:28:08
2253,297,Janusz Oledzki,M60-64,78,Open,Poland,49:05,,3:13:28,,2:15:46,6:28:17
2254,1210,Jeon Yong Chul,M45-49,319,Open,Korea,42:10,,3:11:15,,2:22:32,6:28:21
2255,121,Fidel Rotondaro,M75-79,2,Open,Venezuela,41:38,,3:12:38,,2:23:28,6:28:41
2256,125,Harry Barnes,M70-74,6,Open,Canada,42:26,,3:24:19,,2:14:03,6:29:16
2257,183,Reinhard Drogla,M65-69,30,Open,Germany,41:47,,3:11:09,,2:26:25,6:29:56
2258,781,Giuseppe Viglialoro,M50-54,240,Open,Italy,40:08,,3:20:35,,2:19:35,6:30:06
2259,2870,Bernhard Wolf,M55-59,150,Open,Germany,43:23,,3:09:43,,2:28:04,6:30:17
2260,225,Mark Song,M65-69,31,Open,United States,37:18,,3:11:07,,2:30:53,6:30:21
2261,1531,Juan Patino,M40-44,397,Open,United States,41:49,,3:11:14,,2:30:50,6:30:31
2262,1208,Seiji Yamauchi,M45-49,320,Open,Japan,41:45,,3:26:24,,2:10:36,6:30:55
2263,164,Ken Zell,M70-74,7,Open,United States,39:49,,3:21:00,,2:19:19,6:30:58
2264,1116,Atsushi Sakata,M45-49,321,Open,Japan,45:02,,3:15:06,,2:19:23,6:31:51
2265,309,Kenneth Russell,M60-64,79,Open,United States,45:41,,3:09:28,,2:27:40,6:31:52
2266,1205,Patrick Wright,M45-49,322,Open,United States,51:04,,3:17:20,,2:05:29,6:32:01
2267,256,Ivan-Marcelo Espinosa,M60-64,80,Open,Ecuador,49:44,,3:14:11,,2:15:33,6:32:21
2268,191,Perry Heath,M65-69,32,Open,United States,42:56,,3:20:35,,2:20:05,6:33:26
2269,214,Tom Rizk,M65-69,33,Open,United States,35:46,,3:18:52,,2:28:23,6:34:27
2270,202,Dave Miller,M65-69,34,Open,United States,48:07,,3:29:23,,2:07:20,6:35:35
2271,177,Chris Conway,M65-69,35,Open,United States,41:32,,3:21:47,,2:21:45,6:37:11
2272,261,Hector Garcia,M60-64,81,Open,Puerto Rico,49:20,,3:13:45,,2:19:45,6:37:20
2273,143,David Lowe,M70-74,8,Open,United States,59:25,,3:20:59,,2:04:52,6:37:28
2274,611,William Fernando Guaman Ordoñez,M50-54,241,Open,Ecuador,53:11,,3:21:11,,2:15:24,6:37:29
2275,372,Dieter Dahmen,M55-59,151,Open,Germany,41:00,,3:16:28,,2:30:06,6:37:38
2276,2184,Michard Conrad,M30-34,315,Open,South Africa,39:07,,3:18:19,,2:34:06,6:38:17
2277,154,Gene Peters,M70-74,9,Open,United States,40:26,,3:23:33,,2:20:40,6:38:46
2278,2879,Juis Grados,M65-69,36,Open,Peru,53:48,,3:07:33,,2:28:22,6:39:32
2279,172,Robert Busher,M65-69,37,Open,United States,39:05,,3:15:52,,2:34:28,6:39:34
2280,189,Kevin Hann,M65-69,38,Open,New Zealand,48:57,,3:21:06,,2:21:03,6:39:50
2281,1892,Wyngard Lim,M35-39,384,Open,Philippines,48:19,,3:18:05,,2:24:05,6:40:02
2282,877,Sacha Cheong,M45-49,323,Open,Hong Kong,51:15,,3:28:30,,2:07:14,6:40:08
2283,1927,Mal Mcleod,M35-39,385,Open,Australia,51:24,,2:59:40,,2:38:46,6:40:21
2284,216,Akira Saito,M65-69,39,Open,Japan,38:21,,3:29:46,,2:19:34,6:40:30
2285,2807,Dalton Muchow,M18-24,109,Open,United States,44:58,,3:21:28,,2:21:49,6:40:33
2286,557,George Cespedes,M50-54,242,Open,Puerto Rico,43:31,,3:23:28,,2:20:37,6:40:52
2287,1068,KAZUHIRO ONO,M45-49,324,Open,Japan,36:16,,3:21:55,,2:29:57,6:40:56
2288,2434,Hiroshi Sudo,M30-34,316,Open,Japan,39:21,,3:15:50,,2:36:02,6:40:56
2289,780,Enrico Constantine Varella,M50-54,243,Open,Singapore,51:23,,3:33:43,,2:03:18,6:41:16
2290,399,Jean-Francois Genoud,M55-59,152,Open,Switzerland,39:41,,2:45:30,,3:08:47,6:41:37
2291,1120,Diego Salto,M45-49,325,Open,Costa Rica,46:17,,3:27:12,,2:19:42,6:42:12
2292,2142,Madoda Bambalaza,M30-34,317,Open,South Africa,1:04:53,,3:15:03,,2:13:04,6:43:16
2293,205,Giovanni Pastorelli,M65-69,40,Open,Italy,42:29,,3:15:09,,2:34:56,6:43:21
2294,408,Bruce Heiser,M55-59,153,Open,,38:26,,3:21:18,,2:36:31,6:43:24
2295,138,Jean Claude Sabathe,M70-74,10,Open,France,50:47,,3:30:20,,2:12:10,6:43:52
2296,201,Steve Mccormick,M65-69,41,Open,United States,54:05,,3:17:29,,2:22:33,6:45:19
2297,266,Jaime Gonzalez,M60-64,82,Open,Colombia,48:25,,3:21:14,,2:26:44,6:46:02
2298,833,Kyle Bellin,M45-49,326,Open,United States,46:43,,3:20:25,,2:28:06,6:46:08
2299,1445,Jason Laurence,M40-44,398,Open,United States,47:06,,3:09:32,,2:39:09,6:46:13
2300,2693,Denis Tenchurin,M25-29,200,Open,Russian Federation,49:43,,3:07:51,,2:36:54,6:46:28
2301,523,Alex Aguiar,M50-54,244,Open,Brazil,45:25,,3:21:16,,2:31:50,6:46:56
2302,129,Bruno Christen,M70-74,11,Open,Switzerland,56:45,,3:12:34,,2:26:17,6:47:59
2303,412,Floyd Huxford,M55-59,154,Open,United States,45:34,,3:00:24,,2:45:41,6:49:47
2304,165,Michael Zinn,M70-74,12,Open,United States,41:49,,3:18:24,,2:41:18,6:49:57
2305,130,Ian Dargin,M70-74,13,Open,United States,46:33,,3:05:16,,2:49:32,6:50:08
2306,302,Paul Redding,M60-64,83,Open,United Kingdom,42:57,,3:35:50,,2:22:10,6:50:43
2307,196,Mike Klinedinst,M65-69,42,Open,United States,42:05,,3:25:10,,2:32:58,6:50:57
2308,1625,Fernando Torres,M40-44,399,Open,Puerto Rico,39:39,,3:56:11,,2:08:31,6:51:03
2309,1435,Eric Koenigs,M40-44,400,Open,United States,34:06,,3:07:07,,3:00:26,6:51:28
2310,1047,Stuart Mcmurtrie,M45-49,327,Open,Australia,39:08,,3:18:12,,2:48:24,6:54:57
2311,144,Dwight Lundell,M70-74,14,Open,United States,47:25,,3:07:51,,2:49:53,6:57:01
2312,247,Armando Crespo,M60-64,84,Open,Argentina,54:17,,3:22:42,,2:28:11,6:57:44
2313,131,James Davis,M70-74,15,Open,United States,44:04,,3:17:01,,2:43:52,6:58:31
2314,1631,Toomas Türn,M40-44,401,Open,Estonia,36:34,,4:01:22,,2:12:36,6:58:53
2315,146,Gennaro Magliulo,M70-74,16,Open,United States,56:06,,3:15:36,,2:34:37,6:59:24
2316,620,Neil Hall,M50-54,245,Open,Australia,47:20,,3:34:27,,2:29:44,6:59:33
2317,150,Kazutoshi Miyokawa,M70-74,17,Open,Japan,46:30,,3:34:12,,2:28:29,6:59:48
2318,198,Kilhak Kunimoto,M65-69,43,Open,Guam,48:13,,3:35:23,,2:27:08,7:00:59
2319,227,Christopher Teague,M65-69,44,Open,Australia,43:54,,3:32:55,,2:30:58,7:01:16
2320,935,Alexander Geiss,M45-49,328,Open,Germany,45:46,,3:25:39,,2:43:22,7:05:17
2321,220,Dave Schwartz,M65-69,45,Open,United States,44:14,,3:36:04,,2:35:39,7:06:22
2322,136,joseph garcia,M70-74,18,Open,Canada,1:01:31,,3:43:28,,2:12:01,7:06:34
2323,139,Leif-Håkan Johnsson,M70-74,19,Open,Sweden,59:00,,3:04:44,,2:51:54,7:07:34
2324,113,Brian Boyle,M75-79,3,Open,New Zealand,53:12,,3:23:05,,2:39:59,7:07:52
2325,162,Andrew Wall,M70-74,20,Open,United States,51:12,,3:41:21,,2:27:13,7:09:52
2326,157,Ira Sills,M70-74,21,Open,United States,44:19,,3:31:18,,2:34:51,7:10:01
2327,932,David Fulton,M45-49,329,Open,United Kingdom,55:24,,3:43:44,,2:23:19,7:10:12
2328,215,Juan Rodriguez Montemayor,M65-69,46,Open,Mexico,46:23,,3:29:17,,2:41:31,7:11:03
2329,423,Jeff Kerr,M55-59,155,Open,United States,53:52,,3:34:15,,2:32:34,7:12:02
2330,1505,Craig Murray,M40-44,402,Open,United States,42:03,,3:34:55,,2:45:38,7:12:21
2331,141,Brad Kirley,M70-74,22,Open,United States,49:38,,3:42:19,,2:30:23,7:13:08
2332,200,Michael Mallon,M65-69,47,Open,Ireland,44:45,,3:28:03,,2:50:08,7:13:34
2333,2663,Nikita Ryjih,M25-29,201,Open,Kyrgyzstan,42:36,,4:01:50,,2:19:07,7:14:02
2334,332,Eduardo Vieytes,M60-64,85,Open,Argentina,47:33,,3:42:02,,2:30:12,7:14:15
2335,320,Ciro Sparano,M60-64,86,Open,Italy,58:17,,3:28:50,,2:38:09,7:14:59
2336,2869,Ralph Phillips,M70-74,23,Open,United States,55:13,,3:37:15,,2:29:47,7:16:25
2337,188,Peter Greagg,M65-69,48,Open,Australia,43:57,,3:27:28,,2:51:59,7:16:46
2338,135,Roy Fenstermaker,M70-74,24,Open,United States,48:03,,3:44:19,,2:29:46,7:17:55
2339,145,Jack Lynch,M70-74,25,Open,United States,51:41,,3:31:49,,2:42:46,7:19:59
2340,1063,David Nelson,M45-49,330,Open,United States,34:54,,3:38:46,,2:53:31,7:20:09
2341,673,David Lytle,M50-54,246,Open,United States,1:06:35,,3:34:32,,2:24:02,7:21:13
2342,163,Ken W,M70-74,26,Open,United States,41:59,,3:38:32,,2:48:32,7:21:33
2343,169,Luis Barco,M65-69,49,Open,United States,51:11,,3:41:08,,2:38:29,7:21:35
2344,114,Raymond Eastwood,M75-79,4,Open,United States,50:04,,3:37:46,,2:42:38,7:21:39
2345,448,Paul Nash,M55-59,156,Open,United Kingdom,44:19,,3:18:43,,3:08:46,7:24:25
2346,148,Sandy Mcclinton,M70-74,27,Open,United States,49:00,,3:44:53,,2:29:42,7:24:57
2347,298,Jonathan Olesky,M60-64,87,Open,United States,56:19,,3:37:34,,2:38:58,7:25:34
2348,2866,Jorge Herbert Mayerle,M60-64,88,Open,Brazil,37:36,,3:44:59,,2:49:08,7:27:11
2349,820,Jos Balk,M45-49,331,Open,Netherlands,46:37,,3:29:48,,3:00:10,7:27:47
2350,2603,David Kilpatrick,M25-29,202,Open,United States,40:07,,3:42:13,,2:54:07,7:27:56
2351,304,Craig Rice,M60-64,89,Open,United States,47:17,,3:29:04,,2:58:43,7:28:33
2352,1789,Ilker Ecir,M35-39,386,Open,Turkey,45:37,,3:43:49,,2:50:44,7:28:52
2353,1034,Steven Mandis,M45-49,332,Open,Greece,53:09,,3:40:51,,2:43:30,7:29:41
2354,244,Charles Bronson,M60-64,90,Open,United States,42:41,,3:49:38,,2:44:25,7:31:11
2355,156,Fouad Saliba,M70-74,28,Open,Bahrain,1:05:43,,3:43:40,,2:30:45,7:32:34
2356,931,Tora Mira Francisco Javier,M45-49,333,Open,Spain,56:22,,3:31:31,,2:53:46,7:34:40
2357,103,Tony Spineto,MPC,,Open,United States,35:26,,3:14:50,,3:35:12,7:36:02
2358,1061,直樹 廣瀬,M45-49,334,Open,Japan,1:00:38,,3:46:51,,2:36:19,7:36:17
2359,153,Ken Pagliughi,M70-74,29,Open,United States,55:18,,3:30:22,,2:58:18,7:37:05
2360,101,James Cook,MPC,,Open,United States,1:01:56,,3:59:26,,2:24:52,7:37:33
2361,179,Gary Cummis,M65-69,50,Open,United States,44:48,,3:39:12,,2:58:52,7:37:55
2362,2594,Seonghyun Joo,M25-29,203,Open,Korea,51:11,,4:11:04,,2:28:12,7:40:30
2363,152,Richard O'Neil,M70-74,30,Open,United States,56:34,,3:49:37,,2:47:14,7:43:36
2364,159,Richard Sweetman,M70-74,31,Open,New Zealand,44:48,,3:56:49,,2:51:11,7:44:53
2365,251,Tulio Cesar De Oliveira,M60-64,91,Open,Brazil,1:00:36,,3:55:29,,2:39:20,7:46:57
2366,486,Hiromu Shimada,M55-59,157,Open,Japan,51:10,,3:58:50,,2:43:35,7:47:15
2367,235,Arthur Andrade,M60-64,92,Open,Brazil,1:05:27,,3:48:24,,2:41:08,7:48:22
2368,512,Roman Wilfinger,M55-59,158,Open,Austria,45:59,,3:27:08,,3:24:54,7:49:05
2369,155,Tim Prior,M70-74,32,Open,Canada,44:06,,3:52:06,,3:01:32,7:54:39
2370,123,Wayne Zimmerman,M75-79,5,Open,United States,53:21,,3:45:04,,3:04:28,7:57:22
2371,184,Trey Evans,M65-69,51,Open,United States,1:01:22,,3:48:35,,2:56:49,7:59:24
,1004,Thomas Freddy Klein,M45-49,,Open,Germany,,,,,,
,1234,Pedro Barboza,M40-44,,Open,Venezuela,,,,,,
,2574,Christopher Hepp,M25-29,,Open,United States,,,,,,
,923,Sean Farquhar,M45-49,,Open,Canada,,,,,,
,2121,Daniel Zamora,M35-39,,Open,United States,,,,,,
,1318,Thierry Dondlinger,M40-44,,Open,Luxembourg,,,,,,
,1048,Bob Mcrae,M45-49,,Open,United States,,,,,,
,128,Alberto Cadena,M70-74,,Open,Ecuador,,,,,,
,653,Michael Klose,M50-54,,Open,Germany,,,,,,
,509,Ron Wally,M55-59,,Open,United States,,,,,,
,1415,Flavien Jourdain,M40-44,,Open,France,,,,,,
,1105,Mikael Ronnle,M45-49,,Open,Sweden,,,,,,
,2554,Patricio Escobar,M25-29,,Open,Ecuador,,,,,,
,206,Philippe Paszula,M65-69,,Open,France,,,,,,
,692,Azat Mulyukov,M50-54,,Open,Russian Federation,,,,,,
,1557,Carlos Reyes,M40-44,,Open,Puerto Rico,,,,,,
,1905,Miguel Loor,M35-39,,Open,Ecuador,,,,,,
,223,Kazimierz Sobolewski,M65-69,,Open,Poland,,,,,,
,994,Michael Kapr,M45-49,,Open,Australia,,,,,,
,446,Bob Morris,M55-59,,Open,United States,,,,,,
,1922,Jeff Mcalister,M35-39,,Open,United States,,,,,,
,1973,Kevin Orlandi,M35-39,,Open,France,,,,,,
,770,Muratkhan Tokmadi,M50-54,,Open,Kazakhstan,,,,,,
,2405,Wesley Schiller,M30-34,,Open,United States,,,,,,
,1021,Denis Levieux,M45-49,,Open,France,,,,,,
,2443,Matthew Toporowski,M30-34,,Open,United States,,,,,,
,480,Mario Rubin,M55-59,,Open,Argentina,,,,,,
,2203,Gerard Donovan,M30-34,,Open,Australia,,,,,,
,815,Nilson Araujo,M45-49,,Open,Brazil,,,,,,
,829,Jörn Bartusch,M45-49,,Open,Germany,,,,,,
,1822,Ben Goldman,M35-39,,Open,United States,,,,,,
,598,Konstantin Gavrilov,M50-54,,Open,Russian Federation,,,,,,
,495,Michael Thorén,M55-59,,Open,Sweden,,,,,,
,1360,Olivier Godart,M40-44,,Open,Luxembourg,,,,,,
,2157,Alessandro Bonino,M30-34,,Open,Italy,,,,,,
,149,Les Mcgrath,M70-74,,Open,Australia,,,,,,
,1573,Otto Ruettinger,M40-44,,Open,Australia,,,,,,
,2021,John Roa,M35-39,,Open,Chile,,,,,,
,1324,Joey Dussich,M40-44,,Open,United States,,,,,,
,211,Rudolf Puhe,M65-69,,Open,Germany,,,,,,
,1349,Bruno Fritsch,M40-44,,Open,Chile,,,,,,
,2814,Konstantin Pankov,M18-24,,Open,Russian Federation,,,,,,
,2320,Joel Maley,M30-34,,Open,Canada,,,,,,
,2508,MARC BAUME,M25-29,,Open,Switzerland,,,,,,
,2466,Patrice Walter,M30-34,,Open,Germany,,,,,,
,2700,Minh Anh Tran Dinh,M25-29,,Open,Vietnam,,,,,,
,954,Lee Guinchard,M45-49,,Open,United States,,,,,,
,2156,Alexander Bogdanov,M30-34,,Open,Russian Federation,,,,,,
,1466,Shaun Lunt,M40-44,,Open,South Africa,,,,,,
,890,Raffael Costa,M45-49,,Open,Australia,,,,,,
,1150,Michael Southworth,M45-49,,Open,United States,,,,,,
,879,Danilo Cinarelli,M45-49,,Open,Italy,,,,,,
,962,Kevin Headley,M45-49,,Open,United States,,,,,,
,2538,Luke Davis,M25-29,,Open,United States,,,,,,
,1669,Xuefeng Yan,M40-44,,Open,China,,,,,,
,2568,Christopher Hague,M25-29,,Open,United States,,,,,,
,647,Markus Kaeppeli,M50-54,,Open,Switzerland,,,,,,
,404,Ghislain Grandisson,M55-59,,Open,Canada,,,,,,
,1827,Fabio Mollica Guimaraes,M35-39,,Open,Brazil,,,,,,
,636,Julio Drago Ivanko,M50-54,,Open,Argentina,,,,,,
,1213,Ouchi Ryuhei,M45-49,,Open,Japan,,,,,,
,1579,Sebastian Sanchez,M40-44,,Open,Argentina,,,,,,
,472,Carlos Roberto Santos,M55-59,,Open,Brazil,,,,,,
,115,Neal Genda,M75-79,,Open,United States,,,,,,
,1470,Sylvester Mackensen,M40-44,,Open,Germany,,,,,,
,151,Ruben Moreno,M70-74,,Open,Puerto Rico,,,,,,
,880,Emmett Clark,M45-49,,Open,United States,,,,,,
,1841,Joel Homan,M35-39,,Open,United States,,,,,,
,1784,René Domke,M35-39,,Open,Germany,,,,,,
,2389,David Rochat,M30-34,,Open,Switzerland,,,,,,
,2205,Jackson Dovey,M30-34,,Open,United States,,,,,,
,112,Kurt Kahl,M80-84,,Open,United States,,,,,,
,2617,Kyle Lierich,M25-29,,Open,Australia,,,,,,
,948,Alberto Grande,M45-49,,Open,Spain,,,,,,
,710,Graham Pemberton,M50-54,,Open,Australia,,,,,,
,111,Garth Barfoot,M80-84,,Open,New Zealand,,,,,,
,1302,Paddy Cribb,M40-44,,Open,New Zealand,,,,,,
,2716,Maximilian Willer,M25-29,,Open,Germany,,,,,,
,1713,Benjamin Proux,M35-39,,Open,France,,,,,,
,1926,John Mcentire,M35-39,,Open,United States,,,,,,
,2516,Mattia Boschetti,M25-29,,Open,Italy,,,,,,
,2143,Tautvydas Barstys,M30-34,,Open,Lithuania,,,,,,
,2472,Martin Weissbach,M30-34,,Open,Germany,,,,,,
,451,Johnny O'Brien,M55-59,,Open,United States,,,,,,
,110,Bob Scott,M85-89,,Open,United States,,,,,,
,2862,DAWO GU,M70-74,,Open,China,,,,,,
,902,Gianpietro De Faveri,M45-49,,Open,Italy,,,,,,
,1689,Boris Angerer,M35-39,,Open,Germany,,,,,,
,457,Rene Otto,M55-59,,Open,South Africa,,,,,,
,2328,Brandon Mcknight,M30-34,,Open,United States,,,,,,
,1075,Jason Parr,M45-49,,Open,United Kingdom,,,,,,
,500,Edward W Tyynismaa,M55-59,,Open,United States,,,,,,
,2180,Duncan Chedburn,M30-34,,Open,United Kingdom,,,,,,
,365,Luis Antonio Coral,M55-59,,Open,Colombia,,,,,,
,1733,Hugo Bressani,M35-39,,Open,Argentina,,,,,,
,2527,Ryan Christian,M25-29,,Open,Australia,,,,,,
,137,Denis Honeychurch,M70-74,,Open,United States,,,,,,
,1877,Jakub Kulesza,M35-39,,Open,Poland,,,,,,
,1705,Ari Baum,M35-39,,Open,United States,,,,,,
,349,Stephane Bensaid,M55-59,,Open,Saint Martin,,,,,,
,1932,Raphael Costa Mehl,M35-39,,Open,Brazil,,,,,,
,1600,Martin Sosa,M40-44,,Open,Argentina,,,,,,
,1677,Sebe Ziesler,M40-44,,Open,United States,,,,,,
,1437,Philippe Kretz,M40-44,,Open,Switzerland,,,,,,
,2182,Sergio Clemente Filho,M30-34,,Open,United States,,,,,,
,2592,Xiaojing Xiao,M25-29,,Open,China,,,,,,
,1055,Diego Mora,M45-49,,Open,Mexico,,,,,,
,956,Michael Hagenacker,M45-49,,Open,Germany,,,,,,
,1195,Paul West,M45-49,,Open,Australia,,,,,,
,1144,Dwayne Smith,M45-49,,Open,United States,,,,,,
,1137,Patrick Sirois,M45-49,,Open,Canada,,,,,,
,2101,Ben Walton,M35-39,,Open,United Kingdom,,,,,,
,116,Howard Glass,M75-79,,Open,United States,,,,,,
,1955,Gianmarco Mosto,M35-39,,Open,Peru,,,,,,
,1644,Andrew Vicary,M40-44,,Open,Australia,,,,,,
,1000,John KILBURN,M45-49,,Open,United States,,,,,,
,2171,Nick Carling,M30-34,,Open,Australia,,,,,,
,469,Stephen Redwood,M55-59,,Open,United Kingdom,,,,,,
,2565,Scott Gordon,M25-29,,Open,Morocco,,,,,,
,2624,Warrick Mac Nicol,M25-29,,Open,South Africa,,,,,,
,702,Kenneth Orce,M50-54,,Open,United States,,,,,,
,1537,James Phillips,M40-44,,Open,Australia,,,,,,
,873,Augusto Cesar Pocas,M45-49,,Open,Brazil,,,,,,
,2044,Ryan Seguine,M35-39,,Open,United States,,,,,,
,1074,Jong In Park,M45-49,,Open,Korea,,,,,,
,2173,Tanausu Castellano Sosa,M30-34,,Open,Spain,,,,,,
,377,Rene Delbaere,M55-59,,Open,Belgium,,,,,,
,1090,Paul Raknes,M45-49,,Open,United States,,,,,,
,2067,Christopher Sweet,M35-39,,Open,United States,,,,,,
,689,Kazuhiro Mori,M50-54,,Open,Japan,,,,,,
,282,Kevin Lancer,M60-64,,Open,United States,,,,,,
,2469,Yihui Wang,M30-34,,Open,China,,,,,,
,458,Alex Oviedo,M55-59,,Open,Chile,,,,,,
,743,Thomas Schwartz,M50-54,,Open,Denmark,,,,,,
,1764,James Cunningham,M35-39,,Open,United Kingdom,,,,,,
,1546,David Procházka,M40-44,,Open,Czechia,,,,,,
,578,Joseph Donahue,M50-54,,Open,United States,,,,,,
,847,Lee Boyer,M45-49,,Open,United States,,,,,,
,371,David Daggett,M55-59,,Open,United States,,,,,,
,1076,Johan Pauwels,M45-49,,Open,United States,,,,,,
,232,Cliff Adlerz,M60-64,,Open,United States,,,,,,
,222,Kingi Smiler,M65-69,,Open,New Zealand,,,,,,
,1228,Maris Babris,M40-44,,Open,Latvia,,,,,,
,2502,Andrey Bakhaev,M25-29,,Open,Russian Federation,,,,,,
,898,Dave Dammer,M45-49,,Open,United States,,,,,,
,126,Michael Besser,M70-74,,Open,Australia,,,,,,
,1404,Kazuo Ishii,M40-44,,Open,Japan,,,,,,
,1170,Nathan Tilley,M45-49,,Open,Australia,,,,,,
,2325,Pierre Massonneau,M30-34,,Open,France,,,,,,
,860,Todd Burns,M45-49,,Open,United States,,,,,,
,1899,刘 劲,M35-39,,Open,China,,,,,,
,992,Kurt Jones,M45-49,,Open,United States,,,,,,
,388,Altuna Elortza,M55-59,,Open,Spain,,,,,,
,1674,Matt Young,M40-44,,Open,Australia,,,,,,
,1953,Will Morris,M35-39,,Open,United States,,,,,,
,2312,Miguel Llodra,M30-34,,Open,Dominican Republic,,,,,,
,1497,Stephane Mohy,M40-44,,Open,Belgium,,,,,,
,841,Andrej Bivic,M45-49,,Open,Slovenia,,,,,,
,937,Todd Gerlach,M45-49,,Open,United States,,,,,,
,1164,Ali Tabbal,M45-49,,Open,United States,,,,,,
,1736,Chad Burdzilauskas,M35-39,,Open,United States,,,,,,
,1416,Daniel Judd,M40-44,,Open,Australia,,,,,,
,1739,Wade Burns,M35-39,,Open,Australia,,,,,,
,1148,Fernando Javier Soria,M45-49,,Open,Argentina,,,,,,
,1849,Florian Jacquier,M35-39,,Open,France,,,,,,
,2863,Brent De Jong,M40-44,,Open,United States,,,,,,
,2213,Ramazan Emre,M30-34,,Open,Turkey,,,,,,
,609,Paul Gompers,M50-54,,Open,United States,,,,,,
,1740,Jenson Button,M35-39,,Open,United Kingdom,,,,,,
,2452,Dave Van Reeuwyk,M30-34,,Open,Canada,,,,,,
,1262,Paul Bracher,M40-44,,Open,South Africa,,,,,,
,133,Efrain Delgado,M70-74,,Open,Colombia,,,,,,
,2467,WAN GE,M30-34,,Open,China,,,,,,
,2599,Eden Kang,M25-29,,Open,Singapore,,,,,,
,600,Richard Genans Boiteux,M50-54,,Open,France,,,,,,
,1694,Joao Arteche,M35-39,,Open,Brazil,,,,,,
,511,James Wiggins,M55-59,,Open,United States,,,,,,
,1392,Andrew Hockey,M40-44,,Open,United Kingdom,,,,,,
,1471,Thomas Robert Madsen,M40-44,,Open,Denmark,,,,,,
,234,Charles Altman,M60-64,,Open,United States,,,,,,
,594,Darrell Freeman,M50-54,,Open,United States,,,,,,
,861,Scott Burris,M45-49,,Open,United States,,,,,,
,1984,Dany Papi,M35-39,,Open,Luxembourg,,,,,,
,301,John Read,M60-64,,Open,New Zealand,,,,,,
,979,Arjun Iyengar,M45-49,,Open,India,,,,,,
,2224,Adam Fitzhenry,M30-34,,Open,United States,,,,,,
,45,David Plese,MPRO,,Open,Slovenia,,,,,,
,226,Stan Strohm,M65-69,,Open,United States,,,,,,
,2158,Jason Booij,M30-34,,Open,South Africa,,,,,,
,2648,Christopher Portugal,M25-29,,Open,Peru,,,,,,
,168,Roberto Azevedo Jr,M65-69,,Open,Brazil,,,,,,
,525,Mark Alderman,M50-54,,Open,United States,,,,,,
,1898,Dongdong Liu,M35-39,,Open,China,,,,,,
,217,Fernando Salazar,M65-69,,Open,Ecuador,,,,,,
,1069,Luz Demetrio Ontiveros Tellez,M45-49,,Open,Mexico,,,,,,
,865,Kevin Cart,M45-49,,Open,United States,,,,,,
,586,Andrzej Erbel,M50-54,,Open,Poland,,,,,,
,348,Alex Begg,M55-59,,Open,Burkina Faso,,,,,,
,2534,Ben Coventry,M25-29,,Open,Australia,,,,,,
,504,Federico Velez,M55-59,,Open,Colombia,,,,,,
,213,Faron Reed,M65-69,,Open,United States,,,,,,
,1022,Bin Li,M45-49,,Open,China,,,,,,
,564,Alessandro Clivio,M50-54,,Open,Italy,,,,,,
,2645,Shawn Parkhurst,M25-29,,Open,United States,,,,,,
,1001,David Kimelberg,M45-49,,Open,United States,,,,,,
,1070,Mattias Ossiansson,M45-49,,Open,,,,,,,
,117,Robert Heins,M75-79,,Open,United States,,,,,,
,322,Charlie Stannett,M60-64,,Open,United Kingdom,,,,,,
,317,Dirk Simons,M60-64,,Open,Netherlands,,,,,,
,2400,Abraham Salas,M30-34,,Open,Panama,,,,,,
,1768,Dattas Bertrand,M35-39,,Open,France,,,,,,
,1006,Robert Kniss,M45-49,,Open,United States,,,,,,
,2642,Marco Noe,M25-29,,Open,Australia,,,,,,
,2013,Timothy Reynolds,M35-39,,Open,United States,,,,,,
,817,Shane Arters,M45-49,,Open,United States,,,,,,
,537,Giovanni Bianco,M50-54,,Open,Italy,,,,,,
,1718,Bill Bishop,M35-39,,Open,United States,,,,,,
,2581,Chunxu Hu,M25-29,,Open,China,,,,,,
,142,Walter Lee,M70-74,,Open,United States,,,,,,
,1524,Koji Otsuka,M40-44,,Open,Japan,,,,,,
,1138,David Slavinski,M45-49,,Open,United States,,,,,,
,503,Michael Van Skaik,M55-59,,Open,United States,,,,,,
,1510,stephen nibloe,M40-44,,Open,United Kingdom,,,,,,
,166,João Arthur Ferreira,M65-69,,Open,Brazil,,,,,,
,1026,Wayne Loo,M45-49,,Open,Japan,,,,,,
,124,Humberto Acha,M70-74,,Open,Peru,,,,,,
,1876,Roman Krivosheev,M35-39,,Open,Russian Federation,,,,,,
,767,Joe Terry,M50-54,,Open,United States,,,,,,
,1941,Matt Migonis,M35-39,,Open,United States,,,,,,
,2136,Pierre-Michel Arcand,M30-34,,Open,Canada,,,,,,
,716,Hudson Lomeu Ramos,M50-54,,Open,Brazil,,,,,,
,894,Stephen Crossland,M45-49,,Open,Canada,,,,,,
,2464,Pablo Von Siebenthal,M30-34,,Open,Switzerland,,,,,,
,1219,Stephen Anderson,M40-44,,Open,United Kingdom,,,,,,
,982,Christopher Jamieson,M45-49,,Open,United Kingdom,,,,,,
,2489,Yousif Zaman,M30-34,,Open,Bahrain,,,,,,
,1297,Anibal Cornaglia,M40-44,,Open,Argentina,,,,,,
,1722,Angelo Bonacci,M35-39,,Open,Australia,,,,,,
,134,Jim Donaldson,M70-74,,Open,United States,,,,,,
,2745,Joseph Casino,M18-24,,Open,United States,,,,,,
,1710,Liam Bek,M35-39,,Open,United Kingdom,,,,,,
,1370,Owen Graham,M40-44,,Open,United States,,,,,,
,1839,Adam Hill,M35-39,,Open,United States,,,,,,
,182,Marcos Maia,M65-69,,Open,Brazil,,,,,,
,626,Stephen Helgemo,M50-54,,Open,United States,,,,,,
,470,Marc Rheingold,M55-59,,Open,United States,,,,,,
,48,Igor Amorelli,MPRO,,Open,Brazil,,,,,,
,218,Julio Ernesto Santa H,M65-69,,Open,Colombia,,,,,,
,579,Mark Dooley,M50-54,,Open,United States,,,,,,
,2042,John Seddon,M35-39,,Open,United States,,,,,,
,2805,Jake Mcdonald,M18-24,,Open,United States,,,,,,
,1251,Leigh Birch,M40-44,,Open,Australia,,,,,,
,1193,Brendan Wharehoka,M45-49,,Open,New Zealand,,,,,,
,1153,Michael Stange,M45-49,,Open,United States,,,,,,
,911,Georg Dressler,M45-49,,Open,Germany,,,,,,
,1780,Viktor Didenko,M35-39,,Open,Ukraine,,,,,,
,671,George Lumsden,M50-54,,Open,Australia,,,,,,
,2662,Daniel Ruman Rodrigues,M25-29,,Open,Brazil,,,,,,
,2449,Anatolii Uspenskyi,M30-34,,Open,Ukraine,,,,,,
,939,Nigel Gibson,M45-49,,Open,Australia,,,,,,
,104,Ulf Oesterle,MPC,,Open,United States,,,,,,
,2116,Wataru Yamada,M35-39,,Open,Japan,,,,,,
,1396,Randall Howard,M40-44,,Open,United States,,,,,,
,1593,James Simpson,M40-44,,Open,South Africa,,,,,,
,1489,Scott Mcmullin,M40-44,,Open,United States,,,,,,
,1951,Adam Morgan,M35-39,,Open,United States,,,,,,
,243,Paul Brandon,M60-64,,Open,Australia,,,,,,
,2386,Jeremy Rielley,M30-34,,Open,United States,,,,,,
,913,Piotr Dudzinski,M45-49,,Open,Poland,,,,,,
,2086,Pawel Traczyk,M35-39,,Open,Poland,,,,,,
,969,Todd Hoke,M45-49,,Open,United States,,,,,,
,418,Richard Jansik,M55-59,,Open,United States,,,,,,
,1886,Kaowei Lee,M35-39,,Open,Taiwan,,,,,,
,2621,Jeffrey Louden,M25-29,,Open,United States,,,,,,
,2061,Andrew Spencer,M35-39,,Open,Singapore,,,,,,
,1747,Brad Clark,M35-39,,Open,New Zealand,,,,,,
,2755,Olivier Cote,M18-24,,Open,Canada,,,,,,
,516,Jeff Wisot,M55-59,,Open,United States,,,,,,
,2856,Kurt Jones,M45-49,,Open,United States,,,,,,
,2311,Ruben Lirio,M30-34,,Open,Spain,,,,,,
,431,Clayton Lewis,M55-59,,Open,United States,,,,,,
,2395,Miguel Rossello,M30-34,,Open,Spain,,,,,,
,946,Weimar Gomez,M45-49,,Open,France,,,,,,
,122,Richard Smith,M75-79,,Open,United States,,,,,,
,2643,Brian Oneil,M25-29,,Open,United States,,,,,,
,2543,Arne Devliegher,M25-29,,Open,Belgium,,,,,,
,697,Paul Nugent,M50-54,,Open,Australia,,,,,,
,732,Tim Rowley,M50-54,,Open,Canada,,,,,,
,328,Edward Tokatlian,M60-64,,Open,,,,,,,
,2407,Alex Schmitt,M30-34,,Open,United States,,,,,,
,1477,Christopher Mark,M40-44,,Open,Canada,,,,,,
,2281,Samuel Jud,M30-34,,Open,Switzerland,,,,,,
,2201,Nicolas Dominguez García,M30-34,,Open,Spain,,,,,,
,119,Tadashi Horiuchi,M75-79,,Open,Japan,,,,,,
,2730,Emilio Adame Garcia,M18-24,,Open,Mexico,,,,,,
,2226,Adam Folts,M30-34,,Open,United States,,,,,,
,2334,Andrew Miller,M30-34,,Open,Australia,,,,,,
,1049,James Middleditch,M45-49,,Open,Singapore,,,,,,
,2102,Jason Weaver,M35-39,,Open,United States,,,,,,
,1500,Clarke Shepherd,M40-44,,Open,United Kingdom,,,,,,
,2176,Ramon Cerna,M30-34,,Open,Mexico,,,,,,
,1072,Jordan Ouida,M45-49,,Open,United States,,,,,,
,1838,Javier Hidalgo,M35-39,,Open,Spain,,,,,,
,580,karl dossche,M50-54,,Open,Belgium,,,,,,
,44,Chris Leiferman,MPRO,,Open,United States,,,,,,
,1887,-Redacted-,M35-39,,Open,-Redacted-,,,,,,
,2024,Daniel Rodarte,M35-39,,Open,Brazil,,,,,,
,2319,Bryce Maddock,M30-34,,Open,United States,,,,,,
,871,Pedro Luiz Cerize,M45-49,,Open,Brazil,,,,,,
,270,Josef Gueta,M60-64,,Open,Philippines,,,,,,
,1115,John Ryan,M45-49,,Open,United States,,,,,,
,1058,James Myers,M45-49,,Open,United States,,,,,,
,977,Jaroslav Hyzl,M45-49,,Open,Czechia,,,,,,
,1637,Will Vargas,M40-44,,Open,Colombia,,,,,,
,55,Guy Crawford,MPRO,,Open,New Zealand,,,,,,
,2372,Michal Podsiadlowski,M30-34,,Open,Poland,,,,,,
,811,Bill Anderson,M45-49,,Open,United States,,,,,,
,229,Xiangdong Wen,M65-69,,Open,China,,,,,,
,2844,Phil Alderman,M75-79,,Open,United States,,,,,,
,1501,Dan Morwood,M40-44,,Open,Canada,,,,,,
,2517,Mitch Brekke,M25-29,,Open,United States,,,,,,
,370,Charles Albani Dadam,M55-59,,Open,Brazil,,,,,,
,562,David Ciaverella,M50-54,,Open,United States,,,,,,
,1092,Yuriy Rastegaev,M45-49,,Open,Russian Federation,,,,,,
,884,Alex Cario,M45-49,,Open,Spain,,,,,,
,2255,David Hansen,M30-34,,Open,United States,,,,,,
,903,Marcelo De Marchi,M45-49,,Open,Brazil,,,,,,
,2545,Christopher Douglas,M25-29,,Open,United States,,,,,,
,924,Rafal Fazan,M45-49,,Open,Poland,,,,,,
,1010,Dave Kyle,M45-49,,Open,United States,,,,,,
,1757,Nicholas Coubrough,M35-39,,Open,Uruguay,,,,,,
,466,Luis Portela,M55-59,,Open,Spain,,,,,,
,2164,Timothy Browne,M30-34,,Open,United States,,,,,,
,351,Rainer Billig,M55-59,,Open,Germany,,,,,,
,1862,Artem Kalabin,M35-39,,Open,Russian Federation,,,,,,
,1783,Mauro Domingos,M35-39,,Open,Brazil,,,,,,
,2432,Johan Stofberg,M30-34,,Open,South Africa,,,,,,
,2272,Ryan Hunt,M30-34,,Open,United States,,,,,,
,1468,Philip Mace,M40-44,,Open,Bermuda,,,,,,
,326,Karl Thieme,M60-64,,Open,United States,,,,,,
,848,Zoltan Bozso,M45-49,,Open,Hungary,,,,,,
,1541,Richard Platt,M40-44,,Open,Ireland,,,,,,
,2850,John Tan,M35-39,,Open,United States,,,,,,
,1145,Tomasz Socha,M45-49,,Open,Poland,,,,,,
,680,Todd Mellinger,M50-54,,Open,United States,,,,,,
,2825,Xavier Santana,M18-24,,Open,Puerto Rico,,,,,,
,1278,Zachary Carr,M40-44,,Open,United States,,,,,,
,403,Oliver Graf,M55-59,,Open,Germany,,,,,,
,824,Federico Banti,M45-49,,Open,Italy,,,,,,
,2659,Lucas Ângelo,M25-29,,Open,Brazil,,,,,,
,1788,Daniel Eberle,M35-39,,Open,Germany,,,,,,
,635,Hideaki Inoue,M50-54,,Open,Japan,,,,,,
,2012,João Resende,M35-39,,Open,Brazil,,,,,,
,2379,Jorge Quero Salazar,M30-34,,Open,Venezuela,,,,,,
,1141,Ronnie Smart,M45-49,,Open,United Kingdom,,,,,,
,342,Greg Alverson,M55-59,,Open,United States,,,,,,
,1232,Noah Balch,M40-44,,Open,United States,,,,,,
,2586,Alexandru Toma,M25-29,,Open,Romania,,,,,,
,259,Rolando Farrach,M60-64,,Open,Guatemala,,,,,,
,1931,Ben Meer,M35-39,,Open,United States,,,,,,
,2864,Carlos Andres Sequeira Guzman,M40-44,,Open,Costa Rica,,,,,,
,775,Thomas Trauger,M50-54,,Open,United States,,,,,,
,2610,Tyler Le Roy,M25-29,,Open,United States,,,,,,
,241,Patrick Bergeyre,M60-64,,Open,France,,,,,,
,1114,Devon Ruttenberg,M45-49,,Open,United States,,,,,,
,596,Shigeo Fujita,M50-54,,Open,Japan,,,,,,
,881,Dale Claudel,M45-49,,Open,United States,,,,,,
,1374,Santiago Gutierrez,M40-44,,Open,Ecuador,,,,,,
,838,Peter Bennett,M45-49,,Open,United Kingdom,,,,,,
,1358,Giacomo Giovenali,M40-44,,Open,Italy,,,,,,
,1534,Yann Payen,M40-44,,Open,France,,,,,,
,316,Guy Sigley,M60-64,,Open,United States,,,,,,
,1288,Pietsch Christian,M40-44,,Open,Germany,,,,,,
,2632,Silver Mikk,M25-29,,Open,Estonia,,,,,,
,859,Jason Bunch,M45-49,,Open,United States,,,,,,
,2503,John Baldwin,M25-29,,Open,United States,,,,,,
,1730,Christoph Breithaupt,M35-39,,Open,Germany,,,,,,
,1680,Raul Aguayo,M35-39,,Open,Mexico,,,,,,
,2505,Erjanat Bolat,M25-29,,Open,China,,,,,,
,905,Arnaud Despierre,M45-49,,Open,Singapore,,,,,,
,760,Dean Sprague,M50-54,,Open,United States,,,,,,
,1290,Seth Coblentz,M40-44,,Open,United States,,,,,,
,1348,Francky Favre,M40-44,,Open,Martinique,,,,,,
,1062,Cyril Neirynck,M45-49,,Open,France,,,,,,
,1815,Nazaret Garcia Garcia,M35-39,,Open,Spain,,,,,,
,413,Maurice Inzirillo,M55-59,,Open,Switzerland,,,,,,
,208,David Patten,M65-69,,Open,United Kingdom,,,,,,
,1417,Lukas Jufer,M40-44,,Open,Switzerland,,,,,,
,812,Scott Anderson,M45-49,,Open,United States,,,,,,
,622,Mario Hamel,M50-54,,Open,Canada,,,,,,
,637,Stuart Jackson,M50-54,,Open,United States,,,,,,
,118,Yoshimori Hirai,M75-79,,Open,Japan,,,,,,
,1575,Cristian Salazar Santamaria,M40-44,,Open,Costa Rica,,,,,,
,2231,Jose Fuentes,M30-34,,Open,United States,,,,,,
,784,Craig West,M50-54,,Open,South Africa,,,,,,
,140,Colm Kelly,M70-74,,Open,Canada,,,,,,
,2059,Rafael Sousa,M35-39,,Open,Brazil,,,,,,
,1254,Eric Blaise,M40-44,,Open,Canada,,,,,,
,268,Stuart Gordon,M60-64,,Open,United States,,,,,,
,2637,Ebrahim Mohd Al Tamimi,M25-29,,Open,Bahrain,,,,,,
,1781,Ciaran Doheny,M35-39,,Open,Ireland,,,,,,
,1572,Eduardo Rueda,M40-44,,Open,Mexico,,,,,,
,262,Christos Garefis,M60-64,,Open,Greece,,,,,,
,1543,Caleb Porter,M40-44,,Open,United States,,,,,,
,1250,Danilo Paniccia,M40-44,,Open,Italy,,,,,,
,1675,Yuya Nakamichi,M40-44,,Open,Japan,,,,,,
,2267,Billy Holl,M30-34,,Open,United States,,,,,,
,993,Juan Jose Pascual Sole,M45-49,,Open,Argentina,,,,,,
,927,Eddie Fishman,M45-49,,Open,United States,,,,,,
,641,Angus John Wippell,M50-54,,Open,Australia,,,,,,
,619,Michael Hall,M50-54,,Open,Australia,,,,,,
,2615,Jordan Lemaire,M25-29,,Open,Canada,,,,,,
,628,Marion Herring,M50-54,,Open,United States,,,,,,
,1453,Kevin Leung,M40-44,,Open,,,,,,,
,1406,Lisandro Jacobus,M40-44,,Open,Brazil,,,,,,
,850,Sami Brahim,M45-49,,Open,United States,,,,,,
,1268,Ivan Buzanov,M40-44,,Open,Russian Federation,,,,,,
,394,roberto franco,M55-59,,Open,Italy,,,,,,
,2454,Travis Vance,M30-34,,Open,United States,,,,,,
,2438,Romain Thery,M30-34,,Open,France,,,,,,
,1421,Keisuke Tachibana,M40-44,,Open,Japan,,,,,,
,1662,Darren Wilson,M40-44,,Open,Australia,,,,,,
,1387,Adam Hicken,M40-44,,Open,United States,,,,,,
,1444,Matias Larraburu,M40-44,,Open,Argentina,,,,,,
,383,Matthew Donnelly,M55-59,,Open,Australia,,,,,,
,2550,Felix Eisel,M25-29,,Open,Germany,,,,,,
,1968,Scott O'Brien,M35-39,,Open,New Zealand,,,,,,
,2352,Jan Oppolzer,M30-34,,Open,Czechia,,,,,,
,1511,John Nichols,M40-44,,Open,United States,,,,,,
,190,Roger Hatfield,M65-69,,Open,United States,,,,,,
,284,Kurt Madden,M60-64,,Open,United States,,,,,,
,2548,Fabian Dutli,M25-29,,Open,Switzerland,,,,,,
,147,Dan Mccarel,M70-74,,Open,United States,,,,,,
,2597,YANLONG KAI,M25-29,,Open,China,,,,,,
,694,Manuel Narvaez,M50-54,,Open,Spain,,,,,,
,1350,Mike Gadzinski,M40-44,,Open,United States,,,,,,
,1885,Ian Lee,M35-39,,Open,Singapore,,,,,,
,2028,Christophe Roux,M35-39,,Open,France,,,,,,
,2349,Peter O'Connell,M30-34,,Open,Ireland,,,,,,
,1119,Danny Salter,M45-49,,Open,Australia,,,,,,
,438,William Mcdonald,M55-59,,Open,United States,,,,,,
,2747,Chih Chen Chen,M18-24,,Open,Taiwan,,,,,,
,1970,takashi okada,M35-39,,Open,Japan,,,,,,
,2074,Ewin Teo,M35-39,,Open,Singapore,,,,,,
