Place,Bib,Name,Age_Group,Group_Rank,Class,Club,Swim,T1,Bike,T2,Run,Finish
1,24,Jelle Geens,MPRO,1,Open,Belgium,22:23,2:08,1:59:08,0:56,1:07:34,3:32:09
2,8,Hayden Wilde,MPRO,2,Open,New Zealand,22:20,2:09,1:58:51,0:56,1:09:05,3:33:22
3,9,Leo Bergere,MPRO,3,Open,France,22:02,2:14,1:59:29,0:55,1:10:28,3:35:08
4,16,Kyle Smith,MPRO,4,Open,New Zealand,22:22,2:16,1:59:09,0:49,1:13:15,3:37:51
5,45,Justus Nieschlag,MPRO,5,Open,Germany,22:24,2:17,1:59:07,0:52,1:13:25,3:38:06
6,32,Henri Schoeman,MPRO,6,Open,South Africa,22:19,2:14,2:00:07,1:10,1:13:29,3:39:20
7,1,Rico Bogen,MPRO,7,Open,Germany,22:18,2:14,1:59:02,1:03,1:14:59,3:39:36
8,30,Harry Palmer,MPRO,8,Open,United Kingdom,23:06,2:26,2:01:29,1:17,1:11:25,3:39:42
9,14,Gregory Barnaby,MPRO,9,Open,Italy,22:54,2:23,2:01:45,1:07,1:12:05,3:40:14
10,5,Marc Dubrick,MPRO,10,Open,United States,22:02,2:15,2:03:04,1:01,1:12:05,3:40:27
11,34,Wilhelm Hirsch,MPRO,11,Open,Germany,22:16,2:26,2:02:23,0:44,1:13:38,3:41:27
12,48,Thomas Bishop,MPRO,12,Open,United Kingdom,22:55,2:25,2:01:52,1:16,1:13:33,3:42:01
13,36,Kacper Stepniak,MPRO,13,Open,Poland,22:25,2:21,2:02:18,1:01,1:14:20,3:42:26
14,19,Braden CURRIE,MPRO,14,Open,New Zealand,22:57,2:32,2:04:32,1:12,1:13:15,3:44:28
15,11,Matt Hanson,MPRO,15,Open,United States,23:21,2:26,2:07:40,1:02,1:10:17,3:44:47
16,41,Ben Hamilton,MPRO,16,Open,New Zealand,23:15,2:30,2:04:09,1:23,1:13:33,3:44:50
17,15,Kristian Høgenhaug,MPRO,17,Open,Denmark,23:13,2:26,2:02:10,1:10,1:15:53,3:44:52
18,42,Thomas Davis,MPRO,18,Open,United Kingdom,22:58,2:23,2:04:37,1:08,1:13:48,3:44:54
19,35,Colin Szuch,MPRO,19,Open,United States,25:18,2:37,2:04:30,1:30,1:11:31,3:45:26
20,47,Jack Moody,MPRO,20,Open,New Zealand,23:16,2:20,2:06:12,1:15,1:12:31,3:45:34
21,38,Mike Phillips,MPRO,21,Open,New Zealand,23:11,2:31,2:04:13,1:03,1:16:01,3:46:59
22,31,Federico Scarabino,MPRO,22,Open,Uruguay,23:06,2:32,2:04:22,1:07,1:16:07,3:47:14
23,25,Mitchell Kibby,MPRO,23,Open,Australia,23:19,2:33,2:07:27,1:05,1:12:54,3:47:18
24,6,Josh Amberger,MPRO,24,Open,Australia,22:00,2:35,2:05:50,1:04,1:15:52,3:47:22
25,50,Kurt McDonald,MPRO,25,Open,Australia,23:00,2:19,2:02:03,1:01,1:20:09,3:48:32
26,56,Dieter Comhair,MPRO,26,Open,Belgium,26:13,2:29,2:03:47,1:08,1:15:28,3:49:05
27,28,Caleb Noble,MPRO,27,Open,Australia,22:55,2:27,2:08:07,1:26,1:14:49,3:49:43
28,20,Jason West,MPRO,28,Open,United States,23:04,2:20,2:13:37,1:03,1:09:52,3:49:55
29,26,Ari Klau,MPRO,29,Open,United States,27:03,2:44,2:09:20,0:59,1:10:39,3:50:45
30,3,Mathis Margirier,MPRO,30,Open,France,23:03,2:17,2:03:25,1:10,1:21:44,3:51:39
31,29,Sam Osborne,MPRO,31,Open,New Zealand,22:57,2:20,2:08:04,1:13,1:17:52,3:52:26
32,55,Greg Harper,MPRO,32,Open,United States,21:48,2:33,2:09:34,1:27,1:18:00,3:53:23
33,21,Ruben Zepuntke,MPRO,33,Open,Germany,23:01,2:41,2:01:17,1:13,1:26:52,3:55:04
34,23,Antony Costes,MPRO,34,Open,France,23:08,2:27,2:13:51,1:07,1:14:36,3:55:09
35,12,Matthew Marquardt,MPRO,35,Open,United States,23:02,2:33,2:12:44,1:49,1:16:11,3:56:19
36,3513,Léo Ouabdesselam,M18-24,1,Open,France,21:25,4:03,2:09:02,1:56,1:19:56,3:56:22
37,3376,Thomas Page,M25-29,1,Open,Australia,27:27,3:50,2:03:37,1:10,1:20:20,3:56:24
38,64,Matthew Ralphs,MPRO,36,Open,South Africa,25:19,2:43,2:05:29,1:37,1:21:36,3:56:43
39,3287,Rémi Jauzac,M25-29,2,Open,France,25:57,4:16,2:10:33,1:35,1:15:12,3:57:33
40,3218,Alexander Richter,M25-29,3,Open,Germany,25:08,3:39,2:07:47,1:30,1:19:40,3:57:42
41,1962,Alexandre Caille,M30-34,1,Open,France,27:20,4:42,2:04:54,2:06,1:19:27,3:58:29
42,3370,James Matthews,M25-29,4,Open,New Zealand,24:21,3:40,2:11:36,1:16,1:17:51,3:58:45
43,835,Will Clarke,M35-39,1,Open,Australia,24:10,4:53,2:06:37,1:37,1:21:33,3:58:50
44,3245,Sam Musgrove,M25-29,5,Open,Australia,24:28,4:09,2:09:29,1:47,1:19:14,3:59:06
45,3057,Will Grace,M25-29,6,Open,United Kingdom,23:14,3:37,2:09:53,1:40,1:21:06,3:59:30
46,3539,Sebastian Marx,M18-24,2,Open,Germany,24:41,3:43,2:08:08,1:27,1:21:34,3:59:32
47,60,Nicholas Free,MPRO,37,Open,Australia,23:12,2:22,2:14:36,1:06,1:18:24,3:59:40
48,3065,Geoffroy Bagnoud,M25-29,7,Open,Switzerland,26:33,4:15,2:11:21,2:07,1:15:35,3:59:51
49,1881,Levin Veale,M30-34,2,Open,United Kingdom,23:41,4:00,2:05:50,1:38,1:25:04,4:00:12
50,3474,Jonathan Homberg,M18-24,3,Open,Germany,25:32,4:18,2:08:49,2:00,1:19:41,4:00:20
51,3517,Hugo Gonzalez,M18-24,4,Open,France,23:06,4:14,2:10:22,1:19,1:21:28,4:00:28
52,3416,Thomas Williams,M18-24,5,Open,New Zealand,25:42,4:39,2:07:31,1:13,1:21:48,4:00:53
53,3229,Mathieu Gallet,M25-29,8,Open,France,25:19,3:58,2:09:48,1:40,1:20:13,4:00:58
54,3436,Dylan Clough,M18-24,6,Open,Australia,25:25,3:57,2:11:16,1:17,1:19:18,4:01:14
55,3411,Blake Selm,M18-24,7,Open,United States,26:05,4:16,2:13:23,1:40,1:16:11,4:01:35
56,3111,Jardy Van Den Heuvel,M25-29,9,Open,Netherlands,24:14,3:54,2:10:53,1:30,1:21:37,4:02:07
57,1015,Pawel Mlodzikowski,M35-39,2,Open,Poland,28:27,4:25,2:11:13,1:30,1:16:47,4:02:23
58,3069,Jack Matthews,M25-29,10,Open,Australia,27:43,4:16,2:11:24,1:39,1:17:23,4:02:25
59,3301,Jean Berthoud,M25-29,11,Open,France,23:39,3:39,2:12:34,1:10,1:21:45,4:02:47
60,1965,Adrian Escrig Romero,M30-34,3,Open,Spain,25:32,4:01,2:12:40,1:44,1:19:03,4:03:01
61,3220,Matthieu Tweedie,M25-29,12,Open,Jersey,24:43,4:09,2:10:01,1:50,1:22:24,4:03:08
62,3583,Olivier Godart,M45-49,1,Open,United Arab Emirates,26:12,4:15,2:07:05,2:09,1:23:33,4:03:13
63,3445,Felix Stewart,M18-24,8,Open,United Kingdom,29:03,5:13,2:08:18,1:34,1:19:15,4:03:22
64,1638,Thomas Kearns,M30-34,4,Open,New Zealand,24:40,4:07,2:10:25,1:30,1:22:43,4:03:25
65,1575,John Heiland,M30-34,5,Open,Germany,24:30,3:33,2:15:42,1:28,1:18:58,4:04:10
66,1704,Rhys Corbishley,M30-34,6,Open,Australia,26:31,4:33,2:12:09,1:41,1:19:27,4:04:20
67,3207,Kurt Hansen,M25-29,13,Open,Australia,25:12,4:06,2:08:59,1:26,1:24:38,4:04:21
68,53,Michael Arishita,MPRO,38,Open,United States,23:04,2:26,2:14:55,1:18,1:22:39,4:04:22
69,1935,Damien Lardner,M30-34,7,Open,New Zealand,25:40,4:07,2:15:07,1:16,1:18:21,4:04:31
70,59,Calvin Amos,MPRO,39,Open,Australia,28:52,2:32,2:11:56,1:15,1:20:07,4:04:41
71,3349,Raoul Metcalfe,M25-29,14,Open,United Kingdom,27:25,4:41,2:06:52,1:37,1:24:22,4:04:55
72,3485,Henry James,M18-24,9,Open,United Kingdom,24:19,4:03,2:11:56,1:55,1:22:54,4:05:07
73,1611,Dante Manchester,M30-34,8,Open,Canada,24:39,4:03,2:16:30,1:35,1:18:39,4:05:25
74,1033,John Ketelbey,M35-39,3,Open,Australia,26:52,3:56,2:13:50,1:42,1:19:16,4:05:35
75,3491,Tom Guillamin,M18-24,10,Open,France,22:27,4:12,2:11:12,1:41,1:26:04,4:05:36
76,1138,Daniel Smith,M35-39,4,Open,Australia,24:52,3:55,2:16:55,1:35,1:18:27,4:05:43
77,3407,Gus Macdonald,M18-24,11,Open,Australia,26:15,4:03,2:10:42,1:42,1:23:03,4:05:45
78,3122,Javier Figueroa,M25-29,15,Open,Puerto Rico,24:28,3:35,2:16:55,1:10,1:19:51,4:05:58
79,1505,Alberto Danioni,M30-34,9,Open,Chile,25:10,3:54,2:13:42,1:35,1:21:47,4:06:07
80,664,Francois Reding,M40-44,1,Open,Belgium,29:02,3:58,2:15:44,1:40,1:15:50,4:06:14
81,922,JAMIE PIGGINS,M35-39,5,Open,New Zealand,28:58,4:29,2:14:00,1:32,1:17:16,4:06:16
82,1898,Pedro Ginocchi,M30-34,10,Open,Argentina,28:21,3:57,2:13:53,1:38,1:18:54,4:06:43
83,1819,Andrew Nash,M30-34,11,Open,Australia,26:23,3:59,2:15:35,1:22,1:19:31,4:06:51
84,1928,Scott Coombs,M30-34,12,Open,Canada,26:40,4:22,2:14:11,1:36,1:20:19,4:07:09
85,3304,Quentin Amaral,M25-29,16,Open,France,26:34,3:42,2:10:33,1:30,1:25:04,4:07:22
86,33,Armando Matute,MPRO,40,Open,Ecuador,22:28,2:34,2:27:11,1:14,1:14:02,4:07:30
87,3278,Nicolas Rigaux,M25-29,17,Open,France,23:40,4:39,2:12:48,1:42,1:24:49,4:07:38
88,3276,Aaron Groff,M25-29,18,Open,United States,25:20,5:35,2:16:17,2:31,1:17:58,4:07:42
89,1308,Andrii Kuzminskyi,M35-39,6,Open,Ukraine,26:04,3:39,2:17:31,1:53,1:18:41,4:07:48
90,1054,Matt Jackson,M35-39,7,Open,Australia,26:09,4:48,2:14:15,1:43,1:20:54,4:07:49
91,1930,Schaffer Ochstein,M30-34,13,Open,United States,24:26,4:23,2:17:29,1:59,1:19:47,4:08:04
92,44,Eduardo Perez Sandi,MPRO,41,Open,Mexico,27:32,2:41,2:21:49,1:11,1:14:51,4:08:04
93,3328,Arthur Sy,M25-29,19,Open,France,26:32,4:27,2:09:14,1:59,1:25:55,4:08:07
94,3325,Tom Franks,M25-29,20,Open,Australia,23:32,3:50,2:15:58,1:45,1:23:06,4:08:11
95,1163,Marcos Pierri,M35-39,8,Open,Argentina,29:57,3:59,2:13:22,1:58,1:19:14,4:08:30
96,3077,Laurens Verluyten,M25-29,21,Open,Belgium,25:13,3:41,2:12:47,1:49,1:25:08,4:08:39
97,1794,Matheus Martini,M30-34,14,Open,Brazil,23:51,4:11,2:13:06,2:12,1:25:26,4:08:46
98,3214,Felix Buck-Gramcko,M25-29,22,Open,Germany,28:22,4:33,2:12:41,2:25,1:20:47,4:08:47
99,3552,Bailey Tuddenham,M18-24,12,Open,Australia,24:49,3:47,2:08:49,1:42,1:29:41,4:08:48
100,358,Hauke Horstmann,M40-44,2,Open,Germany,26:36,3:18,2:18:20,1:41,1:18:55,4:08:49
101,3166,Chris Harris,M25-29,23,Open,United Kingdom,24:52,4:05,2:10:43,2:35,1:26:43,4:08:59
102,3176,Glenn Strutt,M25-29,24,Open,Australia,23:28,4:02,2:15:10,2:09,1:24:19,4:09:07
103,3159,Yanis Jeannerat,M25-29,25,Open,Switzerland,26:59,4:20,2:12:05,2:36,1:23:21,4:09:22
104,3770,Bruno Khouri,M45-49,2,Open,Brazil,26:06,3:48,2:14:03,2:06,1:23:21,4:09:25
105,1532,Christopher Ashton,M30-34,15,Open,United Kingdom,23:54,5:30,2:14:17,1:36,1:24:09,4:09:26
106,886,Richard Chambers,M35-39,9,Open,New Zealand,24:28,3:48,2:14:51,1:16,1:25:06,4:09:28
107,860,Jeremy Ferrari,M35-39,10,Open,France,27:34,4:39,2:15:12,1:33,1:20:44,4:09:41
108,1191,Jasper Van Der Velde,M35-39,11,Open,Netherlands,27:23,4:32,2:13:20,1:36,1:23:05,4:09:56
109,1802,Tim Wegmann,M30-34,16,Open,Switzerland,27:23,4:43,2:16:07,1:21,1:20:32,4:10:05
110,3327,Matheus Teixeira Fialho,M25-29,26,Open,Brazil,28:42,3:56,2:09:32,1:45,1:26:45,4:10:40
111,3488,Laurence Watson,M18-24,13,Open,New Zealand,28:36,4:28,2:13:10,1:28,1:22:59,4:10:40
112,1510,Hamish Harrison,M30-34,17,Open,Australia,29:01,4:39,2:18:17,1:05,1:17:42,4:10:45
113,1707,Keith Jackson,M30-34,18,Open,United States,29:16,4:26,2:10:59,2:11,1:24:05,4:10:57
114,3352,James Bilbrey,M25-29,27,Open,United States,24:06,5:02,2:11:35,1:57,1:28:17,4:10:58
115,3431,Raphael Dassonville,M18-24,14,Open,France,24:45,3:59,2:14:18,1:42,1:26:15,4:10:59
116,1899,Nikolaj Koors Hoff,M30-34,19,Open,Denmark,27:19,3:59,2:12:47,2:01,1:25:06,4:11:12
117,263,Bruno Pais,M40-44,3,Open,Portugal,27:15,3:25,2:17:51,1:42,1:21:09,4:11:21
118,997,PAULO GUSTAVO CARDOSO,M35-39,12,Open,Brazil,26:21,4:02,2:16:03,1:34,1:23:34,4:11:34
119,1719,Logan Rodger,M30-34,20,Open,New Zealand,26:33,3:49,2:17:33,2:23,1:21:39,4:11:57
120,3126,Rafael Domingos,M25-29,28,Open,Portugal,23:25,3:55,2:10:51,1:42,1:32:17,4:12:11
121,1889,Thomas Van Looy,M30-34,21,Open,Belgium,31:16,5:11,2:15:36,2:00,1:18:14,4:12:17
122,3318,Jules Recasens,M25-29,29,Open,France,28:31,4:07,2:12:22,1:49,1:25:49,4:12:36
123,1966,Tino Warnecke,M30-34,22,Open,Germany,25:04,5:01,2:12:07,2:28,1:28:01,4:12:41
124,1503,Loughlin Campion,M30-34,23,Open,Ireland,26:38,3:57,2:12:27,1:55,1:27:58,4:12:55
125,3076,Colton Douda,M25-29,30,Open,United States,25:57,5:04,2:13:48,1:56,1:26:12,4:12:57
126,1892,Casper Stenderup,M30-34,24,Open,Denmark,24:35,4:25,2:21:06,1:53,1:21:03,4:13:03
127,1185,Carson Christen,M35-39,13,Open,United States,26:11,4:12,2:13:33,2:03,1:27:04,4:13:03
128,816,Till Schaefer,M35-39,14,Open,Germany,27:36,4:19,2:16:27,2:07,1:22:38,4:13:05
129,3380,Maxime Campenet,M25-29,31,Open,France,26:55,4:28,2:18:28,1:35,1:21:39,4:13:06
130,956,walter tlaija,M35-39,15,Open,Brazil,28:56,3:52,2:13:22,1:32,1:25:26,4:13:08
131,3227,Mitchell Kirby,M25-29,32,Open,Canada,25:59,4:24,2:16:32,2:20,1:23:58,4:13:14
132,474,Rhys Lawler,M40-44,4,Open,Australia,28:02,4:03,2:21:25,1:54,1:17:50,4:13:14
133,3151,Scott Catto,M25-29,33,Open,United Kingdom,28:19,4:00,2:15:02,1:26,1:24:31,4:13:17
134,3293,Tom Moulai,M25-29,34,Open,New Zealand,28:04,5:36,2:17:51,2:19,1:19:35,4:13:25
135,949,Gareth Fuller,M35-39,16,Open,Australia,29:16,4:29,2:13:04,1:36,1:25:09,4:13:35
136,62,Martin Ulloa,MPRO,42,Open,Chile,22:58,2:34,2:21:14,1:48,1:25:03,4:13:37
137,1661,EDUARDO SIROTO DANGELO,M30-34,25,Open,Brazil,27:13,4:43,2:15:45,1:34,1:24:26,4:13:41
138,846,Aaron Bognar,M35-39,17,Open,Australia,29:25,4:47,2:13:07,1:58,1:24:31,4:13:48
139,1265,Esteban Gimenez Zapiola,M35-39,18,Open,Argentina,28:13,5:36,2:14:28,1:43,1:23:51,4:13:51
140,480,Graham Crammond,M40-44,5,Open,United Kingdom,28:13,3:44,2:15:27,1:38,1:24:55,4:13:57
141,3313,Adam Hillis,M25-29,35,Open,New Zealand,27:00,3:57,2:17:35,2:12,1:23:14,4:13:58
142,3258,Stephen Sloan,M25-29,36,Open,United States,24:47,4:26,2:18:44,1:27,1:24:35,4:13:59
143,3115,Mark Schefter,M25-29,37,Open,Germany,30:14,5:26,2:17:00,1:48,1:19:33,4:14:02
144,878,Andrey Sharipov,M35-39,19,Open,Uzbekistan,25:47,4:04,2:13:21,1:51,1:29:06,4:14:09
145,632,Luke Jones,M40-44,6,Open,Australia,29:59,3:41,2:21:04,1:24,1:18:01,4:14:09
146,3255,Bailey Powell,M25-29,38,Open,Australia,26:21,4:26,2:15:55,1:48,1:25:42,4:14:12
147,1055,Andres Arce,M35-39,20,Open,Paraguay,26:56,4:25,2:17:14,1:49,1:23:54,4:14:18
148,1923,Stephen Woodwark,M30-34,26,Open,New Zealand,27:21,4:35,2:16:48,1:39,1:23:59,4:14:23
149,3089,Corentin Cousin,M25-29,39,Open,France,24:45,4:48,2:21:11,1:43,1:22:01,4:14:27
150,3344,Ryan Williams,M25-29,40,Open,New Zealand,29:25,4:49,2:16:44,1:54,1:21:36,4:14:28
151,543,Andrew Vanlandingham,M40-44,7,Open,United States,26:32,4:08,2:18:31,1:34,1:23:50,4:14:35
152,1726,Brandon Schow,M30-34,27,Open,United States,27:12,4:44,2:14:09,1:16,1:27:24,4:14:43
153,3144,Lennart Ruedel,M25-29,41,Open,Germany,26:35,4:28,2:16:58,2:37,1:24:06,4:14:44
154,3470,Florin Parfuss,M18-24,15,Open,Switzerland,23:20,4:10,2:15:29,1:24,1:30:23,4:14:46
155,2985,Chris Bradford,M50-54,1,Open,Australia,30:08,4:19,2:08:59,1:34,1:29:47,4:14:48
156,1180,Oliver Bridge,M35-39,21,Open,United Kingdom,28:01,4:05,2:24:30,1:30,1:16:48,4:14:53
157,3340,Liam Bird,M25-29,42,Open,New Zealand,25:46,3:26,2:20:32,1:20,1:23:52,4:14:55
158,1844,Ryan Mouritz,M30-34,28,Open,Australia,25:09,4:24,2:13:06,1:44,1:30:35,4:14:58
159,1165,Daniel Hind,M35-39,22,Open,United Kingdom,33:38,4:51,2:09:50,1:20,1:25:37,4:15:16
160,3494,Hayden Joyce,M18-24,16,Open,New Zealand,27:09,4:27,2:16:33,1:49,1:25:21,4:15:19
161,1263,Christoph Peitz,M35-39,23,Open,Germany,28:00,4:38,2:14:27,2:30,1:25:45,4:15:20
162,3399,Laurie Corbel,M18-24,17,Open,Jersey,28:41,3:42,2:19:04,1:53,1:22:09,4:15:29
163,3260,Jason Quinn,M25-29,43,Open,United States,23:36,4:15,2:17:16,2:03,1:28:19,4:15:30
164,2968,Laurent Lambert,M50-54,2,Open,France,25:08,4:29,2:13:21,1:41,1:30:56,4:15:35
165,3279,James Knox,M25-29,44,Open,Australia,27:43,4:32,2:20:58,1:50,1:20:35,4:15:38
166,1695,Alejandro Noemi Boellert,M30-34,29,Open,Chile,31:36,4:05,2:15:10,1:30,1:23:19,4:15:41
167,1211,Ben Troup,M35-39,24,Open,Australia,27:43,4:06,2:16:26,1:50,1:25:39,4:15:43
168,3146,Donal Mongey,M25-29,45,Open,Ireland,29:39,4:16,2:16:18,1:29,1:24:02,4:15:44
169,1689,Sander Ilves,M30-34,30,Open,Estonia,30:04,4:04,2:13:04,1:45,1:26:48,4:15:45
170,1256,Billy Gordon,M35-39,25,Open,Panama,26:54,4:06,2:18:19,2:19,1:24:19,4:15:57
171,1101,Tom Williams,M35-39,26,Open,United Kingdom,28:05,4:40,2:14:30,2:08,1:26:38,4:16:02
172,3271,Arthur Soler,M25-29,46,Open,France,28:59,5:29,2:13:59,4:02,1:23:34,4:16:03
173,3458,Kenshin Mizushima,M18-24,18,Open,Japan,23:21,4:40,2:19:07,1:16,1:27:40,4:16:03
174,3355,Ezra Swell,M25-29,47,Open,United States,26:59,5:06,2:14:08,1:52,1:28:06,4:16:12
175,3363,Kester Mcqueen,M25-29,48,Open,South Africa,26:11,4:17,2:12:54,1:37,1:31:24,4:16:21
176,3440,Jack Pringle,M18-24,19,Open,Australia,24:14,4:56,2:14:56,1:32,1:30:47,4:16:25
177,3064,Benedict Yanzick,M25-29,49,Open,New Zealand,28:19,4:44,2:16:51,2:17,1:24:29,4:16:41
178,3160,Etienne Dondin,M25-29,50,Open,France,27:05,4:23,2:17:23,2:11,1:25:42,4:16:44
179,1785,Owen Lane,M30-34,31,Open,Canada,28:05,4:08,2:20:14,2:00,1:22:17,4:16:44
180,3232,Cody Sharman,M25-29,51,Open,Australia,27:35,4:29,2:18:21,2:04,1:24:21,4:16:50
181,4044,Mark Oakshott,M45-49,3,Open,Australia,28:19,4:03,2:20:15,1:45,1:22:28,4:16:50
182,958,Andrew Macrae,M35-39,27,Open,United Kingdom,30:11,4:04,2:16:12,1:59,1:24:33,4:16:58
183,3295,James Stuart Gerber,M25-29,52,Open,South Africa,28:09,4:11,2:12:57,1:44,1:30:00,4:17:01
184,3393,Nicholas Dicklin,M18-24,20,Open,United States,26:39,4:03,2:19:08,1:41,1:25:55,4:17:27
185,3314,Damien McAleese,M25-29,53,Open,Australia,24:11,4:15,2:15:54,2:44,1:30:24,4:17:29
186,249,Ilya Slepov,M40-44,8,Open,Cyprus,26:57,3:43,2:17:05,1:25,1:28:19,4:17:30
187,981,Joshua Mcmahon,M35-39,28,Open,Australia,28:12,3:58,2:17:13,2:19,1:25:53,4:17:35
188,813,Eric Perry,M35-39,29,Open,United States,29:12,4:19,2:18:09,1:47,1:24:17,4:17:44
189,3330,Tevin Neegaard,M25-29,54,Open,United States,28:59,4:12,2:15:22,1:39,1:27:35,4:17:45
190,197,Ryan Miller,M40-44,9,Open,Australia,28:38,3:47,2:15:34,1:35,1:28:13,4:17:47
191,1518,Rhys Williams,M30-34,32,Open,Australia,24:52,4:01,2:17:35,1:29,1:29:52,4:17:48
192,544,James Byrne,M40-44,10,Open,Australia,28:17,4:08,2:20:41,2:06,1:22:42,4:17:54
193,3408,Elliot Johnston,M18-24,21,Open,United Kingdom,29:22,5:07,2:15:03,2:23,1:26:04,4:17:59
194,585,Michael Wetzel,M40-44,11,Open,Germany,28:49,3:53,2:23:29,1:50,1:20:03,4:18:04
195,330,Jens Müller,M40-44,12,Open,Germany,28:20,4:15,2:19:46,2:05,1:23:39,4:18:05
196,1018,Guilhem Lacaze,M35-39,30,Open,Switzerland,28:17,5:09,2:13:13,1:56,1:29:34,4:18:09
197,469,Ryan Coppola,M40-44,13,Open,Australia,26:48,4:07,2:15:03,1:47,1:30:24,4:18:09
198,1908,Oliver Lockyer,M30-34,33,Open,United Kingdom,29:24,4:49,2:15:04,1:44,1:27:10,4:18:12
199,1835,Philipp Neumayer,M30-34,34,Open,Germany,25:34,4:44,2:19:50,2:22,1:25:49,4:18:20
200,1137,Alex Stuart,M35-39,31,Open,Australia,28:56,3:53,2:14:44,2:03,1:28:45,4:18:21
201,3249,Tyler Robakiewicz,M25-29,55,Open,United States,28:43,4:11,2:13:44,1:55,1:29:49,4:18:22
202,1834,Matthew Geleta,M30-34,35,Open,Australia,26:21,5:18,2:21:15,1:35,1:23:53,4:18:22
203,3197,Maciej Skórnicki,M25-29,56,Open,Poland,27:17,4:00,2:16:49,2:00,1:28:18,4:18:24
204,1882,Jake SWINGLEHURST,M30-34,36,Open,Australia,28:10,5:01,2:17:51,2:36,1:24:47,4:18:24
205,991,Brent Knight,M35-39,32,Open,New Zealand,31:42,4:25,2:16:57,1:36,1:23:44,4:18:24
206,3405,Jacob Lind Knudsen,M18-24,22,Open,Denmark,30:38,4:42,2:15:24,2:11,1:25:32,4:18:27
207,3381,Roland Crantock,M25-29,57,Open,Australia,24:49,4:07,2:08:55,1:34,1:39:08,4:18:33
208,3266,Niels Post,M25-29,58,Open,Netherlands,24:57,4:00,2:22:40,2:11,1:24:48,4:18:37
209,1851,James Irvine,M30-34,37,Open,United Kingdom,27:35,4:23,2:22:58,1:41,1:22:02,4:18:40
210,1049,Mike Consolini,M35-39,33,Open,United States,33:28,5:31,2:13:44,2:21,1:23:40,4:18:45
211,1122,Philip Middleton,M35-39,34,Open,New Zealand,33:28,5:28,2:16:36,1:39,1:21:40,4:18:50
212,3294,Kylian Herpin,M25-29,59,Open,Belgium,33:42,5:20,2:18:51,1:49,1:19:09,4:18:52
213,1573,Lozano Garcia Peru,M30-34,38,Open,Spain,28:40,4:40,2:19:53,1:41,1:24:05,4:18:59
214,2973,Andreas Kröner,M50-54,3,Open,Austria,28:43,5:16,2:16:39,2:10,1:26:13,4:19:01
215,3179,Tim Belstead,M25-29,60,Open,Australia,23:34,4:18,2:15:55,1:35,1:33:41,4:19:03
216,3338,Nel Schulte,M25-29,61,Open,Germany,34:14,5:43,2:18:10,1:48,1:19:12,4:19:08
217,1617,Matthieu Juillerat,M30-34,39,Open,Switzerland,27:56,4:21,2:22:44,1:32,1:22:34,4:19:08
218,3365,Pierre Valette,M25-29,62,Open,France,28:46,4:58,2:22:05,1:29,1:21:54,4:19:12
219,3155,Pierre Castro,M25-29,63,Open,France,28:05,5:14,2:12:05,2:06,1:31:48,4:19:17
220,578,Ruso Yakimovic,M40-44,14,Open,Turkey,26:51,4:34,2:25:16,1:38,1:20:58,4:19:18
221,3107,Cooper Green,M25-29,64,Open,United States,25:35,6:27,2:21:47,2:43,1:22:47,4:19:19
222,3140,Patrick Hawkes,M25-29,65,Open,Australia,26:20,5:08,2:20:56,2:39,1:24:18,4:19:22
223,658,Artem Popov,M40-44,15,Open,Kazakhstan,29:01,3:53,2:23:25,2:19,1:20:43,4:19:22
224,921,FABIO ESMERELLES,M35-39,35,Open,Brazil,25:57,4:06,2:20:45,1:50,1:26:46,4:19:24
225,435,Michael Phinney,M40-44,16,Open,United States,27:00,3:41,2:23:19,1:33,1:23:52,4:19:25
226,1250,Guillaume Grieve,M35-39,36,Open,France,31:27,4:33,2:12:59,2:38,1:27:56,4:19:32
227,907,Sam Shepherd,M35-39,37,Open,United Kingdom,28:52,4:13,2:20:58,1:50,1:23:49,4:19:42
228,3434,Oliver Bater,M18-24,23,Open,United Kingdom,26:25,5:04,2:15:45,2:32,1:30:00,4:19:46
229,3538,Maxence Claudel,M18-24,24,Open,France,24:06,3:56,2:18:40,1:40,1:31:29,4:19:50
230,3280,Constantin Moser,M25-29,66,Open,Austria,27:52,4:05,2:19:08,1:56,1:26:49,4:19:50
231,3492,Charlie Stern,M18-24,25,Open,Australia,26:16,4:21,2:18:11,2:16,1:29:02,4:20:07
232,3446,Kieran Morris,M18-24,26,Open,United Kingdom,23:13,3:53,2:10:34,1:49,1:40:40,4:20:08
233,1309,Michael Zolcer,M35-39,38,Open,Czechia,28:36,4:24,2:14:34,1:55,1:30:42,4:20:11
234,123,Jeffery Mchardy,M40-44,17,Open,New Zealand,31:26,3:42,2:22:42,1:30,1:20:52,4:20:12
235,3075,Quentin Mignard,M25-29,67,Open,France,29:15,5:21,2:20:29,1:30,1:23:39,4:20:15
236,1158,Evan Oconnor,M35-39,39,Open,United States,30:40,4:29,2:15:27,1:44,1:28:05,4:20:24
237,1512,Alfonso Constanzo,M30-34,40,Open,Argentina,28:14,5:20,2:15:05,2:11,1:29:38,4:20:29
238,3071,Benjamin Elkjær,M25-29,68,Open,Denmark,28:37,5:59,2:18:25,1:50,1:25:47,4:20:38
239,334,Sean de Morton,M40-44,18,Open,Australia,27:44,4:13,2:16:51,2:00,1:29:50,4:20:38
240,1001,David Neidl,M35-39,40,Open,Germany,27:47,4:23,2:22:15,2:21,1:23:52,4:20:38
241,534,Rafael Juriti,M40-44,19,Open,Brazil,28:44,4:41,2:20:20,2:08,1:24:46,4:20:38
242,3315,Raul Arratia,M25-29,69,Open,Chile,25:52,4:58,2:19:42,1:40,1:28:28,4:20:40
243,1771,Fraser SHAND,M30-34,41,Open,New Zealand,29:11,4:29,2:17:52,2:31,1:26:40,4:20:43
244,3180,Bailey Atkinson,M25-29,70,Open,New Zealand,27:58,5:38,2:18:54,1:44,1:26:31,4:20:45
245,1226,Malcolm Rudolph,M35-39,41,Open,Australia,27:55,5:12,2:18:14,2:24,1:27:01,4:20:46
246,1759,Angus Wilson,M30-34,42,Open,United Kingdom,27:52,4:08,2:17:01,1:52,1:29:54,4:20:47
247,134,Ernesto Espinoza,M40-44,20,Open,Costa Rica,27:35,4:28,2:22:20,1:32,1:24:55,4:20:50
248,3472,Maxime Laurent,M18-24,27,Open,France,26:18,4:39,2:20:05,2:01,1:27:52,4:20:55
249,3448,Lasse Lynge Jonassen,M18-24,28,Open,Denmark,30:04,5:04,2:13:37,1:43,1:30:31,4:21:00
250,3401,Gwendal Devenat Delile,M18-24,29,Open,France,26:56,4:36,2:19:01,1:58,1:28:32,4:21:03
251,3303,Julien De Liedekerke,M25-29,71,Open,Belgium,33:03,4:45,2:15:29,1:44,1:26:04,4:21:04
252,1745,Lucas Ribeiro Rizzo,M30-34,43,Open,Brazil,30:22,5:14,2:18:01,2:21,1:25:07,4:21:05
253,1641,Aiden Cuff,M30-34,44,Open,Australia,29:51,4:40,2:18:18,2:24,1:25:52,4:21:06
254,648,James Martin,M40-44,21,Open,Australia,29:38,4:19,2:15:45,2:15,1:29:12,4:21:08
255,3375,Felix Berger,M25-29,72,Open,Germany,27:53,4:17,2:14:08,2:18,1:32:37,4:21:12
256,1195,Artyom Soloduha,M35-39,42,Open,Latvia,26:06,5:28,2:14:37,2:15,1:32:51,4:21:18
257,1171,Florent Vincent,M35-39,43,Open,France,28:25,4:16,2:19:12,1:29,1:27:59,4:21:22
258,1766,Michal Liberadzki,M30-34,45,Open,Poland,26:11,4:47,2:21:33,1:24,1:27:31,4:21:26
259,1640,Joel Ward,M30-34,46,Open,United Kingdom,30:14,6:16,2:18:08,2:45,1:24:14,4:21:36
260,3224,Mitchell Bronstetter,M25-29,73,Open,United States,27:47,5:09,2:16:18,1:25,1:30:58,4:21:38
261,283,David WASHBROOK,M40-44,22,Open,United Kingdom,26:45,4:18,2:21:49,1:58,1:26:50,4:21:40
262,1805,Anka Tezcan,M30-34,47,Open,United States,30:34,5:09,2:19:50,1:32,1:24:35,4:21:40
263,3094,Evan Devincenzo,M25-29,74,Open,United States,26:46,4:15,2:18:33,2:28,1:29:41,4:21:43
264,3297,Kazuhiro Oishi,M25-29,75,Open,Japan,25:51,5:11,2:14:17,1:53,1:34:31,4:21:43
265,1115,Justin Weiner,M35-39,44,Open,United States,28:25,5:54,2:19:09,2:35,1:25:44,4:21:47
266,955,Andrew Vos,M35-39,45,Open,United States,29:22,4:19,2:20:21,1:31,1:26:19,4:21:52
267,3442,Liam Duncan,M18-24,30,Open,Australia,29:41,4:22,2:21:32,1:49,1:24:29,4:21:54
268,3263,PO CHIH Yang,M25-29,76,Open,Taiwan,30:27,4:41,2:21:27,1:59,1:23:23,4:21:57
269,1917,Victor Augusto Gibertoni,M30-34,48,Open,Brazil,29:25,5:54,2:21:32,1:13,1:23:59,4:22:03
270,270,Peter Fitzweijers,M40-44,23,Open,Netherlands,30:30,4:20,2:18:26,2:45,1:26:09,4:22:10
271,1732,Joshua Robson,M30-34,49,Open,Australia,29:50,4:12,2:20:52,1:46,1:25:31,4:22:10
272,1035,Nicolas Da Rocha,M35-39,46,Open,France,32:21,4:49,2:25:34,1:33,1:17:58,4:22:14
273,1741,Christopher Culhane,M30-34,50,Open,Australia,29:52,4:19,2:16:33,2:01,1:29:35,4:22:20
274,1147,André Sanches,M35-39,47,Open,Brazil,29:15,4:36,2:17:17,1:43,1:29:30,4:22:20
275,1272,Ben Russell,M35-39,48,Open,Australia,27:43,5:11,2:26:19,1:59,1:21:13,4:22:25
276,255,Boris Hueber,M40-44,24,Open,Switzerland,32:41,3:52,2:18:02,1:33,1:26:24,4:22:32
277,232,Matthew Heard,M40-44,25,Open,Australia,30:09,4:23,2:21:22,1:35,1:25:05,4:22:34
278,1672,Ramon Zürcher,M30-34,51,Open,Switzerland,32:05,4:34,2:17:06,2:11,1:26:40,4:22:37
279,1893,Benjamin Amberg,M30-34,52,Open,Australia,27:05,4:38,2:25:16,1:57,1:23:44,4:22:40
280,1814,Tobias Dreier,M30-34,53,Open,Germany,28:34,4:51,2:22:27,2:39,1:24:08,4:22:40
281,1717,Xabier Tijero,M30-34,54,Open,Spain,26:26,4:43,2:26:04,1:53,1:23:36,4:22:43
282,536,Ben Taylor,M40-44,26,Open,Australia,27:07,5:31,2:23:53,2:27,1:23:50,4:22:47
283,1253,Seb Davies,M35-39,49,Open,Australia,23:57,4:24,2:14:15,1:45,1:38:27,4:22:48
284,477,Brendon Young,M40-44,27,Open,Australia,28:20,4:03,2:24:11,1:40,1:24:36,4:22:49
285,1260,Loic Bergeron,M35-39,50,Open,France,28:34,5:20,2:21:28,1:35,1:25:54,4:22:51
286,637,Damien Smith,M40-44,28,Open,Australia,29:44,5:36,2:22:35,2:19,1:22:41,4:22:55
287,3096,Leon Sharp,M25-29,77,Open,Australia,26:33,4:32,2:08:15,1:29,1:42:06,4:22:55
288,3430,Matt Muscat,M18-24,31,Open,United States,30:32,4:22,2:22:45,2:09,1:23:10,4:22:58
289,1891,Caillin Gibson,M30-34,55,Open,Australia,27:03,5:19,2:23:47,1:54,1:25:04,4:23:08
290,3356,César Barella Filho,M25-29,78,Open,Brazil,30:17,5:11,2:17:49,2:39,1:27:17,4:23:13
291,1884,Vincent Felix Bartscher,M30-34,56,Open,Germany,27:33,5:32,2:22:51,2:34,1:24:53,4:23:23
292,1671,Thomas Cupit,M30-34,57,Open,New Zealand,28:21,5:50,2:18:30,2:03,1:28:46,4:23:30
293,3081,PHILIP DE SIMONE,M25-29,79,Open,Brazil,27:12,5:23,2:23:46,1:31,1:25:39,4:23:32
294,973,Jordan Scott,M35-39,51,Open,United States,28:42,5:48,2:22:50,2:14,1:23:59,4:23:33
295,1742,Carsten Friedmann,M30-34,58,Open,Germany,25:48,4:09,2:25:24,2:23,1:25:52,4:23:36
296,1711,Valentin Müller,M30-34,59,Open,Germany,28:52,4:18,2:20:48,2:00,1:27:38,4:23:37
297,3128,Samuel Jubb,M25-29,80,Open,United States,28:10,4:08,2:24:08,1:41,1:25:30,4:23:37
298,3103,Timo d'Hont,M25-29,81,Open,Netherlands,28:49,4:18,2:25:23,2:10,1:23:02,4:23:43
299,220,Luis Miguel Ruiz Narvaez,M40-44,29,Open,Spain,25:54,4:23,2:24:00,2:23,1:27:03,4:23:43
300,2393,Mark Clough,M55-59,1,Open,Australia,26:26,4:28,2:24:56,1:42,1:26:17,4:23:49
301,925,Josh Ramirez,M35-39,52,Open,United States,31:19,4:23,2:20:11,1:52,1:26:04,4:23:50
302,2957,Damien Angus,M50-54,4,Open,Australia,27:26,5:26,2:23:15,1:44,1:26:04,4:23:55
303,1299,James Thorstenson,M35-39,53,Open,New Zealand,31:07,4:49,2:22:51,1:20,1:23:55,4:24:02
304,1068,Brek Minarik,M35-39,54,Open,United States,29:40,4:00,2:23:53,1:57,1:24:35,4:24:04
305,3178,Jack Smith,M25-29,82,Open,Australia,26:14,4:40,2:21:11,2:19,1:29:43,4:24:06
306,4097,Andre Luis de Souza,M30-34,60,Open,Brazil,33:34,4:24,2:19:56,1:46,1:24:26,4:24:07
307,1946,Benjamin Van Der Weerdt,M30-34,61,Open,Netherlands,29:03,5:28,2:17:36,2:59,1:29:03,4:24:09
308,1275,Matt Rollason,M35-39,55,Open,New Zealand,29:31,5:19,2:18:32,1:44,1:29:05,4:24:10
309,1021,Ben Munguia,M35-39,56,Open,United States,30:19,5:24,2:22:16,1:44,1:24:30,4:24:12
310,1132,Angus Harrison,M35-39,57,Open,Australia,28:15,5:53,2:18:36,2:12,1:29:20,4:24:16
311,1647,Mark Wardrop,M30-34,62,Open,Australia,34:22,5:09,2:17:21,1:49,1:25:43,4:24:24
312,3192,Adam Lynch,M25-29,83,Open,Australia,26:55,4:48,2:18:31,2:13,1:32:01,4:24:29
313,321,Rafael Falsarella,M40-44,30,Open,Brazil,28:19,4:48,2:21:06,1:45,1:28:32,4:24:30
314,1219,Philip Billikopf,M35-39,58,Open,Chile,32:19,5:21,2:21:42,2:09,1:23:01,4:24:31
315,1531,Stefan Prendergast,M30-34,63,Open,Australia,24:59,5:43,2:24:55,3:03,1:25:57,4:24:37
316,164,Robert Huber,M40-44,31,Open,Switzerland,31:23,4:33,2:22:09,1:59,1:24:34,4:24:37
317,3342,John Dalton-Morgan,M25-29,84,Open,United Kingdom,32:11,5:05,2:20:52,3:42,1:22:48,4:24:38
318,1886,Jean Baptiste BURBAUD,M30-34,64,Open,France,29:26,4:30,2:21:15,2:27,1:27:01,4:24:39
319,3497,Bastian Luthmann,M18-24,32,Open,Germany,32:51,4:04,2:19:32,1:18,1:26:56,4:24:41
320,1277,David Andor,M35-39,59,Open,Hungary,27:24,5:25,2:20:17,2:15,1:29:24,4:24:44
321,1523,Wes Whitfield,M30-34,65,Open,Australia,32:06,4:43,2:24:32,1:38,1:21:46,4:24:45
322,1959,Bastiaan Savalle,M30-34,66,Open,Netherlands,29:14,6:17,2:20:31,2:54,1:25:52,4:24:47
323,4007,Antonio Ferreira Da Silva Neto,M45-49,4,Open,United States,26:24,4:23,2:20:14,1:49,1:31:58,4:24:48
324,617,Scott Voyles,M40-44,32,Open,United States,33:36,5:08,2:20:32,1:37,1:23:57,4:24:50
325,1255,James Duncan,M35-39,60,Open,United Kingdom,31:03,5:28,2:17:35,1:44,1:29:07,4:24:57
326,982,Jaroslav Olearnik,M35-39,61,Open,Slovakia,33:30,5:18,2:12:57,1:59,1:31:16,4:25:00
327,1651,Braulio Sueiro,M30-34,67,Open,Uruguay,29:55,5:02,2:18:30,1:15,1:30:23,4:25:05
328,1187,Matthew Hallam,M35-39,62,Open,United Kingdom,30:23,6:13,2:13:00,1:36,1:33:56,4:25:08
329,1699,Robson Marcon Antunes,M30-34,68,Open,Brazil,26:11,4:34,2:18:03,2:34,1:33:47,4:25:08
330,1312,Nicolas Barbalan,M35-39,63,Open,Argentina,28:55,4:38,2:25:33,2:42,1:23:21,4:25:08
331,1059,Quentin Sagnol,M35-39,64,Open,France,31:21,4:17,2:19:25,1:45,1:28:21,4:25:09
332,2469,Matt Mckay,M55-59,2,Open,Australia,28:26,4:49,2:20:09,2:16,1:29:35,4:25:15
333,3098,Manuel Mococain,M25-29,85,Open,Chile,33:28,6:33,2:14:28,2:51,1:27:58,4:25:18
334,1264,Matthew Gibson,M35-39,65,Open,Australia,32:42,6:00,2:18:40,2:10,1:25:47,4:25:19
335,1321,Filipe Bisuti,M35-39,66,Open,Brazil,28:46,5:46,2:22:55,3:03,1:24:49,4:25:20
336,3638,Hidekazu Takahashi,M45-49,5,Open,Japan,26:54,4:03,2:26:29,1:53,1:26:05,4:25:23
337,3463,OLIVER VAN RENSBURG,M18-24,33,Open,Australia,29:56,4:11,2:19:06,1:48,1:30:24,4:25:24
338,3305,Thomas Mougel,M25-29,86,Open,France,27:04,5:41,2:18:28,3:03,1:31:09,4:25:25
339,3350,Freddie Allinson,M25-29,87,Open,United Kingdom,29:16,5:01,2:16:51,1:31,1:32:47,4:25:26
340,932,Ricardo Mazzini,M35-39,67,Open,Peru,30:43,5:35,2:20:21,1:47,1:27:02,4:25:29
341,1555,Tim Tritton,M30-34,69,Open,Australia,28:54,4:57,2:22:09,1:51,1:27:43,4:25:33
342,478,Tristan Margot,M40-44,33,Open,United States,28:01,4:30,2:21:01,1:17,1:30:46,4:25:35
343,559,Christopher Arnold,M40-44,34,Open,United States,28:25,6:56,2:21:18,2:17,1:26:41,4:25:37
344,3070,Austin Quinn,M25-29,88,Open,United States,24:15,4:30,2:22:41,1:53,1:32:20,4:25:38
345,3221,Gerard Romagós Vilà,M25-29,89,Open,Spain,29:14,3:55,2:23:59,1:51,1:26:40,4:25:39
346,1769,Ignacio Mendez-Nunez,M30-34,70,Open,United States,30:14,4:56,2:15:30,2:06,1:32:58,4:25:45
347,1801,Matthew Sandford,M30-34,71,Open,Australia,28:25,4:27,2:21:26,1:40,1:29:48,4:25:46
348,1043,Alejandro Peña Méndez,M35-39,68,Open,Spain,28:15,3:55,2:23:46,1:45,1:28:08,4:25:49
349,3120,Philipp Neumeister,M25-29,90,Open,Germany,32:14,4:49,2:23:49,2:24,1:22:36,4:25:52
350,3310,Guyan Zhang,M25-29,91,Open,China,25:27,7:10,2:24:56,2:32,1:25:47,4:25:52
351,187,Franck Santos,M40-44,35,Open,New Caledonia,30:20,5:33,2:24:47,2:06,1:23:07,4:25:53
352,1668,Lorenz Ineichen,M30-34,72,Open,Switzerland,27:25,4:07,2:21:54,1:37,1:30:52,4:25:56
353,1220,Ingkanont Pipatpon,M35-39,69,Open,Thailand,27:40,5:04,2:21:04,1:50,1:30:18,4:25:56
354,1622,Luca Killick,M30-34,73,Open,New Zealand,30:07,5:26,2:21:48,1:35,1:27:01,4:25:57
355,4079,Sven Vietmeier,M45-49,6,Open,Switzerland,30:46,4:50,2:26:26,2:14,1:21:42,4:25:58
356,574,Daniel Grobmeier,M40-44,36,Open,Germany,30:13,4:29,2:28:22,1:58,1:20:56,4:25:59
357,3235,Ben Sewell,M25-29,92,Open,Australia,29:10,6:39,2:17:15,2:21,1:30:35,4:25:59
358,484,Hermes Ernesto Fonseca,M40-44,37,Open,Brazil,28:31,5:15,2:25:37,2:16,1:24:24,4:26:03
359,1230,LUCAS ZUQUIM GUIMARAES GARCIA,M35-39,70,Open,Brazil,28:15,4:30,2:22:48,2:28,1:28:02,4:26:03
360,3147,Josh Hoeft,M25-29,93,Open,United States,30:25,4:38,2:18:49,2:25,1:29:47,4:26:03
361,1827,Robert Van Kirk,M30-34,74,Open,United States,25:02,4:43,2:21:35,2:07,1:32:39,4:26:06
362,1214,Simone Berrino,M35-39,71,Open,Italy,31:21,4:32,2:26:46,1:52,1:21:40,4:26:11
363,4003,David Martin,M45-49,7,Open,France,28:58,4:29,2:24:37,1:31,1:26:45,4:26:20
364,1919,Mitchell Scott,M30-34,75,Open,Australia,25:48,4:49,2:15:50,1:39,1:38:16,4:26:22
365,366,Petr Lukosz,M40-44,38,Open,Czechia,29:14,5:43,2:17:44,2:05,1:31:37,4:26:23
366,214,Valdur Jaht,M40-44,39,Open,Estonia,31:40,4:11,2:20:05,1:38,1:28:49,4:26:23
367,1535,Patryk Bielik,M30-34,76,Open,Poland,30:13,4:38,2:21:30,2:01,1:28:02,4:26:24
368,950,Marc Morgan,M35-39,72,Open,United States,33:12,4:50,2:19:57,1:51,1:26:35,4:26:25
369,935,Márk Czap,M35-39,73,Open,Hungary,28:56,4:38,2:25:58,2:01,1:25:03,4:26:37
370,1721,Marcelo Plec Manao,M30-34,77,Open,Brazil,32:13,5:20,2:23:25,2:12,1:23:31,4:26:41
371,1712,Joris Aerden,M30-34,78,Open,Belgium,26:31,5:07,2:18:03,1:57,1:35:03,4:26:42
372,3769,Sean Donoghue,M45-49,8,Open,New Zealand,29:15,4:40,2:23:40,1:54,1:27:13,4:26:43
373,3367,Thomas Grimonprez,M25-29,94,Open,France,31:34,6:01,2:28:08,1:57,1:19:06,4:26:45
374,1773,Romain Barnoud,M30-34,79,Open,France,28:06,4:06,2:28:39,1:41,1:24:18,4:26:50
375,1710,Hugh Mcnamara,M30-34,80,Open,Australia,28:37,5:16,2:17:02,1:46,1:34:12,4:26:53
376,4013,Mateus Vidigal,M45-49,9,Open,Brazil,25:01,4:52,2:18:51,2:04,1:36:10,4:26:58
377,3125,Pierre Berdat,M25-29,95,Open,France,29:10,4:55,2:22:21,1:19,1:29:13,4:26:59
378,992,Hannes Bonami,M35-39,74,Open,Belgium,30:17,4:21,2:24:54,2:05,1:25:24,4:27:00
379,3498,Francis Rupnik,M18-24,34,Open,Australia,24:50,4:07,2:24:31,1:47,1:31:48,4:27:03
380,2785,Ragnar Crona,M50-54,5,Open,Sweden,30:22,5:16,2:23:55,1:59,1:25:33,4:27:04
381,1750,Seth Hill,M30-34,81,Open,United States,27:13,4:31,2:22:55,1:48,1:30:46,4:27:13
382,3212,Till Wichmann,M25-29,96,Open,Germany,27:40,4:55,2:16:48,2:08,1:35:46,4:27:16
383,1748,Philipp Hofmann,M30-34,82,Open,Germany,24:51,4:03,2:20:56,1:42,1:35:45,4:27:17
384,1196,Hector Sauri Suarez,M35-39,75,Open,Spain,25:38,4:28,2:22:52,2:08,1:32:14,4:27:20
385,1952,James Riegger,M30-34,83,Open,United States,26:49,6:53,2:19:35,2:38,1:31:24,4:27:20
386,1016,Mauricio Smith Frontaura,M35-39,76,Open,Chile,30:27,5:01,2:19:53,1:35,1:30:26,4:27:22
387,1675,Dónal MCGOLDRICK,M30-34,84,Open,Ireland,27:34,4:34,2:26:13,1:43,1:27:19,4:27:23
388,3830,Alexandre Delort,M45-49,10,Open,France,28:27,4:21,2:20:40,2:12,1:31:44,4:27:23
389,1857,Frank Smith,M30-34,85,Open,New Zealand,30:52,4:07,2:27:24,1:41,1:23:21,4:27:24
390,4054,Piotr Szczesniak,M45-49,11,Open,Poland,31:45,4:13,2:21:19,1:45,1:28:24,4:27:26
391,271,Luca Renzi,M40-44,40,Open,Italy,27:12,4:42,2:24:56,2:56,1:27:43,4:27:29
392,3225,Daniel Bloom,M25-29,97,Open,Australia,28:01,4:54,2:17:12,2:17,1:35:06,4:27:29
393,4009,Jason Smith,M45-49,12,Open,United States,26:15,5:21,2:23:23,1:47,1:30:44,4:27:31
394,930,Tom Upton,M35-39,77,Open,Australia,27:32,5:07,2:24:04,2:50,1:28:01,4:27:35
395,1000,Christo Ball,M35-39,78,Open,Australia,26:06,4:49,2:15:22,2:12,1:39:08,4:27:37
396,849,Andres Carne,M35-39,79,Open,Chile,29:53,5:30,2:23:36,1:56,1:26:43,4:27:39
397,3274,Jordan Gadomski,M25-29,98,Open,Australia,28:43,5:30,2:18:16,2:25,1:32:46,4:27:40
398,2268,Ton Elie,M55-59,3,Open,Netherlands,29:53,4:28,2:22:14,1:43,1:29:23,4:27:41
399,3283,Bernardo Amaral Neves,M25-29,99,Open,Brazil,30:25,4:49,2:20:28,2:16,1:29:43,4:27:41
400,337,Tony Macias,M40-44,41,Open,United States,30:39,4:43,2:26:41,1:40,1:24:00,4:27:43
401,3374,Danovick Pitre,M25-29,100,Open,Canada,31:27,4:58,2:19:34,1:22,1:30:23,4:27:44
402,2925,Michael Andersen,M50-54,6,Open,Denmark,32:56,4:33,2:16:25,1:55,1:31:55,4:27:45
403,3068,Tom Hill,M25-29,101,Open,United Kingdom,29:05,4:12,2:21:33,1:39,1:31:19,4:27:47
404,246,Guillaume Thiebot,M40-44,42,Open,France,31:16,4:03,2:18:42,1:21,1:32:25,4:27:48
405,3333,Payne Pachuda,M25-29,102,Open,United States,27:35,4:30,2:24:38,2:13,1:28:57,4:27:54
406,959,Jakub Leduchowski,M35-39,80,Open,Poland,32:07,4:46,2:18:56,1:36,1:30:30,4:27:54
407,628,Simon Thwaite,M40-44,43,Open,New Zealand,33:38,5:17,2:20:00,1:45,1:27:14,4:27:54
408,238,Paul Ryman,M40-44,44,Open,United Kingdom,26:56,4:44,2:24:00,2:18,1:30:00,4:27:57
409,864,Sebastian Ostertag,M35-39,81,Open,Argentina,27:37,4:38,2:25:41,1:16,1:28:45,4:27:57
410,673,Tyson Matheson,M40-44,45,Open,Australia,31:36,4:15,2:20:45,2:34,1:28:49,4:28:00
411,1192,Carl Ashdown,M35-39,82,Open,Australia,28:08,4:28,2:22:32,2:21,1:30:33,4:28:01
412,1155,Stephan Kröller,M35-39,83,Open,Germany,25:41,4:12,2:19:46,2:14,1:36:08,4:28:02
413,1855,Tommy Smith,M30-34,86,Open,Australia,29:51,4:20,2:21:38,2:02,1:30:12,4:28:03
414,212,Christos Geitonas,M40-44,46,Open,Greece,30:24,5:22,2:28:16,2:00,1:22:04,4:28:06
415,3535,Jonathan Peinhopf,M18-24,35,Open,Austria,29:52,5:07,2:12:59,1:47,1:38:24,4:28:08
416,3028,Juan Francisco Monserrat De Leon,M50-54,7,Open,Spain,30:14,4:01,2:23:17,1:39,1:28:58,4:28:10
417,3253,Lin Haoran,M25-29,103,Open,China,33:21,5:47,2:21:52,1:39,1:25:31,4:28:11
418,3244,Garrett Haufschild,M25-29,104,Open,United States,26:59,5:07,2:26:54,2:23,1:26:50,4:28:13
419,3412,Cody Clauer,M18-24,36,Open,United States,25:15,4:27,2:20:47,1:51,1:35:56,4:28:16
420,3511,Josef Stone,M18-24,37,Open,United States,28:08,5:54,2:26:51,2:15,1:25:09,4:28:16
421,3136,Blake DREW,M25-29,105,Open,Australia,28:41,5:08,2:26:04,2:08,1:26:20,4:28:22
422,1108,Johnny Delbalso,M35-39,84,Open,United States,33:45,4:09,2:19:23,2:08,1:28:58,4:28:23
423,1645,Jules Hirault,M30-34,87,Open,France,26:28,5:30,2:25:37,1:44,1:29:08,4:28:28
424,1061,Jonathan Lee,M35-39,85,Open,United States,28:40,5:43,2:23:47,2:07,1:28:13,4:28:30
425,1317,Yan Aguilera,M35-39,86,Open,Brazil,29:35,5:05,2:21:44,1:52,1:30:16,4:28:32
426,538,Thijs Hubber,M40-44,47,Open,New Zealand,28:25,5:06,2:23:53,1:25,1:29:48,4:28:37
427,967,Gabriel Santiago Molina,M35-39,87,Open,Argentina,30:26,5:04,2:22:11,2:59,1:28:02,4:28:42
428,610,Luke Henderson,M40-44,48,Open,Australia,28:05,4:02,2:18:27,2:25,1:35:44,4:28:43
429,1212,Emiliano Mandarano,M35-39,88,Open,Argentina,29:33,5:28,2:26:32,2:40,1:24:32,4:28:44
430,294,Christopher Pritchett,M40-44,49,Open,United States,31:07,4:35,2:22:29,2:15,1:28:23,4:28:49
431,531,Ben Fairclough,M40-44,50,Open,United Kingdom,32:19,5:08,2:23:50,3:22,1:24:14,4:28:53
432,3505,Garrison Famiglio,M18-24,38,Open,United States,26:37,4:46,2:18:37,1:47,1:37:07,4:28:54
433,1038,David Preston,M35-39,89,Open,United States,28:54,4:31,2:21:14,1:35,1:32:42,4:28:55
434,3202,Romulo Osorio,M25-29,106,Open,Colombia,33:04,5:33,2:22:45,1:22,1:26:12,4:28:55
435,141,Pawel Kampa,M40-44,51,Open,Poland,31:55,4:53,2:24:49,2:12,1:25:10,4:29:00
436,4040,Stuart New,M45-49,13,Open,United Kingdom,29:47,4:53,2:23:33,1:31,1:29:27,4:29:10
437,1751,Richie Szeliga,M30-34,88,Open,United States,33:58,4:59,2:24:06,1:40,1:24:35,4:29:17
438,432,Lucas MCBEATH,M40-44,52,Open,Australia,32:14,6:24,2:18:07,2:22,1:30:12,4:29:20
439,3433,cristobal torres,M18-24,39,Open,Chile,28:57,5:01,2:21:09,1:49,1:32:24,4:29:20
440,1228,Luis Silva,M35-39,90,Open,Portugal,25:34,4:43,2:24:56,1:26,1:32:43,4:29:22
441,1148,Alejandro Madde,M35-39,91,Open,Bolivia,27:41,4:41,2:25:02,1:52,1:30:06,4:29:23
442,3335,Gonzalo Ortiz,M25-29,107,Open,Argentina,27:45,4:32,2:21:29,2:27,1:33:13,4:29:26
443,3392,Isaiah Snell,M18-24,40,Open,Australia,28:23,4:48,2:26:50,1:50,1:27:36,4:29:28
444,3489,Nathan Stringer,M18-24,41,Open,Canada,32:55,4:38,2:26:03,2:30,1:23:23,4:29:28
445,929,Gabriel Dias Aguilera Fernandes,M35-39,92,Open,Brazil,31:03,5:02,2:26:17,1:52,1:25:16,4:29:30
446,3285,Fabian Vandervorst,M25-29,108,Open,Belgium,29:39,5:06,2:15:38,2:45,1:36:23,4:29:30
447,1046,Nicolas Previtali,M35-39,93,Open,France,29:37,5:50,2:24:14,1:47,1:28:03,4:29:31
448,1194,Ciaran Boyle,M35-39,94,Open,Ireland,29:43,4:35,2:22:42,2:27,1:30:06,4:29:33
449,1797,David Bauwens,M30-34,89,Open,Belgium,28:25,5:35,2:28:56,2:08,1:24:30,4:29:35
450,1491,Eduardo Sandoval,M30-34,90,Open,Chile,33:31,4:19,2:24:33,1:43,1:25:31,4:29:36
451,3165,Antoine Guilloux,M25-29,109,Open,France,26:05,4:13,2:23:18,1:47,1:34:16,4:29:38
452,2205,Christophe JOUFFRET,M60-64,1,Open,France,26:49,4:23,2:20:58,1:41,1:35:48,4:29:39
453,599,Juan Pablo Ibanez,M40-44,53,Open,Argentina,32:23,5:31,2:27:16,2:00,1:22:29,4:29:39
454,501,dale burden,M40-44,54,Open,Canada,34:35,4:51,2:20:42,2:09,1:27:25,4:29:40
455,1905,James Mcindoe,M30-34,91,Open,Australia,29:07,4:43,2:23:04,1:25,1:31:23,4:29:43
456,1295,Luca Rozycki,M35-39,95,Open,Argentina,31:03,4:46,2:28:45,1:55,1:23:17,4:29:46
457,3391,Tyler Jerram,M18-24,42,Open,New Zealand,28:22,4:13,2:16:28,1:57,1:38:46,4:29:47
458,1280,Alexandre Campino,M35-39,96,Open,Portugal,29:00,4:25,2:25:41,1:50,1:28:52,4:29:50
459,3993,Alberto Gonzalez,M45-49,14,Open,Mexico,31:13,4:54,2:27:52,1:48,1:24:05,4:29:53
460,425,Robert Lucke,M40-44,55,Open,United States,39:16,4:32,2:15:02,2:27,1:28:37,4:29:53
461,3516,Ryan Broadhead,M18-24,43,Open,United States,30:57,6:23,2:26:26,2:56,1:23:15,4:29:56
462,1031,Mario Schabus,M35-39,97,Open,Austria,30:41,4:37,2:26:01,2:22,1:26:17,4:29:59
463,3389,Titouan Le Grand,M18-24,44,Open,France,26:55,5:07,2:30:48,1:43,1:25:26,4:29:59
464,3194,Charlie Taylor,M25-29,110,Open,New Zealand,26:28,4:38,2:22:13,1:48,1:34:53,4:30:00
465,873,Marian Münster,M35-39,98,Open,Germany,29:03,4:51,2:24:36,2:17,1:29:15,4:30:02
466,2916,Michal Twarowski,M50-54,8,Open,Poland,30:54,4:07,2:24:35,1:38,1:28:49,4:30:02
467,3467,Jordan Holt,M18-24,45,Open,Australia,27:58,4:26,2:17:28,1:38,1:38:35,4:30:05
468,4056,Dane Cantwell,M45-49,15,Open,New Zealand,26:43,5:42,2:25:14,2:11,1:30:21,4:30:11
469,4028,Nathan Heaney,M45-49,16,Open,Australia,25:06,5:19,2:23:48,2:01,1:34:00,4:30:14
470,1714,Scott Schoen,M30-34,92,Open,United States,30:28,5:22,2:22:12,2:41,1:29:32,4:30:14
471,3062,Tristan Brunet,M25-29,111,Open,United States,25:26,4:52,2:24:22,1:26,1:34:11,4:30:16
472,239,Michael Lord,M40-44,56,Open,United States,33:09,5:17,2:26:17,2:09,1:23:25,4:30:17
473,682,Rodolfo Zeledon,M40-44,57,Open,Costa Rica,28:07,5:20,2:22:12,2:28,1:32:12,4:30:18
474,1595,Fran Catalan,M30-34,93,Open,Spain,30:42,4:51,2:20:49,1:58,1:32:00,4:30:21
475,206,Robert Cordle,M40-44,58,Open,Australia,34:06,4:24,2:23:01,1:57,1:26:53,4:30:21
476,3066,Ollie Brazier,M25-29,112,Open,New Zealand,29:05,4:01,2:24:15,1:33,1:31:26,4:30:21
477,1620,Max Gordon,M30-34,94,Open,New Zealand,31:10,3:46,2:26:13,1:36,1:27:39,4:30:24
478,3210,Connor Koehler,M25-29,113,Open,United States,24:58,5:13,2:25:18,1:58,1:32:59,4:30:25
479,1633,Julien Bletterie,M30-34,95,Open,France,33:45,5:28,2:18:28,2:17,1:30:31,4:30:28
480,426,Patrick Boulongne,M40-44,59,Open,France,33:41,4:36,2:27:01,1:48,1:23:25,4:30:29
481,916,Matthew Fieldsend,M35-39,99,Open,Australia,29:51,4:38,2:22:46,1:24,1:31:58,4:30:36
482,3300,Vilis Vuskalns,M25-29,114,Open,United States,25:46,4:47,2:19:01,2:20,1:38:44,4:30:38
483,1007,Tom Van Der Sande,M35-39,100,Open,Netherlands,27:30,4:51,2:24:31,2:28,1:31:21,4:30:41
484,1545,Jonatan Martínez Jimenez,M30-34,96,Open,Spain,30:20,4:10,2:26:18,2:28,1:27:25,4:30:41
485,3925,Eero Heiskanen,M45-49,17,Open,Finland,33:45,4:51,2:21:21,1:49,1:28:56,4:30:41
486,1830,Jaume Mas Riera,M30-34,97,Open,Spain,28:03,4:54,2:23:14,1:30,1:33:01,4:30:43
487,1240,GUILHERME SA NASCIMENTO DE PAULA DONDICI,M35-39,101,Open,Brazil,28:29,4:57,2:19:56,2:38,1:34:44,4:30:44
488,3241,Jarrad Greentree,M25-29,115,Open,Australia,22:51,4:33,2:22:29,2:40,1:38:12,4:30:44
489,847,Thomas Fellows,M35-39,102,Open,United States,32:17,4:18,2:19:08,1:30,1:33:35,4:30:48
490,153,Damien Thompson,M40-44,60,Open,Australia,31:40,4:41,2:19:56,1:46,1:32:48,4:30:51
491,377,Aaron Hains,M40-44,61,Open,Canada,28:37,4:42,2:27:26,1:29,1:28:37,4:30:51
492,3164,Franklin Rice,M25-29,116,Open,United States,30:31,3:53,2:26:56,1:44,1:27:48,4:30:52
493,3713,Cornelius Wermann,M45-49,18,Open,Germany,29:54,4:46,2:20:20,1:54,1:34:00,4:30:53
494,523,Keith Campbell,M40-44,62,Open,Australia,26:29,4:13,2:27:33,2:40,1:30:00,4:30:55
495,3270,Jacob Flanagan,M25-29,117,Open,Australia,29:46,4:18,2:21:28,1:53,1:33:32,4:30:57
496,127,Nino Antonio Meza,M40-44,63,Open,Chile,31:18,6:00,2:24:15,1:49,1:27:37,4:30:58
497,1269,Jorge Hernaez Navarro,M35-39,103,Open,Spain,30:30,4:21,2:30:06,1:26,1:24:40,4:31:02
498,1738,Brett Szalapski,M30-34,98,Open,United States,28:37,3:53,2:28:49,1:49,1:28:00,4:31:08
499,1833,Joel Walker,M30-34,99,Open,United Kingdom,31:59,5:43,2:21:55,1:52,1:29:40,4:31:09
500,3501,Sebastian Bell,M18-24,46,Open,United Kingdom,25:25,4:16,2:27:33,1:21,1:32:35,4:31:10
501,3534,Ted Ward,M18-24,47,Open,United Kingdom,23:17,3:56,2:14:09,2:06,1:47:44,4:31:11
502,1963,Simon Kay,M30-34,100,Open,Australia,25:56,4:01,2:20:37,1:47,1:38:53,4:31:13
503,3307,Cameron Vaughan,M25-29,118,Open,New Zealand,27:40,5:13,2:23:28,1:39,1:33:15,4:31:14
504,1975,Nic Beard,M30-34,101,Open,Australia,29:03,5:37,2:24:23,1:36,1:30:37,4:31:16
505,817,Luke Kohler,M35-39,104,Open,Australia,34:35,4:53,2:22:34,1:50,1:27:26,4:31:16
506,3061,Nicolas Morel,M25-29,119,Open,France,28:26,5:12,2:25:26,1:31,1:30:41,4:31:16
507,1154,Matthew Passmore,M35-39,105,Open,South Africa,29:18,6:12,2:22:04,2:48,1:30:54,4:31:17
508,840,Daniel Cruz,M35-39,106,Open,Spain,28:01,4:49,2:28:50,1:53,1:27:44,4:31:17
509,1821,Lukas Steinmetz,M30-34,102,Open,Germany,33:04,4:56,2:20:21,2:05,1:30:52,4:31:18
510,4030,Marcus Schut,M45-49,19,Open,Netherlands,33:04,4:34,2:21:23,1:41,1:30:40,4:31:21
511,2744,Mike Neill,M50-54,9,Open,Canada,30:57,4:32,2:26:18,2:39,1:26:55,4:31:22
512,4094,Matthew Dawes,M45-49,20,Open,Australia,30:01,5:04,2:26:06,1:58,1:28:14,4:31:23
513,1030,Nicolas LANGE-BERTEAUX,M35-39,107,Open,France,31:41,3:53,2:27:51,1:38,1:26:21,4:31:24
514,3265,Chad Mckay,M25-29,120,Open,Australia,28:16,5:03,2:22:03,2:29,1:33:33,4:31:24
515,549,Daniel Howitt,M40-44,64,Open,Australia,27:13,4:16,2:32:49,1:44,1:25:29,4:31:31
516,1543,Federico Forte,M30-34,103,Open,Italy,25:49,4:26,2:29:44,1:43,1:29:50,4:31:33
517,947,Maxime Brouillette,M35-39,108,Open,Canada,33:36,5:34,2:19:07,2:25,1:30:54,4:31:35
518,3223,Hunter Griffin,M25-29,121,Open,Australia,27:33,5:43,2:26:42,2:44,1:28:56,4:31:39
519,116,Claudio Montejo,M40-44,65,Open,Chile,31:21,3:55,2:23:04,1:29,1:31:51,4:31:41
520,1658,Duane Russell,M30-34,104,Open,Australia,26:30,3:59,2:32:21,2:46,1:26:05,4:31:41
521,1853,Iacopo Carpentieri,M30-34,105,Open,Italy,28:27,4:50,2:21:00,1:44,1:35:41,4:31:42
522,1978,Juan Vázquez Amado,M30-34,106,Open,Spain,25:39,3:52,2:26:52,1:52,1:33:28,4:31:42
523,871,Vinko Vrebac,M35-39,109,Open,Croatia,28:20,4:32,2:27:28,2:13,1:29:10,4:31:43
524,2853,Guillaume Lecoq,M50-54,10,Open,France,34:22,5:20,2:25:44,2:22,1:23:55,4:31:44
525,494,Berger Jonathan,M40-44,66,Open,New Caledonia,30:22,4:15,2:25:21,1:30,1:30:17,4:31:44
526,1790,Pierre-Luc Laperche-Dreano,M30-34,107,Open,France,27:59,6:17,2:26:19,2:05,1:29:09,4:31:48
527,1114,Francisney Albuquerque,M35-39,110,Open,Brazil,31:49,4:54,2:27:22,1:52,1:25:52,4:31:48
528,3533,Elijah Lewis,M18-24,48,Open,Australia,26:51,4:02,2:26:18,1:38,1:33:01,4:31:50
529,1870,Manuel Masala,M30-34,108,Open,Italy,30:01,5:42,2:33:27,1:35,1:21:08,4:31:53
530,1549,Souli El Adek,M30-34,109,Open,Morocco,30:56,5:01,2:25:55,2:07,1:27:56,4:31:55
531,1623,Maxime Bourrel,M30-34,110,Open,France,26:36,6:30,2:19:26,2:21,1:37:01,4:31:55
532,4092,Julian Bennett,M45-49,21,Open,Australia,27:54,4:49,2:32:15,1:33,1:25:26,4:31:58
533,3916,Brodie Madgwick,M45-49,22,Open,New Zealand,27:36,4:20,2:23:31,2:33,1:34:00,4:32:00
534,1281,Massimo Barca,M35-39,111,Open,Italy,26:59,5:49,2:32:12,1:53,1:25:06,4:32:00
535,1604,Thomas Laudenbach,M30-34,111,Open,Australia,31:31,6:17,2:24:17,2:15,1:27:41,4:32:01
536,3312,Jaceb Burish,M25-29,122,Open,United States,29:53,5:08,2:22:52,1:59,1:32:11,4:32:03
537,592,Joaquin Marques,M40-44,67,Open,Argentina,31:32,3:53,2:29:38,1:42,1:25:23,4:32:07
538,1499,David Zaharakis,M30-34,112,Open,Australia,29:30,4:43,2:29:15,1:46,1:26:53,4:32:07
539,422,Matthew Thompson,M40-44,68,Open,Australia,30:00,5:00,2:27:48,2:59,1:26:21,4:32:08
540,1600,Victor Audienne,M30-34,113,Open,France,27:54,4:49,2:23:26,1:55,1:34:08,4:32:11
541,231,Steven Leung,M40-44,69,Open,Australia,31:46,4:04,2:21:38,1:50,1:32:53,4:32:11
542,3161,Tom Wilson,M25-29,123,Open,Australia,28:09,5:16,2:20:18,3:11,1:35:19,4:32:13
543,1314,Chris Brennan,M35-39,112,Open,Australia,29:30,4:40,2:23:33,2:08,1:32:23,4:32:14
544,962,Markus Buchler,M35-39,113,Open,Switzerland,28:51,4:19,2:21:12,2:38,1:35:14,4:32:15
545,1193,Duarte Tirapicos,M35-39,114,Open,Portugal,35:13,5:08,2:28:31,2:37,1:20:49,4:32:17
546,3162,Logan Siebert,M25-29,124,Open,Belgium,27:07,5:20,2:22:08,2:16,1:35:30,4:32:20
547,595,David Sheeran,M40-44,70,Open,United States,31:05,5:37,2:23:49,2:14,1:29:36,4:32:21
548,565,Thomas Frebel,M40-44,71,Open,Germany,30:11,5:15,2:26:21,2:09,1:28:28,4:32:24
549,675,Robert Jan WYSZKA,M40-44,72,Open,Germany,30:22,4:59,2:23:56,2:01,1:31:06,4:32:24
550,3369,CJ Grissim,M25-29,125,Open,United States,29:36,6:00,2:24:47,2:28,1:29:32,4:32:24
551,1188,Lyall Smyth,M35-39,115,Open,Australia,26:18,4:42,2:20:32,1:40,1:39:14,4:32:26
552,3121,Thomas Linder,M25-29,126,Open,France,31:01,4:53,2:17:53,1:43,1:36:57,4:32:26
553,2776,Troy COLLINS,M50-54,11,Open,Australia,25:37,4:34,2:26:26,1:57,1:33:53,4:32:27
554,124,Peter Ligori,M40-44,73,Open,Canada,29:56,4:19,2:25:03,1:51,1:31:17,4:32:27
555,3247,John Jenco,M25-29,127,Open,United States,29:13,4:17,2:27:32,1:48,1:29:37,4:32:27
556,3447,Antonio Martí Peris,M18-24,49,Open,Spain,28:30,5:23,2:30:29,2:05,1:26:01,4:32:28
557,1541,IGOR ITAPA DE CARVALHO,M30-34,114,Open,Brazil,29:44,4:38,2:25:35,1:47,1:30:45,4:32:29
558,3451,Peik Weidemann Wieland,M18-24,50,Open,Norway,28:12,4:37,2:28:30,2:30,1:28:42,4:32:31
559,1878,Nick Lam,M30-34,115,Open,Hong Kong,28:24,6:22,2:22:29,2:24,1:32:54,4:32:33
560,616,Matt Tobey,M40-44,74,Open,United States,31:11,5:25,2:25:06,3:02,1:27:59,4:32:43
561,410,Bram De Boeck,M40-44,75,Open,New Zealand,32:28,5:12,2:23:47,1:36,1:29:41,4:32:45
562,1582,Rhys Williams,M30-34,116,Open,New Zealand,28:55,5:23,2:24:29,2:31,1:31:29,4:32:46
563,3537,Lucas Ingwersen,M18-24,51,Open,Netherlands,29:01,5:07,2:28:17,2:04,1:28:24,4:32:53
564,3877,Grant Edwards,M45-49,23,Open,Australia,28:18,5:17,2:31:45,2:30,1:25:06,4:32:55
565,1920,Tyler Hilt,M30-34,117,Open,United States,30:50,3:58,2:35:15,1:33,1:21:21,4:32:58
566,2486,Pete Eggleston,M55-59,4,Open,United Kingdom,30:20,4:43,2:21:52,1:43,1:34:21,4:32:59
567,3999,Andrew Stevenson,M45-49,24,Open,China,26:51,5:04,2:23:48,2:44,1:34:34,4:33:00
568,1772,Frank Madlehner,M30-34,118,Open,Germany,30:54,4:48,2:27:21,2:11,1:27:46,4:33:01
569,360,Bastian Wienold,M40-44,76,Open,Germany,32:52,5:06,2:21:36,1:54,1:31:33,4:33:02
570,4021,Alexander Schuler,M45-49,25,Open,Germany,31:01,4:46,2:24:21,1:48,1:31:06,4:33:02
571,1528,Nick Johnston,M30-34,119,Open,United Kingdom,29:02,5:45,2:25:07,2:00,1:31:08,4:33:03
572,1796,Alex Cranswick,M30-34,120,Open,New Zealand,29:28,4:12,2:17:19,1:35,1:40:34,4:33:08
573,3105,Evan Gruda,M25-29,128,Open,United States,30:46,4:19,2:29:01,1:32,1:27:30,4:33:08
574,1737,Alex Previtera,M30-34,121,Open,Australia,28:45,3:51,2:24:46,1:44,1:34:03,4:33:10
575,1533,Derek Knittle,M30-34,122,Open,United States,23:50,5:09,2:24:50,1:40,1:37:42,4:33:11
576,913,Romain Almirall-Torrel,M35-39,116,Open,France,29:32,4:35,2:21:15,1:53,1:35:58,4:33:13
577,1010,Massimo Pham,M35-39,117,Open,Switzerland,28:13,4:27,2:25:49,1:55,1:32:50,4:33:15
578,1559,Mark Barrenger,M30-34,123,Open,Australia,29:34,4:17,2:21:37,1:46,1:36:00,4:33:15
579,1586,Thomas Dutreive,M30-34,124,Open,France,27:10,4:25,2:23:42,1:38,1:36:25,4:33:21
580,1578,Charles Geisler,M30-34,125,Open,France,29:45,5:12,2:22:03,2:17,1:34:04,4:33:22
581,1053,Andrew Johnson,M35-39,118,Open,New Zealand,26:44,4:03,2:22:26,1:46,1:38:29,4:33:28
582,2893,Christiano Abreu Barbosa,M50-54,12,Open,Brazil,28:02,5:36,2:27:04,1:58,1:30:49,4:33:29
583,2196,Adrian Santonastaso,M60-64,2,Open,Switzerland,30:54,4:11,2:22:21,2:35,1:33:35,4:33:37
584,3092,Michael Marshall,M25-29,129,Open,Canada,26:57,5:54,2:18:41,1:52,1:40:13,4:33:37
585,1181,Máté Szaniszló,M35-39,119,Open,Hungary,26:21,4:22,2:31:21,1:35,1:30:00,4:33:38
586,1097,Bruno Ordonho,M35-39,120,Open,Brazil,30:08,5:38,2:22:55,2:19,1:32:42,4:33:42
587,1530,Knut Vyvey,M30-34,126,Open,Belgium,29:24,4:52,2:24:45,2:36,1:32:05,4:33:43
588,398,Dallen Roos,M40-44,77,Open,South Africa,29:14,4:22,2:28:15,1:40,1:30:14,4:33:44
589,2824,Fernando Hector Piaggo,M50-54,13,Open,Argentina,30:48,5:16,2:32:16,2:16,1:23:08,4:33:45
590,1755,Thibaut Ledanois,M30-34,127,Open,France,35:44,4:18,2:23:40,2:12,1:27:54,4:33:47
591,1663,Thomas MOUYEN,M30-34,128,Open,France,29:19,3:49,2:26:59,1:49,1:31:56,4:33:51
592,3477,Jarren Walker,M18-24,52,Open,Australia,29:24,5:00,2:15:39,1:34,1:42:21,4:33:57
593,3299,Sean Ozyazgan,M25-29,130,Open,United States,31:11,5:52,2:25:26,3:56,1:27:33,4:33:58
594,3205,Davis Kaahanui,M25-29,131,Open,United States,30:10,5:16,2:30:04,2:06,1:26:21,4:33:58
595,1064,Aaron Eichner,M35-39,121,Open,Australia,31:00,4:49,2:30:11,2:53,1:25:05,4:33:59
596,1968,Mitch Nolan,M30-34,129,Open,United States,31:48,5:51,2:22:50,2:40,1:30:54,4:34:03
597,594,Martin Henry,M40-44,78,Open,Australia,30:16,5:19,2:27:42,1:37,1:29:09,4:34:03
598,1513,Rory Weston,M30-34,130,Open,United Kingdom,29:51,4:30,2:28:27,3:05,1:28:12,4:34:04
599,1981,Nathan Ward,M30-34,131,Open,Ireland,27:02,4:31,2:22:40,2:01,1:37:53,4:34:07
600,348,Mick Atchinson,M40-44,79,Open,Australia,35:03,3:53,2:29:24,2:09,1:23:39,4:34:08
601,635,Jonas Ganzemueller,M40-44,80,Open,Germany,33:19,4:55,2:29:27,2:04,1:24:26,4:34:11
602,227,Shane Hunt,M40-44,81,Open,Australia,27:50,4:09,2:25:23,2:05,1:34:47,4:34:14
603,3435,Dominic Burkhardt,M18-24,53,Open,New Zealand,25:00,4:37,2:20:42,1:51,1:42:04,4:34:15
604,1034,Charles Derrien,M35-39,122,Open,France,29:00,4:31,2:26:14,2:08,1:32:23,4:34:16
605,3862,Heath Eckersley,M45-49,26,Open,New Zealand,27:43,6:57,2:18:29,2:16,1:38:54,4:34:18
606,3292,Sean Saxton,M25-29,132,Open,United States,26:52,5:07,2:31:33,2:15,1:28:33,4:34:19
607,2699,Chris Mansolillo,M50-54,14,Open,United States,27:36,5:33,2:23:19,1:44,1:36:07,4:34:19
608,117,Paul Aschmann,M40-44,82,Open,United States,30:35,4:17,2:27:18,2:04,1:30:10,4:34:23
609,307,Todd Perkins,M40-44,83,Open,United States,31:56,4:20,2:24:01,2:18,1:31:49,4:34:23
610,1678,Frederic Miquel,M30-34,132,Open,France,27:07,6:17,2:30:18,2:31,1:28:10,4:34:24
611,3361,Ferran Roa,M25-29,133,Open,Chile,28:22,5:23,2:17:05,1:36,1:41:59,4:34:25
612,155,Oscar Javier Aguilar De La Rosa,M40-44,84,Open,Spain,32:22,5:08,2:28:49,2:17,1:25:54,4:34:31
613,894,Eduardo Ovejas,M35-39,123,Open,Mexico,28:41,4:34,2:37:22,1:54,1:22:00,4:34:32
614,1829,RAFAEL HANSEN,M30-34,133,Open,Brazil,28:57,4:38,2:26:31,2:59,1:31:27,4:34:32
615,1602,Pedro Miguel Muzeti,M30-34,134,Open,Brazil,29:12,5:14,2:27:21,2:29,1:30:20,4:34:37
616,3339,Aaron Rothchild,M25-29,134,Open,United States,28:32,5:38,2:22:11,2:48,1:35:34,4:34:42
617,3482,Cameron Hill,M18-24,54,Open,Australia,29:23,4:03,2:18:17,1:48,1:41:13,4:34:44
618,1166,Giacomo Cesari,M35-39,124,Open,Italy,26:25,3:51,2:29:23,2:26,1:32:39,4:34:45
619,1102,Christopher Murphy,M35-39,125,Open,United States,31:17,5:40,2:31:15,2:20,1:24:14,4:34:46
620,343,Jason Ream,M40-44,85,Open,United States,29:50,5:02,2:29:38,1:33,1:28:45,4:34:48
621,3112,Jason Basaur,M25-29,135,Open,Canada,32:20,5:20,2:20:37,2:01,1:34:33,4:34:51
622,2975,Steven Miller,M50-54,15,Open,New Zealand,30:47,4:44,2:29:28,2:05,1:27:48,4:34:52
623,1042,Trevor Knyvett,M35-39,126,Open,New Zealand,29:03,4:46,2:26:41,2:25,1:31:59,4:34:53
624,1682,Oliver Davies,M30-34,135,Open,United Kingdom,29:13,5:24,2:27:12,1:59,1:31:08,4:34:55
625,1520,Mattia Lovera,M30-34,136,Open,Italy,32:29,5:55,2:21:01,2:33,1:33:04,4:35:02
626,1723,Andreas Besold,M30-34,137,Open,Germany,28:04,4:55,2:25:20,1:41,1:35:02,4:35:03
627,506,James Plant,M40-44,86,Open,United Kingdom,30:48,5:44,2:25:18,2:43,1:30:32,4:35:04
628,3821,Gustavo Feitosa Felizzola,M45-49,27,Open,Italy,28:19,5:37,2:22:46,1:41,1:36:43,4:35:06
629,1304,Miguel Desentis,M35-39,127,Open,Mexico,26:58,5:05,2:32:42,2:28,1:27:55,4:35:08
630,1580,Vitaliy Luniv,M30-34,138,Open,Ukraine,29:28,4:36,2:33:30,1:36,1:26:00,4:35:09
631,1747,Tyler Bingham,M30-34,139,Open,United States,30:48,5:01,2:30:28,2:04,1:26:48,4:35:09
632,691,Deepak Nagendra,M40-44,87,Open,United States,29:46,5:16,2:29:47,2:18,1:28:03,4:35:10
633,1261,Antonius Ryan Saputra Ridwan,M35-39,128,Open,Indonesia,28:35,5:37,2:29:52,2:06,1:29:02,4:35:12
634,467,Juan Carlos Mendiola,M40-44,88,Open,Uruguay,32:23,3:34,2:27:11,2:08,1:30:00,4:35:15
635,362,Douglas Pinheiro Miranda,M40-44,89,Open,Brazil,30:30,4:32,2:32:33,2:42,1:25:00,4:35:17
636,2990,Adam Vohmann,M50-54,16,Open,Australia,27:49,5:07,2:26:04,2:35,1:33:48,4:35:23
637,1897,Guillaume Forstmann,M30-34,140,Open,France,30:24,4:45,2:23:27,1:36,1:35:15,4:35:27
638,3512,HUGO ROBERT,M18-24,55,Open,Canada,26:06,4:01,2:22:21,2:21,1:40:38,4:35:28
639,3045,Eligio Cervantes,M50-54,17,Open,Mexico,26:46,4:24,2:32:25,1:49,1:30:05,4:35:30
640,892,Benedikt Feuerecker,M35-39,129,Open,Germany,29:26,4:28,2:26:13,2:07,1:33:22,4:35:35
641,1550,João Martins Galvão,M30-34,141,Open,Brazil,27:11,4:34,2:28:35,2:01,1:33:17,4:35:37
642,1233,Justin Allen,M35-39,130,Open,United States,33:12,4:42,2:24:48,2:05,1:30:52,4:35:38
643,3104,Mark Vysotin,M25-29,136,Open,Spain,22:38,4:28,2:24:24,2:26,1:41:48,4:35:43
644,154,Gareth O’brien,M40-44,90,Open,New Zealand,31:29,4:34,2:28:06,1:47,1:29:50,4:35:46
645,3277,Alexander Emele,M25-29,137,Open,Germany,30:47,4:32,2:20:53,2:08,1:37:27,4:35:47
646,3282,Mark Petrovic,M25-29,138,Open,United States,32:12,5:39,2:20:36,1:37,1:35:43,4:35:47
647,2953,Erik Blomberg,M50-54,18,Open,Sweden,29:07,4:50,2:25:46,1:50,1:34:18,4:35:51
648,1259,Shaine Webber,M35-39,131,Open,South Africa,26:24,4:12,2:22:51,2:34,1:39:57,4:35:58
649,3237,Gregory Rodriguez,M25-29,139,Open,United States,26:18,5:14,2:26:17,2:16,1:35:55,4:36:00
650,2979,Dr Tallon,M50-54,19,Open,United Kingdom,30:58,5:43,2:23:26,2:12,1:33:41,4:36:00
651,387,Nathan Martin,M40-44,91,Open,New Zealand,36:17,4:28,2:26:56,2:12,1:26:09,4:36:02
652,1556,Gwenn Galland,M30-34,142,Open,France,29:18,4:52,2:21:16,2:18,1:38:19,4:36:03
653,4065,Anatolijs Macuks,M45-49,28,Open,Latvia,32:09,5:54,2:29:13,2:07,1:26:41,4:36:04
654,3781,Walter Kaspirowitsch,M45-49,29,Open,Germany,30:33,4:32,2:25:28,2:08,1:33:25,4:36:06
655,3954,Brian Andzejewicz,M45-49,30,Open,United States,35:25,5:29,2:26:49,2:56,1:25:28,4:36:07
656,430,Rich Coombes,M40-44,92,Open,Australia,28:08,4:31,2:30:19,1:52,1:31:28,4:36:18
657,3875,Bevan Sarich,M45-49,31,Open,New Zealand,32:40,5:27,2:28:31,2:11,1:27:28,4:36:18
658,3347,Corentin Bourgault,M25-29,140,Open,France,30:17,5:07,2:28:03,1:19,1:31:34,4:36:19
659,3118,Chris Cleland,M25-29,141,Open,Australia,27:18,4:22,2:31:48,1:52,1:30:59,4:36:20
660,1288,Nicolas Frison,M35-39,132,Open,France,36:01,5:31,2:26:37,1:37,1:26:36,4:36:22
661,1216,Gregoire Pirany,M35-39,133,Open,France,29:46,4:30,2:27:34,2:13,1:32:22,4:36:24
662,3522,Santiago Suarez,M18-24,56,Open,Colombia,30:01,4:43,2:28:15,1:52,1:31:35,4:36:26
663,1945,Gilberto Neirotti,M30-34,143,Open,Italy,28:39,4:32,2:25:11,1:13,1:36:52,4:36:26
664,1208,Robert Weingart,M35-39,134,Open,Germany,32:46,4:10,2:26:45,2:07,1:30:39,4:36:27
665,3323,Mathieu Cournoyer,M25-29,142,Open,Canada,30:44,5:25,2:34:56,2:14,1:23:10,4:36:28
666,1848,Pedro Blumenschein,M30-34,144,Open,Brazil,29:17,5:45,2:29:59,1:56,1:29:36,4:36:33
667,850,Luca Liuzzi,M35-39,135,Open,Italy,33:34,4:35,2:25:24,1:48,1:31:12,4:36:34
668,1779,Eoin Toland,M30-34,145,Open,Ireland,30:34,4:28,2:25:17,2:56,1:33:19,4:36:34
669,1204,Gabriel Pertusot,M35-39,136,Open,Saint Martin,29:37,5:00,2:31:51,2:50,1:27:16,4:36:34
670,1062,Matthew Sweeney,M35-39,137,Open,Australia,30:18,4:16,2:25:34,2:01,1:34:29,4:36:37
671,145,David Morrison,M40-44,93,Open,Australia,30:29,4:50,2:31:09,1:30,1:28:37,4:36:37
672,1843,Banjo Norte,M30-34,146,Open,Philippines,28:20,4:39,2:28:03,1:57,1:33:43,4:36:42
673,1838,Thibault Libert,M30-34,147,Open,France,28:32,3:58,2:30:27,1:36,1:32:13,4:36:45
674,3291,Martin Paquay,M25-29,143,Open,Chile,25:18,4:50,2:23:15,2:19,1:41:04,4:36:46
675,3201,Andrew Hawkins,M25-29,144,Open,Australia,30:07,4:39,2:21:25,2:27,1:38:08,4:36:46
676,584,Gareth Harrington,M40-44,94,Open,South Africa,29:11,7:00,2:26:46,3:54,1:29:57,4:36:48
677,3887,Michael Whitehouse,M45-49,32,Open,Australia,29:01,6:21,2:32:41,1:51,1:26:55,4:36:49
678,1278,Severin Ramin,M35-39,138,Open,France,31:03,6:39,2:25:59,2:05,1:31:08,4:36:53
679,1498,Troy Page,M30-34,148,Open,Australia,28:19,4:39,2:29:24,1:15,1:33:26,4:37:02
680,1800,Jordan Swift,M30-34,149,Open,United Kingdom,32:38,5:11,2:28:32,2:03,1:28:39,4:37:03
681,1708,Jack Barker,M30-34,150,Open,United Kingdom,33:24,3:59,2:26:12,1:45,1:31:48,4:37:08
682,2165,Gerhard Winkler,M60-64,3,Open,Germany,29:38,4:51,2:23:59,2:01,1:36:39,4:37:09
683,384,José Ángel González Concepción,M40-44,95,Open,Spain,30:27,4:06,2:35:23,1:51,1:25:24,4:37:11
684,3729,Tim Weiskat,M45-49,33,Open,Germany,26:56,5:21,2:25:26,2:02,1:37:34,4:37:19
685,836,Felipe Telles,M35-39,139,Open,Brazil,29:22,4:54,2:32:19,1:59,1:28:47,4:37:21
686,1074,Thomas Wood,M35-39,140,Open,Canada,31:20,5:40,2:32:01,1:47,1:26:35,4:37:23
687,3531,Jackson Shaw,M18-24,57,Open,Australia,27:13,4:28,2:28:41,2:08,1:34:55,4:37:24
688,1145,Aron Huc,M35-39,141,Open,Poland,36:34,4:53,2:29:03,2:17,1:24:38,4:37:24
689,131,Leigh Johnson,M40-44,96,Open,Australia,29:22,5:02,2:27:00,2:15,1:33:49,4:37:28
690,1041,Matthew Hooper,M35-39,142,Open,Australia,36:10,4:15,2:25:54,1:39,1:29:31,4:37:28
691,1290,Gorka Oleaga Urresti,M35-39,143,Open,Spain,31:09,4:29,2:27:07,2:49,1:31:57,4:37:30
692,3108,Evaldas Pavalkis,M25-29,145,Open,Lithuania,32:02,5:38,2:22:25,1:36,1:35:51,4:37:31
693,3371,Mattes Radusch,M25-29,146,Open,Germany,28:29,4:34,2:27:06,3:10,1:34:13,4:37:33
694,511,Filip Swijngedouw,M40-44,97,Open,Belgium,33:14,4:35,2:34:41,2:08,1:22:55,4:37:33
695,1558,Maikel Van Haagen,M30-34,151,Open,Netherlands,28:41,4:50,2:27:52,1:51,1:34:20,4:37:33
696,179,Ricardo Jinnyat De Souza,M40-44,98,Open,Brazil,28:36,4:42,2:29:22,1:56,1:32:57,4:37:34
697,229,Joachim Becker,M40-44,99,Open,Germany,29:38,5:50,2:20:47,3:58,1:37:23,4:37:35
698,1777,James Naldrett,M30-34,152,Open,United Kingdom,31:45,5:02,2:25:50,2:40,1:32:19,4:37:36
699,3929,Jorge Gonzalez Alvarez,M45-49,34,Open,Spain,28:28,5:00,2:27:07,2:19,1:34:43,4:37:37
700,3289,Louis Leoni,M25-29,147,Open,France,31:03,4:50,2:18:39,1:48,1:41:18,4:37:37
701,1519,Jason Fonger,M30-34,153,Open,Canada,28:21,5:30,2:26:55,2:22,1:34:30,4:37:38
702,1815,Šimon Klimcík,M30-34,154,Open,Slovakia,35:25,5:09,2:18:56,2:04,1:36:06,4:37:40
703,3198,Philipp Blohm,M25-29,148,Open,Germany,33:30,5:38,2:29:18,1:35,1:27:41,4:37:41
704,1775,Nick Wixom,M30-34,155,Open,United States,30:53,6:08,2:22:04,2:32,1:36:06,4:37:42
705,3514,Zac STEED,M18-24,58,Open,New Zealand,28:27,5:07,2:32:02,1:40,1:30:28,4:37:43
706,3190,Leo Neat,M25-29,149,Open,United States,25:35,5:27,2:31:09,2:03,1:33:31,4:37:45
707,3309,Luc Wolff,M25-29,150,Open,France,28:11,5:26,2:23:46,2:01,1:38:23,4:37:46
708,3189,Joel Glanville,M25-29,151,Open,Canada,30:48,4:46,2:29:27,1:49,1:30:58,4:37:48
709,1850,Daniel Lentzsch,M30-34,156,Open,Germany,29:02,4:55,2:28:36,2:20,1:32:57,4:37:50
710,1002,Brett Faro,M35-39,144,Open,United States,32:14,4:46,2:27:35,2:19,1:30:57,4:37:50
711,1560,Roberto Pietta,M30-34,157,Open,Italy,30:50,4:34,2:28:19,2:15,1:31:53,4:37:50
712,1816,Siminiceanu Daniel,M30-34,158,Open,Romania,36:38,5:10,2:27:50,2:01,1:26:14,4:37:52
713,2819,Bevan Nicholson,M50-54,20,Open,Australia,29:49,5:21,2:30:11,2:35,1:29:57,4:37:53
714,1902,Chris Foster,M30-34,159,Open,Canada,29:15,4:45,2:32:51,1:42,1:29:20,4:37:53
715,137,Michal Kosmowski,M40-44,100,Open,Poland,28:40,4:15,2:27:02,1:46,1:36:12,4:37:56
716,4046,Gabriel Marangoni,M45-49,35,Open,Argentina,27:06,5:12,2:25:23,2:14,1:38:00,4:37:56
717,1515,Jannis Rost,M30-34,160,Open,Germany,34:14,5:35,2:28:40,3:50,1:25:41,4:37:59
718,2765,Kevin Stanley-Hunt,M50-54,21,Open,New Zealand,31:03,4:42,2:26:52,1:51,1:33:34,4:38:02
719,3362,Doug CLARK,M25-29,152,Open,Australia,28:34,6:13,2:28:56,1:55,1:32:26,4:38:04
720,1130,Ludovic Holderbeke,M35-39,145,Open,Belgium,30:22,5:54,2:29:09,3:01,1:29:39,4:38:05
721,3259,Ke Cai,M25-29,153,Open,China,39:02,6:58,2:26:29,1:26,1:24:10,4:38:06
722,2972,Lewis Wright,M50-54,22,Open,New Zealand,30:57,5:18,2:30:03,1:35,1:30:17,4:38:09
723,361,Kent Horner,M40-44,101,Open,New Zealand,26:32,4:05,2:28:04,2:04,1:37:27,4:38:11
724,1481,Steve Peile,M30-34,161,Open,Australia,30:29,4:14,2:22:37,1:51,1:39:04,4:38:15
725,1644,Karl Boche,M30-34,162,Open,France,30:58,5:44,2:35:22,1:35,1:24:38,4:38:16
726,2529,Matthew Wolstencroft,M55-59,5,Open,Australia,28:04,5:21,2:28:00,2:00,1:34:53,4:38:18
727,1858,Giacomo Barberini,M30-34,163,Open,Italy,30:59,5:57,2:25:31,2:07,1:33:45,4:38:19
728,3898,Ben Goldman,M45-49,36,Open,United States,30:53,4:42,2:27:10,1:45,1:33:51,4:38:22
729,4023,Fred Housham,M45-49,37,Open,Nicaragua,29:54,5:45,2:31:13,2:43,1:28:46,4:38:22
730,953,Brice Tchaplyguine,M35-39,146,Open,France,32:38,5:48,2:28:02,1:53,1:30:01,4:38:22
731,2894,Tobias Chu,M50-54,23,Open,Singapore,26:14,5:40,2:30:46,1:56,1:33:49,4:38:25
732,665,Gareth Butler,M40-44,102,Open,Australia,29:25,4:03,2:30:27,2:04,1:32:27,4:38:25
733,162,Oleksandr Veligonenko,M40-44,103,Open,Ukraine,32:59,5:03,2:29:13,2:00,1:29:11,4:38:25
734,3438,Lluis Relat Ventura,M18-24,59,Open,Spain,30:55,4:31,2:28:23,1:22,1:33:15,4:38:25
735,2519,Paul Mcclarnon,M55-59,6,Open,Australia,33:20,5:38,2:24:57,1:50,1:32:41,4:38:26
736,3968,Charles Kellaway,M45-49,38,Open,Australia,26:34,5:55,2:28:50,2:32,1:34:35,4:38:26
737,453,Eric Smithback,M40-44,104,Open,United States,31:51,5:13,2:35:00,1:33,1:24:49,4:38:26
738,2440,Simon Wood,M55-59,7,Open,United Kingdom,27:09,4:45,2:26:32,2:34,1:37:27,4:38:27
739,4000,Christopher Mizener,M45-49,39,Open,United States,28:59,5:47,2:26:14,2:13,1:35:16,4:38:29
740,1693,Alexey Lapik,M30-34,164,Open,Cyprus,30:52,4:53,2:29:15,2:48,1:30:41,4:38:29
741,542,Si Mohamed Aziz Sbai,M40-44,105,Open,Morocco,31:24,4:48,2:34:13,1:49,1:26:19,4:38:31
742,3086,Simon Emmes,M25-29,154,Open,Germany,30:02,4:56,2:30:00,2:07,1:31:28,4:38:33
743,1106,Chris Andrews,M35-39,147,Open,United Kingdom,34:53,5:45,2:27:01,1:54,1:29:02,4:38:35
744,3586,Sebastian Blecke,M45-49,40,Open,Germany,28:41,5:05,2:25:58,2:26,1:36:27,4:38:36
745,3991,Verdo Gregory,M45-49,41,Open,United States,29:22,5:28,2:35:03,2:10,1:26:33,4:38:37
746,1485,Jason Stern,M30-34,165,Open,United States,26:36,4:51,2:26:37,1:44,1:38:53,4:38:41
747,624,Guillaume Ollier,M40-44,106,Open,France,30:58,5:01,2:32:28,1:45,1:28:28,4:38:41
748,1096,Johan Boucher,M35-39,148,Open,France,35:42,7:31,2:16:23,2:40,1:36:27,4:38:43
749,1209,Joshua Stephens,M35-39,149,Open,United States,32:56,5:28,2:25:54,2:25,1:32:03,4:38:45
750,1757,FILIPE DE AMARAL TEIXEIRA,M30-34,166,Open,Brazil,26:50,5:04,2:38:39,1:47,1:26:28,4:38:48
751,1036,George Hughes,M35-39,150,Open,United Kingdom,27:47,4:07,2:34:32,1:20,1:31:02,4:38:48
752,1173,Antonio Leone,M35-39,151,Open,Italy,32:54,5:08,2:28:48,2:00,1:30:04,4:38:55
753,1739,Mervin Rencel Santiago,M30-34,167,Open,Philippines,33:23,4:43,2:25:03,1:55,1:33:53,4:38:57
754,987,Kenneth Rickerd,M35-39,152,Open,United States,33:14,5:23,2:25:59,1:45,1:32:37,4:38:57
755,1616,Giovanni Renó,M30-34,168,Open,Italy,29:59,5:02,2:28:48,2:10,1:32:58,4:38:57
756,3067,Ryan Baglin,M25-29,155,Open,Australia,30:53,4:30,2:25:01,2:24,1:36:11,4:38:58
757,1696,Guillaume Olivier,M30-34,169,Open,France,30:11,4:38,2:27:12,2:13,1:34:45,4:38:59
758,3471,Mattéo Ruberti,M18-24,60,Open,France,34:28,6:25,2:28:31,2:51,1:26:47,4:39:02
759,3029,Franck Lopico,M50-54,24,Open,France,28:08,4:51,2:27:06,3:13,1:35:45,4:39:03
760,865,Daniel Pätzold,M35-39,153,Open,Germany,33:30,5:06,2:21:33,3:21,1:35:38,4:39:08
761,3553,Zane Moore,M18-24,61,Open,United States,29:04,4:44,2:27:58,3:29,1:33:55,4:39:09
762,269,Tanel Kroonberg,M40-44,107,Open,Estonia,32:45,4:42,2:25:23,1:46,1:34:33,4:39:09
763,1677,Cameron Sherwin,M30-34,170,Open,Australia,33:06,4:52,2:24:43,1:55,1:34:34,4:39:11
764,843,Kevin Lowry,M35-39,154,Open,United States,35:36,5:50,2:26:01,1:42,1:30:02,4:39:11
765,2678,Steve Wallis,M50-54,25,Open,United Kingdom,32:06,5:35,2:25:33,3:10,1:32:47,4:39:11
766,1276,Anders Hvid,M35-39,155,Open,Denmark,32:10,5:01,2:24:45,2:21,1:34:56,4:39:12
767,259,Marcin Celmer,M40-44,108,Open,Poland,35:10,4:23,2:23:17,1:42,1:34:41,4:39:13
768,466,Gonzalo Arranz,M40-44,109,Open,Argentina,32:50,5:05,2:29:52,1:47,1:29:45,4:39:19
769,1109,IGOR FREITAS DE LUCENA,M35-39,156,Open,Brazil,32:34,6:24,2:22:53,1:50,1:35:40,4:39:20
770,1179,Steven Davison,M35-39,157,Open,New Zealand,31:14,4:43,2:29:28,1:44,1:32:14,4:39:22
771,1895,Matt Sullivan,M30-34,171,Open,Australia,29:39,5:37,2:21:28,2:30,1:40:11,4:39:25
772,1866,Marcus Ho,M30-34,172,Open,Australia,27:56,6:06,2:23:19,2:20,1:39:45,4:39:26
773,3153,John Box,M25-29,156,Open,United States,28:54,4:34,2:35:25,2:40,1:27:56,4:39:30
774,514,David Kornfield,M40-44,110,Open,United States,31:32,5:00,2:34:29,2:28,1:26:02,4:39:31
775,1008,Tomasz Broda,M35-39,158,Open,Poland,33:30,5:38,2:29:49,1:45,1:28:53,4:39:35
776,2060,Jason George,M60-64,4,Open,United States,33:48,7:18,2:24:25,2:20,1:31:45,4:39:36
777,1612,Patrick Bowlds,M30-34,173,Open,United States,32:44,5:50,2:30:27,1:58,1:28:38,4:39:38
778,3965,Steven Middleton,M45-49,42,Open,United Kingdom,27:17,5:21,2:20:58,2:25,1:43:37,4:39:39
779,3390,Aiden Smith,M18-24,62,Open,South Africa,27:25,5:59,2:27:42,1:26,1:37:07,4:39:40
780,459,Leandro Grippo,M40-44,111,Open,Brazil,28:46,5:29,2:34:07,2:41,1:28:42,4:39:44
781,138,Richard Ledain Santiago,M40-44,112,Open,Spain,30:30,4:54,2:30:03,2:19,1:31:58,4:39:44
782,515,Philipp Albert,M40-44,113,Open,Australia,31:06,4:57,2:28:29,2:30,1:32:44,4:39:45
783,292,Ruben Ramajo Farre,M40-44,114,Open,Spain,33:49,7:01,2:29:23,2:55,1:26:37,4:39:46
784,904,Matthew Clark,M35-39,159,Open,United States,34:13,6:46,2:10:11,2:32,1:46:06,4:39:47
785,318,Carlos Farias,M40-44,115,Open,Argentina,30:28,5:13,2:28:36,2:02,1:33:30,4:39:49
786,583,Henry Reyes,M40-44,116,Open,New Zealand,29:12,5:45,2:30:33,2:20,1:32:00,4:39:50
787,423,Matthew Raske,M40-44,117,Open,United States,28:04,4:37,2:34:20,2:26,1:30:23,4:39:50
788,1837,Quentin Vandal,M30-34,174,Open,France,31:14,4:40,2:26:21,2:39,1:35:01,4:39:54
789,863,Eric Donahue,M35-39,160,Open,United States,33:18,5:35,2:27:50,2:12,1:31:01,4:39:55
790,2420,Rob Hamilton,M55-59,8,Open,New Zealand,33:52,4:59,2:26:41,1:44,1:32:40,4:39:56
791,468,Scott Burriss,M40-44,118,Open,Australia,30:19,4:49,2:30:47,1:26,1:32:38,4:39:58
792,1235,Le Nhat Tai,M35-39,161,Open,Vietnam,30:47,4:50,2:26:20,2:02,1:36:00,4:39:58
793,881,Jacob Bauly,M35-39,162,Open,Switzerland,34:38,5:44,2:24:34,2:06,1:32:59,4:40:01
794,912,Yernur Zhalenov,M35-39,163,Open,Kazakhstan,35:20,6:10,2:27:28,2:20,1:28:53,4:40:11
795,1004,Arnaud Douroux,M35-39,164,Open,France,31:29,6:02,2:30:14,2:08,1:30:19,4:40:11
796,1060,Anthony James,M35-39,165,Open,United Kingdom,34:23,7:03,2:31:41,2:11,1:24:56,4:40:14
797,934,Patrick Lacher,M35-39,166,Open,Switzerland,33:51,5:10,2:27:20,3:39,1:30:15,4:40:15
798,970,Mathew White,M35-39,167,Open,United Kingdom,26:52,5:34,2:24:48,3:17,1:39:45,4:40:16
799,455,Bonieck De Souza Clemente,M40-44,119,Open,Brazil,26:39,5:10,2:38:05,2:03,1:28:20,4:40:16
800,590,Kevin Coyle,M40-44,120,Open,United States,29:29,5:07,2:24:56,2:37,1:38:10,4:40:19
801,3704,Philipp Strolz,M45-49,43,Open,Austria,29:24,5:04,2:21:45,2:06,1:42:03,4:40:21
802,1529,Thomas Burgess,M30-34,175,Open,United Kingdom,31:51,5:54,2:34:52,2:06,1:25:39,4:40:21
803,4104,SIDNEY ASAM,M40-44,121,Open,Brazil,29:24,4:29,2:32:46,1:50,1:31:54,4:40:22
804,3813,Barry Williamson,M45-49,44,Open,United Kingdom,28:28,4:52,2:32:03,2:44,1:32:16,4:40:22
805,420,Massimo Rampado,M40-44,122,Open,Italy,29:20,4:45,2:29:25,2:10,1:34:45,4:40:25
806,900,Mariusz Pirek,M35-39,168,Open,Poland,29:18,4:13,2:25:36,2:04,1:39:14,4:40:26
807,3924,Leith Austin,M45-49,45,Open,Australia,29:10,5:13,2:24:40,2:20,1:39:05,4:40:28
808,308,Daniel Jones,M40-44,123,Open,New Zealand,35:24,5:44,2:28:24,2:04,1:28:53,4:40:30
809,1257,Alvaro Jose Rodriguez Lopez,M35-39,169,Open,Colombia,34:38,4:50,2:29:20,1:55,1:29:51,4:40:33
810,3547,Arthur Privette,M18-24,63,Open,United States,29:42,4:42,2:31:27,2:12,1:32:30,4:40:33
811,1571,Philipp Gramlich,M30-34,176,Open,Germany,30:08,5:00,2:23:12,2:28,1:39:47,4:40:35
812,1544,Arunas Krikštaponis,M30-34,177,Open,Lithuania,26:35,6:21,2:31:40,2:01,1:33:58,4:40:36
813,1690,Phil Aspinall,M30-34,178,Open,United Kingdom,29:48,5:10,2:26:01,2:38,1:37:01,4:40:36
814,3689,Sergei Lisnevskii,M45-49,46,Open,Malta,28:14,4:52,2:29:46,2:29,1:35:15,4:40:36
815,3666,Anthony Dowd,M45-49,47,Open,New Zealand,29:02,4:57,2:34:42,1:23,1:30:40,4:40:43
816,856,Sandy Michel,M35-39,170,Open,Switzerland,37:26,5:40,2:28:51,1:36,1:27:12,4:40:45
817,564,Alexey Oreshin,M40-44,124,Open,Armenia,32:41,4:09,2:21:40,1:59,1:40:17,4:40:46
818,3132,Anthony Spurrett,M25-29,157,Open,Australia,25:13,5:21,2:22:48,2:16,1:45:09,4:40:47
819,1903,Sean O'shea,M30-34,179,Open,United States,29:42,5:41,2:23:33,2:23,1:39:29,4:40:48
820,1856,Thomas Neuhoff,M30-34,180,Open,United States,30:42,5:08,2:26:10,2:21,1:36:27,4:40:48
821,3780,Michael Faustmann,M45-49,48,Open,Australia,29:07,5:36,2:25:12,2:47,1:38:11,4:40:52
822,4034,Bastian Wolff,M45-49,49,Open,Germany,33:06,5:23,2:24:37,1:45,1:36:02,4:40:53
823,2559,Peter Tuck,M55-59,9,Open,New Zealand,30:57,5:35,2:29:01,2:11,1:33:11,4:40:55
824,327,Michael Perry,M40-44,125,Open,Australia,31:37,4:51,2:23:12,1:47,1:39:28,4:40:55
825,3139,Tom L HANSEN,M25-29,158,Open,Australia,27:44,4:50,2:22:30,2:16,1:43:36,4:40:57
826,491,Morten Rostrøm,M40-44,126,Open,Denmark,33:39,6:50,2:28:44,2:38,1:29:09,4:41:00
827,3341,Louis-Philippe Noel,M25-29,159,Open,Canada,30:33,4:55,2:28:36,2:11,1:34:46,4:41:01
828,3944,Mario Radevic,M45-49,50,Open,Germany,29:50,5:10,2:26:52,2:44,1:36:27,4:41:03
829,1662,Stuart Eland,M30-34,181,Open,United Kingdom,31:21,5:00,2:30:45,1:45,1:32:12,4:41:04
830,580,Steve Doinidis,M40-44,127,Open,United States,31:55,4:58,2:26:55,2:36,1:34:41,4:41:05
831,971,John Bardenheier,M35-39,171,Open,Germany,31:00,5:21,2:28:45,2:21,1:33:40,4:41:07
832,1245,Jorge Villegas Martínez,M35-39,172,Open,Colombia,34:14,4:57,2:23:49,2:14,1:35:55,4:41:09
833,516,Hamish Jackson,M40-44,128,Open,New Zealand,29:42,5:34,2:30:23,2:03,1:33:27,4:41:10
834,395,DIEGO MONTECELLI,M40-44,129,Open,Brazil,30:35,5:46,2:37:27,2:17,1:25:06,4:41:10
835,3665,Robert Matto,M45-49,51,Open,Gibraltar,28:12,4:32,2:32:13,2:51,1:33:24,4:41:11
836,1169,Takayuki Sumida,M35-39,173,Open,Japan,29:11,5:10,2:35:23,3:29,1:28:03,4:41:15
837,3167,Aleksandr Markenzon,M25-29,160,Open,United States,32:08,6:24,2:36:34,2:14,1:23:56,4:41:15
838,2643,Mário Machado,M50-54,26,Open,Portugal,29:31,4:30,2:23:56,2:33,1:40:46,4:41:16
839,3525,Tristan Chênevert,M18-24,64,Open,Canada,28:55,5:42,2:30:50,2:05,1:33:50,4:41:21
840,1973,Niall Keys,M30-34,182,Open,South Africa,30:03,5:24,2:28:23,2:19,1:35:14,4:41:22
841,1318,Nick Goldston,M35-39,174,Open,United States,31:54,7:16,2:27:00,2:38,1:32:35,4:41:22
842,1217,David Reyes,M35-39,175,Open,Colombia,33:00,6:04,2:29:52,2:19,1:30:08,4:41:23
843,3213,Ryan Pickup,M25-29,161,Open,United Kingdom,29:41,5:31,2:31:57,2:21,1:31:56,4:41:25
844,1694,Marc-Antoine Sauviat,M30-34,183,Open,France,29:26,4:28,2:31:24,2:14,1:33:54,4:41:26
845,3143,James Bailey,M25-29,162,Open,Australia,26:33,5:56,2:30:35,1:43,1:36:39,4:41:26
846,174,Bruno Nobrega,M40-44,130,Open,Brazil,29:23,4:18,2:27:17,2:14,1:38:14,4:41:26
847,858,Kristian Reid,M35-39,176,Open,New Zealand,30:46,5:32,2:31:04,1:46,1:32:20,4:41:29
848,3827,JEN MAO HSU,M45-49,52,Open,Taiwan,33:14,4:02,2:27:21,2:12,1:34:43,4:41:31
849,1251,Gabb Rosario,M35-39,177,Open,Philippines,34:21,5:35,2:26:54,2:30,1:32:12,4:41:32
850,3281,Charlie Sauvage,M25-29,163,Open,France,32:59,4:39,2:20:42,1:56,1:41:16,4:41:33
851,842,Nicholas Wienand,M35-39,178,Open,United Kingdom,27:16,4:26,2:33:58,2:16,1:33:39,4:41:33
852,1156,Federico Menini,M35-39,179,Open,Italy,30:35,5:20,2:26:24,1:41,1:37:35,4:41:34
853,1954,Sawyer Jacobson,M30-34,184,Open,United States,35:12,5:52,2:21:58,2:01,1:36:31,4:41:34
854,3302,Mark Hayward,M25-29,164,Open,France,32:18,4:35,2:33:00,2:29,1:29:13,4:41:35
855,1564,Anthony Hardy,M30-34,185,Open,France,34:22,5:28,2:32:35,2:05,1:27:06,4:41:35
856,983,Michael Kaluzynski,M35-39,180,Open,Australia,29:05,4:18,2:24:26,2:14,1:41:31,4:41:35
857,906,Wanja Moritz,M35-39,181,Open,Germany,30:31,4:46,2:22:18,2:20,1:41:41,4:41:35
858,895,Thomas Peter,M35-39,182,Open,Germany,31:28,6:04,2:28:15,2:43,1:33:06,4:41:35
859,3097,Pedro Alvares,M25-29,165,Open,Brazil,31:43,5:08,2:27:12,2:03,1:35:30,4:41:36
860,1581,Joost Verhoeye,M30-34,186,Open,Belgium,32:33,5:14,2:32:54,1:53,1:29:06,4:41:39
861,352,Rodrigo Lacerda Alves,M40-44,131,Open,Brazil,26:54,5:38,2:34:21,2:13,1:32:34,4:41:40
862,2685,Mal Joseland,M50-54,27,Open,Australia,30:57,6:12,2:28:34,1:48,1:34:10,4:41:41
863,3217,cédéric cataphard,M25-29,166,Open,Canada,35:28,5:25,2:27:29,1:35,1:31:46,4:41:43
864,3001,Thomas Egiziano,M50-54,28,Open,France,27:07,5:08,2:32:30,1:58,1:35:00,4:41:43
865,3658,Lennart De Haan,M45-49,53,Open,Netherlands,30:47,4:40,2:28:33,2:38,1:35:05,4:41:43
866,1778,Sam Pitcher,M30-34,187,Open,United Kingdom,31:14,6:21,2:26:21,2:08,1:35:42,4:41:46
867,1783,Edward Tilly,M30-34,188,Open,Australia,32:18,5:08,2:30:21,1:55,1:32:07,4:41:48
868,1139,Mattia Cantalù,M35-39,183,Open,Italy,29:40,6:48,2:31:27,2:43,1:31:15,4:41:53
869,4042,Martin Schütt,M45-49,54,Open,Germany,29:17,4:40,2:25:52,2:20,1:39:44,4:41:53
870,1605,Juan Pablo Santoro,M30-34,189,Open,Argentina,26:47,5:01,2:29:35,2:00,1:38:30,4:41:54
871,118,Sergej Kunz,M40-44,132,Open,Germany,37:12,6:02,2:23:52,1:41,1:33:10,4:41:56
872,633,Michel Angelo Ramunno,M40-44,133,Open,Italy,32:11,4:03,2:36:29,2:31,1:26:45,4:41:58
873,3473,Joshua Alexander Ramos,M18-24,65,Open,Philippines,25:37,4:58,2:35:11,2:37,1:33:38,4:42:00
874,3041,Lawrence Romine,M50-54,29,Open,United States,26:30,6:07,2:32:08,2:49,1:34:28,4:42:03
875,908,Emmanuel Lopez,M35-39,184,Open,United States,35:16,6:10,2:25:53,2:06,1:32:37,4:42:03
876,1157,Jakub Orlowski,M35-39,185,Open,Poland,31:22,4:56,2:31:05,2:05,1:32:37,4:42:05
877,969,Michael Pearce,M35-39,186,Open,New Zealand,34:38,5:58,2:22:32,2:13,1:36:45,4:42:05
878,3480,William Horkoff,M18-24,66,Open,Canada,30:36,5:21,2:25:04,2:07,1:38:58,4:42:06
879,4015,Rodrigo Da Costa Silva,M45-49,55,Open,Brazil,30:05,5:06,2:25:05,2:01,1:39:49,4:42:06
880,1258,Morgan Lumsden,M35-39,187,Open,New Zealand,30:28,4:39,2:21:12,1:46,1:44:01,4:42:06
881,963,Iulian Rotariu,M35-39,188,Open,Romania,30:39,6:00,2:31:54,1:58,1:31:36,4:42:07
882,652,Maxime Carillo,M40-44,134,Open,France,30:12,6:09,2:29:55,2:37,1:33:17,4:42:09
883,3246,Ross Horsley,M25-29,167,Open,Canada,25:25,5:20,2:26:10,2:22,1:42:54,4:42:12
884,640,Juan Turner,M40-44,135,Open,Chile,33:58,6:45,2:27:33,1:48,1:32:08,4:42:12
885,920,Kris Thompson,M35-39,189,Open,Australia,28:30,4:28,2:26:51,1:28,1:40:56,4:42:14
886,2749,Gilberto Dos Santos Marcos,M50-54,30,Open,Brazil,28:34,6:23,2:32:28,2:44,1:32:04,4:42:14
887,1944,Jake Hallyburton,M30-34,190,Open,Australia,29:46,4:33,2:23:40,2:03,1:42:19,4:42:21
888,1092,Shep Shepherd,M35-39,190,Open,Australia,29:24,4:32,2:26:59,2:03,1:39:26,4:42:24
889,439,David Jouy,M40-44,136,Open,France,31:15,4:52,2:34:26,1:46,1:30:06,4:42:26
890,1504,Joseph Amoresano,M30-34,191,Open,United States,31:25,5:01,2:36:42,2:14,1:27:08,4:42:29
891,3931,Jean-Francois Hannard,M45-49,56,Open,Luxembourg,31:33,5:08,2:28:05,2:53,1:34:53,4:42:32
892,1846,Aaron Fenton,M30-34,192,Open,United States,36:44,5:03,2:28:47,2:18,1:29:42,4:42:33
893,1787,Marin Rouleau,M30-34,193,Open,France,28:22,6:20,2:22:57,2:53,1:42:04,4:42:35
894,3620,Carlos Cosoli,M45-49,57,Open,Argentina,30:01,4:52,2:33:46,1:58,1:31:59,4:42:36
895,554,Marcelo Alves,M40-44,137,Open,Brazil,28:50,5:24,2:35:05,1:41,1:31:36,4:42:37
896,524,NIGEL THOMSON,M40-44,138,Open,New Zealand,32:23,4:28,2:25:59,5:48,1:34:01,4:42:38
897,3286,Max Hoonhout,M25-29,168,Open,New Zealand,31:53,4:58,2:24:38,2:57,1:38:12,4:42:38
898,3388,Simon Bonte,M18-24,67,Open,France,32:59,5:56,2:30:23,2:30,1:30:51,4:42:39
899,1913,Christian Balmer,M30-34,194,Open,United States,29:05,5:51,2:34:29,1:50,1:31:25,4:42:41
900,1252,Fernando Loyola,M35-39,191,Open,Chile,31:48,5:08,2:27:09,1:57,1:36:38,4:42:41
901,3759,Cesar Borges Alvarez,M45-49,58,Open,Spain,31:04,5:43,2:37:05,3:48,1:25:01,4:42:41
902,3085,Joe Sullivan,M25-29,169,Open,United Kingdom,32:19,6:37,2:21:13,1:53,1:40:39,4:42:41
903,471,Daniel Blum,M40-44,139,Open,Austria,28:16,4:47,2:30:59,2:20,1:36:20,4:42:42
904,2522,Michael Grantham,M55-59,10,Open,New Zealand,27:37,5:29,2:33:46,1:55,1:33:55,4:42:42
905,960,Mathieu Boulet,M35-39,192,Open,France,30:31,5:00,2:27:27,1:28,1:38:19,4:42:44
906,1788,Tom Spencer,M30-34,195,Open,United Kingdom,31:05,4:35,2:29:10,1:46,1:36:10,4:42:45
907,4036,Scott Donaldson,M45-49,59,Open,Australia,26:47,5:19,2:32:50,1:40,1:36:09,4:42:45
908,301,Baizhan Kanafin,M40-44,140,Open,Kazakhstan,31:52,6:14,2:27:10,1:57,1:35:35,4:42:48
909,284,Joe Haars,M40-44,141,Open,Canada,32:18,5:34,2:26:44,2:45,1:35:29,4:42:49
910,2714,Laurent Benhacine,M50-54,31,Open,New Caledonia,30:55,6:18,2:33:07,2:09,1:30:19,4:42:50
911,3710,Todd Jackson,M45-49,60,Open,United States,28:21,6:06,2:30:13,1:20,1:36:50,4:42:50
912,507,Daniel Roberts,M40-44,142,Open,Australia,30:59,4:36,2:37:06,2:24,1:27:45,4:42:50
913,609,Luke Burkhart,M40-44,143,Open,New Zealand,33:05,5:18,2:27:01,1:49,1:35:39,4:42:50
914,1841,Jorge Perez Marcilla,M30-34,196,Open,Spain,29:41,5:19,2:30:05,2:57,1:34:48,4:42:51
915,3829,Ruben Ortiz,M45-49,61,Open,Spain,31:34,4:48,2:32:56,2:21,1:31:13,4:42:52
916,363,Yurii Khrystianovych,M40-44,144,Open,Ukraine,32:09,4:22,2:30:49,2:26,1:33:06,4:42:52
917,3182,Jailani Lamama,M25-29,170,Open,Philippines,28:20,5:51,2:35:22,2:31,1:30:53,4:42:57
918,3216,Andrew Lockwood,M25-29,171,Open,Australia,27:57,4:32,2:34:06,3:02,1:33:21,4:42:57
919,2730,Anthony COWAN,M50-54,32,Open,New Zealand,29:48,4:54,2:31:03,2:16,1:34:58,4:42:59
920,2596,Martin Schlaefer,M50-54,33,Open,Germany,30:18,5:56,2:32:33,2:23,1:31:50,4:43:00
921,1949,Brian Suh,M30-34,197,Open,United States,34:47,5:24,2:29:25,1:34,1:31:50,4:43:01
922,567,Thomas Skelton,M40-44,145,Open,United States,30:06,5:06,2:32:04,2:30,1:33:17,4:43:02
923,448,Clark Ellice,M40-44,146,Open,New Zealand,26:17,5:56,2:25:22,2:15,1:43:11,4:43:02
924,391,Timo Brückhof,M40-44,147,Open,Germany,34:48,4:16,2:22:31,2:14,1:39:22,4:43:09
925,2119,Jonathan Whitehead,M60-64,5,Open,United States,28:52,5:35,2:32:26,3:16,1:33:04,4:43:12
926,2837,Giovanni Bavutti,M50-54,34,Open,Italy,31:33,6:54,2:29:06,3:23,1:32:18,4:43:14
927,3152,Greg Bresnan,M25-29,172,Open,United States,30:39,5:13,2:34:47,1:31,1:31:04,4:43:14
928,3418,Seth Hammitt,M18-24,68,Open,United States,28:59,5:42,2:22:56,2:48,1:42:52,4:43:17
929,333,Jonathan Sterchy,M40-44,148,Open,United States,25:02,4:08,2:34:38,1:41,1:37:50,4:43:19
930,1113,Dan Agustin Encalada,M35-39,193,Open,Argentina,30:41,5:49,2:30:06,1:52,1:34:54,4:43:21
931,172,Glen Thomas,M40-44,149,Open,United States,31:54,4:46,2:31:35,2:58,1:32:09,4:43:21
932,867,Max Rodrigo,M35-39,194,Open,Spain,30:50,5:19,2:32:19,2:08,1:32:46,4:43:22
933,3794,Alistair Gower,M45-49,62,Open,United Kingdom,28:43,5:28,2:31:40,3:10,1:34:25,4:43:26
934,1241,Sergio Rodriguez Sanchez,M35-39,195,Open,Spain,34:22,5:29,2:31:07,1:58,1:30:34,4:43:30
935,626,Alejandro Anaine,M40-44,150,Open,Argentina,31:52,4:57,2:31:10,1:39,1:33:59,4:43:38
936,2168,Anton Smit,M60-64,6,Open,Netherlands,32:07,5:49,2:26:21,3:02,1:36:20,4:43:40
937,852,Tim Olson,M35-39,196,Open,United States,38:07,5:00,2:25:59,1:24,1:33:11,4:43:40
938,993,DAHIAN ROCCHINI,M35-39,197,Open,Argentina,29:51,4:42,2:39:26,2:00,1:27:41,4:43:41
939,1023,Sebastien Binette Bertrand,M35-39,198,Open,Canada,32:40,5:44,2:29:47,2:00,1:33:30,4:43:41
940,3009,Robert Kolar,M50-54,35,Open,Switzerland,34:43,4:27,2:23:27,2:49,1:38:18,4:43:44
941,3577,Nathan Fitzakerley,M45-49,63,Open,Australia,27:08,5:06,2:32:16,2:15,1:36:59,4:43:44
942,1713,Luke Watts,M30-34,198,Open,New Zealand,34:33,4:38,2:34:17,1:45,1:28:33,4:43:45
943,833,Vladimir Dzurilla,M35-39,199,Open,Slovakia,31:38,4:59,2:31:49,2:06,1:33:16,4:43:47
944,1557,Nick Molzahn,M30-34,199,Open,United States,33:37,5:55,2:32:19,1:53,1:30:05,4:43:51
945,2801,Colby Titland,M50-54,36,Open,United States,34:31,5:19,2:29:51,1:52,1:32:18,4:43:51
946,884,Daniel Moulin,M35-39,200,Open,Brazil,32:10,5:16,2:27:21,2:01,1:37:04,4:43:52
947,659,Oyoung Kwon,M40-44,151,Open,Korea,36:28,4:47,2:31:04,1:42,1:29:51,4:43:53
948,248,Timothy Mulligan,M40-44,152,Open,United States,34:00,4:47,2:31:08,3:03,1:30:55,4:43:53
949,2874,Ian Blatchford,M50-54,37,Open,Australia,32:15,5:05,2:30:36,2:47,1:33:16,4:43:59
950,1205,Jon Grant,M35-39,201,Open,United States,32:29,5:05,2:22:19,2:58,1:41:10,4:44:00
951,3873,Stefano Profumo,M45-49,64,Open,United States,29:43,5:18,2:26:48,5:58,1:36:16,4:44:04
952,3789,Rob Dallimore,M45-49,65,Open,New Zealand,29:12,5:31,2:30:11,3:07,1:36:03,4:44:04
953,3630,Mickael COUPÉ,M45-49,66,Open,France,33:31,5:19,2:29:37,1:42,1:33:57,4:44:05
954,2931,Christian Waterstraat,M50-54,38,Open,United States,28:15,4:39,2:22:07,2:03,1:47:03,4:44:06
955,1488,Him Chun Lau,M30-34,200,Open,Hong Kong,35:21,6:58,2:30:25,2:20,1:29:04,4:44:08
956,1674,Kewin Remeczki,M30-34,201,Open,Denmark,29:29,4:48,2:29:09,1:46,1:38:56,4:44:09
957,670,João Feijão,M40-44,153,Open,Portugal,36:21,4:03,2:31:40,2:08,1:30:01,4:44:12
958,385,Carlos Rojas,M40-44,154,Open,United States,28:28,5:33,2:35:22,1:51,1:33:02,4:44:16
959,1072,Luigi Victor Robles,M35-39,202,Open,Philippines,32:36,5:41,2:29:19,2:52,1:33:48,4:44:16
960,328,David Tatum,M40-44,155,Open,United States,28:52,5:09,2:30:34,2:02,1:37:41,4:44:18
961,312,Ivan Bukin,M40-44,156,Open,United States,35:24,5:01,2:27:04,1:40,1:35:15,4:44:24
962,3082,Guto Jones,M25-29,173,Open,United Kingdom,33:43,5:39,2:31:19,2:18,1:31:25,4:44:24
963,2794,Anthony Ebdon,M50-54,39,Open,United Kingdom,31:20,4:56,2:28:38,2:38,1:36:54,4:44:26
964,650,Matthew Low,M40-44,157,Open,Australia,29:14,4:58,2:31:33,2:00,1:36:41,4:44:27
965,560,Kyle Arnold,M40-44,158,Open,Singapore,30:53,5:57,2:31:24,2:44,1:33:29,4:44:27
966,660,Chris Harrisson,M40-44,159,Open,Peru,29:00,3:42,2:36:31,2:20,1:32:58,4:44:31
967,3995,Carsten Freisfeld,M45-49,67,Open,Germany,27:44,5:31,2:36:20,2:14,1:32:41,4:44:31
968,1665,Sam Marshall,M30-34,202,Open,Australia,29:06,5:10,2:32:13,3:30,1:34:33,4:44:32
969,119,Grant Vickery,M40-44,160,Open,Australia,28:46,3:49,2:37:06,1:30,1:33:22,4:44:32
970,336,nick ghoussaini,M40-44,161,Open,United States,26:50,4:29,2:30:05,1:49,1:41:23,4:44:36
971,1792,Alexander Carr,M30-34,203,Open,New Zealand,39:47,4:47,2:29:15,2:19,1:28:29,4:44:37
972,3396,Kalem Hanlon,M18-24,69,Open,Canada,33:14,6:27,2:32:10,2:28,1:30:19,4:44:38
973,1566,Jose Vasconcelos Guerra,M30-34,204,Open,Brazil,30:28,5:53,2:29:48,2:14,1:36:17,4:44:40
974,1565,Alex Eversdijk,M30-34,205,Open,Netherlands,27:52,5:34,2:38:11,2:18,1:30:47,4:44:42
975,3726,Jorge Ramallo,M45-49,68,Open,Argentina,34:36,5:25,2:22:45,1:48,1:40:10,4:44:44
976,1596,Tomasz Otto,M30-34,206,Open,Poland,33:19,4:59,2:34:07,1:29,1:30:51,4:44:45
977,374,Donatas Ereminas,M40-44,162,Open,Lithuania,32:58,5:08,2:32:34,2:02,1:32:03,4:44:45
978,2366,Russell Smith,M55-59,11,Open,New Zealand,26:45,5:18,2:33:51,2:45,1:36:08,4:44:47
979,3988,Jeroen Van Bussel,M45-49,69,Open,Netherlands,33:04,6:49,2:33:38,1:53,1:29:23,4:44:47
980,3428,Erwann David,M18-24,70,Open,France,29:15,5:17,2:30:33,1:52,1:37:51,4:44:48
981,3468,Edouard Ducharme,M18-24,71,Open,Canada,31:24,5:51,2:37:24,2:20,1:27:51,4:44:50
982,2630,Barry Breffle,M50-54,40,Open,United States,29:55,4:47,2:28:08,2:05,1:39:57,4:44:52
983,2809,Claudio Fabbri,M50-54,41,Open,Monaco,28:11,5:29,2:29:24,2:39,1:39:11,4:44:54
984,3727,Ahmed Iraky,M45-49,70,Open,Egypt,30:25,4:39,2:32:29,2:07,1:35:14,4:44:55
985,218,Ryhor Zhurauliou,M40-44,163,Open,Poland,31:09,4:35,2:27:10,1:28,1:40:35,4:44:56
986,1789,Lachlan Doyle,M30-34,207,Open,Australia,30:32,5:55,2:28:08,2:03,1:38:21,4:44:58
987,1052,Dean Davis,M35-39,203,Open,Ireland,31:30,6:24,2:23:53,4:36,1:38:35,4:44:58
988,2318,Björn Antelmann,M55-59,12,Open,Switzerland,33:00,5:09,2:26:13,1:52,1:38:45,4:44:59
989,1774,Christian Rauth,M30-34,208,Open,Germany,29:55,5:37,2:30:13,1:28,1:37:50,4:45:02
990,1514,Jorge Solis,M30-34,209,Open,Mexico,32:36,5:52,2:27:01,1:46,1:37:49,4:45:03
991,1183,Paul Sinkevics,M35-39,204,Open,United States,34:13,4:19,2:25:49,1:51,1:38:51,4:45:04
992,3486,Luis Cervantes,M18-24,72,Open,United States,30:40,4:40,2:33:06,2:18,1:34:20,4:45:04
993,2796,Travis Temme,M50-54,42,Open,Australia,27:15,5:00,2:28:37,2:09,1:42:03,4:45:04
994,2918,Andy Disley,M50-54,43,Open,United Kingdom,29:46,4:54,2:28:53,1:52,1:39:40,4:45:05
995,3461,Paul-Émile Croise,M18-24,73,Open,France,29:26,5:08,2:35:48,2:18,1:32:27,4:45:06
996,4022,Eliot Webber,M45-49,71,Open,New Zealand,27:48,4:56,2:26:18,1:35,1:44:29,4:45:06
997,2455,Peter Carne,M55-59,13,Open,Australia,28:16,5:45,2:30:21,2:18,1:38:29,4:45:09
998,295,Marcos Salamonde,M40-44,164,Open,Andorra,29:14,5:06,2:37:06,1:44,1:32:00,4:45:10
999,1040,Isaac Tyson,M35-39,205,Open,United States,30:15,5:47,2:25:34,1:45,1:41:49,4:45:11
1000,1128,Danilo Hojo Navarro,M35-39,206,Open,Brazil,30:13,4:36,2:33:57,3:14,1:33:12,4:45:12
1001,1974,Enguerrand De Boissieu,M30-34,210,Open,France,31:32,6:19,2:36:00,2:23,1:28:59,4:45:13
1002,870,Nicolas Simon,M35-39,207,Open,France,30:28,5:22,2:31:49,1:48,1:35:47,4:45:13
1003,3452,Mathieu Sigler,M18-24,74,Open,France,34:13,5:43,2:32:46,2:28,1:30:12,4:45:21
1004,1284,Daniel Keller,M35-39,208,Open,Germany,37:31,4:58,2:28:18,2:16,1:32:18,4:45:22
1005,217,Rutger Van Hilst,M40-44,165,Open,Netherlands,33:02,5:32,2:29:33,2:37,1:34:39,4:45:23
1006,3319,Natan Leal Borges,M25-29,174,Open,Brazil,29:09,6:30,2:25:30,1:43,1:42:31,4:45:23
1007,1093,Caio Anteghini,M35-39,209,Open,Brazil,30:01,5:44,2:39:26,1:48,1:28:25,4:45:24
1008,3188,Julian Sebastian Teves,M25-29,175,Open,Philippines,29:16,5:07,2:34:06,2:07,1:34:54,4:45:30
1009,2484,Scott Callahan,M55-59,14,Open,United States,29:25,5:25,2:28:17,2:03,1:40:20,4:45:30
1010,444,Santiago Figueroa,M40-44,166,Open,Chile,35:27,4:41,2:34:14,1:18,1:29:52,4:45:32
1011,3298,Otavio Cardoso,M25-29,176,Open,Brazil,29:10,6:59,2:32:50,3:06,1:33:27,4:45:32
1012,3932,Haythem El-Ansary,M45-49,72,Open,Australia,30:59,5:35,2:35:49,2:11,1:30:58,4:45:32
1013,186,Anthony Toth,M40-44,167,Open,Canada,28:25,4:52,2:29:04,1:53,1:41:18,4:45:33
1014,1182,Dex Cheong,M35-39,210,Open,Singapore,29:42,5:17,2:38:52,2:12,1:29:32,4:45:35
1015,1058,Hirofumi Nagata,M35-39,211,Open,Japan,27:46,5:02,2:39:16,2:25,1:31:06,4:45:35
1016,2257,Innes Wright,M55-59,15,Open,United Kingdom,30:14,5:24,2:31:55,1:45,1:36:17,4:45:35
1017,3058,Hunter Dumas,M25-29,177,Open,United States,32:24,6:27,2:21:08,2:21,1:43:17,4:45:36
1018,309,Holger Wiedermann,M40-44,168,Open,Germany,32:48,5:26,2:34:54,2:11,1:30:21,4:45:39
1019,539,David Levenson,M40-44,169,Open,United States,36:47,6:00,2:24:10,4:11,1:34:36,4:45:43
1020,2752,Herkko Soininen,M50-54,44,Open,Finland,33:45,5:52,2:32:01,2:04,1:32:02,4:45:45
1021,1646,Skylar Morrill,M30-34,211,Open,United States,32:08,5:50,2:31:32,1:48,1:34:27,4:45:45
1022,1734,Cameron Slack-Smith,M30-34,212,Open,Australia,30:09,5:15,2:38:22,2:01,1:29:59,4:45:46
1023,980,luc mauchant,M35-39,212,Open,France,29:56,5:20,2:27:11,2:21,1:41:01,4:45:48
1024,445,Leonardo Braz,M40-44,170,Open,Brazil,28:34,4:50,2:27:48,2:05,1:42:32,4:45:49
1025,3688,Alex Reznik,M45-49,73,Open,Australia,30:55,5:47,2:30:26,1:54,1:36:48,4:45:49
1026,3864,Charles Miron,M45-49,74,Open,Canada,31:01,4:52,2:31:09,3:02,1:35:47,4:45:51
1027,1781,U Lo,M30-34,213,Open,Macao,33:58,9:55,2:26:57,2:37,1:32:25,4:45:51
1028,1013,Andrew Strickland,M35-39,213,Open,Australia,33:48,5:11,2:26:50,3:04,1:37:01,4:45:54
1029,2430,Marek Antoniak,M55-59,16,Open,Estonia,34:24,6:15,2:25:04,3:30,1:36:43,4:45:56
1030,4033,Brian Connors,M45-49,75,Open,United States,31:50,6:32,2:25:54,2:47,1:38:53,4:45:57
1031,3797,Ludovic Quetier,M45-49,76,Open,France,27:23,5:46,2:37:36,3:49,1:31:24,4:45:58
1032,1700,Andrew Sumnicht,M30-34,214,Open,United States,25:59,4:51,2:35:57,1:27,1:37:45,4:45:59
1033,405,Alexandre Boulle,M40-44,171,Open,France,39:35,5:49,2:22:17,3:22,1:35:01,4:46:04
1034,2073,Glenn Wright,M60-64,7,Open,New Zealand,28:30,4:48,2:33:20,2:09,1:37:18,4:46:06
1035,1311,Maximilian Cordier,M35-39,214,Open,Germany,39:28,5:29,2:28:58,1:51,1:30:20,4:46:07
1036,2422,Mark Lund,M55-59,17,Open,United States,33:40,6:03,2:34:26,2:30,1:29:29,4:46:08
1037,1085,Ghaith Al Daker,M35-39,215,Open,Canada,32:24,6:04,2:30:02,2:27,1:35:13,4:46:09
1038,2489,Kostas Mourikis,M55-59,18,Open,Greece,30:49,5:16,2:29:36,2:52,1:37:42,4:46:14
1039,1826,Paul Ibos,M30-34,215,Open,France,30:45,7:17,2:31:21,3:02,1:33:52,4:46:16
1040,351,Chandler Carranza,M40-44,172,Open,United States,31:36,4:23,2:33:02,2:24,1:34:52,4:46:18
1041,1598,Elliot Feng,M30-34,216,Open,United States,26:23,4:30,2:24:35,1:20,1:49:31,4:46:18
1042,3580,Stephen Handel,M45-49,77,Open,Canada,30:59,4:52,2:34:53,2:08,1:33:30,4:46:22
1043,3311,William Lariviere,M25-29,178,Open,Canada,31:57,6:20,2:33:24,1:58,1:32:46,4:46:25
1044,3322,Sergio Lopez Ramirez,M25-29,179,Open,Mexico,32:29,6:06,2:32:31,1:58,1:33:24,4:46:28
1045,1239,James Arnestad,M35-39,216,Open,South Africa,32:14,6:28,2:31:57,2:06,1:33:45,4:46:31
1046,1648,Adam Mcgregor,M30-34,217,Open,Canada,34:50,6:21,2:35:30,1:54,1:28:01,4:46:35
1047,461,Witold Fudali,M40-44,173,Open,Poland,32:47,4:22,2:31:15,2:13,1:35:58,4:46:35
1048,1627,Andrew Hermitage,M30-34,218,Open,Australia,30:50,5:37,2:36:53,1:54,1:31:24,4:46:39
1049,1803,Haroldo Veiga Rolim,M30-34,219,Open,Brazil,28:11,5:40,2:34:52,2:15,1:35:41,4:46:40
1050,1540,Clayton Billion,M30-34,220,Open,United States,29:27,5:29,2:32:18,2:19,1:37:10,4:46:42
1051,2812,Alex Brown,M50-54,45,Open,Canada,26:48,5:44,2:26:26,2:35,1:45:11,4:46:43
1052,1729,Martin Svrcek,M30-34,221,Open,Slovakia,29:42,5:38,2:36:27,2:35,1:32:21,4:46:43
1053,1315,Brian Hrynkow,M35-39,217,Open,Canada,30:15,4:22,2:22:54,2:25,1:46:48,4:46:44
1054,2790,Ronan Pavoni,M50-54,46,Open,Panama,30:01,4:50,2:29:11,1:54,1:40:48,4:46:44
1055,1758,Valdo Lourenço,M30-34,222,Open,Mozambique,28:05,6:33,2:41:08,2:28,1:28:29,4:46:45
1056,2701,Scotti Roots,M50-54,47,Open,Australia,31:15,4:24,2:22:25,2:39,1:46:03,4:46:47
1057,941,Taylor Ames,M35-39,218,Open,United States,31:27,5:16,2:30:25,2:02,1:37:37,4:46:47
1058,2470,Dirk-Jan De Jong,M55-59,19,Open,Netherlands,28:07,5:08,2:29:55,2:12,1:41:25,4:46:47
1059,1231,Camille Defaye,M35-39,219,Open,France,32:35,5:53,2:35:51,1:52,1:30:36,4:46:47
1060,984,Andre Anversi,M35-39,220,Open,Brazil,36:57,4:44,2:25:48,2:21,1:36:58,4:46:48
1061,1143,Maximiliano Agostini,M35-39,221,Open,Argentina,27:48,4:44,2:29:00,1:58,1:43:19,4:46:49
1062,2936,Felix Zylberglajt,M50-54,48,Open,Uruguay,32:13,4:57,2:33:18,2:11,1:34:11,4:46:50
1063,2402,Lars Lensdorf,M55-59,20,Open,Germany,31:28,5:20,2:30:40,2:30,1:36:54,4:46:51
1064,3923,Peter KELLY,M45-49,78,Open,New Zealand,27:58,5:09,2:35:55,2:13,1:35:37,4:46:53
1065,2108,Marco Antonio Fernandez Diez,M60-64,8,Open,Chile,32:58,5:37,2:32:33,2:27,1:33:18,4:46:53
1066,3079,Quentin Solignac,M25-29,180,Open,France,29:31,5:29,2:30:28,1:46,1:39:40,4:46:55
1067,115,Antonio Ferrer,M40-44,174,Open,Spain,38:47,5:30,2:30:09,2:34,1:29:55,4:46:55
1068,3091,Noah Cavanaugh,M25-29,181,Open,United States,27:36,5:17,2:23:48,2:45,1:47:32,4:46:57
1069,3888,Craig Nieper,M45-49,79,Open,New Zealand,29:05,5:02,2:29:48,2:09,1:40:56,4:46:59
1070,3284,Matthew Vihant,M25-29,182,Open,Canada,26:20,7:09,2:29:35,2:42,1:41:13,4:46:59
1071,3163,Korey Aukerman,M25-29,183,Open,United States,26:10,4:29,2:28:32,1:18,1:46:29,4:47:00
1072,1924,Jerome Le Gouic,M30-34,223,Open,France,28:30,6:30,2:34:34,3:00,1:34:26,4:47:00
1073,3906,Richard Flandin,M45-49,80,Open,France,35:46,5:15,2:35:18,1:41,1:29:00,4:47:00
1074,2201,Barry Edwards,M60-64,9,Open,United States,28:00,6:19,2:34:12,2:34,1:35:59,4:47:04
1075,1442,Kevin Fergusson,M65-69,1,Open,Australia,29:44,4:58,2:24:29,2:54,1:45:00,4:47:05
1076,1976,Clément Dumas,M30-34,224,Open,France,29:31,6:08,2:31:03,2:30,1:37:54,4:47:05
1077,275,Jethro Karl Ramos,M40-44,175,Open,Philippines,30:32,4:31,2:31:40,2:35,1:37:47,4:47:05
1078,296,Blazej Pietrzak,M40-44,176,Open,Poland,29:40,4:35,2:32:23,2:03,1:38:25,4:47:06
1079,225,Jason Schiessler,M40-44,177,Open,United States,36:13,4:37,2:32:16,1:48,1:32:12,4:47:07
1080,3764,Oliver Spurzem,M45-49,81,Open,Germany,28:48,4:43,2:38:00,2:36,1:33:00,4:47:07
1081,964,Matt Luxton,M35-39,222,Open,United Kingdom,29:46,5:38,2:28:12,4:23,1:39:12,4:47:11
1082,596,Javier Centenonieves,M40-44,178,Open,Spain,27:25,4:28,2:34:00,1:44,1:39:36,4:47:12
1083,1922,Patrick Logan,M30-34,225,Open,United States,36:01,5:59,2:32:45,2:48,1:29:40,4:47:14
1084,4068,Agustin Vega Crespo,M45-49,82,Open,Ecuador,26:58,6:24,2:34:09,2:08,1:37:36,4:47:15
1085,1152,Aday Alvarez Diez De Ulzurrun,M35-39,223,Open,Spain,26:39,4:35,2:28:15,2:12,1:45:36,4:47:17
1086,829,Murilo Bredariol,M35-39,224,Open,Brazil,30:50,6:22,2:32:15,2:59,1:34:51,4:47:17
1087,627,Harlan Mannix,M40-44,179,Open,New Zealand,30:05,4:22,2:41:59,2:14,1:28:40,4:47:20
1088,680,Konstantinos Leontaridis,M40-44,180,Open,Greece,27:21,5:19,2:33:34,2:02,1:39:04,4:47:21
1089,681,Alexandre Bressy,M40-44,181,Open,France,29:41,4:59,2:33:17,1:41,1:37:46,4:47:24
1090,3296,Erick Herrera,M25-29,184,Open,Mexico,30:46,5:57,2:34:23,3:40,1:32:41,4:47:28
1091,188,Rafal Sawicki,M40-44,182,Open,Poland,33:56,5:33,2:23:34,2:09,1:42:17,4:47:28
1092,690,Ernesto Samudio,M40-44,183,Open,Colombia,32:29,5:28,2:31:05,4:35,1:33:51,4:47:29
1093,1307,Matt Oblak,M35-39,225,Open,Australia,33:05,4:48,2:28:31,2:15,1:38:51,4:47:29
1094,2792,Brian Edmond,M50-54,49,Open,Canada,33:14,5:23,2:35:12,2:57,1:30:43,4:47:30
1095,479,Mubarak Aljumah,M40-44,184,Open,Kuwait,36:50,4:26,2:37:15,2:47,1:26:12,4:47:31
1096,365,Greg Galloway,M40-44,185,Open,Canada,29:26,5:45,2:39:16,2:38,1:30:26,4:47:31
1097,1698,Tommy Martin,M30-34,226,Open,United States,33:14,5:21,2:38:34,1:26,1:28:57,4:47:32
1098,3413,Jenson Cozens,M18-24,75,Open,United Kingdom,29:30,5:33,2:27:07,1:45,1:43:38,4:47:34
1099,1701,Théo Caillé,M30-34,227,Open,France,33:17,6:07,2:34:55,1:46,1:31:30,4:47:36
1100,2987,Christopher Leech,M50-54,50,Open,New Zealand,30:49,5:23,2:31:55,2:10,1:37:22,4:47:39
1101,1804,Rafael Fontana Cigerza,M30-34,228,Open,Brazil,30:55,5:33,2:31:39,2:14,1:37:21,4:47:41
1102,2396,Charles Smith,M55-59,21,Open,United States,28:56,5:37,2:23:29,4:38,1:45:00,4:47:42
1103,3953,Greg Redford,M45-49,83,Open,Australia,33:16,5:40,2:22:36,3:02,1:43:09,4:47:42
1104,931,Ricardo Arruda,M35-39,226,Open,Brazil,32:03,4:54,2:26:50,3:00,1:40:55,4:47:43
1105,1176,David Halantas,M35-39,227,Open,Australia,33:15,4:52,2:38:35,2:21,1:28:42,4:47:44
1106,2932,Gilles Salle,M50-54,51,Open,France,33:21,6:49,2:30:31,2:14,1:34:52,4:47:46
1107,2345,Thomas Baierl,M55-59,22,Open,Germany,31:01,4:43,2:29:44,2:25,1:39:54,4:47:47
1108,3209,Rasmus Brasch,M25-29,185,Open,Denmark,32:45,5:13,2:33:46,1:41,1:34:25,4:47:49
1109,1045,Doug Farre,M35-39,228,Open,United States,30:55,6:35,2:32:50,2:53,1:34:40,4:47:52
1110,2907,Simon Morton,M50-54,52,Open,New Zealand,27:56,6:32,2:31:20,3:55,1:38:11,4:47:54
1111,3556,Angus Boyd,M45-49,84,Open,Australia,27:30,4:20,2:38:39,2:04,1:35:30,4:48:04
1112,3427,Etienne Grant Van Greunen,M18-24,76,Open,South Africa,30:07,4:18,2:36:51,2:36,1:34:12,4:48:04
1113,1323,Alberto Guerra,M35-39,229,Open,Mexico,32:34,4:56,2:35:15,1:43,1:33:40,4:48:06
1114,1496,Peter Edmonds,M30-34,229,Open,United States,33:23,4:50,2:36:34,1:59,1:31:21,4:48:07
1115,1852,JOAO DRUMMOND,M30-34,230,Open,Brazil,28:46,5:44,2:38:22,2:06,1:33:10,4:48:09
1116,1664,Alexandre Adrien,M30-34,231,Open,France,27:49,4:47,2:39:41,1:54,1:33:59,4:48:09
1117,3621,Andrew Kilding,M45-49,85,Open,United Kingdom,30:54,5:53,2:41:34,1:47,1:28:03,4:48:11
1118,2209,Slawomir Kakol,M60-64,10,Open,Poland,34:09,4:46,2:30:08,1:50,1:37:18,4:48:11
1119,1915,Hyun Jeong,M30-34,232,Open,Korea,35:35,8:32,2:24:55,2:11,1:37:01,4:48:13
1120,2959,Hayden Beetar,M50-54,53,Open,New Zealand,27:43,5:26,2:29:54,4:07,1:41:04,4:48:14
1121,1730,Danila Naumov,M30-34,233,Open,Kyrgyzstan,32:36,4:26,2:35:50,2:37,1:32:45,4:48:15
1122,2296,Eric Millard,M55-59,23,Open,France,32:00,5:49,2:26:47,2:51,1:40:49,4:48:16
1123,1643,Angelo Mullaliu,M30-34,234,Open,Italy,35:18,4:55,2:38:00,2:24,1:27:40,4:48:17
1124,237,Frederico Rizzo,M40-44,186,Open,Brazil,32:05,5:49,2:26:45,1:41,1:41:59,4:48:19
1125,1177,Kuan Wu,M35-39,230,Open,Taiwan,28:41,5:15,2:32:51,1:37,1:39:57,4:48:20
1126,3823,David Taylor,M45-49,86,Open,United States,35:06,6:52,2:27:59,2:25,1:35:59,4:48:21
1127,1285,Esteban Arcos,M35-39,231,Open,Ecuador,32:02,6:30,2:32:14,2:49,1:34:48,4:48:23
1128,267,Tarmo Siimsaare,M40-44,187,Open,Estonia,35:16,5:27,2:33:39,2:50,1:31:12,4:48:25
1129,952,Simon Defois,M35-39,232,Open,France,30:14,5:19,2:31:40,3:06,1:38:08,4:48:27
1130,1094,VINICIUS PAZETTE FREITAS,M35-39,233,Open,Brazil,34:03,4:55,2:26:04,2:33,1:40:55,4:48:29
1131,3357,Titan Webster,M25-29,186,Open,Australia,28:00,6:08,2:26:36,2:22,1:45:24,4:48:30
1132,3700,Sebastian Sanchez,M45-49,87,Open,Argentina,30:39,5:42,2:32:26,1:53,1:37:52,4:48:32
1133,3384,Matt Schade,M18-24,77,Open,United States,29:30,5:51,2:29:18,1:30,1:42:24,4:48:33
1134,440,Murray Baker,M40-44,188,Open,New Zealand,33:34,5:42,2:24:50,1:54,1:42:35,4:48:35
1135,2852,Matthew Berg,M50-54,54,Open,New Zealand,29:54,6:19,2:32:05,2:03,1:38:15,4:48:35
1136,2237,Gavin Slater,M55-59,24,Open,Australia,31:28,5:27,2:31:45,2:02,1:37:56,4:48:38
1137,3275,Christopher Mentrup,M25-29,187,Open,Germany,30:40,5:26,2:29:45,2:05,1:40:42,4:48:40
1138,1883,Jack Mcguinness,M30-34,235,Open,New Zealand,26:51,4:36,2:23:27,2:29,1:51:16,4:48:40
1139,3023,Boris Krajci,M50-54,55,Open,Slovakia,39:08,5:21,2:23:02,2:26,1:38:42,4:48:40
1140,1636,Robert Tanner,M30-34,236,Open,United States,30:18,5:15,2:29:53,2:00,1:41:15,4:48:40
1141,1753,Peer Schweder,M30-34,237,Open,Germany,28:03,4:58,2:20:58,2:22,1:52:22,4:48:43
1142,2912,Sebastian Kamp,M50-54,56,Open,Germany,31:41,4:59,2:29:53,2:58,1:39:15,4:48:46
1143,482,Jason Hamlyn,M40-44,189,Open,Australia,29:09,5:18,2:32:27,2:42,1:39:10,4:48:46
1144,2978,Rorie Masson,M50-54,57,Open,United Kingdom,30:26,6:00,2:30:00,2:36,1:39:45,4:48:47
1145,3019,Bart Bervoets,M50-54,58,Open,Belgium,34:12,5:32,2:30:23,1:59,1:36:42,4:48:49
1146,3921,Kristof Van Houdt,M45-49,88,Open,Belgium,31:03,6:15,2:39:03,5:59,1:26:29,4:48:51
1147,3504,Charles-Olivier Lemay,M18-24,78,Open,Canada,28:53,5:12,2:30:35,2:09,1:42:01,4:48:51
1148,183,Andrea De Caprio,M40-44,190,Open,Thailand,31:12,6:25,2:33:23,3:05,1:34:46,4:48:51
1149,2854,Philippe Rocha,M50-54,59,Open,France,31:04,5:25,2:35:10,3:27,1:33:46,4:48:52
1150,3400,Roberto Levet,M18-24,79,Open,Mexico,28:35,5:18,2:38:13,1:56,1:34:51,4:48:53
1151,253,Bruno Lucenti Pereira,M40-44,191,Open,Brazil,31:32,5:06,2:40:20,2:45,1:29:15,4:48:58
1152,3149,Fries De Waele,M25-29,188,Open,Belgium,29:38,5:57,2:35:18,1:39,1:36:28,4:48:59
1153,2949,Andre Winkelhorst,M50-54,60,Open,Germany,37:25,6:03,2:27:00,1:48,1:36:44,4:49:01
1154,1746,Alex Northey,M30-34,238,Open,Canada,30:49,6:18,2:28:48,3:16,1:39:51,4:49:02
1155,2802,Sean Torr,M50-54,61,Open,United States,28:22,5:06,2:35:00,2:09,1:38:27,4:49:02
1156,180,FERNANDO FONSECA DOS REIS,M40-44,192,Open,Brazil,35:44,4:37,2:33:47,1:55,1:33:02,4:49:04
1157,2689,Carlos Mora,M50-54,62,Open,Andorra,33:17,6:02,2:30:30,2:22,1:36:58,4:49:09
1158,2375,Olivier Maddens,M55-59,25,Open,France,30:07,5:11,2:29:07,1:58,1:42:48,4:49:10
1159,656,Johnny Little,M40-44,193,Open,United States,29:04,5:32,2:34:35,2:11,1:37:51,4:49:13
1160,4078,Rodrigo Felipe,M45-49,89,Open,Brazil,42:19,4:39,2:29:43,3:35,1:28:58,4:49:14
1161,1287,Steven Halewski,M35-39,234,Open,United States,27:41,5:24,2:29:22,2:40,1:44:08,4:49:15
1162,3930,Gene Thomas,M45-49,90,Open,New Zealand,35:48,4:33,2:27:59,1:30,1:39:26,4:49:15
1163,198,Paul Hilliard,M40-44,194,Open,South Africa,32:50,4:07,2:44:49,4:46,1:22:45,4:49:18
1164,2374,Vincenzo Zofrea,M55-59,26,Open,Australia,29:07,5:23,2:30:20,2:32,1:41:57,4:49:20
1165,1539,Benjamin Walters,M30-34,239,Open,United States,33:11,6:40,2:39:48,1:54,1:27:55,4:49:28
1166,2882,Daragh Hendley,M50-54,63,Open,Ireland,34:09,7:00,2:26:01,2:42,1:39:38,4:49:29
1167,3199,GUILHERME VAZ,M25-29,189,Open,Brazil,29:32,5:37,2:32:18,1:45,1:40:18,4:49:29
1168,424,Kairat Kabyshev,M40-44,195,Open,Kazakhstan,34:37,5:18,2:41:39,1:45,1:26:10,4:49:30
1169,2864,Kipsan Beck,M50-54,64,Open,Thailand,31:48,5:49,2:31:08,2:45,1:38:01,4:49:31
1170,3615,Steeve Vigneault,M45-49,91,Open,Canada,33:26,6:42,2:29:24,2:33,1:37:26,4:49:31
1171,569,Pedro D M De Maia,M40-44,196,Open,Brazil,30:14,4:35,2:33:09,2:00,1:39:35,4:49:32
1172,874,Gabriel Egusquiza,M35-39,235,Open,Argentina,27:57,5:14,2:39:31,2:37,1:34:13,4:49:32
1173,1266,Mike Metze,M35-39,236,Open,United States,29:22,5:36,2:28:07,2:25,1:44:01,4:49:32
1174,604,Scott Donahue,M40-44,197,Open,United States,32:50,5:47,2:29:29,3:09,1:38:17,4:49:32
1175,3626,Olaf Borsutzky,M45-49,92,Open,Germany,28:30,5:10,2:36:53,2:16,1:36:44,4:49:33
1176,1024,Joshua Li,M35-39,237,Open,Singapore,32:40,5:40,2:41:07,2:15,1:27:53,4:49:36
1177,1078,Pablo Donaire,M35-39,238,Open,Spain,29:20,6:20,2:34:23,2:35,1:36:59,4:49:38
1178,1836,Juan Felipe Mejia,M30-34,240,Open,Colombia,34:17,5:35,2:34:49,1:59,1:32:58,4:49:38
1179,2771,Justin Littlefield,M50-54,65,Open,Australia,34:14,4:55,2:40:28,2:04,1:27:57,4:49:39
1180,3158,Ben Hawkins,M25-29,190,Open,United Kingdom,31:06,5:53,2:37:02,1:28,1:34:11,4:49:40
1181,571,Matthew Dames,M40-44,198,Open,New Zealand,30:03,5:01,2:34:41,2:10,1:37:46,4:49:41
1182,2210,Graham Bruce,M60-64,11,Open,Australia,26:55,5:10,2:37:55,1:35,1:38:07,4:49:43
1183,3597,Damien HILES,M45-49,93,Open,Australia,29:11,5:11,2:32:53,2:01,1:40:29,4:49:46
1184,135,Piotr Iwanowski,M40-44,199,Open,Poland,33:54,5:06,2:28:17,2:39,1:39:54,4:49:50
1185,684,Bartosz Dymek,M40-44,200,Open,Poland,32:18,4:57,2:36:00,1:37,1:35:00,4:49:52
1186,2803,Andrew Vane,M50-54,66,Open,New Zealand,28:04,4:49,2:40:34,1:49,1:34:37,4:49:53
1187,400,Giuseppe Vitalone,M40-44,201,Open,Italy,33:26,4:47,2:36:49,2:05,1:32:47,4:49:55
1188,278,Rodrigo Tome,M40-44,202,Open,Brazil,29:45,6:05,2:34:11,2:19,1:37:36,4:49:57
1189,3042,Antoine Leveau,M50-54,67,Open,France,30:29,5:28,2:26:21,2:54,1:44:47,4:49:58
1190,2411,Robert Loveridge,M55-59,27,Open,United States,32:50,5:01,2:34:44,2:06,1:35:18,4:50:00
1191,303,Greg Chaganos,M40-44,203,Open,United States,33:33,4:57,2:39:03,2:05,1:30:23,4:50:01
1192,3975,Tim Anderson,M45-49,94,Open,New Zealand,31:06,6:12,2:34:32,2:30,1:35:40,4:50:01
1193,3891,Lee Spurling,M45-49,95,Open,Australia,36:02,5:08,2:28:17,2:44,1:37:51,4:50:03
1194,389,Marcelo Miranda de Araujo,M40-44,204,Open,Brazil,30:38,4:08,2:39:02,2:18,1:33:56,4:50:03
1195,2815,Roberto Lometti,M50-54,68,Open,Italy,30:21,5:06,2:31:13,2:29,1:40:55,4:50:04
1196,2786,Cristian Dussaillant,M50-54,69,Open,Chile,33:20,5:02,2:28:48,1:49,1:41:08,4:50:07
1197,475,Juan Manuel Asconape,M40-44,205,Open,Argentina,33:10,4:39,2:32:50,2:03,1:37:29,4:50:11
1198,1885,Jarrad Lobasso,M30-34,241,Open,Australia,33:18,4:37,2:32:09,2:48,1:37:20,4:50:12
1199,1088,Daniel Arciniegas,M35-39,239,Open,United States,33:48,6:12,2:27:59,2:28,1:39:46,4:50:13
1200,2857,Thomas Hammermeister,M50-54,70,Open,Germany,36:29,5:09,2:31:39,2:20,1:34:37,4:50:14
1201,3807,Erdin Hastor,M45-49,96,Open,Bosnia and Herzegovina,32:54,5:53,2:29:23,1:44,1:40:20,4:50:14
1202,434,Ronald Molit,M40-44,206,Open,Philippines,28:28,6:34,2:30:24,1:43,1:43:06,4:50:15
1203,2873,Alvaro Sanchez,M50-54,71,Open,Bolivia,30:22,5:41,2:32:05,3:04,1:39:04,4:50:16
1204,1752,Jérémie Drouet,M30-34,242,Open,France,27:52,5:26,2:42:26,2:37,1:31:57,4:50:18
1205,1160,Peter Torok,M35-39,240,Open,Hungary,33:07,7:12,2:25:43,2:24,1:41:52,4:50:18
1206,2549,Gerard Gordon,M55-59,28,Open,New Zealand,30:59,5:38,2:36:18,1:56,1:35:30,4:50:21
1207,3024,Salvador Alarcon Alacio,M50-54,72,Open,Spain,31:39,6:00,2:37:14,2:24,1:33:07,4:50:23
1208,3744,Michael Matak,M45-49,97,Open,Canada,35:30,5:15,2:30:34,2:51,1:36:18,4:50:28
1209,3808,Paul Koot,M45-49,98,Open,New Zealand,31:21,4:54,2:38:39,1:55,1:33:41,4:50:29
1210,2754,Steve Swallow,M50-54,73,Open,New Zealand,35:04,5:20,2:30:52,2:14,1:37:00,4:50:30
1211,2755,Sebastien Lescot,M50-54,74,Open,France,31:27,5:42,2:29:44,2:15,1:41:24,4:50:31
1212,1168,Rafael Rivera Martinez,M35-39,241,Open,Mexico,36:58,6:09,2:33:16,2:20,1:31:51,4:50:32
1213,2463,Jim Burke,M55-59,29,Open,United States,31:16,6:59,2:32:28,3:12,1:36:37,4:50:32
1214,1960,Antonio Gagliasso,M30-34,243,Open,Italy,30:08,4:45,2:22:23,2:57,1:50:21,4:50:34
1215,1201,MacKenzie Wasson,M35-39,242,Open,United States,30:05,5:41,2:32:59,7:08,1:34:42,4:50:35
1216,1199,Abdulla Albinzayed,M35-39,243,Open,Bahrain,30:43,5:43,2:38:38,2:25,1:33:10,4:50:39
1217,1906,Tj Zegarelli,M30-34,244,Open,Italy,35:30,4:51,2:31:48,2:33,1:35:58,4:50:40
1218,3902,Ben McCullen,M45-49,99,Open,Australia,32:12,5:11,2:39:20,2:32,1:31:26,4:50:41
1219,3483,Jose Luiz,M18-24,80,Open,Brazil,26:20,5:35,2:20:30,2:10,1:56:08,4:50:42
1220,2217,Peter Ljungberg,M55-59,30,Open,Sweden,28:05,5:48,2:36:49,2:25,1:37:37,4:50:44
1221,3426,Justin Maratea,M18-24,81,Open,United States,26:24,4:56,2:35:14,2:15,1:41:55,4:50:44
1222,1116,Brenton Wood,M35-39,244,Open,Canada,47:07,6:22,2:23:43,2:23,1:31:21,4:50:57
1223,2412,Steve Dean,M55-59,31,Open,New Zealand,31:11,5:04,2:28:20,2:09,1:44:12,4:50:57
1224,2454,Björn Maywald,M55-59,32,Open,Germany,32:46,5:42,2:30:21,2:40,1:39:29,4:50:57
1225,1221,Pono Hanson,M35-39,245,Open,United States,31:37,5:41,2:34:08,2:39,1:36:53,4:50:58
1226,2904,Loïc Hermetz,M50-54,75,Open,France,33:08,7:30,2:26:24,2:30,1:41:29,4:51:01
1227,2251,Stephan Bole,M55-59,33,Open,France,31:44,6:02,2:39:45,1:50,1:31:41,4:51:02
1228,3693,Alexander Marushko,M45-49,100,Open,Cyprus,32:33,4:36,2:24:46,2:24,1:46:44,4:51:03
1229,4004,Nicolas Moreno,M45-49,101,Open,Argentina,30:57,6:41,2:31:06,2:18,1:40:00,4:51:03
1230,397,Ruben Benigno,M40-44,207,Open,Italy,30:24,5:30,2:36:42,3:24,1:35:05,4:51:04
1231,399,Bruce Jenkins,M40-44,208,Open,United States,33:47,6:10,2:30:51,2:32,1:37:46,4:51:05
1232,2465,Saulo Rabelo Lima Verde,M55-59,34,Open,Brazil,32:53,5:11,2:39:52,3:43,1:29:29,4:51:08
1233,1483,Piotr Myslak,M30-34,245,Open,Poland,31:42,6:29,2:33:57,2:24,1:36:41,4:51:13
1234,3351,Andrei Sajulga,M25-29,191,Open,Philippines,30:09,5:21,2:34:56,2:27,1:38:22,4:51:15
1235,1590,Jordan Kariniemi,M30-34,246,Open,United States,29:31,6:00,2:37:18,2:56,1:35:30,4:51:15
1236,3629,Ryann Mills,M45-49,102,Open,Australia,29:07,4:27,2:39:11,2:27,1:36:03,4:51:16
1237,291,Kyle Carrick,M40-44,209,Open,United States,34:01,4:42,2:26:03,2:14,1:44:18,4:51:18
1238,2365,Darragh Walshe,M55-59,35,Open,New Zealand,27:07,6:06,2:34:29,2:38,1:41:00,4:51:19
1239,1123,Juan Francisco Vivero,M35-39,246,Open,Ecuador,37:52,5:42,2:33:47,2:12,1:31:47,4:51:20
1240,976,Clint Flood,M35-39,247,Open,Australia,32:11,7:17,2:22:26,3:14,1:46:13,4:51:22
1241,645,Ferry Oostervink,M40-44,210,Open,Netherlands,37:58,4:57,2:38:32,2:29,1:27:28,4:51:24
1242,1019,Joel Espinosa,M35-39,248,Open,Panama,33:25,5:05,2:33:35,2:00,1:37:20,4:51:25
1243,679,Daniel Younis,M40-44,211,Open,Brazil,32:22,6:18,2:33:55,3:54,1:34:57,4:51:25
1244,2928,Miroslav Buriánek,M50-54,76,Open,Czechia,34:15,6:58,2:31:54,1:29,1:36:50,4:51:26
1245,526,Angelo Rigopoulos,M40-44,212,Open,Italy,34:00,6:33,2:31:42,2:50,1:36:22,4:51:26
1246,1127,Justin Marzean,M35-39,249,Open,United States,34:07,6:42,2:32:54,2:36,1:35:11,4:51:29
1247,2591,Kevin Fuller,M50-54,77,Open,United States,29:10,5:44,2:28:39,2:36,1:45:24,4:51:33
1248,1705,Lawrence Merrill,M30-34,247,Open,United States,29:35,5:59,2:40:02,3:11,1:32:47,4:51:34
1249,3636,Adam Hazlett,M45-49,103,Open,New Zealand,30:51,4:13,2:34:24,2:21,1:39:46,4:51:35
1250,1969,David Ferreira,M30-34,248,Open,Brazil,33:33,4:42,2:33:34,2:46,1:37:04,4:51:39
1251,3383,Antonin Jeanneau,M18-24,82,Open,France,30:34,5:10,2:38:32,2:02,1:35:22,4:51:40
1252,470,Fabio Vaz Fernandes Goncalves,M40-44,213,Open,Portugal,32:28,5:40,2:24:30,2:17,1:46:45,4:51:40
1253,647,Benoît Lafuma,M40-44,214,Open,France,32:22,5:44,2:34:02,2:21,1:37:11,4:51:41
1254,3644,Juan Torres,M45-49,104,Open,Australia,36:18,6:57,2:34:17,3:54,1:30:15,4:51:42
1255,3804,Wesley Mailley-Smith,M45-49,105,Open,United Kingdom,28:50,5:21,2:28:05,2:32,1:46:54,4:51:44
1256,1292,Nicolas Barriere,M35-39,250,Open,Canada,35:05,6:23,2:27:28,2:00,1:40:49,4:51:44
1257,1142,Guido Tirone,M35-39,251,Open,Italy,26:29,5:11,2:33:49,2:01,1:44:13,4:51:44
1258,181,Luiz Felipe Carvalho Matos,M40-44,215,Open,Brazil,32:01,6:08,2:35:53,2:00,1:35:46,4:51:48
1259,3402,Merrick Halloran,M18-24,83,Open,Australia,29:58,4:41,2:27:22,2:29,1:47:19,4:51:48
1260,1213,Simon Antony,M35-39,252,Open,Australia,31:56,5:23,2:32:05,1:38,1:40:48,4:51:50
1261,476,Yannick Cantin,M40-44,216,Open,France,32:22,5:44,2:30:53,2:19,1:40:32,4:51:50
1262,1200,Tom Salt,M35-39,253,Open,Australia,29:03,6:01,2:29:50,1:52,1:45:09,4:51:55
1263,625,Jonathan Webb,M40-44,217,Open,United Kingdom,28:32,3:59,2:49:23,2:21,1:27:46,4:52:01
1264,2542,Kader Es Slami,M55-59,36,Open,Spain,30:48,6:53,2:40:03,1:56,1:32:24,4:52:03
1265,3551,Quinn Gardiner-Hall,M18-24,84,Open,New Zealand,27:47,5:08,2:44:32,2:09,1:32:28,4:52:03
1266,3354,Riley Rosado,M25-29,192,Open,United States,32:47,7:18,2:27:55,2:56,1:41:11,4:52:07
1267,3596,Byron Clarkson,M45-49,106,Open,Australia,26:43,5:06,2:38:48,2:35,1:38:54,4:52:07
1268,281,Andrew Philp,M40-44,218,Open,Australia,37:12,4:46,2:29:04,2:25,1:38:39,4:52:08
1269,3054,Liam De Grey,M25-29,193,Open,New Zealand,31:20,4:42,2:30:28,1:36,1:44:02,4:52:08
1270,3254,Andy Schrom,M25-29,194,Open,United States,32:24,5:40,2:38:59,2:16,1:32:51,4:52:09
1271,243,Brett Mcphedran,M40-44,219,Open,Canada,31:03,3:48,2:39:39,1:42,1:35:57,4:52:10
1272,3564,John Novikoff,M45-49,107,Open,United States,35:56,5:10,2:30:39,2:34,1:37:51,4:52:10
1273,381,Hannes Kiipus,M40-44,220,Open,Estonia,32:26,5:48,2:32:04,2:02,1:39:49,4:52:10
1274,3732,Dawid Janse Van Rensburg,M45-49,108,Open,South Africa,33:47,6:01,2:37:22,2:06,1:32:56,4:52:11
1275,1733,Samuel Dames,M30-34,249,Open,United Kingdom,36:30,6:02,2:29:24,2:37,1:37:39,4:52:11
1276,3484,Kenneth Bonda,M18-24,85,Open,Philippines,31:09,5:00,2:39:55,1:47,1:34:21,4:52:12
1277,3964,ANGEL PINE TUR,M45-49,109,Open,Spain,30:09,6:07,2:30:15,4:48,1:40:53,4:52:13
1278,4089,Stephan Sieger,M45-49,110,Open,Germany,33:59,5:50,2:35:34,1:47,1:35:05,4:52:15
1279,3141,Tj Cleveland,M25-29,195,Open,United States,30:52,6:11,2:30:57,2:43,1:41:33,4:52:16
1280,139,Kamil Kasprzyk,M40-44,221,Open,Poland,38:07,4:46,2:31:30,1:54,1:36:00,4:52:18
1281,1254,Ryan Hon,M35-39,254,Open,United States,37:46,7:00,2:24:56,2:14,1:40:21,4:52:18
1282,2432,Sean Ward,M55-59,37,Open,United Kingdom,35:32,5:31,2:33:56,2:19,1:35:01,4:52:19
1283,298,Trent Dawson,M40-44,222,Open,Australia,26:18,5:02,2:40:21,1:34,1:39:05,4:52:20
1284,1592,Jean-Paul Espinosa,M30-34,250,Open,United Kingdom,32:09,5:06,2:32:30,2:03,1:40:40,4:52:28
1285,1624,Géraud Cussac,M30-34,251,Open,France,36:36,5:12,2:37:09,2:09,1:31:26,4:52:32
1286,416,Rob Mcculloch,M40-44,223,Open,Canada,32:59,4:38,2:32:08,2:55,1:39:54,4:52:33
1287,3894,Marcelo Cao,M45-49,111,Open,Argentina,33:17,6:32,2:40:04,3:03,1:29:37,4:52:34
1288,429,Jens Gebler,M40-44,224,Open,Germany,40:59,4:55,2:24:27,2:09,1:40:08,4:52:38
1289,3935,RODRIGO GAIGA PAULINO,M45-49,112,Open,Brazil,35:58,6:24,2:32:48,2:14,1:35:18,4:52:42
1290,2503,Martin Liebeck,M55-59,38,Open,France,26:19,5:11,2:30:52,2:45,1:47:37,4:52:43
1291,146,Jason Tozzi,M40-44,225,Open,United States,34:49,5:35,2:39:56,2:37,1:29:46,4:52:43
1292,1298,Kieran Lee,M35-39,255,Open,Ireland,32:34,5:52,2:31:25,4:07,1:38:47,4:52:44
1293,1089,Richard Pywell,M35-39,256,Open,Australia,33:28,5:31,2:23:35,1:27,1:48:44,4:52:46
1294,1873,Ben Moseley,M30-34,252,Open,United Kingdom,31:20,5:53,2:32:06,2:40,1:40:49,4:52:47
1295,1005,Jean-Francois Jouan,M35-39,257,Open,France,33:51,5:07,2:28:27,1:28,1:43:55,4:52:48
1296,1090,Xavier Gallardo,M35-39,258,Open,Mexico,29:45,4:37,2:28:51,3:57,1:45:38,4:52:49
1297,454,Thiago Benevides,M40-44,226,Open,Brazil,35:19,6:30,2:32:22,2:32,1:36:07,4:52:49
1298,3811,Juan Torrado,M45-49,113,Open,Colombia,33:38,6:00,2:39:15,1:34,1:32:25,4:52:52
1299,3196,Thomas Saclier,M25-29,196,Open,France,29:23,5:41,2:38:44,1:56,1:37:10,4:52:53
1300,826,Carlo Jacob,M35-39,259,Open,Trinidad and Tobago,28:52,5:29,2:39:19,1:42,1:37:32,4:52:55
1301,2807,Fabio Amoroso,M50-54,78,Open,Brazil,35:00,6:16,2:31:11,3:11,1:37:18,4:52:56
1302,2779,Jon Moher,M50-54,79,Open,Canada,33:52,7:23,2:35:24,3:16,1:33:04,4:52:58
1303,823,Michael Gardiner,M35-39,260,Open,Australia,29:19,5:47,2:40:11,2:43,1:34:58,4:52:59
1304,1271,Kiryl Kirychenka,M35-39,261,Open,Cyprus,33:48,6:08,2:28:58,1:50,1:42:17,4:53:01
1305,2943,Michael Haseldine,M50-54,80,Open,Australia,37:06,4:40,2:31:27,2:13,1:37:35,4:53:01
1306,1083,William Coleman,M35-39,262,Open,United States,40:14,5:51,2:18:08,2:30,1:46:24,4:53:07
1307,3777,Graham Brewster,M45-49,114,Open,New Zealand,32:16,5:30,2:31:50,3:39,1:40:01,4:53:16
1308,2650,Dean Galt,M50-54,81,Open,New Zealand,33:28,5:47,2:29:17,2:32,1:42:13,4:53:17
1309,451,David Garrisi,M40-44,227,Open,United States,32:32,5:06,2:39:20,2:15,1:34:04,4:53:18
1310,3109,Guilherme Ferreira,M25-29,197,Open,Brazil,29:40,5:35,2:24:20,2:35,1:51:08,4:53:18
1311,3386,Ross Moldavsky,M18-24,86,Open,Ukraine,35:10,5:48,2:25:29,2:07,1:44:44,4:53:18
1312,498,Bruno Almeida Lessa Castro,M40-44,228,Open,Brazil,30:49,5:21,2:37:02,1:38,1:38:29,4:53:19
1313,1591,Pierre-Marie Pautard,M30-34,253,Open,France,32:19,5:24,2:41:06,1:31,1:32:59,4:53:19
1314,1749,Anthony Giovannelli,M30-34,254,Open,United States,32:34,6:36,2:25:25,1:44,1:47:01,4:53:20
1315,2631,Nik Wyman,M50-54,82,Open,Australia,29:12,6:37,2:32:48,3:01,1:41:42,4:53:20
1316,683,Yoann Rossignol,M40-44,229,Open,France,34:20,5:58,2:33:27,2:15,1:37:21,4:53:21
1317,629,Tomasz Bialek,M40-44,230,Open,Poland,32:13,5:06,2:23:34,1:59,1:50:30,4:53:21
1318,1065,Christoph Billen,M35-39,263,Open,Germany,34:41,4:35,2:29:17,2:09,1:42:43,4:53:25
1319,209,Leigh Gunn,M40-44,231,Open,Philippines,33:29,5:16,2:29:23,2:46,1:42:31,4:53:26
1320,2561,Ralf Kühnhold,M55-59,39,Open,Germany,32:52,5:42,2:39:33,2:32,1:32:47,4:53:26
1321,1583,Vainius Kaleda,M30-34,255,Open,Lithuania,33:20,6:18,2:32:01,2:15,1:39:32,4:53:26
1322,3243,Alexander Kuo,M25-29,198,Open,United States,32:06,5:00,2:32:33,2:13,1:41:36,4:53:27
1323,2562,Lukas Riederer,M55-59,40,Open,Switzerland,30:27,4:44,2:30:25,2:01,1:45:54,4:53:31
1324,3745,Vladamir Ionov,M45-49,115,Open,Greece,32:52,5:34,2:35:18,2:09,1:37:40,4:53:33
1325,3240,Louis Young,M25-29,199,Open,New Zealand,34:08,6:15,2:40:50,3:09,1:29:13,4:53:35
1326,663,Francesco Frova,M40-44,232,Open,Italy,35:28,4:33,2:37:41,2:34,1:33:20,4:53:36
1327,985,Maxime Labelle,M35-39,264,Open,Canada,32:54,6:20,2:27:53,3:14,1:43:15,4:53:36
1328,252,David Hughes,M40-44,233,Open,Australia,33:44,6:06,2:31:17,2:55,1:39:37,4:53:39
1329,914,Anderson Schreiner Amaral,M35-39,265,Open,Brazil,31:10,4:38,2:30:15,2:41,1:44:58,4:53:41
1330,316,Jason Savill,M40-44,234,Open,New Zealand,38:21,4:58,2:26:31,1:38,1:42:14,4:53:42
1331,2089,Uwe Roepstorf,M60-64,12,Open,Germany,32:11,5:25,2:35:01,2:06,1:38:59,4:53:42
1332,3848,Justin Johnson,M45-49,116,Open,United States,34:02,5:16,2:25:23,2:38,1:46:27,4:53:45
1333,505,Keil ANDERSON,M40-44,235,Open,United States,32:49,6:31,2:43:23,2:46,1:28:17,4:53:47
1334,3872,Olivier Berthelot,M45-49,117,Open,France,32:13,6:11,2:25:09,3:13,1:47:01,4:53:47
1335,3950,Andrew Vaughan,M45-49,118,Open,New Zealand,33:34,4:57,2:30:48,2:12,1:42:18,4:53:49
1336,3714,Michael Schott,M45-49,119,Open,Germany,32:37,6:17,2:26:41,2:21,1:45:55,4:53:51
1337,622,Tyler Geremia,M40-44,236,Open,Canada,36:34,5:58,2:24:12,1:48,1:45:19,4:53:51
1338,2899,Simon Ralph,M50-54,83,Open,New Zealand,31:20,5:54,2:30:24,1:59,1:44:14,4:53:51
1339,2832,Jocelyn Pare,M50-54,84,Open,Canada,32:02,4:56,2:33:56,2:50,1:40:09,4:53:53
1340,3908,Seven Mittelstädt,M45-49,120,Open,Germany,32:16,7:18,2:29:01,2:58,1:42:22,4:53:55
1341,3566,Craig Whiting,M45-49,121,Open,New Zealand,29:23,6:05,2:31:57,2:57,1:43:36,4:53:57
1342,3200,Matthew Taylor,M25-29,200,Open,New Zealand,27:11,6:38,2:33:24,2:11,1:44:34,4:53:59
1343,1229,Anthony Pasquale,M35-39,266,Open,United States,35:25,6:59,2:36:23,3:10,1:32:03,4:54:00
1344,1120,Michael Freedman,M35-39,267,Open,United States,35:07,5:21,2:29:30,2:12,1:41:53,4:54:04
1345,3831,Lukas Hoffmann,M45-49,122,Open,Australia,28:47,4:57,2:37:01,2:10,1:41:09,4:54:04
1346,2507,Adam Cowie,M55-59,41,Open,New Zealand,30:34,5:57,2:41:17,2:58,1:33:20,4:54:05
1347,1537,Nicolas Ansara,M30-34,256,Open,United States,30:27,5:45,2:48:10,1:44,1:28:00,4:54:06
1348,1516,Bernardo Fiorini,M30-34,257,Open,Italy,29:43,5:10,2:29:30,1:40,1:48:05,4:54:08
1349,4050,Tom Bland,M45-49,123,Open,New Zealand,30:46,4:53,2:39:06,2:17,1:37:08,4:54:11
1350,1080,Arnaldo Munoz,M35-39,268,Open,Chile,33:24,4:11,2:33:38,1:59,1:41:00,4:54:12
1351,3187,Jaturon Jeenjitman,M25-29,201,Open,Thailand,27:27,5:13,2:37:51,2:36,1:41:06,4:54:13
1352,631,Evgeny Pankin,M40-44,237,Open,United States,33:39,5:00,2:35:45,1:58,1:37:53,4:54:15
1353,3150,Bartosz Kurek,M25-29,202,Open,Poland,27:11,4:56,2:32:39,2:35,1:46:57,4:54:18
1354,274,Khalifa Aldarmaki,M40-44,238,Open,United Arab Emirates,35:37,5:49,2:29:31,2:40,1:40:41,4:54:18
1355,3806,Nicolas Czorny,M45-49,124,Open,France,28:31,6:36,2:29:25,3:24,1:46:23,4:54:19
1356,2661,Carl Shawcross,M50-54,85,Open,United Kingdom,29:17,5:57,2:31:53,3:26,1:43:47,4:54:20
1357,176,Matthew Wood,M40-44,239,Open,Canada,28:16,4:44,2:37:18,2:45,1:41:19,4:54:21
1358,994,Silvio Gambacci,M35-39,269,Open,Italy,29:10,5:43,2:33:46,2:31,1:43:15,4:54:26
1359,311,Frederico Teixeira,M40-44,240,Open,Portugal,33:23,5:41,2:36:12,3:05,1:36:06,4:54:28
1360,2822,Joe Rogalski,M50-54,86,Open,United States,29:56,4:59,2:36:02,2:52,1:40:42,4:54:31
1361,1282,Benjamin Daugreilh,M35-39,270,Open,France,33:01,6:49,2:37:19,2:25,1:34:57,4:54:31
1362,3236,Casey Collier,M25-29,203,Open,United States,32:59,8:01,2:43:05,2:41,1:27:46,4:54:33
1363,3288,Sam Pallas,M25-29,204,Open,New Zealand,32:47,5:14,2:32:52,1:43,1:42:03,4:54:38
1364,1615,Iain Mcgurgan,M30-34,258,Open,Ireland,33:14,7:08,2:36:49,2:27,1:35:00,4:54:38
1365,1939,Jérôme Yarro Nimpa,M30-34,259,Open,France,39:16,5:11,2:27:49,2:41,1:39:42,4:54:39
1366,1877,Michael Welsh,M30-34,260,Open,Australia,31:40,5:21,2:32:27,2:42,1:42:30,4:54:39
1367,1538,Sebastian Reyes,M30-34,261,Open,Chile,32:21,5:39,2:34:51,2:04,1:39:46,4:54:42
1368,3853,Donna WILSON,M45-49,125,Open,Australia,27:29,6:11,2:34:54,3:04,1:43:04,4:54:42
1369,3334,Ryan Tang,M25-29,205,Open,United States,27:12,5:54,2:30:25,2:47,1:48:25,4:54:43
1370,3036,Adam Heiner,M50-54,87,Open,United States,30:56,7:10,2:35:05,2:27,1:39:06,4:54:43
1371,2627,Charles Perry,M50-54,88,Open,United States,29:35,10:12,2:31:11,3:01,1:40:45,4:54:44
1372,2289,Marc Laroche,M55-59,42,Open,Canada,36:08,4:26,2:33:53,2:24,1:37:59,4:54:50
1373,2188,Mark Dooley,M60-64,13,Open,United States,31:50,5:43,2:39:54,2:07,1:35:16,4:54:51
1374,996,Jacques Mouton,M35-39,271,Open,United States,32:05,6:06,2:35:39,2:14,1:38:51,4:54:56
1375,3979,Ken Koike,M45-49,126,Open,Japan,25:22,5:06,2:47:19,2:15,1:34:54,4:54:56
1376,1896,Tyler Chuang,M30-34,262,Open,Canada,32:05,6:03,2:35:02,2:27,1:39:23,4:55:00
1377,2391,John Ejnik,M55-59,43,Open,United States,33:03,5:45,2:34:36,2:45,1:38:51,4:55:00
1378,2641,Flavio De Simone,M50-54,89,Open,United States,34:27,5:04,2:46:25,1:41,1:27:27,4:55:04
1379,132,Gwenaël Marchand,M40-44,241,Open,France,34:09,5:10,2:33:32,2:50,1:39:24,4:55:05
1380,1289,Peter Gillett,M35-39,272,Open,New Zealand,38:17,9:10,2:32:28,1:30,1:33:40,4:55:05
1381,272,Tom Mcghie,M40-44,242,Open,United Kingdom,34:59,6:06,2:35:44,2:04,1:36:12,4:55:06
1382,1639,Victor Dupont-Gaudin,M30-34,263,Open,France,28:20,5:46,2:38:40,2:07,1:40:15,4:55:07
1383,2509,Riccardo Fiorentino,M55-59,44,Open,United States,29:22,5:15,2:37:54,2:14,1:40:22,4:55:07
1384,353,Jorge Ascani,M40-44,243,Open,Argentina,32:32,4:18,2:36:59,2:08,1:39:12,4:55:09
1385,820,Joao Vitor Moraes,M35-39,273,Open,Brazil,33:39,5:36,2:38:40,2:18,1:34:57,4:55:10
1386,464,Lothar Birkenfeld,M40-44,244,Open,United States,33:59,7:10,2:30:42,4:01,1:39:18,4:55:10
1387,2020,Luc Dieteren,M60-64,14,Open,Germany,32:17,6:26,2:33:50,3:06,1:39:33,4:55:12
1388,2984,Mat Goddard,M50-54,90,Open,United Kingdom,34:57,5:45,2:36:01,1:51,1:36:45,4:55:18
1389,1845,Bogdan Demeny,M30-34,264,Open,Romania,32:47,5:49,2:29:33,1:56,1:45:15,4:55:20
1390,3724,Elton Verran,M45-49,127,Open,New Zealand,31:48,5:42,2:37:19,2:55,1:37:39,4:55:23
1391,1118,Renaud Lerooy,M35-39,274,Open,France,33:00,5:04,2:33:56,2:39,1:40:44,4:55:24
1392,3915,Felipe Freitas,M45-49,128,Open,Brazil,30:41,6:00,2:33:46,3:01,1:41:56,4:55:25
1393,3938,Josh BARNETT,M45-49,129,Open,New Zealand,29:32,4:49,2:33:57,1:29,1:45:39,4:55:26
1394,944,Kent Langridge,M35-39,275,Open,United Kingdom,26:57,6:16,2:37:10,2:10,1:42:55,4:55:27
1395,1613,Sam Hughes,M30-34,265,Open,Australia,33:42,5:09,2:25:53,1:38,1:49:10,4:55:32
1396,2653,Andreas Miersch,M50-54,91,Open,Germany,37:37,7:45,2:29:10,2:49,1:38:14,4:55:35
1397,1650,Thibault Esmenjaud,M30-34,266,Open,France,29:43,7:06,2:40:35,2:13,1:36:00,4:55:36
1398,1860,Hieronim Czarnecki,M30-34,267,Open,Poland,32:29,4:45,2:35:22,2:14,1:40:48,4:55:38
1399,1551,Vincent Kutscheck,M30-34,268,Open,France,34:15,6:13,2:40:52,2:44,1:31:38,4:55:43
1400,2861,Leonardo Gatti,M50-54,92,Open,Argentina,35:04,8:09,2:20:31,3:31,1:48:33,4:55:48
1401,1247,Andrew Bird,M35-39,276,Open,United States,33:53,6:10,2:37:08,1:54,1:36:43,4:55:49
1402,3382,Christopher Gill,M25-29,206,Open,United States,28:15,5:53,2:27:03,2:17,1:52:22,4:55:50
1403,1006,Afiq Syazwan Mohd Shahru,M35-39,277,Open,Malaysia,35:29,5:44,2:36:18,1:56,1:36:25,4:55:51
1404,3267,Lachie Skinner,M25-29,207,Open,Australia,33:24,6:40,2:32:07,1:49,1:41:51,4:55:51
1405,527,Luke Schofield,M40-44,245,Open,Australia,31:41,5:06,2:36:13,2:34,1:40:19,4:55:53
1406,512,Brad Symons,M40-44,246,Open,Australia,29:24,4:40,2:28:12,1:33,1:52:10,4:55:59
1407,3337,Mariano Rodriguez,M25-29,208,Open,Mexico,33:33,5:23,2:38:49,1:43,1:36:32,4:55:59
1408,3803,Dariusz Epelbaum,M45-49,130,Open,Poland,33:16,4:47,2:33:05,2:19,1:42:32,4:56:00
1409,447,Cesar Pavão,M40-44,247,Open,Brazil,28:18,6:04,2:35:48,2:19,1:43:35,4:56:04
1410,1823,Wojciech Pekrul,M30-34,269,Open,Poland,29:38,5:27,2:34:44,2:28,1:43:48,4:56:05
1411,2264,Luke Williams,M55-59,45,Open,New Zealand,34:49,4:26,2:37:48,2:32,1:36:33,4:56:08
1412,1728,Mathias Slegers,M30-34,270,Open,Belgium,30:15,5:56,2:27:46,3:26,1:48:47,4:56:10
1413,170,Stefan Wicher,M40-44,248,Open,Germany,39:45,4:49,2:33:01,2:01,1:36:35,4:56:11
1414,2717,Emmanuel Darne,M50-54,93,Open,France,33:18,6:45,2:32:39,2:50,1:40:38,4:56:11
1415,839,Benjamin Grolimund,M35-39,278,Open,France,33:16,4:42,2:29:52,2:57,1:45:24,4:56:12
1416,3403,Maximilian Yaport,M18-24,87,Open,United States,31:51,5:47,2:32:12,1:46,1:44:38,4:56:13
1417,3398,Doug Heymann,M18-24,88,Open,United States,25:56,5:27,2:42:37,1:59,1:40:14,4:56:13
1418,3387,Ryan Thompson,M18-24,89,Open,United States,32:39,5:42,2:32:51,2:12,1:42:50,4:56:13
1419,819,Matt Lundy,M35-39,279,Open,United States,33:13,5:38,2:27:31,3:22,1:46:32,4:56:16
1420,4088,Marcin Dziub,M45-49,131,Open,Poland,38:39,6:34,2:36:11,1:59,1:32:54,4:56:17
1421,1724,Fabian Roman,M30-34,271,Open,Puerto Rico,26:27,4:47,2:40:13,2:24,1:42:26,4:56:17
1422,3226,Dylan Gauthier,M25-29,209,Open,United States,32:15,5:19,2:34:29,2:19,1:41:55,4:56:17
1423,2479,Carl Rysdon,M55-59,46,Open,United States,33:12,6:02,2:37:33,2:57,1:36:35,4:56:18
1424,1918,Paulius Fricas,M30-34,272,Open,Lithuania,35:51,6:23,2:35:47,2:30,1:35:48,4:56:20
1425,1720,Jiri Sterba,M30-34,273,Open,Czechia,28:57,5:49,2:43:32,1:52,1:36:11,4:56:21
1426,1286,Lee Suring,M35-39,280,Open,United States,30:05,5:13,2:46:10,1:31,1:33:27,4:56:25
1427,1867,Yi Heng Chew,M30-34,274,Open,Singapore,33:01,5:43,2:39:15,2:33,1:35:52,4:56:25
1428,2789,Bond Martin,M50-54,94,Open,United Kingdom,27:31,6:35,2:35:01,2:08,1:45:10,4:56:25
1429,2274,John Flood,M55-59,47,Open,Australia,31:20,4:56,2:29:30,1:33,1:49:08,4:56:26
1430,1436,Peter Kane,M65-69,2,Open,New Zealand,35:59,5:43,2:29:09,3:42,1:41:54,4:56:27
1431,1933,Tulio Jarocki,M30-34,275,Open,Brazil,34:13,6:15,2:38:37,2:45,1:34:43,4:56:33
1432,2906,Graham Stephenson,M50-54,95,Open,United Kingdom,36:32,4:53,2:29:24,2:49,1:42:56,4:56:34
1433,223,Hayden Corkin,M40-44,249,Open,New Zealand,25:01,4:58,2:32:56,2:11,1:51:30,4:56:36
1434,603,Geoffrey Orland,M40-44,250,Open,United States,27:45,5:57,2:47:29,2:30,1:32:57,4:56:37
1435,2784,Paul Sanderson,M50-54,96,Open,United Kingdom,28:19,9:13,2:33:21,3:51,1:41:55,4:56:40
1436,2255,Kenneth Kirk,M55-59,48,Open,Australia,30:30,5:18,2:34:49,3:08,1:43:01,4:56:45
1437,938,Alex Lepine-bedard,M35-39,281,Open,Canada,34:04,5:16,2:40:39,2:22,1:34:24,4:56:45
1438,2379,Ahmet Gokcek,M55-59,49,Open,United States,32:54,4:35,2:29:01,1:49,1:48:29,4:56:49
1439,639,Anders Eriksen,M40-44,251,Open,Denmark,44:01,6:02,2:35:55,2:52,1:28:00,4:56:50
1440,4087,Hal Snyman,M45-49,132,Open,South Africa,28:27,5:50,2:36:58,2:17,1:43:22,4:56:54
1441,2775,Darren Alchin,M50-54,97,Open,Australia,33:42,5:20,2:39:47,2:06,1:36:01,4:56:57
1442,943,Kevin Pelgrims,M35-39,282,Open,Belgium,34:45,6:24,2:38:52,2:24,1:34:35,4:56:59
1443,1593,Usama Dimaporo,M30-34,276,Open,Philippines,32:36,5:27,2:38:06,1:47,1:39:09,4:57:05
1444,408,Cyril Bedat,M40-44,252,Open,Singapore,30:14,5:18,2:39:29,2:44,1:39:20,4:57:05
1445,2718,Justin Willoughby,M50-54,98,Open,United States,31:53,7:18,2:27:11,3:01,1:47:43,4:57:07
1446,2530,Michael Rudy Horn,M55-59,50,Open,Germany,32:34,4:50,2:34:08,2:26,1:43:10,4:57:07
1447,653,Mark Sim,M40-44,253,Open,United Kingdom,32:19,5:39,2:43:16,2:04,1:33:51,4:57:09
1448,3134,James Lorenzen,M25-29,210,Open,Canada,30:27,4:57,2:36:49,2:14,1:42:43,4:57:09
1449,3603,Damon Clark,M45-49,133,Open,New Zealand,28:57,5:39,2:31:16,2:08,1:49:12,4:57:13
1450,3568,Joaquin Alvarez,M45-49,134,Open,Chile,34:18,6:33,2:33:56,1:45,1:40:41,4:57:14
1451,3779,Joshua Neal,M45-49,135,Open,United States,27:36,5:33,2:47:34,2:11,1:34:21,4:57:15
1452,2891,Keiran Ramsay,M50-54,99,Open,Australia,33:49,7:18,2:24:06,2:49,1:49:14,4:57:17
1453,520,Ignacio Velasco,M40-44,254,Open,Chile,28:55,5:07,2:33:41,2:11,1:47:24,4:57:17
1454,1301,Ryan Lifland,M35-39,283,Open,United States,28:32,6:42,2:41:33,2:33,1:38:01,4:57:22
1455,532,Kriston Nicholson,M40-44,255,Open,Australia,33:46,5:48,2:33:17,2:12,1:42:20,4:57:24
1456,1136,Alex Kadesch,M35-39,284,Open,United States,34:36,6:13,2:26:41,2:01,1:47:54,4:57:24
1457,2736,Christian Lenz-Cesar,M50-54,100,Open,Brazil,28:13,5:27,2:34:19,2:28,1:47:01,4:57:28
1458,4058,Fabio Protasio Oliveira,M45-49,136,Open,Brazil,32:03,4:47,2:42:46,1:55,1:35:57,4:57:28
1459,1722,David Geno,M30-34,277,Open,United States,31:42,6:19,2:30:39,2:00,1:46:49,4:57:29
1460,606,Diego Passos,M40-44,256,Open,Brazil,38:32,5:15,2:38:44,2:58,1:32:02,4:57:30
1461,331,Ilya Nesterov,M40-44,257,Open,United Arab Emirates,31:19,4:12,2:38:16,2:15,1:41:27,4:57:30
1462,2750,Alastair Williams,M50-54,101,Open,United Kingdom,31:43,5:59,2:39:28,2:40,1:37:44,4:57:33
1463,2629,Martin Kleinjan,M50-54,102,Open,Netherlands,34:33,6:18,2:37:46,2:31,1:36:27,4:57:35
1464,2996,Oliver Strim,M50-54,103,Open,Switzerland,27:47,6:53,2:36:24,1:56,1:44:34,4:57:35
1465,2934,Andrew Laurenson,M50-54,104,Open,New Zealand,29:23,5:11,2:34:54,2:03,1:46:05,4:57:36
1466,3378,Elijah BERNARDO-FLORES,M25-29,211,Open,United States,33:39,5:23,2:38:23,2:02,1:38:11,4:57:38
1467,1634,Rafael Ramos,M30-34,278,Open,Brazil,37:24,5:55,2:37:32,2:30,1:34:16,4:57:38
1468,256,Chris Dixon,M40-44,258,Open,Australia,31:56,3:55,2:30:16,1:27,1:50:05,4:57:39
1469,2757,Paul Gardner,M50-54,105,Open,Australia,37:12,5:49,2:28:22,2:24,1:43:53,4:57:39
1470,2846,Mait Miller,M50-54,106,Open,Estonia,31:23,5:27,2:34:28,2:36,1:43:47,4:57:40
1471,1316,Tom Meredith,M35-39,285,Open,Australia,32:24,6:43,2:24:32,2:50,1:51:11,4:57:41
1472,1322,Raphael Duvoisin,M35-39,286,Open,France,33:26,6:26,2:48:26,2:03,1:27:26,4:57:47
1473,130,Lionel Bonifacio,M40-44,259,Open,France,33:51,4:23,2:43:42,1:53,1:34:03,4:57:52
1474,882,Alvaro De La Rosa,M35-39,287,Open,Uruguay,30:00,5:35,2:39:30,3:02,1:39:47,4:57:54
1475,215,Keith Enyart,M40-44,260,Open,United States,31:53,6:49,2:39:32,3:07,1:36:33,4:57:54
1476,2939,Andreas Baudisch,M50-54,107,Open,Germany,33:29,5:55,2:32:40,1:38,1:44:12,4:57:55
1477,2551,Chris Welander,M55-59,51,Open,Australia,29:26,6:21,2:33:11,2:35,1:46:23,4:57:56
1478,3456,Jean Paul Santiago,M18-24,90,Open,Puerto Rico,27:20,5:37,2:33:39,2:27,1:48:53,4:57:56
1479,3306,Louis Fresel,M25-29,212,Open,France,33:49,5:25,2:36:22,2:02,1:40:18,4:57:57
1480,2545,Moi Gonzalez Martinez,M55-59,52,Open,Spain,32:38,5:29,2:34:00,4:07,1:41:43,4:57:57
1481,3876,Lars Hanschke,M45-49,137,Open,Mexico,31:08,5:58,2:38:07,3:24,1:39:20,4:57:58
1482,2330,Jeff Sankoff,M55-59,53,Open,Canada,34:55,4:44,2:36:40,2:07,1:39:35,4:58:02
1483,297,Chris Kennel,M40-44,261,Open,United States,30:45,6:31,2:35:51,2:18,1:42:39,4:58:04
1484,1063,Peter Wiki,M35-39,288,Open,Switzerland,37:21,5:26,2:32:07,1:59,1:41:15,4:58:09
1485,815,Chris Dale,M35-39,289,Open,Australia,27:19,6:50,2:25:54,3:05,1:55:03,4:58:10
1486,2915,Matthew Vaughan,M50-54,108,Open,United States,32:18,5:59,2:34:01,3:57,1:41:55,4:58:10
1487,3775,Christian Fontanive,M45-49,138,Open,Switzerland,37:50,5:38,2:30:15,1:56,1:42:30,4:58:10
1488,1003,Rahmat Idris Manggabarani,M35-39,290,Open,Indonesia,33:52,6:58,2:36:57,2:05,1:38:19,4:58:11
1489,3502,James Fishlock,M18-24,91,Open,United Kingdom,33:50,7:09,2:40:07,4:01,1:33:05,4:58:12
1490,3184,Henrique Rolim,M25-29,213,Open,Brazil,29:07,6:00,2:35:52,2:53,1:44:22,4:58:14
1491,2547,Darren Powell,M55-59,54,Open,Australia,45:53,6:07,2:25:00,3:49,1:37:26,4:58:15
1492,3683,Stewart Fry,M45-49,139,Open,United Kingdom,32:20,5:28,2:34:57,2:11,1:43:22,4:58:17
1493,1887,Bernardo Vazquez Arroyo,M30-34,279,Open,Mexico,31:06,6:12,2:45:01,1:55,1:34:03,4:58:18
1494,1859,Éric Bellerose,M30-34,280,Open,Canada,36:26,6:52,2:32:45,2:30,1:39:47,4:58:19
1495,1124,Tzu Hao Lin,M35-39,291,Open,Taiwan,40:58,6:58,2:33:08,3:09,1:34:06,4:58:20
1496,861,Robert Hughes,M35-39,292,Open,Australia,31:50,5:44,2:38:46,2:35,1:39:26,4:58:20
1497,533,Kevin Siah,M40-44,262,Open,Malaysia,33:11,6:16,2:39:02,2:04,1:37:49,4:58:21
1498,2970,Jonathan Roper,M50-54,109,Open,Australia,29:38,6:05,2:30:48,2:47,1:49:05,4:58:23
1499,3273,Philip Stapmanns,M25-29,214,Open,Germany,26:07,6:25,2:29:38,2:41,1:53:34,4:58:24
1500,1606,Johannes Olind,M30-34,281,Open,United States,30:34,5:48,2:41:50,3:17,1:36:58,4:58:26
1501,1542,Patryk Drespa,M30-34,282,Open,Poland,39:28,5:00,2:31:50,3:04,1:39:06,4:58:27
1502,340,Zbigniew Chrzanowski,M40-44,263,Open,Poland,33:05,4:56,2:30:34,2:41,1:47:17,4:58:32
1503,2568,Darrin Picard,M55-59,55,Open,New Zealand,30:51,5:24,2:37:09,1:40,1:43:31,4:58:35
1504,3810,Etienne Junot,M45-49,140,Open,France,28:43,4:41,2:35:11,2:52,1:47:08,4:58:35
1505,3579,Andrew Reeder,M45-49,141,Open,United States,34:09,8:42,2:30:37,3:26,1:41:44,4:58:39
1506,3193,Elias Wisdom,M25-29,215,Open,United States,32:35,7:16,2:36:06,4:05,1:38:37,4:58:39
1507,1894,Aaron BUGH,M30-34,283,Open,United States,31:38,6:59,2:35:55,3:50,1:40:18,4:58:41
1508,2141,Jerome Guionnet,M60-64,15,Open,France,30:50,6:25,2:38:27,2:42,1:40:18,4:58:42
1509,2242,Pasquale Romano,M55-59,56,Open,United States,35:10,6:11,2:32:02,2:13,1:43:06,4:58:42
1510,1588,Gilberth Arce,M30-34,284,Open,Costa Rica,34:40,6:15,2:40:53,1:58,1:35:03,4:58:49
1511,1666,Miguel Díaz Muñoz,M30-34,285,Open,Spain,29:01,4:48,2:30:10,2:41,1:52:11,4:58:49
1512,304,Todd Rice,M40-44,264,Open,Canada,32:56,5:21,2:44:31,2:08,1:33:53,4:58:49
1513,3251,Bruno Larios Solis,M25-29,216,Open,Mexico,26:12,7:01,2:46:00,2:38,1:36:58,4:58:49
1514,500,João Batista Martins Prata Braga,M40-44,265,Open,Brazil,32:28,7:31,2:43:57,1:45,1:33:08,4:58:49
1515,493,Karl Floimayr,M40-44,266,Open,Austria,37:14,4:39,2:34:53,1:26,1:40:42,4:58:54
1516,2423,Matias Flynn,M55-59,57,Open,Argentina,30:24,5:13,2:28:13,2:28,1:52:37,4:58:54
1517,2340,Dany Bernard,M55-59,58,Open,France,35:28,5:29,2:37:35,2:14,1:38:09,4:58:55
1518,2686,Joost Steltenpool,M50-54,110,Open,Netherlands,29:38,5:07,2:30:38,2:23,1:51:10,4:58:56
1519,411,Adolfo Fernandes Pinheiro,M40-44,267,Open,Brazil,30:31,5:46,2:39:05,3:19,1:40:16,4:58:57
1520,2705,Federico Masin,M50-54,111,Open,Hong Kong,32:10,5:11,2:39:12,2:23,1:40:02,4:58:58
1521,2443,Peter Scherer,M55-59,59,Open,Australia,31:40,7:42,2:37:43,3:04,1:38:50,4:58:59
1522,552,Patrick Draeger,M40-44,268,Open,United States,27:23,6:48,2:32:24,3:19,1:49:09,4:59:02
1523,490,Geoffrey Cuyaubere,M40-44,269,Open,France,29:51,4:36,2:50:32,2:51,1:31:15,4:59:05
1524,1863,Tristan Rene Santos,M30-34,286,Open,Philippines,35:06,5:39,2:35:10,4:10,1:39:00,4:59:05
1525,1875,Piotr Englert,M30-34,287,Open,Poland,29:49,5:52,2:33:06,2:07,1:48:11,4:59:06
1526,890,Andre Gewehr,M35-39,293,Open,Brazil,33:49,6:57,2:39:46,1:47,1:36:51,4:59:09
1527,2232,Mark Blake,M55-59,60,Open,New Zealand,27:50,6:10,2:38:40,2:53,1:43:36,4:59:09
1528,998,Jonas Degenhardt,M35-39,294,Open,Germany,27:57,6:57,2:37:39,3:03,1:43:33,4:59:10
1529,1232,Louis Leconte,M35-39,295,Open,France,33:14,6:04,2:32:58,2:42,1:44:14,4:59:13
1530,1569,Chun Ann Neo,M30-34,288,Open,Singapore,39:06,5:47,2:38:30,1:25,1:34:26,4:59:14
1531,300,Guillaume Lambotte,M40-44,270,Open,France,39:09,5:37,2:29:50,2:36,1:42:02,4:59:14
1532,2766,Marcin Borycki,M50-54,112,Open,Poland,33:43,5:20,2:36:13,2:34,1:41:24,4:59:14
1533,927,Brett Winkelman,M35-39,296,Open,United States,31:28,6:03,2:29:42,2:34,1:49:29,4:59:16
1534,4090,Charly Kmetiuk,M45-49,142,Open,Argentina,31:39,4:37,2:44:50,1:56,1:36:15,4:59:18
1535,1189,Ulwan Dimaporo,M35-39,297,Open,Philippines,35:31,5:50,2:34:50,1:53,1:41:16,4:59:20
1536,1669,Sergio Godoy,M30-34,289,Open,Chile,35:31,5:32,2:45:12,1:48,1:31:19,4:59:21
1537,2435,Lionel Douaud,M55-59,61,Open,France,31:42,5:54,2:35:38,2:22,1:43:47,4:59:22
1538,393,Taago Tulf,M40-44,271,Open,Estonia,29:33,4:38,2:37:57,2:39,1:44:37,4:59:24
1539,173,Jaroslaw Sosnowski,M40-44,272,Open,Poland,26:57,4:29,2:35:10,2:18,1:50:30,4:59:25
1540,344,Bruno Santos De Oliveira,M40-44,273,Open,Brazil,32:34,5:18,2:37:13,2:16,1:42:08,4:59:29
1541,2134,Tim Howley,M60-64,16,Open,Australia,29:27,6:35,2:34:18,2:21,1:46:50,4:59:31
1542,2589,David Wismer,M50-54,113,Open,Canada,32:45,5:00,2:36:18,1:40,1:43:49,4:59:32
1543,203,Neil Sutcliffe,M40-44,274,Open,Australia,32:07,5:59,2:32:35,3:16,1:45:37,4:59:34
1544,3102,Sam Bleyle,M25-29,217,Open,United States,36:50,4:40,2:32:06,2:34,1:43:26,4:59:36
1545,2342,Alexander Whisker,M55-59,62,Open,United Kingdom,28:58,5:32,2:41:48,2:12,1:41:07,4:59:37
1546,1667,Celso Rodrigo Santos Fernandes,M30-34,290,Open,Brazil,34:41,5:09,2:38:39,2:33,1:38:36,4:59:37
1547,3080,Louis Flavell-Birch,M25-29,218,Open,New Zealand,30:42,5:44,2:33:33,2:02,1:47:38,4:59:39
1548,2285,Jim Finlay,M55-59,63,Open,Australia,30:59,6:14,2:34:24,1:53,1:46:11,4:59:41
1549,1656,Mamoun Chati,M30-34,291,Open,France,35:20,5:19,2:40:48,1:41,1:36:34,4:59:42
1550,4077,Quentin Fogarty,M45-49,143,Open,New Zealand,29:23,7:51,2:35:20,2:20,1:44:50,4:59:43
1551,1070,Jacob Snelson,M35-39,298,Open,United States,32:46,7:08,2:39:49,3:40,1:36:26,4:59:48
1552,4067,Martin Treu,M45-49,144,Open,United States,27:57,6:32,2:42:29,2:18,1:40:35,4:59:50
1553,685,Peter Campbell,M40-44,275,Open,New Zealand,26:48,4:16,2:23:50,1:56,2:03:01,4:59:50
1554,3422,Eddie Schultz,M18-24,92,Open,United States,27:57,4:58,2:39:04,2:13,1:45:39,4:59:51
1555,3549,Bastian Meza,M18-24,93,Open,Chile,29:23,5:21,2:30:52,3:14,1:51:04,4:59:54
1556,1861,Willem VAN RUGGE,M30-34,292,Open,Australia,27:29,5:08,2:35:17,2:09,1:49:51,4:59:55
1557,3013,Markus Zuber,M50-54,114,Open,Germany,34:03,6:10,2:37:34,3:00,1:39:10,4:59:57
1558,1073,Josh Doherty,M35-39,299,Open,United Kingdom,28:08,6:07,2:39:45,1:53,1:44:07,4:59:59
1559,3728,Cedric Schramm,M45-49,145,Open,France,32:24,6:07,2:44:27,3:14,1:33:47,4:59:59
1560,1134,Daniel Rodriguez,M35-39,300,Open,Colombia,33:01,6:22,2:39:08,2:35,1:38:54,4:59:59
1561,2935,Agustin Araya,M50-54,115,Open,United States,34:29,6:24,2:40:17,2:29,1:36:21,5:00:00
1562,2682,Jason Rose,M50-54,116,Open,Australia,29:31,6:58,2:33:07,2:57,1:47:27,5:00:01
1563,3040,Luciano Garnica Camargo,M50-54,117,Open,Brazil,32:43,7:00,2:36:50,2:28,1:41:01,5:00:01
1564,165,Stephen Griffin,M40-44,276,Open,United States,31:52,6:02,2:35:55,2:39,1:43:36,5:00:04
1565,3528,Moises Torres,M18-24,94,Open,Mexico,26:22,5:14,2:45:36,2:17,1:40:41,5:00:09
1566,1958,Patrick Schönbächler,M30-34,293,Open,Switzerland,34:31,5:37,2:40:32,2:17,1:37:14,5:00:12
1567,928,Jan Louis Mostert,M35-39,301,Open,Namibia,29:55,5:53,2:39:12,2:50,1:42:29,5:00:18
1568,2377,Eric Lecomte,M55-59,64,Open,France,33:25,5:54,2:40:48,2:15,1:37:59,5:00:21
1569,2597,John McCann,M50-54,118,Open,Australia,27:14,4:49,2:41:37,1:54,1:44:47,5:00:21
1570,3778,Steve Johns,M45-49,146,Open,United States,31:26,6:32,2:38:46,2:26,1:41:11,5:00:21
1571,3820,Marc Person,M45-49,147,Open,Australia,30:40,5:14,2:41:41,3:30,1:39:16,5:00:21
1572,3003,Geoffrey Richards,M50-54,119,Open,Canada,33:40,6:24,2:45:03,1:52,1:33:22,5:00:21
1573,2386,John Renken,M55-59,65,Open,United States,33:16,7:51,2:37:06,2:50,1:39:18,5:00:22
1574,3904,Scotty Yang,M45-49,148,Open,New Zealand,33:35,6:51,2:39:51,1:50,1:38:16,5:00:23
1575,3694,Peter Brozicevich,M45-49,149,Open,Australia,28:45,6:05,2:27:13,2:57,1:55:25,5:00:25
1576,2009,Andreas Dr. Meyer,M60-64,17,Open,Germany,34:53,5:05,2:37:37,2:06,1:40:48,5:00:29
1577,2929,Badis Messadia,M50-54,120,Open,France,32:16,6:00,2:28:31,4:07,1:49:37,5:00:32
1578,3521,Joaquin Diaz,M18-24,95,Open,Peru,25:19,4:14,2:41:00,2:31,1:47:29,5:00:34
1579,2992,Anton Bergs,M50-54,121,Open,New Zealand,32:05,5:51,2:30:26,2:25,1:49:51,5:00:37
1580,1914,Bryan Cookson,M30-34,294,Open,Canada,35:05,6:05,2:37:16,1:45,1:40:32,5:00:43
1581,2521,Franck Escomel,M55-59,66,Open,France,30:16,6:31,2:33:48,4:02,1:46:07,5:00:43
1582,2708,Jean Christophe Glaudel,M50-54,122,Open,Réunion,24:18,5:53,2:28:32,3:18,1:58:44,5:00:45
1583,3692,Gustavo Sanchez,M45-49,150,Open,Argentina,35:53,4:41,2:32:45,2:01,1:45:24,5:00:45
1584,1144,Rhys Stewart,M35-39,302,Open,Australia,30:35,5:09,2:37:50,2:17,1:44:58,5:00:49
1585,2362,Mark Esselink,M55-59,67,Open,New Zealand,35:00,5:31,2:37:24,3:02,1:39:54,5:00:51
1586,3772,Björn Kollmorgen,M45-49,151,Open,Germany,35:34,6:18,2:43:45,1:48,1:33:27,5:00:51
1587,903,FILIPE CAMPOS,M35-39,303,Open,Brazil,35:06,6:54,2:35:10,2:38,1:41:09,5:00:56
1588,2902,Pantelis Sarantis,M50-54,123,Open,Greece,27:36,6:52,2:37:38,2:25,1:46:29,5:01:01
1589,104,Jean-Marie Buchot,MPC/ID,,Open,France,42:16,6:40,2:26:34,4:29,1:41:04,5:01:03
1590,2155,Philip Stoneman,M60-64,18,Open,Australia,33:04,7:48,2:36:28,2:34,1:41:10,5:01:04
1591,3822,Matthew Sommer,M45-49,152,Open,United States,32:33,5:27,2:37:03,1:31,1:44:36,5:01:10
1592,2308,Ramin Shojaei,M55-59,68,Open,Canada,35:00,5:25,2:36:30,2:46,1:41:30,5:01:10
1593,208,Juan Pablo Orendain,M40-44,277,Open,Mexico,33:06,5:53,2:39:06,2:19,1:40:46,5:01:11
1594,2808,Dmitri Tchikatilov,M50-54,124,Open,United States,31:24,5:30,2:37:36,3:01,1:43:44,5:01:15
1595,2567,Alberto Massimi,M55-59,69,Open,Italy,33:40,5:59,2:40:45,2:55,1:37:59,5:01:18
1596,1869,Corentin Texier,M30-34,295,Open,France,29:05,5:59,2:32:39,2:53,1:50:50,5:01:27
1597,3937,Frederic Samson,M45-49,153,Open,Canada,26:10,5:31,2:37:35,3:22,1:48:52,5:01:30
1598,2713,Richard Hall,M50-54,125,Open,Hong Kong,31:10,5:29,2:35:19,3:45,1:45:48,5:01:31
1599,2259,Maxi Thomas,M55-59,70,Open,United Kingdom,29:28,7:12,2:35:05,2:39,1:47:07,5:01:31
1600,613,William Vargas,M40-44,278,Open,United States,35:51,7:49,2:31:00,4:09,1:42:41,5:01:31
1601,570,Sergei Alchebaev,M40-44,279,Open,Kazakhstan,26:53,4:46,2:51:22,2:06,1:36:25,5:01:32
1602,2704,Matt Ellis,M50-54,126,Open,Australia,30:20,5:43,2:41:16,3:01,1:41:13,5:01:33
1603,2621,Gregory Anderson,M50-54,127,Open,Sweden,32:20,6:24,2:39:58,2:40,1:40:16,5:01:38
1604,2115,Dan Contant,M60-64,19,Open,Canada,32:06,5:54,2:39:08,3:06,1:41:25,5:01:39
1605,2304,John Mulcahy,M55-59,71,Open,United States,34:35,6:52,2:31:19,2:53,1:46:06,5:01:45
1606,657,Gustavo Gaspar,M40-44,280,Open,Brazil,29:54,5:34,2:40:31,1:52,1:44:02,5:01:52
1607,317,PAULO RANDAL PIRES JUNIOR,M40-44,281,Open,Brazil,39:40,5:14,2:36:33,2:20,1:38:09,5:01:55
1608,211,Ryan Hoa,M40-44,282,Open,Malaysia,38:56,5:36,2:40:23,2:35,1:34:25,5:01:55
1609,1175,Micah Spruill,M35-39,304,Open,United States,30:37,5:37,2:38:53,2:33,1:44:18,5:02:00
1610,2989,Julian CARSON,M50-54,128,Open,Canada,32:41,8:11,2:40:20,2:49,1:38:01,5:02:02
1611,2666,Chris Wild,M50-54,129,Open,United Kingdom,31:38,5:14,2:32:24,2:25,1:50:21,5:02:03
1612,2260,Bruno Bourdin,M55-59,72,Open,France,34:06,5:43,2:35:29,3:03,1:43:43,5:02:03
1613,2554,José Cau,M55-59,73,Open,France,35:10,4:20,2:36:12,2:10,1:44:11,5:02:04
1614,3989,Guillaume Malevialle,M45-49,154,Open,France,33:29,5:06,2:50:41,1:43,1:31:06,5:02:06
1615,194,Robert Nierzwicki,M40-44,283,Open,United States,33:14,5:44,2:42:36,2:30,1:38:01,5:02:06
1616,2675,Grant Clifton,M50-54,130,Open,New Zealand,31:23,4:49,2:34:49,3:25,1:47:42,5:02:07
1617,2449,Richard Hine,M55-59,74,Open,New Zealand,35:42,5:27,2:42:01,3:04,1:35:53,5:02:07
1618,3455,Leo Donnecke,M18-24,96,Open,Canada,32:43,5:40,2:31:54,2:28,1:49:23,5:02:08
1619,851,Charles-Henri Hydrio,M35-39,305,Open,France,38:25,5:34,2:34:49,2:13,1:41:11,5:02:12
1620,3897,Juan Ignacio Costello Grinberg,M45-49,155,Open,Argentina,33:17,5:43,2:41:33,1:32,1:40:07,5:02:13
1621,1100,Esteban Barría,M35-39,306,Open,Chile,32:27,5:38,2:37:37,4:03,1:42:31,5:02:15
1622,2838,Hans Larsson,M50-54,131,Open,United States,35:24,4:58,2:40:52,2:12,1:38:49,5:02:15
1623,3523,Cyprien Gilbert,M18-24,97,Open,France,33:37,5:31,2:42:52,2:21,1:37:55,5:02:16
1624,2707,Frederic Raynal,M50-54,132,Open,France,31:49,5:45,2:34:10,2:11,1:48:22,5:02:16
1625,2312,Bill Chilvers,M55-59,75,Open,Australia,31:27,6:04,2:37:54,2:34,1:44:19,5:02:18
1626,2884,Philippe Mahaux,M50-54,133,Open,Belgium,34:39,6:17,2:36:12,2:40,1:42:33,5:02:22
1627,261,Angelo Bonacci,M40-44,284,Open,Australia,31:34,5:57,2:37:45,2:47,1:44:22,5:02:25
1628,3142,Jerad Kaskawal,M25-29,219,Open,United States,24:24,6:43,2:31:33,5:35,1:54:13,5:02:28
1629,2715,Mauricio Arcanjo De Oliveira,M50-54,134,Open,Brazil,40:06,6:04,2:42:32,3:02,1:30:48,5:02:31
1630,113,Sébastien Gelard,M40-44,285,Open,France,31:27,6:51,2:38:00,2:17,1:43:56,5:02:32
1631,3793,Kristan King,M45-49,156,Open,Isle of Man,29:34,5:56,2:44:52,3:41,1:38:31,5:02:33
1632,2734,Jens Harvig,M50-54,135,Open,Denmark,37:46,6:37,2:31:56,2:46,1:43:28,5:02:34
1633,827,Bob Wilwert,M35-39,307,Open,Luxembourg,41:59,6:11,2:30:45,2:39,1:41:00,5:02:34
1634,402,Jeffrey Brennecke,M40-44,286,Open,United States,32:54,5:25,2:46:55,1:43,1:35:36,5:02:34
1635,1654,Julien Leroux,M30-34,296,Open,France,34:01,5:17,2:29:37,2:17,1:51:29,5:02:41
1636,3878,Thomas Trotzier,M45-49,157,Open,France,29:44,4:49,2:37:53,1:27,1:48:49,5:02:42
1637,3909,Stephen Kettley,M45-49,158,Open,Australia,34:06,5:45,2:43:35,2:29,1:36:53,5:02:48
1638,401,Sergio Bruno,M40-44,287,Open,United States,34:12,9:36,2:36:25,2:59,1:39:37,5:02:48
1639,917,Kevin Vaughn,M35-39,308,Open,United States,30:53,5:37,2:33:49,1:49,1:50:41,5:02:49
1640,3936,Piotr Lachowicz,M45-49,159,Open,Poland,34:05,6:15,2:42:27,1:53,1:38:11,5:02:52
1641,2667,Jose Loyola,M50-54,136,Open,Mexico,27:54,6:01,2:43:14,2:50,1:42:54,5:02:53
1642,2403,Wayne Ross,M55-59,76,Open,New Zealand,31:11,6:18,2:36:02,1:47,1:47:39,5:02:57
1643,342,John Paul Cruz,M40-44,288,Open,Philippines,31:34,5:13,2:36:03,2:09,1:47:56,5:02:57
1644,2537,Thierry Mignon,M55-59,77,Open,France,36:31,6:35,2:33:06,3:56,1:42:51,5:02:59
1645,465,Jason Bishop,M40-44,289,Open,United States,31:10,5:42,2:41:37,2:04,1:42:26,5:02:59
1646,3127,Chun Hei Ho,M25-29,220,Open,Hong Kong,29:00,7:22,2:35:05,3:15,1:48:19,5:03:01
1647,1079,JOAO GUILHERME MUZETTI DALOIA,M35-39,309,Open,Brazil,29:10,4:52,2:44:25,2:23,1:42:11,5:03:01
1648,608,Mike Stanek,M40-44,290,Open,United States,30:16,6:46,2:40:21,3:58,1:41:42,5:03:02
1649,545,Andrew Maud,M40-44,291,Open,New Zealand,28:28,5:44,2:30:54,2:22,1:55:34,5:03:02
1650,2359,Martin Hibbert,M55-59,78,Open,United Kingdom,33:59,6:48,2:36:31,2:26,1:43:19,5:03:02
1651,3845,Candido Chutorianscy,M45-49,160,Open,Brazil,30:51,6:34,2:42:35,2:41,1:40:23,5:03:04
1652,2626,Geoff Miller,M50-54,137,Open,Australia,28:58,6:13,2:31:42,3:30,1:52:48,5:03:12
1653,3662,Christian Dahl,M45-49,161,Open,Luxembourg,44:51,5:33,2:34:09,2:51,1:35:48,5:03:13
1654,3137,Jose Pablo Perez,M25-29,221,Open,Mexico,29:41,5:55,2:55:59,2:30,1:29:11,5:03:16
1655,3747,Brian Ehrig,M45-49,162,Open,United States,33:23,6:36,2:36:57,2:32,1:43:49,5:03:16
1656,638,Robert Eid,M40-44,292,Open,Australia,32:49,4:21,2:38:20,2:37,1:45:11,5:03:18
1657,2387,Stephen White,M55-59,79,Open,Australia,30:31,5:27,2:31:13,2:01,1:54:09,5:03:21
1658,143,Eytan Cerasi,M40-44,293,Open,Canada,30:38,5:47,2:32:39,2:26,1:51:51,5:03:21
1659,2253,Harald Schrenk,M55-59,80,Open,Austria,32:17,5:07,2:34:59,3:04,1:47:54,5:03:21
1660,2148,Fabrizio Giovannini Filho,M60-64,20,Open,Italy,32:55,6:08,2:40:08,2:40,1:41:32,5:03:22
1661,1970,Adam Richard,M30-34,297,Open,United States,36:46,5:24,2:41:44,1:56,1:37:32,5:03:22
1662,957,Andy Lordianto,M35-39,310,Open,Indonesia,37:44,7:20,2:37:39,2:38,1:38:06,5:03:26
1663,2467,Juan Del Peso Alonso,M55-59,81,Open,Spain,35:24,6:00,2:44:33,2:43,1:34:47,5:03:27
1664,1736,Alberto De Palacio,M30-34,298,Open,Mexico,29:24,4:39,2:44:43,2:51,1:41:50,5:03:28
1665,3074,Fernando Holz,M25-29,222,Open,United States,29:18,6:08,2:48:29,3:10,1:36:24,5:03:30
1666,575,Philipp Kloeber,M40-44,294,Open,Germany,31:32,5:33,2:44:08,3:46,1:38:31,5:03:30
1667,1868,Alejandro Betanzos,M30-34,299,Open,Mexico,29:40,6:25,2:43:03,2:37,1:41:48,5:03:32
1668,133,Marco Lehmann,M40-44,295,Open,Switzerland,34:05,6:12,2:34:17,2:10,1:46:54,5:03:38
1669,2738,Grant Mackay,M50-54,138,Open,New Zealand,31:16,5:44,2:37:21,2:15,1:47:08,5:03:44
1670,1303,Pedro Lopes,M35-39,311,Open,Brazil,31:55,6:48,2:35:09,3:58,1:45:58,5:03:48
1671,2693,Joao Quialheiro,M50-54,139,Open,Brazil,31:06,6:26,2:39:53,4:05,1:42:18,5:03:48
1672,3790,Luciano Dordoni,M45-49,163,Open,Argentina,29:10,4:44,2:46:09,2:37,1:41:13,5:03:53
1673,3771,Joan Pedret,M45-49,164,Open,Spain,31:15,5:04,2:52:07,2:01,1:33:28,5:03:55
1674,3578,Jerome Le Bitter,M45-49,165,Open,France,36:00,5:51,2:34:49,2:19,1:44:57,5:03:57
1675,2292,Sean Snow,M55-59,82,Open,United States,32:13,6:51,2:40:48,3:34,1:40:32,5:03:58
1676,3587,Colin Kiviaho,M45-49,166,Open,Canada,33:23,6:04,2:42:41,2:27,1:39:26,5:04:00
1677,394,Mindaugas Rudys,M40-44,296,Open,Lithuania,37:46,5:36,2:32:16,1:54,1:46:30,5:04:02
1678,2635,Frederic Fernandez,M50-54,140,Open,France,32:37,6:09,2:45:46,2:14,1:37:20,5:04:05
1679,573,Adam Brock,M40-44,297,Open,United States,31:31,6:35,2:44:05,1:57,1:39:58,5:04:06
1680,2068,Scott WILLIAMS,M60-64,21,Open,New Zealand,31:50,6:10,2:40:23,2:53,1:42:51,5:04:07
1681,3634,Jeff Monson,M45-49,167,Open,United States,31:24,7:43,2:32:20,5:01,1:47:40,5:04:07
1682,1294,Bennett Brown,M35-39,312,Open,Canada,29:59,6:40,2:36:49,4:17,1:46:24,5:04:09
1683,2385,Beno Krasovec,M55-59,83,Open,Slovenia,33:10,6:35,2:36:16,1:58,1:46:12,5:04:11
1684,4016,Jeff Dolan,M45-49,168,Open,United States,35:06,6:27,2:35:06,2:50,1:44:43,5:04:12
1685,2490,Muneyoshi Sugiyama,M55-59,84,Open,Japan,33:56,6:31,2:45:09,2:53,1:35:44,5:04:13
1686,2313,Kai Kohler,M55-59,85,Open,South Africa,33:22,5:24,2:45:09,2:32,1:37:52,5:04:18
1687,1971,Matthew Ponder,M30-34,300,Open,United States,29:14,6:50,2:33:48,2:59,1:51:27,5:04:19
1688,2737,Michael Evans,M50-54,141,Open,United States,36:48,6:56,2:35:38,3:15,1:41:42,5:04:19
1689,2727,Jerome Decaris,M50-54,142,Open,France,31:17,4:44,2:38:06,2:27,1:47:47,5:04:21
1690,1608,Federico Aradillas,M30-34,301,Open,Mexico,37:26,4:56,2:38:19,3:29,1:40:12,5:04:22
1691,2062,Mark Burke,M60-64,22,Open,New Zealand,31:42,5:37,2:29:09,2:34,1:55:22,5:04:24
1692,2967,Travis Hackney,M50-54,143,Open,United States,31:20,6:36,2:40:00,3:24,1:43:05,5:04:25
1693,1526,Sam Smith,M30-34,302,Open,United Kingdom,32:10,5:19,2:34:00,3:22,1:49:39,5:04:29
1694,2947,Oliver Peters,M50-54,144,Open,Germany,30:51,4:57,2:36:36,3:36,1:48:32,5:04:31
1695,687,Vicente Martins Prata Braga,M40-44,298,Open,Brazil,38:03,6:11,2:45:34,1:55,1:32:53,5:04:35
1696,407,Rob Windus,M40-44,299,Open,United Kingdom,32:46,5:50,2:34:12,3:00,1:48:53,5:04:41
1697,322,Andrew Mccarthy,M40-44,300,Open,New Zealand,36:54,5:44,2:39:03,2:24,1:40:37,5:04:42
1698,287,Stan Chow,M40-44,301,Open,Japan,33:27,6:58,2:43:11,2:41,1:38:26,5:04:43
1699,2044,Phil Lynch,M60-64,23,Open,Australia,34:47,6:17,2:32:22,2:24,1:48:54,5:04:44
1700,2373,Dominique Ancelin,M55-59,86,Open,France,29:19,5:29,2:37:18,4:50,1:47:49,5:04:45
1701,1011,Felipe Tortoreto,M35-39,313,Open,Brazil,42:36,5:26,2:33:53,3:35,1:39:17,5:04:47
1702,513,zach clark,M40-44,302,Open,Australia,31:18,6:09,2:28:54,3:16,1:55:14,5:04:50
1703,1279,Romain Perrois,M35-39,314,Open,France,35:24,6:48,2:45:40,2:30,1:34:30,5:04:52
1704,1509,Andres Eljuri,M30-34,303,Open,Ecuador,37:14,6:43,2:36:21,2:31,1:42:04,5:04:53
1705,2763,Dorian Nicholson,M50-54,145,Open,Australia,30:29,5:08,2:41:51,3:58,1:43:30,5:04:55
1706,674,Jaime Casco,M40-44,303,Open,Ecuador,39:09,6:09,2:45:22,2:12,1:32:04,5:04:55
1707,1095,Jesus Zepeda,M35-39,315,Open,United States,42:03,7:23,2:35:56,3:59,1:35:37,5:04:59
1708,671,Rodolfo Astorga,M40-44,304,Open,Chile,40:27,5:14,2:41:18,3:07,1:34:55,5:05:00
1709,3000,Claudio Quintarelli,M50-54,146,Open,Italy,46:05,6:30,2:37:48,2:30,1:32:07,5:05:01
1710,3379,Fletcher Kelleher,M25-29,223,Open,New Zealand,28:13,5:25,2:34:21,1:43,1:55:23,5:05:05
1711,3324,Jordan McNeal,M25-29,224,Open,United States,35:19,6:59,2:36:50,2:13,1:43:46,5:05:07
1712,2036,Dan Falke,M60-64,24,Open,United States,33:29,6:10,2:36:06,2:37,1:46:49,5:05:12
1713,3145,Mohammad Maruhom,M25-29,225,Open,Philippines,30:45,6:00,2:40:25,2:55,1:45:09,5:05:14
1714,2033,Rob Chance,M60-64,25,Open,United States,27:41,6:32,2:41:22,2:33,1:47:05,5:05:14
1715,3353,Benjamin Hull,M25-29,226,Open,New Zealand,31:22,8:09,2:37:12,1:53,1:46:40,5:05:15
1716,2483,Tony Clarke,M55-59,87,Open,United Kingdom,31:03,6:14,2:41:22,2:53,1:43:46,5:05:18
1717,3648,Randall Lomax,M45-49,169,Open,United States,32:25,5:43,2:32:20,2:22,1:52:28,5:05:18
1718,3272,Aidan Cowles,M25-29,227,Open,United States,32:28,7:14,2:41:06,4:03,1:40:27,5:05:18
1719,1979,Gabriel Rodriguez,M30-34,304,Open,United States,29:25,6:34,2:34:47,2:55,1:51:39,5:05:19
1720,2674,Pascal Lallemand,M50-54,147,Open,France,36:25,5:45,2:46:03,2:02,1:35:06,5:05:20
1721,3725,Andres Trautmann,M45-49,170,Open,Chile,29:57,5:04,2:45:53,1:59,1:42:28,5:05:21
1722,1524,Blair Mills,M30-34,305,Open,New Zealand,28:52,4:58,2:39:16,1:59,1:50:17,5:05:22
1723,3462,Charles Vaughn,M18-24,98,Open,United States,30:38,6:04,2:40:38,2:55,1:45:08,5:05:23
1724,3766,DANIEL BAENA,M45-49,171,Open,Brazil,28:05,5:28,2:38:27,2:02,1:51:24,5:05:26
1725,1164,Jaanus Põder,M35-39,316,Open,Estonia,39:06,4:20,2:29:03,1:36,1:51:25,5:05:29
1726,2471,Manuel Lopes,M55-59,88,Open,France,36:51,5:08,2:40:20,3:07,1:40:02,5:05:29
1727,2700,Enrique Sanchez,M50-54,148,Open,Mexico,31:00,7:04,2:43:59,2:21,1:41:05,5:05:30
1728,1484,Mohammad Shamsuzzaman,M30-34,306,Open,Bangladesh,32:50,7:20,2:42:45,2:39,1:39:57,5:05:30
1729,2688,Gabe Rabess,M50-54,149,Open,Cayman Islands,33:35,5:50,2:39:08,2:00,1:44:58,5:05:31
1730,2284,Dean Ratcliffe,M55-59,89,Open,United Kingdom,29:02,5:58,2:33:58,2:14,1:54:20,5:05:32
1731,2499,Sam Sakai,M55-59,90,Open,Japan,33:58,6:22,2:35:56,3:07,1:46:11,5:05:34
1732,2002,Peter Grilc,M60-64,26,Open,Slovenia,33:27,5:27,2:37:54,3:00,1:45:48,5:05:35
1733,667,Roscoe Friend,M40-44,305,Open,South Africa,31:22,6:11,2:27:33,2:54,1:57:36,5:05:37
1734,546,Travis Wagner,M40-44,306,Open,United States,30:59,6:56,2:43:10,2:47,1:41:46,5:05:38
1735,3627,Sebastian Zamperoni,M45-49,172,Open,Argentina,29:21,5:02,2:41:45,2:38,1:46:54,5:05:39
1736,373,Ardy Azadgan,M40-44,307,Open,United States,32:41,6:21,2:44:43,3:03,1:38:52,5:05:40
1737,2841,Laurent Croise,M50-54,150,Open,France,31:45,5:34,2:35:10,3:22,1:49:49,5:05:40
1738,3496,Haitham Abbassi,M18-24,99,Open,Qatar,36:43,8:44,2:41:01,2:46,1:36:28,5:05:41
1739,2622,Eugene Mccarthy,M50-54,151,Open,Ireland,33:38,5:55,2:44:22,2:10,1:39:38,5:05:42
1740,1921,Derrick Rufer,M30-34,307,Open,United States,28:39,4:47,2:43:46,2:37,1:45:53,5:05:43
1741,2772,Marcos Carlesse,M50-54,152,Open,Brazil,42:14,6:04,2:37:59,3:00,1:36:31,5:05:48
1742,2711,Derek Liou,M50-54,153,Open,United States,31:32,6:26,2:42:35,3:32,1:41:44,5:05:48
1743,3026,Gustavo Daniel Ibarra,M50-54,154,Open,Argentina,30:07,5:06,2:44:40,2:33,1:43:26,5:05:52
1744,1103,Ben Woolcock,M35-39,317,Open,New Zealand,30:30,5:38,2:53:27,2:13,1:34:06,5:05:55
1745,3980,Darwin Tindugan,M45-49,173,Open,Philippines,34:05,5:01,2:40:34,2:12,1:44:07,5:05:58
1746,2505,David Mattson,M55-59,91,Open,New Zealand,30:40,6:05,2:41:24,2:43,1:45:07,5:06:00
1747,1820,Cordell Lloyd,M30-34,308,Open,Canada,35:30,6:10,2:42:16,2:39,1:39:25,5:06:00
1748,157,Adrian Ooi,M40-44,308,Open,Singapore,34:21,6:05,2:42:45,2:43,1:40:09,5:06:02
1749,2137,Henk Van Laar,M60-64,27,Open,Netherlands,34:16,5:40,2:38:14,3:01,1:44:51,5:06:02
1750,3736,Ben Boyd,M45-49,174,Open,Australia,27:02,6:27,2:37:43,3:25,1:51:26,5:06:04
1751,3758,Scott Wardale,M45-49,175,Open,Australia,31:45,6:07,2:43:33,2:45,1:41:58,5:06:08
1752,2335,Syl Laur,M55-59,92,Open,France,33:12,6:12,2:37:09,2:51,1:46:50,5:06:14
1753,2404,Glenn Torepe,M55-59,93,Open,New Zealand,27:45,6:04,2:38:21,2:40,1:51:27,5:06:17
1754,3642,Mike Bunton,M45-49,176,Open,New Zealand,31:42,5:07,2:36:19,2:04,1:51:06,5:06:18
1755,1904,João Eduardo Lemos Dalmolin,M30-34,309,Open,Brazil,31:01,5:44,2:44:17,3:15,1:42:01,5:06:18
1756,2645,Juergen Gamweger,M50-54,155,Open,Austria,32:50,5:15,2:38:55,3:12,1:46:08,5:06:20
1757,1670,Mirko Zenga,M30-34,310,Open,Italy,32:58,6:07,2:50:06,2:09,1:35:01,5:06:21
1758,326,Robert Batdorf,M40-44,309,Open,United States,36:52,6:24,2:37:19,3:15,1:42:31,5:06:21
1759,3805,Cezar Sandu,M45-49,177,Open,United States,33:19,5:35,2:40:29,2:39,1:44:22,5:06:24
1760,4051,Jeff DAVIS,M45-49,178,Open,Australia,30:22,5:58,2:37:42,2:45,1:49:41,5:06:28
1761,3622,Benjamin Larsson,M45-49,179,Open,Australia,30:54,7:14,2:43:08,2:10,1:43:02,5:06:28
1762,492,Daniel Rojas,M40-44,310,Open,Ecuador,33:04,6:26,2:36:58,4:12,1:45:48,5:06:28
1763,3562,Shane Vetter,M45-49,180,Open,United States,34:05,7:10,2:52:11,3:32,1:29:31,5:06:28
1764,3997,Eduardo Hassan,M45-49,181,Open,Brazil,31:59,4:58,2:38:37,3:07,1:47:48,5:06:30
1765,350,Ovidio Villatoro,M40-44,311,Open,El Salvador,35:33,7:23,2:45:25,2:43,1:35:27,5:06:32
1766,2828,Jonathan Karpelowsky,M50-54,156,Open,Australia,30:32,5:48,2:46:26,2:00,1:41:48,5:06:34
1767,1584,Chris Schultz,M30-34,311,Open,United States,33:18,6:18,2:36:47,2:08,1:48:04,5:06:34
1768,140,Russell Wright,M40-44,312,Open,United Kingdom,37:56,6:34,2:29:15,2:34,1:50:15,5:06:35
1769,273,James Wahl,M40-44,313,Open,United States,37:18,7:24,2:40:17,3:35,1:38:05,5:06:40
1770,2329,Kobie Pruis,M55-59,94,Open,South Africa,31:50,5:51,2:39:03,2:09,1:47:47,5:06:40
1771,1840,Michael Pavlak,M30-34,312,Open,United States,26:54,5:58,2:42:56,3:21,1:47:34,5:06:43
1772,2055,Steffen Schaar,M60-64,28,Open,Germany,27:40,6:05,2:38:41,3:36,1:50:42,5:06:43
1773,2606,Anders Jönzon,M50-54,157,Open,Sweden,32:33,5:11,2:34:41,1:52,1:52:28,5:06:44
1774,413,Dmitry Klochkov,M40-44,314,Open,United Kingdom,35:35,6:10,2:34:40,2:52,1:47:27,5:06:45
1775,2231,David Patchin,M55-59,95,Open,United States,30:17,6:56,2:45:47,2:38,1:41:06,5:06:45
1776,228,Mike Wright,M40-44,315,Open,New Zealand,30:03,6:07,2:36:21,2:09,1:52:06,5:06:46
1777,591,Roy Delgado,M40-44,316,Open,Costa Rica,38:31,7:04,2:40:18,3:55,1:36:59,5:06:46
1778,2742,Mario Van Gasse,M50-54,158,Open,Belgium,35:34,7:18,2:39:26,3:24,1:41:05,5:06:47
1779,3817,David Helms,M45-49,182,Open,United States,28:19,5:52,2:20:47,2:33,2:09:19,5:06:50
1780,2746,John Redondo,M50-54,159,Open,Australia,32:20,5:54,2:35:23,2:27,1:50:48,5:06:51
1781,2031,Martyn Reesby,M60-64,29,Open,New Zealand,29:23,5:36,2:38:16,1:43,1:51:55,5:06:53
1782,2316,Tomas Latorre Rubio,M55-59,96,Open,Spain,33:21,5:59,2:41:13,2:35,1:43:44,5:06:53
1783,3257,Michael Nicolson,M25-29,228,Open,United States,33:14,6:34,2:42:32,2:20,1:42:16,5:06:55
1784,2944,Nilton César Leite,M50-54,160,Open,Brazil,35:39,5:25,2:42:02,2:50,1:41:01,5:06:57
1785,3742,Brian Nielsen,M45-49,183,Open,Sweden,38:33,6:02,2:33:04,2:29,1:46:52,5:07:00
1786,3809,Thierry Billet,M45-49,184,Open,France,36:32,6:01,2:47:09,2:08,1:35:10,5:07:00
1787,2369,Panos Kakoullis,M55-59,97,Open,United Kingdom,35:08,7:37,2:36:36,2:47,1:44:56,5:07:04
1788,2654,Romain Baloffier,M50-54,161,Open,France,28:48,4:29,2:29:45,1:49,2:02:14,5:07:05
1789,4063,Tomasz Mika,M45-49,185,Open,Poland,35:33,5:06,2:41:42,2:23,1:42:23,5:07:07
1790,3895,Jefferson Mc Carthy,M45-49,186,Open,Ireland,31:18,6:39,2:43:56,3:27,1:41:48,5:07:09
1791,3691,Matt Brook,M45-49,187,Open,New Zealand,29:06,4:51,2:48:13,2:25,1:42:35,5:07:10
1792,2751,Ilia Loubenski,M50-54,162,Open,United Kingdom,35:12,6:33,2:43:28,2:39,1:39:19,5:07:11
1793,4027,Andrew Morrison,M45-49,188,Open,Australia,30:21,4:46,2:36:06,2:40,1:53:21,5:07:14
1794,4002,Steven Bouwens,M45-49,189,Open,Belgium,32:38,7:02,2:39:29,2:03,1:46:04,5:07:16
1795,3173,Jordi Arrieta,M25-29,229,Open,Mexico,35:56,4:29,2:31:49,2:10,1:52:53,5:07:17
1796,3967,Jeff Lam,M45-49,190,Open,United States,39:59,6:12,2:35:54,3:06,1:42:11,5:07:22
1797,525,Francis Theriault,M40-44,317,Open,Canada,32:23,6:06,2:40:18,3:35,1:45:00,5:07:22
1798,2202,Terence Withers,M60-64,30,Open,Australia,30:44,5:35,2:34:11,2:46,1:54:09,5:07:25
1799,600,Jason Gambill,M40-44,318,Open,United States,33:44,7:48,2:32:14,3:23,1:50:16,5:07:25
1800,2372,William Owsley,M55-59,98,Open,United States,30:10,6:47,2:33:56,2:49,1:53:49,5:07:30
1801,2415,Mathew Stephenson,M55-59,99,Open,United Kingdom,29:32,4:41,2:41:33,3:22,1:48:24,5:07:31
1802,2298,Colin Smith,M55-59,100,Open,Australia,29:58,5:00,2:41:53,2:51,1:47:51,5:07:33
1803,3755,Sebastian Müller,M45-49,191,Open,Germany,33:17,5:46,2:40:55,1:58,1:45:41,5:07:37
1804,2585,Luca Bronzo,M50-54,163,Open,Italy,33:21,5:59,2:37:59,2:36,1:47:45,5:07:39
1805,2917,Radoslaw Bedynski,M50-54,164,Open,Poland,37:23,5:51,2:32:56,2:31,1:48:58,5:07:39
1806,258,Boni Rietveld,M40-44,319,Open,Netherlands,35:00,6:09,2:36:27,3:28,1:46:36,5:07:40
1807,2594,Thomas Knudsen,M50-54,165,Open,Denmark,26:43,5:46,2:47:56,3:57,1:43:20,5:07:42
1808,2735,Arnaud Perrier,M50-54,166,Open,United States,36:47,7:44,2:39:03,3:11,1:41:01,5:07:45
1809,1574,William Denis,M30-34,313,Open,Canada,33:32,6:16,2:37:57,4:23,1:45:39,5:07:46
1810,3565,Peter Durand,M45-49,192,Open,Australia,28:36,5:23,2:44:38,4:09,1:45:07,5:07:52
1811,166,James Courtney,M40-44,320,Open,Australia,36:54,5:59,2:46:50,2:54,1:35:18,5:07:55
1812,2955,Rodrigo Cordovero,M50-54,167,Open,Chile,34:06,6:10,2:38:29,2:03,1:47:08,5:07:57
1813,1268,Ethan Upton,M35-39,318,Open,United States,31:53,6:21,2:36:36,3:07,1:50:03,5:07:59
1814,3174,Connor Niedbala,M25-29,230,Open,Canada,33:22,4:47,2:42:26,2:08,1:45:16,5:07:59
1815,3746,GUILHERME CARVALHO,M45-49,193,Open,Brazil,32:21,11:57,2:36:25,2:54,1:44:23,5:08:00
1816,999,Manuel Coy,M35-39,319,Open,Colombia,39:12,6:22,2:49:19,1:56,1:31:12,5:08:01
1817,2334,Stephen Page,M55-59,101,Open,United Kingdom,39:35,5:08,2:42:08,2:38,1:38:32,5:08:01
1818,2408,Rico Richter,M55-59,102,Open,Germany,36:34,4:50,2:26:40,2:11,1:57:48,5:08:02
1819,2528,Kerri Brass,M55-59,103,Open,Canada,31:31,6:53,2:31:27,2:38,1:55:37,5:08:05
1820,195,Yannick Lenglet,M40-44,321,Open,France,31:51,6:20,2:43:42,2:45,1:43:31,5:08:09
1821,3560,Brian Wallace,M45-49,194,Open,United Kingdom,30:14,6:58,2:46:53,2:44,1:41:22,5:08:10
1822,2690,Brett Amos,M50-54,168,Open,Australia,31:08,6:01,2:33:51,3:28,1:53:44,5:08:12
1823,2195,Peter York,M60-64,31,Open,United States,30:06,5:55,2:38:00,2:25,1:51:46,5:08:13
1824,1706,Anton Razumovskyi,M30-34,314,Open,Ukraine,33:57,7:54,2:39:55,4:06,1:42:20,5:08:13
1825,3231,Joaquin Acevedo,M25-29,231,Open,Mexico,38:44,7:42,2:42:44,2:30,1:36:34,5:08:13
1826,2177,Mark Matthews,M60-64,32,Open,Australia,31:36,6:28,2:32:41,2:10,1:55:18,5:08:14
1827,1854,Christopher Brook,M30-34,315,Open,United Kingdom,26:21,6:15,2:47:28,1:57,1:46:18,5:08:20
1828,3796,Johan Vanhoovels,M45-49,195,Open,New Zealand,41:01,5:57,2:36:51,2:52,1:41:43,5:08:24
1829,607,Artur Mikolajewski,M40-44,322,Open,Poland,31:03,6:10,2:38:54,2:30,1:49:46,5:08:24
1830,3697,Chad Hanson,M45-49,196,Open,United States,34:56,6:04,2:41:57,2:01,1:43:29,5:08:28
1831,3441,Caleb Dickson,M18-24,100,Open,United States,30:06,6:07,2:42:43,3:03,1:46:30,5:08:29
1832,460,Bastien Galibert,M40-44,323,Open,France,32:29,6:11,2:36:14,2:03,1:51:33,5:08:29
1833,495,Rudy Arn,M40-44,324,Open,United States,36:39,6:10,2:33:55,3:21,1:48:26,5:08:32
1834,1953,Benjamin Cardinal-Houde,M30-34,316,Open,Canada,37:48,6:14,2:43:44,2:15,1:38:31,5:08:33
1835,205,Aldrick Garcia Mayans,M40-44,325,Open,France,45:14,6:13,2:38:07,2:41,1:36:20,5:08:35
1836,1091,Joshua Belsher,M35-39,320,Open,United Kingdom,36:12,5:28,2:46:18,1:44,1:38:54,5:08:37
1837,443,Stephan Lengfelder,M40-44,326,Open,Germany,37:45,6:14,2:45:21,3:51,1:35:28,5:08:38
1838,2460,Jason Hiebert,M55-59,104,Open,Canada,32:42,6:00,2:37:45,2:35,1:49:37,5:08:39
1839,1305,Alonso Vega,M35-39,321,Open,Chile,31:06,4:16,2:48:25,2:04,1:42:54,5:08:45
1840,2900,Sebastien Petit,M50-54,169,Open,French Polynesia,32:25,5:48,2:43:48,2:28,1:44:19,5:08:48
1841,1589,Miraj Makin,M30-34,317,Open,United Kingdom,31:58,8:08,2:29:37,4:53,1:54:16,5:08:52
1842,2143,Wayne Mac Farlane,M60-64,33,Open,South Africa,32:15,5:11,2:45:07,2:16,1:44:03,5:08:53
1843,2881,Ryan Mummert,M50-54,170,Open,United States,30:34,5:09,2:37:35,2:07,1:53:28,5:08:53
1844,2417,Tim Barnstable,M55-59,105,Open,Australia,34:58,6:55,2:36:57,2:30,1:47:35,5:08:56
1845,219,Chris Williams,M40-44,327,Open,United States,34:02,6:10,2:44:28,1:59,1:42:16,5:08:56
1846,2868,Pascal Chenaux,M50-54,171,Open,Switzerland,30:44,5:58,2:37:16,3:51,1:51:06,5:08:56
1847,3582,Laurent Fargeton,M45-49,197,Open,France,31:58,5:17,2:37:44,3:09,1:50:49,5:08:56
1848,442,Grégoire Leloup,M40-44,328,Open,France,36:08,4:41,2:37:40,2:49,1:47:41,5:08:59
1849,2328,Holger Nalbach,M55-59,106,Open,Germany,32:20,6:24,2:43:44,2:44,1:43:46,5:08:59
1850,347,Marcin Pisarski,M40-44,329,Open,Poland,34:18,4:48,2:38:40,1:53,1:49:22,5:09:01
1851,1218,Francisco Xavier,M35-39,322,Open,Mexico,34:40,6:24,2:42:01,3:22,1:42:36,5:09:03
1852,2905,Jeff Pruis,M50-54,172,Open,Australia,32:09,5:51,2:45:28,2:24,1:43:10,5:09:03
1853,3022,Aleksandr Lazarev,M50-54,173,Open,Uzbekistan,32:43,5:41,2:45:41,3:22,1:41:37,5:09:04
1854,2677,Dushan Veljovic,M50-54,174,Open,Canada,32:41,7:50,2:37:46,3:11,1:47:37,5:09:05
1855,1009,Ken Frei,M35-39,323,Open,United States,38:53,6:33,2:36:36,2:25,1:44:46,5:09:14
1856,636,Thierry Challand,M40-44,330,Open,France,37:50,6:47,2:42:26,2:26,1:39:45,5:09:14
1857,3203,Ran Levi,M25-29,232,Open,Israel,32:20,6:59,2:50:48,1:37,1:37:37,5:09:21
1858,3083,Corentin Paillard,M25-29,233,Open,France,30:56,4:46,2:38:40,1:45,1:53:14,5:09:21
1859,3774,DANIEL LEVY,M45-49,198,Open,Brazil,32:53,5:51,2:37:40,3:13,1:49:46,5:09:23
1860,3679,Ming Chi Tsai,M45-49,199,Open,Taiwan,35:01,6:18,2:45:38,2:54,1:39:33,5:09:24
1861,171,Jay Kennedy,M40-44,331,Open,Australia,35:17,5:38,2:48:41,3:05,1:36:44,5:09:25
1862,1399,Mark Knaeps,M65-69,3,Open,Belgium,33:10,6:29,2:43:02,2:54,1:43:50,5:09:26
1863,2963,Alexej Pokorny,M50-54,175,Open,Austria,34:50,6:45,2:41:06,3:30,1:43:15,5:09:27
1864,2829,Junior Tremblay,M50-54,176,Open,Canada,37:25,6:33,2:32:14,3:52,1:49:26,5:09:29
1865,2400,Fabien Belloni,M55-59,107,Open,France,38:32,6:23,2:44:33,2:45,1:37:16,5:09:30
1866,2663,Colin Gregory,M50-54,177,Open,United Kingdom,36:32,5:03,2:37:49,1:43,1:48:23,5:09:30
1867,2733,Miguel Tovar,M50-54,178,Open,Venezuela,38:43,6:38,2:37:53,3:50,1:42:27,5:09:31
1868,1780,Jake Cohen,M30-34,318,Open,United States,28:00,5:41,2:38:17,2:16,1:55:17,5:09:31
1869,2497,Rolf Bender,M55-59,108,Open,Switzerland,33:52,6:46,2:43:57,1:53,1:43:06,5:09:34
1870,3677,Chris Powell,M45-49,200,Open,United Kingdom,32:39,6:18,2:42:10,3:47,1:44:41,5:09:35
1871,1912,Sebastian Torres Yepes,M30-34,319,Open,Colombia,33:17,6:16,2:38:38,2:44,1:48:41,5:09:36
1872,3818,Andy Williams,M45-49,201,Open,United Kingdom,30:13,5:57,2:44:45,1:45,1:46:58,5:09:38
1873,2368,Shaun Endsley,M55-59,109,Open,United States,34:19,6:15,2:35:12,2:53,1:50:58,5:09:38
1874,2827,Chris Recchia,M50-54,179,Open,United Kingdom,41:51,6:18,2:34:01,3:25,1:44:06,5:09:41
1875,1077,Greg Hartshorne,M35-39,324,Open,United States,33:10,9:09,2:39:02,4:10,1:44:14,5:09:44
1876,2706,Chris Douville,M50-54,180,Open,United States,32:32,6:58,2:33:01,6:01,1:51:13,5:09:45
1877,3760,David Homsi,M45-49,202,Open,Brazil,35:08,7:49,2:27:40,2:40,1:56:29,5:09:46
1878,2080,Klaus Findt,M60-64,34,Open,Germany,35:35,5:27,2:32:10,1:55,1:54:40,5:09:48
1879,357,Fabio Fachin,M40-44,332,Open,Italy,34:26,6:21,2:37:47,3:32,1:47:44,5:09:50
1880,2478,Hiroyuki Fujimaki,M55-59,110,Open,Japan,36:13,5:38,2:44:25,2:01,1:41:34,5:09:51
1881,946,Sean Howard,M35-39,325,Open,United States,31:47,8:13,2:39:06,4:05,1:46:40,5:09:52
1882,2759,Toby Miller,M50-54,181,Open,United States,32:32,6:11,2:33:49,2:41,1:54:39,5:09:53
1883,1170,Franck Mulet,M35-39,326,Open,France,28:45,4:39,2:42:09,2:08,1:52:12,5:09:53
1884,2406,Ingo Schultz,M55-59,111,Open,Germany,34:07,5:54,2:45:03,2:24,1:42:27,5:09:55
1885,1075,Frederic Aubry,M35-39,327,Open,Canada,32:38,6:28,2:31:49,3:37,1:55:25,5:09:56
1886,418,Sean Wong,M40-44,333,Open,Singapore,38:11,6:58,2:43:05,3:18,1:38:24,5:09:57
1887,655,Reza Darvishzeidabadi,M40-44,334,Open,Iran,42:41,5:59,2:30:31,2:02,1:48:46,5:10:00
1888,2046,Thomas Geiger,M60-64,35,Open,Germany,32:30,5:37,2:39:38,2:38,1:49:41,5:10:03
1889,2367,Simon Gould,M55-59,112,Open,Australia,32:55,6:03,2:37:01,2:11,1:51:52,5:10:03
1890,2563,Shaun Paddison,M55-59,113,Open,United Kingdom,35:43,5:17,2:33:11,2:19,1:53:37,5:10:06
1891,158,Andrea Pucci,M40-44,335,Open,Italy,31:43,5:24,2:42:53,2:35,1:47:32,5:10:06
1892,3733,Jeremy Skinner,M45-49,203,Open,United States,32:51,5:25,2:43:58,2:30,1:45:24,5:10:07
1893,3215,Aidan Clark,M25-29,234,Open,Australia,28:40,4:52,2:39:15,1:31,1:55:51,5:10:08
1894,2723,Thomas Andresen,M50-54,182,Open,Norway,30:59,6:00,2:39:37,2:54,1:50:40,5:10:09
1895,3592,Pawel Markowski,M45-49,204,Open,Poland,30:09,7:23,2:41:02,2:49,1:48:46,5:10:09
1896,2511,Rudolf Židek,M55-59,114,Open,Slovakia,40:55,5:38,2:36:22,2:54,1:44:22,5:10:12
1897,2277,Tom Scanlon,M55-59,115,Open,United States,36:24,6:03,2:37:27,2:24,1:47:54,5:10:12
1898,2577,Brian Massey,M50-54,183,Open,United States,28:54,6:23,2:40:34,3:50,1:50:35,5:10:15
1899,3025,Henrik Franklin,M50-54,184,Open,Sweden,35:52,5:24,2:46:51,2:31,1:39:38,5:10:16
1900,1692,Kevin Vangehr,M30-34,320,Open,Switzerland,38:24,6:13,2:38:35,1:56,1:45:09,5:10:17
1901,2540,Daniel Beloso,M55-59,116,Open,Spain,39:23,5:44,2:30:06,4:01,1:51:05,5:10:20
1902,2958,Russell Van Der Water,M50-54,185,Open,Australia,34:21,6:20,2:39:41,2:39,1:47:24,5:10:24
1903,1324,Georgi Bilyarski,M35-39,328,Open,United States,32:51,6:44,2:43:45,1:49,1:45:16,5:10:25
1904,2889,Scott Askew,M50-54,186,Open,United Kingdom,36:06,7:33,2:36:20,2:38,1:47:48,5:10:25
1905,2901,Nicolas CIESIELSKI,M50-54,187,Open,New Caledonia,35:30,7:18,2:44:03,2:05,1:41:36,5:10:32
1906,2517,Albert Block,M55-59,117,Open,Germany,37:09,6:41,2:34:55,2:23,1:49:27,5:10:35
1907,2290,Rob Boyce,M55-59,118,Open,Australia,37:10,6:16,2:35:37,2:32,1:49:02,5:10:37
1908,2323,Kevin Elwood,M55-59,119,Open,United States,34:10,5:38,2:39:55,2:19,1:48:37,5:10:39
1909,2191,Sergio Motta,M60-64,36,Open,Brazil,42:53,6:47,2:36:21,3:54,1:40:46,5:10:40
1910,3060,Dan Gampon,M25-29,235,Open,United States,35:32,6:44,2:48:06,2:18,1:38:01,5:10:41
1911,368,Dominik Rudecki,M40-44,336,Open,Canada,36:15,5:55,2:35:23,3:01,1:50:10,5:10:45
1912,1482,Patrick Mcauley,M30-34,321,Open,United States,36:49,7:23,2:37:49,3:36,1:45:09,5:10:47
1913,1818,Evan John,M30-34,322,Open,United Kingdom,34:31,5:42,2:45:28,3:35,1:41:32,5:10:47
1914,488,Michael Baker,M40-44,337,Open,United States,33:55,5:46,2:37:42,3:25,1:50:01,5:10:49
1915,3017,Honggang Zhang,M50-54,188,Open,United States,36:10,9:02,2:42:57,3:48,1:38:58,5:10:54
1916,3678,Stefan Droste,M45-49,205,Open,Germany,42:35,7:08,2:36:12,2:35,1:42:25,5:10:55
1917,2072,Daryl Chester,M60-64,37,Open,United States,33:48,5:34,2:40:58,2:28,1:48:08,5:10:56
1918,3222,Denny Max Kodinskiy,M25-29,236,Open,United States,36:35,6:48,2:41:47,2:10,1:43:36,5:10:57
1919,3131,Donald Moffa Iii,M25-29,237,Open,United States,28:02,5:07,2:28:59,1:46,2:07:04,5:10:59
1920,3459,Robin Bonneau Patry,M18-24,101,Open,Canada,33:41,6:44,2:47:33,1:47,1:41:17,5:11:01
1921,551,Maciej Oliwiak,M40-44,338,Open,Poland,38:09,6:21,2:41:05,2:14,1:43:14,5:11:02
1922,2640,Dominique Rigout,M50-54,189,Open,France,32:16,5:06,2:41:06,3:30,1:49:05,5:11:02
1923,3681,Brett Carlsson,M45-49,206,Open,Australia,33:59,5:49,2:43:01,2:27,1:45:49,5:11:06
1924,2495,Cid Cardoso,M55-59,120,Open,United States,33:39,6:41,2:32:11,2:46,1:55:54,5:11:13
1925,3795,Andy De Roover,M45-49,207,Open,Belgium,40:13,6:50,2:35:05,2:40,1:46:27,5:11:15
1926,456,Michael Canil,M40-44,339,Open,Australia,37:10,6:34,2:43:09,2:27,1:41:56,5:11:15
1927,2599,Rogerio Fagundes,M50-54,190,Open,Brazil,30:36,8:08,2:39:45,2:07,1:50:44,5:11:19
1928,4059,Nicolas Gruel,M45-49,208,Open,France,31:52,7:35,2:51:57,3:53,1:36:08,5:11:24
1929,3859,Pierre Granet,M45-49,209,Open,France,35:11,5:46,2:44:03,2:38,1:43:47,5:11:26
1930,2950,Ciro Donadio Albino,M50-54,191,Open,Brazil,32:11,5:56,2:44:17,2:50,1:46:12,5:11:26
1931,3059,James Bigler,M25-29,238,Open,United States,33:38,6:44,2:40:49,4:05,1:46:10,5:11:27
1932,496,Pawel Kosla,M40-44,340,Open,Poland,41:47,4:12,2:46:14,1:28,1:37:45,5:11:27
1933,2605,Cal Cotter,M50-54,192,Open,Australia,29:55,6:25,2:37:52,2:31,1:54:44,5:11:28
1934,4052,Rob Marshall,M45-49,210,Open,United Kingdom,36:55,5:31,2:46:26,2:06,1:40:32,5:11:30
1935,1842,Christian Hernandez,M30-34,323,Open,Venezuela,30:25,5:44,2:41:58,1:55,1:51:29,5:11:31
1936,1735,David Martino,M30-34,324,Open,United States,27:41,6:43,2:50:32,2:39,1:44:00,5:11:35
1937,2179,Martin Courtenay,M60-64,38,Open,Canada,31:00,6:21,2:37:09,3:36,1:53:31,5:11:38
1938,4066,Marek Aasna,M45-49,211,Open,Estonia,30:53,6:20,2:32:52,3:31,1:58:04,5:11:40
1939,3049,Armel Negret,M25-29,239,Open,France,29:37,4:35,2:54:34,2:28,1:40:27,5:11:41
1940,2676,Olivier Henz,M50-54,193,Open,Belgium,36:55,5:04,2:32:18,1:50,1:55:39,5:11:45
1941,4082,Cassiano PESSOA,M45-49,212,Open,Brazil,34:29,7:28,2:46:53,1:50,1:41:06,5:11:47
1942,3711,Tomasz Przybylski,M45-49,213,Open,Poland,34:13,5:35,2:39:35,2:11,1:50:14,5:11:48
1943,2890,Nicolas Vallejos,M50-54,194,Open,Brazil,33:53,6:11,2:41:15,1:51,1:48:40,5:11:51
1944,2254,Enrique Boldú,M55-59,121,Open,Spain,28:21,6:19,2:40:33,3:36,1:53:03,5:11:51
1945,200,Caleb Ritter,M40-44,341,Open,United States,30:52,5:38,2:35:05,4:00,1:56:15,5:11:51
1946,1453,Mark Windsor,M65-69,4,Open,Australia,33:51,7:19,2:29:28,2:48,1:58:31,5:11:57
1947,2897,Peter Lambousis,M50-54,195,Open,Australia,33:52,6:20,2:47:37,1:41,1:42:29,5:11:59
1948,412,Gyuhwang Lee,M40-44,342,Open,Korea,36:17,4:45,2:39:29,1:47,1:49:41,5:11:59
1949,3751,Cameron Whyte,M45-49,214,Open,New Zealand,31:10,5:27,2:35:42,3:09,1:56:32,5:12:00
1950,2553,Arthus Del Rio,M55-59,122,Open,United States,35:10,6:55,2:39:48,2:44,1:47:25,5:12:02
1951,2226,Cameron Mcgill,M55-59,123,Open,Australia,31:14,6:56,2:36:33,3:20,1:53:59,5:12:02
1952,2348,Jonathan Ziegler,M55-59,124,Open,United States,32:32,5:34,2:39:52,3:20,1:50:47,5:12:04
1953,2025,Ross Lockey,M60-64,39,Open,New Zealand,36:24,7:00,2:37:28,2:48,1:48:26,5:12:06
1954,1910,Auttapol Charungwut,M30-34,325,Open,Thailand,30:53,5:38,2:53:29,2:58,1:39:10,5:12:07
1955,1768,Maximiliano Salas,M30-34,326,Open,Chile,36:35,6:57,2:50:40,3:07,1:34:47,5:12:07
1956,3899,Tim Cook,M45-49,215,Open,Australia,40:41,5:20,2:46:21,2:32,1:37:14,5:12:08
1957,2781,Peter Moss,M50-54,196,Open,United Kingdom,38:43,7:14,2:39:37,2:50,1:43:46,5:12:11
1958,2524,Gordi Müller,M55-59,125,Open,Switzerland,28:36,8:21,2:32:58,2:13,2:00:05,5:12:14
1959,1296,Carter Wehrer,M35-39,329,Open,United States,35:24,5:32,2:33:44,2:21,1:55:21,5:12:22
1960,1977,Damien Bergon,M30-34,327,Open,France,31:22,6:02,2:37:58,2:51,1:54:09,5:12:22
1961,4069,Julien Vedere,M45-49,216,Open,France,35:33,7:16,2:45:33,2:57,1:41:07,5:12:26
1962,202,Denis Beaulieu,M40-44,343,Open,Canada,36:10,7:53,2:35:23,2:55,1:50:04,5:12:26
1963,302,Alexander Sandoval,M40-44,344,Open,Colombia,43:44,6:22,2:41:28,2:19,1:38:33,5:12:26
1964,4057,Steven Wise,M45-49,217,Open,United States,24:39,6:19,3:02:48,2:27,1:36:16,5:12:29
1965,3890,Nick Coull,M45-49,218,Open,Australia,31:12,6:21,2:40:12,2:22,1:52:22,5:12:29
1966,2439,Paul Obrien,M55-59,126,Open,Australia,32:20,5:59,2:38:23,3:02,1:52:46,5:12:30
1967,1502,Quentin Norquay,M30-34,328,Open,Australia,29:41,6:41,2:30:17,1:48,2:04:07,5:12:35
1968,313,Marc Bielik,M40-44,345,Open,Switzerland,35:40,9:11,2:33:32,4:28,1:49:47,5:12:39
1969,1456,John Anhold,M65-69,5,Open,United States,34:52,4:59,2:43:11,3:04,1:46:33,5:12:40
1970,2941,Kean Mihata,M50-54,197,Open,United States,38:35,6:15,2:44:02,2:00,1:41:48,5:12:40
1971,2135,Clint Dowd,M60-64,40,Open,United States,31:46,5:34,2:43:38,2:31,1:49:14,5:12:42
1972,2816,Rick Walker,M50-54,198,Open,New Zealand,35:56,5:37,2:33:57,3:57,1:53:17,5:12:43
1973,3006,Jean Charles Jacquelin,M50-54,199,Open,France,32:11,6:43,2:37:35,2:34,1:53:40,5:12:44
1974,2105,Scott Janicola,M60-64,41,Open,United States,34:39,6:06,2:41:38,2:04,1:48:18,5:12:44
1975,1382,John Wilson,M65-69,6,Open,United States,34:02,5:23,2:41:01,3:14,1:49:04,5:12:45
1976,3702,Daniel Fay,M45-49,219,Open,Australia,31:17,6:19,2:40:06,3:31,1:51:34,5:12:48
1977,3542,Nicholas Catullo,M18-24,102,Open,United States,30:46,5:51,2:54:15,2:00,1:39:58,5:12:50
1978,2208,Robert Hill,M60-64,42,Open,Australia,31:50,6:53,2:51:26,2:26,1:40:15,5:12:51
1979,2017,Jean Franchi,M60-64,43,Open,France,32:53,6:41,2:35:19,2:47,1:55:10,5:12:51
1980,2501,Rafael Sanchez Nazariega,M55-59,127,Open,Mexico,40:30,5:41,2:42:51,2:31,1:41:20,5:12:52
1981,2946,Andreas Schoenherr,M50-54,200,Open,Switzerland,28:44,5:51,2:42:46,2:10,1:53:21,5:12:52
1982,1990,Bruno Achard,M60-64,44,Open,France,39:22,6:58,2:43:46,2:48,1:39:59,5:12:53
1983,1547,Antoine Marliac,M30-34,329,Open,Canada,38:34,6:15,2:46:00,2:39,1:39:25,5:12:54
1984,1479,Diego Barrera Karrer,M30-34,330,Open,Mexico,32:27,5:57,2:49:32,1:59,1:42:58,5:12:54
1985,3464,Ross Gowan,M18-24,103,Open,United States,29:50,4:15,2:47:03,2:31,1:49:17,5:12:56
1986,3499,Patrik Siegl,M18-24,104,Open,Slovakia,35:05,5:48,2:42:27,2:26,1:47:13,5:12:58
1987,1048,Christian Sande,M35-39,330,Open,United States,32:33,7:01,2:37:43,3:31,1:52:13,5:13:02
1988,1996,Ernesto Abedumdelima,M60-64,45,Open,Mexico,36:08,7:06,2:40:16,3:17,1:46:20,5:13:07
1989,2461,Philippe Marevery,M55-59,128,Open,France,35:36,8:22,2:42:48,2:54,1:43:28,5:13:07
1990,4091,Mark Shepheard,M45-49,220,Open,Australia,32:11,5:49,2:31:47,2:54,2:00:28,5:13:09
1991,3896,Matthieu Guillon,M45-49,221,Open,France,31:58,5:26,2:48:43,2:55,1:44:07,5:13:09
1992,2172,John Gares,M60-64,46,Open,United States,35:20,6:08,2:49:11,2:46,1:39:46,5:13:12
1993,1242,Madis Täht,M35-39,331,Open,Estonia,32:37,5:33,2:42:45,2:20,1:49:57,5:13:12
1994,4019,Jérémy Fonteray,M45-49,222,Open,France,31:19,8:30,2:36:14,2:56,1:54:17,5:13:15
1995,2614,Ewan Cameron,M50-54,201,Open,United Kingdom,31:10,6:46,2:41:39,2:07,1:51:33,5:13:16
1996,2797,Christian Chambarelli,M50-54,202,Open,Italy,29:36,5:43,2:38:09,2:03,1:57:48,5:13:18
1997,3208,Wilhelm Klopp,M25-29,240,Open,Germany,36:47,8:18,2:47:57,3:26,1:36:52,5:13:19
1998,2162,Chris Prescott,M60-64,47,Open,United States,32:56,6:35,2:41:35,3:12,1:49:01,5:13:19
1999,2871,Yerkin Kurmanov,M50-54,203,Open,Kazakhstan,37:45,6:46,2:41:44,2:41,1:44:24,5:13:19
2000,268,Ricky Guadarrama,M40-44,346,Open,United States,36:32,6:11,2:42:57,3:57,1:43:43,5:13:20
2001,2862,Dexter Steis,M50-54,204,Open,United States,32:12,7:51,2:45:22,2:37,1:45:18,5:13:20
2002,1864,Michael Aleixo,M30-34,331,Open,United States,30:34,5:07,3:04:03,3:01,1:30:36,5:13:21
2003,1703,Kevin Yeoman,M30-34,332,Open,United States,30:09,5:08,2:49:36,2:03,1:46:31,5:13:26
2004,210,Francois Chavet,M40-44,347,Open,France,36:37,8:27,2:37:32,3:05,1:47:47,5:13:27
2005,2793,Kevin Butterfield,M50-54,205,Open,Canada,34:03,8:13,2:40:05,4:33,1:46:34,5:13:28
2006,3308,Vincent Walsh,M25-29,241,Open,Canada,38:06,8:11,2:32:31,4:12,1:50:30,5:13:30
2007,3798,Thiago Teixeira Cardoso,M45-49,223,Open,Brazil,37:13,5:08,2:32:27,2:36,1:56:11,5:13:35
2008,3961,Greg Jenkyns,M45-49,224,Open,Australia,30:46,5:11,2:41:47,2:13,1:53:38,5:13:35
2009,2047,Stephen Farrell,M60-64,48,Open,New Zealand,29:12,4:35,2:36:25,2:10,2:01:15,5:13:38
2010,3046,Paul Vallay,M50-54,206,Open,Australia,38:36,5:50,2:35:58,3:12,1:50:03,5:13:38
2011,396,Christoph Franzke,M40-44,348,Open,Germany,35:18,6:23,2:42:24,2:32,1:47:04,5:13:41
2012,2028,Murray Walls,M60-64,49,Open,Australia,34:36,7:28,2:40:19,3:43,1:47:35,5:13:41
2013,3206,Aidan Wallace,M25-29,242,Open,Australia,25:48,5:41,2:35:24,2:15,2:04:34,5:13:42
2014,2590,Kyle Stone,M50-54,207,Open,United States,35:12,7:37,2:37:31,2:29,1:50:53,5:13:42
2015,1243,Michael Wonschick,M35-39,332,Open,Germany,35:45,6:53,2:33:43,3:08,1:54:19,5:13:48
2016,2952,Jürgen Seifried,M50-54,208,Open,Austria,31:31,9:51,2:41:18,2:32,1:48:37,5:13:49
2017,2472,William Stripparo,M55-59,129,Open,Italy,32:22,6:16,2:36:27,2:08,1:56:38,5:13:51
2018,1673,Mathieu Cotton,M30-34,333,Open,France,32:10,7:46,2:45:45,2:33,1:45:39,5:13:52
2019,4037,Thomas Wahlroos,M45-49,225,Open,Finland,35:44,6:23,2:41:28,2:43,1:47:44,5:14:02
2020,3619,Ryan Bullard,M45-49,226,Open,United States,35:29,6:05,2:48:39,2:31,1:41:18,5:14:03
2021,3722,Pawel Boron,M45-49,227,Open,Poland,34:34,7:19,2:45:05,3:39,1:43:26,5:14:03
2022,4005,Tsukasa Fujishima,M45-49,228,Open,Japan,34:11,6:55,2:47:35,2:39,1:42:44,5:14:04
2023,306,Nick Logan,M40-44,349,Open,United States,32:52,7:15,2:40:32,3:21,1:50:05,5:14:05
2024,2324,Steve Plante,M55-59,130,Open,Canada,32:26,6:36,2:40:17,1:55,1:52:52,5:14:06
2025,2523,Darren Wright,M55-59,131,Open,Australia,30:03,7:44,2:39:33,3:27,1:53:20,5:14:08
2026,1492,Maxime Mary De Farcy,M30-34,334,Open,France,34:56,6:41,2:40:34,2:48,1:49:10,5:14:09
2027,2885,Michaël Bruneau,M50-54,209,Open,Belgium,36:37,6:41,2:40:58,2:22,1:47:35,5:14:12
2028,2429,Pete Cornwell,M55-59,132,Open,United Kingdom,32:46,5:19,2:48:33,3:02,1:44:34,5:14:15
2029,1657,Dominic von Au,M30-34,335,Open,Switzerland,35:15,6:22,2:36:28,2:53,1:53:17,5:14:15
2030,1302,Mark Thomassen,M35-39,333,Open,Australia,31:20,4:53,2:28:06,3:02,2:06:58,5:14:19
2031,2160,Stephan Kampe,M60-64,50,Open,Germany,32:04,6:37,2:36:58,1:33,1:57:10,5:14:22
2032,3748,Dean Evans,M45-49,229,Open,United Kingdom,26:58,5:57,2:35:33,3:14,2:02:40,5:14:22
2033,2745,Sylvain Prenel,M50-54,210,Open,France,32:58,5:09,2:38:52,2:38,1:54:46,5:14:23
2034,2613,Keith Schumann,M50-54,211,Open,United States,30:22,6:43,2:42:49,3:12,1:51:19,5:14:25
2035,338,Daniel Eduardo Gallo Usma,M40-44,350,Open,Colombia,40:21,4:59,2:47:03,3:39,1:38:23,5:14:25
2036,3191,Zi Xuan Lim,M25-29,243,Open,Malaysia,38:50,6:10,2:39:21,2:06,1:48:02,5:14:29
2037,2697,Chris Catullo,M50-54,212,Open,United States,35:19,5:43,2:45:44,2:45,1:44:59,5:14:31
2038,2451,Bruce Speers,M55-59,133,Open,New Zealand,32:26,5:48,2:38:35,3:45,1:54:03,5:14:37
2039,576,Tiago Vespoli,M40-44,351,Open,Brazil,34:23,5:37,2:36:52,2:28,1:55:17,5:14:38
2040,3879,Scott Johnstone,M45-49,230,Open,New Zealand,25:50,6:24,2:48:50,3:08,1:50:27,5:14:39
2041,2788,C. Chaney,M50-54,213,Open,United States,27:19,5:31,3:03:41,2:16,1:35:53,5:14:40
2042,216,Rutger Ter Harmsel,M40-44,352,Open,Netherlands,41:11,5:55,2:36:41,3:04,1:47:57,5:14:48
2043,2555,Felipe Santos,M55-59,134,Open,Brazil,29:37,6:19,2:53:44,3:08,1:42:01,5:14:48
2044,3444,Joe Hayes,M18-24,105,Open,United Kingdom,30:19,4:49,2:37:53,3:54,1:57:56,5:14:51
2045,3869,Frédéric Cucu,M45-49,231,Open,France,36:38,6:03,2:47:49,2:55,1:41:32,5:14:57
2046,323,Mario Gruber-Kalteis,M40-44,353,Open,Austria,38:00,5:42,2:36:17,2:24,1:52:39,5:15:02
2047,2228,Ingo Weber,M55-59,135,Open,Germany,33:47,7:40,2:35:35,2:56,1:55:11,5:15:09
2048,2280,Duane MORRISON,M55-59,136,Open,United States,30:38,5:18,2:42:23,2:39,1:54:13,5:15:10
2049,620,Guillaume Dufond,M40-44,354,Open,France,34:59,6:07,2:35:01,2:04,1:57:01,5:15:11
2050,909,Robert Reese,M35-39,334,Open,United States,30:51,6:07,2:52:03,2:35,1:43:38,5:15:14
2051,167,Dimitrios Pantelis,M40-44,355,Open,Greece,33:53,6:12,2:46:50,2:49,1:45:30,5:15:14
2052,3847,Cristiano Glória,M45-49,232,Open,Brazil,28:36,6:16,2:39:17,4:38,1:56:29,5:15:16
2053,147,Richard Brownhill,M40-44,356,Open,Australia,43:27,6:07,2:32:14,1:41,1:51:57,5:15:25
2054,2835,Andrew Solomon,M50-54,214,Open,United States,31:43,6:01,2:36:05,3:09,1:58:29,5:15:27
2055,1562,Rafael Matos,M30-34,336,Open,Spain,29:31,5:18,2:41:09,2:36,1:56:55,5:15:29
2056,2843,Markus Stautner,M50-54,215,Open,Austria,37:38,7:57,2:30:58,3:50,1:55:11,5:15:34
2057,1597,Eduardo Losi De Moraes Filho,M30-34,337,Open,Brazil,30:41,5:53,2:56:14,2:20,1:40:27,5:15:36
2058,2942,Pascal Montout,M50-54,216,Open,Guadeloupe,35:55,7:44,2:44:00,2:24,1:45:33,5:15:36
2059,2147,Warwick Sinclair,M60-64,51,Open,Australia,35:21,5:02,2:41:49,2:46,1:50:38,5:15:36
2060,3588,Istvan Gal,M45-49,233,Open,Hungary,34:53,6:14,2:45:59,3:50,1:44:41,5:15:37
2061,2358,Ken Ryder,M55-59,137,Open,United States,34:00,5:56,2:41:40,2:41,1:51:22,5:15:39
2062,556,Chihyu Hsieh,M40-44,357,Open,Taiwan,34:25,6:56,2:44:54,3:48,1:45:39,5:15:41
2063,3567,Federico Pardo,M45-49,234,Open,Colombia,35:18,7:40,2:46:02,3:51,1:42:54,5:15:45
2064,3835,Bruno Champoux,M45-49,235,Open,Canada,38:04,8:30,2:42:31,3:19,1:43:21,5:15:45
2065,1635,Abhinav Ramesh,M30-34,338,Open,India,40:32,8:44,2:43:54,4:03,1:38:34,5:15:47
2066,419,Josh Freund,M40-44,358,Open,United States,40:47,5:39,2:44:08,2:51,1:42:26,5:15:50
2067,2729,Kane Willmott,M50-54,217,Open,Canada,30:54,4:50,2:44:07,2:35,1:53:25,5:15:50
2068,2235,Philippe gregot,M55-59,138,Open,France,34:01,6:21,2:38:29,3:56,1:53:09,5:15:56
2069,110,David STENGER,M40-44,359,Open,United States,39:36,7:14,2:41:53,2:33,1:44:42,5:15:57
2070,3918,Mauricio Penteado Cardoso,M45-49,236,Open,Brazil,32:40,7:48,2:49:29,2:51,1:43:10,5:15:58
2071,2740,Hasan ITANI,M50-54,218,Open,Lebanon,31:47,5:59,2:41:53,2:25,1:53:54,5:15:58
2072,3269,Jamie Parker,M25-29,244,Open,Canada,25:46,7:23,2:44:23,1:55,1:56:31,5:15:58
2073,1927,Nickolas Reyes,M30-34,339,Open,United States,41:07,6:32,2:43:04,2:08,1:43:11,5:16:02
2074,3616,Michael Wolfe,M45-49,237,Open,United States,29:12,6:40,2:56:32,1:51,1:41:49,5:16:04
2075,2309,Nicolas Cousin,M55-59,139,Open,France,34:04,5:55,2:39:04,2:47,1:54:16,5:16:05
2076,568,Christoph Dilk,M40-44,360,Open,Germany,37:56,5:22,2:46:48,2:29,1:43:33,5:16:08
2077,975,Alexandre Lemoine,M35-39,335,Open,France,34:52,5:08,2:47:34,3:12,1:45:24,5:16:10
2078,1786,Griffin Jaworski,M30-34,340,Open,United States,34:21,8:06,2:53:19,3:07,1:37:18,5:16:11
2079,3228,Reuven Alzaga,M25-29,245,Open,Philippines,37:20,5:48,2:43:14,2:07,1:47:43,5:16:12
2080,2510,Dan Smedley,M55-59,140,Open,United States,30:10,5:33,2:41:56,2:57,1:55:41,5:16:18
2081,2620,Kenneth Colantuoni,M50-54,219,Open,United States,35:25,5:44,2:41:32,6:03,1:47:36,5:16:20
2082,2628,Greg Deck,M50-54,220,Open,Canada,31:42,7:25,2:42:51,2:25,1:51:59,5:16:22
2083,1459,Kris Warszawski,M65-69,7,Open,United States,39:45,7:42,2:40:01,3:11,1:45:44,5:16:23
2084,1366,Carlo Meier,M65-69,8,Open,Switzerland,38:54,5:50,2:42:11,2:43,1:46:45,5:16:23
2085,643,Mathieu Herriot,M40-44,361,Open,France,34:15,4:53,2:42:01,3:18,1:51:59,5:16:25
2086,355,Julien Samaha,M40-44,362,Open,France,31:49,5:24,2:41:50,2:31,1:54:51,5:16:25
2087,3423,Nic Shaw,M18-24,106,Open,Australia,30:41,6:18,2:37:07,2:45,1:59:34,5:16:26
2088,2548,Bertrand Jodoin,M55-59,141,Open,Canada,32:13,6:35,2:44:01,2:33,1:51:05,5:16:26
2089,4061,Matthew Abate,M45-49,238,Open,United States,33:52,6:40,2:40:38,2:48,1:52:28,5:16:27
2090,898,Marco Taufer,M35-39,336,Open,Germany,33:31,6:31,2:36:28,2:06,1:57:53,5:16:29
2091,3020,Ryuichiro Iijima,M50-54,221,Open,Japan,33:57,5:21,2:45:55,2:05,1:49:12,5:16:30
2092,3687,Sergei Kulikov,M45-49,239,Open,Estonia,33:57,7:05,2:41:52,2:51,1:50:45,5:16:31
2093,879,Fabien Bonavial,M35-39,337,Open,France,36:00,5:15,2:32:14,3:06,1:59:58,5:16:32
2094,2102,Paul Cropp,M60-64,52,Open,New Zealand,28:50,5:41,2:37:27,2:17,2:02:21,5:16:35
2095,2227,Anthony Park,M55-59,142,Open,United States,31:23,6:35,2:37:07,3:27,1:58:08,5:16:39
2096,2639,Kenneth Allen,M50-54,222,Open,United States,36:13,6:26,2:39:45,2:42,1:51:36,5:16:41
2097,2867,Albie Firley,M50-54,223,Open,Australia,32:33,4:19,2:38:51,2:00,1:59:01,5:16:45
2098,4017,Marcio Tanaka,M45-49,240,Open,Brazil,27:11,6:14,2:45:29,2:17,1:55:35,5:16:46
2099,3536,Aapo Liponkoski,M18-24,107,Open,Finland,43:29,5:35,2:43:15,1:59,1:42:30,5:16:47
2100,2063,Michael Passinger,M60-64,53,Open,Germany,36:46,5:28,2:47:48,1:50,1:44:58,5:16:49
2101,2655,Shayne Yonce,M50-54,224,Open,United States,35:38,6:49,2:40:03,3:42,1:50:38,5:16:50
2102,3084,Isaac Kerr,M25-29,246,Open,Ireland,35:58,4:43,2:48:47,2:27,1:44:55,5:16:50
2103,1500,Bakhit Alqars,M30-34,341,Open,United Arab Emirates,35:59,5:07,2:55:54,1:52,1:38:00,5:16:51
2104,1133,Joseph Bodley,M35-39,338,Open,United Kingdom,34:42,5:27,2:36:32,2:07,1:58:07,5:16:55
2105,1957,Mattia Aquino,M30-34,342,Open,Italy,32:51,6:29,2:49:30,2:03,1:46:06,5:16:59
2106,1174,Julien Hagel,M35-39,339,Open,Germany,38:01,5:07,2:50:41,3:03,1:40:08,5:17:00
2107,3348,Atte Somero,M25-29,247,Open,Finland,26:05,5:09,2:35:07,1:33,2:09:08,5:17:02
2108,4071,Adam Peacock,M45-49,241,Open,United States,33:05,5:38,2:38:29,2:22,1:57:34,5:17:09
2109,487,Daniel Kearney,M40-44,363,Open,Ireland,37:22,4:40,2:50:30,2:05,1:42:33,5:17:10
2110,2279,Jim Borrens,M55-59,143,Open,Canada,34:29,5:22,2:40:06,2:44,1:54:32,5:17:13
2111,2291,Bernardo Wysokikamien,M55-59,144,Open,Uruguay,32:44,6:44,2:46:14,4:00,1:47:36,5:17:18
2112,2267,Rob Rees,M55-59,145,Open,Canada,34:18,6:27,2:44:13,1:59,1:50:24,5:17:22
2113,2695,Alex Troy,M50-54,225,Open,Canada,33:56,7:31,2:37:40,4:30,1:53:46,5:17:23
2114,3345,Gerard Andreu Estaras,M25-29,248,Open,Spain,34:19,6:18,2:49:06,2:13,1:45:28,5:17:24
2115,2225,Daniel Curnier,M55-59,146,Open,Canada,32:05,6:05,2:38:18,1:58,1:58:59,5:17:24
2116,1743,Jérémie Bourgeois,M30-34,343,Open,Canada,34:49,6:02,2:37:09,2:12,1:57:14,5:17:25
2117,2152,Olivier Guri,M60-64,54,Open,France,39:47,6:35,2:40:38,2:25,1:48:02,5:17:28
2118,3680,Lionel Jourdan,M45-49,242,Open,France,35:24,5:42,2:46:36,2:54,1:46:55,5:17:30
2119,3508,Payton Fox,M18-24,108,Open,United States,32:32,7:43,2:58:50,2:24,1:36:03,5:17:32
2120,2954,Shay Eskew,M50-54,226,Open,United States,45:51,6:16,2:38:20,3:45,1:43:23,5:17:36
2121,2910,shingo tajima,M50-54,227,Open,Japan,36:47,8:37,2:40:54,1:42,1:49:40,5:17:40
2122,280,Eugene Oelofse,M40-44,364,Open,South Africa,33:42,5:11,2:39:26,2:14,1:57:07,5:17:41
2123,1270,Simon Dearden,M35-39,340,Open,United Kingdom,32:04,5:35,3:06:07,1:38,1:32:20,5:17:42
2124,2584,Cyrille Antoine,M50-54,228,Open,France,30:33,7:22,2:32:40,3:14,2:03:59,5:17:49
2125,3664,Scott Cresswell,M45-49,243,Open,New Zealand,28:39,5:00,2:43:42,2:11,1:58:17,5:17:50
2126,3261,Dominik Fankhauser,M25-29,249,Open,Switzerland,34:54,5:35,2:34:43,2:06,2:00:32,5:17:51
2127,2322,Jean-Blaise Ripoll,M55-59,147,Open,France,32:50,6:57,2:39:29,2:47,1:55:49,5:17:52
2128,1032,Justin Zanetich,M35-39,341,Open,Australia,31:40,6:51,2:43:18,3:33,1:52:33,5:17:54
2129,2587,Giovanni Pilu,M50-54,229,Open,Australia,38:49,6:24,2:34:30,2:13,1:56:01,5:17:56
2130,2314,Emile Boey Alam,M55-59,148,Open,Australia,33:17,8:33,2:45:32,2:52,1:47:46,5:18:01
2131,2960,Matt Redford,M50-54,230,Open,Finland,34:18,6:44,2:48:42,4:02,1:44:15,5:18:01
2132,901,Daniel Aceves,M35-39,342,Open,Mexico,41:01,8:27,2:45:27,2:38,1:40:27,5:18:01
2133,2245,Andrew Fox,M55-59,149,Open,Australia,32:34,7:14,2:48:08,3:25,1:46:40,5:18:02
2134,2157,John Wallnutt,M60-64,55,Open,Ireland,32:27,5:10,2:42:10,1:53,1:56:24,5:18:03
2135,3021,Dan Mason,M50-54,231,Open,United Kingdom,33:40,4:58,2:36:55,2:27,2:00:04,5:18:04
2136,2703,Mark Näf,M50-54,232,Open,Switzerland,30:27,6:39,2:50:24,2:35,1:48:05,5:18:10
2137,383,Gordon Rose,M40-44,365,Open,Germany,35:03,7:23,2:38:43,3:22,1:53:47,5:18:19
2138,1470,Daniel Machek,M65-69,9,Open,Czechia,27:55,7:07,2:43:39,3:30,1:56:10,5:18:20
2139,242,Jonathan Clark,M40-44,366,Open,United States,32:11,6:46,2:49:11,2:41,1:47:33,5:18:21
2140,4074,Sten Kreisberg,M45-49,244,Open,Estonia,32:23,5:52,2:44:57,2:19,1:53:02,5:18:32
2141,2229,Andy Cox,M55-59,150,Open,Australia,36:51,6:08,2:49:02,2:32,1:44:04,5:18:37
2142,247,Marco Ullrich,M40-44,367,Open,Germany,40:45,7:47,2:51:20,3:09,1:35:42,5:18:43
2143,818,Philip Steyn,M35-39,343,Open,Australia,34:05,5:48,2:43:04,2:51,1:52:56,5:18:43
2144,2920,Andrew Patterson,M50-54,233,Open,United States,42:00,6:49,2:50:59,2:28,1:36:27,5:18:44
2145,3782,Simon Wilkins,M45-49,245,Open,Australia,32:54,5:03,2:39:29,3:18,1:58:03,5:18:48
2146,2271,Gentiel Gielen,M55-59,151,Open,Belgium,35:17,5:56,2:40:10,3:07,1:54:19,5:18:49
2147,621,Lawrence Ka Ho Wong,M40-44,368,Open,Hong Kong,36:58,5:17,2:50:44,3:58,1:41:56,5:18:52
2148,2550,Joseph Hicks,M55-59,152,Open,United States,35:48,6:17,2:47:35,1:47,1:47:32,5:18:59
2149,2407,Alois Hofer,M55-59,153,Open,Italy,35:10,6:31,2:34:05,2:31,2:00:45,5:19:02
2150,3973,Daniel Biaggio,M45-49,246,Open,Brazil,34:01,5:37,2:43:29,2:39,1:53:16,5:19:02
2151,2023,John Van Heyst,M60-64,56,Open,Canada,33:59,6:39,2:38:03,6:40,1:53:42,5:19:04
2152,612,Takumi Tezuka,M40-44,369,Open,Japan,35:56,6:52,2:53:41,2:16,1:40:25,5:19:10
2153,2836,Trevor Watchman,M50-54,234,Open,Australia,37:32,11:06,2:33:51,3:25,1:53:19,5:19:12
2154,2508,Uroš Kepic,M55-59,154,Open,Slovenia,31:53,6:27,2:26:58,2:27,2:11:28,5:19:14
2155,2307,Steven Behler,M55-59,155,Open,United States,33:30,6:16,2:50:01,2:56,1:46:31,5:19:15
2156,3706,Diogo Pina Pereira,M45-49,247,Open,Portugal,34:21,5:37,2:54:27,1:56,1:42:54,5:19:15
2157,2354,Bernhard Stämpfli,M55-59,156,Open,Switzerland,34:59,7:13,2:44:36,3:38,1:48:51,5:19:16
2158,473,Fabian Rupp,M40-44,370,Open,Germany,37:16,6:13,2:53:12,3:28,1:39:07,5:19:16
2159,2923,Bob Butler,M50-54,235,Open,Canada,34:40,6:32,2:42:57,2:12,1:52:56,5:19:17
2160,2450,Markus Heiniger,M55-59,157,Open,Switzerland,35:03,6:37,2:39:11,2:48,1:55:40,5:19:19
2161,3839,Andrea Ciaponi,M45-49,248,Open,Italy,33:19,6:05,2:59:09,2:10,1:38:36,5:19:20
2162,561,Woei Lin Yap,M40-44,371,Open,Malaysia,35:09,6:29,2:50:04,2:28,1:45:11,5:19:21
2163,2543,Oliver Krecek,M55-59,158,Open,Germany,36:11,4:50,2:52:38,1:41,1:44:00,5:19:21
2164,1022,Zhenyu Tang,M35-39,344,Open,China,40:15,6:32,2:44:51,3:15,1:44:30,5:19:22
2165,2042,Paul Stedman,M60-64,57,Open,United States,33:14,6:45,2:41:52,2:23,1:55:12,5:19:25
2166,3027,Chi Wai Yeung,M50-54,236,Open,Hong Kong,38:29,7:15,2:42:41,2:12,1:48:55,5:19:32
2167,2198,Jonas ERIKSSON,M60-64,58,Open,Sweden,34:05,6:17,2:52:55,2:18,1:44:00,5:19:34
2168,457,Alexander TÖRPSCH-VON DER HEIDE,M40-44,372,Open,Germany,33:42,6:05,2:35:34,1:59,2:02:20,5:19:39
2169,485,Mehmet Dasiyici,M40-44,373,Open,Turkey,40:55,4:53,2:42:06,2:51,1:48:57,5:19:42
2170,2520,Laurence Jones,M55-59,159,Open,United States,41:14,5:27,2:40:37,3:31,1:48:55,5:19:43
2171,2059,Simon Glastonbury,M60-64,59,Open,Australia,33:12,6:35,2:47:18,2:32,1:50:12,5:19:49
2172,2317,David Cronwall,M55-59,160,Open,United States,35:56,6:18,2:38:58,4:02,1:54:35,5:19:49
2173,2445,Stephane Denis,M55-59,161,Open,Canada,34:14,6:19,2:44:14,2:40,1:52:23,5:19:50
2174,3570,Go Naraku,M45-49,249,Open,Japan,33:50,6:59,2:48:03,3:17,1:47:42,5:19:51
2175,3670,Christopher Nel,M45-49,250,Open,South Africa,35:37,5:14,2:43:37,3:08,1:52:19,5:19:55
2176,3957,Alfons Van Der Vyver,M45-49,251,Open,South Africa,39:08,6:21,2:38:46,2:51,1:52:49,5:19:55
2177,2014,Ken Raupach,M60-64,60,Open,Australia,42:03,6:02,2:46:54,2:32,1:42:29,5:19:59
2178,3443,Timothee Chailley,M18-24,109,Open,France,29:31,5:04,2:46:08,2:43,1:56:33,5:19:59
2179,3870,Tim Russo,M45-49,252,Open,United States,35:20,6:14,2:38:59,2:59,1:56:28,5:20:00
2180,3933,Breezy Anson,M45-49,253,Open,United States,33:24,6:09,2:52:12,2:44,1:45:40,5:20:09
2181,2761,Zak Newman,M50-54,237,Open,United Kingdom,36:56,6:57,2:34:53,3:01,1:58:24,5:20:11
2182,814,Thomas Mortagne,M35-39,345,Open,France,29:06,7:51,2:53:52,2:45,1:46:45,5:20:20
2183,2230,Laurent Mousson,M55-59,162,Open,France,33:57,7:46,2:46:11,2:34,1:49:54,5:20:22
2184,3972,Christopher Owen,M45-49,254,Open,United States,34:27,7:18,2:49:34,4:48,1:44:16,5:20:23
2185,3628,Arnaud Rolland,M45-49,255,Open,France,31:32,5:01,2:52:17,1:46,1:49:51,5:20:27
2186,3432,Jakob Mast,M18-24,110,Open,Germany,38:55,5:13,2:57:13,2:23,1:36:47,5:20:30
2187,3033,Joe Taylor,M50-54,238,Open,United Kingdom,42:37,6:28,2:44:25,2:31,1:44:33,5:20:34
2188,290,David Lukas,M40-44,374,Open,United States,34:46,8:36,2:44:08,3:08,1:49:56,5:20:34
2189,2732,Markus Spöcker,M50-54,239,Open,Germany,32:11,7:03,2:43:11,3:08,1:55:07,5:20:42
2190,2384,Robert Peyerl,M55-59,163,Open,Australia,34:26,6:38,2:51:23,3:09,1:45:08,5:20:43
2191,3181,Tangi Senant,M25-29,250,Open,France,36:40,6:27,2:45:33,1:38,1:50:27,5:20:46
2192,2099,Stephen Green,M60-64,61,Open,United Kingdom,38:13,5:44,2:38:57,1:31,1:56:22,5:20:47
2193,3690,Daniel Kattan,M45-49,256,Open,United Kingdom,27:13,6:19,2:58:45,2:01,1:46:32,5:20:49
2194,486,Edson Junior,M40-44,375,Open,Brazil,41:16,7:08,2:43:09,2:35,1:46:41,5:20:49
2195,409,Sergio Portilho Simao,M40-44,376,Open,Brazil,29:42,4:08,2:50:41,1:36,1:54:45,5:20:52
2196,3754,Guillaume Garreau,M45-49,257,Open,France,30:37,6:26,2:44:27,3:12,1:56:10,5:20:53
2197,2154,Marc Ware,M60-64,62,Open,Australia,33:08,8:00,2:44:56,2:15,1:52:39,5:20:58
2198,2306,Colin Cunningham,M55-59,164,Open,Canada,36:20,9:09,2:46:24,3:58,1:45:08,5:21:00
2199,2095,Thoralf Voigtländer,M60-64,63,Open,Germany,32:43,7:15,2:47:47,2:53,1:50:24,5:21:02
2200,834,Matthew Evans,M35-39,346,Open,United States,32:29,5:50,2:43:13,2:19,1:57:15,5:21:06
2201,293,George Barrett,M40-44,377,Open,United States,29:21,8:12,2:49:15,3:44,1:50:36,5:21:09
2202,4055,Steve Marx,M45-49,258,Open,Luxembourg,34:45,4:49,2:46:52,2:25,1:52:20,5:21:10
2203,2266,John Boxall,M55-59,165,Open,Australia,26:42,5:38,2:42:34,2:14,2:04:06,5:21:12
2204,2839,Mike Mcneil,M50-54,240,Open,Canada,37:27,8:43,2:41:06,3:17,1:50:40,5:21:13
2205,2602,Paul Mason,M50-54,241,Open,United Kingdom,34:19,6:25,2:50:16,3:07,1:47:06,5:21:15
2206,175,Massimiliano Manzi,M40-44,378,Open,Italy,30:30,6:55,2:45:03,2:49,1:55:58,5:21:15
2207,379,Tim Olsen,M40-44,379,Open,New Zealand,34:21,6:50,2:43:47,2:10,1:54:08,5:21:16
2208,3676,Olivier Fournier,M45-49,259,Open,Canada,32:03,7:15,2:50:27,2:22,1:49:13,5:21:20
2209,1146,Daniel Phillips,M35-39,347,Open,United Kingdom,31:26,6:26,2:45:59,2:50,1:54:45,5:21:26
2210,1293,Greivin Barrantes,M35-39,348,Open,Costa Rica,35:13,6:27,2:50:48,2:51,1:46:08,5:21:27
2211,452,Hector Alvarado,M40-44,380,Open,Mexico,35:17,5:00,2:59:16,1:55,1:40:04,5:21:32
2212,2878,Stefano Matalucci,M50-54,242,Open,Italy,32:05,6:09,2:55:04,3:51,1:44:25,5:21:34
2213,2240,Jean “john” Landry,M55-59,166,Open,United States,29:43,8:40,2:45:56,5:01,1:52:14,5:21:34
2214,2085,David Creamer,M60-64,64,Open,New Zealand,34:54,7:01,2:52:19,2:56,1:44:25,5:21:36
2215,2458,Alan Clark,M55-59,167,Open,Australia,35:06,5:30,2:39:18,2:17,1:59:30,5:21:40
2216,3605,Cyril Marquer,M45-49,260,Open,France,40:51,7:47,2:44:49,3:31,1:44:51,5:21:48
2217,1824,Stephen Lestyan,M30-34,344,Open,United States,36:25,5:48,2:47:42,2:00,1:49:53,5:21:49
2218,3641,Aho Augasmägi,M45-49,261,Open,Estonia,31:19,6:55,2:45:57,2:24,1:55:16,5:21:51
2219,2753,Hernan Suarez,M50-54,243,Open,Bolivia,36:13,7:10,2:42:29,4:15,1:51:48,5:21:55
2220,2353,John Potter,M55-59,168,Open,United States,30:05,5:35,2:44:15,2:01,2:00:02,5:21:58
2221,3421,Etienne Duval,M18-24,111,Open,Canada,35:57,6:25,2:41:37,2:42,1:55:19,5:21:59
2222,893,Michael Georgeson,M35-39,349,Open,Australia,30:34,6:43,2:57:33,3:23,1:43:52,5:22:05
2223,2169,Colin Reyburn,M60-64,65,Open,Australia,28:52,5:08,2:51:42,2:39,1:53:45,5:22:07
2224,853,Kuang-Wu Liu,M35-39,350,Open,Taiwan,34:48,6:44,2:45:05,2:23,1:53:10,5:22:10
2225,3966,Roberto Kling,M45-49,262,Open,Brazil,38:41,6:03,2:44:24,2:25,1:50:40,5:22:12
2226,598,Collin Krehbiel,M40-44,381,Open,United States,35:36,6:06,2:40:41,3:37,1:56:14,5:22:14
2227,1653,Maciej Derek,M30-34,345,Open,Poland,35:36,5:05,2:50:49,2:22,1:48:26,5:22:18
2228,2778,Tedd Girouard,M50-54,244,Open,Canada,39:15,6:54,2:43:56,2:15,1:50:01,5:22:21
2229,3561,Michael Mark,M45-49,263,Open,Denmark,36:09,5:29,2:34:35,5:07,2:01:08,5:22:28
2230,2346,Eduardo Yulita,M55-59,169,Open,Argentina,40:26,6:30,2:50:52,2:15,1:42:29,5:22:32
2231,866,Peter Giljam,M35-39,351,Open,Netherlands,36:16,5:55,2:44:21,1:36,1:54:23,5:22:32
2232,2125,Graham Cooper,M60-64,66,Open,Australia,34:10,6:33,2:38:49,3:53,1:59:09,5:22:35
2233,2130,Markus Schlosser,M60-64,67,Open,Germany,37:54,8:23,2:44:26,2:33,1:49:20,5:22:35
2234,2670,Michael Rice,M50-54,245,Open,Japan,36:31,8:14,2:42:28,2:46,1:52:39,5:22:37
2235,3481,Karan Malhotra,M18-24,112,Open,Thailand,36:42,6:34,2:58:22,2:42,1:38:18,5:22:38
2236,581,Osvaldo Ferreira Porto Filho,M40-44,382,Open,Brazil,42:43,7:00,2:44:27,2:48,1:45:40,5:22:38
2237,3849,Michael Dwyer,M45-49,264,Open,United States,35:32,5:29,2:36:48,2:52,2:01:58,5:22:39
2238,3926,John Henry Aguilar Arcila,M45-49,265,Open,Colombia,41:04,5:50,2:56:25,3:16,1:36:05,5:22:40
2239,3695,Peter Ormsby,M45-49,266,Open,United States,32:09,7:48,2:53:27,4:27,1:44:52,5:22:44
2240,1553,Casper Hsieh,M30-34,346,Open,Taiwan,34:39,6:34,2:51:15,2:05,1:48:17,5:22:51
2241,481,Colm Rafferty,M40-44,383,Open,Ireland,32:42,5:41,2:55:37,2:31,1:46:24,5:22:54
2242,2410,Richard Palmer,M55-59,170,Open,Australia,31:34,7:00,2:43:16,3:05,1:58:03,5:22:58
2243,3457,Nathan Gigon,M18-24,113,Open,Switzerland,25:43,4:59,2:09:40,1:55,2:40:43,5:23:01
2244,2096,Ted Albertson,M60-64,68,Open,United States,33:55,6:47,2:48:59,3:20,1:50:01,5:23:02
2245,3559,René Alfredo Santana Cedeño,M45-49,267,Open,Ecuador,35:55,5:35,2:50:41,2:24,1:48:32,5:23:06
2246,1525,Gábe Tamás,M30-34,347,Open,Hungary,28:36,5:05,2:43:20,2:59,2:03:08,5:23:10
2247,2091,Robert Krueger,M60-64,69,Open,United States,40:50,7:10,2:43:53,2:43,1:48:34,5:23:10
2248,3520,Tyler Pachuda,M18-24,114,Open,United States,27:19,4:56,2:48:23,2:03,2:00:35,5:23:16
2249,1455,Andrew Mcleod,M65-69,10,Open,New Zealand,33:36,7:09,2:44:11,2:36,1:55:47,5:23:19
2250,2220,Thomas Jakobler,M55-59,171,Open,Germany,41:08,7:14,2:44:21,3:32,1:47:04,5:23:20
2251,2246,Volker Sturm,M55-59,172,Open,Germany,36:05,5:27,2:38:34,2:43,2:00:32,5:23:20
2252,2185,Frank Schreiner,M60-64,70,Open,Germany,37:09,7:15,2:44:00,3:58,1:50:59,5:23:21
2253,3500,Connor Porter,M18-24,115,Open,United States,31:16,5:36,2:49:38,5:13,1:51:40,5:23:23
2254,558,Ryuzo Kojima,M40-44,384,Open,Japan,40:49,6:21,2:51:19,3:45,1:41:09,5:23:23
2255,2604,Jason Smith,M50-54,246,Open,United States,37:45,6:33,2:40:59,2:56,1:55:11,5:23:24
2256,3939,Rene Peters,M45-49,268,Open,New Zealand,32:30,5:37,2:33:12,3:17,2:08:49,5:23:26
2257,2336,Christian Pasin,M55-59,173,Open,France,33:04,7:20,2:50:50,2:34,1:49:41,5:23:29
2258,4008,Brian Whitesell,M45-49,269,Open,United States,28:39,8:15,2:50:30,6:21,1:49:47,5:23:32
2259,2213,Koichi Ogawa,M60-64,71,Open,Japan,39:03,7:07,2:52:21,2:33,1:42:29,5:23:32
2260,3590,Stefano Greco,M45-49,270,Open,Italy,29:40,6:23,2:55:55,4:07,1:47:33,5:23:38
2261,2012,Bojan Skocir,M60-64,72,Open,Slovenia,35:48,5:52,2:47:18,1:43,1:53:00,5:23:41
2262,354,Andre Suhr,M40-44,385,Open,Germany,43:45,7:34,2:38:55,4:23,1:49:13,5:23:49
2263,661,Gurjot Singh,M40-44,386,Open,India,35:05,8:53,2:52:35,4:00,1:43:18,5:23:50
2264,2092,Craig Sayer,M60-64,73,Open,Australia,32:02,6:41,2:38:24,3:06,2:03:44,5:23:57
2265,2535,R Stephen Stigall,M55-59,174,Open,United States,30:40,6:42,2:45:34,3:10,1:57:53,5:23:59
2266,2022,Christian Lafleur,M60-64,74,Open,Canada,34:17,8:11,2:48:35,3:44,1:49:14,5:24:01
2267,2883,Will DeLeon,M50-54,247,Open,United States,36:11,8:00,2:44:20,3:12,1:52:19,5:24:02
2268,1474,Andrew SHORT,M65-69,11,Open,Australia,34:33,5:39,2:50:17,1:39,1:51:56,5:24:04
2269,2305,Stefano Massa,M55-59,175,Open,Italy,31:09,5:41,2:48:10,3:02,1:56:05,5:24:07
2270,3569,Hiroyuki Aida,M45-49,271,Open,Japan,28:25,5:01,2:46:58,2:56,2:00:48,5:24:09
2271,3917,Eric Elizondo,M45-49,272,Open,United States,36:03,8:37,2:46:38,6:00,1:46:52,5:24:09
2272,1947,Augustin Bernardi,M30-34,348,Open,France,42:06,7:00,2:52:57,2:12,1:39:56,5:24:09
2273,2275,Jose Zorrilla,M55-59,176,Open,Canada,31:36,7:34,2:52:47,1:53,1:50:25,5:24:15
2274,2357,Christoph Simsch Dr,M55-59,177,Open,Germany,32:12,5:34,2:44:58,2:43,1:58:52,5:24:19
2275,3799,Nicolas Acevedo,M45-49,273,Open,Colombia,33:56,6:41,2:57:17,2:21,1:44:04,5:24:20
2276,3752,Joseph Hill,M45-49,274,Open,New Zealand,38:19,5:08,2:42:37,2:42,1:55:34,5:24:20
2277,1126,Brendan Kessler,M35-39,352,Open,United States,30:35,7:31,2:40:05,2:17,2:03:55,5:24:24
2278,1449,Howard Yen,M65-69,12,Open,Australia,34:12,6:34,2:43:13,2:26,1:58:04,5:24:29
2279,2067,Mike Trees,M60-64,75,Open,New Zealand,31:33,4:50,2:49:38,1:54,1:56:43,5:24:38
2280,1763,Issam Albusaidi,M30-34,349,Open,Oman,36:03,6:27,2:51:05,2:05,1:49:00,5:24:40
2281,191,Alejandro Cardenas Diz,M40-44,387,Open,Mexico,27:43,7:17,2:46:42,3:38,1:59:23,5:24:44
2282,2575,Ricci Yasin,M50-54,248,Open,Hong Kong,36:29,5:26,2:46:40,1:38,1:54:32,5:24:44
2283,1223,Antonio Santos,M35-39,353,Open,Brazil,39:47,5:44,2:51:04,2:01,1:46:15,5:24:52
2284,245,Harish SUBRAMANIAN,M40-44,388,Open,India,36:39,6:43,2:51:01,2:26,1:48:06,5:24:55
2285,2518,Christoph Nuetzenadel,M55-59,178,Open,Switzerland,34:19,7:47,2:44:51,2:38,1:55:21,5:24:55
2286,2855,Mickael Le Rouzic,M50-54,249,Open,France,33:15,6:08,2:51:06,3:28,1:51:01,5:24:58
2287,1238,Kyle Malone,M35-39,354,Open,United States,32:28,7:17,2:48:06,3:35,1:53:32,5:24:58
2288,2995,Daisuke Nojima,M50-54,250,Open,Japan,31:50,6:50,2:56:38,3:00,1:46:42,5:25:00
2289,3584,Nick Jonsson,M45-49,275,Open,Sweden,34:40,7:33,2:49:10,2:50,1:50:59,5:25:12
2290,3791,Tom De Coster,M45-49,276,Open,Belgium,34:05,7:10,2:41:48,1:49,2:00:23,5:25:15
2291,1227,Quentin Berthout,M35-39,355,Open,France,30:36,5:41,2:49:55,3:15,1:55:48,5:25:15
2292,1379,Garrett Dalessandro,M65-69,13,Open,United States,37:56,9:11,2:51:05,4:03,1:43:01,5:25:17
2293,3825,Fernanda Arroyo,M45-49,277,Open,Mexico,31:34,6:36,2:49:09,3:01,1:55:05,5:25:24
2294,2566,Yuen Wai Wong,M55-59,179,Open,Hong Kong,38:13,9:30,2:59:02,2:54,1:35:50,5:25:29
2295,2249,Devashish Paul,M55-59,180,Open,Canada,32:36,6:55,2:41:08,2:43,2:02:10,5:25:32
2296,2847,Chris Nilsen,M50-54,251,Open,Canada,38:53,7:52,2:34:33,3:46,2:00:28,5:25:33
2297,3945,Malcolm Munoz,M45-49,278,Open,Panama,41:29,6:58,2:51:58,3:46,1:41:29,5:25:39
2298,3851,Aleksey Shloyda,M45-49,279,Open,Kyrgyzstan,36:28,7:11,2:49:21,2:43,1:49:56,5:25:40
2299,2731,Toshitaka Ishihara,M50-54,252,Open,Japan,32:58,7:47,2:58:11,2:43,1:44:01,5:25:40
2300,1926,Aapo Räinä,M30-34,350,Open,Finland,42:41,7:51,2:46:59,3:33,1:44:37,5:25:41
2301,2514,Scott Dunlap,M55-59,181,Open,United States,38:18,8:30,2:43:51,3:29,1:51:36,5:25:43
2302,2061,Koji Muroya,M60-64,76,Open,Japan,35:16,6:05,2:49:20,3:21,1:51:46,5:25:48
2303,2238,Ian Sharples,M55-59,182,Open,New Zealand,31:10,7:19,2:57:30,2:22,1:47:29,5:25:51
2304,2487,JACQUES TROTTIER,M55-59,183,Open,France,35:18,7:18,2:47:57,2:37,1:52:44,5:25:54
2305,1345,Tommy Dodge,M65-69,14,Open,United States,34:48,5:27,2:39:57,2:08,2:03:37,5:25:56
2306,2120,Jeff Low,M60-64,77,Open,United States,32:32,7:26,2:49:59,2:39,1:53:22,5:25:58
2307,3696,Dave Helsel,M45-49,280,Open,United States,26:47,8:42,2:58:58,4:15,1:47:17,5:25:59
2308,877,Ralph Recto Bautista,M35-39,356,Open,Philippines,35:01,5:03,2:39:16,2:25,2:04:14,5:25:59
2309,2383,Chris Liou,M55-59,184,Open,United States,34:20,7:47,2:45:51,5:24,1:52:38,5:26:00
2310,2927,Rob Debney,M50-54,253,Open,United Kingdom,41:23,6:55,2:37:03,4:10,1:56:32,5:26:03
2311,692,Rodrigo Aja,M40-44,389,Open,Mexico,30:52,10:17,2:47:31,1:59,1:55:32,5:26:11
2312,1948,Sebastien Houle,M30-34,351,Open,Canada,39:51,6:52,2:42:08,4:43,1:52:44,5:26:17
2313,2286,Christophe Bihin,M55-59,185,Open,France,34:05,7:02,2:47:00,2:49,1:55:29,5:26:25
2314,966,Adrian Manke,M35-39,357,Open,Germany,43:13,9:32,2:39:24,3:16,1:51:05,5:26:30
2315,1761,Doorgal Andrada,M30-34,352,Open,Brazil,30:30,7:37,2:50:38,4:36,1:53:14,5:26:36
2316,2104,Trev White,M60-64,78,Open,United Kingdom,38:43,8:08,2:42:26,4:24,1:52:55,5:26:36
2317,1995,Stewart Mcrobie,M60-64,79,Open,New Zealand,35:54,6:07,2:38:37,2:12,2:03:51,5:26:40
2318,2981,Mark Hand,M50-54,254,Open,Ireland,35:42,6:27,2:46:19,3:49,1:54:26,5:26:43
2319,3563,Nathan Scott,M45-49,281,Open,Australia,32:18,5:48,2:53:39,2:49,1:52:10,5:26:45
2320,107,Nic Beveridge,MHC,,Open,Australia,32:04,6:19,3:30:14,1:40,1:16:30,5:26:48
2321,2370,David Presland,M55-59,186,Open,New Zealand,32:45,6:49,2:38:30,2:42,2:06:02,5:26:49
2322,1475,Stephan Mardirossian,M65-69,15,Open,France,32:30,6:08,2:44:41,3:07,2:00:26,5:26:53
2323,3600,Sergey Bogdanov,M45-49,282,Open,Cyprus,36:49,5:38,2:44:42,3:18,1:56:37,5:27:05
2324,3942,Rafal Ogrodowczyk,M45-49,283,Open,Poland,40:46,7:01,2:50:47,2:30,1:46:01,5:27:05
2325,2204,Marc Abecassis,M60-64,80,Open,France,34:06,6:30,2:44:40,4:00,1:57:52,5:27:09
2326,2656,Al Godfrey,M50-54,255,Open,Jersey,34:44,6:41,2:38:39,3:10,2:03:55,5:27:10
2327,2133,Graham Tye,M60-64,81,Open,United Kingdom,34:35,6:29,2:43:07,4:23,1:58:43,5:27:18
2328,2241,Marko Sjöman,M55-59,187,Open,Finland,34:41,7:09,2:45:16,3:23,1:56:51,5:27:21
2329,2892,Vito Tagliente,M50-54,256,Open,Italy,35:19,7:04,2:51:13,3:06,1:50:40,5:27:22
2330,2580,Stephen Ferguson,M50-54,257,Open,United States,38:39,7:02,2:48:47,3:01,1:49:58,5:27:26
2331,2097,Eric Broutte,M60-64,82,Open,New Caledonia,33:52,6:13,2:51:31,3:06,1:52:47,5:27:27
2332,3842,Yuya Nakamichi,M45-49,284,Open,Japan,39:34,8:00,2:38:04,4:08,1:57:42,5:27:28
2333,3599,Damian Wood,M45-49,285,Open,Australia,32:41,6:17,2:47:21,3:17,1:57:52,5:27:28
2334,3653,Rafael Barajas,M45-49,286,Open,Brazil,28:45,6:36,2:54:34,2:38,1:54:57,5:27:30
2335,1206,Erik Punger,M35-39,358,Open,Estonia,35:25,5:57,2:46:48,1:55,1:57:30,5:27:35
2336,857,Bradley Heard,M35-39,359,Open,Australia,34:06,6:22,2:41:45,2:52,2:02:36,5:27:40
2337,3589,Reuben Tucker,M45-49,287,Open,New Zealand,33:11,6:18,2:46:21,1:47,2:00:05,5:27:42
2338,2787,Kristof Lavaert,M50-54,258,Open,Belgium,30:40,7:14,2:53:33,2:57,1:53:19,5:27:44
2339,2395,Charles Koskovich,M55-59,188,Open,United States,36:52,8:17,2:50:22,5:28,1:46:46,5:27:44
2340,3787,Armands Rozenbergs,M45-49,288,Open,Latvia,38:42,6:05,2:46:43,2:51,1:53:26,5:27:47
2341,2004,Phil Saussus,M60-64,83,Open,Belgium,35:51,6:40,2:46:02,2:40,1:56:37,5:27:50
2342,3740,Glenn Merkel,M45-49,289,Open,United States,34:03,7:08,2:39:43,3:08,2:03:52,5:27:54
2343,2303,Thomas Gessner,M55-59,189,Open,Germany,34:54,6:17,2:57:32,2:32,1:46:41,5:27:56
2344,3372,William Ducharme,M25-29,251,Open,Canada,36:20,7:27,2:46:53,3:44,1:53:34,5:27:58
2345,3507,Luca Krähenbühl,M18-24,116,Open,Switzerland,30:31,5:45,2:50:14,3:00,1:58:31,5:28:00
2346,2234,Peter Tanner,M55-59,190,Open,Switzerland,32:56,5:44,2:45:52,3:17,2:00:12,5:28:02
2347,2034,Peter Uhl,M60-64,84,Open,Germany,34:16,7:05,2:48:58,2:47,1:54:57,5:28:03
2348,2569,Kevin Casey,M55-59,191,Open,United States,36:56,7:18,2:34:05,3:52,2:05:53,5:28:03
2349,190,Suphathorn Ramabutr,M40-44,390,Open,Thailand,33:45,7:33,2:49:19,1:56,1:55:31,5:28:04
2350,2805,Marcus Woolley,M50-54,259,Open,New Zealand,45:16,6:19,2:33:48,4:05,1:58:39,5:28:06
2351,2434,Gerard Pinon,M55-59,192,Open,Mexico,30:59,7:53,2:48:39,2:27,1:58:11,5:28:09
2352,2999,Quentin Heiden,M50-54,260,Open,United States,28:56,6:04,2:45:32,1:56,2:05:42,5:28:11
2353,3073,Tedmund Tan Zhi Peng,M25-29,252,Open,Singapore,37:19,8:29,2:53:29,2:01,1:46:57,5:28:14
2354,2320,Todd Walter,M55-59,193,Open,United States,28:11,5:27,2:47:00,2:18,2:05:24,5:28:19
2355,3743,Nikolas Pantazis,M45-49,290,Open,Greece,40:02,6:01,2:47:18,2:40,1:52:19,5:28:20
2356,3707,Sergio Gaytan,M45-49,291,Open,Mexico,35:15,5:22,2:48:06,2:31,1:57:07,5:28:21
2357,2215,Vladimir Mikhailov,M55-59,194,Open,Kazakhstan,35:25,6:56,2:56:42,4:15,1:45:05,5:28:22
2358,2672,David Eurich,M50-54,261,Open,United States,32:40,7:12,2:46:21,2:19,1:59:52,5:28:24
2359,3941,Raj Mehrotra,M45-49,292,Open,United States,39:30,8:04,2:45:33,2:57,1:52:28,5:28:31
2360,2405,Mauro Chiericati,M55-59,195,Open,Brazil,31:10,7:33,2:45:43,3:03,2:01:08,5:28:36
2361,2390,Juan Carlos Peña,M55-59,196,Open,Colombia,32:23,5:50,2:56:49,4:33,1:49:03,5:28:37
2362,2414,Javier Cristian Scerbo,M55-59,197,Open,Argentina,33:45,6:18,2:47:01,3:25,1:58:10,5:28:38
2363,2158,Juan Miguel Raffo,M60-64,85,Open,Peru,32:27,6:24,2:52:25,2:06,1:55:17,5:28:38
2364,510,Murat Kanafin,M40-44,391,Open,Kazakhstan,42:12,6:52,2:43:57,2:59,1:52:42,5:28:41
2365,2607,Nicholas Baddour,M50-54,262,Open,Lebanon,31:32,7:20,2:53:57,3:51,1:52:03,5:28:42
2366,4026,Jeremy Glasgow,M45-49,293,Open,Canada,34:53,5:38,3:00:58,2:16,1:45:02,5:28:46
2367,2341,Masashi Machida,M55-59,198,Open,Japan,37:33,7:48,2:58:24,4:07,1:40:56,5:28:49
2368,2039,Michael Gruber,M60-64,86,Open,Germany,34:21,7:19,2:40:21,2:34,2:04:18,5:28:52
2369,2083,Todd Mitchell,M60-64,87,Open,United States,36:12,6:48,2:47:45,3:08,1:55:06,5:28:59
2370,2593,Mike Cicci,M50-54,263,Open,Canada,30:12,8:01,2:40:10,3:11,2:07:29,5:29:03
2371,438,Nikolai Kovarski,M40-44,392,Open,United States,39:01,6:59,2:51:12,3:50,1:48:07,5:29:08
2372,2652,Saburo Kobayashi,M50-54,264,Open,Japan,35:52,7:10,2:46:14,3:09,1:56:44,5:29:09
2373,2126,Shane Lye,M60-64,88,Open,New Zealand,40:36,6:52,2:46:11,2:33,1:53:01,5:29:12
2374,2986,Gordon Slemko,M50-54,265,Open,Canada,31:04,7:01,2:49:04,3:07,1:58:59,5:29:14
2375,1355,Guy Talbot Nottingham,M65-69,16,Open,South Africa,36:36,5:48,2:42:31,3:33,2:00:46,5:29:14
2376,4096,Raymond Lofamia,M45-49,294,Open,New Zealand,40:53,5:58,2:46:59,4:22,1:51:03,5:29:14
2377,221,David Lehrner,M40-44,393,Open,United States,39:12,7:52,2:46:49,3:43,1:51:39,5:29:16
2378,192,Craig Burgoine,M40-44,394,Open,United Kingdom,33:24,6:44,2:53:29,4:09,1:51:41,5:29:27
2379,4035,Daryn Wiese,M45-49,295,Open,United States,39:11,7:35,2:43:35,3:42,1:55:26,5:29:28
2380,2798,John Yip,M50-54,266,Open,Canada,32:23,7:21,2:42:05,3:24,2:04:16,5:29:29
2381,801,Gilles Macherey,M70-74,1,Open,France,34:55,6:55,2:44:12,2:55,2:00:31,5:29:29
2382,889,Michael Jordan,M35-39,360,Open,United States,30:52,6:00,2:57:20,1:57,1:53:22,5:29:30
2383,793,Bernard Laigle,M70-74,2,Open,New Caledonia,35:39,6:37,2:45:39,2:37,1:59:02,5:29:34
2384,3623,Shawn Omalley,M45-49,296,Open,United States,36:20,6:20,2:54:08,4:34,1:48:14,5:29:35
2385,1440,Jack Guedj,M65-69,17,Open,United States,32:00,8:03,2:50:53,2:29,1:56:11,5:29:36
2386,3574,Damien Néau,M45-49,297,Open,France,31:59,12:39,2:51:14,2:22,1:51:27,5:29:40
2387,2293,Jon Dorn,M55-59,199,Open,United States,36:19,6:24,2:47:59,2:56,1:56:03,5:29:41
2388,2679,Hamish Pepper,M50-54,267,Open,New Zealand,31:39,5:49,2:40:11,1:59,2:10:05,5:29:44
2389,2107,Ove Kaaseth,M60-64,89,Open,Norway,34:41,5:53,2:48:49,3:20,1:57:04,5:29:47
2390,4075,Lukasz Wagemann,M45-49,298,Open,Poland,30:59,6:18,2:45:33,4:00,2:03:03,5:29:52
2391,2049,Troy Harrison,M60-64,90,Open,Australia,38:57,7:59,2:46:58,3:45,1:52:14,5:29:53
2392,2638,Todd Malcolm,M50-54,268,Open,Canada,32:14,5:35,2:54:46,3:33,1:53:45,5:29:54
2393,3233,Rafael Yonezawa De Mello,M25-29,253,Open,Brazil,35:45,6:29,2:50:28,3:39,1:53:41,5:30:02
2394,1497,Brendan Condon,M30-34,353,Open,Ireland,34:14,5:34,2:58:42,2:44,1:48:51,5:30:04
2395,3156,Jack Kramer,M25-29,254,Open,United States,31:25,6:22,2:41:55,2:03,2:08:21,5:30:06
2396,288,Massimo La Gioia,M40-44,395,Open,Italy,33:59,5:52,2:53:08,3:12,1:53:59,5:30:09
2397,3800,Matthew Dixon,M45-49,299,Open,United States,27:08,5:51,2:46:52,3:54,2:06:28,5:30:12
2398,2364,Neil Wallack,M55-59,200,Open,United States,32:22,8:35,2:57:16,3:35,1:48:25,5:30:13
2399,2180,Mark Wilson,M60-64,91,Open,Australia,43:21,6:30,2:46:07,3:10,1:51:14,5:30:22
2400,3048,Christian Plesca,M25-29,255,Open,Romania,40:46,7:18,2:45:45,2:55,1:53:52,5:30:37
2401,4018,Mark Castrey,M45-49,300,Open,Australia,39:07,6:46,2:51:17,2:51,1:50:40,5:30:40
2402,2457,Michal Spelda,M55-59,201,Open,Czechia,34:02,9:00,2:50:16,4:27,1:53:02,5:30:48
2403,3996,Christopher Henry,M45-49,301,Open,Australia,32:57,6:23,2:27:35,2:18,2:21:36,5:30:49
2404,2015,Glenn Matthews,M60-64,92,Open,Australia,37:07,7:44,2:40:35,3:11,2:02:15,5:30:53
2405,3346,Maxwell Montante,M25-29,256,Open,United States,34:48,6:47,2:56:11,3:13,1:49:55,5:30:54
2406,472,Melvin Benzon,M40-44,396,Open,Philippines,36:27,5:17,2:53:27,3:26,1:52:18,5:30:55
2407,3838,Francesco PAEZ,M45-49,302,Open,Colombia,34:07,6:36,2:57:48,2:53,1:49:34,5:30:56
2408,3654,Nikos Ntaifas,M45-49,303,Open,Greece,36:41,8:20,2:46:54,3:16,1:55:45,5:30:57
2409,2114,Nigel Waterhouse,M60-64,93,Open,United Kingdom,33:11,8:01,2:53:43,3:44,1:52:19,5:30:58
2410,2076,Denis Mahot,M60-64,94,Open,France,34:37,6:45,2:48:28,4:02,1:57:10,5:31:01
2411,264,Christian Hess,M40-44,397,Open,Switzerland,33:40,6:45,2:54:30,2:23,1:53:43,5:31:01
2412,3595,Nuno Rijo,M45-49,304,Open,Portugal,39:47,5:42,2:53:25,2:24,1:49:46,5:31:04
2413,1603,Jacopo Basso,M30-34,354,Open,Italy,35:34,6:34,2:39:32,3:41,2:05:49,5:31:09
2414,2773,Luis Martin Olivera,M50-54,269,Open,Argentina,37:16,6:07,2:54:29,3:35,1:49:44,5:31:10
2415,1369,Phil Davies,M65-69,18,Open,Australia,32:09,4:59,2:40:28,2:46,2:10:51,5:31:13
2416,285,Balazs Szalo,M40-44,398,Open,Hungary,43:00,5:30,2:49:25,2:40,1:50:46,5:31:22
2417,3955,Jim Lubinski,M45-49,305,Open,United States,29:39,4:23,2:36:45,1:48,2:18:48,5:31:23
2418,2988,Andreas Sennheiser,M50-54,270,Open,Germany,34:34,8:44,2:56:16,1:58,1:49:53,5:31:25
2419,112,Mark Parrott,M40-44,399,Open,United States,37:58,6:36,2:48:54,2:54,1:55:05,5:31:27
2420,2261,Greg Boyle,M55-59,202,Open,Australia,33:48,6:14,2:46:01,3:37,2:01:48,5:31:28
2421,1432,Pedro Scordo,M65-69,19,Open,Argentina,38:04,5:53,2:59:29,4:08,1:43:57,5:31:31
2422,1900,Alex Bradbury,M30-34,355,Open,United States,28:32,6:22,2:47:17,4:27,2:04:54,5:31:32
2423,1197,Francois Guitard,M35-39,361,Open,Canada,39:03,6:29,2:52:09,3:02,1:50:52,5:31:35
2424,3529,Noel Magun,M18-24,117,Open,Switzerland,29:21,6:02,2:45:05,4:45,2:06:30,5:31:43
2425,2565,Olivier Görlich,M55-59,203,Open,France,30:05,6:18,2:47:54,2:35,2:04:57,5:31:49
2426,1429,Doug Morris,M65-69,20,Open,United States,31:33,6:02,2:56:20,3:05,1:54:55,5:31:56
2427,1686,Albert Cui,M30-34,356,Open,United States,47:27,9:34,2:56:52,3:09,1:34:55,5:31:57
2428,2834,Darren Hodges,M50-54,271,Open,United Kingdom,34:36,6:58,2:47:12,3:11,2:00:00,5:31:57
2429,3837,Krister Haav,M45-49,306,Open,Estonia,32:35,6:16,2:48:02,4:20,2:00:45,5:31:58
2430,1964,Bobby Khouz,M30-34,357,Open,United States,36:56,6:54,2:42:18,3:06,2:02:46,5:32:00
2431,3721,Todd Hufnagle,M45-49,307,Open,United States,30:48,7:44,2:58:23,2:54,1:52:15,5:32:05
2432,2270,Pierre Guillaume,M55-59,204,Open,France,36:00,5:54,3:02:13,3:23,1:44:37,5:32:07
2433,3591,Antonio Vanni,M45-49,308,Open,Brazil,38:41,6:49,2:45:44,3:14,1:57:40,5:32:08
2434,2498,Christophe Bailet,M55-59,205,Open,France,36:50,5:59,2:47:46,2:08,1:59:25,5:32:08
2435,3613,Lee Weatherhead,M45-49,309,Open,United States,34:38,5:55,2:52:19,4:32,1:54:48,5:32:12
2436,2171,Craig West,M60-64,95,Open,South Africa,36:25,7:56,2:49:49,3:21,1:54:42,5:32:13
2437,2077,Ed Mcgovern,M60-64,96,Open,United States,35:43,6:40,2:53:45,2:20,1:53:53,5:32:21
2438,2082,Kwet Ki Benjamin Lee,M60-64,97,Open,Indonesia,35:31,6:29,2:41:48,2:46,2:05:47,5:32:22
2439,2064,Russ Pope,M60-64,98,Open,New Zealand,41:33,8:00,2:48:13,2:36,1:52:00,5:32:22
2440,1297,Edwin Tan-Wick,M35-39,362,Open,United States,39:09,7:31,2:43:01,3:29,1:59:25,5:32:37
2441,1476,Roland Eble,M65-69,21,Open,Switzerland,34:01,5:30,2:39:34,3:19,2:10:13,5:32:37
2442,3874,Keegan Stueck,M45-49,310,Open,Canada,33:28,16:34,2:45:19,2:21,1:54:55,5:32:37
2443,2951,John Haywood,M50-54,272,Open,United Kingdom,42:59,8:16,2:44:49,2:42,1:53:56,5:32:42
2444,3824,Finn Gutkin,M45-49,311,Open,United Kingdom,38:25,5:59,3:00:23,3:29,1:44:29,5:32:45
2445,2513,Tony Kotas,M55-59,206,Open,United States,37:34,6:03,2:51:11,1:53,1:56:05,5:32:46
2446,557,Khurram Khan,M40-44,400,Open,Pakistan,49:49,5:31,2:45:32,2:58,1:49:02,5:32:52
2447,1406,Bernhard Schneider,M65-69,22,Open,Switzerland,34:28,6:21,2:47:19,2:45,2:02:10,5:33:03
2448,693,Herchel Portella,M40-44,401,Open,United States,36:57,6:11,2:56:07,2:12,1:51:38,5:33:05
2449,3397,Ryan O'Hara,M18-24,118,Open,Australia,39:05,7:03,2:59:44,2:09,1:45:04,5:33:05
2450,2662,Enrico Fontana,M50-54,273,Open,Italy,36:13,7:50,2:58:12,3:43,1:47:16,5:33:14
2451,2299,Koichi Kanomata,M55-59,207,Open,Japan,40:58,8:07,2:53:25,3:49,1:46:58,5:33:16
2452,3652,Aldo Corso,M45-49,312,Open,Italy,36:12,7:41,2:57:25,4:02,1:48:05,5:33:26
2453,3611,Oleksandr Golovatyi,M45-49,313,Open,Ukraine,33:10,5:26,2:54:30,2:07,1:58:20,5:33:32
2454,1457,Rodrigo Danioni,M65-69,23,Open,Chile,29:33,7:15,2:44:50,2:56,2:09:00,5:33:34
2455,1339,Jesus-Manuel Peral-Ocana,M65-69,24,Open,France,38:02,8:22,2:42:14,2:37,2:02:19,5:33:34
2456,2212,Rob Searle,M60-64,99,Open,New Zealand,33:44,7:00,2:38:55,2:26,2:11:31,5:33:36
2457,2724,Calvin McDonald,M50-54,274,Open,Canada,30:13,6:15,2:37:57,5:42,2:13:28,5:33:36
2458,3211,Nicholas Bonat,M25-29,257,Open,United States,34:42,8:32,2:56:58,2:39,1:50:45,5:33:36
2459,2098,Robert Nielsen,M60-64,100,Open,Canada,34:02,7:03,2:43:16,2:55,2:06:21,5:33:36
2460,2088,James Turner,M60-64,101,Open,New Zealand,47:34,6:14,2:49:06,3:45,1:47:06,5:33:45
2461,2726,Stephen Pitre,M50-54,275,Open,United States,35:39,6:55,2:53:07,2:48,1:55:17,5:33:45
2462,2084,Denis St-Pierre,M60-64,102,Open,Canada,31:48,6:47,2:44:10,2:45,2:08:21,5:33:51
2463,324,Alexandre Trudel,M40-44,402,Open,Canada,42:01,5:44,2:41:24,3:02,2:01:46,5:33:58
2464,1343,Aldo Nobili,M65-69,25,Open,Italy,32:35,5:55,2:51:16,2:35,2:01:42,5:34:02
2465,3038,Kenji Katsuragi,M50-54,276,Open,Japan,35:00,7:31,3:03:05,4:14,1:44:14,5:34:04
2466,2175,Mikhail Zhuravlev,M60-64,103,Open,Canada,41:01,6:42,3:02:50,3:17,1:40:14,5:34:04
2467,1652,Jason Wong,M30-34,358,Open,United States,32:46,6:04,2:50:55,2:38,2:01:43,5:34:06
2468,2993,Rene Ricardo Tayag,M50-54,277,Open,Philippines,36:35,5:37,2:46:52,3:01,2:02:12,5:34:17
2469,3883,Anthony Heaton-Jones,M45-49,314,Open,United Kingdom,34:51,7:07,2:38:57,3:06,2:10:27,5:34:27
2470,2712,Neil Millward,M50-54,278,Open,United Kingdom,37:13,7:08,2:42:01,3:05,2:05:08,5:34:36
2471,2090,Paul Scsavnicki,M60-64,104,Open,United States,38:53,7:04,2:46:19,2:55,1:59:26,5:34:38
2472,1397,Pierre Paquette,M65-69,26,Open,Canada,40:35,5:41,2:48:52,3:21,1:56:14,5:34:43
2473,3117,Robert Hamilton,M25-29,258,Open,United Kingdom,39:15,6:07,2:48:17,2:37,1:58:28,5:34:43
2474,1999,Harry Neuhaus,M60-64,105,Open,Mexico,34:38,6:23,2:53:18,4:03,1:56:26,5:34:49
2475,2349,Sean Casey,M55-59,208,Open,United States,36:22,5:54,2:49:57,5:03,1:57:37,5:34:53
2476,1370,David Sereno,M65-69,27,Open,United States,37:48,6:49,2:51:45,4:12,1:54:18,5:34:53
2477,3014,Marvin Suntonvipart,M50-54,279,Open,United States,38:44,7:01,2:56:21,3:07,1:49:43,5:34:57
2478,747,Ortwin Ruland,M70-74,3,Open,Germany,46:34,7:48,2:42:58,2:55,1:54:42,5:34:58
2479,2830,Artur Praun,M50-54,280,Open,Estonia,33:10,6:14,3:00:36,7:07,1:48:00,5:35:06
2480,2648,Ming-Hong Tsai,M50-54,281,Open,Taiwan,41:26,5:26,2:51:21,2:48,1:54:08,5:35:08
2481,122,Sager Alkhalifa,M40-44,403,Open,Bahrain,34:33,6:07,2:50:07,2:47,2:01:37,5:35:12
2482,3005,Adam Hunt,M50-54,282,Open,Australia,31:23,7:44,2:57:50,3:29,1:54:46,5:35:13
2483,2069,Jean-Christophe Lemaire,M60-64,106,Open,France,39:46,9:05,2:49:05,3:01,1:54:16,5:35:13
2484,1413,Nathan Livingstone,M65-69,28,Open,New Zealand,38:06,7:32,2:45:40,3:33,2:00:23,5:35:14
2485,2066,Christopher Klein,M60-64,107,Open,United States,36:48,6:39,2:53:50,2:27,1:55:34,5:35:19
2486,2026,Adão Francisco,M60-64,108,Open,Brazil,36:48,6:40,2:48:42,3:50,1:59:24,5:35:23
2487,3612,Ricardo Alvarado,M45-49,315,Open,Puerto Rico,34:41,5:23,2:52:31,2:50,1:59:59,5:35:24
2488,3395,Eduardo Dib,M18-24,119,Open,Brazil,40:35,5:36,2:44:35,1:59,2:02:41,5:35:25
2489,441,Jonathan Smith,M40-44,404,Open,United States,32:45,6:01,2:58:45,2:43,1:55:14,5:35:28
2490,1424,Mike Pugh,M65-69,29,Open,Canada,35:49,6:14,2:49:45,2:34,2:01:05,5:35:28
2491,2660,Gwenael Kerboas,M50-54,283,Open,France,33:37,6:52,2:51:17,3:03,2:00:39,5:35:28
2492,1517,Matt Guy,M30-34,359,Open,United Kingdom,38:15,6:06,2:45:51,3:17,2:02:03,5:35:33
2493,2842,Kerrigan Jason,M50-54,284,Open,Australia,32:38,7:51,2:46:45,3:56,2:04:24,5:35:34
2494,2538,Robert Lewis,M55-59,209,Open,United States,33:48,7:30,2:58:33,3:54,1:51:50,5:35:35
2495,3749,Dirk Koehler,M45-49,316,Open,Germany,35:33,10:00,2:41:40,6:14,2:02:11,5:35:38
2496,2534,Corby Bittner,M55-59,210,Open,United States,34:47,7:04,2:44:32,3:14,2:06:04,5:35:40
2497,2512,Robert Haynes,M55-59,211,Open,United States,37:32,7:38,2:46:22,3:43,2:00:30,5:35:45
2498,1994,William Carlson,M60-64,109,Open,United States,33:46,8:59,2:42:37,4:09,2:06:19,5:35:49
2499,634,Eamonn Sinnott,M40-44,405,Open,Ireland,44:50,7:03,2:37:32,2:52,2:03:38,5:35:55
2500,121,Marko Tõll,M40-44,406,Open,Estonia,40:43,6:06,2:54:12,1:51,1:53:02,5:35:55
2501,3970,David Jenkins,M45-49,317,Open,New Zealand,32:40,5:57,3:05:06,2:40,1:49:33,5:35:56
2502,2223,Paul Vosloo,M55-59,212,Open,United Kingdom,28:13,6:04,2:43:44,2:51,2:15:06,5:35:59
2503,2048,Ian Hersey,M60-64,110,Open,United States,36:17,6:30,2:53:01,4:00,1:56:13,5:36:01
2504,266,Manuel Cardozo,M40-44,407,Open,Venezuela,45:54,8:18,2:49:34,2:38,1:49:38,5:36:02
2505,1985,Yoshihisa Takase,M60-64,111,Open,Japan,41:28,8:17,2:50:06,2:52,1:53:20,5:36:02
2506,2721,Matsuo Katsumi,M50-54,285,Open,Japan,33:15,7:08,2:50:25,3:32,2:01:44,5:36:04
2507,3927,Jasen Santiago,M45-49,318,Open,United States,36:28,6:09,2:57:56,4:57,1:50:38,5:36:08
2508,3657,Franck Pichard,M45-49,319,Open,France,40:44,6:05,2:54:40,2:12,1:52:30,5:36:12
2509,905,Stephen Zarate,M35-39,363,Open,Philippines,37:43,6:25,2:55:32,2:53,1:53:40,5:36:14
2510,2930,William Dvoranchik,M50-54,286,Open,United States,32:10,6:37,2:55:27,4:56,1:57:14,5:36:23
2511,1628,Eric Cheng,M30-34,360,Open,United States,33:03,7:28,2:54:10,4:46,1:56:57,5:36:23
2512,4038,Sean Quigley,M45-49,320,Open,United States,35:43,6:56,2:48:46,4:32,2:00:28,5:36:25
2513,2094,Georg Geywitz,M60-64,112,Open,Germany,50:16,7:24,2:43:44,3:32,1:51:31,5:36:27
2514,1447,Peter Laute,M65-69,30,Open,United States,32:03,7:08,2:58:20,4:15,1:54:45,5:36:31
2515,3912,Jaroslaw Czaja,M45-49,321,Open,Poland,47:33,6:49,2:55:04,2:30,1:44:37,5:36:33
2516,1489,Rudy Hoarau,M30-34,361,Open,France,33:13,7:47,2:48:46,3:22,2:03:29,5:36:37
2517,3015,David Mair,M50-54,287,Open,Australia,33:59,5:51,2:41:10,2:29,2:13:10,5:36:39
2518,2100,Rolf Olmesdahl,M60-64,113,Open,Switzerland,32:45,6:51,2:48:33,3:27,2:05:09,5:36:45
2519,745,Paul Berry,M70-74,4,Open,New Zealand,44:20,7:05,2:50:33,3:42,1:51:06,5:36:46
2520,2583,Norberto Soto,M50-54,288,Open,Argentina,28:17,6:34,2:47:53,3:26,2:10:37,5:36:46
2521,2481,Christopher Orr,M55-59,213,Open,Canada,32:04,7:16,2:45:21,3:44,2:08:23,5:36:48
2522,3660,Michael Petrie,M45-49,322,Open,United States,33:50,6:14,2:41:53,4:48,2:10:10,5:36:54
2523,1847,Wouter Hulsman,M30-34,362,Open,Netherlands,42:46,7:05,2:57:38,1:49,1:47:45,5:37:03
2524,2416,Maciej Król,M55-59,214,Open,Poland,37:04,5:32,2:52:27,3:52,1:58:10,5:37:05
2525,3541,Dallen Miller,M18-24,120,Open,United States,33:50,4:43,2:40:54,2:11,2:15:33,5:37:10
2526,2664,Erich Tüll,M50-54,289,Open,Austria,34:27,13:15,2:47:29,2:44,1:59:19,5:37:15
2527,566,Nathan Tanner,M40-44,408,Open,United States,31:48,7:41,2:55:02,3:25,1:59:33,5:37:29
2528,2492,Emmanuel Mondero,M55-59,215,Open,Philippines,37:09,6:55,2:47:35,5:08,2:00:42,5:37:29
2529,2032,Pablo Izurieta Canova,M60-64,114,Open,Ecuador,33:19,7:56,2:54:43,5:03,1:56:31,5:37:31
2530,3585,Cenk Arslan,M45-49,323,Open,Turkey,32:53,7:03,2:57:50,3:03,1:56:50,5:37:40
2531,3571,Adam Pron,M45-49,324,Open,Poland,39:23,5:13,2:57:20,2:17,1:53:28,5:37:41
2532,2758,Mike Bishop,M50-54,290,Open,United Kingdom,36:58,6:24,2:59:11,3:18,1:51:50,5:37:41
2533,1744,Reece Bond,M30-34,363,Open,United Kingdom,37:02,8:06,2:52:41,3:22,1:56:34,5:37:46
2534,2427,George Smith,M55-59,216,Open,United States,38:30,7:30,2:51:04,3:21,1:57:25,5:37:49
2535,2258,Rob Marshall,M55-59,217,Open,United Kingdom,30:58,8:00,2:54:23,3:46,2:00:44,5:37:51
2536,3650,Jerome Bach,M45-49,325,Open,France,31:13,6:13,2:41:57,3:49,2:14:42,5:37:55
2537,3195,Satar Salem,M25-29,259,Open,Philippines,29:05,6:23,3:27:08,4:40,1:30:40,5:37:55
2538,1448,Tom Gibson,M65-69,31,Open,Australia,29:40,5:36,2:55:42,2:00,2:04:57,5:37:55
2539,2459,Andreas Goros,M55-59,218,Open,Greece,32:33,6:56,3:06:13,6:02,1:46:11,5:37:56
2540,2969,Francesco Uberto,M50-54,291,Open,Italy,31:51,5:57,2:52:57,2:27,2:04:44,5:37:57
2541,2536,Rodney Zawalykut,M55-59,219,Open,Canada,33:19,6:08,2:45:03,2:25,2:11:02,5:37:57
2542,367,Jake Salvador,M40-44,409,Open,Philippines,44:25,6:39,2:42:27,2:48,2:01:38,5:37:57
2543,3608,Sean Edwards,M45-49,326,Open,United States,35:33,5:50,2:51:23,2:12,2:03:04,5:38:03
2544,4098,Luis Corrales,M30-34,364,Open,Costa Rica,36:27,6:58,2:48:37,2:12,2:03:53,5:38:06
2545,2321,Richard Roper,M55-59,220,Open,United Kingdom,37:27,6:19,2:54:26,2:41,1:57:14,5:38:07
2546,1618,Reed Thayer,M30-34,365,Open,United States,37:52,5:59,2:50:38,5:42,1:58:00,5:38:11
2547,1989,Tom Mcinnes,M60-64,115,Open,United Kingdom,37:20,6:21,2:48:23,3:18,2:02:55,5:38:17
2548,2326,Dominic Toole,M55-59,221,Open,Australia,32:30,8:30,2:55:51,2:50,1:58:41,5:38:22
2549,1443,Shaun McCarthy,M65-69,32,Open,New Zealand,37:06,6:59,2:55:05,3:45,1:55:31,5:38:26
2550,2149,Peter Emele,M60-64,116,Open,Germany,35:09,6:38,2:46:20,2:41,2:07:41,5:38:30
2551,2909,Ryan Grove,M50-54,292,Open,United States,37:13,7:34,2:59:17,3:01,1:51:29,5:38:33
2552,2791,Chris West,M50-54,293,Open,United States,38:15,8:20,2:53:26,5:37,1:52:57,5:38:36
2553,2444,Lampros Florakis,M55-59,222,Open,Greece,35:15,6:17,2:44:41,2:54,2:09:33,5:38:40
2554,2582,Thorsten Schmidt,M50-54,294,Open,Germany,35:45,6:34,2:43:22,3:18,2:09:45,5:38:45
2555,3581,Brett Heyes,M45-49,327,Open,South Africa,31:01,5:17,2:58:39,1:48,2:02:14,5:39:01
2556,2211,Olivier Ponthieu,M60-64,117,Open,France,32:28,5:40,2:56:43,2:40,2:01:41,5:39:12
2557,1131,Hector Cervantes Arteaga,M35-39,364,Open,Mexico,30:40,6:25,3:22:53,4:52,1:34:39,5:39:29
2558,2350,Carlos Kornfeld,M55-59,223,Open,Brazil,34:22,6:56,2:56:28,3:10,1:58:37,5:39:33
2559,2109,Miles Speedie,M60-64,118,Open,Canada,37:30,8:22,2:48:20,4:21,2:01:03,5:39:36
2560,2300,Paul Gallardo,M55-59,224,Open,United States,36:30,6:50,2:53:15,3:19,1:59:46,5:39:40
2561,2221,Thomas Emerick,M55-59,225,Open,United States,28:25,5:53,2:34:59,2:43,2:27:47,5:39:46
2562,1172,Alexandre Martin,M35-39,365,Open,France,32:51,5:23,3:02:02,2:49,1:57:09,5:40:15
2563,1415,Klaus Eckhardt,M65-69,33,Open,Germany,35:15,7:35,2:46:55,4:22,2:06:08,5:40:16
2564,2817,Scott Curry,M50-54,295,Open,Canada,30:39,4:52,2:45:59,2:36,2:16:12,5:40:18
2565,1383,Alden Philbrick,M65-69,34,Open,United States,36:26,9:39,2:52:08,3:28,1:58:42,5:40:24
2566,3673,Alberto Ramos,M45-49,328,Open,Spain,26:14,6:03,3:07:34,2:34,1:58:01,5:40:27
2567,2845,Nicholas Mawdsley,M50-54,296,Open,Hong Kong,38:43,6:29,3:00:42,3:25,1:51:10,5:40:28
2568,668,Shea Warnes,M40-44,410,Open,United Kingdom,42:59,7:53,2:56:39,3:43,1:49:20,5:40:34
2569,2488,Mauro Giorchino,M55-59,226,Open,Brazil,29:41,8:09,2:44:16,4:08,2:14:22,5:40:36
2570,2053,David Virden,M60-64,119,Open,United Kingdom,33:15,6:50,2:58:33,2:43,1:59:16,5:40:38
2571,830,Tiago Santa Ritta,M35-39,366,Open,Brazil,37:27,5:49,3:01:39,3:22,1:52:26,5:40:43
2572,235,Simon Bonnici,M40-44,411,Open,France,44:15,6:44,2:47:25,3:04,1:59:18,5:40:45
2573,2962,Andy Dawson,M50-54,297,Open,United States,27:58,6:09,3:13:37,3:03,1:50:12,5:40:59
2574,2000,Bruce Gerry,M60-64,120,Open,Canada,42:31,7:47,2:50:36,2:34,1:57:31,5:40:59
2575,2121,Cameron Condie,M60-64,121,Open,South Africa,43:18,7:03,2:44:09,2:27,2:04:06,5:41:03
2576,3509,Tyler Rivenbark,M18-24,121,Open,United States,37:21,5:26,2:48:18,9:41,2:00:30,5:41:16
2577,329,Ross Wallach,M40-44,412,Open,United States,39:13,7:09,2:53:27,4:05,1:57:24,5:41:19
2578,3871,Clark Thomson,M45-49,329,Open,Canada,35:05,7:13,2:54:04,2:31,2:02:26,5:41:20
2579,1679,Thomas Thai,M30-34,366,Open,Canada,39:28,6:59,2:59:12,2:56,1:52:45,5:41:21
2580,3039,João Cunha Rego,M50-54,298,Open,Portugal,31:08,7:46,2:40:31,3:41,2:18:19,5:41:25
2581,3698,Yong Wei Chia,M45-49,330,Open,Malaysia,34:56,7:28,2:49:29,2:36,2:07:03,5:41:32
2582,517,Marcus Conrad,M40-44,413,Open,Germany,38:31,3:45,3:29:47,5:17,1:24:24,5:41:44
2583,2506,Holger Ludwig,M55-59,227,Open,Germany,26:24,6:09,3:24:43,3:07,1:41:26,5:41:49
2584,1907,Breck Collins,M30-34,367,Open,United States,33:17,8:19,2:51:05,2:42,2:06:29,5:41:52
2585,825,Yuki Yamamura,M35-39,367,Open,Japan,33:12,7:33,2:51:28,3:42,2:06:00,5:41:54
2586,2913,Paul Torossian,M50-54,299,Open,France,31:30,7:25,2:56:08,3:58,2:03:02,5:42:03
2587,802,Stefano Piolanti,M70-74,5,Open,Italy,42:14,6:03,2:40:37,3:32,2:09:40,5:42:06
2588,995,Tomasz Górecki,M35-39,368,Open,Poland,29:38,5:38,2:50:36,2:11,2:14:06,5:42:08
2589,2560,James Schuchman,M55-59,228,Open,United States,37:01,8:29,2:53:24,3:47,1:59:28,5:42:09
2590,3949,Alan Johnson,M45-49,331,Open,United States,35:05,6:39,2:46:09,4:22,2:09:54,5:42:10
2591,2397,Pierre Baude,M55-59,229,Open,France,30:42,6:43,2:56:32,2:56,2:05:19,5:42:12
2592,2193,Torsten Krebs,M60-64,122,Open,Germany,37:19,5:40,2:58:56,2:21,1:58:01,5:42:17
2593,1420,Janusz Misiaszek,M65-69,35,Open,Poland,40:18,7:02,2:58:54,3:26,1:52:39,5:42:19
2594,2531,Edwin Osiecki,M55-59,230,Open,Poland,36:23,6:08,3:00:33,1:50,1:57:34,5:42:28
2595,768,Philip Hanley,M70-74,6,Open,Australia,35:45,6:12,2:54:14,2:21,2:04:07,5:42:39
2596,2344,Konstantin Dudnik,M55-59,231,Open,Kazakhstan,41:32,8:20,2:50:59,3:18,1:58:30,5:42:39
2597,2381,Seb Shepley,M55-59,232,Open,United Kingdom,40:32,6:25,2:54:54,2:18,1:58:31,5:42:40
2598,1433,Bernd-Rüdiger Worm,M65-69,36,Open,Germany,37:33,8:10,2:56:16,3:27,1:57:24,5:42:50
2599,2388,Dai Matsui,M55-59,233,Open,Japan,32:13,6:48,2:47:31,3:08,2:13:12,5:42:53
2600,2159,Michael Cutting,M60-64,123,Open,Australia,37:33,6:59,2:42:54,3:35,2:11:56,5:42:56
2601,2052,Dave Scott,M60-64,124,Open,New Zealand,33:47,5:24,3:05:11,1:59,1:56:38,5:42:58
2602,1344,Kim Cook,M65-69,37,Open,Australia,35:02,7:37,2:54:08,4:06,2:02:04,5:42:58
2603,2398,Damian Walsh,M55-59,234,Open,Australia,36:37,7:22,2:58:52,3:01,1:57:08,5:43:00
2604,2965,Martin Hill,M50-54,300,Open,New Zealand,37:19,6:31,2:49:06,2:17,2:08:00,5:43:13
2605,2948,Sébastien Lemaire,M50-54,301,Open,France,34:48,5:49,2:59:59,1:56,2:00:48,5:43:20
2606,3154,Joshua Butcher,M25-29,260,Open,New Zealand,32:12,5:56,3:05:11,2:53,1:57:08,5:43:20
2607,1782,Jesse Curry,M30-34,368,Open,United States,33:02,7:25,2:57:40,2:20,2:02:55,5:43:23
2608,3983,Luis Miguel Suito,M45-49,332,Open,Peru,34:46,6:29,2:47:52,2:00,2:12:16,5:43:23
2609,1631,Stefano Atella,M30-34,369,Open,Italy,36:30,5:47,2:56:25,2:36,2:02:05,5:43:24
2610,3914,Trent Standen,M45-49,333,Open,Australia,32:53,19:49,2:55:09,2:59,1:52:35,5:43:25
2611,2027,Stephen Kemp,M60-64,125,Open,United Kingdom,37:25,7:19,2:59:07,3:12,1:56:28,5:43:31
2612,1609,Landon Lane,M30-34,370,Open,United States,32:07,7:03,2:59:52,2:53,2:01:40,5:43:35
2613,376,César Arnulfo Pedraza Martinez,M40-44,414,Open,Colombia,44:08,7:43,3:00:15,3:39,1:48:00,5:43:46
2614,2774,Michael Jacobs,M50-54,302,Open,Canada,40:37,6:52,2:56:24,2:51,1:57:04,5:43:47
2615,2118,Sid Wavrin,M60-64,126,Open,United States,33:25,5:48,3:03:32,3:40,1:57:29,5:43:54
2616,2287,Siegfried Pittet,M55-59,235,Open,Thailand,35:41,6:14,2:59:07,2:02,2:00:51,5:43:55
2617,3863,Justin Tan,M45-49,334,Open,Singapore,31:51,6:24,3:07:07,5:22,1:53:16,5:44:00
2618,3123,Samuel Solcher,M25-29,261,Open,United States,31:41,6:00,3:06:29,4:39,1:55:11,5:44:00
2619,1326,Jason Cole,M35-39,369,Open,United States,33:16,6:46,2:49:48,3:54,2:10:18,5:44:02
2620,3262,Boey Chen,M25-29,262,Open,Korea,43:45,5:40,3:01:43,2:26,1:50:42,5:44:15
2621,1377,Trausti Valdimarsson,M65-69,38,Open,Iceland,35:26,5:31,2:53:56,2:15,2:07:23,5:44:30
2622,1419,John Bergeron,M65-69,39,Open,United States,34:01,8:13,3:01:09,3:06,1:58:03,5:44:31
2623,1389,David Johns,M65-69,40,Open,United States,36:20,7:50,2:56:24,3:45,2:00:12,5:44:32
2624,2174,Jean Colin,M60-64,127,Open,France,32:13,6:31,2:59:30,2:51,2:03:35,5:44:40
2625,1396,Istvan Makk,M65-69,41,Open,Hungary,38:01,6:29,2:48:55,2:47,2:08:29,5:44:41
2626,3031,Maciej Skotarczak,M50-54,303,Open,Poland,36:09,5:56,2:51:22,3:28,2:07:52,5:44:46
2627,2692,Mikhail Petrovskikh,M50-54,304,Open,United States,42:07,6:11,2:55:51,4:08,1:56:31,5:44:48
2628,3741,Ludovic Boisrame,M45-49,335,Open,France,37:46,7:54,2:59:33,3:35,1:56:00,5:44:49
2629,979,Anthony Rochette,M35-39,370,Open,France,47:46,7:14,2:49:58,2:30,1:57:22,5:44:50
2630,3701,Choon Siang Tan,M45-49,336,Open,Singapore,46:21,5:59,3:02:05,2:31,1:47:53,5:44:50
2631,3884,Tyler Long,M45-49,337,Open,United States,26:45,9:20,3:07:27,4:05,1:57:29,5:45:06
2632,3183,Dallas Kittrell,M25-29,263,Open,United States,34:20,6:52,2:53:35,4:41,2:05:43,5:45:11
2633,2124,Paul Serreyn,M60-64,128,Open,United States,41:56,6:24,2:55:28,2:51,1:58:32,5:45:11
2634,783,Bertil Lind,M70-74,7,Open,Sweden,44:32,8:09,2:54:29,3:25,1:54:54,5:45:29
2635,1310,Alban Schroeder,M35-39,371,Open,France,37:13,9:12,3:00:07,6:01,1:52:59,5:45:31
2636,2998,Kristy Richardson,M50-54,305,Open,Australia,36:40,6:01,2:47:38,2:16,2:13:00,5:45:34
2637,2054,Tom Champion,M60-64,129,Open,Canada,32:53,8:26,3:00:19,3:49,2:00:09,5:45:36
2638,1610,Irvin Coste,M30-34,371,Open,France,31:54,7:02,2:53:36,2:51,2:10:16,5:45:39
2639,2269,Pat Linehan,M55-59,236,Open,Ireland,34:37,7:32,3:02:13,2:34,1:58:44,5:45:40
2640,3756,Eric Tyler,M45-49,338,Open,United States,30:47,5:57,3:00:21,2:47,2:05:54,5:45:46
2641,2462,Art Miller,M55-59,237,Open,United States,32:46,6:23,2:55:43,2:55,2:08:02,5:45:48
2642,1037,Bjoern Meyer,M35-39,372,Open,Germany,37:22,6:30,2:48:36,2:58,2:10:24,5:45:50
2643,3004,Scott Steiner,M50-54,306,Open,United States,40:22,8:26,2:53:49,6:13,1:57:04,5:45:54
2644,1381,David Becker,M65-69,42,Open,United States,35:14,8:24,2:54:56,2:41,2:04:42,5:45:56
2645,1901,Abhishek Ahire,M30-34,372,Open,India,40:17,7:37,3:01:55,2:52,1:53:16,5:45:58
2646,2382,Eric Tremblay,M55-59,238,Open,Canada,38:02,8:03,2:56:28,3:00,2:00:25,5:45:59
2647,764,Graham Plews,M70-74,8,Open,United Kingdom,42:35,6:24,2:49:51,3:19,2:03:50,5:46:00
2648,1446,Willem Derks,M65-69,43,Open,Netherlands,40:23,7:22,2:59:41,3:39,1:55:01,5:46:05
2649,1427,Edward Fahy,M65-69,44,Open,Ireland,42:37,7:25,2:59:07,4:06,1:53:01,5:46:15
2650,2799,Alessandro Severi,M50-54,307,Open,Italy,39:22,7:52,2:54:53,2:19,2:01:58,5:46:24
2651,1522,David Marusiak,M30-34,373,Open,United States,29:28,9:27,3:05:12,4:50,1:57:34,5:46:31
2652,2145,Jean-Francois Orhan,M60-64,130,Open,France,34:02,5:50,2:53:41,4:26,2:08:42,5:46:40
2653,2716,Gareth Holebrook,M50-54,308,Open,New Zealand,33:58,9:32,2:44:34,4:23,2:14:15,5:46:42
2654,4041,Andrew Norman,M45-49,339,Open,United Kingdom,39:55,7:12,2:59:34,3:33,1:56:28,5:46:42
2655,2475,André Janneteau,M55-59,239,Open,Canada,39:42,6:06,2:55:53,3:48,2:01:16,5:46:45
2656,1473,Paul Weevers,M65-69,45,Open,Canada,31:22,7:39,3:07:51,2:00,1:57:57,5:46:49
2657,3449,Ugo Plancon,M18-24,122,Open,France,37:21,9:05,2:56:48,4:30,1:59:13,5:46:56
2658,3854,Richard Atkins,M45-49,340,Open,United Kingdom,32:43,6:38,2:58:05,3:03,2:06:27,5:46:56
2659,2813,Lang Lee Yeo,M50-54,309,Open,Singapore,38:27,6:32,3:07:02,3:48,1:51:13,5:47:03
2660,2151,Giorgio Dell'Orca,M60-64,131,Open,Italy,44:44,8:13,2:53:32,2:08,1:58:38,5:47:14
2661,1325,Egor Kaspirovic,M35-39,373,Open,Germany,36:31,7:04,2:49:20,2:39,2:11:47,5:47:22
2662,2142,Mark Geddes,M60-64,132,Open,Australia,30:43,6:26,2:47:12,3:03,2:20:07,5:47:31
2663,972,Josh Baker,M35-39,374,Open,United States,31:33,9:20,2:52:20,3:35,2:10:44,5:47:33
2664,1376,John Cassimatis,M65-69,46,Open,United States,34:42,8:11,3:00:18,3:36,2:00:57,5:47:45
2665,1408,Nick Farnell,M65-69,47,Open,United Kingdom,40:55,5:56,2:52:39,3:29,2:04:46,5:47:45
2666,2332,Dennis Shebesta,M55-59,240,Open,United States,34:40,7:54,2:56:22,2:28,2:06:30,5:47:53
2667,3453,Lukas Dagnino,M18-24,123,Open,Canada,35:01,7:00,3:04:00,3:29,1:58:31,5:48:02
2668,1554,Andrew Hutchins,M30-34,374,Open,United States,35:08,6:42,2:51:46,4:58,2:09:30,5:48:04
2669,3593,Alejandro Kotlik,M45-49,341,Open,Chile,39:05,7:44,2:52:37,2:44,2:06:06,5:48:16
2670,2030,Donald Mcdonald,M60-64,133,Open,United States,32:40,7:49,3:04:55,3:55,1:59:02,5:48:21
2671,2216,Daren Allen,M55-59,241,Open,United Kingdom,34:37,8:10,2:53:14,2:39,2:09:58,5:48:37
2672,2297,Nicolas Norton,M55-59,242,Open,France,39:15,6:40,2:45:49,3:14,2:13:40,5:48:39
2673,2728,CARLOS JOSE SILVA,M50-54,310,Open,Brazil,32:42,8:30,3:06:34,3:20,1:57:39,5:48:45
2674,2347,Vicencio Antezana Pardo,M55-59,243,Open,Chile,38:38,6:59,3:00:08,3:19,1:59:50,5:48:54
2675,2446,Alberico Binicá,M55-59,244,Open,Brazil,40:47,7:46,3:03:41,3:38,1:53:09,5:49:02
2676,2452,Clive Macaskill,M55-59,245,Open,Australia,39:17,7:10,2:49:51,4:15,2:08:31,5:49:03
2677,2288,Jon Petty,M55-59,246,Open,United States,39:17,8:37,2:58:34,5:12,1:57:23,5:49:03
2678,1441,Rick Wade,M65-69,48,Open,United States,39:08,6:52,2:54:14,3:39,2:05:43,5:49:36
2679,152,Rob Parry,M40-44,415,Open,United Kingdom,44:23,5:04,2:51:15,2:13,2:06:43,5:49:38
2680,2103,John Robb,M60-64,134,Open,United Kingdom,40:42,7:36,2:45:29,3:18,2:12:49,5:49:53
2681,3920,Maxime Allard,M45-49,342,Open,Canada,34:41,7:27,2:49:40,3:39,2:14:32,5:49:59
2682,2980,Michael Crawford,M50-54,311,Open,Australia,34:50,9:59,2:47:25,5:54,2:12:09,5:50:16
2683,2633,Jason Philbin,M50-54,312,Open,United States,34:25,5:14,3:25:00,3:08,1:42:34,5:50:21
2684,2473,Tarmo Nork,M55-59,247,Open,Estonia,40:15,8:27,2:51:19,3:23,2:07:00,5:50:25
2685,3129,Justin Hoskins,M25-29,264,Open,United States,37:07,7:06,2:56:56,4:04,2:05:19,5:50:32
2686,2278,Joel Wendell,M55-59,248,Open,United States,35:19,9:11,3:02:20,3:30,2:00:20,5:50:39
2687,770,Tomas Valena,M70-74,9,Open,Australia,39:12,7:26,3:07:32,2:32,1:54:00,5:50:42
2688,1328,Keiji Matsuba,M65-69,49,Open,Japan,36:07,6:19,2:57:51,3:11,2:07:16,5:50:44
2689,1437,Rene Otto,M65-69,50,Open,South Africa,37:12,6:42,2:46:01,2:00,2:18:51,5:50:46
2690,2691,Joe Gretsch,M50-54,313,Open,United States,35:01,6:22,2:55:22,4:21,2:09:41,5:50:46
2691,149,Indrek Hääl,M40-44,416,Open,Estonia,38:14,6:30,3:14:35,3:36,1:48:00,5:50:55
2692,489,Phiip Baker,M40-44,417,Open,United States,34:22,6:05,2:50:25,2:59,2:17:04,5:50:56
2693,3969,Thomas Ludwig,M45-49,343,Open,United States,35:32,7:07,2:53:17,4:50,2:10:09,5:50:56
2694,2880,Onder Anilturk,M50-54,314,Open,Turkey,51:08,8:54,2:57:56,3:00,1:50:16,5:51:13
2695,2760,Steve Harrington,M50-54,315,Open,United States,32:19,8:09,2:53:03,3:13,2:14:30,5:51:15
2696,1332,Kurt Madden,M65-69,51,Open,United States,31:12,6:57,2:52:00,4:10,2:17:00,5:51:19
2697,2720,Joao Fuentes,M50-54,316,Open,Brazil,32:37,7:27,3:06:06,3:09,2:02:04,5:51:22
2698,1140,Joaquin Rossano Veluz,M35-39,375,Open,Philippines,41:00,8:13,3:04:57,3:16,1:53:57,5:51:23
2699,2725,Jerry Seah,M50-54,317,Open,Singapore,33:39,7:30,3:02:36,3:55,2:03:43,5:51:23
2700,3911,David Deakin,M45-49,344,Open,Australia,37:50,6:59,2:54:28,5:59,2:06:12,5:51:28
2701,1465,Juergen Vaupel,M65-69,52,Open,Germany,40:07,6:25,2:53:07,3:26,2:08:28,5:51:33
2702,1770,Omar Estrada,M30-34,375,Open,Mexico,39:06,5:57,2:52:07,2:46,2:11:48,5:51:44
2703,4020,Todd Breuer,M45-49,345,Open,United States,33:51,5:38,2:52:48,4:21,2:15:14,5:51:52
2704,1464,Andrew Kirk,M65-69,53,Open,United States,34:50,7:14,2:56:10,2:57,2:10:44,5:51:55
2705,2184,Martin Ryan,M60-64,135,Open,United States,38:15,7:02,3:06:48,2:17,1:57:34,5:51:56
2706,2018,Andre Lacroix,M60-64,136,Open,Canada,38:16,9:54,3:04:50,4:44,1:54:34,5:52:18
2707,2556,Dave Graham,M55-59,249,Open,Canada,32:37,6:27,2:45:36,2:47,2:25:03,5:52:29
2708,3867,David Mundell,M45-49,346,Open,South Africa,34:12,16:08,3:04:45,3:28,1:54:10,5:52:44
2709,406,Tj Generoso,M40-44,418,Open,Philippines,35:01,6:05,2:53:18,2:37,2:15:46,5:52:47
2710,262,Fabio Gosi,M40-44,419,Open,Italy,40:44,6:29,2:56:30,2:38,2:06:33,5:52:53
2711,1178,Allen Kelley,M35-39,376,Open,United States,37:31,6:01,3:08:25,3:16,1:58:13,5:53:27
2712,3175,Casey Medlen,M25-29,265,Open,United States,39:29,7:31,3:02:38,3:35,2:00:24,5:53:37
2713,2870,Brian Lee,M50-54,318,Open,United States,44:41,8:26,2:56:59,3:27,2:00:05,5:53:38
2714,196,Cristian Logofatu,M40-44,420,Open,Romania,42:09,11:16,2:48:07,4:51,2:07:36,5:53:59
2715,1414,Victor Torres,M65-69,54,Open,Puerto Rico,32:42,6:50,3:07:07,3:32,2:03:49,5:54:01
2716,2243,Peter Lloyd,M55-59,250,Open,United Kingdom,36:21,6:42,3:05:06,3:17,2:02:36,5:54:02
2717,2572,Dan Lindsey,M55-59,251,Open,United States,36:42,7:24,2:58:51,3:06,2:07:59,5:54:03
2718,2166,Saul Wold,M60-64,137,Open,United States,35:07,8:08,3:05:11,3:27,2:02:14,5:54:06
2719,1336,Ron Saetermoe,M65-69,55,Open,United States,32:32,6:43,2:59:01,2:54,2:12:59,5:54:09
2720,150,WooiSing Choo,M40-44,421,Open,Malaysia,44:57,5:31,2:55:02,2:02,2:06:46,5:54:17
2721,3377,Bridger Thiessen,M25-29,266,Open,Canada,37:23,6:28,3:00:26,2:37,2:07:27,5:54:21
2722,2849,Fernando Lopez,M50-54,319,Open,Uruguay,39:06,7:20,2:51:39,3:48,2:12:31,5:54:24
2723,310,Guillaume Lecomte,M40-44,422,Open,France,39:17,6:34,2:52:25,2:54,2:13:15,5:54:25
2724,2541,Doug Gailey,M55-59,252,Open,United States,32:29,7:06,3:01:42,2:25,2:10:50,5:54:31
2725,233,Tim Barrett,M40-44,423,Open,United States,55:30,7:59,2:44:31,2:50,2:03:57,5:54:48
2726,2496,Kevin Skinner,M55-59,253,Open,New Zealand,34:38,7:29,2:56:37,2:58,2:13:17,5:54:58
2727,3784,Robert Kitt,M45-49,347,Open,Estonia,39:19,8:29,3:06:53,4:04,1:56:17,5:55:02
2728,2161,Günter Parfuss,M60-64,138,Open,Switzerland,35:57,9:12,2:58:15,3:35,2:08:05,5:55:04
2729,2043,Ernie Compton,M60-64,139,Open,United States,36:43,8:01,3:00:09,2:39,2:07:36,5:55:08
2730,1368,John Johnsen,M65-69,56,Open,United States,35:26,6:21,2:50:04,3:59,2:19:40,5:55:30
2731,2219,Javier Falero,M55-59,254,Open,Uruguay,38:17,5:57,2:57:57,2:24,2:11:03,5:55:39
2732,3951,Raymond Tabangin,M45-49,348,Open,Philippines,41:52,6:38,3:00:54,2:40,2:03:35,5:55:40
2733,2482,Lloyd Hill,M55-59,255,Open,Australia,31:05,7:41,2:50:39,2:25,2:23:58,5:55:48
2734,3981,Christopher Mueller,M45-49,349,Open,United States,39:54,7:24,2:57:49,3:34,2:07:08,5:55:49
2735,2419,Marc Young,M55-59,256,Open,United States,28:36,6:56,2:57:34,3:29,2:19:28,5:56:02
2736,2768,Ricardo Catalano,M50-54,320,Open,Argentina,36:04,7:16,3:18:54,4:46,1:49:05,5:56:04
2737,2914,Matt Pritchard,M50-54,321,Open,Canada,36:15,9:01,2:49:03,3:27,2:18:20,5:56:06
2738,3893,Charlston Cabral Rodrigues,M45-49,350,Open,Brazil,33:21,6:58,2:54:12,5:54,2:15:48,5:56:12
2739,2651,Frank Samsel,M50-54,322,Open,Germany,41:15,6:32,2:52:02,2:45,2:13:42,5:56:16
2740,1756,Philip Laureys,M30-34,376,Open,Belgium,37:50,7:55,3:09:47,3:57,1:56:50,5:56:19
2741,3776,Andre Kasmara,M45-49,351,Open,Indonesia,36:51,8:01,3:08:51,2:40,2:00:01,5:56:25
2742,3406,Alexander Tan,M18-24,124,Open,United States,26:48,5:38,2:54:13,5:05,2:24:44,5:56:29
2743,2394,Pierre Öhgren,M55-59,257,Open,Sweden,33:22,7:54,2:55:24,3:45,2:16:22,5:56:47
2744,3703,Kevin Reiss,M45-49,352,Open,United States,35:07,6:45,2:57:16,3:40,2:14:25,5:57:14
2745,872,Lin Boen,M35-39,377,Open,Taiwan,32:00,6:45,2:58:25,2:59,2:17:12,5:57:21
2746,2331,John Stadick,M55-59,258,Open,United States,34:04,7:52,2:42:31,3:59,2:29:05,5:57:31
2747,1026,Himanshu Puri,M35-39,378,Open,India,42:06,6:25,3:14:35,3:35,1:50:52,5:57:33
2748,2441,Mark Verheyden,M55-59,259,Open,United States,35:23,6:51,3:04:20,4:10,2:06:56,5:57:40
2749,2433,Zoltan Suranyi,M55-59,260,Open,United States,30:02,6:22,2:48:47,4:35,2:27:57,5:57:42
2750,2922,Kevin Wilson,M50-54,323,Open,United States,43:16,8:13,2:55:55,3:44,2:06:56,5:58:05
2751,649,Nicholas Chia,M40-44,424,Open,Singapore,48:09,8:41,2:47:39,3:37,2:10:01,5:58:06
2752,812,Heiko Jöckle,M35-39,379,Open,Germany,38:38,5:24,3:05:26,4:00,2:04:38,5:58:06
2753,2424,Alejandro Tapia Alamilla,M55-59,261,Open,Mexico,39:40,5:29,3:02:16,3:59,2:06:47,5:58:11
2754,2153,Martyn Birch,M60-64,140,Open,New Zealand,28:46,6:04,3:00:34,2:36,2:20:19,5:58:20
2755,2886,Brian Reeds,M50-54,324,Open,Canada,35:55,7:17,3:00:37,3:06,2:11:26,5:58:21
2756,3044,Steve Gaczkowski,M50-54,325,Open,United States,39:16,9:20,2:59:35,4:21,2:05:49,5:58:21
2757,3043,Youen Jacob,M50-54,326,Open,Ireland,41:14,7:13,2:47:12,2:24,2:20:27,5:58:30
2758,1993,Philippe Guenon,M60-64,141,Open,France,38:29,6:21,2:54:55,4:11,2:14:34,5:58:30
2759,3833,David Hickman,M45-49,353,Open,United States,37:54,7:22,2:55:53,3:44,2:13:39,5:58:32
2760,2197,Martin Schefter,M60-64,142,Open,Germany,41:47,8:32,2:53:02,6:25,2:08:50,5:58:36
2761,2649,Christo Horn,M50-54,327,Open,South Africa,37:37,7:41,2:55:56,4:18,2:13:26,5:58:58
2762,2129,Ron Veenis,M60-64,143,Open,South Africa,37:26,6:43,2:46:31,4:32,2:23:49,5:59:00
2763,3671,Osman Coello,M45-49,354,Open,Honduras,27:14,6:50,3:14:20,3:46,2:06:56,5:59:05
2764,2581,hector martinez,M50-54,328,Open,Mexico,33:57,5:03,3:07:14,3:46,2:09:09,5:59:10
2765,2552,Garth BEHRJE,M55-59,262,Open,United States,48:43,9:23,3:01:22,5:00,1:54:42,5:59:10
2766,2818,Anton Guinea,M50-54,329,Open,Australia,34:45,6:22,2:53:34,3:43,2:21:00,5:59:24
2767,619,Alexander Williams,M40-44,425,Open,United States,41:59,6:12,3:00:42,4:05,2:06:38,5:59:36
2768,2233,Mike Möbius,M55-59,263,Open,Germany,38:22,7:37,3:00:47,2:36,2:10:18,5:59:39
2769,761,Greg Bush,M70-74,10,Open,Australia,27:12,6:41,2:43:29,3:12,2:39:34,6:00:08
2770,2844,Claude Brun,M50-54,330,Open,United States,44:16,8:41,2:51:38,4:46,2:11:05,6:00:27
2771,2525,Richard Batch,M55-59,264,Open,Canada,31:11,9:48,2:48:21,7:15,2:23:58,6:00:33
2772,2945,Mitsumasa Yamashina,M50-54,331,Open,Japan,33:43,8:39,2:53:13,4:57,2:20:38,6:01:09
2773,3469,Just Nicolaij,M18-24,125,Open,Netherlands,38:29,5:05,3:00:04,3:28,2:14:07,6:01:13
2774,3234,Mitchell Robak,M25-29,267,Open,United States,28:35,5:59,3:36:14,2:45,1:47:41,6:01:14
2775,1367,Olivier Lecerf,M65-69,57,Open,United States,34:49,8:17,2:57:56,3:56,2:16:19,6:01:17
2776,2050,Matthias Meixner,M60-64,144,Open,Germany,43:48,9:14,3:01:33,3:21,2:03:36,6:01:32
2777,2262,Peter Ruskin,M55-59,265,Open,Australia,31:33,6:11,3:05:14,2:11,2:16:29,6:01:39
2778,1358,Richard Mayer,M65-69,58,Open,Canada,40:14,6:55,2:55:25,5:39,2:13:33,6:01:46
2779,2624,Oscar Zuleta,M50-54,332,Open,El Salvador,35:14,13:13,2:57:30,2:47,2:13:03,6:01:47
2780,854,Jamie Wong,M35-39,380,Open,Hong Kong,47:26,7:15,3:04:13,4:07,1:58:47,6:01:47
2781,1614,Shandor Potgieter,M30-34,377,Open,South Africa,57:22,8:12,3:00:57,3:47,1:51:39,6:01:57
2782,1807,Aaron Klaft,M30-34,378,Open,United States,38:21,8:45,3:00:08,5:10,2:09:45,6:02:09
2783,2110,Brent Stieller,M60-64,145,Open,New Zealand,42:17,10:01,2:49:41,5:36,2:14:36,6:02:10
2784,2071,Thierry Viale,M60-64,146,Open,France,37:21,5:47,3:08:52,2:53,2:07:22,6:02:16
2785,3635,Tim Formuziewich,M45-49,355,Open,Canada,37:11,8:11,2:57:15,4:03,2:15:41,6:02:21
2786,1410,Barry Lipp,M65-69,59,Open,Australia,35:00,9:39,3:08:21,6:04,2:03:41,6:02:46
2787,1057,Miles Betley,M35-39,381,Open,United States,41:23,5:29,3:02:04,2:58,2:11:03,6:02:57
2788,2856,Malcolm Wesener,M50-54,333,Open,Australia,36:10,6:57,2:58:04,2:45,2:19:06,6:03:03
2789,286,myoungjin Baek,M40-44,426,Open,Korea,34:45,7:03,2:58:37,3:18,2:19:23,6:03:06
2790,2680,Damien Channing,M50-54,334,Open,Australia,31:37,8:53,3:07:44,3:50,2:11:06,6:03:10
2791,189,Eduardo Vargas,M40-44,427,Open,Mexico,36:49,7:21,3:01:43,3:58,2:13:35,6:03:26
2792,241,Joan Morong,M40-44,428,Open,Philippines,47:01,9:20,2:56:11,4:45,2:06:20,6:03:38
2793,2994,Michael Getz,M50-54,335,Open,United States,47:03,9:42,3:05:49,5:55,1:55:19,6:03:49
2794,2681,Joe Schaefer,M50-54,336,Open,United States,35:58,8:45,3:03:56,5:26,2:09:58,6:04:03
2795,105,Jan Tománek,MHC,,Open,Czechia,37:58,9:22,3:49:14,4:51,1:22:38,6:04:04
2796,2401,John Baker,M55-59,266,Open,United States,31:20,7:59,2:44:47,4:05,2:35:57,6:04:09
2797,1411,Mark Simmonds,M65-69,60,Open,France,45:47,7:21,3:05:48,3:05,2:02:36,6:04:37
2798,1347,Paul Francis,M65-69,61,Open,Australia,38:20,7:40,2:56:42,4:01,2:17:56,6:04:39
2799,3604,David Saelens,M45-49,356,Open,Belgium,36:06,9:09,3:03:01,5:16,2:11:14,6:04:46
2800,2351,Tim Burns,M55-59,267,Open,Australia,43:18,6:55,2:50:43,2:46,2:21:22,6:05:04
2801,2127,Giovanni Montinni Sandoval,M60-64,147,Open,Brazil,36:04,6:47,2:59:59,4:16,2:18:01,6:05:06
2802,4049,Bryce Madsen,M45-49,357,Open,United States,37:05,6:57,3:04:38,3:54,2:12:35,6:05:08
2803,3901,Brian Wisdom,M45-49,358,Open,United States,38:50,7:20,3:06:46,3:10,2:09:05,6:05:11
2804,1984,Kelly Estes,M60-64,148,Open,United States,43:36,8:08,3:08:08,3:14,2:02:07,6:05:13
2805,1384,Paul Williams,M65-69,62,Open,Guernsey,36:23,8:54,3:10:08,4:38,2:05:14,6:05:16
2806,2057,Pat Hsu,M60-64,149,Open,Taiwan,38:12,8:29,3:08:46,3:10,2:06:43,6:05:20
2807,2190,Aleksander Czarnozynski,M60-64,150,Open,Poland,40:46,6:00,3:00:47,4:12,2:13:45,6:05:30
2808,1372,Jose De Brigard,M65-69,63,Open,Colombia,34:03,7:52,2:58:41,3:19,2:21:55,6:05:49
2809,763,Faron Reed,M70-74,11,Open,United States,37:03,7:30,2:55:10,3:13,2:22:57,6:05:53
2810,3609,Michael Decarli,M45-49,359,Open,United States,36:09,7:43,2:56:56,4:49,2:20:57,6:06:34
2811,3602,John Theriot,M45-49,360,Open,United States,41:33,8:28,2:59:54,5:19,2:11:23,6:06:36
2812,370,Ivan Chimbel,M40-44,429,Open,Kazakhstan,51:19,6:31,2:56:55,2:52,2:09:12,6:06:49
2813,2163,Xavier Comte,M60-64,151,Open,France,38:19,6:58,2:59:10,2:41,2:19:42,6:06:51
2814,371,Mendelf Billedo,M40-44,430,Open,Philippines,47:42,5:39,2:52:23,4:01,2:17:11,6:06:56
2815,3943,Espinosa Erwin,M45-49,361,Open,Philippines,40:02,9:03,3:01:56,5:15,2:10:41,6:06:58
2816,3716,Matt Ambos,M45-49,362,Open,United States,39:16,9:21,2:54:22,4:01,2:20:11,6:07:12
2817,1810,Mathias Henderson,M30-34,379,Open,Brazil,39:23,9:08,2:55:35,3:40,2:19:38,6:07:24
2818,3843,James Leonard,M45-49,363,Open,Australia,32:26,7:10,3:08:21,3:15,2:16:18,6:07:30
2819,919,Casey Morgan,M35-39,382,Open,United States,34:00,5:42,2:59:48,4:03,2:23:58,6:07:31
2820,915,Florian Zorn,M35-39,383,Open,Germany,32:25,7:44,3:05:36,2:40,2:19:08,6:07:34
2821,1594,Noah Rush-Mabry,M30-34,380,Open,United States,37:56,7:07,2:43:16,3:33,2:35:45,6:07:36
2822,4102,Hubertus Van Engelen,M60-64,152,Open,Netherlands,36:33,7:41,2:50:59,3:22,2:29:05,6:07:39
2823,2850,Martin Hambalek,M50-54,337,Open,United States,35:57,8:08,2:57:23,3:52,2:22:23,6:07:43
2824,2448,Joachim Palmé,M55-59,268,Open,Sweden,37:02,8:26,3:01:53,3:55,2:16:35,6:07:50
2825,2908,Denis Pitot,M50-54,338,Open,Belgium,34:08,6:51,3:13:28,1:55,2:11:34,6:07:57
2826,2101,Seamus Arkinson,M60-64,153,Open,Ireland,36:16,9:24,2:54:52,3:53,2:23:32,6:07:57
2827,4100,James Popper,M60-64,154,Open,South Africa,32:28,6:12,2:54:10,3:39,2:31:29,6:07:59
2828,1577,Christopher Mccabe,M30-34,381,Open,United States,32:00,7:26,3:03:56,4:34,2:20:12,6:08:08
2829,2035,Jim Lapier,M60-64,155,Open,Canada,43:38,11:28,2:58:49,5:24,2:09:02,6:08:21
2830,2189,Marco Vendramini,M60-64,156,Open,Canada,37:37,8:46,2:50:28,5:41,2:25:55,6:08:27
2831,3987,Luciano Stellardo,M45-49,364,Open,Argentina,49:33,7:14,2:56:34,6:52,2:08:19,6:08:33
2832,2056,Sam Haggag,M60-64,157,Open,United Kingdom,45:48,6:38,2:50:38,4:14,2:21:26,6:08:45
2833,1402,Stan Ward,M65-69,64,Open,United States,48:45,10:16,3:05:25,6:05,1:58:15,6:08:47
2834,2273,Alexandre Freire Nunes,M55-59,269,Open,Brazil,40:17,7:32,2:56:30,3:25,2:21:17,6:09:02
2835,4083,Dennis Walerius,M45-49,365,Open,United States,32:35,12:00,3:01:49,4:32,2:18:07,6:09:03
2836,1506,Marian Kraemer,M30-34,382,Open,Germany,33:11,9:04,3:04:28,4:43,2:17:46,6:09:12
2837,2831,Abdurrahman Ipekisleyen,M50-54,339,Open,United States,40:26,9:32,3:11:44,3:51,2:04:39,6:10:11
2838,3116,Leander Bechtold,M25-29,268,Open,United States,27:55,10:46,3:12:09,6:46,2:12:34,6:10:11
2839,1480,Brian Beal,M30-34,383,Open,United States,38:12,6:00,2:48:07,4:22,2:33:35,6:10:16
2840,762,John Austin,M70-74,12,Open,United States,44:24,8:28,3:11:44,4:14,2:01:32,6:10:21
2841,2608,Jan Flores,M50-54,340,Open,Puerto Rico,32:20,7:02,2:58:43,4:31,2:28:11,6:10:47
2842,2557,Peter Biro,M55-59,270,Open,United States,31:18,7:14,2:58:53,3:25,2:29:58,6:10:48
2843,3364,Michel Hakim,M25-29,269,Open,Egypt,32:59,9:48,3:19:12,2:57,2:06:01,6:10:58
2844,1351,Jacky Thomas,M65-69,65,Open,France,38:42,8:56,2:59:56,3:24,2:20:08,6:11:06
2845,1444,Ed Mccolm,M65-69,66,Open,Canada,45:55,7:08,3:06:18,2:39,2:09:10,6:11:09
2846,1353,Frederic Teboul,M65-69,67,Open,France,36:16,7:16,3:09:28,2:28,2:15:48,6:11:15
2847,1342,Michael Toland,M65-69,68,Open,United States,34:04,8:29,2:59:38,8:03,2:21:05,6:11:18
2848,3962,Sven Adler,M45-49,366,Open,Germany,1:03:07,6:40,2:50:20,4:06,2:07:16,6:11:28
2849,709,Guy Fritz,M75-79,1,Open,France,53:55,6:32,3:04:20,2:24,2:04:38,6:11:50
2850,3171,Colin Zimmerman,M25-29,270,Open,United States,38:31,7:29,3:16:35,2:33,2:06:46,6:11:54
2851,3487,Carl Daniel Aguilar,M18-24,126,Open,Philippines,38:06,10:14,3:17:10,2:35,2:03:59,6:12:05
2852,2011,Everett Johnson,M60-64,158,Open,United States,30:17,10:17,3:11:57,5:35,2:14:10,6:12:15
2853,3946,Jason Pace,M45-49,367,Open,Canada,32:48,5:57,3:03:57,3:16,2:26:26,6:12:24
2854,1403,Avie Hutchinson,M65-69,69,Open,Canada,35:34,9:03,3:09:42,5:14,2:12:59,6:12:32
2855,1363,Yvonnick David,M65-69,70,Open,France,42:47,7:51,3:12:20,1:54,2:07:56,6:12:48
2856,2378,Martin Herz,M55-59,271,Open,Germany,40:20,8:12,3:12:40,3:44,2:08:04,6:13:00
2857,3737,Von Werhner Loria,M45-49,368,Open,Philippines,48:38,8:00,3:02:38,5:00,2:08:48,6:13:04
2858,771,Emil Raschle,M70-74,13,Open,Switzerland,38:13,6:46,3:00:02,3:15,2:25:02,6:13:17
2859,2515,Edward Mcdermott,M55-59,272,Open,United States,39:54,7:36,2:57:54,2:58,2:25:26,6:13:49
2860,2181,Matthias Herter,M60-64,159,Open,Germany,40:38,8:37,2:52:27,3:12,2:28:56,6:13:49
2861,3685,Yiannis Vidras,M45-49,369,Open,Greece,32:22,18:13,2:58:36,3:46,2:21:00,6:13:56
2862,3617,Luc Poirier,M45-49,370,Open,Canada,38:48,9:50,3:04:06,5:00,2:16:19,6:14:04
2863,1839,Josh Pryor,M30-34,384,Open,United States,33:26,5:04,2:51:16,2:16,2:42:12,6:14:15
2864,3738,Jonathan Holbrook,M45-49,371,Open,United States,35:46,6:57,3:08:31,5:09,2:18:10,6:14:33
2865,1352,Paul Freeman,M65-69,71,Open,United Kingdom,49:13,8:27,2:56:41,3:12,2:17:15,6:14:48
2866,2194,Patrick Louchouarn,M60-64,160,Open,United States,37:17,8:17,2:52:56,4:25,2:32:00,6:14:54
2867,2156,Olivier Maes,M60-64,161,Open,Belgium,34:10,8:43,3:05:14,5:07,2:21:55,6:15:09
2868,2466,Franck Namysl,M55-59,273,Open,France,42:05,7:29,3:11:47,4:08,2:09:52,6:15:22
2869,779,Peter Brechbuhler,M70-74,14,Open,Switzerland,36:56,7:09,2:59:20,3:26,2:29:25,6:16:17
2870,3814,Guillaume Coulbeau,M45-49,372,Open,France,41:30,8:20,3:07:59,6:45,2:11:44,6:16:18
2871,2206,Tim Brenton-Rule,M60-64,162,Open,New Zealand,35:10,9:26,2:46:51,3:44,2:41:09,6:16:20
2872,1799,Timothy Broadenax,M30-34,385,Open,United States,40:43,7:36,3:12:33,3:31,2:12:13,6:16:36
2873,3816,Kike Gutierrez Campos,M45-49,373,Open,Spain,35:36,5:44,3:15:33,4:05,2:15:53,6:16:50
2874,2820,Adam Walsh,M50-54,341,Open,Australia,33:08,5:55,2:49:06,2:33,2:46:10,6:16:51
2875,755,Kenneth Rae,M70-74,15,Open,Australia,37:31,7:26,3:16:55,5:13,2:09:56,6:17:01
2876,1534,Anthony Isherwood,M30-34,386,Open,United States,48:49,11:43,3:07:12,4:31,2:04:50,6:17:05
2877,3633,Cyril Colle,M45-49,374,Open,France,38:46,6:09,3:12:41,3:22,2:17:21,6:18:19
2878,3010,Daniel Judd,M50-54,342,Open,Australia,30:33,5:38,3:09:38,6:03,2:27:02,6:18:54
2879,3815,Mark Telang,M45-49,375,Open,Canada,31:29,7:06,3:08:12,5:01,2:27:14,6:19:03
2880,3761,Vincenzo Cutulle,M45-49,376,Open,Italy,43:21,7:15,3:08:30,4:22,2:15:47,6:19:15
2881,1862,Juan Camilo Palacio,M30-34,387,Open,Colombia,54:49,7:41,2:46:38,3:13,2:27:08,6:19:27
2882,2694,Juan Andrade,M50-54,343,Open,Colombia,45:24,10:17,3:15:21,4:32,2:03:54,6:19:28
2883,1991,Gerhard Weiland,M60-64,163,Open,Germany,34:12,6:23,2:56:36,4:23,2:37:57,6:19:31
2884,2634,Victor Salazar,M50-54,344,Open,Colombia,40:43,7:55,3:21:57,4:10,2:05:05,6:19:49
2885,2008,Jeff Dorrill,M60-64,164,Open,United States,46:37,10:20,3:16:21,7:22,1:59:16,6:19:56
2886,3238,Sterling Vaughn,M25-29,271,Open,United States,49:35,7:38,3:15:49,4:04,2:02:52,6:19:58
2887,2122,Schalk Engelbrecht,M60-64,165,Open,South Africa,37:26,9:35,3:10:45,4:57,2:17:20,6:20:04
2888,1401,Bruce Geltman,M65-69,72,Open,United States,31:28,8:30,3:12:45,4:00,2:23:31,6:20:13
2889,1349,John Brayley,M65-69,73,Open,Sweden,34:47,6:22,3:13:29,2:49,2:22:50,6:20:17
2890,723,Jean-Yves Gautier,M75-79,2,Open,France,53:53,7:35,3:11:04,2:51,2:05:04,6:20:27
2891,2186,Tim Deer,M60-64,166,Open,United States,47:55,8:20,3:17:06,4:20,2:02:56,6:20:37
2892,2087,Timothy Messer-Kruse,M60-64,167,Open,United States,41:56,8:27,3:16:14,4:05,2:10:13,6:20:56
2893,2747,Richard Kay,M50-54,345,Open,United Kingdom,28:28,5:49,2:35:04,4:01,3:07:34,6:20:56
2894,2183,Gilad Argaman,M60-64,168,Open,Israel,44:07,10:00,3:12:18,2:34,2:11:58,6:20:58
2895,796,Michael Kimpton,M70-74,16,Open,Australia,37:21,7:29,3:07:53,4:15,2:24:32,6:21:29
2896,1373,Graeme Macdonald,M65-69,74,Open,New Zealand,37:17,8:37,3:03:19,3:01,2:29:16,6:21:31
2897,2611,Peter Taylor,M50-54,346,Open,Australia,36:26,7:28,3:22:12,3:02,2:12:33,6:21:40
2898,1435,David Miller,M65-69,75,Open,United States,38:50,14:59,2:54:53,8:24,2:24:56,6:22:01
2899,2683,Justin Brandan Kightley,M50-54,347,Open,South Africa,34:54,7:17,3:12:51,3:40,2:23:43,6:22:24
2900,518,Ryan Gavin,M40-44,431,Open,United Kingdom,44:23,6:29,2:35:29,3:37,2:52:46,6:22:44
2901,2767,Billy Lapointe,M50-54,348,Open,Canada,36:27,7:20,3:08:32,4:17,2:26:18,6:22:54
2902,3718,Tyler Mori,M45-49,377,Open,Canada,43:12,6:18,3:25:01,2:52,2:05:38,6:23:02
2903,778,Thomas Clough,M70-74,17,Open,United States,35:41,15:26,3:10:23,7:41,2:14:10,6:23:19
2904,1428,Carl May,M65-69,76,Open,South Africa,38:30,6:41,3:17:36,2:15,2:18:18,6:23:20
2905,2074,Phil Jones,M60-64,169,Open,United Kingdom,43:32,8:32,3:00:14,4:32,2:26:33,6:23:23
2906,1394,Ken Adriaansen,M65-69,77,Open,Australia,47:42,9:15,3:08:07,5:50,2:12:39,6:23:33
2907,1391,Alberto Gil,M65-69,78,Open,Argentina,51:01,7:42,3:18:03,2:33,2:04:23,6:23:42
2908,2123,Paolo Mevio,M60-64,170,Open,Italy,40:16,8:34,2:59:45,3:42,2:31:32,6:23:49
2909,2748,Hyungkoo Kim,M50-54,349,Open,Korea,38:47,6:59,3:17:39,3:43,2:16:46,6:23:55
2910,789,Dave Dwan,M70-74,18,Open,New Zealand,36:10,8:22,3:08:27,4:06,2:26:50,6:23:55
2911,2527,Corin Margetson,M55-59,274,Open,United Kingdom,34:04,6:31,3:00:16,6:13,2:36:51,6:23:55
2912,305,Tobias Jacko,M40-44,432,Open,Germany,39:52,6:41,3:16:35,2:48,2:18:05,6:24:00
2913,1330,Martin Buchholz,M65-69,79,Open,Thailand,36:09,8:47,2:43:19,4:22,2:51:35,6:24:12
2914,1941,Jeffrey Alperovich,M30-34,388,Open,United States,40:29,9:03,2:44:30,4:19,2:45:51,6:24:12
2915,2806,Wim Verstraeten,M50-54,350,Open,Belgium,41:40,8:34,3:15:28,3:53,2:15:12,6:24:46
2916,3320,Cory Albrecht,M25-29,272,Open,United States,32:56,8:22,3:25:21,5:05,2:13:09,6:24:52
2917,2356,Matthias Tschoerner,M55-59,275,Open,Germany,37:03,9:17,3:08:03,4:13,2:26:20,6:24:57
2918,725,Edward Houeix,M75-79,3,Open,Thailand,40:47,8:24,3:13:33,3:11,2:19:04,6:25:00
2919,1472,Serge Almirall Torrel,M65-69,80,Open,France,44:13,7:14,3:08:21,3:18,2:21:53,6:25:00
2920,809,John McManus,M70-74,19,Open,Canada,34:30,7:31,3:13:23,4:07,2:25:45,6:25:15
2921,528,Stephen Barber,M40-44,433,Open,United States,46:54,4:16,3:02:44,1:58,2:30:09,6:26:00
2922,3495,Howard Chan,M18-24,127,Open,Canada,41:36,9:29,3:21:03,2:35,2:11:29,6:26:12
2923,1469,Laurent Monnier,M65-69,81,Open,France,43:30,7:05,3:26:47,2:49,2:06:25,6:26:36
2924,805,Randy Fuentes,M70-74,20,Open,United States,38:26,10:08,3:14:49,3:46,2:19:32,6:26:41
2925,3606,James Erlandson,M45-49,378,Open,United States,33:06,6:16,2:48:03,4:25,2:55:06,6:26:56
2926,2117,Juan Jose Roman Cancino,M60-64,171,Open,Mexico,46:42,9:45,3:19:52,3:59,2:06:56,6:27:14
2927,748,Mike Wien,M70-74,21,Open,United States,39:33,10:08,3:14:42,7:12,2:15:54,6:27:29
2928,4070,Yves Klenk,M45-49,379,Open,Switzerland,37:45,6:52,3:21:21,4:39,2:17:27,6:28:04
2929,1998,David Zanotelli,M60-64,172,Open,Brazil,33:13,10:16,3:06:12,5:11,2:34:10,6:29:01
2930,1471,Diego Ciani,M65-69,82,Open,Argentina,41:32,9:03,3:15:59,3:37,2:18:51,6:29:02
2931,3712,Mohammed Hafiz,M45-49,380,Open,Saudi Arabia,34:33,7:17,3:31:50,3:26,2:11:56,6:29:03
2932,3881,Charlie Brouwers,M45-49,381,Open,Netherlands,36:49,7:32,3:23:48,3:18,2:18:21,6:29:48
2933,3490,Albert Zou,M18-24,128,Open,United States,39:51,7:01,3:39:40,3:31,2:00:13,6:30:16
2934,1423,Ferris Thompson,M65-69,83,Open,United States,32:05,7:00,3:14:35,3:53,2:32:54,6:30:27
2935,3734,Mark Carter,M45-49,382,Open,United States,47:36,12:28,3:13:50,4:53,2:11:52,6:30:39
2936,102,Théophile Francavilla,MPC/ID,,Open,France,32:11,8:01,3:43:44,5:56,2:00:54,6:30:46
2937,103,Valentin Francavilla,MPC/ID,,Open,France,32:11,8:00,3:43:45,5:56,2:00:53,6:30:46
2938,1409,Malcolm Tweed,M65-69,84,Open,New Zealand,35:36,7:57,3:04:03,6:13,2:37:02,6:30:51
2939,1357,Nick Cudmore,M65-69,85,Open,Philippines,48:53,8:49,2:57:34,5:22,2:30:18,6:30:56
2940,1425,Andrew Mcculloch,M65-69,86,Open,New Zealand,36:18,11:23,2:58:38,3:39,2:41:19,6:31:17
2941,1386,Robert Mads Anderson,M65-69,87,Open,New Zealand,46:22,9:36,3:15:26,5:10,2:14:48,6:31:23
2942,772,Kiko Hashikawa,M70-74,22,Open,Japan,44:02,10:56,3:09:21,4:25,2:22:46,6:31:30
2943,572,Nick Cruze,M40-44,434,Open,United States,31:19,13:05,3:22:03,4:09,2:20:54,6:31:31
2944,1412,Ralf Leupold,M65-69,88,Open,Germany,45:23,7:56,3:05:19,3:13,2:30:12,6:32:02
2945,2526,Stéphane Vinet,M55-59,276,Open,Canada,38:55,8:02,3:16:16,3:36,2:25:29,6:32:18
2946,1936,Fabian Seidemann,M30-34,389,Open,Germany,44:19,8:48,3:13:32,6:05,2:19:59,6:32:43
2947,1956,Kyle Jones,M30-34,390,Open,United States,29:28,6:10,3:04:29,4:47,2:47:52,6:32:45
2948,1462,Bruno Lafreniere,M65-69,89,Open,Canada,47:13,9:18,3:24:20,3:53,2:08:25,6:33:09
2949,1552,Gregory Smith,M30-34,391,Open,United States,38:34,6:30,3:35:06,3:36,2:09:25,6:33:11
2950,3124,Jakob Saxinger,M25-29,273,Open,Austria,41:24,5:49,3:16:26,3:37,2:26:46,6:34:02
2951,2276,Derek Hughes,M55-59,277,Open,South Africa,34:26,8:33,3:17:46,3:08,2:30:30,6:34:23
2952,795,Pierre Dhelens,M70-74,23,Open,France,39:57,8:06,3:07:42,5:52,2:33:03,6:34:39
2953,3850,Jeyps Cabero,M45-49,383,Open,Philippines,38:01,9:38,3:18:26,4:11,2:24:46,6:35:02
2954,3984,Jason Cooley,M45-49,384,Open,United States,38:26,7:59,3:03:35,3:16,2:42:03,6:35:20
2955,2013,Randall Puckett,M60-64,173,Open,United States,32:03,7:38,2:44:11,4:10,3:07:52,6:35:55
2956,3088,Luke Thorne,M25-29,274,Open,United Kingdom,36:06,6:48,3:19:40,3:54,2:29:28,6:35:57
2957,2079,David Ford,M60-64,174,Open,Australia,39:54,8:14,3:08:27,4:30,2:35:40,6:36:45
2958,729,Keiichi MIKI,M75-79,4,Open,Japan,47:58,12:53,3:19:07,4:27,2:12:22,6:36:47
2959,2769,David Lock,M50-54,351,Open,Australia,53:54,7:30,3:10:09,4:24,2:21:24,6:37:21
2960,1986,Noriaki Shibuya,M60-64,175,Open,Japan,39:42,10:42,3:14:32,3:44,2:29:48,6:38:28
2961,2623,Gene Kelly,M50-54,352,Open,United States,37:08,9:08,3:36:07,5:48,2:10:17,6:38:29
2962,1938,Prajwal Prasad,M30-34,392,Open,India,40:43,8:15,3:05:31,7:33,2:36:50,6:38:52
2963,799,Ronaldo Joaquim Da Silveira Lobao,M70-74,24,Open,Brazil,46:36,9:42,3:27:12,4:55,2:10:39,6:39:04
2964,3802,Lukasz Górniak,M45-49,385,Open,Poland,35:05,8:38,3:34:45,0:50,2:20:14,6:39:31
2965,1338,Sridhar Venkataraman,M65-69,90,Open,India,47:17,10:36,3:19:05,4:28,2:18:55,6:40:20
2966,428,Will Gordon,M40-44,435,Open,United States,39:59,9:32,3:13:05,4:12,2:33:45,6:40:32
2967,109,Ivan Territo,MHC,,Open,Italy,43:50,9:14,4:12:49,3:21,1:31:27,6:40:41
2968,1879,Aden Howe,M30-34,393,Open,United Kingdom,49:15,7:50,3:19:53,3:18,2:21:10,6:41:27
2969,1450,Jorge Velázquez Quiñones,M65-69,91,Open,Puerto Rico,41:45,6:55,3:26:51,3:50,2:22:09,6:41:30
2970,821,Mohd Iqbal Ishak,M35-39,384,Open,Malaysia,47:02,11:14,3:05:23,5:33,2:32:45,6:41:56
2971,1568,Teerawat Chansawang,M30-34,394,Open,Thailand,44:31,10:04,3:03:04,3:29,2:41:38,6:42:46
2972,1988,Michael O'Hearn,M60-64,176,Open,United States,44:13,10:05,3:12:02,6:05,2:30:56,6:43:21
2973,4103,Samuel Crozier,M40-44,436,Open,United States,42:27,8:55,3:18:02,4:06,2:29:53,6:43:23
2974,735,Frank Brennan,M70-74,25,Open,Canada,47:17,11:20,3:11:57,4:24,2:28:55,6:43:54
2975,719,Lynn Vogt,M75-79,5,Open,United States,38:05,8:06,3:09:04,4:40,2:44:22,6:44:18
2976,2112,Scott Liston,M60-64,177,Open,United States,34:17,8:17,3:19:10,7:05,2:35:29,6:44:18
2977,2671,Rafal Fazan,M50-54,353,Open,Poland,31:55,12:10,2:39:39,6:28,3:14:13,6:44:24
2978,1400,Sergey Egorov,M65-69,92,Open,United States,46:13,8:30,3:23:38,3:22,2:23:35,6:45:18
2979,522,Afshin Ghassemi,M40-44,437,Open,Philippines,37:42,7:40,3:02:40,4:10,2:53:08,6:45:20
2980,3922,Brian Van Hoose,M45-49,386,Open,United States,43:01,7:55,3:09:21,3:31,2:41:59,6:45:46
2981,2558,Joe Castillo,M55-59,278,Open,United States,39:47,11:03,3:14:21,4:23,2:36:25,6:46:00
2982,2743,Heath Snow,M50-54,354,Open,United States,39:12,10:02,2:58:25,6:54,2:51:29,6:46:02
2983,2192,Christopher Bloor,M60-64,178,Open,United States,47:45,9:41,3:18:05,4:33,2:26:08,6:46:12
2984,1360,John Reinke,M65-69,93,Open,United States,40:41,9:41,3:17:09,8:12,2:30:42,6:46:24
2985,2086,Robert Vanzella,M60-64,179,Open,Australia,42:20,7:17,3:29:01,3:41,2:24:16,6:46:34
2986,1461,Lianbo Shi,M65-69,94,Open,China,46:14,11:46,3:23:29,4:13,2:20:53,6:46:35
2987,2150,John Mercer,M60-64,180,Open,United States,28:48,8:54,2:50:15,6:26,3:12:27,6:46:50
2988,2173,Kevin Strydom,M60-64,181,Open,United States,39:17,10:15,3:08:21,4:11,2:45:12,6:47:16
2989,718,Bob Knuckey,M75-79,6,Open,Canada,40:21,9:24,3:06:21,4:47,2:46:35,6:47:27
2990,784,Richard Bouton,M70-74,26,Open,United States,45:14,10:07,3:31:57,5:14,2:15:07,6:47:38
2991,788,Max Henry,M70-74,27,Open,United States,36:49,8:54,3:16:59,3:54,2:42:06,6:48:41
2992,2132,Simon Newell,M60-64,182,Open,Canada,35:12,7:13,3:29:05,5:03,2:32:35,6:49:08
2993,2895,Eran Argaman,M50-54,355,Open,Israel,42:55,9:15,3:35:15,4:16,2:18:05,6:49:46
2994,803,Terry Gates,M70-74,28,Open,United States,46:03,12:15,3:08:51,5:51,2:36:46,6:49:46
2995,1371,Bohdan Kaminski,M65-69,95,Open,United States,43:08,7:55,3:12:36,4:15,2:42:16,6:50:09
2996,1811,Austin Thees,M30-34,395,Open,United States,48:42,8:44,3:19:43,4:43,2:29:15,6:51:06
2997,2940,Peet Diedericks,M50-54,356,Open,South Africa,41:21,6:26,3:20:48,4:17,2:38:54,6:51:45
2998,2111,Eric Briers,M60-64,183,Open,France,38:03,6:56,3:14:25,4:43,2:47:55,6:52:02
2999,1871,Jaime Alvelais,M30-34,396,Open,Mexico,38:06,7:30,3:21:26,3:16,2:42:16,6:52:33
3000,1335,Chih Hsin Chen,M65-69,96,Open,Taiwan,44:29,10:07,3:23:52,5:45,2:28:37,6:52:51
3001,940,Santiago Garcia,M35-39,385,Open,Dominican Republic,40:57,9:03,3:16:53,4:29,2:41:40,6:53:02
3002,2040,Clive Stephenson,M60-64,184,Open,New Zealand,37:07,8:50,3:13:44,3:52,2:49:36,6:53:09
3003,896,Joel Kessler,M35-39,386,Open,France,31:15,5:31,4:18:14,4:20,1:54:00,6:53:20
3004,1356,Tomoaki Horiuchi,M65-69,97,Open,Japan,39:44,12:36,3:30:39,11:05,2:19:34,6:53:38
3005,2001,Kevin Landolfo,M60-64,185,Open,United States,41:02,9:06,3:40:05,3:25,2:20:09,6:53:47
3006,2021,Hubie Krawczyk,M60-64,186,Open,United States,50:19,10:51,3:17:37,7:06,2:28:38,6:54:32
3007,742,Leonid Boguslavsky,M70-74,29,Open,Canada,40:50,8:38,3:15:13,5:01,2:47:18,6:57:00
3008,838,Konstantin Koliasnikov,M35-39,387,Open,United Arab Emirates,40:51,8:41,3:13:46,6:23,2:47:27,6:57:08
3009,777,Charles Chokel,M70-74,30,Open,United States,35:49,8:13,3:25:29,3:42,2:45:09,6:58:22
3010,1354,Sangin Nam,M65-69,98,Open,Korea,43:39,10:50,3:17:42,6:23,2:39:54,6:58:28
3011,1563,Michael Krisanski,M30-34,397,Open,Australia,43:56,8:57,3:33:28,5:19,2:28:02,6:59:41
3012,728,Garth Fuller,M75-79,7,Open,Canada,45:19,9:24,3:27:59,6:07,2:31:22,7:00:12
3013,3239,Mauricio Rodriguez,M25-29,275,Open,Mexico,38:36,9:01,3:25:58,3:50,2:42:54,7:00:20
3014,740,Alain Guerin,M70-74,31,Open,Canada,50:02,11:01,3:05:41,5:35,2:48:12,7:00:31
3015,1416,Allan Bieber,M65-69,99,Open,Australia,37:49,5:17,3:29:06,4:27,2:44:11,7:00:50
3016,4105,Michael Schumacher,M55-59,279,Open,Germany,47:27,9:50,3:26:14,5:06,2:32:30,7:01:07
3017,785,Tony Hoare,M70-74,32,Open,United Kingdom,41:22,10:52,3:19:00,4:46,2:45:51,7:01:50
3018,760,Ian Macfawn,M70-74,33,Open,United States,37:12,9:32,3:11:49,5:50,2:57:57,7:02:19
3019,758,Jorge Vargas,M70-74,34,Open,Chile,39:07,7:26,3:23:39,6:43,2:45:26,7:02:20
3020,1329,Andrew Cox,M65-69,100,Open,United Kingdom,42:08,12:08,3:05:31,5:57,2:56:53,7:02:36
3021,2327,Matthew Botting,M55-59,280,Open,United States,42:22,11:05,3:11:10,6:09,2:51:54,7:02:40
3022,2926,Domenick Risola,M50-54,357,Open,United States,39:14,8:18,3:16:38,5:12,2:54:00,7:03:22
3023,1380,Neal Potter,M65-69,101,Open,United States,46:13,13:05,3:09:57,3:38,2:50:56,7:03:48
3024,1350,Roland Shaw,M65-69,102,Open,United Kingdom,42:34,7:42,3:23:08,4:57,2:45:33,7:03:53
3025,2673,Tommy Reck,M50-54,358,Open,Switzerland,41:06,10:22,3:27:01,4:29,2:41:20,7:04:18
3026,794,Gerardo Santos,M70-74,35,Open,Uruguay,39:09,9:31,3:22:39,3:43,2:49:22,7:04:23
3027,1404,Thomas Flournoy,M65-69,103,Open,United States,35:28,8:47,3:31:26,5:19,2:43:47,7:04:47
3028,1418,Kevin Pullin,M65-69,104,Open,United Kingdom,32:35,8:21,3:41:47,4:41,2:37:53,7:05:17
3029,743,David Rosenfeld,M70-74,36,Open,United States,51:12,10:10,3:24:13,3:44,2:36:33,7:05:52
3030,1337,Paul Nixon,M65-69,105,Open,Australia,52:18,11:32,3:26:30,6:28,2:29:05,7:05:53
3031,715,Kenichi Imoto,M75-79,8,Open,Japan,52:53,10:07,3:36:03,4:48,2:22:29,7:06:19
3032,732,Gilles Samyn,M70-74,37,Open,Belgium,45:02,11:46,3:25:39,5:04,2:38:58,7:06:30
3033,730,Doug Adams,M75-79,9,Open,Australia,41:25,11:08,3:38:54,5:50,2:30:16,7:07:32
3034,1445,Enrico Scio,M65-69,106,Open,Italy,55:01,8:57,3:22:58,4:37,2:36:03,7:07:36
3035,1398,Dafin Trifonov,M65-69,107,Open,United States,45:30,10:39,3:25:44,6:08,2:39:39,7:07:40
3036,2222,Zouheir Louhaichy,M55-59,281,Open,Morocco,48:21,12:49,3:36:48,6:20,2:23:40,7:07:57
3037,2343,Karsten Jakuschona,M55-59,282,Open,Germany,42:32,11:34,3:16:07,5:14,2:53:30,7:08:57
3038,2178,Roger Hauptman,M60-64,187,Open,United States,40:33,8:39,3:06:17,4:53,3:09:41,7:10:02
3039,2632,Steve Chia,M50-54,359,Open,Singapore,45:35,7:46,3:44:26,3:52,2:28:36,7:10:15
3040,2657,Jens Blessberger,M50-54,360,Open,Germany,45:10,14:37,3:21:53,8:33,2:40:23,7:10:37
3041,2811,Carlos Kavetsky,M50-54,361,Open,United States,41:06,10:55,3:24:38,12:04,2:43:17,7:11:59
3042,757,Rod Harrod,M70-74,38,Open,Australia,42:23,9:05,3:23:24,4:37,2:52:54,7:12:23
3043,1407,Jean-Philippe Leblanc,M65-69,108,Open,Canada,38:27,8:37,3:17:32,5:31,3:02:23,7:12:31
3044,804,Ping Xu,M70-74,39,Open,China,41:34,8:07,3:43:40,5:57,2:33:42,7:13:02
3045,1374,Filippo Di Mauro,M65-69,109,Open,Italy,43:37,8:10,3:28:31,5:40,2:47:15,7:13:13
3046,759,John Reynolds,M70-74,40,Open,New Zealand,40:00,10:09,3:12:33,9:41,3:00:59,7:13:21
3047,541,Larry Novelo,M40-44,438,Open,United States,45:27,9:42,3:40:59,3:02,2:34:17,7:13:27
3048,705,James Lemin,M75-79,10,Open,United Kingdom,51:14,9:16,3:29:47,6:32,2:36:45,7:13:33
3049,108,Rob Balucas,MHC,,Open,United States,56:28,6:19,4:16:08,7:08,1:47:56,7:13:59
3050,776,Philippe Daum,M70-74,41,Open,France,1:01:07,12:40,3:24:56,4:20,2:31:24,7:14:27
3051,786,Philip Monfries,M70-74,42,Open,Australia,51:59,10:19,3:24:59,7:09,2:41:08,7:15:33
3052,775,Flavio Aguilera,M70-74,43,Open,Mexico,50:33,8:02,3:37:22,4:06,2:40:35,7:20:38
3053,711,Mike Nelson,M75-79,11,Open,United States,38:45,17:40,3:06:34,6:44,3:11:45,7:21:29
3054,724,Eric Higgins,M75-79,12,Open,Australia,38:57,9:57,3:28:15,4:23,3:00:07,7:21:41
3055,2256,Enrico Constantine Varella,M55-59,283,Open,Singapore,47:18,7:48,3:36:20,6:18,2:44:23,7:22:07
3056,739,Eugene Partridge,M70-74,44,Open,United States,41:17,11:15,3:44:52,8:18,2:36:49,7:22:30
3057,712,Kazutoshi Miyokawa,M75-79,13,Open,Japan,46:03,8:28,3:40:44,4:20,2:44:05,7:23:40
3058,547,Nalin Moniz,M40-44,439,Open,India,43:57,10:25,3:48:02,4:28,2:37:15,7:24:08
3059,698,Gennaro Magliulo,M80-84,1,Open,United States,52:46,11:57,3:25:04,4:07,2:51:20,7:25:14
3060,345,Andrew Chia Wei Jun,M40-44,440,Open,Malaysia,41:24,9:02,3:37:25,5:44,2:51:43,7:25:16
3061,2338,Derek Calder,M55-59,284,Open,Australia,34:45,7:30,3:26:06,3:50,3:14:19,7:26:30
3062,106,Rodger Krause,MHC,,Open,United States,48:53,8:34,4:25:46,4:53,1:59:02,7:27:08
3063,1426,Gustavo Salgado,M65-69,110,Open,Mexico,51:36,13:42,3:32:50,5:07,2:44:28,7:27:44
3064,750,Josep Colome-Somoza,M70-74,45,Open,Spain,44:02,12:39,3:45:40,4:48,2:41:04,7:28:13
3065,1468,Jim Larrieu,M65-69,111,Open,United States,35:54,7:12,2:42:06,3:41,4:01:22,7:30:14
3066,703,Gene Peters,M80-84,2,Open,United States,40:47,11:36,3:40:45,5:22,2:53:31,7:32:01
3067,721,John Allen,M75-79,14,Open,United States,48:23,12:54,3:52:32,6:41,2:35:02,7:35:33
3068,717,jan jagodzinski,M75-79,15,Open,Canada,53:10,13:21,3:41:06,6:20,2:42:53,7:36:50
3069,741,Robert Graffam,M70-74,46,Open,United States,44:18,9:08,3:43:29,4:50,2:55:29,7:37:15
3070,2106,Gary Stephenson,M60-64,188,Open,South Africa,36:47,10:04,3:42:42,6:03,3:02:03,7:37:39
3071,807,Yoshiro Ando,M70-74,47,Open,Japan,56:10,9:59,3:47:00,4:24,2:40:14,7:37:48
3072,738,Christopher Teague,M70-74,48,Open,Australia,43:48,27:38,3:36:55,5:04,2:46:22,7:39:48
3073,1346,Stewart Mealy,M65-69,112,Open,Australia,35:46,7:29,3:03:45,4:41,3:49:48,7:41:29
3074,2070,Van Long,M60-64,189,Open,United States,36:41,10:42,3:36:06,5:06,3:14:43,7:43:18
3075,696,Warren Hill,M85-89,,Open,New Zealand,46:25,10:53,3:39:31,6:31,3:01:17,7:44:37
3076,3053,Skyler Davis,M25-29,276,Open,United States,46:49,9:18,4:04:13,4:16,2:43:06,7:47:42
3077,1680,Tim Mccurry,M30-34,398,Open,United States,31:34,5:35,3:00:10,6:05,4:04:22,7:47:46
3078,335,Gregory De Kretser,M40-44,441,Open,Australia,33:59,7:57,3:29:13,6:30,3:30:37,7:48:16
3079,2252,Andy Koundourakis,M55-59,285,Open,United States,34:00,20:23,3:48:35,12:08,2:56:05,7:51:12
3080,766,Robert Ellis,M70-74,49,Open,Canada,45:21,11:58,3:25:31,8:49,3:21:41,7:53:20
3081,716,Paul Brewer,M75-79,16,Open,Canada,39:05,12:07,3:24:52,7:40,3:32:05,7:55:49
3082,756,Paul Schaber,M70-74,50,Open,Germany,44:56,8:50,3:32:31,8:44,3:22:46,7:57:48
3083,736,John Wragg,M70-74,51,Open,Canada,45:23,8:53,3:46:37,5:15,3:21:51,8:07:59
3084,3956,Paul Mcintyre,M45-49,387,Open,United Kingdom,45:53,10:09,3:39:14,5:31,3:27:48,8:08:35
3085,710,Richard Sweetman,M75-79,17,Open,New Zealand,43:28,10:03,3:56:06,5:42,3:15:06,8:10:26
3086,2756,David Dechamps,M50-54,362,Open,France,55:06,9:15,3:39:39,4:24,3:24:00,8:12:24
3087,4099,Robert Verhelst,M45-49,388,Open,United States,38:49,8:32,3:55:53,8:14,3:33:44,8:25:11
,1798,Jiri Kalus,M30-34,,Open,Czechia,,,,,,
,169,Norbert Wojciechowski,M40-44,,Open,Poland,,,,,,
,3610,Christoph Gunther,M45-49,,Open,Germany,,,,,,
,2203,Makoto Sakaguchi,M60-64,,Open,Japan,,,,,,
,1249,Michael Conroy,M35-39,,Open,Australia,,,,,,
,701,Bruno Christen,M80-84,,Open,Switzerland,,,,,,
,2869,Angel Rojas Dominguez,M50-54,,Open,Mexico,,,,,,
,3663,mathieu charest,M45-49,,Open,Canada,,,,,,
,3963,Carlos Andres Martínez Borgeaud,M45-49,,Open,Chile,,,,,,
,1202,Manoj Chavan,M35-39,,Open,India,,,,,,
,540,Craig Hartley,M40-44,,Open,United Kingdom,,,,,,
,3252,Daniyar Aubekerov,M25-29,,Open,Kazakhstan,,,,,,
,1655,Andrew Muir,M30-34,,Open,New Zealand,,,,,,
,3037,nigel bond,M50-54,,Open,Australia,,,,,,
,2961,Christopher Arong,M50-54,,Open,Philippines,1:25:28,,,,,
,2493,Rodrigo Gras,M55-59,,Open,Chile,,,,,,
,3828,Julio Norberto Garcia,M45-49,,Open,Argentina,,,,,,
,1916,Caleb Mcvey,M30-34,,Open,United States,,,,,,
,2825,Arnaud Despierre,M50-54,,Open,Singapore,,,,,,
,887,Suman Mishra,M35-39,,Open,India,,,,,,
,3785,Brian Burns,M45-49,,Open,United States,,,,,,
,537,Fernando Borba,M40-44,,Open,Brazil,,,,,,
,279,Eduardo Sebastian Longo,M40-44,,Open,Argentina,,,,,,
,1725,Thibault Savelli,M30-34,,Open,France,,,,,,
,3331,Matej Tvrz,M25-29,,Open,Czechia,,,,,,
,593,Gergely Toth,M40-44,,Open,Hungary,,,,,,
,458,Belly Biag,M40-44,,Open,Philippines,,,,,,
,2615,Sean Buerckner,M50-54,,Open,Australia,,,,,,
,530,Téa Salkild,M40-44,,Open,Australia,,,,,,
,727,Giovanni Pastorelli,M75-79,,Open,Italy,,,,,,
,63,Christoph Matner,MPRO,,Open,Germany,,,,,,
,449,Juan Cuellar,M40-44,,Open,Colombia,,,,,,
,1934,Fabio S Rangel De Oliveira,M30-34,,Open,Brazil,,,,,,
,2426,Jorge Montegu,M55-59,,Open,Chile,,,,,,
,2898,Raphaël Triquet,M50-54,,Open,France,,,,,,
,2167,Kai Krause,M60-64,,Open,Germany,,,,,,
,3454,Logan Thralls,M18-24,,Open,United States,,,,,,
,837,Jens Gosebrink,M35-39,,Open,Germany,,,,,,
,641,Mauricio Jarvis,M40-44,,Open,United States,,,,,,
,1364,Sam Lawrence,M65-69,,Open,United States,,,,,,
,22,Leonard Arnold,MPRO,,Open,Germany,,,,,,
,2722,Avishai Raviv,M50-54,,Open,United States,,,,,,
,3326,Thomas Heaton,M25-29,,Open,New Zealand,,,,,,
,2437,Paul Worrol,M55-59,,Open,Australia,,,,,,
,1215,Jordan Yarbrough,M35-39,,Open,United States,,,,,,
,3540,Will James,M18-24,,Open,United Kingdom,34:26,7:29,2:40:12,2:36,,
,1121,Tom Mort,M35-39,,Open,Australia,,,,,,
,3886,Juan Manuel Galarraga,M45-49,,Open,Argentina,,,,,,
,942,Brian Leek,M35-39,,Open,United States,38:28,8:36,2:49:44,3:12,,
,177,Thomas Leuchten,M40-44,,Open,Australia,,,,,,
,2003,pascal Hagenbach,M60-64,,Open,France,,,,,,
,2315,Chris Tye,M55-59,,Open,United Kingdom,,,,,,
,3510,Juan Pablo García De Luca,M18-24,,Open,Mexico,,,,,,
,3985,Justin Strout,M45-49,,Open,Australia,,,,,,
,845,Deepak Ahlawat,M35-39,,Open,India,,,,,,
,3731,Rodolfo Ocejo,M45-49,,Open,Puerto Rico,,,,,,
,4053,David Beggs,M45-49,,Open,Ireland,,,,,,
,773,François Meslin,M70-74,,Open,France,,,,,,
,3958,David MUNRO,M45-49,,Open,Australia,,,,,,
,339,Pawel Chalacis,M40-44,,Open,Poland,,,,,,
,3880,David Walsh,M45-49,,Open,Australia,,,,,,
,3868,Alejandro Torre,M45-49,,Open,Mexico,,,,,,
,2911,Kosuke Kogure,M50-54,,Open,Japan,,,,,,
,2610,Yasser Gouda,M50-54,,Open,Egypt,,,,,,
,437,Michael Menager,M40-44,,Open,France,,,,,,
,844,Anthony Baldoni,M35-39,,Open,United States,,,,,,
,800,Scott Boylan,M70-74,,Open,United States,,,,,,
,3110,Kévin Artaud,M25-29,,Open,France,,,,,,
,129,Shawn Lehmann,M40-44,,Open,United States,,,,,,
,3016,Luc Saeys,M50-54,,Open,Belgium,,,,,,
,382,Luiz Pereda,M40-44,,Open,Brazil,,,,,,
,1087,Jorge Aguilar,M35-39,,Open,Mexico,,,,,,
,3646,Russell Dalba,M45-49,,Open,United States,,,,,,
,125,Francisco Urrutia,M40-44,,Open,Chile,,,,,,
,156,Jorge Adrian Adre,M40-44,,Open,Paraguay,,,,,,
,1246,Evgenii Nikitin,M35-39,,Open,France,,,,,,
,1066,Gleb Khorash,M35-39,,Open,Israel,,,,,,
,1685,Gustavo Santos,M30-34,,Open,Brazil,,,,,,
,3336,Bijenkumar Laikhuram,M25-29,,Open,India,,,,,,
,2399,Maury Blackman,M55-59,,Open,United States,,,,,,
,3649,Gasanova Pluto,M45-49,,Open,Indonesia,,,,,,
,2804,Maximiliano Valderrama Espinosa,M50-54,,Open,Colombia,,,,,,
,553,Danny Dvinov,M40-44,,Open,United States,,,,,,
,3856,Gilberto Trejo,M45-49,,Open,Mexico,,,,,,
,2302,Frederic Leblanc,M55-59,,Open,France,,,,,,
,3977,EMILIANO BATTISTA,M45-49,,Open,Argentina,,,,,,
,3219,Brian Stevens,M25-29,,Open,United States,,,,,,
,332,Alex Hornett,M40-44,,Open,United Kingdom,,,,,,
,2865,Keith Burk,M50-54,,Open,United States,,,,,,
,1718,Giovanni Clemente,M30-34,,Open,Australia,,,,,,
,2588,Dwayne Smith,M50-54,,Open,United States,,,,,,
,2879,Todd Madison,M50-54,,Open,United States,,,,,,
,2281,Bob Mueller,M55-59,,Open,United States,,,,,,
,642,Manuel Garcia,M40-44,,Open,Mexico,,,,,,
,3332,Tom Holland,M25-29,,Open,Australia,,,,,,
,3087,Anthony Federico,M25-29,,Open,United States,,,,,,
,49,Nicholas Quenet,MPRO,,Open,South Africa,,,,,,
,654,Thiago Mohana,M40-44,,Open,Brazil,,,,,,
,1931,Felipe Von Pressentin De Souza,M30-34,,Open,Brazil,,,,,,
,2140,Walter Thorburn,M60-64,,Open,New Zealand,,,,,,
,3130,Afonso Garcia,M25-29,,Open,Portugal,,,,,,
,1808,Timmo Jeret,M30-34,,Open,Estonia,,,,,,
,3735,David Stephens,M45-49,,Open,United States,,,,,,
,780,Brad Daly,M70-74,,Open,United States,,,,,,
,1086,Kuok Yuen Teh,M35-39,,Open,Malaysia,,,,,,
,4025,Aleksandr Kriuchkov,M45-49,,Open,Estonia,,,,,,
,52,Johannes Vogel,MPRO,,Open,Germany,,,,,,
,3439,Nicolas Jara,M18-24,,Open,United States,,,,,,
,1876,Nicholas Foster,M30-34,,Open,Australia,,,,,,
,2533,Jens Bitsch Norhave,M55-59,,Open,Denmark,,,,,,
,2144,Alejandro Riviello,M60-64,,Open,Mexico,,,,,,
,2199,Azat Mulyukov,M60-64,,Open,Kyrgyzstan,,,,,,
,3986,Shawn FINNICUM,M45-49,,Open,United States,,,,,,
,2164,Robert Krzak,M60-64,,Open,Poland,,,,,,
,236,Gary Barnes,M40-44,,Open,Australia,,,,,,
,1684,Matthew Dobson,M30-34,,Open,New Zealand,,,,,,
,2005,Dominic Bertin,M60-64,,Open,Belgium,,,,,,
,4048,Diego Gelos,M45-49,,Open,Argentina,,,,,,
,3055,Lucas Taveira,M25-29,,Open,Brazil,,,,,,
,3598,David De Paula,M45-49,,Open,France,,,,,,
,4029,Cody Leibel,M45-49,,Open,Canada,,,,,,
,1561,Michael Fewster,M30-34,,Open,Australia,,,,,,
,151,Daniel Pires Rebelo Da,M40-44,,Open,Brazil,,,,,,
,1184,Saleh Almuhaini,M35-39,,Open,Kuwait,,,,,,
,3672,Hugo Fujisawa,M45-49,,Open,Brazil,,,,,,
,3573,Siarhei Misitau,M45-49,,Open,United Arab Emirates,,,,,,
,3639,Daniele Veronese,M45-49,,Open,Italy,,,,,,
,3465,Juan Carlos Sanchez Pontaza,M18-24,,Open,Guatemala,,,,,,
,2075,Vincent Hassel,M60-64,,Open,United States,34:34,7:58,3:02:55,,,
,3119,Bastien Groelly,M25-29,,Open,France,,,,,,
,3554,Philippe Dutilleul-Francoeur,M45-49,,Open,Saint Kitts and Nevis,,,,,,
,2578,James Sweeney,M50-54,,Open,Australia,,,,,,
,414,Gael Chouchelamane,M40-44,,Open,France,,,,,,
,787,Luigi Lando,M70-74,,Open,Italy,,,,,,
,314,Karl Boehm,M40-44,,Open,Australia,,,,,,
,2977,Mark Rohde,M50-54,,Open,Australia,,,,,,
,3625,Phil Mosley,M45-49,,Open,United Kingdom,,,,,,
,521,Bauyrzhan Bekov,M40-44,,Open,Kazakhstan,,,,,,
,1331,Antonio Mellero Barros Filho,M65-69,,Open,Brazil,,,,,,
,4093,Chris Standidge,M45-49,,Open,United Kingdom,24:49,4:15,2:15:34,3:13,,
,2468,Gavin Holley,M55-59,,Open,New Zealand,,,,,,
,951,Abdulaziz Alhazeem,M35-39,,Open,Kuwait,,,,,,
,2244,Rod Camm,M55-59,,Open,Australia,,,,,,
,504,Thomas Plank,M40-44,,Open,United States,,,,,,
,2500,Sam Cooke,M55-59,,Open,Australia,,,,,,
,3558,Eric Dreuth,M45-49,,Open,United States,,,,,,
,222,Quentin Seychelles,M40-44,,Open,France,,,,,,
,2431,Marc Arseneau,M55-59,,Open,Canada,,,,,,
,341,Ryan Forster,M40-44,,Open,United States,,,,,,
,3358,Abdulla Al Zarra,M25-29,,Open,Qatar,,,,,,
,3947,Ryan Hadley,M45-49,,Open,United States,,,,,,
,3730,Colby Essing,M45-49,,Open,South Africa,,,,,,
,3527,Colby Ferbrache,M18-24,,Open,United States,,,,,,
,1601,Gabriel Browne De Oliveira,M30-34,,Open,Brazil,,,,,,
,3316,William St John,M25-29,,Open,New Zealand,,,,,,
,142,Matthew Allen,M40-44,,Open,Canada,,,,,,
,2709,Oleg Khazov,M50-54,,Open,United Arab Emirates,,,,,,
,2333,Doug Kylander,M55-59,,Open,United States,,,,,,
,686,Thomas Knittel,M40-44,,Open,Germany,,,,,,
,1980,Paddy Mayne,M30-34,,Open,Australia,,,,,,
,774,William Cray,M70-74,,Open,United States,,,,,,
,2966,Kris Carpenter,M50-54,,Open,Canada,,,,,,
,1125,Felipe Gomez,M35-39,,Open,Brazil,,,,,,
,3545,Aalam Sulski,M18-24,,Open,United States,,,,,,
,2964,Piotr Szefer,M50-54,,Open,Poland,,,,,,
,3645,Andy Higginbotham,M45-49,,Open,New Zealand,,,,,,
,1630,André Wuo Guerra,M30-34,,Open,Brazil,,,,,,
,2474,David Clements,M55-59,,Open,United Kingdom,,,,,,
,2544,Walter Caputo,M55-59,,Open,Italy,,,,,,
,1111,Pablo Leiva,M35-39,,Open,Chile,,,,,,
,961,Thomas Bossuyt,M35-39,,Open,Belgium,,,,,,
,945,Nick Raymaekers,M35-39,,Open,Belgium,,,,,,
,3910,Peter Stafford,M45-49,,Open,New Zealand,,,,,,
,282,Michael Stadler,M40-44,,Open,United States,,,,,,
,2464,Robert Sorensen,M55-59,,Open,United States,,,,,,
,1224,Ryan Zelinski,M35-39,,Open,United States,,,,,,
,364,Radek Serwinski,M40-44,,Open,Poland,,,,,,
,257,Jose Cervera,M40-44,,Open,Mexico,,,,,,
,3892,David Wheatley,M45-49,,Open,Australia,,,,,,
,4073,Ben Nortier,M45-49,,Open,South Africa,,,,,,
,672,Lukasz Wolejko-Wolejszo,M40-44,,Open,Germany,,,,,,
,2037,Terry Roberts,M60-64,,Open,Australia,,,,,,
,677,Fabien Anne,M40-44,,Open,France,,,,,,
,1385,Gerald Throop,M65-69,,Open,Canada,,,,,,
,1438,Andreas Sakellariou,M65-69,,Open,Greece,,,,,,
,497,Shrikrishnan P,M40-44,,Open,India,,,,,,
,1849,Ryan Sippel,M30-34,,Open,United States,,,,,,
,1987,Carl Hefflefinger,M60-64,,Open,United States,,,,,,
,630,Alexandre Borsatto,M40-44,,Open,Brazil,,,,,,
,862,Toby Ryan,M35-39,,Open,United Kingdom,,,,,,
,3674,Simon Hatlee,M45-49,,Open,Australia,,,,,,
,3773,Chris Fruehwirth,M45-49,,Open,United States,,,,,,
,875,David Zamora,M35-39,,Open,Ecuador,,,,,,
,1832,Brian Rountree,M30-34,,Open,United States,35:03,5:47,,,,
,3409,Tamim Al-Kuwari,M18-24,,Open,Qatar,,,,,,
,2319,Carsten Reinhardt,M55-59,,Open,Germany,,,,,,
,3168,Cameron Craik,M25-29,,Open,United Kingdom,,,,,,
,1527,Brooks Kanski,M30-34,,Open,United States,,,,,,
,2239,Rob Allen,M55-59,,Open,United States,,,,,,
,529,Aldo Zgraggen,M40-44,,Open,Switzerland,,,,,,
,1937,Roy Chui,M30-34,,Open,United Kingdom,33:22,,,,,
,744,Jon Howse,M70-74,,Open,Australia,,,,,,
,902,Pablo Oscar Hovsepian,M35-39,,Open,Argentina,,,,,,
,1660,Oleksandr Tereshchuk,M30-34,,Open,Ukraine,,,,,,
,3974,Nick Hansen,M45-49,,Open,Canada,,,,,,
,1105,Mohd Nazri Muhamad,M35-39,,Open,Malaysia,,,,,,
,1320,Alex Hildebrandt,M35-39,,Open,United States,,,,,,
,3012,Andrew Dawson,M50-54,,Open,Australia,,,,,,
,1341,William Pressprich,M65-69,,Open,United States,,,,,,
,265,Douglas Rocha,M40-44,,Open,Brazil,,,,,,
,790,Robert Picken,M70-74,,Open,Australia,,,,,,
,2200,Marcio Ferreira,M60-64,,Open,Brazil,,,,,,
,1050,Alexandros Sakellariou,M35-39,,Open,Greece,,,,,,
,3861,Christopher Mosier,M45-49,,Open,United States,,,,,,
,1262,Lorenzo Vispi,M35-39,,Open,Italy,,,,,,
,1417,Ole Andersen,M65-69,,Open,Denmark,,,,,,
,2976,Sanjay Vikhe,M50-54,,Open,India,,,,,,
,3268,Christopher Myers,M25-29,,Open,United States,,,,,,
,2128,Tod Smith,M60-64,,Open,United States,,,,,,
,2848,Dean Kirkham,M50-54,,Open,United Kingdom,,,,,,
,378,Karol Bogus,M40-44,,Open,Poland,,,,,,
,2866,Igor Sokolovski,M50-54,,Open,Serbia,,,,,,
,911,Przemyslaw Marciniak,M35-39,,Open,Poland,,,,,,
,611,Dimitri Flores Fafutis,M40-44,,Open,Mexico,,,,,,
,2579,Michael Kelly,M50-54,,Open,Ireland,,,,,,
,184,Eduardo Della Maggiora,M40-44,,Open,Chile,,,,,,
,2616,Sean O'Donnell,M50-54,,Open,United States,,,,,,
,2456,Andrea Banfi,M55-59,,Open,Italy,,,,,,
,3905,Mana Alshahwani,M45-49,,Open,Qatar,,,,,,
,3034,Giacomo Giovenali,M50-54,,Open,Italy,,,,,,
,1659,Jhan Yong Chan,M30-34,,Open,Malaysia,,,,,,
,1451,Javier Deyan,M65-69,,Open,Dominican Republic,,,,,,
,2603,Jean Eichaker,M50-54,,Open,France,,,,,,
,3373,Jack Nye,M25-29,,Open,Spain,,,,,,
,3844,Jason Dubois,M45-49,,Open,Australia,,,,,,
,899,Nicholas Bonucchi,M35-39,,Open,United States,,,,,,
,1507,Dominic Meyrick-Cole,M30-34,,Open,Netherlands,,,,,,
,737,Thomas Nagy,M70-74,,Open,United States,,,,,,
,2860,Peter Corbett,M50-54,,Open,United States,,,,,,
,2295,Manuel Narvaez,M55-59,,Open,Spain,31:46,6:51,2:47:50,3:43,,
,1112,Glen Huygens,M35-39,,Open,Belgium,,,,,,
,2617,Patrick Detzel,M50-54,,Open,Switzerland,,,,,,
,3990,Matthias Weingärtner,M45-49,,Open,Austria,,,,,,
,1754,Raphaël Serrapica,M30-34,,Open,France,,,,,,
,2476,David Gile,M55-59,,Open,United States,,,,,,
,3903,Leonardo Gallegos,M45-49,,Open,Chile,,,,,,
,46,Max Stapley,MPRO,,Open,United Kingdom,,,,,,
,767,Volker Fischer,M70-74,,Open,United States,,,,,,
,2896,Salvatore Guagliano,M50-54,,Open,Germany,,,,,,
,3106,Nolan Mckenna,M25-29,,Open,United States,,,,,,
,403,Bradley Kuper-Smith,M40-44,,Open,United States,,,,,,
,588,Rafal Kaminski,M40-44,,Open,Poland,,,,,,
,2546,Patrice Blackburn,M55-59,,Open,Canada,,,,,,
,3684,Jose Laserna,M45-49,,Open,Mexico,,,,,,
,1012,Michael Cassinides,M35-39,,Open,Australia,,,,,,
,2502,Dennis Woodside,M55-59,,Open,United States,,,,,,
,2646,Takamitsu Iwabuchi,M50-54,,Open,Japan,37:27,7:02,,,,
,3624,Simon Olivier,M45-49,,Open,Canada,,,,,,
,3524,Tim Fetzer,M18-24,,Open,Germany,,,,,,
,2601,Tony Elomaa,M50-54,,Open,Finland,,,,,,
,1039,Malek Amrani,M35-39,,Open,United States,,,,,,
,463,Sebastien Sahyoun,M40-44,,Open,Morocco,,,,,,
,3819,Jamel Oulidi,M45-49,,Open,Morocco,,,,,,
,2702,Juan Manuel Sosa,M50-54,,Open,Uruguay,,,,,,
,2010,Sergio Peretti,M60-64,,Open,Argentina,,,,,,
,1210,JOSE EDSON VITORINO DE SOUZA,M35-39,,Open,Brazil,,,,,,
,3429,Andrew Buzdon,M18-24,,Open,Canada,37:28,7:01,,,,
,1069,Joe Sanchez,M35-39,,Open,United Kingdom,,,,,,
,1027,Tessalo Hoff Vicentin,M35-39,,Open,Brazil,,,,,,
,160,Dan Macdonald,M40-44,,Open,Canada,,,,,,
,1365,Dariusz Drapella,M65-69,,Open,Poland,,,,,,
,2876,Tony Goodyear,M50-54,,Open,Australia,,,,,,
,2659,Stephen Kinsey,M50-54,,Open,United States,,,,,,
,824,Nick Saunders,M35-39,,Open,New Zealand,,,,,,
,3812,Roberto Russo,M45-49,,Open,Italy,,,,,,
,1767,Mark Anthony Hosana,M30-34,,Open,Philippines,,,,,,
,3419,Noah Raz,M18-24,,Open,Australia,,,,,,
,3011,Martin Vizcarra,M50-54,,Open,Argentina,,,,,,
,1909,Augusto Gomes,M30-34,,Open,Brazil,,,,,,
,1390,Philippe Foutrein,M65-69,,Open,France,,,,,,
,3667,Jefin Perez,M45-49,,Open,Venezuela,,,,,,
,3836,Jim Dixon,M45-49,,Open,Canada,,,,,,
,1731,Daniel Kevin Perron,M30-34,,Open,Canada,,,,,,
,2647,Keith Watson,M50-54,,Open,United States,,,,,,
,2041,Alex Flores,M60-64,,Open,United States,,,,,,
,3998,Brendan Loehr,M45-49,,Open,United States,,,,,,
,1361,Uwe Prein,M65-69,,Open,Germany,53:01,11:24,,,,
,4072,Dale Mackay,M45-49,,Open,Canada,,,,,,
,2698,Dominic Hayhurst,M50-54,,Open,United Kingdom,,,,,,
,161,RAFAEL LEITÃO,M40-44,,Open,Brazil,,,,,,
,260,Alessio Morellato,M40-44,,Open,Italy,,,,,,
,3651,David Bardi,M45-49,,Open,France,,,,,,
,1460,Takeshi Uematsu,M65-69,,Open,Japan,,,,,,
,3889,Jun Kanazawa,M45-49,,Open,Japan,,,,,,
,2576,Walter Takano,M50-54,,Open,Peru,,,,,,
,2504,Hylton Hastie,M55-59,,Open,South Africa,,,,,,
,1333,David Mcewan,M65-69,,Open,Australia,,,,,,
,2051,Ronald Schultz,M60-64,,Open,United States,,,,,,
,1822,Daniel Kemsley,M30-34,,Open,Australia,,,,,,
,2782,Fredrik Jansson,M50-54,,Open,Sweden,,,,,,
,4101,Oliver Ronzheimer,M55-59,,Open,Germany,,,,,,
,2532,Roger Corns,M55-59,,Open,Canada,,,,,,
,1955,Lucas Genot,M30-34,,Open,France,,,,,,
,144,Michael Mcevoy,M40-44,,Open,Australia,,,,,,
,1466,Douglas Robertson,M65-69,,Open,Australia,,,,,,
,2138,Ken Glah,M60-64,,Open,United States,,,,,,
,2669,Chris Hanrahan,M50-54,,Open,Australia,,,,,,
,1727,Luis Anula Diniz-Fragoso,M30-34,,Open,Spain,,,,,,
,563,Matthew Tatum,M40-44,,Open,United States,,,,,,
,2783,Matthew White,M50-54,,Open,United Kingdom,,,,,,
,2247,Pascal Fourrier,M55-59,,Open,France,,,,,,
,2283,Thomas Seltmann,M55-59,,Open,Germany,,,,,,
,3415,Johnny Mena,M18-24,,Open,Ecuador,,,,,,
,375,SIYABULELA MPENGESI,M40-44,,Open,South Africa,,,,,,
,250,Lorenzo Bricchi,M40-44,,Open,Italy,,,,,,
,1587,Fernando Grijalba Perez,M30-34,,Open,Spain,,,,,,
,3544,Luke Mazzocchi,M18-24,,Open,Australia,,,,,,
,213,Wissam Salama,M40-44,,Open,Syrian Arab Republic,,,,,,
,2360,Shawn Talbott,M55-59,,Open,United States,,,,,,
,1236,James Hotson,M35-39,,Open,United States,,,,,,
,1828,Theo Friedman,M30-34,,Open,United States,,,,,,
,3866,Marc Wolf,M45-49,,Open,Germany,,,,,,
,1056,Francois Schoenaers,M35-39,,Open,Belgium,,,,,,
,2380,Campbell Dean,M55-59,,Open,New Zealand,33:03,8:06,3:04:14,,,
,61,Marty ANDRIE,MPRO,,Open,United States,,,,,,
,2859,J.A. Gremmen,M50-54,,Open,Netherlands,,,,,,
,3647,Fernando Andrade,M45-49,,Open,Brazil,,,,,,
,2371,Pete Conley,M55-59,,Open,New Zealand,,,,,,
,2983,Filippo Neri,M50-54,,Open,Italy,,,,,,
,2038,Alejandro Sambad,M60-64,,Open,Argentina,,,,,,
,924,Stuart Clennell,M35-39,,Open,United States,,,,,,
,646,Tim Antonellis,M40-44,,Open,United States,,,,,,
,601,Mario Bartolome,M40-44,,Open,Spain,,,,,,
,555,Malcolm Fraser,M40-44,,Open,South Africa,,,,,,
,3008,Mike Gloyne,M50-54,,Open,United Kingdom,,,,,,
,244,Ewin Teo,M40-44,,Open,Singapore,,,,,,
,3675,Isao Masugata,M45-49,,Open,Japan,,,,,,
,1806,Alexander Evanoff,M30-34,,Open,United States,,,,,,
,3095,Josh Morgan,M25-29,,Open,United Kingdom,,,,,,
,2453,Björn Stenbrink,M55-59,,Open,Sweden,,,,,,
,1334,Emmanuel Carballeda Taboada,M65-69,,Open,Panama,,,,,,
,3063,Man Kit Chao,M25-29,,Open,Macao,,,,,,
,605,Liam Messam,M40-44,,Open,New Zealand,,,,,,
,1434,Mariano Ovalle,M65-69,,Open,Chile,,,,,,
,1014,Baris Ilhan,M35-39,,Open,Turkey,,,,,,
,1222,Murilo Silverio Martins Brito,M35-39,,Open,Brazil,,,,,,
,3575,Steven Allan,M45-49,,Open,South Africa,,,,,,
,3959,Jonatas Rodrigues,M45-49,,Open,Brazil,,,,,,
,2436,Jean Marie Mozzon,M55-59,,Open,Switzerland,,,,,,
,4064,Marek Dobrzycki,M45-49,,Open,Poland,,,,,,
,3056,Amaury Lafourcade,M25-29,,Open,France,,,,,,
,3230,Jaden Porte,M25-29,,Open,Canada,,,,,,
,58,João Ferreira,MPRO,,Open,Portugal,,,,,,
,3256,Sven Vandenbroucke,M25-29,,Open,Belgium,,,,,,
,1865,Ryan Hibbins-Leece,M30-34,,Open,Australia,,,,,,
,1306,Simon Ferrari,M35-39,,Open,Japan,,,,,,
,977,Sergei Degtiarev,M35-39,,Open,United Arab Emirates,,,,,,
,1911,Alexandre Flausino,M30-34,,Open,Brazil,,,,,,
,3934,Przemyslaw Szuder,M45-49,,Open,Poland,,,,,,
,855,Vladimir Lasenko,M35-39,,Open,Kyrgyzstan,,,,,,
,2777,Ritch Viola,M50-54,,Open,United States,,,,,,
,2093,Michael Klose,M60-64,,Open,Germany,,,,,,
,2236,Thomas Hackner,M55-59,,Open,Austria,,,,,,
,2974,Jorge Garcia,M50-54,,Open,Uruguay,,,,,,
,502,Juliano Cortez Ribeiro,M40-44,,Open,Brazil,,,,,,
,2058,Gunther Volz,M60-64,,Open,Germany,,,,,,
,2170,LAURENT DELLA SCHIAVA,M60-64,,Open,France,,,,,,
,577,Andrew Erskine,M40-44,,Open,Australia,,,,,,
,2933,Saha Bhasavanich,M50-54,,Open,Thailand,,,,,,
,1463,Bruce Wilson,M65-69,,Open,United States,,,,,,
,1159,Renel Brecenio,M35-39,,Open,Philippines,,,,,,
,1760,Luke Sullivan,M30-34,,Open,Australia,,,,,,
,791,Stuart Osborne,M70-74,,Open,Bermuda,,,,,,
,939,Gabriele Monaco,M35-39,,Open,Italy,,,,,,
,3834,David Mildren,M45-49,,Open,Australia,,,,,,
,1119,Jing Guo,M35-39,,Open,China,,,,,,
,18,Casper Stornes,MPRO,,Open,Norway,,,,,,
,101,Javier Merida,MPC/ID,,Open,Spain,,,,,,
,254,Artem Sitnikov,M40-44,,Open,Cyprus,,,,,,
,1107,Nicolas Ruiz,M35-39,,Open,French Polynesia,,,,,,
,2982,Luis Gonzalez,M50-54,,Open,Mexico,,,,,,
,707,Heinrich Jockenhöfer,M75-79,,Open,Germany,58:01,11:27,4:33:49,,,
,1082,Pavel SHMIDT,M35-39,,Open,Turkey,,,,,,
,3250,Chee Yong Lim,M25-29,,Open,Malaysia,,,,,,
,3290,Zach Kayser,M25-29,,Open,United States,,,,,,
,1992,Richard Olivecrona,M60-64,,Open,Sweden,,,,,,
,1117,John Cobb,M35-39,,Open,United States,,,,,,
,965,Steven Mcculloch,M35-39,,Open,Australia,,,,,,
,415,Thomas Bord,M40-44,,Open,France,,,,,,
,3072,Eduardo García,M25-29,,Open,Chile,,,,,,
,3385,Ilya Fedorov,M18-24,,Open,United Arab Emirates,,,,,,
,1486,Nikolas Adair,M30-34,,Open,Guatemala,,,,,,
,1943,Michael Hooper,M30-34,,Open,Australia,,,,,,
,3093,Hilario Borges,M25-29,,Open,Brazil,,,,,,
,1697,Laikhuram Singh,M30-34,,Open,India,,,,,,
,2840,Brendan Erskine,M50-54,,Open,New Zealand,,,,,,
,2447,Michel Pawlicz,M55-59,,Open,Netherlands,,,,,,
,1375,Volker Hemberger,M65-69,,Open,Germany,,,,,,
,1825,Richard Zhang,M30-34,,Open,United States,,,,,,
,1047,Andy Grant,M35-39,,Open,United States,,,,,,
,4012,Nicolas Finck,M45-49,,Open,France,,,,,,
,450,Dyego Januario Pinto,M40-44,,Open,Brazil,,,,,,
,2006,Geoff Large,M60-64,,Open,Australia,,,,,,
,3659,Jeff Vanpeenen,M45-49,,Open,United States,,,,,,
,1607,Craig Seaton,M30-34,,Open,Australia,,,,,,
,1890,Ambrose Killian,M30-34,,Open,Australia,,,,,,
,2668,Jan Wibbelink,M50-54,,Open,South Africa,,,,,,
,3763,Luiz Fernando Baptistella,M45-49,,Open,Brazil,,,,,,
,4031,Mihailo Lazarevic,M45-49,,Open,Serbia,,,,,,
,2207,Thierry Depolla,M60-64,,Open,Lebanon,,,,,,
,65,Fernando Toldi,MPRO,,Open,Brazil,,,,,,
,1765,Hayden Smith,M30-34,,Open,New Zealand,28:30,4:34,,,,
,2263,Fabrice Maloigne,M55-59,,Open,France,1:13:38,,,,,
,3476,Aaron Merilainen,M18-24,,Open,Canada,,,,,,
,751,Richard Tout,M70-74,,Open,United Kingdom,,,,,,
,1625,Peter Rowley,M30-34,,Open,United Kingdom,,,,,,
,3526,Arthur Wanderley Martins,M18-24,,Open,Brazil,,,,,,
,2363,Jerome Le Jamtel,M55-59,,Open,France,40:32,8:59,,,,
,888,Joao Fernandes Ferreira,M35-39,,Open,Brazil,,,,,,
,1784,William A N Graca,M30-34,,Open,Brazil,,,,,,
,2571,Christopher Gunn,M55-59,,Open,United Kingdom,,,,,,
,3018,Vicente Bobadilla,M50-54,,Open,Chile,,,,,,
,2595,Stuart Harsley,M50-54,,Open,Australia,,,,,,
,2696,John Hughes,M50-54,,Open,Australia,,,,,,
,3792,Juan Lopez Olivera,M45-49,,Open,Uruguay,,,,,,
,1632,Brendan Lorton,M30-34,,Open,United States,,,,,,
,2045,Scott Powell,M60-64,,Open,United States,,,,,,
,178,Ben Packman,M40-44,,Open,United Kingdom,,,,,,
,3757,Jean-Philippe Dechristé,M45-49,,Open,France,,,,,,
,2485,Tomasz Socha,M55-59,,Open,Poland,,,,,,
,3940,Rustem Galimov,M45-49,,Open,Cyprus,,,,,,
,4085,DIEGO ARGOS JARA,M45-49,,Open,Argentina,,,,,,
,2921,Takahiro Nemoto,M50-54,,Open,Japan,,,,,,
,1084,Kartik Uppal,M35-39,,Open,India,,,,,,
,2218,Andreas Fuchs,M55-59,,Open,Austria,,,,,,
,1681,Junyi Lin,M30-34,,Open,China,,,,,,
,708,Murray O'Donnell,M75-79,,Open,New Zealand,39:25,7:53,3:18:25,3:52,,
,43,Hunter Lussi,MPRO,,Open,United States,,,,,,
,880,Nat Heath,M35-39,,Open,Australia,,,,,,
,3882,Sven Hammarström,M45-49,,Open,Sweden,,,,,,
,689,Rodolfo Oliveira,M40-44,,Open,Brazil,,,,,,
,3709,Andrew Smith,M45-49,,Open,New Zealand,,,,,,
,2609,Richard Wright,M50-54,,Open,South Africa,,,,,,
,234,Juan Martin Coll Cuello,M40-44,,Open,Spain,,,,,,
,3919,Fernando Ornelas,M45-49,,Open,United States,,,,,,
,974,Pavel Blagikh,M35-39,,Open,Spain,,,,,,
,1972,Iosif Psomas,M30-34,,Open,Greece,,,,,,
,1576,Mikko Kotamies,M30-34,,Open,Finland,,,,,,
,2877,Trent Harlow,M50-54,,Open,Australia,,,,,,
,988,Dj Snyder,M35-39,,Open,United States,,,,,,
,734,Sam Pritchard,M70-74,,Open,United Kingdom,1:05:24,,,,,
,404,John Seddon,M40-44,,Open,United States,,,,,,
,421,Michael Rosato,M40-44,,Open,Australia,,,,,,
,978,Kyle Mitchell,M35-39,,Open,South Africa,,,,,,
,372,Irek Dautov,M40-44,,Open,Spain,,,,,,
,1683,Bruno Sapienza,M30-34,,Open,Brazil,,,,,,
,1599,Tim Pattyson,M30-34,,Open,United States,,,,,,
,1141,Scott Leadbetter,M35-39,,Open,United Kingdom,,,,,,
,2361,John Sheridan,M55-59,,Open,Australia,,,,,,
,224,Sergejs Kudrjavcevs,M40-44,,Open,Latvia,,,,,,
,3242,Filip Kolodziej,M25-29,,Open,Ireland,,,,,,
,3832,Andrew Oldroyd,M45-49,,Open,United States,,,,,,
,3546,Johnny Nemeth,M18-24,,Open,United States,,,,,,
,2573,Rogier Mooiman,M55-59,,Open,Netherlands,,,,,,
,720,Trey Evans,M75-79,,Open,United States,55:37,11:23,5:15:48,,,
,2637,Mark Hummel,M50-54,,Open,Germany,,,,,,
,733,Francisco Cabrera Jimenez,M70-74,,Open,Spain,49:36,12:17,,,,
,1452,Frank Mcshane,M65-69,,Open,Australia,,,,,,
,936,Brandon Hartstein,M35-39,,Open,United States,,,,,,
,3686,Ezra Ketola,M45-49,,Open,United States,,,,,,
,3557,Ben BELL,M45-49,,Open,Australia,,,,,,
,3786,Mark Huber,M45-49,,Open,Australia,,,,,,
,2494,Hannu Tahvanainen,M55-59,,Open,Sweden,,,,,,
,968,Simon Michelet Dos Santos,M35-39,,Open,Portugal,,,,,,
,1548,Bertrand Fontaine,M30-34,,Open,Belgium,,,,,,
,1458,Yuzo Yoshizumi,M65-69,,Open,Japan,,,,,,
,832,Arthur Werneck,M35-39,,Open,Brazil,,,,,,
,3543,Bryan Ivan Zumbana Lopez,M18-24,,Open,Ecuador,,,,,,
,1348,Willehard Wortelboer,M65-69,,Open,Netherlands,,,,,,
,937,John Wile,M35-39,,Open,United States,,,,,,
,1162,Hector Kappes,M35-39,,Open,Chile,,,,,,
,806,Bill Edwards,M70-74,,Open,United States,,,,,,
,3976,Deniz Geldigitti,M45-49,,Open,Turkey,,,,,,
,3655,Ilya Petrov,M45-49,,Open,New Zealand,,,,,,
,1267,Mitch Baker,M35-39,,Open,Australia,,,,,,
,753,Tom Rizk,M70-74,,Open,United States,,,,,,
,3715,Daniel Brier,M45-49,,Open,United States,,,,,,
,226,Guy Hogg,M40-44,,Open,United Kingdom,,,,,,
,2113,Kevin Chidwick,M60-64,,Open,United Kingdom,,,,,,
,3519,David Kutz,M18-24,,Open,United States,,,,,,
,4086,Jon Nicanor,M45-49,,Open,United States,,,,,,
,2971,Lydéric Masset,M50-54,,Open,France,,,,,,
,3002,Jamie Baker,M50-54,,Open,United States,,,,,,
,2770,Chris Martin,M50-54,,Open,Germany,,,,,,
,114,Daniel Da Gama Guimarães Ramalho,M40-44,,Open,Brazil,,,,,,
,4081,Mark Page,M45-49,,Open,Australia,30:04,,,,,
,2019,Trevor Tully,M60-64,,Open,Ireland,,,,,,
,4080,Daniel Taylor,M45-49,,Open,United Kingdom,,,,,,
,1691,Marc Jacobee,M30-34,,Open,New Caledonia,,,,,,
,4024,Simon Pennington,M45-49,,Open,New Zealand,,,,,,
,1740,Michal Wlazlak,M30-34,,Open,Poland,,,,,,
,2780,Jörn Von Grabe,M50-54,,Open,Germany,,,,,,
,3157,Jordan De Spong,M25-29,,Open,New Zealand,,,,,,
,3030,Ryan Sather,M50-54,,Open,United States,,,,,,
,3424,Kyler Roth,M18-24,,Open,United States,,,,,,
,3767,Yu Yue,M45-49,,Open,China,,,,,,
,3051,Rodrigo Núñez De Aysa,M25-29,,Open,Spain,,,,,,
,3133,or maman,M25-29,,Open,Israel,,,,,,
,3479,Joan Fever,M18-24,,Open,France,,,,,,
,1387,Paul Michael Dellabarca,M65-69,,Open,New Zealand,,,,,,
,57,Igor Amorelli,MPRO,,Open,Brazil,,,,,,
,3414,Felipe Vilhena,M18-24,,Open,Brazil,,,,,,
,869,Clint Rowlings,M35-39,,Open,Australia,,,,,,
,3631,Ben Price,M45-49,,Open,United Kingdom,33:37,5:05,2:25:08,,,
,3420,Eduardo Carrer Viana,M18-24,,Open,Brazil,,,,,,
,3719,Björn Becker,M45-49,,Open,Austria,,,,,,
,859,Martin Tresca,M35-39,,Open,Portugal,,,,,,
,386,Fernando Di Rosso,M40-44,,Open,Argentina,,,,,,
,2024,Leonardo Pinzon,M60-64,,Open,Colombia,,,,,,
,688,Jeremy Gourd,M40-44,,Open,Canada,,,,,,
,276,Graeme Buscke,M40-44,,Open,New Zealand,,,,,,
,136,Brian Highsmith,M40-44,,Open,United States,,,,,,
,1029,Malik Surender,M35-39,,Open,India,,,,,,
,1071,Joao Felipe De Campos Costa,M35-39,,Open,Brazil,,,,,,
,436,Warren Thomas,M40-44,,Open,South Africa,,,,,,
,1237,Andrew Michel,M35-39,,Open,United Kingdom,,,,,,
,3801,Fernando Ferreira Do Couto,M45-49,,Open,Brazil,,,,,,
,1405,Dale Mcallister,M65-69,,Open,Singapore,,,,,,
,2539,Daryll Miller,M55-59,,Open,Australia,,,,,,
,3035,Helder Francisco,M50-54,,Open,Portugal,,,,,,
,3637,Bachir Nasr,M45-49,,Open,Lebanon,,,,,,
,1536,Jason Trautman,M30-34,,Open,Cayman Islands,,,,,,
,3368,Darcy Dobson,M25-29,,Open,Australia,,,,,,
,3994,Piotr Wlodarczyk,M45-49,,Open,Poland,,,,,,
,2081,Mario Jose Petrelli Filho,M60-64,,Open,Brazil,,,,,,
,651,Diego Ganly,M40-44,,Open,Argentina,,,,,,
,319,Luis Franco,M40-44,,Open,Canada,,,,,,
,3113,Isaiah Rainey,M25-29,,Open,United States,,,,,,
,3783,Russell Marks,M45-49,,Open,United States,,,,,,
,2442,Olivier Fichaux,M55-59,,Open,France,,,,,,
,702,Martin Frezza,M80-84,,Open,United States,47:55,8:59,3:41:08,4:09,,
,1186,Sebastian Vales,M35-39,,Open,Uruguay,,,,,,
,2924,Rafael Pina,M50-54,,Open,Brazil,,,,,,
,3960,Alexandre Kalman,M45-49,,Open,Brazil,,,,,,
,2858,Leandro Martinez,M50-54,,Open,Brazil,,,,,,
,3090,Julien Rieffel,M25-29,,Open,France,,,,,,
,3858,Andrew Hardwick,M45-49,,Open,Jersey,30:47,5:14,,,,
,933,Jonathan Marguerite,M35-39,,Open,France,,,,,,
,1508,Bishworjit Saikhom,M30-34,,Open,India,,,,,,
,251,Niko Engel,M40-44,,Open,Germany,,,,,,
,586,Matthew Bennett,M40-44,,Open,United Kingdom,,,,,,
,910,Marco Viappiani,M35-39,,Open,Italy,,,,,,
,2642,Manfred Eberwein,M50-54,,Open,Germany,,,,,,
,2409,Alexandre Turgeon,M55-59,,Open,Canada,,,,,,
,3885,Federico Foster,M45-49,,Open,Argentina,,,,,,
,891,Paul Preston,M35-39,,Open,New Zealand,,,,,,
,1676,Simon Liddle,M30-34,,Open,United Kingdom,,,,,,
,277,Elliott Kujat,M40-44,,Open,United States,,,,,,
,3607,Jack Cartwright,M45-49,,Open,United States,,,,,,
,1076,Alex Breeden,M35-39,,Open,United States,,,,,,
,948,Alexander Gorobchenko,M35-39,,Open,United Arab Emirates,,,,,,
,1637,Jesse Dale,M30-34,,Open,Canada,,,,,,
,678,Roman Karakulov,M40-44,,Open,Cyprus,,,,,,
,356,Igor Kovtun,M40-44,,Open,Ukraine,,,,,,
,2888,Massimo Viviani,M50-54,,Open,Italy,,,,,,
,2480,Stephane Gratton,M55-59,,Open,Canada,,,,,,
,1234,Angel Ruiz,M35-39,,Open,Chile,,,,,,
,3857,Patrick Harfield,M45-49,,Open,Cayman Islands,,,,,,
,1149,Gareth Moran,M35-39,,Open,Ireland,,,,,,
,694,Robert Heins,M85-89,,Open,United States,,,,,,
,2625,Jason Miller,M50-54,,Open,Australia,,,,,,
,2810,Gianmarco Ponti,M50-54,,Open,Denmark,,,,,,
,669,Abdulla Allqeti,M40-44,,Open,United Arab Emirates,,,,,,
,3204,Christopher Cota,M25-29,,Open,United States,,,,,,
,3928,Mark Mattechck,M45-49,,Open,United States,,,,,,
,2339,Todd Sisson,M55-59,,Open,New Zealand,,,,,,
,1467,Kevin Hinkley,M65-69,,Open,United States,,,,,,
,349,Dietmar Engel,M40-44,,Open,France,,,,,,
,325,James Viles,M40-44,,Open,United Kingdom,,,,,,
,548,Cédric Dutheil,M40-44,,Open,France,,,,,,
,2875,Patrick Joost,M50-54,,Open,Sweden,,,,,,
,676,Pedro Chessine Tan,M40-44,,Open,Brazil,,,,,,
,1393,James Welsh,M65-69,,Open,South Africa,,,,,,
,3493,Max Mauderer,M18-24,,Open,Australia,,,,,,
,2224,Dean Davis,M55-59,,Open,United States,,,,,,
,1579,Alastair Price,M30-34,,Open,Canada,,,,,,
,380,Noriyuki Tanaka,M40-44,,Open,Japan,,,,,,
,390,Mariano Patricio Bucci,M40-44,,Open,Argentina,,,,,,
,4001,Tomasz Rudnik,M45-49,,Open,Poland,,,,,,
,695,Brian Boyle,M85-89,,Open,New Zealand,,,,,,
,602,Anton Bereznyak,M40-44,,Open,Kazakhstan,,,,,,
,706,Fouad Saliba,M75-79,,Open,Lebanon,,,,,,
,2282,Gary Wheeler,M55-59,,Open,Canada,,,,,,
,3321,Ethan Hurst,M25-29,,Open,United States,,,,,,
,1621,Ricardo Miranda,M30-34,,Open,Brazil,,,,,,
,3359,Luke Creger,M25-29,,Open,United States,,,,,,
,1099,Glenn Halupka,M35-39,,Open,Australia,,,,,,
,1642,Joshua Griffiths,M30-34,,Open,Australia,,,,,,
,1362,Paul Redding,M65-69,,Open,United Kingdom,,,,,,
,3768,Jiri Pospisil,M45-49,,Open,Czechia,,,,,,
,1880,Simon Palacios,M30-34,,Open,United States,,,,,,
,1619,Olivier Mannheim,M30-34,,Open,France,,,,,,
,1951,GIANFRANCO NARDINI,M30-34,,Open,Brazil,,,,,,
,1207,Richard Nicol,M35-39,,Open,Australia,,,,,,
,1764,Timirlan Gumbatov,M30-34,,Open,Kazakhstan,,,,,,
,2564,Satish Punna,M55-59,,Open,Canada,,,,,,
,1629,Mikhail Lukianenko,M30-34,,Open,United Arab Emirates,44:16,7:25,,,,
,3907,Nicolas Charrier,M45-49,,Open,France,,,,,,
,848,Adam Alidra,M35-39,,Open,United States,,,,,,
,2294,Tom Germain,M55-59,,Open,United States,,,,,,
,2719,Brian Mann,M50-54,,Open,United States,,,,,,
,3186,Jayden Pantel,M25-29,,Open,Canada,,,,,,
,446,Eric Martinez,M40-44,,Open,France,,,,,,
,1812,Benjamin Tuttle,M30-34,,Open,United States,,,,,,
,1319,Dennison Oliveira Lima Filho,M35-39,,Open,Brazil,,,,,,
,1511,Pedro Baeta,M30-34,,Open,Brazil,,,,,,
,1874,Cory Mayfield,M30-34,,Open,United States,,,,,,
,1167,Francisco Ricardo Spina,M35-39,,Open,Argentina,,,,,,
,765,John Hollenhorst,M70-74,,Open,United States,,,,,,
,1430,Norbert Schiewe,M65-69,,Open,Germany,,,,,,
,3101,Jonathan Ockert,M25-29,,Open,United States,,,,,,
,3971,Maik Ullrich,M45-49,,Open,Germany,,,,,,
,3417,Gavin Ketola,M18-24,,Open,United States,,,,,,
,990,Pablo Peña,M35-39,,Open,Chile,,,,,,
,3450,Andrej Fuscic,M18-24,,Open,New Zealand,27:14,4:31,2:12:18,,,
,1793,James MARTIN,M30-34,,Open,Australia,,,,,,
,3172,Wei Quan Ng,M25-29,,Open,Singapore,,,,,,
,1161,James Shapcott,M35-39,,Open,New Zealand,,,,,,
,3185,Marc Relat Ventura,M25-29,,Open,Spain,,,,,,
,828,Shun Nakazaki,M35-39,,Open,Japan,,,,,,
,3506,Hertier Ishimwe,M18-24,,Open,Rwanda,,,,,,
,3170,Trevor Mathews,M25-29,,Open,United States,,,,,,
,2710,Francois Pichette,M50-54,,Open,Canada,,,,,,
,3717,Nigel Beardsley,M45-49,,Open,New Zealand,,,,,,
,1051,Jason Schoeman,M35-39,,Open,New Zealand,,,,,,
,3840,Mubarak Alwoqayan,M45-49,,Open,Kuwait,,,,,,
,1687,Caio Inacio,M30-34,,Open,Brazil,,,,,,
,359,Preedik Kulli,M40-44,,Open,Estonia,,,,,,
,4062,Aaron Geiser,M45-49,,Open,United States,,,,,,
,614,Ara Parseghian,M40-44,,Open,United States,,,,,,
,3661,Mikael Gevorkyan,M45-49,,Open,Armenia,35:02,6:40,,,,
,618,Abdullah Alrefae,M40-44,,Open,Kuwait,,,,,,
,2,Jan Stratmann,MPRO,,Open,Germany,,,,,,
,3952,Osian Davies,M45-49,,Open,United Kingdom,,,,,,
,159,Gaël Hittinger,M40-44,,Open,France,,,,,,
,3177,Ovadis Marmolejos,M25-29,,Open,Dominican Republic,,,,,,
,2352,Sean Gilday,M55-59,,Open,Canada,,,,,,
,1626,David Carreño Cerrillo,M30-34,,Open,Spain,33:39,5:31,,,,
,3032,Mauricio Fischer Gramani,M50-54,,Open,Brazil,,,,,,
,1478,Jimmy Clavon,M30-34,,Open,Ecuador,,,,,,
,2762,Tom De Malsche,M50-54,,Open,Belgium,,,,,,
,3720,Alexandre Birman,M45-49,,Open,Brazil,,,,,,
,1110,Junyu Cao,M35-39,,Open,China,,,,,,
,1283,Oliver Graham,M35-39,,Open,United Kingdom,,,,,,
,2814,Chris Denil,M50-54,,Open,Belgium,,,,,,
,3656,Joffrey Año,M45-49,,Open,Philippines,,,,,,
,3532,Mathys Bovenzi,M18-24,,Open,France,24:44,4:04,,,,
,2991,Ryan Barnett,M50-54,,Open,Italy,,,,,,
,4060,James Decker,M45-49,,Open,United States,,,,,,
,876,Rory Duckworth,M35-39,,Open,United States,,,,,,
,2687,Anthony Renda,M50-54,,Open,United States,,,,,,
,462,James Drapac,M40-44,,Open,Australia,,,,,,
,644,Caleb Bush,M40-44,,Open,Australia,35:04,5:27,2:33:38,3:04,,
,1495,Aliaksei Kupreyeu,M30-34,,Open,Cyprus,,,,,,
,3148,Vasilii Romanov,M25-29,,Open,Spain,,,,,,
,2872,HERALDO VIANA BARBOSA DE SOUSA,M50-54,,Open,Brazil,,,,,,
,3007,Dave Fleming,M50-54,,Open,Australia,,,,,,
,2800,Arek Podziewski,M50-54,,Open,Poland,,,,,,
,168,Marcus Aurelio Miranda De Araujo,M40-44,,Open,Brazil,,,,,,
,822,Kris Pyper,M35-39,,Open,Australia,,,,,,
,1104,Chad Carpenter,M35-39,,Open,United States,,,,,,
,1762,Jose Luis Orozco,M30-34,,Open,Mexico,,,,,,
,3572,Travis How,M45-49,,Open,Australia,,,,,,
,2586,Kevin Hill,M50-54,,Open,Canada,,,,,,
,1153,Christopher Wheeler,M35-39,,Open,United Kingdom,,,,,,
,1709,François Avannier,M30-34,,Open,France,,,,,,
,2065,Daniel Morgan,M60-64,,Open,United States,,,,,,
,550,Carlos Poggi,M40-44,,Open,Ecuador,,,,,,
,2618,Shaun De La Porte,M50-54,,Open,South Africa,,,,,,
,926,Harold Smith Pineda,M35-39,,Open,Colombia,,,,,,
,1291,Matthew Decker,M35-39,,Open,United States,,,,,,
,1809,Joseph Peter SULIS,M30-34,,Open,Australia,,,,,,
,923,Tim Ford,M35-39,,Open,Australia,,,,,,
,503,Iurii Kuznetsov,M40-44,,Open,Turkey,,,,,,
,2612,Marcus Aberl,M50-54,,Open,Germany,,,,,,
,4032,Luis Antonio Carballo,M45-49,,Open,Philippines,,,,,,
,885,Manuel Arce,M35-39,,Open,France,,,,,,
,4047,Rinat Mustafin,M45-49,,Open,Uzbekistan,,,,,,
,3548,Joshua Hernandez,M18-24,,Open,United States,,,,,,
,3099,Renzo Bordoni,M25-29,,Open,Argentina,,,,,,
,1313,Daniel Barry,M35-39,,Open,Australia,,,,,,
,3668,Paul O'Doherty,M45-49,,Open,Ireland,,,,,,
,2665,Reon Park,M50-54,,Open,New Zealand,,,,,,
,1273,Johan Pujol,M35-39,,Open,France,,,,,,
,3576,Lee Postlethwaite,M45-49,,Open,Australia,,,,,,
,1813,Jonathan Roberts,M30-34,,Open,United Kingdom,,,,,,
,3978,Ariel Aponte,M45-49,,Open,Puerto Rico,,,,,,
,1190,Alejandro Valdes,M35-39,,Open,Mexico,,,,,,
,1300,Robert Vazquez,M35-39,,Open,United States,,,,,,
,3555,Luciano Gomes,M45-49,,Open,Brazil,,,,,,
,3360,Antonio Marinho,M25-29,,Open,Brazil,,,,,,
,2636,Aaron Hill,M50-54,,Open,Australia,,,,,,
,2863,Teck Meng Lim,M50-54,,Open,Singapore,,,,,,
,3601,Sean Tully,M45-49,,Open,Australia,,,,,,
,752,Rob Wylie,M70-74,,Open,New Zealand,,,,,,
,2272,Bruno De Decker,M55-59,,Open,Belgium,,,,,,
,782,Kennedy Simpson,M70-74,,Open,United States,40:17,13:54,4:26:40,11:09,3:27:33,
,1997,Thomas Ritzka,M60-64,,Open,Germany,,,,,,
,483,Mick Curran,M40-44,,Open,Australia,,,,,,
,1454,Tj Hickok,M65-69,,Open,United States,33:42,7:45,,,,
,2337,Andreas Bund,M55-59,,Open,Germany,31:59,6:03,2:42:53,,,
,2937,Swen Sundberg,M50-54,,Open,Germany,,,,,,
,3750,Assaf Lahav,M45-49,,Open,Israel,,,,,,
,3460,Felix den Hollander,M18-24,,Open,Netherlands,27:52,4:18,,,,
,2821,Johann Uesseler,M50-54,,Open,Colombia,,,,,,
,3614,Andy Edwards,M45-49,,Open,United Arab Emirates,,,,,,
,1017,Felipe Fernandes Cassiano Fagundes,M35-39,,Open,Brazil,,,,,,
,1388,Luiz Carlos Costa,M65-69,,Open,Brazil,,,,,,
,1967,Jake WATTS,M30-34,,Open,Australia,,,,,,
,1244,Lorenzo Bellucco,M35-39,,Open,Italy,26:13,4:43,2:18:36,2:18,,
,2139,Derek Macminn,M60-64,,Open,Australia,,,,,,
,4076,Sergio Marín Broto,M45-49,,Open,Spain,,,,,,
,3753,Anson Stephens,M45-49,,Open,United States,,,,,,
,3699,Arnon De Mello,M45-49,,Open,Brazil,,,,,,
,2570,Enrique Medina,M55-59,,Open,Mexico,,,,,,
,2007,Tim Bradley,M60-64,,Open,United States,,,,,,
,431,Ronan Foucher,M40-44,,Open,France,,,,,,
,798,Sandy Syjuco,M70-74,,Open,Philippines,,,,,,
,1274,Borja Núñez De Aysa,M35-39,,Open,Spain,,,,,,
,3425,Liam Miller,M18-24,,Open,New Zealand,,,,,,
,883,Mohammad Alqaderi,M35-39,,Open,Kuwait,,,,,,
,2116,Frederick Deming,M60-64,,Open,United States,,,,,,
,2919,Brad Mitchell,M50-54,,Open,New Zealand,,,,,,
,185,Marc Daigneault,M40-44,,Open,New Zealand,,,,,,
,193,Asaf Porat,M40-44,,Open,Israel,,,,,,
,128,LUIS TOSTADO,M40-44,,Open,Mexico,,,,,,
,1831,Eduardo De Alencar Araripe Diniz,M30-34,,Open,Brazil,,,,,,
,3640,Peter Schultz,M45-49,,Open,United States,,,,,,
,3138,Peng Liu,M25-29,,Open,China,,,,,,
,704,C. Norman Coleman,M75-79,,Open,United States,,,,,,
,1067,Denis Nikiforov,M35-39,,Open,Azerbaijan,,,,,,
,797,Jorg Stehle,M70-74,,Open,Germany,,,,,,
,1098,Nick Weaver,M35-39,,Open,United States,,,,,,
,4010,Fausto Bolano,M45-49,,Open,Ecuador,,,,,,
,3317,Alexys Brunel,M25-29,,Open,France,,,,,,
,3478,Romain Bruneau,M18-24,,Open,France,,,,,,
