Place,Bib,Name,Age_Group,Group_Rank,Class,Club,Swim,T1,Bike,T2,Run,Finish
1,1,Gustav Iden,MPRO,1,Open,Norway,24:54,,1:58:59,,1:11:32,3:37:13
2,12,Sam Long,MPRO,2,Open,United States,25:54,,2:00:49,,1:12:11,3:41:09
3,15,Daniel Bækkegård,MPRO,3,Open,Denmark,23:52,,2:03:02,,1:13:23,3:42:24
4,38,Miki Mørck Taagholt,MPRO,4,Open,Denmark,23:54,,2:03:07,,1:14:00,3:43:08
5,23,Jackson Laundry,MPRO,5,Open,Canada,24:50,,2:01:58,,1:14:38,3:43:25
6,8,Ben Kanute,MPRO,6,Open,United States,23:48,,2:03:13,,1:15:05,3:43:48
7,49,Eric Lagerstrom,MPRO,7,Open,United States,23:59,,2:02:43,,1:15:57,3:44:42
8,18,Magnus Ditlev,MPRO,8,Open,Denmark,25:01,,1:59:30,,1:18:25,3:45:10
9,6,Sam Appleton,MPRO,9,Open,Australia,23:50,,2:02:40,,1:16:34,3:45:18
10,26,Filipe Azevedo,MPRO,10,Open,Portugal,24:45,,2:05:02,,1:15:03,3:47:03
11,55,Mika Noodt,MPRO,11,Open,Germany,24:53,,2:07:54,,1:12:31,3:47:10
12,47,Robert Kallin,MPRO,12,Open,Sweden,24:58,,2:01:51,,1:19:10,3:48:07
13,27,Jan Stratmann,MPRO,13,Open,Germany,24:42,,2:05:01,,1:16:57,3:48:50
14,31,Joe Gambles,MPRO,14,Open,Australia,25:32,,2:07:09,,1:15:28,3:50:16
15,65,Tyler Butterfield,MPRO,15,Open,Bermuda,24:48,,2:07:39,,1:15:31,3:50:17
16,32,Clément Mignon,MPRO,16,Open,France,24:57,,2:08:46,,1:16:01,3:52:12
17,44,Gregory Barnaby,MPRO,17,Open,Italy,24:58,,2:09:59,,1:15:59,3:53:08
18,33,Jason West,MPRO,18,Open,United States,24:43,,2:11:04,,1:15:52,3:53:30
19,61,Marty ANDRIE,MPRO,19,Open,United States,24:54,,2:08:33,,1:18:47,3:54:26
20,30,Collin CHARTIER,MPRO,20,Open,United States,25:04,,2:07:44,,1:20:40,3:55:24
21,50,Igor Amorelli,MPRO,21,Open,Brazil,25:04,,2:07:34,,1:20:35,3:55:29
22,45,Nicholas Chase,MPRO,22,Open,United States,25:37,,2:07:02,,1:21:14,3:56:16
23,51,Martin Ulloa,MPRO,23,Open,Chile,24:39,,2:07:43,,1:22:32,3:57:26
24,58,Gabor Faldum,MPRO,24,Open,Hungary,24:46,,2:11:43,,1:19:55,3:58:31
25,1147,Jan Stepinski,M30-34,1,Open,United States,25:22,,2:07:18,,1:20:20,3:59:23
26,52,Fernando Toldi,MPRO,25,Open,Brazil,25:52,,2:13:31,,1:18:09,3:59:27
27,4,Kristian Blummenfelt,MPRO,26,Open,Norway,23:53,,2:17:23,,1:16:29,3:59:51
28,105,Lucy Charles-Barclay,FPRO,1,Female,United Kingdom,24:36,,2:14:59,,1:18:48,4:00:20
29,57,Yohan Le Berre,MPRO,27,Open,France,27:17,,2:16:24,,1:15:43,4:01:50
30,786,Andrew Hall,M35-39,1,Open,United States,29:48,,2:13:43,,1:15:42,4:03:52
31,1431,Eric Engel,M30-34,2,Open,United States,29:47,,2:11:09,,1:19:50,4:05:16
32,42,Taylor Reid,MPRO,28,Open,Canada,25:57,,2:06:39,,1:32:59,4:07:51
33,54,Tim Rea,MPRO,29,Open,Australia,25:34,,2:17:08,,1:23:13,4:08:20
34,215,Ilya Slepov,M40-44,1,Open,Russian Federation,28:05,,2:13:59,,1:21:58,4:08:32
35,113,Jeanni Metzler,FPRO,2,Female,South Africa,26:09,,2:20:19,,1:20:12,4:08:39
36,137,Taylor Knibb,FPRO,3,Female,United States,26:06,,2:18:27,,1:22:18,4:08:50
37,109,Kat Matthews,FPRO,4,Female,United Kingdom,28:15,,2:17:45,,1:22:37,4:10:46
38,2322,Devin Volk,M25-29,1,Open,United States,28:01,,2:22:02,,1:16:43,4:11:20
39,1164,Todd Wakefield,M30-34,3,Open,Australia,30:14,,2:16:40,,1:19:43,4:11:36
40,1218,Davis Frease,M30-34,4,Open,United States,27:33,,2:10:47,,1:28:30,4:12:10
41,106,Emma Pallant-Browne,FPRO,5,Female,United Kingdom,28:14,,2:18:08,,1:23:42,4:12:11
42,1432,Sven Wies,M30-34,5,Open,Germany,26:05,,2:14:40,,1:26:34,4:12:15
43,112,Skye Moench,FPRO,6,Female,United States,28:26,,2:17:43,,1:24:24,4:12:50
44,2321,Justin Riele,M25-29,2,Open,United States,27:10,,2:17:02,,1:22:10,4:12:57
45,1273,Mark Saroni,M30-34,6,Open,United States,28:45,,2:18:10,,1:21:12,4:13:02
46,1192,Pelayo Menendez,M30-34,7,Open,Spain,30:46,,2:18:34,,1:18:39,4:13:22
47,905,Leonardo Chacon,M35-39,2,Open,Costa Rica,26:25,,2:20:09,,1:22:31,4:14:26
48,114,Jackie Hering,FPRO,7,Female,United States,27:20,,2:22:29,,1:22:57,4:15:03
49,922,Ignacio Lopez Mancisidor,M35-39,3,Open,Spain,29:37,,2:17:57,,1:22:33,4:15:22
50,2553,Matt Schafer,M18-24,1,Open,United States,26:14,,2:23:37,,1:20:33,4:15:46
51,1214,Malachi Henry,M30-34,8,Open,United States,29:35,,2:16:30,,1:24:06,4:15:52
52,102,Holly Lawrence,FPRO,8,Female,United Kingdom,26:04,,2:21:06,,1:26:57,4:16:03
53,117,Nikki Bartlett,FPRO,9,Female,United Kingdom,30:21,,2:19:13,,1:24:20,4:16:18
54,2551,Matthew Marquardt,M18-24,2,Open,United States,24:32,,2:19:50,,1:27:12,4:16:29
55,130,Anne Reischmann,FPRO,10,Female,Germany,28:24,,2:21:10,,1:25:30,4:17:11
56,17,George Goodwin,MPRO,30,Open,United Kingdom,27:20,,2:17:14,,1:30:24,4:17:21
57,230,Matías Opitz,M40-44,2,Open,Chile,28:55,,2:22:13,,1:21:21,4:17:26
58,101,Daniela Ryf,FPRO,11,Female,Switzerland,27:07,,2:18:23,,1:29:48,4:17:34
59,1196,Klodian MITRI,M30-34,9,Open,United States,32:07,,2:19:11,,1:21:54,4:18:33
60,1145,Alexandru Toma,M30-34,10,Open,Romania,25:24,,2:18:51,,1:28:21,4:18:37
61,2495,Eduardo Perez Sandi,M18-24,3,Open,Mexico,28:49,,2:24:28,,1:20:45,4:18:49
62,124,Pâmella Nascimento De Oliveira,FPRO,12,Female,Brazil,26:03,,2:21:38,,1:29:23,4:19:12
63,131,Tamara Jewett,FPRO,13,Female,Canada,30:19,,2:26:37,,1:19:26,4:19:16
64,2330,Daniel Moore,M25-29,3,Open,United States,27:38,,2:31:32,,1:16:09,4:20:08
65,2483,Jameson Plewes,M18-24,4,Open,Canada,27:54,,2:23:58,,1:22:37,4:20:11
66,770,Kiel Bur,M35-39,4,Open,United States,29:39,,2:22:07,,1:22:44,4:20:22
67,2642,Olivier Godart,M45-49,1,Open,Luxembourg,29:24,,2:24:02,,1:21:54,4:20:31
68,1449,Brian Reynolds,M30-34,11,Open,United States,32:26,,2:21:37,,1:21:23,4:20:39
69,2251,Cameron Hackett,M25-29,4,Open,United States,25:09,,2:24:20,,1:26:36,4:20:47
70,115,Ellie Salthouse,FPRO,14,Female,Australia,27:05,,2:21:01,,1:30:54,4:21:12
71,2496,Angel Rodriguez,M18-24,5,Open,Canada,26:16,,2:24:15,,1:24:43,4:21:16
72,549,Bruno Khouri,M40-44,3,Open,Brazil,28:07,,2:19:28,,1:29:20,4:21:23
73,2505,Blair Fullarton-Loggie,M18-24,6,Open,United Kingdom,28:36,,2:20:24,,1:26:14,4:21:26
74,2493,Bear Schickel,M18-24,7,Open,United States,26:06,,2:25:20,,1:25:29,4:22:00
75,1222,Justin Clark,M30-34,12,Open,United States,32:30,,2:14:49,,1:28:41,4:22:29
76,303,Raynard Picard,M40-44,4,Open,Mexico,31:43,,2:19:49,,1:25:49,4:22:40
77,918,Andrew Williams,M35-39,5,Open,United Kingdom,28:59,,2:19:00,,1:29:15,4:22:44
78,2956,Jonathan Alzate Ramirez,M30-34,13,Open,Colombia,29:05,,2:22:03,,1:25:54,4:22:54
79,1419,Aslan Abdrakhmanov,M30-34,14,Open,Kazakhstan,30:08,,2:21:12,,1:26:29,4:23:20
80,369,Lewis Elliot,M40-44,5,Open,United States,30:24,,2:21:59,,1:24:50,4:23:27
81,683,Miguel Uribe,M35-39,6,Open,Colombia,29:59,,2:19:45,,1:27:01,4:23:32
82,565,James Hallberg,M40-44,6,Open,United States,31:41,,2:21:03,,1:25:11,4:23:50
83,2282,Miguel Mattox,M25-29,5,Open,United States,26:16,,2:29:17,,1:22:33,4:23:56
84,1444,Juan Calle,M30-34,15,Open,Colombia,30:10,,2:16:55,,1:31:15,4:24:12
85,133,Justine Mathieux,FPRO,15,Female,France,28:21,,2:25:33,,1:28:02,4:24:22
86,773,Bahadir Tama,M35-39,7,Open,Turkey,28:57,,2:24:23,,1:25:49,4:24:33
87,1216,Preston Youngdahl,M30-34,16,Open,United States,30:19,,2:16:30,,1:30:58,4:24:36
88,2617,Daniel Stubleski,M45-49,2,Open,United States,30:08,,2:31:18,,1:18:25,4:24:41
89,127,Grace Thek,FPRO,16,Female,Australia,27:23,,2:29:40,,1:25:35,4:24:56
90,1153,Alexey Vshivtsev,M30-34,17,Open,Kazakhstan,32:03,,2:21:41,,1:23:31,4:24:57
91,785,Carlos Vazquez,M35-39,8,Open,Mexico,30:07,,2:20:53,,1:28:15,4:25:03
92,970,Alden Basmajian,M35-39,9,Open,United States,34:58,,2:22:06,,1:22:33,4:25:04
93,2513,Randall Barron,M18-24,8,Open,United States,28:23,,2:25:37,,1:26:33,4:25:52
94,760,Mariusz Pirek,M35-39,10,Open,Poland,32:26,,2:21:09,,1:27:35,4:26:05
95,2347,Jan Poplawski,M25-29,6,Open,Poland,29:51,,2:26:15,,1:24:45,4:26:19
96,2252,Javier Zamorano Sheward,M25-29,7,Open,Chile,29:16,,2:28:18,,1:23:09,4:26:26
97,2506,Mateo Reddy,M18-24,9,Open,Switzerland,31:04,,2:24:21,,1:25:54,4:26:47
98,2256,Max Mahoney,M25-29,8,Open,United Kingdom,30:26,,2:24:07,,1:26:48,4:26:49
99,2590,Brice Williams,M45-49,3,Open,United States,29:13,,2:26:49,,1:25:06,4:27:09
100,751,Josh Ramirez,M35-39,11,Open,United States,33:49,,2:18:36,,1:30:00,4:28:01
101,121,Lesley Smith,FPRO,17,Female,United States,28:28,,2:33:26,,1:23:18,4:28:11
102,2433,Keith Jackson,M25-29,9,Open,United States,31:39,,2:21:09,,1:29:51,4:28:17
103,2424,Alejandro Garcia Sanchez,M25-29,10,Open,Spain,34:58,,2:23:05,,1:25:06,4:28:31
104,2215,Bryan Mooney,M25-29,11,Open,United States,29:18,,2:34:48,,1:19:19,4:28:33
105,2363,Michael Chronert,M25-29,12,Open,United States,32:22,,2:20:53,,1:28:10,4:28:41
106,1353,Nabih Abuapara,M30-34,18,Open,Peru,34:16,,2:16:53,,1:31:04,4:28:43
107,1265,Felipe Echeverri A,M30-34,19,Open,Colombia,34:45,,2:22:43,,1:24:37,4:28:48
108,140,Katharina Krüger,FPRO,18,Female,Germany,27:21,,2:29:33,,1:29:37,4:28:51
109,2299,Riley Carpenter,M25-29,13,Open,United States,32:21,,2:27:24,,1:23:32,4:28:53
110,936,Rodrigo Gabriel,M35-39,12,Open,Guatemala,33:29,,2:25:30,,1:24:14,4:29:04
111,1428,David Wild,M30-34,20,Open,United States,29:11,,2:26:29,,1:26:57,4:29:09
112,856,Adam Goulet,M35-39,13,Open,United States,32:10,,2:20:10,,1:28:51,4:29:14
113,1251,Alberto Danioni,M30-34,21,Open,Chile,28:25,,2:25:28,,1:29:13,4:29:23
114,688,Gerardo Delvillar,M35-39,14,Open,Mexico,35:59,,2:19:32,,1:28:06,4:29:25
115,872,James O'sullivan,M35-39,15,Open,United Kingdom,30:04,,2:26:17,,1:27:42,4:29:25
116,2414,Luke Davis,M25-29,14,Open,United States,30:26,,2:29:56,,1:23:35,4:29:31
117,939,Matt STEWART,M35-39,16,Open,Canada,37:24,,2:19:30,,1:26:25,4:29:54
118,1166,Yannick Fischbach,M30-34,22,Open,Germany,34:13,,2:24:57,,1:24:38,4:30:03
119,695,Stephen Molloy,M35-39,17,Open,United States,29:40,,2:24:28,,1:29:26,4:30:24
120,860,Ronaldo Serpa Ferreira,M35-39,18,Open,Brazil,32:39,,2:19:25,,1:33:14,4:30:32
121,1194,Brenteson John,M30-34,23,Open,United States,30:05,,2:27:04,,1:28:02,4:30:48
122,697,Vadim Kovalenko,M35-39,19,Open,Ukraine,30:46,,2:25:23,,1:28:13,4:30:55
123,1221,Mark Harousseau,M30-34,24,Open,United States,32:28,,2:25:42,,1:26:51,4:31:12
124,684,Dj Snyder,M35-39,20,Open,United States,31:12,,2:25:12,,1:29:51,4:31:14
125,2302,Chad Bykerk,M25-29,15,Open,United States,26:53,,2:28:08,,1:28:22,4:31:18
126,2236,Martín Gallardo,M25-29,16,Open,Argentina,31:35,,2:25:52,,1:28:47,4:31:19
127,689,Alex Whetman,M35-39,21,Open,United States,34:29,,2:13:34,,1:37:13,4:31:20
128,2432,Jesse Frank,M25-29,17,Open,United States,30:48,,2:33:32,,1:22:02,4:31:27
129,2301,Schaffer Ochstein,M25-29,18,Open,United States,27:16,,2:37:35,,1:21:56,4:31:27
130,1267,Michael Tomchaney,M30-34,25,Open,United States,32:29,,2:22:55,,1:29:45,4:31:45
131,627,Sebastian Borowik,M40-44,7,Open,Poland,34:31,,2:21:03,,1:30:07,4:31:45
132,1272,Kevin Denny,M30-34,26,Open,United States,30:12,,2:32:12,,1:23:46,4:32:07
133,1175,David Luy,M30-34,27,Open,United States,38:04,,2:32:17,,1:14:18,4:32:11
134,871,Nathan Patton,M35-39,22,Open,United States,36:06,,2:16:22,,1:32:45,4:32:13
135,1361,Derek Stone,M30-34,28,Open,United States,29:33,,2:34:35,,1:22:02,4:32:14
136,1423,Juan M. Aguilar,M30-34,29,Open,Mexico,34:03,,2:31:14,,1:20:19,4:32:15
137,474,Pavel Artyushenko,M40-44,8,Open,Kazakhstan,29:08,,2:24:22,,1:31:21,4:32:16
138,1009,John Seddon,M35-39,23,Open,United States,29:01,,2:19:58,,1:36:30,4:32:28
139,1154,Ryan Siebert,M30-34,30,Open,United States,30:25,,2:23:38,,1:33:15,4:32:32
140,857,David Hynes,M35-39,24,Open,United Kingdom,28:07,,2:18:47,,1:40:19,4:32:39
141,177,Cristian Orozco Ferró,M40-44,9,Open,Colombia,36:02,,2:25:23,,1:26:06,4:32:44
142,5291,Daniela Kleiser,F18-24,1,Female,Germany,36:08,,2:27:33,,1:22:33,4:32:47
143,2221,Andrew Arden,M25-29,19,Open,United States,30:21,,2:27:46,,1:28:58,4:33:01
144,2957,Nolan Weinstein,M25-29,20,Open,United States,29:07,,2:26:30,,1:31:12,4:33:13
145,874,David Hodge,M35-39,25,Open,United States,37:40,,2:12:21,,1:36:38,4:33:37
146,2374,Matthew Martino,M25-29,21,Open,United States,32:31,,2:29:20,,1:25:15,4:33:46
147,2304,Noel Mulkey,M25-29,22,Open,United States,26:38,,2:28:39,,1:32:33,4:33:54
148,2540,Maciej Ogrodnik,M18-24,10,Open,Poland,28:34,,2:33:34,,1:27:04,4:33:55
149,782,Steven Lowenthal,M35-39,26,Open,Guatemala,30:12,,2:29:51,,1:27:02,4:33:58
150,384,Gabriel Marangoni,M40-44,10,Open,Argentina,31:08,,2:25:00,,1:31:33,4:34:01
151,5176,Rachel Zilinskas,F25-29,1,Female,United States,25:05,,2:31:20,,1:31:44,4:34:01
152,951,Brian Whitmire,M35-39,27,Open,United States,40:03,,2:13:57,,1:32:46,4:34:08
153,2307,Conrad Sanders,M25-29,23,Open,United States,29:38,,2:28:02,,1:30:07,4:34:10
154,2674,Sebe Ziesler,M45-49,4,Open,United States,30:09,,2:31:36,,1:27:25,4:34:15
155,1143,Matthew Morabito,M30-34,31,Open,United States,34:17,,2:28:09,,1:24:10,4:34:26
156,710,Jaime Delage,M35-39,28,Open,Spain,34:03,,2:23:51,,1:29:46,4:34:28
157,779,Louis-William Liebig,M35-39,29,Open,United States,31:04,,2:24:24,,1:32:00,4:34:31
158,1289,Ayda Kachineh,M30-34,32,Open,Italy,30:49,,2:31:07,,1:27:16,4:35:04
159,2774,Tim Hola,M45-49,5,Open,United States,26:46,,2:32:21,,1:29:59,4:35:04
160,960,Jeremiah Radel,M35-39,30,Open,United States,28:56,,2:23:15,,1:37:11,4:35:05
161,1004,Aaron Hains,M35-39,31,Open,Canada,32:49,,2:24:24,,1:32:31,4:35:06
162,143,Line Thams,FPRO,19,Female,Denmark,27:37,,2:28:28,,1:36:46,4:35:14
163,1440,Nathan Young,M30-34,33,Open,United States,31:20,,2:28:44,,1:28:21,4:35:17
164,2538,Sam Teller,M18-24,11,Open,United States,32:04,,2:35:34,,1:21:07,4:35:19
165,2285,Lucas Almeida,M25-29,24,Open,Ecuador,32:22,,2:28:03,,1:26:59,4:35:23
166,470,David Guenthardt,M40-44,11,Open,Switzerland,36:02,,2:20:56,,1:31:24,4:35:29
167,845,Chris Harrisson,M35-39,32,Open,Peru,30:03,,2:27:16,,1:32:24,4:35:44
168,2559,Garrett Jones,M18-24,12,Open,United States,29:05,,2:29:17,,1:30:26,4:35:54
169,2535,Matthew Begeman,M18-24,13,Open,United States,33:32,,2:29:43,,1:26:19,4:35:58
170,144,Grace Alexander,FPRO,20,Female,United States,27:24,,2:30:59,,1:35:31,4:36:13
171,1416,EDUARDO ACEVEDO,M30-34,34,Open,Colombia,36:45,,2:18:50,,1:34:22,4:36:15
172,1209,Jordan Green,M30-34,35,Open,United States,29:30,,2:32:03,,1:29:10,4:36:24
173,216,FRANCISCO BRANDAO JUNIOR,M40-44,12,Open,Brazil,34:00,,2:26:20,,1:29:38,4:36:28
174,2547,Simon Shi,M18-24,14,Open,Canada,25:26,,2:31:39,,1:34:07,4:36:30
175,459,Mathieu Theoret,M40-44,13,Open,Canada,33:24,,2:24:37,,1:32:31,4:36:32
176,775,Kevin Reagin,M35-39,33,Open,United States,35:28,,2:24:21,,1:29:39,4:36:33
177,464,Juan Felipe Delgado Valbuena,M40-44,14,Open,Colombia,31:41,,2:26:43,,1:31:24,4:36:37
178,2818,Peter Christensen,M45-49,6,Open,United States,29:30,,2:32:27,,1:28:48,4:36:44
179,790,Elliot Kawaoka,M35-39,34,Open,Japan,31:05,,2:28:23,,1:30:10,4:36:45
180,2359,Joscar Duque,M25-29,25,Open,Venezuela,28:49,,2:35:47,,1:27:16,4:36:47
181,1052,Guilherme Menge,M35-39,35,Open,Brazil,31:07,,2:20:55,,1:37:09,4:36:50
182,544,Mariano Méndez Casarego,M40-44,15,Open,Argentina,31:42,,2:29:57,,1:30:34,4:36:51
183,768,Silvio Hernandes Delgado Junior,M35-39,36,Open,Brazil,29:34,,2:24:35,,1:36:18,4:36:55
184,217,Joel Homan,M40-44,16,Open,United States,38:20,,2:21:55,,1:31:13,4:37:02
185,2331,Tyler Woodward,M25-29,26,Open,United States,27:39,,2:35:59,,1:27:41,4:37:07
186,855,Matt Tobey,M35-39,37,Open,United States,34:38,,2:25:09,,1:29:51,4:37:12
187,2525,Vincent Putrino,M18-24,15,Open,United States,29:35,,2:43:43,,1:19:20,4:37:43
188,2275,Colton Douda,M25-29,27,Open,United States,27:44,,2:31:17,,1:31:44,4:38:01
189,2358,Levi Lukacs,M25-29,28,Open,Hungary,26:00,,2:34:22,,1:32:29,4:38:02
190,2247,William Derrick,M25-29,29,Open,United States,32:43,,2:30:11,,1:29:34,4:38:06
191,2520,Andoni Valencia Iriarte,M18-24,16,Open,Mexico,29:49,,2:37:28,,1:24:29,4:38:10
192,2405,Dylan Delacruz,M25-29,30,Open,United States,29:16,,2:28:05,,1:33:02,4:38:11
193,129,Lisa Becharas,FPRO,21,Female,United States,30:21,,2:29:14,,1:36:20,4:38:19
194,2300,Leonardo Sanchez Ramirez,M25-29,31,Open,Mexico,27:26,,2:33:07,,1:33:01,4:38:34
195,506,Patrick Allaire,M40-44,17,Open,Canada,34:18,,2:23:01,,1:34:00,4:38:35
196,794,Kevin Kiser,M35-39,38,Open,United States,37:09,,2:26:00,,1:30:33,4:38:35
197,2413,Jack Burgeson,M25-29,32,Open,United States,28:42,,2:33:04,,1:31:18,4:38:37
198,943,Carlos Poggi,M35-39,39,Open,Ecuador,35:19,,2:25:07,,1:31:10,4:38:41
199,2954,Tony Leigl,M40-44,18,Open,United States,30:24,,2:28:03,,1:32:27,4:38:46
200,1211,Patryk Bielik,M30-34,36,Open,Poland,32:17,,2:32:16,,1:28:43,4:38:59
201,451,Scott Mccalmon,M40-44,19,Open,United States,36:22,,2:19:17,,1:35:15,4:39:00
202,298,Eric Surovik,M40-44,20,Open,United States,39:30,,2:27:06,,1:27:22,4:39:01
203,728,Benjamin Gatte,M35-39,40,Open,United States,34:12,,2:26:17,,1:31:25,4:39:03
204,391,Ryan Seguine,M40-44,21,Open,United States,34:15,,2:27:54,,1:28:34,4:39:04
205,2492,Mitchell Child,M18-24,17,Open,United States,27:50,,2:26:52,,1:38:31,4:39:05
206,2953,Nathaniel Thomas,M40-44,22,Open,United States,36:25,,2:19:03,,1:35:23,4:39:22
207,555,chris johnson,M40-44,23,Open,United States,32:49,,2:29:28,,1:31:14,4:39:26
208,2289,Steve Moors,M25-29,33,Open,United States,30:15,,2:34:15,,1:27:59,4:39:33
209,2473,Claudio Avila Vazquez,M18-24,18,Open,Mexico,32:42,,2:33:31,,1:27:23,4:39:34
210,2142,Calvin Zaryski,M50-54,1,Open,Canada,30:19,,2:37:20,,1:26:36,4:39:53
211,848,Alexander Kors,M35-39,41,Open,United States,31:58,,2:28:11,,1:33:54,4:40:03
212,1140,Nicolas Garcia,M30-34,37,Open,Mexico,29:01,,2:37:08,,1:28:48,4:40:05
213,2258,Martinez Daniel,M25-29,34,Open,Mexico,31:07,,2:32:34,,1:31:05,4:40:09
214,2968,David Conger,M18-24,19,Open,United States,26:22,,2:25:24,,1:42:14,4:40:16
215,1024,Drew Martin,M35-39,42,Open,United States,35:10,,2:23:43,,1:35:57,4:40:18
216,804,Thomas Scappaticci,M35-39,43,Open,United States,30:36,,2:24:03,,1:39:17,4:40:19
217,2447,Marcelo Delgado Landazuri,M18-24,20,Open,Ecuador,28:40,,2:35:35,,1:28:51,4:40:21
218,262,Jeff Vandusen,M40-44,24,Open,United States,38:38,,2:17:29,,1:37:01,4:40:43
219,381,Pablo Ureta,M40-44,25,Open,Argentina,30:35,,2:35:10,,1:30:17,4:40:45
220,331,Enrique Gongora,M40-44,26,Open,Mexico,36:08,,2:29:17,,1:29:11,4:40:48
221,5229,Lottie Lucas,F25-29,2,Female,United Kingdom,27:11,,2:36:59,,1:31:28,4:40:55
222,619,Vincenzo Marchione,M40-44,27,Open,United States,37:41,,2:29:08,,1:28:44,4:40:58
223,396,Jeffrey Boyd,M40-44,28,Open,United States,36:30,,2:27:12,,1:31:10,4:40:59
224,981,Dane Shaw,M35-39,44,Open,United States,33:43,,2:39:07,,1:22:35,4:41:06
225,938,Marcus Sobering,M35-39,45,Open,United States,34:31,,2:30:38,,1:29:29,4:41:06
226,703,Stuart Clennell,M35-39,46,Open,United States,27:54,,2:29:24,,1:36:35,4:41:08
227,2394,Alex Ranum,M25-29,35,Open,United States,33:08,,2:29:06,,1:33:47,4:41:09
228,4530,Anna Bergsten,F30-34,1,Female,Sweden,34:23,,2:33:47,,1:26:57,4:41:24
229,797,Alan Quintanar,M35-39,47,Open,Mexico,30:20,,2:30:35,,1:33:32,4:41:29
230,535,Brian Andzejewicz,M40-44,29,Open,United States,39:56,,2:26:19,,1:27:25,4:41:33
231,1142,Johannes Olind,M30-34,38,Open,United States,31:06,,2:38:39,,1:26:09,4:41:39
232,204,Jose O'Daly,M40-44,30,Open,Venezuela,32:31,,2:26:51,,1:35:56,4:41:50
233,2519,Mitchell Ott,M18-24,21,Open,United States,29:31,,2:33:04,,1:33:49,4:41:58
234,776,Diego Castillo Rangel,M35-39,48,Open,Mexico,33:21,,2:29:54,,1:33:19,4:41:59
235,744,Fabian Wanner,M35-39,49,Open,Germany,34:03,,2:29:30,,1:33:09,4:42:00
236,1447,Andrew Lashlee,M30-34,39,Open,United States,34:30,,2:27:03,,1:34:32,4:42:09
237,690,Anders Christofferson,M35-39,50,Open,United States,31:56,,2:29:07,,1:34:37,4:42:09
238,318,John Cline,M40-44,31,Open,United States,33:15,,2:29:51,,1:33:08,4:42:28
239,233,Alex Gerber,M40-44,32,Open,United States,28:18,,2:33:47,,1:34:45,4:42:31
240,228,William Martin,M40-44,33,Open,Brazil,38:58,,2:24:01,,1:33:54,4:42:34
241,376,Jason Albanese,M40-44,34,Open,United States,31:32,,2:28:46,,1:35:42,4:42:35
242,1920,Michael Ross,M50-54,2,Open,United States,33:29,,2:33:16,,1:28:51,4:42:35
243,2531,Juan Andrés Espinosa,M18-24,22,Open,Ecuador,28:02,,2:38:25,,1:28:28,4:42:35
244,2294,Emmett Gross,M25-29,36,Open,United States,38:10,,2:25:04,,1:32:38,4:42:41
245,2305,Shawn O'Malley,M25-29,37,Open,United States,31:41,,2:31:31,,1:32:16,4:42:42
246,1446,Alexander Fuller,M30-34,40,Open,United States,32:35,,2:30:17,,1:33:36,4:42:45
247,214,Baizhan Kanafin,M40-44,35,Open,Kazakhstan,34:18,,2:25:38,,1:35:07,4:42:46
248,1198,Derek Knittle,M30-34,41,Open,United States,26:59,,2:33:11,,1:35:59,4:42:54
249,1173,Conor Bollinger,M30-34,42,Open,United States,29:10,,2:34:00,,1:33:52,4:42:57
250,270,Todd Perkins,M40-44,36,Open,United States,36:02,,2:28:13,,1:32:34,4:42:59
251,1883,Alexander Mccrohan,M50-54,3,Open,United States,27:09,,2:33:33,,1:35:01,4:43:02
252,2213,Sean Mccullough,M25-29,38,Open,United States,34:14,,2:35:00,,1:27:06,4:43:12
253,401,Nicolas Delgado,M40-44,37,Open,Colombia,29:16,,2:31:54,,1:36:03,4:43:17
254,2469,Alberto Del Bosque,M18-24,23,Open,Mexico,28:05,,2:39:04,,1:30:23,4:43:19
255,258,Dennis Santa Paula,M40-44,38,Open,Brazil,35:41,,2:31:04,,1:30:43,4:43:25
256,2035,Kevin Konczak,M50-54,4,Open,United States,32:54,,2:34:29,,1:30:22,4:43:33
257,2298,Vincent Felix Bartscher,M25-29,39,Open,Germany,31:52,,2:35:00,,1:28:24,4:43:36
258,1303,Andy Kruth,M30-34,43,Open,United States,32:32,,2:31:14,,1:33:48,4:43:36
259,2306,Andrés Felipe Camelo Ocampo,M25-29,40,Open,Colombia,31:42,,2:38:09,,1:28:19,4:43:37
260,732,John Bardenheier,M35-39,51,Open,Germany,35:03,,2:26:21,,1:35:36,4:43:41
261,134,Danielle Lewis,FPRO,22,Female,United States,32:39,,2:32:49,,1:35:37,4:43:44
262,569,Edward O'Malley,M40-44,39,Open,United States,33:43,,2:30:31,,1:33:23,4:43:45
263,2208,Jose Andres Paiz Berger,M25-29,41,Open,Guatemala,31:47,,2:37:44,,1:27:11,4:43:46
264,304,Isaac Henares,M40-44,40,Open,Spain,32:28,,2:37:14,,1:26:44,4:43:47
265,1219,Jon Hammond,M30-34,44,Open,United States,31:19,,2:31:14,,1:33:39,4:43:47
266,780,Nico Ortiz,M35-39,52,Open,Colombia,28:59,,2:31:53,,1:36:23,4:43:49
267,716,Ramsey Sybel,M35-39,53,Open,United States,38:16,,2:26:25,,1:33:04,4:43:49
268,2955,Luis Iturralde,M35-39,54,Open,United States,30:49,,2:27:16,,1:39:49,4:44:02
269,321,Brian Devlin,M40-44,41,Open,United States,31:55,,2:31:23,,1:35:02,4:44:17
270,2217,Carlos Roldan,M25-29,42,Open,Guatemala,35:14,,2:33:38,,1:29:30,4:44:34
271,1151,Corbyn Jahn,M30-34,45,Open,United States,33:44,,2:41:21,,1:23:09,4:44:34
272,5276,Bridget Foote,F18-24,2,Female,United States,28:02,,2:34:46,,1:35:30,4:44:35
273,1199,Alejandro Gaviria,M30-34,46,Open,Colombia,30:26,,2:34:03,,1:33:36,4:44:35
274,846,Alvaro Sabbagh,M35-39,55,Open,Colombia,34:58,,2:30:48,,1:33:25,4:44:44
275,1436,Andrew Theron,M30-34,47,Open,South Africa,32:12,,2:31:32,,1:34:07,4:44:55
276,2450,Peyton Thompson,M18-24,24,Open,United States,33:28,,2:29:15,,1:36:55,4:45:01
277,222,Jordan Nichols,M40-44,42,Open,United States,30:03,,2:31:55,,1:37:39,4:45:23
278,2828,Thierry Guertin,M45-49,7,Open,Canada,35:22,,2:28:07,,1:35:25,4:45:24
279,2494,Parker Kerth,M18-24,25,Open,United States,33:49,,2:39:09,,1:25:42,4:45:28
280,2501,Arthur Benson,M18-24,26,Open,United Kingdom,33:54,,2:31:13,,1:33:54,4:45:30
281,2574,Radek Pawlowski,M45-49,8,Open,Poland,30:54,,2:31:10,,1:37:52,4:45:35
282,2719,Philippe Chevrier,M45-49,9,Open,Switzerland,34:00,,2:36:02,,1:30:33,4:45:48
283,1469,David Hildenbrand,M30-34,48,Open,United States,30:42,,2:36:07,,1:33:27,4:45:55
284,2412,Dan Johnston,M25-29,43,Open,United States,36:15,,2:31:53,,1:29:12,4:45:59
285,433,Bruce Mayrand,M40-44,43,Open,United States,35:37,,2:28:54,,1:34:42,4:46:01
286,2829,Jessi Costen,M45-49,10,Open,United States,32:57,,2:38:22,,1:28:40,4:46:08
287,849,Juan Pablo Ibanez,M35-39,56,Open,Argentina,37:14,,2:32:43,,1:29:42,4:46:12
288,679,Joe Nagy,M35-39,57,Open,United States,34:15,,2:25:29,,1:39:44,4:46:13
289,2315,Jacob Pearson,M25-29,44,Open,United States,25:50,,2:39:53,,1:33:41,4:46:17
290,1359,Enrico Cimador,M30-34,49,Open,Italy,28:02,,2:31:25,,1:40:46,4:46:18
291,280,Timothy Mulligan,M40-44,44,Open,United States,34:45,,2:31:49,,1:32:12,4:46:19
292,2124,Richard Stoffel,M50-54,5,Open,Switzerland,33:07,,2:35:47,,1:30:44,4:46:24
293,2219,Caio Carvalho Ellero,M25-29,45,Open,Brazil,29:51,,2:43:39,,1:26:00,4:46:30
294,597,Kenneth Parisi,M40-44,45,Open,United States,32:03,,2:38:57,,1:29:01,4:46:33
295,238,Lonnie Adams,M40-44,46,Open,United States,35:54,,2:27:36,,1:36:49,4:46:34
296,336,JOSE DE LA ROCA,M40-44,47,Open,Guatemala,35:36,,2:33:00,,1:31:01,4:46:39
297,1159,Deo Timbol,M30-34,50,Open,Philippines,30:41,,2:37:10,,1:32:20,4:46:44
298,787,Dave Leveque,M35-39,58,Open,United States,29:22,,2:27:52,,1:44:48,4:46:49
299,4429,Alina Hanschke,F35-39,1,Female,Mexico,32:36,,2:41:48,,1:26:37,4:46:52
300,2310,Samuel Kohll,M25-29,46,Open,United States,36:00,,2:29:49,,1:34:47,4:46:53
301,909,Geoffrey Orland,M35-39,59,Open,United States,29:55,,2:38:56,,1:30:22,4:46:53
302,352,Alexander Hoover,M40-44,48,Open,United States,35:04,,2:29:21,,1:36:13,4:46:53
303,311,"Cavalet, Andrea Cavalet, Andrea",M40-44,49,Open,Italy,35:15,,2:23:46,,1:41:34,4:46:59
304,1148,Nick VEGLIA,M30-34,51,Open,United States,33:32,,2:29:08,,1:38:31,4:47:00
305,2497,Kaeleb Pennington,M18-24,27,Open,United States,27:15,,2:40:53,,1:33:02,4:47:01
306,888,David Condon,M35-39,60,Open,United States,39:53,,2:28:07,,1:33:14,4:47:03
307,680,Justin Burrows,M35-39,61,Open,Bahamas,33:34,,2:33:45,,1:34:10,4:47:16
308,1336,Andrew Martinez,M30-34,52,Open,United States,26:45,,2:35:50,,1:37:08,4:47:16
309,1373,Philip Billikopf,M30-34,53,Open,Chile,33:04,,2:37:38,,1:29:24,4:47:21
310,850,Gabriel Mardones,M35-39,62,Open,Chile,27:30,,2:31:57,,1:41:13,4:47:33
311,310,Romar Arendsz,M40-44,50,Open,Aruba,28:48,,2:34:29,,1:37:06,4:47:35
312,1139,Federico Aradillas,M30-34,54,Open,Mexico,35:17,,2:35:46,,1:30:09,4:47:37
313,1288,Steven Halewski,M30-34,55,Open,United States,30:54,,2:31:36,,1:37:35,4:47:41
314,700,Timothy Ryan,M35-39,63,Open,United States,27:22,,2:35:01,,1:39:01,4:47:43
315,2404,Juan Pablo Coronado Delgado,M25-29,47,Open,Colombia,35:12,,2:35:07,,1:29:36,4:47:48
316,1326,Thomas Pilliod,M30-34,56,Open,United States,28:18,,2:31:30,,1:42:27,4:47:53
317,526,Marcio Marcelino,M40-44,51,Open,Brazil,36:10,,2:32:28,,1:29:43,4:47:58
318,355,Alexey Sidorenko,M40-44,52,Open,Kazakhstan,39:31,,2:27:03,,1:35:03,4:48:04
319,234,Jonathan Sterchy,M40-44,53,Open,United States,27:54,,2:37:16,,1:38:15,4:48:08
320,2580,Karel Sumbal,M45-49,11,Open,Czechia,34:14,,2:38:12,,1:28:26,4:48:08
321,1329,Alfredo Valdes Islas,M30-34,57,Open,Mexico,38:19,,2:37:47,,1:25:53,4:48:12
322,1430,Miguel Gonzalez Castelan,M30-34,58,Open,Mexico,34:07,,2:43:36,,1:24:27,4:48:14
323,2290,Zachary Benedict,M25-29,48,Open,United States,31:29,,2:34:34,,1:36:53,4:48:21
324,322,Shawn Clark,M40-44,54,Open,United States,38:54,,2:23:38,,1:38:23,4:48:21
325,313,David Vieira Mejia,M40-44,55,Open,Colombia,35:53,,2:33:32,,1:31:49,4:48:23
326,852,Eugenio Benito Soto,M35-39,64,Open,Mexico,37:18,,2:32:20,,1:32:49,4:48:26
327,956,Michael Baba,M35-39,65,Open,United States,34:29,,2:27:09,,1:38:57,4:48:35
328,963,Alonso Cepeda,M35-39,66,Open,Colombia,37:29,,2:30:25,,1:34:32,4:48:38
329,1291,Christopher Loy,M30-34,59,Open,United States,33:47,,2:32:04,,1:34:43,4:48:38
330,2476,Nehemiah Kohll,M18-24,28,Open,United States,30:50,,2:35:44,,1:35:59,4:48:39
331,2274,Joseph Caffrey,M25-29,49,Open,United States,32:35,,2:38:16,,1:31:51,4:48:42
332,1295,Joe Lanser,M30-34,60,Open,United States,36:44,,2:32:04,,1:32:33,4:48:46
333,789,Jetson Swayze,M35-39,67,Open,United States,31:07,,2:34:03,,1:37:36,4:48:48
334,894,Rodrigo Aviles,M35-39,68,Open,Mexico,36:41,,2:32:32,,1:32:40,4:48:59
335,390,Mauricio Hernández,M40-44,56,Open,Colombia,35:58,,2:29:16,,1:36:02,4:49:03
336,2511,Payne Pachuda,M18-24,29,Open,United States,29:02,,2:39:34,,1:35:32,4:49:03
337,1275,Juan Martin Digilio,M30-34,61,Open,Argentina,28:38,,2:41:15,,1:32:13,4:49:09
338,802,Daniel Raleigh,M35-39,69,Open,United States,42:58,,2:33:53,,1:20:26,4:49:18
339,2419,Gutierrez Lopez Jesus Roberto,M25-29,50,Open,Mexico,27:02,,2:41:01,,1:34:28,4:49:20
340,2034,Richard ALBROW,M50-54,6,Open,United States,33:34,,2:36:49,,1:32:18,4:49:23
341,2411,Justin Thornley,M25-29,51,Open,United States,27:58,,2:49:38,,1:24:45,4:49:25
342,999,Matthew Tatum,M35-39,70,Open,United States,33:24,,2:34:17,,1:35:55,4:49:33
343,553,Derek Tietjen,M40-44,57,Open,United States,40:48,,2:31:10,,1:28:29,4:49:35
344,1296,Alexander Martin,M30-34,62,Open,United States,33:40,,2:32:44,,1:34:50,4:49:35
345,402,Martin Treu,M40-44,58,Open,United States,30:36,,2:33:14,,1:37:57,4:49:36
346,2010,Kevin Fuller,M50-54,7,Open,United States,34:51,,2:29:23,,1:38:32,4:49:41
347,1162,Patrick Ciquera,M30-34,63,Open,United States,42:23,,2:36:19,,1:25:23,4:49:43
348,2309,Benjamin Ford,M25-29,52,Open,United States,27:37,,2:29:33,,1:43:44,4:49:49
349,934,Craig Depperschmidt,M35-39,71,Open,United States,30:48,,2:34:25,,1:38:29,4:49:50
350,2272,Max Karp,M25-29,53,Open,United States,34:21,,2:28:35,,1:40:43,4:49:51
351,2220,Zachary Tacy,M25-29,54,Open,United States,32:50,,2:38:15,,1:33:04,4:49:53
352,1283,John Wiygul,M30-34,64,Open,United States,33:49,,2:33:13,,1:37:21,4:49:58
353,273,ALEXANDER VORONIN,M40-44,59,Open,Ukraine,35:46,,2:32:35,,1:35:23,4:50:07
354,325,Karl Poehls,M40-44,60,Open,United States,40:38,,2:26:17,,1:35:41,4:50:20
355,799,Tristan Gore,M35-39,72,Open,United States,32:28,,2:27:03,,1:44:14,4:50:28
356,378,Cristián Aspillaga,M40-44,61,Open,Chile,31:48,,2:34:41,,1:38:03,4:50:30
357,941,Brian Willing,M35-39,73,Open,United States,35:00,,2:36:23,,1:32:02,4:50:36
358,1021,Jeffrey Brennecke,M35-39,74,Open,United States,34:21,,2:38:38,,1:31:41,4:50:42
359,389,Aaron Geiser,M40-44,62,Open,United States,33:55,,2:30:02,,1:40:29,4:50:44
360,307,Cameron Comerford,M40-44,63,Open,United States,40:59,,2:26:03,,1:37:05,4:50:46
361,2084,Harald Funk,M50-54,8,Open,Germany,35:22,,2:32:57,,1:35:11,4:50:48
362,965,Matt Shaffer,M35-39,75,Open,United States,34:46,,2:34:01,,1:35:14,4:50:48
363,2482,Aaronn Gu,M18-24,30,Open,China,37:28,,2:37:42,,1:29:01,4:50:53
364,2670,Luigi Grullon,M45-49,12,Open,Dominican Republic,36:45,,2:37:04,,1:30:11,4:50:56
365,323,Andrew Stasinos,M40-44,64,Open,United States,33:02,,2:30:40,,1:40:29,4:50:56
366,1884,David Tindall,M50-54,9,Open,United States,33:59,,2:39:49,,1:30:28,4:50:59
367,2378,Garrett Nelson,M25-29,55,Open,United States,32:53,,2:40:15,,1:30:26,4:51:08
368,290,Joao Victor Terceiro,M40-44,65,Open,Brazil,35:45,,2:27:39,,1:41:43,4:51:08
369,5420,Pamela Espinoza Dans,F45-49,1,Female,Chile,33:22,,2:36:07,,1:35:29,4:51:08
370,1412,Adam Rich,M30-34,65,Open,United States,35:01,,2:35:13,,1:34:18,4:51:12
371,772,Rory Duckworth,M35-39,76,Open,United States,35:15,,2:25:34,,1:44:23,4:51:14
372,873,Scott Voyles,M35-39,77,Open,United States,42:42,,2:33:11,,1:28:59,4:51:14
373,1234,Richard Sheldon,M30-34,66,Open,United Kingdom,34:15,,2:43:40,,1:28:32,4:51:17
374,305,Nicolas Munoz,M40-44,66,Open,Chile,37:55,,2:28:53,,1:37:57,4:51:28
375,561,Walter Kaspirowitsch,M40-44,67,Open,Germany,36:24,,2:29:12,,1:39:46,4:51:43
376,574,Brendan Corcoran,M40-44,68,Open,United States,31:22,,2:34:28,,1:39:32,4:51:43
377,407,Frank Orlando,M40-44,69,Open,United States,33:41,,2:28:03,,1:44:10,4:51:44
378,2235,Lee Mount,M25-29,56,Open,United States,32:53,,2:32:32,,1:39:17,4:51:45
379,2521,Alex Gilson,M18-24,31,Open,United States,27:35,,2:27:01,,1:51:45,4:51:47
380,2239,Cody Kalinowski,M25-29,57,Open,United States,30:00,,2:40:33,,1:33:29,4:51:47
381,1179,Rasmus Hansen,M30-34,67,Open,Denmark,43:58,,2:29:51,,1:31:54,4:51:49
382,945,Pankkaj Dhiman,M35-39,78,Open,India,37:37,,2:35:41,,1:30:45,4:51:51
383,317,Raul Del Moral,M40-44,70,Open,Spain,39:57,,2:27:03,,1:38:09,4:51:53
384,2894,John Craft,M45-49,13,Open,United States,32:41,,2:36:55,,1:36:22,4:51:56
385,1187,Trevor Scott,M30-34,68,Open,United States,36:10,,2:30:11,,1:38:52,4:52:01
386,2218,Read Ziegler,M25-29,58,Open,United States,30:09,,2:41:35,,1:33:18,4:52:02
387,955,Jim Levesque,M35-39,79,Open,United States,35:57,,2:39:34,,1:28:48,4:52:04
388,904,Matt Petrocci,M35-39,80,Open,United States,41:59,,2:34:41,,1:29:15,4:52:11
389,767,Sebastian Ostertag,M35-39,81,Open,Argentina,31:44,,2:32:27,,1:42:28,4:52:15
390,538,Austin Jackson,M40-44,71,Open,United States,34:34,,2:28:39,,1:43:02,4:52:16
391,4540,Rebecca Kawaoka,F30-34,2,Female,United States,34:39,,2:39:19,,1:32:29,4:52:19
392,1020,Mike Dumas,M35-39,82,Open,United States,35:22,,2:39:17,,1:30:19,4:52:21
393,2036,John Hatala,M50-54,10,Open,United States,36:26,,2:38:10,,1:31:51,4:52:22
394,301,Moises Torres Rojas,M40-44,72,Open,Chile,30:45,,2:35:39,,1:40:08,4:52:22
395,2477,Ian Bormett,M18-24,32,Open,United States,31:04,,2:33:48,,1:39:18,4:52:29
396,2643,Jose Antonio Gonzalez Alvarez,M45-49,14,Open,Mexico,29:50,,2:48:08,,1:27:49,4:52:33
397,319,Ivan Zhukov,M40-44,73,Open,Russian Federation,36:56,,2:31:58,,1:37:25,4:52:34
398,149,Kimberly Goodell,FPRO,23,Female,United States,32:44,,2:42:23,,1:35:06,4:52:38
399,2388,Miguel Alejandro Lopez García,M25-29,59,Open,Venezuela,30:47,,2:29:14,,1:47:12,4:52:47
400,4356,Berber Kramer,F35-39,2,Female,Netherlands,36:23,,2:32:24,,1:38:11,4:52:49
401,1240,Charles Larsen,M30-34,69,Open,United States,33:13,,2:30:50,,1:42:28,4:53:00
402,406,Marc Peachey,M40-44,74,Open,United States,35:28,,2:32:54,,1:37:46,4:53:01
403,218,Yankari Franco,M40-44,75,Open,Mexico,31:19,,2:36:49,,1:38:28,4:53:03
404,2488,Ean Sexton,M18-24,33,Open,United States,27:08,,2:42:43,,1:35:58,4:53:03
405,1160,Alexander Betances,M30-34,70,Open,United States,35:56,,2:36:30,,1:32:30,4:53:06
406,2500,Stuart Gildea,M18-24,34,Open,United States,28:42,,2:46:02,,1:32:55,4:53:08
407,252,James Wahl,M40-44,76,Open,United States,37:15,,2:30:51,,1:32:52,4:53:09
408,2264,Jonathan Ockert,M25-29,60,Open,United States,30:07,,2:38:36,,1:39:30,4:53:10
409,403,-Redacted-,M40-44,77,Open,-Redacted-,29:31,,2:26:13,,1:49:42,4:53:11
410,326,Alessio Orsini,M40-44,78,Open,Italy,39:53,,2:20:05,,1:44:21,4:53:12
411,2263,Matthew Carson,M25-29,61,Open,United States,31:00,,2:46:37,,1:29:14,4:53:15
412,1455,Aaron Kent,M30-34,71,Open,United States,33:43,,2:39:04,,1:33:18,4:53:16
413,572,David Choren,M40-44,79,Open,United States,40:55,,2:25:17,,1:40:27,4:53:33
414,5262,Madison Synowiec,F18-24,3,Female,United States,34:34,,2:44:16,,1:28:54,4:53:39
415,2499,James Baran,M18-24,35,Open,United States,35:12,,2:38:30,,1:33:10,4:53:40
416,2646,Federico Pardo,M45-49,15,Open,Colombia,36:17,,2:37:41,,1:29:50,4:53:41
417,567,Joren Parrotte,M40-44,80,Open,United States,35:53,,2:32:55,,1:37:06,4:53:41
418,2271,Michael Mcvea,M25-29,62,Open,United States,42:40,,2:30:59,,1:32:31,4:53:45
419,299,Stefan Zander,M40-44,81,Open,Germany,40:02,,2:26:20,,1:39:26,4:53:46
420,4294,Hilary Hughes,F35-39,3,Female,Ireland,35:10,,2:36:28,,1:32:50,4:53:47
421,2227,Alonso Gonzalez Lopez,M25-29,63,Open,Mexico,33:55,,2:35:17,,1:38:05,4:53:54
422,1207,Diego Maldonado,M30-34,72,Open,Guatemala,33:35,,2:37:27,,1:35:06,4:53:58
423,249,Jonathan Massie,M40-44,82,Open,Bahamas,34:55,,2:29:58,,1:41:56,4:54:02
424,1360,Kurt Barnhill,M30-34,73,Open,United States,32:52,,2:41:09,,1:33:54,4:54:06
425,1225,Jonathan Preston Davis,M30-34,74,Open,United States,37:30,,2:36:40,,1:33:44,4:54:07
426,478,Yassir Janah,M40-44,83,Open,United States,40:46,,2:29:47,,1:35:21,4:54:08
427,2822,Scott Silver,M45-49,16,Open,United States,30:33,,2:37:00,,1:39:48,4:54:09
428,942,Lothar Birkenfeld,M35-39,83,Open,United States,36:37,,2:40:25,,1:28:23,4:54:21
429,1231,Anthony Jagielo,M30-34,75,Open,United States,41:19,,2:38:02,,1:27:33,4:54:27
430,841,Ricardo Andrés Muñoz Fernandez,M35-39,84,Open,Chile,40:46,,2:32:20,,1:35:36,4:54:29
431,5427,Liza Rachetto,F45-49,2,Female,United States,32:42,,2:35:49,,1:40:13,4:54:32
432,1389,Patricio Escobar,M30-34,76,Open,Ecuador,33:27,,2:36:53,,1:37:26,4:54:35
433,231,Nayef Hasan Almarzooqi,M40-44,84,Open,United Arab Emirates,43:17,,2:22:34,,1:41:31,4:54:37
434,1035,Justin Moyer,M35-39,85,Open,United States,29:26,,2:29:50,,1:47:26,4:54:40
435,4423,Liis Rametta,F35-39,4,Female,Estonia,35:36,,2:42:35,,1:30:32,4:54:41
436,5392,Sharon Schmidt-Mongrain,F45-49,3,Female,United States,31:37,,2:43:53,,1:33:12,4:54:43
437,374,Donnie Mccammon,M40-44,85,Open,United States,37:56,,2:32:53,,1:36:34,4:54:47
438,327,Chris Hughes,M40-44,86,Open,United States,32:43,,2:29:08,,1:43:58,4:54:48
439,248,Humberto Suarez Medina,M40-44,87,Open,Mexico,35:13,,2:35:10,,1:37:48,4:54:49
440,1343,John Metzler,M30-34,77,Open,United States,35:31,,2:39:12,,1:33:02,4:54:51
441,1203,Bernardo Harvey,M30-34,78,Open,Mexico,33:24,,2:43:26,,1:31:51,4:54:52
442,2556,Malcolm Hudson,M18-24,36,Open,Argentina,29:27,,2:37:09,,1:42:16,4:54:55
443,1309,Vitalii Tovkach,M30-34,79,Open,United States,30:13,,2:40:54,,1:37:51,4:54:55
444,2093,Geoffrey Steffens,M50-54,11,Open,United States,30:42,,2:41:07,,1:35:12,4:54:56
445,1441,Björn Thelin,M30-34,80,Open,Sweden,33:01,,2:38:26,,1:37:11,4:54:58
446,1261,Martin Paez,M30-34,81,Open,Ecuador,38:52,,2:35:35,,1:34:08,4:54:59
447,707,Zach Yeager,M35-39,86,Open,United States,33:10,,2:37:43,,1:37:08,4:54:59
448,320,Sebastian Sarla Morella,M40-44,88,Open,Uruguay,41:34,,2:29:41,,1:37:51,4:55:00
449,836,Rodolfo Zeledon,M35-39,87,Open,Costa Rica,32:53,,2:25:32,,1:49:48,4:55:03
450,150,Jenny FLETCHER,FPRO,24,Female,Canada,30:24,,2:39:08,,1:42:33,4:55:04
451,2318,Aaron Mason,M25-29,64,Open,United States,33:57,,2:45:17,,1:29:31,4:55:10
452,1334,James Bartlett,M30-34,82,Open,United States,30:01,,2:41:30,,1:37:04,4:55:21
453,2311,Aaron Scheets,M25-29,65,Open,United States,30:38,,2:43:27,,1:33:20,4:55:22
454,1347,Chase Wightman,M30-34,83,Open,United States,30:03,,2:35:30,,1:42:58,4:55:25
455,1277,Jorge Junco,M30-34,84,Open,Mexico,36:43,,2:44:16,,1:28:08,4:55:26
456,431,Tony Forinash,M40-44,89,Open,United States,38:10,,2:29:51,,1:37:35,4:55:33
457,2653,Lee Weatherhead,M45-49,17,Open,United States,33:54,,2:41:40,,1:34:20,4:55:36
458,2068,Pedro Luiz Cerize,M50-54,12,Open,Brazil,36:56,,2:38:17,,1:33:17,4:55:40
459,358,Markov Canivin,M40-44,90,Open,Ecuador,35:31,,2:34:26,,1:37:37,4:55:47
460,225,Jethro Karl Ramos,M40-44,91,Open,Philippines,33:05,,2:32:57,,1:44:01,4:55:47
461,5166,Léa Riccoboni,F25-29,3,Female,France,33:10,,2:41:38,,1:34:40,4:55:48
462,2364,Ben Stern,M25-29,66,Open,United States,28:31,,2:44:25,,1:33:35,4:55:49
463,375,Matus Martini,M40-44,92,Open,United States,30:31,,2:36:23,,1:42:24,4:55:56
464,1285,Ryan MARTIN,M30-34,85,Open,United States,36:08,,2:47:32,,1:23:25,4:55:57
465,2355,Cooper Cohen,M25-29,67,Open,United States,30:13,,2:39:50,,1:39:24,4:55:59
466,1657,Jamey Yon,M55-59,1,Open,United States,31:48,,2:44:37,,1:32:22,4:56:01
467,616,Chris Fruehwirth,M40-44,93,Open,United States,31:23,,2:41:28,,1:37:54,4:56:10
468,552,Fernando Stern,M40-44,94,Open,Argentina,37:21,,2:39:27,,1:33:53,4:56:13
469,745,Joe Chevalier,M35-39,88,Open,United States,31:32,,2:37:14,,1:39:47,4:56:18
470,1223,Peter Thompson,M30-34,86,Open,United States,35:45,,2:32:03,,1:39:42,4:56:18
471,468,Felipe Freitas,M40-44,95,Open,Brazil,34:39,,2:37:28,,1:36:31,4:56:20
472,875,Brian Miller,M35-39,89,Open,United States,35:19,,2:36:20,,1:39:04,4:56:21
473,490,Jason Terry,M40-44,96,Open,United States,33:43,,2:35:22,,1:39:54,4:56:24
474,508,Nate Cook,M40-44,97,Open,United States,36:02,,2:25:34,,1:47:46,4:56:29
475,348,Joshua Pay,M40-44,98,Open,United States,36:38,,2:24:58,,1:47:49,4:56:30
476,2471,Sean Zaidi,M18-24,37,Open,United States,29:38,,2:41:22,,1:40:41,4:56:31
477,1250,Andres Eljuri,M30-34,87,Open,Ecuador,38:45,,2:43:01,,1:27:34,4:56:32
478,491,Lars Hanschke,M40-44,99,Open,Mexico,37:57,,2:38:12,,1:31:06,4:56:33
479,1023,Scott FULKERSON,M35-39,90,Open,United States,39:41,,2:37:30,,1:32:56,4:56:35
480,2435,Jonathan Cyganik,M25-29,68,Open,United States,37:34,,2:46:31,,1:26:19,4:56:40
481,628,Brendan Mcdermott,M40-44,100,Open,United States,39:29,,2:32:46,,1:37:00,4:56:41
482,226,Judd Glasco,M40-44,101,Open,United States,25:38,,2:41:50,,1:42:52,4:56:44
483,1168,Hugo Porras Hernandez,M30-34,88,Open,Mexico,36:56,,2:37:01,,1:33:40,4:56:45
484,566,Moshe Peri,M40-44,102,Open,Israel,35:15,,2:36:31,,1:39:42,4:56:50
485,4611,Amanda Hunter,F30-34,3,Female,United States,28:07,,2:37:26,,1:39:30,4:56:57
486,952,Christopher Zumbek,M35-39,91,Open,United States,37:50,,2:32:04,,1:39:46,4:56:59
487,316,Josep Esteve,M40-44,103,Open,Spain,41:23,,2:29:14,,1:38:29,4:57:02
488,480,Jeff Fink,M40-44,104,Open,United States,36:14,,2:29:25,,1:42:55,4:57:03
489,503,Tod Vollrath,M40-44,105,Open,United States,33:38,,2:36:27,,1:39:27,4:57:04
490,5171,Minori Minagawa,F25-29,4,Female,United States,33:53,,2:46:43,,1:29:49,4:57:04
491,4358,Holly Smith,F35-39,5,Female,United States,34:44,,2:46:42,,1:29:44,4:57:05
492,477,Sergio Ramirez,M40-44,106,Open,El Salvador,32:50,,2:35:58,,1:41:48,4:57:05
493,5193,Karen Monuszko,F25-29,5,Female,United States,32:37,,2:42:50,,1:35:02,4:57:07
494,466,Christian Bauer,M40-44,107,Open,Guatemala,42:52,,2:31:20,,1:36:30,4:57:09
495,4173,Cathy Yndestad,F40-44,1,Female,United States,29:13,,2:45:46,,1:36:36,4:57:17
496,1239,Alexander Diehl,M30-34,89,Open,United States,29:31,,2:39:25,,1:42:31,4:57:17
497,2242,Côme Deruaz,M25-29,69,Open,France,35:05,,2:38:55,,1:36:28,4:57:17
498,2671,Jesse Czelusta,M45-49,18,Open,United States,30:50,,2:44:10,,1:35:31,4:57:19
499,2439,Brian Carpenter,M25-29,70,Open,United States,28:10,,2:50:00,,1:31:28,4:57:22
500,482,Jeff Lam,M40-44,108,Open,United States,40:45,,2:31:10,,1:39:07,4:57:22
501,4694,Carolyn Olsen,F30-34,4,Female,United States,34:14,,2:41:33,,1:35:21,4:57:26
502,878,Brandon Mailhot,M35-39,92,Open,United States,40:02,,2:32:08,,1:38:19,4:57:27
503,2467,Hunter Cochran,M18-24,38,Open,United States,28:24,,2:43:59,,1:38:04,4:57:30
504,547,Alexandro Ayala,M40-44,109,Open,Uruguay,37:23,,2:34:54,,1:38:54,4:57:31
505,276,Jeremy Swan,M40-44,110,Open,United States,35:47,,2:37:29,,1:38:46,4:57:33
506,2361,Zachary Sims,M25-29,71,Open,United States,40:27,,2:50:29,,1:17:56,4:57:37
507,977,Sergiy Yeroshov,M35-39,93,Open,Ukraine,39:20,,2:35:20,,1:36:23,4:57:39
508,1433,Mario Schabus,M30-34,90,Open,Austria,35:47,,2:41:31,,1:32:20,4:57:45
509,4260,Amy Farrell,F40-44,2,Female,United States,35:04,,2:42:14,,1:34:28,4:57:46
510,1337,Pablo Fayolle,M30-34,91,Open,Argentina,30:09,,2:41:23,,1:40:07,4:57:46
511,2487,Andrew Logsdon,M18-24,39,Open,United States,30:57,,2:40:18,,1:40:18,4:57:47
512,462,Tyler Long,M40-44,111,Open,United States,28:39,,2:39:31,,1:42:17,4:57:53
513,2883,Fernando Hector Piaggo,M45-49,19,Open,Argentina,35:27,,2:46:27,,1:31:02,4:57:56
514,333,Christopher Veilleux,M40-44,112,Open,United States,38:39,,2:31:26,,1:40:46,4:57:57
515,2225,Harold Danks,M25-29,72,Open,United States,32:22,,2:38:10,,1:41:02,4:57:58
516,1282,Rick Alldrin,M30-34,92,Open,United States,38:08,,2:37:47,,1:35:46,4:57:58
517,338,Ryan Mcenhill,M40-44,113,Open,United States,38:07,,2:33:29,,1:40:35,4:58:00
518,2262,Branden Scheel,M25-29,73,Open,United States,34:37,,2:38:16,,1:40:30,4:58:02
519,1342,Franck Kervarec,M30-34,93,Open,France,32:38,,2:34:12,,1:41:47,4:58:03
520,4614,Indre Sabaliunaite,F30-34,5,Female,Lithuania,37:24,,2:44:15,,1:30:09,4:58:07
521,2216,Dan Linkinhoker,M25-29,74,Open,United States,31:27,,2:43:15,,1:36:53,4:58:08
522,458,Noel Guy,M40-44,114,Open,Canada,42:22,,2:38:07,,1:29:41,4:58:09
523,1465,Tom Emmerich,M30-34,94,Open,United States,35:28,,2:46:41,,1:29:38,4:58:09
524,2908,Tedd Girouard,M45-49,20,Open,Canada,36:50,,2:37:29,,1:36:10,4:58:15
525,596,Matt Petersen,M40-44,115,Open,United States,33:41,,2:35:35,,1:40:57,4:58:18
526,136,Julie Iemmolo,FPRO,25,Female,France,26:05,,2:31:31,,1:57:59,4:58:20
527,1693,Edward Stern,M55-59,2,Open,United States,35:35,,2:40:23,,1:35:26,4:58:24
528,546,Cristian Fernandez,M40-44,116,Open,Mexico,40:34,,2:36:50,,1:33:39,4:58:27
529,832,Pedro Chacon,M35-39,94,Open,Mexico,35:47,,2:31:53,,1:44:14,4:58:29
530,4699,Coralie Baumann,F30-34,6,Female,United States,28:29,,2:47:53,,1:35:25,4:58:30
531,957,Josh Coleman,M35-39,95,Open,United States,35:30,,2:41:11,,1:35:40,4:58:33
532,944,Marcelo Alves,M35-39,96,Open,Brazil,35:27,,2:43:13,,1:34:07,4:58:37
533,1429,Linus Pagusara,M30-34,95,Open,Philippines,35:45,,2:39:53,,1:37:00,4:58:38
534,953,Hector Hernandez,M35-39,97,Open,Dominican Republic,30:37,,2:48:19,,1:33:50,4:58:40
535,2527,Aiden Pratt,M18-24,40,Open,United States,33:14,,2:43:53,,1:35:14,4:58:44
536,2303,Jason Dobson,M25-29,75,Open,New Zealand,33:24,,2:39:02,,1:38:40,4:58:46
537,2349,James Mcdermott,M25-29,76,Open,United States,30:45,,2:26:20,,1:55:20,4:58:49
538,2813,Benjamin Saunders,M45-49,21,Open,United States,31:30,,2:49:28,,1:31:19,4:58:50
539,5097,Juliet Hochman,F50-54,1,Female,United States,36:23,,2:31:22,,1:44:58,4:58:54
540,866,Alexander Williams,M35-39,98,Open,United States,36:03,,2:39:22,,1:36:53,4:58:54
541,887,Nathan Mize,M35-39,99,Open,United States,38:47,,2:37:53,,1:34:45,4:58:55
542,471,Jeremy Johnson,M40-44,117,Open,United States,32:28,,2:41:34,,1:35:34,4:58:55
543,1190,Samuel Clarot,M30-34,96,Open,United States,38:48,,2:37:39,,1:34:45,4:58:56
544,379,Kenneth Jones,M40-44,118,Open,United States,40:32,,2:40:19,,1:30:56,4:58:59
545,495,Guy Carrington,M40-44,119,Open,United Kingdom,41:28,,2:39:13,,1:32:09,4:59:00
546,2281,Ryan Karr,M25-29,77,Open,United States,34:26,,2:39:00,,1:39:34,4:59:01
547,2755,Michael Johnson,M45-49,22,Open,United States,37:56,,2:46:22,,1:28:23,4:59:02
548,615,Todd Batty,M40-44,120,Open,United States,34:23,,2:33:07,,1:43:16,4:59:03
549,763,Mike Payne,M35-39,100,Open,United States,34:36,,2:35:08,,1:42:29,4:59:04
550,2724,Daniel Belleville,M45-49,23,Open,Canada,41:01,,2:36:11,,1:36:40,4:59:08
551,2391,John Butcher,M25-29,78,Open,United States,32:37,,2:49:57,,1:30:05,4:59:09
552,1260,Cameron Kortes,M30-34,97,Open,United States,40:29,,2:35:35,,1:37:38,4:59:11
553,2893,Bryan Shiflett,M45-49,24,Open,United States,33:53,,2:44:28,,1:34:01,4:59:13
554,1873,Matthew Duke,M50-54,13,Open,United States,33:06,,2:34:56,,1:43:06,4:59:14
555,2502,Kyle Lithgow,M18-24,41,Open,United States,36:04,,2:40:00,,1:35:38,4:59:18
556,2261,Niall Mccarthy,M25-29,79,Open,Ireland,39:57,,2:41:08,,1:30:34,4:59:19
557,2277,Alexandre Banville,M25-29,80,Open,Canada,32:32,,2:39:01,,1:40:18,4:59:26
558,5277,Lauren Burgett,F18-24,4,Female,United States,28:58,,2:48:01,,1:36:04,4:59:29
559,4581,Tani Burge,F30-34,7,Female,Australia,35:58,,2:42:20,,1:35:30,4:59:30
560,796,Christopher Pace,M35-39,101,Open,United States,31:09,,2:38:36,,1:38:56,4:59:35
561,2613,Dan Arlandson,M45-49,25,Open,United States,30:50,,2:39:04,,1:41:52,4:59:37
562,545,Scott Mercer,M40-44,121,Open,Canada,39:05,,2:32:34,,1:40:26,4:59:41
563,803,Matthew Chun,M35-39,102,Open,United States,33:23,,2:35:36,,1:41:29,4:59:43
564,2579,Jay Young,M45-49,26,Open,United States,30:10,,2:46:40,,1:36:26,4:59:45
565,1297,Diego Ibarra,M30-34,98,Open,Guatemala,31:06,,2:42:29,,1:39:29,4:59:45
566,838,Abdulla Allqeti,M35-39,103,Open,United Arab Emirates,36:48,,2:41:12,,1:34:35,4:59:48
567,2486,Soren Jensen,M18-24,42,Open,United States,33:26,,2:31:52,,1:47:56,4:59:49
568,2245,Denis Pyryev,M25-29,81,Open,United States,29:30,,2:39:09,,1:45:09,4:59:51
569,2401,Gonzalo Delpiano Radovic,M25-29,82,Open,Chile,32:14,,2:44:32,,1:36:08,4:59:53
570,2598,Zachary Pitts,M45-49,27,Open,United States,33:50,,2:43:00,,1:37:07,4:59:55
571,2498,Aaron Breene,M18-24,43,Open,United States,36:06,,2:44:02,,1:30:42,4:59:58
572,1363,Jordan Peters,M30-34,99,Open,United States,35:57,,2:47:53,,1:29:34,5:00:00
573,2587,Brian Anttonen,M45-49,28,Open,United States,35:35,,2:42:55,,1:34:22,5:00:03
574,145,Maddy Pesch,FPRO,26,Female,United States,30:19,,2:40:47,,1:46:19,5:00:06
575,1894,Arthur Mathisen,M50-54,14,Open,United States,32:57,,2:40:57,,1:39:44,5:00:07
576,858,Alexander Bogdanov,M35-39,104,Open,Russian Federation,34:07,,2:37:28,,1:41:33,5:00:16
577,2434,David Pinsonneault,M25-29,83,Open,United States,34:49,,2:50:45,,1:27:36,5:00:17
578,2353,Benjamin Pedroza Velazquez,M25-29,84,Open,Mexico,35:58,,2:47:03,,1:30:15,5:00:26
579,4221,Aimee Phillippi-Taylor,F40-44,3,Female,United States,36:13,,2:45:20,,1:31:57,5:00:29
580,147,Rachel Mensch,FPRO,27,Female,United States,28:15,,2:40:26,,1:48:12,5:00:31
581,626,Brent Koel,M40-44,122,Open,United States,36:26,,2:31:24,,1:44:40,5:00:32
582,5240,Chelsea Hollingsworth,F25-29,6,Female,United States,31:10,,2:53:23,,1:28:36,5:00:32
583,903,Michael Tanzi,M35-39,105,Open,United States,38:13,,2:33:47,,1:41:37,5:00:34
584,2479,Dylan Clough,M18-24,44,Open,Australia,28:10,,2:45:14,,1:41:37,5:00:36
585,2362,Kyle Moncur,M25-29,85,Open,United States,34:05,,2:39:54,,1:40:29,5:00:37
586,2820,Adam Hicken,M45-49,29,Open,United States,41:12,,2:32:24,,1:39:19,5:00:37
587,1324,Josh Wilcox,M30-34,100,Open,United States,34:31,,2:44:39,,1:35:31,5:00:39
588,2681,Bill Beecher,M45-49,30,Open,United States,27:29,,2:45:32,,1:41:05,5:00:41
589,5139,Rebecca Yunginger,F25-29,7,Female,United States,33:07,,2:33:31,,1:47:54,5:00:44
590,371,Victor Hernandez,M40-44,123,Open,Honduras,38:18,,2:37:40,,1:36:58,5:00:47
591,345,Josh Parker,M40-44,124,Open,United States,30:28,,2:38:02,,1:45:01,5:00:51
592,2308,Jamie Hayes,M25-29,86,Open,United States,26:47,,2:42:20,,1:45:20,5:00:51
593,1274,Miguel Forero Aparicio,M30-34,101,Open,Colombia,35:13,,2:49:00,,1:30:33,5:00:54
594,1365,Jevin Hoeper,M30-34,102,Open,United States,39:18,,2:38:25,,1:36:30,5:00:55
595,1831,Jason George,M55-59,3,Open,United States,35:00,,2:40:52,,1:36:39,5:00:56
596,712,Josh Morin,M35-39,106,Open,United States,35:04,,2:37:51,,1:41:43,5:00:56
597,2891,C. Chaney,M45-49,31,Open,United States,29:14,,2:52:42,,1:33:45,5:01:05
598,961,Peter Lohrmann,M35-39,107,Open,United States,33:32,,2:35:11,,1:44:59,5:01:06
599,891,Luis Daniel Piz Hernandez,M35-39,108,Open,Mexico,36:16,,2:39:34,,1:38:44,5:01:13
600,1348,Landon Jacobsen,M30-34,103,Open,United States,29:46,,2:42:51,,1:39:52,5:01:13
601,2329,Michael Botyarov,M25-29,87,Open,United States,27:14,,2:55:44,,1:29:46,5:01:15
602,1878,Brian Mckinney,M50-54,15,Open,United States,33:36,,2:47:58,,1:33:24,5:01:15
603,620,Matthew Dixon,M40-44,125,Open,United States,28:47,,2:38:15,,1:48:13,5:01:18
604,2233,Dante Hatem,M25-29,88,Open,United States,33:40,,2:43:03,,1:36:56,5:01:19
605,997,Cody Uhl,M35-39,109,Open,United States,37:07,,2:40:16,,1:37:19,5:01:19
606,1053,Carlos Pachon,M35-39,110,Open,Colombia,36:02,,2:38:35,,1:38:39,5:01:20
607,562,Jesse Danner,M40-44,126,Open,United States,34:02,,2:36:18,,1:42:44,5:01:21
608,752,Scott Smith,M35-39,111,Open,United States,34:53,,2:46:39,,1:32:41,5:01:25
609,394,Boris Goutkin,M40-44,127,Open,Israel,36:18,,2:30:31,,1:48:18,5:01:28
610,1355,Devin Salinas,M30-34,104,Open,United States,33:41,,2:34:58,,1:45:07,5:01:31
611,2545,Juan Castro,M18-24,45,Open,Colombia,34:25,,2:45:30,,1:33:42,5:01:32
612,309,John Andres Gomez,M40-44,128,Open,Colombia,41:29,,2:32:11,,1:41:06,5:01:33
613,382,Brian Nothnagel,M40-44,129,Open,United States,37:28,,2:36:29,,1:39:44,5:01:35
614,681,Thiago Pestana,M35-39,112,Open,Brazil,37:26,,2:32:18,,1:44:51,5:01:37
615,1019,Nikos Petzetakis,M35-39,113,Open,Greece,46:01,,2:29:34,,1:37:34,5:01:39
616,422,Jeremy McNamara,M40-44,130,Open,United States,39:28,,2:31:15,,1:43:22,5:01:42
617,5120,Florencia Vásquez,F25-29,8,Female,Chile,35:09,,2:45:22,,1:34:46,5:01:52
618,4270,Sophie Chevrier,F40-44,4,Female,Switzerland,36:09,,2:45:12,,1:33:59,5:01:57
619,2581,Carlos Andres Sequeira Guzman,M45-49,32,Open,Costa Rica,34:12,,2:42:17,,1:38:24,5:01:59
620,2491,Blake Mitton,M18-24,46,Open,United States,35:41,,2:39:44,,1:39:56,5:02:01
621,5230,Lorenza Guzmán Hentschel,F25-29,9,Female,Mexico,28:42,,2:48:15,,1:39:20,5:02:02
622,1445,Kevin Haugh,M30-34,105,Open,United States,39:57,,2:39:11,,1:37:07,5:02:06
623,1201,Mitchell Page,M30-34,106,Open,Australia,32:37,,2:35:44,,1:46:55,5:02:06
624,1501,Tim Bradley,M60-64,1,Open,United States,38:25,,2:38:47,,1:38:32,5:02:13
625,2114,Martin Brans,M50-54,16,Open,United States,31:48,,2:40:05,,1:42:46,5:02:16
626,2268,James King,M25-29,89,Open,United States,31:51,,2:38:42,,1:45:19,5:02:16
627,373,Jesse Nolen,M40-44,131,Open,United States,39:53,,2:28:28,,1:45:57,5:02:24
628,528,Nicholas Cumings,M40-44,132,Open,United States,38:54,,2:40:58,,1:36:08,5:02:30
629,5165,Morgan Klein,F25-29,10,Female,United States,29:59,,2:42:03,,1:42:51,5:02:32
630,2723,Jean-Claude Constandse,M45-49,33,Open,Mexico,34:56,,2:39:13,,1:42:14,5:02:33
631,364,Ethan Bassett,M40-44,133,Open,United States,27:39,,2:42:49,,1:43:48,5:02:34
632,1266,Andrew Butte,M30-34,107,Open,United States,34:26,,2:36:25,,1:43:40,5:02:35
633,1892,Henry REED,M50-54,17,Open,United States,35:16,,2:40:12,,1:40:56,5:02:36
634,2877,Eric Travis,M45-49,34,Open,Canada,32:14,,2:40:38,,1:41:52,5:02:41
635,1366,David Macknet,M30-34,108,Open,United States,38:22,,2:43:51,,1:33:40,5:02:42
636,5005,Deanna Newman,F50-54,2,Female,United States,33:32,,2:44:22,,1:37:31,5:02:43
637,5169,Anna Torres,F25-29,11,Female,Ecuador,32:13,,2:39:32,,1:43:58,5:02:47
638,2577,Alexandre Birman,M45-49,35,Open,Brazil,27:25,,2:48:30,,1:38:42,5:02:50
639,1204,Juan Camilo Castro,M30-34,109,Open,Colombia,32:49,,2:49:32,,1:33:53,5:02:50
640,457,Marius Cimpean,M40-44,134,Open,Romania,35:00,,2:33:59,,1:46:50,5:02:56
641,2376,Stephen Pair,M25-29,90,Open,United States,32:54,,2:53:54,,1:28:30,5:03:00
642,2614,Ben Boyd,M45-49,36,Open,Australia,31:20,,2:47:08,,1:36:41,5:03:01
643,1707,Dougin Walker,M55-59,4,Open,United States,29:16,,2:43:27,,1:43:37,5:03:03
644,900,Keith Torluemke,M35-39,114,Open,United States,32:45,,2:46:37,,1:37:43,5:03:04
645,1029,Chandler Carranza,M35-39,115,Open,United States,38:09,,2:37:06,,1:41:16,5:03:06
646,901,Lincoln Whyte,M35-39,116,Open,United States,31:52,,2:44:49,,1:40:12,5:03:16
647,460,Fabian Campo,M40-44,135,Open,Spain,34:55,,2:38:37,,1:43:12,5:03:17
648,2799,Jean-Philippe Turcotte,M45-49,37,Open,Canada,32:43,,2:45:07,,1:38:51,5:03:23
649,504,Fabian Fernandez,M40-44,136,Open,Costa Rica,36:04,,2:41:26,,1:37:37,5:03:25
650,983,Mark Smith,M35-39,117,Open,United States,43:10,,2:37:43,,1:35:01,5:03:29
651,2423,Samuel Wittig,M25-29,91,Open,United States,27:29,,2:53:40,,1:35:18,5:03:29
652,899,Brent Steinweg,M35-39,118,Open,United States,36:42,,2:44:35,,1:33:59,5:03:32
653,1286,Rafael Pulido,M30-34,110,Open,Colombia,35:11,,2:48:10,,1:33:56,5:03:34
654,1314,Carter Wehrer,M30-34,111,Open,United States,37:53,,2:39:49,,1:40:30,5:03:42
655,4570,Tyler Hudacek,F30-34,8,Female,United States,32:34,,2:48:21,,1:37:12,5:03:46
656,1228,Cristian Moreno,M30-34,112,Open,Colombia,35:36,,2:49:13,,1:32:43,5:03:47
657,4542,Alexandra Watt-Shannon,F30-34,9,Female,United States,31:21,,2:50:23,,1:34:54,5:03:48
658,1238,Peter Carpenter,M30-34,113,Open,United States,33:48,,2:42:33,,1:41:15,5:03:49
659,1468,Austin Davis,M30-34,114,Open,United States,34:00,,2:43:49,,1:38:27,5:03:52
660,5172,Caroline Finkbeiner,F25-29,12,Female,United States,25:39,,2:48:09,,1:43:34,5:03:54
661,208,Brian Taylor,M40-44,137,Open,United States,37:08,,2:41:03,,1:37:34,5:03:55
662,2475,David Mccurdy,M18-24,47,Open,United States,29:19,,2:39:40,,1:48:47,5:03:57
663,2461,Gerardo Lozada Torres,M18-24,48,Open,Mexico,33:51,,2:49:43,,1:35:01,5:03:59
664,2578,Ahmed Iraky,M45-49,38,Open,Egypt,35:17,,2:50:39,,1:31:58,5:04:01
665,278,Julian Higuera Pinilla,M40-44,138,Open,Colombia,41:44,,2:36:50,,1:39:01,5:04:01
666,1630,Lawrence Gray,M55-59,5,Open,United States,37:07,,2:47:14,,1:32:12,5:04:02
667,577,Mark Gannon,M40-44,139,Open,United Kingdom,36:56,,2:36:41,,1:43:33,5:04:18
668,1220,Adam Alexander,M30-34,115,Open,United States,34:15,,2:45:00,,1:39:47,5:04:23
669,1290,Robert Langer,M30-34,116,Open,United States,33:23,,2:41:01,,1:44:53,5:04:23
670,591,Brock Fay,M40-44,140,Open,United States,37:58,,2:33:51,,1:43:40,5:04:25
671,2607,Sean Madigan,M45-49,39,Open,United States,26:35,,2:51:00,,1:41:02,5:04:29
672,1415,Mike Anello,M30-34,117,Open,United States,32:55,,2:54:03,,1:31:22,5:04:32
673,594,Tim Doyle,M40-44,141,Open,United States,48:42,,2:37:01,,1:32:19,5:04:40
674,4461,Amy Corrigan,F35-39,6,Female,United States,41:57,,2:41:17,,1:34:36,5:04:43
675,2115,Peter Acs,M50-54,18,Open,United States,29:33,,2:49:06,,1:38:10,5:04:43
676,277,Alexander Fedyushkin,M40-44,142,Open,Russian Federation,48:32,,2:40:23,,1:29:46,5:04:48
677,2031,Brad Rollins,M50-54,19,Open,United States,32:08,,2:42:42,,1:43:11,5:04:56
678,2087,Bryan Dunn,M50-54,20,Open,United States,34:08,,2:39:28,,1:42:51,5:05:00
679,1311,Matthew Delmonte,M30-34,118,Open,United States,33:13,,2:52:27,,1:32:12,5:05:02
680,601,Gavin Dunne,M40-44,143,Open,Ireland,42:21,,2:36:38,,1:39:04,5:05:03
681,1213,Robert Taylor,M30-34,119,Open,United States,39:47,,2:42:41,,1:34:53,5:05:03
682,481,Paul Riddle,M40-44,144,Open,United States,33:57,,2:31:29,,1:52:39,5:05:05
683,4365,Ana Maria Ybarra Corcuera,F35-39,7,Female,Mexico,39:07,,2:41:16,,1:37:41,5:05:06
684,733,Luke Mcmunigal,M35-39,119,Open,United States,33:39,,2:45:54,,1:35:40,5:05:15
685,2898,Brian Miller,M45-49,40,Open,United States,28:43,,2:44:37,,1:45:14,5:05:17
686,4591,Jamie Chapman,F30-34,10,Female,United States,32:00,,2:50:28,,1:36:55,5:05:25
687,259,Mike Newman,M40-44,145,Open,United States,39:50,,2:29:42,,1:47:26,5:05:25
688,4292,Tara Mcwilliams,F35-39,8,Female,United States,27:54,,2:52:05,,1:39:35,5:05:30
689,1252,Tyler Murray,M30-34,120,Open,United States,38:07,,2:50:33,,1:30:29,5:05:32
690,2026,Rafael Sanchez Nazariega,M50-54,21,Open,Mexico,39:24,,2:42:06,,1:37:48,5:05:32
691,5127,Rachael Tatko,F25-29,13,Female,United States,33:37,,2:50:07,,1:34:26,5:05:35
692,2106,Jim Burke,M50-54,22,Open,United States,35:56,,2:41:16,,1:38:21,5:05:40
693,1443,Kevin Beades,M30-34,121,Open,Ireland,35:39,,2:49:54,,1:34:40,5:05:41
694,966,Tom Dillard,M35-39,120,Open,United States,37:24,,2:41:52,,1:38:49,5:05:44
695,4438,Jennifer Santoyo,F35-39,9,Female,Puerto Rico,32:21,,2:41:40,,1:44:51,5:05:58
696,2319,Logan Teal,M25-29,92,Open,United States,27:01,,2:48:11,,1:43:35,5:06:09
697,2291,Joshua Korn,M25-29,93,Open,United States,37:51,,2:53:52,,1:26:37,5:06:09
698,5218,Elizabeth Heinbach,F25-29,14,Female,United States,28:03,,2:54:28,,1:36:28,5:06:11
699,293,Bentley Walker,M40-44,146,Open,United States,30:04,,2:40:52,,1:47:33,5:06:14
700,769,Brett Vancise,M35-39,121,Open,Canada,41:12,,2:41:10,,1:36:38,5:06:16
701,4317,Margaret Denton,F35-39,10,Female,United States,39:36,,2:38:55,,1:40:19,5:06:18
702,1060,Kevin Shaw,M35-39,122,Open,United States,37:50,,2:49:41,,1:32:13,5:06:19
703,863,Fabien Anne,M35-39,123,Open,France,35:55,,2:41:17,,1:42:23,5:06:21
704,385,Ernesto Aramburu,M40-44,147,Open,Chile,36:47,,2:42:06,,1:41:20,5:06:21
705,1726,Darren De Reuck,M55-59,6,Open,United States,39:03,,2:46:07,,1:33:26,5:06:23
706,1641,Steve Moore,M55-59,7,Open,United States,39:07,,2:39:43,,1:39:32,5:06:23
707,2489,Logan Webb,M18-24,49,Open,United States,34:45,,2:48:23,,1:37:49,5:06:26
708,2534,Bradley Pierce,M18-24,50,Open,United States,34:01,,2:44:55,,1:40:26,5:06:28
709,1248,Travis Decker,M30-34,122,Open,United States,30:14,,2:49:22,,1:40:12,5:06:28
710,2537,Colton Sorrells,M18-24,51,Open,United States,38:03,,2:48:11,,1:34:16,5:06:33
711,968,Russell Ericksen,M35-39,124,Open,United States,37:48,,2:44:42,,1:37:58,5:06:33
712,2214,Bryce Burchi,M25-29,94,Open,United States,29:06,,2:44:28,,1:45:07,5:06:34
713,2357,Roman Bravo,M25-29,95,Open,Ecuador,30:56,,2:41:28,,1:45:11,5:06:42
714,919,Gregory Lopez,M35-39,125,Open,United States,36:41,,2:44:12,,1:37:08,5:06:43
715,2421,Nicolas Cypro,M25-29,96,Open,United States,32:04,,2:51:18,,1:36:36,5:06:47
716,2757,Graeme Kenny,M45-49,41,Open,United Kingdom,32:40,,2:43:18,,1:43:10,5:06:47
717,4632,Lindsey KNAST,F30-34,11,Female,United States,35:26,,2:46:59,,1:36:45,5:06:49
718,2516,Sergio Lopez Ramirez,M18-24,52,Open,Mexico,37:31,,2:45:08,,1:36:41,5:06:52
719,5228,Andrea Madrid,F25-29,15,Female,Colombia,35:20,,2:37:04,,1:44:58,5:06:56
720,889,Jorge Marín Cano,M35-39,126,Open,Colombia,35:54,,2:49:22,,1:35:03,5:06:57
721,1634,Andrew Swanson,M55-59,8,Open,United States,33:14,,2:48:03,,1:39:18,5:07:02
722,1485,Manuel Alexandre Alonso Muras,M30-34,123,Open,Spain,37:49,,2:48:02,,1:32:41,5:07:02
723,1010,Ronan Foucher,M35-39,127,Open,France,39:11,,2:37:32,,1:42:31,5:07:05
724,1466,Christian Sande,M30-34,124,Open,United States,34:13,,2:38:51,,1:47:50,5:07:12
725,973,Philipp Naegele,M35-39,128,Open,Germany,46:05,,2:45:48,,1:28:12,5:07:13
726,1792,Andres Torres,M55-59,9,Open,Colombia,32:12,,2:39:07,,1:47:42,5:07:13
727,586,Jon Booth,M40-44,148,Open,United States,39:27,,2:27:46,,1:52:11,5:07:21
728,2429,Alexander O'Neill,M25-29,97,Open,United States,40:53,,2:43:39,,1:36:35,5:07:33
729,876,Steve Doinidis,M35-39,129,Open,United States,36:25,,2:38:33,,1:46:40,5:07:34
730,5091,Diana Hassel,F50-54,3,Female,United States,33:35,,2:39:28,,1:45:51,5:07:43
731,993,Chadley James,M35-39,130,Open,South Africa,35:35,,2:43:09,,1:40:28,5:07:43
732,880,John Lee,M35-39,131,Open,United States,35:26,,2:46:01,,1:39:27,5:07:44
733,420,Jon Nash,M40-44,149,Open,United States,36:11,,2:42:49,,1:42:03,5:07:44
734,479,Vincent Jiménez,M40-44,150,Open,Spain,38:11,,2:36:29,,1:45:45,5:07:45
735,1481,Xavier Gallardo,M30-34,125,Open,Mexico,33:23,,2:42:46,,1:44:11,5:07:46
736,524,Keith Evans,M40-44,151,Open,United States,36:41,,2:43:07,,1:40:36,5:07:50
737,759,Emmanuel Lopez,M35-39,132,Open,United States,40:47,,2:53:08,,1:25:43,5:07:52
738,4700,Brittaney Talbot,F30-34,12,Female,United States,34:38,,2:50:40,,1:36:44,5:07:52
739,2706,Jefin Perez,M45-49,42,Open,Venezuela,29:20,,2:49:20,,1:43:15,5:07:53
740,795,Edwin Gerardo Mendoza,M35-39,133,Open,Mexico,41:57,,2:43:35,,1:34:16,5:07:54
741,220,Peter Zimeri,M40-44,152,Open,Guatemala,32:30,,2:50:33,,1:38:27,5:07:55
742,1939,Walter Takano,M50-54,23,Open,Peru,33:10,,2:53:23,,1:34:12,5:07:57
743,2815,Krzysztof Spyra,M45-49,43,Open,Poland,27:10,,2:40:04,,1:53:30,5:08:02
744,1215,Youssef Sebban,M30-34,126,Open,Morocco,36:30,,2:47:55,,1:36:47,5:08:03
745,2422,Jose Canela,M25-29,98,Open,Mexico,34:10,,2:41:32,,1:44:48,5:08:17
746,1732,Manuel Sanchez,M55-59,10,Open,United States,32:38,,2:43:34,,1:42:36,5:08:20
747,2130,Silvio Guerra,M50-54,24,Open,Ecuador,42:58,,2:52:41,,1:25:12,5:08:20
748,4465,Karel Sumbal,F35-39,11,Female,United States,30:29,,2:47:19,,1:43:31,5:08:24
749,701,Evan Lardinois,M35-39,134,Open,United States,37:07,,2:33:32,,1:50:51,5:08:26
750,4534,Nicole Malpezzi,F30-34,13,Female,Italy,35:05,,2:51:15,,1:37:11,5:08:28
751,1699,John Crino,M55-59,11,Open,United States,39:38,,2:42:35,,1:40:53,5:08:30
752,2485,Benito Lozada Torres,M18-24,53,Open,Mexico,31:37,,2:46:42,,1:44:49,5:08:34
753,2775,Andrew Castaldi,M45-49,44,Open,United States,38:48,,2:48:39,,1:31:06,5:08:35
754,410,Radek Jakubowski,M40-44,153,Open,United States,36:25,,2:35:18,,1:49:02,5:08:35
755,1748,Barry Edwards,M55-59,12,Open,United States,32:04,,2:46:09,,1:43:12,5:08:35
756,4967,Megan James,F50-54,4,Female,United States,30:09,,2:46:50,,1:45:41,5:08:35
757,929,Benjamin Miller,M35-39,135,Open,United States,37:25,,2:45:18,,1:40:29,5:08:38
758,2919,Sean Torr,M45-49,45,Open,United States,33:15,,2:53:27,,1:34:43,5:08:43
759,2967,Eric Wayman,M25-29,99,Open,United States,34:38,,2:44:19,,1:43:46,5:08:44
760,423,Matt Shealer,M40-44,154,Open,United States,33:47,,2:37:59,,1:49:50,5:08:48
761,571,Matthew Vella,M40-44,155,Open,United States,36:07,,2:39:38,,1:46:22,5:08:55
762,998,Eric Fahsl,M35-39,136,Open,United States,38:41,,2:45:31,,1:38:06,5:08:55
763,2656,Alejandro Casanova Gonzalez,M45-49,46,Open,Chile,34:22,,2:47:41,,1:35:15,5:08:58
764,1864,Darrell Legault,M50-54,25,Open,United States,39:01,,2:48:01,,1:35:57,5:08:59
765,4668,Ana Karina Orellana,F30-34,14,Female,Mexico,36:49,,2:48:54,,1:35:45,5:08:59
766,4653,Laura Heckroth,F30-34,15,Female,United States,29:02,,2:47:12,,1:45:58,5:09:00
767,1670,Kraig Schmottlach,M55-59,13,Open,United States,42:23,,2:46:16,,1:32:58,5:09:13
768,1434,Joshua Gordon,M30-34,127,Open,United States,36:36,,2:47:13,,1:38:13,5:09:15
769,2407,Yannick Schori,M25-29,100,Open,Switzerland,38:27,,2:43:37,,1:40:43,5:09:15
770,1467,Scott Schemmel,M30-34,128,Open,United States,32:50,,2:41:30,,1:46:23,5:09:18
771,1242,Drake Austin,M30-34,129,Open,United States,35:09,,2:43:34,,1:44:01,5:09:20
772,1965,Alejandro Cristiani,M50-54,26,Open,El Salvador,30:28,,2:49:10,,1:42:49,5:09:21
773,1969,Chad Albright,M50-54,27,Open,United States,39:14,,2:43:27,,1:39:51,5:09:21
774,2151,Jeff Sankoff,M50-54,28,Open,Canada,36:17,,2:45:22,,1:40:37,5:09:29
775,1742,Mark Dooley,M55-59,14,Open,United States,34:49,,2:48:40,,1:39:01,5:09:31
776,911,Michael Lamps,M35-39,137,Open,United States,29:13,,2:41:01,,1:50:01,5:09:33
777,2626,Axel Miguez,M45-49,47,Open,Argentina,37:26,,2:45:56,,1:38:11,5:09:37
778,2024,Todd Rau,M50-54,29,Open,United States,35:59,,2:47:56,,1:37:49,5:09:42
779,532,Fernando Ornelas,M40-44,156,Open,United States,41:26,,2:37:26,,1:41:30,5:09:49
780,4015,Eugenia Zuluaga,F40-44,5,Female,Colombia,32:11,,2:49:27,,1:41:49,5:09:50
781,2441,Doorgal Andrada,M25-29,101,Open,Brazil,31:55,,2:39:27,,1:52:26,5:09:52
782,2727,Alejandro Pulido Aponte,M45-49,48,Open,Colombia,34:46,,2:51:08,,1:37:38,5:10:03
783,4347,Jenny Stoner,F35-39,12,Female,United States,37:36,,2:41:52,,1:43:31,5:10:04
784,2743,Kirk Gilligan,M45-49,49,Open,United States,39:50,,2:33:14,,1:49:01,5:10:06
785,2683,Mark Evans,M45-49,50,Open,United States,36:11,,2:46:04,,1:39:16,5:10:07
786,1494,Kyle Welch,M60-64,2,Open,United States,30:44,,2:51:58,,1:40:36,5:10:08
787,415,Jeff Lear,M40-44,157,Open,United States,41:41,,2:39:22,,1:42:44,5:10:12
788,2231,Ian Lloyd,M25-29,102,Open,United States,27:06,,2:37:41,,1:56:19,5:10:12
789,1900,Emmanuel Darne,M50-54,30,Open,France,38:46,,2:45:00,,1:38:19,5:10:15
790,2603,Jim Hall,M45-49,51,Open,United States,39:16,,2:46:08,,1:36:26,5:10:16
791,1750,Michel Brouillet,M55-59,15,Open,Canada,34:38,,2:45:38,,1:42:49,5:10:16
792,624,Erik Makowsky,M40-44,158,Open,United States,29:48,,2:46:58,,1:45:31,5:10:18
793,2232,Scott Catto,M25-29,103,Open,United Kingdom,34:43,,2:44:26,,1:45:01,5:10:18
794,334,Aaron Jensen,M40-44,159,Open,United States,38:21,,2:40:11,,1:44:58,5:10:23
795,417,Bryan Loeffler,M40-44,160,Open,United States,40:20,,2:44:24,,1:38:09,5:10:23
796,1212,Keith Kotar,M30-34,130,Open,United States,36:23,,2:51:58,,1:36:40,5:10:24
797,2663,Andrey Savelyev,M45-49,52,Open,Russian Federation,36:04,,2:43:52,,1:43:16,5:10:26
798,367,Chris Harris,M40-44,161,Open,United States,39:51,,2:39:52,,1:42:32,5:10:28
799,912,Jeffrey Kinlan,M35-39,138,Open,United States,35:58,,2:47:27,,1:38:50,5:10:29
800,440,Adam Peacock,M40-44,162,Open,United States,38:13,,2:35:49,,1:49:04,5:10:31
801,4901,Colleen Dereuck,F55-59,1,Female,United States,35:00,,2:54:25,,1:34:23,5:10:33
802,1426,Andrew Sidor,M30-34,131,Open,United States,34:31,,2:36:35,,1:52:47,5:10:34
803,487,Ryan Ellis,M40-44,163,Open,United States,39:20,,2:44:27,,1:39:34,5:10:35
804,2462,Trevor Lanigan,M18-24,54,Open,United States,35:45,,2:46:30,,1:41:33,5:10:37
805,328,Dan Whitney,M40-44,164,Open,United States,36:29,,2:34:51,,1:51:41,5:10:40
806,868,Diego Ruiz,M35-39,139,Open,Colombia,33:32,,2:39:12,,1:49:44,5:10:44
807,2454,Joshua Alexander Ramos,M18-24,55,Open,Philippines,27:31,,2:47:25,,1:48:54,5:10:46
808,2745,Adam Krommenhoek,M45-49,53,Open,United States,36:08,,2:44:13,,1:42:25,5:10:54
809,1062,Zach Shore,M35-39,140,Open,United States,39:02,,2:46:07,,1:37:53,5:10:57
810,2293,Rodrigo Marujo Grabowsky,M25-29,104,Open,United States,35:57,,2:47:15,,1:38:58,5:10:58
811,560,Bill Houser,M40-44,165,Open,United States,31:03,,2:38:07,,1:55:19,5:10:59
812,564,Robert Rehkemper,M40-44,166,Open,United States,37:02,,2:42:26,,1:45:06,5:11:01
813,4551,Amanda Marek,F30-34,16,Female,United States,31:12,,2:51:07,,1:42:07,5:11:01
814,4623,Kayla Bowker,F30-34,17,Female,United States,33:21,,2:51:33,,1:40:14,5:11:03
815,1043,Daniel Koch,M35-39,141,Open,United States,36:58,,2:41:44,,1:45:54,5:11:03
816,2037,Glenn Olsen,M50-54,31,Open,United States,35:33,,2:30:12,,1:55:03,5:11:05
817,2398,Nikolay Makhnenko,M25-29,105,Open,Russian Federation,36:17,,2:48:24,,1:38:58,5:11:06
818,1195,John Fabricio Palma Paladines,M30-34,132,Open,Ecuador,44:55,,2:34:26,,1:45:00,5:11:06
819,2366,Ryan Rojeski,M25-29,106,Open,United States,37:22,,2:56:35,,1:30:58,5:11:07
820,4681,Lisa Holt,F30-34,18,Female,United States,36:47,,2:44:50,,1:42:28,5:11:08
821,409,Ben Guevara,M40-44,167,Open,United States,33:40,,2:39:08,,1:51:12,5:11:09
822,2047,Michael Rushton,M50-54,32,Open,United States,37:31,,2:31:33,,1:57:02,5:11:09
823,2033,Luis Sanz,M50-54,33,Open,Venezuela,36:39,,2:50:40,,1:36:42,5:11:09
824,2079,Scott Callahan,M50-54,34,Open,United States,35:10,,2:50:22,,1:38:33,5:11:14
825,1414,Guilherme Goncalves,M30-34,133,Open,Portugal,39:47,,2:42:00,,1:42:47,5:11:16
826,1887,Shawn Bernardi,M50-54,35,Open,United States,36:06,,2:49:20,,1:36:37,5:11:21
827,1979,Patrick Ellison,M50-54,36,Open,United States,34:19,,2:44:05,,1:44:32,5:11:23
828,498,Jeremiah Duggan,M40-44,168,Open,United States,39:34,,2:39:43,,1:45:42,5:11:31
829,890,Jason Brown,M35-39,142,Open,United States,37:53,,2:46:20,,1:40:24,5:11:32
830,1155,Matthew Roberts,M30-34,134,Open,United States,36:00,,2:45:56,,1:39:21,5:11:37
831,1269,Juan Manuel Prado Villafrade,M30-34,135,Open,Colombia,42:18,,2:40:13,,1:42:55,5:11:39
832,2465,Sean Santoni,M18-24,56,Open,United States,25:44,,2:39:32,,2:00:19,5:11:40
833,2206,Jeremie Toutant,M25-29,107,Open,Canada,29:07,,2:40:48,,1:55:18,5:11:41
834,982,Bastien Carel,M35-39,143,Open,France,35:38,,2:41:55,,1:47:05,5:11:42
835,2360,Anka Tezcan,M25-29,108,Open,United States,33:16,,2:54:18,,1:37:41,5:11:44
836,2177,John Potter,M50-54,37,Open,United States,35:48,,2:39:37,,1:50:36,5:11:47
837,764,David Zamora,M35-39,144,Open,Ecuador,37:06,,2:38:08,,1:47:58,5:11:50
838,2314,William Harr,M25-29,109,Open,United States,37:45,,2:42:06,,1:45:16,5:11:51
839,2726,Andrey Antipinskiy,M45-49,54,Open,Russian Federation,41:50,,2:54:20,,1:29:08,5:11:52
840,2341,Isaac Blackman,M25-29,110,Open,United States,32:12,,2:54:40,,1:39:26,5:11:54
841,416,Grzegorz Skrzypczak,M40-44,169,Open,Poland,37:20,,2:39:44,,1:48:11,5:11:55
842,1944,Nathan Lawyer,M50-54,38,Open,United States,36:13,,2:50:02,,1:37:06,5:11:56
843,1045,Ovidio Villatoro,M35-39,145,Open,El Salvador,37:00,,2:46:54,,1:39:53,5:11:57
844,1885,Robert Chatterton,M50-54,39,Open,United Kingdom,37:23,,2:45:40,,1:42:19,5:11:59
845,2460,Landon Legrand,M18-24,57,Open,United States,31:34,,2:55:43,,1:36:44,5:12:00
846,2763,Michael Resvanis,M45-49,55,Open,United States,36:47,,2:50:30,,1:38:27,5:12:00
847,4346,Jenni Paglia,F35-39,13,Female,Italy,34:25,,2:50:11,,1:40:14,5:12:03
848,296,Jason Leake,M40-44,170,Open,United States,37:13,,2:29:46,,1:57:06,5:12:03
849,1451,Geovanny Alejandro Porras Hernandez,M30-34,136,Open,Mexico,40:05,,2:38:09,,1:43:20,5:12:04
850,2952,Ken Collins,M50-54,40,Open,United States,34:59,,2:45:50,,1:44:00,5:12:05
851,237,Anibal Delgado,M40-44,171,Open,Venezuela,40:12,,2:43:10,,1:40:13,5:12:06
852,393,Travis Thompson,M40-44,172,Open,United States,37:18,,2:45:50,,1:40:02,5:12:09
853,584,Richard Mullen,M40-44,173,Open,South Africa,36:17,,2:45:09,,1:42:37,5:12:10
854,718,Tyler Anderson,M35-39,146,Open,United States,34:45,,2:46:46,,1:42:41,5:12:10
855,4707,Camellia Hill,F30-34,19,Female,Canada,39:41,,2:47:50,,1:38:23,5:12:11
856,2418,Colin Cook,M25-29,111,Open,United States,34:47,,2:35:59,,1:53:52,5:12:12
857,1387,Alan Brandt,M30-34,137,Open,United States,38:49,,2:41:43,,1:44:30,5:12:12
858,438,Geoffrey Woodman,M40-44,174,Open,United States,36:05,,2:43:40,,1:42:55,5:12:13
859,2437,Bruno Artacho,M25-29,112,Open,Italy,29:30,,2:51:31,,1:42:50,5:12:16
860,2896,Renaud Cormier,M45-49,56,Open,France,33:44,,2:44:15,,1:46:38,5:12:17
861,2821,Bj Gumkowski,M45-49,57,Open,United States,35:40,,2:47:20,,1:39:22,5:12:18
862,1317,Ty Ziniel,M30-34,138,Open,United States,32:30,,2:41:07,,1:52:00,5:12:19
863,4685,Laura Mantilla,F30-34,20,Female,Colombia,34:58,,2:50:28,,1:38:20,5:12:23
864,4683,Shylah Andrews,F30-34,21,Female,United States,37:05,,2:46:20,,1:42:42,5:12:25
865,266,David Tatum,M40-44,175,Open,United States,32:46,,2:42:50,,1:49:45,5:12:32
866,4291,Lena Schulze,F35-39,14,Female,Germany,34:17,,2:47:25,,1:44:57,5:12:33
867,1478,Guillaume Roesz,M30-34,139,Open,France,37:25,,2:50:18,,1:38:54,5:12:35
868,788,Matthew Mcmillian,M35-39,147,Open,United States,34:50,,2:51:33,,1:36:41,5:12:36
869,4249,Ashley Couper,F40-44,6,Female,Bermuda,34:38,,2:54:06,,1:37:43,5:12:40
870,2887,Eddie Fishman,M45-49,58,Open,United States,34:21,,2:49:49,,1:41:34,5:12:41
871,5221,Jenna Haufler,F25-29,16,Female,United States,28:25,,2:46:42,,1:50:51,5:12:41
872,4323,Olena Zhushman,F35-39,15,Female,Ukraine,38:50,,2:51:32,,1:35:46,5:12:45
873,2020,Rick Bolin,M50-54,41,Open,United States,36:39,,2:46:45,,1:42:40,5:12:50
874,910,Zane Taylor,M35-39,148,Open,United States,40:30,,2:44:27,,1:40:22,5:12:50
875,4366,Meghan Grant,F35-39,16,Female,United States,31:46,,2:55:24,,1:37:53,5:12:51
876,2791,Marc Ritter,M45-49,59,Open,United States,32:23,,2:51:28,,1:40:57,5:12:52
877,750,Tyrel Stout,M35-39,149,Open,United States,43:19,,2:44:09,,1:37:41,5:12:57
878,2328,Wade Pingel,M25-29,113,Open,United States,36:17,,2:55:15,,1:33:26,5:13:08
879,1063,Tom Fleck,M35-39,150,Open,United States,42:46,,2:33:48,,1:48:59,5:13:11
880,2798,Josh Deakin,M45-49,60,Open,United States,37:19,,2:51:06,,1:38:29,5:13:12
881,4619,Maricarmen Farias,F30-34,22,Female,Mexico,35:38,,2:43:04,,1:48:15,5:13:15
882,1165,William Lagreca,M30-34,140,Open,United States,42:52,,2:44:24,,1:38:58,5:13:22
883,711,Jaromir Szurlej,M35-39,151,Open,Poland,42:36,,2:46:19,,1:37:28,5:13:23
884,1496,Eric Long,M60-64,3,Open,United States,37:35,,2:40:56,,1:47:48,5:13:25
885,1180,Kasey Coleman,M30-34,141,Open,United States,42:07,,2:46:02,,1:37:53,5:13:25
886,870,Joe Allen,M35-39,152,Open,United States,43:25,,2:39:15,,1:42:04,5:13:27
887,1259,Billy Volchko,M30-34,142,Open,United States,37:22,,2:38:09,,1:51:16,5:13:28
888,972,Jonathan Rick,M35-39,153,Open,United States,35:05,,2:50:21,,1:41:17,5:13:29
889,2266,Renzo Bordoni,M25-29,114,Open,Argentina,32:32,,2:46:49,,1:47:53,5:13:29
890,1470,Michael Donahue,M30-34,143,Open,United States,33:34,,2:53:47,,1:38:32,5:13:34
891,5284,Andrea Garcia Sainz,F18-24,5,Female,Mexico,38:56,,2:54:48,,1:33:01,5:13:36
892,1059,Ryan Morrison,M35-39,154,Open,United States,31:40,,2:46:33,,1:45:44,5:13:37
893,1335,Jeremy Kalmus,M30-34,144,Open,United States,30:42,,3:02:48,,1:33:01,5:13:38
894,1712,Daniel Brewer,M55-59,16,Open,United States,41:02,,2:42:40,,1:43:36,5:13:45
895,2609,Eric Wheeler,M45-49,61,Open,United States,40:05,,2:50:15,,1:35:00,5:13:47
896,2550,Matthew Siedle,M18-24,58,Open,South Africa,33:57,,2:51:19,,1:40:11,5:13:50
897,1202,Rodrigo González,M30-34,145,Open,Chile,31:29,,2:56:31,,1:38:52,5:13:51
898,2696,Paulo Hoenisch,M45-49,62,Open,Brazil,33:45,,2:50:40,,1:42:22,5:13:52
899,443,Victor Canez,M40-44,176,Open,United States,38:14,,2:41:18,,1:44:49,5:13:54
900,1695,Darrin Rohr,M55-59,17,Open,United States,32:57,,2:40:13,,1:52:17,5:13:56
901,4545,Andrea Gableman,F30-34,23,Female,United States,33:05,,2:59:31,,1:35:27,5:13:56
902,512,Brent Fiegel,M40-44,177,Open,United States,38:30,,2:45:04,,1:42:16,5:13:56
903,2270,Sean Robison,M25-29,115,Open,United States,35:24,,2:58:22,,1:32:03,5:13:57
904,706,Devon Stewart,M35-39,155,Open,United States,38:27,,2:44:43,,1:41:44,5:13:57
905,715,Jeremy Hodges,M35-39,156,Open,United States,43:15,,2:37:09,,1:46:09,5:13:59
906,2747,Shawn Oshea,M45-49,63,Open,United States,32:56,,2:48:21,,1:45:55,5:14:04
907,1459,Michal Bal,M30-34,146,Open,United States,34:17,,2:44:59,,1:48:20,5:14:06
908,2567,Glenn Merkel,M45-49,64,Open,United States,34:59,,2:40:35,,1:48:45,5:14:07
909,4697,URSULA LEGARIA,F30-34,24,Female,Mexico,36:54,,2:50:58,,1:38:09,5:14:07
910,5189,Stephanie Doyon,F25-29,17,Female,Canada,32:17,,2:54:22,,1:41:13,5:14:09
911,239,Duane Graham,M40-44,178,Open,United States,38:23,,2:29:01,,1:51:27,5:14:13
912,1866,Anthony Renda,M50-54,42,Open,United States,36:30,,2:48:13,,1:41:56,5:14:13
913,1991,Marco Wiedenhofer,M50-54,43,Open,Germany,36:13,,2:47:13,,1:44:35,5:14:15
914,814,Conor Doyle,M35-39,157,Open,United States,34:05,,2:43:30,,1:48:06,5:14:15
915,937,Sari Alhammadi,M35-39,158,Open,United Arab Emirates,40:05,,2:48:57,,1:34:41,5:14:16
916,1181,Jonathon Muncie,M30-34,147,Open,United States,39:36,,2:52:45,,1:34:55,5:14:16
917,2741,Joaquin Neira,M45-49,65,Open,Argentina,40:11,,2:45:49,,1:40:52,5:14:21
918,5303,Jenna Campbell,F18-24,6,Female,United States,26:28,,2:52:18,,1:49:25,5:14:22
919,1978,Chris Roy,M50-54,44,Open,United States,29:09,,2:41:56,,1:56:28,5:14:23
920,5235,Cindy Cortes,F25-29,18,Female,Costa Rica,39:26,,2:41:21,,1:47:15,5:14:23
921,1237,Ryan Foley,M30-34,148,Open,United States,42:16,,2:49:39,,1:33:31,5:14:24
922,4109,Molly Smith,F40-44,7,Female,United States,38:00,,2:53:48,,1:36:49,5:14:28
923,346,Lourival Silva,M40-44,179,Open,Brazil,42:56,,2:45:33,,1:39:55,5:14:31
924,2786,Jonathan Pesansky,M45-49,66,Open,United States,28:56,,2:53:32,,1:41:25,5:14:31
925,502,Jerry Lee,M40-44,180,Open,United States,35:36,,2:44:03,,1:49:07,5:14:32
926,1049,Jason Henriksen,M35-39,159,Open,United States,34:07,,2:48:59,,1:43:20,5:14:39
927,1652,Larry Brede,M55-59,18,Open,United States,31:27,,2:52:02,,1:44:49,5:14:42
928,2509,Matthew Snell,M18-24,59,Open,United States,38:54,,2:46:35,,1:40:09,5:14:43
929,5308,Isabela Alvarez Rojo,F18-24,7,Female,Mexico,33:41,,2:49:26,,1:42:56,5:14:44
930,1393,Michael Rosato,M30-34,149,Open,United States,32:45,,2:48:21,,1:45:33,5:14:46
931,4686,Caitlin Alexander,F30-34,25,Female,United States,33:38,,2:47:29,,1:46:53,5:14:47
932,2267,Jeffrey Letsinger,M25-29,116,Open,United States,39:18,,2:51:59,,1:35:21,5:14:50
933,933,Simon Logan,M35-39,160,Open,Ireland,43:13,,2:41:15,,1:43:42,5:14:51
934,485,Andrew Eichelberger,M40-44,181,Open,United States,44:49,,2:34:45,,1:46:59,5:14:51
935,1899,Vaughn Rightley,M50-54,45,Open,United States,35:48,,2:53:32,,1:37:11,5:14:54
936,2766,Mike Buenting,M45-49,67,Open,United States,35:34,,3:00:49,,1:31:37,5:14:55
937,213,Greg Chaganos,M40-44,182,Open,United States,38:28,,2:49:24,,1:39:38,5:14:57
938,5306,Marina Smalling,F18-24,8,Female,United States,34:13,,2:47:12,,1:47:07,5:15:04
939,623,Jeff Blonsky,M40-44,183,Open,United States,39:11,,2:43:26,,1:43:22,5:15:04
940,2163,Eric Bertelsen,M50-54,46,Open,United States,34:54,,2:44:18,,1:48:26,5:15:05
941,2325,Luke Schields,M25-29,117,Open,United States,31:10,,2:51:04,,1:44:49,5:15:07
942,2021,Steven Bang,M50-54,47,Open,United States,33:51,,2:40:21,,1:54:04,5:15:10
943,2644,Andy Edwards,M45-49,68,Open,United Kingdom,30:37,,2:36:36,,2:02:35,5:15:10
944,1316,Michael Mansfield,M30-34,150,Open,United States,35:29,,2:47:31,,1:44:57,5:15:12
945,4360,Almudena Arrechea,F35-39,17,Female,Mexico,36:23,,2:45:29,,1:45:40,5:15:12
946,1487,Andy Grant,M30-34,151,Open,United States,33:08,,2:52:47,,1:42:51,5:15:15
947,488,Michael Krug,M40-44,184,Open,United States,39:02,,2:45:47,,1:42:25,5:15:17
948,702,Jeff Lisea,M35-39,161,Open,United States,36:23,,2:51:49,,1:39:50,5:15:18
949,4115,Susan Fanning,F40-44,8,Female,United States,30:59,,2:53:41,,1:44:02,5:15:21
950,1999,Thomas Knudsen,M50-54,48,Open,Denmark,29:35,,2:58:01,,1:40:27,5:15:21
951,282,Jerry Sancinito,M40-44,185,Open,United States,37:01,,2:53:04,,1:36:34,5:15:23
952,1511,Sean Richardson,M60-64,4,Open,United States,28:25,,2:54:38,,1:45:47,5:15:28
953,1036,David Garrisi,M35-39,162,Open,United States,34:39,,2:53:17,,1:41:19,5:15:29
954,1898,Sebastian Nordgren,M50-54,49,Open,United States,44:09,,2:44:26,,1:38:38,5:15:29
955,1156,Nicholas Ting,M30-34,152,Open,United States,39:00,,2:53:22,,1:36:37,5:15:32
956,473,Matt Plunkett,M40-44,186,Open,United States,38:24,,2:45:33,,1:44:26,5:15:32
957,1643,Jeff Brandenburg,M55-59,19,Open,United States,41:27,,2:37:59,,1:47:15,5:15:36
958,914,Joshua Shaw,M35-39,163,Open,United States,44:01,,2:42:52,,1:36:26,5:15:37
959,2600,Alvaro Velez,M45-49,69,Open,Colombia,28:08,,2:50:45,,1:49:37,5:15:38
960,2103,Mike Lockwood,M50-54,50,Open,United States,43:20,,2:45:42,,1:39:44,5:15:38
961,243,Andres Lizarralde,M40-44,187,Open,Colombia,38:02,,2:38:30,,1:52:30,5:15:40
962,930,Deepak Nagendra,M35-39,164,Open,United States,34:12,,2:56:17,,1:37:28,5:15:41
963,4036,Terri Rodzevik,F40-44,9,Female,United States,33:13,,2:50:39,,1:43:26,5:15:42
964,1229,Mohammad Shamsuzzaman,M30-34,153,Open,Bangladesh,36:08,,2:49:31,,1:41:26,5:15:43
965,5130,Justine Bluteau-Girard,F25-29,19,Female,Canada,30:09,,2:48:53,,1:51:31,5:15:43
966,727,Gustavo Ceballos,M35-39,165,Open,United States,49:19,,2:44:48,,1:34:47,5:15:45
967,4703,Chelsea Tiner,F30-34,26,Female,United States,30:57,,2:51:27,,1:45:24,5:15:46
968,235,Michael Fenton,M40-44,188,Open,Canada,37:16,,2:36:18,,1:54:43,5:15:52
969,1300,Beverd Randall King,M30-34,154,Open,United States,37:47,,2:43:39,,1:47:15,5:15:53
970,1383,Justin Schultes,M30-34,155,Open,United States,40:54,,2:44:38,,1:45:12,5:15:56
971,2570,Jose Miranda,M45-49,70,Open,Argentina,34:34,,2:46:15,,1:48:41,5:15:57
972,825,Eric Donahue,M35-39,166,Open,United States,39:40,,2:51:06,,1:39:07,5:15:58
973,4021,Heather Hamilton,F40-44,10,Female,United States,38:39,,2:46:19,,1:43:43,5:15:59
974,2313,Brian Suh,M25-29,118,Open,United States,40:49,,2:48:16,,1:40:26,5:16:01
975,2248,Eric Chuu,M25-29,119,Open,United States,38:17,,2:51:15,,1:39:03,5:16:01
976,735,Jeremy Cuebas,M35-39,167,Open,United States,29:18,,2:50:31,,1:47:38,5:16:06
977,1438,Matt Buongiorno,M30-34,156,Open,United States,38:46,,2:47:37,,1:42:16,5:16:10
978,2297,Carter Reid,M25-29,120,Open,United States,32:37,,2:53:27,,1:43:48,5:16:11
979,428,Matt Hayman,M40-44,189,Open,United States,39:30,,2:48:07,,1:41:10,5:16:11
980,2279,Matthew Burnett,M25-29,121,Open,United States,31:28,,2:46:24,,1:51:48,5:16:12
981,1480,Cory Hatton,M30-34,157,Open,United States,35:56,,2:46:04,,1:46:33,5:16:15
982,4252,Emily Rollins,F40-44,11,Female,United States,36:51,,2:54:47,,1:37:12,5:16:16
983,294,Jota Zabala,M40-44,190,Open,Guatemala,41:21,,2:39:52,,1:47:13,5:16:16
984,339,Joel Horning,M40-44,191,Open,United States,31:31,,2:38:27,,1:59:50,5:16:16
985,1399,Brett Blazer,M30-34,158,Open,United States,39:04,,2:56:51,,1:30:41,5:16:18
986,4541,Julia Rohracker,F30-34,27,Female,Germany,34:48,,2:53:58,,1:40:20,5:16:19
987,4529,Aurélie Mazat,F30-34,28,Female,France,33:57,,2:49:18,,1:47:07,5:16:22
988,1374,Travis Fitzgerald,M30-34,159,Open,United States,39:28,,2:48:29,,1:40:34,5:16:23
989,2800,Stelian Larga,M45-49,71,Open,Romania,41:59,,2:46:11,,1:41:01,5:16:23
990,494,Javier Carvallo,M40-44,192,Open,Mexico,40:00,,2:55:57,,1:32:40,5:16:26
991,5295,Macarena Barroso,F18-24,9,Female,Mexico,36:35,,2:50:55,,1:41:47,5:16:28
992,424,Brian Pellini,M40-44,193,Open,United States,33:59,,2:47:43,,1:47:21,5:16:32
993,2194,William Owsley,M50-54,51,Open,United States,34:21,,2:40:44,,1:52:46,5:16:33
994,726,Richard Cannon,M35-39,168,Open,United States,37:17,,2:50:25,,1:41:55,5:16:35
995,2690,Dzmitry Hatsko,M45-49,72,Open,Belarus,33:47,,2:48:46,,1:46:05,5:16:35
996,2839,Alvaro Sanchez,M45-49,73,Open,Bolivia,35:07,,2:43:23,,1:51:57,5:16:39
997,725,Eric Gabriel,M35-39,169,Open,United States,34:12,,2:51:59,,1:40:25,5:16:46
998,1933,Flavio De Simone,M50-54,52,Open,United States,44:26,,2:58:19,,1:27:28,5:16:48
999,2246,Nassim Ennabaoui,M25-29,122,Open,Canada,33:34,,2:49:27,,1:47:02,5:16:50
1000,2528,Christian Bosa,M18-24,60,Open,Canada,34:32,,2:48:21,,1:46:45,5:16:53
1001,1871,Jose Beltran,M50-54,53,Open,Mexico,37:31,,2:46:14,,1:46:23,5:16:53
1002,272,Jose Vaquedano,M40-44,194,Open,Honduras,45:30,,2:50:27,,1:33:33,5:16:59
1003,1279,Matthew Conners,M30-34,160,Open,United States,31:48,,2:52:59,,1:43:27,5:17:00
1004,240,Jordan Desilva,M40-44,195,Open,United States,35:21,,2:42:05,,1:51:11,5:17:02
1005,314,Dwayne Morein,M40-44,196,Open,United States,39:07,,2:43:45,,1:46:28,5:17:02
1006,4704,Anne Maher,F30-34,29,Female,United States,33:01,,3:05:35,,1:28:44,5:17:03
1007,1937,Brian Massey,M50-54,54,Open,United States,34:53,,2:48:31,,1:46:56,5:17:14
1008,400,Ryan Knowlton,M40-44,197,Open,United States,38:15,,2:39:24,,1:51:23,5:17:14
1009,497,Ernesto Quezada,M40-44,198,Open,United States,41:25,,2:43:37,,1:45:06,5:17:15
1010,4717,Katie deRegnier,F30-34,30,Female,United States,31:49,,2:57:33,,1:41:26,5:17:19
1011,568,Jerome Bareth,M40-44,199,Open,France,43:59,,2:42:26,,1:43:22,5:17:20
1012,4002,Cecilia Valdes,F40-44,12,Female,Chile,43:36,,2:49:47,,1:38:27,5:17:23
1013,4710,Mary Kathryn Bowman Choat,F30-34,31,Female,United States,32:55,,2:53:06,,1:42:41,5:17:24
1014,954,Patrick Lenhart,M35-39,170,Open,United States,38:20,,2:45:02,,1:47:41,5:17:25
1015,1262,Jeffrey Roberts,M30-34,161,Open,United States,32:22,,3:00:34,,1:37:45,5:17:26
1016,4018,Maria Fraga,F40-44,13,Female,Argentina,32:26,,3:00:35,,1:37:46,5:17:26
1017,2571,Pablo Berisso,M45-49,74,Open,Argentina,35:48,,2:56:56,,1:37:14,5:17:27
1018,5307,Marina Guzmán Hentschel,F18-24,10,Female,Mexico,30:08,,2:57:54,,1:42:52,5:17:30
1019,1814,Jerome Guionnet,M55-59,20,Open,United States,35:55,,2:43:43,,1:48:44,5:17:34
1020,2712,Dominik Issler,M45-49,75,Open,Switzerland,32:13,,2:51:34,,1:48:21,5:17:36
1021,4359,Lauren Vallee,F35-39,18,Female,United States,32:37,,2:49:13,,1:49:06,5:17:36
1022,493,Daniel Kirby,M40-44,200,Open,United States,42:09,,2:43:50,,1:43:50,5:17:39
1023,1354,Sergio Camacho Tovar,M30-34,162,Open,Colombia,35:34,,2:48:27,,1:46:15,5:17:39
1024,1418,Julien Belliot,M30-34,163,Open,France,31:49,,2:50:54,,1:47:30,5:17:40
1025,5253,Taylor Newgaard,F25-29,20,Female,United States,28:15,,2:52:25,,1:49:34,5:17:41
1026,533,Lelio Balarezo,M40-44,201,Open,Peru,38:46,,2:44:31,,1:46:29,5:17:49
1027,1152,Dennis Cook,M30-34,164,Open,United States,34:07,,2:48:30,,1:45:47,5:17:52
1028,537,Vit Kovarik,M40-44,202,Open,Czechia,34:21,,2:47:42,,1:48:18,5:17:53
1029,4949,Kiki Silver,F50-54,5,Female,United States,40:05,,2:46:19,,1:44:23,5:17:57
1030,4615,Laura Hermann,F30-34,32,Female,United States,35:11,,2:54:21,,1:40:30,5:17:57
1031,5351,Danielle Sullivan,F45-49,4,Female,United States,34:15,,2:57:30,,1:38:29,5:18:05
1032,4726,Maisha Seebeck,F30-34,33,Female,United States,32:48,,2:54:22,,1:44:14,5:18:05
1033,1698,Theodore Casterline,M55-59,21,Open,United States,33:09,,2:53:34,,1:40:06,5:18:06
1034,251,Justin Dugan,M40-44,203,Open,United States,38:28,,2:45:18,,1:44:56,5:18:08
1035,2835,Ed Shifflett,M45-49,76,Open,United States,35:00,,2:47:58,,1:46:41,5:18:08
1036,1727,Pasquale Romano,M55-59,22,Open,United States,44:32,,2:43:44,,1:43:49,5:18:08
1037,693,Alistair Kealty,M35-39,171,Open,Ireland,41:19,,3:01:11,,1:29:14,5:18:09
1038,1339,Nathan Cruse,M30-34,165,Open,United States,32:01,,2:48:46,,1:49:47,5:18:10
1039,2346,Adam Roeder,M25-29,123,Open,United States,37:22,,2:52:53,,1:40:36,5:18:10
1040,263,Kevin Sauer,M40-44,204,Open,United States,37:05,,2:46:34,,1:44:22,5:18:12
1041,2273,Alexander Jeffs,M25-29,124,Open,United States,36:33,,2:54:19,,1:38:40,5:18:13
1042,2549,Kellen Davis,M18-24,61,Open,United States,36:11,,2:48:28,,1:45:37,5:18:14
1043,4345,Désirée Huber,F35-39,19,Female,Switzerland,37:12,,2:53:11,,1:39:32,5:18:16
1044,1881,Christian Lenz-Cesar,M50-54,55,Open,Brazil,31:03,,2:51:12,,1:49:14,5:18:17
1045,1962,Marcus Chapman,M50-54,56,Open,United States,40:33,,2:46:33,,1:42:03,5:18:20
1046,444,Brendan Mcginn,M40-44,205,Open,United States,45:54,,2:50:09,,1:35:58,5:18:20
1047,2385,Erick Paredes,M25-29,125,Open,Ecuador,36:07,,2:56:11,,1:37:52,5:18:21
1048,742,Lucas Seebeck,M35-39,172,Open,United States,34:16,,2:48:55,,1:47:32,5:18:23
1049,1018,Rebecca Sills,M35-39,173,Open,United States,39:30,,2:34:58,,1:55:59,5:18:25
1050,4380,Lauren Lipsey,F35-39,20,Female,United States,34:01,,2:53:11,,1:44:11,5:18:26
1051,2517,Ian Erichsen,M18-24,62,Open,Guatemala,31:17,,2:52:03,,1:46:53,5:18:29
1052,4130,Hillary Schmitt,F40-44,14,Female,United States,37:25,,2:53:18,,1:40:29,5:18:32
1053,806,Ryan Carrion,M35-39,174,Open,United States,37:44,,2:52:43,,1:41:40,5:18:33
1054,2085,andrew hughes,M50-54,57,Open,Australia,30:50,,2:58:50,,1:42:44,5:18:40
1055,4580,Jennifer Poehler,F30-34,34,Female,United States,30:02,,2:59:07,,1:42:17,5:18:45
1056,2834,Spencer Hodnett,M45-49,77,Open,United States,29:23,,2:55:44,,1:47:02,5:18:46
1057,1861,Carlos Mora,M50-54,58,Open,Andorra,38:51,,2:52:30,,1:38:19,5:18:47
1058,705,Lowaldo Van Der Merwe,M35-39,175,Open,South Africa,36:04,,2:42:47,,1:53:43,5:18:52
1059,1833,Steven Galat,M55-59,23,Open,United States,35:04,,2:51:28,,1:45:01,5:18:54
1060,525,Matthieu Guilbert,M40-44,206,Open,United States,36:28,,2:42:30,,1:50:37,5:18:54
1061,1065,Philip Clark,M35-39,176,Open,United States,35:31,,2:53:45,,1:41:33,5:18:56
1062,5391,Renee Swinson,F45-49,5,Female,United States,39:38,,2:45:41,,1:47:12,5:18:56
1063,1950,Dominic Casey,M50-54,59,Open,Australia,42:37,,2:42:49,,1:45:38,5:18:59
1064,5177,Caroline Kaplan,F25-29,21,Female,United States,30:42,,2:58:35,,1:43:38,5:19:01
1065,1720,Mark Adams,M55-59,24,Open,United Kingdom,40:50,,2:49:11,,1:41:48,5:19:01
1066,2812,Hans Larsson,M45-49,78,Open,United States,40:56,,2:49:12,,1:42:33,5:19:10
1067,798,Andrew West,M35-39,177,Open,United States,37:12,,2:52:17,,1:42:12,5:19:11
1068,2738,Aaron Shapley,M45-49,79,Open,United States,26:34,,2:49:41,,1:54:41,5:19:12
1069,337,Shawn Lehmann,M40-44,207,Open,United States,40:46,,2:56:00,,1:35:09,5:19:12
1070,570,Paul Burger,M40-44,208,Open,South Africa,34:39,,2:36:02,,2:01:28,5:19:15
1071,1172,Teagan Miller,M30-34,166,Open,United States,33:56,,2:52:37,,1:46:09,5:19:19
1072,976,Matthew Davis,M35-39,178,Open,United States,44:33,,2:43:02,,1:42:40,5:19:33
1073,5154,Allyson Black,F25-29,22,Female,United States,33:55,,2:59:02,,1:39:55,5:19:35
1074,996,Travis Schlafke,M35-39,179,Open,United States,35:30,,2:48:09,,1:47:47,5:19:36
1075,1224,Troy Litchfield,M30-34,167,Open,United States,36:26,,2:49:45,,1:47:40,5:19:37
1076,221,Victor Manuel Lindoro Barretero,M40-44,209,Open,Mexico,40:33,,2:43:38,,1:47:31,5:19:38
1077,1910,Zach Barber,M50-54,60,Open,United States,37:03,,2:44:31,,1:49:08,5:19:41
1078,2415,Steven Galvao,M25-29,126,Open,United States,37:36,,2:46:21,,1:50:20,5:19:41
1079,1959,Patrick Sirois,M50-54,61,Open,Canada,31:43,,2:56:44,,1:43:51,5:19:41
1080,1903,Marcus Gage,M50-54,62,Open,United States,52:24,,2:43:05,,1:35:48,5:19:47
1081,1352,Zachary Danowit,M30-34,168,Open,United States,32:24,,2:50:59,,1:48:11,5:19:48
1082,1350,Daniel Murillo,M30-34,169,Open,Colombia,35:17,,2:50:20,,1:46:57,5:19:54
1083,1048,Grigoriy Bakalin,M35-39,180,Open,Russian Federation,41:34,,2:44:01,,1:47:36,5:19:55
1084,931,Jacob Bennett,M35-39,181,Open,United States,37:07,,2:52:08,,1:43:51,5:19:59
1085,1200,Ian Donnelly,M30-34,170,Open,United States,35:41,,3:03:16,,1:34:33,5:20:03
1086,256,Reno Decker,M40-44,210,Open,United States,31:34,,2:46:57,,1:53:15,5:20:04
1087,4705,Casey Adams,F30-34,35,Female,United States,34:32,,2:54:51,,1:44:01,5:20:05
1088,1710,Dean Tilman,M55-59,25,Open,United States,39:15,,2:47:18,,1:45:53,5:20:06
1089,1369,Matthew Goolsby,M30-34,171,Open,United States,41:14,,2:46:08,,1:46:03,5:20:07
1090,2875,Junior Tremblay,M45-49,80,Open,Canada,43:29,,2:49:31,,1:39:10,5:20:07
1091,2555,Carter Zerweck,M18-24,63,Open,United States,36:21,,2:56:47,,1:37:40,5:20:09
1092,2265,Anthony Didion,M25-29,127,Open,United States,36:02,,3:04:08,,1:33:27,5:20:19
1093,1943,Roy Mcbeth,M50-54,63,Open,Canada,36:43,,2:39:46,,1:55:09,5:20:20
1094,1564,James Brown,M60-64,5,Open,United States,30:39,,2:53:57,,1:47:16,5:20:22
1095,4374,Ursela Knezevic,F35-39,21,Female,United States,38:34,,2:52:16,,1:42:16,5:20:24
1096,2056,Bryan Christ,M50-54,64,Open,United States,34:22,,3:01:05,,1:37:35,5:20:25
1097,2736,Travis Hackney,M45-49,81,Open,United States,34:54,,2:53:16,,1:43:52,5:20:26
1098,2874,Richard Parker,M45-49,82,Open,United States,33:34,,2:55:48,,1:43:52,5:20:26
1099,1370,Elliot Williams,M30-34,172,Open,United States,42:18,,2:53:26,,1:37:14,5:20:27
1100,2455,Jackson Rye,M18-24,64,Open,United States,37:55,,2:53:48,,1:40:37,5:20:30
1101,430,Vedran Kapic,M40-44,211,Open,United States,37:43,,2:46:49,,1:46:21,5:20:32
1102,1946,Kevin Hause,M50-54,65,Open,United States,34:03,,2:52:27,,1:46:40,5:20:35
1103,1055,Pedro Nuques,M35-39,182,Open,Ecuador,34:04,,2:44:48,,1:54:26,5:20:36
1104,4587,Molly Lesser,F30-34,36,Female,United States,35:21,,2:51:49,,1:47:21,5:20:37
1105,829,Robert Alderson,M35-39,183,Open,United States,32:38,,2:50:25,,1:46:42,5:20:38
1106,2623,Brent Aucutt,M45-49,83,Open,United States,36:15,,2:47:18,,1:48:33,5:20:38
1107,5298,Olivia Beattie,F18-24,11,Female,United States,33:56,,2:54:12,,1:45:39,5:20:42
1108,408,Donald Snellings,M40-44,212,Open,United States,46:26,,2:42:51,,1:44:21,5:20:42
1109,621,Michael Hoblet,M40-44,213,Open,United States,48:18,,2:41:38,,1:41:11,5:20:44
1110,2936,Michael Turch,M45-49,84,Open,United States,42:03,,2:48:49,,1:41:51,5:20:44
1111,2592,Adrian Valdivieso,M45-49,85,Open,United States,38:17,,2:54:57,,1:38:32,5:20:48
1112,5260,Fernanda Del Valle,F18-24,12,Female,Mexico,34:38,,2:54:31,,1:45:16,5:20:49
1113,1802,James Keeley,M55-59,26,Open,United Kingdom,38:43,,2:51:33,,1:42:03,5:20:52
1114,1538,Pj Arling,M60-64,6,Open,United States,32:18,,2:56:33,,1:43:54,5:20:53
1115,1368,Andrew Keel,M30-34,173,Open,United States,35:50,,2:46:36,,1:50:17,5:20:54
1116,1245,Matthew May,M30-34,174,Open,United States,39:23,,3:02:12,,1:33:46,5:20:57
1117,979,Juan Gomez,M35-39,184,Open,United States,39:52,,2:43:56,,1:48:22,5:20:58
1118,2597,Dave Helsel,M45-49,86,Open,United States,31:38,,3:01:09,,1:40:03,5:20:59
1119,2387,Sebastián González,M25-29,128,Open,Ecuador,37:46,,3:00:04,,1:36:04,5:21:00
1120,2612,Inigo Ibarra,M45-49,87,Open,Argentina,36:12,,2:54:50,,1:43:15,5:21:04
1121,4584,Allison Merlo,F30-34,37,Female,United States,32:01,,2:53:01,,1:46:26,5:21:05
1122,1178,Jake Mcknight,M30-34,175,Open,United States,34:01,,2:46:40,,1:53:18,5:21:05
1123,2172,Erik Johnson,M50-54,66,Open,United States,37:08,,2:51:11,,1:44:36,5:21:07
1124,456,Alan Johnson,M40-44,214,Open,United States,41:38,,2:39:48,,1:49:41,5:21:10
1125,2906,Kevin Jones,M45-49,88,Open,United States,38:40,,2:46:22,,1:46:46,5:21:13
1126,4131,Brigitta Gruenberg,F40-44,15,Female,United States,31:00,,2:52:08,,1:50:43,5:21:14
1127,1867,Sylvain Gagnon,M50-54,67,Open,Canada,38:01,,2:52:35,,1:40:58,5:21:15
1128,2744,Adam Mims,M45-49,89,Open,United States,34:34,,2:45:17,,1:52:38,5:21:17
1129,4562,Lauren Cancelliere,F30-34,38,Female,United States,36:03,,2:56:55,,1:40:44,5:21:18
1130,1886,John Kelsch,M50-54,68,Open,United States,33:08,,2:49:46,,1:50:30,5:21:19
1131,1462,Mario Segura,M30-34,176,Open,Puerto Rico,39:42,,2:53:45,,1:40:11,5:21:24
1132,2593,Jeffrey Fejfar,M45-49,90,Open,United States,33:30,,2:43:19,,1:55:00,5:21:26
1133,1569,John Anhold,M60-64,7,Open,United States,41:52,,2:50:08,,1:43:16,5:21:32
1134,1477,Luca Venturelli,M30-34,177,Open,Italy,38:00,,2:58:13,,1:39:20,5:21:35
1135,1964,Michael Middleton,M50-54,69,Open,United States,38:54,,2:53:15,,1:41:17,5:21:36
1136,2778,Filippo Neri,M45-49,91,Open,Italy,42:16,,2:51:18,,1:39:10,5:21:36
1137,2912,Matthew Wade,M45-49,92,Open,United States,36:44,,2:42:13,,1:53:46,5:21:37
1138,5237,Jessica Cooper,F25-29,23,Female,United States,35:28,,2:49:21,,1:49:26,5:21:37
1139,2596,James Kung,M45-49,93,Open,United States,40:06,,2:52:26,,1:38:39,5:21:39
1140,717,Daniel Hartong,M35-39,185,Open,United States,44:32,,2:49:20,,1:41:27,5:21:41
1141,2797,Mike Mcneil,M45-49,94,Open,Canada,37:07,,2:47:40,,1:48:55,5:21:44
1142,1371,Joshua Stephens,M30-34,178,Open,United States,36:58,,2:52:59,,1:45:15,5:21:49
1143,5349,Kami Banks,F45-49,6,Female,United States,40:43,,2:50:16,,1:43:21,5:21:51
1144,5124,Kelly Barton,F25-29,24,Female,United States,31:06,,3:04:45,,1:38:35,5:21:51
1145,595,Brian Burns,M40-44,215,Open,United States,43:40,,2:47:28,,1:39:58,5:21:51
1146,969,James Delong,M35-39,186,Open,United States,41:46,,2:53:09,,1:39:31,5:21:53
1147,4373,Cheyenne Noble,F35-39,22,Female,United States,39:07,,2:44:11,,1:52:47,5:21:53
1148,1760,Doug ROSS,M55-59,27,Open,United States,35:51,,2:51:28,,1:47:09,5:21:54
1149,1784,Gert Van Vliet,M55-59,28,Open,Aruba,35:54,,2:48:12,,1:50:07,5:22:02
1150,2427,James Owens,M25-29,129,Open,United States,31:11,,2:46:50,,1:55:14,5:22:05
1151,2179,John Barker,M50-54,70,Open,United States,41:42,,2:47:06,,1:46:30,5:22:07
1152,2720,Shay Eskew,M45-49,95,Open,United States,48:12,,2:44:20,,1:41:02,5:22:09
1153,2049,Henry Van Den Bedem,M50-54,71,Open,United States,40:46,,2:51:17,,1:41:21,5:22:12
1154,5440,Jeanne Steurer,F45-49,7,Female,United States,36:35,,2:46:54,,1:49:07,5:22:16
1155,4083,Carrie Heidrich,F40-44,16,Female,United States,35:18,,2:58:31,,1:41:11,5:22:19
1156,4679,Gabriela Delgado,F30-34,39,Female,Ecuador,36:28,,2:59:14,,1:39:00,5:22:23
1157,805,Brandon Jacinto,M35-39,187,Open,United States,34:31,,2:44:20,,1:56:04,5:22:25
1158,1402,Omar Hinojosa Del Carpio,M30-34,179,Open,Peru,35:31,,2:59:23,,1:41:11,5:22:26
1159,1934,Martin Kleinjan,M50-54,72,Open,Netherlands,45:00,,2:49:35,,1:38:41,5:22:28
1160,1633,William Brinkop,M55-59,29,Open,United States,40:42,,2:49:56,,1:43:36,5:22:30
1161,2699,Matt Dana,M45-49,96,Open,United States,36:26,,2:48:06,,1:49:57,5:22:32
1162,2457,Anthony Marengo,M18-24,65,Open,United States,30:04,,2:43:43,,2:03:29,5:22:33
1163,2584,Julio C Pinto,M45-49,97,Open,Colombia,39:02,,2:47:21,,1:48:18,5:22:34
1164,1932,Derek Liou,M50-54,73,Open,United States,34:36,,2:58:28,,1:42:31,5:22:34
1165,986,Jordan Nuger,M35-39,188,Open,United States,34:07,,2:40:10,,1:54:16,5:22:36
1166,349,Mark Fusler,M40-44,216,Open,United States,36:23,,2:48:31,,1:46:37,5:22:37
1167,4217,Shannon Florea,F40-44,17,Female,United States,33:40,,2:56:13,,1:45:09,5:22:41
1168,2417,Jess Bullard,M25-29,130,Open,United States,31:51,,2:49:15,,1:55:53,5:22:42
1169,777,Yuki Yamamura,M35-39,189,Open,Japan,33:50,,2:49:47,,1:51:21,5:22:43
1170,4543,Emma Daugherty,F30-34,40,Female,United States,34:49,,3:03:11,,1:38:00,5:22:44
1171,4992,Nusha Bladinieres,F50-54,6,Female,United States,37:41,,2:48:27,,1:50:42,5:22:49
1172,2865,Bob Butler,M45-49,98,Open,Canada,35:42,,2:56:30,,1:43:55,5:22:54
1173,306,Ryuichi Nakayama,M40-44,217,Open,Japan,38:10,,2:41:20,,1:55:42,5:22:56
1174,4634,Emily Annis,F30-34,41,Female,United States,34:48,,2:53:05,,1:49:23,5:22:58
1175,1531,Mark Malone,M60-64,8,Open,United States,45:00,,2:48:02,,1:40:59,5:22:59
1176,778,Lee Cotterell,M35-39,190,Open,United Kingdom,44:23,,2:41:44,,1:50:16,5:23:00
1177,4488,Melissa Barrett,F35-39,23,Female,United States,35:40,,3:02:56,,1:36:50,5:23:02
1178,1344,John Fielding,M30-34,180,Open,United States,37:22,,2:45:53,,1:50:21,5:23:03
1179,2684,Randall Lomax,M45-49,99,Open,United States,41:29,,2:45:49,,1:48:37,5:23:04
1180,893,Nicholas Lombardo,M35-39,191,Open,United States,37:26,,2:46:02,,1:51:34,5:23:08
1181,397,Gonzalo Ortega,M40-44,218,Open,Spain,38:34,,3:12:10,,1:25:22,5:23:14
1182,287,Robert Lehr,M40-44,219,Open,United States,42:44,,3:02:26,,1:28:11,5:23:18
1183,4163,Gwendolyn Steves,F40-44,18,Female,United States,35:07,,2:49:12,,1:51:07,5:23:20
1184,1627,John Mulcahy,M55-59,30,Open,United States,38:56,,2:53:34,,1:44:34,5:23:21
1185,4016,Tiffany Blair,F40-44,19,Female,United States,39:07,,2:53:41,,1:44:14,5:23:21
1186,2530,Steven Meng,M18-24,66,Open,United States,38:13,,2:48:19,,1:49:50,5:23:23
1187,2638,Matthew Michels,M45-49,100,Open,United States,35:08,,2:46:39,,1:55:02,5:23:24
1188,1003,Richard Mckee,M35-39,192,Open,United States,37:26,,2:41:24,,1:56:08,5:23:25
1189,602,Jon Knutson,M40-44,220,Open,United States,48:34,,2:48:06,,1:35:31,5:23:26
1190,4376,Jamie Schmelzer,F35-39,24,Female,United States,33:02,,2:59:33,,1:44:13,5:23:27
1191,4303,Ornella Medina,F35-39,25,Female,Argentina,45:50,,2:48:57,,1:39:30,5:23:27
1192,5453,Indira Murr,F45-49,8,Female,United States,28:37,,2:50:54,,1:53:56,5:23:27
1193,896,Ryan Tiburtini,M35-39,193,Open,United States,37:21,,2:55:36,,1:42:39,5:23:27
1194,1305,Anatolii Leskovets,M30-34,181,Open,Russian Federation,39:49,,2:46:37,,1:50:44,5:23:28
1195,1066,Nate Sanders,M35-39,194,Open,United States,34:40,,2:43:50,,1:57:22,5:23:33
1196,1167,Antonio Carmona Madrazo,M30-34,182,Open,Mexico,39:23,,2:53:24,,1:41:54,5:23:33
1197,5490,Tina Buttner,F45-49,9,Female,United States,39:55,,2:49:42,,1:46:46,5:23:34
1198,1087,Joachim Doeding,M65-69,1,Open,Brazil,42:04,,2:51:58,,1:40:15,5:23:34
1199,2082,Art Miller,M50-54,74,Open,United States,36:06,,2:53:41,,1:45:14,5:23:36
1200,2907,Henri Morales,M45-49,101,Open,United States,32:45,,2:58:14,,1:45:10,5:23:39
1201,2110,David Gile,M50-54,75,Open,United States,36:30,,2:49:32,,1:51:23,5:23:40
1202,2045,Marty Owens,M50-54,76,Open,United States,36:00,,2:49:00,,1:48:51,5:23:40
1203,2296,Meelad Ranaiefar,M25-29,131,Open,United States,36:33,,2:57:16,,1:41:58,5:23:42
1204,2018,Markus Ernst,M50-54,77,Open,Germany,39:18,,2:47:35,,1:49:14,5:23:43
1205,579,Anthony Booth,M40-44,221,Open,Australia,40:48,,2:44:58,,1:48:20,5:23:45
1206,5168,Ana García Rodas,F25-29,25,Female,Guatemala,29:57,,2:57:25,,1:50:01,5:23:48
1207,1954,Kip Taylor,M50-54,78,Open,United States,31:19,,2:44:44,,2:00:23,5:23:48
1208,1972,Bob Crane,M50-54,79,Open,Canada,36:32,,2:57:55,,1:42:19,5:23:49
1209,2372,John Bodeau,M25-29,132,Open,United States,33:12,,2:57:17,,1:45:33,5:23:49
1210,2868,Pedro Trindade,M45-49,102,Open,United States,35:41,,2:48:46,,1:51:31,5:23:51
1211,386,Chris Phillips,M40-44,222,Open,United States,38:39,,2:50:24,,1:48:00,5:23:53
1212,748,Connor Ferguson,M35-39,195,Open,United States,39:32,,2:50:58,,1:45:19,5:23:53
1213,4322,Tania Rangel,F35-39,26,Female,Mexico,30:37,,3:00:39,,1:45:26,5:23:56
1214,2229,Luke Pfeiffer,M25-29,133,Open,United States,36:18,,2:48:45,,1:50:22,5:23:56
1215,1268,Corey Robinson,M30-34,183,Open,United States,39:49,,2:47:00,,1:44:21,5:23:57
1216,4627,Paola Orozco,F30-34,42,Female,Mexico,40:09,,2:50:24,,1:44:52,5:24:00
1217,5552,Eryn Schmisseur,F18-24,13,Female,United States,28:41,,2:56:02,,1:52:31,5:24:08
1218,1367,Daniel Cook,M30-34,184,Open,United States,37:10,,2:50:01,,1:48:49,5:24:09
1219,1941,Scott Williams,M50-54,80,Open,United States,41:10,,2:58:44,,1:31:15,5:24:11
1220,2725,David Castillejos Ornelas,M45-49,103,Open,Mexico,30:00,,3:01:25,,1:43:39,5:24:11
1221,739,Jeff Tobin,M35-39,196,Open,United States,36:57,,2:40:19,,1:59:20,5:24:16
1222,1115,Gregory Taylor,M65-69,2,Open,United States,36:22,,2:56:15,,1:44:56,5:24:19
1223,421,Peter Osenkowski,M40-44,223,Open,Poland,48:36,,2:45:44,,1:44:09,5:24:21
1224,2392,Lars Conrad,M25-29,134,Open,Germany,33:19,,2:49:12,,1:55:44,5:24:21
1225,5226,Bethany Draeger,F25-29,26,Female,United States,33:37,,2:55:52,,1:48:57,5:24:22
1226,2966,Carlos Barria,M40-44,224,Open,Argentina,34:22,,2:52:14,,1:50:15,5:24:23
1227,1208,Max Rossiter,M30-34,185,Open,United States,33:33,,2:53:45,,1:48:47,5:24:25
1228,862,Brandon Lee,M35-39,197,Open,United States,38:25,,2:53:36,,1:45:19,5:24:26
1229,2529,Jaceb Burish,M18-24,67,Open,United States,35:55,,2:52:19,,1:47:08,5:24:27
1230,5551,Shannon Treen,F35-39,27,Female,United States,29:39,,3:07:54,,1:39:58,5:24:27
1231,1763,David Brunner,M55-59,31,Open,United States,43:07,,2:49:12,,1:42:17,5:24:27
1232,2673,David Carne,M45-49,104,Open,United States,48:14,,2:51:26,,1:35:34,5:24:27
1233,2765,Jeremy King,M45-49,105,Open,Australia,39:05,,2:58:17,,1:39:01,5:24:30
1234,1351,Rony Alvarez Orellana,M30-34,186,Open,Guatemala,33:56,,2:55:02,,1:48:42,5:24:31
1235,426,Spencer Davis,M40-44,225,Open,United States,37:03,,2:46:01,,1:51:19,5:24:33
1236,2742,Diego Sosa,M45-49,106,Open,Ecuador,39:42,,2:53:00,,1:45:29,5:24:35
1237,589,Michael KUMMER,M40-44,226,Open,Germany,36:41,,2:53:16,,1:46:02,5:24:36
1238,2748,Timothy Gerry,M45-49,107,Open,United States,37:24,,2:51:29,,1:47:36,5:24:39
1239,4425,Morgan Krajewski,F35-39,28,Female,United States,33:38,,2:50:39,,1:52:14,5:24:39
1240,2914,Diego Velasquez,M45-49,108,Open,United States,37:32,,2:53:41,,1:47:35,5:24:40
1241,709,Andy Daykin,M35-39,198,Open,United States,49:43,,2:43:32,,1:44:33,5:24:44
1242,1472,Tim Hawley,M30-34,187,Open,United States,39:09,,2:50:14,,1:48:17,5:24:44
1243,2631,Osman Coello,M45-49,109,Open,Honduras,31:12,,2:59:45,,1:45:08,5:24:47
1244,867,Daniel Chamblee,M35-39,199,Open,United States,31:53,,3:05:23,,1:39:06,5:24:51
1245,948,Michael Harris,M35-39,200,Open,United States,40:47,,2:43:57,,1:51:02,5:24:52
1246,5311,Chloe Coronado Winn,F18-24,14,Female,United States,30:08,,3:01:59,,1:44:51,5:24:59
1247,1458,Pascal Lestable,M30-34,188,Open,France,42:18,,3:03:35,,1:33:14,5:25:00
1248,1421,Francisco Guevara,M30-34,189,Open,Chile,36:18,,2:45:58,,1:53:58,5:25:05
1249,2707,René Alfredo Santana Cedeño,M45-49,110,Open,Ecuador,44:27,,2:53:35,,1:39:47,5:25:06
1250,1307,Robbie Frankel,M30-34,190,Open,United States,38:56,,2:56:09,,1:40:44,5:25:09
1251,2076,Carl Rysdon,M50-54,81,Open,United States,39:56,,2:52:50,,1:43:11,5:25:09
1252,2680,Paulo Kalapis,M45-49,111,Open,Mexico,41:59,,2:56:12,,1:39:35,5:25:11
1253,4299,Kelli Sheibley,F35-39,29,Female,United States,32:27,,2:50:13,,1:55:35,5:25:13
1254,5301,Haley Thaning,F18-24,15,Female,United States,27:04,,3:03:09,,1:49:00,5:25:16
1255,5173,Elizabeth Callison,F25-29,27,Female,United States,34:51,,2:55:27,,1:47:46,5:25:20
1256,4408,Sarah Portella,F35-39,30,Female,United States,38:03,,2:59:03,,1:41:58,5:25:26
1257,1395,Daniel Mendez,M30-34,191,Open,Colombia,38:56,,3:00:50,,1:38:43,5:25:27
1258,812,Gerardo Ramirez,M35-39,201,Open,Mexico,49:16,,2:54:26,,1:34:35,5:25:28
1259,1619,Tom Monica,M60-64,9,Open,United States,30:44,,2:53:26,,1:53:42,5:25:28
1260,1007,Ronaldo Covre Bastos,M35-39,202,Open,Brazil,36:54,,2:47:21,,1:53:01,5:25:38
1261,5539,Charlotte Berner,F45-49,10,Female,Denmark,30:06,,3:03:06,,1:43:48,5:25:43
1262,1457,Christopher Brown,M30-34,192,Open,United States,37:41,,2:46:59,,1:51:09,5:25:44
1263,4168,Maria Teresa Gurrero,F40-44,20,Female,Ecuador,41:14,,2:53:55,,1:43:24,5:25:47
1264,2582,Jose Reyes,M45-49,112,Open,Colombia,39:04,,2:54:51,,1:44:14,5:25:51
1265,1331,Adam Kozak,M30-34,193,Open,United States,39:25,,2:58:45,,1:40:19,5:25:52
1266,5467,Marisa Rastetter,F45-49,11,Female,United States,32:55,,2:54:44,,1:50:40,5:25:55
1267,1396,Thomas BRAUER,M30-34,194,Open,United States,40:09,,2:57:09,,1:39:56,5:25:56
1268,2704,John Heath,M45-49,113,Open,United States,42:03,,2:51:20,,1:44:06,5:25:58
1269,2601,Timothy Hinton,M45-49,114,Open,United States,34:40,,2:54:47,,1:49:29,5:25:59
1270,5179,Mary Timmons,F25-29,28,Female,United States,33:12,,2:54:40,,1:50:19,5:26:02
1271,2761,David Mcalvany,M45-49,115,Open,United States,38:06,,2:50:13,,1:50:42,5:26:02
1272,1542,Dan Burris,M60-64,10,Open,United States,34:01,,2:54:04,,1:47:10,5:26:04
1273,2781,Santiago Gutierrez,M45-49,116,Open,Ecuador,43:53,,2:58:42,,1:35:50,5:26:06
1274,1880,David Calvo-Ruiz,M50-54,82,Open,Spain,35:02,,2:57:14,,1:43:47,5:26:14
1275,1938,Javier Taboada,M50-54,83,Open,Colombia,43:27,,2:51:48,,1:43:42,5:26:15
1276,4547,Imelda Muller,F30-34,43,Female,United States,33:07,,2:57:35,,1:49:01,5:26:15
1277,908,David Mudek,M35-39,203,Open,United States,39:04,,2:58:11,,1:43:30,5:26:17
1278,1701,Alejandro Armemdariz,M55-59,32,Open,Argentina,35:31,,2:54:06,,1:49:10,5:26:24
1279,5185,Luisa Lopez Trigos,F25-29,29,Female,Colombia,35:12,,2:49:52,,1:52:29,5:26:24
1280,2040,Mike Smith,M50-54,84,Open,United States,40:04,,2:52:48,,1:45:26,5:26:25
1281,5547,Katie Hamister,F40-44,21,Female,United States,37:20,,2:57:02,,1:45:02,5:26:27
1282,610,Ben Bassett,M40-44,227,Open,United States,36:09,,3:05:11,,1:38:25,5:26:28
1283,708,Jason Zinser,M35-39,204,Open,United States,35:47,,2:47:00,,1:55:15,5:26:31
1284,1068,Jeremy Rogers,M35-39,205,Open,United States,42:59,,2:41:47,,1:54:46,5:26:34
1285,2425,Kevin Prior,M25-29,135,Open,United States,33:07,,2:50:08,,1:56:38,5:26:36
1286,2088,Tim Barnstable,M50-54,85,Open,Australia,44:33,,2:48:29,,1:46:03,5:26:37
1287,2588,David Steindham,M45-49,117,Open,United States,38:55,,2:48:33,,1:50:10,5:26:38
1288,4727,Roxanne Wegman,F30-34,44,Female,United States,35:56,,3:00:35,,1:42:09,5:26:39
1289,2129,Dave Sheanin,M50-54,86,Open,United States,30:27,,2:55:45,,1:52:54,5:26:46
1290,268,Daniel Samilski,M40-44,228,Open,Bermuda,43:06,,2:56:45,,1:37:34,5:26:53
1291,2287,Enrique Zapag,M25-29,136,Open,Paraguay,44:37,,2:50:40,,1:42:59,5:26:56
1292,902,Sean Etter,M35-39,206,Open,United States,42:57,,2:51:39,,1:45:54,5:26:56
1293,5238,Sarah Kletzer,F25-29,30,Female,United States,28:15,,3:01:32,,1:50:29,5:26:56
1294,1801,Eric Rosendall,M55-59,33,Open,United States,39:33,,2:47:12,,1:51:56,5:26:57
1295,4546,Heather Wilson,F30-34,45,Female,United States,35:40,,3:01:15,,1:43:21,5:27:00
1296,1233,Alfredo Huerta,M30-34,195,Open,United States,41:08,,2:53:21,,1:44:14,5:27:02
1297,1358,Chip Thorn,M30-34,196,Open,United States,34:28,,2:52:12,,1:52:29,5:27:07
1298,5033,Karen Wood,F50-54,7,Female,United States,38:35,,2:50:28,,1:50:01,5:27:09
1299,5274,Clara Debiassi,F18-24,16,Female,Argentina,30:22,,2:53:03,,1:56:01,5:27:11
1300,1656,James Andrews,M55-59,34,Open,United States,43:06,,2:50:24,,1:45:18,5:27:13
1301,1450,David Rood,M30-34,197,Open,United States,44:46,,2:46:25,,1:47:28,5:27:14
1302,4539,Liv Devitt,F30-34,46,Female,United States,36:41,,2:54:44,,1:48:49,5:27:17
1303,4672,Petra Bakosova,F30-34,47,Female,Slovakia,37:11,,2:55:17,,1:48:04,5:27:19
1304,1948,Diego Grasso,M50-54,87,Open,Argentina,38:09,,2:55:45,,1:46:13,5:27:31
1305,1408,Maximilian Schmitt,M30-34,198,Open,Germany,39:05,,2:53:52,,1:45:22,5:27:32
1306,2831,Daniel Connelly,M45-49,118,Open,United States,37:28,,2:54:40,,1:47:32,5:27:38
1307,1028,Steve Noiret,M35-39,207,Open,United States,42:37,,2:49:04,,1:47:55,5:27:38
1308,2338,Jonah Sutherland,M25-29,137,Open,United States,32:44,,2:56:47,,1:49:53,5:27:39
1309,253,Chad Quinlan,M40-44,229,Open,United States,49:36,,2:43:51,,1:46:00,5:27:39
1310,1557,Jim Larrieu,M60-64,11,Open,United States,38:23,,2:56:00,,1:44:45,5:27:40
1311,2508,Aj Torres,M18-24,68,Open,United States,39:09,,2:47:29,,1:52:09,5:27:42
1312,2855,Matthew Cox,M45-49,119,Open,United States,37:38,,2:51:40,,1:52:04,5:27:42
1313,2395,Ryan Dreyer,M25-29,138,Open,United States,33:11,,3:05:05,,1:41:22,5:27:45
1314,2767,Quentin Heiden,M45-49,120,Open,United States,30:27,,2:51:53,,1:57:41,5:27:46
1315,4574,Aleksandra Kieda,F30-34,48,Female,Poland,37:45,,2:51:22,,1:53:47,5:27:47
1316,816,Alvaro Martinez,M35-39,208,Open,Spain,37:40,,2:49:29,,1:51:42,5:27:49
1317,2472,Adar Horowitz,M18-24,69,Open,Israel,33:40,,3:00:15,,1:44:49,5:27:49
1318,2819,Jason Fudala,M45-49,121,Open,United States,42:04,,2:47:11,,1:50:57,5:27:50
1319,677,Jeff Raines,M35-39,209,Open,United States,34:35,,2:53:22,,1:51:53,5:27:50
1320,511,Ben Hokanson,M40-44,230,Open,United States,35:34,,2:36:10,,2:08:32,5:27:54
1321,241,Aaron Mclemore,M40-44,231,Open,United States,50:16,,2:42:40,,1:46:59,5:27:55
1322,5126,Meaghan Faucher,F25-29,31,Female,United States,32:40,,2:51:37,,1:53:59,5:27:56
1323,774,Ian Tuffley,M35-39,210,Open,Canada,35:16,,2:55:27,,1:50:03,5:27:56
1324,5347,Seeley Gutierrez,F45-49,12,Female,United States,33:30,,3:06:26,,1:39:50,5:28:10
1325,2446,Sebastian Trias,M18-24,70,Open,United States,28:08,,2:55:09,,1:58:18,5:28:10
1326,329,Santiago Correa Wills,M40-44,232,Open,Colombia,44:55,,2:46:30,,1:46:29,5:28:11
1327,1346,Eric Spaulding,M30-34,199,Open,United States,38:59,,3:01:45,,1:40:37,5:28:14
1328,713,Andrew Chaloupka,M35-39,211,Open,United States,36:33,,2:52:02,,1:51:30,5:28:14
1329,5210,Natalie Bates,F25-29,32,Female,United States,34:32,,2:56:19,,1:49:56,5:28:14
1330,1302,Andres Santizo Matheu,M30-34,200,Open,Guatemala,29:46,,2:58:05,,1:52:02,5:28:17
1331,2238,Robert Billette,M25-29,139,Open,United States,33:19,,3:02:58,,1:46:46,5:28:19
1332,519,Roberto Sanchez Casanova,M40-44,233,Open,Ecuador,47:38,,2:49:10,,1:44:00,5:28:22
1333,5258,Maja Falkiewicz,F18-24,17,Female,Germany,30:15,,2:53:36,,1:56:34,5:28:22
1334,5288,Elisa Fernandez,F18-24,18,Female,Mexico,31:59,,2:56:18,,1:53:42,5:28:22
1335,2140,Mark Clough,M50-54,88,Open,Australia,29:15,,2:50:48,,2:02:08,5:28:22
1336,527,Hunter Saunders,M40-44,234,Open,United States,29:45,,3:00:35,,1:48:58,5:28:23
1337,452,Jeff Dolan,M40-44,235,Open,United States,45:24,,2:49:45,,1:44:25,5:28:27
1338,1702,Eyal Maor,M55-59,35,Open,United States,39:10,,2:53:22,,1:47:37,5:28:31
1339,1942,Jason Philbin,M50-54,89,Open,United States,42:16,,2:56:27,,1:41:34,5:28:33
1340,4753,Juliana Nievergelt,F60-64,1,Female,United States,29:29,,2:56:34,,1:54:36,5:28:38
1341,1390,Kurt Schreiber,M30-34,201,Open,United States,35:54,,2:54:26,,1:50:22,5:28:39
1342,4565,Katie Sutherland,F30-34,49,Female,United States,34:46,,2:53:25,,1:52:26,5:28:40
1343,254,Matt Rubino,M40-44,236,Open,United States,44:26,,2:51:15,,1:43:23,5:28:41
1344,2658,Jeremy Liska,M45-49,122,Open,United States,38:29,,2:50:49,,1:51:56,5:28:41
1345,2682,Andrew Reeder,M45-49,123,Open,United States,39:11,,2:53:18,,1:43:35,5:28:44
1346,578,Gabriel Brinkman,M40-44,237,Open,Mexico,36:17,,2:45:07,,1:57:38,5:28:44
1347,1961,Chris Olney,M50-54,90,Open,United States,36:11,,2:50:42,,1:53:38,5:28:44
1348,4099,Jen Schweigert,F40-44,22,Female,United States,37:28,,3:07:18,,1:35:51,5:28:47
1349,1479,Cameron Wynhof,M30-34,202,Open,United States,30:21,,2:59:36,,1:48:35,5:28:49
1350,4287,Deborah Eckhouse,F35-39,31,Female,Canada,47:14,,2:47:14,,1:48:12,5:28:49
1351,2606,Peter Ormsby,M45-49,124,Open,United States,37:22,,2:59:45,,1:42:30,5:28:50
1352,1637,Ryan Majoria,M55-59,36,Open,United States,35:27,,2:54:04,,1:50:17,5:28:51
1353,1310,Nicholas Dejohn,M30-34,203,Open,United States,35:04,,2:54:19,,1:48:43,5:28:57
1354,4129,Alison Miller,F40-44,23,Female,United States,45:35,,2:52:50,,1:41:31,5:29:00
1355,1863,Chuck Engle,M50-54,91,Open,United States,45:22,,2:59:54,,1:36:45,5:29:01
1356,1452,Tj Kuczewski,M30-34,204,Open,United States,38:43,,2:53:28,,1:49:18,5:29:03
1357,2334,Nick Moorehead,M25-29,140,Open,United States,35:05,,3:01:25,,1:44:32,5:29:04
1358,2872,Christopher Ginn,M45-49,125,Open,United States,35:50,,2:54:14,,1:51:20,5:29:04
1359,2897,Joe Rogalski,M45-49,126,Open,United States,33:49,,2:50:09,,1:56:32,5:29:06
1360,2939,John Shelp,M45-49,127,Open,United States,32:53,,2:53:33,,1:53:44,5:29:07
1361,2672,Jeff Monson,M45-49,128,Open,United States,35:03,,2:49:37,,1:54:27,5:29:09
1362,1700,Ken Mclaughlin,M55-59,37,Open,United States,46:51,,2:51:40,,1:41:58,5:29:10
1363,2175,Michael Alexander,M50-54,92,Open,United States,39:14,,2:50:45,,1:52:17,5:29:10
1364,2173,Vincent Sivirine,M50-54,93,Open,France,37:56,,2:53:55,,1:49:20,5:29:12
1365,4657,Andria Theron,F30-34,50,Female,South Africa,35:45,,3:03:27,,1:41:25,5:29:14
1366,2178,Brian Walter,M50-54,94,Open,United States,36:01,,2:54:34,,1:48:27,5:29:15
1367,1973,Robert Barish,M50-54,95,Open,United States,36:24,,2:54:56,,1:50:14,5:29:15
1368,5516,Myrianne Cote,F45-49,13,Female,Canada,39:13,,2:55:01,,1:46:25,5:29:15
1369,2269,Alex Burgans,M25-29,141,Open,United States,36:57,,2:59:17,,1:44:36,5:29:17
1370,4372,Gillian Micoli,F35-39,32,Female,United States,30:27,,3:03:39,,1:47:22,5:29:17
1371,4022,Megan Stevens,F40-44,24,Female,United States,36:52,,2:50:17,,1:52:25,5:29:20
1372,865,Alojs Hunjadi,M35-39,212,Open,Croatia,35:01,,2:58:27,,1:49:20,5:29:21
1373,2801,Carlos Miguel Antunes Teixeira,M45-49,129,Open,Portugal,37:01,,2:53:23,,1:49:50,5:29:24
1374,1157,Lucas Restrepo,M30-34,205,Open,Costa Rica,37:40,,2:59:02,,1:43:46,5:29:27
1375,2344,Richard Quinn,M25-29,142,Open,Bermuda,46:07,,2:48:44,,1:47:25,5:29:27
1376,2288,Kaleb Yurchak,M25-29,143,Open,United States,34:30,,2:54:52,,1:52:29,5:29:29
1377,1661,Ronald Reynolds,M55-59,38,Open,United States,45:11,,2:55:16,,1:42:26,5:29:30
1378,2633,Vojta Borovian,M45-49,130,Open,Czechia,38:13,,2:55:51,,1:47:26,5:29:33
1379,2599,Sean Daley,M45-49,131,Open,United States,37:29,,2:57:26,,1:45:07,5:29:34
1380,1977,Joel Volterra,M50-54,96,Open,United States,34:41,,2:56:02,,1:49:50,5:29:37
1381,2438,Matthew Olson,M25-29,144,Open,United States,38:55,,2:58:02,,1:45:53,5:29:39
1382,2664,Andy Higginbotham,M45-49,132,Open,South Africa,36:55,,2:48:21,,1:55:38,5:29:40
1383,4647,Sara Kimmel,F30-34,51,Female,United States,37:53,,2:53:58,,1:50:16,5:29:44
1384,534,Luis Moncayo,M40-44,238,Open,Ecuador,38:15,,2:40:37,,2:02:18,5:29:44
1385,1723,David Patchin,M55-59,39,Open,United States,33:54,,3:08:26,,1:40:06,5:29:46
1386,2523,Christopher Lee,M18-24,71,Open,United States,44:53,,2:51:45,,1:45:34,5:29:47
1387,1483,Christopher Bell,M30-34,206,Open,United States,33:24,,2:57:23,,1:51:43,5:29:49
1388,2938,Michael Southworth,M45-49,133,Open,United States,38:23,,2:53:24,,1:47:56,5:29:49
1389,351,Christopher Haas,M40-44,239,Open,United States,36:21,,2:57:19,,1:47:52,5:29:49
1390,2921,Devin Ratliff,M45-49,134,Open,United States,49:53,,2:51:44,,1:40:53,5:29:49
1391,1226,Caleb Chapman,M30-34,207,Open,United States,38:32,,2:52:43,,1:51:20,5:29:53
1392,4090,Aneta Ziemianska,F40-44,25,Female,Poland,37:58,,2:51:51,,1:53:28,5:29:57
1393,2754,Drew Regan,M45-49,135,Open,United States,35:21,,2:56:08,,1:48:34,5:29:57
1394,2317,Federico Almandoz Nardi,M25-29,145,Open,Venezuela,34:15,,2:59:11,,1:50:34,5:30:01
1395,1803,Joseph Wojcik,M55-59,40,Open,United States,35:20,,2:56:01,,1:49:24,5:30:02
1396,617,Beto Marmo,M40-44,240,Open,Brazil,48:41,,3:00:03,,1:34:20,5:30:03
1397,1499,Vincent Ortiz,M60-64,12,Open,United States,44:15,,2:53:02,,1:43:37,5:30:05
1398,4428,Angel Martin,F35-39,33,Female,United States,33:05,,2:58:41,,1:51:20,5:30:06
1399,1439,John Duberley,M30-34,208,Open,United States,40:39,,3:04:50,,1:36:04,5:30:07
1400,1304,Connor Mcgauley,M30-34,209,Open,Canada,40:52,,2:46:20,,1:53:42,5:30:08
1401,1287,Gustavo Navarro,M30-34,210,Open,Costa Rica,40:02,,2:58:37,,1:44:09,5:30:09
1402,4057,Connie Hughes,F40-44,26,Female,United States,30:13,,2:57:27,,1:55:17,5:30:09
1403,2825,William Valenti,M45-49,136,Open,United States,33:51,,3:01:41,,1:47:35,5:30:09
1404,1874,Andrew Schleis,M50-54,97,Open,United States,31:50,,2:56:33,,1:55:11,5:30:09
1405,1372,Mitch Kauffman,M30-34,211,Open,United States,46:34,,2:52:04,,1:42:13,5:30:10
1406,2023,Marc Szlezynger,M50-54,98,Open,Brazil,37:20,,3:04:11,,1:39:48,5:30:12
1407,1762,Don Oswalt,M55-59,41,Open,United States,39:46,,2:54:33,,1:45:12,5:30:14
1408,2552,Benjamin Peacock,M18-24,72,Open,United States,33:22,,3:02:09,,1:47:39,5:30:16
1409,2830,Patricio Vasquez,M45-49,137,Open,Chile,43:04,,2:54:03,,1:46:00,5:30:18
1410,4172,Nadia Gregoire,F40-44,27,Female,Canada,32:46,,3:00:09,,1:49:51,5:30:18
1411,1058,Derek Koch,M35-39,213,Open,United States,34:09,,2:47:41,,1:59:42,5:30:18
1412,864,Sergio Arenas,M35-39,214,Open,Colombia,36:26,,3:00:49,,1:44:07,5:30:19
1413,2903,Kevin Flanagan,M45-49,138,Open,United States,38:25,,2:54:27,,1:50:40,5:30:20
1414,2793,Fernando Lopez,M45-49,139,Open,Uruguay,41:23,,2:52:53,,1:48:25,5:30:21
1415,2065,Chris Auth,M50-54,99,Open,United States,41:23,,2:55:33,,1:41:49,5:30:29
1416,2694,Aaron Wilson,M45-49,140,Open,United States,30:41,,2:55:32,,1:56:02,5:30:32
1417,365,Oscar Discua,M40-44,241,Open,Honduras,47:49,,2:41:23,,1:52:36,5:30:33
1418,1821,Will Howard,M55-59,42,Open,United States,37:11,,2:43:39,,2:02:16,5:30:35
1419,1757,Michael Probst,M55-59,43,Open,United States,38:26,,2:56:35,,1:48:19,5:30:35
1420,5212,Molly Sarchet,F25-29,33,Female,United States,40:56,,2:54:44,,1:48:03,5:30:38
1421,5305,Hannah Nelson,F18-24,19,Female,Singapore,39:01,,2:53:04,,1:51:50,5:30:40
1422,425,Daniel Barrett,M40-44,242,Open,United States,40:07,,2:58:34,,1:43:47,5:30:40
1423,2092,Juan De Pawlikowski,M50-54,100,Open,United States,33:06,,2:52:36,,1:56:39,5:30:41
1424,1870,Jose Loyola,M50-54,101,Open,Mexico,32:23,,2:50:57,,1:59:16,5:30:42
1425,1293,Seth Gourson,M30-34,212,Open,United States,31:37,,2:54:37,,1:57:12,5:30:42
1426,4440,Samantha Davies,F35-39,34,Female,United States,41:58,,2:56:09,,1:45:16,5:30:43
1427,985,Mehmet Dasiyici,M35-39,215,Open,Turkey,46:16,,2:52:06,,1:43:05,5:30:45
1428,5204,Ellie Thompson,F25-29,34,Female,United States,29:41,,2:53:28,,1:59:58,5:30:46
1429,1586,Randal Walker,M60-64,13,Open,Canada,33:52,,2:56:44,,1:51:39,5:30:52
1430,5236,Amy Yeoman,F25-29,35,Female,United States,36:49,,2:49:35,,1:55:29,5:30:54
1431,513,Eric Elizondo,M40-44,243,Open,United States,40:47,,2:54:47,,1:44:26,5:30:55
1432,2641,Juan Manuel Vanina,M45-49,141,Open,Argentina,36:25,,2:46:00,,1:59:59,5:31:02
1433,1716,Bryan Guenther,M55-59,44,Open,Australia,44:06,,2:52:57,,1:45:34,5:31:02
1434,5338,Kristen Giles,F45-49,14,Female,Canada,37:16,,2:53:31,,1:53:01,5:31:06
1435,2389,Christian Hernandez,M25-29,146,Open,Venezuela,35:44,,3:04:49,,1:42:16,5:31:06
1436,2901,Jamie Dake,M45-49,142,Open,United States,40:16,,2:49:36,,1:52:34,5:31:09
1437,4531,Meredith Byrne,F30-34,52,Female,United States,37:43,,2:52:29,,1:52:15,5:31:11
1438,2370,William Kindrick,M25-29,147,Open,United States,36:13,,2:54:53,,1:53:06,5:31:13
1439,2665,Sundip Chahal,M45-49,143,Open,United Kingdom,42:20,,2:50:22,,1:50:55,5:31:13
1440,4378,Lindsay Delorme,F35-39,35,Female,United States,39:23,,2:56:29,,1:47:50,5:31:13
1441,2143,Andreas Schmidt,M50-54,102,Open,Germany,32:54,,2:59:06,,1:52:03,5:31:14
1442,2832,Raul Parra,M45-49,144,Open,Mexico,30:25,,3:03:28,,1:47:23,5:31:15
1443,2326,Andrew Jeffery,M25-29,148,Open,United States,30:09,,2:55:19,,1:55:06,5:31:17
1444,434,Chris Groan,M40-44,244,Open,United States,39:25,,2:57:00,,1:47:25,5:31:18
1445,1158,Leonel Rivas Garrido,M30-34,213,Open,Guatemala,39:35,,2:55:10,,1:48:41,5:31:19
1446,1205,Josiah Burrow,M30-34,214,Open,United States,32:49,,2:48:01,,2:03:23,5:31:23
1447,4023,Amy Stanton,F40-44,28,Female,United States,32:17,,3:02:26,,1:49:47,5:31:24
1448,414,Vinicius Vaz Ferreira,M40-44,245,Open,Brazil,37:38,,2:46:54,,2:00:57,5:31:36
1449,412,Tim Pillsbury,M40-44,246,Open,United States,44:29,,2:51:17,,1:48:22,5:31:36
1450,990,Fausto Jara Zambrano,M35-39,216,Open,Ecuador,44:20,,2:56:51,,1:43:46,5:31:37
1451,5553,Christine Massey,F35-39,36,Female,United States,32:52,,2:59:44,,1:53:03,5:31:40
1452,1182,Joshua Witt,M30-34,215,Open,United States,30:15,,2:52:56,,2:00:47,5:31:42
1453,530,Camilo Monterrosa,M40-44,247,Open,Chile,47:44,,2:55:16,,1:41:47,5:31:44
1454,4649,Stephanie Sullivan,F30-34,53,Female,United States,33:17,,3:04:27,,1:46:56,5:31:48
1455,2164,Bret Lucas,M50-54,103,Open,United States,30:51,,2:57:51,,1:55:37,5:31:54
1456,499,Kris Przeor,M40-44,248,Open,United States,43:47,,2:54:18,,1:42:48,5:31:55
1457,4582,Stani Koscina Moncada,F30-34,54,Female,Chile,33:57,,3:08:09,,1:42:54,5:31:55
1458,4578,Belinda Ortega,F30-34,55,Female,Venezuela,41:34,,2:54:43,,1:48:27,5:31:55
1459,4207,Carrie Grant,F40-44,29,Female,United States,42:11,,2:57:55,,1:45:09,5:31:55
1460,2466,Kyle Englander,M18-24,73,Open,United States,41:58,,3:05:23,,1:33:17,5:31:55
1461,2715,Alejandro Villamizar,M45-49,145,Open,Colombia,30:02,,3:00:18,,1:53:03,5:31:56
1462,808,Blake Auchey,M35-39,217,Open,United States,37:38,,2:56:21,,1:49:12,5:31:57
1463,4982,Stacey Stern,F50-54,8,Female,United States,38:58,,2:58:08,,1:46:27,5:31:59
1464,4025,Rebekah Walker,F40-44,30,Female,United States,36:40,,2:55:24,,1:51:24,5:32:01
1465,1422,Samuel Lajoie,M30-34,216,Open,Canada,42:43,,2:50:21,,1:51:28,5:32:03
1466,1752,David Halvorson,M55-59,45,Open,United States,44:24,,2:44:43,,1:52:34,5:32:04
1467,4479,Lauren LeBlanc,F35-39,37,Female,United States,36:10,,3:00:14,,1:49:29,5:32:06
1468,2122,Gerd Pfister,M50-54,104,Open,United States,50:02,,2:48:50,,1:43:35,5:32:07
1469,5188,Mauren Solano,F25-29,36,Female,Costa Rica,32:10,,3:08:41,,1:45:35,5:32:08
1470,505,Tom Walters,M40-44,249,Open,United States,46:34,,2:53:45,,1:42:57,5:32:08
1471,1298,Abhinav Sharma,M30-34,217,Open,United States,35:57,,3:00:16,,1:48:59,5:32:09
1472,1380,Aaron Madden,M30-34,218,Open,Ireland,38:10,,2:55:34,,1:51:12,5:32:10
1473,4381,Nataly Jaramillo,F35-39,38,Female,Mexico,35:07,,3:01:58,,1:48:43,5:32:10
1474,4481,Lana Gobert,F35-39,39,Female,Aruba,41:58,,3:07:15,,1:36:11,5:32:10
1475,2107,Marco Papaleo,M50-54,105,Open,United States,44:56,,2:48:08,,1:51:18,5:32:12
1476,5135,Celia Keany,F25-29,37,Female,United States,28:07,,2:57:15,,2:00:14,5:32:18
1477,2169,Dallas Holverson,M50-54,106,Open,United States,40:35,,2:53:28,,1:50:16,5:32:21
1478,4693,Jessica Anello,F30-34,56,Female,United States,35:35,,3:04:32,,1:45:43,5:32:21
1479,1713,Marshall Martin,M55-59,46,Open,United States,37:30,,2:53:38,,1:55:17,5:32:22
1480,1958,RICHARD ST JOHN,M50-54,107,Open,United States,37:55,,2:58:17,,1:50:00,5:32:23
1481,557,Michael Nanoff,M40-44,250,Open,United States,38:29,,2:39:58,,2:06:47,5:32:24
1482,1376,Francois Peirin,M30-34,219,Open,France,38:50,,2:55:22,,1:51:14,5:32:25
1483,4608,Megan Flesch,F30-34,57,Female,United States,38:36,,2:59:00,,1:48:47,5:32:26
1484,2611,Brian Warzecha,M45-49,146,Open,United States,41:27,,2:59:36,,1:43:57,5:32:26
1485,1589,Doug Morris,M60-64,14,Open,United States,37:01,,3:00:29,,1:45:36,5:32:31
1486,2442,Chris Kopchak,M25-29,149,Open,United States,35:26,,3:01:43,,1:45:51,5:32:33
1487,2833,Jose Landaverde,M45-49,147,Open,Mexico,40:35,,3:00:58,,1:43:46,5:32:35
1488,2532,Cameron Neeley,M18-24,74,Open,United States,45:43,,3:02:35,,1:35:05,5:32:35
1489,4006,Katya Olivares Alvarez,F40-44,31,Female,Mexico,40:19,,3:11:39,,1:33:01,5:32:44
1490,5191,Rachel Farrell,F25-29,38,Female,Ireland,31:07,,3:01:27,,1:53:03,5:32:44
1491,2518,Nash Mahler,M18-24,75,Open,United States,38:18,,3:01:51,,1:46:06,5:32:47
1492,2145,Alfredo Forlani,M50-54,108,Open,Argentina,37:35,,3:00:22,,1:46:25,5:32:47
1493,2032,Kerry Mowlam,M50-54,109,Open,Australia,31:26,,2:55:19,,1:56:39,5:32:49
1494,324,Kyle Lewis,M40-44,251,Open,United States,32:30,,2:31:22,,2:19:38,5:32:49
1495,2678,Brian Patterson,M45-49,148,Open,United States,38:13,,2:59:21,,1:47:03,5:32:50
1496,984,Dan Black,M35-39,218,Open,United States,40:13,,2:42:39,,2:02:09,5:32:51
1497,4721,Katie Horan,F30-34,58,Female,United States,37:22,,2:50:38,,1:58:59,5:32:52
1498,4844,Ann Kaltenbaugh,F55-59,2,Female,United States,33:40,,2:58:00,,1:53:22,5:32:52
1499,509,Umit Vatansever,M40-44,252,Open,Turkey,35:30,,2:45:46,,2:04:10,5:32:54
1500,2099,Tim Brown,M50-54,110,Open,United States,33:38,,2:53:33,,1:56:42,5:32:55
1501,354,Matt Dunn,M40-44,253,Open,United States,31:14,,3:05:24,,1:47:35,5:32:59
1502,2400,Antonio Boullosa,M25-29,150,Open,Mexico,35:34,,3:01:13,,1:49:45,5:33:01
1503,704,Luis Duco,M35-39,219,Open,United States,36:12,,3:00:33,,1:48:49,5:33:02
1504,2920,Scott Fox,M45-49,149,Open,United States,45:12,,2:57:56,,1:41:59,5:33:02
1505,2700,Nicolas Gonzales Nagels,M45-49,150,Open,United States,35:12,,2:54:09,,1:56:10,5:33:04
1506,2652,Alexandro Ramirez,M45-49,151,Open,Mexico,35:43,,3:00:56,,1:47:47,5:33:06
1507,315,Andres Ruales,M40-44,254,Open,Colombia,35:00,,2:39:56,,2:08:25,5:33:07
1508,2054,Andy Peterson,M50-54,111,Open,United States,38:19,,2:52:59,,1:55:30,5:33:08
1509,2850,Will Sandul,M45-49,152,Open,United States,35:41,,2:52:16,,1:55:54,5:33:13
1510,1177,Misael Briones,M30-34,220,Open,Mexico,40:46,,2:54:07,,1:50:05,5:33:15
1511,436,Adam Froemming,M40-44,255,Open,United States,40:06,,2:55:13,,1:47:51,5:33:16
1512,1041,Christopher Watts,M35-39,220,Open,United States,33:44,,2:49:27,,2:02:47,5:33:19
1513,1183,Daniel Samaniego Montero,M30-34,221,Open,Ecuador,47:48,,2:44:31,,1:53:10,5:33:19
1514,292,Chris Williams,M40-44,256,Open,United States,36:40,,2:53:24,,1:55:33,5:33:20
1515,4483,Lindsey Mciver,F35-39,40,Female,United States,35:31,,3:02:04,,1:47:55,5:33:21
1516,5473,Allison Paul,F45-49,15,Female,United States,43:44,,2:57:32,,1:44:24,5:33:25
1517,1955,Kyle Stone,M50-54,112,Open,United States,44:26,,2:56:40,,1:42:56,5:33:28
1518,5142,Julie Fries,F25-29,39,Female,United States,31:57,,3:11:30,,1:42:13,5:33:30
1519,2845,Eric Tessmer,M45-49,153,Open,United States,42:03,,2:52:15,,1:48:25,5:33:32
1520,614,Mike Deridder,M40-44,257,Open,United States,36:58,,2:55:13,,1:53:14,5:33:34
1521,5037,Kristen Neimeth,F50-54,9,Female,United States,32:36,,2:54:56,,1:59:12,5:33:35
1522,5206,Melanie Henderson,F25-29,40,Female,South Africa,42:02,,2:50:06,,1:51:13,5:33:37
1523,1668,Craig Weymouth,M55-59,47,Open,Guam,35:41,,3:05:45,,1:43:26,5:33:41
1524,753,Mark Niebur,M35-39,221,Open,United States,35:14,,3:09:20,,1:41:05,5:33:43
1525,2091,Igor Veselov,M50-54,113,Open,Russian Federation,36:37,,2:54:15,,1:55:20,5:33:45
1526,4029,Maddie Durkin,F40-44,32,Female,Bermuda,31:34,,2:53:44,,2:01:37,5:33:45
1527,2524,Noah Brenny,M18-24,76,Open,United States,37:04,,3:01:08,,1:48:04,5:33:46
1528,2345,Ryan Lagreca,M25-29,151,Open,United States,40:34,,2:52:03,,1:52:27,5:33:46
1529,4178,Amber Stull,F40-44,33,Female,United States,34:57,,2:54:04,,1:59:24,5:33:47
1530,5374,Joanna Borowik,F45-49,16,Female,Poland,48:08,,2:44:39,,1:52:33,5:33:50
1531,236,Matias Palavecino,M40-44,258,Open,United States,32:25,,2:53:05,,2:01:00,5:33:51
1532,1832,Mark Ford,M55-59,48,Open,United States,34:46,,3:07:01,,1:43:42,5:33:55
1533,1185,Sean Ege,M30-34,222,Open,Turkey,38:26,,2:47:26,,2:00:28,5:33:59
1534,4333,Kaley Lanzetta,F35-39,41,Female,United States,31:01,,2:59:47,,1:54:45,5:34:03
1535,4719,Linda Schirmeister-Gess,F30-34,59,Female,Germany,44:18,,2:55:20,,1:46:51,5:34:06
1536,269,Daniel Welch,M40-44,259,Open,United States,42:11,,2:55:43,,1:48:18,5:34:07
1537,4472,Carrie Tysdahl,F35-39,42,Female,United States,36:30,,3:01:40,,1:49:11,5:34:12
1538,4667,Brittany Walsh,F30-34,60,Female,United States,35:46,,3:11:24,,1:37:53,5:34:13
1539,446,Randall Gonzalez,M40-44,260,Open,United States,40:38,,2:57:32,,1:47:13,5:34:14
1540,1325,Johnathan Duddleston,M30-34,223,Open,United States,36:38,,3:01:03,,1:49:53,5:34:16
1541,427,David Hibbs,M40-44,261,Open,United States,37:55,,2:59:59,,1:48:43,5:34:16
1542,1257,Bartolome De Caro,M30-34,224,Open,Venezuela,42:07,,2:56:12,,1:50:16,5:34:20
1543,1761,Rambert Philippe,M55-59,49,Open,Guatemala,47:18,,2:49:39,,1:49:12,5:34:21
1544,5201,Marissa Mcauliffe,F25-29,41,Female,United States,30:54,,2:59:37,,1:55:48,5:34:23
1545,5227,Ella Genasci Smith,F25-29,42,Female,United States,33:34,,2:54:24,,1:58:44,5:34:24
1546,4367,Perla Janet Perales Cazares,F35-39,43,Female,Mexico,42:56,,2:59:00,,1:45:41,5:34:25
1547,1384,Mike Alberico,M30-34,225,Open,United States,41:45,,2:49:13,,1:56:31,5:34:25
1548,5143,Diana Drew,F25-29,43,Female,United States,38:36,,2:51:20,,1:57:12,5:34:26
1549,4630,Rachel Clennell,F30-34,61,Female,United States,38:01,,2:47:28,,2:02:10,5:34:27
1550,2335,Mitchell Lefebvre,M25-29,152,Open,United States,31:18,,3:14:15,,1:39:38,5:34:31
1551,5121,Judith Bohnenkamp,F25-29,44,Female,Spain,40:06,,2:58:40,,1:47:05,5:34:36
1552,5557,Allison Lehnen,F35-39,44,Female,United States,35:18,,3:03:31,,1:47:39,5:34:38
1553,743,Nicolas Palacios,M35-39,222,Open,Chile,56:13,,2:51:10,,1:40:06,5:34:44
1554,4702,Yasmin Halawa,F30-34,62,Female,Egypt,37:39,,3:07:09,,1:41:35,5:34:46
1555,5363,Tanya Hitch,F45-49,17,Female,United States,29:20,,2:51:37,,1:59:47,5:34:48
1556,5242,Tristan Pike,F25-29,45,Female,United States,34:30,,2:58:22,,1:55:26,5:34:50
1557,4810,Julie Dunkle,F55-59,3,Female,United States,31:05,,2:52:08,,2:03:50,5:34:51
1558,1622,Rob Boyce,M55-59,50,Open,Australia,45:14,,2:56:17,,1:44:01,5:34:52
1559,4586,Katie Tyler,F30-34,63,Female,United States,39:58,,2:53:04,,1:55:17,5:34:55
1560,2060,Joseph Hicks,M50-54,114,Open,United States,44:46,,2:57:13,,1:46:07,5:34:56
1561,2522,Ryan Gebelein,M18-24,77,Open,United States,37:03,,3:09:56,,1:40:07,5:34:58
1562,917,Zeus Arreguin,M35-39,223,Open,United States,39:13,,3:07:26,,1:40:30,5:35:03
1563,1051,Marshall Tanner,M35-39,224,Open,United States,40:12,,2:53:34,,1:52:51,5:35:05
1564,2161,Jorge Ferreiro,M50-54,115,Open,Argentina,35:04,,3:00:10,,1:51:42,5:35:06
1565,340,Riley Irving,M40-44,262,Open,United States,44:17,,2:53:04,,1:45:16,5:35:07
1566,207,Oliver Scheiler,M40-44,263,Open,Germany,38:43,,2:44:45,,1:58:18,5:35:10
1567,4326,Krisztina Vaczi,F35-39,45,Female,Hungary,36:59,,3:05:13,,1:47:08,5:35:12
1568,1495,Sergio Peretti,M60-64,15,Open,Argentina,41:07,,2:54:11,,1:52:31,5:35:16
1569,429,Lloyd Gillespie,M40-44,264,Open,United States,36:46,,2:52:28,,1:58:17,5:35:19
1570,2960,Jeff Perham,M40-44,265,Open,United States,39:04,,2:57:17,,1:49:43,5:35:22
1571,1258,Alexander Mont,M30-34,226,Open,Peru,38:41,,2:59:54,,1:49:58,5:35:23
1572,821,Guy Volozinsky,M35-39,225,Open,United States,39:23,,2:59:30,,1:49:06,5:35:23
1573,5223,Evelyn Werking,F25-29,46,Female,United States,33:35,,3:00:56,,1:53:27,5:35:23
1574,2320,Nick Lam,M25-29,153,Open,Hong Kong,32:02,,3:00:30,,1:53:32,5:35:25
1575,928,Brent Taylor,M35-39,226,Open,United States,41:30,,3:01:11,,1:44:18,5:35:26
1576,2260,Juan Pablo Gonzalez,M25-29,154,Open,Mexico,34:28,,3:03:33,,1:50:29,5:35:28
1577,906,Teddy Galien,M35-39,227,Open,United States,45:20,,2:45:27,,1:58:46,5:35:31
1578,2445,Mark Hermes,M25-29,155,Open,United States,37:17,,2:56:17,,1:55:01,5:35:35
1579,1749,Stephen Helgemo,M55-59,51,Open,United States,38:21,,3:02:57,,1:46:36,5:35:38
1580,2836,Greg Cornforth,M45-49,154,Open,Canada,45:10,,3:00:26,,1:42:13,5:35:38
1581,737,Jon Espinel,M35-39,228,Open,United States,44:16,,2:54:33,,1:48:24,5:35:39
1582,558,Daniel Delepiani,M40-44,266,Open,Venezuela,39:27,,2:50:13,,1:58:22,5:35:40
1583,4566,Kaleigh Gibbons,F30-34,64,Female,United States,37:56,,3:11:39,,1:39:07,5:35:41
1584,5486,Marlene Zeug,F45-49,18,Female,United States,35:20,,2:51:45,,2:01:01,5:35:44
1585,1592,Mark Knaeps,M60-64,16,Open,Belgium,41:32,,2:59:02,,1:47:02,5:35:44
1586,1034,Ryan Siebeneck,M35-39,229,Open,United States,38:45,,2:52:43,,1:56:24,5:35:46
1587,2111,Gonzalez Martinez Jose Luis,M50-54,116,Open,Mexico,44:26,,3:05:11,,1:38:43,5:35:52
1588,2758,Guillermo Franco,M45-49,155,Open,Mexico,39:51,,2:57:29,,1:49:52,5:35:55
1589,1773,Sam Karliner,M55-59,52,Open,United States,47:32,,3:02:42,,1:37:36,5:36:01
1590,4205,Ana Andrade,F40-44,34,Female,Brazil,35:35,,2:57:10,,1:55:09,5:36:05
1591,2226,Michael Binkauskas,M25-29,156,Open,United States,31:00,,3:03:20,,1:53:37,5:36:05
1592,4645,Elizabeth Eser,F30-34,65,Female,United States,35:22,,2:57:27,,1:55:50,5:36:08
1593,2863,Brian Reeds,M45-49,156,Open,Canada,38:43,,2:54:27,,1:54:48,5:36:08
1594,723,Nicolas Calderon,M35-39,230,Open,Chile,46:05,,2:57:36,,1:43:24,5:36:09
1595,5293,Megan Coney,F18-24,20,Female,United States,32:48,,2:56:02,,2:00:33,5:36:09
1596,5197,Arianna Russo,F25-29,47,Female,Venezuela,37:47,,3:00:52,,1:49:44,5:36:11
1597,4350,Annette Rogers,F35-39,46,Female,United States,30:39,,3:02:54,,1:55:59,5:36:11
1598,5070,Tanya Houghton,F50-54,10,Female,United States,40:32,,2:51:44,,1:54:37,5:36:15
1599,879,Matthew Miller,M35-39,231,Open,United States,43:55,,2:54:32,,1:50:29,5:36:17
1600,2846,Brent Ruehlow,M45-49,157,Open,United States,43:49,,3:02:09,,1:40:49,5:36:18
1601,4548,Bailey Lawson,F30-34,66,Female,United States,46:51,,2:58:06,,1:42:17,5:36:22
1602,2722,Adrian Forbes,M45-49,158,Open,United States,39:33,,2:46:34,,2:02:46,5:36:23
1603,4583,Rachel Howe,F30-34,67,Female,United States,34:22,,3:00:58,,1:54:29,5:36:27
1604,1806,James Chriss,M55-59,53,Open,United States,37:58,,2:55:38,,1:55:43,5:36:29
1605,1340,Sachit Goyal,M30-34,227,Open,India,50:28,,2:49:51,,1:47:48,5:36:29
1606,1313,Joel Lemons,M30-34,228,Open,United States,38:13,,2:55:59,,1:54:59,5:36:29
1607,959,Jeremiah West,M35-39,232,Open,United States,50:29,,3:03:52,,1:30:18,5:36:32
1608,2533,Michael May,M18-24,78,Open,United States,37:44,,2:55:53,,1:56:09,5:36:33
1609,330,Rodrigo Londoño,M40-44,267,Open,Colombia,41:58,,3:09:02,,1:35:17,5:36:33
1610,4626,Kara Mosteller,F30-34,68,Female,United States,38:51,,2:58:21,,1:49:42,5:36:33
1611,4557,Ruthie Rosenberger,F30-34,69,Female,United States,34:24,,3:02:29,,1:52:25,5:36:33
1612,5435,Ali Rutledge,F45-49,19,Female,United States,33:35,,2:56:24,,1:56:21,5:36:41
1613,4960,Jennifer Scalise-Marinofsky,F50-54,11,Female,United States,30:13,,3:05:29,,1:53:25,5:36:41
1614,2367,Cole Higgins,M25-29,157,Open,United States,36:09,,2:58:48,,1:54:07,5:36:45
1615,2805,Diego Soto,M45-49,159,Open,United States,38:24,,2:52:03,,1:58:43,5:36:45
1616,2012,Aaron Mead,M50-54,117,Open,United States,38:06,,2:57:04,,1:53:12,5:36:47
1617,2406,Brandon Daley,M25-29,158,Open,United States,37:07,,3:04:09,,1:48:03,5:36:51
1618,1454,Taylor Walsh,M30-34,229,Open,United States,35:32,,2:56:19,,1:57:38,5:36:52
1619,1500,Garrett Brown,M60-64,17,Open,United States,43:27,,2:54:39,,1:49:05,5:36:52
1620,2440,Kevin Lassen,M25-29,159,Open,United States,35:51,,2:54:49,,1:56:18,5:36:53
1621,1039,Matthew Jenkinson,M35-39,233,Open,United States,39:18,,3:01:37,,1:48:44,5:36:54
1622,1488,Alex Breeden,M30-34,230,Open,United States,38:17,,2:57:38,,1:52:24,5:36:57
1623,2827,Todd Viens,M45-49,160,Open,United States,37:07,,2:56:46,,1:54:34,5:36:58
1624,1056,Charles Lester Iv,M35-39,234,Open,United States,39:35,,2:54:10,,1:56:53,5:37:00
1625,5140,Maria Caraveo,F25-29,48,Female,Mexico,37:26,,3:06:19,,1:46:14,5:37:07
1626,2753,Brian Crisp,M45-49,161,Open,United States,33:49,,2:58:26,,1:55:14,5:37:07
1627,2170,Jack Gesmundo,M50-54,118,Open,United States,35:49,,3:01:47,,1:52:01,5:37:11
1628,1689,Tom St.Clair,M55-59,54,Open,United States,34:47,,3:02:06,,1:51:15,5:37:17
1629,4713,Jordan Mccarthy,F30-34,70,Female,United States,42:13,,3:05:09,,1:42:11,5:37:17
1630,1328,Tony Maldonado,M30-34,231,Open,United States,35:15,,2:57:51,,1:57:21,5:37:20
1631,4436,Elizabeth Kniesly,F35-39,47,Female,United States,35:32,,3:03:23,,1:51:16,5:37:23
1632,1628,Joel Wendell,M55-59,55,Open,United States,41:19,,2:35:09,,2:10:13,5:37:24
1633,4620,Andrea Guevara,F30-34,71,Female,Colombia,43:52,,2:55:53,,1:49:50,5:37:24
1634,2627,Jason Kasprzak,M45-49,162,Open,United States,40:44,,3:00:58,,1:47:35,5:37:25
1635,1815,Geordie Edmiston,M55-59,56,Open,United States,39:54,,3:01:17,,1:48:03,5:37:25
1636,1836,Paul Stedman,M55-59,57,Open,United States,38:34,,3:00:30,,1:48:57,5:37:31
1637,5280,Amy Hanley,F18-24,21,Female,United States,33:21,,3:01:53,,1:52:56,5:37:32
1638,2369,Connor Wolfe,M25-29,160,Open,United States,37:20,,2:51:18,,2:01:47,5:37:35
1639,2316,Nathan HODGES,M25-29,161,Open,United States,49:08,,2:52:23,,1:41:48,5:37:35
1640,5202,Casey Wesson,F25-29,49,Female,United States,37:37,,2:50:46,,2:00:01,5:37:36
1641,1027,Carlos Omana,M35-39,235,Open,Venezuela,30:57,,2:55:15,,2:01:50,5:37:37
1642,1033,Mark Hagen,M35-39,236,Open,United States,41:09,,3:00:21,,1:47:54,5:37:38
1643,2008,Matthew Parris,M50-54,119,Open,United States,37:55,,2:58:33,,1:52:51,5:37:41
1644,2899,Rick Steele,M45-49,163,Open,United States,41:53,,2:55:20,,1:51:13,5:37:46
1645,1193,Samir Ceron Martinez,M30-34,232,Open,Colombia,45:08,,2:59:52,,1:43:49,5:37:46
1646,1653,Mark Hulbert,M55-59,58,Open,United States,53:25,,2:55:05,,1:41:42,5:37:47
1647,2257,Lukas Williams,M25-29,162,Open,United States,27:57,,2:57:23,,2:05:34,5:37:48
1648,4138,Mary Balfe,F40-44,35,Female,United States,32:11,,3:10:12,,1:47:24,5:37:56
1649,2098,Rich Cimadoro,M50-54,120,Open,United States,41:34,,2:50:05,,1:56:42,5:38:00
1650,1332,Cody Schlager,M30-34,233,Open,United States,45:11,,2:52:14,,1:48:58,5:38:00
1651,978,Santiago Allen,M35-39,237,Open,Argentina,42:55,,3:03:22,,1:43:12,5:38:01
1652,4118,Amy Gonzalez,F40-44,36,Female,United States,37:11,,3:03:33,,1:48:48,5:38:02
1653,4227,Holly Beavers,F40-44,37,Female,United States,34:48,,2:58:58,,1:56:19,5:38:02
1654,971,Matt Weig,M35-39,238,Open,United States,37:50,,2:43:26,,2:09:47,5:38:02
1655,405,Adam Hullinger,M40-44,268,Open,United States,34:22,,2:57:30,,1:56:01,5:38:04
1656,4447,Sarah Doneth,F35-39,48,Female,United States,38:41,,2:59:40,,1:52:38,5:38:06
1657,1032,Eric Napple,M35-39,239,Open,United States,36:15,,3:01:09,,1:52:37,5:38:08
1658,5335,Melisa Christian,F45-49,20,Female,United States,38:43,,3:02:44,,1:49:25,5:38:11
1659,1822,David Melohusky,M55-59,59,Open,United States,44:28,,2:50:32,,1:52:53,5:38:12
1660,2809,Bill Ogden,M45-49,164,Open,United States,40:19,,2:54:01,,1:54:12,5:38:17
1661,4939,Sandrine Zandotti,F50-54,12,Female,France,50:36,,2:46:05,,1:52:02,5:38:20
1662,2393,Brian Rountree,M25-29,163,Open,United States,41:25,,2:52:35,,1:53:16,5:38:20
1663,4181,Elizabeth Dansie,F40-44,38,Female,United States,44:13,,2:59:42,,1:45:53,5:38:21
1664,4335,Milagro Marino,F35-39,49,Female,Venezuela,39:04,,3:10:48,,1:42:18,5:38:31
1665,4576,Ruddy Hidalgo,F30-34,72,Female,Ecuador,37:58,,3:03:39,,1:49:22,5:38:31
1666,250,Juan Pablo Samayoa,M40-44,269,Open,United States,34:25,,2:50:35,,2:04:47,5:38:32
1667,1747,Keith Simmons,M55-59,60,Open,United States,42:19,,2:59:08,,1:47:56,5:38:34
1668,179,Kyle Brown,M50-54,121,Open,United States,46:16,,2:52:39,,1:52:18,5:38:35
1669,2608,Randy Clements,M45-49,165,Open,United States,40:00,,3:05:43,,1:44:38,5:38:35
1670,5195,hannah pennington,F25-29,50,Female,United States,39:21,,3:05:13,,1:45:44,5:38:38
1671,2176,Marion Herring,M50-54,122,Open,United States,31:07,,3:05:50,,1:51:38,5:38:39
1672,2847,Alex Ariza,M45-49,166,Open,Mexico,36:59,,2:58:38,,1:53:24,5:38:44
1673,4843,Suzanne Endsley,F55-59,4,Female,United States,43:20,,2:55:36,,1:50:13,5:38:48
1674,1210,Taylor Davis,M30-34,234,Open,United States,33:16,,3:02:50,,1:54:59,5:38:49
1675,827,Cody Tingle,M35-39,240,Open,United States,42:24,,2:49:37,,1:59:40,5:38:51
1676,4230,Rebecca Bader,F40-44,39,Female,United States,42:14,,3:03:32,,1:44:47,5:38:57
1677,2728,Mariano Driotes,M45-49,167,Open,El Salvador,40:27,,2:59:06,,1:50:27,5:38:59
1678,2028,Corby Bittner,M50-54,123,Open,United States,39:53,,2:52:09,,1:55:45,5:38:59
1679,4613,Kristi Schoen,F30-34,73,Female,United States,37:09,,2:47:05,,2:07:20,5:38:59
1680,5194,Rachel Lacek,F25-29,51,Female,United States,31:25,,3:12:02,,1:48:26,5:39:02
1681,4003,Isela Garcia,F40-44,40,Female,Mexico,32:22,,3:00:44,,1:57:26,5:39:06
1682,2934,Jordan Ouida,M45-49,168,Open,United States,38:57,,3:05:17,,1:46:27,5:39:08
1683,4478,Nancy Dadas,F35-39,50,Female,United States,39:33,,2:59:01,,1:53:09,5:39:11
1684,2616,Rodolfo Ocejo,M45-49,169,Open,Puerto Rico,39:09,,3:02:41,,1:47:19,5:39:11
1685,4035,Meghan Dirito,F40-44,41,Female,United States,30:14,,3:08:37,,1:51:42,5:39:12
1686,1230,Scott Donaldson,M30-34,235,Open,United States,40:35,,2:58:49,,1:52:54,5:39:14
1687,4330,Stephanie Melkonian,F35-39,51,Female,United States,33:46,,3:02:42,,1:55:27,5:39:14
1688,4433,Annabeth Dean,F35-39,52,Female,United States,41:41,,2:51:29,,1:57:02,5:39:15
1689,286,John Romais,M40-44,270,Open,United States,34:05,,3:06:35,,1:52:39,5:39:15
1690,4098,Theresa Graninger,F40-44,42,Female,United States,35:46,,3:05:36,,1:49:39,5:39:17
1691,4492,Audrey Maness,F35-39,53,Female,United States,40:49,,2:57:42,,1:51:35,5:39:18
1692,4234,Jami Otoole,F40-44,43,Female,United States,40:52,,2:56:02,,1:54:04,5:39:18
1693,2449,Jacob Wolmer,M18-24,79,Open,United States,45:48,,3:03:28,,1:42:52,5:39:23
1694,551,Daniel Tejada,M40-44,271,Open,Guatemala,39:19,,2:56:01,,1:55:50,5:39:24
1695,4182,Tamera Finley,F40-44,44,Female,Canada,40:35,,2:54:49,,1:55:16,5:39:25
1696,5141,Mariana Franco,F25-29,52,Female,Mexico,36:45,,2:59:58,,1:54:43,5:39:27
1697,1850,Jose Samayoa,M55-59,61,Open,El Salvador,34:12,,2:58:18,,1:58:10,5:39:27
1698,521,Michal Pruski,M40-44,272,Open,Switzerland,47:27,,2:45:05,,1:58:25,5:39:28
1699,2312,Pier Barinci,M25-29,164,Open,United States,39:47,,3:01:32,,1:50:50,5:39:30
1700,2922,James Dion,M45-49,170,Open,United States,44:26,,2:57:17,,1:49:15,5:39:41
1701,2234,Connor Lent,M25-29,165,Open,United States,34:08,,2:53:11,,2:06:27,5:39:44
1702,4606,Andrea Mitchell-Pasquale,F30-34,74,Female,United States,33:55,,3:00:09,,1:57:41,5:39:44
1703,916,Brendan Davis,M35-39,241,Open,United States,40:01,,3:02:27,,1:48:52,5:39:47
1704,4010,Barbara Mohn,F40-44,45,Female,Chile,46:09,,2:57:16,,1:47:14,5:39:50
1705,2770,Jeff Phillips,M45-49,171,Open,United States,40:01,,3:00:26,,1:49:37,5:39:50
1706,1235,Trevor Knowlton,M30-34,236,Open,United States,41:46,,2:58:00,,1:51:38,5:39:55
1707,4229,Kelly Cory,F40-44,46,Female,United States,40:57,,3:06:49,,1:44:27,5:39:57
1708,2769,Keith Norsym,M45-49,172,Open,United States,41:55,,2:48:41,,1:58:25,5:39:57
1709,5299,Leslie Homol,F18-24,22,Female,United States,35:01,,3:00:19,,1:58:48,5:39:59
1710,1807,Brendan Hemp,M55-59,62,Open,United States,39:06,,2:54:33,,1:56:57,5:39:59
1711,1386,Shray Kandhari,M30-34,237,Open,India,38:59,,3:04:10,,1:48:02,5:40:02
1712,4435,Brie Mcsherry,F35-39,54,Female,United States,42:00,,3:06:33,,1:41:02,5:40:10
1713,4081,Megan Mickelson,F40-44,47,Female,United States,41:24,,2:56:38,,1:54:12,5:40:14
1714,1378,Felipe Gomez,M30-34,238,Open,Brazil,41:04,,2:56:35,,1:53:00,5:40:16
1715,2790,Peter Schieck,M45-49,173,Open,United States,45:05,,2:57:49,,1:46:52,5:40:17
1716,4675,Jessica Alberico,F30-34,75,Female,United States,38:51,,3:00:26,,1:52:37,5:40:19
1717,2959,Tj Generoso,M35-39,242,Open,Philippines,47:23,,2:55:06,,1:50:52,5:40:19
1718,5312,Katerina Waller,F18-24,23,Female,Mexico,31:58,,3:10:50,,1:49:39,5:40:24
1719,4409,Lauren Bondly,F35-39,55,Female,United States,35:24,,3:06:01,,1:50:02,5:40:27
1720,1312,Daniel Syring,M30-34,239,Open,United States,39:25,,3:04:46,,1:49:06,5:40:31
1721,1413,Juan Jose Jaramillo Jaramillo,M30-34,240,Open,Ecuador,38:21,,3:04:08,,1:50:12,5:40:32
1722,1717,Shawn Johns,M55-59,63,Open,United States,35:39,,2:59:22,,1:55:54,5:40:33
1723,2223,Ryan Schultz,M25-29,166,Open,United States,28:28,,3:14:23,,1:48:50,5:40:42
1724,755,Tim Olson,M35-39,243,Open,United States,56:58,,2:42:38,,1:52:57,5:40:45
1725,2451,Devin Schmuckal,M18-24,80,Open,United States,30:41,,3:14:38,,1:49:08,5:40:46
1726,2783,Scott Smith,M45-49,174,Open,United States,42:31,,2:57:02,,1:51:57,5:40:49
1727,4290,Kc Northup,F35-39,56,Female,United States,35:43,,3:06:02,,1:50:53,5:40:50
1728,607,Robert Oslakovic,M40-44,273,Open,United States,42:41,,2:57:58,,1:51:05,5:40:51
1729,2428,Jay Wisniewski,M25-29,167,Open,United States,39:36,,3:06:11,,1:47:09,5:40:51
1730,5362,Amy Hite,F45-49,21,Female,United States,41:33,,2:56:16,,1:54:30,5:40:52
1731,2900,Jason Key,M45-49,175,Open,United States,37:53,,2:46:39,,2:07:51,5:41:04
1732,4223,Sarah Peltier,F40-44,48,Female,United States,39:40,,2:59:47,,1:53:58,5:41:08
1733,1073,Tommy Dodge,M65-69,3,Open,United States,41:43,,2:53:14,,1:58:45,5:41:19
1734,2693,Oleksandr Golovatyi,M45-49,176,Open,Ukraine,35:20,,2:59:07,,1:57:38,5:41:23
1735,4214,Shantel Pack,F40-44,49,Female,United States,45:13,,3:03:10,,1:46:02,5:41:24
1736,1362,Michael Stauffer,M30-34,241,Open,United States,44:38,,2:52:03,,1:57:05,5:41:25
1737,1902,Cyrille Collard,M50-54,124,Open,United States,36:35,,3:03:06,,1:53:10,5:41:25
1738,4206,Kristen Nichols,F40-44,50,Female,United States,37:46,,3:00:05,,1:56:00,5:41:26
1739,5485,Jennifer Temperley,F45-49,22,Female,United States,31:57,,2:52:53,,2:07:59,5:41:27
1740,2083,FERNANDO ANTONIO DEL SOLAR JUNCO,M50-54,125,Open,Chile,38:03,,2:58:58,,1:57:37,5:41:28
1741,5400,Fernanda Caio Da Fonseca Morganti,F45-49,23,Female,Brazil,43:01,,2:59:33,,1:50:25,5:41:28
1742,2192,Jonathan Ziegler,M50-54,126,Open,United States,43:16,,2:54:24,,1:54:22,5:41:35
1743,5526,Claudia Mccoy,F45-49,24,Female,United States,44:22,,3:02:17,,1:46:13,5:41:35
1744,1854,Pablo Izurieta Canova,M55-59,64,Open,Ecuador,32:11,,3:06:22,,1:51:30,5:41:37
1745,2038,Mike Deck,M50-54,127,Open,United States,44:23,,3:03:17,,1:46:16,5:41:38
1746,370,Gianfranco Chiurillo,M40-44,274,Open,United States,58:12,,2:54:35,,1:40:48,5:41:38
1747,1642,Ryan Mongan,M55-59,65,Open,United States,39:22,,3:01:39,,1:53:46,5:41:40
1748,4339,Christyn Gaa,F35-39,57,Female,United States,38:06,,2:51:55,,2:02:54,5:41:40
1749,2840,Michael Amazon,M45-49,177,Open,United States,36:30,,3:01:41,,1:55:13,5:41:43
1750,366,Thorsten Oelschlaeger,M40-44,275,Open,Germany,36:53,,2:47:01,,2:10:12,5:41:43
1751,4460,Sara Davis,F35-39,58,Female,United States,42:42,,2:56:06,,1:56:30,5:41:45
1752,5222,Sophia Staal,F25-29,53,Female,United States,38:08,,2:58:32,,1:55:48,5:41:46
1753,800,James Beaty,M35-39,244,Open,United States,35:18,,3:13:23,,1:44:26,5:41:46
1754,1460,Kevin Stumpf,M30-34,242,Open,Germany,41:38,,2:50:00,,1:59:36,5:41:46
1755,1484,Luis Arturo Rodas,M30-34,243,Open,Guatemala,42:10,,2:52:56,,1:58:40,5:41:46
1756,720,Jason Sheidler,M35-39,245,Open,United States,36:24,,2:57:48,,1:59:01,5:41:48
1757,4013,Marion Jeanne,F40-44,51,Female,France,37:40,,2:59:35,,1:57:10,5:41:48
1758,1708,Bob Schaller,M55-59,66,Open,United States,48:25,,3:00:12,,1:41:27,5:41:48
1759,4406,Kristin Kurokawa,F35-39,59,Female,United States,34:49,,2:59:49,,1:59:36,5:41:49
1760,2837,Neil Waldrop,M45-49,178,Open,United States,34:17,,2:56:10,,2:04:57,5:41:49
1761,2373,Matthew Ruis,M25-29,168,Open,United States,43:29,,2:59:40,,1:51:06,5:41:50
1762,4324,Jennie Zinchuk,F35-39,60,Female,United States,36:32,,2:54:03,,2:04:06,5:41:50
1763,915,Eduardo Ibarra,M35-39,246,Open,United States,43:01,,3:08:05,,1:43:57,5:41:51
1764,4362,Courtney Knapp,F35-39,61,Female,United States,40:21,,3:08:45,,1:45:19,5:41:52
1765,2951,Retzel Orquiza,M40-44,276,Open,Philippines,43:36,,2:57:56,,1:50:57,5:41:55
1766,2444,Ben Christ,M25-29,169,Open,United States,38:16,,3:03:40,,1:53:04,5:41:57
1767,4422,Venus Delfi,F35-39,62,Female,United States,38:01,,3:03:44,,1:54:14,5:41:58
1768,203,Shon Serles,M40-44,277,Open,United States,42:44,,2:51:21,,1:59:03,5:41:59
1769,1640,Paul Gallardo,M55-59,67,Open,United States,43:03,,3:02:23,,1:45:28,5:42:02
1770,1767,Gary Buss,M55-59,68,Open,United States,45:49,,3:00:23,,1:46:11,5:42:03
1771,2576,Brian Freeman,M45-49,179,Open,United States,39:15,,2:54:07,,1:59:04,5:42:04
1772,1911,Jt Quann,M50-54,128,Open,United States,30:39,,2:58:41,,2:00:30,5:42:04
1773,2718,Eric Walters,M45-49,180,Open,United States,36:18,,2:56:30,,2:01:44,5:42:06
1774,1319,Esaú Mena,M30-34,244,Open,Mexico,36:06,,2:59:56,,1:59:23,5:42:06
1775,5315,Anna Raschke,F18-24,24,Female,United States,38:58,,3:09:58,,1:45:39,5:42:07
1776,2737,Brian Kiscoe,M45-49,181,Open,United States,44:53,,2:51:27,,1:58:05,5:42:07
1777,344,Pedro Huguet,M40-44,278,Open,Costa Rica,44:44,,2:52:59,,1:57:43,5:42:08
1778,4183,Michaela Prehm,F40-44,52,Female,Germany,38:50,,2:59:56,,1:54:20,5:42:08
1779,4286,Kathryn Miller,F35-39,63,Female,United Kingdom,34:15,,2:45:50,,2:13:55,5:42:09
1780,517,Aaron Bales,M40-44,279,Open,United States,37:56,,2:58:23,,1:55:45,5:42:10
1781,2340,Timothy Hoff,M25-29,170,Open,Canada,32:57,,3:05:21,,1:55:04,5:42:10
1782,4536,Carla Malatesta,F30-34,76,Female,Chile,34:59,,3:03:45,,1:57:33,5:42:13
1783,242,Eric Slafky,M40-44,280,Open,United States,44:22,,2:56:59,,1:53:54,5:42:13
1784,1677,Dave Mortensen,M55-59,69,Open,United States,33:01,,3:05:03,,1:56:12,5:42:13
1785,2546,Trevor Graf,M18-24,81,Open,United States,38:40,,3:00:04,,1:56:51,5:42:14
1786,4404,Amanda Denney,F35-39,64,Female,United States,37:24,,3:05:20,,1:51:50,5:42:15
1787,754,Youssef Saigh,M35-39,247,Open,Morocco,40:02,,2:58:24,,1:57:27,5:42:16
1788,4224,Catiana Brayton,F40-44,53,Female,United States,36:41,,3:03:12,,1:55:24,5:42:17
1789,2714,Ryan Duckworth,M45-49,182,Open,United States,35:52,,2:48:00,,2:09:31,5:42:19
1790,4341,Casey Rapsky,F35-39,65,Female,United States,35:31,,3:01:57,,1:55:52,5:42:19
1791,432,Jonathan Tracy,M40-44,281,Open,United States,44:37,,2:51:15,,1:57:13,5:42:20
1792,500,Randy Rindlisbacher,M40-44,282,Open,United States,40:29,,2:54:15,,2:00:15,5:42:21
1793,2929,Javier Delgado,M45-49,183,Open,Colombia,45:59,,3:01:27,,1:46:23,5:42:23
1794,5211,Hunter Ralston,F25-29,54,Female,United States,38:23,,2:55:03,,2:02:07,5:42:24
1795,2081,Jason Lilly,M50-54,129,Open,United States,40:51,,3:05:09,,1:44:29,5:42:26
1796,2044,Duke Tucker,M50-54,130,Open,United States,35:21,,3:09:49,,1:48:54,5:42:33
1797,1644,Duane MORRISON,M55-59,70,Open,United States,35:26,,2:56:12,,2:02:27,5:42:35
1798,5522,erica ruge,F45-49,25,Female,United States,53:20,,2:50:07,,1:49:43,5:42:36
1799,2945,John KILBURN,M45-49,184,Open,United States,34:36,,2:58:28,,1:58:23,5:42:37
1800,2817,Eduardo Ballestero,M45-49,185,Open,Costa Rica,41:52,,3:12:32,,1:40:02,5:42:40
1801,4034,Daniela Morales-Bermudez,F40-44,54,Female,Peru,37:25,,3:05:47,,1:51:43,5:42:40
1802,445,Mauricio Rodriguez,M40-44,283,Open,Colombia,51:34,,3:00:22,,1:42:40,5:42:40
1803,1895,Joao Fuentes,M50-54,131,Open,Brazil,36:33,,2:59:57,,1:56:48,5:42:41
1804,4970,Helen Kim,F50-54,13,Female,United States,44:27,,2:51:39,,1:56:42,5:42:42
1805,2563,Jordan Wergiles,M18-24,82,Open,United States,39:43,,3:06:11,,1:46:09,5:42:46
1806,2377,Juan Sanchez,M25-29,171,Open,Ecuador,46:50,,2:56:05,,1:51:46,5:42:48
1807,2604,Lucas Smelser,M45-49,186,Open,United States,46:48,,3:08:54,,1:37:41,5:42:52
1808,341,Brian Dawson,M40-44,284,Open,United States,43:42,,2:56:46,,1:54:38,5:42:53
1809,987,Roberto Fantini,M35-39,248,Open,Mexico,41:13,,3:06:02,,1:47:07,5:42:55
1810,4140,Gin Fleming,F40-44,55,Female,United States,37:43,,2:59:59,,1:53:59,5:42:55
1811,4559,Monica Ruiz,F30-34,77,Female,Mexico,34:45,,3:02:32,,1:55:47,5:43:01
1812,1686,Troy Black,M55-59,71,Open,United States,49:00,,2:57:04,,1:47:51,5:43:04
1813,4689,Tiffany Townsend,F30-34,78,Female,United States,42:17,,2:59:49,,1:53:16,5:43:04
1814,5336,Jessica Rogers,F45-49,26,Female,United States,47:26,,2:55:40,,1:51:51,5:43:06
1815,5233,Lois Pickering,F25-29,55,Female,Australia,37:30,,3:06:51,,1:50:58,5:43:07
1816,1400,Christopher Sakacs,M30-34,245,Open,United States,31:47,,3:06:13,,1:56:43,5:43:09
1817,1508,Richard Jansik,M60-64,18,Open,United States,42:50,,2:52:20,,2:00:12,5:43:09
1818,1636,Robert Toth,M55-59,72,Open,United States,36:31,,3:03:24,,1:52:18,5:43:11
1819,4453,Samantha Mohan,F35-39,66,Female,United States,39:51,,2:57:25,,1:59:00,5:43:11
1820,2679,Scott Goodrich,M45-49,187,Open,United States,1:05:29,,2:46:39,,1:44:14,5:43:16
1821,5521,Martine Daudelin,F45-49,27,Female,Canada,46:23,,2:57:21,,1:52:56,5:43:19
1822,2134,Mark Lowney,M50-54,132,Open,United States,30:09,,3:11:23,,1:49:36,5:43:21
1823,2165,Matthew Cressa,M50-54,133,Open,United States,36:22,,3:03:38,,1:55:06,5:43:27
1824,1912,John Uribe,M50-54,134,Open,Colombia,52:24,,3:01:01,,1:41:30,5:43:32
1825,575,Richard Bruner,M40-44,285,Open,United States,52:46,,3:04:50,,1:34:08,5:43:33
1826,540,Ryan Meek,M40-44,286,Open,United States,47:00,,3:01:14,,1:46:38,5:43:34
1827,1766,Lee Johnson,M55-59,73,Open,United States,38:45,,3:03:37,,1:51:01,5:43:35
1828,4661,Daniela Rodriguez,F30-34,79,Female,Colombia,42:54,,3:07:27,,1:42:47,5:43:36
1829,1663,Thomas Gessner,M55-59,74,Open,Germany,40:15,,3:01:54,,1:51:20,5:43:37
1830,1987,Luiz Innecco De Castro,M50-54,135,Open,United States,35:11,,3:05:13,,1:55:41,5:43:37
1831,2620,Chad Hanson,M45-49,188,Open,United States,42:30,,3:07:05,,1:45:02,5:43:39
1832,801,Michael Marquardt,M35-39,249,Open,United States,37:24,,3:01:46,,1:55:20,5:43:42
1833,2716,Brian Wood,M45-49,189,Open,United States,34:19,,3:05:34,,1:56:07,5:43:42
1834,585,John Dougherty,M40-44,287,Open,United States,37:46,,2:48:58,,2:06:54,5:43:43
1835,368,Gonzalo Prada,M40-44,288,Open,Chile,38:38,,2:54:18,,2:01:03,5:43:44
1836,5136,Kaley Cohen,F25-29,56,Female,United States,32:41,,3:07:27,,1:55:59,5:43:48
1837,4936,Fernanda Nunez,F50-54,14,Female,Argentina,35:34,,3:02:35,,1:58:09,5:43:49
1838,1754,Patrick Louchouarn,M55-59,75,Open,United States,42:28,,2:53:30,,2:00:30,5:43:50
1839,4082,Lauren Van Allen,F40-44,56,Female,United States,34:40,,3:11:32,,1:49:59,5:43:55
1840,4297,Olena Slobodyan,F35-39,67,Female,Ukraine,37:03,,3:04:22,,1:54:26,5:43:58
1841,2688,Jeff Vanpeenen,M45-49,190,Open,United States,47:05,,2:57:58,,1:48:17,5:43:58
1842,4708,Kelsey Bucher,F30-34,80,Female,United States,28:47,,3:00:25,,2:05:40,5:43:58
1843,2343,Marquez Swiger,M25-29,172,Open,United States,39:08,,3:03:34,,1:52:00,5:44:00
1844,2677,John Hohenberger,M45-49,191,Open,United States,39:55,,3:04:08,,1:51:07,5:44:08
1845,4593,Michelle Hedrich,F30-34,81,Female,United States,33:11,,3:04:51,,1:59:00,5:44:11
1846,1119,John James,M65-69,4,Open,United States,43:43,,3:05:07,,1:47:50,5:44:17
1847,548,Omar Eduardo Biaggini Paredes,M40-44,289,Open,Venezuela,39:15,,3:08:37,,1:48:24,5:44:17
1848,5515,Suzy Thomas,F45-49,28,Female,United States,31:32,,3:02:11,,2:03:17,5:44:19
1849,1602,Alden Philbrick,M60-64,19,Open,United States,38:11,,2:58:37,,1:57:25,5:44:21
1850,2070,Clark Bayles,M50-54,136,Open,United States,42:08,,2:57:52,,1:55:58,5:44:21
1851,4651,Olivia Kalmanson,F30-34,82,Female,United States,39:11,,3:04:09,,1:52:31,5:44:23
1852,4617,Kelly Tran,F30-34,83,Female,United States,38:55,,2:59:36,,1:57:59,5:44:23
1853,2749,Javier Fungairino,M45-49,192,Open,Venezuela,35:12,,3:00:30,,1:58:45,5:44:24
1854,882,Nathan Arvidson,M35-39,250,Open,United States,42:34,,3:01:32,,1:51:37,5:44:26
1855,2619,Curry Gallagher,M45-49,193,Open,United States,49:06,,2:57:58,,1:44:16,5:44:29
1856,2139,Tyrone Dunson,M50-54,137,Open,United States,43:03,,2:54:41,,1:54:31,5:44:30
1857,4166,Anna Demopoulos,F40-44,57,Female,United States,36:29,,3:07:26,,1:53:21,5:44:31
1858,2916,Jeff Godman,M45-49,194,Open,United States,44:58,,2:56:17,,1:53:58,5:44:36
1859,1975,Scott Linfoot,M50-54,138,Open,Canada,41:49,,2:55:54,,1:55:27,5:44:36
1860,2375,Jason Hardman,M25-29,173,Open,United States,38:38,,3:04:16,,1:50:15,5:44:38
1861,4563,Deana Jagielo,F30-34,84,Female,United States,42:53,,3:07:16,,1:46:25,5:44:38
1862,2384,Sam Holness,M25-29,174,Open,United Kingdom,36:59,,3:04:52,,1:53:56,5:44:39
1863,4250,Alejandra Morales,F40-44,58,Female,Mexico,47:17,,3:05:22,,1:44:24,5:44:43
1864,5409,Elizabeth Conklin,F45-49,29,Female,United States,34:49,,3:09:23,,1:52:09,5:44:47
1865,2108,Sergey Shvygin,M50-54,139,Open,United States,43:23,,3:07:19,,1:45:19,5:44:52
1866,4738,Sue Pope,F60-64,2,Female,United States,38:30,,2:57:22,,2:00:12,5:44:53
1867,1840,Inaki Mazarredo Barandica,M55-59,76,Open,Spain,45:49,,3:02:20,,1:49:10,5:44:57
1868,4364,Montserrat Zaragoza Verde,F35-39,68,Female,Mexico,32:25,,3:14:35,,1:50:44,5:44:57
1869,1364,Rafael Tigreros,M30-34,246,Open,United States,39:19,,3:11:02,,1:46:41,5:45:00
1870,2713,Jason Izworski,M45-49,195,Open,United States,45:18,,3:02:52,,1:49:06,5:45:05
1871,4377,Jennifer Stanton,F35-39,69,Female,United States,34:21,,3:05:38,,1:57:18,5:45:05
1872,449,Matt Briggs,M40-44,290,Open,United States,44:10,,2:59:50,,1:50:41,5:45:06
1873,2276,Steven Sutherland,M25-29,175,Open,United States,32:45,,2:59:03,,2:05:27,5:45:07
1874,592,Paul Bradford,M40-44,291,Open,United States,41:40,,2:55:14,,2:00:42,5:45:11
1875,4778,Janie White,F60-64,3,Female,United States,39:59,,2:56:27,,2:00:58,5:45:15
1876,4475,Ashley Bigler,F35-39,70,Female,United States,41:43,,3:02:04,,1:52:05,5:45:17
1877,2803,Emerson Wander Silva Soares,M45-49,196,Open,Brazil,47:39,,2:57:37,,1:51:25,5:45:27
1878,1997,Greg Rich,M50-54,140,Open,United States,41:06,,3:02:09,,1:54:02,5:45:27
1879,2768,Gregory Puzio,M45-49,197,Open,Poland,33:22,,2:51:43,,2:14:04,5:45:27
1880,2648,George Marut,M45-49,198,Open,United States,41:33,,2:58:46,,1:55:24,5:45:29
1881,2789,Matt Weaver,M45-49,199,Open,United States,39:57,,3:00:05,,1:55:34,5:45:29
1882,4228,Marina Smit,F40-44,59,Female,South Africa,53:12,,3:03:17,,1:40:07,5:45:30
1883,4941,Friederike Edelmann,F50-54,15,Female,Germany,33:20,,3:08:15,,1:56:57,5:45:32
1884,932,Willy Larreal,M35-39,251,Open,Venezuela,37:36,,3:07:34,,1:51:31,5:45:33
1885,4631,Kerrianne Sanicola,F30-34,85,Female,United States,35:08,,2:59:28,,2:02:25,5:45:35
1886,758,Francisco Ceron,M35-39,252,Open,Colombia,37:25,,3:07:49,,1:53:16,5:45:38
1887,2691,Ramon Gutierrez,M45-49,200,Open,Venezuela,46:35,,3:06:55,,1:46:12,5:45:38
1888,4473,Laura Aykroyd,F35-39,71,Female,United States,38:35,,2:58:53,,1:57:12,5:45:40
1889,2583,Joao De Moraes Dantas Reimao,M45-49,201,Open,Brazil,36:29,,2:51:52,,2:08:10,5:45:43
1890,2138,Bryan Baker,M50-54,141,Open,United States,36:57,,3:05:49,,1:52:20,5:45:48
1891,531,Jesse Funderburk,M40-44,292,Open,United States,50:00,,2:43:00,,2:02:25,5:45:49
1892,2195,Erik Marter,M50-54,142,Open,United States,35:48,,2:50:53,,2:11:02,5:45:55
1893,2969,Ildar Mannapov,M30-34,247,Open,United States,39:13,,3:04:55,,1:55:39,5:45:56
1894,2043,Lance Jones,M50-54,143,Open,New Zealand,35:30,,3:06:32,,1:52:47,5:46:01
1895,4602,Ashley Anderson,F30-34,86,Female,United States,32:18,,3:07:07,,1:58:40,5:46:01
1896,4828,Tara Sheetz,F55-59,5,Female,United States,40:51,,2:57:01,,1:59:26,5:46:04
1897,1345,Steven Preston,M30-34,248,Open,United States,48:59,,3:15:00,,1:24:00,5:46:05
1898,4014,Raquel Torres,F40-44,60,Female,Dominican Republic,29:07,,3:00:20,,2:08:27,5:46:05
1899,227,Alejandro Hernandez Torres,M40-44,293,Open,Mexico,45:42,,3:10:22,,1:41:58,5:46:08
1900,4988,Rachel Crunk,F50-54,16,Female,United States,45:07,,2:57:45,,1:55:11,5:46:08
1901,5340,Bonnie Branson,F45-49,30,Female,United States,48:03,,2:52:20,,1:51:16,5:46:08
1902,5263,Peyton Hisel,F18-24,25,Female,United States,36:13,,3:07:55,,1:56:07,5:46:17
1903,822,George Lincoln,M35-39,253,Open,United States,41:01,,3:02:05,,1:55:24,5:46:25
1904,1952,Luis Pereira,M50-54,144,Open,Portugal,37:56,,3:03:55,,1:57:02,5:46:39
1905,1990,Gary Keith,M50-54,145,Open,United States,34:10,,3:04:44,,2:00:05,5:46:41
1906,2069,Paul Dopp,M50-54,146,Open,United States,35:22,,3:04:54,,1:57:31,5:46:44
1907,2436,Kyle Fredrickson,M25-29,176,Open,United States,39:42,,2:55:31,,2:01:58,5:46:44
1908,5145,Silvia Selická,F25-29,57,Female,Slovakia,42:34,,2:58:12,,1:56:42,5:46:48
1909,2909,Bart Preston,M45-49,202,Open,United States,46:39,,2:52:47,,1:55:34,5:46:49
1910,4956,Jodie Taylor,F50-54,17,Female,United States,39:34,,3:02:25,,1:53:11,5:46:49
1911,2478,Andrew Bainbridge,M18-24,83,Open,United States,37:31,,3:10:00,,1:51:20,5:46:51
1912,1553,Michael Van Skaik,M60-64,20,Open,United States,43:16,,2:55:18,,2:00:04,5:46:52
1913,2187,Jeff Lipschultz,M50-54,147,Open,United States,39:10,,3:03:06,,1:53:35,5:46:59
1914,4639,Amelia Kane-Hester,F30-34,87,Female,United States,37:03,,3:12:29,,1:50:23,5:47:02
1915,289,Charlie Risen,M40-44,294,Open,United States,35:21,,3:08:55,,1:54:29,5:47:05
1916,1067,David Concepcion,M35-39,254,Open,Venezuela,38:33,,3:05:38,,1:54:00,5:47:05
1917,837,Abdulrahman Al Hosani,M35-39,255,Open,United Arab Emirates,40:54,,3:10:40,,1:48:45,5:47:08
1918,1064,Daniel Dolan,M35-39,256,Open,United States,39:53,,3:04:49,,1:50:30,5:47:10
1919,2443,Alexander Van Grootel,M25-29,177,Open,Netherlands,31:47,,3:05:43,,2:01:31,5:47:12
1920,2200,Gary Lancaster,M50-54,148,Open,United Kingdom,41:02,,3:02:22,,1:55:24,5:47:17
1921,925,Devin Wilcox,M35-39,257,Open,United States,47:32,,3:04:35,,1:49:29,5:47:19
1922,913,Jerett Gordon,M35-39,258,Open,United States,35:10,,3:13:55,,1:51:55,5:47:21
1923,5266,Julia Rodriguez,F18-24,26,Female,Mexico,36:17,,3:03:45,,1:58:37,5:47:22
1924,4937,Carmen Ruiz,F50-54,18,Female,Mexico,38:31,,3:02:35,,1:55:39,5:47:22
1925,4635,Kathleen Pettinato,F30-34,88,Female,United States,35:33,,3:07:49,,1:56:59,5:47:24
1926,5390,Jane Pilger,F45-49,31,Female,United States,33:14,,2:55:53,,2:08:26,5:47:25
1927,2153,Brad Ellis,M50-54,149,Open,United States,46:53,,2:58:26,,1:50:38,5:47:25
1928,2685,John Zirkelbach,M45-49,203,Open,United States,34:55,,3:00:24,,2:03:06,5:47:26
1929,4813,Heidi O'shea,F55-59,6,Female,United States,37:00,,3:08:34,,1:54:25,5:47:26
1930,2848,Arturo Diaz,M45-49,204,Open,Mexico,40:11,,3:00:37,,1:56:23,5:47:27
1931,587,Matthew Ward,M40-44,295,Open,United States,40:31,,3:02:33,,1:53:54,5:47:27
1932,1835,Craig Zelent,M55-59,77,Open,United States,40:40,,3:09:56,,1:48:19,5:47:28
1933,2470,Lucas Shelton,M18-24,84,Open,United States,39:02,,3:02:48,,1:58:30,5:47:38
1934,255,Joseph Dollar,M40-44,296,Open,United States,39:26,,3:09:36,,1:50:01,5:47:39
1935,2594,Yacceri Leal,M45-49,205,Open,United States,29:28,,2:59:47,,2:07:48,5:47:39
1936,1516,Michael Re,M60-64,21,Open,United States,39:41,,3:04:14,,1:56:18,5:47:40
1937,342,Lee Albrecht,M40-44,297,Open,United States,45:47,,3:00:42,,1:54:55,5:47:45
1938,5180,Savannah Carson,F25-29,58,Female,United States,31:59,,3:01:02,,2:08:06,5:47:47
1939,1169,Lucas Schonfeld,M30-34,249,Open,United States,36:44,,3:02:41,,1:54:09,5:47:53
1940,5119,Michelle Nagle,F25-29,59,Female,Ireland,40:39,,3:02:20,,1:57:43,5:47:57
1941,2575,Irvin Campbell,M45-49,206,Open,United States,49:23,,2:57:31,,1:52:12,5:47:58
1942,1299,Kyle Dacey,M30-34,250,Open,United States,41:18,,3:07:16,,1:50:39,5:47:59
1943,746,Anthony Rose,M35-39,259,Open,United States,36:28,,3:03:17,,1:59:54,5:47:59
1944,1988,Steve Ouwinga,M50-54,150,Open,United States,36:04,,3:00:12,,2:03:39,5:48:04
1945,4463,Fiona Martin,F35-39,72,Female,United States,34:02,,3:07:31,,1:57:43,5:48:07
1946,361,James Courtney,M40-44,298,Open,Australia,49:34,,3:05:58,,1:43:14,5:48:09
1947,2057,Donnie Robinson,M50-54,151,Open,United States,41:45,,2:59:30,,1:55:34,5:48:10
1948,5018,Jessica Bibza,F50-54,19,Female,United States,40:07,,3:00:57,,1:58:19,5:48:10
1949,5278,Sydney Clark,F18-24,27,Female,United States,33:34,,3:16:04,,1:49:27,5:48:11
1950,5331,Dove Erich,F45-49,32,Female,United States,42:16,,3:02:22,,1:54:28,5:48:11
1951,4730,Kate Du Mez,F30-34,89,Female,United States,37:50,,3:04:33,,1:56:26,5:48:14
1952,2228,Christian Lewis,M25-29,178,Open,United States,41:03,,3:08:27,,1:51:54,5:48:19
1953,4385,Erika Patterson,F35-39,73,Female,United States,35:51,,3:06:33,,1:58:19,5:48:20
1954,5388,Dana Dambrauskas,F45-49,33,Female,United States,43:05,,3:00:55,,1:55:08,5:48:28
1955,2870,Norman OReilly,M45-49,207,Open,Canada,34:50,,3:05:39,,1:58:47,5:48:28
1956,4852,Karin Peters,F55-59,7,Female,United States,43:17,,2:54:21,,2:03:48,5:48:29
1957,687,Anthony Rochette,M35-39,260,Open,France,48:34,,2:47:10,,2:03:15,5:48:30
1958,2624,Jacob Leeling,M45-49,208,Open,United States,42:03,,3:10:04,,1:47:34,5:48:35
1959,4643,Kara Lombardo,F30-34,90,Female,United States,46:16,,3:01:50,,1:51:36,5:48:38
1960,1292,Drew Magid,M30-34,251,Open,United States,37:59,,3:12:06,,1:50:26,5:48:40
1961,2565,Pearce Kieser,M18-24,85,Open,United States,28:19,,3:10:59,,1:58:08,5:48:45
1962,4684,Rosanne Kelley,F30-34,91,Female,United States,43:42,,2:59:51,,1:56:50,5:48:45
1963,4320,Christine Krueger,F35-39,74,Female,United States,37:42,,3:05:52,,1:57:11,5:48:47
1964,1507,Brian Leighton,M60-64,22,Open,United States,36:58,,2:53:25,,2:09:53,5:48:47
1965,2698,camilo garcia,M45-49,209,Open,United States,32:03,,3:06:11,,2:02:11,5:48:48
1966,1030,Luke Norman,M35-39,261,Open,United States,47:00,,3:04:39,,1:48:48,5:48:50
1967,5239,Jessica Pessoa,F25-29,60,Female,Brazil,33:23,,3:00:49,,2:05:49,5:48:53
1968,603,Mitch Felton,M40-44,299,Open,United States,43:28,,2:59:45,,1:58:53,5:48:53
1969,4948,Katie Cassiday,F50-54,20,Female,United States,42:42,,2:52:29,,2:04:21,5:48:54
1970,2131,Ken Koppenhaver,M50-54,152,Open,United States,32:53,,3:05:12,,1:58:53,5:48:55
1971,2645,Sean Bowman,M45-49,210,Open,United States,37:13,,3:04:43,,1:56:52,5:48:57
1972,5024,Emese Möhring,F50-54,21,Female,Hungary,33:28,,3:03:44,,2:04:18,5:48:58
1973,5505,Veronica Mancheno,F45-49,34,Female,Ecuador,48:24,,3:04:28,,1:46:52,5:49:03
1974,1808,Ted Albertson,M55-59,78,Open,United States,52:26,,2:58:55,,1:45:09,5:49:04
1975,2773,Jay Meadows,M45-49,211,Open,United States,37:32,,2:50:44,,2:11:58,5:49:05
1976,4809,Stacia Wilkins,F55-59,8,Female,United States,39:25,,3:03:47,,1:56:52,5:49:05
1977,2804,Carlos Torres,M45-49,212,Open,United States,55:53,,2:48:42,,1:57:20,5:49:08
1978,4808,Sue Rubens,F55-59,9,Female,United States,41:12,,3:05:55,,1:54:10,5:49:09
1979,2203,CHIEN CHOU CHEN,M25-29,179,Open,Taiwan,47:34,,3:02:22,,1:51:43,5:49:10
1980,4077,Veronica Peña Barajas,F40-44,61,Female,Mexico,30:29,,3:12:14,,1:58:59,5:49:10
1981,1719,Rob Tucker,M55-59,79,Open,United States,40:08,,3:03:56,,1:54:47,5:49:11
1982,1405,Jonathan Sorocki,M30-34,252,Open,United States,34:12,,3:19:28,,1:48:15,5:49:13
1983,1578,Rodrigo Danioni,M60-64,23,Open,Chile,34:18,,3:03:05,,2:00:53,5:49:15
1984,1025,Justin Dorn,M35-39,262,Open,United States,40:21,,2:53:57,,2:07:44,5:49:17
1985,2474,Nathan Tardif,M18-24,86,Open,Canada,36:23,,3:01:32,,2:04:21,5:49:18
1986,4141,Lindsay Leigh,F40-44,62,Female,United States,32:56,,3:03:55,,2:05:19,5:49:19
1987,2127,Charles Koskovich,M50-54,153,Open,United States,42:40,,3:01:45,,1:54:03,5:49:20
1988,5025,Sabra Hanson,F50-54,22,Female,United States,34:10,,3:07:50,,1:54:25,5:49:20
1989,4399,Diana Garrido,F35-39,75,Female,Ecuador,38:19,,3:14:45,,1:49:29,5:49:24
1990,1666,Patric LAGER,M55-59,80,Open,United States,51:43,,3:04:26,,1:43:30,5:49:26
1991,2852,Juan Rodriguez,M45-49,213,Open,Puerto Rico,44:45,,2:59:07,,1:56:58,5:49:27
1992,2029,Daniel Trujillo,M50-54,154,Open,Argentina,49:43,,3:11:08,,1:42:08,5:49:30
1993,4658,Estefania Ibuado,F30-34,92,Female,Mexico,36:26,,2:55:54,,2:09:03,5:49:31
1994,5357,Marcela Alvarez,F45-49,35,Female,Mexico,35:24,,3:02:16,,2:03:50,5:49:33
1995,2464,Daniel Pulido,M18-24,87,Open,United States,39:30,,2:59:52,,1:58:06,5:49:40
1996,4628,Bobby Lee,F30-34,93,Female,United States,28:43,,3:13:09,,1:59:13,5:49:41
1997,2602,Jeremy Amy,M45-49,214,Open,United States,49:09,,2:59:18,,1:54:22,5:49:42
1998,4878,Cindy Duby,F55-59,10,Female,United States,36:37,,2:58:59,,2:05:22,5:49:43
1999,1667,Frank Kaiser,M55-59,81,Open,United States,36:21,,2:56:40,,2:08:27,5:49:43
2000,4047,Sara Cherry,F40-44,63,Female,United States,34:12,,3:13:46,,1:53:29,5:49:43
2001,4119,Hilda Gallegos,F40-44,64,Female,Mexico,41:55,,3:08:30,,1:52:27,5:49:44
2002,5175,Alexa Scheel,F25-29,61,Female,United States,31:58,,3:04:12,,2:06:22,5:49:45
2003,4977,Heidi Schmitt,F50-54,23,Female,United States,38:24,,3:07:03,,1:56:28,5:49:45
2004,4121,Vanessa De Los Heros,F40-44,65,Female,Bolivia,43:29,,3:08:31,,1:49:19,5:49:45
2005,2695,Andrew Mickelson,M45-49,215,Open,United States,37:37,,2:53:27,,2:07:16,5:49:46
2006,1968,travis richards,M50-54,155,Open,United States,40:55,,3:04:42,,1:56:07,5:49:49
2007,962,Darryl Parulan,M35-39,263,Open,Philippines,45:43,,3:03:27,,1:54:34,5:49:51
2008,2030,Torry Brennan,M50-54,156,Open,United States,37:44,,3:10:07,,1:51:11,5:49:51
2009,5503,Tracy Heath,F45-49,36,Female,United States,37:09,,2:58:22,,2:04:12,5:49:52
2010,2237,Zachary Harper,M25-29,180,Open,United States,52:17,,2:59:17,,1:48:51,5:50:01
2011,1986,Frank Verholen,M50-54,157,Open,Switzerland,35:35,,2:58:09,,2:08:28,5:50:02
2012,4179,Kate Guy,F40-44,66,Female,Canada,49:57,,3:07:52,,1:43:06,5:50:03
2013,2562,David Posawatz,M18-24,88,Open,United States,38:09,,3:10:11,,1:53:22,5:50:06
2014,4420,Laura Zanardini,F35-39,76,Female,Italy,30:37,,3:12:34,,1:59:36,5:50:08
2015,4550,Gabriela Gomez,F30-34,94,Female,United States,41:42,,3:01:59,,1:59:49,5:50:09
2016,2756,Stephen Horan,M45-49,216,Open,United States,45:01,,3:03:10,,1:53:14,5:50:11
2017,1753,Alex Smith,M55-59,82,Open,United States,42:11,,3:03:08,,1:56:21,5:50:13
2018,4415,Briana Lowen,F35-39,77,Female,United States,37:40,,3:15:51,,1:49:19,5:50:13
2019,2096,Michael Melville,M50-54,158,Open,United States,35:35,,3:06:01,,1:56:38,5:50:15
2020,884,Patrick Marsch,M35-39,264,Open,United States,41:07,,3:11:00,,1:51:10,5:50:16
2021,1905,Mikhail Petrovskikh,M50-54,159,Open,United States,43:52,,3:05:46,,1:51:49,5:50:19
2022,1407,Donald Bird,M30-34,253,Open,United States,53:25,,3:10:14,,1:37:30,5:50:20
2023,2066,George Bene,M50-54,160,Open,United States,45:04,,3:12:53,,1:43:53,5:50:25
2024,4232,Jennifer Finotti-Sheppard,F40-44,67,Female,United States,29:18,,2:59:55,,2:13:38,5:50:26
2025,2566,Sergio Gaytan,M45-49,217,Open,Mexico,43:39,,3:04:25,,1:52:51,5:50:32
2026,288,Andreas Harkort,M40-44,300,Open,Germany,49:34,,3:00:23,,1:52:21,5:50:32
2027,1076,Bill Reese,M65-69,5,Open,United States,39:25,,3:12:30,,1:49:28,5:50:33
2028,2930,Maximiliano Valderrama Espinosa,M45-49,218,Open,Colombia,42:45,,2:52:57,,2:03:15,5:50:36
2029,4601,Lidia Bury,F30-34,95,Female,United States,35:50,,3:03:12,,2:02:51,5:50:38
2030,2062,Mark Piccone,M50-54,161,Open,United States,45:44,,3:07:42,,1:48:15,5:50:38
2031,350,Chris Herrington,M40-44,301,Open,United States,37:14,,2:56:00,,2:05:39,5:50:38
2032,590,Tom Hanselman,M40-44,302,Open,United States,44:32,,2:56:26,,1:57:07,5:50:40
2033,4096,Melyssa Brochu,F40-44,68,Female,Canada,39:28,,3:04:48,,1:58:50,5:50:40
2034,1074,Larry Costantino,M65-69,6,Open,United States,39:34,,3:10:35,,1:52:15,5:50:50
2035,1909,James Thornton,M50-54,162,Open,United States,37:38,,3:10:52,,1:54:03,5:50:52
2036,1730,Keith Melvin,M55-59,83,Open,United States,40:09,,3:08:28,,1:54:10,5:50:57
2037,4133,Jamie Lake,F40-44,69,Female,United States,38:04,,3:03:31,,2:01:54,5:50:59
2038,2889,Tomas Ibanez,M45-49,219,Open,Spain,39:47,,3:15:02,,1:47:39,5:51:01
2039,1054,Hawnwan Moy,M35-39,265,Open,United States,44:37,,2:57:55,,1:58:22,5:51:06
2040,1721,Arie Scheurkogel,M55-59,84,Open,United States,53:05,,2:58:09,,1:50:40,5:51:11
2041,1556,David Demask,M60-64,24,Open,United States,45:53,,2:57:50,,1:55:13,5:51:11
2042,1705,Rebby Gregg,M55-59,85,Open,United States,39:44,,3:02:53,,1:56:08,5:51:12
2043,4669,Kara Gorgos,F30-34,96,Female,United States,37:51,,3:06:40,,1:57:54,5:51:13
2044,4454,Jennifer Sylva,F35-39,78,Female,United States,39:37,,2:55:11,,2:08:28,5:51:16
2045,975,Evan Shinbaum,M35-39,266,Open,United States,44:16,,3:01:11,,1:58:07,5:51:18
2046,4117,Tarra Daprato,F40-44,70,Female,United States,35:21,,3:05:25,,2:01:38,5:51:21
2047,1112,Bruce Thompson,M65-69,7,Open,United States,45:53,,3:06:32,,1:50:38,5:51:22
2048,2186,Bob Richter,M50-54,163,Open,United States,48:15,,3:06:35,,1:46:26,5:51:26
2049,1594,Steven Wade,M60-64,25,Open,United States,41:52,,3:04:35,,1:57:08,5:51:38
2050,4867,Kathy Grady,F55-59,11,Female,United States,37:58,,2:58:52,,2:06:40,5:51:39
2051,1772,Dave Goedecke,M55-59,86,Open,United States,39:45,,3:02:10,,2:01:38,5:51:40
2052,1737,Michael Villane,M55-59,87,Open,United States,39:32,,3:08:34,,1:55:54,5:51:43
2053,1392,Ian McDonough,M30-34,254,Open,United States,32:43,,3:08:09,,2:04:49,5:51:45
2054,5434,Lea Rolfes,F45-49,37,Female,United States,37:12,,3:07:15,,1:59:03,5:51:48
2055,2243,Jacob Schoeck,M25-29,181,Open,United States,35:19,,3:23:28,,1:42:04,5:51:49
2056,4873,Lynn Keane,F55-59,12,Female,United States,42:47,,3:05:01,,1:55:44,5:51:50
2057,4379,Amber Blair,F35-39,79,Female,United States,48:34,,3:05:35,,1:50:34,5:51:53
2058,2618,Mike Parkins,M45-49,220,Open,United States,55:22,,2:55:56,,1:51:35,5:51:57
2059,4184,Heather Jasontek,F40-44,71,Female,United States,36:30,,3:21:48,,1:44:53,5:52:04
2060,637,Mike Wien,M70-74,1,Open,United States,45:30,,3:06:14,,1:50:43,5:52:04
2061,5408,Kiersten Hathaway,F45-49,38,Female,United States,47:15,,2:55:39,,2:00:38,5:52:07
2062,1904,Chad Rolfs,M50-54,164,Open,United States,27:54,,3:10:48,,2:04:59,5:52:10
2063,4890,Judy Anderson,F55-59,13,Female,United States,34:44,,3:13:43,,1:54:23,5:52:11
2064,4011,Ashley Chaiken,F40-44,72,Female,United States,36:35,,3:08:11,,1:59:11,5:52:11
2065,2851,Keisuke Inoue,M45-49,221,Open,Japan,47:30,,3:03:58,,1:52:20,5:52:12
2066,1463,Sonny TUFANO,M30-34,255,Open,United States,54:52,,2:59:27,,1:47:50,5:52:12
2067,5456,Beth August-Abbott,F45-49,39,Female,United States,42:28,,3:12:55,,1:47:10,5:52:12
2068,4918,Izumi Yamashita,F55-59,14,Female,Japan,35:52,,3:04:52,,2:01:58,5:52:16
2069,2191,Terry Rychlik,M50-54,165,Open,United States,36:31,,3:00:18,,2:07:00,5:52:16
2070,1843,Ed Vescovi,M55-59,88,Open,United States,48:05,,3:05:08,,1:48:41,5:52:19
2071,2895,Tetsuro Fukumoto,M45-49,222,Open,Japan,32:48,,2:48:09,,2:24:26,5:52:20
2072,4876,Dena Colie,F55-59,15,Female,United States,34:35,,3:05:54,,2:02:46,5:52:23
2073,5243,Valentina Ricupati,F25-29,62,Female,United States,40:01,,3:07:55,,1:56:31,5:52:23
2074,4159,Caryn Blanke,F40-44,73,Female,United States,38:48,,3:13:02,,1:52:00,5:52:26
2075,4396,Anne McGee,F35-39,80,Female,United States,32:58,,3:12:24,,1:58:17,5:52:30
2076,413,J.R. Vanderwall,M40-44,303,Open,United States,28:11,,3:02:46,,2:12:50,5:52:31
2077,1424,Arnaldo Munoz,M30-34,256,Open,Chile,43:10,,3:09:52,,1:53:18,5:52:32
2078,1132,Jon Brown,M65-69,8,Open,United States,44:20,,2:58:26,,2:00:31,5:52:34
2079,5196,Athena V Shapiro,F25-29,63,Female,United States,34:52,,2:56:55,,2:12:33,5:52:35
2080,2116,Michal Spelda,M50-54,166,Open,Czechia,39:50,,3:09:51,,1:49:55,5:52:39
2081,4382,Emily Holmes,F35-39,81,Female,United States,38:40,,3:13:08,,1:52:07,5:52:41
2082,1974,Richard Holden,M50-54,167,Open,United States,46:24,,3:07:04,,1:48:12,5:52:43
2083,1823,Jeffrey Fox,M55-59,89,Open,United States,41:34,,3:10:22,,1:51:23,5:52:45
2084,5065,Gloria Shrewsbury,F50-54,24,Female,United States,41:38,,3:00:43,,2:00:50,5:52:45
2085,1486,Andres Suarez Beainy,M30-34,257,Open,Colombia,39:38,,3:07:02,,1:55:54,5:52:45
2086,1050,Dan Crowley,M35-39,267,Open,United States,43:58,,3:02:58,,1:57:09,5:52:46
2087,4027,Becky Matro,F40-44,74,Female,United States,38:06,,3:07:35,,1:57:23,5:52:47
2088,749,Kamden Romano,M35-39,268,Open,United States,49:30,,3:08:44,,1:43:05,5:52:48
2089,2180,Brad Onofrio,M50-54,168,Open,United States,37:04,,3:07:08,,1:59:03,5:52:49
2090,1703,Jaime Reyes,M55-59,90,Open,Mexico,44:55,,3:05:36,,1:53:26,5:52:50
2091,2333,Kyle Yeager,M25-29,182,Open,United States,34:08,,3:05:18,,2:04:22,5:52:55
2092,4588,Audrey Maheu,F30-34,97,Female,United States,43:03,,3:16:34,,1:44:57,5:52:57
2093,4462,Cymbeline Wilke,F35-39,82,Female,United States,41:36,,3:12:23,,1:51:30,5:52:59
2094,4361,Aline Gonzalez,F35-39,83,Female,Mexico,33:34,,3:20:05,,1:50:59,5:52:59
2095,2105,John Baker,M50-54,169,Open,United States,38:39,,3:01:04,,2:02:17,5:53:00
2096,2615,Fred Gomez,M45-49,223,Open,United States,45:52,,3:08:09,,1:51:30,5:53:01
2097,1144,Michael Albanese,M30-34,258,Open,United States,37:27,,3:07:34,,1:56:15,5:53:02
2098,1951,David Shearon,M50-54,170,Open,United States,36:46,,3:11:44,,1:54:36,5:53:03
2099,2193,Michael Dickerson,M50-54,171,Open,United States,33:24,,3:16:53,,1:50:52,5:53:03
2100,1461,Casey Kahsen,M30-34,259,Open,United States,40:32,,3:02:49,,1:59:30,5:53:04
2101,4192,Ana Gabriela Riva Palacio Obregon,F40-44,75,Female,Mexico,40:19,,3:09:48,,1:55:07,5:53:05
2102,4046,Mary Calcote,F40-44,76,Female,United States,44:19,,3:12:08,,1:47:36,5:53:06
2103,1963,Benjamin Lesueur,M50-54,172,Open,United States,38:40,,3:14:34,,1:50:47,5:53:09
2104,5105,Sara Campbell,F50-54,25,Female,United States,43:52,,2:59:53,,1:59:17,5:53:13
2105,1540,William Carlson,M60-64,26,Open,United States,42:00,,2:56:37,,2:05:17,5:53:14
2106,1819,John Kelley,M55-59,91,Open,United States,42:05,,2:59:47,,1:59:24,5:53:16
2107,4597,Brooke Pati,F30-34,98,Female,United States,34:59,,3:16:22,,1:53:46,5:53:16
2108,2701,Peter Schultz,M45-49,224,Open,United States,36:13,,3:14:15,,1:52:18,5:53:19
2109,5161,Karina Polanco-Jimenez,F25-29,64,Female,United States,44:52,,3:04:22,,1:57:48,5:53:27
2110,2046,Steven Smith,M50-54,173,Open,United States,36:49,,3:03:54,,2:03:13,5:53:29
2111,2857,Claus Friis,M45-49,225,Open,United States,50:00,,2:49:09,,1:51:46,5:53:30
2112,4577,Anne De La Parra,F30-34,99,Female,Mexico,35:26,,3:04:58,,2:04:25,5:53:32
2113,4696,Mariana Wingood,F30-34,100,Female,United States,47:33,,3:09:37,,1:46:33,5:53:35
2114,2924,Jonathan McCann,M45-49,226,Open,United States,40:01,,3:14:08,,1:49:48,5:53:39
2115,2902,Mike Mander,M45-49,227,Open,New Zealand,33:52,,3:04:51,,2:07:17,5:53:49
2116,1047,Brian Morrison,M35-39,269,Open,United States,50:45,,2:58:45,,1:54:30,5:54:02
2117,1632,John Wilson,M55-59,92,Open,United States,41:23,,3:12:01,,1:51:50,5:54:02
2118,1930,Rodrigo Zobaran,M50-54,174,Open,United States,36:44,,3:12:31,,1:55:48,5:54:02
2119,2104,Steven Schmaedeke,M50-54,175,Open,United States,33:20,,2:59:20,,2:09:32,5:54:05
2120,4213,Elizabeth Larson,F40-44,77,Female,United States,38:31,,3:11:39,,1:55:49,5:54:05
2121,4712,Karen Corona,F30-34,101,Female,Mexico,45:09,,3:10:15,,1:53:26,5:54:06
2122,2838,Francois Rouxel,M45-49,228,Open,France,39:47,,2:58:59,,2:03:35,5:54:09
2123,622,Andre Wiedenhofer,M40-44,304,Open,Germany,45:43,,3:05:02,,1:55:14,5:54:10
2124,2101,James Carpenter,M50-54,176,Open,United States,43:08,,2:58:41,,2:03:35,5:54:11
2125,1502,Mark Allen,M60-64,27,Open,United States,51:22,,3:01:04,,1:51:56,5:54:17
2126,844,Matthew Ligman,M35-39,270,Open,United States,43:42,,3:09:47,,1:51:54,5:54:18
2127,1037,Gregg Sutton,M35-39,271,Open,United States,50:13,,3:05:23,,1:51:45,5:54:21
2128,2097,Dan Beaver,M50-54,177,Open,United States,37:18,,3:08:56,,1:54:42,5:54:24
2129,4618,Caitlin Williams,F30-34,102,Female,United States,32:53,,3:14:18,,2:00:36,5:54:36
2130,2692,Christian Baughman,M45-49,229,Open,United States,40:55,,3:15:56,,1:50:33,5:54:37
2131,4328,Alexandra Fanara,F35-39,84,Female,United States,36:02,,3:11:02,,1:59:39,5:54:37
2132,5428,Michelle Simmons,F45-49,40,Female,United States,31:49,,3:00:10,,2:12:15,5:54:37
2133,4430,Stacie Buck,F35-39,85,Female,United States,48:41,,2:57:51,,1:58:09,5:54:38
2134,4209,Paola Andrea Fierro Vargas,F40-44,78,Female,Colombia,52:50,,3:12:13,,1:41:09,5:54:42
2135,5156,Allison Johnston,F25-29,65,Female,United States,41:33,,3:12:28,,1:53:51,5:54:49
2136,2146,Shaun Endsley,M50-54,178,Open,United States,41:19,,3:13:55,,1:50:52,5:54:50
2137,5034,Tori Hamill,F50-54,26,Female,United States,34:26,,3:14:30,,1:58:29,5:54:51
2138,291,Dan Fall,M40-44,305,Open,United States,46:43,,3:03:40,,1:54:28,5:54:51
2139,611,Nik Kloepfer,M40-44,306,Open,Germany,42:55,,3:06:32,,1:57:09,5:54:55
2140,5146,Mariel Rodriguez,F25-29,66,Female,Mexico,37:23,,3:11:11,,1:59:35,5:54:55
2141,4240,Julia Fermayer,F40-44,79,Female,United States,35:46,,3:09:01,,2:01:22,5:55:11
2142,2174,Michael Chrzanowski,M50-54,179,Open,United States,38:55,,3:12:06,,1:53:52,5:55:12
2143,4336,Mariauxi Barrera Flores,F35-39,86,Female,Mexico,32:07,,3:12:12,,2:03:46,5:55:13
2144,1799,Alan Hann,M55-59,93,Open,Canada,56:56,,2:54:07,,1:47:45,5:55:20
2145,1294,Christian Kuhasz,M30-34,260,Open,United States,39:40,,3:01:41,,2:05:35,5:55:20
2146,1607,Garrett Dalessandro,M60-64,28,Open,United States,49:21,,3:07:56,,1:46:22,5:55:20
2147,4304,Claire Glass,F35-39,87,Female,United States,35:17,,3:12:15,,2:00:49,5:55:21
2148,308,Miguel Jiménez,M40-44,307,Open,Mexico,42:05,,3:23:45,,1:41:07,5:55:23
2149,2946,Todd Mitchell,M55-59,94,Open,United States,42:36,,3:00:48,,2:02:02,5:55:24
2150,608,Dominick Parillo,M40-44,308,Open,United States,39:03,,3:07:20,,2:00:12,5:55:25
2151,5385,Lexa Rijos,F45-49,41,Female,United States,42:45,,3:01:51,,1:59:47,5:55:26
2152,1517,Bill Sage,M60-64,29,Open,United States,45:51,,3:01:33,,1:58:38,5:55:26
2153,2918,Scott Giannunzio,M45-49,230,Open,United States,41:05,,2:58:56,,2:07:39,5:55:27
2154,4231,Carrie-Ann Strong,F40-44,80,Female,United States,34:09,,3:17:26,,1:55:35,5:55:28
2155,2669,David Shinn,M45-49,231,Open,United States,36:47,,3:10:29,,1:58:56,5:55:28
2156,5151,Mariana Mendoza,F25-29,67,Female,Mexico,38:06,,3:03:57,,2:04:47,5:55:29
2157,4452,Kitsy Smith,F35-39,88,Female,United States,36:38,,3:10:09,,2:00:58,5:55:29
2158,1671,Eusebio Cristian Allende,M55-59,95,Open,Argentina,51:19,,3:06:35,,1:49:48,5:55:30
2159,2197,Sean Grady,M50-54,180,Open,United States,37:57,,3:00:16,,2:08:51,5:55:32
2160,1857,Tom Flynn,M55-59,96,Open,United States,40:09,,3:13:04,,1:52:35,5:55:32
2161,1722,John Clime,M55-59,97,Open,United States,48:01,,2:56:53,,1:59:30,5:55:34
2162,4091,Lynne Champagne,F40-44,81,Female,United States,28:50,,3:06:51,,2:08:37,5:55:35
2163,2759,Andrew Rose,M45-49,232,Open,United States,45:56,,3:03:04,,1:53:29,5:55:38
2164,630,Michael Orendorff,M70-74,2,Open,United States,43:22,,2:58:17,,2:05:03,5:55:44
2165,4236,Marie Pender,F40-44,82,Female,United States,37:28,,3:21:11,,1:48:19,5:55:44
2166,2629,Jarrod Baranowski,M45-49,233,Open,United States,37:57,,3:14:11,,1:56:07,5:55:45
2167,4421,Patricia Grajeda-Babb,F35-39,89,Female,United States,34:39,,3:14:43,,1:58:40,5:55:45
2168,4958,Ellen Kuhl,F50-54,27,Female,United States,41:03,,3:17:41,,1:48:18,5:55:47
2169,4759,Brenda Gustin,F60-64,4,Female,United States,43:08,,3:00:32,,2:05:12,5:55:51
2170,4458,Laura Brewer,F35-39,90,Female,United States,37:30,,3:12:26,,1:59:51,5:55:55
2171,5512,Olga Navas Mejia,F45-49,42,Female,Colombia,41:23,,3:07:38,,1:56:35,5:55:55
2172,1482,Trevor Young,M30-34,261,Open,United States,44:21,,3:14:36,,1:49:22,5:55:56
2173,5510,Carrie Van Quathem,F45-49,43,Female,United States,39:29,,3:06:32,,2:00:43,5:55:57
2174,1818,Steve Sherling,M55-59,98,Open,United States,40:13,,3:17:12,,1:47:41,5:55:58
2175,4171,Teresa Lenzi,F40-44,83,Female,Italy,32:28,,3:15:23,,1:59:47,5:56:00
2176,1794,David Jewell,M55-59,99,Open,United States,39:16,,3:14:16,,1:51:45,5:56:01
2177,4235,Stacey Hodnett,F40-44,84,Female,United States,38:43,,3:09:59,,1:58:41,5:56:02
2178,1678,Rod Matteri,M55-59,100,Open,United States,45:32,,3:02:34,,1:57:48,5:56:02
2179,1923,Jim White,M50-54,181,Open,United States,39:17,,3:09:04,,1:57:50,5:56:02
2180,4390,Renata Varga,F35-39,91,Female,United States,33:02,,3:20:49,,1:47:35,5:56:03
2181,4188,Tara Calkins,F40-44,85,Female,United States,36:23,,3:13:00,,1:56:01,5:56:07
2182,4650,Jessica Demolder,F30-34,103,Female,France,57:28,,2:50:03,,1:58:26,5:56:08
2183,1526,Sergio Herrada,M60-64,30,Open,United States,42:54,,3:03:18,,2:01:40,5:56:08
2184,2888,Matteo Sironi,M45-49,234,Open,Italy,41:47,,3:12:03,,1:54:20,5:56:09
2185,4386,Laura Yamasaki,F35-39,92,Female,United States,39:37,,3:09:22,,1:59:40,5:56:09
2186,1896,John Chandler,M50-54,182,Open,United States,57:13,,2:55:26,,1:51:17,5:56:17
2187,1651,Joe Snyder,M55-59,101,Open,United States,36:51,,3:04:25,,2:04:11,5:56:17
2188,1448,Joey Bodenhorn,M30-34,262,Open,United States,35:45,,3:05:20,,2:07:40,5:56:24
2189,4242,Sarah Clark,F40-44,86,Female,United States,37:50,,3:17:40,,1:52:58,5:56:28
2190,1648,Thomas Wood,M55-59,102,Open,United States,39:12,,3:04:42,,2:00:27,5:56:30
2191,4233,Kateryna Moisyeyeva,F40-44,87,Female,United States,41:33,,3:08:11,,2:00:09,5:56:31
2192,4600,Ada Rubin,F30-34,104,Female,United States,31:06,,3:36:17,,1:39:48,5:56:34
2193,4095,Bri Jobke,F40-44,88,Female,United States,44:45,,3:07:06,,1:55:46,5:56:34
2194,1694,Dean Davis,M55-59,103,Open,United States,33:05,,3:02:02,,2:10:10,5:56:35
2195,2752,Tommy Bonds,M45-49,235,Open,United States,53:01,,3:08:23,,1:47:03,5:56:37
2196,1805,Carl Clark,M55-59,104,Open,United States,1:00:33,,2:54:31,,1:52:47,5:56:37
2197,2730,Javier Marcelo Virreira Blanco,M45-49,236,Open,Bolivia,48:06,,3:13:21,,1:47:42,5:56:40
2198,4357,Meredith Gardner,F35-39,93,Female,United States,31:41,,3:00:33,,2:18:07,5:56:40
2199,1706,Vladimir Mikhailov,M55-59,105,Open,Kazakhstan,39:59,,3:14:46,,1:50:40,5:56:43
2200,2885,Bill Anderson,M45-49,237,Open,United States,37:37,,3:08:04,,2:03:34,5:56:43
2201,2150,Jerome Le Jamtel,M50-54,183,Open,France,46:14,,3:02:30,,1:55:29,5:56:45
2202,1918,Kevin Barnes,M50-54,184,Open,United States,42:26,,3:13:01,,1:53:44,5:56:45
2203,4607,Calley Perrino,F30-34,105,Female,United States,38:07,,3:17:49,,1:52:06,5:56:47
2204,2061,Jed Vanichkachorn,M50-54,185,Open,United States,39:55,,3:06:12,,2:01:50,5:56:47
2205,2923,Matt Booth,M45-49,238,Open,United States,44:25,,2:53:28,,2:11:24,5:56:51
2206,2182,Louis Mancuso,M50-54,186,Open,United States,37:12,,3:09:47,,1:58:21,5:57:00
2207,418,Richard Martin,M40-44,309,Open,United States,36:24,,3:12:06,,2:00:32,5:57:03
2208,898,Daniel Johnson,M35-39,272,Open,United States,47:24,,3:22:39,,1:38:25,5:57:04
2209,2188,Kevin Hipskind,M50-54,187,Open,United States,47:12,,3:01:51,,1:58:20,5:57:05
2210,4946,Terri Stone,F50-54,28,Female,United States,45:20,,3:05:06,,1:54:33,5:57:07
2211,1849,Ronald Schultz,M55-59,106,Open,United States,54:00,,3:03:55,,1:50:49,5:57:08
2212,4402,Veronica Bonilla,F35-39,94,Female,Venezuela,46:22,,3:19:05,,1:43:46,5:57:12
2213,4687,Angela Man,F30-34,106,Female,United States,35:27,,3:07:20,,2:06:57,5:57:13
2214,2100,Brent Edmonds,M50-54,188,Open,United States,54:10,,2:58:24,,1:54:31,5:57:14
2215,1804,Dan Cadriel,M55-59,107,Open,United States,46:42,,3:10:03,,1:50:36,5:57:18
2216,807,Ray Reinheimer,M35-39,273,Open,United States,32:44,,3:26:39,,1:49:36,5:57:20
2217,4368,Karolina Mole,F35-39,95,Female,United States,42:39,,3:04:25,,2:02:04,5:57:21
2218,618,Andrew Oldroyd,M40-44,310,Open,United States,55:31,,3:03:24,,1:52:15,5:57:24
2219,2067,Paul Zambrano Carrero,M50-54,189,Open,Venezuela,34:44,,3:13:59,,2:00:50,5:57:25
2220,1174,Tony Aburaad,M30-34,263,Open,United States,56:32,,2:49:59,,2:01:36,5:57:27
2221,5403,Allison Trucillo,F45-49,44,Female,United States,48:33,,3:09:17,,1:49:39,5:57:27
2222,441,Jason Korbel,M40-44,311,Open,United States,41:39,,3:19:41,,1:46:19,5:57:30
2223,5488,Audrey Friedrichsen,F45-49,45,Female,United States,54:08,,2:52:05,,2:00:49,5:57:30
2224,2717,Shawn Omalley,M45-49,239,Open,United States,41:47,,3:09:37,,1:57:58,5:57:33
2225,4321,Veronica Iuorno,F35-39,96,Female,Argentina,46:08,,3:07:03,,1:56:52,5:57:33
2226,5492,Melissa Caplan,F45-49,46,Female,United States,36:02,,2:58:49,,2:09:30,5:57:33
2227,1568,Kris Warszawski,M60-64,31,Open,United States,48:44,,2:58:55,,1:59:44,5:57:34
2228,4637,Belle Thomas,F30-34,107,Female,United States,45:19,,3:14:06,,1:49:39,5:57:34
2229,2224,Andrew Graybeal,M25-29,183,Open,United States,47:35,,3:04:32,,1:55:58,5:57:36
2230,828,Ty Valdez,M35-39,274,Open,United States,35:39,,3:03:07,,2:11:36,5:57:39
2231,4038,Joy Caldwell,F40-44,89,Female,United States,37:49,,3:16:28,,1:56:44,5:57:46
2232,2199,Campbell Dean,M50-54,190,Open,New Zealand,37:06,,3:11:06,,1:58:57,5:57:51
2233,1734,David Kearney,M55-59,108,Open,United States,40:22,,3:00:57,,2:07:56,5:57:53
2234,5462,Laurence Mazard,F45-49,47,Female,France,45:57,,3:02:52,,2:00:13,5:57:57
2235,1800,Geoff Melrose,M55-59,109,Open,United States,48:21,,3:08:07,,1:51:02,5:57:57
2236,5027,Heleen Reed,F50-54,29,Female,Netherlands,34:17,,3:01:56,,2:12:53,5:57:57
2237,2368,Kevin Bandel,M25-29,184,Open,United States,36:54,,3:07:59,,2:04:15,5:58:01
2238,1817,Nicolas Martens,M55-59,110,Open,Germany,45:50,,3:13:01,,1:51:17,5:58:02
2239,2383,Luke Ebeyer,M25-29,185,Open,United States,43:24,,3:04:03,,2:03:30,5:58:04
2240,5219,Elizabeth Warren,F25-29,68,Female,United States,38:19,,2:57:47,,2:14:14,5:58:04
2241,507,Gary Sovey,M40-44,312,Open,United States,49:03,,3:02:22,,1:56:23,5:58:05
2242,1565,John Van Lieshout,M60-64,32,Open,United States,45:23,,3:07:45,,1:56:39,5:58:06
2243,4670,Lucelia Castillejos Alvarez,F30-34,108,Female,Mexico,44:12,,2:59:15,,2:07:41,5:58:08
2244,285,Brett Strauss,M40-44,313,Open,United States,35:44,,3:08:13,,2:05:21,5:58:12
2245,5270,Francesca Martinez Ramirez,F18-24,28,Female,Mexico,33:38,,3:23:57,,1:52:38,5:58:14
2246,2544,James Harris,M18-24,89,Open,United States,41:03,,3:14:46,,1:52:01,5:58:14
2247,1398,Jorge Alvarez,M30-34,264,Open,United States,52:43,,3:05:35,,1:50:24,5:58:14
2248,1769,Mark Hurm,M55-59,111,Open,United States,37:51,,3:16:17,,1:47:47,5:58:15
2249,4187,Starr Fowler,F40-44,90,Female,United States,42:31,,3:05:15,,1:59:28,5:58:18
2250,5328,ANGIE DEFILIPPI,F45-49,48,Female,United States,42:30,,3:15:54,,1:52:16,5:58:18
2251,2152,Tim Peterson,M50-54,191,Open,United States,43:11,,3:14:04,,1:51:22,5:58:20
2252,2136,Ivan Tucker,M50-54,192,Open,United States,49:33,,2:58:46,,1:58:40,5:58:20
2253,1002,Steve Mitchell,M35-39,275,Open,United States,43:05,,3:06:19,,2:00:00,5:58:23
2254,2860,Mike Kelly,M45-49,240,Open,United States,41:43,,3:02:47,,2:05:12,5:58:23
2255,4185,Lisa Bishop,F40-44,91,Female,United States,39:25,,3:14:47,,1:55:40,5:58:25
2256,4676,Esther Willett,F30-34,109,Female,United States,33:23,,3:09:57,,2:07:38,5:58:27
2257,2327,Kyle Surette,M25-29,186,Open,United States,30:20,,3:13:09,,2:05:40,5:58:32
2258,4392,Kathleen Dykstra,F35-39,97,Female,United States,45:06,,3:15:26,,1:50:52,5:58:33
2259,2853,Paul Nevelos,M45-49,241,Open,United Kingdom,39:08,,3:01:05,,2:10:03,5:58:34
2260,5478,Melinda Lawson-Crabtree,F45-49,49,Female,United States,49:07,,3:02:10,,1:59:45,5:58:36
2261,1471,Dustin Melvin,M30-34,265,Open,United States,41:54,,3:01:54,,2:04:04,5:58:39
2262,600,Aaron Weaver,M40-44,314,Open,United States,40:49,,3:00:16,,2:08:27,5:58:39
2263,4754,Amy Rappaport,F60-64,5,Female,United States,39:51,,3:17:05,,1:50:24,5:58:44
2264,1490,George Riggs,M30-34,266,Open,United States,41:17,,3:05:37,,2:01:18,5:58:45
2265,4691,Abigail Swift,F30-34,110,Female,United States,40:51,,3:21:47,,1:47:11,5:58:53
2266,4826,Lesley Burke,F55-59,16,Female,United States,42:07,,3:13:16,,1:54:19,5:58:54
2267,4316,Maria Kretchik,F35-39,98,Female,United States,33:11,,3:10:57,,2:06:02,5:58:55
2268,5181,Arantxa White,F25-29,69,Female,Mexico,36:05,,3:11:18,,2:03:42,5:58:57
2269,1755,Pete Bowden,M55-59,112,Open,United States,41:26,,3:16:02,,1:50:26,5:58:58
2270,4965,Sara Duchesne,F50-54,30,Female,United States,38:41,,3:04:59,,2:01:08,5:59:01
2271,501,Alan Finley,M40-44,315,Open,United States,44:19,,3:10:43,,1:54:16,5:59:01
2272,4709,Devon Hall,F30-34,111,Female,United States,37:46,,3:20:42,,1:50:44,5:59:04
2273,4983,Kim Speed,F50-54,31,Female,United States,49:27,,3:02:37,,1:56:36,5:59:04
2274,4444,Adriana Contreras,F35-39,99,Female,Venezuela,49:15,,3:05:17,,1:55:43,5:59:06
2275,5269,Soleil Kerfoot,F18-24,29,Female,Canada,35:42,,3:02:03,,2:10:52,5:59:06
2276,5359,Melissa Schad,F45-49,50,Female,United States,37:24,,2:56:18,,2:15:28,5:59:12
2277,1662,William Daley,M55-59,113,Open,United States,37:57,,3:00:58,,2:11:53,5:59:13
2278,4807,Michelle Kitze,F55-59,17,Female,United States,38:56,,3:04:29,,2:06:33,5:59:15
2279,2059,Charlie Henry,M50-54,193,Open,United States,45:20,,3:06:11,,1:56:02,5:59:16
2280,4662,Cynthia Martin Jimenez,F30-34,112,Female,Colombia,38:23,,3:07:57,,2:05:00,5:59:22
2281,1981,Brian Tucker,M50-54,194,Open,United States,40:02,,3:01:29,,2:04:48,5:59:25
2282,1859,Gordon Jarratt,M50-54,195,Open,United States,36:02,,3:07:29,,2:07:44,5:59:25
2283,2666,Brian Mason,M45-49,242,Open,United States,57:43,,3:04:58,,1:48:36,5:59:29
2284,2697,Clay Scheitzach,M45-49,243,Open,United States,37:47,,3:08:53,,2:03:34,5:59:31
2285,1559,Bruce Geise,M60-64,33,Open,United States,43:07,,3:10:18,,1:58:08,5:59:34
2286,4821,Linda Newman,F55-59,18,Female,United States,31:16,,2:58:00,,2:20:12,5:59:35
2287,1891,Brandon Neal,M50-54,196,Open,United States,39:27,,3:07:36,,2:03:20,5:59:37
2288,4120,Susan Oyler,F40-44,92,Female,United States,45:55,,3:05:16,,2:01:05,5:59:37
2289,1925,Pablo Andrade,M50-54,197,Open,Ecuador,44:00,,3:05:13,,2:00:41,5:59:40
2290,5494,Colleen Murray,F45-49,51,Female,United States,51:33,,2:55:28,,2:03:57,5:59:41
2291,1828,Mark Brandt,M55-59,114,Open,United States,40:28,,3:02:45,,2:07:42,5:59:43
2292,182,Jeffrey Bosch,MPC,,Open,United States,47:33,,2:59:00,,2:05:01,5:59:44
2293,4135,Leah Hiller,F40-44,93,Female,United States,48:48,,2:54:06,,2:07:17,5:59:46
2294,1839,Marc Rheingold,M55-59,115,Open,United States,38:50,,3:01:32,,2:11:31,5:59:53
2295,5093,Vanessa Cook,F50-54,32,Female,United States,38:34,,3:11:21,,2:02:53,5:59:55
2296,4664,Carolina Saenz,F30-34,113,Female,Colombia,35:50,,3:07:20,,2:09:09,6:00:00
2297,4758,Mimi Ford,F60-64,6,Female,United States,36:04,,3:04:38,,2:11:25,6:00:10
2298,4442,Kristen Osborn,F35-39,100,Female,United States,38:04,,3:04:12,,2:10:57,6:00:13
2299,5415,Beth Maloney,F45-49,52,Female,United States,36:00,,3:08:42,,2:06:44,6:00:13
2300,4142,Keri Baker,F40-44,94,Female,United States,41:43,,3:14:50,,1:55:34,6:00:14
2301,5341,Jen Ingram,F45-49,53,Female,United States,49:07,,2:59:55,,2:01:22,6:00:15
2302,4005,Araceli Solis,F40-44,95,Female,Mexico,35:40,,3:16:31,,1:56:22,6:00:19
2303,4049,Maria Lozovskaya,F40-44,96,Female,Russian Federation,48:25,,3:01:01,,2:02:37,6:00:25
2304,1519,Joe Sullivan,M60-64,34,Open,United States,47:23,,2:46:58,,2:08:54,6:00:26
2305,1816,Craig Louis,M55-59,116,Open,United States,52:32,,2:45:18,,2:12:21,6:00:29
2306,1599,Mike Catlin,M60-64,35,Open,United States,38:53,,2:59:36,,2:13:55,6:00:30
2307,5538,Julie Hull,F45-49,54,Female,United States,41:25,,3:05:34,,2:04:08,6:00:31
2308,5477,David Miller,F45-49,55,Female,United States,53:12,,2:53:23,,2:00:35,6:00:31
2309,1647,Brian Gray,M55-59,117,Open,United States,38:12,,2:59:12,,2:14:10,6:00:32
2310,1042,Kristof Duna,M35-39,276,Open,Hungary,36:53,,3:14:39,,1:58:00,6:00:33
2311,4088,Tiana Rockwell,F40-44,97,Female,United States,35:51,,3:15:33,,2:00:47,6:00:37
2312,1738,Stephan Corti,M55-59,118,Open,France,41:36,,3:00:29,,2:09:13,6:00:42
2313,4820,Sheila Hall,F55-59,19,Female,United States,40:48,,2:59:17,,2:10:21,6:00:42
2314,1075,Richard Mayer,M65-69,9,Open,Canada,54:37,,2:58:42,,1:55:38,6:00:46
2315,1746,Austin Jones,M55-59,119,Open,United States,34:46,,3:00:58,,2:15:25,6:00:48
2316,5514,Mia Gentle,F45-49,56,Female,United States,46:46,,3:04:16,,1:58:07,6:00:48
2317,4349,Mirjam Dürr,F35-39,101,Female,Switzerland,41:51,,3:07:31,,2:01:19,6:00:51
2318,4724,Maria Vallasciani,F30-34,114,Female,Argentina,39:04,,3:18:01,,1:55:26,6:00:55
2319,4196,Jilian White,F40-44,98,Female,United States,38:20,,3:02:43,,2:09:07,6:00:56
2320,994,James Lipset,M35-39,277,Open,United States,44:34,,3:04:04,,1:58:03,6:00:56
2321,1038,Ramaz Liparteliani,M35-39,278,Open,Georgia,54:26,,2:59:31,,1:56:37,6:00:59
2322,2711,Bernie Perez,M45-49,244,Open,Peru,39:55,,3:08:59,,1:57:47,6:01:01
2323,4636,Angela Kay,F30-34,115,Female,United States,40:54,,3:05:14,,2:04:49,6:01:05
2324,4811,Cynthia Newton,F55-59,20,Female,United States,37:54,,3:08:35,,2:04:19,6:01:12
2325,4032,Sarah Byers,F40-44,99,Female,United States,31:19,,3:11:39,,2:07:38,6:01:18
2326,4434,Chenin Doiron,F35-39,102,Female,United States,39:38,,3:10:14,,2:01:25,6:01:24
2327,515,Allan Ng,M40-44,316,Open,United States,45:03,,3:10:16,,1:57:33,6:01:25
2328,1758,Martin Ryan,M55-59,120,Open,United States,37:42,,3:20:42,,1:54:00,6:01:26
2329,360,Evan Rosendahl,M40-44,317,Open,United States,46:41,,3:20:48,,1:41:28,6:01:29
2330,2112,Fredrik Tjernstrom,M50-54,198,Open,Sweden,49:17,,3:11:20,,1:50:30,6:01:32
2331,1255,Francisco Lopez,M30-34,267,Open,United States,39:33,,3:18:16,,1:54:36,6:01:35
2332,5285,Christina Orth,F18-24,30,Female,United States,33:44,,3:17:39,,2:00:31,6:01:42
2333,2841,Jerry Bartolome,M45-49,245,Open,United States,55:46,,3:03:24,,1:51:49,6:01:44
2334,4100,Jessica Rangel,F40-44,100,Female,United States,40:51,,3:22:30,,1:49:44,6:01:48
2335,4066,Erin Earlywine,F40-44,101,Female,United States,30:01,,3:01:24,,2:23:20,6:01:51
2336,1893,Brian Schroth,M50-54,199,Open,United States,34:15,,3:08:59,,2:07:06,6:01:51
2337,5006,Sandy Leiferman,F50-54,33,Female,United States,46:51,,3:00:13,,2:06:44,6:01:53
2338,2048,Matthew Togo,M50-54,200,Open,United States,36:39,,3:08:38,,2:05:30,6:01:58
2339,5029,Lynda Rowan,F50-54,34,Female,Australia,37:42,,3:12:51,,2:04:01,6:02:00
2340,4589,Vanessa Urrea-Victoria,F30-34,116,Female,Colombia,34:33,,3:20:22,,2:01:47,6:02:01
2341,4840,Kris Plant,F55-59,21,Female,Canada,37:49,,3:09:03,,2:03:01,6:02:02
2342,5424,Tammy Guld,F45-49,57,Female,United States,36:46,,3:05:29,,2:10:08,6:02:06
2343,1536,Mark Reinhard,M60-64,36,Open,United States,34:00,,3:06:33,,2:12:08,6:02:10
2344,738,Carlos Perez,M35-39,279,Open,Ecuador,43:40,,3:14:17,,1:56:25,6:02:20
2345,1853,James Weddell,M55-59,121,Open,United States,1:04:00,,3:02:45,,1:48:02,6:02:20
2346,1996,Timothy Smit,M50-54,201,Open,United States,41:09,,3:07:35,,2:04:17,6:02:22
2347,1916,Marc Gershel,M50-54,202,Open,United States,36:34,,3:07:03,,2:07:51,6:02:22
2348,1085,Michael Toland,M65-69,10,Open,United States,37:06,,3:03:25,,2:12:05,6:02:23
2349,719,William Wood,M35-39,280,Open,United States,37:05,,3:13:43,,2:03:36,6:02:25
2350,1406,Mattia Girelli,M30-34,268,Open,Italy,45:41,,3:05:28,,1:55:34,6:02:33
2351,1770,Makoto Sakaguchi,M55-59,122,Open,Japan,45:47,,3:09:48,,1:56:02,6:02:41
2352,5430,Anna Cock,F45-49,58,Female,Australia,42:34,,3:08:07,,2:03:23,6:02:48
2353,2861,John Bongiovanni,M45-49,246,Open,United States,40:31,,3:09:32,,2:02:28,6:02:49
2354,4139,Sara Millar,F40-44,102,Female,United States,34:56,,3:20:40,,1:59:22,6:02:49
2355,1186,Marco Parra,M30-34,269,Open,Venezuela,39:40,,3:11:38,,2:02:00,6:02:49
2356,784,Michael Voelkel,M35-39,281,Open,United States,31:17,,3:47:54,,1:37:46,6:02:50
2357,4544,Katie Silvani,F30-34,117,Female,United States,30:26,,3:15:08,,2:09:11,6:02:53
2358,4384,Megan Davis,F35-39,103,Female,United States,47:15,,3:11:10,,1:55:27,6:03:02
2359,5153,Maria Cordero Pena,F25-29,70,Female,Mexico,39:28,,3:14:32,,2:01:42,6:03:04
2360,4666,Karah Osterberg,F30-34,118,Female,United States,36:25,,3:11:16,,2:04:51,6:03:05
2361,5324,Macarena Valdes,F45-49,59,Female,Chile,55:35,,3:02:27,,1:54:30,6:03:07
2362,5132,Emily Kotnik,F25-29,71,Female,United States,37:01,,3:08:48,,2:07:49,6:03:11
2363,2687,Brett Heyes,M45-49,247,Open,South Africa,35:15,,3:13:01,,2:07:35,6:03:11
2364,2230,Nolan Ollada,M25-29,187,Open,United States,40:24,,3:05:16,,2:06:56,6:03:11
2365,4266,Leslie Neff,F40-44,103,Female,United States,37:25,,3:02:29,,2:11:47,6:03:17
2366,4850,Carol Koiro,F55-59,22,Female,United States,41:27,,3:04:58,,2:06:34,6:03:19
2367,5133,Brianna Hudson,F25-29,72,Female,United States,40:39,,3:00:04,,2:15:42,6:03:20
2368,359,Matthew Tones,M40-44,318,Open,New Zealand,51:44,,2:49:53,,2:12:57,6:03:32
2369,5178,Laura Pujade,F25-29,73,Female,Spain,44:21,,3:09:49,,2:01:23,6:03:32
2370,1834,Chip Grizzard,M55-59,123,Open,United States,31:49,,3:01:15,,2:20:20,6:03:33
2371,1809,CARLOS PENA,M55-59,124,Open,Mexico,40:37,,3:05:24,,2:08:35,6:03:33
2372,522,Brian Witkowski,M40-44,319,Open,United States,39:36,,2:50:51,,2:23:10,6:03:35
2373,1078,Robert Smeby,M65-69,11,Open,United States,41:24,,3:21:45,,1:52:57,6:03:36
2374,2386,Richard Zhang,M25-29,188,Open,United States,41:22,,3:12:53,,2:01:01,6:03:38
2375,1776,Jason Smith,M55-59,125,Open,United States,45:27,,3:11:30,,1:56:33,6:03:39
2376,2000,Todd Fiske,M50-54,203,Open,United States,34:37,,2:54:07,,2:25:42,6:03:40
2377,4466,Rachel Lane,F35-39,104,Female,United Kingdom,54:50,,3:05:16,,1:55:37,6:03:42
2378,2667,John Theriot,M45-49,248,Open,United States,48:20,,2:54:28,,2:10:06,6:03:44
2379,992,Jesus Majano,M35-39,282,Open,Venezuela,43:03,,3:11:19,,1:59:56,6:03:46
2380,1598,Fred Pepper,M60-64,37,Open,United States,41:19,,3:16:49,,1:54:06,6:03:49
2381,2856,Isaac LeBaron,M45-49,249,Open,United States,52:09,,2:56:05,,2:05:58,6:03:51
2382,4894,Janet Buss,F55-59,23,Female,United States,36:04,,3:15:59,,2:01:54,6:03:56
2383,1506,Robin Doyle,M60-64,38,Open,United States,32:22,,3:09:30,,2:13:02,6:03:59
2384,5457,Regina Kaplan-Rakowski,F45-49,60,Female,Poland,49:58,,3:05:13,,1:59:15,6:04:04
2385,5433,Isabella Anders,F45-49,61,Female,United States,48:26,,3:10:04,,1:59:41,6:04:07
2386,4348,Kristin Killoran,F35-39,105,Female,United States,48:46,,3:13:14,,1:54:13,6:04:13
2387,2015,Alexander Salazar,M50-54,204,Open,Ecuador,43:01,,3:08:26,,2:04:23,6:04:17
2388,2963,Ernie Compton,M55-59,126,Open,United States,46:40,,3:10:16,,1:58:11,6:04:17
2389,5137,Alexandra Porter,F25-29,74,Female,United States,37:11,,3:15:06,,2:01:25,6:04:18
2390,4851,Madeleine Vergauwen,F55-59,24,Female,Belgium,43:25,,2:57:14,,2:13:51,6:04:18
2391,5441,Lynne Marsala,F45-49,62,Female,United States,43:02,,3:07:29,,2:05:48,6:04:19
2392,4913,Tracy Maccherola,F55-59,25,Female,United States,41:51,,3:08:38,,2:06:20,6:04:20
2393,5395,Karla Gregg,F45-49,63,Female,United States,42:27,,3:05:03,,2:07:23,6:04:23
2394,2751,Chris Hendon,M45-49,250,Open,United States,34:33,,2:58:25,,2:23:26,6:04:26
2395,335,Luis Gutierrez,M40-44,320,Open,Venezuela,43:43,,3:13:05,,1:59:11,6:04:29
2396,5548,Veronica Vara,F45-49,64,Female,Argentina,50:37,,3:08:06,,1:56:54,6:04:33
2397,2006,Travis Berkley,M50-54,205,Open,United States,41:59,,3:18:29,,1:54:24,6:04:39
2398,5442,Heather Goyette,F45-49,65,Female,United States,47:55,,3:05:27,,2:00:57,6:04:40
2399,2089,Andrew Rothfeder,M50-54,206,Open,United States,37:11,,3:01:33,,2:16:56,6:04:41
2400,2181,David Cronwall,M50-54,207,Open,United States,42:30,,3:04:34,,2:07:55,6:04:43
2401,437,Alfonso Campa,M40-44,321,Open,United States,47:21,,3:02:03,,2:05:59,6:04:45
2402,5355,Hannah Ross,F45-49,66,Female,United States,53:35,,3:07:58,,1:51:06,6:04:48
2403,4424,Ayda Kachineh,F35-39,106,Female,United States,45:03,,3:13:33,,1:59:28,6:04:49
2404,4561,Kaitlin Fuelling,F30-34,119,Female,United States,35:15,,3:18:16,,2:00:07,6:04:49
2405,1995,Nuno Sousa,M50-54,208,Open,Portugal,41:31,,3:11:49,,2:01:32,6:04:49
2406,1515,Marek Nowakowski,M60-64,39,Open,Canada,59:10,,2:57:34,,1:56:41,6:04:51
2407,815,John Couch,M35-39,283,Open,United States,41:47,,3:05:15,,2:10:21,6:04:55
2408,5393,Amy Woods,F45-49,67,Female,United States,49:56,,3:07:36,,1:53:25,6:04:56
2409,1844,David Sweeney,M55-59,127,Open,United States,46:18,,3:11:18,,1:56:14,6:04:58
2410,1967,Zoltan Syposs,M50-54,209,Open,Hungary,43:53,,3:04:30,,2:05:24,6:04:59
2411,5327,Lori Snyder,F45-49,68,Female,United States,42:13,,3:04:08,,2:09:59,6:05:02
2412,5215,Amanda Black,F25-29,75,Female,United States,33:55,,3:09:34,,2:14:09,6:05:05
2413,4655,Caitlin Martin,F30-34,120,Female,United States,40:53,,3:17:35,,1:59:27,6:05:08
2414,5353,Ana Call,F45-49,69,Female,United States,38:34,,3:07:06,,2:11:23,6:05:10
2415,5527,Teresa Hogan,F45-49,70,Female,United States,51:28,,2:57:48,,2:03:10,6:05:14
2416,1775,John Herzog,M55-59,128,Open,United States,51:24,,3:03:46,,2:01:41,6:05:14
2417,4063,Ronda Vanderwall,F40-44,104,Female,United States,35:17,,3:13:19,,2:06:48,6:05:17
2418,2009,Hiroyuki MURAKOSHI,M50-54,210,Open,Japan,37:48,,3:24:05,,1:53:26,6:05:18
2419,4343,Caitlin Saunders,F35-39,107,Female,United States,46:36,,3:06:38,,2:04:57,6:05:18
2420,4905,Karen Tamson,F55-59,26,Female,United States,34:42,,3:08:07,,2:11:51,6:05:19
2421,2630,Rob Podesva,M45-49,251,Open,United States,45:05,,3:01:54,,2:10:04,6:05:21
2422,4470,Rae Glaser,F35-39,108,Female,United States,40:38,,3:21:22,,1:55:25,6:05:25
2423,1114,Eric Johnson,M65-69,12,Open,United States,39:41,,3:16:10,,1:59:55,6:05:27
2424,1576,Blake Briggs,M60-64,40,Open,United States,44:52,,3:24:25,,1:50:01,6:05:29
2425,988,Joshua Park,M35-39,284,Open,United States,42:45,,3:22:37,,1:51:15,6:05:29
2426,4646,Amanda Forrester,F30-34,121,Female,United States,35:58,,3:16:58,,2:02:10,6:05:30
2427,5309,Allison Herr,F18-24,31,Female,United States,44:54,,3:11:12,,1:59:01,6:05:32
2428,4144,Ande Wegner,F40-44,105,Female,United States,38:04,,2:59:21,,2:20:21,6:05:32
2429,1848,Lars Liebmann,M55-59,129,Open,Germany,40:45,,3:03:17,,2:09:42,6:05:40
2430,5149,Francesca Gencarella,F25-29,76,Female,United States,44:17,,3:07:55,,2:01:29,6:05:43
2431,4644,Bridget Conway,F30-34,122,Female,United States,31:28,,3:13:46,,2:10:53,6:05:45
2432,4957,Suzanne Hurst,F50-54,35,Female,United States,48:13,,3:10:52,,1:57:22,6:05:50
2433,5319,Daniela Regalado,F18-24,32,Female,Ecuador,50:36,,3:06:15,,1:59:12,6:05:51
2434,4714,Bertha Sales,F30-34,123,Female,Mexico,45:35,,3:13:23,,1:59:21,6:05:52
2435,2118,Jay Ridgeway,M50-54,211,Open,United States,42:12,,3:09:08,,2:06:01,6:05:52
2436,5511,Kazue Kishima,F45-49,71,Female,Japan,53:02,,3:00:12,,1:54:54,6:05:53
2437,1188,David Marino,M30-34,270,Open,United States,44:51,,3:26:09,,1:47:46,6:05:57
2438,4134,Elizabeth Downey,F40-44,106,Female,United States,34:18,,3:25:26,,1:56:33,6:05:58
2439,2117,Peter Brantley,M50-54,212,Open,United States,48:54,,3:11:45,,1:54:38,6:06:02
2440,2873,Bradon Hines,M45-49,252,Open,United States,34:50,,3:17:09,,2:04:21,6:06:03
2441,4556,Alex Norris,F30-34,124,Female,United States,29:47,,3:17:32,,2:09:55,6:06:04
2442,1665,Mikko Manner,M55-59,130,Open,Finland,48:19,,3:08:16,,1:59:06,6:06:04
2443,4150,Jacalyn Johnson-Alviza,F40-44,107,Female,United States,50:31,,3:21:38,,1:45:51,6:06:07
2444,4413,Chelsea Duran,F35-39,109,Female,Canada,38:28,,3:14:50,,2:03:41,6:06:08
2445,4735,Ricki Reincke,F60-64,7,Female,United States,42:10,,3:11:44,,2:04:21,6:06:08
2446,1083,Tim Johnson,M65-69,13,Open,United States,41:09,,3:08:38,,2:06:03,6:06:10
2447,4355,Danielle Matilsky,F35-39,110,Female,United States,40:02,,3:07:51,,2:09:05,6:06:11
2448,5369,Lindsey Halter,F45-49,72,Female,United States,54:22,,3:05:48,,1:57:33,6:06:12
2449,1046,Joshua Venis,M35-39,285,Open,United States,44:46,,3:11:53,,2:02:15,6:06:14
2450,2586,Jim Jordan,M45-49,253,Open,United States,35:00,,3:15:20,,2:02:12,6:06:14
2451,599,Aldo Valverde,M40-44,322,Open,United States,45:00,,3:12:07,,1:59:44,6:06:15
2452,5438,Joy Braun,F45-49,73,Female,United States,40:33,,3:10:22,,2:04:57,6:06:15
2453,4193,Joana Ribeiro,F40-44,108,Female,Brazil,38:32,,3:20:00,,1:59:32,6:06:17
2454,4132,Joanne Muller,F40-44,109,Female,Australia,38:47,,3:18:30,,1:59:59,6:06:22
2455,5028,Sharon Byun,F50-54,36,Female,United States,32:57,,3:19:59,,2:04:38,6:06:23
2456,4101,Katie Truetken,F40-44,110,Female,United States,31:46,,3:17:31,,2:08:57,6:06:24
2457,1524,Raul Sosa,M60-64,41,Open,United States,46:45,,2:59:28,,2:10:35,6:06:32
2458,1718,Russell King,M55-59,131,Open,United States,45:57,,3:10:26,,2:01:17,6:06:34
2459,4660,Wanda Ruiz Pietrangeli,F30-34,125,Female,Venezuela,43:49,,3:12:23,,2:02:35,6:06:35
2460,4728,Kelsey Barnholt,F30-34,126,Female,United States,44:59,,3:28:31,,1:44:22,6:06:37
2461,2196,Russ Pfister,M50-54,213,Open,United States,49:04,,3:08:28,,1:53:15,6:06:37
2462,5489,Cynthia Perry,F45-49,74,Female,United States,42:07,,3:06:44,,2:05:41,6:06:37
2463,1315,Tyler Russell,M30-34,271,Open,United States,52:46,,3:15:03,,1:49:36,6:06:38
2464,5247,Jenna Dede,F25-29,77,Female,United States,43:43,,3:10:52,,2:01:14,6:06:38
2465,2705,Arthur Leiz,M45-49,254,Open,United States,44:41,,3:13:15,,1:57:57,6:06:41
2466,2011,David Kass,M50-54,214,Open,United States,41:52,,3:12:51,,2:02:01,6:06:43
2467,5481,Rachael Quillinan,F45-49,75,Female,United States,44:24,,3:02:59,,2:12:02,6:06:46
2468,2109,Sean Mcfadden,M50-54,215,Open,United States,46:25,,3:01:11,,2:09:48,6:06:46
2469,347,Christopher Valverde,M40-44,323,Open,United States,38:55,,3:08:02,,2:10:51,6:06:48
2470,5520,Maria Michelena,F45-49,76,Female,Venezuela,54:56,,3:12:52,,1:50:31,6:06:51
2471,1919,Will Waterpolo Kragten,M50-54,216,Open,Netherlands,30:20,,3:14:03,,2:09:25,6:07:01
2472,5458,Lisa Altman,F45-49,77,Female,United States,45:23,,3:06:07,,2:05:40,6:07:02
2473,2007,Scott Hirth,M50-54,217,Open,United States,42:30,,3:13:11,,1:59:41,6:07:05
2474,1683,David Swezey,M55-59,132,Open,United States,34:42,,3:10:22,,2:09:59,6:07:10
2475,439,Brad Stauffer,M40-44,324,Open,United States,31:08,,3:00:16,,2:25:04,6:07:17
2476,5396,Esther Collinetti,F45-49,78,Female,United States,40:47,,3:11:17,,2:04:47,6:07:18
2477,1736,Shawn Deboer,M55-59,133,Open,United States,47:10,,3:11:20,,1:56:15,6:07:29
2478,4767,Mary Duprey,F60-64,8,Female,United States,45:49,,3:06:11,,2:04:31,6:07:30
2479,4432,Jesselyn Garrisi,F35-39,111,Female,United States,33:37,,3:03:53,,2:21:39,6:07:31
2480,4092,Jessianna Osborne,F40-44,111,Female,United States,47:13,,3:06:33,,2:05:05,6:07:33
2481,736,Aubrey Clark,M35-39,286,Open,Australia,37:04,,2:53:33,,2:29:47,6:07:35
2482,2926,Matthew Vuolo,M45-49,255,Open,United States,45:39,,3:09:00,,2:02:31,6:07:35
2483,1623,Robin Vauth,M55-59,134,Open,Germany,46:30,,3:12:15,,2:00:01,6:07:37
2484,1688,Jeff Drobney,M55-59,135,Open,United States,41:04,,3:05:43,,2:11:25,6:07:43
2485,1751,John Torhan,M55-59,136,Open,United States,39:37,,3:22:51,,1:54:29,6:07:44
2486,1913,Andrew Yandell,M50-54,218,Open,United States,44:16,,3:04:04,,2:09:42,6:07:44
2487,1782,Robert Dundervill,M55-59,137,Open,United States,43:35,,3:02:39,,2:11:43,6:07:45
2488,2886,Juan Highland,M45-49,256,Open,Mexico,50:18,,3:02:07,,2:06:24,6:07:55
2489,1098,José Ponce,M65-69,14,Open,Ecuador,57:47,,3:10:32,,1:49:04,6:07:57
2490,5282,Maricarmen Del Valle,F18-24,33,Female,Mexico,32:25,,3:30:35,,1:51:11,6:07:58
2491,5406,Amy Mason,F45-49,79,Female,United States,42:25,,3:15:16,,2:00:35,6:08:00
2492,4595,Alexandria Antonacci,F30-34,127,Female,United States,41:43,,2:58:16,,2:13:43,6:08:00
2493,1778,Mark Benson,M55-59,138,Open,United Kingdom,48:51,,3:13:30,,1:54:57,6:08:04
2494,5071,Amy Nieto,F50-54,37,Female,United States,39:14,,3:18:33,,2:00:33,6:08:07
2495,4987,Julie Keyes,F50-54,38,Female,United States,36:14,,3:16:31,,2:06:37,6:08:13
2496,4975,Jennifer Datwyler,F50-54,39,Female,United States,41:48,,3:03:50,,2:12:56,6:08:18
2497,1676,David Venancio,M55-59,139,Open,United States,41:44,,3:08:55,,2:07:22,6:08:24
2498,4441,Molly Mullane,F35-39,112,Female,United States,46:59,,3:10:29,,2:03:12,6:08:25
2499,4464,Ashlee Ladner,F35-39,113,Female,United States,51:48,,3:07:27,,2:01:43,6:08:31
2500,4137,Jessica Morris,F40-44,112,Female,United States,43:28,,3:14:27,,2:01:37,6:08:35
2501,5026,Gineth Mendez-Yibirin,F50-54,40,Female,Colombia,39:22,,3:12:02,,2:09:00,6:08:40
2502,1787,Brian Snell,M55-59,140,Open,United States,41:17,,3:09:15,,2:09:45,6:08:40
2503,1654,John Mitchell,M55-59,141,Open,United States,37:54,,3:09:31,,2:11:02,6:08:42
2504,5513,Mirna Marovic,F45-49,80,Female,Croatia,41:56,,2:59:14,,2:15:29,6:08:42
2505,4846,Margot Swartz,F55-59,27,Female,United States,34:45,,3:06:36,,2:18:39,6:08:45
2506,5544,Linda Wesolowski,F45-49,81,Female,Canada,49:12,,3:04:56,,2:00:34,6:08:47
2507,4125,Kathryn Murtagh,F40-44,113,Female,United Kingdom,38:10,,3:12:13,,2:11:06,6:08:50
2508,4397,Erin Jeffers,F35-39,114,Female,United States,40:50,,3:23:32,,1:54:38,6:08:58
2509,1838,Reid Thomas,M55-59,142,Open,United States,35:27,,3:14:14,,2:08:15,6:08:59
2510,2944,Esi Shabani,M45-49,257,Open,Iran,34:19,,3:22:22,,2:02:21,6:09:00
2511,2128,Dave Pitts,M50-54,219,Open,United States,38:11,,3:04:20,,2:17:56,6:09:06
2512,4065,Kari Gondeck,F40-44,114,Female,United States,41:05,,3:25:51,,1:53:03,6:09:07
2513,5330,Barbara Naef,F45-49,82,Female,Switzerland,33:55,,3:11:37,,2:10:14,6:09:08
2514,1377,Oleksandr Soldatenko,M30-34,272,Open,Ukraine,34:38,,3:12:30,,2:15:56,6:09:11
2515,2382,Mark Mccabe,M25-29,189,Open,United States,42:51,,3:17:39,,1:59:57,6:09:14
2516,2961,Fran Sur,M45-49,258,Open,United States,41:57,,3:35:30,,1:43:35,6:09:17
2517,1970,Nicolas Blaser,M50-54,220,Open,United States,49:49,,3:12:01,,1:56:38,6:09:18
2518,5460,Annie Peters,F45-49,83,Female,United States,43:57,,3:15:52,,2:00:27,6:09:20
2519,2184,Ken Ryder,M50-54,221,Open,United States,48:51,,3:08:05,,2:03:57,6:09:20
2520,2042,Michael Bedenbaugh,M50-54,222,Open,United States,39:14,,3:15:37,,2:04:28,6:09:20
2521,5069,Diane Peterson,F50-54,41,Female,United States,37:50,,3:08:47,,2:13:06,6:09:21
2522,1189,Otto Alvarado Franco,M30-34,273,Open,Guatemala,44:12,,3:03:44,,2:12:26,6:09:22
2523,1971,Anthony Sabia,M50-54,223,Open,United States,32:54,,3:11:49,,2:12:24,6:09:22
2524,4073,Evelyn Sanhueza Soto,F40-44,115,Female,Chile,43:24,,3:21:22,,1:56:34,6:09:24
2525,5245,Dianna Olson,F25-29,78,Female,United States,48:49,,3:06:01,,2:04:35,6:09:29
2526,4387,Charlotte Bruce,F35-39,115,Female,United Kingdom,45:03,,3:09:30,,2:06:10,6:09:31
2527,5147,Mercedes Muniz Tellería,F25-29,79,Female,Mexico,36:56,,3:07:37,,2:15:55,6:09:33
2528,4370,Laura Friend,F35-39,116,Female,South Africa,36:37,,3:15:51,,2:09:16,6:09:34
2529,1040,Darren Leslie,M35-39,287,Open,United States,35:22,,3:14:32,,2:11:56,6:09:36
2530,5389,Jacqui Liebenberg,F45-49,84,Female,South Africa,43:45,,3:05:16,,2:07:55,6:09:36
2531,5410,Andrea Hsu,F45-49,85,Female,United States,45:02,,3:11:21,,2:02:35,6:09:36
2532,4477,Rebecca Torres,F35-39,117,Female,United States,40:05,,3:12:08,,2:05:48,6:09:39
2533,1711,Eric Bachmann,M55-59,143,Open,United States,1:07:06,,2:53:24,,1:57:21,6:09:39
2534,5205,Rachel Lawes,F25-29,80,Female,United States,37:44,,3:15:12,,2:06:33,6:09:46
2535,1956,Kris Patel,M50-54,224,Open,United States,46:05,,3:11:37,,2:01:14,6:09:46
2536,2171,George Gurrola,M50-54,225,Open,United States,44:48,,3:12:05,,2:02:55,6:09:47
2537,5459,Christine Kohler Neri,F45-49,86,Female,Switzerland,46:22,,3:03:46,,2:09:07,6:09:47
2538,4042,Amanda Nesbitt,F40-44,116,Female,United States,40:13,,3:10:00,,2:10:34,6:09:47
2539,2452,Kurt Metrose,M18-24,90,Open,United States,32:12,,3:09:50,,2:16:31,6:09:47
2540,4167,Renee Hodges,F40-44,117,Female,United States,46:10,,3:04:14,,2:10:57,6:09:48
2541,4164,Megan Dopp,F40-44,118,Female,United States,55:10,,3:12:45,,1:50:50,6:09:49
2542,4389,Alicia Dauw,F35-39,118,Female,United States,44:34,,3:14:06,,2:01:57,6:09:50
2543,4678,Jacqueline Sanders,F30-34,128,Female,United States,35:46,,3:22:41,,2:02:13,6:09:54
2544,1057,Oswaldo Bonilla,M35-39,288,Open,Venezuela,38:14,,3:14:21,,2:09:56,6:10:01
2545,4962,Alyson Phillips,F50-54,42,Female,United States,29:37,,3:01:55,,2:28:39,6:10:03
2546,1609,Mauricio Aguilar Briceño,M60-64,42,Open,Colombia,45:13,,3:07:31,,2:02:34,6:10:03
2547,1728,matt reynen,M55-59,144,Open,United States,36:56,,3:12:00,,2:07:47,6:10:05
2548,5498,Karime Nevarez,F45-49,87,Female,United States,55:02,,3:11:19,,1:55:34,6:10:10
2549,5209,Lorena Cifuentes Aguirre,F25-29,81,Female,Guatemala,30:57,,3:32:53,,1:58:14,6:10:14
2550,4599,Carli Loss,F30-34,129,Female,United States,37:47,,3:08:29,,2:16:32,6:10:20
2551,4251,Kimberley Patterson,F40-44,119,Female,United States,50:48,,3:11:10,,1:59:36,6:10:25
2552,447,Danilo Sverzut,M40-44,325,Open,Brazil,41:21,,3:18:48,,2:02:36,6:10:28
2553,4197,Mackenzi Howard,F40-44,120,Female,United States,44:21,,3:13:30,,2:03:12,6:10:33
2554,605,Christopher Breen,M40-44,326,Open,United States,45:00,,3:15:07,,2:01:50,6:10:35
2555,2785,Marcus Gordon,M45-49,259,Open,United States,36:57,,3:11:42,,2:11:17,6:10:38
2556,2573,Javier Martinez,M45-49,260,Open,Colombia,48:50,,3:04:58,,2:08:03,6:10:38
2557,4652,Christina Carlson,F30-34,130,Female,United States,46:01,,3:18:53,,1:58:39,6:10:46
2558,4784,Ellen Hart,F60-64,9,Female,United States,42:43,,3:15:17,,2:02:02,6:10:48
2559,1714,Andrew Mann,M55-59,145,Open,United Kingdom,41:27,,3:21:48,,1:57:51,6:10:56
2560,1690,Daniel Curnier,M55-59,146,Open,Canada,40:42,,3:02:03,,2:21:17,6:10:59
2561,4403,Micaela Gonzalez Kail,F35-39,119,Female,United States,34:13,,3:23:46,,2:04:37,6:11:01
2562,5402,Diane Allard,F45-49,88,Female,Canada,52:15,,3:10:03,,1:59:03,6:11:11
2563,5251,Audrey Allen,F25-29,82,Female,United States,45:04,,3:19:41,,1:56:53,6:11:14
2564,1655,Charlie Li,M55-59,147,Open,United States,55:38,,3:14:12,,1:50:03,6:11:18
2565,2931,ROBERT MORALES,M45-49,261,Open,United States,42:37,,3:23:53,,1:52:20,6:11:19
2566,4814,Lynne Speckmann,F55-59,28,Female,United States,45:13,,3:11:33,,2:06:15,6:11:22
2567,1110,Bill Edwards,M65-69,15,Open,United States,46:44,,3:11:30,,2:01:16,6:11:29
2568,5407,Joy Mcadams,F45-49,89,Female,United States,49:59,,3:06:22,,2:03:08,6:11:40
2569,4087,Marissa Melnick,F40-44,121,Female,United States,46:51,,3:30:40,,1:46:04,6:11:43
2570,4558,Ana Maria Gomez Cardona,F30-34,131,Female,Colombia,41:23,,3:17:53,,2:00:50,6:11:50
2571,2183,Blair Robinson,M50-54,226,Open,United States,47:40,,3:09:06,,2:03:49,6:11:52
2572,1793,Mark Evans,M55-59,148,Open,United States,37:49,,3:19:12,,2:06:00,6:11:55
2573,2141,Lee Rebodos,M50-54,227,Open,United States,58:34,,3:10:23,,1:50:01,6:11:58
2574,2390,Sebastian Linde,M25-29,190,Open,Guatemala,41:06,,3:03:35,,2:17:09,6:12:01
2575,4211,Wu Shu,F40-44,122,Female,China,1:05:19,,3:04:20,,1:53:40,6:12:02
2576,5317,Kelsie Mothersead,F18-24,34,Female,United States,36:16,,3:21:25,,2:05:16,6:12:03
2577,1505,Troy Cundari,M60-64,43,Open,Italy,44:27,,3:15:56,,2:03:25,6:12:03
2578,4008,Erika Nakamura Da Costa,F40-44,123,Female,Brazil,35:57,,3:26:37,,2:00:19,6:12:05
2579,489,Wyngard Lim,M40-44,327,Open,Philippines,43:52,,3:16:32,,2:00:26,6:12:06
2580,4175,YAMILA CRISAFI,F40-44,124,Female,Argentina,38:02,,3:36:11,,1:52:18,6:12:07
2581,4306,Summer Cox,F35-39,120,Female,United States,51:54,,3:04:20,,2:05:18,6:12:07
2582,5343,Yoli Arrazola Paz,F45-49,90,Female,Colombia,55:27,,3:09:57,,1:57:47,6:12:09
2583,5102,Alicia Light,F50-54,43,Female,United States,48:19,,3:07:18,,2:07:09,6:12:13
2584,2735,Joe Woodson,M45-49,262,Open,United States,45:39,,3:01:04,,2:16:05,6:12:14
2585,1256,Paul Shock,M30-34,274,Open,United States,43:07,,3:02:48,,2:14:51,6:12:16
2586,2102,Ted Casey,M50-54,228,Open,United States,39:22,,3:20:29,,2:01:28,6:12:35
2587,5394,Cheryl Patterson,F45-49,91,Female,United States,41:37,,3:06:30,,2:16:01,6:12:39
2588,722,Jay Prock,M35-39,289,Open,United States,38:02,,3:14:27,,2:12:33,6:12:42
2589,2019,Todd Michels,M50-54,229,Open,United States,44:26,,3:14:15,,2:03:31,6:12:43
2590,2660,Eric Lundquist,M45-49,263,Open,United States,44:21,,3:15:51,,2:03:08,6:12:44
2591,4592,Melania Meleney,F30-34,132,Female,United States,34:21,,3:35:14,,1:53:26,6:12:45
2592,1381,Hamzah Alqam,M30-34,275,Open,United States,51:05,,3:03:36,,2:10:22,6:12:47
2593,2932,Charles Banaszewski,M45-49,264,Open,United States,39:14,,3:07:39,,2:16:14,6:12:47
2594,5020,Solange Olbertz,F50-54,44,Female,Chile,45:04,,3:23:49,,1:54:12,6:12:49
2595,2958,Krzysztof Muskala,M55-59,149,Open,Poland,45:30,,3:14:56,,1:59:06,6:12:50
2596,5344,Beth Colon,F45-49,92,Female,United States,44:48,,3:08:45,,2:09:03,6:12:51
2597,4146,Colleen Bartling,F40-44,125,Female,United States,39:12,,3:14:06,,2:09:23,6:12:52
2598,1401,Aleksandar Tomic,M30-34,276,Open,Serbia,32:25,,3:36:55,,1:56:31,6:12:59
2599,5550,Marian Fairlie,F45-49,93,Female,United States,39:22,,3:15:56,,2:07:35,6:13:00
2600,5030,Jennifer Rieske,F50-54,45,Female,United States,46:10,,3:08:25,,2:08:33,6:13:01
2601,2190,Chuck Sherman,M50-54,230,Open,United States,1:08:32,,3:04:37,,1:44:40,6:13:03
2602,2702,Robert Lamarche,M45-49,265,Open,United States,48:11,,2:59:45,,2:13:33,6:13:03
2603,5405,Rachael Pick,F45-49,94,Female,United States,37:13,,3:16:38,,2:08:32,6:13:05
2604,245,Craig Fussell,M40-44,328,Open,United States,41:39,,3:16:31,,1:58:45,6:13:06
2605,4080,Mirjam Westerveld,F40-44,126,Female,Netherlands,39:37,,3:10:33,,2:15:48,6:13:09
2606,2342,Oswaldo Pinero,M25-29,191,Open,Venezuela,42:16,,3:19:04,,2:05:09,6:13:13
2607,4882,Claudia Paez,F55-59,29,Female,Argentina,44:37,,3:14:07,,2:04:25,6:13:25
2608,4879,Laurie Abrams,F55-59,30,Female,United States,32:47,,3:09:12,,2:21:58,6:13:27
2609,1596,David Johns,M60-64,44,Open,United States,44:22,,3:09:11,,2:07:38,6:13:29
2610,5472,Andrea Schieck,F45-49,95,Female,United States,46:35,,3:09:18,,2:03:01,6:13:34
2611,5002,Andrea Hirth,F50-54,46,Female,United States,37:42,,3:15:17,,2:09:20,6:13:45
2612,2779,Steve Kilgore,M45-49,266,Open,United States,42:39,,3:06:35,,2:09:54,6:13:51
2613,4026,Janette Rodewald,F40-44,127,Female,Canada,46:20,,3:04:40,,2:12:54,6:13:52
2614,4716,Jamie Cross,F30-34,133,Female,United States,49:06,,3:11:26,,2:04:51,6:13:55
2615,5003,Pam Connolly,F50-54,47,Female,United States,37:09,,3:18:52,,2:08:02,6:14:06
2616,4170,Luz Maria Amaya Castro,F40-44,128,Female,Mexico,46:05,,3:29:42,,1:51:03,6:14:15
2617,4338,Jennifer Boutin,F35-39,121,Female,United States,45:38,,3:04:39,,2:16:09,6:14:20
2618,1080,Mark Long,M65-69,16,Open,United States,44:44,,3:14:18,,2:04:09,6:14:22
2619,5056,Cathy Martinsen,F50-54,48,Female,United States,42:06,,3:02:07,,2:16:50,6:14:25
2620,4031,Cheryl Claes,F40-44,129,Female,United States,36:59,,3:14:46,,2:14:10,6:14:28
2621,5246,Jessica Wilkes,F25-29,83,Female,United States,42:57,,3:20:56,,2:00:24,6:14:32
2622,4102,Stephanie Ritter,F40-44,130,Female,United States,43:27,,3:24:44,,1:58:20,6:14:33
2623,1084,Mark Holland,M65-69,17,Open,United States,40:50,,3:09:23,,2:16:13,6:14:37
2624,1572,Arnold Strebe,M60-64,45,Open,United States,46:43,,3:22:21,,1:55:43,6:14:38
2625,2051,bob de lange,M50-54,231,Open,Belgium,43:43,,3:07:59,,2:13:12,6:14:40
2626,5549,Nicole Montgomery,F40-44,131,Female,United States,52:29,,3:12:10,,2:00:55,6:14:41
2627,5496,Jennifer Jones,F45-49,96,Female,United States,36:08,,3:05:41,,2:24:05,6:14:45
2628,442,Andrew James,M40-44,329,Open,United States,41:04,,3:10:04,,2:10:28,6:14:55
2629,5482,Sonja Anderson,F45-49,97,Female,United States,48:06,,3:08:58,,2:07:47,6:14:59
2630,4598,Lucia De Gante,F30-34,134,Female,Mexico,30:29,,3:23:05,,2:11:34,6:15:01
2631,5104,Nadia Leach,F50-54,49,Female,Canada,50:00,,3:10:25,,2:01:59,6:15:03
2632,2278,Esmat Wardak,M25-29,192,Open,United States,1:06:21,,3:09:14,,1:50:06,6:15:04
2633,4854,Beth Strauss,F55-59,31,Female,United States,30:51,,3:15:01,,2:18:52,6:15:08
2634,4931,Mary Reed,F55-59,32,Female,United States,32:07,,3:24:55,,2:06:27,6:15:10
2635,5543,Lisa Miller,F45-49,98,Female,United States,54:19,,2:58:23,,2:10:59,6:15:14
2636,5094,Christine Bell,F50-54,50,Female,Australia,33:15,,3:19:03,,2:15:51,6:15:20
2637,1764,Ken White,M55-59,150,Open,United States,50:40,,3:05:15,,2:08:38,6:15:20
2638,1584,Michael Sharp,M60-64,46,Open,United States,48:31,,3:19:22,,1:56:43,6:15:27
2639,1574,Richard Bolling,M60-64,47,Open,United States,43:11,,3:13:37,,2:05:26,6:15:33
2640,1639,Michael Reed,M55-59,151,Open,United States,45:16,,3:32:40,,1:49:54,6:15:33
2641,1456,Bruce Rosell,M30-34,277,Open,United States,40:51,,3:07:42,,2:15:27,6:15:38
2642,1980,Alf Imperato,M50-54,232,Open,United States,43:05,,2:57:05,,2:25:05,6:15:42
2643,4093,Kristin Coker,F40-44,132,Female,United States,37:58,,3:23:57,,2:04:53,6:15:43
2644,1868,Michael Pickersgill,M50-54,233,Open,Canada,37:46,,2:59:20,,2:28:25,6:15:46
2645,5373,Jodi Coffee,F45-49,99,Female,United States,39:26,,3:14:49,,2:09:55,6:15:51
2646,1888,Ivan Rodriguez,M50-54,234,Open,United States,40:41,,3:15:37,,2:07:49,6:15:51
2647,4123,Christine Flohr,F40-44,133,Female,United States,44:42,,3:07:35,,2:12:14,6:15:52
2648,5075,Vicki Updike,F50-54,51,Female,United States,40:18,,3:15:18,,2:09:50,6:15:55
2649,2080,Mike Peardon,M50-54,235,Open,United States,44:16,,3:04:03,,2:18:32,6:15:59
2650,1523,Gerry Hubers,M60-64,48,Open,United States,47:13,,3:14:30,,1:59:13,6:16:00
2651,5354,Becky Mintz,F45-49,100,Female,United States,46:56,,3:04:56,,2:13:18,6:16:03
2652,1092,Karl Thieme,M65-69,18,Open,United States,40:06,,3:03:52,,2:20:22,6:16:07
2653,275,Jeremy Scherer,M40-44,330,Open,United States,46:38,,3:20:33,,2:01:01,6:16:13
2654,2050,Doug Gailey,M50-54,236,Open,United States,44:38,,3:13:49,,2:09:44,6:16:14
2655,4315,Catalina Barrientos Valencia,F35-39,122,Female,Colombia,44:41,,3:06:13,,2:15:35,6:16:20
2656,4603,Simone Hernandez,F30-34,135,Female,United States,31:30,,3:29:01,,2:07:15,6:16:21
2657,5302,Katie Pack,F18-24,35,Female,United States,28:36,,3:29:01,,2:10:19,6:16:21
2658,4864,Cara Friel,F55-59,33,Female,United States,42:40,,3:16:53,,2:08:06,6:16:24
2659,4806,Bettina Shepard,F55-59,34,Female,United States,43:57,,3:19:12,,2:04:42,6:16:26
2660,5032,Kim Bramblett,F50-54,52,Female,United States,43:35,,3:11:28,,2:10:00,6:16:30
2661,819,Aydin Karimov,M35-39,290,Open,Azerbaijan,40:37,,3:14:06,,2:11:56,6:16:32
2662,1860,Hein Pretorius,M50-54,237,Open,Netherlands,49:49,,3:06:06,,2:11:06,6:16:33
2663,612,Jon Tsatsonis,M40-44,331,Open,United States,46:37,,3:15:44,,2:04:32,6:16:33
2664,1072,Kevin Zepp,M65-69,19,Open,United States,46:46,,3:12:14,,2:06:32,6:16:41
2665,4264,Megan Lawton,F40-44,134,Female,United States,38:25,,3:23:56,,2:02:06,6:16:45
2666,4865,Laura Hingle,F55-59,35,Female,United States,44:01,,3:13:52,,2:07:38,6:16:50
2667,5529,Denay Clark,F45-49,101,Female,United States,52:54,,3:13:25,,2:00:09,6:16:50
2668,4061,Kristina Cirves,F40-44,135,Female,United States,38:50,,3:21:23,,2:08:09,6:17:03
2669,1672,James Arguelles,M55-59,152,Open,Colombia,45:22,,3:15:55,,2:06:20,6:17:05
2670,1856,J.T. Thompson,M55-59,153,Open,United States,37:33,,3:21:40,,2:02:58,6:17:10
2671,2933,Bret Heintz,M45-49,267,Open,United States,30:56,,3:15:35,,2:19:51,6:17:15
2672,831,Carlos Omar,M35-39,291,Open,Puerto Rico,36:23,,3:21:13,,2:10:12,6:17:17
2673,5207,Rhyan Passanante,F25-29,84,Female,United States,42:50,,3:15:40,,2:09:55,6:17:20
2674,4446,Hong Weng,F35-39,123,Female,United States,42:11,,3:25:46,,2:01:21,6:17:24
2675,4418,Azzurra Ministrini,F35-39,124,Female,Italy,34:36,,3:30:34,,2:02:49,6:17:26
2676,4263,Lara Sloan,F40-44,136,Female,United States,42:32,,3:10:45,,2:14:32,6:17:28
2677,4110,Laura Lokkesmoe,F40-44,137,Female,United States,33:30,,3:18:41,,2:16:04,6:17:29
2678,4495,Heidi Brewer,F35-39,125,Female,United States,41:36,,3:09:18,,2:13:55,6:17:29
2679,1473,Scott Wensler,M30-34,278,Open,United States,44:28,,3:09:10,,2:13:42,6:17:31
2680,1827,Scott Liston,M55-59,154,Open,United States,39:20,,3:13:00,,2:14:18,6:17:31
2681,4837,Anna Jurgens,F55-59,36,Female,United States,42:35,,3:06:47,,2:18:23,6:17:38
2682,1759,Mike Garvin,M55-59,155,Open,United States,39:59,,3:13:29,,2:08:07,6:17:42
2683,4089,Rhonda Yeager,F40-44,138,Female,United States,39:58,,3:02:21,,2:23:58,6:17:42
2684,5244,Maria Del Mar Angel,F25-29,85,Female,Colombia,42:11,,3:11:09,,2:12:50,6:17:51
2685,2132,Tsuyoshi Yokoyama,M50-54,238,Open,Japan,49:50,,3:23:58,,1:53:29,6:17:51
2686,5036,Monica Hernandez,F50-54,53,Female,Mexico,39:53,,3:17:18,,2:13:06,6:17:56
2687,1664,Leo Suniaga,M55-59,156,Open,United States,39:00,,3:37:24,,1:51:50,6:18:02
2688,1765,Trent Smith,M55-59,157,Open,United States,46:41,,3:21:35,,2:01:54,6:18:02
2689,1830,Dan Thomas,M55-59,158,Open,United States,37:54,,3:13:40,,2:17:44,6:18:05
2690,4750,Jane Piombo,F60-64,10,Female,United States,45:10,,3:11:13,,2:11:29,6:18:07
2691,2734,Jan Mojs,M45-49,268,Open,Czechia,57:10,,3:08:21,,1:59:54,6:18:10
2692,281,Daniel Ribeiro,M40-44,332,Open,Brazil,52:11,,3:13:57,,2:02:06,6:18:15
2693,5044,Tammy Swift,F50-54,54,Female,United States,44:22,,3:08:27,,2:14:05,6:18:15
2694,4663,Courtney Waltimyer,F30-34,136,Female,United States,37:45,,3:23:50,,2:07:19,6:18:18
2695,1539,Chris Muenzer,M60-64,49,Open,United States,52:45,,3:10:40,,2:03:10,6:18:19
2696,4866,Ingrid Archangelo,F55-59,37,Female,United States,40:20,,3:19:55,,2:08:14,6:18:27
2697,4267,Aimee Reeves,F40-44,139,Female,United States,37:46,,3:07:50,,2:22:50,6:18:27
2698,2940,Rick Kleindienst,M45-49,269,Open,United States,44:51,,3:17:26,,2:06:41,6:18:28
2699,4085,Jennifer Durham,F40-44,140,Female,United States,40:05,,3:21:26,,2:07:10,6:18:32
2700,4039,Dinora Villegas,F40-44,141,Female,Mexico,40:28,,3:31:03,,1:59:23,6:18:36
2701,5443,Lesley Cyrus,F45-49,102,Female,United States,48:53,,3:14:20,,2:03:03,6:18:38
2702,5035,Cara Smith,F50-54,55,Female,United States,44:57,,3:14:34,,2:09:11,6:18:43
2703,5098,Heidi Hutchinson,F50-54,56,Female,United States,41:12,,3:22:22,,2:04:23,6:18:49
2704,1136,Faron Reed,M65-69,20,Open,United States,37:34,,3:14:09,,2:16:40,6:18:49
2705,4605,Leigh Ann Quill,F30-34,137,Female,United States,38:27,,3:18:26,,2:11:24,6:18:55
2706,5047,Erin Harvego,F50-54,57,Female,United States,42:39,,3:18:45,,2:06:46,6:18:57
2707,1606,Steve Haslam,M60-64,50,Open,United States,44:29,,3:11:32,,2:13:38,6:18:59
2708,1847,Joe Mcculloch,M55-59,159,Open,United States,40:48,,3:09:35,,2:18:05,6:19:01
2709,4394,Alana Graham,F35-39,126,Female,United States,37:10,,3:16:14,,2:17:13,6:19:05
2710,4682,Alissa Kauffman,F30-34,138,Female,United States,42:49,,3:19:40,,2:05:09,6:19:05
2711,1518,Kevin Rupp,M60-64,51,Open,United States,42:16,,3:11:33,,2:13:28,6:19:10
2712,1091,Michael Young,M65-69,21,Open,United States,45:30,,3:37:32,,1:44:56,6:19:13
2713,4143,Mila Griffin,F40-44,142,Female,United States,44:02,,3:22:54,,1:55:37,6:19:16
2714,4834,Tobi Bisson,F55-59,38,Female,United States,31:13,,3:18:37,,2:21:04,6:19:18
2715,5052,Stacey Nieder,F50-54,58,Female,United States,44:31,,3:10:42,,2:15:20,6:19:18
2716,5398,Kara Scroggs,F45-49,103,Female,United States,56:02,,3:07:23,,2:07:04,6:19:22
2717,1106,Bill Beyerbach,M65-69,22,Open,United States,45:23,,3:26:03,,1:55:12,6:19:29
2718,2120,William Lafave,M50-54,239,Open,United States,53:38,,3:03:16,,2:10:14,6:19:29
2719,1735,Robert White,M55-59,160,Open,United States,43:30,,3:23:29,,2:03:53,6:19:31
2720,1709,Steve Swift,M55-59,161,Open,United States,45:49,,3:20:13,,2:04:00,6:19:33
2721,1464,Jared Strate,M30-34,279,Open,United States,39:39,,3:12:56,,2:12:53,6:19:43
2722,5469,Heather Lewandowski,F45-49,104,Female,United States,39:23,,3:20:22,,2:10:30,6:19:44
2723,4526,Kathleen Richards,F65-69,1,Female,United States,48:46,,3:18:27,,2:03:06,6:19:48
2724,5339,Robyn Poulson,F45-49,105,Female,United States,43:59,,3:17:02,,2:09:35,6:19:48
2725,4868,Susan Baker,F55-59,39,Female,United States,40:26,,3:15:34,,2:12:15,6:19:49
2726,4816,Connie Roberts,F55-59,40,Female,United States,44:33,,3:11:34,,2:12:27,6:19:50
2727,4934,Adelia Smith,F55-59,41,Female,United States,42:53,,3:14:40,,2:08:59,6:19:53
2728,5502,Melissa Lahey,F45-49,106,Female,United States,47:44,,3:18:01,,2:01:37,6:20:02
2729,5148,Morgan OLSON,F25-29,86,Female,United States,52:35,,3:16:57,,2:00:52,6:20:03
2730,1681,Tony Washington,M55-59,162,Open,United States,37:12,,3:10:19,,2:21:02,6:20:07
2731,5249,Meghan Brennan,F25-29,87,Female,United States,53:26,,3:15:23,,2:00:51,6:20:09
2732,5383,Tiffany Kaufman,F45-49,107,Female,United States,40:16,,3:14:49,,2:11:48,6:20:23
2733,4528,Gillian Staudt,F30-34,139,Female,United States,29:12,,3:42:43,,2:00:24,6:20:28
2734,283,Robert Walker,M40-44,333,Open,United Kingdom,47:08,,3:30:01,,1:53:21,6:20:35
2735,5378,Rosa Laura Elbooz,F45-49,108,Female,United States,50:38,,3:06:57,,2:13:56,6:20:38
2736,4329,Ashley Schroeder,F35-39,127,Female,United States,46:51,,3:15:46,,2:07:41,6:20:40
2737,1687,Can Datca,M55-59,163,Open,Turkey,50:49,,3:14:19,,2:04:46,6:20:46
2738,4749,Sarah Crewe,F60-64,11,Female,United States,39:03,,3:08:13,,2:24:51,6:20:47
2739,1780,Scott Kossoudji,M55-59,164,Open,United States,54:08,,3:11:40,,2:04:35,6:20:48
2740,4830,Julie Mcmonagle,F55-59,42,Female,United States,42:23,,3:18:29,,2:11:09,6:21:02
2741,4856,Ronda Walker,F55-59,43,Female,United States,44:59,,3:12:53,,2:09:46,6:21:02
2742,4895,Gina Samland,F55-59,44,Female,United States,36:50,,3:18:54,,2:16:06,6:21:03
2743,279,Patrick Santiago,M40-44,334,Open,United States,51:00,,3:12:32,,2:08:00,6:21:06
2744,4136,Giovanna Matic,F40-44,143,Female,United States,47:00,,3:24:40,,1:59:21,6:21:07
2745,1379,Brian Kayhart,M30-34,280,Open,United States,37:13,,3:05:11,,2:28:26,6:21:16
2746,4308,Chelsey Cekola,F35-39,128,Female,United States,47:01,,3:28:57,,1:57:17,6:21:16
2747,4148,Erika Lilley,F40-44,144,Female,United States,39:20,,3:22:11,,2:08:07,6:21:18
2748,5316,Danielle Clark,F18-24,36,Female,United States,33:23,,3:17:42,,2:19:54,6:21:18
2749,2628,Shawn Clark,M45-49,270,Open,United States,49:52,,3:22:59,,1:58:18,6:21:21
2750,1660,Joseph Fleming,M55-59,165,Open,United States,49:29,,3:07:19,,2:13:54,6:21:25
2751,4383,Marie Town,F35-39,129,Female,United States,39:47,,3:27:57,,2:02:24,6:21:35
2752,4981,Tracey Roesner,F50-54,59,Female,United States,38:58,,3:15:59,,2:16:30,6:21:43
2753,5318,Paige Cooley,F18-24,37,Female,United States,42:24,,3:21:37,,2:09:04,6:21:43
2754,5271,Cory Davis,F18-24,38,Female,United States,39:26,,3:24:53,,2:07:21,6:21:45
2755,4953,Inge Wiersema,F50-54,60,Female,Netherlands,41:39,,3:15:25,,2:09:04,6:21:46
2756,1994,Oscar Zuleta,M50-54,240,Open,El Salvador,36:15,,3:17:58,,2:16:24,6:21:53
2757,2557,David Dawkins,M18-24,91,Open,United States,44:47,,3:00:34,,2:29:30,6:21:56
2758,4289,Kelly Rogers,F35-39,130,Female,United States,36:10,,3:15:58,,2:20:06,6:21:58
2759,5536,Sherri Fox,F45-49,109,Female,United States,47:45,,3:05:37,,2:18:30,6:21:58
2760,4999,Theresa Zechman Johnson,F50-54,61,Female,United States,39:57,,3:08:44,,2:21:52,6:22:11
2761,5187,Cassidy Breneiser,F25-29,88,Female,United States,36:23,,3:31:44,,2:05:47,6:22:12
2762,1537,Johnny Miles,M60-64,52,Open,United States,43:16,,3:01:25,,2:28:44,6:22:14
2763,2379,Alan Jackman,M25-29,193,Open,United States,29:07,,3:24:03,,2:20:48,6:22:21
2764,2456,Landon Jackson,M18-24,92,Open,United States,46:01,,2:59:41,,2:29:34,6:22:26
2765,5356,Heather Mchugh,F45-49,110,Female,United States,44:12,,3:10:10,,2:17:43,6:22:28
2766,4204,Susan Orcutt,F40-44,145,Female,United States,49:32,,3:23:08,,2:02:46,6:22:29
2767,840,Abbess Ghazzali,M35-39,292,Open,Morocco,41:50,,3:18:15,,2:13:54,6:22:32
2768,4198,Danielle Collins,F40-44,146,Female,United States,41:05,,3:12:49,,2:20:08,6:22:42
2769,4352,Sally Hamacher,F35-39,131,Female,United States,42:29,,3:27:39,,2:05:08,6:22:43
2770,5115,Kirsten Miller,F50-54,62,Female,United States,59:36,,3:01:56,,2:10:20,6:22:45
2771,4641,Cortney Charlesworth,F30-34,140,Female,United States,42:30,,3:22:00,,2:06:18,6:22:45
2772,4407,Victoria Houghton,F35-39,132,Female,United States,36:04,,3:24:17,,2:12:35,6:22:48
2773,926,Edd Lukas,M35-39,293,Open,United Kingdom,49:45,,3:03:20,,2:20:09,6:22:54
2774,5248,Ines Rodriguez,F25-29,89,Female,Venezuela,40:42,,3:07:35,,2:26:00,6:22:55
2775,1790,Robert Gegg,M55-59,166,Open,United States,42:39,,3:15:38,,2:13:26,6:22:57
2776,5021,Traci Seto,F50-54,63,Female,United States,56:17,,3:06:03,,2:07:47,6:22:57
2777,4904,Carmen Ponce,F55-59,45,Female,Chile,41:56,,3:21:00,,2:09:14,6:23:01
2778,5254,Katie Levan,F25-29,90,Female,United States,36:42,,3:23:47,,2:13:28,6:23:05
2779,4288,Mandi Nilsen,F35-39,133,Female,United States,40:46,,3:23:50,,2:08:43,6:23:09
2780,1846,Dirk Hasselkuss,M55-59,167,Open,Bermuda,48:05,,3:15:41,,2:09:25,6:23:10
2781,1691,alan macdougall,M55-59,168,Open,Korea,59:42,,3:08:38,,2:02:18,6:23:11
2782,2649,Stephane Bourgeault,M45-49,271,Open,France,39:55,,3:03:46,,2:32:24,6:23:11
2783,2843,Rabih Chaer,M45-49,272,Open,United States,42:13,,3:14:30,,2:13:17,6:23:11
2784,4831,Barbara Goranson,F55-59,46,Female,United States,42:55,,3:15:09,,2:15:51,6:23:17
2785,4825,Sheila Engert,F55-59,47,Female,United States,49:01,,3:18:05,,2:03:54,6:23:19
2786,362,Mark Evans,M40-44,335,Open,United States,56:38,,2:50:12,,2:25:37,6:23:19
2787,4910,Carolyn Classen,F55-59,48,Female,United States,38:34,,3:21:19,,2:12:51,6:23:22
2788,5541,Jennifer Charters,F45-49,111,Female,United States,44:20,,3:14:02,,2:16:30,6:23:28
2789,2762,Mark Meuser,M45-49,273,Open,United States,47:50,,3:09:13,,2:14:23,6:23:29
2790,246,Tony Gonzalez,M40-44,336,Open,United States,44:10,,3:15:25,,2:16:18,6:23:30
2791,4186,Shireen Knowles,F40-44,147,Female,United States,42:47,,3:10:44,,2:19:00,6:23:32
2792,1621,Guy Sigley,M60-64,53,Open,United States,41:54,,3:06:38,,2:24:11,6:23:33
2793,4471,Samantha Krasner,F35-39,134,Female,United States,47:45,,3:28:10,,1:59:28,6:23:35
2794,4300,Sarah Reintjes-Tolen,F35-39,135,Female,United States,42:53,,3:41:04,,1:47:04,6:23:37
2795,2941,Christopher Eckett,M45-49,274,Open,United States,44:53,,3:11:19,,2:18:16,6:23:39
2796,1600,Jeff Crowe,M60-64,54,Open,United States,55:57,,3:13:01,,2:05:24,6:23:41
2797,1603,Edward Schmiech,M60-64,55,Open,United States,45:00,,3:16:05,,2:12:22,6:23:41
2798,5454,Colleen Udovich,F45-49,112,Female,United States,49:03,,3:21:18,,2:01:04,6:23:41
2799,1528,Alain Benzaken,M60-64,56,Open,United States,41:06,,3:25:56,,2:04:35,6:23:41
2800,4723,Alison Henry,F30-34,141,Female,United States,42:44,,3:26:04,,2:04:32,6:23:45
2801,1543,William Coquelin,M60-64,57,Open,United States,41:52,,3:12:22,,2:19:24,6:23:51
2802,4722,Victoria Coffee,F30-34,142,Female,United States,45:04,,3:24:56,,2:06:54,6:23:53
2803,4344,Brittany Bevis,F35-39,136,Female,United States,42:31,,3:22:03,,2:12:15,6:23:54
2804,4160,Tawny Espinoza,F40-44,148,Female,United States,34:04,,3:31:28,,2:09:33,6:23:56
2805,2792,Phu Nguyen,M45-49,275,Open,United States,59:34,,3:11:05,,2:03:12,6:23:59
2806,1917,Allen Price,M50-54,241,Open,United States,45:58,,3:07:55,,2:20:26,6:24:03
2807,4201,Billie Jo Heistand,F40-44,149,Female,United States,41:38,,3:27:21,,2:06:01,6:24:05
2808,4974,Melissa Lavers,F50-54,64,Female,United States,53:47,,3:04:06,,2:12:58,6:24:08
2809,5431,Dena Fairley,F45-49,113,Female,United States,53:09,,3:12:41,,2:06:26,6:24:10
2810,1101,Eli Tepperberg,M65-69,23,Open,United States,45:39,,3:18:05,,2:11:00,6:24:13
2811,5040,Tracy Wales,F50-54,65,Female,United States,34:12,,3:09:43,,2:28:50,6:24:16
2812,5342,Shannon Hedrick,F45-49,114,Female,United States,33:39,,3:31:39,,2:07:47,6:24:24
2813,4782,Glee Jewell,F60-64,12,Female,United States,31:37,,3:27:40,,2:14:43,6:24:26
2814,2942,Roger Holcombe,M45-49,276,Open,United States,48:09,,3:12:05,,2:15:59,6:24:28
2815,5213,Montserrat Ayala,F25-29,91,Female,Mexico,48:55,,3:24:16,,2:02:39,6:24:29
2816,5556,Ginger Schirmer,F55-59,49,Female,United States,45:13,,3:31:44,,1:52:38,6:24:30
2817,1244,Wesley Dede,M30-34,281,Open,United States,37:44,,3:21:07,,2:16:11,6:24:38
2818,1081,Jeffrey Rippey,M65-69,24,Open,United States,41:31,,3:22:54,,2:09:58,6:24:47
2819,5504,Emma Edworthy,F45-49,115,Female,United Kingdom,45:10,,3:14:31,,2:15:05,6:24:58
2820,2119,Kevin Karr,M50-54,242,Open,United States,44:37,,3:10:58,,2:18:00,6:24:59
2821,1550,Mace Linde,M60-64,58,Open,United States,37:58,,3:12:31,,2:25:28,6:25:04
2822,5089,Glenda Adams,F50-54,66,Female,United States,39:01,,3:09:36,,2:26:52,6:25:22
2823,4107,Danielle Beck,F40-44,150,Female,United States,48:15,,3:22:49,,2:01:10,6:25:28
2824,4706,Erica Lundblad,F30-34,143,Female,United States,42:45,,3:22:33,,2:12:05,6:25:28
2825,4984,Kory Skrob,F50-54,67,Female,United States,42:00,,3:19:02,,2:13:12,6:25:40
2826,5523,Wendy Hart,F45-49,116,Female,United States,49:15,,3:13:36,,2:13:39,6:25:40
2827,5241,Kayla Edwards,F25-29,92,Female,United States,32:27,,3:11:08,,2:33:35,6:25:46
2828,4886,Denise Ingram,F55-59,50,Female,United States,45:08,,3:14:44,,2:15:08,6:25:51
2829,4033,Melissa Mcginnis,F40-44,151,Female,United States,33:01,,3:26:07,,2:15:34,6:25:52
2830,1745,Juergen Seuling,M55-59,169,Open,Germany,45:13,,3:19:23,,2:14:05,6:26:00
2831,4715,Marjorie Nelson,F30-34,144,Female,United States,47:05,,3:25:06,,2:04:14,6:26:01
2832,4155,Erin Bridge,F40-44,152,Female,United States,41:24,,3:15:18,,2:22:07,6:26:02
2833,4853,Julieanne Lay,F55-59,51,Female,United States,40:33,,3:26:13,,2:11:18,6:26:02
2834,4537,Fernanda Tucci,F30-34,145,Female,Brazil,42:45,,3:17:47,,2:18:33,6:26:05
2835,1016,Jason Tucker-Ramer,M35-39,294,Open,United States,38:20,,3:30:35,,2:08:10,6:26:07
2836,1674,Dan Fleshour,M55-59,170,Open,United States,38:18,,3:22:43,,2:16:08,6:26:11
2837,2657,Michael Caputa,M45-49,277,Open,United States,51:22,,3:14:33,,2:09:08,6:26:12
2838,5092,Amy Cotter-Brown,F50-54,68,Female,United States,47:13,,3:04:19,,2:24:13,6:26:19
2839,1915,Shayne Yonce,M50-54,243,Open,United States,44:42,,3:14:02,,2:16:16,6:26:20
2840,4677,Natalie Rambish,F30-34,146,Female,United States,36:59,,3:12:46,,2:26:45,6:26:24
2841,2925,Eyal Golan,M45-49,278,Open,United States,51:54,,3:22:38,,2:02:11,6:26:25
2842,332,Anthony Lopez,M40-44,337,Open,United States,58:48,,3:34:09,,1:46:00,6:26:31
2843,4926,Vicki Derrick,F55-59,52,Female,United States,47:14,,3:10:59,,2:16:13,6:26:32
2844,1184,Sergejs Dauksts,M30-34,282,Open,Latvia,39:40,,3:08:30,,2:31:20,6:26:33
2845,4145,Kimberly Sharpe,F40-44,153,Female,United States,40:23,,3:26:53,,2:10:30,6:26:36
2846,1103,Mike Butler,M65-69,25,Open,United States,55:38,,3:21:33,,1:59:12,6:26:38
2847,4189,Monique Radman,F40-44,154,Female,United States,41:39,,3:24:14,,2:12:46,6:26:46
2848,4916,Lisa Martin,F55-59,53,Female,United States,43:46,,3:15:56,,2:14:51,6:26:48
2849,4817,Maite Bilbao,F55-59,54,Female,Mexico,41:33,,3:20:23,,2:15:36,6:26:49
2850,4395,Laura Casto,F35-39,137,Female,United States,34:36,,3:29:17,,2:14:08,6:26:59
2851,4307,Tiffani Russ,F35-39,138,Female,United States,41:06,,3:21:13,,2:15:39,6:27:05
2852,4305,Kathryn Hores,F35-39,139,Female,United States,34:02,,3:23:20,,2:19:14,6:27:06
2853,4191,Kelly Hawkins,F40-44,155,Female,United States,45:14,,3:13:38,,2:16:51,6:27:07
2854,5144,Hanna Hunstad,F25-29,93,Female,United States,31:12,,3:27:08,,2:20:44,6:27:09
2855,1768,Rocco Armonda,M55-59,171,Open,United States,52:01,,3:17:50,,2:04:25,6:27:20
2856,4554,Chloe Miller,F30-34,147,Female,United States,33:25,,3:28:35,,2:15:02,6:27:23
2857,4642,Jamila Allen,F30-34,148,Female,United States,44:47,,3:20:27,,2:14:23,6:27:23
2858,4564,Naomi Briones,F30-34,149,Female,United States,36:34,,3:24:03,,2:16:24,6:27:25
2859,1679,Brooks Amiot,M55-59,172,Open,United States,59:47,,3:09:26,,2:06:04,6:27:26
2860,4893,Karen Smith,F55-59,55,Female,United States,42:49,,3:22:09,,2:07:27,6:27:26
2861,1928,Matthew Seitz,M50-54,244,Open,United States,39:38,,3:06:53,,2:23:16,6:27:29
2862,1976,Mickey Moore,M50-54,245,Open,United States,59:07,,3:34:31,,1:42:19,6:27:29
2863,1497,Jeffrey Bowman,M60-64,59,Open,United States,43:09,,3:14:24,,2:19:04,6:27:31
2864,1914,Gail Mclain,M50-54,246,Open,United States,34:24,,3:15:03,,2:29:25,6:27:34
2865,2634,Carlos Vergara,M45-49,279,Open,Mexico,42:44,,3:37:53,,1:56:55,6:27:35
2866,5530,Stephanie Summerhill,F45-49,117,Female,United States,55:10,,3:19:58,,2:02:33,6:27:41
2867,2064,Gabriel Carballo,M50-54,247,Open,United States,44:11,,3:14:30,,2:16:46,6:27:43
2868,5129,Ali O’donnell,F25-29,94,Female,United States,33:04,,3:36:46,,2:10:10,6:27:45
2869,1571,Rick Wade,M60-64,60,Open,United States,44:03,,3:02:24,,2:31:50,6:27:53
2870,5113,Lisa Gruebele,F50-54,69,Female,United States,38:49,,3:10:33,,2:27:44,6:27:53
2871,4575,Celia Mindel,F30-34,150,Female,United States,38:15,,3:25:33,,2:12:01,6:28:04
2872,5545,Constance Geoghan,F45-49,118,Female,United States,45:16,,3:11:57,,2:12:39,6:28:05
2873,5537,Jennifer Lansdowne,F45-49,119,Female,United States,49:53,,3:06:23,,2:23:25,6:28:08
2874,4911,Bernadette Sidney,F55-59,56,Female,United States,38:13,,3:31:01,,2:04:02,6:28:09
2875,4241,Claudia Zambrano,F40-44,156,Female,Venezuela,44:45,,3:25:17,,2:09:33,6:28:14
2876,4069,Diana Hou,F40-44,157,Female,United States,33:48,,3:35:14,,2:09:26,6:28:22
2877,4296,Carrisa Matenaer,F35-39,140,Female,United States,31:07,,3:32:06,,2:17:51,6:28:24
2878,4989,Monika Cassidy,F50-54,70,Female,United States,53:21,,3:09:13,,2:16:47,6:28:26
2879,1077,Gregory Umberger,M65-69,26,Open,United States,49:19,,3:22:45,,2:04:14,6:28:29
2880,181,Earl Barnes,MPC,,Open,United States,43:44,,2:57:37,,2:37:18,6:28:29
2881,1521,Steve Mayberry,M60-64,61,Open,United States,59:57,,3:11:41,,2:06:44,6:28:32
2882,1811,Brian Battaglia,M55-59,173,Open,United States,51:17,,3:18:54,,2:07:40,6:28:32
2883,2154,Juan Manuel Hinojosa Correa,M50-54,248,Open,Mexico,37:34,,3:11:52,,2:25:04,6:28:33
2884,4195,Shawna Pitts,F40-44,158,Female,United States,43:28,,3:23:52,,2:13:14,6:28:34
2885,5220,Rachel Delucia,F25-29,95,Female,United States,36:18,,3:18:28,,2:25:14,6:28:37
2886,4924,Giuliana Fatule,F55-59,57,Female,Peru,46:37,,3:14:34,,2:18:04,6:28:37
2887,5159,Holli Dobay,F25-29,96,Female,United States,46:04,,3:20:56,,2:09:11,6:28:39
2888,4781,Diana Wilburn,F60-64,13,Female,United States,46:40,,3:22:38,,2:09:39,6:28:45
2889,1095,Leonard Vergunst,M65-69,27,Open,United States,56:26,,3:15:03,,2:05:11,6:28:53
2890,4671,Heather Hermann,F30-34,151,Female,United States,33:54,,3:21:58,,2:23:04,6:28:57
2891,2595,Albie Macdonald,M45-49,280,Open,United States,46:26,,3:31:51,,2:01:41,6:28:58
2892,2911,Richard Jewitt,M45-49,281,Open,Canada,45:03,,3:20:41,,2:13:01,6:28:59
2893,1575,Michael Fitzsimmons,M60-64,62,Open,United States,37:48,,3:18:47,,2:18:48,6:29:15
2894,4108,Jennifer Bergeron,F40-44,159,Female,United States,47:30,,3:23:03,,2:09:56,6:29:23
2895,2564,Bradley Albright,M18-24,93,Open,United States,50:38,,3:29:54,,1:58:27,6:29:23
2896,1512,Bob Reinhold,M60-64,63,Open,United States,55:56,,3:25:28,,1:56:53,6:29:24
2897,4748,Pamela Baller,F60-64,14,Female,United States,42:43,,3:10:28,,2:22:52,6:29:36
2898,5445,Leslie Alcuri,F45-49,120,Female,United States,42:28,,3:15:52,,2:23:03,6:29:37
2899,4257,Danielle King,F40-44,160,Female,United States,40:40,,3:15:51,,2:24:00,6:29:38
2900,4086,Rachel Zambrano,F40-44,161,Female,United States,39:59,,3:25:43,,2:15:10,6:29:41
2901,4248,Erika Ostrander,F40-44,162,Female,United States,54:28,,3:19:55,,2:03:33,6:29:42
2902,1527,Jeffrey Krebs,M60-64,64,Open,United States,59:52,,3:31:16,,1:47:50,6:29:42
2903,1579,Mark Myers,M60-64,65,Open,United States,1:07:38,,3:12:30,,2:00:23,6:29:57
2904,4665,Carissa Chambers,F30-34,152,Female,United States,41:34,,3:27:46,,2:12:51,6:29:57
2905,4410,Cristal Hernandez Jimenez,F35-39,141,Female,Mexico,38:38,,3:35:12,,2:07:42,6:30:01
2906,1649,Troy Timmons,M55-59,174,Open,United States,47:36,,3:02:27,,2:24:10,6:30:15
2907,4571,Nicole Baker,F30-34,153,Female,United States,41:26,,3:40:52,,1:57:11,6:30:19
2908,588,David Williamson,M40-44,338,Open,United States,1:09:44,,3:06:05,,2:01:38,6:30:29
2909,1134,Frederick Scott,M65-69,28,Open,United States,46:58,,3:15:01,,2:18:52,6:30:33
2910,4158,Michelle Wieland,F40-44,163,Female,United States,39:02,,3:21:21,,2:12:46,6:30:37
2911,4959,Kirsten Nesholm,F50-54,71,Female,United States,53:15,,3:20:49,,2:05:51,6:30:44
2912,5216,Claire Bruce,F25-29,97,Female,United States,45:15,,3:09:28,,2:22:35,6:30:47
2913,1489,Ryan Coblentz,M30-34,283,Open,United States,45:01,,3:29:23,,2:08:53,6:30:52
2914,357,Joey Dente,M40-44,339,Open,United States,46:02,,3:30:18,,2:03:35,6:30:56
2915,4903,Lia Kutzscher,F55-59,58,Female,Canada,46:06,,3:17:26,,2:14:32,6:31:00
2916,5122,Lindsey Ruggles,F25-29,98,Female,United States,37:47,,3:23:24,,2:19:41,6:31:13
2917,5100,Sandra Daust,F50-54,72,Female,United States,42:59,,3:27:16,,2:12:15,6:31:17
2918,2948,Zouheir Louhaichy,M55-59,175,Open,Morocco,44:51,,3:21:42,,2:03:23,6:31:22
2919,598,Leith Labrado,M40-44,340,Open,United States,1:08:36,,3:19:04,,1:53:38,6:31:22
2920,5531,Jodi Newman,F45-49,121,Female,United States,38:29,,3:14:39,,2:27:21,6:31:26
2921,1070,John Reinke,M65-69,29,Open,United States,55:28,,3:19:12,,2:05:54,6:31:28
2922,4915,Kate Sitler,F55-59,59,Female,United States,43:34,,3:17:02,,2:20:29,6:31:29
2923,2016,Matthew Rodine,M50-54,249,Open,United States,41:08,,3:24:56,,2:14:06,6:31:32
2924,1581,Kevin Hinkley,M60-64,66,Open,United States,46:46,,3:12:10,,2:23:23,6:31:33
2925,5256,Briana Greeley,F18-24,39,Female,United States,34:59,,3:27:56,,2:21:24,6:31:39
2926,5043,Chiemi Muroi,F50-54,73,Female,Japan,1:01:01,,3:17:38,,2:05:15,6:31:40
2927,4490,Yasmin Chavez Iriarte,F35-39,142,Female,Peru,40:04,,3:34:09,,2:09:15,6:31:41
2928,5108,Laura Mercer,F50-54,74,Female,Canada,43:09,,3:23:39,,2:12:32,6:31:48
2929,5386,Joanna Nami,F45-49,122,Female,United States,38:58,,3:17:01,,2:24:54,6:31:48
2930,4105,Sara Connolly,F40-44,164,Female,United States,37:29,,3:40:00,,2:02:06,6:31:52
2931,2003,Raul Cardenas,M50-54,250,Open,United States,49:06,,3:26:07,,2:06:34,6:32:03
2932,4104,Kate Bongiovanni,F40-44,165,Female,United States,34:48,,3:21:41,,2:26:17,6:32:04
2933,4405,Terri Buryanov,F35-39,143,Female,United States,41:03,,3:14:49,,2:27:52,6:32:09
2934,2632,Matthew Johnson,M45-49,282,Open,United States,53:31,,3:19:24,,2:09:27,6:32:20
2935,4017,Candi Crowe,F40-44,166,Female,United States,50:09,,3:33:14,,2:00:20,6:32:30
2936,5049,Sarah Vogel,F50-54,75,Female,United States,53:57,,3:07:05,,2:20:14,6:32:32
2937,4363,Andrea Burris,F35-39,144,Female,Canada,31:40,,3:25:58,,2:26:43,6:32:32
2938,4739,Monica Iacometti,F60-64,15,Female,United States,32:17,,3:22:55,,2:26:55,6:32:36
2939,4245,Suzi Berner,F40-44,167,Female,United States,44:04,,3:14:39,,2:24:58,6:32:39
2940,4265,Melissa Christensen,F40-44,168,Female,United States,48:24,,3:26:49,,2:05:40,6:32:43
2941,4659,Amanda Bernhard,F30-34,154,Female,United States,40:06,,3:23:33,,2:18:44,6:32:44
2942,5422,Tracy Cushing,F45-49,123,Female,United States,45:52,,3:12:08,,2:23:19,6:32:48
2943,4162,Julie Marschner,F40-44,169,Female,United States,37:56,,3:23:54,,2:22:58,6:32:57
2944,5001,Brooke Fallon,F50-54,76,Female,United States,33:19,,3:28:51,,2:22:30,6:32:58
2945,4978,Cindy Bradehoft,F50-54,77,Female,United States,37:47,,3:22:22,,2:16:54,6:33:06
2946,5039,Mandy Grimes,F50-54,78,Female,United States,39:12,,3:24:17,,2:18:03,6:33:08
2947,1890,Michael Manoly,M50-54,251,Open,United States,52:13,,3:12:28,,2:16:56,6:33:11
2948,5375,Melissa Kinmartin,F45-49,124,Female,United States,45:53,,3:17:55,,2:16:11,6:33:47
2949,4072,Susan Brown,F40-44,170,Female,United States,38:16,,3:27:59,,2:18:55,6:33:47
2950,5554,Lori Norton,F50-54,79,Female,United States,35:32,,3:09:27,,2:35:11,6:33:58
2951,5103,BETHANY GONZALEZ,F50-54,80,Female,United States,51:16,,3:13:58,,2:15:04,6:33:59
2952,1102,Leo Trottier,M65-69,30,Open,United States,53:24,,3:16:23,,2:12:50,6:34:03
2953,5079,Kristen Mckillips,F50-54,81,Female,United States,41:49,,3:22:37,,2:16:19,6:34:06
2954,2052,Marcel Legrand,M50-54,252,Open,United States,42:57,,3:24:31,,2:15:36,6:34:19
2955,2055,Dan Orcutt,M50-54,253,Open,United States,49:24,,3:30:08,,2:04:27,6:34:25
2956,5413,Danielle Karr,F45-49,125,Female,United States,42:40,,3:18:04,,2:20:18,6:34:26
2957,5252,Colleen Takahashi,F25-29,99,Female,United States,35:42,,3:22:11,,2:27:04,6:34:32
2958,1779,Francisco Mendoza,M55-59,176,Open,Mexico,46:11,,3:21:04,,2:15:47,6:34:36
2959,5475,Fabiola Mendoza,F45-49,126,Female,Mexico,55:16,,3:27:48,,2:02:07,6:34:39
2960,1824,John Smith,M55-59,177,Open,United States,40:17,,3:07:02,,2:33:18,6:34:55
2961,5466,Barb Koppel,F45-49,127,Female,United States,54:38,,3:10:50,,2:18:57,6:35:01
2962,5150,Olivia Wamelink,F25-29,100,Female,United States,36:48,,3:26:32,,2:23:03,6:35:10
2963,1795,John Gonzales,M55-59,178,Open,United States,55:43,,3:21:21,,2:05:53,6:35:13
2964,5096,Jill Walker,F50-54,82,Female,United States,40:34,,3:25:53,,2:18:52,6:35:13
2965,4862,Lisa Barefoot,F55-59,60,Female,United States,52:12,,3:17:29,,2:14:19,6:35:22
2966,4889,Karen Williams,F55-59,61,Female,United States,51:21,,3:27:48,,2:08:14,6:35:26
2967,284,Tenchi So,M40-44,341,Open,Japan,49:09,,3:18:42,,2:17:59,6:35:27
2968,5292,Irina Segura Escobar,F18-24,40,Female,Mexico,27:58,,2:43:19,,3:17:41,6:35:28
2969,4818,Nicole Aljaro,F55-59,62,Female,Chile,43:43,,3:48:15,,1:54:45,6:35:38
2970,5031,Stefanie Eigen,F50-54,83,Female,United States,34:25,,3:23:42,,2:27:11,6:35:42
2971,4476,Landi Orza,F35-39,145,Female,United States,43:56,,3:39:09,,2:04:37,6:35:43
2972,5082,Christine Mitchell,F50-54,84,Female,United States,40:58,,3:29:36,,2:16:11,6:35:43
2973,5068,Kim Vanpelt,F50-54,85,Female,United States,1:07:34,,3:05:13,,2:11:47,6:35:45
2974,4059,Anne Karabon,F40-44,171,Female,United States,39:24,,3:22:20,,2:25:13,6:35:53
2975,2004,Darren Del Priore,M50-54,254,Open,United States,38:05,,3:18:39,,2:28:49,6:35:55
2976,4298,Stephanie Fernandez,F35-39,146,Female,United States,49:16,,3:21:03,,2:17:13,6:35:56
2977,4961,Michele Campisi,F50-54,86,Female,United States,1:02:01,,3:07:45,,2:12:58,6:36:01
2978,4773,Kathleen Crowley,F60-64,16,Female,United States,43:49,,3:24:45,,2:13:33,6:36:04
2979,1510,Tim Godsey,M60-64,67,Open,United States,57:21,,3:19:09,,2:12:13,6:36:12
2980,5447,Christina Mairs,F45-49,128,Female,United States,40:22,,3:13:00,,2:31:27,6:36:17
2981,4156,Melanie Ziarko,F40-44,172,Female,United States,40:01,,3:23:22,,2:24:01,6:36:18
2982,1907,Dell Tolin,M50-54,255,Open,United States,50:06,,3:16:13,,2:17:24,6:36:20
2983,4210,Kata Mahtani,F40-44,173,Female,Hungary,41:13,,3:33:44,,2:10:36,6:36:27
2984,5436,Elysia Krieger,F45-49,129,Female,United States,55:53,,3:21:22,,2:07:16,6:36:31
2985,5125,Maggie Feikes,F25-29,101,Female,United States,32:57,,3:44:31,,2:12:23,6:36:43
2986,5525,Angie Welder,F45-49,130,Female,United States,54:07,,3:07:57,,2:20:09,6:36:43
2987,271,Derek Bailey,M40-44,342,Open,United States,52:55,,3:29:39,,1:59:35,6:36:43
2988,1983,Arman Medina,M50-54,256,Open,United States,46:35,,3:12:57,,2:26:44,6:36:48
2989,5491,Libby DYKES,F45-49,131,Female,Costa Rica,52:48,,3:18:25,,2:15:27,6:36:53
2990,830,Brian Hayes,M35-39,295,Open,United States,40:40,,3:28:24,,2:17:02,6:37:07
2991,1513,Elkhalil M Binebine,M60-64,68,Open,Morocco,54:54,,3:13:48,,2:15:55,6:37:08
2992,5444,Lee Integlia,F45-49,132,Female,United States,52:55,,3:14:42,,2:13:17,6:37:10
2993,1562,Charles Duncan,M60-64,69,Open,United States,42:44,,3:21:54,,2:21:19,6:37:10
2994,5509,Heidi Hogan,F45-49,133,Female,United States,36:56,,3:15:24,,2:33:24,6:37:15
2995,5042,Darcy Ytterdahl,F50-54,87,Female,United States,37:11,,3:21:02,,2:30:10,6:37:15
2996,2709,Rodolfo Maduro,M45-49,283,Open,United States,50:00,,3:19:50,,2:15:53,6:37:17
2997,4437,Katie Zera,F35-39,147,Female,United States,44:43,,3:21:55,,2:22:10,6:37:22
2998,2910,David Wilson,M45-49,284,Open,United States,37:05,,3:23:59,,2:27:36,6:37:24
2999,5123,Fernanda De La Vega,F25-29,102,Female,Mexico,38:34,,3:28:13,,2:22:32,6:37:28
3000,5099,Carla Mckay,F50-54,88,Female,United States,44:03,,3:13:55,,2:29:21,6:37:34
3001,4774,Rose Hajjar,F60-64,17,Female,United States,46:24,,3:23:57,,2:17:08,6:37:38
3002,4416,Abigail Hancock,F35-39,148,Female,United States,39:37,,3:19:28,,2:22:56,6:37:42
3003,4963,Kathleen Mccormack,F50-54,89,Female,United States,50:24,,3:20:42,,2:16:23,6:37:48
3004,5010,Kimberly Galek,F50-54,90,Female,United States,39:57,,3:13:37,,2:32:04,6:37:48
3005,4986,Victoria Peterson,F50-54,91,Female,United States,37:51,,3:24:54,,2:26:06,6:37:57
3006,4838,Brenda Lynch,F55-59,63,Female,United States,1:05:05,,3:13:25,,2:08:59,6:38:05
3007,1330,Thomas Mnich,M30-34,284,Open,Germany,50:56,,3:09:19,,2:23:01,6:38:13
3008,4194,Jamie Bailey,F40-44,174,Female,United States,41:31,,3:25:12,,2:20:41,6:38:16
3009,4792,Peggy Clews,F60-64,18,Female,United States,43:04,,3:20:47,,2:22:29,6:38:18
3010,5449,Heather Wesch,F45-49,134,Female,United States,49:42,,3:13:56,,2:16:48,6:38:19
3011,4891,Laura Powers,F55-59,64,Female,United States,38:49,,3:29:18,,2:19:31,6:38:20
3012,4793,Grace Plager,F60-64,19,Female,United States,46:33,,3:24:45,,2:16:53,6:38:21
3013,4340,Jessica Currat,F35-39,149,Female,United States,33:45,,3:51:14,,2:03:22,6:38:24
3014,529,Douglas Raab,M40-44,343,Open,United States,51:23,,3:18:44,,2:17:35,6:38:25
3015,1906,Peter Harsch,M50-54,257,Open,United States,35:22,,2:58:02,,2:57:36,6:38:26
3016,5004,Joelyn Palaski,F50-54,92,Female,United States,38:00,,3:03:31,,2:41:44,6:38:46
3017,4954,Julia Nichols,F50-54,93,Female,United States,46:26,,3:22:56,,2:15:57,6:38:47
3018,4994,Diane Johnson,F50-54,94,Female,United States,56:15,,3:24:35,,2:08:06,6:38:48
3019,1617,Fernando Torres,M60-64,70,Open,Ecuador,50:33,,3:27:54,,2:11:25,6:38:51
3020,4993,Julia Norcia,F50-54,95,Female,United States,1:07:55,,3:08:31,,2:11:26,6:38:53
3021,1170,Will Wright,M30-34,285,Open,United States,47:15,,3:27:33,,2:12:57,6:39:03
3022,4955,Heather Pearson,F50-54,96,Female,United States,42:23,,3:22:33,,2:21:17,6:39:08
3023,5380,Sena Minshew,F45-49,135,Female,United States,43:39,,3:16:16,,2:28:12,6:39:14
3024,4743,Joan Landers,F60-64,20,Female,United States,40:46,,3:16:49,,2:31:58,6:39:18
3025,781,Nick Gregory,M35-39,296,Open,Greece,40:47,,4:12:12,,1:35:27,6:39:18
3026,636,Bob Jordan,M70-74,3,Open,United States,53:49,,3:24:44,,2:03:01,6:39:18
3027,964,Danny Mellow,M35-39,297,Open,United States,38:41,,3:27:34,,2:15:42,6:39:19
3028,244,Helly Rodriguez,M40-44,344,Open,Brazil,45:01,,3:23:43,,2:23:51,6:39:21
3029,4431,Becky Cahill,F35-39,150,Female,United States,37:35,,3:27:52,,2:25:00,6:39:24
3030,4609,Cassady Allen,F30-34,155,Female,United States,36:22,,3:19:14,,2:34:26,6:39:25
3031,1797,Richard Barkan,M55-59,179,Open,United States,34:09,,3:33:38,,2:16:35,6:39:27
3032,4030,Heather Wahl,F40-44,175,Female,United States,1:05:30,,3:09:40,,2:06:21,6:39:39
3033,5452,Minerva Ake,F45-49,136,Female,United States,39:52,,3:28:43,,2:20:01,6:39:44
3034,5367,Nani Luculescu,F45-49,137,Female,United States,50:40,,3:05:15,,2:30:58,6:39:47
3035,5101,Stephenie Winter,F50-54,97,Female,United States,48:10,,3:15:47,,2:25:31,6:40:01
3036,5528,Angela Old,F45-49,138,Female,United States,48:29,,3:20:48,,2:04:09,6:40:06
3037,4648,Evgeniia Leskovets,F30-34,156,Female,Russian Federation,38:14,,3:30:10,,2:23:20,6:40:06
3038,5404,Erin Miller,F45-49,139,Female,United States,32:13,,3:38:37,,2:18:30,6:40:10
3039,5321,Michelle Agudelo,F18-24,41,Female,United States,39:58,,3:20:21,,2:30:24,6:40:20
3040,5080,Jennifer Poepoe,F50-54,98,Female,United States,49:54,,3:25:09,,2:13:54,6:40:21
3041,4219,Maria Carolina Stenger,F40-44,176,Female,Chile,46:56,,3:16:46,,2:21:41,6:40:23
3042,5112,Michelle Mcclenahan,F50-54,99,Female,United States,48:39,,3:14:54,,2:29:06,6:40:26
3043,1561,Steve Stolz,M60-64,71,Open,United States,39:26,,3:18:51,,2:30:42,6:40:37
3044,260,Dobrisa Jurkovic,M40-44,345,Open,United States,46:13,,2:49:33,,2:57:02,6:40:42
3045,5081,Marcia Clawson,F50-54,100,Female,Canada,49:21,,3:14:39,,2:25:29,6:40:47
3046,4801,Mary Mcdonald,F60-64,21,Female,United States,42:36,,3:28:53,,2:17:44,6:40:50
3047,2160,Quentin Holmes,M50-54,258,Open,New Zealand,42:30,,3:16:10,,2:32:33,6:41:02
3048,4997,Kimberly White,F50-54,101,Female,United States,41:45,,3:11:30,,2:35:22,6:41:05
3049,1545,Darrel Neal,M60-64,72,Open,United States,48:47,,3:24:45,,2:13:49,6:41:05
3050,4822,Missie Mansfield,F55-59,65,Female,United States,46:13,,3:19:28,,2:25:19,6:41:07
3051,1675,Brett Carey,M55-59,180,Open,United States,45:33,,3:23:24,,2:20:39,6:41:10
3052,4342,Trudy Dalton,F35-39,151,Female,United States,32:32,,3:45:46,,2:12:07,6:41:10
3053,2017,Kevin LA RA,M50-54,259,Open,United States,42:02,,3:15:07,,2:34:56,6:41:11
3054,2661,Michael Perry,M45-49,285,Open,United States,42:09,,3:15:49,,2:32:12,6:41:16
3055,4935,Delphine Perie-Curnier,F50-54,102,Female,Canada,43:02,,3:25:29,,2:18:37,6:41:31
3056,1577,Abe Goldberg,M60-64,73,Open,United States,43:25,,3:31:43,,2:17:06,6:41:33
3057,4518,Lorraine Gersitz,F65-69,2,Female,United States,43:15,,3:29:15,,2:13:38,6:41:35
3058,4802,Cary Craig,F60-64,22,Female,United States,49:47,,3:02:09,,2:36:23,6:41:36
3059,2844,Mike Synowiec,M45-49,286,Open,United States,41:15,,4:11:28,,1:41:12,6:41:37
3060,4417,Pam Booth,F35-39,152,Female,United States,59:16,,3:20:44,,2:11:46,6:41:53
3061,1673,Simon Iregbu,M55-59,181,Open,United States,49:36,,3:21:52,,2:20:59,6:41:57
3062,5109,Heidi Parkhurst,F50-54,103,Female,United States,42:39,,3:25:14,,2:23:08,6:42:00
3063,4262,Lina Witte,F40-44,177,Female,United States,37:43,,3:37:23,,2:16:25,6:42:00
3064,1682,Jeff Kessler,M55-59,182,Open,United States,48:53,,3:23:20,,2:20:09,6:42:02
3065,5471,Jodi Plante,F45-49,140,Female,United States,48:49,,3:13:25,,2:24:51,6:42:14
3066,4054,Jenna Soper,F40-44,178,Female,United States,37:42,,3:46:22,,2:10:13,6:42:17
3067,2637,Sky Trammell,M45-49,287,Open,United States,47:24,,3:27:54,,2:16:23,6:42:20
3068,4176,Johanna Castillo,F40-44,179,Female,Colombia,52:38,,3:29:27,,2:09:31,6:42:24
3069,4922,Angela Scarangella,F55-59,66,Female,United States,51:31,,3:14:31,,2:21:35,6:42:30
3070,1595,Kevin Drury,M60-64,74,Open,United States,40:29,,3:21:19,,2:29:11,6:42:40
3071,1684,David Kutcher,M55-59,183,Open,United States,46:31,,3:06:55,,2:39:07,6:43:07
3072,4998,Carol Ann Hood,F50-54,104,Female,United States,46:59,,3:12:00,,2:33:07,6:43:12
3073,1929,Dung Huynh,M50-54,260,Open,United States,1:09:41,,3:15:59,,2:06:17,6:43:17
3074,4927,Bettina Behning,F55-59,67,Female,Germany,48:10,,3:17:36,,2:25:03,6:43:25
3075,4860,Suzanne Astra,F55-59,68,Female,United States,40:25,,3:34:28,,2:16:59,6:43:36
3076,1573,Blaine Squires,M60-64,75,Open,United States,44:13,,3:27:19,,2:21:41,6:43:38
3077,5542,Veronica Vetencourt,F45-49,141,Female,Venezuela,50:13,,3:18:48,,2:23:04,6:43:41
3078,5076,Lisa Wourms,F50-54,105,Female,United States,44:02,,3:19:18,,2:29:25,6:43:57
3079,2167,Harold Garner,M50-54,261,Open,United States,46:25,,3:28:54,,2:18:59,6:44:02
3080,4127,Haley Westra,F40-44,180,Female,United States,47:54,,3:20:52,,2:26:05,6:44:04
3081,5045,Lisa Martone,F50-54,106,Female,United States,39:10,,3:26:52,,2:27:15,6:44:23
3082,4909,Michele Bogus,F55-59,69,Female,United States,51:36,,3:23:50,,2:19:29,6:44:23
3083,4858,Susan Zilinskas,F55-59,70,Female,United States,39:29,,3:25:00,,2:28:53,6:44:25
3084,4762,Donna Antkowiak,F60-64,23,Female,United States,53:05,,3:24:46,,2:16:02,6:44:30
3085,4990,Debbie Bowman,F50-54,107,Female,United States,1:04:23,,3:17:00,,2:11:28,6:44:44
3086,4872,Diana Reynen,F55-59,71,Female,United States,45:56,,3:22:32,,2:20:42,6:44:55
3087,4258,Chantel Moran-Ellis,F40-44,181,Female,United States,37:07,,3:29:35,,2:27:26,6:44:59
3088,4757,Kim Miller,F60-64,24,Female,United States,36:10,,3:16:37,,2:41:23,6:45:00
3089,4331,Felicia Borchert,F35-39,153,Female,United States,42:29,,3:09:24,,2:44:10,6:45:04
3090,4055,Renee Patlan,F40-44,182,Female,United States,50:19,,3:34:59,,2:08:31,6:45:06
3091,1109,Luis Humberto Monti,M65-69,31,Open,Argentina,57:35,,3:20:55,,2:17:48,6:45:26
3092,4226,Cailin Weidenmiller,F40-44,183,Female,United States,32:04,,3:45:02,,2:08:40,6:45:30
3093,4225,Jennifer Holmes,F40-44,184,Female,United States,45:35,,3:40:33,,2:10:04,6:45:34
3094,1616,Miguel Alvarado Rodriguez,M60-64,76,Open,Mexico,59:24,,3:13:54,,2:23:29,6:45:35
3095,4487,Laura Pigion,F35-39,154,Female,United States,47:47,,3:35:24,,2:09:17,6:45:39
3096,1777,Jeff Caplan,M55-59,184,Open,United States,45:32,,3:17:43,,2:30:13,6:45:44
3097,4869,Ellen Klein,F55-59,72,Female,United States,43:29,,3:33:21,,2:18:05,6:45:45
3098,4914,Therese Johnston,F55-59,73,Female,United States,46:27,,3:27:16,,2:18:42,6:45:45
3099,1241,David Trujillo,M30-34,286,Open,Colombia,44:17,,3:37:13,,2:12:01,6:45:52
3100,4720,Jennifer Murphy,F30-34,157,Female,United States,39:44,,3:27:59,,2:24:11,6:45:52
3101,4484,Emmeline Watson,F35-39,155,Female,Brazil,45:33,,3:40:00,,2:07:55,6:45:57
3102,1615,Peter Raymond,M60-64,77,Open,United States,51:54,,3:28:09,,2:14:42,6:46:01
3103,4246,Kate Glorioso,F40-44,185,Female,United States,41:00,,3:47:56,,2:07:26,6:46:06
3104,4940,Fon Deuterio,F50-54,108,Female,United States,40:32,,3:37:40,,2:17:45,6:46:06
3105,4734,Aida Wasilewski,F60-64,25,Female,United States,48:55,,3:20:14,,2:24:43,6:46:07
3106,472,Joel Reed,M40-44,346,Open,United States,43:46,,3:10:45,,2:40:55,6:46:12
3107,4897,Jodi Graman,F55-59,74,Female,United States,46:20,,3:28:42,,2:18:46,6:46:17
3108,5365,Sarah Cira,F45-49,142,Female,United States,54:37,,3:23:50,,2:14:29,6:46:39
3109,5077,Amy Fletcher,F50-54,109,Female,United States,50:34,,3:19:10,,2:26:33,6:46:47
3110,4068,Ilana Kugel,F40-44,186,Female,Brazil,45:26,,3:26:53,,2:24:19,6:46:55
3111,1127,Max Henry,M65-69,32,Open,United States,37:23,,3:34:05,,2:25:08,6:46:56
3112,4572,Lindsay Ashford,F30-34,158,Female,United States,37:02,,3:39:34,,2:16:36,6:47:18
3113,4254,Karen Rice,F40-44,187,Female,United States,46:38,,3:28:57,,2:24:01,6:47:19
3114,4930,Libby Whelan,F55-59,75,Female,United States,41:49,,3:21:33,,2:32:59,6:47:22
3115,4771,Alison Simmons,F60-64,26,Female,United States,35:44,,3:35:57,,2:21:18,6:47:32
3116,4493,Mindy Powell,F35-39,156,Female,United States,48:01,,3:22:13,,2:26:39,6:47:33
3117,5360,Brittany Dell,F45-49,143,Female,United States,46:24,,3:20:48,,2:30:51,6:47:45
3118,1788,Gonzalo Villegas,M55-59,185,Open,Colombia,1:05:11,,3:28:00,,2:04:41,6:47:45
3119,4247,Leanne Carlson,F40-44,188,Female,United States,42:51,,3:22:26,,2:29:36,6:47:49
3120,1082,Dirk Elliott,M65-69,33,Open,United States,52:39,,3:31:04,,2:14:44,6:47:50
3121,4877,Marce Willard,F55-59,76,Female,United States,41:19,,3:21:27,,2:32:30,6:47:54
3122,5421,Karen Reed,F45-49,144,Female,United States,56:56,,3:19:20,,2:17:18,6:47:56
3123,2917,Nick Matthews,M45-49,288,Open,United States,42:09,,3:22:06,,2:35:18,6:47:58
3124,4874,Michelle Bandur,F55-59,77,Female,United States,44:39,,3:20:23,,2:32:31,6:48:02
3125,5364,Amy Jenkins,F45-49,145,Female,United States,45:20,,3:14:49,,2:35:29,6:48:08
3126,5061,Leishia Woolwine,F50-54,110,Female,United States,31:12,,3:14:04,,2:51:44,6:48:12
3127,5399,Vanessa Cortés Colis,F45-49,146,Female,Mexico,51:18,,3:29:56,,2:17:20,6:48:14
3128,5054,Nicole Ridgeway,F50-54,111,Female,United States,58:55,,3:25:38,,2:11:20,6:48:19
3129,4569,Kate Ellwanger,F30-34,159,Female,United States,45:54,,3:25:55,,2:23:04,6:48:20
3130,5546,Amy Justice,F45-49,147,Female,United States,49:03,,3:24:07,,2:25:03,6:48:21
3131,5011,Karen George LeClair,F50-54,112,Female,United States,46:16,,3:29:23,,2:17:48,6:48:21
3132,4573,Oana Burz,F30-34,160,Female,Romania,42:11,,3:35:27,,2:21:50,6:48:23
3133,5225,Vanessa Wagner,F25-29,103,Female,United States,44:38,,3:28:31,,2:23:38,6:48:33
3134,2947,Phill Clayton,M55-59,186,Open,United States,44:45,,3:14:03,,2:39:36,6:48:41
3135,4012,Maria Fernanda Gonzalez Ibarra,F40-44,189,Female,Mexico,46:17,,3:23:03,,2:30:28,6:48:55
3136,4835,Lisa Kuecker,F55-59,78,Female,United States,37:49,,3:35:51,,2:25:37,6:49:13
3137,4062,Paula Renner,F40-44,190,Female,United States,43:53,,3:31:13,,2:24:42,6:49:16
3138,5371,Sue Lau,F45-49,148,Female,Malaysia,51:37,,3:27:52,,2:18:02,6:49:23
3139,4736,Julieta Gonzalez Tuchmann,F60-64,27,Female,Mexico,42:36,,3:37:18,,2:16:57,6:49:26
3140,5022,Elizabeth Forestell,F50-54,113,Female,United States,56:24,,3:16:15,,2:13:50,6:49:27
3141,4255,Lesley Fite-Boltjes,F40-44,191,Female,United States,41:18,,3:19:21,,2:37:54,6:49:52
3142,1567,Robert Ford,M60-64,78,Open,United States,44:48,,3:25:05,,2:28:11,6:49:57
3143,5426,Mercedes Monasterio,F45-49,149,Female,Argentina,47:06,,3:22:40,,2:26:45,6:50:04
3144,5412,Heather Quigley-Allen,F45-49,150,Female,United States,50:03,,3:31:14,,2:16:28,6:50:04
3145,1544,Dave Yurkovic,M60-64,79,Open,United States,43:45,,3:31:06,,2:26:10,6:50:04
3146,5414,Kamie Cross Petersen,F45-49,151,Female,United States,47:03,,3:31:10,,2:21:51,6:50:25
3147,4799,Karlene Ivy,F60-64,28,Female,United States,57:45,,3:22:27,,2:21:11,6:50:30
3148,2858,David Wilson,M45-49,289,Open,United States,40:25,,3:09:21,,2:45:06,6:50:35
3149,4253,Kecia Place-Fencl,F40-44,192,Female,United States,42:36,,3:39:25,,2:19:54,6:50:54
3150,5286,Kailin Davis,F18-24,42,Female,United States,50:48,,3:27:01,,2:21:07,6:50:56
3151,1685,Duane Newton,M55-59,187,Open,United States,48:42,,3:34:49,,2:16:53,6:51:03
3152,4833,Jami Callahan-Brill,F55-59,79,Female,United States,38:38,,3:41:15,,2:20:01,6:51:06
3153,5401,Cheryl Hill,F45-49,152,Female,United States,44:52,,3:51:39,,2:01:51,6:51:08
3154,5000,Stacy Swenton,F50-54,114,Female,United States,50:12,,3:18:47,,2:28:07,6:51:28
3155,4314,Kalie Larkin,F35-39,157,Female,United States,45:10,,3:37:33,,2:18:00,6:51:31
3156,4273,Diane Tracy,F70-74,1,Female,United States,51:40,,3:21:37,,2:25:49,6:51:45
3157,1071,John Mozena,M65-69,34,Open,United States,45:29,,3:41:09,,2:07:11,6:51:48
3158,5461,Beth Bowen,F45-49,153,Female,United States,38:54,,3:16:05,,2:47:38,6:51:54
3159,5095,Danelle Hall,F50-54,115,Female,United States,56:27,,3:26:58,,2:04:43,6:52:00
3160,1733,Jeffrey Kaczinski,M55-59,188,Open,United States,59:53,,3:21:53,,2:17:38,6:52:01
3161,2787,Carlos Salgado,M45-49,290,Open,Honduras,47:30,,3:43:59,,2:09:50,6:52:03
3162,2490,Danyon Decker,M18-24,94,Open,United States,35:12,,2:58:53,,3:09:16,6:52:07
3163,2866,Onder Anilturk,M45-49,291,Open,Turkey,53:32,,2:59:56,,2:43:03,6:52:17
3164,5224,Sabrina Gonzalez,F25-29,104,Female,United States,50:06,,3:34:27,,2:15:58,6:52:40
3165,4019,Aiga Sutka,F40-44,193,Female,Latvia,53:12,,3:40:04,,2:09:59,6:52:59
3166,4764,Jeanine Watts,F60-64,29,Female,United States,40:29,,3:33:56,,2:25:45,6:52:59
3167,5464,Betsy Kheriaty,F45-49,154,Female,United States,45:29,,3:30:42,,2:26:20,6:53:07
3168,4220,Micaela Iantorno,F40-44,194,Female,United States,53:56,,3:23:46,,2:25:05,6:53:08
3169,1605,Thomas Flournoy,M60-64,80,Open,United States,45:43,,3:43:25,,2:11:12,6:53:13
3170,4498,Denise Loganheuser,F65-69,3,Female,United States,49:18,,3:32:18,,2:19:27,6:53:14
3171,1491,Jeff Dorrill,M60-64,81,Open,United States,59:14,,3:25:50,,2:13:22,6:53:18
3172,4972,Tatiana Morrell,F50-54,116,Female,United States,48:09,,3:26:28,,2:25:46,6:53:25
3173,4772,Kim Grant,F60-64,30,Female,United States,46:30,,3:28:24,,2:25:44,6:53:27
3174,4553,Courtney Carucci,F30-34,161,Female,United States,38:53,,3:43:25,,2:19:12,6:53:31
3175,4351,Coriann Gastol,F35-39,158,Female,United States,46:12,,3:41:59,,2:14:24,6:53:33
3176,4050,Carolina Hernandez,F40-44,195,Female,United States,58:33,,3:51:04,,1:55:23,6:53:46
3177,4414,Sandra Cortes White,F35-39,159,Female,Mexico,48:08,,3:41:20,,2:16:58,6:53:58
3178,4149,Lynette Noble,F40-44,196,Female,United States,55:59,,3:31:10,,2:18:56,6:54:05
3179,668,Gennaro Magliulo,M75-79,1,Open,United States,59:51,,3:17:48,,2:20:07,6:54:06
3180,4501,Howland Jeri,F65-69,4,Female,United States,38:06,,3:39:21,,2:24:24,6:54:16
3181,4791,Marty Smith,F60-64,31,Female,United States,37:10,,3:39:04,,2:27:30,6:54:36
3182,5304,Alexis Curro,F18-24,43,Female,United States,44:11,,3:23:05,,2:38:12,6:54:36
3183,927,Greg Johnson,M35-39,298,Open,United States,52:13,,3:24:34,,2:26:57,6:54:46
3184,576,Jeff Parulan,M40-44,347,Open,Philippines,1:00:50,,3:32:14,,2:13:14,6:54:47
3185,4925,Karin Brockmann,F55-59,80,Female,Namibia,46:36,,3:31:37,,2:26:05,6:54:55
3186,5114,Kettie Mothersead,F50-54,117,Female,United States,50:45,,3:34:59,,2:17:14,6:55:10
3187,4845,Maria Ramones,F55-59,81,Female,Mexico,41:40,,3:40:39,,2:22:46,6:55:25
3188,1555,Grant Burkhart,M60-64,82,Open,United States,40:07,,3:17:18,,2:45:20,6:55:35
3189,5012,Ellie Felix,F50-54,118,Female,United States,32:23,,3:20:10,,2:51:57,6:55:38
3190,5055,Barbie Nakamura,F50-54,119,Female,United States,54:50,,3:27:00,,2:22:16,6:55:51
3191,1620,Paul Finger,M60-64,83,Open,United States,54:02,,3:23:46,,2:24:32,6:55:53
3192,1611,Guy Olson,M60-64,84,Open,United States,36:54,,3:38:35,,2:29:15,6:56:03
3193,2864,Matthieu VAN VEEN,M45-49,292,Open,France,58:42,,3:29:48,,2:15:31,6:56:05
3194,5534,Ma Evangeline Endaya,F45-49,155,Female,Philippines,53:07,,3:33:34,,2:15:14,6:56:11
3195,5009,Nancy Jordan,F50-54,120,Female,Ecuador,49:39,,3:37:29,,2:19:37,6:56:36
3196,1785,Francis Alueta,M55-59,189,Open,United States,42:09,,3:22:46,,2:38:58,6:56:36
3197,1669,Roger Mathieu,M55-59,190,Open,United States,43:36,,3:37:44,,2:23:35,6:56:39
3198,4147,Gabriela Coates,F40-44,197,Female,United States,46:09,,3:42:36,,2:17:46,6:56:40
3199,4128,Joyce Bijl,F40-44,198,Female,Netherlands,43:58,,3:24:58,,2:39:56,6:56:49
3200,5411,Cathy Casey,F45-49,156,Female,United States,37:54,,3:37:49,,2:23:14,6:56:49
3201,4467,Kari Bartlett,F35-39,160,Female,United States,34:40,,3:47:07,,2:22:38,6:56:55
3202,4855,Page Ritter-Soule,F55-59,82,Female,United States,47:33,,3:22:28,,2:33:23,6:57:16
3203,4474,Lourdes Angela Ramos,F35-39,161,Female,Philippines,52:38,,3:33:34,,2:19:39,6:57:25
3204,510,Joel Cameron,M40-44,348,Open,United States,47:45,,3:41:33,,2:19:03,6:57:47
3205,4058,Carrie Giordano,F40-44,199,Female,United States,44:24,,3:41:46,,2:21:53,6:57:58
3206,4535,Daniela Vicentini,F30-34,162,Female,Venezuela,44:26,,3:44:18,,2:15:34,6:57:59
3207,4456,Alina Pitsika,F35-39,162,Female,United States,42:16,,3:33:21,,2:30:40,6:58:00
3208,404,Morgon LATIMORE,M40-44,349,Open,United States,47:39,,3:45:06,,2:15:28,6:58:07
3209,1680,Todd Crandell,M55-59,191,Open,United States,43:10,,3:20:22,,2:43:15,6:58:10
3210,5008,Dina Altayeb,F50-54,121,Female,Saudi Arabia,53:48,,3:23:30,,2:26:09,6:58:12
3211,4527,Fran Trees,F65-69,5,Female,United States,46:52,,3:38:35,,2:22:46,6:58:18
3212,4238,Michelle Mishtawy,F40-44,200,Female,United States,39:03,,3:35:57,,2:32:39,6:58:22
3213,4256,Laura Moeller,F40-44,201,Female,United States,36:55,,3:40:16,,2:32:06,6:58:36
3214,2510,David Rios,M18-24,95,Open,United States,42:36,,3:46:56,,2:17:04,6:58:38
3215,4513,Jennifer Knowles,F65-69,6,Female,Canada,59:50,,3:21:36,,2:25:31,6:58:55
3216,1926,Dmitriy Zimin,M50-54,262,Open,United States,1:05:36,,3:30:59,,2:14:54,6:58:57
3217,4692,Rebecca Woodhouse,F30-34,163,Female,New Zealand,39:38,,3:35:16,,2:32:20,6:59:06
3218,4482,Cristy Steigerwald Rosendahl,F35-39,163,Female,United States,50:10,,3:32:13,,2:22:10,6:59:07
3219,4775,Jenny Wilkerson,F60-64,32,Female,United States,35:34,,3:29:27,,2:41:03,6:59:08
3220,5162,Anna Paulson,F25-29,105,Female,United States,53:56,,3:32:05,,2:23:59,6:59:13
3221,5106,Lori Fishman,F50-54,122,Female,United States,50:24,,3:26:31,,2:31:53,6:59:17
3222,1088,Michael Mckenzie-Veal,M65-69,35,Open,United States,1:02:12,,3:31:58,,2:13:16,6:59:20
3223,2965,Pavel Lavdakopulos,M65-69,36,Open,United States,38:26,,3:13:44,,2:59:03,6:59:28
3224,5508,Brenda Gammie,F45-49,157,Female,United States,48:00,,3:39:57,,2:20:56,6:59:53
3225,1551,David Marchetti,M60-64,85,Open,United States,44:55,,3:18:38,,2:46:38,6:59:59
3226,4103,Natalie Kronick,F40-44,202,Female,United States,42:33,,3:45:33,,2:23:52,6:59:59
3227,4052,Aimee Taylor,F40-44,203,Female,United States,56:14,,4:02:23,,1:51:10,7:00:04
3228,4199,Hannah Rhodes,F40-44,204,Female,United States,41:26,,3:44:35,,2:25:03,7:00:05
3229,4824,Susan Bankston,F55-59,83,Female,United States,45:29,,3:12:43,,2:49:21,7:00:07
3230,5131,Jessica Hardman (Kamin),F25-29,106,Female,United States,44:06,,3:42:45,,2:20:38,7:00:13
3231,652,Bob Sanderson,M70-74,4,Open,United States,55:39,,3:33:05,,2:22:30,7:00:20
3232,4842,Laurie Rose,F55-59,84,Female,United States,46:25,,3:27:46,,2:35:54,7:00:39
3233,4966,Lavonne Rembert,F50-54,123,Female,United States,41:52,,3:34:22,,2:33:59,7:00:46
3234,5358,Monica Burns,F45-49,158,Female,United States,49:11,,3:25:56,,2:20:36,7:00:49
3235,4921,Julie Jenkins,F55-59,85,Female,United States,39:06,,3:42:37,,2:27:45,7:00:51
3236,4111,Jennifer Benz,F40-44,205,Female,United States,45:11,,3:45:18,,2:19:53,7:01:03
3237,2721,Laszlo Varga,M45-49,293,Open,Hungary,36:51,,3:20:45,,2:55:11,7:01:19
3238,1150,Miguel Tovar,M30-34,287,Open,Venezuela,49:41,,3:36:10,,2:26:11,7:01:38
3239,4079,Noelle On,F40-44,206,Female,United States,50:10,,3:26:05,,2:36:52,7:01:52
3240,1781,Alexander Hsia,M55-59,192,Open,United States,1:08:30,,3:21:21,,2:23:46,7:01:59
3241,4480,Laurabeth Chandler,F35-39,164,Female,United States,50:58,,3:31:57,,2:25:26,7:02:05
3242,4165,Megan Granich,F40-44,207,Female,United States,1:00:35,,3:29:52,,2:13:12,7:02:10
3243,5107,Colleen Daly,F50-54,124,Female,United States,41:55,,3:35:39,,2:30:12,7:02:13
3244,4996,Lisa Inouye,F50-54,125,Female,Canada,45:39,,3:29:27,,2:37:31,7:02:14
3245,4971,Jill Power,F50-54,126,Female,United States,50:47,,3:25:42,,2:32:13,7:02:18
3246,5083,Susan Smith,F50-54,127,Female,United States,42:12,,3:43:29,,2:25:00,7:02:20
3247,4509,Carrie Holzman-Little,F65-69,7,Female,United States,47:18,,3:33:10,,2:28:12,7:02:20
3248,2280,Andrew Hindley,M25-29,194,Open,Bahamas,40:10,,3:39:41,,2:33:57,7:02:37
3249,4560,Erika Gonzalez Ugalde,F30-34,164,Female,Mexico,47:21,,3:50:13,,2:15:57,7:02:55
3250,4070,Angela Collard,F40-44,208,Female,United States,48:03,,3:39:37,,2:22:33,7:02:55
3251,5368,Christy Druzynski,F45-49,159,Female,United States,46:36,,3:43:49,,2:20:39,7:02:59
3252,1837,Gordon Payne,M55-59,193,Open,Canada,40:54,,3:26:04,,2:43:22,7:03:37
3253,4742,Susan Henning,F60-64,33,Female,United States,49:47,,3:31:27,,2:30:40,7:03:41
3254,4776,Kristine Story,F60-64,34,Female,United States,53:24,,3:30:49,,2:29:23,7:03:55
3255,5337,Kelly Mulvany,F45-49,160,Female,United States,47:02,,3:32:04,,2:35:19,7:04:02
3256,5313,Kaitlyn Jones,F18-24,44,Female,United States,44:51,,3:38:08,,2:30:23,7:04:08
3257,4857,Barbara Nelson,F55-59,86,Female,United States,50:44,,3:13:48,,2:47:49,7:04:14
3258,2137,Donald Kent,M50-54,263,Open,United States,40:27,,3:29:40,,2:40:13,7:04:15
3259,1079,Robert Bolduc,M65-69,37,Open,United States,53:15,,3:43:47,,2:11:20,7:04:23
3260,881,Marc Witowski,M35-39,299,Open,United States,43:59,,3:34:19,,2:37:52,7:04:30
3261,4154,Mindy Przeor,F40-44,209,Female,United States,49:27,,3:41:38,,2:21:29,7:04:34
3262,1580,Gary Sawai,M60-64,86,Open,United States,51:13,,3:33:40,,2:27:33,7:04:44
3263,5450,Jenny Smith,F45-49,161,Female,United States,33:37,,3:27:05,,2:51:18,7:04:45
3264,669,Bob Plant,M75-79,2,Open,United States,54:13,,3:36:28,,2:23:17,7:04:52
3265,5261,Axelle Verholen,F18-24,45,Female,Switzerland,41:57,,3:35:49,,2:37:47,7:04:53
3266,4907,Liz Jensen,F55-59,87,Female,United States,56:51,,3:24:02,,2:33:07,7:05:07
3267,4243,Tara Williams-Davis,F40-44,210,Female,United States,50:41,,3:28:05,,2:35:53,7:05:34
3268,5451,Kim Snow,F45-49,162,Female,United States,50:49,,3:20:42,,2:37:44,7:05:35
3269,4888,Michelle Howard,F55-59,88,Female,United States,41:45,,3:43:36,,2:31:08,7:05:35
3270,4106,Stephanie Canon,F40-44,211,Female,United States,46:57,,3:40:20,,2:29:33,7:05:39
3271,2185,Matt Zajac,M50-54,264,Open,United States,47:32,,3:31:03,,2:28:32,7:05:42
3272,1130,Jim Waterhouse,M65-69,38,Open,United States,58:42,,3:31:24,,2:24:12,7:05:46
3273,1858,Harry Weinblatt,M55-59,194,Open,United States,46:25,,3:23:54,,2:39:04,7:05:52
3274,4969,Susan Miller,F50-54,128,Female,United States,52:18,,3:19:42,,2:41:07,7:05:57
3275,4202,Nicholle Winger,F40-44,212,Female,United States,43:36,,3:53:31,,2:20:08,7:06:32
3276,2292,Chris Klein,M25-29,195,Open,United States,31:05,,4:44:47,,1:42:43,7:06:57
3277,4968,Phuong Vuong,F50-54,129,Female,United States,55:43,,3:26:12,,2:30:45,7:07:07
3278,4056,Sydney Haggins,F40-44,213,Female,Canada,52:14,,3:24:19,,2:39:59,7:07:14
3279,5540,Melissa Stratton,F45-49,163,Female,United States,45:02,,3:29:55,,2:37:48,7:07:19
3280,5073,Andrea Neathery,F50-54,130,Female,United States,1:06:08,,3:17:29,,2:22:38,7:07:24
3281,643,Perry Heath,M70-74,5,Open,United States,50:37,,3:40:25,,2:25:47,7:08:21
3282,5419,Telsys Guzman Tarallo,F45-49,164,Female,United States,50:20,,3:26:33,,2:39:23,7:08:25
3283,5007,Stephanie Davis,F50-54,131,Female,United States,40:44,,3:46:30,,2:29:55,7:09:05
3284,4751,Susan Hrabchak,F60-64,35,Female,United States,45:20,,3:31:37,,2:41:41,7:09:09
3285,1855,Marc Wolfman,M55-59,195,Open,United States,1:01:02,,3:28:40,,2:29:06,7:09:32
3286,4401,Aylette Oliva,F35-39,165,Female,United States,45:55,,3:45:30,,2:26:30,7:09:36
3287,1525,John Colvard,M60-64,87,Open,United States,1:01:41,,3:32:24,,2:22:41,7:09:38
3288,2950,Niels Erichsen,M50-54,265,Open,Guatemala,40:16,,3:11:10,,3:02:55,7:09:38
3289,4268,Caroline Chamoun,F40-44,214,Female,United States,40:33,,4:06:43,,2:10:14,7:10:07
3290,5501,Michelle Mayer,F45-49,165,Female,United States,38:06,,3:34:10,,2:45:22,7:10:12
3291,4815,Stacey Baczkowski,F55-59,89,Female,United States,1:04:25,,3:28:45,,2:22:37,7:10:23
3292,5377,Christine Valdes,F45-49,166,Female,United States,46:23,,3:55:53,,2:10:32,7:10:31
3293,1570,Blake Sajonia,M60-64,88,Open,United States,1:08:34,,3:35:12,,2:15:51,7:10:32
3294,4505,Karen Weatherby,F65-69,8,Female,United States,45:34,,3:36:11,,2:39:27,7:10:33
3295,5050,Kelly Kraynak-Duprey,F50-54,132,Female,United States,1:08:39,,3:23:03,,2:23:26,7:10:41
3296,1922,Gregory Vernant,M50-54,266,Open,Martinique,48:13,,3:31:19,,2:39:11,7:10:48
3297,4797,Lindsay Farrell,F60-64,36,Female,United States,48:24,,3:29:04,,2:42:08,7:10:49
3298,4040,Marlena Bond,F40-44,215,Female,United States,48:28,,3:49:35,,2:17:47,7:10:52
3299,4524,Kathy Medford,F65-69,9,Female,United States,45:39,,3:39:46,,2:37:34,7:11:12
3300,4208,Danielle Warhurst,F40-44,216,Female,United States,36:18,,3:34:55,,2:49:36,7:11:12
3301,5289,Maria Burguete,F18-24,46,Female,Mexico,38:38,,3:43:49,,2:39:07,7:11:35
3302,4511,Heather Grahame,F65-69,10,Female,United States,44:36,,3:21:27,,2:56:59,7:11:42
3303,4400,Kaitlin Kenny,F35-39,166,Female,United States,46:00,,3:41:22,,2:32:22,7:12:07
3304,4761,Renee Parsons,F60-64,37,Female,United States,52:04,,3:24:37,,2:40:37,7:12:25
3305,4398,Maria Ramirez,F35-39,167,Female,United States,46:59,,3:28:33,,2:45:59,7:12:53
3306,4777,cherie Johnson,F60-64,38,Female,United States,41:39,,3:28:32,,2:50:52,7:13:07
3307,4673,Kyndell Newton,F30-34,165,Female,United States,40:07,,3:37:04,,2:44:34,7:13:15
3308,1509,Bill Hendrick,M60-64,89,Open,United States,59:21,,3:30:35,,2:31:14,7:13:20
3309,4222,Holly Osborn,F40-44,217,Female,United States,44:52,,3:37:41,,2:40:28,7:13:22
3310,5533,Jennifer Amend,F45-49,167,Female,United States,52:23,,3:25:30,,2:45:37,7:14:06
3311,4674,Natasa Morrison,F30-34,166,Female,United States,40:38,,3:45:04,,2:33:23,7:14:15
3312,4640,Ginny Wiedeman,F30-34,167,Female,United States,38:47,,3:41:13,,2:44:40,7:14:36
3313,4215,Silviane Pellegrinello Soares,F40-44,218,Female,Brazil,1:09:44,,3:29:21,,2:25:08,7:14:45
3314,5416,LISA NELSON,F45-49,168,Female,United States,52:58,,3:38:22,,2:32:02,7:14:49
3315,1113,George Ryan,M65-69,39,Open,United States,50:33,,3:32:43,,2:36:32,7:15:03
3316,1089,Nace Mullen,M65-69,40,Open,United States,48:43,,3:29:34,,2:41:22,7:15:27
3317,4863,Angela Westfall,F55-59,90,Female,United States,1:00:26,,3:28:15,,2:32:48,7:15:35
3318,4812,Diane Calloway,F55-59,91,Female,United States,39:41,,3:37:44,,2:51:39,7:15:57
3319,4765,Jean Johns,F60-64,39,Female,United States,39:40,,3:48:37,,2:35:31,7:15:57
3320,1514,Tom Navasero,M60-64,90,Open,Philippines,56:25,,3:26:49,,2:40:55,7:15:58
3321,1135,Rick Illion,M65-69,41,Open,United States,45:57,,3:33:21,,2:44:05,7:15:58
3322,4508,Teri Abrahamzon,F65-69,11,Female,United States,52:18,,3:36:56,,2:35:08,7:15:59
3323,5507,Luciana Yamaguchi,F45-49,169,Female,United States,53:10,,3:35:38,,2:37:26,7:16:06
3324,1931,Gerardo Espinosa,M50-54,267,Open,United States,1:07:37,,3:43:52,,2:09:21,7:16:06
3325,4755,Lorraine Christian,F60-64,40,Female,United States,53:26,,3:30:20,,2:38:16,7:16:47
3326,448,Konstantinos Roditis,M40-44,350,Open,United States,44:35,,3:48:48,,2:28:48,7:16:53
3327,5499,Jenifer Clark,F45-49,170,Female,United States,48:44,,3:36:43,,2:37:08,7:17:05
3328,4037,VIVI SANDOVAL,F40-44,219,Female,Mexico,1:03:45,,3:34:03,,2:28:13,7:17:06
3329,5084,Patty Schmaedeke,F50-54,133,Female,United States,57:12,,3:30:24,,2:35:03,7:17:14
3330,664,Gene Peters,M75-79,3,Open,United States,48:29,,3:45:18,,2:26:00,7:17:15
3331,5160,Rachel Upp,F25-29,107,Female,United States,46:43,,3:22:45,,2:58:15,7:17:17
3332,4819,Tracy Phipps,F55-59,92,Female,United States,47:51,,3:42:06,,2:34:54,7:17:23
3333,4770,Jennifer Reinhart,F60-64,41,Female,United States,35:54,,3:31:57,,2:56:53,7:17:26
3334,4001,Sarah Roach,F40-44,220,Female,United States,58:53,,3:27:42,,2:35:05,7:18:16
3335,1124,Flavio Aguilera,M65-69,42,Open,Mexico,1:01:37,,3:38:04,,2:26:15,7:18:31
3336,180,Rajesh Durbal,MPC,,Open,United States,42:55,,3:37:28,,2:43:54,7:18:39
3337,4740,Kat Kulkoski,F60-64,42,Female,United States,1:10:00,,3:21:54,,2:37:27,7:18:47
3338,1851,Van Long,M55-59,196,Open,United States,40:53,,3:37:38,,2:47:15,7:19:24
3339,1254,Dylan Vidoli,M30-34,288,Open,United States,57:52,,3:29:46,,2:41:08,7:19:44
3340,631,Pat Peppler,M70-74,6,Open,United States,53:45,,3:44:37,,2:28:44,7:20:15
3341,2862,Jamie Rogers Rodas,M45-49,294,Open,United States,47:48,,3:32:57,,2:44:01,7:20:25
3342,4995,Sharon Roman,F50-54,134,Female,United States,55:45,,3:31:02,,2:40:19,7:20:59
3343,2002,Andrew Powell,M50-54,268,Open,United Kingdom,57:36,,4:05:33,,2:02:59,7:21:18
3344,5506,Christa Sumwalt,F45-49,171,Female,United States,50:03,,3:41:05,,2:35:05,7:21:22
3345,2802,Claude Brun,M45-49,295,Open,United States,59:05,,3:20:50,,2:51:45,7:21:44
3346,4514,Diana Spangle,F65-69,12,Female,United States,45:53,,3:35:49,,2:47:19,7:21:52
3347,4985,Ronda Cluff,F50-54,135,Female,United States,1:07:58,,3:27:08,,2:35:20,7:22:32
3348,4929,Kellie Stamm,F55-59,93,Female,United States,41:53,,4:04:47,,2:22:43,7:22:48
3349,4747,Cynthia Revesman,F60-64,43,Female,United States,40:03,,3:30:36,,2:57:32,7:22:51
3350,1107,James Briggs Jr,M65-69,43,Open,United States,55:04,,3:32:26,,2:42:06,7:22:56
3351,4690,Natalie Hensley,F30-34,168,Female,United States,41:51,,3:45:18,,2:44:15,7:23:58
3352,5086,Tanya Parmley,F50-54,136,Female,United States,1:02:00,,3:39:45,,2:30:07,7:24:20
3353,4506,Pam Grzybowski,F65-69,13,Female,United States,1:04:45,,3:35:13,,2:33:34,7:24:43
3354,4450,Kerri Graham,F35-39,168,Female,United States,41:41,,3:54:40,,2:37:35,7:25:07
3355,1116,Charlie Campbell,M65-69,44,Open,United States,51:34,,3:35:30,,2:43:53,7:25:12
3356,4991,Amy Higginbotham,F50-54,137,Female,United States,49:40,,3:44:55,,2:39:35,7:25:32
3357,4309,Michelle Hull,F35-39,169,Female,United States,37:47,,3:54:12,,2:44:39,7:26:11
3358,1650,Sergio Yibirin,M55-59,197,Open,Colombia,1:00:25,,3:28:21,,2:45:46,7:26:12
3359,4212,Angela Mejeur,F40-44,221,Female,United States,1:01:02,,3:46:48,,2:26:50,7:26:15
3360,4503,Carol Smither,F65-69,14,Female,United States,57:24,,3:32:10,,2:42:27,7:26:46
3361,1771,Colin Browne,M55-59,198,Open,United Kingdom,1:05:37,,3:31:23,,2:36:04,7:26:54
3362,4795,Kris Messner,F60-64,44,Female,United States,51:25,,3:40:59,,2:41:22,7:27:00
3363,4074,Marcela Mora Basaure,F40-44,222,Female,Chile,51:27,,3:57:16,,2:28:35,7:27:05
3364,5041,Seydi Ruiz,F50-54,138,Female,United States,53:34,,3:47:06,,2:32:47,7:27:19
3365,4779,Tina Catlin,F60-64,45,Female,United States,52:01,,3:46:40,,2:31:10,7:27:31
3366,5487,Kim Albin,F45-49,172,Female,United States,39:30,,3:55:35,,2:39:41,7:28:12
3367,1104,Balfour Der,M65-69,45,Open,Canada,52:21,,3:36:50,,2:46:14,7:28:39
3368,4499,Lin Sanders,F65-69,15,Female,United States,42:35,,3:41:14,,2:51:58,7:30:10
3369,4064,April Koukis,F40-44,223,Female,United States,39:39,,4:12:35,,2:27:41,7:30:23
3370,5555,Wendy Hammerman,F50-54,139,Female,United States,47:25,,3:39:04,,2:49:18,7:30:38
3371,923,Michael Scholz,M35-39,300,Open,Australia,44:06,,3:46:27,,2:49:51,7:30:46
3372,4848,Stacy Williams,F55-59,94,Female,United States,49:31,,3:43:59,,2:44:37,7:30:53
3373,4794,Mary Cavnar-Johnson,F60-64,46,Female,United States,43:30,,3:40:47,,2:48:34,7:31:01
3374,5046,Kamberly Holmquist,F50-54,140,Female,United States,42:45,,3:43:52,,2:51:11,7:31:14
3375,1796,Mark Shannon,M55-59,199,Open,United States,1:04:26,,3:38:15,,2:36:23,7:31:23
3376,2871,Scott Olofson,M45-49,296,Open,United States,45:43,,3:41:29,,2:53:08,7:31:59
3377,5051,Leslie Battle,F50-54,141,Female,United States,44:45,,3:45:38,,2:50:40,7:32:21
3378,5279,Taylor Brown,F18-24,47,Female,United States,36:40,,3:54:32,,2:49:39,7:32:35
3379,4161,Molly Larew,F40-44,224,Female,United States,42:04,,3:50:47,,2:48:54,7:33:45
3380,4500,Kathleen Sasso,F65-69,16,Female,United States,56:27,,3:30:41,,2:49:58,7:33:48
3381,5053,Kristen Agren,F50-54,142,Female,United States,1:07:45,,3:34:30,,2:42:11,7:35:59
3382,1548,Johnny O'Brien,M60-64,91,Open,United States,1:02:45,,3:23:49,,2:56:16,7:36:57
3383,4908,April Critelli,F55-59,95,Female,United States,49:57,,4:01:26,,2:34:45,7:37:01
3384,4760,Bette Simpson,F60-64,47,Female,United States,58:30,,3:45:26,,2:41:00,7:37:35
3385,4568,Alyssa Cummin,F30-34,169,Female,United States,38:05,,4:12:47,,2:35:22,7:38:40
3386,5190,Whitney Kelly,F25-29,108,Female,United States,54:28,,3:50:30,,2:43:35,7:39:01
3387,4898,Jeanette Davey,F55-59,96,Female,United States,44:09,,3:49:52,,2:53:10,7:39:05
3388,4272,Sue Dejesus,F70-74,2,Female,United States,40:49,,3:42:59,,3:03:14,7:39:06
3389,4917,Kimberly Pilcher,F55-59,97,Female,United States,10:20:11,,3:53:55,,2:45:27,7:40:22
3390,4871,Gwendolyn Chung,F55-59,98,Female,Canada,41:48,,3:31:00,,3:14:52,7:40:49
3391,2943,RODRIGO ALVAREZ,M45-49,297,Open,Mexico,54:37,,3:57:20,,2:35:51,7:41:26
3392,4276,Deborah Gaynor,F70-74,3,Female,United States,53:23,,3:37:07,,2:58:11,7:42:11
3393,5111,Jodi Zajac,F50-54,143,Female,United States,1:05:34,,3:35:15,,2:47:58,7:42:32
3394,1129,Daniel Sepulveda,M65-69,46,Open,Puerto Rico,1:06:38,,3:54:39,,2:25:06,7:43:45
3395,4502,Anne Pileggi,F65-69,17,Female,United States,46:11,,3:45:49,,2:59:28,7:43:56
3396,4521,Carey Cribbs,F65-69,18,Female,United States,42:33,,3:46:15,,2:59:34,7:44:00
3397,4787,Brenda Bettencourt,F60-64,48,Female,United States,40:19,,3:35:48,,3:17:26,7:45:52
3398,4964,Melissa Criteser,F50-54,144,Female,United States,1:02:51,,3:46:25,,2:44:27,7:46:18
3399,4277,sandi wiebe,F70-74,4,Female,United States,45:58,,3:53:38,,2:50:59,7:47:23
3400,1117,Don Little,M65-69,47,Open,United States,57:34,,3:53:48,,2:46:17,7:47:47
3401,4763,Margie Jennelle,F60-64,49,Female,United States,41:42,,3:53:20,,2:59:26,7:48:15
3402,634,David Rosenfeld,M70-74,7,Open,United States,1:02:11,,3:51:47,,2:40:32,7:48:37
3403,4800,Patricia Garone,F60-64,50,Female,United States,50:01,,3:45:47,,3:00:34,7:51:02
3404,4980,Evelyn Simmons,F50-54,145,Female,United States,40:47,,4:10:08,,2:42:48,7:51:36
3405,638,Michael Burns,M70-74,8,Open,United States,49:59,,3:53:14,,2:52:01,7:51:36
3406,4522,Patty La Mere,F65-69,19,Female,United States,58:00,,3:44:03,,2:52:19,7:52:21
3407,5015,Paula Maria Moadeb,F50-54,146,Female,Argentina,1:04:37,,3:44:26,,2:53:48,7:52:45
3408,635,Eugene Partridge,M70-74,9,Open,United States,1:04:17,,3:57:30,,2:32:34,7:53:20
3409,4279,Liz Friedman,F70-74,5,Female,United States,52:32,,3:55:00,,2:54:25,7:53:31
3410,4282,Cherie Gruenfeld,F75-79,1,Female,United States,51:26,,3:54:59,,2:55:45,7:53:36
3411,4504,Sophia Avgeris,F65-69,20,Female,United States,53:20,,3:33:05,,3:14:13,7:53:48
3412,644,Raymond Kannapell,M70-74,10,Open,United States,49:23,,3:52:41,,2:54:02,7:53:51
3413,184,Lauren Parker,FPC,,Female,Australia,32:56,,4:00:03,,3:00:52,7:54:43
3414,4278,Barbara Binns,F70-74,6,Female,Canada,1:00:59,,3:44:47,,2:58:33,7:56:44
3415,5446,Irena Marks,F45-49,173,Female,United States,48:58,,4:00:26,,2:55:59,7:57:53
3416,5418,Elizabeth Molina Campos,F45-49,174,Female,United States,54:36,,3:52:46,,2:56:45,7:57:54
3417,661,Brad Kirley,M75-79,4,Open,United States,1:09:44,,3:47:06,,2:50:18,7:58:41
3418,4829,Heather Coder,F55-59,99,Female,United States,1:09:43,,3:55:12,,2:42:57,7:58:46
3419,2503,Bryan Basulto,M18-24,96,Open,Cuba,1:05:18,,3:51:13,,2:51:23,7:59:33
3420,1604,David Morell,M60-64,92,Open,United States,51:42,,3:43:15,,3:09:26,8:00:13
3421,4523,Debby Goedeke,F65-69,21,Female,United States,1:00:50,,3:57:58,,2:47:31,8:03:13
3422,1841,Alan Black,M55-59,200,Open,United States,52:09,,3:47:34,,3:08:21,8:03:14
3423,657,Chuck Thomas,M75-79,5,Open,United States,53:03,,4:17:17,,2:45:03,8:05:28
3424,4912,Jill Wilson,F55-59,100,Female,United States,56:31,,4:15:44,,2:37:28,8:06:57
3425,4520,Katy Kessinger,F65-69,22,Female,United States,37:44,,3:59:44,,3:14:36,8:08:15
3426,5163,Mikayla Sullivan,F25-29,109,Female,United States,45:50,,4:08:48,,3:06:31,8:10:18
3427,4945,Kate Sommerville,F50-54,147,Female,Australia,40:43,,3:56:12,,3:20:56,8:10:49
3428,640,Thomas Moore,M70-74,11,Open,United States,48:28,,3:55:07,,3:12:07,8:11:22
3429,5314,Jordan Igo,F18-24,48,Female,United States,49:54,,4:07:26,,3:01:45,8:12:10
3430,672,Fidel Rotondaro,M80-84,1,Open,Venezuela,47:38,,3:49:58,,3:19:25,8:12:12
3431,648,Julio Calisto Hurtado,M70-74,12,Open,Chile,56:11,,4:10:05,,2:53:37,8:12:26
3432,5423,Camilla Solberg,F45-49,175,Female,Denmark,49:16,,4:03:17,,3:02:13,8:14:51
3433,1731,Kim Garland,M55-59,201,Open,United States,56:43,,4:04:52,,2:56:41,8:16:46
3434,4112,Christina Ekonomi,F40-44,225,Female,United States,52:19,,4:17:08,,2:56:36,8:18:28
3435,4510,Yvonne Alper,F65-69,23,Female,United States,51:47,,3:57:07,,3:17:53,8:21:10
3436,5085,Megan Tobin,F50-54,148,Female,United States,40:51,,4:00:26,,3:28:04,8:22:29
3437,654,Thomas Edwards,M75-79,6,Open,Ecuador,48:07,,4:00:08,,3:17:22,8:24:14
3438,653,Manlio Mondo,M70-74,13,Open,United States,58:26,,4:06:01,,3:01:47,8:24:38
3439,4517,Janet Markham,F65-69,24,Female,Canada,58:43,,4:08:03,,3:04:16,8:26:00
3440,4746,Jackie Nunes,F60-64,51,Female,United States,1:04:23,,3:56:25,,3:09:34,8:26:07
3441,4275,Helen Kaiser,F70-74,7,Female,United States,53:42,,3:50:32,,3:23:16,8:29:52
3442,4516,Roxanne Youngs,F65-69,25,Female,United States,1:06:58,,4:11:10,,3:20:37,8:52:15
3443,667,Efrain Delgado,M75-79,7,Open,Colombia,1:08:48,,4:01:23,,4:13:15,9:39:57
,4353,Chloé Hamard,F35-39,,Female,France,,,,,,
,2459,Dominic Pollizzi,M18-24,,Open,United States,32:40,,,,,
,2878,Giuseppe Romania,M45-49,,Open,United States,,,,,,
,5138,Steph Hart,F25-29,,Female,United States,,,,,,
,4045,Whitney Burdzilauskas,F40-44,,Female,United States,,,,,,
,2156,Mark Swart,M50-54,,Open,United States,,,,,,
,2095,Tom Egan,M50-54,,Open,United States,,,,,,
,10,Timothy Reed,MPRO,,Open,Australia,24:56,,,,,
,5134,Sierra Wilson,F25-29,,Female,United States,,,,,,
,4312,Joelle Beranek,F35-39,,Female,United States,,,,,,
,641,Tom Fitch,M70-74,,Open,United States,3:15:37,,,,,
,543,martin barner,M40-44,,Open,Denmark,,,,,,
,2915,Sergio Sanchez,M45-49,,Open,Peru,,,,,,
,232,Michael Schnitzler,M40-44,,Open,Austria,,,,,,
,4688,LARISSA MARYA FABRINI DE OLIVEIRA,F30-34,,Female,Brazil,,,,,,
,1093,Brian Smallwood,M65-69,,Open,United States,41:06,,,,,
,4048,Felicity Joyce,F40-44,,Female,United States,36:13,,2:46:05,,,
,28,Maurice Clavel,MPRO,,Open,Germany,,,,,,
,1217,Scott Wilkinson,M30-34,,Open,United States,,,,,,
,4880,Traci Winterbottom,F55-59,,Female,United States,,,,,,
,1820,Rudy Sanchez,M55-59,,Open,United States,2:34:56,,,,,
,1001,Eric Mcelvenny,M35-39,,Open,United States,,,,,,
,111,Carrie Lester,FPRO,,Female,Australia,,,,,,
,5267,Erin Lafrenz,F18-24,,Female,United States,,,,,,
,4293,Kelsey Combes,F35-39,,Female,United States,,,,,,
,1744,Rolf Seiler,M55-59,,Open,Switzerland,,,,,,
,2168,Jorge Benitez,M50-54,,Open,Colombia,,,,,,
,1739,Roger Hauptman,M55-59,,Open,United States,1:14:34,,2:46:34,,1:54:29,
,967,Tsunghan Wu,M35-39,,Open,Taiwan,3:02:23,,,,,
,4752,Pam Meaux,F60-64,,Female,United States,1:20:06,,3:14:56,,1:59:58,
,1133,John Streicher,M65-69,,Open,United States,,,,,,
,5186,Paige Kouba,F25-29,,Female,United States,,,,,,
,4469,Molly Evak,F35-39,,Female,United States,,,,,,
,1591,Jeff Cuddeback,M60-64,,Open,United States,,,,,,
,1947,Weiguo Xin,M50-54,,Open,China,,,,,,
,4391,Trina Johnson,F35-39,,Female,United States,,,,,,
,4113,Rochelle Youngson,F40-44,,Female,New Zealand,,,,,,
,1882,Len Anderson,M50-54,,Open,United States,,,,,,
,450,Fausto Bolano,M40-44,,Open,Ecuador,,,,,,
,1875,Marek Svoboda,M50-54,,Open,Czechia,,,,,,
,2402,Kun Ta Hsieh,M25-29,,Open,Taiwan,,,,,,
,656,Gilberto Rivera,M75-79,,Open,Mexico,,,,,,
,1635,Christopher Vosloo,M55-59,,Open,South Africa,,,,,,
,64,Justin Metzler,MPRO,,Open,United States,,,,,,
,4426,Barbara George Thomson,F35-39,,Female,United States,,,,,,
,5387,Alexandra Johnson,F45-49,,Female,Australia,,,,,,
,104,Chelsea Sodaro,FPRO,,Female,United States,,,,,,
,1877,Todd Burns,M50-54,,Open,United States,,,,,,
,247,Jeffrey Short,M40-44,,Open,United States,,,,,,
,8003,Sportstats Test Chip,FUNKNOWN,,Female,,,,,,,
,5468,Ginny Cataldi,F45-49,,Female,United States,,,,,,
,2904,Patrice Harvey,M45-49,,Open,Canada,,,,,,
,5470,Carolyn Soules,F45-49,,Female,United States,,,,,,
,5332,Caitlin Drap,F45-49,,Female,United States,,,,,,
,714,Michael Jacobellis,M35-39,,Open,United States,,,,,,
,5432,Gemma Hollis,F45-49,,Female,United States,,,,,,
,2352,Jen-Hsiang Pan,M25-29,,Open,,,,,,,
,995,Raul Valdes,M35-39,,Open,United States,,,,,,
,4318,Jesika Johnson,F35-39,,Female,United States,31:15,,,,,
,2162,Kevin Capasso,M50-54,,Open,United States,,,,,,
,1774,John Mercer,M55-59,,Open,United States,31:27,,2:51:22,,1:57:45,
,4780,Veronica Jackson,F60-64,,Female,United States,1:09:34,,,,,
,453,Shane Walsh,M40-44,,Open,Ireland,,,,,,
,1588,Mike Bowers,M60-64,,Open,Belize,55:14,,3:28:58,,,
,5060,Susana Hauswirth,F50-54,,Female,Argentina,,,,,,
,2135,Robert Gray,M50-54,,Open,United States,1:15:52,,,,,
,265,Michael Gutierrez,M40-44,,Open,United States,,,,,,
,261,Luke Jennings,M40-44,,Open,United States,,,,,,
,1504,Dale Jackson,M60-64,,Open,United States,,,,,,
,5264,Kendall Pressly,F18-24,,Female,United States,,,,,,
,2336,Nikolaj Koors Hoff,M25-29,,Open,Denmark,,,,,,
,2703,Greg Schaefer,M45-49,,Open,United States,,,,,,
,4028,Beth Welzien,F40-44,,Female,United States,,,,,,
,583,Billy Edwards,M40-44,,Open,United States,,,,,,
,582,Robert Green,M40-44,,Open,United States,,,,,,
,4798,Jitka Newald,F60-64,,Female,United States,,,,,,
,63,Tomas Rodriguez Hernandez,MPRO,,Open,Mexico,,,,,,
,2005,Jay Orr,M50-54,,Open,United States,,,,,,
,2365,Zachary Harner,M25-29,,Open,United States,,,,,,
,4638,Lindsey Bauman,F30-34,,Female,United States,,,,,,
,4468,Anna Emery,F35-39,,Female,United States,,,,,,
,4180,Elizabeth Pratt,F40-44,,Female,United States,,,,,,
,792,Mark Angeloni,M35-39,,Open,United States,,,,,,
,1842,Carl Obrien,M55-59,,Open,United States,,,,,,
,826,Michael Marshall,M35-39,,Open,United States,,,,,,
,4427,Jessica Swihart,F35-39,,Female,United States,,,,,,
,1985,John Jordan,M50-54,,Open,United States,,,,,,
,2771,Rodney Scott,M45-49,,Open,United States,,,,,,
,2403,Michael Mueller,M25-29,,Open,United States,,,,,,
,1608,Nelson Rivera,M60-64,,Open,,,,,,,
,1323,Esteban Arcos,M30-34,,Open,Ecuador,,,,,,
,5370,Laura Moye,F45-49,,Female,United States,,,,,,
,2589,Steve Johnson,M45-49,,Open,United States,,,,,,
,676,Manfred Klittich,M80-84,,Open,Germany,,,,,,
,4827,Lynn Brannon,F55-59,,Female,United States,,,,,,
,4525,Kitty Cole,F65-69,,Female,United States,,,,,,
,5518,Liz Spiers,F45-49,,Female,United Kingdom,,,,,,
,1111,Norio Nakamichi,M65-69,,Open,Japan,,,,,,
,2962,Ironmike Schiff,M65-69,,Open,United States,51:29,,4:58:09,,3:16:50,
,4334,Stacy Mercer,F35-39,,Female,United States,,,,,,
,2222,Frederick Junge,M25-29,,Open,United States,48:46,,,,,
,4744,Teresa Garrison,F60-64,,Female,United States,1:03:45,,,,,
,1012,Leonardo Braz,M35-39,,Open,Brazil,,,,,,
,897,Paul Felder,M35-39,,Open,United States,,,,,,
,267,Jason Weaver,M40-44,,Open,United States,,,,,,
,4870,Tammy Mccullough,F55-59,,Female,United States,,,,,,
,8002,Sportstats Test Chip,FUNKNOWN,,Female,,,,,,,
,4745,Margie Cofano,F60-64,,Female,United States,1:16:20,,3:34:59,,2:39:47,
,4157,Korrie Hicks,F40-44,,Female,United States,41:54,,,,,
,4319,Leila Luik,F35-39,,Female,Estonia,,,,,,
,633,Ron Gurley,M70-74,,Open,United States,1:20:55,,,,,
,4579,Johanna Amendt,F30-34,,Female,Germany,,,,,,
,4896,Joy Secritario,F55-59,,Female,United States,1:11:25,,4:01:21,,2:55:12,
,1901,Kirk Felton,M50-54,,Open,United States,,,,,,
,1560,Ross Decker,M60-64,,Open,United States,,,,,,
,886,Ashley-Jon Carew,M35-39,,Open,United States,,,,,,
,1394,Pepe Garcia,M30-34,,Open,Puerto Rico,,,,,,
,4823,Lori Harrington,F55-59,,Female,United States,,,,,,
,2075,Brock Gibbs,M50-54,,Open,Canada,34:46,,,,,
,4203,Ashley McCabe,F40-44,,Female,United States,,,,,,
,4832,Natalie Zimmerman,F55-59,,Female,United States,1:15:33,,,,,
,5372,Melissa Schneider,F45-49,,Female,United States,,,,,,
,2408,Roman Fedosieiev,M25-29,,Open,Ukraine,,,,,,
,223,Nick Cosman,M40-44,,Open,Canada,,,,,,
,2651,Jonathan Lane,M45-49,,Open,Australia,,,,,,
,5519,Eleonora Semenovskaya,F45-49,,Female,Russian Federation,,,,,,
,2058,Franck Escomel,M50-54,,Open,France,,,,,,
,1420,Ricardo Revelo Ruiz,M30-34,,Open,Ecuador,,,,,,
,492,Mike Scheetz,M40-44,,Open,United States,,,,,,
,2560,Gunnar Eichler,M18-24,,Open,United States,,,,,,
,4281,Andrea Mccarter,F75-79,,Female,United States,1:17:07,,,,,
,625,Curt Vanriper,M40-44,,Open,United States,3:17:54,,,,,
,4604,Madonna Bregon,F30-34,,Female,United States,,,,,,
,2077,Fernando Villamarin,M50-54,,Open,Argentina,,,,,,
,5199,Kate Westra,F25-29,,Female,United States,33:26,,,,,
,4836,Judy Orlandella,F55-59,,Female,United States,,,,,,
,4393,Hanna Houston,F35-39,,Female,United States,42:53,,,,,
,2710,Philippe Dutilleul-Francoeur,M45-49,,Open,Saint Kitts and Nevis,,,,,,
,1957,Chad Krippner,M50-54,,Open,United States,,,,,,
,4459,Talia Zahra,F35-39,,Female,United States,,,,,,
,1789,Eligio Cedeno,M55-59,,Open,Venezuela,2:36:09,,,,,
,1014,Abdoullah Mitiche,M35-39,,Open,Algeria,,,,,,
,2676,Jacob Driggers,M45-49,,Open,United States,,,,,,
,1206,James Whittle,M30-34,,Open,United Kingdom,,,,,,
,483,Karl Wu,M40-44,,Open,United States,,,,,,
,1626,Pedro Enrique Velásquez Pozo,M55-59,,Open,Chile,,,,,,
,4097,Claire Eckert,F40-44,,Female,United Kingdom,,,,,,
,377,Chaitanya Gharpure,M40-44,,Open,India,,,,,,
,4920,Karyn Hoffman,F55-59,,Female,United States,1:00:17,,,,,
,1585,ALEJANDRO RODRIGUEZ COMAS,M60-64,,Open,Brazil,,,,,,
,2826,Daniel Marzan,M45-49,,Open,Puerto Rico,,,,,,
,1099,Joseph Hillner,M65-69,,Open,United States,1:16:24,,4:11:13,,3:32:16,
,34,Antony Costes,MPRO,,Open,France,,,,,,
,2324,Andrew Silvers,M25-29,,Open,United States,,,,,,
,4590,Megan Hebda,F30-34,,Female,United States,,,,,,
,2750,Omar Garcia,M45-49,,Open,Mexico,,,,,,
,2636,James Libecco,M45-49,,Open,United States,,,,,,
,613,Francesco PAEZ,M40-44,,Open,Colombia,,,,,,
,4737,Robin Allen,F60-64,,Female,United States,40:35,,,,,
,2025,Roberto Porro Toyos,M50-54,,Open,Argentina,,,,,,
,4053,Meredith Ducuns,F40-44,,Female,United States,,,,,,
,5057,Jackie Xydias,F50-54,,Female,Argentina,1:13:52,,3:41:35,,2:56:12,
,1966,Ole Jacob Irgens,M50-54,,Open,Norway,,,,,,
,46,Robbie Deckard,MPRO,,Open,United States,,,,,,
,4906,Cynthia Hutchings,F55-59,,Female,United States,,,,,,
,1108,Gregory Ogilvie,M65-69,,Open,United States,1:15:17,,3:22:48,,2:24:33,
,1593,Duane Franks,M60-64,,Open,United States,,,,,,
,2158,Ching-Cheng Wu,M50-54,,Open,Taiwan,,,,,,
,5038,Michelle Dinsdale,F50-54,,Female,United States,,,,,,
,818,Curtis Anderson,M35-39,,Open,United States,,,,,,
,4585,Ka Wai Lee,F30-34,,Female,Hong Kong,,,,,,
,4625,Laura Ungarova,F30-34,,Female,Kazakhstan,,,,,,
,895,Henry Holt,M35-39,,Open,United States,,,,,,
,665,John Nash,M75-79,,Open,United States,,,,,,
,8004,Sportstats Test Chip,FUNKNOWN,,Female,,44:37,,,,,
,1015,Thiago Sardinha,M35-39,,Open,Brazil,,,,,,
,5476,Mary Naumann,F45-49,,Female,United States,,,,,,
,673,Raymond Eastwood,M80-84,,Open,United States,1:10:05,,,,,
,536,Matt Gindre,M40-44,,Open,France,,,,,,
,2814,Peter Havas,M45-49,,Open,Hungary,,,,,,
,2928,Chris Lamneck,M45-49,,Open,United States,,,,,,
,4060,Jess Perry,F40-44,,Female,United States,,,,,,
,4122,Maikin Vidal Seris Granier,F40-44,,Female,Cuba,,,,,,
,980,Jamie Pons,M35-39,,Open,South Africa,,,,,,
,388,Jone Costa,M40-44,,Open,Brazil,,,,,,
,2323,Christopher Dale,M25-29,,Open,United States,37:12,,3:15:41,,,
,1659,Michael Bennett,M55-59,,Open,United States,,,,,,
,696,Lachlan Macdonald,M35-39,,Open,Australia,,,,,,
,1590,Debra Black,M60-64,,Open,United States,,,,,,
,5535,Ruth Hey,F45-49,,Female,United States,,,,,,
,2764,Richard Lain,M45-49,,Open,South Africa,,,,,,
,4943,Nicole Barber,F50-54,,Female,United States,,,,,,
,5259,Emma Teneza,F18-24,,Female,United States,,,,,,
,2536,Derek Quong,M18-24,,Open,United States,35:52,,,,,
,1982,Jason Wisinski,M50-54,,Open,United States,,,,,,
,5019,Ruth Murdie,F50-54,,Female,United Kingdom,,,,,,
,1453,Seager Wilson,M30-34,,Open,United States,,,,,,
,1090,Manuel Eduardo Ramos Zea,M65-69,,Open,Ecuador,1:10:38,,3:50:47,,2:38:40,
,2356,Benjamin Webb,M25-29,,Open,United States,,,,,,
,659,Fernando Zamora,M75-79,,Open,Costa Rica,,,,,,
,206,Quezada Rodolfo,M40-44,,Open,Mexico,44:33,,,,,
,5296,Shanna Thomas,F18-24,,Female,United States,,,,,,
,1375,Ryan Zelinski,M30-34,,Open,United States,,,,,,
,2591,Colby Essing,M45-49,,Open,South Africa,,,,,,
,1715,Michael Davis,M55-59,,Open,United States,,,,,,
,1624,Masashi Yamashita,M55-59,,Open,Japan,,,,,,
,5128,Leahi Owens,F25-29,,Female,United States,,,,,,
,2760,Chad Bennett,M45-49,,Open,United States,,,,,,
,5257,Arran Goldman,F18-24,,Female,United States,,,,,,
,295,Marc-Olivier Demeure,M40-44,,Open,France,,,,,,
,1936,Jan Vingerhoets,M50-54,,Open,Belgium,,,,,,
,4786,Gail Waldman,F60-64,,Female,United States,,,,,,
,4412,NORIKO ICHIKAWA,F35-39,,Female,Japan,,,,,,
,2729,Yasuhiro Kuramoto,M45-49,,Open,Japan,,,,,,
,1000,Christopher Kechejian,M35-39,,Open,United States,,,,,,
,4259,Valérie Marqueton,F40-44,,Female,France,,,,,,
,380,Johnny Cuaran,M40-44,,Open,Ecuador,,,,,,
,1409,Kyle Chesterman,M30-34,,Open,United Kingdom,,,,,,
,1631,Joel Kinnunen,M55-59,,Open,United States,,,,,,
,2053,Glynn Turquand,M50-54,,Open,United States,,,,,,
,2740,Eric Garges,M45-49,,Open,United States,,,,,,
,1865,Mateo Hernan Orlandini,M50-54,,Open,Argentina,,,,,,
,2453,Jack Pizor,M18-24,,Open,United States,,,,,,
,2207,Michael Gingras,M25-29,,Open,United States,,,,,,
,1813,Edward Birmingham,M55-59,,Open,United States,48:00,,,,,
,5273,Ellen Pack,F18-24,,Female,Canada,,,,,,
,1493,John Tuttle,M60-64,,Open,United States,,,,,,
,4126,Carla Herbst,F40-44,,Female,South Africa,,,,,,
,1442,Benjamin Garland,M30-34,,Open,United States,34:25,,,,,
,4950,Ellie Hirshberg,F50-54,,Female,United States,,,,,,
,2147,Runar Höiom,M50-54,,Open,Sweden,,,,,,
,2250,Vincent Clavel,M25-29,,Open,France,,,,,,
,1704,Joseph Donahue,M55-59,,Open,United States,,,,,,
,5231,Marion Legrand,F25-29,,Female,France,,,,,,
,2458,Kyle Nordling,M18-24,,Open,United States,,,,,,
,5479,Cibelle HERNANDEZ,F45-49,,Female,Mexico,,,,,,
,5200,Eileen Jacinth,F25-29,,Female,United States,,,,,,
,642,Jerry Mandello,M70-74,,Open,United States,1:13:02,,4:06:33,,3:03:14,
,1341,Darian Moore,M30-34,,Open,United States,,,,,,
,21,Frederic Funk,MPRO,,Open,Germany,24:40,,2:00:58,,,
,229,Michael Stafford,M40-44,,Open,Ireland,,,,,,
,4859,Nelly Becerra Priego,F55-59,,Female,Mexico,,,,,,
,671,James Davis,M75-79,,Open,United States,1:13:11,,3:38:57,,,
,1097,Rob Duncanson,M65-69,,Open,United States,1:11:43,,3:22:03,,2:11:37,
,649,Marc Brooks,M70-74,,Open,United States,50:53,,4:33:10,,,
,647,Richard Burgess,M70-74,,Open,United States,1:15:20,,,,,
,771,Wannathep Hluvijit,M35-39,,Open,Japan,,,,,,
,4899,Denise Hazlick,F55-59,,Female,United States,47:50,,,,,
,2259,Raghunath Shivaji Mali,M25-29,,Open,India,,,,,,
,110,Paula Findlay,FPRO,,Female,Canada,,,,,,
,4725,Stacey Mendez,F30-34,,Female,Philippines,,,,,,
,2041,James Wick,M50-54,,Open,United States,43:26,,,,,
,119,Meredith Kessler,FPRO,,Female,United States,,,,,,
,2255,Crisman Jones,M25-29,,Open,United States,,,,,,
,2780,Marijn De Leeuw,M45-49,,Open,Netherlands,,,,,,
,2155,Kurt Mellick,M50-54,,Open,United States,,,,,,
,4698,Brittany Vocke,F30-34,,Female,United States,28:44,,,,,
,1475,Travis Vance,M30-34,,Open,United States,,,,,,
,5265,Anna Volpp,F18-24,,Female,United States,,,,,,
,5297,Marga Janse Van Rensburg,F18-24,,Female,South Africa,,,,,,
,4629,Michelle Lubkov,F30-34,,Female,Ecuador,,,,,,
,639,Patrick Bonnin,M70-74,,Open,France,,,,,,
,2094,Robert Scott,M50-54,,Open,United States,,,,,,
,5495,Christina Dorrer,F45-49,,Female,United States,,,,,,
,2371,Jonathon Williams,M25-29,,Open,United States,,,,,,
,4976,Monica Andrade,F50-54,,Female,Brazil,,,,,,
,5110,Leslie Myers,F50-54,,Female,United States,37:12,,,,,
,8006,Sportstats Test Chip,FUNKNOWN,,Female,,,,,,,
,2416,Mervin Rencel Santiago,M25-29,,Open,Philippines,,,,,,
,183,Beth James,FPC,,Female,United States,52:19,,4:45:52,,2:50:38,
,4067,Jan Lohman,F40-44,,Female,United States,42:41,,,,,
,2397,Matthew Basa,M25-29,,Open,Australia,,,,,,
,4881,Amy Sherman,F55-59,,Female,United States,,,,,,
,353,Craig Findlay,M40-44,,Open,United Kingdom,38:42,,3:17:33,,,
,674,Dean Paxson,M80-84,,Open,United States,,,,,,
,1120,Richard Bouton,M65-69,,Open,United States,,,,,,
,141,Kinsey Mattison,FPRO,,Female,United States,,,,,,
,1017,Xing Li,M35-39,,Open,China,,,,,,
,1658,Don Heck,M55-59,,Open,United States,,,,,,
,629,Iñaki Konde Zubiaurre,M70-74,,Open,Spain,,,,,,
,2211,Frederico Leser,M25-29,,Open,Brazil,,,,,,
,1554,Mike Staats,M60-64,,Open,United States,1:27:30,,3:28:49,,2:25:14,
,4295,Noriko Kumehara,F35-39,,Female,Japan,,,,,,
,2284,Eric Ramoutar,M25-29,,Open,United States,,,,,,
,4680,Marissa Loaiza,F30-34,,Female,Ecuador,37:13,,,,,
,4695,Amanda Withington,F30-34,,Female,United States,28:17,,2:52:54,,,
,4622,Julie Aspesletten,F30-34,,Female,Norway,,,,,,
,5455,Amy Fudala,F45-49,,Female,United States,,,,,,
,2867,Жанбулат Кадыров,M45-49,,Open,Kazakhstan,,,,,,
,1629,Chris Keysor,M55-59,,Open,United States,,,,,,
,1612,Hector Garcia,M60-64,,Open,Puerto Rico,,,,,,
,5346,Sarah Barber,F45-49,,Female,United States,,,,,,
,4332,Sarah Breevoort,F35-39,,Female,United States,35:25,,3:22:46,,,
,1403,Julio Pablo Mazariegos Solorzano,M30-34,,Open,Guatemala,,,,,,
,4769,Robyn Williams,F60-64,,Female,United States,31:23,,,,,
,2125,John Hanna,M50-54,,Open,United States,,,,,,
,24,Kyle Smith,MPRO,,Open,New Zealand,,,,,,
,2212,Jonathan Staton,M25-29,,Open,United States,45:25,,,,,
,2640,Juris Jansons,M45-49,,Open,Latvia,,,,,,
,5272,Audrey Brown,F18-24,,Female,United States,,,,,,
,5350,Jenn Hanna,F45-49,,Female,United States,,,,,,
,1096,Douglas Cunningham,M65-69,,Open,United States,1:17:00,,,,,
,5329,Karina Brun Oxley,F45-49,,Female,Uruguay,,,,,,
,670,Dan Mccarel,M75-79,,Open,United States,14:53,,,,,
,5214,Emily Ridgeway,F25-29,,Female,United States,38:50,,3:12:47,,,
,1146,Robbie Larocque,M30-34,,Open,United States,,,,,,
,2507,Mikkel Sand,M18-24,,Open,Denmark,,,,,,
,1232,Chas Spangenberg,M30-34,,Open,United States,,,,,,
,210,Ricardo Montenegro,M40-44,,Open,Argentina,,,,,,
,1270,Christoph Matner,M30-34,,Open,Germany,,,,,,
,4612,Karem Pita,F30-34,,Female,Ecuador,,,,,,
,2881,Scott Coughlin,M45-49,,Open,United States,,,,,,
,1597,Michael Roberts,M60-64,,Open,United States,1:28:30,,,,,
,4327,Sonia Cuevas Romero,F35-39,,Female,Colombia,,,,,,
,395,Armen Vartanian,M40-44,,Open,Armenia,,,,,,
,5320,Alli Koskinen,F18-24,,Female,Finland,,,,,,
,632,Don Yohman,M70-74,,Open,United States,,,,,,
,4280,Pauline Higgins,F70-74,,Female,United States,1:21:24,,,,,
,4375,Anna Grant,F35-39,,Female,United States,,,,,,
,747,Cristian Eggers,M35-39,,Open,Chile,,,,,,
,813,Adam Alidra,M35-39,,Open,United States,3:04:10,,,,,
,41,Elliot Smales,MPRO,,Open,United Kingdom,24:45,,,,,
,4507,Cynthia Fisher,F65-69,,Female,United States,1:09:24,,,,,
,419,Jon Schneider,M40-44,,Open,United States,,,,,,
,2890,Daniel Moncayo,M45-49,,Open,Ecuador,,,,,,
,4044,Anne Fitzpatrick,F40-44,,Female,United States,,,,,,
,2568,David Clark,M45-49,,Open,United Kingdom,,,,,,
,2937,Matthew Gentile,M45-49,,Open,United States,,,,,,
,2879,Marcin Markiewicz,M45-49,,Open,Poland,,,,,,
,1522,David Curtis,M60-64,,Open,United States,44:42,,3:04:54,,,
,2772,Carlos Carrasco,M45-49,,Open,Mexico,,,,,,
,5483,Sandra Carrasco,F45-49,,Female,United States,,,,,,
,2635,Bradley Johnson,M45-49,,Open,United States,,,,,,
,1026,Aaron Legare,M35-39,,Open,United States,,,,,,
,655,Dennis Kasischke,M75-79,,Open,United States,14:52,,,,,
,4445,Maria Garcia,F35-39,,Female,Mexico,,,,,,
,5048,Bettina Retslov,F50-54,,Female,Denmark,,,,,,
,1740,Patrick Bene,M55-59,,Open,United States,1:10:10,,3:56:29,,2:31:00,
,539,Christopher Romanowski,M40-44,,Open,Canada,,,,,,
,4337,Heather Davidson,F35-39,,Female,United States,,,,,,
,580,Christopher Mosier,M40-44,,Open,United States,,,,,,
,883,Mark Ross,M35-39,,Open,New Zealand,,,,,,
,1798,George Buffington,M55-59,,Open,United States,45:22,,3:30:11,,,
,4555,Samantha Firstenberg,F30-34,,Female,United States,,,,,,
,7,Bradley Weiss,MPRO,,Open,South Africa,25:54,,,,,
,123,Jocelyn McCauley,FPRO,,Female,United States,28:23,,2:31:25,,,
,4538,Jenny Wilder,F30-34,,Female,United States,37:36,,3:43:17,,,
,5090,Jennifer Henricks,F50-54,,Female,United States,32:11,,2:59:31,,,
,8005,Sportstats Test Chip,FUNKNOWN,,Female,,,,,,,
,146,Diane Lüthi,FPRO,,Female,Switzerland,,,,,,
,5465,Nomi Amani,F45-49,,Female,United States,,,,,,
,4973,Julie Srenaski,F50-54,,Female,United States,,,,,,
,1879,Justin Willoughby,M50-54,,Open,United States,,,,,,
,1022,Javier Sanchez Arjonaaguado,M35-39,,Open,Spain,,,,,,
,4443,Jennifer Zenker,F35-39,,Female,Australia,,,,,,
,36,Mauricio Mendez,MPRO,,Open,Mexico,,,,,,
,2610,Anson Stephens,M45-49,,Open,United States,,,,,,
,5167,Blair Bartosiewicz,F25-29,,Female,United States,,,,,,
,5480,Marialuz Arellano,F45-49,,Female,Ecuador,,,,,,
,2249,Martin Johanni,M25-29,,Open,Germany,,,,,,
,2204,Jose Cabeca,M25-29,,Open,Portugal,,,,,,
,1253,Joseph Amoresano,M30-34,,Open,United States,,,,,,
,4485,Jenna Baumgardner,F35-39,,Female,United States,,,,,,
,2949,Reagan Diaz,M35-39,,Open,Philippines,,,,,,
,2654,Nolan McDonnell,M45-49,,Open,Australia,,,,,,
,5184,Marina Rupp,F25-29,,Female,United States,44:47,,,,,
,1940,Dwayne Smith,M50-54,,Open,United States,,,,,,
,724,Greg Dowe,M35-39,,Open,United States,,,,,,
,5439,Tina Bahmer,F45-49,,Female,United States,,,,,,
,2157,Alberto Marinoni,M50-54,,Open,Paraguay,,,,,,
,2782,Nasser Ahmed Baksh,M45-49,,Open,Kenya,,,,,,
,5117,Annabel Irwin,F25-29,,Female,Canada,,,,,,
,5158,Darby Middlebrook,F25-29,,Female,United Kingdom,,,,,,
,5437,Alminda Brundyn,F45-49,,Female,South Africa,,,,,,
,4274,Lucy Jones,F70-74,,Female,United States,,,,,,
,2882,Michael Gallacher,M45-49,,Open,United Kingdom,,,,,,
,1993,Douglas Vreeland,M50-54,,Open,United States,,,,,,
,2113,Dustin Grosse,M50-54,,Open,United States,,,,,,
,2732,Andreas Wolf,M45-49,,Open,Germany,,,,,,
,211,Russell Burke,M40-44,,Open,United States,,,,,,
,650,John Gregory,M70-74,,Open,United States,44:54,,3:55:43,,,
,4369,Annette Campbell,F35-39,,Female,United States,,,,,,
,1263,Patrick Talbott,M30-34,,Open,United States,,,,,,
,5310,Victoria Dippold,F18-24,,Female,United States,,,,,,
,4302,Debora Borsatto,F35-39,,Female,Brazil,,,,,,
,2542,Alejandro Guzmán Medina,M18-24,,Open,Colombia,,,,,,
,2659,Jonathan Balter,M45-49,,Open,United States,,,,,,
,496,Dmitrii Gitelman,M40-44,,Open,Russian Federation,,,,,,
,791,Matthew Szymaszek,M35-39,,Open,United States,44:10,,,,,
,2244,Nicholas Bongi,M25-29,,Open,United States,29:10,,,,,
,4094,Oksana Gitelman,F40-44,,Female,Russian Federation,,,,,,
,5382,Kerri Renshaw,F45-49,,Female,Australia,,,,,,
,766,Andrey Sharipov,M35-39,,Open,Uzbekistan,,,,,,
,4933,Karen Buxton,F55-59,,Female,United States,,,,,,
,139,Anna-Lena Best-Pohl,FPRO,,Female,Germany,,,,,,
,4656,Barbara Perkins,F30-34,,Female,United States,,,,,,
,2788,Andrew Reardon,M45-49,,Open,United States,1:11:58,,,,,
,5232,Emily Tysinger,F25-29,,Female,United States,,,,,,
,1547,William Wiseman,M60-64,,Open,United States,50:15,,,,,
,4928,Suzan Ribenboim,F55-59,,Female,United States,,,,,,
,5532,Lisa Comer,F45-49,,Female,United States,,,,,,
,19,Max Neumann,MPRO,,Open,Australia,,,,,,
,1171,Stephane Decrock,M30-34,,Open,Venezuela,36:54,,,,,
,1176,Sergiusz Sobczyk,M30-34,,Open,Poland,,,,,,
,219,Eduardo Sebastian Longo,M40-44,,Open,Argentina,32:01,,2:33:05,,,
,5524,Chiara Fucci,F45-49,,Female,Italy,,,,,,
,4621,Natalia Arbelaez,F30-34,,Female,Colombia,,,,,,
,4923,Ana Graham,F55-59,,Female,Mexico,,,,,,
,2746,Andy Iorg,M45-49,,Open,United States,,,,,,
,1862,David Mcilmoyl,M50-54,,Open,Canada,40:21,,,,,
,1520,Henrik Retslov,M60-64,,Open,Denmark,,,,,,
,4239,Tiffany Saunders,F40-44,,Female,United States,37:37,,,,,
,4875,Susan Hayden,F55-59,,Female,United States,,,,,,
,2430,Erick Lopez,M25-29,,Open,United States,,,,,,
,224,Marcos Geber Andreazza,M40-44,,Open,Brazil,,,,,,
,4711,Stephanie Mosier,F30-34,,Female,United States,,,,,,
,1357,Felix Rieseberg,M30-34,,Open,Germany,,,,,,
,1989,Barry Breffle,M50-54,,Open,United States,,,,,,
,467,Manuel Lozano,M40-44,,Open,Mexico,,,,,,
,5174,Sophie Langham,F25-29,,Female,United Kingdom,,,,,,
,1583,Alberto Gil,M60-64,,Open,Argentina,1:17:23,,3:14:23,,2:07:16,
,1306,Lee Suring,M30-34,,Open,United States,,,,,,
,1697,Joe Refi,M55-59,,Open,United States,,,,,,
,958,Sean Maclaurin,M35-39,,Open,United States,,,,,,
,1613,Peter Hurley,M60-64,,Open,United States,47:49,,3:14:53,,,
,1333,Paul Zychowicz,M30-34,,Open,United States,,,,,,
,678,James Mellstrom,M35-39,,Open,United States,,,,,,
,5088,Christine Mellick,F50-54,,Female,United States,,,,,,
,5062,Dolores Perez Castro,F50-54,,Female,Argentina,,,,,,
,2013,Gordon Strance,M50-54,,Open,United States,,,,,,
,810,Corey Steimel,M35-39,,Open,United States,,,,,,
,5063,Marjorie Patrick,F50-54,,Female,Canada,1:06:27,,3:43:26,,,
,4310,Mallory Schafer,F35-39,,Female,United States,,,,,,
,699,Scott Kadous,M35-39,,Open,United States,,,,,,
,2811,Vincent Salmon,M45-49,,Open,France,,,,,,
,2448,Gabe Smit,M18-24,,Open,United States,,,,,,
,2348,Adam Robbert,M25-29,,Open,United States,,,,,,
,2468,Jac Downham,M18-24,,Open,United Kingdom,,,,,,
,1061,Peter Mellor,M35-39,,Open,Australia,,,,,,
,2420,Bryan Lee,M25-29,,Open,United States,,,,,,
,5322,Lucy Kohlhoff,F18-24,,Female,United States,,,,,,
,842,Raúl David Rodríguez Sansores,M35-39,,Open,Mexico,,,,,,
,694,Daniel Reyes,M35-39,,Open,Venezuela,,,,,,
,869,Francisco Cisneros,M35-39,,Open,Venezuela,,,,,,
,1845,Michael Mcgee,M55-59,,Open,United States,,,,,,
,1123,Carl Hendricks,M65-69,,Open,United States,,,,,,
,5283,Cheyenne Walden,F18-24,,Female,United States,,,,,,
,4043,Christina Case,F40-44,,Female,United States,,,,,,
,1163,Skylar Morrill,M30-34,,Open,United States,,,,,,
,1756,Philip Brogan,M55-59,,Open,United States,,,,,,
,2686,Michael Decarli,M45-49,,Open,United States,,,,,,
,1128,Marty Langan,M65-69,,Open,United States,,,,,,
,1992,Davide Varesisport,M50-54,,Open,Italy,,,,,,
,4244,Tristen Rogers,F40-44,,Female,United States,48:34,,3:29:38,,,
,662,Mike Stewart,M75-79,,Open,United States,,,,,,
,660,Bob Crawford,M75-79,,Open,United States,,,,,,
,1126,Mario Diaz Pinto,M65-69,,Open,Ecuador,1:15:36,,,,,
,1876,Ruhao Ma,M50-54,,Open,China,,,,,,
,2543,Jack Allen,M18-24,,Open,United States,,,,,,
,1921,Trevor Katelnikoff,M50-54,,Open,Canada,,,,,,
,5376,Juliana Amaral,F45-49,,Female,Brazil,,,,,,
,1243,Scott Oliver,M30-34,,Open,United States,,,,,,
,5366,Keri Pawielski,F45-49,,Female,United States,,,,,,
,4449,Yanina Minaglia,F35-39,,Female,Argentina,,,,,,
,5058,Debra Daley,F50-54,,Female,United States,,,,,,
,2484,Max Quirk,M18-24,,Open,Australia,,,,,,
,20,Andreas Dreitz,MPRO,,Open,Germany,,,,,,
,4919,Jennifer Gibson,F55-59,,Female,United States,,,,,,
,4790,Ana Breaux,F60-64,,Female,United States,,,,,,
,2481,Albert Redolad Canalda,M18-24,,Open,Spain,,,,,,
,4169,Sol Gonzalez,F40-44,,Female,Argentina,,,,,,
,5352,Theresa Helsel,F45-49,,Female,United States,,,,,,
,1281,Mark Hamilton,M30-34,,Open,United Arab Emirates,,,,,,
,1552,Marques Garcia,M60-64,,Open,United States,,,,,,
,2739,George Baber,M45-49,,Open,United States,,,,,,
,1498,Miguel Petrizan,M60-64,,Open,Argentina,1:20:45,,,,,
,1852,Michael Passinger,M55-59,,Open,Germany,,,,,,
,1535,Keith Gardiner,M60-64,,Open,United States,,,,,,
,5016,Lynn Barlik,F50-54,,Female,United States,,,,,,
,651,Rafael Diaz Calvo,M70-74,,Open,Chile,1:25:07,,4:37:16,,,
,8001,Sportstats Test Chip,FUNKNOWN,,Female,,,,,,,
,209,Brett Hulgan,M40-44,,Open,United States,,,,,,
,399,Leonardo Corio,M40-44,,Open,Brazil,35:26,,,,,
,4075,Meghann Cleary,F40-44,,Female,United States,42:28,,3:25:27,,,
,5500,Veronica Thaxton,F45-49,,Female,United States,,,,,,
,1013,Federico Duarte,M35-39,,Open,Uruguay,,,,,,
,1118,Mark Spencer,M65-69,,Open,United States,3:00:51,,,,,
,59,Dylan Magnien,MPRO,,Open,France,,,,,,
,4900,Elizabeth Levin,F55-59,,Female,United States,,,,,,
,1356,Sean Mahoney,M30-34,,Open,United States,,,,,,
,176,Francisco Postlethwaite Muñoz,M25-29,,Open,Mexico,,,,,,
,411,Ryan Turpen,M40-44,,Open,United States,,,,,,
,2202,Thomas Tessier,M25-29,,Open,France,,,,,,
,5064,Yasuko Sugiura,F50-54,,Female,Japan,,,,,,
,1741,Michael Zeroski,M55-59,,Open,United States,,,,,,
,1427,Cameron Cole,M30-34,,Open,Australia,,,,,,
,698,Federico Butto,M35-39,,Open,Italy,,,,,,
,5425,Angela Ballerini,F45-49,,Female,Australia,,,,,,
,2784,Andreas Sennheiser,M45-49,,Open,Germany,,,,,,
,398,Brendan Loehr,M40-44,,Open,United States,,,,,,
,37,Marcus Herbst,MPRO,,Open,Germany,,,,,,
,4041,Fernanda Acuna,F40-44,,Female,Mexico,42:00,,,,,
,523,Franz Hinojosa,M40-44,,Open,Bolivia,,,,,,
,5072,Gina Hart,F50-54,,Female,Trinidad and Tobago,,,,,,
,1437,Ben Munguia,M30-34,,Open,United States,,,,,,
,4616,Taylor Mahan-Rudolph,F30-34,,Female,United States,37:45,,,,,
,1825,Gonzalo Alanis Figueroa,M55-59,,Open,Mexico,45:07,,3:06:41,,2:32:11,
,907,Matt Schuster,M35-39,,Open,United States,,,,,,
,4596,Alisa Vereshchagin,F30-34,,Female,United States,,,,,,
,475,Darryn HARVEY,M40-44,,Open,New Zealand,,,,,,
,4009,Martha Isabel Zamora,F40-44,,Female,Ecuador,1:49:41,,,,,
,4190,Karin Gould,F40-44,,Female,Canada,,,,,,
,5379,Elizabeth Waterstraat,F45-49,,Female,United States,33:59,,,,,
,1566,Bruce Wilson,M60-64,,Open,United States,,,,,,
,4633,Caitlin Standifer,F30-34,,Female,United States,,,,,,
,1161,Jacob Barnes,M30-34,,Open,United States,,,,,,
,5275,Tomiris Tulegenova,F18-24,,Female,Kazakhstan,,,,,,
,675,Howard Goodman,M80-84,,Open,United States,,,,,,
,4489,Jonelle Wilson,F35-39,,Female,United States,,,,,,
,556,Mathew Hunnicutt,M40-44,,Open,United States,35:02,,,,,
,1953,Tryfonas Attipas,M50-54,,Open,Cyprus,,,,,,
,5497,Leigh Irwin,F45-49,,Female,United States,54:19,,3:05:33,,,
,563,Jason Redenius,M40-44,,Open,United States,,,,,,
,120,Lucy Buckingham,FPRO,,Female,United Kingdom,,,,,,
,4624,Samantha Berryman,F30-34,,Female,United States,,,,,,
,138,Kelsey Withrow,FPRO,,Female,United States,,,,,,
,1908,Jeff Richmond,M50-54,,Open,United States,,,,,,
,39,Yvan Jarrige,MPRO,,Open,France,,,,,,
,4741,Lisa Rocheleau,F60-64,,Female,United States,,,,,,
,4007,Paula Rovani,F40-44,,Female,Brazil,,,,,,
,148,Amanda Wendorff,FPRO,,Female,United States,,,,,,
,4883,Barbara Rollwitz,F55-59,,Female,United States,,,,,,
,1069,Floyd Goolsby,M65-69,,Open,United States,,,,,,
,731,Jordan White,M35-39,,Open,United States,,,,,,
,1530,Thomas Kirsten,M60-64,,Open,Brazil,,,,,,
,4567,Aly Treu,F30-34,,Female,United States,1:27:40,,,,,
,4388,Cheryl Sobering,F35-39,,Female,United States,57:25,,,,,
,4078,Anfimova Nadezhda,F40-44,,Female,Russian Federation,,,,,,
,4261,Grace Laman,F40-44,,Female,United States,,,,,,
,4805,Catherine Roch,F55-59,,Female,Luxembourg,,,,,,
,5348,Diana Buran,F45-49,,Female,United States,,,,,,
,2964,Quy Nguyen,M50-54,,Open,United States,1:51:30,,3:15:04,,1:57:10,
,1646,Robert Skaggs,M55-59,,Open,United States,,,,,,
,1924,Enrique Sanchez,M50-54,,Open,Mexico,,,,,,
,2539,Scott McLennan,M18-24,,Open,Australia,,,,,,
,1563,Rene Otto,M60-64,,Open,South Africa,,,,,,
,1935,Carlos Rojas,M50-54,,Open,United States,,,,,,
,4789,Sheila Power,F60-64,,Female,Ireland,,,,,,
,783,Josh Eaton,M35-39,,Open,United States,,,,,,
,1138,Seth Barnes,M30-34,,Open,United States,,,,,,
,854,Jason Lentzke,M35-39,,Open,United States,32:13,,,,,
,4729,Nikki Leblanc,F30-34,,Female,Canada,,,,,,
,1960,Thomas WANIEWSKI,M50-54,,Open,United States,,,,,,
,4491,Lauren Krueger,F35-39,,Female,United States,,,,,,
,686,Colby Clinton,M35-39,,Open,United States,,,,,,
,4051,Emily Hippen,F40-44,,Female,United States,42:58,,,,,
,1492,Arturo Salas Ortiz,M60-64,,Open,Mexico,,,,,,
,300,Jakub Kulesza,M40-44,,Open,Poland,,,,,,
,5397,Shanna Veale,F45-49,,Female,United States,,,,,,
,834,Thomas Garvey,M35-39,,Open,United States,,,,,,
,5290,Brandi Alberts,F18-24,,Female,Australia,,,,,,
,1264,Roman Hofstetter,M30-34,,Open,Switzerland,,,,,,
,5066,Jennifer Ford,F50-54,,Female,United States,48:29,,,,,
,5333,Sayer Gunn,F45-49,,Female,United States,,,,,,
,2339,Robert Pollastro,M25-29,,Open,United States,,,,,,
,2935,Vaughn Cooper,M45-49,,Open,United States,,,,,,
,1587,Frank Green,M60-64,,Open,United States,,,,,,
,2198,Chris Liou,M50-54,,Open,United States,39:52,,,,,
,1546,Michael O'Hearn,M60-64,,Open,United States,2:44:26,,,,,
,4942,Cyndi Wells,F50-54,,Female,United States,,,,,,
,2689,Mark Jensen,M45-49,,Open,United States,2:00:56,,,,,
,5118,Ainslie Bakker,F25-29,,Female,Australia,,,,,,
,2515,Kenta Uchida,M18-24,,Open,Japan,,,,,,
