Place,Bib,Name,Age_Group,Group_Rank,Class,Club,Swim,T1,Bike,T2,Run,Finish
1,1,Jan Frodeno,MPRO,1,Open,Germany,48:02,1:52,4:29:00,2:02,2:45:34,8:06:30
2,2,Sebastian Kienle,MPRO,2,Open,Germany,52:27,2:12,4:23:55,2:25,2:49:03,8:10:02
3,20,Patrick Lange,MPRO,3,Open,Germany,48:57,2:00,4:37:49,2:43,2:39:45,8:11:14
4,21,Ben Hoffman,MPRO,4,Open,United States,48:55,1:58,4:28:06,2:16,2:51:45,8:13:00
5,16,Andi Boecherer,MPRO,5,Open,Afghanistan,48:10,2:27,4:28:07,2:36,2:52:05,8:13:25
6,8,Tim O'Donnell,MPRO,6,Open,United States,48:12,1:53,4:29:10,2:04,2:55:01,8:16:20
7,14,Boris Stein,MPRO,7,Open,Germany,54:10,1:55,4:23:04,2:28,2:55:19,8:16:56
8,27,Bart Aernouts,MPRO,8,Open,Belgium,53:58,2:09,4:32:37,3:02,2:48:44,8:20:30
9,44,Ivan Rana,MPRO,9,Open,Spain,48:52,2:13,4:38:13,2:16,2:50:17,8:21:51
10,12,Frederik Van Lierde,MPRO,10,Open,Belgium,48:49,2:07,4:35:33,2:09,2:53:21,8:21:59
11,4,Andy Potts,MPRO,11,Open,United States,48:02,1:56,4:35:46,2:55,2:56:56,8:25:35
12,17,Matt Russell,MPRO,12,Open,United States,54:02,1:39,4:33:08,2:39,2:54:24,8:25:52
13,32,David McNamee,MPRO,13,Open,United Kingdom,48:06,1:58,4:45:36,2:29,2:49:56,8:28:05
14,22,Marko Albert,MPRO,14,Open,Estonia,48:04,1:56,4:33:33,1:54,3:02:53,8:28:20
15,40,Ronnie Schildknecht,MPRO,15,Open,Switzerland,53:55,1:54,4:35:02,2:33,2:55:47,8:29:11
16,33,Jesse Thomas,MPRO,16,Open,United States,52:30,1:58,4:34:13,3:31,2:57:28,8:29:40
17,34,David Plese,MPRO,17,Open,Slovenia,52:33,2:27,4:31:05,3:01,3:02:59,8:32:05
18,18,Cyril Viennot,MPRO,18,Open,France,52:19,2:07,4:33:47,2:19,3:04:18,8:34:50
19,5,Timothy Van Berkel,MPRO,19,Open,Australia,48:57,1:59,4:48:11,3:06,2:53:14,8:35:27
20,35,Alessandro Degasperi,MPRO,20,Open,Italy,50:46,2:03,4:48:25,2:31,2:53:13,8:36:58
21,36,Ruedi Wild,MPRO,21,Open,Switzerland,48:59,1:56,4:37:41,3:48,3:05:02,8:37:26
22,42,Kirill Kotsegarov,MPRO,22,Open,Estonia,54:13,2:24,4:33:22,3:20,3:04:41,8:38:00
23,54,Denis Chevrot,MPRO,23,Open,France,48:05,1:57,4:41:44,2:29,3:05:43,8:39:58
24,19,David Dellow,MPRO,24,Open,Australia,48:58,1:56,4:38:36,2:38,3:08:16,8:40:24
25,28,Stefan Schmid,MPRO,25,Open,Germany,53:52,2:20,4:39:42,3:20,3:01:26,8:40:40
26,24,James Cunnama,MPRO,26,Open,South Africa,48:52,1:56,4:38:33,2:18,3:10:24,8:42:03
27,6,Eneko Llanos,MPRO,27,Open,Spain,48:56,2:07,4:30:48,2:16,3:18:18,8:42:25
28,31,Timo Bracht,MPRO,28,Open,Germany,50:06,1:48,4:48:40,2:18,3:00:45,8:43:37
29,7,Lionel Sanders,MPRO,29,Open,Canada,56:41,1:55,4:26:35,2:37,3:17:01,8:44:49
30,3,Brent McMahon,MPRO,30,Open,Canada,48:06,1:51,4:38:49,2:10,3:14:49,8:45:45
31,101,Daniela Ryf,FPRO,1,Female,Switzerland,52:50,2:16,4:52:26,2:23,2:56:51,8:46:46
32,49,Christian Kramer,MPRO,31,Open,Germany,48:49,2:09,4:37:40,3:05,3:15:19,8:47:02
33,37,Michael Weiss,MPRO,32,Open,Austria,54:03,2:24,4:25:51,3:15,3:24:21,8:49:54
34,43,Mauro Baertsch,MPRO,33,Open,Switzerland,54:07,2:21,4:46:34,2:44,3:08:30,8:54:16
35,1988,Lukas Kramer,M30-34,1,Open,Germany,54:30,2:10,4:53:39,2:30,3:02:35,8:55:24
36,50,Andrej Vistica,MPRO,34,Open,Croatia,57:02,2:10,4:52:20,2:37,3:01:59,8:56:08
37,29,Luke McKenzie,MPRO,35,Open,Australia,48:56,2:05,4:27:55,2:13,3:36:26,8:57:35
38,2239,Nathan Shearer,M25-29,1,Open,Australia,58:15,3:09,4:46:50,2:15,3:08:15,8:58:44
39,1899,Carlos Aznar Callego,M30-34,2,Open,Spain,1:00:41,2:06,4:56:57,2:56,2:56:17,8:58:57
40,1654,Christian Haupt,M35-39,1,Open,Germany,57:39,2:46,4:51:49,2:24,3:05:57,9:00:35
41,2027,Maarten Seghers,M30-34,3,Open,Belgium,58:19,2:40,4:54:32,2:33,3:02:38,9:00:42
42,1430,Daniel Stubleski,M40-44,1,Open,United States,1:00:59,2:22,4:46:55,2:19,3:10:50,9:03:25
43,1738,Alexandre Reinert,M35-39,2,Open,Hong Kong,54:52,2:37,4:50:05,2:19,3:13:40,9:03:33
44,1953,Ryan Giuliano,M30-34,4,Open,United States,59:51,2:59,5:00:52,2:16,2:57:39,9:03:37
45,1614,David Corredor Panadero,M35-39,3,Open,Spain,58:08,4:35,4:56:33,4:04,3:01:16,9:04:36
46,1601,James Burke,M35-39,4,Open,United States,50:27,2:43,4:56:15,3:52,3:11:32,9:04:49
47,1269,Steven Eccleston,M40-44,2,Open,Australia,58:05,3:23,5:01:24,2:34,3:00:49,9:06:15
48,59,Callum Millward,MPRO,36,Open,New Zealand,52:30,1:54,4:53:24,3:04,3:15:43,9:06:35
49,2194,Kristian Hogenhaug,M25-29,2,Open,Denmark,55:53,3:47,4:48:00,4:21,3:14:39,9:06:40
50,2174,Scott Cooper,M25-29,3,Open,Canada,1:00:50,2:54,4:49:49,3:23,3:10:33,9:07:29
51,51,Jordan Rapp,MPRO,37,Open,United States,52:34,2:03,4:35:03,2:56,3:35:13,9:07:49
52,1769,Stefan Leitner,M35-39,5,Open,Austria,55:53,3:51,4:58:08,4:40,3:05:26,9:07:58
53,1956,Andy Greenleaf,M30-34,5,Open,United Kingdom,1:01:00,2:44,4:59:12,3:10,3:02:21,9:08:27
54,1667,Martin Huhndorf,M35-39,6,Open,Germany,54:40,2:33,4:56:20,3:55,3:11:07,9:08:35
55,1897,Victor Arroyo Bugallo,M30-34,6,Open,Spain,58:05,2:42,5:07:15,5:07,2:55:32,9:08:41
56,1706,Frederik Mejlby,M35-39,7,Open,Denmark,1:01:49,3:21,4:58:29,3:25,3:02:16,9:09:20
57,56,Trevor Wurtele,MPRO,38,Open,Canada,53:36,1:53,4:38:40,2:22,3:32:59,9:09:30
58,1709,Jens Mueller,M35-39,8,Open,Germany,58:18,3:06,5:00:43,3:35,3:04:29,9:10:11
59,1296,Sam Gyde,M40-44,3,Open,Belgium,1:05:13,3:17,4:51:55,4:08,3:05:42,9:10:15
60,111,Mirinda Carfrae,FPRO,2,Female,Australia,56:44,2:07,5:10:54,2:25,2:58:20,9:10:30
61,1682,Sven Kunath,M35-39,9,Open,Germany,1:02:48,3:29,4:53:45,3:06,3:07:30,9:10:38
62,2160,Pedro Jose Andujar Bastida,M25-29,4,Open,Spain,55:41,2:41,4:54:07,2:51,3:15:43,9:11:03
63,2155,Frederik Andersen,M25-29,5,Open,Denmark,1:01:40,3:52,4:53:48,3:19,3:08:45,9:11:24
64,2211,Christopher Loose,M25-29,6,Open,Belgium,56:49,2:26,4:59:02,2:57,3:10:13,9:11:27
65,104,Heather Jackson,FPRO,3,Female,United States,58:56,2:06,5:00:31,2:11,3:07:48,9:11:32
66,1369,Stephane Mettier,M40-44,4,Open,France,59:51,3:33,4:53:37,3:08,3:11:32,9:11:41
67,1786,Kevin Van Oevelen,M35-39,10,Open,Belgium,54:30,3:05,5:03:04,4:19,3:06:49,9:11:47
68,1792,Gregory Verschuere,M35-39,11,Open,France,57:38,2:04,5:05:33,3:19,3:03:22,9:11:56
69,1700,Bryan McCrystal,M35-39,12,Open,Ireland,59:59,3:33,4:29:14,3:39,3:35:43,9:12:08
70,2024,Edward Schmitt,M30-34,7,Open,United States,58:13,2:50,4:55:44,2:34,3:14:16,9:13:37
71,1594,Alejandro Jose Boschian Romero,M35-39,13,Open,Venezuela,1:00:46,3:05,4:53:03,4:17,3:12:41,9:13:52
72,1372,Sebastien Moreau,M40-44,5,Open,France,1:04:51,4:40,4:56:19,3:51,3:04:32,9:14:13
73,115,Anja Beranek,FPRO,4,Female,Germany,52:51,2:01,5:00:42,2:17,3:16:35,9:14:26
74,1001,Bevan McKinnon,M45-49,1,Open,New Zealand,55:17,2:47,4:51:10,3:48,3:21:33,9:14:35
75,2231,Kristian Quintans Dominguez,M25-29,7,Open,Spain,57:54,3:10,4:56:44,3:53,3:13:54,9:15:35
76,109,Kaisa Lehtonen,FPRO,5,Female,Finland,58:55,1:52,5:08:54,2:43,3:03:16,9:15:40
77,976,Ulrich Konschak,M45-49,2,Open,Germany,1:00:06,3:01,5:04:06,6:17,3:02:13,9:15:43
78,1659,Alex Benjamin Higham,M35-39,14,Open,United Kingdom,54:31,4:08,4:51:24,2:48,3:22:59,9:15:50
79,1927,Romain Criado,M30-34,8,Open,France,55:27,3:12,5:04:35,3:45,3:08:54,9:15:53
80,1374,Garron Mosley,M40-44,6,Open,South Africa,54:39,3:01,5:01:29,2:59,3:14:35,9:16:43
81,1635,Xavier Fanovard,M35-39,15,Open,France,54:40,2:31,4:51:37,2:28,3:25:42,9:16:58
82,1782,Jon Unanue Ayerza,M35-39,16,Open,Spain,50:20,2:01,5:12:31,5:08,3:07:05,9:17:05
83,1789,Miklos Vatai,M35-39,17,Open,Hungary,1:02:29,2:45,5:00:11,4:46,3:07:01,9:17:12
84,2042,Richard Thompson,M30-34,9,Open,Australia,53:40,2:05,5:01:25,3:13,3:17:16,9:17:39
85,1574,Ivan Alvarez Gomez,M35-39,18,Open,Spain,55:56,3:04,5:00:42,3:13,3:14:51,9:17:46
86,2166,Ivan Caceres Lopez,M25-29,8,Open,Spain,52:55,2:13,5:10:33,4:03,3:08:15,9:17:59
87,1211,Christophe Argouet Noclain,M40-44,7,Open,France,59:32,2:46,4:56:59,2:42,3:16:27,9:18:26
88,45,Bertrand Billard,MPRO,39,Open,France,52:22,2:20,4:53:00,3:14,3:27:47,9:18:43
89,565,Bent Andersen,M50-54,1,Open,Denmark,56:17,2:48,5:01:05,3:47,3:14:54,9:18:51
90,2233,Tim Rea,M25-29,9,Open,Australia,53:02,2:27,4:58:47,3:12,3:21:28,9:18:56
91,116,Michelle Vesterby,FPRO,6,Female,Denmark,52:53,2:09,5:09:05,2:31,3:12:27,9:19:05
92,984,Christophe Lemery,M45-49,3,Open,France,1:03:43,2:57,4:56:59,2:57,3:12:39,9:19:15
93,1684,Markus Lichtenegger,M35-39,19,Open,Austria,1:05:11,3:15,5:01:37,4:07,3:05:13,9:19:23
94,1917,Jeremy Cochin,M30-34,10,Open,France,1:07:04,2:44,5:03:30,2:29,3:03:57,9:19:44
95,1235,Zachary Carr,M40-44,8,Open,United States,1:05:04,4:02,4:51:20,3:44,3:16:00,9:20:10
96,1785,Juan Valencia,M35-39,20,Open,Colombia,53:05,2:53,5:06:26,3:59,3:13:52,9:20:15
97,1742,Yann Rocheteau,M35-39,21,Open,France,1:00:56,4:10,5:09:49,3:43,3:01:52,9:20:30
98,1697,Bert Martens,M35-39,22,Open,Belgium,56:27,3:12,5:07:29,2:55,3:10:34,9:20:37
99,1991,Matthew Malone,M30-34,11,Open,United States,57:50,3:29,5:00:51,2:58,3:15:50,9:20:58
100,1280,Javier Garcia Gomez,M40-44,9,Open,Spain,1:03:47,3:18,4:49:45,3:38,3:20:44,9:21:12
101,1990,Joel Maley,M30-34,12,Open,Canada,1:07:51,3:51,5:00:32,2:57,3:06:16,9:21:27
102,1916,Matt Clark,M30-34,13,Open,Australia,52:58,2:56,5:03:58,2:25,3:19:41,9:21:58
103,1638,Antonio Ferreira Da Silva Neto,M35-39,23,Open,Brazil,53:33,2:19,5:03:40,3:18,3:19:17,9:22:07
104,1656,Cesar Henrique Dalquano,M35-39,24,Open,Brazil,57:13,2:55,5:07:22,3:49,3:10:52,9:22:11
105,1758,Marc Seiterle,M35-39,25,Open,Germany,1:00:42,4:44,5:05:02,4:41,3:07:07,9:22:16
106,1948,Alex Gajardo Sutherland,M30-34,14,Open,Chile,1:02:37,3:30,5:09:47,4:00,3:02:23,9:22:17
107,103,Sarah Piampiano,FPRO,7,Female,United States,1:02:42,2:24,5:07:29,2:52,3:07:04,9:22:31
108,2179,Pierre-Marc Doyon,M25-29,10,Open,Canada,50:17,1:58,5:05:10,3:43,3:21:26,9:22:34
109,1109,Peter Weiss,M45-49,4,Open,Denmark,59:40,2:51,4:54:31,3:23,3:22:17,9:22:42
110,2191,Jarrod Harvey,M25-29,11,Open,Australia,53:28,3:11,5:01:17,3:03,3:22:00,9:22:59
111,118,Asa Lundstrom,FPRO,8,Female,Sweden,1:02:04,2:18,5:09:46,2:09,3:06:42,9:22:59
112,1994,Thomas Marin,M30-34,15,Open,France,53:06,2:36,5:10:22,3:24,3:13:51,9:23:19
113,1772,Lars Petter Stormo,M35-39,26,Open,Norway,58:50,2:49,4:53:58,2:31,3:25:25,9:23:33
114,52,Harry Wiltshire,MPRO,40,Open,United Kingdom,48:00,1:51,5:00:47,2:15,3:31:25,9:24:18
115,1959,Rasmus Sondergaard Gronb K,M30-34,16,Open,Denmark,1:02:47,3:19,5:04:05,3:42,3:10:30,9:24:23
116,943,Achim Groenhagen,M45-49,5,Open,Germany,1:03:16,3:24,4:58:00,3:57,3:15:52,9:24:29
117,1895,Pablo Arce Diaz,M30-34,17,Open,Costa Rica,1:01:26,5:08,4:56:12,3:01,3:18:49,9:24:36
118,614,Pablo Escalas,M50-54,2,Open,Argentinia,57:52,2:50,5:08:59,3:30,3:11:30,9:24:41
119,1321,Yvain Jeanneret-Gris,M40-44,10,Open,Switzerland,1:02:23,4:07,5:03:24,3:47,3:11:01,9:24:42
120,1891,Runar Orn Agustsson,M30-34,18,Open,Iceland,1:01:18,3:31,4:52:30,2:27,3:25:06,9:24:52
121,1249,Pedro Cordovez,M40-44,11,Open,Panama,58:23,2:35,5:02:11,3:06,3:18:43,9:24:58
122,2018,Duncan Ross,M30-34,19,Open,Canada,1:05:00,3:59,5:03:57,3:34,3:08:30,9:25:00
123,2029,Romain Serveaux,M30-34,20,Open,France,1:02:10,3:27,5:02:59,2:30,3:14:00,9:25:06
124,39,William Clarke,MPRO,41,Open,United Kingdom,52:26,1:57,4:56:18,2:34,3:31:52,9:25:07
125,46,Joe Skipper,MPRO,42,Open,United Kingdom,54:11,2:15,4:49:58,4:29,3:34:14,9:25:07
126,1710,Ryan Miller,M35-39,27,Open,Australia,1:00:36,3:01,5:05:06,4:15,3:12:24,9:25:22
127,1578,Hayden Armstrong,M35-39,28,Open,Australia,53:53,4:04,5:00:27,3:36,3:23:34,9:25:34
128,1220,Manuel Berthelot,M40-44,12,Open,France,1:01:26,2:20,5:05:54,2:38,3:13:29,9:25:47
129,105,Lucy Gossage,FPRO,9,Female,United Kingdom,1:01:57,2:41,5:06:01,3:03,3:12:15,9:25:57
130,2038,Denis Sylvain,M30-34,21,Open,Belgium,1:06:00,3:12,4:52:12,3:11,3:21:28,9:26:03
131,2204,Andrew Kline,M25-29,12,Open,United States,57:52,2:48,5:06:43,4:08,3:14:38,9:26:09
132,1707,Francisco Sartore Mendes Perez,M35-39,29,Open,Brazil,59:49,4:20,4:57:25,6:26,3:18:21,9:26:21
133,1209,Lucas Antonetti,M40-44,13,Open,Argentinia,57:17,2:24,5:13:50,3:38,3:09:17,9:26:26
134,1597,Marc Brinkmann,M35-39,30,Open,Germany,59:42,2:46,5:03:11,3:03,3:17:52,9:26:34
135,1023,Dirk Niederau,M45-49,6,Open,Germany,53:08,2:59,4:51:06,3:20,3:36:11,9:26:44
136,1298,Danny Hannover,M40-44,14,Open,Germany,1:04:20,3:08,4:59:47,2:47,3:16:49,9:26:51
137,2362,Hans Christian Tungesvik,M18-24,1,Open,Norway,57:59,3:49,5:05:15,2:34,3:17:20,9:26:57
138,2053,Paul Wiedersehn,M30-34,22,Open,Australia,52:23,3:04,5:08:16,2:55,3:20:29,9:27:07
139,2172,Damien Collins,M25-29,13,Open,Australia,59:35,2:57,4:48:57,2:23,3:33:16,9:27:08
140,1896,Jose Antonio Arranz,M30-34,23,Open,Spain,59:45,2:53,5:09:59,4:27,3:10:06,9:27:10
141,2220,Philipp Mock,M25-29,14,Open,Germany,58:04,3:08,4:43:30,3:24,3:39:14,9:27:20
142,1692,Jose Lozano,M35-39,31,Open,Brazil,54:23,3:55,5:08:44,4:24,3:15:56,9:27:22
143,1315,Stefan Irion,M40-44,15,Open,Germany,1:02:22,3:08,5:04:20,2:49,3:14:48,9:27:27
144,1399,Rangel Rodrigues,M40-44,16,Open,Brazil,1:04:43,4:41,5:06:33,3:03,3:08:33,9:27:33
145,1902,Stephan Benedikt,M30-34,24,Open,Austria,57:47,4:38,4:58:02,3:07,3:24:00,9:27:34
146,2208,Felix Litters,M25-29,15,Open,Germany,1:00:52,3:03,5:02:10,4:13,3:17:19,9:27:37
147,1725,Ivan Ogorman,M35-39,32,Open,Ireland,1:08:02,3:57,5:10:56,4:16,3:00:31,9:27:42
148,1731,Raynard Picard,M35-39,33,Open,Mexico,1:05:55,2:59,5:01:42,4:43,3:12:26,9:27:45
149,1915,Vicenc Castella Serra,M30-34,25,Open,Spain,59:22,2:38,5:16:07,3:40,3:06:01,9:27:48
150,2230,Alexander Polzlbauer,M25-29,16,Open,Austria,1:04:39,2:14,4:54:35,2:33,3:23:52,9:27:53
151,2210,Lars Dupont Lomholt,M25-29,17,Open,Denmark,1:01:44,4:21,5:06:50,3:08,3:12:10,9:28:13
152,138,Carrie Lester,FPRO,10,Female,Australia,56:40,2:26,5:10:50,2:26,3:15:55,9:28:17
153,1939,Jackson Dovey,M30-34,26,Open,United States,53:00,2:20,5:02:46,3:19,3:27:06,9:28:31
154,1781,Alfredo Trujano Pichardo,M35-39,34,Open,Mexico,1:01:58,2:58,4:58:25,3:17,3:22:14,9:28:52
155,1425,Sebastien Stalder,M40-44,17,Open,France,59:20,2:41,4:53:46,3:06,3:30:04,9:28:57
156,2039,Alexandre Takenaka,M30-34,27,Open,Brazil,53:50,2:56,5:08:09,6:23,3:17:49,9:29:07
157,2009,Mathieu Perget,M30-34,28,Open,France,1:05:38,3:18,4:52:45,3:24,3:24:12,9:29:17
158,1931,Derk De Korver,M30-34,29,Open,Netherlands,1:00:00,2:48,5:09:21,3:06,3:14:09,9:29:24
159,1743,Stijn Roelens,M35-39,35,Open,Belgium,57:58,2:57,5:01:26,3:42,3:23:29,9:29:32
160,561,Mathieu Aguerre,M50-54,3,Open,France,57:40,3:36,5:12:11,4:24,3:11:56,9:29:47
161,2007,Jesse O'Donnell,M30-34,30,Open,United States,59:06,3:19,5:02:43,3:53,3:20:50,9:29:51
162,1947,Benjamin Fuqua,M30-34,31,Open,United States,55:58,5:15,5:07:25,4:17,3:17:10,9:30:05
163,2030,Samuel Silva,M30-34,32,Open,Brazil,1:02:02,2:47,5:22:25,2:36,3:00:23,9:30:13
164,1584,Juan Bastida Ramirez,M35-39,36,Open,Spain,1:04:58,2:51,4:57:20,2:19,3:22:49,9:30:17
165,1234,Olivier Cardoen,M40-44,18,Open,Belgium,55:52,2:38,5:00:44,3:51,3:27:29,9:30:34
166,1722,Vaughn Nelson,M35-39,37,Open,United States,1:04:24,3:27,4:49:06,3:05,3:30:39,9:30:41
167,1689,Edgar Lopez Jimenez,M35-39,38,Open,Mexico,50:25,3:00,5:15:45,4:34,3:17:11,9:30:55
168,977,Tomaz Kovac,M45-49,7,Open,Slovenia,1:01:45,3:38,5:06:06,3:17,3:16:13,9:30:59
169,2339,Kristian Hindkjaer,M18-24,2,Open,Denmark,57:22,4:08,4:56:11,3:49,3:29:35,9:31:05
170,110,Camilla Pedersen,FPRO,11,Female,Denmark,52:50,2:01,5:13:05,2:37,3:20:42,9:31:15
171,1890,Sven Abbing,M30-34,33,Open,Germany,59:53,2:42,4:56:35,3:00,3:29:06,9:31:16
172,1329,Steve Johnson,M40-44,19,Open,United States,1:02:15,3:58,5:09:06,3:28,3:12:32,9:31:19
173,1976,Bjorn Soren Laibacher,M30-34,34,Open,Germany,58:48,2:58,5:01:09,3:36,3:24:55,9:31:26
174,2201,Andreas Jung,M25-29,18,Open,Germany,52:54,2:11,5:07:08,2:33,3:26:48,9:31:34
175,847,Philippe Anthony,M45-49,8,Open,France,1:01:56,4:11,5:04:31,3:17,3:17:50,9:31:45
176,1679,Alexandre Klein,M35-39,39,Open,France,1:00:03,3:16,5:04:32,4:30,3:19:24,9:31:45
177,2169,Alexander Chikin,M25-29,19,Open,United Kingdom,57:15,4:41,5:12:35,6:09,3:11:16,9:31:56
178,1602,Paul Burton,M35-39,40,Open,United Kingdom,59:00,2:31,4:57:33,2:45,3:30:18,9:32:07
179,2031,Julien Sola,M30-34,35,Open,France,55:49,2:34,5:11:35,3:01,3:19:10,9:32:09
180,1275,Miguel Minino Fernandez,M40-44,20,Open,Spain,1:07:10,2:28,5:04:49,3:22,3:14:22,9:32:11
181,2054,Adam Wilson,M30-34,36,Open,New Zealand,54:59,3:41,5:00:59,3:39,3:28:55,9:32:13
182,2237,Elias Schipperges,M25-29,20,Open,Germany,56:00,3:01,5:05:59,4:48,3:22:28,9:32:16
183,2341,Ivan Kharin,M18-24,3,Open,Russia,1:03:36,3:53,5:00:37,2:43,3:21:32,9:32:21
184,1439,Alessandro Tomaiuolo,M40-44,21,Open,Italy,57:53,3:28,5:09:50,3:45,3:17:27,9:32:23
185,1952,Bradley Gionet,M30-34,37,Open,Canada,53:44,3:21,5:20:05,2:39,3:12:37,9:32:26
186,1797,Martin Welti,M35-39,41,Open,Switzerland,1:02:23,2:28,4:54:53,4:07,3:28:43,9:32:34
187,1788,Fernando Vargas Garibi,M35-39,42,Open,Mexico,1:01:28,4:21,5:10:39,2:23,3:13:55,9:32:46
188,125,Heather Wurtele,FPRO,12,Female,Canada,56:43,1:57,5:11:23,3:02,3:19:46,9:32:51
189,1901,Matt Bender,M30-34,38,Open,United States,57:21,4:53,4:52:05,3:47,3:34:50,9:32:56
190,1285,Guillaume Gillodts,M40-44,22,Open,France,55:10,2:21,5:08:18,3:08,3:24:04,9:33:01
191,1967,Michael Jentges,M30-34,39,Open,Germany,1:05:32,3:12,5:08:59,3:36,3:11:48,9:33:07
192,1985,Gregory Lindquist,M30-34,40,Open,United States,59:50,2:56,5:01:32,4:51,3:24:10,9:33:19
193,1214,Juan Antonio Barbudo Herrera,M40-44,23,Open,Spain,58:00,3:01,5:16:44,2:48,3:12:51,9:33:24
194,2159,Reece Barclay,M25-29,21,Open,United Kingdom,50:14,2:50,5:12:24,3:58,3:24:03,9:33:29
195,1258,Ivan Roberto De Campos Albano Jr,M40-44,24,Open,Brazil,57:58,3:38,5:00:44,4:16,3:26:56,9:33:32
196,1432,Karel Sumbal,M40-44,25,Open,Czech Republic,1:08:36,3:12,5:07:27,4:10,3:10:08,9:33:33
197,888,Damien Coad,M45-49,9,Open,Australia,1:03:50,2:51,5:10:10,3:12,3:13:36,9:33:39
198,1104,Kim Visby,M45-49,10,Open,Denmark,1:01:30,3:44,4:52:46,3:55,3:31:49,9:33:44
199,615,Niclas Fagrell,M50-54,4,Open,Sweden,53:07,2:56,5:01:03,3:15,3:33:25,9:33:46
200,2013,Kevin Portmann,M30-34,41,Open,United States,58:06,2:41,4:53:03,3:13,3:36:47,9:33:50
201,127,Linsey Corbin,FPRO,13,Female,United States,1:01:52,2:35,5:11:50,3:03,3:14:31,9:33:51
202,1290,Jose Graca,M40-44,26,Open,Brazil,57:47,4:05,5:05:49,3:19,3:22:53,9:33:53
203,881,Pedro Luiz Cerize,M45-49,11,Open,Brazil,1:02:03,5:01,5:01:48,4:50,3:20:17,9:33:59
204,2199,Mads Bang Jensen,M25-29,22,Open,Denmark,59:05,3:26,5:03:15,4:04,3:24:22,9:34:12
205,2195,Simon Holzapfel,M25-29,23,Open,Germany,1:01:18,2:44,5:12:48,3:10,3:14:21,9:34:21
206,1726,Guillermo Olcina,M35-39,43,Open,Spain,1:00:56,2:43,5:01:29,3:19,3:26:11,9:34:38
207,902,Stephen Day,M45-49,12,Open,United Kingdom,1:05:15,3:50,5:06:47,4:10,3:14:47,9:34:49
208,2033,Adam Stenman,M30-34,42,Open,Sweden,1:08:09,3:28,5:04:41,3:37,3:15:00,9:34:55
209,2161,Florian Bauer,M25-29,24,Open,Germany,53:39,3:14,5:05:55,4:34,3:27:41,9:35:03
210,1620,Marcelino De Miranda Pinto,M35-39,44,Open,Brazil,55:53,3:48,5:08:36,4:18,3:22:32,9:35:07
211,2180,Brian Duffy,M25-29,25,Open,United States,52:04,2:40,4:57:56,2:37,3:39:57,9:35:14
212,2196,Matthew Jackson,M25-29,26,Open,Australia,53:01,3:28,5:08:17,3:11,3:27:26,9:35:23
213,2349,Mikkel Mortensen,M18-24,4,Open,Denmark,58:20,2:50,5:05:17,2:42,3:26:29,9:35:38
214,2178,Nathan Dortmann,M25-29,27,Open,France,57:38,2:46,4:59:20,3:49,3:32:05,9:35:38
215,893,Graham Cooper,M45-49,13,Open,United States,1:03:05,3:11,5:02:21,3:02,3:24:00,9:35:39
216,2224,Mikkel Hojborg Olsen,M25-29,28,Open,Denmark,1:00:29,2:50,4:56:16,3:44,3:32:20,9:35:39
217,2234,Rodrigo Romero Garcia De La Cadena,M25-29,29,Open,Mexico,57:15,3:33,5:12:18,5:11,3:17:26,9:35:43
218,2010,Rene Pfaffner,M30-34,43,Open,Germany,1:03:50,3:21,5:08:20,4:03,3:16:20,9:35:54
219,1247,Kevin Coady,M40-44,27,Open,United States,1:04:02,3:46,4:56:29,4:45,3:27:13,9:36:15
220,2152,Christopher Allen,M25-29,30,Open,United States,1:06:43,4:02,5:08:41,4:23,3:12:32,9:36:21
221,1755,Florian Schedlbauer,M35-39,45,Open,Germany,56:06,2:48,5:10:55,3:26,3:23:29,9:36:44
222,2043,Guillaume Tisserand,M30-34,44,Open,France,55:48,3:30,5:06:26,4:53,3:26:09,9:36:46
223,2048,Marcio Verissimo,M30-34,45,Open,Brazil,1:01:54,3:11,4:51:21,3:32,3:36:50,9:36:48
224,917,Brett Dunstan,M45-49,14,Open,Australia,1:03:07,2:39,5:07:27,4:52,3:18:45,9:36:50
225,1349,Jean-Christophe Leclercq,M40-44,28,Open,France,1:02:41,5:17,4:59:28,4:09,3:25:23,9:36:58
226,1754,Jeff Scarella,M35-39,46,Open,United States,55:46,3:02,5:02:46,4:07,3:31:22,9:37:03
227,1640,Quentin Fogarty,M35-39,47,Open,New Zealand,55:39,3:20,5:00:48,5:02,3:32:16,9:37:05
228,1345,James Lambert,M40-44,29,Open,Australia,57:27,3:23,5:08:52,2:50,3:24:51,9:37:23
229,1387,Ronan Pavoni,M40-44,30,Open,Panama,57:51,2:30,5:02:49,2:44,3:31:33,9:37:27
230,2012,Peter Pichnoff,M30-34,46,Open,Brazil,55:14,3:00,5:01:36,3:34,3:34:06,9:37:30
231,1784,Pablo Ureta,M35-39,48,Open,Argentinia,55:43,2:06,5:09:13,4:33,3:26:14,9:37:49
232,1644,Sebastian Gisbert,M35-39,49,Open,Germany,59:29,3:12,5:11:05,3:57,3:20:19,9:38:02
233,1444,Joaquin Valverde,M40-44,31,Open,Spain,1:05:11,3:10,5:03:57,3:06,3:22:48,9:38:12
234,1368,Jaime Menendez De Luarca,M40-44,32,Open,Spain,54:18,2:52,5:03:07,3:51,3:34:07,9:38:15
235,1406,Bryan Rusche,M40-44,33,Open,Canada,1:12:32,3:19,5:02:27,3:46,3:16:21,9:38:25
236,1629,Jed Eden,M35-39,50,Open,New Zealand,57:56,3:41,5:06:13,3:50,3:26:51,9:38:31
237,1622,Kenny De Sousa Alvas,M35-39,51,Open,Brazil,57:59,3:51,5:07:45,5:19,3:23:42,9:38:36
238,973,Michael Kirch,M45-49,15,Open,Belgium,1:08:14,2:58,5:05:05,3:24,3:19:03,9:38:44
239,1693,Christian Malmstrom,M35-39,52,Open,Sweden,1:03:09,2:26,5:18:21,3:11,3:11:42,9:38:49
240,2335,Alexander Geddes,M18-24,5,Open,New Zealand,1:01:36,4:56,5:08:55,4:59,3:18:26,9:38:52
241,113,Mary Beth Ellis,FPRO,14,Female,United States,52:49,2:20,5:07:30,2:31,3:33:42,9:38:52
242,2058,Paul Wust,M30-34,47,Open,Switzerland,58:25,4:02,5:03:54,4:12,3:28:27,9:39:00
243,1591,Daniel Biazoto,M35-39,53,Open,Brazil,54:28,3:22,5:08:40,3:13,3:29:27,9:39:10
244,1945,Henning Frey,M30-34,48,Open,Germany,1:02:56,3:13,5:06:58,3:01,3:23:06,9:39:14
245,1943,Boris Fluher,M30-34,49,Open,Slovenia,59:47,3:51,5:14:41,3:07,3:17:55,9:39:21
246,1364,Owen Martin,M40-44,34,Open,Ireland,1:04:58,4:00,4:53:23,5:37,3:31:37,9:39:35
247,1729,Matias Palavecino,M35-39,54,Open,United States,57:58,2:34,5:12:20,3:07,3:23:48,9:39:47
248,1666,Alan Horton,M35-39,55,Open,United States,1:02:30,4:32,5:18:09,5:05,3:09:46,9:40:02
249,1728,Sandro Ottoboni,M35-39,56,Open,Brazil,56:52,3:26,5:20:07,3:45,3:16:00,9:40:10
250,1590,Maik Bernhardt,M35-39,57,Open,Germany,59:43,2:43,5:10:16,3:42,3:23:54,9:40:18
251,1624,David Diaz,M35-39,58,Open,Venezuela,1:02:50,2:54,5:02:46,2:51,3:28:59,9:40:20
252,1746,Balazs Ronaszeki,M35-39,59,Open,Hungary,1:01:06,4:50,5:16:43,5:05,3:12:40,9:40:24
253,636,Pierre Heynemand,M50-54,5,Open,Canada,58:02,2:52,5:04:20,3:26,3:31:45,9:40:25
254,2167,James Capparell,M25-29,31,Open,United States,50:32,2:16,5:06:57,4:17,3:36:31,9:40:33
255,2228,Bruno Pinheiro Manzoni,M25-29,32,Open,Brazil,1:05:08,3:41,5:05:57,3:50,3:22:11,9:40:47
256,2315,Svenja Thoes,F25-29,1,Female,Germany,1:01:29,2:55,5:20:05,2:37,3:13:42,9:40:48
257,2047,Niels Vande Casteele,M30-34,50,Open,Belgium,1:02:42,4:22,5:02:01,3:07,3:28:46,9:40:58
258,1999,Robert Mohr,M30-34,51,Open,United States,59:49,3:24,5:21:06,3:23,3:13:34,9:41:16
259,1987,Ignacio Lopez Mancisidor,M30-34,52,Open,Spain,59:49,3:43,5:05:24,3:20,3:29:11,9:41:27
260,1675,Simon Johnson,M35-39,60,Open,Australia,1:01:13,3:50,5:01:35,3:28,3:31:30,9:41:36
261,1652,Peter Hardcastle,M35-39,61,Open,Australia,55:41,2:17,5:01:12,4:07,3:38:23,9:41:40
262,1627,Thomas Durey,M35-39,62,Open,France,54:27,3:18,5:07:04,3:09,3:33:52,9:41:50
263,1361,Klaus Marcel,M40-44,35,Open,Switzerland,1:06:23,3:22,4:51:57,5:57,3:34:19,9:41:58
264,2216,Bob Martens,M25-29,33,Open,Netherlands,55:45,4:01,4:59:09,5:11,3:37:59,9:42:05
265,2187,Jacob Gilden,M25-29,34,Open,United States,1:02:56,5:28,5:18:55,4:22,3:10:27,9:42:08
266,1966,Jason Jacobs,M30-34,53,Open,United States,59:54,4:30,5:05:19,4:55,3:27:37,9:42:15
267,1971,Robert Kores,M30-34,54,Open,Germany,1:00:08,3:36,5:02:10,5:05,3:31:16,9:42:15
268,1978,Marc-Antoine Langlois,M30-34,55,Open,Canada,1:01:54,2:52,5:00:14,4:33,3:32:49,9:42:22
269,2252,Nicolas Uribe,M25-29,35,Open,Colombia,54:15,2:36,4:58:04,3:11,3:44:21,9:42:27
270,2008,Miguel Olarte Uribe,M30-34,56,Open,Colombia,57:10,4:04,5:11:36,4:10,3:25:27,9:42:27
271,2016,Sean Richardson,M30-34,57,Open,Australia,57:41,3:16,5:08:20,3:55,3:29:19,9:42:31
272,690,Mark Newman,M50-54,6,Open,United States,54:57,3:17,5:15:58,5:02,3:23:19,9:42:33
273,122,Sarah Crowley,FPRO,15,Female,Australia,58:58,2:07,5:13:54,2:39,3:24:56,9:42:34
274,1908,Alex Bramer,M30-34,58,Open,Germany,59:53,2:46,5:13:42,3:28,3:23:02,9:42:51
275,1598,Greg Brown,M35-39,63,Open,United States,58:07,3:56,5:08:34,3:02,3:29:16,9:42:55
276,2051,Brett Weick,M30-34,59,Open,Australia,57:32,3:46,5:11:40,3:42,3:26:19,9:42:59
277,1596,Christopher Boyle,M35-39,64,Open,Australia,2:04:34,,5:06:24,4:23,3:36:08,9:43:05
278,1911,Duncan Bullock,M30-34,60,Open,United Kingdom,1:06:59,3:54,5:18:23,6:19,3:07:32,9:43:07
279,114,Lisa Roberts,FPRO,16,Female,United States,1:05:04,2:46,5:25:50,2:56,3:06:35,9:43:11
280,1094,Roger Thompson,M45-49,16,Open,United States,56:56,5:27,5:04:24,3:05,3:33:22,9:43:14
281,1922,Sean Cooley,M30-34,61,Open,United States,58:08,2:36,5:00:11,3:29,3:39:02,9:43:26
282,1658,Mark Higgins,M35-39,65,Open,Ireland,53:51,3:42,5:04:07,5:12,3:36:41,9:43:33
283,1647,David Green,M35-39,66,Open,United Kingdom,1:10:30,2:36,4:59:06,2:56,3:28:29,9:43:37
284,596,Renaud De Pury,M50-54,7,Open,Switzerland,1:01:41,4:06,5:02:35,4:43,3:30:39,9:43:44
285,1727,Olivier Lyoen,M35-39,67,Open,France,55:50,2:34,5:11:50,3:52,3:29:40,9:43:46
286,1910,Luke Browne,M30-34,62,Open,Australia,1:03:43,3:10,5:03:00,4:05,3:29:49,9:43:47
287,1583,Demian Barrenstein,M35-39,68,Open,Germany,55:10,4:51,5:05:46,3:25,3:34:39,9:43:51
288,2156,Gustavo Araujo Santos,M25-29,36,Open,Brazil,53:07,3:41,5:12:25,3:34,3:31:16,9:44:03
289,136,Dimity-Lee Duke,FPRO,17,Female,Australia,1:01:49,2:35,5:15:21,2:53,3:21:25,9:44:03
290,783,Stephane Guex,M45-49,17,Open,Switzerland,58:16,4:01,5:04:40,5:28,3:31:44,9:44:09
291,1676,Brad Jones,M35-39,69,Open,Australia,56:52,3:53,5:11:41,3:32,3:28:20,9:44:18
292,926,Jeff Fieldhack,M45-49,18,Open,United States,1:02:21,3:12,5:10:12,3:23,3:25:13,9:44:21
293,1961,Leandro Guerriere,M30-34,63,Open,Brazil,57:00,3:07,5:09:04,5:17,3:30:03,9:44:31
294,2344,Andre Lopes,M18-24,6,Open,Brazil,54:12,2:49,5:07:47,3:08,3:36:40,9:44:36
295,143,Michaela Herlbauer,FPRO,18,Female,Austria,58:22,2:24,5:22:22,3:00,3:18:28,9:44:36
296,2255,Matti Weitz,M25-29,37,Open,Germany,1:02:56,2:46,4:59:53,2:53,3:36:08,9:44:36
297,957,Frank Horlacher,M45-49,19,Open,Germany,59:36,3:20,5:05:12,2:53,3:34:02,9:45:03
298,2219,Tim Mercy,M25-29,38,Open,Belgium,1:05:14,4:17,5:17:43,4:33,3:13:21,9:45:08
299,1932,Andy De Sousa,M30-34,64,Open,Venezuela,1:05:06,3:15,5:04:45,4:26,3:27:41,9:45:13
300,1003,Bob McRae,M45-49,20,Open,United States,1:02:02,7:16,4:59:31,3:13,3:33:19,9:45:21
301,1730,Enrico Pastore,M35-39,70,Open,Italy,52:56,3:23,5:25:06,2:37,3:21:21,9:45:23
302,963,Bruno Invernizzi,M45-49,21,Open,Switzerland,55:32,2:17,5:21:39,2:49,3:23:09,9:45:26
303,1392,Ralf Preissl,M40-44,36,Open,Germany,1:00:01,2:31,5:07:46,3:25,3:31:58,9:45:41
304,1907,Lesly Bove,M30-34,65,Open,Belgium,59:30,3:07,5:04:00,3:36,3:35:46,9:45:59
305,2346,Juuso Manninen,M18-24,7,Open,Finland,53:40,2:40,5:03:45,3:03,3:42:57,9:46:05
306,1394,Massimiliano Radi,M40-44,37,Open,Italy,56:59,4:21,5:08:00,2:55,3:34:02,9:46:17
307,1639,Mario Fink,M35-39,71,Open,Austria,54:23,2:41,4:53:56,2:54,3:52:24,9:46:18
308,1958,Nathan Groch,M30-34,66,Open,Australia,57:03,4:32,5:16:21,4:13,3:24:11,9:46:20
309,2235,Davide Rossetti,M25-29,39,Open,Italy,1:01:13,4:21,5:10:49,5:42,3:24:19,9:46:24
310,741,Richard Sweet,M50-54,8,Open,United States,59:32,2:52,5:08:08,5:01,3:30:54,9:46:27
311,1343,Muzaffer Kuvvet,M40-44,38,Open,Turkey,1:02:56,4:28,5:13:24,4:49,3:20:55,9:46:32
312,1930,Sam De Bruyn,M30-34,67,Open,Belgium,1:04:46,3:33,4:58:53,3:17,3:36:05,9:46:34
313,2041,Christian Thatje,M30-34,68,Open,Denmark,53:42,2:24,5:09:51,4:21,3:36:20,9:46:38
314,2218,Carson McDaniel,M25-29,40,Open,United States,51:58,2:41,5:11:28,4:02,3:36:38,9:46:47
315,137,Alexandra Tondeur,FPRO,19,Female,Belgium,1:01:52,2:25,5:22:24,3:12,3:16:56,9:46:49
316,1580,Christian Auer,M35-39,72,Open,Austria,1:02:20,3:17,5:26:17,3:56,3:11:02,9:46:52
317,1683,Heiko Lewanzik,M35-39,73,Open,Germany,57:33,2:35,5:10:03,3:49,3:32:54,9:46:54
318,999,Craig McGuigan,M45-49,22,Open,Australia,55:55,2:31,5:07:41,2:42,3:38:10,9:46:59
319,2154,Hugo Amaral Horta Barbosa,M25-29,41,Open,Brazil,53:03,2:57,5:15:34,4:16,3:31:14,9:47:04
320,1768,Michael Starkey,M35-39,74,Open,United States,59:20,3:25,5:10:19,4:47,3:29:15,9:47:06
321,2049,Raphael Vorpe,M30-34,69,Open,Switzerland,1:02:24,4:21,5:06:03,2:34,3:31:46,9:47:08
322,2246,Adolf Stoeger,M25-29,42,Open,Austria,59:49,3:24,5:21:14,4:53,3:17:48,9:47:08
323,1770,Markus Stengl,M35-39,75,Open,Germany,1:01:26,4:56,5:01:36,4:24,3:34:48,9:47:10
324,1783,Ricardo Urbina,M35-39,76,Open,United States,1:04:03,2:42,5:01:41,3:50,3:34:56,9:47:12
325,1933,Bonieck De Souza Clemente,M30-34,70,Open,Brazil,53:37,3:04,5:17:06,5:11,3:28:23,9:47:21
326,1965,Michal Holub,M30-34,71,Open,Slovakia,1:06:39,3:03,5:21:00,3:54,3:12:49,9:47:25
327,1703,Ross McLynn,M35-39,77,Open,Ireland,1:03:42,4:16,5:17:28,6:05,3:16:14,9:47:45
328,2361,Alexis Tissot,M18-24,8,Open,France,53:12,2:26,5:10:29,4:24,3:37:15,9:47:46
329,570,Graham Baxter,M50-54,9,Open,United Kingdom,57:56,3:10,4:55:43,4:24,3:46:54,9:48:07
330,1934,Jean Eudes Demaret,M30-34,72,Open,France,59:55,3:57,4:47:23,4:16,3:52:40,9:48:11
331,1603,Todd Byers,M35-39,78,Open,United States,1:09:13,4:23,5:01:00,4:18,3:29:21,9:48:15
332,139,Jodie Robertson,FPRO,20,Female,United States,1:05:09,3:03,5:23:45,3:04,3:13:19,9:48:20
333,1760,Richard Shephard,M35-39,79,Open,United Kingdom,1:02:23,3:15,5:10:12,4:04,3:28:38,9:48:32
334,131,Tine Holst,FPRO,21,Female,Denmark,1:05:12,2:14,5:22:12,2:50,3:16:15,9:48:43
335,601,Josef Diepold,M50-54,10,Open,Germany,1:03:03,3:15,4:58:48,3:43,3:40:00,9:48:49
336,2226,Gareth Petts,M25-29,43,Open,United Kingdom,1:03:59,3:23,5:16:39,3:13,3:21:35,9:48:49
337,1311,Andy Hockey,M40-44,39,Open,United Kingdom,1:01:13,4:14,4:59:09,3:21,3:41:14,9:49:11
338,2000,Carlos Moncada,M30-34,73,Open,Costa Rica,57:42,3:14,5:06:52,2:59,3:38:29,9:49:16
339,108,Jodie Swallow,FPRO,22,Female,United Kingdom,52:47,2:17,5:09:05,2:17,3:42:56,9:49:22
340,1986,Rodrigo Lobo,M30-34,74,Open,Brazil,53:36,3:11,5:18:36,5:39,3:28:27,9:49:29
341,2045,Ilkka Utriainen,M30-34,75,Open,Finland,59:59,2:59,5:17:04,5:14,3:24:18,9:49:34
342,1942,Bradley Fleming,M30-34,76,Open,South Africa,1:05:07,2:58,5:04:49,3:34,3:33:06,9:49:34
343,1938,Rene Doermbach,M30-34,77,Open,Germany,55:45,2:45,5:18:50,6:03,3:26:21,9:49:44
344,2242,Peter Smith,M25-29,44,Open,Australia,58:01,2:25,4:57:16,2:41,3:49:35,9:49:58
345,1686,Roy Liu,M35-39,80,Open,United States,1:00:46,4:18,4:59:48,5:48,3:39:27,9:50:07
346,2019,Dominik Rue,M30-34,78,Open,Germany,59:03,3:34,5:09:08,4:33,3:34:10,9:50:28
347,1894,Filipe Albuquerque Aragao,M30-34,79,Open,Brazil,1:05:16,3:33,5:12:45,4:41,3:24:20,9:50:35
348,1034,Greg Penner,M45-49,23,Open,United States,55:48,3:48,5:11:54,3:37,3:35:35,9:50:42
349,2223,James Nellany,M25-29,45,Open,United Kingdom,1:00:00,4:41,5:24:23,6:20,3:15:24,9:50:48
350,1964,Haukur Heimisson,M30-34,80,Open,United Kingdom,54:08,3:17,5:19:31,3:11,3:30:41,9:50:48
351,2059,Shinji Yamamoto,M30-34,81,Open,Japan,1:02:09,5:06,5:14:25,3:39,3:25:30,9:50:49
352,2176,Kevin Denny,M25-29,46,Open,United States,55:14,3:54,5:22:47,4:40,3:24:20,9:50:55
353,840,Richard Albrow,M45-49,24,Open,United States,1:00:07,3:09,5:11:58,5:44,3:30:03,9:51:01
354,1224,Jonathan Bottoms,M40-44,40,Open,United States,58:42,4:11,5:10:23,4:08,3:33:52,9:51:16
355,1951,Luke Gillmer,M30-34,82,Open,Australia,53:26,2:58,5:10:45,4:31,3:39:38,9:51:18
356,1913,Mikel Calahorra,M30-34,83,Open,Bahrain,53:49,2:26,5:05:19,5:19,3:44:28,9:51:21
357,1717,Hans Muhlbauer,M35-39,81,Open,Germany,54:32,2:34,5:17:42,4:18,3:32:17,9:51:23
358,124,Alicia Kaye,FPRO,23,Female,United States,52:49,2:20,5:12:54,2:52,3:40:30,9:51:25
359,1366,Iain Mc Gregor,M40-44,41,Open,South Africa,57:52,3:59,5:11:37,5:22,3:32:45,9:51:35
360,1984,Ryan Linden,M30-34,84,Open,United States,56:57,4:00,5:26:08,5:53,3:18:50,9:51:48
361,2022,Brian Schaning,M30-34,85,Open,United States,52:45,2:47,5:09:41,3:24,3:43:22,9:51:59
362,2108,Martina Kunz,F30-34,1,Female,Switzerland,1:02:42,2:58,5:16:15,2:59,3:27:14,9:52:08
363,1924,Paul Cowling,M30-34,86,Open,United Kingdom,53:50,3:14,5:10:51,4:45,3:39:28,9:52:08
364,142,Laurel Wassner,FPRO,24,Female,United States,52:52,2:30,5:29:15,3:14,3:24:17,9:52:08
365,1106,Edward Walker,M45-49,25,Open,United States,1:01:08,3:11,5:17:29,2:55,3:27:29,9:52:12
366,1252,Rodrigo Cuccaro,M40-44,42,Open,Argentinia,1:00:52,2:50,5:07:46,2:56,3:37:54,9:52:18
367,1288,Carlos Enrique Gonzalez Castillejos,M40-44,43,Open,Spain,1:06:33,3:44,5:32:05,4:17,3:05:42,9:52:21
368,1044,Thorsten Quellmalz,M45-49,26,Open,Germany,59:52,5:49,5:08:22,4:44,3:33:44,9:52:31
369,2185,Moritz Flader,M25-29,47,Open,Germany,1:12:17,3:17,5:13:34,3:08,3:20:19,9:52:35
370,1318,Nathan Jackson,M40-44,44,Open,Australia,1:00:46,4:47,5:02:07,6:16,3:38:43,9:52:39
371,1410,Jesus Sanchez,M40-44,45,Open,Spain,1:01:52,3:22,4:59:58,3:47,3:43:47,9:52:46
372,1241,Philippe Chevrier,M40-44,46,Open,Switzerland,1:10:16,2:31,5:23:18,3:52,3:12:51,9:52:48
373,911,Dominique Robert,M45-49,27,Open,France,1:06:41,2:33,5:22:38,3:06,3:17:54,9:52:52
374,2247,Todd Sukolsky,M25-29,48,Open,United States,55:56,2:50,5:15:03,4:56,3:34:10,9:52:55
375,903,Herve De Pury,M45-49,28,Open,Switzerland,1:15:07,5:08,5:06:51,2:58,3:23:02,9:53:06
376,1460,Zbysek Jaros,M40-44,47,Open,Czech Republic,1:01:03,2:32,5:16:57,4:37,3:28:00,9:53:09
377,1960,David Grosspietsch,M30-34,87,Open,Germany,1:00:05,2:48,5:21:42,4:43,3:24:03,9:53:21
378,1671,Cedric Jabeur,M35-39,82,Open,France,53:46,3:56,5:26:16,2:56,3:26:36,9:53:30
379,1413,Rodney Scott,M40-44,48,Open,United States,1:06:32,2:38,5:00:05,3:33,3:40:46,9:53:34
380,1403,Fuad Rugovac,M40-44,49,Open,Germany,1:01:35,2:25,5:08:45,3:38,3:37:21,9:53:44
381,1920,Guy Constant,M30-34,88,Open,Australia,1:02:40,3:55,5:08:16,3:43,3:35:14,9:53:48
382,948,Fredrik Hallsten,M45-49,29,Open,Sweden,1:09:08,2:10,5:19:21,2:25,3:20:51,9:53:55
383,1914,Aidan Callaghan,M30-34,89,Open,Ireland,54:05,4:06,5:07:57,4:29,3:43:29,9:54:06
384,2046,Mike Vanacora,M30-34,90,Open,United States,55:43,3:17,5:25:30,3:27,3:26:12,9:54:09
385,1219,Jeremy Behler,M40-44,50,Open,United States,1:02:01,3:05,5:22:14,3:33,3:23:17,9:54:10
386,1946,Taku Fujiwara,M30-34,91,Open,Japan,1:11:01,3:47,5:37:50,3:45,2:57:52,9:54:15
387,1232,Nicholas Buss,M40-44,51,Open,United Kingdom,1:08:29,3:36,5:16:05,4:29,3:21:42,9:54:21
388,2236,Sven Schauerhammer,M25-29,49,Open,Germany,1:06:35,3:20,5:29:17,2:40,3:12:32,9:54:24
389,1572,Jon Albizuri,M35-39,83,Open,Spain,1:02:28,4:40,5:15:53,5:27,3:25:58,9:54:26
390,1796,Adam Webber,M35-39,84,Open,United States,50:29,2:29,5:07:07,3:10,3:51:15,9:54:30
391,2222,Steve Morris,M25-29,50,Open,United States,53:10,3:16,5:17:52,3:59,3:36:23,9:54:40
392,960,John Hughes,M45-49,30,Open,Australia,1:08:33,3:45,5:28:24,4:03,3:10:00,9:54:45
393,1690,Dominic Lopez,M35-39,85,Open,Australia,1:16:39,3:54,5:06:38,3:58,3:23:37,9:54:46
394,1714,John Moore,M35-39,86,Open,Australia,1:02:42,3:04,5:20:40,3:30,3:24:54,9:54:50
395,1645,Bernhard Goll,M35-39,87,Open,Austria,1:01:24,3:09,5:17:23,4:36,3:28:20,9:54:52
396,1688,Jan-Caspar Look,M35-39,88,Open,Germany,1:06:12,2:56,5:14:16,4:36,3:27:02,9:55:02
397,1072,Robert Shypitka,M45-49,31,Open,Canada,1:08:15,3:45,5:14:13,3:51,3:24:59,9:55:03
398,711,Uwe Roepstorf,M50-54,11,Open,Germany,1:07:01,2:11,5:16:46,2:49,3:26:20,9:55:07
399,1022,Sean Nicolle,M45-49,32,Open,United Kingdom,1:00:28,4:32,5:13:54,3:38,3:32:39,9:55:11
400,1775,Gregor Studer,M35-39,89,Open,Switzerland,1:02:22,4:12,5:20:44,3:42,3:24:12,9:55:12
401,1764,Rinalds Sluckis,M35-39,90,Open,Latvia,58:58,3:11,4:48:07,3:04,4:01:55,9:55:15
402,2207,Peng Cheng Li,M25-29,51,Open,China,1:02:32,3:49,5:21:44,6:26,3:20:45,9:55:16
403,2325,Pascal Boll,M18-24,9,Open,Switzerland,1:09:25,5:11,5:19:33,3:25,3:17:45,9:55:19
404,2202,Alexander Khalamanov,M25-29,52,Open,Russia,50:33,2:53,5:18:02,4:02,3:39:50,9:55:20
405,1600,Christian Bruckner,M35-39,91,Open,Austria,1:02:01,3:07,5:21:29,4:21,3:24:26,9:55:24
406,2026,Bart Schrooyen,M30-34,92,Open,Belgium,57:45,3:07,5:09:36,3:05,3:41:52,9:55:25
407,1340,Sami Kotilainen,M40-44,52,Open,Finland,57:48,3:11,5:12:40,4:13,3:37:33,9:55:25
408,1225,Torben Brendholdt,M40-44,53,Open,Denmark,53:08,3:26,5:08:06,6:30,3:44:20,9:55:30
409,1581,Richard Backstrom,M35-39,92,Open,Sweden,1:02:19,4:06,5:10:28,3:35,3:35:04,9:55:32
410,2184,Jose Daniel Figueroa,M25-29,53,Open,Mexico,1:04:40,4:10,5:18:31,4:59,3:23:14,9:55:34
411,1215,David Bardi,M40-44,54,Open,France,53:02,2:40,5:24:17,3:28,3:32:11,9:55:38
412,1962,David Hansen,M30-34,93,Open,United States,58:14,4:07,5:00:52,3:48,3:48:39,9:55:40
413,1592,Ueli Bieler,M35-39,93,Open,Switzerland,1:06:28,4:26,5:18:15,4:38,3:22:02,9:55:49
414,1997,Ben McMurray,M30-34,94,Open,United States,1:01:53,3:20,5:15:10,4:39,3:30:51,9:55:53
415,1941,Fabio Vaz Fernandes Goncalves,M30-34,95,Open,Venezuela,1:11:33,4:31,5:13:58,4:56,3:20:58,9:55:56
416,1335,Dean Kirkham,M40-44,55,Open,United Kingdom,1:08:54,3:13,5:17:54,3:50,3:22:18,9:56:09
417,1612,Thibault Clement,M35-39,94,Open,France,1:00:51,3:29,5:19:03,5:17,3:27:40,9:56:20
418,1980,Mike Lavery,M30-34,96,Open,United States,59:29,3:11,4:56:13,3:54,3:53:36,9:56:23
419,119,Liz Lyles,FPRO,25,Female,United States,59:05,2:05,5:17:46,2:43,3:34:52,9:56:31
420,1097,Gilmore Todd,M45-49,33,Open,Canada,1:07:05,3:09,5:21:44,3:32,3:21:07,9:56:37
421,1233,Ciaran Byrne,M40-44,56,Open,Ireland,1:07:51,3:29,5:14:45,3:34,3:27:12,9:56:51
422,1391,Olivier Pourteyron,M40-44,57,Open,France,59:50,3:39,5:23:47,5:04,3:24:40,9:57:00
423,1661,Steffen Hollstein,M35-39,95,Open,Germany,1:03:54,2:43,5:07:45,4:03,3:38:47,9:57:12
424,1353,Stephane Lhomme,M40-44,58,Open,France,56:10,2:44,5:21:14,6:46,3:30:22,9:57:16
425,2158,Mihai Alin Baractaru,M25-29,54,Open,Romania,1:04:29,3:28,5:24:33,4:57,3:20:03,9:57:30
426,2001,Marcel Morosini,M30-34,97,Open,Brazil,1:06:17,4:35,5:14:57,3:40,3:28:23,9:57:52
427,2347,William Mennesson,M18-24,10,Open,France,53:15,2:34,5:01:57,3:39,3:56:31,9:57:56
428,1996,Jonathan McMillian,M30-34,98,Open,Canada,1:01:50,3:35,5:00:25,3:25,3:48:41,9:57:56
429,1625,Hernan Diego Perez Rodal,M35-39,96,Open,Argentinia,1:00:02,3:52,5:26:43,3:53,3:23:28,9:57:58
430,1724,Markus Nymark,M35-39,97,Open,Sweden,1:01:16,2:37,5:09:46,4:17,3:40:07,9:58:03
431,1067,Andrew Sellars,M45-49,34,Open,Canada,56:12,3:41,5:19:52,5:59,3:32:26,9:58:10
432,1076,Matevz Slapnicar,M45-49,35,Open,Slovenia,1:02:19,3:03,5:13:21,3:33,3:35:56,9:58:12
433,1420,David Smitz,M40-44,59,Open,Belgium,1:01:04,3:35,5:13:59,4:04,3:35:32,9:58:14
434,1433,Vadim Suraev,M40-44,60,Open,Russia,59:39,3:27,4:59:13,2:54,3:53:11,9:58:24
435,132,Kristin Moeller,FPRO,26,Female,Germany,1:05:13,2:08,5:49:30,2:49,2:58:45,9:58:25
436,2081,Lucia Erat,F30-34,2,Female,Switzerland,1:10:53,4:54,5:33:28,5:53,3:03:38,9:58:46
437,1081,Steve Chaid,M45-49,36,Open,United States,1:06:15,3:07,5:14:04,3:37,3:31:46,9:58:49
438,2164,Rodrigo Bodanese,M25-29,55,Open,Brazil,57:48,3:12,5:09:32,4:09,3:44:12,9:58:53
439,1963,Patrick Hay,M30-34,99,Open,Australia,59:00,2:58,5:19:00,3:28,3:34:27,9:58:53
440,1745,Andraz Rojnik,M35-39,98,Open,Slovenia,1:05:34,4:15,5:24:32,3:28,3:21:07,9:58:56
441,1582,Geoff Bamber,M35-39,99,Open,United Kingdom,1:11:39,4:03,5:25:32,2:59,3:14:44,9:58:57
442,1331,Julien Guienne,M40-44,61,Open,France,1:07:02,2:54,5:14:06,3:31,3:31:28,9:59:01
443,1762,Jurg Sigrist,M35-39,100,Open,Switzerland,1:02:28,3:53,5:18:44,3:45,3:30:18,9:59:08
444,1799,Luke Woodland,M35-39,101,Open,Australia,54:33,3:56,5:08:48,4:19,3:47:46,9:59:22
445,1218,Phillip Becker,M40-44,62,Open,Germany,1:07:35,4:18,5:01:33,3:22,3:42:36,9:59:24
446,939,Sven Gerber,M45-49,37,Open,Germany,1:02:42,4:47,5:02:20,6:04,3:43:39,9:59:32
447,983,Denis Legouge,M45-49,38,Open,France,55:52,2:30,5:16:54,4:34,3:39:45,9:59:35
448,2295,Stefanie Kuhnert,F25-29,2,Female,Germany,55:39,2:23,5:29:31,2:30,3:29:41,9:59:44
449,1969,Blake Kappler,M30-34,100,Open,Australia,52:51,3:12,5:02:17,2:54,3:58:31,9:59:45
450,1618,Mathieu Davy,M35-39,102,Open,United Kingdom,1:09:42,5:08,5:20:29,6:35,3:17:56,9:59:50
451,1231,Pau Busquets Gil,M40-44,63,Open,Andorra,1:00:34,3:12,5:22:05,4:44,3:29:24,9:59:59
452,1995,Constantine Mavroudis,M30-34,101,Open,United States,1:07:37,3:31,5:15:51,4:06,3:28:55,10:00:00
453,1016,Steve Murray,M45-49,39,Open,United States,1:01:50,4:59,5:12:22,3:43,3:37:07,10:00:01
454,1664,Grant Hornsby,M35-39,103,Open,Australia,1:03:59,4:20,5:28:14,3:23,3:20:18,10:00:14
455,2188,Lachlan Green,M25-29,56,Open,Australia,55:06,3:11,5:13:21,3:13,3:45:26,10:00:17
456,1753,Jerome Save,M35-39,104,Open,France,57:43,3:59,5:10:31,3:40,3:44:25,10:00:18
457,1804,Katrine Amtkjaer Nielsen,F35-39,1,Female,Denmark,1:07:37,2:46,5:25:07,3:34,3:21:22,10:00:26
458,1981,Cyril Lecompt,M30-34,102,Open,France,59:13,3:24,5:14:28,4:21,3:39:04,10:00:30
459,1752,Nathan Sandford,M35-39,105,Open,Australia,1:01:15,5:09,5:13:18,3:17,3:37:40,10:00:39
460,1610,Cassio Martins,M35-39,106,Open,Brazil,1:00:14,5:09,5:23:04,4:53,3:27:31,10:00:51
461,1346,Damien Lanee,M40-44,64,Open,France,1:06:15,3:23,5:17:50,4:02,3:29:23,10:00:53
462,1336,Joe Klinedinst,M40-44,65,Open,United States,1:05:30,3:57,5:09:39,4:16,3:37:33,10:00:55
463,994,Van McCarty,M45-49,40,Open,United States,1:16:45,4:50,5:17:53,5:12,3:16:17,10:00:57
464,133,Verena Walter,FPRO,27,Female,Germany,1:01:57,2:39,5:20:15,3:01,3:33:09,10:01:01
465,1384,Fabiano Paes,M40-44,66,Open,Brazil,1:10:44,3:51,5:17:27,3:38,3:25:27,10:01:07
466,2353,Joachim Philipps,M18-24,11,Open,France,1:00:39,6:24,5:01:32,3:30,3:49:20,10:01:25
467,1376,Martin Muldoon,M40-44,67,Open,Ireland,1:02:39,3:33,5:25:02,4:48,3:25:29,10:01:31
468,1719,Nathan Murray,M35-39,107,Open,Canada,1:07:20,2:16,5:13:54,3:52,3:34:12,10:01:34
469,1761,Scott Shumate,M35-39,108,Open,United States,57:59,2:22,5:18:29,3:15,3:39:31,10:01:36
470,2183,Curtiss Feltner,M25-29,57,Open,United States,1:03:00,3:34,5:17:23,4:58,3:32:42,10:01:37
471,942,Steve Grocock,M45-49,41,Open,United Kingdom,1:00:17,4:55,5:05:52,4:52,3:45:43,10:01:39
472,1393,David Prochazka,M40-44,68,Open,Czech Republic,59:44,2:43,5:11:47,4:35,3:42:52,10:01:41
473,2044,Scott Tonder,M30-34,103,Open,United States,59:53,2:50,5:26:12,3:45,3:29:37,10:02:17
474,1291,Benjamin Graham,M40-44,69,Open,United States,1:03:34,5:33,5:04:30,5:25,3:43:18,10:02:20
475,1634,Christian Faessler,M35-39,109,Open,Switzerland,52:00,3:07,5:17:59,4:55,3:44:38,10:02:39
476,2256,Florian Wildgruber,M25-29,58,Open,Germany,56:46,2:37,5:08:05,4:11,3:51:04,10:02:43
477,2003,Marco Muhlnikel,M30-34,104,Open,Germany,53:37,2:29,5:12:38,4:35,3:49:26,10:02:45
478,1944,Brian William Fogarty,M30-34,105,Open,United Kingdom,1:05:16,2:26,4:58:11,5:56,3:51:06,10:02:55
479,882,Michael Charlton,M45-49,42,Open,Jersey,1:08:01,4:33,5:19:29,5:32,3:25:37,10:03:12
480,2213,Joel Macallister,M25-29,59,Open,Australia,1:04:30,3:55,5:27:44,2:57,3:24:15,10:03:21
481,140,Bianca Steurer,FPRO,28,Female,Austria,1:01:59,2:39,5:29:11,4:12,3:25:21,10:03:22
482,1456,Luke Wilson,M40-44,70,Open,United States,1:02:47,5:05,5:07:51,3:40,3:44:09,10:03:32
483,1286,Thomas Goetz,M40-44,71,Open,Switzerland,1:05:10,6:10,5:22:31,7:04,3:22:41,10:03:36
484,1798,Adam Williams,M35-39,110,Open,Australia,1:01:20,4:41,5:07:13,8:31,3:41:55,10:03:40
485,648,Scott Jones,M50-54,12,Open,United States,57:45,3:37,5:20:40,4:55,3:36:52,10:03:49
486,1088,Kenji Takeya,M45-49,43,Open,Japan,1:11:47,2:32,5:01:20,4:05,3:44:11,10:03:55
487,995,Walter McCormack,M45-49,44,Open,United States,1:03:08,5:01,4:55:43,3:23,3:56:41,10:03:56
488,1723,William John Newbery,M35-39,111,Open,United Kingdom,58:00,2:44,5:34:11,4:20,3:24:45,10:04:00
489,1227,Michael Breyer,M40-44,72,Open,United States,1:17:31,5:24,4:59:45,6:07,3:35:20,10:04:07
490,2214,Nicholas Maedel,M25-29,60,Open,United States,1:06:52,4:17,5:36:48,4:26,3:11:46,10:04:09
491,1282,Tim Gerry,M40-44,73,Open,United States,1:05:58,4:00,5:15:00,4:06,3:35:07,10:04:11
492,1617,Matthew Daley,M35-39,112,Open,Canada,1:09:17,4:28,5:21:10,3:47,3:25:29,10:04:11
493,863,Edoardo Bernaschi,M45-49,45,Open,Italy,57:58,4:53,5:21:51,3:49,3:35:54,10:04:25
494,1435,Nathan Taylor,M40-44,74,Open,Australia,58:27,3:53,5:16:03,3:54,3:42:11,10:04:28
495,2147,Fawn Whiting,F30-34,3,Female,Canada,1:03:26,2:37,5:36:43,2:59,3:18:55,10:04:40
496,1058,Eduardo Salas Flores,M45-49,46,Open,Mexico,56:14,3:43,5:16:00,8:22,3:40:35,10:04:54
497,1739,Shawn Rempel,M35-39,113,Open,Canada,1:07:57,3:57,5:06:39,5:13,3:41:17,10:05:03
498,1379,Crispin Napolitano,M40-44,75,Open,United States,59:58,3:45,5:18:16,3:48,3:39:23,10:05:10
499,1380,Rudy Napolitano,M40-44,76,Open,United States,59:55,3:43,4:53:18,4:37,4:03:37,10:05:10
500,1092,Guido Telli,M45-49,47,Open,Switzerland,1:05:05,3:06,5:19:53,5:16,3:31:53,10:05:13
501,1319,Allan Jakobsen,M40-44,77,Open,Denmark,55:02,2:34,5:06:50,5:42,3:55:08,10:05:16
502,1701,Matt McCune,M35-39,114,Open,United States,1:00:53,4:25,4:58:33,4:00,3:57:57,10:05:48
503,691,Leonardo Nocentini,M50-54,13,Open,Italy,1:22:08,4:15,5:34:53,2:33,3:02:01,10:05:50
504,1579,Travis Atkins,M35-39,115,Open,Australia,1:01:53,4:03,5:30:05,3:46,3:26:05,10:05:52
505,617,Daniel Fasanelli,M50-54,14,Open,France,1:03:11,3:58,5:20:40,3:58,3:34:05,10:05:52
506,1737,Timothy Reimink,M35-39,116,Open,United States,1:08:20,3:56,5:26:25,4:06,3:23:08,10:05:55
507,1649,Brandon Habermehl,M35-39,117,Open,Canada,58:06,3:17,5:18:21,4:55,3:41:19,10:05:58
508,2025,Daniel Schmoll,M30-34,106,Open,Germany,53:04,2:21,5:12:13,3:14,3:55:12,10:06:04
509,1251,Jade Costen,M40-44,78,Open,United States,57:51,5:18,5:12:40,4:30,3:45:51,10:06:10
510,1026,Akiba Noriyuki,M45-49,48,Open,Japan,58:18,6:50,5:27:50,4:58,3:28:23,10:06:19
511,618,Jason Fitzhugh,M50-54,15,Open,United States,1:04:59,3:24,5:25:45,5:01,3:27:16,10:06:25
512,2217,Finlay McAndrew,M25-29,61,Open,United Kingdom,59:54,3:54,5:24:45,5:53,3:32:06,10:06:32
513,2299,Emily Loughnan,F25-29,3,Female,Australia,57:05,2:46,5:37:56,2:56,3:25:50,10:06:33
514,748,Hugo Van Hamme,M50-54,16,Open,Belgium,1:02:35,3:49,5:13:45,3:26,3:43:01,10:06:36
515,1421,Sindre Soerensen,M40-44,79,Open,Norway,1:08:06,3:49,5:04:08,3:54,3:46:43,10:06:40
516,2189,Jonas Grunewald,M25-29,62,Open,Germany,1:08:09,3:51,5:09:18,5:41,3:39:42,10:06:41
517,1395,Cristian Raspanti,M40-44,80,Open,Argentinia,1:07:23,3:16,5:16:17,4:17,3:35:29,10:06:42
518,112,Leanda Cave,FPRO,29,Female,United Kingdom,52:47,2:16,5:18:34,3:08,3:49:59,10:06:44
519,2227,Ben Phillips,M25-29,63,Open,New Zealand,50:30,2:26,5:05:30,3:44,4:04:34,10:06:44
520,439,Jorn Lauk,M55-59,1,Open,Germany,1:01:32,4:19,5:21:53,4:44,3:34:16,10:06:44
521,1407,Jesper Rygaard Hansen,M40-44,81,Open,Denmark,1:23:48,5:06,5:10:23,5:27,3:22:04,10:06:48
522,1461,Sebe Ziesler,M40-44,82,Open,United States,57:23,2:23,5:26:16,3:16,3:37:32,10:06:50
523,2294,India Kraal,F25-29,4,Female,New Zealand,57:15,2:46,5:28:56,2:47,3:35:09,10:06:53
524,1672,Valdur Jaht,M35-39,118,Open,Estonia,1:06:40,3:19,5:17:09,2:50,3:37:05,10:07:03
525,1000,Stephen McKellar,M45-49,49,Open,Australia,1:07:14,4:50,5:21:18,4:41,3:29:03,10:07:06
526,746,Luiz Renato Topan,M50-54,17,Open,Brazil,50:26,2:18,5:21:40,2:53,3:49:51,10:07:08
527,1977,Brian Lambert,M30-34,107,Open,United States,1:02:35,3:01,5:23:46,3:28,3:34:21,10:07:11
528,1926,Brett Crandall,M30-34,108,Open,United States,55:05,3:06,5:34:06,4:05,3:30:58,10:07:20
529,1402,Rudy Depret,M40-44,83,Open,Belgium,59:25,2:54,5:06:47,5:09,3:53:19,10:07:34
530,2238,Ricardo Scholten,M25-29,64,Open,Netherlands,1:02:42,5:35,5:20:19,3:58,3:35:06,10:07:40
531,946,Jens Gydesen,M45-49,50,Open,Denmark,57:49,3:04,5:09:46,3:19,3:53:46,10:07:44
532,1586,Pierre Beaufort,M35-39,119,Open,Belgium,1:09:22,4:25,5:27:47,3:39,3:22:38,10:07:51
533,1279,Marc Galietta,M40-44,84,Open,United States,57:44,4:42,5:30:02,4:46,3:30:38,10:07:52
534,1763,Patrick Simon Vermont,M35-39,120,Open,Brazil,1:00:44,3:43,5:25:09,4:29,3:33:49,10:07:54
535,1096,Luk Tijsmans,M45-49,51,Open,Belgium,59:17,5:00,5:23:33,6:30,3:33:51,10:08:11
536,1646,Wilhelmus Gooskens,M35-39,121,Open,Netherlands,1:06:38,2:42,5:05:42,4:46,3:48:35,10:08:23
537,1268,Laurent Doyen,M40-44,85,Open,Australia,1:10:47,4:27,5:24:22,5:12,3:23:42,10:08:30
538,966,Mathew Jennings,M45-49,52,Open,Australia,56:59,3:01,5:07:06,3:54,3:57:30,10:08:30
539,2082,Katrin Esefeld,F30-34,4,Female,Germany,1:05:56,2:47,5:32:12,2:53,3:24:43,10:08:31
540,2275,Claire Davis,F25-29,5,Female,Australia,53:51,3:06,5:41:19,2:31,3:27:45,10:08:32
541,1462,David Zimmet,M40-44,86,Open,United States,59:28,4:07,5:17:28,4:31,3:43:04,10:08:38
542,1993,Ricardo Mari Ferrer,M30-34,109,Open,Spain,57:46,3:31,5:12:18,5:43,3:49:25,10:08:43
543,1650,Craig Hamilton,M35-39,122,Open,United Kingdom,1:11:59,3:47,5:07:11,3:53,3:41:54,10:08:44
544,2244,Petr Soukup,M25-29,65,Open,Czech Republic,52:59,1:59,5:56:37,3:20,3:14:06,10:09:01
545,1373,Colin Morrison,M40-44,87,Open,Canada,1:01:17,4:00,5:27:36,3:34,3:32:37,10:09:04
546,1957,Dale Greenwood,M30-34,110,Open,United Kingdom,1:02:31,4:20,5:32:14,4:37,3:25:32,10:09:14
547,135,Ariane Monticeli,FPRO,30,Female,Brazil,1:04:32,3:01,5:25:20,3:18,3:33:04,10:09:15
548,1351,Franz Leitner,M40-44,88,Open,Austria,1:08:16,3:00,5:28:38,4:09,3:25:13,10:09:16
549,1970,Michael Kloosterman,M30-34,111,Open,United States,1:04:35,3:53,4:59:26,3:47,3:57:37,10:09:18
550,1412,Christof Schmidt,M40-44,89,Open,Germany,1:00:45,3:30,5:03:37,8:03,3:53:24,10:09:19
551,2205,Barry Lee Chun Sing,M25-29,66,Open,Malaysia,57:40,3:16,5:18:30,4:11,3:45:46,10:09:23
552,1320,Alexander Janitzki,M40-44,90,Open,Germany,52:04,3:53,5:17:41,5:03,3:50:45,10:09:26
553,1386,Rait Pallo,M40-44,91,Open,Estonia,1:14:36,4:39,5:16:48,4:08,3:29:20,10:09:31
554,2243,Simon Rud Sorensen,M25-29,67,Open,Denmark,1:06:34,3:08,5:26:33,3:57,3:29:41,10:09:53
555,1608,Ryan Carl,M35-39,123,Open,Australia,1:05:17,5:47,5:23:28,5:17,3:30:06,10:09:55
556,575,David Boyes,M50-54,18,Open,Australia,1:04:58,2:32,5:20:14,3:15,3:39:06,10:10:05
557,1599,James Brown,M35-39,124,Open,United Kingdom,1:05:03,2:36,5:12:28,3:14,3:46:47,10:10:08
558,1223,Carlos Bodas Rodriguez-Pena,M40-44,92,Open,Spain,59:40,3:21,5:24:52,4:48,3:37:28,10:10:09
559,1950,James Gill,M30-34,112,Open,United Kingdom,52:02,2:41,5:12:53,5:33,3:57:07,10:10:16
560,2165,Tom Burkinshaw,M25-29,68,Open,United Kingdom,58:12,2:57,5:17:22,3:31,3:48:24,10:10:26
561,2321,Alison Wilson,F25-29,6,Female,United Kingdom,1:04:36,3:04,5:36:15,3:45,3:22:58,10:10:38
562,1795,John Wauthier,M35-39,125,Open,Belgium,1:10:17,2:37,5:12:14,3:28,3:42:08,10:10:44
563,2181,Henry Eaton,M25-29,69,Open,United Kingdom,1:01:11,3:20,5:04:30,3:16,3:58:33,10:10:50
564,955,John Hessian,M45-49,53,Open,United States,1:04:53,5:48,5:21:00,6:03,3:33:23,10:11:07
565,2153,Philipp Altenbuchner,M25-29,70,Open,Germany,1:02:36,4:38,5:19:30,4:52,3:39:47,10:11:23
566,659,Karlo Kowalczuck,M50-54,19,Open,Brazil,1:06:41,6:15,5:18:29,7:02,3:32:59,10:11:26
567,1871,Alison Rowatt,F35-39,2,Female,United Kingdom,1:04:25,3:31,5:37:56,4:30,3:21:05,10:11:27
568,1757,Robert Seele,M35-39,126,Open,Germany,1:01:07,4:34,5:30:41,2:48,3:32:25,10:11:35
569,987,Kurt Lichtkoppler,M45-49,54,Open,Austria,1:10:31,3:44,5:21:22,4:32,3:31:29,10:11:38
570,2323,Matthew Appleby,M18-24,12,Open,United States,58:20,2:48,5:18:17,6:18,3:45:57,10:11:40
571,1694,Eduardo Malucelli,M35-39,127,Open,Brazil,1:11:17,3:31,5:34:55,6:17,3:15:46,10:11:46
572,899,Arlindo Jose Da Silva Tavares,M45-49,55,Open,Portugal,58:23,2:45,5:19:52,3:43,3:47:27,10:12:10
573,2215,Frederic Maigaard,M25-29,71,Open,Denmark,57:16,4:13,5:27:09,4:27,3:39:11,10:12:16
574,1341,Damijan Kromar,M40-44,93,Open,Slovenia,1:02:45,3:41,5:15:31,3:51,3:46:33,10:12:21
575,1979,Bob Larue,M30-34,113,Open,United States,1:12:29,4:18,5:19:33,5:29,3:30:36,10:12:25
576,1334,John Kilburn,M40-44,94,Open,Canada,1:00:53,4:24,5:24:15,3:50,3:39:09,10:12:31
577,1826,Jane Fardell,F35-39,3,Female,Australia,1:01:39,2:14,5:40:50,3:29,3:24:23,10:12:35
578,1756,Craig Schmitt,M35-39,128,Open,Canada,1:17:35,4:54,5:19:13,5:19,3:25:36,10:12:37
579,1415,Rob Shield,M40-44,95,Open,Australia,59:49,2:45,5:20:30,4:38,3:44:59,10:12:41
580,574,Arnaud Bouvier,M50-54,20,Open,France,1:07:30,4:17,5:26:51,5:13,3:28:54,10:12:45
581,895,Curt Cotner,M45-49,56,Open,United States,1:08:51,3:23,5:27:18,4:29,3:28:55,10:12:56
582,1021,John Nelson,M45-49,57,Open,Australia,1:11:18,3:58,5:18:29,3:07,3:36:16,10:13:08
583,1363,Jesse Marquardt,M40-44,96,Open,United States,1:07:42,4:03,5:18:20,3:50,3:39:18,10:13:13
584,2005,Christian Nindl,M30-34,114,Open,Austria,1:05:36,3:08,5:05:42,4:54,3:53:55,10:13:15
585,1741,Tim Reynolds,M35-39,129,Open,United States,59:57,3:13,5:09:30,4:24,3:56:12,10:13:16
586,1370,Petr Michovsky,M40-44,97,Open,Czech Republic,1:05:02,2:33,5:09:12,3:57,3:52:36,10:13:20
587,1355,David Llinares,M40-44,98,Open,Spain,59:38,4:27,5:27:15,3:41,3:38:35,10:13:36
588,1868,Jana Richtrova,F35-39,4,Female,Czech Republic,1:13:22,3:13,5:22:05,3:20,3:31:38,10:13:38
589,1006,Stephan Meinecke,M45-49,58,Open,Switzerland,55:07,3:06,5:05:56,3:17,4:06:13,10:13:39
590,2090,Jacqui Giuliano,F30-34,5,Female,United States,1:15:32,3:14,5:30:26,3:42,3:20:50,10:13:44
591,932,David Galea,M45-49,59,Open,Malta,1:06:20,5:28,5:23:10,3:59,3:34:55,10:13:52
592,429,Julian Friedrich,M45-49,60,Open,Germany,1:05:25,3:30,5:17:08,4:05,3:43:48,10:13:56
593,1070,Todd Shellenberger,M45-49,61,Open,United States,56:53,4:24,5:15:58,4:24,3:52:19,10:13:58
594,731,Taro Shirato,M50-54,21,Open,Japan,59:34,3:31,5:24:17,4:04,3:42:36,10:14:02
595,2319,Nicole Walker,F25-29,7,Female,Canada,1:01:39,2:23,5:42:38,2:44,3:24:38,10:14:02
596,737,Carsten Steenberg,M50-54,22,Open,Denmark,1:07:46,3:44,5:31:37,3:23,3:27:35,10:14:05
597,1904,Alan Blakie,M30-34,115,Open,United Kingdom,1:03:08,3:53,5:32:52,3:50,3:30:24,10:14:07
598,964,Marc Stefan Jauner,M45-49,62,Open,Switzerland,1:01:01,3:03,5:05:00,6:14,3:59:04,10:14:22
599,1264,Carl Desruisseaux,M40-44,99,Open,Canada,1:01:48,2:40,5:28:46,4:23,3:36:52,10:14:29
600,1585,Leandro Batista Reis,M35-39,130,Open,Brazil,1:02:40,4:07,5:30:22,5:39,3:31:42,10:14:30
601,1975,Roy Lagerburg,M30-34,116,Open,Netherlands,1:01:37,2:42,5:00:53,3:11,4:06:11,10:14:34
602,865,Nathan Blake,M45-49,63,Open,United Kingdom,1:11:11,4:26,5:07:53,4:13,3:46:52,10:14:35
603,1068,Arnaud Selukov,M45-49,64,Open,France,58:20,2:43,5:08:45,2:36,4:02:12,10:14:36
604,1414,Tim Seletto,M40-44,100,Open,Australia,1:05:05,6:04,5:16:03,3:50,3:43:35,10:14:37
605,2050,Beau Waters,M30-34,117,Open,Australia,1:14:16,2:56,5:09:50,5:04,3:42:36,10:14:42
606,572,Tony Biernacki,M50-54,23,Open,Canada,1:03:26,3:02,5:08:42,4:48,3:54:48,10:14:46
607,661,Markus Kriege,M50-54,24,Open,Germany,59:57,2:58,5:33:04,4:21,3:34:34,10:14:54
608,1033,Sven Papendorf,M45-49,65,Open,Germany,1:05:20,2:50,5:19:00,3:21,3:44:28,10:14:59
609,2023,Steffen Schmelzle,M30-34,118,Open,Germany,1:03:10,2:58,5:22:03,4:04,3:42:55,10:15:10
610,1324,Brett Jenkins,M40-44,101,Open,Australia,1:06:07,2:53,5:18:23,4:35,3:43:19,10:15:17
611,2351,Guilherme Pacheco Venturini,M18-24,13,Open,Brazil,1:05:23,6:20,5:26:40,5:24,3:31:32,10:15:19
612,1276,Nathan Fitzakerley,M40-44,102,Open,Australia,54:53,2:54,5:24:05,7:10,3:46:28,10:15:30
613,1721,Mikael Nelker,M35-39,131,Open,Sweden,1:04:40,4:13,5:09:54,5:48,3:51:06,10:15:41
614,638,Rob Hill,M50-54,25,Open,Australia,1:12:07,2:58,5:27:51,5:20,3:27:30,10:15:46
615,1063,Federico Schneeberger,M45-49,66,Open,Argentinia,1:02:00,4:28,5:21:29,6:48,3:41:04,10:15:49
616,123,Katja Konschak,FPRO,31,Female,Germany,52:55,2:12,5:35:59,5:17,3:39:29,10:15:52
617,1733,Matthew Poole,M35-39,132,Open,Canada,1:01:21,6:11,5:18:08,5:48,3:44:26,10:15:54
618,919,Ralf Engemann,M45-49,67,Open,Germany,1:07:15,2:24,5:28:18,4:35,3:33:29,10:16:01
619,1748,Philipp Sahm,M35-39,133,Open,Germany,1:04:58,3:20,5:30:21,4:08,3:33:20,10:16:07
620,1454,Brice Williams,M40-44,103,Open,United States,55:46,3:06,5:45:30,3:54,3:27:56,10:16:12
621,1226,Leonardo Brettas,M40-44,104,Open,Brazil,1:04:23,3:41,5:18:50,4:25,3:44:58,10:16:17
622,1426,Stephane Bernard,M40-44,105,Open,France,1:02:20,5:12,5:20:46,3:44,3:44:26,10:16:28
623,1098,Eric Tomaszewski,M45-49,68,Open,France,1:04:06,3:15,5:09:15,5:17,3:54:45,10:16:38
624,1008,Aristides Miranda,M45-49,69,Open,Spain,1:05:47,3:49,5:19:45,3:29,3:43:53,10:16:43
625,1086,Marek Svoboda,M45-49,70,Open,Czech Republic,1:08:03,2:55,5:32:55,4:04,3:28:52,10:16:49
626,1903,Guillaume Benoit,M30-34,119,Open,France,1:01:31,5:13,4:57:48,4:15,4:08:08,10:16:55
627,1621,Sean De Morton,M35-39,134,Open,Australia,1:04:26,4:04,5:18:44,4:59,3:44:45,10:16:58
628,1066,Stephan Schwarze,M45-49,71,Open,Germany,1:03:40,4:05,5:28:29,5:41,3:35:07,10:17:02
629,1641,Les Friesen,M35-39,135,Open,Canada,1:07:44,5:16,5:30:33,4:14,3:29:20,10:17:07
630,1921,Colin Cook,M30-34,120,Open,United States,1:02:25,4:30,5:21:54,5:08,3:43:17,10:17:14
631,975,Mathias Koethe,M45-49,72,Open,Switzerland,1:04:13,3:02,5:29:21,3:38,3:37:01,10:17:15
632,1593,Leandro Bonet,M35-39,136,Open,Argentinia,1:02:46,2:49,5:30:29,4:08,3:37:07,10:17:19
633,1605,Chris Cadotte,M35-39,137,Open,United States,1:08:49,4:58,5:07:10,7:57,3:48:32,10:17:26
634,2119,Alison Maher,F30-34,6,Female,Australia,1:03:53,3:02,5:39:00,2:54,3:28:39,10:17:28
635,1434,Marcel Suurmond,M40-44,106,Open,Netherlands,1:03:41,4:16,5:09:02,4:07,3:56:36,10:17:42
636,441,Barry Lewis,M55-59,2,Open,United States,1:07:11,4:53,5:26:57,3:33,3:35:13,10:17:47
637,134,Saleta Castro Nogueira,FPRO,32,Female,Spain,58:09,2:21,5:41:14,4:03,3:32:03,10:17:50
638,1322,Damien Jeffery,M40-44,107,Open,Australia,1:04:56,4:32,5:27:33,5:33,3:35:20,10:17:54
639,742,Zsolt Szunyog,M50-54,26,Open,Hungary,55:52,3:04,5:39:49,4:44,3:34:32,10:18:01
640,1669,Matthew Isbister,M35-39,138,Open,Australia,53:21,3:08,4:59:33,3:34,4:18:25,10:18:01
641,2056,Philip Wilson,M30-34,121,Open,United Kingdom,1:07:12,3:53,5:32:13,4:56,3:29:50,10:18:04
642,2282,Hayley Germack,F25-29,8,Female,United States,1:09:44,4:23,5:46:13,3:35,3:14:10,10:18:05
643,2356,Benjamin Rudson,M18-24,14,Open,Canada,1:01:22,3:35,5:34:56,5:26,3:32:48,10:18:07
644,2203,Brett King,M25-29,72,Open,United States,55:10,3:06,5:08:47,4:19,4:06:54,10:18:16
645,908,Matt Desmond,M45-49,73,Open,United States,1:00:44,4:35,5:13:53,7:43,3:51:26,10:18:21
646,928,Bertrand Fourie,M45-49,74,Open,France,1:05:44,4:00,5:24:28,5:21,3:38:57,10:18:30
647,1213,Walcyr Bandeira,M40-44,108,Open,Brazil,55:16,2:51,5:29:14,4:23,3:46:51,10:18:35
648,1437,Christopher Thomas,M40-44,109,Open,United States,59:25,2:54,5:26:06,3:34,3:46:39,10:18:38
649,1992,Nicoletti Marco,M30-34,122,Open,Italy,55:58,3:51,5:22:50,3:34,3:52:32,10:18:45
650,107,Gurutze Frades,FPRO,33,Female,Spain,1:02:48,2:21,5:25:31,2:55,3:45:11,10:18:46
651,1668,Yoshitaka Imamura,M35-39,139,Open,Japan,58:20,13:35,5:34:22,3:38,3:28:52,10:18:47
652,658,Jo Koster,M50-54,27,Open,Hong Kong,1:10:13,3:28,5:20:09,3:19,3:41:41,10:18:50
653,2177,Stephen Derrett,M25-29,73,Open,United Kingdom,1:05:33,4:42,5:26:36,5:11,3:36:56,10:18:58
654,2017,Tomas Ignacio Rivera Kofler,M30-34,123,Open,Chile,1:02:21,4:53,5:21:14,6:54,3:43:58,10:19:20
655,1779,Daniel Tkac,M35-39,140,Open,Czech Republic,59:59,3:06,5:28:44,5:47,3:41:47,10:19:23
656,996,Matthew McCutchen,M45-49,75,Open,United States,58:01,4:46,5:15:08,4:55,3:56:38,10:19:28
657,1295,Joby Gutierrez,M40-44,110,Open,United States,1:10:43,2:51,5:28:31,4:23,3:33:00,10:19:28
658,2190,Benjamin Hall,M25-29,74,Open,United Kingdom,1:09:18,2:34,5:27:43,3:57,3:35:59,10:19:31
659,2326,Maximilian Braun,M18-24,15,Open,Austria,1:00:57,3:45,5:11:15,3:02,4:00:39,10:19:38
660,2357,Christoffer Salmon,M18-24,16,Open,Denmark,1:06:55,2:42,5:26:25,4:01,3:39:42,10:19:45
661,1523,Rosie McGeoch,F40-44,1,Female,Australia,1:00:54,3:16,5:28:42,3:34,3:43:20,10:19:46
662,861,Christian Benz,M45-49,76,Open,Switzerland,1:07:01,2:46,5:12:03,5:06,3:53:03,10:19:59
663,144,Natascha Badmann,FPRO,34,Female,Switzerland,1:05:13,2:19,5:22:25,5:57,3:44:06,10:20:00
664,1587,Jose Belarmino,M35-39,141,Open,Brazil,50:15,6:25,6:00:04,7:34,3:15:55,10:20:13
665,1616,Raphael Costa Mehl,M35-39,142,Open,Brazil,55:39,4:15,5:18:57,4:42,3:56:47,10:20:20
666,1375,Darren Mounts,M40-44,111,Open,United States,53:10,3:08,5:14:00,3:34,4:06:41,10:20:33
667,923,Havard Fagervoll-Olden,M45-49,77,Open,Norway,1:05:19,3:16,5:23:14,4:30,3:44:24,10:20:43
668,1855,Hailey Manning,F35-39,5,Female,United States,1:01:38,3:05,5:39:56,3:17,3:33:00,10:20:56
669,1155,Jane Hansom,F45-49,1,Female,United Kingdom,1:04:13,3:07,5:36:10,2:40,3:34:47,10:20:57
670,1949,Matthew Alexandros Gatzoubaros,M30-34,124,Open,Australia,1:11:35,3:27,5:30:16,3:33,3:32:19,10:21:10
671,1925,Kevin Coyle,M30-34,125,Open,Australia,1:03:21,4:13,5:04:24,6:21,4:03:04,10:21:23
672,1443,Frederic Tyrode,M40-44,112,Open,France,59:56,3:11,5:10:34,4:19,4:03:23,10:21:23
673,872,Johannes Bruenink,M45-49,78,Open,Germany,1:07:17,3:09,5:15:33,4:09,3:51:21,10:21:29
674,1576,Henrik Apel,M35-39,143,Open,Germany,58:20,3:37,5:24:05,3:39,3:51:50,10:21:31
675,968,Joerg Jung,M45-49,79,Open,Germany,1:06:36,3:14,5:26:48,3:46,3:41:07,10:21:31
676,2032,Michael Spiegel,M30-34,126,Open,United States,55:37,4:08,5:34:07,7:20,3:40:21,10:21:33
677,852,Aitzol Arregi,M45-49,80,Open,Spain,1:08:12,3:53,5:23:06,3:57,3:42:31,10:21:39
678,53,Fabio Carvalho,MPRO,43,Open,Brazil,50:45,2:12,5:13:33,5:30,4:09:43,10:21:43
679,1302,Dean Haspela,M40-44,113,Open,United States,1:05:04,4:11,5:21:04,3:55,3:47:34,10:21:48
680,1571,Guilherme Albani,M35-39,144,Open,Brazil,59:10,5:06,5:22:02,6:56,3:48:37,10:21:51
681,978,Olaf Kruger,M45-49,81,Open,Germany,1:07:39,3:21,5:22:12,6:11,3:42:33,10:21:56
682,1837,Robyn Hardage,F35-39,6,Female,Canada,1:06:59,2:56,5:41:31,3:56,3:26:47,10:22:09
683,709,Dean Roberts,M50-54,28,Open,United States,1:10:14,3:48,5:21:32,4:55,3:41:49,10:22:18
684,965,Alfredo Javier Pereira,M45-49,82,Open,Argentinia,1:06:57,5:02,5:21:05,3:59,3:45:18,10:22:21
685,1292,Ian Graham,M40-44,114,Open,New Zealand,1:02:52,3:46,5:20:43,4:00,3:51:05,10:22:26
686,1830,Georgina Gadient,F35-39,7,Female,Switzerland,1:08:25,3:48,5:27:49,3:51,3:38:51,10:22:44
687,663,Stephan Kuhnemann,M50-54,29,Open,Germany,1:10:48,2:13,5:29:15,3:17,3:37:11,10:22:44
688,624,Steven Gailliaert,M50-54,30,Open,Belgium,1:04:52,5:01,5:07:13,5:16,4:00:32,10:22:54
689,1630,Odd Arne Engesaeter,M35-39,145,Open,Norway,1:33:04,5:49,5:13:28,3:32,3:27:04,10:22:57
690,1759,Dave Sek,M35-39,146,Open,United States,58:55,4:56,5:30:22,7:10,3:41:41,10:23:04
691,1774,Ben Stuart,M35-39,147,Open,United States,1:06:47,4:04,5:28:39,5:06,3:38:34,10:23:10
692,1546,Carla Schubiger,F40-44,2,Female,Switzerland,1:01:44,3:55,5:39:37,4:37,3:33:19,10:23:12
693,1326,Daniel Johansson,M40-44,115,Open,Sweden,1:12:44,4:10,5:27:58,4:35,3:33:52,10:23:19
694,1498,Isabelle Ferrer,F40-44,3,Female,France,1:03:19,2:58,5:45:21,3:11,3:28:34,10:23:23
695,706,Philip Regnier,M50-54,31,Open,United States,1:15:32,6:10,5:33:41,4:03,3:23:59,10:23:25
696,1273,Arnaud Fabian,M40-44,116,Open,France,59:43,4:16,5:51:21,3:08,3:24:58,10:23:26
697,2257,Bren Winbrock,M25-29,75,Open,United States,1:03:49,4:07,5:43:04,3:49,3:28:37,10:23:26
698,482,Ulrich Seitler,M55-59,3,Open,Germany,1:02:45,4:30,5:16:50,3:45,3:55:43,10:23:33
699,1396,Adriano Ricardo Ribeiro Sevilla,M40-44,117,Open,Brazil,1:06:16,5:54,5:34:00,4:54,3:32:30,10:23:34
700,673,Carlos Lomba,M50-54,32,Open,Puerto Rico,52:18,2:43,5:10:37,3:53,4:14:03,10:23:34
701,1289,Jorge Gonzalez,M40-44,118,Open,Puerto Rico,1:03:20,4:13,5:19:57,3:18,3:52:47,10:23:35
702,1027,Barry Ogden,M45-49,83,Open,United States,1:02:25,3:24,5:11:10,4:25,4:02:13,10:23:37
703,2057,Bjoern Wuesteney,M30-34,127,Open,Germany,1:01:49,2:50,5:20:32,3:37,3:54:51,10:23:39
704,2170,Ryan Christian,M25-29,76,Open,Australia,53:50,2:38,5:01:48,3:02,4:22:32,10:23:50
705,1561,Kristen Johnson,F40-44,4,Female,Canada,1:11:32,3:58,5:48:28,3:55,3:16:11,10:24:04
706,1673,Przemyslaw Janik,M35-39,148,Open,Poland,1:17:00,2:16,5:20:57,2:07,3:41:46,10:24:06
707,1428,Morten Stokholm,M40-44,119,Open,Denmark,54:26,3:05,5:08:13,4:23,4:14:09,10:24:16
708,581,Roger Canham,M50-54,33,Open,United Kingdom,1:07:46,4:37,5:23:59,6:06,3:41:50,10:24:18
709,653,Ryuichi Kawashima,M50-54,34,Open,Japan,1:02:49,4:08,5:34:13,3:36,3:39:37,10:24:23
710,1325,Markus Jetzer,M40-44,120,Open,Switzerland,1:03:30,3:46,5:24:01,8:45,3:44:23,10:24:25
711,1371,Ryann James Mills,M40-44,121,Open,Australia,1:01:10,3:59,5:34:32,4:34,3:40:10,10:24:25
712,2420,Enrique Gongora,M35-39,149,Open,Mexico,1:10:17,3:20,5:24:51,3:34,3:42:23,10:24:25
713,2272,Maria Cecilia Lapa De Carvalho,F25-29,9,Female,Brazil,1:02:59,4:26,5:40:31,4:41,3:31:51,10:24:28
714,879,Mark Cardinale,M45-49,84,Open,United States,1:11:24,3:03,5:21:55,4:48,3:43:22,10:24:32
715,940,Mark Gleeson,M45-49,85,Open,Australia,1:02:46,5:20,5:24:19,5:42,3:46:39,10:24:46
716,1905,Marcelo Bodanese,M30-34,128,Open,Brazil,58:46,3:43,5:23:23,4:41,3:54:18,10:24:51
717,991,Scott Manser,M45-49,86,Open,Canada,1:02:43,4:34,5:34:29,6:04,3:37:02,10:24:52
718,1408,Andres Saldarriaga,M40-44,122,Open,Colombia,59:37,3:35,5:19:43,5:22,3:56:38,10:24:55
719,922,Fabien Escomel,M45-49,87,Open,France,1:03:59,6:12,5:13:33,6:54,3:54:27,10:25:05
720,1589,Marco Bellomo,M35-39,150,Open,Italy,1:06:16,3:04,5:22:27,4:49,3:48:32,10:25:08
721,120,Meredith Kessler,FPRO,35,Female,United States,52:46,2:08,5:07:45,3:06,4:19:32,10:25:17
722,1294,Matthew Green,M40-44,123,Open,Australia,1:01:57,5:19,5:07:52,2:49,4:07:31,10:25:28
723,1633,Tim-Felix Esselmann,M35-39,151,Open,Germany,1:02:38,3:01,5:21:11,3:46,3:54:53,10:25:29
724,1262,Jean Philippe Dechriste,M40-44,124,Open,France,58:50,4:12,5:06:52,7:04,4:08:37,10:25:35
725,1020,Cyril Neirynck,M45-49,88,Open,France,1:17:06,4:07,5:27:05,5:01,3:32:20,10:25:39
726,579,Billy Busko,M50-54,35,Open,United States,1:10:17,3:05,5:26:21,3:16,3:42:45,10:25:44
727,1204,Marcelo Abdo,M40-44,125,Open,Brazil,52:25,3:44,5:35:32,4:13,3:49:51,10:25:45
728,866,Richard Blanco,M45-49,89,Open,United States,1:03:55,3:48,5:14:12,5:12,3:58:40,10:25:47
729,2305,Chino Nishimura,F25-29,10,Female,Japan,1:01:30,2:26,5:42:06,2:18,3:37:40,10:26:00
730,855,Thomas Baierl,M45-49,90,Open,Germany,1:01:57,4:21,5:13:38,4:40,4:01:28,10:26:04
731,2083,Meghan Fillnow,F30-34,7,Female,United States,1:08:25,3:22,5:37:17,4:31,3:32:42,10:26:17
732,1242,Pirmin Christen,M40-44,126,Open,Switzerland,59:28,2:59,5:05:21,2:39,4:15:57,10:26:24
733,842,Bernard Alix,M45-49,91,Open,Canada,1:04:35,2:30,5:05:32,3:25,4:10:31,10:26:33
734,1255,Karsten Dahl,M40-44,127,Open,Denmark,1:26:11,3:56,5:09:02,3:44,3:43:57,10:26:50
735,1857,Constance Mochar,F35-39,8,Female,Austria,1:07:51,3:50,5:39:55,3:03,3:32:36,10:27:15
736,1381,Brian Nesbitt,M40-44,128,Open,United States,1:05:17,4:38,5:36:27,5:34,3:35:20,10:27:16
737,2127,Lucia Perez Lopez,F30-34,8,Female,Spain,1:10:32,2:45,5:54:48,3:27,3:15:55,10:27:27
738,1695,Daniel Marcondes,M35-39,152,Open,Brazil,1:01:20,4:02,5:26:29,4:54,3:50:43,10:27:28
739,1035,Thierry Perin,M45-49,92,Open,France,1:02:24,2:52,5:22:16,5:47,3:54:14,10:27:33
740,1314,Craig Hunter,M40-44,129,Open,United Kingdom,1:07:28,3:59,5:54:25,4:19,3:17:22,10:27:33
741,856,Fernando Barahona De Andres,M45-49,93,Open,Spain,1:12:47,5:36,5:37:19,5:34,3:26:30,10:27:46
742,1643,Guillaume Garnier,M35-39,153,Open,France,1:05:02,2:44,5:10:33,3:57,4:05:31,10:27:47
743,654,Erich Keuchen,M50-54,36,Open,Germany,1:19:25,5:44,5:21:57,3:28,3:37:18,10:27:52
744,1283,Jason Gers,M40-44,130,Open,United States,1:15:49,2:38,5:38:00,3:14,3:28:26,10:28:07
745,1787,Edwin Vane,M35-39,154,Open,Canada,1:06:06,3:47,5:10:14,4:00,4:04:07,10:28:14
746,1260,Tom De Malsche,M40-44,131,Open,Belgium,1:03:56,5:55,5:25:00,3:57,3:49:31,10:28:19
747,1734,Brian Post,M35-39,155,Open,United States,1:01:11,3:51,5:32:02,3:53,3:47:25,10:28:22
748,878,William Capune,M45-49,94,Open,United States,1:03:13,4:17,5:33:37,5:01,3:42:19,10:28:27
749,988,Robert Loeff,M45-49,95,Open,Netherlands,1:05:06,6:01,5:17:16,7:13,3:53:00,10:28:36
750,2132,Tami Ritchie,F30-34,9,Female,United States,57:21,3:53,5:58:22,4:13,3:24:52,10:28:41
751,920,Pablo Erat,M45-49,96,Open,Switzerland,54:58,2:32,5:02:22,3:20,4:25:37,10:28:49
752,1089,Dave Tallo,M45-49,97,Open,Canada,1:04:45,2:49,5:17:16,4:30,3:59:33,10:28:53
753,2250,Chris Thomas,M25-29,77,Open,United States,1:02:25,4:24,5:20:18,2:59,3:58:51,10:28:57
754,1254,Robert Dahl Andersen,M40-44,132,Open,Denmark,1:21:07,4:41,5:20:24,4:57,3:37:49,10:28:58
755,1540,Liza Rachetto,F40-44,5,Female,United States,1:01:47,3:48,5:38:48,3:37,3:40:58,10:28:58
756,970,Jacob Kildegaard,M45-49,98,Open,Denmark,1:12:04,4:12,5:12:45,4:44,3:55:26,10:29:11
757,1356,Cleuber Lodovico,M40-44,133,Open,Brazil,1:06:29,5:36,5:30:00,4:48,3:42:26,10:29:19
758,2388,Larissa Rabago,F18-24,1,Female,Mexico,1:03:02,4:00,5:55:52,4:40,3:21:49,10:29:23
759,1790,Subramani Venkatesh,M35-39,156,Open,India,1:10:45,5:47,5:43:24,3:24,3:26:18,10:29:38
760,633,Greg Hallman,M50-54,37,Open,Canada,1:07:18,7:45,5:28:46,10:13,3:35:41,10:29:43
761,1029,Oguz Omur,M45-49,99,Open,Turkey,58:58,4:13,5:24:37,5:01,3:57:02,10:29:51
762,1766,Kenrick Smith,M35-39,157,Open,United States,56:16,3:27,5:41:49,3:49,3:44:39,10:30:00
763,1327,Patric Johansson,M40-44,134,Open,Sweden,1:18:09,3:37,5:25:07,4:28,3:38:40,10:30:01
764,449,Chris Montross,M55-59,4,Open,United States,55:00,3:51,5:35:53,3:23,3:52:01,10:30:08
765,1751,Petter Sandelin,M35-39,158,Open,Sweden,1:06:25,3:29,5:11:37,5:31,4:03:09,10:30:11
766,1404,Anthony Ruotte,M40-44,135,Open,France,1:11:22,5:08,5:28:20,5:46,3:39:38,10:30:14
767,1012,Simon Mulligan,M45-49,100,Open,Australia,55:17,3:26,5:34:17,3:33,3:53:48,10:30:21
768,473,Michael Tramp Roe,M55-59,5,Open,Denmark,1:14:19,4:30,5:24:16,3:58,3:43:23,10:30:26
769,2006,Thomas Odom,M30-34,129,Open,United States,57:53,3:17,5:14:26,3:16,4:11:42,10:30:34
770,1359,Frederic Magana,M40-44,136,Open,France,1:03:22,3:50,5:12:45,4:10,4:06:54,10:31:01
771,1794,Michael Wachtendonk,M35-39,159,Open,Germany,1:02:35,3:26,5:07:53,4:35,4:12:39,10:31:08
772,990,Fernando Lucas,M45-49,101,Open,Brazil,1:09:25,4:51,5:35:15,5:15,3:36:32,10:31:18
773,1216,Sean Barry,M40-44,137,Open,Ireland,1:18:04,4:29,5:37:52,4:28,3:26:27,10:31:20
774,871,Steffen Brocks,M45-49,102,Open,United States,1:01:54,5:17,5:33:22,3:59,3:46:50,10:31:22
775,2126,Kelly O'Mara,F30-34,10,Female,United States,1:01:36,3:02,5:43:26,3:22,3:40:00,10:31:26
776,993,Francisco Maya,M45-49,103,Open,United States,59:45,6:58,5:30:40,6:49,3:47:15,10:31:27
777,1357,Federico Lopez Ramirez,M40-44,138,Open,Mexico,1:07:11,3:48,5:30:30,9:06,3:40:52,10:31:27
778,1698,Marcello Mazza,M35-39,160,Open,Australia,1:06:07,4:40,5:31:28,5:19,3:43:57,10:31:31
779,1085,Jan Sunesen,M45-49,104,Open,Denmark,1:11:11,3:09,5:21:38,3:43,3:51:55,10:31:36
780,1791,Kenn Vercalsteren,M35-39,161,Open,Belgium,57:02,3:16,5:27:45,4:58,3:58:39,10:31:40
781,2073,Morgan Chaffin,F30-34,11,Female,United States,59:28,3:49,5:30:31,4:33,3:53:19,10:31:40
782,1446,Thomas Van Der Wal,M40-44,139,Open,Netherlands,1:06:27,3:57,5:26:06,5:21,3:50:02,10:31:53
783,2021,Justin Samples,M30-34,130,Open,United States,1:05:00,3:51,5:28:04,4:13,3:50:55,10:32:03
784,2101,Jessica Jones,F30-34,12,Female,United States,58:47,4:49,5:40:20,6:13,3:41:55,10:32:04
785,905,Hamish Deery,M45-49,105,Open,Australia,1:15:04,3:52,5:34:55,3:38,3:34:35,10:32:04
786,2286,Maria Gramelspacher,F25-29,11,Female,United States,58:29,3:13,5:45:39,3:10,3:41:40,10:32:11
787,1516,Estelle Marie Kieffer,F40-44,6,Female,France,57:16,3:29,5:40:13,3:16,3:47:59,10:32:13
788,2074,Steph Corker,F30-34,13,Female,Canada,1:01:30,3:34,5:47:04,3:35,3:36:32,10:32:15
789,1615,Aritz Cortabarria,M35-39,162,Open,Spain,1:02:48,3:35,5:32:56,4:16,3:48:43,10:32:18
790,598,Hubertus Gerardus Dekker,M50-54,38,Open,Netherlands,1:16:11,6:11,5:18:09,4:57,3:46:57,10:32:25
791,1447,Anton Van Zyl,M40-44,140,Open,United States,58:55,3:42,5:43:31,8:02,3:38:22,10:32:32
792,739,Mark Swanlund,M50-54,39,Open,United States,1:01:01,4:03,5:46:47,6:30,3:34:12,10:32:33
793,1317,Claes Ivenborg,M40-44,141,Open,Sweden,1:13:20,4:16,5:41:32,5:49,3:27:41,10:32:38
794,929,Nikolaus Frick,M45-49,106,Open,Germany,1:01:39,5:08,5:09:01,3:57,4:12:58,10:32:43
795,930,Graham Friend,M45-49,107,Open,United Kingdom,1:07:23,2:41,5:24:53,4:59,3:52:56,10:32:52
796,1685,Bevan Littler,M35-39,163,Open,New Zealand,58:19,3:18,5:22:05,3:27,4:05:52,10:33:01
797,1773,Jani Stromsholm,M35-39,164,Open,Finland,55:09,2:24,5:06:42,4:48,4:24:05,10:33:08
798,734,Luc Smet,M50-54,40,Open,Belgium,1:05:13,3:56,5:35:31,6:28,3:42:02,10:33:10
799,1441,Sean Tully,M40-44,142,Open,Australia,1:12:50,3:17,5:28:19,4:18,3:44:28,10:33:12
800,1113,Sean Workowski,M45-49,108,Open,United States,1:05:09,7:39,5:18:01,7:41,3:55:00,10:33:30
801,340,Rodolphe Von Berg,M60-64,1,Open,Belgium,1:07:10,2:41,5:27:04,3:15,3:53:30,10:33:40
802,1940,Keisuke Endo,M30-34,131,Open,Japan,58:53,3:00,5:26:16,4:50,4:00:45,10:33:44
803,743,Takeshi Tanaka,M50-54,41,Open,Japan,1:05:18,3:28,5:42:40,4:05,3:38:29,10:34:00
804,2130,Antonina Reznikov,F30-34,14,Female,Israel,1:12:35,3:33,5:35:48,3:36,3:38:31,10:34:03
805,1222,Alexandre Birman,M40-44,143,Open,Brazil,52:07,3:40,5:34:03,6:52,3:57:21,10:34:03
806,732,Jean-Michel Simar,M50-54,42,Open,Belgium,1:02:24,3:11,5:08:41,5:02,4:14:47,10:34:05
807,1401,Leigh Rudd,M40-44,144,Open,Australia,1:06:49,4:28,5:31:33,3:25,3:47:51,10:34:06
808,1049,Nicola Werner Rinkens,M45-49,109,Open,Germany,1:09:28,3:00,5:34:47,4:42,3:42:18,10:34:15
809,949,David Harinck,M45-49,110,Open,Belgium,1:02:36,5:32,5:31:27,5:58,3:48:52,10:34:25
810,129,Daniela Saemmler,FPRO,36,Female,Germany,58:58,1:58,5:16:16,3:06,4:14:08,10:34:26
811,1458,James Young,M40-44,145,Open,Canada,1:08:23,5:19,5:18:33,6:07,3:56:19,10:34:41
812,2014,Chris Rancie,M30-34,132,Open,Australia,1:02:24,2:43,5:07:37,3:14,4:18:46,10:34:44
813,1429,Andreas Stromberg,M40-44,146,Open,Norway,1:13:38,4:07,5:30:09,3:48,3:43:16,10:34:58
814,1062,Vladimir Schmidt,M45-49,111,Open,United States,1:04:38,4:26,5:37:17,5:46,3:43:14,10:35:21
815,1825,Sophie Fallon,F35-39,9,Female,Australia,1:01:37,4:23,5:58:45,5:25,3:25:15,10:35:25
816,1606,Roberto Cagnati,M35-39,165,Open,Switzerland,1:10:41,4:05,5:16:15,4:05,4:00:24,10:35:30
817,2085,Jacquelyn Foley,F30-34,15,Female,United States,53:15,3:22,5:49:53,4:12,3:44:50,10:35:32
818,1626,Victor Doronin,M35-39,166,Open,Russia,1:13:01,4:37,5:37:17,6:19,3:34:27,10:35:41
819,1609,Ben Cartwright,M35-39,167,Open,United Kingdom,1:15:04,5:48,5:44:03,5:05,3:25:42,10:35:42
820,1005,Rafal Medak,M45-49,112,Open,Poland,1:05:13,3:55,5:13:22,9:39,4:03:42,10:35:51
821,1409,Yves Salzmann,M40-44,147,Open,Switzerland,1:07:56,3:31,5:23:45,4:43,3:56:07,10:36:02
822,1744,Michael Rohleder,M35-39,168,Open,Germany,59:41,4:00,5:03:12,5:45,4:23:49,10:36:27
823,2149,Lori Williamson,F30-34,16,Female,United States,56:30,5:15,5:57:20,7:08,3:30:15,10:36:28
824,156,Ben Bostrom,M40-44,148,Open,United States,1:14:31,4:42,5:06:49,4:42,4:05:45,10:36:29
825,1036,Jon Pettingill,M45-49,113,Open,Australia,1:09:10,3:30,5:21:26,3:12,3:59:21,10:36:39
826,504,John Wilson,M55-59,6,Open,United States,1:08:47,3:04,5:30:57,4:26,3:49:29,10:36:43
827,2296,Melissa Lapp,F25-29,12,Female,France,1:05:44,4:01,5:48:16,3:50,3:34:53,10:36:44
828,2137,Diana Simpson,F30-34,17,Female,New Zealand,1:01:33,3:01,5:47:29,3:45,3:41:00,10:36:48
829,1554,Nell Stephenson,F40-44,7,Female,United States,1:12:27,4:24,5:42:52,4:24,3:32:45,10:36:52
830,1767,Morten Sommer Sahlholdt,M35-39,169,Open,Denmark,1:07:53,4:33,5:35:20,4:21,3:44:48,10:36:55
831,1248,Ted Cochrane,M40-44,149,Open,Canada,57:53,3:39,5:23:04,4:40,4:07:41,10:36:57
832,1307,Charles Hickman,M40-44,150,Open,United Kingdom,1:03:17,4:11,5:31:19,5:14,3:53:02,10:37:03
833,1348,Arnaud Le Jan,M40-44,151,Open,France,1:03:52,3:35,5:19:41,5:55,4:04:09,10:37:12
834,912,Yehuda Doron,M45-49,114,Open,Israel,1:09:19,5:16,5:33:38,7:36,3:41:24,10:37:13
835,1039,Marcio Pinhati,M45-49,115,Open,Brazil,1:11:11,7:44,5:20:35,6:51,3:50:54,10:37:15
836,1146,Tina Eakin,F45-49,2,Female,United States,1:11:06,4:29,5:44:02,4:04,3:33:34,10:37:15
837,2274,Christine Cross,F25-29,13,Female,United States,59:19,2:25,5:40:46,10:05,3:44:40,10:37:15
838,859,James Beckinsale,M45-49,116,Open,United Kingdom,1:00:50,4:44,5:33:37,4:32,3:53:36,10:37:19
839,2264,Morgan Anderson,F25-29,14,Female,United States,1:10:26,3:04,5:46:01,4:17,3:33:41,10:37:29
840,969,Simo Juvaste,M45-49,117,Open,Finland,1:10:51,3:49,5:30:54,5:49,3:46:06,10:37:29
841,2175,Bruno Da Rocha Berger,M25-29,78,Open,Brazil,1:08:29,3:50,5:38:38,4:30,3:42:16,10:37:43
842,1306,Adam Hicken,M40-44,152,Open,United States,1:08:44,4:13,5:18:39,4:45,4:01:35,10:37:56
843,2371,Federica De Nicola,F18-24,2,Female,Italy,1:05:34,3:30,5:39:19,3:34,3:45:59,10:37:56
844,1636,Jonathan Feddock,M35-39,170,Open,United States,1:00:48,3:19,5:12:23,4:26,4:17:03,10:37:59
845,1459,Mizobata Yuichi,M40-44,153,Open,Japan,1:06:29,3:49,5:33:17,4:17,3:50:11,10:38:03
846,956,Andrew Hopper,M45-49,118,Open,Canada,1:02:10,5:27,5:30:24,6:06,3:54:02,10:38:09
847,1312,Thomas Hohenberger,M40-44,154,Open,Germany,1:04:13,4:02,5:11:07,2:53,4:16:02,10:38:17
848,889,Matthew Cockerill,M45-49,119,Open,United Kingdom,1:02:36,5:32,5:34:23,5:19,3:50:28,10:38:18
849,634,Mario Hamel,M50-54,43,Open,Canada,1:08:47,4:58,5:21:31,7:15,3:55:52,10:38:23
850,2366,Katrine Brock,F18-24,3,Female,Denmark,1:17:58,3:14,5:39:33,3:21,3:34:24,10:38:30
851,1278,Koji Furuya,M40-44,155,Open,Japan,1:02:07,4:10,5:24:35,6:18,4:01:24,10:38:34
852,2028,Heiko Sepp,M30-34,133,Open,Estonia,1:19:08,3:36,5:01:29,5:05,4:09:20,10:38:38
853,1923,Marco Corti,M30-34,134,Open,Italy,1:15:29,3:47,5:14:22,4:34,4:00:29,10:38:41
854,1831,Natalie Gaskin,F35-39,10,Female,New Zealand,57:22,3:48,5:35:34,3:18,3:58:41,10:38:43
855,2209,Timothy Livolsi,M25-29,79,Open,United States,52:14,2:55,5:04:46,7:31,4:31:17,10:38:43
856,1246,Nicholas Clarry,M40-44,156,Open,United Kingdom,1:22:09,5:34,5:31:12,7:01,3:32:50,10:38:46
857,1874,Tanja Slater,F35-39,11,Female,United Kingdom,54:28,3:26,5:51:21,6:34,3:43:03,10:38:52
858,2229,Jason Pohl,M25-29,80,Open,Canada,1:04:17,4:02,5:07:21,3:52,4:19:20,10:38:52
859,1010,Adrian Moy,M45-49,120,Open,Australia,1:11:13,3:24,5:29:50,5:08,3:49:27,10:39:02
860,914,Andreas Drosdowski,M45-49,121,Open,Germany,1:08:41,2:54,5:40:53,4:18,3:42:19,10:39:05
861,860,Laurent Bellet,M45-49,122,Open,France,1:20:30,3:49,5:31:40,6:20,3:36:49,10:39:08
862,2273,Ling Er Choo,F25-29,15,Female,Singapore,1:08:40,2:54,5:36:25,3:23,3:47:47,10:39:09
863,936,Olivier Gasc,M45-49,123,Open,France,59:03,3:58,5:18:20,4:20,4:13:46,10:39:27
864,1872,Julianne Kate Schliebs,F35-39,12,Female,Australia,1:01:36,3:54,5:49:57,3:38,3:40:23,10:39:28
865,1263,Marcel Denzler,M40-44,157,Open,Switzerland,1:12:31,4:50,5:37:19,6:07,3:38:44,10:39:31
866,1304,Rob Heath,M40-44,158,Open,South Africa,1:03:48,4:35,5:30:08,4:42,3:56:23,10:39:36
867,652,Mario Karcher,M50-54,44,Open,Germany,1:19:48,3:16,5:36:36,5:55,3:34:01,10:39:36
868,435,Knud Knudsen,M55-59,7,Open,Denmark,1:07:26,3:38,5:19:45,2:49,4:06:02,10:39:40
869,1377,James Myers,M40-44,159,Open,United States,1:19:29,3:42,5:25:59,5:24,3:45:10,10:39:44
870,459,Pascal Trouve,M55-59,8,Open,Belgium,1:05:26,5:03,5:25:38,6:16,3:57:26,10:39:49
871,2062,Lectie Altman,F30-34,18,Female,United States,55:21,3:43,5:48:39,4:15,3:47:51,10:39:49
872,1031,Hideki Ota,M45-49,124,Open,Japan,1:04:52,5:22,5:46:23,5:09,3:38:05,10:39:51
873,1935,Craig Depperschmidt,M30-34,135,Open,United States,1:05:22,5:53,5:36:24,6:19,3:45:54,10:39:52
874,961,Kevin Hughes,M45-49,125,Open,United States,1:09:30,7:10,5:14:35,7:59,4:00:38,10:39:52
875,1670,Mikhail Ivanov,M35-39,171,Open,Russia,1:08:51,3:59,5:38:55,3:09,3:45:03,10:39:57
876,2363,Davie Williamson,M18-24,17,Open,United Kingdom,1:08:20,5:33,5:42:53,4:19,3:39:01,10:40:06
877,1042,Lilian Prunel,M45-49,126,Open,France,52:14,4:03,5:42:26,5:28,3:56:00,10:40:11
878,586,David Ciaverella,M50-54,45,Open,United States,1:06:18,4:26,5:29:57,5:37,3:53:55,10:40:13
879,1813,Reka Brassay,F35-39,13,Female,Hungary,1:04:09,3:08,5:59:26,5:34,3:27:57,10:40:14
880,1112,Michael Whitesides,M45-49,127,Open,United States,1:17:36,3:39,5:33:40,3:29,3:41:56,10:40:20
881,585,Mauro Ciarrocchi,M50-54,46,Open,Italy,1:00:37,5:42,5:47:01,7:07,3:40:00,10:40:27
882,2015,Kevin Fleming,M30-34,136,Open,United States,1:03:06,4:42,5:31:14,4:45,3:57:05,10:40:52
883,700,John Potter,M50-54,47,Open,United States,56:59,2:58,5:37:30,4:30,3:58:58,10:40:55
884,1854,Ailsa MacDonald,F35-39,14,Female,Canada,1:20:24,3:36,5:34:53,4:53,3:37:11,10:40:57
885,1812,Briana Boehmer,F35-39,15,Female,United States,1:01:56,4:20,5:39:37,11:56,3:43:12,10:41:01
886,707,Mark Richardson,M50-54,48,Open,United Kingdom,1:03:46,3:58,5:26:49,5:25,4:01:13,10:41:11
887,2271,Sarah Casaubon,F25-29,16,Female,Canada,1:10:37,3:25,5:55:21,2:35,3:29:20,10:41:18
888,982,Arnaldo Laporte Junior,M45-49,128,Open,Brazil,1:02:12,5:51,5:42:19,7:01,3:43:57,10:41:20
889,2109,Emily Lanter,F30-34,19,Female,United States,1:09:03,3:24,5:26:48,2:56,3:59:11,10:41:22
890,649,Peter Jonsson,M50-54,49,Open,Sweden,1:06:33,4:37,5:38:36,5:43,3:45:53,10:41:22
891,1510,Andrea Hopkin,F40-44,8,Female,Australia,1:04:51,3:07,5:32:37,4:00,3:56:50,10:41:25
892,712,Volkmar Roth,M50-54,50,Open,Germany,1:04:11,6:10,5:30:35,8:17,3:52:19,10:41:32
893,2287,Mojca Hafner,F25-29,17,Female,Slovenia,1:08:22,3:03,5:46:45,4:03,3:39:20,10:41:33
894,1983,Ben Lindell,M30-34,137,Open,United States,1:03:58,3:49,5:28:34,5:02,4:00:12,10:41:35
895,1648,Marco Guarino,M35-39,172,Open,Switzerland,1:04:30,2:41,5:36:35,4:48,3:53:05,10:41:39
896,915,Joe Duckworth,M45-49,129,Open,United Kingdom,1:09:09,3:12,5:33:09,6:25,3:49:51,10:41:46
897,1569,Claire Young,F40-44,9,Female,Canada,1:11:23,5:11,5:45:58,4:05,3:35:13,10:41:50
898,2318,Kate Vernon,F25-29,18,Female,Australia,1:03:01,3:48,6:03:23,4:52,3:26:51,10:41:55
899,676,Jon Luurtsema,M50-54,51,Open,United States,1:04:47,4:32,5:37:45,4:57,3:49:55,10:41:56
900,693,Donald Oswalt,M50-54,52,Open,United States,1:14:51,3:49,5:52:07,6:06,3:25:31,10:42:24
901,837,Joe Abunassar,M45-49,130,Open,United States,57:30,5:33,5:37:34,7:17,3:54:32,10:42:26
902,2151,Zeljka Saban Milicic,F30-34,20,Female,Croatia,57:16,2:35,5:57:55,5:09,3:39:35,10:42:30
903,1383,Koen Overmars,M40-44,160,Open,Netherlands,1:07:13,3:59,5:24:39,5:40,4:01:08,10:42:39
904,578,David Buschkuehl,M50-54,53,Open,Australia,1:05:13,2:59,5:35:59,3:36,3:55:14,10:43:01
905,1563,Kim Webster,F40-44,10,Female,United States,1:06:34,4:51,5:54:17,4:12,3:33:08,10:43:02
906,1281,Guga Gennari,M40-44,161,Open,Brazil,1:08:31,3:44,5:31:45,5:17,3:54:03,10:43:20
907,2241,Kevin Sleegers,M25-29,81,Open,Netherlands,58:03,3:08,5:16:18,3:51,4:22:11,10:43:31
908,606,Karl Dossche,M50-54,54,Open,Belgium,1:07:36,4:58,5:44:05,6:44,3:40:09,10:43:32
909,1310,Sam Hobi,M40-44,162,Open,United States,1:04:57,4:34,5:25:17,5:08,4:03:44,10:43:40
910,1928,Matthew Davis,M30-34,138,Open,United States,1:10:22,3:26,5:26:34,4:20,3:58:58,10:43:40
911,1929,Jorge De Amorim Filho,M30-34,139,Open,Brazil,53:33,3:54,5:36:57,10:18,3:58:58,10:43:40
912,610,Roy Edwards,M50-54,55,Open,Australia,1:08:11,6:33,5:23:37,5:45,3:59:39,10:43:45
913,1411,Stephane Sauve,M40-44,163,Open,France,1:06:36,4:12,5:25:01,5:00,4:03:00,10:43:49
914,1655,Rodrigo Hecke Guimaraes,M35-39,173,Open,Brazil,1:12:36,4:42,5:32:30,9:33,3:44:31,10:43:52
915,1536,Carolina Ponce,F40-44,11,Female,Ecuador,1:06:26,4:01,5:46:29,2:49,3:44:15,10:44:00
916,623,Andreas Fuchs,M50-54,56,Open,Austria,1:22:44,3:12,5:28:10,3:54,3:46:06,10:44:06
917,2337,Jp Giblin,M18-24,18,Open,United States,55:43,4:07,5:55:29,6:21,3:42:33,10:44:13
918,2390,Kierra Sansome,F18-24,4,Female,Australia,1:07:30,3:23,6:01:43,3:05,3:28:36,10:44:17
919,1316,Jose Iturbide,M40-44,164,Open,Guatemala,1:07:09,3:54,5:45:12,3:34,3:44:31,10:44:20
920,1338,Takenobu Kobayashi,M40-44,165,Open,Japan,1:09:12,3:43,6:04:19,5:02,3:22:08,10:44:24
921,1749,Oscar Sanchez Gallego,M35-39,174,Open,Spain,1:11:54,5:06,5:43:08,4:29,3:39:56,10:44:33
922,1873,Sandra Sierakowski,F35-39,16,Female,United States,1:06:51,4:34,5:39:57,5:23,3:48:05,10:44:50
923,1564,Fiona Whitby,F40-44,12,Female,Canada,1:08:30,4:30,5:39:55,6:44,3:45:16,10:44:55
924,2060,Yasutaka Yoneda,M30-34,140,Open,Japan,1:07:28,4:59,5:48:10,7:01,3:37:21,10:44:59
925,1061,Rene Schaellig,M45-49,131,Open,Germany,1:02:55,3:48,5:27:32,4:25,4:06:19,10:44:59
926,1777,Ivan Tejero Vazquez,M35-39,175,Open,Spain,52:09,2:53,5:39:36,13:59,3:56:35,10:45:12
927,1488,Sandra Daenzer,F40-44,13,Female,Switzerland,1:09:05,3:32,5:36:08,4:46,3:52:10,10:45:41
928,2342,Caleb Knight,M18-24,19,Open,United States,1:02:35,4:31,5:17:55,3:52,4:16:49,10:45:42
929,1505,Serena Hammond,F40-44,14,Female,New Zealand,1:25:09,3:12,5:36:42,3:35,3:37:08,10:45:46
930,655,Michael Kimmann,M50-54,57,Open,Germany,1:06:20,4:02,5:41:43,6:47,3:46:54,10:45:46
931,427,Jose Ibanez De Aldecoa,M55-59,9,Open,Venezuela,1:21:42,4:13,5:40:25,3:54,3:35:42,10:45:56
932,695,Chris Peeters,M50-54,58,Open,United States,57:51,4:39,5:32:35,6:20,4:04:41,10:46:06
933,1841,Carrie Heidrich,F35-39,17,Female,United States,1:07:30,3:36,5:59:15,4:09,3:31:39,10:46:09
934,1750,Hiroshi Sanda,M35-39,176,Open,Japan,1:13:19,7:58,5:31:03,6:07,3:47:43,10:46:10
935,2086,Stella Foley,F30-34,21,Female,Australia,1:13:40,2:39,5:45:53,3:04,3:40:59,10:46:15
936,1696,Luca Marra,M35-39,177,Open,Italy,1:00:40,2:37,5:24:08,5:05,4:13:49,10:46:19
937,641,Guenter Hoerandner,M50-54,59,Open,Austria,1:05:01,3:10,5:17:32,4:03,4:17:02,10:46:48
938,2311,Judith Stadler,F25-29,19,Female,Germany,1:06:52,4:47,5:37:59,5:43,3:51:30,10:46:51
939,749,Udo Volz,M50-54,60,Open,Germany,1:12:09,3:45,5:36:59,5:25,3:48:33,10:46:51
940,1149,Fiona Ford,F45-49,3,Female,Australia,1:01:39,3:14,5:57:37,5:30,3:38:53,10:46:53
941,1102,Joseph Vallese,M45-49,132,Open,United States,1:04:13,2:56,5:17:11,6:42,4:15:58,10:47:00
942,1570,Beate Zschorlich,F40-44,15,Female,Germany,1:15:48,3:15,5:29:08,4:54,3:53:57,10:47:02
943,1205,Antonio Jose Adell Reverter,M40-44,166,Open,Spain,1:07:04,3:16,5:24:12,5:40,4:06:50,10:47:02
944,2116,Lindsay Ludlow,F30-34,22,Female,United States,1:04:34,4:04,5:56:25,4:23,3:37:37,10:47:03
945,2225,James Page,M25-29,82,Open,United Kingdom,1:01:10,3:43,5:22:24,3:44,4:16:04,10:47:05
946,798,Lisbeth Kenyon,F50-54,1,Female,Norway,1:04:33,4:09,5:42:56,3:50,3:51:45,10:47:13
947,848,Marek Antoniak,M45-49,133,Open,Estonia,1:22:07,4:39,5:34:41,5:37,3:40:18,10:47:22
948,1293,Lance Gramann,M40-44,167,Open,United States,1:04:44,3:17,5:34:36,4:27,4:00:20,10:47:24
949,2143,Liz Verheyden,F30-34,23,Female,Belgium,1:02:55,4:22,5:58:04,3:47,3:38:19,10:47:27
950,1663,Patrick Hopewell,M35-39,178,Open,United States,1:06:25,4:00,5:43:16,4:52,3:49:01,10:47:34
951,2168,Anthony Chan,M25-29,83,Open,United States,1:11:34,3:25,5:19:06,7:20,4:06:13,10:47:38
952,998,John McGrath,M45-49,134,Open,United States,1:03:17,5:19,5:36:05,6:34,3:56:27,10:47:42
953,637,Paul Hill,M50-54,61,Open,New Zealand,1:07:04,4:43,5:29:01,5:49,4:01:08,10:47:45
954,1328,Kristofer Johnson,M40-44,168,Open,United States,1:19:45,5:25,5:31:19,6:51,3:44:29,10:47:49
955,1330,Robert Johnston,M40-44,169,Open,Australia,54:56,3:33,5:20:29,4:44,4:24:11,10:47:53
956,466,Ken Raupach,M55-59,10,Open,Australia,1:31:41,4:08,5:39:38,5:22,3:27:08,10:47:57
957,1866,Erin Oswalt,F35-39,18,Female,United States,1:11:33,5:43,5:50:30,5:18,3:35:12,10:48:16
958,1400,Luke Rothey,M40-44,170,Open,United States,1:08:05,4:20,5:30:16,4:16,4:01:24,10:48:21
959,647,David Jones,M50-54,62,Open,United States,1:09:38,3:59,5:22:15,4:30,4:08:19,10:48:41
960,1720,Luiz Navas Junior,M35-39,179,Open,Brazil,55:51,2:57,5:20:18,4:09,4:25:29,10:48:44
961,733,Craig Sloan,M50-54,63,Open,Australia,1:01:14,6:26,5:36:06,5:33,3:59:27,10:48:46
962,1201,Kristin White,F45-49,4,Female,United States,1:03:25,2:57,5:46:26,3:43,3:52:17,10:48:48
963,1332,Eduardo Jurcevic,M40-44,171,Open,Brazil,1:00:34,6:19,5:42:15,6:38,3:53:09,10:48:55
964,941,Laurent Gouviaux,M45-49,135,Open,France,1:01:48,3:09,5:38:16,5:50,3:59:58,10:49:01
965,2077,Anna Damgaard,F30-34,24,Female,Denmark,1:14:26,3:47,5:37:53,3:38,3:49:23,10:49:07
966,951,Jonas Harvard,M45-49,136,Open,Sweden,1:05:15,4:15,5:43:20,4:26,3:51:58,10:49:14
967,1680,Hiroyuki Kobayashi,M35-39,180,Open,Japan,1:13:16,2:28,6:08:22,4:21,3:20:57,10:49:24
968,1893,Matthew Alderson,M30-34,141,Open,United Kingdom,1:10:54,3:48,5:45:51,4:43,3:44:11,10:49:27
969,684,Stephane Metais,M50-54,64,Open,France,1:05:20,4:15,5:27:51,5:06,4:06:59,10:49:31
970,1110,Mitch West,M45-49,137,Open,United States,1:03:22,4:01,5:20:55,4:27,4:16:51,10:49:36
971,1463,Dalibor Zrnic,M40-44,172,Open,Switzerland,1:04:40,5:08,5:30:34,4:28,4:04:49,10:49:39
972,981,Craig Lanza,M45-49,138,Open,United States,55:34,4:03,5:38:46,6:02,4:05:19,10:49:44
973,898,Paul Cupo,M45-49,139,Open,United States,1:09:00,3:52,5:38:25,2:47,3:56:04,10:50:08
974,1333,Scott Kean,M40-44,173,Open,Australia,1:03:51,3:19,5:39:54,6:01,3:57:12,10:50:17
975,2103,Rebecca Isabelle Kaltenmeier,F30-34,25,Female,Germany,1:15:31,2:50,5:46:46,2:01,3:43:22,10:50:30
976,1736,Frank Reimann,M35-39,181,Open,Germany,1:00:59,4:40,5:14:44,8:09,4:22:13,10:50:45
977,1267,Ed Doucet,M40-44,174,Open,Canada,1:12:31,4:40,5:23:44,4:01,4:05:53,10:50:49
978,595,Michael Davis,M50-54,65,Open,United States,52:15,3:38,5:36:25,7:32,4:11:02,10:50:52
979,844,Alo Alunurm,M45-49,140,Open,Estonia,1:02:51,7:01,5:11:50,6:59,4:22:14,10:50:55
980,1955,Marko Graenitz,M30-34,142,Open,Germany,1:13:49,3:20,5:24:14,5:21,4:04:14,10:50:58
981,1858,Mindy Moon,F35-39,19,Female,United States,1:01:23,3:23,5:57:49,5:13,3:43:16,10:51:04
982,985,Ivan Lenz,M45-49,141,Open,Switzerland,1:10:46,5:06,5:47:00,4:58,3:43:16,10:51:06
983,721,Stefan Schmid,M50-54,66,Open,Switzerland,1:09:13,5:35,5:31:06,6:31,3:58:42,10:51:07
984,2260,Tetsuya Yamamoto,M25-29,84,Open,Japan,1:14:42,3:37,5:47:22,4:01,3:41:29,10:51:11
985,1503,Linda Guinoiseau,F40-44,16,Female,France,1:05:46,3:17,6:04:56,6:56,3:30:21,10:51:16
986,1272,Matias Ezequiel Santos,M40-44,175,Open,Argentinia,1:04:50,4:42,5:17:34,5:34,4:18:37,10:51:17
987,2386,Stine Baekgaard Olsen,F18-24,5,Female,Denmark,1:10:28,2:40,5:52:55,4:34,3:40:44,10:51:21
988,1140,Susan Crowe,F45-49,5,Female,Australia,1:07:05,4:09,5:54:27,4:18,3:41:29,10:51:28
989,992,Chris Martin,M45-49,142,Open,United States,1:01:13,5:18,5:42:41,7:15,3:55:05,10:51:32
990,1531,Cailla Patterson,F40-44,17,Female,Canada,1:07:39,4:45,5:59:46,7:14,3:32:15,10:51:39
991,451,Perry Nation,M55-59,11,Open,Australia,58:22,3:21,5:38:01,4:16,4:07:46,10:51:46
992,1385,Matthew Pahnke,M40-44,176,Open,United States,1:17:09,5:35,5:30:53,7:29,3:50:41,10:51:47
993,468,James Richman,M55-59,12,Open,United States,1:24:33,5:15,5:41:45,7:00,3:33:20,10:51:53
994,2078,Pierangela Dezerega Trautmann,F30-34,26,Female,Chile,1:08:30,4:10,5:47:46,5:55,3:45:44,10:52:05
995,868,Arndt Bleimann,M45-49,143,Open,Germany,1:04:17,4:42,5:12:38,4:48,4:25:41,10:52:06
996,2232,Daniel Rapp,M25-29,85,Open,Germany,1:02:10,2:59,5:18:20,2:54,4:25:44,10:52:07
997,2320,Emily Watts,F25-29,20,Female,United States,1:07:44,3:09,5:45:05,2:39,3:53:32,10:52:09
998,979,Carsten Kunsken,M45-49,144,Open,Germany,58:45,3:10,5:31:45,5:08,4:13:56,10:52:44
999,1448,Frederic Vandeschoor,M40-44,177,Open,Belgium,1:05:07,4:54,5:14:47,4:44,4:23:17,10:52:49
1000,1524,Rebecca McKee,F40-44,18,Female,United States,1:12:36,3:26,5:49:02,3:43,3:44:15,10:53:02
1001,1080,James Stephenson,M45-49,145,Open,United States,59:58,5:30,5:28:27,7:46,4:11:36,10:53:17
1002,825,Iris Tiedeken,F50-54,2,Female,Germany,1:06:22,3:02,5:53:05,4:21,3:46:38,10:53:28
1003,2097,Claire Hooper-Bue,F30-34,27,Female,Australia,1:05:26,3:43,5:58:20,3:39,3:42:27,10:53:35
1004,1538,Johanna Priglinger,F40-44,19,Female,Austria,1:09:08,4:07,5:42:09,3:32,3:54:41,10:53:37
1005,1906,Frederico Bompeixe Bisetto,M30-34,143,Open,Brazil,55:51,2:46,5:59:37,5:44,3:49:39,10:53:37
1006,1898,Andreas Aschenbrenner,M30-34,144,Open,Germany,1:19:56,3:03,5:43:06,3:08,3:44:27,10:53:40
1007,1105,Simon Voz,M45-49,146,Open,Belgium,1:14:24,4:25,5:56:55,4:33,3:33:28,10:53:45
1008,1900,Brian Bachor,M30-34,145,Open,United States,1:12:56,4:08,5:27:13,4:58,4:04:40,10:53:55
1009,2290,Becky Hoare,F25-29,21,Female,United Kingdom,1:03:34,4:00,6:03:22,3:24,3:39:51,10:54:11
1010,2258,David Winton,M25-29,86,Open,United States,1:07:09,2:50,5:21:32,5:49,4:16:51,10:54:11
1011,1702,Kenny McDaniel,M35-39,182,Open,United States,1:07:54,4:57,5:13:32,4:54,4:22:57,10:54:14
1012,2099,Erin Humsi,F30-34,28,Female,United States,1:02:31,3:37,5:39:33,5:56,4:02:53,10:54:30
1013,689,Richard Newey,M50-54,67,Open,United Kingdom,1:07:34,5:10,5:29:28,4:16,4:08:04,10:54:32
1014,1844,Isabell Beck,F35-39,20,Female,Australia,1:12:12,4:05,5:47:20,3:05,3:47:53,10:54:35
1015,2416,John Ratzan,M40-44,178,Open,United States,1:04:05,4:27,5:42:30,6:03,3:57:32,10:54:37
1016,475,Klaus Rohracker,M55-59,13,Open,Germany,1:18:47,3:51,5:53:08,3:58,3:34:55,10:54:39
1017,1064,Jan Schneider Dr.,M45-49,147,Open,Germany,1:07:36,4:24,5:45:26,6:41,3:50:34,10:54:41
1018,2307,Amy Petermann,F25-29,22,Female,United States,1:11:26,5:42,5:44:32,5:25,3:47:48,10:54:53
1019,1532,Keri Pawielski,F40-44,20,Female,United States,1:18:23,4:02,5:19:32,3:56,4:09:10,10:55:03
1020,839,Chad Albright,M45-49,148,Open,United States,1:06:53,4:49,5:27:42,7:05,4:08:40,10:55:09
1021,686,Louis Moschetta,M50-54,68,Open,Italy,1:14:39,4:14,5:47:44,5:58,3:42:54,10:55:29
1022,1474,Nicole Bretting,F40-44,21,Female,Germany,1:08:56,3:24,5:46:12,3:40,3:53:24,10:55:36
1023,668,Guy Lefebvre,M50-54,69,Open,Canada,1:03:51,3:36,5:35:33,5:04,4:07:43,10:55:47
1024,1677,Jason Jones,M35-39,183,Open,United States,1:09:21,4:17,5:22:18,5:20,4:14:35,10:55:51
1025,1457,Andre Winkelhorst,M40-44,179,Open,Germany,1:25:01,3:44,5:34:23,4:10,3:48:37,10:55:55
1026,875,Richard Byyny,M45-49,149,Open,United States,57:35,4:38,5:40:34,4:02,4:09:12,10:56:01
1027,1194,Heidi Sowerby,F45-49,6,Female,Australia,1:04:08,4:01,5:54:50,5:41,3:47:21,10:56:01
1028,1800,Igor Yakushko,M35-39,184,Open,United States,1:18:00,4:06,5:45:02,5:24,3:43:32,10:56:04
1029,1637,Luis Feliz Cepedal,M35-39,185,Open,Spain,1:05:33,6:21,5:17:32,6:31,4:20:17,10:56:14
1030,880,Steeve Carpentier,M45-49,150,Open,Canada,1:01:42,2:48,5:51:31,5:21,3:54:56,10:56:18
1031,2125,Nynne Mortensen,F30-34,29,Female,Denmark,1:11:28,3:17,5:52:37,5:08,3:43:55,10:56:25
1032,1892,Nahuel Aldape,M30-34,146,Open,Argentinia,1:10:21,3:07,5:34:12,4:01,4:04:55,10:56:36
1033,1919,Thomas Comptdaer,M30-34,147,Open,France,1:06:16,5:35,5:31:02,4:32,4:09:29,10:56:54
1034,1240,Jason Cheshire,M40-44,180,Open,Australia,1:03:49,3:51,5:20:02,4:43,4:24:40,10:57:05
1035,1270,Solis Eduardo,M40-44,181,Open,Costa Rica,58:14,3:55,5:25:04,4:39,4:25:17,10:57:09
1036,1144,Desi Dickinson,F45-49,7,Female,South Africa,1:10:26,4:28,5:56:38,4:51,3:40:57,10:57:20
1037,697,Peter Roth,M50-54,70,Open,Germany,59:53,2:47,5:29:18,4:27,4:21:07,10:57:32
1038,2248,Iwabuchi Takashi,M25-29,87,Open,Japan,1:03:48,3:03,5:32:49,4:52,4:13:04,10:57:36
1039,705,Alessio Ravazzi,M50-54,71,Open,Italy,1:19:05,4:44,5:49:57,5:08,3:38:45,10:57:39
1040,1158,Dora Heller,F45-49,8,Female,Israel,1:26:32,5:16,5:40:30,6:38,3:38:45,10:57:41
1041,1078,Oliver Spagnol,M45-49,151,Open,France,1:08:54,3:02,5:19:50,5:53,4:20:09,10:57:48
1042,1628,Heath Eckersley,M35-39,186,Open,New Zealand,57:19,4:17,5:05:43,6:37,4:43:55,10:57:51
1043,621,John French,M50-54,72,Open,United Kingdom,1:19:34,6:37,5:48:19,6:13,3:37:12,10:57:55
1044,986,Benjamin Lesueur,M45-49,152,Open,United States,1:04:12,4:53,5:38:15,5:32,4:05:07,10:57:59
1045,2128,Eike Petersen,F30-34,30,Female,Germany,1:09:08,2:42,5:50:49,3:18,3:52:03,10:58:00
1046,716,Philippe Santato,M50-54,73,Open,France,1:12:53,5:14,5:36:38,7:37,3:55:44,10:58:06
1047,620,Mark Ford,M50-54,74,Open,United States,1:01:51,4:54,5:38:33,5:53,4:06:58,10:58:09
1048,1982,Guillaume Lehnert,M30-34,148,Open,France,58:24,3:00,5:49:29,5:02,4:02:16,10:58:11
1049,708,Norbert Rinnen,M50-54,75,Open,Germany,1:18:10,4:14,5:39:34,5:27,3:50:52,10:58:17
1050,2118,Pierina Luncio,F30-34,31,Female,Puerto Rico,1:01:47,3:01,5:53:20,3:57,3:56:20,10:58:25
1051,2111,Christina Lauer,F30-34,32,Female,United States,1:03:48,3:34,6:01:00,5:24,3:44:43,10:58:29
1052,1467,Angela Ballerini,F40-44,22,Female,Australia,1:07:45,4:51,6:01:08,4:08,3:40:41,10:58:33
1053,897,Darren Cronshaw,M45-49,153,Open,Australia,1:10:17,3:00,5:20:51,4:27,4:20:15,10:58:50
1054,442,Philip Madonia,M55-59,14,Open,Canada,1:18:16,4:07,5:38:31,3:57,3:54:00,10:58:51
1055,2068,Genevieve Belanger,F30-34,33,Female,Canada,1:05:53,3:44,6:00:50,3:17,3:45:15,10:58:59
1056,1365,Shinichiro Marui,M40-44,182,Open,Japan,1:07:08,4:03,5:51:05,5:22,3:51:27,10:59:05
1057,851,Joerg Arpke,M45-49,154,Open,Switzerland,1:06:21,3:42,5:44:51,4:51,3:59:24,10:59:09
1058,1352,Phil Lester,M40-44,183,Open,United Kingdom,1:10:05,4:02,5:44:31,4:03,3:56:40,10:59:21
1059,938,Sebastien Genty,M45-49,155,Open,France,1:16:49,4:12,5:52:33,4:33,3:41:20,10:59:27
1060,2403,David Mullaney,M50-54,76,Open,United States,1:13:25,5:49,5:34:32,6:06,3:59:39,10:59:31
1061,1449,Genjiro Wakayama,M40-44,184,Open,Japan,56:09,5:42,5:52:30,7:17,3:58:00,10:59:38
1062,1052,Peter Ronco,M45-49,156,Open,United States,1:06:02,3:08,5:24:36,5:05,4:20:54,10:59:45
1063,1808,Michelle Barnes,F35-39,21,Female,Canada,1:04:35,3:22,5:49:27,3:05,3:59:18,10:59:47
1064,2212,Jeffrey Louden,M25-29,88,Open,United States,1:06:24,3:10,5:12:23,4:22,4:33:29,10:59:48
1065,1529,Maija Oravamaki,F40-44,23,Female,Finland,1:21:41,3:54,5:47:54,5:25,3:41:28,11:00:22
1066,431,Michael Jensen,M55-59,15,Open,Denmark,1:22:34,3:48,5:34:49,4:37,3:54:39,11:00:27
1067,2266,Steph Barrett,F25-29,23,Female,Australia,58:26,3:55,5:42:18,5:19,4:10:37,11:00:35
1068,924,Michael Fairon,M45-49,157,Open,South Africa,1:01:29,4:03,5:37:14,6:29,4:11:28,11:00:43
1069,602,Frank Dietrich,M50-54,77,Open,Germany,1:09:27,4:34,5:45:48,5:05,3:55:53,11:00:47
1070,1937,Scott Dickie,M30-34,149,Open,Canada,1:04:24,3:54,5:25:44,4:30,4:22:18,11:00:50
1071,1074,Rick Sivertson,M45-49,158,Open,United States,53:47,3:29,5:46:40,5:33,4:11:22,11:00:51
1072,1497,Zoe Ferguson,F40-44,24,Female,Australia,1:03:21,5:22,5:49:35,6:37,3:55:57,11:00:52
1073,1665,Josh Horsager,M35-39,187,Open,United States,1:04:38,5:40,5:34:48,7:27,4:08:24,11:00:57
1074,1053,Marc Rosello,M45-49,159,Open,United States,1:07:11,3:39,5:28:01,7:10,4:15:01,11:01:02
1075,1851,Esther Leal Pareja,F35-39,22,Female,Spain,1:01:41,3:39,6:01:24,4:50,3:49:29,11:01:03
1076,1228,Aaron Burby,M40-44,185,Open,United States,1:04:42,4:57,5:28:51,4:36,4:18:02,11:01:08
1077,2308,Elise Portugal,F25-29,24,Female,Peru,56:07,3:44,5:48:52,4:11,4:08:21,11:01:15
1078,1024,Jonas Nilsson,M45-49,160,Open,Sweden,1:21:03,3:57,5:30:32,6:10,3:59:38,11:01:20
1079,2096,Christine Hoffmann,F30-34,34,Female,United States,1:13:35,3:18,5:51:41,3:19,3:49:28,11:01:21
1080,454,Kevin Nugent,M55-59,16,Open,United States,1:16:13,6:12,5:40:53,4:26,3:53:38,11:01:22
1081,1077,Edward Slovenkay,M45-49,161,Open,United States,1:01:25,4:27,5:41:56,6:23,4:07:11,11:01:22
1082,1712,Claudio Montejo,M35-39,188,Open,Chile,1:11:33,4:08,5:14:47,3:56,4:27:03,11:01:27
1083,1470,Kristina Beckendorf,F40-44,25,Female,Denmark,1:17:30,3:31,5:48:37,4:29,3:47:28,11:01:35
1084,1494,Jennifer Edwards,F40-44,26,Female,United States,1:05:54,5:44,5:46:35,6:07,3:57:26,11:01:46
1085,1543,Amanda Rossolimo,F40-44,27,Female,United States,1:04:22,4:30,5:52:13,3:59,3:57:06,11:02:10
1086,2355,Aj Reid,M18-24,20,Open,United States,57:57,4:45,5:30:57,6:05,4:22:33,11:02:17
1087,1124,Angela Bancroft,F45-49,9,Female,United States,1:01:28,5:02,6:10:58,7:51,3:37:13,11:02:32
1088,1881,Beate Van Loo-Born,F35-39,23,Female,Germany,1:14:02,4:23,5:46:33,6:08,3:51:35,11:02:41
1089,1048,Ken Rideout,M45-49,162,Open,United States,1:06:37,2:29,5:12:25,3:12,4:38:02,11:02:45
1090,1687,Brendan Loehr,M35-39,189,Open,United States,1:03:29,4:07,5:17:46,6:35,4:30:48,11:02:45
1091,1861,Ana Maria Naranjo,F35-39,24,Female,Colombia,1:10:26,4:52,5:59:02,3:34,3:44:57,11:02:51
1092,1660,Traveller Hill,M35-39,190,Open,United States,1:04:37,3:23,5:26:39,5:10,4:23:02,11:02:51
1093,1431,Tim Stutzer,M40-44,186,Open,Germany,1:08:17,4:22,5:17:15,6:10,4:26:47,11:02:51
1094,1065,Matti Schroderus,M45-49,163,Open,Canada,1:01:18,4:57,5:40:48,5:55,4:09:57,11:02:55
1095,1878,Jen Sturm,F35-39,25,Female,Australia,1:05:07,3:14,5:55:34,3:50,3:55:19,11:03:04
1096,1834,Luciana Haddad,F35-39,26,Female,Brazil,1:15:41,3:23,6:08:05,2:40,3:33:17,11:03:06
1097,1642,Samuel Froger,M35-39,191,Open,France,1:03:11,3:49,6:07:45,3:43,3:44:38,11:03:06
1098,1134,Michelle Boyes,F45-49,10,Female,Australia,1:06:57,2:28,5:52:44,4:13,3:56:55,11:03:17
1099,2298,Laerke Lilleoere,F25-29,25,Female,Denmark,58:32,3:03,5:50:26,3:23,4:08:05,11:03:29
1100,2105,Kayla Kielar,F30-34,35,Female,United States,1:03:29,3:44,6:01:17,4:03,3:51:04,11:03:37
1101,1573,Jason Allie,M35-39,192,Open,Australia,1:06:28,4:28,6:03:53,4:16,3:44:36,11:03:41
1102,1556,Nicole Strand,F40-44,28,Female,United States,1:05:44,5:41,6:01:12,5:05,3:46:02,11:03:44
1103,1266,Heath Dotson,M40-44,187,Open,United States,1:08:44,5:34,5:09:04,6:56,4:33:29,11:03:47
1104,724,Frank Schreiner,M50-54,78,Open,Germany,1:09:34,3:38,5:37:54,4:24,4:08:22,11:03:52
1105,885,Chris Maes,M45-49,164,Open,Belgium,1:19:38,3:51,5:29:46,6:37,4:04:05,11:03:57
1106,1506,Meagan Harvey,F40-44,29,Female,Australia,1:06:51,4:14,5:47:16,4:04,4:01:37,11:04:02
1107,308,Christian Meuser,M60-64,2,Open,Belgium,1:25:52,4:54,5:35:12,5:01,3:53:12,11:04:11
1108,677,Tim Lychy,M50-54,79,Open,Canada,1:13:23,5:05,5:44:53,5:50,3:55:06,11:04:17
1109,1839,Lauren Harrison,F35-39,27,Female,United States,1:05:40,3:22,5:56:33,4:59,3:53:49,11:04:23
1110,317,Russell O'Malley,M60-64,3,Open,Australia,1:02:16,6:50,6:07:55,5:53,3:41:29,11:04:23
1111,1534,Sandra Perin,F40-44,30,Female,France,1:03:30,3:09,5:51:28,5:39,4:00:38,11:04:24
1112,2148,Danielle Widenmann Mualchin,F30-34,36,Female,United States,1:05:36,4:00,5:55:09,6:25,3:53:21,11:04:31
1113,862,Bryan Bergman,M45-49,165,Open,United States,1:26:47,6:10,5:34:33,8:04,3:48:57,11:04:31
1114,1835,Ann Hammer,F35-39,28,Female,United States,1:02:05,4:34,5:36:25,4:42,4:16:47,11:04:33
1115,1487,Jackie Crofton,F40-44,31,Female,Australia,1:14:51,4:49,6:18:08,4:37,3:22:09,11:04:34
1116,2141,Katrine Trolle,F30-34,37,Female,Denmark,1:14:38,3:41,5:48:09,10:39,3:47:35,11:04:42
1117,2065,Laura Aykroyd,F30-34,38,Female,United States,1:13:00,4:22,5:59:14,4:17,3:43:50,11:04:43
1118,1193,Betina Schmidt,F45-49,11,Female,Denmark,1:07:05,3:55,5:58:38,3:32,3:51:55,11:05:05
1119,735,Antoni Smit,M50-54,80,Open,Netherlands,1:11:24,5:23,5:39:42,4:25,4:04:31,11:05:25
1120,1604,Rafael Cabral Ribeiro Da Silva,M35-39,193,Open,Brazil,1:03:04,5:22,5:31:53,6:17,4:18:53,11:05:29
1121,1309,Christian Hirner,M40-44,188,Open,Austria,1:05:50,3:58,5:45:20,4:01,4:06:29,11:05:38
1122,477,Paul Rowse,M55-59,17,Open,Australia,1:12:13,3:58,5:39:49,3:29,4:06:15,11:05:44
1123,2350,Sebastian Munro,M18-24,21,Open,Canada,58:31,2:36,5:16:49,3:54,4:43:54,11:05:44
1124,2368,Kayla Coleman,F18-24,6,Female,United States,1:02:03,2:52,6:08:26,5:08,3:47:16,11:05:45
1125,836,Eric Abecassis,M45-49,166,Open,France,1:14:35,4:02,5:51:18,7:09,3:48:42,11:05:46
1126,502,Kyle Welch,M55-59,18,Open,United States,57:36,3:00,5:35:58,4:33,4:24:47,11:05:54
1127,1568,Laura Yost,F40-44,32,Female,United States,1:15:50,3:00,6:03:55,3:49,3:39:20,11:05:54
1128,2375,Valentine Filleul,F18-24,7,Female,France,1:11:24,3:15,5:51:05,3:07,3:57:03,11:05:54
1129,1453,Claes Wikdahl,M40-44,189,Open,Sweden,1:16:58,3:46,5:38:42,4:09,4:02:20,11:05:55
1130,2254,Adam Ward,M25-29,89,Open,Canada,1:03:18,2:49,5:07:53,3:23,4:48:33,11:05:56
1131,2329,Luke Davis,M18-24,22,Open,United States,1:04:58,2:56,5:58:49,10:07,3:49:11,11:06:01
1132,1490,Alison Davies,F40-44,33,Female,Canada,1:14:08,5:18,6:03:39,4:49,3:38:14,11:06:08
1133,1182,Becky Paige,F45-49,12,Female,United States,1:02:43,3:42,5:55:54,4:01,3:59:57,11:06:17
1134,304,Jurg Mallepell,M60-64,4,Open,Switzerland,1:02:40,6:17,5:30:17,4:27,4:22:37,11:06:18
1135,906,Denis Del Bianco,M45-49,167,Open,Italy,1:14:33,4:55,5:40:56,3:55,4:02:04,11:06:23
1136,1041,Alexandre Poltronieri Campos,M45-49,168,Open,Brazil,1:03:48,3:11,5:55:49,5:52,3:57:50,11:06:30
1137,2162,Benjamin Baxter,M25-29,90,Open,United States,1:00:09,6:24,5:43:42,7:43,4:08:34,11:06:32
1138,1836,Claudia Harcus,F35-39,29,Female,South Africa,1:06:11,6:08,5:50:01,7:25,3:56:58,11:06:43
1139,2336,Tom Gersekowski,M18-24,23,Open,Australia,1:01:07,4:48,5:25:06,4:02,4:31:46,11:06:49
1140,1464,Audra Adair,F40-44,34,Female,United States,1:11:25,2:52,5:34:21,3:25,4:14:49,11:06:52
1141,1484,Jeanna Chain,F40-44,35,Female,United States,1:04:12,3:40,5:48:00,5:02,4:06:10,11:07:04
1142,1486,Cristina Sroni,F40-44,36,Female,Italy,1:08:47,4:03,5:55:50,4:25,3:54:10,11:07:15
1143,440,Patrick Le Meur,M55-59,19,Open,France,1:08:00,4:21,5:50:20,4:31,4:00:05,11:07:17
1144,1475,Kristen Bridges,F40-44,37,Female,Canada,1:11:33,3:24,5:40:53,5:02,4:06:26,11:07:18
1145,2055,James Wilson,M30-34,150,Open,United Kingdom,1:14:15,4:24,5:24:50,5:48,4:18:10,11:07:27
1146,1059,Jason Sandquist,M45-49,169,Open,Canada,57:54,3:50,5:23:21,5:24,4:37:16,11:07:45
1147,2367,Leah Carroll,F18-24,8,Female,United States,1:08:58,4:37,5:56:25,4:40,3:53:08,11:07:48
1148,2358,Xavier Santana,M18-24,24,Open,Puerto Rico,54:47,3:49,5:27:58,11:11,4:30:09,11:07:54
1149,2382,Paula Ponte Moreira,F18-24,9,Female,Brazil,59:25,3:35,5:48:47,5:02,4:11:07,11:07:56
1150,747,Bernard Tourigny,M50-54,81,Open,Canada,1:10:28,3:41,6:13:10,2:57,3:37:46,11:08:02
1151,2360,Michael Stribling,M18-24,25,Open,United States,1:08:38,5:04,5:41:22,4:24,4:08:36,11:08:04
1152,1815,Dana Bullard,F35-39,30,Female,United States,1:11:16,4:33,6:02:51,3:54,3:45:45,11:08:19
1153,2279,Marisol Franco,F25-29,26,Female,Mexico,1:08:49,2:56,6:08:16,3:43,3:44:40,11:08:24
1154,2117,Melanie Ludorf,F30-34,39,Female,Germany,1:04:12,4:03,5:59:37,5:05,3:55:28,11:08:25
1155,2359,Hiraya Shun,M18-24,26,Open,Japan,1:06:54,5:55,5:56:24,5:01,3:54:18,11:08:32
1156,754,Mark Woodhouse,M50-54,82,Open,Canada,1:06:23,5:15,5:53:48,3:57,3:59:15,11:08:38
1157,935,Jorgen Gam-Jorgensen,M45-49,170,Open,Denmark,1:10:32,5:47,5:32:03,4:00,4:16:21,11:08:43
1158,832,Kathy Winkler,F50-54,3,Female,United States,1:01:33,3:18,6:02:53,3:59,3:57:02,11:08:45
1159,2079,Barbara Duarte De Oliveira,F30-34,40,Female,Brazil,1:06:29,4:59,6:08:08,6:15,3:43:15,11:09:06
1160,428,Kunihiro Imai,M55-59,20,Open,Japan,1:26:29,8:20,5:49:52,7:17,3:37:09,11:09:07
1161,1170,Minna Lahtinen,F45-49,13,Female,Finland,1:11:55,6:00,6:01:10,7:31,3:42:36,11:09:12
1162,719,Jurgen Schellander,M50-54,83,Open,Austria,1:14:37,4:42,5:27:50,7:12,4:15:11,11:09:32
1163,2417,Mark Samuel,M40-44,190,Open,United States,1:06:37,4:02,5:21:40,4:43,4:32:35,11:09:37
1164,2345,Benjamin Maas,M18-24,27,Open,United States,1:13:56,4:41,6:11:02,6:14,3:33:47,11:09:40
1165,1350,Paul Lee,M40-44,191,Open,United Kingdom,1:02:17,6:47,5:14:23,8:16,4:38:25,11:10:08
1166,2281,Elyse Gallegos,F25-29,27,Female,United States,1:06:27,4:17,5:54:00,4:02,4:01:23,11:10:09
1167,1886,Silvia Weishaupl,F35-39,31,Female,Germany,1:04:39,2:59,5:53:01,3:33,4:06:02,11:10:14
1168,2004,Jd Neill,M30-34,151,Open,South Africa,58:29,4:22,5:42:14,6:00,4:19:11,11:10:16
1169,436,Andrej Kozlowski,M55-59,21,Open,Poland,1:16:10,5:15,5:52:23,7:26,3:49:13,11:10:27
1170,2088,Silke Freynhagen,F30-34,41,Female,Germany,1:24:19,3:50,5:51:52,4:37,3:45:56,11:10:34
1171,1632,Edwin Espinoza,M35-39,194,Open,Venezuela,1:03:14,5:00,5:51:28,6:33,4:04:19,11:10:34
1172,1388,Yann Payen,M40-44,192,Open,France,1:13:29,3:26,5:38:17,7:12,4:08:13,11:10:37
1173,1362,Marc Marin Ginesta,M40-44,193,Open,Spain,1:01:16,4:08,5:41:43,8:35,4:14:59,11:10:41
1174,692,Howie Nordstrom,M50-54,84,Open,Sweden,1:10:21,3:04,5:40:29,3:38,4:13:14,11:10:46
1175,1880,Stacey Van Der Meulen,F35-39,32,Female,Australia,1:08:30,4:11,6:05:03,4:08,3:48:56,11:10:48
1176,900,Kevin Dawson,M45-49,171,Open,United Kingdom,1:14:48,5:38,5:07:46,8:24,4:34:28,11:11:04
1177,2340,Alexander Jackson,M18-24,28,Open,Australia,55:33,4:05,5:41:01,6:07,4:24:21,11:11:07
1178,1056,Michael Rushton,M45-49,172,Open,United States,1:10:05,2:38,5:03:06,2:48,4:52:30,11:11:07
1179,1489,Vikki D'Arcy,F40-44,38,Female,United Kingdom,1:13:56,3:14,6:01:05,4:12,3:48:46,11:11:13
1180,656,Joel Kinnunen,M50-54,85,Open,United States,1:12:29,4:29,5:40:14,5:04,4:09:00,11:11:16
1181,461,Alain Perroteau,M55-59,22,Open,France,1:16:32,4:35,5:30:08,8:30,4:11:34,11:11:19
1182,2089,Sara Gibson,F30-34,42,Female,United States,58:35,4:04,6:13:03,6:12,3:49:26,11:11:20
1183,1054,Ole Rosengren,M45-49,173,Open,Norway,1:22:53,6:07,5:43:49,5:02,3:53:39,11:11:30
1184,2303,Megan Morley,F25-29,28,Female,Canada,1:19:56,3:38,6:04:15,3:29,3:40:18,11:11:36
1185,1508,Victoria Hill,F40-44,39,Female,United Kingdom,1:19:52,4:48,6:16:47,5:12,3:25:00,11:11:39
1186,2106,Renee Kiley,F30-34,43,Female,Australia,1:07:02,4:38,5:27:44,5:07,4:27:14,11:11:45
1187,838,Emile Boey Alam,M45-49,174,Open,Australia,1:11:15,6:54,5:48:12,5:57,3:59:30,11:11:48
1188,841,Pablo Alejandro Durante,M45-49,175,Open,Argentinia,1:06:38,3:35,5:56:18,4:04,4:01:50,11:12:25
1189,1809,Cynthia Bartus,F35-39,33,Female,United States,1:10:33,3:40,5:52:01,3:54,4:02:23,11:12:31
1190,1485,Melisa Christian,F40-44,40,Female,United States,1:12:29,4:20,6:02:38,4:27,3:48:41,11:12:35
1191,573,John Birkelo,M50-54,86,Open,United States,1:25:01,4:00,5:46:05,6:03,3:51:36,11:12:45
1192,1175,Erin McCarty-Weiler,F45-49,14,Female,United States,59:20,3:28,5:52:46,6:36,4:10:36,11:12:46
1193,2076,Camilla Cullum,F30-34,44,Female,Denmark,1:14:15,3:18,6:06:50,5:03,3:43:27,11:12:53
1194,773,Kelly Dippold,F50-54,4,Female,United States,59:23,4:24,5:54:01,8:32,4:06:40,11:13:00
1195,1452,Bradley Wedemeyer,M40-44,194,Open,United States,1:03:34,7:55,6:05:41,7:15,3:48:41,11:13:06
1196,1347,Benjamin Larsson,M40-44,195,Open,Australia,1:04:54,3:58,5:08:28,4:07,4:51:55,11:13:22
1197,588,John Clubb,M50-54,87,Open,Canada,1:19:25,3:17,6:00:31,4:06,3:46:11,11:13:30
1198,1084,Alex Stubb,M45-49,176,Open,Finland,1:11:09,4:49,5:39:05,6:40,4:11:49,11:13:32
1199,1114,Paul Worroll,M45-49,177,Open,Australia,1:01:18,4:49,5:53:03,4:42,4:09:47,11:13:39
1200,1859,Valerie Morwood,F35-39,34,Female,Canada,1:20:00,4:17,5:55:08,7:03,3:47:12,11:13:40
1201,1539,Birgit Querdel,F40-44,41,Female,Germany,1:06:46,3:06,6:09:51,5:01,3:49:00,11:13:44
1202,682,David Meller,M50-54,88,Open,United Kingdom,1:10:50,4:20,5:51:29,5:27,4:01:44,11:13:50
1203,1816,Livia Bustamante,F35-39,35,Female,Brazil,1:12:11,3:01,6:01:46,3:04,3:53:49,11:13:51
1204,671,Gustavo Alfonso Lezama Gonzalez,M50-54,89,Open,Mexico,1:02:33,4:22,5:42:40,6:43,4:17:33,11:13:51
1205,1367,Alistair McVeigh,M40-44,196,Open,United Kingdom,1:12:36,3:08,5:39:27,5:28,4:13:16,11:13:55
1206,1157,Marion Hebding,F45-49,15,Female,Germany,1:15:00,3:49,5:49:23,3:43,4:02:06,11:14:01
1207,2072,Michelle Bollmann,F30-34,45,Female,Switzerland,1:08:36,4:26,6:03:00,4:50,3:53:15,11:14:07
1208,1545,Pia Scaroni,F40-44,42,Female,United States,1:12:59,4:06,5:39:35,3:56,4:13:35,11:14:11
1209,2265,Kristine Arnborg,F25-29,29,Female,Denmark,1:16:58,4:21,5:38:19,5:07,4:09:34,11:14:19
1210,2071,Magdalena Biskupska,F30-34,46,Female,Poland,1:07:12,3:48,6:09:05,5:23,3:48:52,11:14:20
1211,1473,Carmen Brahim,F40-44,43,Female,Spain,58:41,3:06,5:51:14,4:20,4:17:07,11:14:28
1212,1998,Leonardo Mello,M45-49,178,Open,Brazil,53:10,4:19,5:48:48,4:53,4:23:22,11:14:32
1213,1662,Nanda Holyoak,M35-39,195,Open,Australia,1:16:59,5:03,5:43:04,8:10,4:01:39,11:14:55
1214,1533,Flavia Pedreira Rocha,F40-44,44,Female,Brazil,1:06:24,5:19,6:14:39,4:06,3:44:32,11:15:00
1215,2251,Ryan Twist,M25-29,91,Open,Australia,1:01:19,4:49,5:17:12,4:41,4:47:12,11:15:13
1216,2276,Morgan Davis,F25-29,30,Female,United States,58:04,4:22,6:01:30,4:10,4:07:30,11:15:36
1217,1807,Rebecca Bader,F35-39,36,Female,United States,1:21:31,4:02,6:10:31,4:28,3:35:05,11:15:37
1218,967,Peter Jonsson,M45-49,179,Open,Sweden,1:04:53,3:50,5:00:06,5:30,5:01:24,11:15:43
1219,1060,Chris Schafferius,M45-49,180,Open,Australia,59:49,4:56,5:42:24,5:13,4:23:24,11:15:46
1220,1132,Jordan Blanco,F45-49,16,Female,United Kingdom,1:10:30,4:56,5:39:56,4:43,4:15:47,11:15:52
1221,869,Philippe Bonnet Badille,M45-49,181,Open,France,1:05:19,3:44,6:00:14,6:19,4:00:42,11:16:18
1222,1732,David Plotts,M35-39,196,Open,United States,1:07:06,3:25,5:33:23,3:43,4:28:46,11:16:23
1223,446,Paul McGlynn,M55-59,23,Open,Australia,1:02:31,6:23,5:45:16,5:02,4:17:31,11:16:43
1224,843,Troy Allaby,M45-49,182,Open,Canada,1:13:47,3:14,5:57:43,5:56,3:56:05,11:16:45
1225,1870,Emily Rollins,F35-39,37,Female,United States,1:12:41,4:27,6:01:36,6:47,3:51:26,11:16:57
1226,576,Graham Bruce,M50-54,90,Open,Australia,52:10,3:46,5:36:55,3:58,4:40:11,11:17:00
1227,1313,Lee Hunt,M40-44,197,Open,United States,1:09:01,3:11,5:42:51,6:06,4:15:56,11:17:05
1228,303,Niels Madsen,M60-64,5,Open,New Zealand,1:04:56,3:09,5:34:30,7:05,4:27:38,11:17:18
1229,1814,Sophie Bubb,F35-39,38,Female,United Kingdom,1:06:44,3:09,6:16:20,4:48,3:46:45,11:17:46
1230,730,Kazuhito Shiraishi,M50-54,91,Open,Japan,1:14:36,2:57,6:07:01,3:49,3:49:38,11:18:01
1231,438,Manfred Latini,M55-59,24,Open,Austria,1:30:58,3:28,6:06:03,4:29,3:33:10,11:18:08
1232,1436,Bruno Tempesta,M40-44,198,Open,Brazil,1:06:38,4:32,5:33:02,5:37,4:28:24,11:18:13
1233,1397,Elano Barbosa Ribeiro,M40-44,199,Open,Brazil,1:09:24,3:22,5:34:11,3:55,4:27:25,11:18:17
1234,619,John Flood,M50-54,92,Open,Australia,1:05:49,2:52,5:01:43,3:50,5:04:06,11:18:20
1235,674,Dave Lundberg,M50-54,93,Open,United States,1:12:04,5:53,5:36:12,4:06,4:20:25,11:18:40
1236,2293,Stephanie Knast,F25-29,31,Female,United States,1:04:15,4:33,5:55:43,5:20,4:08:57,11:18:48
1237,635,Steffan Hamer,M50-54,94,Open,Germany,1:19:06,4:27,5:43:51,4:19,4:07:08,11:18:51
1238,2063,Lindsey Amerson,F30-34,47,Female,United States,1:05:41,3:36,5:47:35,5:05,4:17:10,11:19:07
1239,1565,Robin White,F40-44,45,Female,United States,1:02:04,4:59,6:09:45,5:49,3:56:39,11:19:16
1240,487,Gerry Steinberg,M55-59,25,Open,Germany,1:21:01,3:42,5:52:16,3:55,3:58:25,11:19:19
1241,1087,Yoshio Tahara,M45-49,183,Open,Japan,1:02:05,6:02,6:12:14,4:25,3:54:33,11:19:19
1242,2138,Zoe Smith,F30-34,48,Female,United Kingdom,1:05:38,4:20,6:16:55,5:50,3:46:37,11:19:20
1243,858,Jochen Baumgarten,M45-49,184,Open,Germany,1:05:16,4:01,5:40:31,6:26,4:23:12,11:19:26
1244,854,Steven Backhouse,M45-49,185,Open,Australia,1:07:49,6:23,5:49:40,7:30,4:08:06,11:19:28
1245,599,Etienne Delente,M50-54,95,Open,France,1:06:45,4:16,5:48:12,5:54,4:14:23,11:19:30
1246,2100,Jennifer Johnson,F30-34,49,Female,United States,1:06:47,4:42,6:02:19,3:22,4:02:21,11:19:31
1247,1803,Georgia Alexander,F35-39,39,Female,United States,1:11:17,4:58,6:02:46,6:27,3:54:10,11:19:38
1248,1455,Brendan Wills,M40-44,200,Open,United States,1:01:44,3:29,5:23:27,4:02,4:46:57,11:19:39
1249,1100,Rocky Ursino,M45-49,186,Open,United States,1:07:22,4:41,5:55:55,7:01,4:04:56,11:19:55
1250,375,Amy Krakauer,F30-34,50,Female,United States,57:02,2:42,6:08:51,3:59,4:07:22,11:19:56
1251,1846,Petra Jirankova,F35-39,40,Female,Czech Republic,1:16:03,2:46,5:59:35,5:12,3:56:25,11:20:01
1252,1840,Kim Heger,F35-39,41,Female,South Africa,1:06:48,3:12,5:47:54,4:06,4:18:09,11:20:09
1253,2354,Braden Pleckaitis,M18-24,29,Open,Lithuania,1:00:57,6:24,5:45:21,6:18,4:21:18,11:20:18
1254,822,Kate Stebbings,F50-54,5,Female,Canada,1:21:43,3:52,6:08:58,3:41,3:42:09,11:20:23
1255,1973,Adam Krzesinski,M30-34,152,Open,United States,1:00:36,4:14,5:27:54,4:21,4:43:25,11:20:30
1256,687,Koji Muroya,M50-54,96,Open,Japan,1:08:06,4:02,6:03:07,6:04,3:59:16,11:20:35
1257,2365,Line Bonde,F18-24,10,Female,Denmark,1:16:15,3:13,5:49:36,6:01,4:05:35,11:20:40
1258,2322,Yuichi Akiyama,M18-24,30,Open,Japan,1:13:21,5:23,5:40:01,5:23,4:16:42,11:20:50
1259,904,Patrick De Vries,M45-49,187,Open,Netherlands,1:05:15,4:30,5:23:25,5:34,4:42:13,11:20:57
1260,1631,Jonathan Erdelyi,M35-39,197,Open,United States,1:14:36,3:51,5:40:24,6:24,4:15:55,11:21:10
1261,2112,Caroline Lea,F30-34,51,Female,United States,1:19:54,4:49,5:36:21,5:36,4:14:31,11:21:11
1262,1909,Guillaume Brocco,M30-34,153,Open,France,59:44,4:05,5:35:00,6:07,4:36:41,11:21:37
1263,845,Ian Anderson,M45-49,188,Open,United Kingdom,1:07:17,3:54,5:35:14,5:29,4:29:45,11:21:39
1264,1845,Zhanna Ivashchanka,F35-39,42,Female,Belarus,1:26:07,3:40,6:03:35,4:39,3:43:53,11:21:54
1265,1389,Ammon Piepgrass,M40-44,201,Open,Canada,1:12:59,3:29,5:34:04,6:42,4:24:42,11:21:56
1266,972,Stephen Kinsey,M45-49,189,Open,United States,1:03:56,2:50,5:26:10,9:18,4:39:54,11:22:08
1267,496,Carlos Viana,M55-59,26,Open,Brazil,1:08:03,7:05,6:00:07,7:20,3:59:38,11:22:13
1268,1869,Nicole Robertson,F35-39,43,Female,Australia,1:04:02,4:40,5:55:52,6:37,4:11:04,11:22:15
1269,1496,Desiree Falk Olsson,F40-44,46,Female,Sweden,1:21:26,3:35,5:50:50,4:09,4:02:21,11:22:21
1270,717,Robin Sarner,M50-54,97,Open,United States,1:07:12,5:55,5:49:20,9:09,4:10:57,11:22:33
1271,569,Fredrik Baving,M50-54,98,Open,Sweden,1:19:25,4:38,5:59:46,6:08,3:52:38,11:22:35
1272,1271,Ian Edwards,M40-44,202,Open,Australia,1:01:01,4:24,5:20:21,5:57,4:50:55,11:22:38
1273,1239,Pedro Carvalho De Berredo,M40-44,203,Open,United States,55:47,4:12,5:09:58,7:32,5:05:15,11:22:44
1274,1544,Rosa Isela Sagrero Rodriguez,F40-44,47,Female,Mexico,1:08:38,3:23,6:12:12,6:11,3:52:31,11:22:55
1275,333,Brett Stewart,M60-64,6,Open,Australia,1:12:33,6:36,5:24:44,7:52,4:31:16,11:23:01
1276,1451,Mark Webb,M40-44,204,Open,United States,1:12:25,3:26,5:53:29,4:34,4:09:10,11:23:04
1277,1555,Romy Stotz,F40-44,48,Female,Germany,1:14:07,3:37,5:49:42,5:29,4:10:12,11:23:07
1278,1504,Ines Gunnewig,F40-44,49,Female,Germany,1:12:14,4:40,5:58:09,4:43,4:03:29,11:23:15
1279,257,Gian Marco Tironi,M65-69,1,Open,Italy,1:15:18,3:33,6:02:06,2:56,3:59:23,11:23:16
1280,1468,Gry Bandholm,F40-44,50,Female,Denmark,1:18:22,4:50,6:18:05,5:03,3:37:44,11:24:04
1281,2278,Marina Fleming,F25-29,32,Female,United States,1:12:57,3:49,6:19:28,3:47,3:44:16,11:24:17
1282,1126,Heidi Bathum,F45-49,17,Female,United States,57:15,4:55,6:11:20,6:07,4:04:46,11:24:23
1283,2131,Laurel Richardson,F30-34,52,Female,Canada,1:05:43,4:15,6:17:27,6:31,3:50:30,11:24:26
1284,1708,Santiago Mendonca,M35-39,198,Open,Brazil,1:01:27,3:23,5:38:53,4:17,4:36:46,11:24:46
1285,1829,Lee-Anne Flugel,F35-39,44,Female,Australia,1:21:42,3:18,5:45:17,4:20,4:10:20,11:24:57
1286,1495,Sophie Evans,F40-44,51,Female,Canada,1:12:33,5:48,5:48:42,6:21,4:11:37,11:25:01
1287,1522,Julie Martens,F40-44,52,Female,Canada,1:10:50,5:06,5:47:45,8:10,4:13:18,11:25:09
1288,1824,Nancy Dickinson,F35-39,45,Female,United States,1:09:02,4:28,6:09:16,3:12,3:59:20,11:25:18
1289,1562,Rachel Tobey,F40-44,53,Female,United States,1:01:43,3:42,6:09:38,7:31,4:02:45,11:25:19
1290,1832,Katharina Groelz,F35-39,46,Female,Germany,1:20:11,4:01,5:56:42,7:25,3:57:01,11:25:20
1291,494,John Van Heyst,M55-59,27,Open,Canada,1:12:29,6:40,5:36:14,6:19,4:23:41,11:25:23
1292,1860,Ines Najvirt,F35-39,47,Female,Slovenia,1:21:32,3:34,6:09:58,2:58,3:47:27,11:25:29
1293,788,Keri Houston,F50-54,6,Female,New Zealand,1:14:59,4:34,6:11:53,4:24,3:49:46,11:25:36
1294,1883,Megan Webber,F35-39,48,Female,Australia,1:05:47,3:39,6:20:48,3:43,3:51:40,11:25:37
1295,1818,Sara Carlson,F35-39,49,Female,United States,1:14:05,2:19,6:05:39,4:26,3:59:14,11:25:43
1296,710,Terry Roberts,M50-54,99,Open,Australia,1:07:40,3:26,5:49:29,4:22,4:21:01,11:25:58
1297,611,Oliver El Borgi,M50-54,100,Open,Germany,1:01:11,3:18,5:51:46,5:19,4:24:28,11:26:02
1298,2270,Melissa Camacho,F25-29,33,Female,Costa Rica,1:33:11,4:09,6:07:27,10:42,3:30:41,11:26:10
1299,2288,Nicole Heininger,F25-29,34,Female,United States,1:02:36,3:51,5:55:22,4:42,4:19:44,11:26:15
1300,166,Jason Fowler,HC,1,,United States,1:21:41,4:22,7:34:55,5:40,,11:26:22
1301,276,Koji Akahama,M60-64,7,Open,Japan,1:17:45,3:49,6:19:43,3:41,3:41:26,11:26:24
1302,430,Maurice Vito Inzirillo,M55-59,28,Open,Switzerland,1:25:23,3:42,6:09:31,7:47,3:40:12,11:26:35
1303,630,James Graham,M50-54,101,Open,United Kingdom,1:27:49,4:35,5:55:52,4:52,3:53:34,11:26:42
1304,1822,Rosecler Costa,F35-39,50,Female,Brazil,1:07:00,2:59,5:47:45,3:34,4:25:25,11:26:43
1305,2061,Katharina Abbing,F30-34,53,Female,Germany,1:18:50,3:12,5:28:09,3:26,4:33:10,11:26:47
1306,1422,Loc Spann-Ly,M40-44,205,Open,United States,1:10:44,4:25,6:00:40,6:16,4:04:43,11:26:48
1307,1848,Erin Klegstad,F35-39,51,Female,United States,1:09:13,4:56,5:54:13,4:25,4:14:22,11:27:09
1308,296,Thierry Girard,M60-64,8,Open,France,1:22:28,6:03,5:45:20,6:38,4:06:42,11:27:11
1309,1827,Tina Fastesson,F35-39,52,Female,Sweden,1:06:56,4:02,5:53:43,3:17,4:19:15,11:27:13
1310,302,Kurt Madden,M60-64,9,Open,United States,1:01:32,3:46,5:50:10,5:37,4:26:24,11:27:29
1311,1032,Santiago Pacheco,M45-49,190,Open,Mexico,55:57,3:02,5:53:18,5:07,4:30:08,11:27:32
1312,2075,Fiona Coyle,F30-34,54,Female,Australia,1:04:18,5:14,5:52:52,9:52,4:15:45,11:28:01
1313,1093,Fabrizio Terrinoni,M45-49,191,Open,Italy,1:08:07,3:11,6:03:50,6:33,4:06:20,11:28:01
1314,738,Jeff Sturd,M50-54,102,Open,United States,1:11:54,4:33,5:54:53,4:34,4:12:13,11:28:07
1315,756,Naoto Yoshimura,M50-54,103,Open,Japan,1:20:48,4:22,5:46:01,5:41,4:11:20,11:28:12
1316,1691,Carl Lowenborg,M35-39,199,Open,Australia,1:10:28,4:45,5:24:45,7:11,4:41:16,11:28:25
1317,497,Franck Vuaillat,M55-59,29,Open,France,1:07:10,5:54,6:14:05,4:56,3:56:25,11:28:30
1318,1492,Isabelle De Wulf,F40-44,54,Female,Belgium,1:08:04,3:42,5:53:48,4:18,4:18:38,11:28:30
1319,2300,Mathilde Magniez,F25-29,35,Female,France,1:05:42,4:22,5:40:47,5:53,4:31:54,11:28:38
1320,1183,Karen Paxton,F45-49,18,Female,United States Minor Outlying Islands,1:01:38,4:24,5:58:40,5:38,4:18:20,11:28:40
1321,453,Haavard Nordgaard,M55-59,30,Open,Norway,1:19:48,4:46,5:45:50,4:58,4:13:20,11:28:42
1322,2379,Jen Koester,F18-24,11,Female,United States,1:13:02,4:59,5:53:36,4:23,4:12:44,11:28:44
1323,2289,Jenna Henning,F25-29,36,Female,Ireland,1:17:43,4:04,5:40:17,6:30,4:20:23,11:28:57
1324,218,Robert Allemann,M65-69,2,Open,New Zealand,1:23:36,5:32,5:58:50,5:38,3:55:26,11:29:02
1325,346,Johann Zemanek,M60-64,10,Open,Austria,1:18:22,5:31,5:52:37,6:22,4:06:10,11:29:02
1326,1147,Friederike Edelmann,F45-49,19,Female,Germany,1:04:04,3:24,6:21:27,3:26,3:56:52,11:29:13
1327,778,Sara Fix,F50-54,7,Female,United States,1:21:18,4:24,6:04:37,4:30,3:54:30,11:29:19
1328,2306,Katie O'Connor,F25-29,37,Female,United States,1:07:14,7:07,6:02:24,13:10,3:59:27,11:29:22
1329,1442,Travis Turner,M40-44,206,Open,United States,1:03:21,3:42,5:36:19,5:57,4:40:11,11:29:30
1330,1121,Britni Bakk,F45-49,20,Female,United States,1:04:28,3:09,6:00:08,4:24,4:17:23,11:29:32
1331,2352,Nicolas Pertsinidis,M18-24,31,Open,France,1:11:17,4:01,6:11:34,4:58,3:57:50,11:29:40
1332,729,Yasuo Shinozuka,M50-54,104,Open,Japan,1:06:48,5:23,5:55:05,7:20,4:15:09,11:29:45
1333,1046,Axel Reusch,M45-49,192,Open,Germany,1:06:22,4:11,5:51:23,6:12,4:21:41,11:29:49
1334,701,Claude Pratte,M50-54,105,Open,Canada,1:04:02,4:08,5:55:31,6:07,4:20:09,11:29:57
1335,309,Juan Carlos Meza Swett,M60-64,11,Open,Chile,1:01:33,3:53,6:03:26,4:01,4:17:13,11:30:06
1336,651,Olivier Journaux,M50-54,106,Open,France,53:48,2:37,5:28:24,5:06,5:00:25,11:30:20
1337,1595,Scott Bowe,M35-39,200,Open,United States,52:57,3:04,5:23:20,4:05,5:06:58,11:30:24
1338,1705,Ben Meer,M35-39,201,Open,United States,1:08:16,4:45,5:16:32,11:36,4:49:15,11:30:24
1339,470,Doug Robertson,M55-59,31,Open,Australia,1:08:38,7:14,6:08:38,5:30,4:00:43,11:30:43
1340,1111,Brandon Whitby,M45-49,193,Open,Canada,57:49,4:42,6:11:21,4:46,4:12:10,11:30:48
1341,1811,Kate Bermond,F35-39,53,Female,United Kingdom,1:03:23,5:41,6:10:59,6:55,4:03:54,11:30:52
1342,2129,Sian Reece,F30-34,55,Female,Australia,1:11:50,2:55,6:01:06,3:46,4:11:24,11:31:01
1343,1090,Norio Taniguchi,M45-49,194,Open,Japan,1:03:34,4:39,6:07:48,6:43,4:08:18,11:31:02
1344,2343,Maciej Konczewski,M18-24,32,Open,United States,59:31,2:59,5:24:10,3:40,5:01:01,11:31:21
1345,921,Brian Eriksen,M45-49,195,Open,Denmark,1:16:38,4:03,5:57:01,6:50,4:07:00,11:31:32
1346,1071,Scott Sheridan,M45-49,196,Open,Australia,1:08:34,4:40,5:51:14,5:54,4:21:12,11:31:34
1347,1051,Brad Rollins,M45-49,197,Open,United States,1:02:00,5:34,5:43:21,7:22,4:33:39,11:31:56
1348,1776,Warren Sutton,M35-39,202,Open,United States,1:03:26,3:56,5:22:15,5:58,4:56:27,11:32:02
1349,2115,Heather Low,F30-34,56,Female,Canada,1:07:36,4:58,5:55:48,4:17,4:19:25,11:32:04
1350,1711,Kazuhiro Miyamura,M35-39,203,Open,Japan,1:02:47,3:16,5:43:47,4:25,4:37:52,11:32:07
1351,1849,Kris Klotzbach,F35-39,54,Female,United States,1:07:40,5:07,6:27:02,4:32,3:47:56,11:32:17
1352,789,Linda Hurley,F50-54,8,Female,United States,1:03:52,4:48,6:07:36,5:07,4:10:58,11:32:21
1353,1030,Rodolfo Osorio,M45-49,198,Open,Mexico,1:06:32,3:25,6:11:52,4:33,4:06:03,11:32:25
1354,483,Masato Shimizu,M55-59,32,Open,Japan,1:26:48,5:12,6:03:35,7:01,3:49:51,11:32:27
1355,934,Trevor Gamba,M45-49,199,Open,United States,1:14:03,5:14,5:18:49,7:00,4:47:21,11:32:27
1356,1130,Alessia Bertolino,F45-49,21,Female,Italy,1:11:21,6:04,6:07:11,5:59,4:02:00,11:32:35
1357,1131,Nusha Bladinieres-Jones,F45-49,22,Female,United States,1:11:55,3:37,5:57:23,5:18,4:14:45,11:32:58
1358,485,Jeremy Snoad,M55-59,33,Open,United Kingdom,1:14:24,4:58,5:48:01,8:04,4:17:32,11:32:59
1359,2277,Brittany Dunbar,F25-29,38,Female,Canada,1:01:35,2:41,5:55:48,3:47,4:29:23,11:33:14
1360,1517,Mary Knott,F40-44,55,Female,United States,1:00:58,4:22,5:56:07,5:45,4:26:11,11:33:23
1361,1482,Kari Cardon,F40-44,56,Female,United States,1:15:16,5:38,5:57:27,6:07,4:08:57,11:33:25
1362,1045,Benoit Racadot,M45-49,200,Open,France,59:20,3:57,5:01:49,3:47,5:24:34,11:33:27
1363,1055,Chris Rulon,M45-49,201,Open,United States,1:06:54,6:11,5:46:01,4:37,4:29:53,11:33:36
1364,1176,Erica McClurg,F45-49,23,Female,United States,1:03:38,2:41,6:03:55,5:08,4:18:14,11:33:36
1365,1512,Renee Imbalzano Zegar,F40-44,57,Female,United States,1:21:40,5:12,6:21:51,6:50,3:38:19,11:33:52
1366,933,Phil Gall,M45-49,202,Open,United Kingdom,1:03:28,3:58,5:44:20,7:00,4:35:17,11:34:03
1367,600,Roger Denton,M50-54,107,Open,United Kingdom,1:17:47,5:31,6:12:46,9:58,3:48:04,11:34:06
1368,1342,Chad Kufen,M40-44,207,Open,United States,1:12:22,5:13,5:55:18,5:29,4:15:52,11:34:14
1369,1028,Naoya Okubo,M45-49,203,Open,Japan,1:08:17,3:56,6:15:29,5:55,4:00:41,11:34:18
1370,780,Sandra Foweraker,F50-54,9,Female,Canada,1:09:12,5:07,6:08:40,6:47,4:04:35,11:34:21
1371,2093,Tamara Green,F30-34,57,Female,Australia,1:10:35,3:22,6:22:13,3:35,3:54:38,11:34:23
1372,2134,Sierra Ryland,F30-34,58,Female,New Zealand,1:11:09,6:07,6:00:09,6:19,4:10:44,11:34:28
1373,1253,Brendan Cullen,M40-44,208,Open,Australia,1:04:05,6:03,6:04:20,9:00,4:11:05,11:34:33
1374,1549,Virginia Sellars,F40-44,58,Female,Canada,1:21:47,3:54,6:03:37,4:55,4:00:31,11:34:44
1375,447,Lee McKinley,M55-59,34,Open,United States,1:09:03,7:06,6:10:19,5:02,4:03:15,11:34:45
1376,786,Mariette Hattingh,F50-54,10,Female,South Africa,1:19:54,4:17,5:59:15,4:27,4:06:56,11:34:49
1377,484,Kenneth Dougal Turner Smith,M55-59,35,Open,Switzerland,1:15:27,5:57,5:56:07,8:18,4:09:01,11:34:50
1378,2206,Kyle Lehman,M25-29,92,Open,United States,1:07:24,3:41,5:36:30,31:25,4:15:59,11:34:59
1379,953,Randall Kevin Hause,M45-49,204,Open,United States,1:05:23,4:54,5:53:27,4:53,4:26:26,11:35:03
1380,2317,Chealsea Tiner,F25-29,39,Female,United States,1:03:56,4:10,5:50:38,4:34,4:31:48,11:35:06
1381,1360,Neil Ian Manville,M40-44,209,Open,United States,1:17:02,6:09,5:42:27,6:50,4:22:44,11:35:12
1382,755,Innes Wright,M50-54,108,Open,United Kingdom,1:13:24,3:43,6:09:07,4:57,4:04:17,11:35:28
1383,642,Jens Holmstrup,M50-54,109,Open,Denmark,1:25:42,5:25,5:29:06,8:34,4:26:49,11:35:36
1384,785,Jenny Hart,F50-54,11,Female,Australia,1:14:57,5:14,6:35:22,5:58,3:34:08,11:35:39
1385,657,Andreas Klause,M50-54,110,Open,Germany,1:13:35,2:59,5:46:12,4:02,4:28:54,11:35:42
1386,1889,Tamara Zeltner,F35-39,55,Female,Germany,1:11:16,3:45,6:06:33,6:51,4:07:31,11:35:56
1387,2173,Jeffrey Condit,M25-29,93,Open,United States,1:01:43,3:48,5:52:55,6:12,4:31:20,11:35:58
1388,2084,Zoe Fitzgerald,F30-34,59,Female,Australia,1:02:51,4:15,6:08:50,5:56,4:14:08,11:36:00
1389,589,Greg Colvin,M50-54,111,Open,United States,1:11:28,7:46,5:30:19,6:42,4:39:47,11:36:02
1390,457,David Painter,M55-59,36,Open,United States,1:13:23,7:32,6:01:20,6:16,4:07:34,11:36:05
1391,876,Damian Caballero,M45-49,205,Open,Argentinia,1:20:24,7:18,5:47:54,7:33,4:12:59,11:36:08
1392,603,Salvatore Dimatteo,M50-54,112,Open,United States,1:09:31,5:25,5:36:54,6:53,4:37:34,11:36:17
1393,608,Stephen Drew,M50-54,113,Open,United Kingdom,1:22:01,5:57,5:57:34,5:03,4:05:43,11:36:18
1394,1821,Katie Corbin,F35-39,56,Female,United States,1:02:53,5:54,6:11:53,5:44,4:09:55,11:36:19
1395,1847,Monika Keunecke,F35-39,57,Female,Germany,1:08:27,4:30,6:01:32,6:04,4:15:56,11:36:29
1396,1160,Denise Hiller,F45-49,24,Female,United States,1:18:24,4:36,6:07:30,6:34,3:59:28,11:36:32
1397,1137,Jill Cliff,F45-49,25,Female,United Kingdom,1:09:23,5:07,6:04:17,5:54,4:12:42,11:37:23
1398,2374,Guadalupe Diaz Sebriano,F18-24,12,Female,Argentinia,1:06:28,2:48,6:11:25,4:01,4:12:49,11:37:31
1399,644,Tsutomu Ishida,M50-54,114,Open,Japan,1:20:20,4:10,5:48:31,6:39,4:18:04,11:37:44
1400,1297,Scott Hamilton,M40-44,210,Open,Canada,1:02:52,5:03,6:08:37,7:43,4:13:38,11:37:53
1401,300,Markus Jochum,M60-64,12,Open,Austria,1:15:38,3:41,5:47:30,4:01,4:27:07,11:37:57
1402,2285,Clodagh Glynn,F25-29,40,Female,Ireland,1:11:26,4:52,5:47:47,5:41,4:28:17,11:38:03
1403,2113,Charlotte Libach,F30-34,60,Female,Denmark,1:15:38,6:39,6:02:12,4:36,4:09:29,11:38:34
1404,945,Lee Guinchard,M45-49,206,Open,United States,1:02:51,5:56,5:57:38,7:16,4:25:15,11:38:56
1405,1284,Greg Gibbons,M40-44,211,Open,United States,1:04:22,7:16,5:43:36,7:59,4:35:55,11:39:08
1406,1378,Masaki Nakano,M40-44,212,Open,Japan,1:12:49,4:15,6:00:55,5:07,4:16:06,11:39:12
1407,1478,Laura Bruck-Renzelman,F40-44,59,Female,United States,1:04:11,4:03,6:07:35,4:18,4:19:22,11:39:29
1408,698,Rick Phelan,M50-54,115,Open,United States,1:22:11,3:41,5:51:02,4:00,4:18:38,11:39:32
1409,1405,Luca Rusca,M40-44,213,Open,Italy,1:12:44,5:16,5:51:56,5:57,4:23:42,11:39:35
1410,890,Glyn Collen,M45-49,207,Open,United Kingdom,1:16:34,5:11,6:03:51,8:06,4:06:01,11:39:43
1411,2070,Julie Birbilis,F30-34,61,Female,United States,1:04:36,3:59,6:06:33,4:52,4:19:50,11:39:50
1412,1713,Alexis Monterrat,M35-39,204,Open,France,1:00:10,5:11,5:09:59,1:04:59,4:19:46,11:40:05
1413,703,Bruno Promonet,M50-54,116,Open,France,1:15:57,4:13,5:38:49,4:56,4:36:10,11:40:05
1414,1842,Barkley Hope,F35-39,58,Female,United States,1:00:11,3:31,6:09:41,3:59,4:22:49,11:40:11
1415,612,Alexander- Maximilia Ernst,M50-54,117,Open,Germany,56:07,5:19,5:27:28,4:44,5:06:49,11:40:27
1416,291,Martin Desmyttere,M60-64,13,Open,Germany,1:14:45,6:28,5:48:51,6:19,4:24:06,11:40:29
1417,2338,Loic Guinchard,M18-24,33,Open,Switzerland,55:43,4:14,5:42:14,8:08,4:50:22,11:40:41
1418,944,Jean-Christophe Guinchard,M45-49,208,Open,Switzerland,54:42,2:27,5:08:01,3:50,5:31:41,11:40:41
1419,1037,Philippe Jacobs,M45-49,209,Open,Belgium,1:22:57,4:31,6:13:59,4:56,3:54:35,11:40:58
1420,330,Ray Shane,M60-64,14,Open,United States,1:08:13,5:45,6:05:39,7:48,4:13:50,11:41:15
1421,1156,Corinne Hatin,F45-49,26,Female,France,1:11:14,3:58,6:15:44,3:37,4:06:46,11:41:19
1422,564,John Anders,M50-54,118,Open,United States,1:09:52,3:20,5:48:59,6:37,4:32:37,11:41:25
1423,155,Sarah Turse,F35-39,59,Female,United States,1:08:39,4:00,5:59:04,6:26,4:23:18,11:41:27
1424,448,Malcolm Miller,M55-59,37,Open,Australia,1:05:33,3:25,6:05:08,7:46,4:19:42,11:41:34
1425,769,Sarah Davidson,F50-54,12,Female,United States,1:05:48,5:29,6:24:24,6:19,3:59:36,11:41:36
1426,605,Claudio Dorigo,M50-54,119,Open,Germany,1:15:51,4:49,6:04:44,7:26,4:08:46,11:41:36
1427,324,Bernd Rennies,M60-64,15,Open,Germany,1:23:12,6:41,5:40:36,4:10,4:27:03,11:41:42
1428,704,Lorrain Raphael Auguste Paul,M50-54,120,Open,France,1:07:52,5:17,6:11:21,4:38,4:12:50,11:41:58
1429,2316,Stephanie Thompson,F25-29,41,Female,United States,1:09:03,5:09,6:15:16,5:58,4:06:33,11:41:59
1430,591,Brad Cooper,M50-54,121,Open,United States,1:05:08,4:03,5:13:26,3:26,5:15:57,11:42:00
1431,759,Judy Anderson,F50-54,13,Female,United States,1:05:24,5:57,6:11:02,6:48,4:12:55,11:42:06
1432,479,Jose Ignacio Sammartino,M55-59,38,Open,Argentinia,1:11:11,5:38,6:11:03,7:26,4:07:03,11:42:21
1433,1073,Matt Simons,M45-49,210,Open,United States,1:16:06,10:15,6:24:38,7:43,3:43:44,11:42:26
1434,1477,Jodie Browning,F40-44,60,Female,Australia,1:05:55,6:21,6:08:41,5:51,4:15:40,11:42:28
1435,753,Lenny Wishart,M50-54,122,Open,United States,1:03:27,5:30,6:12:25,4:24,4:16:45,11:42:31
1436,2136,Christine Scott,F30-34,62,Female,United States,58:41,3:46,6:16:40,6:42,4:16:55,11:42:44
1437,322,Steve Pulver,M60-64,16,Open,United States,1:22:06,4:29,6:07:21,4:07,4:05:02,11:43:05
1438,809,Yvonne Most,F50-54,14,Female,Germany,1:18:33,3:51,6:11:04,3:12,4:06:58,11:43:38
1439,1833,Kelly Grossi,F35-39,60,Female,Canada,1:15:17,3:39,6:14:04,3:33,4:07:24,11:43:57
1440,793,Kaisa Jakobsen,F50-54,15,Female,Denmark,1:12:20,4:01,6:10:49,4:35,4:12:26,11:44:11
1441,507,Janko Zeleznikar,M55-59,39,Open,Slovenia,1:09:21,3:43,6:04:07,3:59,4:23:03,11:44:13
1442,1171,Rachel Lee,F45-49,27,Female,United States,1:14:26,4:34,5:43:09,4:59,4:37:19,11:44:27
1443,1526,Dany Moehle,F40-44,61,Female,Austria,1:12:38,5:09,6:20:11,9:48,3:56:49,11:44:35
1444,2267,Heidi Benson,F25-29,42,Female,United States,55:40,6:45,6:12:22,10:28,4:19:23,11:44:38
1445,665,Rudolf Langsteiner,M50-54,123,Open,Austria,1:18:53,5:23,5:58:56,5:06,4:16:33,11:44:51
1446,2040,Luke Teong,M30-34,154,Open,Australia,1:11:37,4:09,5:59:07,5:28,4:24:52,11:45:13
1447,827,Sabine Von Laar,F50-54,16,Female,Germany,1:08:52,3:35,6:14:57,3:55,4:14:27,11:45:46
1448,2098,Ginger Howell,F30-34,63,Female,United States,1:00:12,3:55,6:08:23,6:25,4:27:07,11:46:02
1449,1057,Osamu Sakai,M45-49,211,Open,Japan,1:11:24,3:06,5:49:03,8:55,4:33:37,11:46:05
1450,2418,Mark Watt,M40-44,214,Open,United States,1:14:00,5:20,6:04:11,7:07,4:15:27,11:46:05
1451,1139,Jane Crawford,F45-49,28,Female,Australia,1:14:12,6:44,6:27:39,5:27,3:52:11,11:46:13
1452,2036,Kyle Strater,M30-34,155,Open,United States,1:19:26,4:46,5:58:27,5:13,4:18:22,11:46:14
1453,1169,Jessica Koelsch,F45-49,29,Female,United States,1:14:09,4:43,6:10:57,6:16,4:10:14,11:46:19
1454,1838,Louise Harris,F35-39,61,Female,United Kingdom,1:19:19,4:51,6:21:42,6:53,3:53:48,11:46:33
1455,1083,Rich Strauss,M45-49,212,Open,United States,1:02:18,4:42,5:36:11,4:58,4:58:30,11:46:39
1456,1129,Cathy Berry,F45-49,30,Female,United Kingdom,1:11:12,6:23,6:24:09,6:58,3:57:58,11:46:40
1457,1771,Brandt Stiggins,M35-39,205,Open,United States,1:14:11,4:26,5:40:56,35:09,4:12:08,11:46:50
1458,339,Tomas Valena,M60-64,17,Open,Australia,1:26:45,4:28,6:19:28,3:39,3:52:38,11:46:58
1459,1541,Sara Randolph,F40-44,62,Female,United States,1:06:27,5:15,6:16:51,5:18,4:13:09,11:47:00
1460,2182,Michael Espejo,M25-29,94,Open,United States,1:01:09,3:23,5:29:44,5:28,5:07:17,11:47:01
1461,1483,Gunilla Cedergren,F40-44,63,Female,Sweden,1:20:02,4:57,6:13:01,5:37,4:03:42,11:47:19
1462,2037,Michael Sumbs,M30-34,156,Open,United States,1:14:21,4:41,5:36:03,6:01,4:46:18,11:47:24
1463,640,Bryan Hipson,M50-54,124,Open,Canada,1:14:21,7:05,6:26:22,12:21,3:47:19,11:47:28
1464,2327,Tom Callaghan,M18-24,34,Open,Australia,1:08:04,6:25,5:54:36,8:22,4:30:05,11:47:32
1465,1479,Mel Brunker,F40-44,64,Female,Australia,1:21:34,5:13,6:07:56,5:19,4:07:31,11:47:33
1466,1550,Victoria Shubina,F40-44,65,Female,Russia,1:11:18,3:58,6:02:32,5:14,4:24:40,11:47:42
1467,1657,Joshua Henry,M35-39,206,Open,Australia,54:31,4:27,5:58:23,9:30,4:41:02,11:47:53
1468,2333,Richard Ford,M18-24,35,Open,United States,1:01:58,5:25,5:53:59,3:44,4:42:49,11:47:55
1469,632,David Hall,M50-54,125,Open,United Kingdom,1:11:08,5:24,5:51:16,6:19,4:33:51,11:47:58
1470,2253,Max Venker,M25-29,95,Open,United States,57:18,3:46,5:30:10,5:52,5:10:54,11:48:00
1471,1810,Melanie Baumann,F35-39,62,Female,Switzerland,1:18:16,3:55,6:01:20,4:39,4:19:54,11:48:04
1472,179,Debbie Ragals,F45-49,31,Female,United States,1:13:05,5:43,6:27:33,4:08,3:57:48,11:48:17
1473,728,Konstantin Shimanovskiy,M50-54,126,Open,Russia,1:05:27,6:08,6:00:40,4:47,4:31:38,11:48:40
1474,660,Andreas Krause,M50-54,127,Open,Germany,1:19:38,8:44,6:01:14,6:40,4:12:31,11:48:47
1475,1191,Jennifer Scalise-Marinofsky,F45-49,32,Female,United States,58:39,3:49,6:26:22,4:26,4:15:36,11:48:52
1476,463,Stuart Porter,M55-59,40,Open,United States,1:23:18,5:15,5:50:40,5:12,4:24:31,11:48:56
1477,2064,Malin Attlin,F30-34,64,Female,Sweden,1:08:53,3:04,6:11:44,4:22,4:21:01,11:49:04
1478,1674,Ben Johnson,M35-39,207,Open,United Kingdom,1:01:50,4:46,6:14:23,7:16,4:20:50,11:49:05
1479,254,Rick Simpson,M65-69,3,Open,United States,1:03:04,2:33,5:53:38,3:08,4:46:47,11:49:10
1480,1040,Matias Alvarez Piris,M45-49,213,Open,Argentinia,1:07:07,5:26,6:10:51,5:56,4:19:57,11:49:17
1481,718,Tom Scanlon,M50-54,128,Open,United States,1:24:37,9:05,6:00:12,8:06,4:07:26,11:49:26
1482,1190,Robin Sayed,F45-49,33,Female,United States,1:06:58,4:11,6:07:34,6:19,4:24:38,11:49:40
1483,326,Jean-Pierre Rohrer,M60-64,18,Open,Switzerland,1:07:00,3:04,5:47:08,4:01,4:48:41,11:49:54
1484,2091,Shawna Glazier,F30-34,65,Female,United States,1:17:24,2:50,5:56:33,2:33,4:30:36,11:49:56
1485,2301,Laura Marcoux,F25-29,43,Female,United States,1:04:10,3:18,6:21:04,6:28,4:15:31,11:50:31
1486,2095,Lynsey Henderson,F30-34,66,Female,United Kingdom,1:02:02,7:04,6:19:40,7:39,4:14:09,11:50:34
1487,2280,Rachel Aline Frota De Accioly Sousa,F25-29,44,Female,Brazil,1:26:46,4:58,5:55:56,3:51,4:19:16,11:50:47
1488,293,Franz Zagler,M60-64,19,Open,Austria,1:22:03,6:24,5:46:19,7:42,4:28:27,11:50:55
1489,1101,Sean Valentine,M45-49,214,Open,United States,59:36,4:00,5:37:41,4:33,5:05:09,11:50:59
1490,818,Jodi Ruby,F50-54,17,Female,United States,1:20:17,4:35,6:11:40,3:24,4:11:16,11:51:12
1491,464,Ruud Prins,M55-59,41,Open,Netherlands,1:16:58,8:59,5:50:19,8:18,4:26:49,11:51:23
1492,1178,Leigh-Ann Mueller,F45-49,34,Female,United States,1:17:23,4:31,6:26:34,5:17,3:57:41,11:51:26
1493,2314,Madison Taylor,F25-29,45,Female,Australia,1:05:04,4:17,6:10:28,3:22,4:28:34,11:51:45
1494,1159,Anne Henry,F45-49,35,Female,Australia,1:08:58,6:40,6:18:05,6:58,4:11:04,11:51:45
1495,465,Dean Raasch,M55-59,42,Open,United States,1:08:29,4:53,5:45:49,5:39,4:46:58,11:51:48
1496,829,Gabriele Wickihalter,F50-54,18,Female,Switzerland,1:15:02,5:41,6:06:43,9:52,4:14:38,11:51:56
1497,316,Karsten Olsen,M60-64,20,Open,Denmark,1:29:44,3:06,5:44:04,5:42,4:29:24,11:52:00
1498,1879,Caroline Tence,F35-39,63,Female,France,1:25:17,3:58,6:10:32,5:57,4:06:20,11:52:04
1499,918,Douglas Eichhorn,M45-49,215,Open,United States,1:17:12,7:24,5:57:14,9:52,4:20:27,11:52:09
1500,1185,Tanya Philp,F45-49,36,Female,Canada,1:08:50,5:54,6:13:12,6:57,4:17:24,11:52:17
1501,1560,Helen Talbot,F40-44,66,Female,United Kingdom,1:05:50,4:30,6:11:02,9:30,4:21:32,11:52:24
1502,319,Hans Porten,M60-64,21,Open,Canada,1:00:54,5:05,5:55:18,7:22,4:43:48,11:52:27
1503,1819,Melanie Cauvin,F35-39,64,Female,France,1:05:15,5:48,6:04:24,7:58,4:29:03,11:52:28
1504,683,John Mercer,M50-54,129,Open,United States,58:00,6:39,5:49:26,9:36,4:49:26,11:53:07
1505,849,Mutsumi Aoki,M45-49,216,Open,Japan,59:59,5:01,6:30:51,6:27,4:10:53,11:53:11
1506,774,Julie Dunkle,F50-54,19,Female,United States,58:37,3:23,6:04:40,6:08,4:40:49,11:53:37
1507,2412,Jed Vanichkachorn,M45-49,217,Open,United States,1:12:05,5:44,6:14:27,6:10,4:15:18,11:53:44
1508,1793,Meinhard Vintler,M35-39,208,Open,Austria,1:12:59,6:04,6:22:02,7:08,4:05:36,11:53:49
1509,1528,Vallee Ohayon,F40-44,67,Female,United States,1:19:03,4:39,6:13:39,5:23,4:11:10,11:53:54
1510,892,Samuel Cooke,M45-49,218,Open,Australia,1:21:09,5:55,6:16:39,5:42,4:04:29,11:53:54
1511,505,Scott Woodman,M55-59,43,Open,Canada,1:09:05,4:55,5:59:10,9:14,4:31:43,11:54:07
1512,2409,Morten Bank,M45-49,219,Open,Denmark,1:12:20,6:21,6:27:47,3:31,4:04:12,11:54:11
1513,1198,Mandy Towler,F45-49,37,Female,Australia,1:15:52,9:07,6:10:14,8:42,4:10:16,11:54:11
1514,432,Dirk Johnson,M55-59,44,Open,United States,1:17:53,6:45,6:05:26,5:28,4:18:41,11:54:13
1515,1862,Pamela Naylor,F35-39,65,Female,United States,1:05:46,5:36,6:05:42,9:06,4:28:21,11:54:31
1516,1513,Eliane Jung,F40-44,68,Female,Switzerland,1:08:44,5:01,5:59:43,6:26,4:34:43,11:54:37
1517,1221,Jason Biggs,M40-44,215,Open,United States,1:10:38,4:07,5:49:03,4:41,4:46:21,11:54:50
1518,281,Mark Baker,M60-64,22,Open,United States,1:10:57,3:45,6:01:57,3:45,4:34:27,11:54:51
1519,833,Mimi Winsberg,F50-54,20,Female,United States,1:16:33,5:58,6:17:11,8:03,4:07:19,11:55:04
1520,2145,Rike Westermann,F30-34,67,Female,Germany,1:12:43,4:24,6:11:30,7:15,4:19:23,11:55:15
1521,1172,Katy Letourneau,F45-49,38,Female,Canada,1:05:50,3:39,6:05:40,3:50,4:36:21,11:55:20
1522,1801,Mitch Zelman,M35-39,209,Open,United States,1:00:03,7:17,6:01:45,9:25,4:36:55,11:55:25
1523,1197,Christine Thompson,F45-49,39,Female,United States,1:09:05,5:12,5:57:57,7:57,4:35:21,11:55:32
1524,1653,Wes Hargrove,M35-39,210,Open,United States,1:06:31,6:28,6:24:00,6:53,4:11:42,11:55:34
1525,2263,Jessica Anderson,F25-29,46,Female,United States,1:16:04,4:15,6:07:08,8:31,4:19:38,11:55:36
1526,1195,Claudia Spooner,F45-49,40,Female,United States,1:07:57,3:59,6:04:10,4:35,4:35:11,11:55:52
1527,1864,Kristin Old,F35-39,66,Female,United States,1:04:39,4:08,6:19:03,3:42,4:24:25,11:55:57
1528,2133,Kelly Ryan,F30-34,68,Female,United States,1:15:45,3:02,6:26:51,6:00,4:04:24,11:56:02
1529,594,Jeff Crosby,M50-54,130,Open,United States,1:09:19,5:35,5:57:46,6:13,4:37:13,11:56:06
1530,1200,Angelina Van Der Linden,F45-49,41,Female,Netherlands,1:15:47,5:17,6:12:10,5:55,4:17:12,11:56:21
1531,1133,Samantha Boswell,F45-49,42,Female,United Kingdom,1:10:15,4:56,6:22:26,7:54,4:11:06,11:56:37
1532,1823,Jo-Lene Crank,F35-39,67,Female,Australia,1:05:52,5:28,6:38:14,6:43,4:00:40,11:56:57
1533,582,Roger Cassill,M50-54,131,Open,United States,1:25:33,5:32,5:51:55,6:14,4:27:58,11:57:12
1534,350,Gabriele Celette,F60-64,1,Female,Germany,1:18:39,3:49,6:36:39,3:31,3:54:41,11:57:19
1535,1806,Jennifer Bach,F35-39,68,Female,Denmark,1:18:43,4:36,6:13:25,7:45,4:12:53,11:57:22
1536,292,Thierry Foulounoux,M60-64,23,Open,France,1:09:11,5:23,6:02:10,6:44,4:34:03,11:57:31
1537,2400,Mark Alderman,M50-54,132,Open,United States,1:11:53,4:59,5:50:50,4:41,4:45:14,11:57:37
1538,696,Milan Pekarek,M50-54,133,Open,Czech Republic,1:08:26,2:47,6:09:57,5:13,4:31:16,11:57:39
1539,1009,Javier Montesinos,M45-49,220,Open,Spain,1:03:14,1:03:22,5:27:49,9:08,4:14:08,11:57:41
1540,1125,Lynn Barlik,F45-49,43,Female,United States,1:15:44,5:13,6:04:12,6:06,4:26:32,11:57:47
1541,2124,Liz Miller,F30-34,69,Female,United States,1:08:42,5:58,6:24:50,6:13,4:12:22,11:58:05
1542,2114,Elin Lilja,F30-34,70,Female,Sweden,1:12:53,4:58,6:23:24,4:49,4:12:07,11:58:11
1543,2122,Gaby Mehrl,F30-34,71,Female,Germany,1:11:27,5:11,6:29:30,5:56,4:06:24,11:58:28
1544,434,Juergen Klindworth,M55-59,45,Open,Germany,1:07:37,4:09,5:54:23,4:06,4:48:14,11:58:29
1545,817,Cornelia Roth,F50-54,21,Female,Germany,1:05:01,2:53,6:30:51,3:57,4:16:28,11:59:10
1546,819,Alicia Schultz,F50-54,22,Female,United States,1:14:10,3:07,6:20:33,4:59,4:16:51,11:59:40
1547,1177,Sue Meno,F45-49,44,Female,United States,1:15:46,4:16,6:08:26,4:05,4:28:06,12:00:39
1548,2135,Bahar Saygili,F30-34,72,Female,Turkey,1:04:38,6:08,6:36:00,6:04,4:08:15,12:01:05
1549,2121,Lauren McGregor,F30-34,73,Female,United Kingdom,57:20,4:25,5:58:01,6:05,4:55:55,12:01:46
1550,937,Harvey Gayer,M45-49,221,Open,United States,1:22:28,6:31,5:58:24,6:47,4:27:37,12:01:47
1551,1152,Beverley Gibson,F45-49,45,Female,Italy,1:05:41,4:53,6:38:38,6:34,4:06:07,12:01:53
1552,2011,Michael Phinney,M30-34,157,Open,United States,52:58,2:27,5:48:43,8:11,5:09:35,12:01:54
1553,1179,Annette Niederau Geb Koch,F45-49,46,Female,Germany,1:31:29,3:48,5:59:02,4:15,4:23:34,12:02:08
1554,2291,Franziska Hollmig,F25-29,47,Female,Germany,1:18:36,4:21,6:12:29,4:29,4:22:29,12:02:24
1555,2394,Lucy Wales,F18-24,13,Female,Australia,1:06:41,4:58,6:13:44,5:04,4:31:57,12:02:24
1556,758,Izumi Alcober,F50-54,23,Female,United States,1:12:21,7:04,6:23:40,6:49,4:12:38,12:02:32
1557,678,John Luis Macedo,M50-54,134,Open,United States,56:57,5:14,5:53:15,7:22,5:00:00,12:02:48
1558,2297,Canac Laurie,F25-29,48,Female,France,1:13:05,7:10,6:26:39,5:57,4:10:10,12:03:01
1559,1202,Stacy Wingard,F45-49,47,Female,United States,1:21:25,3:36,6:22:35,7:35,4:08:01,12:03:12
1560,1136,Allison Carter,F45-49,48,Female,United Kingdom,1:12:03,4:44,6:34:14,7:01,4:05:13,12:03:15
1561,1145,Heather Doucette,F45-49,49,Female,Canada,1:06:10,4:48,6:20:58,5:07,4:26:34,12:03:37
1562,1151,Gayle Galletta,F45-49,50,Female,United States,1:07:17,6:56,5:56:52,6:50,4:46:00,12:03:55
1563,1118,Andrea Mazzitelli,F45-49,51,Female,Argentinia,1:18:53,4:36,6:15:35,5:01,4:20:17,12:04:22
1564,1014,Craig Murchie,M45-49,222,Open,South Africa,1:08:04,3:26,6:38:47,6:03,4:08:20,12:04:40
1565,229,Peter Gerwien,M65-69,4,Open,Germany,1:31:03,4:18,5:45:28,3:32,4:41:07,12:05:28
1566,1165,Christy Johnson,F45-49,52,Female,United States,1:11:14,5:01,6:01:38,5:36,4:42:24,12:05:53
1567,1530,Anna Parker,F40-44,69,Female,United States,1:11:16,3:51,6:13:13,5:59,4:31:37,12:05:56
1568,2221,Felipe Mora,M25-29,96,Open,Colombia,57:22,3:29,7:08:28,5:02,3:52:06,12:06:27
1569,1865,Valerie O'Regan,F35-39,69,Female,United Kingdom,1:01:29,5:36,6:35:03,6:02,4:18:20,12:06:30
1570,2171,Damian Clogher,M25-29,97,Open,Ireland,1:25:32,7:28,6:11:34,7:49,4:14:11,12:06:34
1571,1887,Sonja Wieck,F35-39,70,Female,United States,1:09:03,2:38,6:17:36,4:54,4:32:41,12:06:52
1572,767,Angela Clarke,F50-54,24,Female,Australia,1:04:57,5:46,6:23:56,5:40,4:26:40,12:06:59
1573,1438,Keld Thomsen,M40-44,216,Open,Denmark,1:11:28,5:02,5:24:35,4:41,5:21:31,12:07:17
1574,1509,Amy Hite,F40-44,70,Female,United States,1:14:04,4:04,6:16:09,5:10,4:28:01,12:07:28
1575,616,Ricardo Javier Farina,M50-54,135,Open,Argentinia,1:05:18,4:08,6:03:07,6:36,4:48:41,12:07:50
1576,251,Donn Ritchie,M65-69,5,Open,United States,1:07:52,7:28,6:10:46,7:05,4:34:52,12:08:03
1577,455,Claus Nymand,M55-59,46,Open,Denmark,1:24:33,5:50,6:13:13,6:56,4:17:32,12:08:04
1578,153,Christina Hopper,F40-44,71,Female,United States,58:29,4:32,5:51:12,4:40,5:09:18,12:08:11
1579,154,Indira Murr,F40-44,72,Female,United States,58:30,4:31,5:51:06,4:45,5:09:19,12:08:11
1580,777,Lynne Fiedler,F50-54,25,Female,United States,1:17:26,4:13,6:20:22,3:39,4:22:48,12:08:28
1581,765,Chrissie Bowie,F50-54,26,Female,Australia,1:12:29,6:58,6:20:16,5:23,4:23:24,12:08:30
1582,1500,Jenelle Glasbrenner,F40-44,73,Female,United States,1:32:50,3:08,6:27:48,4:33,4:00:21,12:08:40
1583,1481,Tracy Campbell,F40-44,74,Female,United States,1:14:05,4:52,6:42:49,4:08,4:02:50,12:08:44
1584,1344,Tim Laird,M40-44,217,Open,United States,1:11:18,5:19,5:46:20,4:52,5:01:02,12:08:51
1585,1135,Aslin Canals,F45-49,53,Female,Puerto Rico,1:11:35,6:14,6:14:03,9:16,4:27:57,12:09:05
1586,2034,Marshal Steves,M30-34,158,Open,United States,1:11:03,3:23,5:47:16,8:10,4:59:23,12:09:15
1587,925,Carlos Henrique Falcao Freire,M45-49,223,Open,Brazil,1:01:08,5:28,6:15:38,7:54,4:39:13,12:09:21
1588,1440,Jeff Tomaszewski,M40-44,218,Open,United States,1:18:25,3:48,5:40:34,8:07,4:58:44,12:09:38
1589,2144,Justine Waters,F30-34,74,Female,United States,1:08:32,5:10,6:23:54,6:22,4:25:43,12:09:41
1590,506,Mark Wrigley,M55-59,47,Open,United Kingdom,1:08:23,5:04,6:08:12,8:28,4:40:00,12:10:07
1591,645,Steen Jensen,M50-54,136,Open,Denmark,1:16:00,7:00,6:26:09,6:36,4:14:22,12:10:07
1592,335,Peter Sullivan,M60-64,24,Open,Australia,1:22:58,4:52,6:23:52,8:09,4:10:33,12:10:24
1593,2384,Waitohu Ngarewa,F18-24,14,Female,New Zealand,1:16:52,3:46,6:37:33,5:29,4:07:05,12:10:45
1594,1120,Minna Backman,F45-49,54,Female,Sweden,1:06:46,3:39,6:37:54,6:03,4:16:33,12:10:55
1595,627,Bruce Gennari,M50-54,137,Open,United States,50:21,3:58,5:34:52,5:21,5:36:36,12:11:08
1596,1261,Leonardo De Souza Aranha,M40-44,219,Open,Brazil,1:18:20,5:00,5:24:33,8:46,5:14:35,12:11:14
1597,285,Greg Broadley,M60-64,25,Open,Australia,1:11:27,6:02,6:04:12,5:22,4:44:39,12:11:42
1598,727,Gregory Shatto,M50-54,138,Open,United States,1:13:35,5:57,5:38:21,5:36,5:08:17,12:11:46
1599,1619,Trent Dawson,M35-39,211,Open,Australia,1:07:33,4:33,6:17:48,4:09,4:37:57,12:12:00
1600,328,Ron Saetermoe,M60-64,26,Open,United States,1:07:02,2:40,6:01:44,4:44,4:55:57,12:12:07
1601,2387,Elke Peirtsegaele,F18-24,15,Female,United States,1:05:44,3:51,6:02:16,4:11,4:56:06,12:12:08
1602,1011,Thomas Muhr,M45-49,224,Open,Austria,1:18:24,6:10,6:14:43,4:44,4:28:24,12:12:25
1603,320,Dave Preston,M60-64,27,Open,United States,1:21:30,7:07,6:17:42,6:39,4:19:33,12:12:31
1604,480,Bernhard Schneider,M55-59,48,Open,Switzerland,1:16:16,4:33,5:55:45,4:17,4:51:51,12:12:42
1605,1161,Meike Hoffmeister,F45-49,55,Female,Germany,1:17:30,5:46,6:32:15,4:49,4:12:23,12:12:43
1606,1525,Alicja Medak,F40-44,75,Female,Poland,1:17:51,4:09,6:38:45,8:21,4:03:39,12:12:45
1607,1651,Whit Hansen,M35-39,212,Open,United States,1:20:45,7:03,6:18:03,9:49,4:17:10,12:12:50
1608,2383,Gina Myers,F18-24,16,Female,United States,1:10:23,3:28,6:27:09,3:23,4:28:37,12:13:00
1609,2240,Benjamin Shepherd,M25-29,98,Open,Australia,1:13:15,3:54,6:09:07,4:33,4:42:28,12:13:17
1610,2102,Andrea De Paula Joventino Queiroz,F30-34,75,Female,Brazil,1:16:49,4:15,6:29:39,5:03,4:17:48,12:13:34
1611,1493,Julie-Ann Dillon,F40-44,76,Female,Australia,1:15:41,3:45,6:10:52,4:04,4:39:28,12:13:50
1612,2380,Julia Lundquist,F18-24,17,Female,Sweden,1:06:25,3:47,6:44:53,4:55,4:14:08,12:14:08
1613,803,Audrey Maher,F50-54,27,Female,United States,1:18:25,3:51,5:59:20,4:33,4:48:02,12:14:11
1614,1196,Petra Thann,F45-49,56,Female,Australia,1:17:34,3:49,6:26:32,4:09,4:22:18,12:14:22
1615,820,Gina Spear Burrows,F50-54,28,Female,Canada,1:17:31,3:19,6:20:31,3:43,4:29:30,12:14:34
1616,2283,Luca Glaser,F25-29,49,Female,Brazil,58:43,3:22,6:26:04,4:04,4:42:39,12:14:52
1617,2284,Yana Glaser,F25-29,50,Female,Brazil,1:02:13,5:12,6:11:46,8:02,4:47:39,12:14:52
1618,298,Jim Huguenard,M60-64,28,Open,United States,1:02:18,3:54,6:15:58,5:45,4:47:31,12:15:26
1619,823,Edda Sterl-Klemm,F50-54,29,Female,Austria,1:13:10,5:13,6:30:08,6:59,4:20:11,12:15:41
1620,1300,Jeff Haring,M40-44,220,Open,United States,1:26:37,5:29,6:03:49,6:39,4:33:14,12:15:48
1621,277,William P Ankele Jr,M60-64,29,Open,United States,1:12:19,4:58,6:11:16,6:47,4:40:39,12:15:59
1622,1559,Masami Suzuki,F40-44,77,Female,Japan,1:12:11,4:54,6:28:04,5:58,4:25:03,12:16:10
1623,2364,Wendy Atkins,F18-24,18,Female,United States,1:12:00,3:25,6:38:08,4:22,4:18:17,12:16:12
1624,1301,Andrew Hartnett,M40-44,221,Open,Australia,1:12:18,6:48,6:08:56,6:23,4:42:02,12:16:27
1625,295,Roger Girard,M60-64,30,Open,Canada,1:26:12,5:33,6:19:32,3:38,4:21:50,12:16:45
1626,815,Lisa Redmond,F50-54,30,Female,Australia,1:15:42,6:54,6:30:13,5:47,4:18:11,12:16:47
1627,2193,Joshua Heger,M25-29,99,Open,United States,1:06:54,5:59,5:48:21,23:12,4:52:33,12:16:59
1628,306,Tomoji Maru,M60-64,31,Open,Japan,1:09:13,4:22,6:45:24,7:04,4:11:12,12:17:15
1629,458,Nicola Pantaleoni,M55-59,49,Open,Italy,1:13:54,5:29,5:55:04,9:03,4:53:51,12:17:21
1630,873,Juan Antonio Bruzon Saavedra,M45-49,225,Open,Spain,1:10:22,4:44,5:57:56,4:29,5:00:05,12:17:36
1631,1103,Guilherme Vanni,M45-49,226,Open,Brazil,1:06:10,3:18,6:11:17,6:22,4:51:02,12:18:09
1632,1164,Tana Jackson,F45-49,57,Female,United States,1:19:55,3:48,6:09:54,5:01,4:39:31,12:18:09
1633,1882,Luisina Viletto,F35-39,71,Female,Argentinia,1:08:19,3:25,6:47:55,4:02,4:14:46,12:18:27
1634,669,Darryl Lehtola,M50-54,139,Open,United States,1:06:11,3:11,6:27:36,7:20,4:34:20,12:18:38
1635,566,Fredrik Astrom,M50-54,140,Open,Sweden,1:01:52,3:37,5:55:05,8:51,5:09:18,12:18:43
1636,2302,Danielle Minton,F25-29,51,Female,United States,1:04:32,5:20,6:34:49,6:51,4:27:21,12:18:53
1637,762,Anne Banfield,F50-54,31,Female,Canada,1:14:53,4:30,6:26:04,3:43,4:31:18,12:20:28
1638,2406,John-Kelly Warren,M50-54,141,Open,United States,1:13:44,4:59,6:04:44,4:50,4:52:15,12:20:32
1639,1499,Jackie Field,F40-44,78,Female,United Kingdom,1:15:38,5:02,6:17:52,9:58,4:32:25,12:20:55
1640,341,Steven Warsaw,M60-64,32,Open,United States,1:31:09,5:30,6:24:15,8:20,4:11:44,12:20:58
1641,255,Fred Skinner,M65-69,6,Open,United States,1:27:33,6:30,6:05:09,8:32,4:33:33,12:21:17
1642,715,Charles Sagerstrom,M50-54,142,Open,United States,1:32:23,6:16,5:57:41,8:34,4:36:27,12:21:21
1643,1203,Erica Ziemer,F45-49,58,Female,United States,1:14:59,5:03,6:17:20,6:18,4:37:47,12:21:27
1644,797,Fernanda Keller Nunes,F50-54,32,Female,Brazil,1:07:04,3:53,6:32:47,6:24,4:31:32,12:21:40
1645,1162,Cris Howard,F45-49,59,Female,United States,1:07:42,4:12,6:13:25,3:35,4:53:04,12:21:58
1646,772,Helene Desrosiers,F50-54,33,Female,Canada,1:23:26,4:45,6:09:49,16:02,4:27:57,12:21:59
1647,1856,Melissa Manning,F35-39,72,Female,United States,1:12:07,3:59,6:06:09,4:35,4:55:17,12:22:07
1648,1108,Gen Watanabe,M45-49,227,Open,United States,1:18:06,4:20,6:59:17,7:13,3:53:26,12:22:22
1649,460,Daniel Perkins,M55-59,50,Open,United States,1:11:49,5:34,5:55:48,4:32,5:05:03,12:22:46
1650,725,Stephan Schug,M50-54,143,Open,Germany,1:18:47,4:04,6:06:49,9:21,4:44:07,12:23:08
1651,1141,Jona Dahlquist,F45-49,60,Female,Sweden,1:09:03,3:14,6:19:06,5:50,4:45:59,12:23:12
1652,1471,Amy Becker,F40-44,79,Female,United States,1:28:16,3:18,6:14:36,4:49,4:32:18,12:23:17
1653,1678,Cean Kenefick Rogers,M35-39,213,Open,United States,1:01:43,3:47,5:40:38,5:22,5:31:48,12:23:18
1654,782,Sally Goble,F50-54,34,Female,United Kingdom,1:26:30,7:29,6:31:29,8:19,4:09:54,12:23:41
1655,318,Heinrich Oster,M60-64,33,Open,Austria,1:34:56,5:24,6:13:33,9:47,4:20:05,12:23:45
1656,800,Lia Kutzscher,F50-54,35,Female,Canada,1:20:13,5:08,6:10:29,8:18,4:40:01,12:24:09
1657,2146,Laura Whenmouth,F30-34,76,Female,Australia,1:05:30,5:18,6:00:48,5:42,5:07:01,12:24:19
1658,625,Patrick Ganley,M50-54,144,Open,United States,1:17:43,5:42,6:32:25,8:23,4:20:13,12:24:26
1659,1244,Jeffrey Clark,M40-44,222,Open,United States,1:32:44,5:57,6:09:48,5:53,4:30:08,12:24:30
1660,500,Charles Watson,M55-59,51,Open,United Kingdom,1:14:58,4:52,6:34:19,6:13,4:24:55,12:25:17
1661,2123,Elaina Mertens,F30-34,77,Female,United States,1:18:33,4:34,6:43:46,6:29,4:11:57,12:25:19
1662,1521,Maria Claudia Lyra De Souza,F40-44,80,Female,Brazil,1:17:42,4:55,6:42:05,6:29,4:14:38,12:25:49
1663,1277,Brett Flynn,M40-44,223,Open,Australia,1:13:43,6:34,6:17:56,9:11,4:38:44,12:26:08
1664,1154,Ute Grosskopf,F45-49,61,Female,Germany,1:24:54,4:58,6:45:54,7:42,4:03:05,12:26:33
1665,1184,Karen Perzyk,F45-49,62,Female,United States,1:09:49,5:41,6:45:26,7:36,4:18:03,12:26:35
1666,2377,Kayla Jones,F18-24,19,Female,Canada,1:19:50,3:15,6:44:57,7:49,4:10:45,12:26:36
1667,1237,Lee Cartmell,M40-44,224,Open,New Zealand,1:06:28,6:27,6:13:29,7:25,4:52:54,12:26:43
1668,824,Anim Swart,F50-54,36,Female,Canada,1:10:51,3:56,6:28:40,3:55,4:39:22,12:26:44
1669,472,Tom Rodgers,M55-59,52,Open,United States,1:11:34,4:19,6:53:17,5:15,4:12:23,12:26:48
1670,650,Jose Roberto Ferreir Jorge,M50-54,145,Open,Brazil,1:02:49,6:55,6:33:47,7:23,4:36:07,12:27:01
1671,1192,Jennifer Schaffner,F45-49,63,Female,United States,1:21:41,5:00,6:33:29,7:23,4:19:33,12:27:06
1672,1116,Karen Allen-Turner,F45-49,64,Female,Australia,1:09:54,4:35,6:47:26,5:21,4:20:35,12:27:51
1673,1091,Anthony Telford,M45-49,228,Open,Australia,1:08:32,6:28,6:29:22,7:54,4:35:56,12:28:12
1674,1217,Jerry Bartolome,M40-44,225,Open,United States,1:49:55,5:28,6:23:42,5:58,4:03:20,12:28:23
1675,1542,Elisabeth Reiter,F40-44,81,Female,Austria,1:12:03,5:14,6:26:02,6:46,4:38:39,12:28:44
1676,1551,Helayne Silva,F40-44,82,Female,Brazil,1:10:48,5:11,6:15:48,4:10,4:52:47,12:28:44
1677,2140,Anais Tardieu,F30-34,78,Female,France,1:14:25,5:14,6:19:33,4:21,4:45:11,12:28:44
1678,1802,Dominique Zoida,M35-39,214,Open,United States,1:17:10,6:12,6:03:40,5:35,4:56:20,12:28:57
1679,1547,Audrey Seale,F40-44,83,Female,South Africa,1:26:39,3:44,6:04:10,5:05,4:49:46,12:29:24
1680,344,Haydn Whitmore,M60-64,34,Open,United Kingdom,1:20:14,6:15,6:14:42,11:05,4:37:21,12:29:37
1681,631,Rebby Gregg,M50-54,146,Open,United States,1:11:29,6:25,5:55:34,12:44,5:03:27,12:29:39
1682,452,Yasushi Noda,M55-59,53,Open,Japan,1:10:24,5:25,6:19:24,5:42,4:48:51,12:29:46
1683,327,Peter Rutherford,M60-64,35,Open,United States,1:13:09,5:55,6:19:04,6:30,4:45:34,12:30:12
1684,1577,Marcelo Arichuluaga,M35-39,215,Open,Argentinia,55:13,2:49,5:19:17,4:56,6:08:15,12:30:30
1685,1038,Cameron Pickar,M45-49,229,Open,United States,1:22:44,6:39,6:37:16,7:13,4:16:42,12:30:34
1686,1305,Timo Heine,M40-44,226,Open,Germany,1:10:57,4:22,6:07:36,8:54,4:59:10,12:30:59
1687,670,Tony Leo,M50-54,147,Open,Sweden,53:01,4:54,6:33:36,16:09,4:44:47,12:32:27
1688,816,Kathleen Reimann,F50-54,37,Female,Germany,1:07:01,5:54,6:20:33,7:16,4:51:48,12:32:32
1689,2376,Elizabeth Izzo,F18-24,20,Female,United States,1:21:44,5:21,6:26:46,5:22,4:33:27,12:32:40
1690,242,Andrew Loeb,M65-69,7,Open,United States,1:11:56,5:52,6:46:18,5:10,4:23:34,12:32:50
1691,907,Christopher Demarchi,M45-49,230,Open,United States,1:17:46,3:55,5:29:35,5:30,5:36:08,12:32:54
1692,1207,Timothy Alder,M40-44,227,Open,United States,1:09:14,4:18,6:39:04,4:36,4:36:05,12:33:17
1693,694,Kim Patrick,M50-54,148,Open,United States,1:02:41,5:05,6:20:21,7:45,4:58:14,12:34:06
1694,1138,Viv Collier,F45-49,65,Female,New Zealand,1:06:52,4:32,6:11:26,5:36,5:05:52,12:34:18
1695,232,Hermann Hefti,M65-69,8,Open,Switzerland,1:27:35,4:51,6:21:58,8:03,4:31:58,12:34:25
1696,874,Eric Burns,M45-49,231,Open,United States,1:05:58,3:32,6:08:22,7:27,5:09:28,12:34:47
1697,726,Travis Self,M50-54,149,Open,United States,1:08:18,5:21,5:57:11,6:55,5:18:00,12:35:45
1698,1127,Susanne Caroline Bea,F45-49,66,Female,Germany,1:14:57,6:29,6:20:37,9:14,4:44:33,12:35:50
1699,2407,Ross Young,M50-54,150,Open,United States,1:08:06,7:27,6:01:35,8:10,5:10:34,12:35:52
1700,2268,Patricia Bueno Perez,F25-29,52,Female,Spain,1:04:38,4:29,6:26:43,6:05,4:54:02,12:35:57
1701,808,Marla Moncrieff,F50-54,38,Female,Canada,1:21:33,7:02,6:40:00,9:11,4:18:12,12:35:58
1702,750,Peter Wachter,M50-54,151,Open,Germany,1:23:26,4:05,6:18:46,5:29,4:44:22,12:36:08
1703,643,Richard Iazzetta,M50-54,152,Open,United States,1:04:46,7:23,6:44:14,6:28,4:33:19,12:36:10
1704,1491,Annett Davy,F40-44,84,Female,Germany,1:21:29,5:44,6:30:28,5:20,4:33:28,12:36:29
1705,1867,Sarah Peltier,F35-39,73,Female,United States,1:15:01,4:20,6:09:33,8:44,4:59:20,12:36:58
1706,740,Craig Sweeney,M50-54,153,Open,Australia,57:23,2:32,6:07:15,13:50,5:16:50,12:37:50
1707,1735,David Puente Jr,M35-39,216,Open,United States,1:31:27,6:58,6:25:39,5:18,4:29:08,12:38:30
1708,1180,Etsuko Nishiguchi,F45-49,67,Female,Japan,1:15:36,7:11,6:38:31,6:43,4:30:48,12:38:49
1709,779,Susan Ford,F50-54,39,Female,United States,1:14:12,5:37,6:34:35,6:42,4:38:08,12:39:14
1710,2104,Fumiko Kawano,F30-34,79,Female,Japan,1:12:00,6:32,6:54:18,6:27,4:20:11,12:39:28
1711,607,Ross Drangsholt,M50-54,154,Open,United States,1:06:08,3:06,6:06:22,6:24,5:17:37,12:39:37
1712,2414,Tracey Turner,F45-49,68,Female,United States,1:14:50,5:31,6:44:53,4:29,4:30:17,12:40:00
1713,1567,Yuuka Yonemura,F40-44,85,Female,Japan,1:10:53,7:19,6:41:22,10:49,4:29:39,12:40:02
1714,784,Linda Charlotte Hansen,F50-54,40,Female,Denmark,1:12:46,5:03,6:42:52,5:35,4:34:18,12:40:34
1715,1974,Brian Kuczynski,M30-34,159,Open,United States,1:03:52,7:29,6:17:29,12:19,4:59:33,12:40:42
1716,826,Lucie Turcotte,F50-54,41,Female,Canada,1:03:33,5:05,6:39:02,8:09,4:45:04,12:40:53
1717,1390,Chung Kiat Poon,M40-44,228,Open,Singapore,1:13:58,3:57,5:46:05,5:02,5:32:07,12:41:09
1718,792,Karen Tavener,F50-54,42,Female,Australia,1:14:01,8:01,6:51:56,6:58,4:20:14,12:41:10
1719,1507,Kayo Hayashimoto,F40-44,86,Female,Japan,1:11:59,4:43,6:37:34,4:26,4:42:34,12:41:16
1720,1398,William Rickards,M40-44,229,Open,United States,1:15:50,4:18,6:17:15,8:53,4:55:05,12:41:21
1721,1740,James Resor,M35-39,217,Open,United States,1:01:41,6:12,6:41:30,9:48,4:42:18,12:41:29
1722,2396,Alex Whelan,F18-24,21,Female,United States,56:53,3:08,6:15:13,5:03,5:21:46,12:42:03
1723,1472,Sophie Boucquillon,F40-44,87,Female,France,1:19:25,5:34,6:42:55,5:48,4:28:30,12:42:12
1724,1466,Megan Arthur,F40-44,88,Female,New Zealand,1:11:31,6:00,6:04:33,9:06,5:11:14,12:42:24
1725,2373,Michelle Devente,F18-24,22,Female,United States,1:04:32,4:14,6:44:57,4:53,4:43:50,12:42:26
1726,2408,Igal Zamir,M50-54,155,Open,Israel,1:18:02,6:27,6:16:01,9:10,4:52:46,12:42:26
1727,279,John Austin,M60-64,36,Open,United States,1:37:53,5:24,6:30:43,5:18,4:23:31,12:42:49
1728,805,Narelle McClelland,F50-54,43,Female,Australia,1:21:40,7:15,6:16:39,6:58,4:50:26,12:42:58
1729,258,Mike Wien,M65-69,9,Open,United States,1:12:30,7:44,6:25:02,6:15,4:52:04,12:43:35
1730,685,John Milne,M50-54,156,Open,Ireland,1:29:13,8:59,6:36:39,7:04,4:22:34,12:44:29
1731,1117,Miwa Amagata,F45-49,69,Female,Japan,1:21:47,6:39,6:52:20,8:02,4:15:53,12:44:41
1732,597,Tim Deer,M50-54,157,Open,United States,1:41:03,6:55,6:25:20,6:35,4:25:03,12:44:56
1733,225,Guido Dona,M65-69,10,Open,Switzerland,1:16:12,4:08,6:14:59,5:06,5:04:37,12:45:02
1734,499,Kris Warszawski,M55-59,54,Open,United States,1:29:27,6:10,6:08:56,6:37,4:54:23,12:45:33
1735,971,Steve Kimball,M45-49,232,Open,United States,1:09:09,3:56,6:38:04,5:10,4:49:40,12:45:59
1736,1256,Luis Damato,M40-44,230,Open,Brazil,1:08:03,4:28,6:03:18,5:30,5:25:12,12:46:31
1737,1828,Phoebe Fear,F35-39,74,Female,Australia,1:24:30,4:27,6:37:20,5:26,4:34:49,12:46:32
1738,958,Andrew Hourigan,M45-49,233,Open,Australia,1:01:07,7:21,6:06:56,6:15,5:25:02,12:46:41
1739,249,Allan Pitman,M65-69,11,Open,Australia,1:10:55,3:33,6:45:13,4:21,4:43:00,12:47:02
1740,667,Gilles Le Goff,M50-54,158,Open,France,1:06:30,3:07,5:59:11,8:20,5:30:33,12:47:41
1741,2035,Bradford Strater,M30-34,160,Open,United States,1:10:33,4:57,6:03:13,8:29,5:20:44,12:47:56
1742,488,Shigy Suzuki,M55-59,55,Open,United States,1:14:31,5:03,6:40:38,9:59,4:37:53,12:48:04
1743,950,Llewellyn Hartley,M45-49,234,Open,Australia,1:08:59,4:52,6:42:36,4:02,4:47:57,12:48:26
1744,628,Ken Glah,M50-54,159,Open,United States,56:04,2:45,5:41:39,6:15,6:02:02,12:48:45
1745,1515,Alana Kennedy-Nasser,F40-44,89,Female,United States,1:15:42,5:44,6:08:40,8:24,5:10:28,12:48:58
1746,363,Rhonda Mareina,F60-64,2,Female,United States,1:14:28,5:43,6:21:27,11:08,4:56:19,12:49:05
1747,813,Aimee Perrett,F50-54,44,Female,New Zealand,1:02:28,3:05,6:18:10,4:57,5:20:34,12:49:14
1748,282,Jack Baum,M60-64,37,Open,United States,1:04:55,3:26,6:00:41,5:31,5:34:58,12:49:31
1749,604,Glen Dipalma,M50-54,160,Open,United States,1:01:38,6:23,6:16:38,6:02,5:18:53,12:49:34
1750,2398,David Daggett,M55-59,56,Open,United States,1:06:31,3:45,5:55:38,6:06,5:37:56,12:49:56
1751,1148,Joelle Ettinger,F45-49,70,Female,Switzerland,1:09:47,6:23,6:35:48,5:57,4:52:43,12:50:38
1752,1520,Melissa Lowenberg,F40-44,90,Female,Canada,1:29:58,8:56,6:05:17,14:33,4:51:55,12:50:39
1753,2092,Rachel Goyette,F30-34,80,Female,United Kingdom,1:18:26,5:37,6:36:17,6:16,4:44:03,12:50:39
1754,426,Mark Hudson,M55-59,57,Open,United Kingdom,1:17:08,4:55,6:26:57,9:22,4:52:20,12:50:42
1755,1115,Pauline Allen,F45-49,71,Female,Ireland,1:21:58,4:16,6:04:50,8:14,5:11:53,12:51:11
1756,2422,Stacey Finerman,F35-39,75,Female,United States,1:21:30,4:23,7:05:13,4:39,4:15:31,12:51:16
1757,297,Patrick Guillaume,M60-64,38,Open,France,1:14:48,5:08,5:58:09,6:54,5:26:43,12:51:42
1758,1876,Julie Sparkes,F35-39,76,Female,Canada,1:12:09,6:05,6:51:02,6:04,4:36:22,12:51:42
1759,284,Paul Bowskill,M60-64,39,Open,New Zealand,1:23:36,6:51,6:50:27,4:33,4:26:16,12:51:43
1760,997,Sean C. McEvoy,M45-49,235,Open,Canada,1:04:08,5:10,5:45:45,30:28,5:26:25,12:51:56
1761,1015,Tom Murphy,M45-49,236,Open,United States,1:17:50,4:20,6:11:36,11:09,5:07:31,12:52:26
1762,1188,Suzanne Rinehart,F45-49,72,Female,United States,1:05:49,8:42,5:55:23,9:46,5:32:48,12:52:28
1763,2142,Xochil Valencia,F30-34,81,Female,Mexico,1:01:43,4:28,6:26:33,3:41,5:16:04,12:52:29
1764,1199,Debra Tuchner,F45-49,73,Female,Canada,1:11:57,6:00,6:47:46,6:47,4:40:17,12:52:47
1765,1123,Michelle Ball,F45-49,74,Female,Canada,1:20:02,4:46,6:25:01,8:59,4:54:38,12:53:26
1766,1535,Mariana Piza,F40-44,91,Female,Brazil,1:15:49,5:25,6:50:00,6:54,4:36:35,12:54:43
1767,828,Patti Warr,F50-54,45,Female,Canada,1:15:52,4:33,6:28:13,6:41,5:00:33,12:55:52
1768,1119,Gillian Auslander,F45-49,75,Female,United States,1:06:57,6:26,6:31:22,6:18,5:04:50,12:55:53
1769,1142,Andrea Dalmasso,F45-49,76,Female,Argentinia,1:25:31,5:13,7:00:09,5:54,4:19:20,12:56:07
1770,361,Missy Lestrange,F60-64,3,Female,United States,1:08:30,4:58,6:24:38,6:46,5:11:21,12:56:13
1771,1069,Charles Settles,M45-49,237,Open,United States,1:12:14,6:57,6:41:39,8:03,4:47:34,12:56:27
1772,2139,Courtney Sypott,F30-34,82,Female,Australia,1:21:05,5:32,6:55:31,3:45,4:30:42,12:56:35
1773,325,Kim Robinson,M60-64,40,Open,Canada,1:14:19,7:00,6:34:35,12:35,4:48:25,12:56:54
1774,2304,Jodie Moss,F25-29,53,Female,United Kingdom,1:11:35,3:42,6:46:25,5:20,4:50:25,12:57:27
1775,1007,Nielsen Michael,M45-49,238,Open,Denmark,1:20:19,5:40,5:46:54,9:02,5:35:44,12:57:39
1776,760,Claudia Assirelli,F50-54,46,Female,Italy,1:11:30,5:03,6:37:04,7:10,4:57:27,12:58:14
1777,2067,Melissa Barrett,F30-34,83,Female,United States,1:08:43,3:48,6:34:36,7:51,5:03:31,12:58:29
1778,2381,Morgan McNinch,F18-24,23,Female,Canada,1:17:39,4:21,6:32:15,5:39,4:58:38,12:58:32
1779,1186,Jessica Pollak,F45-49,77,Female,United States,1:15:40,5:44,6:31:37,6:06,4:59:41,12:58:48
1780,831,Dottie Wilmeth,F50-54,47,Female,United States,1:17:37,4:03,6:34:13,4:59,4:58:04,12:58:56
1781,1588,Conor Bell,M35-39,218,Open,Ireland,1:22:05,9:04,5:56:46,14:39,5:16:32,12:59:06
1782,1150,Nori Gallegos,F45-49,78,Female,Mexico,1:24:33,3:54,7:05:36,8:51,4:16:30,12:59:24
1783,210,Hans Van Der Linden,M70-74,1,Open,Netherlands,1:14:46,4:47,6:30:12,5:02,5:04:56,12:59:43
1784,1863,Junko Ogawa,F35-39,77,Female,Japan,1:07:17,5:23,6:50:16,6:50,4:50:00,12:59:46
1785,307,Mark Maurer,M60-64,41,Open,United States,1:26:26,7:32,6:40:26,15:13,4:30:16,12:59:53
1786,688,David Musicant,M50-54,161,Open,United States,1:20:27,7:14,6:50:35,6:29,4:35:35,13:00:20
1787,587,Kevin Cleary,M50-54,162,Open,United States,1:11:04,6:38,6:14:36,7:42,5:20:26,13:00:26
1788,795,Jody Gilchrist,F50-54,48,Female,Australia,1:19:48,4:11,6:36:54,9:22,4:50:19,13:00:34
1789,1875,Jamie So,F35-39,78,Female,United States,1:08:37,5:31,6:31:47,7:05,5:07:44,13:00:44
1790,1274,Carl Fellows,M40-44,231,Open,Australia,1:02:03,6:39,5:22:41,3:44,6:25:55,13:01:02
1791,1143,Louise Davey,F45-49,79,Female,New Zealand,1:14:38,7:55,6:54:54,8:27,4:35:36,13:01:30
1792,835,Allison Woodward,F50-54,49,Female,United States,1:13:01,5:24,6:48:28,7:30,4:47:18,13:01:41
1793,444,Mario Marchesini,M55-59,58,Open,Italy,1:26:52,7:32,6:23:35,8:37,4:55:12,13:01:48
1794,377,Sydney Tervort,F60-64,4,Female,United States,1:21:36,5:26,6:48:13,8:15,4:38:52,13:02:22
1795,2401,Paul Dauber,M50-54,163,Open,United States,1:17:11,5:11,5:47:31,10:00,5:42:42,13:02:35
1796,2372,Mercedes Decarli,F18-24,24,Female,United States,1:10:28,4:18,7:11:28,5:56,4:30:35,13:02:45
1797,584,Frank Castro,M50-54,164,Open,United States,1:14:17,7:19,6:11:23,9:29,5:21:20,13:03:48
1798,2110,Kristen Larimer,F30-34,84,Female,United States,1:08:56,8:37,6:34:02,8:29,5:03:49,13:03:53
1799,1187,Vanuza Regina Maciel,F45-49,80,Female,Brazil,1:14:55,5:02,6:48:05,7:56,4:48:11,13:04:09
1800,2020,Philip Saab,M30-34,161,Open,Australia,1:08:16,5:14,6:05:27,7:56,5:38:05,13:04:58
1801,791,Kerry Ireland,F50-54,50,Female,Australia,1:15:03,7:13,6:30:11,7:02,5:05:43,13:05:12
1802,305,Hermann Mandler,M60-64,42,Open,Austria,1:33:13,6:05,6:04:48,4:56,5:16:15,13:05:17
1803,577,John Bursell,M50-54,165,Open,United States,1:06:59,5:38,5:37:33,29:34,5:46:27,13:06:11
1804,2330,Duy Thien T Do,M18-24,36,Open,Belgium,53:03,2:21,5:06:40,15:41,6:48:28,13:06:13
1805,2411,Panos Kakoullis,M45-49,239,Open,United Kingdom,1:16:54,4:18,6:00:46,5:18,5:39:55,13:07:11
1806,462,James Piper,M55-59,59,Open,United States,1:33:57,11:17,6:16:25,10:41,4:55:06,13:07:26
1807,2415,Matthew Gentile,M40-44,232,Open,United States,1:07:09,6:43,5:55:39,8:48,5:49:16,13:07:35
1808,2245,David Stirling,M25-29,100,Open,Canada,1:05:03,6:32,6:40:28,7:44,5:08:42,13:08:29
1809,1163,Sandra Hyra,F45-49,81,Female,United States,1:24:30,5:08,6:34:04,5:24,4:59:46,13:08:52
1810,489,Andy Sweet,M55-59,60,Open,United States,1:04:03,3:11,6:21:41,8:06,5:32:19,13:09:20
1811,248,Donald Orr,M65-69,12,Open,United States,1:11:45,4:44,5:58:51,5:56,5:48:35,13:09:51
1812,761,Annika Astrom,F50-54,51,Female,Sweden,1:03:49,4:40,6:54:02,5:19,5:02:08,13:09:58
1813,1613,Malcolm Cooper,M35-39,219,Open,Australia,1:13:35,9:01,6:50:39,10:26,4:47:23,13:11:04
1814,151,Shirin Gerami,F25-29,54,Female,Iran,1:09:08,9:18,6:50:07,6:07,4:56:27,13:11:07
1815,723,Eric Schoonveld,M50-54,166,Open,United States,1:47:59,6:40,6:13:15,7:49,4:56:24,13:12:07
1816,332,Gerald Steinhoff,M60-64,43,Open,United States,1:31:44,8:31,6:16:21,12:35,5:04:22,13:13:33
1817,886,Tony Clark,M45-49,240,Open,Australia,1:14:26,10:16,6:41:55,10:25,4:57:36,13:14:38
1818,1557,Gunilla Stripple,F40-44,92,Female,Sweden,1:06:47,4:32,6:26:30,7:55,5:28:59,13:14:43
1819,1558,Claire Stubbs,F40-44,93,Female,United Kingdom,1:28:00,5:14,6:51:00,6:09,4:44:27,13:14:50
1820,646,Jonathan Jokiel,M50-54,167,Open,United States,1:16:04,5:28,6:44:24,7:39,5:01:29,13:15:04
1821,571,Todd Behringer,M50-54,168,Open,United States,1:44:19,5:59,6:18:30,9:03,4:58:55,13:16:46
1822,182,Fidel Rotondaro,M75-79,1,Open,Venezuela,1:18:17,4:33,6:54:28,6:47,4:53:58,13:18:03
1823,1747,Mike Rydell,M35-39,220,Open,United States,1:22:11,5:51,6:47:31,7:12,4:55:52,13:18:37
1824,1004,Todd Meadows,M45-49,241,Open,United States,1:30:10,4:53,6:44:41,7:34,4:51:31,13:18:49
1825,239,Tetsuo Inaba,M65-69,13,Open,Japan,1:23:46,11:24,7:16:04,9:13,4:19:06,13:19:33
1826,2328,Roberto R Colon,M18-24,37,Open,Puerto Rico,1:23:32,7:44,6:35:16,7:16,5:05:57,13:19:45
1827,246,Tom Nagy,M65-69,14,Open,United States,1:12:05,7:02,6:51:19,8:08,5:01:33,13:20:07
1828,188,Simon Butterworth,M70-74,2,Open,United States,1:19:28,5:42,6:30:43,8:13,5:17:12,13:21:18
1829,1245,Randy Clark,M40-44,233,Open,United States,1:13:40,4:36,5:56:09,6:11,6:00:55,13:21:31
1830,1850,Elizabeth Larson,F35-39,79,Female,United States,1:18:35,4:59,6:52:40,6:27,5:00:02,13:22:43
1831,1607,James Canete,M35-39,221,Open,United States,1:09:05,4:44,6:59:03,11:29,4:58:38,13:22:59
1832,234,Monte Hitchcock,M65-69,15,Open,United States,1:20:17,5:29,6:51:06,5:08,5:01:12,13:23:12
1833,221,Andrew Brookner,M65-69,16,Open,United States,1:21:17,6:21,7:08:13,6:01,4:42:35,13:24:27
1834,278,Walter Arnold,M60-64,44,Open,United States,1:10:12,7:30,6:47:53,9:01,5:10:14,13:24:50
1835,1166,Dotty Johnson,F45-49,82,Female,United States,1:21:27,6:57,6:24:29,11:40,5:21:09,13:25:42
1836,2066,Stephanie Bangora,F30-34,85,Female,United States,1:23:39,7:35,7:00:31,8:29,4:46:35,13:26:49
1837,437,Jeff Krebs,M55-59,61,Open,United States,1:40:55,8:00,6:54:56,6:51,4:36:34,13:27:16
1838,150,Kathleen McCartney,F55-59,1,Female,United States,1:15:54,3:53,6:52:12,5:31,5:10:06,13:27:36
1839,2313,Sabrina Swift,F25-29,55,Female,United States,1:06:50,6:34,6:55:56,6:39,5:12:01,13:28:00
1840,2370,Makinsie Davis,F18-24,25,Female,United States,1:15:01,6:04,6:32:16,8:43,5:27:02,13:29:06
1841,2052,Mitchell Wendorff,M30-34,162,Open,United States,1:14:02,4:33,6:27:44,6:55,5:36:01,13:29:15
1842,379,Arlene Turner Ayoub,F60-64,5,Female,Canada,1:20:40,5:52,7:03:17,8:54,4:50:35,13:29:18
1843,764,Elizabeth Bianchi,F50-54,52,Female,United States,1:26:43,6:16,7:00:41,7:01,4:49:18,13:29:59
1844,1250,Robert Cornett,M40-44,234,Open,United States,1:26:40,4:51,6:32:35,7:38,5:18:30,13:30:14
1845,164,Robert Buren,HC,2,,Canada,1:35:22,5:24,8:15:59,7:32,3:26:09,13:30:26
1846,781,Jennifer Gibson,F50-54,53,Female,United States,1:15:54,5:36,6:37:12,10:26,5:21:21,13:30:29
1847,580,Peter Camilleri,M50-54,169,Open,Australia,1:43:31,7:24,6:40:51,7:15,4:52:21,13:31:22
1848,1817,Amy Cadriel,F35-39,80,Female,United States,1:27:13,8:40,6:48:22,8:32,4:59:22,13:32:09
1849,2421,Jamie Graff,M35-39,222,Open,United States,1:14:44,4:42,6:24:23,6:32,5:42:10,13:32:31
1850,821,Rosie Stark,F50-54,54,Female,United States,1:12:20,8:21,6:30:53,9:30,5:31:54,13:32:58
1851,1417,Bryan Shiflett,M40-44,235,Open,United States,1:03:21,5:28,5:54:27,7:05,6:22:56,13:33:17
1852,237,Jon Howse,M65-69,17,Open,Australia,1:07:56,6:53,6:34:49,8:00,5:36:04,13:33:42
1853,812,Gabriele Pauer,F50-54,55,Female,Austria,1:10:37,6:46,6:49:23,6:44,5:20:45,13:34:15
1854,176,Elisius Iwens,M75-79,2,Open,Belgium,1:26:34,5:11,6:48:59,8:23,5:05:39,13:34:46
1855,1820,Jocelyn Chong,F35-39,81,Female,United States,1:24:43,11:04,7:00:55,14:35,4:43:43,13:35:00
1856,198,Colm Kelly,M70-74,3,Open,Canada,1:43:34,5:54,6:43:43,10:07,4:51:53,13:35:11
1857,337,Dave Trudgian,M60-64,45,Open,Australia,1:06:31,4:18,6:21:26,7:42,5:56:14,13:36:11
1858,450,Steve Mount,M55-59,62,Open,United States,1:22:55,16:27,7:07:22,13:51,4:36:36,13:37:11
1859,807,Carina Moeller-San Pedro,F50-54,56,Female,Denmark,1:17:37,5:37,6:24:07,7:45,5:43:02,13:38:08
1860,1002,Jim McLaughlin,M45-49,242,Open,United States,1:35:22,6:17,6:31:44,6:01,5:21:22,13:40:46
1861,2192,Justin Hauser,M25-29,101,Open,United States,1:16:18,6:23,6:55:11,8:50,5:14:31,13:41:13
1862,315,Yukihiro Nakamoto,M60-64,46,Open,Japan,1:44:26,8:32,7:10:42,7:35,4:30:05,13:41:20
1863,323,James Rantala,M60-64,47,Open,United States,1:11:00,6:33,6:35:39,6:38,5:41:55,13:41:45
1864,283,Charles Bittenbring,M60-64,48,Open,United States,1:17:39,9:45,6:48:31,10:02,5:15:53,13:41:50
1865,492,Michael Tuttle,M55-59,63,Open,United States,1:29:36,6:56,7:19:18,5:57,4:41:02,13:42:49
1866,679,Anthony Madden,M50-54,170,Open,United States,1:14:43,8:34,6:59:54,8:05,5:11:40,13:42:56
1867,560,Jim P Adams,M50-54,171,Open,United States,1:11:56,5:04,6:07:37,9:04,6:10:22,13:44:03
1868,720,Rob Schimek,M50-54,172,Open,United States,1:37:35,7:19,6:11:08,11:33,5:36:36,13:44:11
1869,1972,Derek Kraus,M30-34,163,Open,United States,1:20:09,6:43,6:55:30,6:25,5:15:39,13:44:26
1870,256,Hartmut Sugg,M65-69,18,Open,Germany,1:52:51,8:06,6:55:23,8:47,4:40:34,13:45:41
1871,378,Cathy Tibbetts,F60-64,6,Female,United States,1:14:43,5:17,7:03:04,11:03,5:13:17,13:47:24
1872,187,Patrick Bourdillon,M70-74,4,Open,United States,1:31:08,5:46,7:15:02,8:01,4:47:35,13:47:32
1873,1888,Rochelle Youngson,F35-39,82,Female,Australia,1:23:49,9:22,7:18:58,17:57,4:37:32,13:47:38
1874,2402,Stefano Massa,M50-54,173,Open,Italy,1:07:07,3:24,6:41:47,6:16,5:49:07,13:47:41
1875,290,Niclas Debes,M60-64,49,Open,Faroe Islands,1:43:33,8:17,6:42:38,7:19,5:06:15,13:48:02
1876,359,Joyce Langridge,F60-64,7,Female,Canada,1:34:32,5:27,6:55:36,7:22,5:05:44,13:48:41
1877,2120,Jesse Mastrom,F30-34,86,Female,United States,1:26:25,3:53,6:25:30,14:07,5:40:12,13:50:07
1878,864,Derek Biesheuvel,M45-49,243,Open,Philippines,1:24:26,6:05,6:52:24,7:12,5:20:19,13:50:26
1879,2262,Vanessa Aders,F25-29,56,Female,United States,1:08:26,3:55,6:50:20,6:32,5:41:51,13:51:04
1880,830,Ann Williams,F50-54,57,Female,United States,1:21:43,5:39,7:03:53,9:36,5:10:49,13:51:40
1881,563,Luis Alvarez,M50-54,174,Open,Mexico,1:08:57,12:41,6:32:58,16:52,5:40:28,13:51:56
1882,1013,Kaj Munk,M45-49,244,Open,Sweden,1:18:20,7:02,6:19:19,8:55,5:59:25,13:53:01
1883,345,Yukihiro Yuyama,M60-64,50,Open,Japan,1:24:53,7:53,7:31:03,9:21,4:40:19,13:53:29
1884,1852,Dominique Lothaller,F35-39,83,Female,Austria,1:10:46,4:22,6:24:16,5:11,6:10:26,13:55:01
1885,681,John Joseph McGowan,M50-54,175,Open,United States,1:14:49,10:27,7:07:47,15:02,5:07:02,13:55:07
1886,456,Steve Oehrle,M55-59,64,Open,United States,1:25:52,6:19,6:44:35,7:59,5:30:55,13:55:40
1887,2397,Michael Rusin,M60-64,51,Open,United States,1:40:53,4:56,6:44:29,8:41,5:16:59,13:55:58
1888,503,Timothy Wiley,M55-59,65,Open,United States,1:34:26,9:17,6:09:57,13:43,5:49:27,13:56:50
1889,1050,Andrew Roberts,M45-49,245,Open,Australia,1:18:21,8:17,6:57:59,6:20,5:25:58,13:56:55
1890,2389,Sara Sanchez Jimenez,F18-24,26,Female,Spain,1:21:37,6:42,7:42:15,12:54,4:33:55,13:57:23
1891,2324,Tomohiko Azuma,M18-24,38,Open,Japan,1:11:34,4:44,6:42:28,8:34,5:50:51,13:58:11
1892,1287,Amin Golbidi,M40-44,236,Open,Iran,1:10:59,10:05,6:59:38,12:38,5:24:56,13:58:16
1893,2405,Walter Pye,M50-54,176,Open,United States,1:27:54,11:19,7:17:17,16:03,4:46:04,13:58:37
1894,896,John Critchfield,M45-49,246,Open,United States,1:11:21,10:13,6:26:46,8:29,6:02:50,13:59:39
1895,236,Rob Howitt,M65-69,19,Open,Australia,1:11:58,7:33,7:14:45,6:42,5:19:19,14:00:17
1896,288,John Cummings,M60-64,52,Open,United States,1:37:32,6:15,6:51:34,9:20,5:16:07,14:00:48
1897,289,Peter Dean,M60-64,53,Open,Australia,1:14:09,10:08,6:56:20,13:55,5:27:37,14:02:09
1898,1358,Trevor Macduff,M40-44,237,Open,United States,1:34:51,6:42,7:13:37,9:06,5:00:11,14:04:27
1899,763,Karrie Bellard,F50-54,58,Female,United States,1:30:20,11:29,7:16:18,12:41,4:53:54,14:04:42
1900,1082,Jeff Strang,M45-49,247,Open,United States,1:26:35,5:40,6:47:07,8:59,5:36:53,14:05:14
1901,367,Marise Nunes,F60-64,8,Female,Brazil,1:11:23,7:38,7:30:43,8:56,5:07:25,14:06:05
1902,1018,Michael Nation,M45-49,248,Open,United States,55:59,5:10,6:57:11,9:24,5:58:38,14:06:22
1903,1212,Ian Baker,M40-44,238,Open,United Kingdom,1:27:58,7:11,7:03:24,8:54,5:20:06,14:07:33
1904,891,Keith Conrad,M45-49,249,Open,United States,1:13:24,14:27,6:40:08,14:42,5:45:09,14:07:50
1905,2385,Anna Oleander,F18-24,27,Female,Sweden,1:22:53,7:01,6:58:51,6:35,5:32:32,14:07:52
1906,364,Karen McPherson,F60-64,9,Female,Australia,1:25:19,7:08,6:52:13,10:58,5:32:18,14:07:56
1907,1476,Misty Brown,F40-44,94,Female,United States,1:12:37,6:37,6:50:26,9:08,5:49:36,14:08:24
1908,1257,Alwyn Dayoan,M40-44,239,Open,United States,1:26:35,6:35,7:26:12,7:33,5:03:03,14:09:58
1909,331,Tom Shinners,M60-64,54,Open,United States,1:24:11,6:41,6:00:16,7:20,6:32:27,14:10:55
1910,224,Michel Demarquet,M65-69,20,Open,France,1:40:45,8:58,7:14:26,11:23,4:55:32,14:11:04
1911,220,Charlie Brockus,M65-69,21,Open,United States,1:07:32,4:47,6:03:50,6:46,6:48:35,14:11:30
1912,1181,Michelle Orgill,F45-49,83,Female,United States,1:07:04,6:28,6:33:46,8:00,6:16:15,14:11:33
1913,989,Edward Lomicka,M45-49,250,Open,United States,1:08:20,10:45,6:53:40,12:49,5:46:19,14:11:53
1914,253,Shangen Shen,M65-69,22,Open,China,1:41:27,8:12,6:50:15,9:47,5:22:32,14:12:13
1915,910,Rav Dighe,M45-49,251,Open,United Kingdom,1:26:15,8:20,6:46:39,13:04,5:38:10,14:12:28
1916,613,Chris Ernst,M50-54,177,Open,Australia,1:16:21,13:59,6:16:18,12:12,6:13:51,14:12:41
1917,790,Patty Lynn Infusino,F50-54,59,Female,Canada,1:20:06,7:10,7:07:18,8:53,5:29:42,14:13:09
1918,299,Tom Hulsey,M60-64,55,Open,United States,1:41:45,9:11,7:06:45,12:22,5:03:20,14:13:23
1919,766,Cheryl Cardello,F50-54,60,Female,United States,1:15:05,7:27,7:09:42,12:56,5:28:48,14:13:58
1920,267,Anne Grundy,F65-69,1,Female,Australia,1:26:25,5:01,7:46:32,8:00,4:49:27,14:15:25
1921,200,Hans Kunzi,M70-74,5,Open,Switzerland,1:27:27,4:36,7:02:43,6:06,5:34:50,14:15:42
1922,952,Yoshinori Hasebe,M45-49,252,Open,Japan,1:28:01,7:27,6:58:57,13:54,5:27:38,14:15:57
1923,362,Karen Macpherson,F60-64,10,Female,Canada,1:15:48,7:57,7:24:26,9:46,5:18:04,14:16:01
1924,745,David Toothaker,M50-54,178,Open,United States,1:32:23,5:57,6:44:57,7:50,5:45:33,14:16:40
1925,626,Bernard Garruppo,M50-54,179,Open,United States,1:24:31,8:50,7:21:58,10:51,5:11:24,14:17:34
1926,1918,Chuck Compson,M30-34,164,Open,United States,1:17:41,11:56,7:20:17,12:16,5:15:37,14:17:47
1927,1884,Kristin Wedemeyer,F35-39,84,Female,United States,1:08:34,6:24,7:23:06,8:13,5:32:35,14:18:52
1928,481,Tobi Schneider,M55-59,66,Open,Germany,1:20:21,5:41,6:07:02,6:44,6:39:05,14:18:53
1929,568,John Battista,M50-54,180,Open,United States,58:33,6:31,6:07:05,16:26,6:50:18,14:18:53
1930,664,Salvatore La Viola,M50-54,181,Open,Italy,1:09:44,5:38,7:17:28,9:56,5:36:22,14:19:08
1931,213,Natalie Grabow,F70-74,1,Female,United States,1:35:22,6:04,6:44:17,11:18,5:42:10,14:19:11
1932,799,Midge Kerr,F50-54,61,Female,United States,1:08:18,4:49,7:08:01,8:45,5:49:50,14:19:43
1933,2069,Jessica Bills,F30-34,87,Female,United States,1:28:26,6:54,7:13:00,8:02,5:23:55,14:20:17
1934,1501,Amy Griffin,F40-44,95,Female,United States,1:14:38,6:15,7:28:17,10:53,5:20:39,14:20:42
1935,672,Andrew Lim,M50-54,182,Open,Canada,1:30:58,6:12,7:27:37,8:32,5:07:52,14:21:11
1936,592,Graham Cooper,M50-54,183,Open,Australia,1:11:21,5:19,6:17:18,8:38,6:40:05,14:22:41
1937,883,Eric Chet,M45-49,253,Open,United States,1:10:56,6:50,7:09:42,15:55,5:40:13,14:23:36
1938,1427,Craig Stevens,M40-44,240,Open,United States,1:26:13,8:41,6:49:27,13:47,5:47:03,14:25:11
1939,1122,Rachel Balding,F45-49,84,Female,Australia,1:24:32,4:58,6:51:45,5:20,5:59:14,14:25:49
1940,1611,B.J. Christenson,M35-39,223,Open,United States,1:40:52,7:15,6:40:50,11:08,5:46:28,14:26:33
1941,1017,Shane Nakagawara,M45-49,254,Open,United States,1:38:10,7:00,6:45:27,8:49,5:47:53,14:27:19
1942,2292,Katherine Jones,F25-29,57,Female,United States,1:11:07,4:32,7:40:55,8:09,5:22:40,14:27:23
1943,252,Ken Robinson,M65-69,23,Open,United States,1:18:19,8:05,6:54:35,10:47,5:56:17,14:28:03
1944,894,Tom Costantiello,M45-49,255,Open,United States,1:33:47,6:55,7:12:35,8:03,5:28:09,14:29:29
1945,1025,Giancarlo Nisimblat,M45-49,256,Open,United States,1:22:08,5:24,6:43:55,10:52,6:07:28,14:29:47
1946,223,Charles Cowan,M65-69,24,Open,United Kingdom,1:25:34,8:08,6:52:00,9:44,5:55:44,14:31:10
1947,811,Durdica Orepic,F50-54,62,Female,Croatia,1:32:00,8:38,7:12:59,7:38,5:30:19,14:31:34
1948,1778,Addy Thongsonlone,M35-39,224,Open,United States,1:36:15,7:49,7:22:38,4:55,5:20:56,14:32:33
1949,226,Even Evensen,M65-69,25,Open,United States,1:17:07,8:01,6:44:42,12:09,6:10:54,14:32:53
1950,1548,Karen Segerson,F40-44,96,Female,United States,1:10:27,4:51,7:46:43,6:34,5:24:19,14:32:54
1951,205,Yoshihito Munemasa,M70-74,6,Open,Japan,1:36:58,6:51,7:23:00,5:28,5:21:03,14:33:20
1952,1075,Maciej Skomorowski,M45-49,257,Open,Poland,1:35:10,7:17,7:26:19,8:31,5:17:04,14:34:21
1953,204,Peter Mueller,M70-74,7,Open,Germany,1:32:44,9:31,7:58:32,5:40,4:49:40,14:36:07
1954,2197,Anthony Jagielo,M25-29,102,Open,United States,1:19:12,4:35,6:12:27,4:13,6:55:54,14:36:21
1955,804,Nancy McCarthy,F50-54,63,Female,United States,1:41:18,7:01,7:29:35,10:11,5:08:20,14:36:25
1956,158,Terron Mercer,M50-54,184,Open,United States,1:40:39,6:23,6:56:07,10:50,5:42:31,14:36:30
1957,194,Christopher George,M70-74,8,Open,United Kingdom,1:28:06,8:11,7:46:48,6:17,5:07:43,14:37:05
1958,329,James Sakai,M60-64,56,Open,United States,1:19:37,5:55,6:58:50,9:10,6:03:43,14:37:15
1959,1450,Austin Watkins,M40-44,241,Open,United States,1:25:43,6:11,7:26:40,10:49,5:28:00,14:37:23
1960,152,Turia Pitt,F25-29,58,Female,Australia,1:25:23,15:19,7:37:06,6:54,5:12:48,14:37:30
1961,814,Lina Ramos,F50-54,64,Female,United States,1:19:56,7:28,6:32:17,6:13,6:32:18,14:38:12
1962,1416,Jason Shields,M40-44,242,Open,Australia,1:09:48,5:50,6:26:43,9:34,6:46:17,14:38:12
1963,806,Andree Miceli,F50-54,65,Female,United States,1:27:22,6:44,7:11:36,7:32,5:44:59,14:38:13
1964,212,Linda Ashmore,F70-74,2,Female,United Kingdom,1:18:40,4:14,7:30:17,5:15,5:40:13,14:38:39
1965,2399,Tom Kennedy,M55-59,67,Open,United States,1:25:09,5:32,7:02:16,10:39,5:56:04,14:39:40
1966,312,Patrick Mitchell,M60-64,57,Open,United States,1:18:14,6:57,6:33:07,11:34,6:29:54,14:39:46
1967,266,Cullen Goodyear,F65-69,2,Female,Canada,1:18:49,5:30,7:06:50,11:52,5:57:26,14:40:27
1968,771,Ana Silvia Davini Paller,F50-54,66,Female,Brazil,1:18:24,7:55,7:06:55,12:25,5:55:06,14:40:45
1969,1265,Ramesh Dharma,M40-44,243,Open,Singapore,1:25:49,6:39,7:10:23,10:01,5:49:20,14:42:12
1970,360,Sheila Leard,F60-64,11,Female,United States,1:40:13,5:45,7:28:23,7:02,5:23:16,14:44:39
1971,201,Dwight Lundell,M70-74,9,Open,United States,1:45:35,5:15,6:33:05,6:09,6:14:36,14:44:40
1972,962,Joseph Huy,M45-49,258,Open,United States,1:24:56,6:11,6:40:34,18:34,6:14:28,14:44:43
1973,493,Jeffrey Tyler,M55-59,68,Open,United States,1:29:31,10:28,6:59:59,11:16,5:53:32,14:44:46
1974,491,Christopher Trent,M55-59,69,Open,United States,1:49:17,12:30,7:16:46,11:20,5:15:14,14:45:07
1975,172,Brian Boyle,M75-79,3,Open,New Zealand,1:43:47,7:48,6:55:04,6:43,5:51:49,14:45:11
1976,321,Robert Puaokalani,M60-64,58,Open,United States,1:15:45,6:16,7:10:54,12:01,6:00:49,14:45:45
1977,342,Volker Wendland,M60-64,59,Open,Germany,2:10:52,6:55,7:01:15,8:31,5:19:06,14:46:39
1978,368,Karen Price,F60-64,12,Female,United States,1:22:51,5:19,7:36:01,8:08,5:37:00,14:49:19
1979,471,Jeffrey Robins,M55-59,70,Open,United States,1:27:07,6:37,7:31:06,8:24,5:36:28,14:49:42
1980,609,Doug Dunbar,M50-54,185,Open,United States,1:33:23,8:12,6:56:36,10:37,6:01:39,14:50:27
1981,1480,Erin Byrge,F40-44,97,Female,United States,1:26:14,5:17,7:24:40,7:17,5:47:16,14:50:44
1982,857,Sam Barnes,M45-49,259,Open,United States,1:22:13,8:14,7:08:08,10:34,6:02:24,14:51:33
1983,195,Eric Goullaud,M70-74,10,Open,United States,1:26:43,6:56,7:33:08,9:06,5:37:36,14:53:29
1984,567,Jim Barron,M50-54,186,Open,United States,1:33:03,7:21,7:11:46,7:24,5:54:07,14:53:41
1985,1043,Bryan Prushinski,M45-49,260,Open,United States,1:18:59,4:57,6:40:22,5:01,6:45:12,14:54:31
1986,231,Perry Heath,M65-69,26,Open,United States,1:22:37,4:25,7:06:06,8:54,6:13:02,14:55:04
1987,2369,Jaimee Davis,F18-24,28,Female,United States,1:25:49,8:28,7:35:42,6:32,5:39:32,14:56:03
1988,334,Stan Strohm,M60-64,60,Open,United States,1:35:54,6:14,7:00:28,9:04,6:04:47,14:56:27
1989,884,Alexander Chin,M45-49,261,Open,United States,1:48:55,8:18,7:06:17,11:37,5:41:23,14:56:30
1990,235,Masaaki Horino,M65-69,27,Open,Japan,1:40:56,5:48,7:03:58,6:43,6:00:09,14:57:34
1991,190,Massimo Casoli,M70-74,11,Open,Italy,1:31:56,6:55,6:49:49,5:24,6:23:38,14:57:42
1992,219,Juan Arrasate,M65-69,28,Open,Chile,1:27:53,5:14,7:14:37,6:07,6:04:24,14:58:15
1993,214,Bobbe Greenberg,F70-74,3,Female,United States,1:32:59,7:34,7:37:38,6:51,5:33:50,14:58:52
1994,590,John Cooke,M50-54,187,Open,Singapore,1:24:27,5:34,7:44:37,6:54,5:37:37,14:59:09
1995,1699,Pablo Mazzoletti,M35-39,225,Open,Argentinia,1:19:59,6:34,7:16:04,6:43,6:09:55,14:59:15
1996,702,Frank-Martin Prof. Dr. Belz,M50-54,188,Open,Germany,1:18:26,6:48,6:44:13,6:43,6:44:51,15:01:01
1997,222,Garry Castelli,M65-69,29,Open,United States,1:07:53,5:53,6:35:17,15:41,6:56:28,15:01:12
1998,1537,Dawn Prebula,F40-44,98,Female,United States,1:28:32,6:50,7:08:25,7:11,6:10:26,15:01:24
1999,1469,Jessica Baxter,F40-44,99,Female,United States,1:26:10,7:00,6:54:12,7:59,6:26:26,15:01:47
2000,1681,Brett Kruse,M35-39,226,Open,Costa Rica,1:03:13,5:00,5:48:34,12:50,7:53:12,15:02:49
2001,801,Angela Kwong,F50-54,67,Female,United States,1:45:02,5:13,7:57:13,6:56,5:09:09,15:03:33
2002,722,Jan Schmitt,M50-54,189,Open,Germany,1:20:04,7:33,7:21:45,7:38,6:07:29,15:04:29
2003,901,Andrew Day,M45-49,262,Open,United Kingdom,1:32:16,7:43,6:59:30,10:22,6:15:09,15:05:00
2004,159,Stephen Fawehinmi,M40-44,244,Open,United States,1:33:26,7:42,7:04:27,8:30,6:13:21,15:07:26
2005,348,Elfie Baltes,F60-64,13,Female,Germany,1:31:50,6:15,7:41:16,9:04,5:39:02,15:07:27
2006,1099,Carlton Ulmer,M45-49,263,Open,United States,1:22:18,7:03,7:28:44,12:07,5:58:25,15:08:37
2007,744,Craig Thorsen,M50-54,190,Open,United States,1:34:30,9:37,7:09:16,12:52,6:03:53,15:10:08
2008,2150,Lisa Wiltshire,F30-34,88,Female,United Kingdom,1:33:02,7:58,7:25:19,6:48,5:58:59,15:12:06
2009,867,Mark Blayney,M45-49,264,Open,Australia,1:20:00,7:13,7:20:50,8:59,6:15:34,15:12:36
2010,433,Russell Jones,M55-59,71,Open,United States,1:24:08,8:47,7:09:53,13:37,6:19:26,15:15:51
2011,947,David Haas,M45-49,265,Open,United States,58:27,5:20,6:05:23,10:43,7:56:15,15:16:08
2012,775,Naomi Edmunds,F50-54,68,Female,Australia,1:13:18,10:37,6:52:07,14:30,6:46:45,15:17:17
2013,275,Sandi Wiebe,F65-69,3,Female,United States,1:25:15,7:08,7:45:02,9:54,5:50:03,15:17:22
2014,445,Tom McGarry,M55-59,72,Open,United States,1:16:06,7:03,7:02:20,10:23,6:41:48,15:17:40
2015,370,Patricia Rosen,F60-64,14,Female,United States,1:26:38,6:05,7:29:17,7:08,6:08:52,15:18:00
2016,751,Mark Walsh,M50-54,191,Open,United Kingdom,1:27:13,9:36,7:06:21,18:11,6:16:55,15:18:16
2017,1167,Melissa Johnson,F45-49,85,Female,United States,1:29:55,7:59,7:37:45,8:50,5:54:57,15:19:26
2018,351,Jennifer Eckert,F60-64,15,Female,United States,1:18:31,10:18,7:43:43,8:51,5:58:05,15:19:28
2019,776,Stephanie Felber,F50-54,69,Female,United States,1:25:12,6:39,7:37:06,16:05,5:54:30,15:19:32
2020,186,Rudiger Arvay,M70-74,12,Open,Austria,1:18:02,7:22,7:33:50,11:20,6:09:00,15:19:34
2021,349,Barbara Carson,F60-64,16,Female,New Zealand,1:32:09,5:57,7:21:01,10:14,6:11:51,15:21:12
2022,357,Venke Frederike Johansen,F60-64,17,Female,Norway,1:35:31,6:26,7:26:27,8:18,6:06:05,15:22:47
2023,562,John Aker,M50-54,192,Open,United States,1:28:40,7:42,7:20:23,7:28,6:18:49,15:23:02
2024,352,Joanne Furu,F60-64,18,Female,United States,1:37:14,6:00,7:52:33,7:35,5:39:54,15:23:16
2025,629,Bob Gordon,M50-54,193,Open,United Kingdom,1:18:21,8:42,7:18:27,11:30,6:28:12,15:25:12
2026,314,Steve Nabity,M60-64,61,Open,United States,1:20:11,5:00,6:42:01,9:04,7:09:17,15:25:33
2027,287,Andrew Cox,M60-64,62,Open,United Kingdom,1:42:48,8:16,6:52:33,10:27,6:34:44,15:28:48
2028,311,John Miller,M60-64,63,Open,United States,1:35:34,6:39,7:59:02,12:17,5:35:34,15:29:06
2029,1502,Georgeta Gruescu,F40-44,100,Female,United States,1:45:45,11:01,7:24:16,11:35,5:56:30,15:29:07
2030,1623,Steve Demasi,M35-39,227,Open,United States,1:27:12,9:06,6:45:12,9:36,7:00:00,15:31:06
2031,358,Ruth Kohstall,F60-64,19,Female,United States,1:40:16,4:27,7:12:23,8:50,6:25:44,15:31:40
2032,343,Bob Whitman,M60-64,64,Open,United States,1:34:03,10:38,8:19:05,9:43,5:18:16,15:31:45
2033,202,Benedito Machado Da Silva,M70-74,13,Open,Brazil,1:52:17,12:37,7:35:05,9:05,5:43:01,15:32:05
2034,1173,Tricia Mainil,F45-49,86,Female,Canada,1:26:43,9:11,7:36:19,15:10,6:04:42,15:32:05
2035,768,Carrie Crane,F50-54,70,Female,Australia,1:31:34,7:48,7:37:08,8:31,6:07:27,15:32:28
2036,372,Joanne Schmitz,F60-64,20,Female,United States,1:37:22,12:09,7:12:52,13:50,6:17:15,15:33:28
2037,259,John Wragg,M65-69,30,Open,Canada,1:28:44,7:54,7:01:40,12:21,6:43:20,15:33:59
2038,227,Bob Falconi,M65-69,31,Open,United States,1:46:32,7:57,8:24:38,6:03,5:09:41,15:34:51
2039,338,Tatsuya Tsushima,M60-64,65,Open,Japan,1:47:25,6:27,7:42:40,9:04,5:49:18,15:34:54
2040,365,Monika El-Arnaouty,F60-64,21,Female,Germany,1:21:39,13:33,7:44:07,16:36,6:00:55,15:36:50
2041,207,Dieter Reithmeier,M70-74,14,Open,Australia,1:36:05,8:56,7:31:15,9:20,6:13:08,15:38:44
2042,2393,Elisa Talker,F18-24,29,Female,Austria,1:25:20,6:04,7:47:58,9:13,6:12:10,15:40:45
2043,260,Eva Alexy,F65-69,4,Female,Canada,1:45:42,11:34,7:41:34,11:16,5:55:25,15:45:31
2044,247,Nobuo Namai,M65-69,32,Open,Japan,1:50:44,7:42,8:22:22,4:32,5:20:47,15:46:07
2045,2310,Lauren Rusert,F25-29,59,Female,United States,1:31:35,8:14,7:34:04,9:52,6:22:25,15:46:10
2046,373,Brenda Simpson,F60-64,22,Female,Canada,1:26:38,9:06,7:31:17,9:26,6:32:01,15:48:28
2047,1552,Emily Smith,F40-44,101,Female,United States,1:32:51,5:53,7:54:45,6:14,6:09:58,15:49:41
2048,1079,John Steed,M45-49,266,Open,United States,1:24:46,8:05,7:53:17,8:50,6:15:19,15:50:17
2049,1153,Emma Griffiths,F45-49,87,Female,Australia,1:28:04,7:14,7:26:52,9:33,6:38:40,15:50:23
2050,1853,Christina Lovitt,F35-39,85,Female,United States,1:21:50,8:54,7:23:30,14:42,6:41:49,15:50:45
2051,846,Peter Anderson,M45-49,267,Open,United States,1:30:02,10:23,7:47:06,7:21,6:16:28,15:51:20
2052,208,Sandy Roberts,M70-74,15,Open,United States,2:05:43,8:56,7:59:02,7:28,5:30:27,15:51:36
2053,273,Diane Tracy,F65-69,5,Female,United States,1:46:43,9:56,7:37:13,11:32,6:07:06,15:52:30
2054,168,Michael Somsan,PC,1,,United States,1:51:28,8:39,7:57:30,9:26,5:48:03,15:55:06
2055,913,Pete Dowling,M45-49,268,Open,United Kingdom,1:32:06,8:10,6:49:57,10:00,7:15:09,15:55:22
2056,193,Roy Fenstermaker,M70-74,16,Open,United States,1:38:23,13:18,7:49:17,13:14,6:01:35,15:55:47
2057,196,Tatsuo Hamaguchi,M70-74,17,Open,Japan,1:44:32,8:00,8:20:18,7:04,5:36:29,15:56:23
2058,1518,Theresa Kreif,F40-44,102,Female,United States,1:21:40,10:23,7:55:38,14:52,6:15:16,15:57:49
2059,175,Bruce Higginbotham,M75-79,4,Open,Australia,1:44:29,6:02,7:08:03,7:35,6:52:18,15:58:27
2060,216,Sharon Morey,F70-74,4,Female,United States,1:31:43,8:11,7:49:52,11:14,6:17:35,15:58:35
2061,264,Carol Defazio,F65-69,6,Female,United States,1:40:03,8:04,7:45:19,8:44,6:16:56,15:59:06
2062,206,Alan Priest,M70-74,18,Open,United States,1:45:45,8:17,7:49:45,11:58,6:04:11,15:59:56
2063,268,Nancy Lieberman,F65-69,7,Female,United States,1:37:15,12:32,7:52:39,10:59,6:06:43,16:00:08
2064,2002,Brad Moss,M30-34,165,Open,United States,1:15:32,5:16,7:58:14,18:43,6:23:13,16:00:58
2065,1511,Brenda Hutchinson,F40-44,103,Female,Australia,1:30:21,9:13,7:48:09,11:20,6:24:11,16:03:14
2066,241,Rob Ladewig,M65-69,33,Open,United States,1:29:27,12:16,7:27:58,11:26,6:42:39,16:03:46
2067,355,Yuko Hayashi,F60-64,23,Female,Japan,1:37:39,10:09,8:07:13,12:20,5:56:51,16:04:12
2068,1107,James Walter,M45-49,269,Open,United States,1:14:06,5:52,7:32:56,10:26,7:01:25,16:04:45
2069,274,Beatrice Van Horne,F65-69,8,Female,United States,1:18:46,6:37,7:49:17,10:09,6:40:05,16:04:54
2070,877,Mike Caldin,M45-49,270,Open,United States,1:31:14,8:36,7:22:27,9:58,6:52:51,16:05:06
2071,2413,Jennifer Knickerbocker,F45-49,88,Female,United States,1:32:15,7:59,7:16:17,11:57,6:57:14,16:05:42
2072,2419,Michelle Mayer,F40-44,104,Female,United States,1:33:30,7:59,7:36:56,9:00,6:38:17,16:05:42
2073,974,Ritsubun Koda,M45-49,271,Open,Japan,1:20:48,10:55,7:43:24,6:53,6:44:50,16:06:50
2074,197,Leif Hakan Johnsson,M70-74,19,Open,Sweden,1:51:46,7:37,7:12:24,13:29,6:41:56,16:07:12
2075,230,Micheal Hamilton,M65-69,34,Open,United States,1:44:16,8:54,7:03:53,12:44,6:57:26,16:07:13
2076,1418,Pablo Smiraglia,M40-44,245,Open,Argentinia,1:36:37,11:19,7:42:06,9:00,6:28:42,16:07:44
2077,354,Jan Hannaford,F60-64,24,Female,United Kingdom,1:31:45,8:36,7:55:05,12:53,6:21:50,16:10:09
2078,501,David Watson,M55-59,73,Open,United States,1:16:09,8:12,7:43:30,8:41,6:53:50,16:10:22
2079,2404,Steven Pressman,M50-54,194,Open,United States,1:19:58,12:43,6:57:14,38:55,7:04:39,16:13:29
2080,157,Darrell Freeman,M50-54,195,Open,United States,1:58:02,8:39,7:33:51,6:07,6:29:22,16:16:01
2081,2410,Uri Feldman,M45-49,272,Open,Mexico,1:28:29,8:45,8:21:39,12:01,6:05:23,16:16:17
2082,2259,Xiaoyang Xie,M25-29,103,Open,China,1:36:19,4:14,7:06:20,11:43,7:19:00,16:17:36
2083,1912,Bailey Byrne,M30-34,166,Open,United States,1:19:28,7:21,7:51:15,16:03,6:43:40,16:17:47
2084,796,Anita Katz,F50-54,71,Female,United States,1:17:33,8:05,8:06:18,18:07,6:27:56,16:17:59
2085,770,Nicki Davies,F50-54,72,Female,Australia,1:51:43,7:30,7:19:26,7:25,6:52:51,16:18:55
2086,265,Yuriko Fukuda,F65-69,9,Female,Japan,1:45:28,7:21,8:17:34,7:59,6:02:06,16:20:28
2087,199,Byongdoo Kim,M70-74,20,Open,Korea,1:50:47,8:19,8:00:52,8:03,6:12:35,16:20:36
2088,301,Timothy Johnson,M60-64,66,Open,United States,1:18:27,9:51,7:36:52,11:19,7:09:59,16:26:28
2089,927,Scott Fischer,M45-49,273,Open,United States,1:21:20,10:36,7:02:14,12:25,7:40:32,16:27:07
2090,173,Raymond Eastwood,M75-79,5,Open,United States,1:55:25,8:25,7:52:21,8:53,6:23:36,16:28:40
2091,1936,Bryan Dever,M30-34,167,Open,United States,1:28:47,8:18,7:39:07,7:44,7:05:59,16:29:55
2092,243,James McGowan,M65-69,35,Open,United States,1:17:59,11:12,8:20:19,14:09,6:28:00,16:31:39
2093,261,Kathleen Beith,F65-69,10,Female,United States,1:53:30,10:39,8:07:54,5:41,6:13:59,16:31:43
2094,270,Sandy Padgett,F65-69,11,Female,United States,1:32:17,9:33,8:33:35,8:50,6:07:28,16:31:43
2095,191,Mount Davis,M70-74,21,Open,United States,1:36:38,12:56,7:25:39,10:27,7:06:32,16:32:12
2096,699,Elmer Pinzon,M50-54,196,Open,United States,1:43:48,8:45,7:37:43,10:03,6:52:18,16:32:37
2097,1780,Barry Tobias,M35-39,228,Open,United States,1:33:12,8:20,8:31:17,9:50,6:10:23,16:33:02
2098,189,Barry Carr,M70-74,22,Open,Canada,1:51:16,8:48,8:15:31,8:17,6:13:35,16:37:27
2099,713,Andrew Roydhouse,M50-54,197,Open,Australia,1:24:41,10:05,8:09:00,11:31,6:44:26,16:39:43
2100,757,Manuel Enrique Zapata,M50-54,198,Open,Mexico,1:22:24,8:24,7:43:37,14:09,7:11:31,16:40:05
2101,2261,Manuel Enrique Zapata Ruiz,M25-29,104,Open,Mexico,1:13:24,8:05,8:07:56,7:53,7:02:47,16:40:05
2102,353,Judith Golledge,F60-64,25,Female,Australia,1:32:59,4:51,7:52:00,20:13,6:50:35,16:40:38
2103,271,Cecelia Rondou,F65-69,12,Female,United States,1:17:36,9:03,7:42:46,12:05,7:19:27,16:40:57
2104,167,Kevin Rhinehart,PC,2,,United States,1:18:38,6:19,8:55:26,13:25,6:07:52,16:41:40
2105,593,Fred Critch,M50-54,199,Open,United States,1:30:48,12:16,7:51:54,15:01,6:52:43,16:42:42
2106,834,Anna Woodhouse,F50-54,73,Female,Australia,1:39:01,6:17,8:05:38,7:37,6:44:15,16:42:48
2107,1230,Brandt Burns,M40-44,246,Open,United States,1:26:39,7:41,8:13:38,9:18,6:45:57,16:43:13
2108,161,Hector Picard,PC,3,,United States,1:34:10,8:34,7:59:09,8:04,6:55:44,16:45:41
2109,356,Anne Hughes,F60-64,26,Female,United States,1:52:57,9:48,7:43:58,11:04,6:48:08,16:45:55
2110,240,Richard Kolodziej,M65-69,36,Open,Canada,1:33:21,11:17,7:09:07,17:30,7:37:14,16:48:29
2111,263,Melodie Cronenberg,F65-69,13,Female,United States,1:41:38,12:54,7:42:00,14:08,6:58:02,16:48:42
2112,170,Hiromu Inada,M80-84,1,Open,Japan,1:41:54,10:03,8:06:10,17:05,6:34:01,16:49:13
2113,209,Geoffery Thorsen,M70-74,23,Open,Australia,1:50:04,9:09,7:43:33,8:53,6:57:40,16:49:19
2114,183,Al Tarkington,M75-79,6,Open,United States,1:23:00,6:49,7:44:07,8:17,7:27:13,16:49:26
2115,909,Leo Dicanio,M45-49,274,Open,United States,2:11:00,8:16,7:54:04,10:10,6:32:32,16:56:02
,184,John Weber,M75-79,,Open,United States,1:29:09,8:54,8:49:24,,,
,185,Peggy McDowell-Cramer,F75-79,,Female,United States,1:28:01,4:31,8:30:31,4:38,,
,1236,Maurizio Carta,M40-44,,Open,Italy,,,,,,
,1238,Jack Cartwright,M40-44,,Open,United States,1:08:43,3:19,5:02:11,2:36,,
,980,John Lancaster,M45-49,,Open,United States,,,,,,
,192,Jim Donaldson,M70-74,,Open,United States,1:39:01,9:35,7:41:46,30:23,,
,1243,Aaron Church,M40-44,,Open,United States,1:09:34,4:49,,,,
,203,Warren Mine,M70-74,,Open,United States,1:45:57,10:25,8:58:16,,,
,467,Thierry Reghem,M55-59,,Open,France,,,,,,
,1519,Isabelle Landry,F40-44,,Female,Canada,,,,,,
,469,Richard Ridao,M55-59,,Open,United States,2:11:18,13:04,,,,
,211,Thomas Waldrop,M70-74,,Open,United States,1:45:57,6:26,,,,
,2309,Siobhan Prise,F25-29,,Female,United Kingdom,1:02:54,4:09,6:32:19,,,
,215,Karla McKinlay,F70-74,,Female,Australia,1:48:10,8:20,8:27:57,8:45,,
,486,Chuck Sperazza,M55-59,,Open,United States,1:06:36,4:24,5:31:35,4:53,,
,490,Seigo Takahashi,M55-59,,Open,Japan,1:12:21,3:34,5:30:45,5:36,,
,1805,Michelle Andres,F35-39,,Female,United States,1:11:21,3:01,5:50:33,,,
,228,Gerard Framboisier,M65-69,,Open,France,1:33:56,7:50,7:38:32,,,
,495,Jacques Van Leeuwen,M55-59,,Open,Netherlands,1:05:21,3:27,5:57:30,7:09,,
,1019,William Neafsey,M45-49,,Open,United States,1:02:55,14:35,8:17:22,32:08,,
,498,Lee Walther,M55-59,,Open,United States,58:35,2:54,5:26:30,4:34,,
,233,Manfred Hilpert,M65-69,,Open,Germany,1:54:21,8:23,7:32:01,8:39,,
,2334,Grant Fritz,M18-24,,Open,United States,55:56,3:25,,,,
,1553,Sabine Steinscherer,F40-44,,Female,Austria,1:21:47,4:10,6:00:12,4:54,,
,238,Reinhold Humbold,M65-69,,Open,Germany,1:15:51,3:09,5:57:01,3:33,,
,508,Jenny Alcorn,F55-59,,Female,Australia,,,,,,
,509,Jill Ben-Dor,F55-59,,Female,Israel,,,,,,
,2080,Cindy Dubois,F30-34,,Female,Canada,1:17:22,3:43,6:28:46,53:09,,
,510,Regine Bette,F55-59,,Female,Germany,,,,,,
,511,Silvia Brandstetter,F55-59,,Female,Switzerland,,,,,,
,512,Carol Bruce,F55-59,,Female,Australia,,,,,,
,513,Tracy Byrd,F55-59,,Female,United States,,,,,,
,514,Trish Byron,F55-59,,Female,United States,,,,,,
,1299,Campbell Hanson,M40-44,,Open,New Zealand,55:04,3:15,4:57:49,2:38,,
,515,Colleen Capper,F55-59,,Female,United States,,,,,,
,516,Sarah Collins,F55-59,,Female,Australia,,,,,,
,2087,Talita Fonseca Amorelli,F30-34,,Female,Brazil,1:05:22,5:10,6:30:31,7:10,,
,517,Laurie Copeland,F55-59,,Female,United States,,,,,,
,518,Lisbeth Crafack,F55-59,,Female,Denmark,,,,,,
,1303,Todd Hawkins,M40-44,,Open,United States,57:08,3:04,,,,
,519,Barbara Cronin-Stagnari,F55-59,,Female,United States,,,,,,
,520,Ginny Crumley,F55-59,,Female,United States,,,,,,
,521,Julia Daggett,F55-59,,Female,United States,,,,,,
,522,Hedla Eufrasia De Oliveira Lopes,F55-59,,Female,Brazil,,,,,,
,523,Marcy Fleming,F55-59,,Female,United States,,,,,,
,2094,Rachel Hallam,F30-34,,Female,United Kingdom,57:09,3:28,5:34:43,3:37,,
,524,Elaine J. Gower,F55-59,,Female,United States,,,,,,
,262,Mary Cole,F65-69,,Female,United States,1:51:50,9:51,,,,
,525,Amy Griffith,F55-59,,Female,United States,,,,,,
,787,Catherine Houseaux,F50-54,,Female,France,1:18:32,3:24,6:10:47,4:51,,
,526,Else Groenkjaer-Bloch,F55-59,,Female,Denmark,,,,,,
,527,Carmen Grosse,F55-59,,Female,Germany,,,,,,
,528,Sandy Grosvenor,F55-59,,Female,United States,,,,,,
,529,Ellen Hart,F55-59,,Female,United States,,,,,,
,530,Linda Hayes,F55-59,,Female,United States,,,,,,
,531,Sharon Johnson,F55-59,,Female,United States,,,,,,
,269,Miriam Ethne O'Donoghue,F65-69,,Female,Australia,2:14:46,14:13,,,,
,532,Colleen Kelso,F55-59,,Female,United States,,,,,,
,533,Margaret King,F55-59,,Female,Canada,,,,,,
,534,Riitta Knodt,F55-59,,Female,Finland,,,,,,
,272,Cheryl Torr,F65-69,,Female,United States,1:35:06,7:01,7:50:28,12:50,,
,535,Caroline Krassnitzer,F55-59,,Female,Austria,,,,,,
,536,Jane MacLeod,F55-59,,Female,Canada,,,,,,
,2107,Minna Koistinen,F30-34,,Female,Finland,1:01:58,2:50,5:24:10,2:46,,
,537,Janet McAfee,F55-59,,Female,Australia,,,,,,
,1323,Lilian Jegou,M40-44,,Open,France,1:09:32,3:01,5:27:48,8:07,,
,538,Kim Miller,F55-59,,Female,United States,,,,,,
,539,Theresa Miller,F55-59,,Female,United States,,,,,,
,802,Kathryn MacKinnon,F50-54,,Female,Canada,1:35:36,6:46,8:59:03,,,
,540,Cindy Mirly,F55-59,,Female,United States,,,,,,
,541,Mary Mitchell,F55-59,,Female,Australia,,,,,,
,542,Yuko Miya,F55-59,,Female,Japan,,,,,,
,280,Gilbert Ayoub,M60-64,,Open,Canada,1:17:23,5:16,6:28:05,,,
,543,Kari Myrland,F55-59,,Female,United States,,,,,,
,544,Catherine Pegon,F55-59,,Female,France,,,,,,
,545,Pam Reed,F55-59,,Female,United States,,,,,,
,2378,Emily Kempson,F18-24,,Female,Australia,1:04:18,4:32,,,,
,546,Jennifer Reinhart,F55-59,,Female,United States,,,,,,
,547,Paula Rochman,F55-59,,Female,Canada,,,,,,
,810,Yoshino Murata,F50-54,,Female,Japan,1:21:26,7:17,6:58:58,,,
,548,Cherryl Rose,F55-59,,Female,United States,,,,,,
,286,Bruce Cook,M60-64,,Open,United States,1:18:51,8:45,6:24:04,,,
,549,Cheryl Rosentreter,F55-59,,Female,United States,,,,,,
,550,Yoko Shiba,F55-59,,Female,Japan,,,,,,
,551,Kate Stannett,F55-59,,Female,United Kingdom,,,,,,
,552,Marianne Sutra,F55-59,,Female,France,,,,,,
,553,Jennifer Tait,F55-59,,Female,United Kingdom,,,,,,
,554,Teresa Tinsley,F55-59,,Female,United States,,,,,,
,555,Lisa Walker,F55-59,,Female,United States,,,,,,
,556,Aida Wasilewski,F55-59,,Female,United States,,,,,,
,557,Janie White,F55-59,,Female,United States,,,,,,
,558,Nelly Wojtasinski,F55-59,,Female,France,,,,,,
,559,Nancy Young,F55-59,,Female,United States,,,,,,
,1877,Steffi Steinberg,F35-39,,Female,Germany,1:09:56,7:09,,,,
,1885,Helle Wehl,F35-39,,Female,Denmark,,,,,,
,313,Jim Moore,M60-64,,Open,United States,1:23:26,7:55,6:59:47,18:25,,
,583,Laurent Castillo,M50-54,,Open,France,1:20:22,7:21,8:00:29,,,
,9,Andreas Raelert,MPRO,,Open,Germany,48:46,1:59,4:46:07,3:00,,
,10,Tyler Butterfield,MPRO,,Open,Bermuda,50:07,1:45,4:48:20,2:54,,
,2157,Jordan Bailey,M25-29,,Open,United States,52:50,2:43,5:33:34,3:50,,
,850,Shinichiro Arai,M45-49,,Open,Japan,1:03:57,4:33,,,,
,15,Tim Don,MPRO,,Open,United Kingdom,48:15,1:51,,,,
,2163,Moritz Bleymehl,M25-29,,Open,Germany,,,,,,
,23,Tim Reed,MPRO,,Open,Australia,49:03,2:11,,,,
,336,Gregory Taylor,M60-64,,Open,United States,1:03:22,3:15,5:25:30,4:30,,
,25,Kevin Collington,MPRO,,Open,United States,50:12,1:55,5:41:16,,,
,26,Terenzo Bozzone,MPRO,,Open,New Zealand,48:42,1:57,4:32:49,2:31,,
,30,Markus Thomschke,MPRO,,Open,Germany,56:43,2:16,4:48:56,5:22,,
,870,Craig Brimer,M45-49,,Open,United States,1:04:31,5:36,6:18:16,10:10,,
,347,Theresa Abbott,F60-64,,Female,United Kingdom,,,,,,
,38,Pedro Gomes,MPRO,,Open,Portugal,52:28,2:15,4:39:08,,,
,41,Paul Matthews,MPRO,,Open,Australia,48:03,2:10,,,,
,47,Kyle Buckingham,MPRO,,Open,South Africa,52:17,1:52,4:34:37,2:38,,
,48,Igor Amorelli,MPRO,,Open,Brazil,48:08,2:11,4:34:44,3:18,,
,622,Uwe Fritz,M50-54,,Open,Germany,1:18:40,5:01,5:42:31,9:09,,
,366,Marrianne Moore,F60-64,,Female,United States,1:17:53,7:19,,,,
,2200,Joshua Hodge,M25-29,,Open,Denmark,1:05:29,3:05,5:05:13,3:51,,
,55,Jan Van Berkel,MPRO,,Open,Switzerland,50:55,1:58,4:48:25,,,
,1419,Jeffrey Smith,M40-44,,Open,United States,,,,,,
,57,Per Bittner,MPRO,,Open,Germany,52:26,1:55,5:02:04,,,
,369,Laura Rogers,F60-64,,Female,United States,1:26:41,10:48,8:42:03,8:12,,
,58,Jens Petersen-Bach,MPRO,,Open,Denmark,52:29,2:03,5:09:09,2:39,,
,371,Myrna Saliba,F60-64,,Female,Bahrain,,,,,,
,1424,Adam Stahl,M70-74,,Open,United States,2:01:40,10:15,8:15:29,5:22,,
,102,Susie Cheetham,FPRO,,Female,United Kingdom,58:12,2:22,,,,
,374,Linda J. Smith,F60-64,,Female,United States,1:42:43,9:59,8:26:55,10:27,,
,376,Laura Sophiea,F60-64,,Female,United States,,,,,,
,106,Julia Gajer,FPRO,,Female,Germany,52:59,2:11,5:19:50,5:00,,
,639,Joey Hinton,M50-54,,Open,United States,57:12,4:11,,,,
,380,Sharon Underwood,F60-64,,Female,United States,,,,,,
,1954,Jimmy Gosselin,M30-34,,Open,Canada,56:59,2:30,5:05:54,4:06,,
,381,Star Walters,F60-64,,Female,United States,,,,,,
,383,Laurel Wright,F60-64,,Female,United States,,,,,,
,1168,Rachelle Jorgensen,F45-49,,Female,United States,1:18:41,4:22,6:37:30,16:25,,
,384,John Anhold,M55-59,,Open,United States,,,,,,
,385,Takeshi Araki,M55-59,,Open,Japan,,,,,,
,386,Paul Bakerman,M55-59,,Open,United States,,,,,,
,387,Don Baldassari,M55-59,,Open,United States,,,,,,
,388,Mikael Bergqvist,M55-59,,Open,Sweden,,,,,,
,117,Annabel Luxford,FPRO,,Female,Australia,52:48,2:06,5:06:46,2:39,,
,389,Michael Beuerle,M55-59,,Open,Germany,,,,,,
,1174,Anna Markus,F45-49,,Female,United States,1:07:03,5:17,6:10:00,12:34,,
,390,Rainer Billig,M55-59,,Open,Germany,,,,,,
,391,Larry Black,M55-59,,Open,United States,,,,,,
,916,Taylor Dudley,M45-49,,Open,United States,1:00:45,3:10,5:35:05,6:07,,
,392,Philippe Boand,M55-59,,Open,Switzerland,,,,,,
,1704,Jared Medhurst,M35-39,,Open,New Zealand,53:52,2:16,5:00:57,3:18,,
,121,Melissa Hauschildt,FPRO,,Female,Australia,58:54,2:24,5:05:21,4:30,,
,393,Gerhard Bochtler,M55-59,,Open,Germany,,,,,,
,395,Kenton Boies,M55-59,,Open,United States,,,,,,
,396,James Brown,M55-59,,Open,United States,,,,,,
,397,Peter Buehlow,M55-59,,Open,Canada,,,,,,
,398,Bill Carlson,M55-59,,Open,United States,,,,,,
,399,Bill Casill,M55-59,,Open,United States,,,,,,
,128,Tine Deckers,FPRO,,Female,Belgium,59:01,1:51,5:09:06,2:31,,
,400,Steven Chavez,M55-59,,Open,United States,,,,,,
,401,Gino Cinco,M55-59,,Open,United States,,,,,,
,130,Yvonne Van Vlerken,FPRO,,Female,Netherlands,58:51,1:55,5:09:10,2:31,,
,402,Rusty Cook,M55-59,,Open,Australia,,,,,,
,403,John Crossland,M55-59,,Open,Australia,,,,,,
,404,Gerwyn Davies,M55-59,,Open,United Kingdom,,,,,,
,405,Robert Deakon,M55-59,,Open,Canada,,,,,,
,1189,Leslie Sanderson,F45-49,,Female,Canada,58:33,4:29,,,,
,406,Timothy Degrado,M55-59,,Open,United States,,,,,,
,407,Manolo Dequero Vazquez,M55-59,,Open,Netherlands,,,,,,
,408,Ron Dorneker,M55-59,,Open,United States,,,,,,
,409,John Duda,M55-59,,Open,United States,,,,,,
,410,Robert Duffy,M55-59,,Open,Australia,,,,,,
,411,Philip Esling,M55-59,,Open,France,,,,,,
,412,Yves Fortin,M55-59,,Open,Canada,,,,,,
,413,Cory Foulk,M55-59,,Open,Fiji,,,,,,
,414,Philippe Foutrein,M55-59,,Open,France,,,,,,
,1465,Marialuz Arellano,F40-44,,Female,Ecuador,,,,,,
,415,Tony Frost,M55-59,,Open,Canada,,,,,,
,416,Reinhold Garnitschnig,M55-59,,Open,Austria,,,,,,
,417,Scott Perrine,M45-49,,Open,United States,,,,,,
,2249,Max Teichert,M25-29,,Open,Germany,59:58,3:20,4:58:54,2:51,,
,418,Bill Gilmore,M55-59,,Open,United States,,,,,,
,680,Antonio Martinez,M50-54,,Open,France,1:00:08,3:34,5:27:09,5:49,,
,419,Zbigniew Glinkowski,M55-59,,Open,Poland,,,,,,
,420,Tom Glynn,M55-59,,Open,United States,,,,,,
,421,Kenneth Gutowski,M55-59,,Open,United States,,,,,,
,422,Robert Hammond,M55-59,,Open,United States,,,,,,
,423,Thomas Herget,M55-59,,Open,Germany,,,,,,
,424,John Hill,M55-59,,Open,Australia,,,,,,
,1210,Antonio Greco,M40-44,,Open,Italy,57:33,3:34,7:48:34,,,
,425,Paul Hopkins,M55-59,,Open,United States,,,,,,
,160,Johnny Agar,PC,,,United States,1:49:55,11:07,,,,
,162,Minda Dentler,HC,,,United States,1:31:59,3:08,,,,
,163,Robert Paterson,HC,,,Australia,1:36:23,5:14,7:44:11,,,
,954,Rick Heidvogel,M45-49,,Open,United States,1:20:59,5:06,6:00:57,6:33,,
,165,Scot Hollonbeck,HC,,,United States,1:16:28,3:44,,,,
,959,William Hufen,M45-49,,Open,United States,1:51:01,14:27,8:49:55,,,
,171,Philip Alderman,M75-79,,Open,United States,2:10:23,9:25,,,,
,2269,Tani Burge,F25-29,,Female,Australia,1:08:47,4:39,6:51:10,5:27,,
,174,Joe Gati,M75-79,,Open,Canada,1:43:22,10:22,8:01:26,9:05,,
,177,Kurt Kahl,M75-79,,Open,United States,2:11:05,10:27,,,,
,178,Tatsuo Kobayashi,M75-79,,Open,Japan,1:53:29,13:45,8:49:17,,,
,443,Jamie Maguire,M55-59,,Open,United States,1:11:12,4:08,,,,
,180,Tommy Lettner,M75-79,,Open,Canada,1:52:38,8:07,8:26:53,9:41,,
