Place,Bib,Name,Age_Group,Group_Rank,Class,Club,Swim,T1,Bike,T2,Run,Finish
1,16,Solveig Løvseth,FPRO,1,Female,Norway,55:40,2:47,4:31:53,2:20,2:55:47,8:28:27
2,2,Kat Matthews,FPRO,2,Female,United Kingdom,55:43,3:03,4:40:08,2:45,2:47:23,8:29:02
3,1,Laura Philipp,FPRO,3,Female,Germany,55:50,2:35,4:40:26,2:43,2:55:53,8:37:28
4,11,Hannah Berry,FPRO,4,Female,New Zealand,52:02,2:23,4:44:37,2:50,3:04:32,8:46:25
5,20,Lisa Perterer,FPRO,5,Female,Austria,55:41,2:39,4:40:50,2:55,3:06:03,8:48:08
6,36,Holly Lawrence,FPRO,6,Female,United Kingdom,50:57,2:22,4:47:46,3:09,3:08:25,8:52:40
7,43,Jocelyn McCauley,FPRO,7,Female,United States,55:37,2:52,4:40:27,3:02,3:17:35,8:59:33
8,33,Sara Svensk,FPRO,8,Female,Sweden,1:05:21,2:32,4:51:56,3:38,2:56:29,8:59:58
9,41,Leonie Konczalla,FPRO,9,Female,Germany,1:05:19,3:00,4:45:57,2:59,3:02:49,9:00:04
10,21,Marlene de Boer,FPRO,10,Female,Netherlands,55:44,2:34,4:46:40,2:53,3:12:29,9:00:20
11,19,Katrine Græsbøll Christensen,FPRO,11,Female,Denmark,1:01:02,3:01,4:50:16,2:36,3:05:13,9:02:08
12,26,Laura Jansen,FPRO,12,Female,Germany,55:53,2:33,4:49:48,3:06,3:12:55,9:04:15
13,14,Regan Hollioake,FPRO,13,Female,Australia,52:05,2:45,4:45:19,2:59,3:24:05,9:07:12
14,44,Diede Diederiks,FPRO,14,Female,Netherlands,1:00:47,2:31,4:47:20,3:49,3:14:31,9:08:58
15,39,Jana Uderstadt,FPRO,15,Female,Germany,1:00:26,2:41,4:55:39,2:52,3:07:54,9:09:32
16,59,Elisabetta Curridori,FPRO,16,Female,Italy,1:00:25,2:19,4:58:09,2:48,3:09:14,9:12:56
17,30,Jenny Jendryschik,FPRO,17,Female,Germany,55:54,2:28,4:52:02,2:55,3:20:43,9:14:02
18,10,Jackie Hering,FPRO,18,Female,United States,55:49,2:28,4:52:05,4:45,3:19:46,9:14:53
19,27,Maja Stage Nielsen,FPRO,19,Female,Denmark,55:40,2:40,4:57:00,3:38,3:16:11,9:15:07
20,42,Haley Chura,FPRO,20,Female,United States,50:56,2:35,4:58:09,3:23,3:20:47,9:15:50
21,23,Skye Moench,FPRO,21,Female,United States,55:54,2:47,4:56:08,4:37,3:17:53,9:17:19
22,17,India Lee,FPRO,22,Female,United Kingdom,51:39,2:28,4:48:23,3:10,3:32:28,9:18:08
23,28,Alice Alberts,FPRO,23,Female,United States,55:53,2:56,4:48:36,3:32,3:27:21,9:18:17
24,57,Julia Skala,FPRO,24,Female,Germany,1:00:56,3:04,4:56:49,3:00,3:15:16,9:19:05
25,32,Charlene Clavel,FPRO,25,Female,France,1:00:23,2:42,4:58:42,3:02,3:14:56,9:19:44
26,53,Nina Derron,FPRO,26,Female,Switzerland,55:55,2:26,4:59:45,2:42,3:19:26,9:20:14
27,35,Gabrielle Lumkes,FPRO,27,Female,United States,55:51,2:30,5:00:29,3:08,3:22:13,9:24:12
28,50,Lottie Lucas,FPRO,28,Female,United Arab Emirates,55:48,2:37,4:56:42,3:33,3:26:04,9:24:42
29,52,Merle Brunnée,FPRO,29,Female,Germany,1:05:23,2:55,4:50:34,2:52,3:28:06,9:29:50
30,29,Henrike Güber,FPRO,30,Female,Germany,1:05:27,2:34,4:54:34,3:16,3:24:21,9:30:11
31,12,Anne Reischmann,FPRO,31,Female,Germany,1:00:54,2:55,4:52:43,3:15,3:30:43,9:30:30
32,4,Marjolaine Pierré,FPRO,32,Female,France,55:45,2:09,5:00:30,8:39,3:26:28,9:33:32
33,689,Samantha Skold,F30-34,1,Female,United States,1:13:30,2:51,4:57:28,3:52,3:17:19,9:34:59
34,31,Rebecca Clarke,FPRO,33,Female,New Zealand,51:01,2:27,5:00:03,5:15,3:39:56,9:38:42
35,38,Stephanie Clutterbuck,FPRO,34,Female,United Kingdom,51:32,2:41,4:49:32,3:34,3:52:28,9:39:47
36,708,Livia Eggler,F30-34,2,Female,Switzerland,1:08:48,3:21,5:18:06,3:25,3:06:53,9:40:32
37,46,Fiona Moriarty,FPRO,35,Female,Ireland,1:00:57,2:36,5:00:01,5:03,3:34:07,9:42:45
38,1378,Lou Prigent,F25-29,1,Female,France,1:00:03,2:48,5:12:58,3:20,3:24:08,9:43:16
39,204,Joanna Soltysiak-Vrebac,F35-39,1,Female,Poland,1:03:57,2:52,5:19:31,3:24,3:16:14,9:45:57
40,47,Jodie Robertson,FPRO,36,Female,United States,1:00:47,3:20,5:05:29,5:42,3:31:51,9:47:10
41,56,Annamarie Strehlow,FPRO,37,Female,United States,1:00:50,2:46,5:10:44,3:48,3:29:34,9:47:43
42,330,Laura Heinonen,F35-39,2,Female,Finland,1:09:37,3:14,5:14:18,3:04,3:18:25,9:48:38
43,773,MIZUKI HIRAYANAGI,F30-34,3,Female,Japan,1:05:05,4:07,5:13:19,2:42,3:24:07,9:49:19
44,1458,Hannah Rössler,F18-24,1,Female,Austria,1:00:32,3:47,5:27:29,2:54,3:21:23,9:56:04
45,1339,Ana Laura Canil Franzini de Almeida,F25-29,2,Female,Brazil,1:08:45,5:11,5:24:53,3:20,3:14:22,9:56:31
46,22,Julie Iemmolo,FPRO,38,Female,France,51:36,2:46,4:57:32,3:08,4:01:59,9:57:01
47,848,Christina Paulus,F40-44,1,Female,Germany,1:11:45,4:43,5:18:20,3:47,3:18:34,9:57:09
48,247,Olga Kowalska,F35-39,3,Female,Poland,1:09:40,3:16,5:23:45,4:47,3:16:03,9:57:31
49,1399,Sophia Trenz,F25-29,3,Female,Germany,1:13:09,2:36,5:04:30,4:35,3:32:58,9:57:48
50,961,Liis Rametta,F40-44,2,Female,Estonia,1:16:06,3:44,5:16:16,4:03,3:18:27,9:58:36
51,1406,Grace Joel,F25-29,4,Female,Australia,1:02:59,4:20,5:22:42,3:00,3:26:27,9:59:27
52,60,Katie Colville,FPRO,39,Female,United States,1:00:55,3:32,5:25:46,4:17,3:25:54,10:00:25
53,293,Pierangela Dezerega,F35-39,4,Female,Chile,1:10:27,4:11,5:14:21,3:41,3:28:40,10:01:20
54,45,Katie Remond,FPRO,40,Female,Australia,1:00:44,2:53,5:17:01,3:37,3:37:23,10:01:38
55,929,Nataliia Matsupko,F40-44,3,Female,Ukraine,1:00:33,3:14,5:14:18,3:43,3:40:21,10:02:08
56,1337,Alexeja Kleiter,F25-29,5,Female,Austria,1:09:39,4:33,5:09:56,3:52,3:34:53,10:02:54
57,1550,Jana Richtrova,F45-49,1,Female,Czechia,1:17:19,3:48,4:57:48,5:00,3:39:36,10:03:31
58,1505,Chelsea Seymour,F18-24,2,Female,Australia,59:27,3:58,5:16:28,4:23,3:41:10,10:05:26
59,766,Jessica Ittner,F30-34,4,Female,Germany,1:16:01,4:15,5:20:05,2:55,3:22:26,10:05:43
60,1369,Victoria Feng,F25-29,6,Female,United States,58:01,3:31,5:14:40,4:22,3:45:12,10:05:44
61,775,Sophie Drews,F30-34,5,Female,Germany,1:00:16,5:06,5:35:09,4:19,3:21:11,10:06:01
62,688,Rike Kubillus,F30-34,6,Female,Germany,1:05:20,3:32,5:19:24,3:17,3:34:53,10:06:25
63,1367,Esmee Broekhuizen,F25-29,7,Female,Netherlands,1:07:59,4:09,5:15:49,3:59,3:34:36,10:06:32
64,1109,Sharon Schmidt-Mongrain,F50-54,1,Female,United States,1:09:02,4:12,5:25:10,4:10,3:24:22,10:06:55
65,24,Danielle Lewis,FPRO,41,Female,United States,1:03:26,2:34,5:25:40,6:11,3:31:26,10:09:17
66,647,Carly Zanatta,F30-34,7,Female,Canada,1:09:10,4:19,5:22:40,5:05,3:28:08,10:09:22
67,700,Chloe Legrix De La Salle,F30-34,8,Female,France,1:12:15,4:25,5:17:32,4:05,3:31:30,10:09:47
68,1442,Cindy Lefebvre,F25-29,8,Female,Belgium,1:09:05,4:42,5:26:43,3:43,3:25:45,10:09:57
69,690,Hannah Juettner,F30-34,9,Female,United States,1:12:07,5:02,5:33:40,3:36,3:16:24,10:10:49
70,1608,BROOKE BROWN,F45-49,2,Female,Canada,1:09:57,4:24,5:14:02,4:51,3:39:42,10:12:56
71,1424,Julia Flausino Traboulsi,F25-29,9,Female,Brazil,1:08:39,3:37,5:22:49,3:37,3:34:15,10:12:57
72,954,Katja Stoecker,F40-44,4,Female,Germany,1:25:15,5:16,5:07:44,4:42,3:30:11,10:13:07
73,169,Ushakova Svetlana,F35-39,5,Female,Belgium,56:18,2:53,5:30:28,3:02,3:42:41,10:15:23
74,1383,Ida Østerby,F25-29,10,Female,Denmark,1:14:22,5:09,5:19:20,5:13,3:31:29,10:15:33
75,917,Megan Ivers,F40-44,5,Female,United States,1:08:05,4:25,5:19:52,3:28,3:39:50,10:15:40
76,283,URSULA LEGARIA,F35-39,6,Female,Mexico,1:09:36,5:00,5:35:06,3:47,3:22:13,10:15:42
77,1358,Hope Hoffman,F25-29,11,Female,United States,1:05:01,3:51,5:29:25,3:28,3:33:57,10:15:42
78,738,Janina Edenhofner,F30-34,10,Female,Germany,1:21:59,4:58,5:19:48,5:16,3:24:00,10:16:02
79,1042,Yanina Minaglia,F40-44,6,Female,Argentina,1:05:23,4:06,5:28:59,3:18,3:34:28,10:16:13
80,1492,Jasmine Sloane,F18-24,3,Female,Australia,1:03:16,4:43,5:23:53,3:35,3:41:35,10:17:01
81,120,Anna Harrison,F35-39,7,Female,United Kingdom,1:03:34,3:52,5:20:43,4:29,3:44:23,10:17:01
82,161,Fatima Negri,F35-39,8,Female,Portugal,1:09:20,3:12,5:34:47,3:03,3:26:55,10:17:17
83,58,Bruna Stolf,FPRO,42,Female,Brazil,58:41,3:19,5:43:13,4:57,3:27:14,10:17:24
84,1484,Dorthe Nordgård,F18-24,4,Female,Norway,1:09:20,4:10,5:39:09,4:07,3:20:40,10:17:26
85,1389,Haley Thaning,F25-29,12,Female,United States,55:25,3:53,5:38:17,4:24,3:36:23,10:18:23
86,784,Irina Metelyuk,F30-34,11,Female,Canada,1:08:53,3:36,5:25:12,4:15,3:36:37,10:18:33
87,1568,Maria Florencia Diaz Philippi,F45-49,3,Female,Argentina,1:11:20,4:34,5:23:27,3:47,3:35:25,10:18:33
88,322,Karrie Stewart,F35-39,9,Female,United States,58:24,4:14,5:11:07,5:14,4:00:03,10:19:02
89,305,Ana Augusta Lima Soares Barbosa,F35-39,10,Female,Brazil,1:06:52,3:19,5:07:43,4:03,3:58:14,10:20:11
90,1494,Elise Pozzebon,F18-24,5,Female,France,59:30,4:12,5:22:38,4:57,3:49:16,10:20:32
91,188,Margaux Chevillard,F35-39,11,Female,France,1:17:39,3:11,5:21:47,4:27,3:33:39,10:20:43
92,949,Marie Hielscher,F40-44,7,Female,Germany,1:05:12,4:12,5:32:41,7:13,3:32:08,10:21:26
93,969,Marie-Lyne Dore,F40-44,8,Female,Bermuda,1:11:53,4:51,5:27:08,6:10,3:32:04,10:22:07
94,729,Mayla Moraes,F30-34,12,Female,Brazil,1:12:03,3:24,5:20:32,5:05,3:41:43,10:22:47
95,1578,Kelly Miller,F45-49,4,Female,Australia,1:11:19,5:19,5:16:20,5:01,3:45:19,10:23:18
96,264,Elyse Gallegos,F35-39,12,Female,United States,1:04:13,3:58,5:24:28,4:52,3:45:51,10:23:22
97,331,Jenny Boulmeti,F35-39,13,Female,Greece,1:06:39,3:15,5:16:15,3:09,3:54:33,10:23:51
98,1682,Valerie Van Hauwaert,F45-49,5,Female,Belgium,1:10:33,5:00,5:26:12,4:49,3:37:29,10:24:03
99,25,Tamara Jewett,FPRO,43,Female,Canada,59:45,2:40,5:59:48,13:02,3:08:55,10:24:09
100,1265,Sandra Dänzer,F50-54,2,Female,Switzerland,1:14:50,4:52,5:15:24,6:13,3:42:54,10:24:12
101,1699,Emily Rollins,F45-49,6,Female,United States,1:14:25,6:17,5:24:59,5:04,3:33:37,10:24:22
102,858,Sarah Widder,F40-44,9,Female,United States,1:13:23,3:40,5:10:27,4:02,3:53:03,10:24:35
103,797,Judith Weghofer,F30-34,13,Female,Germany,1:15:00,4:34,5:21:20,5:10,3:38:41,10:24:46
104,628,Rebecca Caulfield,F30-34,14,Female,Australia,1:05:09,4:58,5:33:18,5:29,3:35:55,10:24:49
105,902,Sanna Paavilainen,F40-44,10,Female,Finland,1:11:28,4:18,5:24:31,4:33,3:40:14,10:25:04
106,995,Johanna Oregan,F40-44,11,Female,United Kingdom,1:19:52,6:19,5:35:03,4:49,3:19:29,10:25:32
107,1009,Katrin Esefeld,F40-44,12,Female,Germany,1:12:40,3:41,5:28:13,4:27,3:36:38,10:25:38
108,1439,Martyna Lewandowska,F25-29,13,Female,Poland,1:13:50,3:08,5:28:57,3:23,3:36:27,10:25:45
109,649,Letícia Ferri,F30-34,15,Female,Brazil,1:30:25,6:04,5:15:41,4:53,3:29:28,10:26:31
110,250,Laura Mantilla,F35-39,14,Female,Colombia,1:17:11,5:22,5:38:47,4:31,3:21:07,10:26:58
111,199,Melanie Altenbeck-Zorn,F35-39,15,Female,Germany,1:16:33,3:51,5:19:20,3:41,3:43:34,10:27:00
112,1508,Lily Harris,F18-24,6,Female,United States,1:10:02,3:47,5:30:06,5:07,3:38:13,10:27:14
113,1426,Carolina Keller,F25-29,14,Female,Austria,1:08:24,4:05,5:30:06,5:11,3:39:36,10:27:21
114,753,Lisa Heinrichs,F30-34,16,Female,Germany,1:09:56,3:39,5:31:51,3:48,3:38:10,10:27:24
115,48,Alexandra Watt-Shannon,FPRO,44,Female,United States,59:44,2:57,5:36:11,3:25,3:45:37,10:27:54
116,153,Sally Wood,F35-39,16,Female,Australia,56:15,3:22,5:34:26,3:54,3:50:17,10:28:13
117,323,Tara Mcwilliams,F35-39,17,Female,United States,59:47,4:06,5:37:18,4:28,3:42:44,10:28:22
118,1390,Ophelie Saussus,F25-29,15,Female,Belgium,1:07:43,3:32,5:34:01,3:32,3:40:21,10:29:09
119,722,Rachael Dols,F30-34,17,Female,Australia,1:05:12,4:39,5:28:59,4:00,3:46:39,10:29:29
120,923,Merle Talviste,F40-44,13,Female,Estonia,1:00:29,3:41,5:13:48,4:01,4:07:32,10:29:31
121,1138,Laura Yost,F50-54,3,Female,United States,1:24:19,3:59,5:25:13,4:35,3:31:27,10:29:33
122,1582,Kathleen Bourchier,F45-49,7,Female,Australia,1:07:26,5:09,5:29:48,4:43,3:42:43,10:29:49
123,745,Svenja List,F30-34,18,Female,Germany,1:08:31,5:20,5:19:39,4:40,3:51:49,10:30:00
124,650,Elise Farrazijn,F30-34,19,Female,Belgium,1:09:47,4:43,5:23:13,6:10,3:46:41,10:30:35
125,725,Jill Specht,F30-34,20,Female,United States,1:08:10,4:06,5:14:14,4:04,4:00:06,10:30:41
126,790,Isabelle Hüsken,F30-34,21,Female,Germany,57:35,3:45,5:39:44,5:29,3:44:28,10:31:01
127,1050,Lin Xu,F40-44,14,Female,China,1:08:30,4:48,5:31:20,4:54,3:41:40,10:31:12
128,1462,Heidi Saluveer,F18-24,7,Female,Sweden,1:04:20,3:12,5:29:58,4:12,3:50:09,10:31:52
129,763,Lorenza Guzmán Hentschel,F30-34,22,Female,Mexico,1:00:56,4:30,5:29:49,4:47,3:52:27,10:32:28
130,1020,Brenda Schaupp,F40-44,15,Female,Dominican Republic,1:08:02,4:04,5:28:37,4:11,3:47:37,10:32:31
131,1232,Cailla Patterson,F50-54,4,Female,Canada,1:09:13,5:53,5:39:15,4:45,3:33:35,10:32:41
132,841,Jen Keith,F40-44,16,Female,United States,1:05:15,4:10,5:28:59,5:05,3:49:17,10:32:45
133,924,Rebecca Sack,F40-44,17,Female,Germany,1:12:03,5:11,5:30:51,5:27,3:39:21,10:32:53
134,846,Cami Eckhoff,F40-44,18,Female,United States,1:04:16,6:35,5:34:12,8:46,3:39:17,10:33:06
135,1449,Yixuan Chen,F18-24,8,Female,China,59:36,4:41,5:48:45,5:37,3:35:25,10:34:04
136,1418,Camila Lupi,F25-29,16,Female,United States,1:13:16,3:42,5:25:59,5:13,3:46:00,10:34:09
137,1049,Anne Haehner,F40-44,19,Female,Costa Rica,1:08:11,7:05,5:45:46,8:49,3:24:48,10:34:39
138,236,Amanda Altoe,F35-39,18,Female,Brazil,1:06:46,4:21,5:34:26,5:12,3:44:07,10:34:52
139,642,Evelin Silveira Bombonatto,F30-34,23,Female,Brazil,1:18:46,3:50,5:37:34,3:04,3:33:05,10:36:20
140,865,Judith Wirth,F40-44,20,Female,Germany,1:13:46,4:14,5:23:37,4:56,3:50:11,10:36:44
141,739,Lucile Forin,F30-34,24,Female,France,1:26:15,4:21,5:20:18,4:19,3:42:00,10:37:13
142,230,Joanne Gribler,F35-39,19,Female,United States,1:06:56,4:20,5:33:38,3:47,3:48:33,10:37:14
143,1064,Julie Hemar,F40-44,21,Female,France,1:19:17,6:25,5:33:59,5:29,3:32:10,10:37:20
144,1575,Nadine Stillger,F45-49,8,Female,Germany,1:27:39,4:45,5:28:45,8:35,3:27:37,10:37:21
145,132,Amanda Almond,F35-39,20,Female,United States,1:15:36,4:04,5:42:20,3:45,3:31:50,10:37:35
146,831,Julia De Leeuw,F30-34,25,Female,Netherlands,1:06:44,4:37,5:29:44,5:03,3:51:28,10:37:37
147,679,Ashley Zaccaro,F30-34,26,Female,United States,1:20:25,7:14,5:31:12,11:14,3:28:07,10:38:11
148,1536,Venla Koivula,F45-49,9,Female,Finland,1:08:12,3:13,5:40:35,4:48,3:41:36,10:38:24
149,676,Alexandra Sborov,F30-34,27,Female,United States,1:07:23,4:55,5:46:13,3:55,3:36:22,10:38:49
150,759,Patricia Rauber,F30-34,28,Female,Switzerland,1:12:28,3:46,5:31:52,3:37,3:47:15,10:38:57
151,765,Laure Kuntz Waeldin,F30-34,29,Female,France,1:14:46,5:36,5:26:04,4:40,3:48:12,10:39:17
152,1416,Ada Bravo,F25-29,17,Female,Peru,1:00:36,5:40,5:57:53,4:30,3:30:55,10:39:34
153,963,NORIKO ICHIKAWA,F40-44,22,Female,Japan,1:18:57,6:20,5:36:33,5:04,3:33:22,10:40:18
154,602,Brigitte Mcmahon,F55-59,1,Female,Switzerland,1:07:41,4:49,5:37:49,5:16,3:44:46,10:40:21
155,267,Ling Er Choo,F35-39,21,Female,Singapore,1:15:30,3:50,5:36:01,3:47,3:41:44,10:40:53
156,847,GABRIELA FERREIRA,F40-44,23,Female,Brazil,1:16:46,4:14,5:26:37,5:04,3:48:32,10:41:13
157,895,Nerys Jones,F40-44,24,Female,United Kingdom,1:23:04,5:01,5:31:41,6:00,3:35:30,10:41:16
158,175,Emily Bugoy,F35-39,22,Female,Canada,1:31:53,6:31,5:21:06,6:17,3:35:30,10:41:17
159,202,Christine Bruno,F35-39,23,Female,United States,1:00:30,4:33,5:43:33,5:17,3:47:36,10:41:29
160,669,Paige Mcclung,F30-34,30,Female,United States,1:02:02,4:53,5:26:00,8:33,4:00:06,10:41:35
161,1538,Anna-Kaisa Pietilainen,F45-49,10,Female,Finland,1:08:09,3:23,5:30:57,4:18,3:55:00,10:41:47
162,991,Jennifer Sylva,F40-44,25,Female,United States,1:13:50,3:36,5:18:23,8:55,3:57:10,10:41:54
163,1445,Kyleigh Schumacher,F25-29,18,Female,United States,1:13:39,4:51,5:36:28,6:10,3:40:56,10:42:04
164,1315,Natasha Cooper-Smith,F25-29,19,Female,United Kingdom,1:04:07,5:13,5:38:50,4:44,3:49:58,10:42:52
165,1482,Jordan Townsend,F18-24,9,Female,Canada,1:03:03,4:58,5:46:50,4:06,3:44:06,10:43:02
166,1604,Cristine Lopes,F45-49,11,Female,Brazil,1:41:39,5:15,5:10:56,6:23,3:38:51,10:43:04
167,686,Chloé Chevalier,F30-34,31,Female,France,1:15:11,4:27,5:54:15,7:06,3:22:27,10:43:26
168,243,Lisa Purzner,F35-39,24,Female,Canada,1:10:37,6:09,5:37:27,6:03,3:43:17,10:43:33
169,756,Victoria Achtig,F30-34,32,Female,Austria,1:09:24,4:21,5:29:27,5:30,3:55:03,10:43:46
170,298,Bettina Innocenti,F35-39,25,Female,France,1:03:48,4:02,5:59:16,3:54,3:34:16,10:45:15
171,1605,Emanuela Venturelli,F45-49,12,Female,Italy,1:08:25,5:26,5:34:11,4:31,3:52:46,10:45:19
172,1436,Kim Essers,F25-29,20,Female,Germany,1:05:39,4:04,5:38:02,4:34,3:53:08,10:45:27
173,1382,Hikari Tamura,F25-29,21,Female,Japan,1:04:51,6:52,5:54:26,7:47,3:31:35,10:45:31
174,813,Sarah Spooner,F30-34,33,Female,United States,1:06:20,4:26,5:23:42,3:54,4:07:39,10:46:02
175,1506,Emma Dörr,F18-24,10,Female,Germany,1:14:05,5:02,5:34:01,5:12,3:47:49,10:46:10
176,709,Luisa Lopez Trigos,F30-34,34,Female,Colombia,1:12:16,7:29,5:34:13,6:16,3:46:03,10:46:17
177,829,Agathe Arnaud,F30-34,35,Female,France,1:08:14,3:57,5:40:56,4:46,3:48:29,10:46:22
178,278,Casey Adams,F35-39,26,Female,United States,1:10:50,3:51,5:32:25,5:07,3:54:21,10:46:34
179,1052,Lívia Bustamante da Rocha Mendes,F40-44,26,Female,Brazil,1:19:25,3:00,5:37:50,3:53,3:42:31,10:46:39
180,657,Bianca Guedes,F30-34,36,Female,Brazil,1:16:35,3:52,5:38:50,3:34,3:43:56,10:46:48
181,1463,Claudia Galceran,F18-24,11,Female,Saint Pierre and Miquelon,1:11:57,4:27,5:25:00,5:03,4:00:22,10:46:50
182,1701,Kimberly Wikel,F45-49,13,Female,United States,1:23:06,4:44,5:42:19,3:45,3:33:00,10:46:54
183,1386,Ashleigh Mason,F25-29,22,Female,United Kingdom,1:01:23,5:19,5:42:00,4:38,3:53:55,10:47:15
184,774,Theresa Sterzenbach,F30-34,37,Female,Austria,1:22:53,5:04,5:30:11,3:49,3:45:18,10:47:16
185,704,Mayu Nakamura,F30-34,38,Female,Japan,1:05:12,6:31,5:34:45,7:06,3:53:48,10:47:22
186,862,Luchi Dibbern,F40-44,27,Female,Argentina,1:15:58,4:19,5:34:56,4:15,3:48:00,10:47:28
187,240,Petra Bakosova,F35-39,27,Female,Slovakia,1:15:17,4:26,5:40:18,3:16,3:44:21,10:47:37
188,1459,Maya Siebert,F18-24,12,Female,Germany,1:05:38,4:30,5:29:41,4:00,4:03:55,10:47:44
189,638,Adele Martin,F30-34,39,Female,United Kingdom,1:13:16,4:41,5:35:04,5:51,3:48:57,10:47:49
190,1447,Marie-Theres Gurschler,F25-29,23,Female,Austria,1:17:37,5:22,5:27:38,5:44,3:51:29,10:47:49
191,1433,My Nguyen Thi Tra,F25-29,24,Female,Vietnam,1:04:54,6:43,5:38:07,8:35,3:49:31,10:47:50
192,859,Anais Beuchet,F40-44,28,Female,France,1:21:25,7:03,5:36:43,5:00,3:37:39,10:47:51
193,769,Anna Ratliff,F30-34,40,Female,United States,1:16:25,4:44,5:33:27,4:44,3:49:02,10:48:22
194,1533,Meagan Perlstein,F45-49,14,Female,United States,1:08:39,4:50,5:23:24,5:00,4:06:36,10:48:28
195,228,Nadine Hunt,F35-39,28,Female,Australia,1:17:52,5:51,5:45:12,3:53,3:35:48,10:48:36
196,214,Julia Curry,F35-39,29,Female,United States,1:11:43,4:53,5:31:19,4:18,3:56:32,10:48:45
197,1613,Ana Naranjo,F45-49,15,Female,Colombia,1:14:57,4:59,5:36:15,6:23,3:46:11,10:48:45
198,1504,Ava Jih-Schiff,F18-24,13,Female,United States,1:01:39,4:15,5:30:25,5:03,4:07:29,10:48:51
199,928,Sara Mareco,F40-44,29,Female,Brazil,1:32:56,4:47,5:37:32,6:32,3:27:10,10:48:56
200,825,Natalie Howie,F30-34,41,Female,Australia,1:12:18,6:54,5:43:57,5:02,3:40:49,10:49:01
201,166,Mirjam Markert,F35-39,30,Female,Germany,1:07:12,3:39,5:44:26,3:41,3:50:04,10:49:01
202,1375,Leonie Rauch,F25-29,25,Female,Germany,1:11:23,6:41,5:37:55,6:19,3:46:48,10:49:05
203,1564,Beate Van Loo-Born,F45-49,16,Female,Switzerland,1:23:06,5:33,5:17:21,6:26,3:56:45,10:49:11
204,1113,Elizabeth Waterstraat,F50-54,5,Female,United States,1:13:05,5:18,5:52:49,5:42,3:32:18,10:49:13
205,723,Yurika wakatsuki,F30-34,42,Female,Japan,1:20:37,3:39,5:35:32,4:43,3:44:45,10:49:17
206,629,Meike Farber,F30-34,43,Female,Germany,1:11:40,4:09,5:35:41,4:53,3:52:58,10:49:22
207,135,Colleen Baker,F35-39,31,Female,United States,1:15:03,5:05,5:47:35,6:51,3:34:50,10:49:24
208,734,Alexandra Mia Andersen,F30-34,44,Female,Denmark,1:07:17,3:33,5:39:51,4:42,3:54:02,10:49:25
209,271,Anna Kleemann,F35-39,32,Female,Germany,1:19:16,5:50,5:55:18,6:27,3:22:34,10:49:26
210,660,Olivia Moore,F30-34,45,Female,United Kingdom,1:05:06,5:43,6:05:39,6:15,3:26:51,10:49:34
211,817,TAKAHASHI KANA,F30-34,46,Female,Japan,1:24:48,6:19,5:59:29,4:50,3:14:12,10:49:37
212,976,Paulina Prugar-Fukowska,F40-44,30,Female,Poland,1:20:59,4:25,5:37:54,5:52,3:41:06,10:50:15
213,1148,Victoria Hill,F50-54,6,Female,Singapore,1:22:37,5:12,5:39:29,4:36,3:38:37,10:50:32
214,1060,Felicity Joyce,F40-44,31,Female,United States,1:08:24,4:29,5:19:19,5:16,4:13:49,10:51:17
215,318,Anna Latva-Pukkila,F35-39,33,Female,Finland,1:08:32,6:21,5:44:31,4:19,3:48:25,10:52:08
216,901,Ashley Robota,F40-44,32,Female,United States,1:06:04,5:12,5:31:00,7:05,4:03:15,10:52:36
217,798,Laura Bardsley,F30-34,47,Female,United Kingdom,1:08:34,5:47,5:38:03,7:22,3:53:05,10:52:52
218,1010,Laura Mcdonald,F40-44,33,Female,United States,1:07:10,5:46,5:37:25,10:15,3:52:23,10:52:59
219,1565,Katie Dickerson,F45-49,17,Female,United States,1:09:47,6:20,5:59:07,9:14,3:28:32,10:53:00
220,570,Michelle Enslin,F55-59,2,Female,South Africa,1:12:41,5:13,5:44:14,4:51,3:46:04,10:53:02
221,1069,Susie Ernsting,F40-44,34,Female,Canada,1:05:22,4:53,5:45:14,8:37,3:49:04,10:53:10
222,1646,Ana Andrade,F45-49,18,Female,Brazil,1:11:51,6:50,5:29:44,6:50,3:57:58,10:53:12
223,938,Stephanie Hess,F40-44,35,Female,Switzerland,1:14:21,4:04,5:40:32,4:43,3:49:52,10:53:32
224,1172,Anke Werner,F50-54,7,Female,Germany,1:18:43,5:04,5:37:16,4:59,3:47:31,10:53:33
225,1380,Siming Ji,F25-29,26,Female,China,1:26:42,8:21,5:36:17,7:12,3:35:11,10:53:43
226,1466,Izabela Zmuda,F18-24,14,Female,Poland,1:17:32,3:20,5:44:03,3:10,3:46:14,10:54:20
227,280,Giorgia Zoccatelli,F35-39,34,Female,Italy,1:16:31,4:29,5:47:00,5:06,3:41:31,10:54:37
228,936,Silke Piri,F40-44,36,Female,Germany,1:30:35,5:01,5:43:24,6:16,3:29:30,10:54:45
229,1332,Caro Van Der Smissen,F25-29,27,Female,Belgium,1:09:55,5:37,5:21:19,4:04,4:13:54,10:54:49
230,1502,Theresa Windischbauer,F18-24,15,Female,Austria,1:12:00,8:42,5:34:05,8:43,3:51:22,10:54:51
231,1353,Charlotte Wallace,F25-29,28,Female,United States,1:14:05,5:41,5:47:34,4:16,3:43:24,10:54:59
232,1051,Priscila Gonçalves,F40-44,37,Female,Portugal,1:23:38,7:47,5:32:35,8:12,3:42:48,10:55:00
233,874,Tory Appleby,F40-44,38,Female,United Kingdom,1:19:06,5:34,5:57:57,4:40,3:27:50,10:55:07
234,875,Megan Sobecki,F40-44,39,Female,United States,1:03:27,4:27,5:43:00,4:51,3:59:31,10:55:16
235,1649,JULIANA TRINDADE,F45-49,19,Female,Brazil,1:16:49,7:01,5:41:27,6:31,3:43:46,10:55:34
236,1176,Maryanne Octave,F50-54,8,Female,Belgium,1:19:03,4:34,5:29:53,7:24,3:55:03,10:55:56
237,698,Beibei Qiao,F30-34,48,Female,China,1:11:53,5:45,5:41:52,4:36,3:52:00,10:56:06
238,1091,Nicole Gaillard,F50-54,9,Female,Switzerland,1:12:42,4:56,5:37:05,4:24,3:57:14,10:56:22
239,1510,Grace Schumacher,F18-24,16,Female,Australia,1:15:54,4:54,5:40:31,4:37,3:50:31,10:56:27
240,856,Laurel Richardson,F40-44,40,Female,Canada,1:13:18,5:22,6:00:02,5:20,3:32:30,10:56:32
241,992,Signe Teuber Seger,F40-44,41,Female,Denmark,1:19:48,5:36,5:33:22,7:26,3:50:44,10:56:56
242,180,RAYSSA BARBOSA BREDA,F35-39,35,Female,Brazil,1:12:48,5:06,5:41:15,6:37,3:51:21,10:57:07
243,1437,Nina Dauvergne,F25-29,29,Female,Canada,1:03:01,6:45,5:50:59,10:45,3:45:40,10:57:10
244,144,Molly Lesser,F35-39,36,Female,United States,1:13:00,4:03,5:41:59,3:02,3:55:23,10:57:28
245,229,Li Yun Chen,F35-39,37,Female,Taiwan,1:24:49,5:00,5:27:01,7:02,3:53:48,10:57:41
246,1341,Ashley Danira Salazar Bañuelos,F25-29,30,Female,Mexico,1:03:02,5:49,5:49:17,6:40,3:52:59,10:57:46
247,266,Schirlei Casas,F35-39,38,Female,Brazil,1:08:42,4:22,5:39:46,5:16,3:59:51,10:57:57
248,842,Amber Silver,F40-44,42,Female,United States,1:18:40,4:20,5:41:58,7:03,3:46:04,10:58:04
249,1110,Pamela Espinoza Dans,F50-54,10,Female,Chile,1:08:48,5:11,5:51:03,6:33,3:46:42,10:58:17
250,715,Linda Thalheim,F30-34,49,Female,Germany,1:14:53,5:48,5:43:15,6:21,3:48:17,10:58:36
251,253,Linda Schirmeister-Gess,F35-39,39,Female,Germany,1:25:03,5:11,5:29:41,4:03,3:54:42,10:58:40
252,309,Ornella Medina,F35-39,40,Female,Argentina,1:24:52,7:19,5:43:27,6:58,3:36:05,10:58:42
253,983,Veronika Umrath,F40-44,43,Female,Germany,1:12:02,6:48,5:54:42,6:25,3:38:57,10:58:54
254,683,Breanna Stevens,F30-34,50,Female,United States,1:22:47,4:46,5:52:04,2:46,3:37:11,10:59:32
255,693,ISABELA NIEDO MARCHIORI,F30-34,51,Female,Brazil,1:12:58,5:55,5:50:19,4:25,3:46:13,10:59:50
256,206,Kristina Petrova,F35-39,41,Female,Kazakhstan,1:24:43,4:10,5:40:19,3:29,3:47:21,11:00:03
257,1477,Nina Maurer,F18-24,17,Female,Germany,1:29:56,5:39,5:50:48,7:22,3:26:20,11:00:05
258,973,Manue Hooper-Bue,F40-44,44,Female,Australia,1:08:26,4:39,5:46:57,4:56,3:55:09,11:00:07
259,209,Larissa Franca,F35-39,42,Female,Brazil,1:34:43,5:13,5:29:55,5:33,3:44:58,11:00:22
260,221,Anja Sturm,F35-39,43,Female,Germany,1:16:45,3:48,5:32:25,5:46,4:01:41,11:00:25
261,1753,Estelle-Marie Kieffer,F45-49,20,Female,France,1:05:50,4:30,5:29:30,5:14,4:15:25,11:00:29
262,1183,Marisa Rastetter,F50-54,11,Female,United States,1:08:34,5:10,5:47:54,6:41,3:53:13,11:01:31
263,674,Savanah Gibbs,F30-34,52,Female,United States,1:12:23,5:04,5:14:38,4:03,4:25:24,11:01:33
264,903,Simone Weber,F40-44,45,Female,Switzerland,1:08:18,4:36,5:04:08,4:39,4:39:56,11:01:37
265,329,Christina Krachtoudi,F35-39,44,Female,Greece,1:10:47,3:31,5:49:11,9:16,3:49:03,11:01:48
266,170,Aleksandra Kieda,F35-39,45,Female,Poland,1:17:17,4:01,5:42:38,4:03,3:54:10,11:02:09
267,706,Verena Köster,F30-34,53,Female,Germany,1:27:36,4:33,5:27:44,3:38,3:58:41,11:02:12
268,1246,Julita Sikora,F50-54,12,Female,Poland,1:24:33,5:14,5:40:27,4:54,3:47:08,11:02:16
269,726,Astrid Volders,F30-34,54,Female,Belgium,1:14:49,9:59,5:33:32,8:29,3:55:34,11:02:22
270,1372,Sarah Burnash,F25-29,31,Female,United States,1:06:40,5:39,5:59:39,9:06,3:41:29,11:02:34
271,654,Olivia Leonard,F30-34,55,Female,Australia,1:11:52,6:58,5:57:16,7:43,3:39:07,11:02:56
272,143,Nieves Gemio Rodríguez,F35-39,46,Female,Spain,1:15:29,2:54,5:53:21,6:19,3:44:55,11:02:58
273,1409,Ashley Sutherland,F25-29,32,Female,United States,1:00:01,7:36,5:49:02,11:02,3:55:24,11:03:04
274,754,Irina Raschle,F30-34,56,Female,Switzerland,1:15:49,5:08,5:31:52,4:33,4:05:44,11:03:06
275,768,Estée Chiara Larivière,F30-34,57,Female,United Kingdom,1:09:53,4:36,5:42:46,4:46,4:01:07,11:03:09
276,876,Stephanie Go,F40-44,46,Female,United States,1:19:06,4:45,5:44:13,4:35,3:50:30,11:03:10
277,303,Marion Klein,F35-39,47,Female,Germany,1:16:37,3:24,5:41:26,4:00,3:58:00,11:03:27
278,677,Ulrike Servos,F30-34,58,Female,Germany,1:06:16,7:07,5:38:03,5:56,4:06:11,11:03:33
279,1391,Gabriela Ferre,F25-29,33,Female,Venezuela,1:20:17,4:43,5:43:53,5:22,3:49:22,11:03:38
280,1723,Kelly Cunningham,F45-49,21,Female,United States,1:19:37,6:00,5:43:56,4:51,3:49:28,11:03:51
281,691,Ana García Rodas,F30-34,59,Female,Guatemala,1:01:03,3:44,5:41:39,6:11,4:11:15,11:03:52
282,1557,Allison Xu,F45-49,22,Female,China,1:45:03,6:09,5:27:48,8:15,3:36:40,11:03:56
283,1689,Birke Thielen,F45-49,23,Female,Germany,1:18:20,6:36,5:35:01,4:20,4:00:12,11:04:29
284,906,Julie Wirth,F40-44,47,Female,United States,1:19:20,4:22,5:42:51,4:11,3:53:53,11:04:37
285,1724,Manuela Suess,F45-49,24,Female,Germany,1:10:29,4:36,5:24:08,4:51,4:20:45,11:04:49
286,1554,Alfonsina Peppa,F45-49,25,Female,Argentina,1:22:37,5:14,5:43:15,5:09,3:48:56,11:05:11
287,131,Maria Gijón,F35-39,48,Female,Spain,1:09:19,4:21,5:49:18,4:29,3:57:48,11:05:14
288,681,Fanny Debouvries,F30-34,60,Female,France,1:24:13,4:25,5:47:07,3:58,3:45:37,11:05:20
289,128,Virginie Longueteau Rouvroy,F35-39,49,Female,Guadeloupe,1:06:38,3:17,5:49:22,4:27,4:02:15,11:06:00
290,249,Jenna-Caer Seefried,F35-39,50,Female,Canada,1:27:08,6:51,5:51:00,6:10,3:34:51,11:06:00
291,1417,Rachael Markoe,F25-29,34,Female,United States,1:05:22,4:35,5:43:26,6:27,4:06:23,11:06:12
292,286,Sabine Otto,F35-39,51,Female,Germany,1:24:09,5:08,5:56:36,5:48,3:34:49,11:06:29
293,751,Victoria Edwards,F30-34,61,Female,United Kingdom,1:24:14,7:56,5:43:55,7:23,3:43:05,11:06:33
294,1518,Anna Longdill,F45-49,26,Female,New Zealand,1:11:02,6:54,5:36:07,8:10,4:04:35,11:06:48
295,1236,Marialuz Arellano,F50-54,13,Female,Ecuador,1:18:44,4:29,5:36:32,4:19,4:02:57,11:07:01
296,900,Leah West,F40-44,48,Female,Canada,1:15:15,3:46,5:56:24,4:11,3:47:29,11:07:05
297,1691,Ashley Couper,F45-49,27,Female,Bermuda,1:20:14,11:02,5:45:09,5:51,3:44:50,11:07:06
298,287,Sara Maas,F35-39,52,Female,United States,1:15:35,6:14,5:39:34,6:42,3:59:02,11:07:08
299,1411,Marina Koleskina,F25-29,35,Female,Kyrgyzstan,1:21:56,3:21,5:54:54,2:57,3:44:07,11:07:14
300,1242,Bettina Steiger,F50-54,14,Female,Switzerland,1:16:01,4:04,5:44:18,4:48,3:58:03,11:07:14
301,189,Zora Kohoutkova,F35-39,53,Female,Slovakia,1:17:32,4:46,5:36:02,4:55,4:04:07,11:07:22
302,625,Tabea Sohm,F30-34,62,Female,Austria,1:17:35,4:25,5:39:21,3:46,4:02:28,11:07:35
303,1549,Melanie Baumann,F45-49,28,Female,Switzerland,1:25:11,5:00,5:45:02,4:59,3:47:31,11:07:42
304,1350,Kathleen Mhatre,F25-29,36,Female,United States,1:08:15,5:53,5:42:42,6:21,4:04:35,11:07:45
305,1346,Clara Debiassi,F25-29,37,Female,Argentina,1:04:04,3:50,5:47:28,3:12,4:09:28,11:08:02
306,1394,Theres Fingerhut,F25-29,38,Female,Germany,1:12:16,5:30,5:30:01,5:22,4:14:56,11:08:06
307,277,Kalee Tyson,F35-39,54,Female,United States,1:10:48,5:30,5:57:00,7:10,3:47:51,11:08:19
308,210,Katsiaryna Kolasava,F35-39,55,Female,Sweden,1:29:11,5:07,5:47:56,6:28,3:40:11,11:08:52
309,1136,Sonja Barth,F50-54,15,Female,Germany,1:21:37,3:50,5:32:13,5:56,4:05:31,11:09:06
310,1251,Gro Hege Jermstad,F50-54,16,Female,Norway,1:18:25,4:59,5:40:20,5:28,3:59:55,11:09:07
311,222,Veronique Proulx,F35-39,56,Female,Canada,1:16:47,4:59,5:48:22,4:00,3:55:03,11:09:10
312,1199,Yuki Toyokawa,F50-54,17,Female,Japan,1:18:21,5:44,5:56:33,4:54,3:43:45,11:09:17
313,820,Liv Devitt,F30-34,63,Female,United States,1:14:39,4:47,5:45:45,5:41,3:58:27,11:09:19
314,667,AMANDA DE OLIVEIRA BRITO,F30-34,64,Female,Brazil,1:12:52,5:52,6:00:33,5:50,3:44:46,11:09:53
315,893,Meghan Grant,F40-44,49,Female,United States,1:07:46,5:23,5:57:51,5:05,3:53:51,11:09:56
316,186,Kimmarie Dautrich,F35-39,57,Female,United States,1:18:30,5:04,5:46:18,6:34,3:53:45,11:10:11
317,207,Viola Greil,F35-39,58,Female,Germany,1:10:47,4:01,5:56:41,9:08,3:49:34,11:10:11
318,864,Sabrina Plontasch,F40-44,50,Female,Germany,1:19:38,5:51,5:51:41,6:28,3:46:45,11:10:23
319,1468,Kinley Bollinger,F18-24,18,Female,United States,1:11:41,5:20,5:29:06,5:20,4:18:59,11:10:26
320,818,Dominique Stasulli,F30-34,65,Female,United States,1:23:02,5:41,6:00:00,4:00,3:37:52,11:10:34
321,200,Tatiana Gouw,F35-39,59,Female,Brazil,1:22:31,6:19,5:52:05,5:03,3:44:38,11:10:36
322,150,Annemarie Rustenburg,F35-39,60,Female,Netherlands,1:10:37,3:33,5:29:01,4:41,4:22:44,11:10:36
323,1111,Valentina Sestan,F50-54,18,Female,Italy,1:29:27,4:25,5:49:21,3:40,3:43:54,11:10:47
324,1488,Caroline Beard,F18-24,19,Female,United States,1:18:14,4:57,5:57:52,6:19,3:43:26,11:10:48
325,126,Sofia Lärfars,F35-39,61,Female,Sweden,1:00:28,4:49,6:04:41,5:01,3:55:53,11:10:51
326,1343,Hannah Jeppesen,F25-29,39,Female,Australia,59:35,4:31,6:00:18,6:33,3:59:58,11:10:55
327,1495,Amanda Vang Hvitved,F18-24,20,Female,Denmark,1:19:22,5:52,5:37:29,5:07,4:03:08,11:10:57
328,174,Maria Paula Moreno,F35-39,62,Female,Colombia,1:21:26,5:20,5:42:23,9:24,3:52:54,11:11:27
329,1661,Sarah Pearce-Gieck,F45-49,29,Female,Canada,1:09:55,4:55,5:40:46,4:53,4:11:16,11:11:45
330,299,Caroline Dias,F35-39,63,Female,Brazil,1:10:29,4:09,5:46:42,6:03,4:04:28,11:11:51
331,871,Désirée Huber,F40-44,51,Female,Switzerland,1:18:05,5:49,5:43:04,9:04,3:55:51,11:11:53
332,1631,Verena Müller,F45-49,30,Female,Germany,1:08:09,4:09,5:43:17,5:09,4:11:59,11:12:44
333,800,Karoliina Welin,F30-34,66,Female,Finland,1:10:58,4:13,5:40:12,5:46,4:11:42,11:12:52
334,507,Nada Prouty,F55-59,3,Female,United States,1:26:44,6:03,5:57:26,5:36,3:37:05,11:12:53
335,854,Jennie Zinchuk,F40-44,52,Female,United States,1:15:51,4:24,5:49:11,4:43,3:59:08,11:13:16
336,1162,Valentina KUKRUS,F50-54,19,Female,Kyrgyzstan,1:12:44,5:23,5:55:16,6:17,3:53:41,11:13:21
337,724,Núria Ciuró Boixadera,F30-34,67,Female,Spain,58:23,4:35,6:11:26,4:25,3:54:33,11:13:22
338,1393,Dominique Meyer,F25-29,40,Female,United States,1:25:53,4:45,5:38:48,5:36,3:58:25,11:13:26
339,712,Lauren Cadel,F30-34,68,Female,Canada,1:24:50,5:12,5:41:21,4:30,3:57:39,11:13:32
340,811,Marjolaine Weynand,F30-34,69,Female,Belgium,1:20:22,6:04,5:53:45,8:33,3:44:53,11:13:38
341,1460,Nina Broccard,F18-24,21,Female,Switzerland,1:20:33,4:36,5:53:44,3:51,3:51:18,11:14:02
342,731,Leah Winckler,F30-34,70,Female,United States,1:02:56,5:36,5:21:05,6:12,4:38:16,11:14:04
343,145,Milena Muzzolini,F35-39,64,Female,France,1:21:02,3:50,5:31:33,5:38,4:12:05,11:14:07
344,1287,Valeria Mooney,F50-54,20,Female,Argentina,1:08:46,3:41,6:01:34,4:43,3:55:37,11:14:22
345,810,Anna Minges,F30-34,71,Female,Germany,1:14:49,4:46,5:53:48,8:04,3:52:55,11:14:23
346,909,Jennie Hansen,F40-44,53,Female,United States,1:13:57,4:36,5:40:00,6:45,4:09:18,11:14:35
347,284,Marianne Geisler,F35-39,65,Female,France,1:16:36,4:38,5:44:36,5:44,4:03:06,11:14:41
348,1324,Rachelle Dion,F25-29,41,Female,Canada,1:07:33,7:16,6:09:32,4:10,3:46:21,11:14:51
349,814,Greta Ongaro,F30-34,72,Female,Italy,1:29:49,5:52,5:45:34,5:28,3:48:26,11:15:08
350,960,Paivi Hanninen,F40-44,54,Female,Finland,1:11:49,6:01,5:41:45,5:08,4:10:38,11:15:20
351,835,Alex O’toole,F30-34,73,Female,United Kingdom,1:13:55,5:11,5:55:54,5:55,3:54:30,11:15:25
352,1496,Maite Farin,F18-24,22,Female,Germany,1:20:13,4:55,5:57:39,4:37,3:48:03,11:15:27
353,807,Tamsin Horne,F30-34,74,Female,New Zealand,1:06:19,5:19,6:11:13,6:14,3:46:33,11:15:38
354,324,Monique Ahern Gamba,F35-39,66,Female,Brazil,1:20:28,5:20,5:42:03,6:16,4:01:41,11:15:49
355,905,Almudena Arrechea,F40-44,55,Female,Mexico,1:17:44,6:18,5:42:26,7:04,4:02:17,11:15:49
356,1362,Ana Martinez Alonso,F25-29,42,Female,Spain,1:12:01,5:25,6:01:55,5:18,3:51:12,11:15:51
357,1541,Marie-Louise Rigdal,F45-49,31,Female,Sweden,1:21:24,5:33,6:05:12,6:37,3:37:07,11:15:53
358,711,Barbora Šimková,F30-34,75,Female,Czechia,1:08:50,4:44,5:35:27,5:48,4:21:11,11:15:59
359,1405,Lydia Frazer,F25-29,43,Female,Australia,1:01:38,8:41,5:41:48,4:26,4:20:06,11:16:39
360,809,Elisa Zwerus,F30-34,76,Female,Netherlands,1:14:58,4:49,6:00:42,4:18,3:52:13,11:17:00
361,762,Anne Peanasky,F30-34,77,Female,United States,1:00:56,4:27,5:54:38,4:34,4:12:41,11:17:14
362,822,Bárbara Colombina Vallejos Cáceres,F30-34,78,Female,Spain,1:22:05,6:12,5:48:12,8:29,3:52:18,11:17:16
363,1576,Claire Knight,F45-49,32,Female,Canada,1:39:03,5:59,5:42:19,7:47,3:42:40,11:17:48
364,295,Nezka Kavcic,F35-39,67,Female,Slovenia,1:21:09,4:58,5:55:56,5:08,3:50:41,11:17:53
365,1648,Stephanie Ray,F45-49,33,Female,Canada,1:20:46,5:12,5:42:02,5:06,4:04:52,11:18:00
366,147,Bruna Barreto,F35-39,68,Female,Brazil,1:23:26,6:13,5:51:20,4:49,3:52:21,11:18:08
367,1149,Alicja Stepien,F50-54,21,Female,Poland,1:20:08,4:58,5:29:24,5:53,4:18:02,11:18:25
368,664,Florence Rambaud,F30-34,79,Female,France,1:28:00,5:46,5:42:09,5:55,3:56:44,11:18:35
369,832,Noémie Rogereau,F30-34,80,Female,France,1:22:16,6:42,5:54:43,6:59,3:48:41,11:19:20
370,1577,Valentina Noventa,F45-49,34,Female,Italy,1:14:31,5:32,5:44:50,6:39,4:07:56,11:19:28
371,140,Hyekyeong Seo,F35-39,69,Female,Korea,1:16:42,3:47,5:52:31,7:19,3:59:20,11:19:38
372,201,Sara Kimmel,F35-39,70,Female,United States,1:16:56,5:05,5:59:43,4:02,3:53:58,11:19:43
373,844,FABIANA RIBEIRO DE ASSIS,F40-44,56,Female,Brazil,1:08:34,5:52,5:43:43,9:23,4:12:31,11:20:04
374,1456,Marine Panagiotidis,F18-24,23,Female,Belgium,1:05:18,4:38,5:40:39,5:26,4:24:02,11:20:04
375,721,Helene Gleizes,F30-34,81,Female,United Kingdom,1:25:46,4:55,5:40:36,4:30,4:04:27,11:20:13
376,1154,Aneta Kirilenko,F50-54,22,Female,Poland,1:37:21,5:17,6:01:29,6:36,3:29:37,11:20:19
377,1059,Joanna Pomorska,F40-44,57,Female,Poland,1:18:42,6:11,5:50:49,7:56,3:57:02,11:20:40
378,158,Melanie Pirinoli,F35-39,71,Female,Switzerland,1:08:45,4:36,5:39:37,5:41,4:22:34,11:21:12
379,620,Xueyan Jiang,F30-34,82,Female,China,1:28:22,4:30,5:42:27,4:04,4:01:54,11:21:17
380,178,Natalie Stewart,F35-39,72,Female,United States,1:25:25,5:29,5:47:59,7:18,3:55:13,11:21:24
381,1075,Dana Hricisin,F40-44,58,Female,Czechia,1:32:13,5:46,5:57:48,5:35,3:40:07,11:21:28
382,730,Ashley Hardgrove,F30-34,83,Female,United States,1:17:21,5:17,5:50:56,6:10,4:02:07,11:21:50
383,767,Bianca Connor,F30-34,84,Female,Australia,1:22:59,8:54,5:40:34,7:56,4:01:35,11:21:58
384,930,Virginie PEREIRA,F40-44,59,Female,France,1:21:10,6:25,5:48:49,12:11,3:53:23,11:21:58
385,1108,Fernanda Caio Da Fonseca Morganti,F50-54,23,Female,Brazil,1:18:15,5:58,5:40:10,5:07,4:12:50,11:22:20
386,1395,Qian Chueng,F25-29,44,Female,China,1:32:26,6:24,5:43:15,5:14,3:55:10,11:22:29
387,185,Frauke Pobric,F35-39,73,Female,Germany,1:10:18,4:07,6:09:45,6:37,3:51:58,11:22:45
388,146,Keltie John,F35-39,74,Female,Canada,1:06:38,3:55,6:17:30,5:25,3:49:41,11:23:09
389,275,Monica Deemie,F35-39,75,Female,United States,1:10:24,4:02,5:58:43,5:21,4:04:45,11:23:15
390,138,Ashley Anderson,F35-39,76,Female,United States,1:07:05,5:46,5:57:19,6:22,4:07:02,11:23:35
391,881,Becky Hill,F40-44,60,Female,United States,1:19:27,5:29,5:57:07,5:40,3:56:18,11:24:01
392,852,Christina Gehringer,F40-44,61,Female,Germany,1:24:52,5:52,5:52:21,7:06,3:53:57,11:24:08
393,289,Chao Cai,F35-39,77,Female,China,1:30:28,8:10,6:07:51,8:55,3:28:48,11:24:12
394,1396,Laura Marie Asche,F25-29,45,Female,Germany,1:19:53,4:06,5:56:51,6:26,3:57:06,11:24:22
395,1655,Lucie Krátká,F45-49,35,Female,Czechia,1:14:48,3:45,5:51:43,3:36,4:10:34,11:24:26
396,670,Alannah Nash,F30-34,85,Female,Australia,1:06:58,3:55,5:46:52,5:15,4:21:29,11:24:30
397,640,Kiah Wheeler,F30-34,86,Female,Canada,1:10:12,7:24,5:35:06,7:40,4:24:08,11:24:31
398,999,Kylie Lloyd,F40-44,62,Female,Australia,1:24:18,7:00,5:49:53,5:03,3:58:26,11:24:40
399,634,Ine Vandepoele,F30-34,87,Female,Belgium,1:28:13,5:28,5:58:45,4:04,3:48:25,11:24:55
400,623,Bianca Hodgkins,F30-34,88,Female,Australia,1:08:41,4:27,5:41:39,3:55,4:26:17,11:25:00
401,1272,Rebecca Mckee,F50-54,24,Female,United States,1:18:20,5:25,5:37:11,7:15,4:16:59,11:25:11
402,1014,Lisa Kruse,F40-44,63,Female,United States,1:23:02,5:19,5:44:17,8:11,4:04:31,11:25:20
403,1327,Olivia Kayye,F25-29,46,Female,United States,1:00:32,4:36,5:49:56,11:22,4:18:55,11:25:21
404,779,Jenny Müller,F30-34,89,Female,Germany,1:13:13,4:49,5:50:19,5:00,4:12:01,11:25:21
405,292,Yvonne Loughran,F35-39,78,Female,Ireland,1:09:44,6:19,6:02:09,7:28,4:00:06,11:25:46
406,986,Laura Domínguez Diez,F40-44,64,Female,Spain,1:22:39,6:39,6:01:25,8:02,3:47:23,11:26:08
407,205,Amadee Nicolaas,F35-39,79,Female,Aruba,1:22:04,9:07,5:58:58,8:02,3:48:01,11:26:11
408,522,Anita Weissinger-Lusenberger,F55-59,4,Female,Austria,1:28:19,4:40,5:56:37,3:42,3:52:59,11:26:16
409,1685,Daniela Unger,F45-49,36,Female,Germany,1:11:51,7:57,5:59:07,6:38,4:00:47,11:26:19
410,1443,Claudia Fernanda Arguijo Aguirre,F25-29,47,Female,Mexico,1:09:33,5:31,6:09:36,4:05,3:57:52,11:26:37
411,1475,Johanna Schramm,F18-24,24,Female,Germany,1:08:46,3:50,6:16:08,4:14,3:53:49,11:26:46
412,1567,Virginie Perrin,F45-49,37,Female,France,1:18:17,5:15,5:50:38,4:23,4:08:25,11:26:59
413,988,Ynske Rodenhuis,F40-44,65,Female,Netherlands,1:07:47,3:43,5:59:58,4:38,4:10:58,11:27:05
414,311,MARIANA BECCARIA DA COSTA SOARES HUNGRIA NOGUEIRA,F35-39,80,Female,Brazil,1:21:51,6:40,6:19:50,7:05,3:31:50,11:27:17
415,713,Jessica Binaisse,F30-34,90,Female,Australia,1:10:14,4:22,5:53:08,4:06,4:15:38,11:27:29
416,1029,Adeline Myotte,F40-44,66,Female,France,1:26:42,3:53,5:39:23,6:01,4:12:08,11:28:06
417,1073,Erika Nakamura Da Costa,F40-44,67,Female,Brazil,1:11:52,4:57,5:56:36,3:47,4:11:06,11:28:17
418,1434,Margaret Tobey,F25-29,48,Female,United States,1:07:28,4:16,5:43:42,3:59,4:28:59,11:28:24
419,525,Metka Jug,F55-59,5,Female,Slovenia,1:23:29,4:36,6:00:42,4:09,3:55:31,11:28:28
420,1609,Anja Štrovs,F45-49,38,Female,Slovenia,1:01:36,6:01,6:01:03,6:12,4:14:01,11:28:53
421,787,Elizabeth Izzo,F30-34,91,Female,United States,1:14:56,6:19,5:55:30,5:56,4:06:19,11:29:01
422,1696,Dana Bullard,F45-49,39,Female,United States,1:16:39,5:51,6:10:49,4:54,3:50:51,11:29:04
423,1407,Mylène Frei,F25-29,49,Female,Switzerland,1:17:36,5:38,6:04:46,5:48,3:55:19,11:29:07
424,1177,Eva Ribalta,F50-54,25,Female,Spain,1:25:04,4:25,5:47:39,8:39,4:03:52,11:29:39
425,1019,Kristin Adermann,F40-44,68,Female,Germany,1:28:09,6:04,5:48:49,6:08,4:00:30,11:29:40
426,1625,Season Lane,F45-49,40,Female,United States,1:14:21,4:58,6:05:34,6:11,3:58:41,11:29:45
427,498,Michelle Boyes,F55-59,6,Female,Australia,1:13:08,4:19,5:52:39,5:27,4:14:12,11:29:46
428,812,Anna Goerk,F30-34,92,Female,Germany,1:25:41,6:39,5:48:24,6:31,4:02:38,11:29:54
429,631,Ksenia Sirotkina,F30-34,93,Female,Kyrgyzstan,1:12:30,6:28,5:55:12,8:29,4:07:18,11:29:58
430,838,Krisztina Vaczi,F40-44,69,Female,Hungary,1:21:05,5:02,6:05:49,5:12,3:53:21,11:30:28
431,801,Amy Haycock,F30-34,94,Female,United States,1:25:01,6:17,5:50:06,6:48,4:02:32,11:30:44
432,141,Aaltje Dargatz,F35-39,81,Female,Germany,1:06:37,3:15,5:50:24,4:24,4:26:07,11:30:47
433,1072,Jess Perry,F40-44,70,Female,United States,1:14:08,5:44,5:55:26,8:18,4:07:16,11:30:52
434,1520,Camila Gozzett,F45-49,41,Female,Brazil,1:21:09,5:37,5:57:08,5:25,4:01:40,11:31:00
435,705,Annika Herrmann,F30-34,95,Female,Germany,1:19:33,6:15,5:44:46,6:04,4:14:26,11:31:02
436,1037,Janina Bolley,F40-44,71,Female,Germany,1:19:38,9:19,6:11:27,9:20,3:41:20,11:31:04
437,1525,Stefanie Mayer,F45-49,42,Female,Germany,1:26:33,5:10,6:11:59,9:32,3:37:53,11:31:08
438,237,sarah hashagen,F35-39,82,Female,Germany,1:29:38,7:26,5:55:55,7:07,3:51:13,11:31:19
439,979,Sarah Van Dyk,F40-44,72,Female,United States,1:23:48,5:28,5:28:29,6:16,4:27:23,11:31:25
440,1469,Elise Greenwald,F18-24,25,Female,United States,1:07:35,5:05,6:24:58,6:11,3:47:52,11:31:41
441,824,Natalia Parfenteva,F30-34,96,Female,Cyprus,1:34:06,4:54,5:41:03,4:42,4:06:59,11:31:44
442,1730,Wendy Fejfar,F45-49,43,Female,United States,1:17:00,5:02,5:34:04,7:50,4:27:50,11:31:46
443,163,Anne Hildebrandt,F35-39,83,Female,Germany,1:23:16,4:53,5:40:34,5:10,4:17:54,11:31:47
444,672,Holly Sinnott,F30-34,97,Female,United States,1:04:22,7:14,6:16:10,10:39,3:53:21,11:31:47
445,1089,Jenny Fletcher,F50-54,26,Female,Canada,1:04:45,6:26,5:41:16,6:49,4:32:36,11:31:52
446,907,Gillian Micoli,F40-44,73,Female,United States,1:10:03,5:42,5:54:17,6:39,4:15:24,11:32:05
447,1268,Karen Ayse Salih,F50-54,27,Female,Denmark,1:21:30,5:27,5:42:07,5:41,4:17:27,11:32:11
448,785,Ines Van Troyen,F30-34,98,Female,Belgium,1:12:00,5:02,6:08:33,10:32,3:56:06,11:32:13
449,217,Sina Langner,F35-39,84,Female,Germany,1:28:30,4:03,5:56:42,8:42,3:54:23,11:32:20
450,603,Britni Bakk,F55-59,7,Female,United States,1:15:33,4:11,5:58:40,3:18,4:10:40,11:32:22
451,696,Helaena Nicholls,F30-34,99,Female,Australia,1:02:09,7:13,6:05:06,9:16,4:08:40,11:32:25
452,1432,Ashley Powell,F25-29,50,Female,United States,1:08:43,7:04,6:19:22,9:17,3:48:33,11:32:58
453,788,Lizzie Mcnamara,F30-34,100,Female,United States,1:14:34,5:06,6:04:39,5:36,4:03:05,11:32:59
454,121,Alexandra Noonan,F35-39,85,Female,United Kingdom,1:24:13,6:09,5:31:43,6:41,4:24:13,11:33:00
455,1230,Meredith Jones,F50-54,28,Female,United States,1:04:34,5:51,5:58:27,5:12,4:19:12,11:33:16
456,1688,Charlotta Axling,F45-49,44,Female,Sweden,1:33:42,4:56,5:39:10,5:57,4:09:37,11:33:21
457,884,Shana Poe,F40-44,74,Female,United States,1:08:19,5:16,5:53:06,4:26,4:22:34,11:33:40
458,826,Nadine Zyman,F30-34,101,Female,Venezuela,1:19:24,5:41,6:09:09,5:26,3:54:01,11:33:41
459,1188,Sabine Claudia Egger-Weickhardt,F50-54,29,Female,Australia,1:32:35,5:05,5:49:18,4:21,4:02:46,11:34:03
460,1045,Lisa Römer,F40-44,75,Female,Germany,1:27:08,6:01,5:50:09,6:16,4:04:34,11:34:08
461,1252,Valeria Sesto,F50-54,30,Female,United Kingdom,1:19:30,4:33,6:18:30,4:24,3:47:18,11:34:15
462,793,Paulina Calleja,F30-34,102,Female,Mexico,1:22:51,5:36,6:00:11,7:12,3:58:32,11:34:21
463,1611,ELAINE DE TOLEDO,F45-49,45,Female,Brazil,1:15:25,5:10,5:54:18,7:09,4:12:22,11:34:25
464,978,Olivia Fitz-Poole,F40-44,76,Female,United Kingdom,1:18:38,5:08,5:45:37,5:51,4:19:22,11:34:36
465,1053,Helen Viehr,F40-44,77,Female,Germany,1:13:14,5:19,5:45:43,6:55,4:23:31,11:34:43
466,307,Margaret Lucas,F35-39,86,Female,United States,1:28:29,4:33,5:45:13,5:00,4:11:29,11:34:44
467,137,Julie Travers,F35-39,87,Female,United States,1:21:59,6:20,5:44:38,8:13,4:13:39,11:34:49
468,1056,Stefanie Rödig,F40-44,78,Female,Germany,1:30:41,6:43,5:36:45,6:36,4:14:31,11:35:15
469,1539,Ruth Simmons,F45-49,46,Female,United Kingdom,1:21:24,4:37,6:01:42,5:20,4:02:13,11:35:16
470,1614,Kirsten Verner,F45-49,47,Female,Canada,1:19:41,5:56,6:02:34,5:51,4:01:19,11:35:21
471,1583,Belen Valdovinos,F45-49,48,Female,Paraguay,1:29:49,6:07,6:08:30,5:57,3:45:07,11:35:30
472,1770,Nicola Reiser,F55-59,8,Female,Sweden,1:25:42,6:01,5:58:42,6:32,3:58:37,11:35:34
473,1638,Faith Korbel,F45-49,49,Female,United States,1:10:02,8:24,6:12:49,6:29,3:57:53,11:35:37
474,1055,Meredith Moss,F40-44,79,Female,United States,1:18:32,6:48,5:58:13,9:32,4:02:34,11:35:38
475,273,Lindsay Dibona,F35-39,88,Female,United States,1:10:43,4:10,5:41:28,10:31,4:28:53,11:35:45
476,1197,Wynia Derks,F50-54,31,Female,Netherlands,1:21:39,7:18,6:02:44,8:43,3:55:25,11:35:48
477,1112,Daniela Prüß,F50-54,32,Female,Germany,1:18:41,7:47,5:46:38,6:51,4:15:51,11:35:49
478,1729,Michaela Krieger,F45-49,50,Female,Germany,1:01:45,5:07,5:54:20,5:48,4:29:03,11:36:03
479,365,Caroline Anderson,F60-64,1,Female,Australia,1:21:00,4:20,5:58:05,6:09,4:06:37,11:36:12
480,718,Courtney Winterbauer,F30-34,103,Female,United States,1:34:16,5:29,5:53:19,8:57,3:54:14,11:36:14
481,1673,Signe Ventsel,F45-49,51,Female,Estonia,1:21:22,4:42,5:49:11,5:07,4:16:06,11:36:28
482,1735,Monika Frank,F45-49,52,Female,Switzerland,1:15:04,5:31,6:05:31,6:12,4:04:29,11:36:47
483,755,Hollie Swidarski,F30-34,104,Female,United States,1:18:16,7:15,6:16:55,7:49,3:46:35,11:36:50
484,1428,Femke Van De Water,F25-29,51,Female,Netherlands,1:20:20,5:40,6:01:40,4:30,4:04:46,11:36:57
485,1370,Vivian Boijens,F25-29,52,Female,Netherlands,1:05:48,3:39,6:16:36,5:25,4:05:34,11:37:02
486,1398,Anastasia Raymond,F25-29,53,Female,United Kingdom,1:08:10,5:35,6:13:46,7:32,4:02:02,11:37:05
487,1061,Heather Suhr,F40-44,80,Female,United States,1:31:01,7:44,5:58:18,7:41,3:52:24,11:37:07
488,1225,Katherine Chabot-Boucher,F50-54,33,Female,United States,1:24:15,7:10,6:10:28,8:14,3:47:07,11:37:13
489,1366,Carla Roocke,F25-29,54,Female,Australia,1:06:47,5:37,5:54:29,5:59,4:24:24,11:37:16
490,193,MAYARA BELLETTINI,F35-39,89,Female,Brazil,1:10:28,6:29,5:43:21,6:53,4:30:07,11:37:18
491,1120,Katrin Kaufmann,F50-54,34,Female,Germany,1:28:37,6:14,5:55:22,5:53,4:01:15,11:37:20
492,1431,Hannah Durbin,F25-29,55,Female,United States,1:22:59,4:41,6:01:17,5:28,4:03:12,11:37:36
493,1347,Adrianna Waack,F25-29,56,Female,United States,1:04:51,6:20,6:17:34,6:51,4:02:04,11:37:40
494,627,Jessica Levey,F30-34,105,Female,United States,1:08:36,5:58,6:28:36,5:39,3:49:04,11:37:54
495,1001,Mirna Pokas,F40-44,81,Female,Croatia,1:39:07,4:41,5:54:33,5:38,3:53:57,11:37:55
496,191,Elena Schmitt,F35-39,90,Female,Germany,1:23:55,5:01,6:09:21,6:18,3:53:22,11:37:56
497,803,Patricia Fröhlich,F30-34,106,Female,Germany,1:13:11,5:01,5:53:27,8:49,4:17:30,11:37:57
498,637,Marie Van Eyken,F30-34,107,Female,Belgium,1:12:11,5:34,5:56:04,8:18,4:15:58,11:38:05
499,385,Kaisa Jakobsen,F60-64,2,Female,Finland,1:24:08,5:48,6:03:08,5:36,3:59:27,11:38:06
500,682,Nadine Sternlicht,F30-34,108,Female,Switzerland,1:23:18,5:40,6:06:20,8:04,3:54:51,11:38:12
501,1628,Martik Torres,F45-49,53,Female,Colombia,1:14:46,5:48,5:57:11,11:37,4:09:20,11:38:43
502,1666,Laila Gammelvind,F45-49,54,Female,Denmark,1:25:28,6:12,6:06:43,6:13,3:54:17,11:38:52
503,173,Ina Born,F35-39,91,Female,Germany,1:19:17,4:35,5:53:17,5:25,4:16:22,11:38:56
504,1145,Samantha Zeps,F50-54,35,Female,Australia,1:19:31,6:33,6:07:14,5:45,4:00:04,11:39:07
505,959,GREYSE RENATA HAU,F40-44,82,Female,Brazil,1:27:58,6:17,6:08:10,5:13,3:51:39,11:39:18
506,1756,Sara Randolph,F45-49,55,Female,United States,1:09:19,5:35,6:02:26,8:00,4:14:11,11:39:31
507,1603,Maren Barros,F45-49,56,Female,Canada,1:19:24,7:26,5:43:43,7:35,4:21:28,11:39:37
508,1514,Panna Páczai,F18-24,26,Female,Hungary,1:20:56,5:06,6:20:19,5:17,3:48:02,11:39:40
509,777,Pannapat Krarunpetch,F30-34,109,Female,Thailand,1:01:56,4:23,6:19:32,6:41,4:07:15,11:39:47
510,151,Hayley Milentis,F35-39,92,Female,Australia,1:19:46,4:25,6:10:45,7:11,3:57:44,11:39:51
511,125,Irene Baratta,F35-39,93,Female,Italy,1:10:40,7:15,6:25:44,9:01,3:47:13,11:39:53
512,1384,Laura Greczmiel,F25-29,57,Female,Germany,1:12:40,4:46,6:04:46,3:50,4:14:01,11:40:02
513,254,Fernanda Pileggi,F35-39,94,Female,Brazil,1:17:54,5:43,6:03:53,8:13,4:04:39,11:40:23
514,1687,Silvia Helena Barbosa Prado,F45-49,57,Female,Brazil,1:19:02,4:14,5:51:08,8:43,4:17:21,11:40:27
515,235,Yiseul Son,F35-39,95,Female,Korea,1:21:00,5:09,6:09:30,6:13,3:58:42,11:40:36
516,958,Alexandra Muesenfechter,F40-44,83,Female,United States,1:24:02,8:11,5:35:30,8:26,4:24:51,11:41:00
517,1036,Anja Bröcker,F40-44,84,Female,Germany,1:20:36,4:45,5:53:19,9:50,4:12:39,11:41:08
518,1179,Janine Cicci,F50-54,36,Female,Canada,1:20:12,6:01,5:35:53,7:14,4:32:33,11:41:53
519,920,Berber Kramer,F40-44,85,Female,Netherlands,1:12:34,3:24,5:07:09,4:56,5:13:53,11:41:56
520,918,JULIANA DE SOUZA BUENO,F40-44,86,Female,Barbados,1:12:05,3:08,5:47:59,7:38,4:31:09,11:41:58
521,789,Tylynn Ludwig,F30-34,110,Female,United States,1:19:47,5:50,5:47:01,4:45,4:24:58,11:42:22
522,1540,Leslie Zavala,F45-49,58,Female,Mexico,1:23:06,4:48,5:58:31,6:02,4:10:09,11:42:36
523,892,Mary Swayze,F40-44,87,Female,United States,1:14:10,4:36,5:59:23,5:52,4:18:43,11:42:44
524,239,Nina Ain El Fitre,F35-39,96,Female,Switzerland,1:12:53,3:42,5:43:55,5:57,4:36:28,11:42:55
525,332,Tomo Suzaki,F35-39,97,Female,Japan,1:20:00,6:39,5:56:05,8:16,4:11:59,11:42:58
526,1373,Audrey Sorin,F25-29,58,Female,France,1:13:21,6:10,6:08:16,6:11,4:09:01,11:42:58
527,1719,Evelyn Degrendele,F45-49,59,Female,Belgium,1:27:21,4:19,5:48:27,5:52,4:17:05,11:43:03
528,692,Layla Georgina Arcos Sotelo,F30-34,111,Female,Mexico,1:07:14,5:02,6:12:32,4:56,4:13:21,11:43:06
529,1574,Anna Hoffmann,F45-49,60,Female,Germany,1:17:26,4:57,6:00:57,5:58,4:14:05,11:43:22
530,1334,Anna Sophie Schäfer,F25-29,59,Female,Germany,1:40:40,5:56,5:48:55,8:12,3:59:44,11:43:28
531,1296,Birgit Wessel,F50-54,37,Female,Germany,1:12:35,4:06,5:43:00,6:40,4:37:21,11:43:42
532,585,Loubna Freih,F55-59,9,Female,Switzerland,1:44:15,5:16,5:48:32,4:45,4:00:57,11:43:45
533,1733,Lorena Fariña,F45-49,61,Female,Argentina,1:21:32,5:36,6:03:21,6:08,4:07:10,11:43:47
534,913,Martyna Maczka,F40-44,88,Female,Poland,1:27:27,7:31,6:07:15,5:24,3:56:14,11:43:51
535,157,Marine Konarski,F35-39,98,Female,France,1:25:42,4:51,6:09:51,6:42,3:56:47,11:43:54
536,1238,Nana Otsu,F50-54,38,Female,Japan,1:28:27,11:03,5:54:11,5:35,4:04:40,11:43:55
537,760,Chelsea Hinrichs,F30-34,112,Female,United States,1:27:51,5:54,6:02:11,5:35,4:02:34,11:44:06
538,732,Erin Horil,F30-34,113,Female,United States,1:07:28,5:10,5:42:18,7:59,4:41:18,11:44:14
539,263,ANOUK VAN DER LINDEN,F35-39,99,Female,France,1:22:48,11:23,6:08:39,9:35,3:52:03,11:44:28
540,1319,Adriana Mestres López,F25-29,60,Female,Spain,1:05:39,6:38,5:54:48,7:06,4:30:33,11:44:44
541,252,Yuliya Azzopardi Mazur,F35-39,100,Female,Ukraine,1:21:41,6:09,6:10:16,5:11,4:01:28,11:44:45
542,1021,Tamara Mabire,F40-44,89,Female,Switzerland,1:18:17,5:29,5:57:45,5:15,4:18:23,11:45:08
543,951,Sandra Stark,F40-44,90,Female,Germany,1:42:05,6:30,6:10:52,5:47,3:39:59,11:45:12
544,1030,Lauren Magin,F40-44,91,Female,United States,1:17:31,6:23,6:24:16,10:04,3:47:14,11:45:28
545,1713,Maria Victoria Abrate,F45-49,62,Female,Argentina,1:27:41,6:14,5:55:28,6:39,4:09:25,11:45:28
546,885,Lindsay Long,F40-44,92,Female,United States,1:23:07,4:39,5:46:08,5:14,4:26:21,11:45:30
547,736,Sara Hernandez Mollfulleda,F30-34,114,Female,Spain,1:12:07,5:53,5:53:58,6:47,4:26:48,11:45:34
548,1485,Bella Kolinac,F18-24,27,Female,Australia,1:14:03,4:56,5:54:49,8:04,4:23:51,11:45:44
549,478,Mary Tobiason,F55-59,10,Female,United States,1:18:51,5:06,6:04:13,7:21,4:10:15,11:45:47
550,1589,Melinda Hand,F45-49,63,Female,Australia,1:15:19,7:58,5:56:38,5:40,4:20:12,11:45:47
551,678,Sarah Wendland-Zachewicz,F30-34,115,Female,Germany,1:12:12,4:53,5:40:41,4:49,4:43:13,11:45:48
552,1151,Chiho Miura,F50-54,39,Female,Japan,1:26:02,6:03,5:49:55,9:12,4:14:40,11:45:52
553,1637,Ana Carolina Figueiredo De Oliveira Costa,F45-49,64,Female,Brazil,1:13:51,6:22,6:06:41,6:03,4:13:03,11:45:59
554,1414,Annika Rahner,F25-29,61,Female,Germany,1:06:43,4:55,5:59:32,7:53,4:27:04,11:46:07
555,795,Jennifer Lucas-Hill,F30-34,116,Female,United Kingdom,1:21:02,5:39,5:53:49,6:20,4:19:25,11:46:15
556,1634,Iryna Vasilevskaya,F45-49,65,Female,Ukraine,1:27:33,6:27,5:45:30,6:04,4:20:44,11:46:17
557,749,Rachel Lacek,F30-34,117,Female,United States,1:08:40,5:49,6:07:20,7:08,4:17:24,11:46:21
558,574,Satomi Fujita,F55-59,11,Female,Japan,1:13:06,8:05,6:07:08,7:36,4:10:30,11:46:26
559,181,Anna-Maria Kipphardt,F35-39,101,Female,Germany,1:25:15,4:56,5:39:52,4:33,4:32:04,11:46:41
560,877,Lani Seaman,F40-44,93,Female,United States,1:00:39,6:41,5:55:47,8:29,4:35:12,11:46:48
561,1534,Melyssa Brochu,F45-49,66,Female,Canada,1:17:32,5:52,6:07:59,6:59,4:08:34,11:46:56
562,1760,Amy Hite,F45-49,67,Female,United States,1:15:09,5:08,6:07:50,5:41,4:13:12,11:47:01
563,1707,Renáta Bencová,F45-49,68,Female,Czechia,1:11:47,5:50,5:53:39,6:10,4:29:38,11:47:04
564,1044,Melanie Haack,F40-44,94,Female,Germany,1:08:21,6:16,6:08:00,8:51,4:15:43,11:47:10
565,529,Moni Wurm,F55-59,12,Female,Germany,1:26:48,7:05,6:01:59,8:19,4:02:59,11:47:11
566,904,Katharina Roer,F40-44,95,Female,Germany,1:12:04,5:10,5:47:47,7:15,4:34:56,11:47:11
567,1517,Laurel Dell,F45-49,69,Female,United States,1:18:20,6:08,6:02:49,13:26,4:06:50,11:47:33
568,699,Rania Shamel,F30-34,118,Female,United Kingdom,1:34:00,7:12,5:25:15,7:25,4:33:44,11:47:37
569,536,Stacey Campeau,F55-59,13,Female,Canada,1:45:45,7:00,5:26:00,9:25,4:19:31,11:47:41
570,1068,Nicki Kinney,F40-44,96,Female,United States,1:21:50,6:24,6:10:50,6:41,4:02:04,11:47:48
571,1523,Tjaša Žnidar,F45-49,70,Female,Slovenia,1:08:44,5:31,5:59:46,4:36,4:29:16,11:47:53
572,1086,Christine Ligocki,F40-44,97,Female,United States,1:24:42,5:42,6:14:21,8:20,3:55:04,11:48:08
573,224,Sophie Hascoet,F35-39,102,Female,France,1:06:51,5:12,6:17:22,5:32,4:13:15,11:48:12
574,1379,Alexandra Santos,F25-29,62,Female,Canada,1:23:06,6:48,5:55:22,6:44,4:16:16,11:48:15
575,1566,Megan Imbres,F45-49,71,Female,United States,1:19:27,6:23,6:22:54,8:15,3:51:44,11:48:42
576,1005,Blair Elefant,F40-44,98,Female,United States,1:17:53,5:08,5:50:07,6:47,4:28:49,11:48:43
577,538,Monica Kneip,F55-59,14,Female,Brazil,1:27:26,6:54,6:03:31,5:37,4:05:17,11:48:44
578,1024,Núria Terradellas,F40-44,99,Female,Spain,1:12:01,4:56,6:16:57,5:36,4:09:21,11:48:51
579,1187,Natalia Masciulli,F50-54,40,Female,Argentina,1:20:52,5:11,5:50:10,5:02,4:27:41,11:48:56
580,1022,Alexandra Messager,F40-44,100,Female,France,1:29:13,10:12,5:52:29,8:09,4:08:57,11:49:01
581,1057,Jo Bowden,F40-44,101,Female,New Zealand,1:19:10,5:33,6:10:10,11:06,4:03:26,11:49:24
582,327,Ann-Louise Scheepers,F35-39,103,Female,Australia,1:12:46,5:34,6:25:56,6:02,3:59:05,11:49:24
583,830,Marie Kalkusová,F30-34,119,Female,Czechia,1:22:27,5:22,6:10:53,4:31,4:06:11,11:49:24
584,357,Catherine Houseaux,F60-64,3,Female,France,1:26:50,5:03,5:55:02,6:16,4:16:28,11:49:39
585,1122,Ana Barbosa,F50-54,41,Female,Brazil,1:25:06,7:02,6:09:31,7:51,4:00:10,11:49:40
586,781,Stephanie Bahr,F30-34,120,Female,Germany,1:23:03,5:27,6:14:54,5:12,4:01:04,11:49:41
587,1454,Ella Fryer,F18-24,28,Female,United Kingdom,1:30:31,4:01,6:05:39,4:09,4:05:28,11:49:48
588,1618,Cecilia Rubianes,F45-49,72,Female,Argentina,1:27:51,4:55,5:59:28,5:50,4:12:01,11:50:05
589,1542,Julia Schober-Kestel,F45-49,73,Female,Germany,1:22:54,5:05,6:09:14,6:12,4:06:44,11:50:09
590,943,ADRIANA VASCONCELOS COUTINHO,F40-44,102,Female,Brazil,1:21:40,6:54,6:00:53,7:08,4:13:48,11:50:23
591,622,Chantelle Petterson,F30-34,121,Female,New Zealand,1:23:08,7:51,6:16:51,4:57,3:57:49,11:50:35
592,162,Hui An Hsu,F35-39,104,Female,Taiwan,1:21:54,6:39,5:58:28,8:09,4:15:41,11:50:50
593,1765,Burcu Aslanagi,F45-49,74,Female,Turkey,1:10:31,4:29,6:11:08,5:03,4:19:44,11:50:56
594,1737,Melisa Christian,F45-49,75,Female,United States,1:15:25,6:19,5:53:13,6:22,4:29:47,11:51:06
595,1361,Silvia Stajer,F25-29,63,Female,Canada,1:20:10,6:58,6:00:24,6:39,4:17:00,11:51:11
596,796,Grace Robinson,F30-34,122,Female,United Kingdom,1:12:45,5:00,5:44:55,7:29,4:41:20,11:51:29
597,1667,Sophie Pontzeele,F45-49,76,Female,France,1:17:34,7:02,6:08:29,6:22,4:12:07,11:51:34
598,149,Jade Evans,F35-39,105,Female,United Kingdom,1:21:53,5:17,6:03:56,7:11,4:13:24,11:51:40
599,746,Maud Elie-Lefebvre,F30-34,123,Female,France,1:31:57,5:58,5:35:08,5:06,4:33:35,11:51:44
600,227,Valentina Meneses Paternina,F35-39,106,Female,Colombia,1:20:13,6:31,6:11:24,5:25,4:08:22,11:51:56
601,496,Heidi Schmitt,F55-59,15,Female,United States,1:19:04,5:07,6:11:18,6:05,4:10:24,11:51:58
602,316,Manon Peters,F35-39,107,Female,Netherlands,1:28:53,3:15,6:21:06,6:01,3:52:46,11:52:02
603,633,Lindsey Siegel,F30-34,124,Female,United States,1:02:05,4:49,6:13:14,4:32,4:27:23,11:52:04
604,381,Bodil Arlander,F60-64,4,Female,United States,1:23:09,5:00,5:51:58,7:48,4:24:50,11:52:45
605,1693,Krista Heije,F45-49,77,Female,Netherlands,1:17:54,6:11,5:46:25,9:09,4:33:10,11:52:48
606,517,Jo Cope,F55-59,16,Female,Australia,1:33:26,6:18,5:51:58,6:23,4:14:49,11:52:54
607,255,Nicole Kober,F35-39,108,Female,Germany,1:26:56,10:39,5:48:23,10:10,4:16:51,11:52:59
608,274,Katie Efird,F35-39,109,Female,United States,1:24:39,5:51,6:19:46,12:48,3:49:58,11:53:02
609,1706,Verena Lipps,F45-49,78,Female,Germany,1:14:43,6:31,6:06:39,8:21,4:16:48,11:53:02
610,1103,Karin Toledo De Oliveira,F50-54,42,Female,Brazil,1:18:30,7:26,6:08:14,7:58,4:10:56,11:53:03
611,1694,Karina Vicedom,F45-49,79,Female,Germany,1:15:31,7:38,6:11:30,11:13,4:07:22,11:53:13
612,737,Manon Lefèvre,F30-34,125,Female,France,1:12:11,8:40,6:27:27,7:33,3:57:33,11:53:24
613,1233,Jasmin Drössler,F50-54,43,Female,Germany,1:20:49,5:23,5:48:29,5:03,4:33:47,11:53:31
614,1767,Karen Woodward,F45-49,80,Female,United States,1:32:20,8:19,5:31:20,6:02,4:35:31,11:53:31
615,891,Paqui Miranda Medina,F40-44,103,Female,Spain,1:15:44,5:45,6:10:45,7:32,4:13:49,11:53:34
616,648,Rachel Haynes,F30-34,126,Female,Australia,1:12:05,7:53,5:57:15,7:51,4:28:31,11:53:35
617,663,Magdalena Napoli,F30-34,127,Female,Argentina,1:13:07,5:27,6:09:19,10:31,4:15:12,11:53:37
618,1686,Francesca Braghetto Arce,F45-49,81,Female,Chile,1:22:19,4:11,6:10:16,6:14,4:10:36,11:53:37
619,956,Lisa Marie Simard,F40-44,104,Female,Canada,1:27:58,5:05,5:34:04,7:13,4:39:25,11:53:45
620,218,Madleen Hensel,F35-39,110,Female,Germany,1:35:08,5:08,5:36:13,9:44,4:27:54,11:54:06
621,1509,Sammy Normand,F18-24,29,Female,United States,1:14:18,5:41,5:52:57,6:09,4:35:16,11:54:21
622,261,Ayano Nakajima,F35-39,111,Female,Japan,1:20:15,5:07,6:16:11,7:43,4:05:30,11:54:46
623,1215,Vanessa Semadeni,F50-54,44,Female,Germany,1:18:29,6:24,6:00:57,10:22,4:18:43,11:54:55
624,1479,Michela Cole,F18-24,30,Female,United States,1:16:14,6:43,6:32:16,12:58,3:47:04,11:55:15
625,176,Varvara Zverkova,F35-39,112,Female,France,1:33:03,6:22,5:51:02,6:10,4:19:08,11:55:45
626,190,Marina Carr,F35-39,113,Female,Canada,1:18:19,5:31,6:30:48,5:03,3:56:17,11:55:58
627,850,Anja Rehlinger,F40-44,105,Female,Luxembourg,1:34:50,4:41,5:54:25,10:15,4:11:57,11:56:08
628,1599,Alison Miller,F45-49,82,Female,United States,1:27:44,8:22,5:53:07,8:30,4:18:28,11:56:12
629,804,Katie Sutherland,F30-34,128,Female,United States,1:12:14,6:46,6:13:55,9:06,4:14:17,11:56:18
630,911,Congyu Zhu,F40-44,106,Female,China,1:22:01,6:29,6:09:10,6:48,4:11:54,11:56:21
631,684,Breanna Bradley,F30-34,129,Female,Canada,1:21:45,9:59,6:19:38,7:58,3:57:07,11:56:27
632,315,Mlcochova Katerina,F35-39,114,Female,Czechia,1:24:21,6:31,6:14:07,7:25,4:04:05,11:56:28
633,1528,Lesley Rankin,F45-49,83,Female,Canada,1:08:18,6:30,5:57:21,9:21,4:35:00,11:56:30
634,1067,Katja Kower,F40-44,107,Female,Germany,1:24:44,6:42,6:00:52,6:58,4:17:16,11:56:32
635,134,Svenya Mueller,F35-39,115,Female,Germany,1:17:13,13:58,6:23:07,13:58,3:48:17,11:56:33
636,172,Marion Alexandra Flaig,F35-39,116,Female,Germany,1:18:49,5:04,5:51:57,6:33,4:34:14,11:56:36
637,1328,Catherine Cushatt,F25-29,64,Female,United States,1:11:47,7:23,6:18:09,8:50,4:10:33,11:56:41
638,1451,Devin Joan Nuckles,F18-24,31,Female,United States,1:13:30,5:55,5:46:34,8:35,4:42:20,11:56:54
639,1606,Emma Lindgren,F45-49,84,Female,Sweden,1:20:07,6:22,5:59:27,6:39,4:24:19,11:56:54
640,639,Julie Malbete,F30-34,130,Female,France,1:08:38,4:22,6:11:14,5:25,4:27:50,11:57:29
641,1593,Leila Künzel,F45-49,85,Female,Germany,1:16:28,5:08,5:45:24,4:45,4:45:57,11:57:42
642,1028,Emma Burgess,F40-44,108,Female,Ireland,1:34:56,7:38,5:55:31,7:25,4:12:19,11:57:50
643,1210,Simone Boehm,F50-54,45,Female,Germany,1:20:46,4:16,6:05:23,4:46,4:22:54,11:58:05
644,1552,Julie Stolarcikova,F45-49,86,Female,Czechia,1:18:18,4:51,5:54:30,6:05,4:34:24,11:58:08
645,1156,Sheila Croft,F50-54,46,Female,United States,1:23:52,10:47,6:07:58,10:21,4:05:12,11:58:10
646,1695,Silke Kohrs,F45-49,87,Female,Germany,1:31:22,6:01,5:47:09,7:11,4:26:38,11:58:21
647,940,Valentyna Synenka,F40-44,109,Female,Ukraine,1:21:10,6:50,6:12:14,7:06,4:11:05,11:58:26
648,915,Jana Lehmann,F40-44,110,Female,Germany,1:27:17,7:07,5:59:07,9:35,4:15:24,11:58:30
649,967,Melanie Witzke,F40-44,111,Female,Germany,1:12:06,8:37,6:12:54,9:27,4:15:26,11:58:30
650,993,Barbara Rieger,F40-44,112,Female,Germany,1:23:11,4:21,5:30:53,5:36,4:54:38,11:58:39
651,304,Pilvi Mannerkorpi,F35-39,117,Female,Finland,1:26:59,5:11,5:56:55,5:45,4:24:09,11:58:58
652,1376,Julie Lebeau,F25-29,65,Female,France,1:21:22,7:14,6:12:03,7:52,4:10:29,11:59:01
653,242,Tania Ferreira,F35-39,118,Female,Switzerland,1:35:44,4:47,5:51:51,7:12,4:19:52,11:59:27
654,177,Sarah Latonas,F35-39,119,Female,Canada,1:10:42,8:11,6:08:29,12:33,4:19:34,11:59:30
655,1397,Chloe Hand,F25-29,66,Female,United Kingdom,1:17:30,6:05,6:16:30,7:30,4:12:02,11:59:38
656,493,Richelle Van Helten,F55-59,17,Female,Netherlands,1:22:13,5:48,5:50:12,6:47,4:34:53,11:59:54
657,673,Jenny Schnyder,F30-34,131,Female,Netherlands,1:22:44,6:32,5:57:31,9:11,4:24:06,12:00:04
658,1421,Anna Botiukh,F25-29,67,Female,Ukraine,1:24:57,6:19,6:30:31,6:38,3:51:57,12:00:22
659,1345,Caroline Prats,F25-29,68,Female,United States,1:19:33,4:36,6:22:12,8:05,4:06:13,12:00:39
660,916,Maria Czekalska,F40-44,113,Female,Poland,1:26:51,8:03,6:11:30,8:12,4:06:16,12:00:52
661,1260,Julie Padgett,F50-54,47,Female,United States,1:20:32,6:18,6:03:14,6:46,4:24:06,12:00:55
662,1248,Christine Kaegi,F50-54,48,Female,Canada,1:33:17,7:49,6:06:38,8:27,4:04:48,12:00:58
663,1739,Andrea Memminger,F45-49,88,Female,Germany,1:14:46,6:00,6:11:48,8:18,4:20:09,12:01:01
664,281,Lianne Bowker,F35-39,120,Female,South Africa,1:15:15,5:57,6:20:24,6:43,4:12:57,12:01:16
665,1116,Michelle Cleveland,F50-54,49,Female,United States,1:03:04,6:21,5:57:21,7:57,4:46:47,12:01:31
666,1132,VERONICA MABEL QUEVEDO,F50-54,50,Female,Argentina,1:36:10,5:26,6:09:18,5:11,4:05:27,12:01:33
667,942,Courtney Parker,F40-44,114,Female,Canada,1:11:34,6:55,5:55:37,8:12,4:39:15,12:01:33
668,886,Eveliina Puustjärvi,F40-44,115,Female,Finland,1:29:26,6:23,5:56:39,6:42,4:22:31,12:01:40
669,192,Larissa Buijsse,F35-39,121,Female,Belgium,1:23:22,5:42,6:07:55,7:57,4:16:45,12:01:41
670,870,Stephanie Reinhold,F40-44,116,Female,United States,1:19:02,8:04,5:59:49,8:53,4:26:07,12:01:54
671,219,Julie Monot,F35-39,122,Female,France,1:18:12,7:03,5:50:37,6:59,4:39:09,12:02:00
672,198,Kazuha Sato,F35-39,123,Female,Japan,1:15:26,4:33,6:12:17,7:42,4:22:27,12:02:25
673,1740,ANGIE DEFILIPPI,F45-49,89,Female,United States,1:19:47,4:17,6:34:05,5:38,3:58:47,12:02:33
674,1483,Raquel Huybrechts,F18-24,32,Female,Belgium,1:12:05,6:22,6:16:50,9:05,4:18:16,12:02:39
675,1192,Linda Blakely,F50-54,51,Female,United Kingdom,1:18:45,4:56,6:13:45,4:11,4:21:10,12:02:47
676,1175,Selen Eryüce,F50-54,52,Female,Turkey,1:20:11,5:00,6:08:44,7:04,4:21:51,12:02:50
677,799,Charlotte Martin,F30-34,132,Female,France,1:28:58,7:41,6:15:21,8:26,4:02:30,12:02:56
678,1674,Erika Andrea Izidio Szpektor,F45-49,90,Female,Brazil,1:26:18,8:43,5:59:58,9:02,4:19:01,12:03:03
679,985,Wanda Brewka,F40-44,117,Female,Poland,1:29:38,6:19,6:06:34,6:15,4:14:20,12:03:07
680,1633,Leeanne Powell,F45-49,91,Female,United Kingdom,1:23:02,4:06,5:59:41,5:52,4:30:45,12:03:26
681,338,Elisabeth Hickox,F60-64,5,Female,United States,1:20:35,5:08,6:01:32,5:13,4:30:59,12:03:27
682,588,Britta Falkenstein,F55-59,18,Female,Germany,1:31:15,5:14,6:09:21,4:33,4:13:12,12:03:35
683,828,Katherine Thompson,F30-34,133,Female,United States,1:15:56,6:39,5:43:37,7:04,4:50:23,12:03:39
684,716,Sasha Johnson,F30-34,134,Female,Australia,1:05:08,5:37,6:26:11,6:34,4:20:21,12:03:51
685,1267,Hilke Wach,F50-54,53,Female,Germany,1:20:24,8:51,6:15:16,9:24,4:09:58,12:03:54
686,1563,Claire Hoyle,F45-49,92,Female,United Kingdom,1:27:08,5:24,5:53:31,7:00,4:30:53,12:03:57
687,873,CYNTHIA THOMPSON,F40-44,118,Female,Brazil,1:08:21,7:29,6:32:26,5:46,4:10:04,12:04:05
688,1535,PRISCILA ARTTUZO,F45-49,93,Female,Brazil,1:20:45,4:49,6:25:03,9:17,4:04:13,12:04:06
689,1720,Cécile Treier,F45-49,94,Female,Switzerland,1:15:32,4:20,6:26:24,5:48,4:12:27,12:04:32
690,1241,Veronica Mancheno,F50-54,54,Female,Ecuador,1:30:55,7:15,6:16:13,8:42,4:01:32,12:04:38
691,1647,Heather Glynn,F45-49,95,Female,United States,1:19:32,5:02,5:46:07,7:41,4:46:20,12:04:41
692,806,Constanza San Martín,F30-34,135,Female,Chile,1:22:49,5:39,5:35:54,6:23,4:53:58,12:04:42
693,1570,Amanda Rycraft,F45-49,96,Female,United States,1:23:08,4:12,6:07:39,8:49,4:20:57,12:04:45
694,1630,Celine Fontanive,F45-49,97,Female,Switzerland,1:23:21,5:00,5:55:25,6:01,4:35:02,12:04:50
695,823,Marine CARPENTIER,F30-34,136,Female,France,1:28:08,6:13,6:05:43,5:49,4:18:59,12:04:53
696,392,Leslie Knibb,F60-64,6,Female,United States,1:09:48,4:58,5:52:00,7:43,4:50:34,12:05:04
697,262,Tanya De Toledo,F35-39,124,Female,Canada,1:10:49,4:48,5:53:57,5:52,4:49:39,12:05:04
698,468,Betina Schmidt,F55-59,19,Female,Denmark,1:15:00,4:14,6:10:52,6:09,4:28:53,12:05:07
699,155,Taylor Robb-Mccord,F35-39,125,Female,United States,1:24:38,5:38,6:00:43,5:54,4:28:25,12:05:19
700,741,Samantha Gomez,F30-34,137,Female,United States,1:07:22,8:37,6:21:02,13:00,4:15:48,12:05:48
701,265,Mafer Pinder,F35-39,126,Female,Venezuela,1:10:25,4:50,5:49:17,6:00,4:55:19,12:05:50
702,748,Fiona Williams,F30-34,138,Female,United Kingdom,1:26:23,7:33,6:04:23,8:35,4:19:02,12:05:55
703,843,Ildiko Terzic,F40-44,119,Female,Austria,1:27:31,4:12,6:02:36,6:35,4:25:15,12:06:07
704,1313,Melissa Messervy-Gross,F50-54,55,Female,Jersey,1:13:13,6:36,6:10:03,8:12,4:28:07,12:06:10
705,927,Adelle Worsley,F40-44,120,Female,United Kingdom,1:21:28,6:44,6:04:00,8:27,4:25:32,12:06:11
706,482,Nancy Lynch,F55-59,20,Female,Canada,1:27:52,6:01,6:04:06,6:48,4:21:24,12:06:11
707,1656,Jill Bartholomew,F45-49,98,Female,United States,1:25:01,5:40,5:33:43,6:48,4:55:00,12:06:13
708,758,Yoonhae Ahn,F30-34,139,Female,Canada,1:22:14,8:36,6:21:30,13:14,4:00:47,12:06:22
709,471,Sherilyn Vincent,F55-59,21,Female,Canada,1:28:01,6:52,5:55:46,10:12,4:25:33,12:06:24
710,1318,Tine Hoffmann Nielsen,F25-29,69,Female,Denmark,1:37:12,7:32,6:23:32,7:08,3:51:08,12:06:33
711,516,Iron Mena,F55-59,22,Female,Portugal,1:30:08,5:29,6:00:06,7:37,4:23:14,12:06:34
712,1218,Laura Neville,F50-54,56,Female,United States,1:08:41,5:02,6:31:43,6:29,4:15:05,12:07:00
713,1515,Lisa Walker,F45-49,99,Female,United States,1:14:47,6:43,6:27:05,7:45,4:10:42,12:07:02
714,234,Rebecca Burge,F35-39,127,Female,United Kingdom,1:27:03,4:31,6:00:25,4:47,4:30:42,12:07:29
715,1200,Jane Oidekivi,F50-54,57,Female,Estonia,1:21:16,4:28,6:02:11,6:19,4:33:24,12:07:39
716,551,Michaela Lutz,F55-59,23,Female,Germany,1:27:50,5:09,6:00:15,10:17,4:24:18,12:07:49
717,1532,Sandra Wirth,F45-49,100,Female,Germany,1:05:56,3:33,5:47:46,6:18,5:04:24,12:07:57
718,1470,Sophie Radcliffe,F18-24,33,Female,New Zealand,1:12:51,4:37,6:04:08,8:52,4:37:52,12:08:20
719,761,Sarah Webel,F30-34,140,Female,Germany,1:23:05,5:31,6:11:53,4:59,4:23:06,12:08:33
720,744,Michaela Goerk,F30-34,141,Female,Germany,1:24:16,9:11,6:26:18,10:52,3:58:00,12:08:37
721,1329,Chinouk Tschan,F25-29,70,Female,Switzerland,59:29,4:12,5:23:57,4:23,5:36:52,12:08:54
722,1660,YAMILA CRISAFI,F45-49,101,Female,Argentina,1:16:54,4:40,6:07:18,5:58,4:34:07,12:08:57
723,1018,Yi Chun Lin,F40-44,121,Female,Taiwan,1:11:04,8:15,6:13:02,8:10,4:28:41,12:09:12
724,1078,Carolina Cobos,F40-44,122,Female,Colombia,1:19:36,5:14,6:41:31,4:21,3:58:37,12:09:18
725,223,Maresa Roney,F35-39,128,Female,United States,1:03:02,6:20,6:35:56,6:08,4:17:56,12:09:22
726,1082,Lynaire Parish,F40-44,123,Female,New Zealand,1:19:52,8:54,6:03:28,12:05,4:25:12,12:09:30
727,1011,Megan Wix,F40-44,124,Female,United States,1:11:57,6:37,6:07:55,8:55,4:34:28,12:09:52
728,834,BRUNA BRAGA BARBOSA,F30-34,142,Female,Brazil,1:31:09,6:33,6:12:17,5:37,4:14:19,12:09:54
729,1208,Elaine Stroud,F50-54,58,Female,United Kingdom,1:15:12,6:06,6:17:45,9:44,4:21:13,12:10:01
730,1158,Barbara Briziarelli,F50-54,59,Female,Italy,1:15:15,5:00,6:14:31,6:33,4:28:45,12:10:04
731,989,Wen Dai,F40-44,125,Female,China,1:27:29,9:19,6:19:54,10:24,4:03:13,12:10:19
732,148,Anita Klinkosz,F35-39,129,Female,Poland,1:34:31,8:17,5:56:31,10:02,4:21:00,12:10:20
733,1639,Hyelim Yoon,F45-49,102,Female,Korea,1:29:40,5:14,6:23:47,7:43,4:04:05,12:10:29
734,719,Oksana Loi,F30-34,143,Female,Ukraine,1:24:38,5:19,6:36:17,4:20,4:00:14,12:10:48
735,1544,Kristin Cary,F45-49,103,Female,United States,1:20:26,4:29,6:02:50,7:11,4:35:52,12:10:48
736,1227,Raquel Sampson,F50-54,60,Female,United States,1:20:01,5:18,6:18:42,7:08,4:20:09,12:11:18
737,1721,Enkhchimeg Ledell,F45-49,104,Female,Mongolia,1:22:20,6:42,6:23:09,6:09,4:13:03,12:11:23
738,1732,Jennifer Harapiak,F45-49,105,Female,Canada,1:27:22,5:04,6:03:59,6:27,4:28:52,12:11:44
739,1371,Claudia Neureiter,F25-29,71,Female,Austria,1:20:36,3:28,5:26:28,4:43,5:16:36,12:11:51
740,962,Paulina Lepka,F40-44,126,Female,Poland,1:24:11,6:32,5:57:24,6:58,4:36:54,12:12:00
741,955,Kate Weaver,F40-44,127,Female,United States,1:11:24,5:09,6:24:32,6:59,4:24:10,12:12:13
742,1274,Carrie Van Quathem,F50-54,61,Female,United States,1:21:45,5:42,6:05:15,7:36,4:32:01,12:12:19
743,1629,Karleen Scase,F45-49,106,Female,Canada,1:14:53,5:54,6:19:02,8:40,4:24:00,12:12:29
744,1467,Leah Jones,F18-24,34,Female,United States,1:09:42,4:17,5:53:56,4:56,5:00:02,12:12:54
745,123,Yen Chia,F35-39,130,Female,Malaysia,1:23:38,5:12,6:33:58,5:43,4:04:27,12:12:59
746,1299,Shelley Wickenheiser,F50-54,62,Female,Canada,1:24:30,6:48,6:07:29,12:33,4:21:41,12:13:01
747,302,Katarzyna Michalak,F35-39,131,Female,Poland,1:36:46,5:33,6:06:25,6:32,4:17:52,12:13:09
748,707,Stefanie Pauer,F30-34,144,Female,Austria,1:09:26,5:23,6:19:58,4:34,4:33:57,12:13:18
749,1503,Odette Jonelynas,F18-24,35,Female,Australia,1:23:24,8:33,6:18:23,5:48,4:17:22,12:13:30
750,1560,Olga Korneenkova,F45-49,107,Female,Georgia,1:28:39,3:53,6:14:13,3:52,4:23:07,12:13:43
751,1751,Helen Watts,F45-49,108,Female,France,1:21:23,8:07,5:41:09,11:22,4:51:47,12:13:47
752,1402,Rebecca Smith,F25-29,72,Female,United Kingdom,1:25:00,3:54,6:03:18,4:34,4:37:06,12:13:52
753,1123,Juliana Amaral,F50-54,63,Female,Brazil,1:20:16,9:36,6:43:40,9:06,3:51:41,12:14:20
754,1555,Claire Eckert,F45-49,109,Female,United States,1:22:31,4:39,6:12:38,7:22,4:27:10,12:14:20
755,319,Annie Wilson,F35-39,132,Female,United States,1:03:52,4:25,6:01:53,9:29,4:54:56,12:14:34
756,975,Lucy Lim,F40-44,128,Female,Canada,1:27:00,7:46,5:55:54,8:42,4:35:17,12:14:39
757,747,Tonia MAKARY,F30-34,145,Female,Lebanon,1:14:55,5:52,6:37:57,5:57,4:10:00,12:14:41
758,868,Annemiek Willemze,F40-44,129,Female,Netherlands,1:11:21,7:25,6:29:11,12:19,4:14:44,12:15:00
759,554,Tanya Houghton,F55-59,24,Female,United States,1:33:17,6:11,5:53:47,8:59,4:32:53,12:15:06
760,1595,Christine Strathmann,F45-49,110,Female,Germany,1:21:12,7:05,6:25:44,7:33,4:13:38,12:15:12
761,1017,Samantha Mohan,F40-44,130,Female,United States,1:21:35,7:07,5:40:16,6:19,5:00:14,12:15:32
762,328,Michelle Carranza,F35-39,133,Female,Australia,1:10:51,5:51,6:07:23,7:34,4:44:06,12:15:45
763,1446,Julie Couturier,F25-29,73,Female,France,1:25:06,6:37,6:10:51,6:59,4:26:37,12:16:10
764,1543,Lindsay Holmes,F45-49,111,Female,United States,1:39:30,6:12,6:03:43,9:36,4:17:29,12:16:30
765,1400,Lydia Pointon,F25-29,74,Female,Australia,1:07:56,5:11,6:27:00,7:53,4:28:30,12:16:31
766,1356,Jennifer Hellmuth,F25-29,75,Female,Germany,1:23:33,6:27,6:15:04,6:48,4:24:41,12:16:33
767,1698,Katrien Decanniere,F45-49,112,Female,Belgium,1:20:36,5:41,5:57:46,6:31,4:46:08,12:16:42
768,1702,Monica Brinkenberg,F45-49,113,Female,Aruba,1:20:06,7:04,6:04:38,10:57,4:34:08,12:16:52
769,1684,Barbara De Busschere,F45-49,114,Female,Belgium,59:34,5:27,6:05:17,6:41,5:00:03,12:17:02
770,203,Sarah Raines,F35-39,134,Female,United States,1:10:40,4:54,6:14:02,7:31,4:39:56,12:17:03
771,1170,Michelle Nunez,F50-54,64,Female,United States,1:41:05,9:13,6:05:07,11:09,4:10:34,12:17:09
772,794,Veronika Steger,F30-34,146,Female,Germany,1:20:30,6:54,5:53:25,9:34,4:46:55,12:17:18
773,1427,Shannon Ahern,F25-29,76,Female,United States,1:21:03,7:33,6:36:01,7:45,4:05:12,12:17:34
774,1033,Kerstin Bannwolf,F40-44,131,Female,Germany,1:21:37,5:24,6:04:51,6:39,4:39:23,12:17:53
775,1672,Isabell Schwenkert,F45-49,115,Female,Germany,1:37:24,5:39,5:52:32,9:13,4:33:25,12:18:12
776,1124,DENISE DA SILVA FIORIO LANZA,F50-54,65,Female,Brazil,1:21:20,4:44,5:55:08,6:58,4:50:06,12:18:16
777,559,Andrea Reinhold,F55-59,25,Female,Germany,1:32:00,4:56,6:29:57,5:12,4:06:11,12:18:16
778,335,Tybe Mills,F60-64,7,Female,United States,1:21:56,7:32,6:12:17,6:52,4:29:54,12:18:31
779,752,Josephin Becker,F30-34,147,Female,Germany,1:35:59,9:18,6:19:08,6:00,4:08:14,12:18:39
780,279,Alla Berg,F35-39,135,Female,Germany,1:25:30,5:05,6:15:45,5:26,4:27:15,12:19:02
781,914,Brooke McGrath,F40-44,132,Female,United States,1:17:30,7:10,6:20:42,8:31,4:25:38,12:19:31
782,208,Eloise Rawsthorne,F35-39,136,Female,Australia,1:08:38,5:17,6:07:03,4:29,4:54:11,12:19:37
783,1404,Victoria Luma,F25-29,77,Female,United States,1:09:23,7:34,6:29:43,7:01,4:25:56,12:19:37
784,259,JULIANE ZATELLI DE SOUZA,F35-39,137,Female,Brazil,2:12:10,6:12,6:22:16,8:29,3:30:53,12:20:00
785,129,Valentina Mangano,F35-39,138,Female,Italy,1:18:16,4:10,6:52:41,4:54,4:00:07,12:20:08
786,1100,Stéphanie Thal,F50-54,66,Female,France,1:42:00,5:16,6:07:55,4:41,4:20:27,12:20:19
787,701,Anna Bundschuh,F30-34,148,Female,Germany,1:36:05,9:30,6:07:58,10:01,4:17:28,12:21:02
788,1321,Hannah Proulx,F25-29,78,Female,Canada,1:24:23,7:35,6:13:22,7:31,4:28:14,12:21:06
789,1677,Vanessa Vicuña,F45-49,116,Female,Panama,1:09:42,4:47,6:25:22,6:11,4:35:12,12:21:14
790,1602,Jolanda Limacher,F45-49,117,Female,Eswatini,1:27:47,8:03,6:02:06,8:01,4:35:19,12:21:16
791,869,Stella Julia Hatzl,F40-44,133,Female,Austria,1:29:36,5:04,5:58:09,5:50,4:42:40,12:21:20
792,142,Megan Newman,F35-39,139,Female,South Africa,1:34:26,7:26,6:30:55,9:04,3:59:37,12:21:28
793,1385,Bronwen Anderson,F25-29,79,Female,Australia,1:17:20,6:53,6:17:52,8:13,4:31:13,12:21:32
794,651,Ashley Bullers,F30-34,149,Female,United States,1:36:47,7:05,6:12:35,9:00,4:16:05,12:21:33
795,290,Francis Davila,F35-39,140,Female,Costa Rica,1:54:40,6:23,6:01:41,6:01,4:13:02,12:21:47
796,1410,Anna Robertson,F25-29,80,Female,New Zealand,1:17:45,5:30,6:06:48,7:36,4:44:10,12:21:48
797,1355,Sara Bergesio,F25-29,81,Female,Italy,1:14:27,3:40,6:27:19,5:52,4:30:32,12:21:49
798,544,Laura Bartlett,F55-59,26,Female,United States,1:33:59,7:44,5:53:54,9:14,4:36:59,12:21:50
799,194,Anneleen Steurs,F35-39,141,Female,Belgium,1:34:28,6:13,6:26:11,8:49,4:06:14,12:21:56
800,1119,Joanna Ballantyne,F50-54,67,Female,United Kingdom,1:20:01,6:00,6:05:19,5:50,4:44:54,12:22:04
801,1104,Karen Grabowski,F50-54,68,Female,United States,1:12:19,5:42,6:06:35,8:08,4:49:27,12:22:11
802,1757,Alisa Dicaprio,F45-49,118,Female,United States,1:11:39,6:02,6:36:15,7:41,4:20:36,12:22:13
803,772,Yen Chan,F30-34,150,Female,Singapore,1:16:36,4:22,6:16:23,5:17,4:39:40,12:22:17
804,1531,Jessica Gonzalez Figueroa,F45-49,119,Female,Puerto Rico,1:22:35,5:47,6:03:12,7:18,4:43:30,12:22:22
805,998,Elizabeth Hollo,F40-44,134,Female,United States,1:07:33,5:17,6:30:35,3:50,4:35:12,12:22:26
806,388,Jackie Dezellar,F60-64,8,Female,United States,1:51:30,10:24,5:57:59,9:59,4:12:53,12:22:45
807,1234,Corinna Hallmann,F50-54,69,Female,Germany,1:08:53,5:21,6:09:17,10:51,4:48:30,12:22:52
808,1316,Saskia Hopfer,F25-29,82,Female,Germany,1:17:43,4:11,6:27:52,6:18,4:26:59,12:23:04
809,1547,Caroline Blaché,F45-49,120,Female,France,1:22:26,9:51,6:15:09,11:02,4:24:46,12:23:14
810,1247,Elisa Hospitaleche,F50-54,70,Female,Argentina,1:32:01,6:52,6:13:14,9:33,4:21:40,12:23:20
811,244,Nicol Ruperti,F35-39,142,Female,Ecuador,1:33:18,6:49,6:20:19,5:13,4:17:45,12:23:24
812,474,Christelle Moreau,F55-59,27,Female,France,1:28:29,5:03,6:22:03,6:28,4:21:23,12:23:25
813,1121,Tracy Campbell,F50-54,71,Female,United States,1:14:49,6:26,6:23:05,8:59,4:30:08,12:23:26
814,183,Anabel Tennassie-Goossens,F35-39,143,Female,South Africa,1:21:28,5:32,6:35:03,5:55,4:15:44,12:23:41
815,1742,Youngju Lee,F45-49,121,Female,Korea,1:22:47,7:03,6:08:24,7:58,4:37:52,12:24:04
816,1429,Ellie Marshall,F25-29,83,Female,United Kingdom,1:14:15,5:15,6:14:04,4:06,4:46:30,12:24:10
817,220,Katharina Blutsch,F35-39,144,Female,Austria,1:17:42,4:16,6:19:14,11:30,4:31:39,12:24:21
818,521,Kim Boyd,F55-59,28,Female,Australia,1:27:04,11:13,6:16:21,5:21,4:24:26,12:24:25
819,987,Gemma Shadbolt,F40-44,135,Female,United Kingdom,1:39:31,7:17,6:03:00,8:30,4:26:11,12:24:29
820,860,Michelle Reed,F40-44,136,Female,South Africa,1:25:12,6:17,6:47:13,7:14,3:58:36,12:24:32
821,1419,ARUANA ALMEIDA CORREA,F25-29,84,Female,Brazil,1:18:31,5:55,6:38:03,7:34,4:14:52,12:24:55
822,231,Claire Cleaver,F35-39,145,Female,United Kingdom,1:15:00,5:03,6:26:23,8:30,4:30:15,12:25:12
823,1615,Sabrina Spanguero,F45-49,122,Female,Argentina,1:14:44,5:27,6:17:16,7:09,4:40:45,12:25:20
824,251,Agne Laansalu,F35-39,146,Female,Estonia,1:29:00,8:05,6:22:38,9:34,4:16:05,12:25:22
825,757,Sarah Goossens,F30-34,151,Female,Belgium,1:11:41,5:19,5:37:23,5:41,5:25:20,12:25:24
826,1622,Steffi Brunckhorst,F45-49,123,Female,Germany,1:09:28,7:35,6:28:59,8:31,4:31:10,12:25:43
827,1137,Veronica Vara,F50-54,72,Female,Argentina,1:38:13,6:28,6:13:36,7:03,4:20:51,12:26:12
828,778,Lynn-Sophie Karbowiak,F30-34,152,Female,Germany,1:25:04,5:54,6:30:49,6:59,4:17:39,12:26:25
829,764,Leoni Klumpp-Reinemuth,F30-34,153,Female,Germany,1:25:52,5:43,6:11:54,5:29,4:37:40,12:26:39
830,297,Sandra Brüggershemke,F35-39,147,Female,Germany,1:23:47,7:08,6:10:26,7:57,4:37:35,12:26:54
831,1774,?? ??,F55-59,29,Female,Japan,1:22:23,9:45,6:34:51,10:37,4:09:22,12:26:59
832,1669,Maria Fernanda Poveda Franco,F45-49,124,Female,Ecuador,1:23:39,6:34,6:02:59,8:03,4:45:43,12:26:59
833,675,Sabrina Weber,F30-34,154,Female,Germany,1:18:15,11:53,5:53:14,8:06,4:55:43,12:27:11
834,950,Becky Casanega,F40-44,137,Female,United States,1:22:10,4:29,6:28:43,7:06,4:24:46,12:27:15
835,122,Ryme Zaim,F35-39,148,Female,Morocco,1:18:09,5:00,6:33:43,8:21,4:22:21,12:27:34
836,1349,Emily Burton,F25-29,85,Female,United Kingdom,1:13:32,5:24,6:44:27,6:07,4:18:16,12:27:47
837,974,Marlene Key Patterson,F40-44,138,Female,United States,1:19:04,6:13,6:23:46,6:33,4:32:17,12:27:52
838,897,Federica Ferrari,F40-44,139,Female,Italy,1:18:39,4:05,6:35:44,6:13,4:23:23,12:28:05
839,1374,Claire State,F25-29,86,Female,United States,1:06:44,5:07,6:17:30,6:43,4:52:17,12:28:22
840,740,Daria Topic,F30-34,155,Female,United Kingdom,1:20:46,6:45,6:36:44,6:04,4:18:27,12:28:45
841,1481,Donna Tong,F18-24,36,Female,United States,1:13:54,6:56,6:37:10,8:24,4:22:22,12:28:46
842,720,Julia Schaffarzyk,F30-34,156,Female,Germany,1:12:20,7:24,6:07:39,7:50,4:53:33,12:28:46
843,361,Adelia Smith,F60-64,9,Female,United States,1:27:22,10:07,6:29:15,10:33,4:12:09,12:29:25
844,971,Andrea Gardner,F40-44,140,Female,United States,1:16:50,9:04,5:59:01,10:44,4:53:52,12:29:30
845,652,Allison Johnston,F30-34,157,Female,United States,1:23:40,6:15,6:10:26,5:42,4:43:31,12:29:35
846,133,Ana De Wit,F35-39,149,Female,Slovenia,1:30:09,5:19,6:17:21,4:24,4:32:22,12:29:36
847,349,Wendi Carrington,F60-64,10,Female,United Kingdom,1:32:41,6:54,6:27:22,9:42,4:13:08,12:29:47
848,344,Tracy Foyster,F60-64,11,Female,Australia,1:21:37,7:49,6:04:33,9:20,4:46:35,12:29:53
849,1080,Hanna Khrystianovych,F40-44,141,Female,Ukraine,1:24:38,6:44,6:10:48,8:48,4:38:57,12:29:54
850,780,Lorena Castro Guinea,F30-34,158,Female,Mexico,1:27:40,5:05,6:19:36,7:43,4:29:53,12:29:57
851,550,Caroline Mailloux,F55-59,30,Female,Canada,1:39:43,6:32,6:22:57,7:12,4:13:43,12:30:07
852,567,Vicki Updike,F55-59,31,Female,United States,1:20:02,5:40,5:56:59,9:15,4:58:15,12:30:12
853,1194,Ely Dao-Léna,F50-54,73,Female,France,1:18:17,4:55,6:11:26,5:01,4:50:36,12:30:15
854,1497,Arianna Werts,F18-24,37,Female,United States,1:11:52,4:47,6:02:41,4:53,5:06:08,12:30:20
855,432,Sharon McDowell-Larsen,F65-69,1,Female,Canada,1:14:40,5:20,6:25:41,6:03,4:38:52,12:30:37
856,857,Jackie Day,F40-44,142,Female,United States,1:39:26,8:24,6:01:37,9:36,4:31:40,12:30:43
857,717,Maartje Van Gestel,F30-34,159,Female,Netherlands,1:16:00,3:46,6:05:49,8:35,4:56:33,12:30:43
858,1217,Sandra Mara Kawasaki,F50-54,74,Female,Brazil,1:24:52,6:40,6:12:21,8:23,4:38:30,12:30:46
859,1193,Manuela Scharf,F50-54,75,Female,Germany,1:30:09,5:46,6:33:17,5:46,4:15:52,12:30:50
860,908,Julie Caron,F40-44,143,Female,Canada,1:18:52,7:28,6:16:44,12:01,4:35:52,12:30:57
861,957,Annalisa Fae,F40-44,144,Female,Italy,1:25:06,6:32,6:12:13,9:54,4:37:27,12:31:12
862,1096,Verena Fleckenstein,F50-54,76,Female,Germany,1:35:03,7:44,6:05:58,9:20,4:33:24,12:31:29
863,710,Johanna Kihlström,F30-34,160,Female,Sweden,1:24:33,6:57,6:19:02,9:39,4:31:19,12:31:30
864,1278,Lisa Miller,F50-54,77,Female,United States,1:38:52,7:15,6:12:54,10:33,4:22:02,12:31:35
865,632,Kaat Ureel,F30-34,161,Female,Belgium,1:25:32,12:14,6:26:25,11:30,4:16:10,12:31:51
866,1779,Rebecca Pizzi,F45-49,125,Female,United States,1:46:38,7:13,6:41:49,8:26,3:47:48,12:31:53
867,1478,Ella-Marie Neu,F18-24,38,Female,Germany,1:13:52,5:27,6:47:48,6:36,4:18:21,12:32:03
868,743,Alena Triebold,F30-34,162,Female,Germany,1:23:01,8:52,6:29:21,6:49,4:24:05,12:32:08
869,326,Nadine Hajj,F35-39,150,Female,Lebanon,1:23:23,7:19,6:09:33,11:33,4:40:22,12:32:10
870,1486,Abigail Brierley,F18-24,39,Female,United Kingdom,1:27:40,5:21,6:31:20,7:17,4:20:38,12:32:16
871,1641,Nina Hansson,F45-49,126,Female,Sweden,1:27:03,5:46,6:08:31,7:30,4:43:30,12:32:20
872,537,Armelle Bilard-Campion,F55-59,32,Female,Switzerland,1:16:24,7:29,6:32:53,7:47,4:28:28,12:33:00
873,1164,Lynne Marsala,F50-54,78,Female,United States,1:21:35,7:12,6:19:26,7:27,4:37:54,12:33:35
874,932,Lara Cann,F40-44,145,Female,Australia,1:15:30,7:08,6:40:01,6:49,4:24:18,12:33:45
875,937,Åsa Miemois,F40-44,146,Female,Sweden,1:32:59,4:34,6:30:19,4:59,4:20:56,12:33:47
876,1191,Chieko Aoki,F50-54,79,Female,Japan,1:30:58,9:03,6:09:34,8:24,4:35:49,12:33:47
877,1034,Sakiko Suzuki,F40-44,147,Female,Japan,1:13:12,8:15,6:57:33,7:43,4:07:06,12:33:49
878,441,Judy Mcnary,F65-69,2,Female,United States,1:14:53,7:14,6:14:09,9:46,4:47:49,12:33:50
879,899,Tanyi Chao,F40-44,148,Female,Taiwan,1:32:33,8:56,6:01:54,10:23,4:40:15,12:34:00
880,313,Ingrid Baeke,F35-39,151,Female,Belgium,1:08:34,5:36,6:36:25,5:58,4:37:50,12:34:22
881,659,Alexandra Gunn,F30-34,163,Female,Canada,1:12:17,11:04,6:23:58,12:06,4:34:59,12:34:24
882,1243,Laree Holcomb,F50-54,80,Female,United States,1:28:18,7:03,6:13:56,8:12,4:36:57,12:34:25
883,1744,Claudia Klumpp,F45-49,127,Female,Germany,1:27:35,7:07,6:21:55,5:40,4:32:27,12:34:44
884,1444,Theresa Mattheis,F25-29,87,Female,Germany,1:20:07,8:45,6:38:38,6:47,4:20:51,12:35:08
885,1412,Megan Yarberry,F25-29,88,Female,United States,1:45:31,4:38,6:21:24,6:50,4:17:01,12:35:24
886,1065,Kati Buttkus,F40-44,149,Female,Germany,1:32:27,8:25,6:20:54,11:00,4:22:41,12:35:27
887,1750,Junko Nakamura,F45-49,128,Female,Japan,1:08:56,5:11,6:25:46,8:45,4:46:55,12:35:32
888,1335,Sara Allen,F25-29,89,Female,United States,1:23:58,6:39,6:20:10,9:48,4:34:59,12:35:33
889,366,Valentina Vianello,F60-64,12,Female,Italy,1:26:39,7:08,6:40:04,12:17,4:09:40,12:35:48
890,291,Kasia Kuperus,F35-39,152,Female,Canada,1:08:41,6:55,6:12:25,7:44,5:00:09,12:35:54
891,727,Chloe Norton-Lamb,F30-34,164,Female,United Kingdom,1:18:31,5:21,6:06:47,7:17,4:58:06,12:36:01
892,1079,Kadie Steinbring,F40-44,150,Female,United States,1:21:56,8:18,6:34:22,9:51,4:21:35,12:36:02
893,1354,Natasha Rizzo,F25-29,90,Female,France,1:40:02,10:31,6:00:41,7:40,4:37:16,12:36:10
894,325,Veronika Schuhbeck,F35-39,153,Female,Germany,1:21:36,4:56,6:10:08,8:32,4:51:06,12:36:18
895,1584,Julie Martin,F45-49,129,Female,United States,1:20:31,7:33,6:06:00,9:08,4:53:11,12:36:23
896,1403,Isabel Bustamante,F25-29,91,Female,United States,1:14:19,4:34,6:28:35,8:13,4:40:51,12:36:32
897,947,Jacquelyn Macgregor,F40-44,151,Female,Canada,1:13:13,6:36,6:15:22,7:42,4:53:44,12:36:38
898,542,Donna Mccullar,F55-59,33,Female,United States,1:39:57,7:49,6:18:11,10:01,4:20:41,12:36:38
899,1727,Lucy Hurn,F45-49,130,Female,United Kingdom,1:27:56,10:53,6:11:06,10:38,4:36:10,12:36:42
900,1401,Sabina Frese,F25-29,92,Female,Switzerland,1:09:55,6:06,6:10:40,8:20,5:01:43,12:36:44
901,1440,Valentine Esclangon,F25-29,93,Female,France,1:40:32,6:09,6:19:36,5:37,4:24:53,12:36:47
902,490,Monika Cassidy,F55-59,34,Female,United States,1:40:13,8:40,6:02:21,8:14,4:37:22,12:36:51
903,1155,Renata Čermáková,F50-54,81,Female,Czechia,1:30:34,6:40,6:17:26,8:43,4:33:31,12:36:54
904,353,Anita Vincenz,F60-64,13,Female,Switzerland,1:12:12,5:40,6:16:16,7:27,4:55:30,12:37:05
905,1360,Hannah Lang,F25-29,94,Female,United States,1:05:23,7:22,6:32:09,8:33,4:43:51,12:37:19
906,408,Diane Hier,F60-64,14,Female,United Kingdom,1:15:01,4:35,6:53:26,5:02,4:19:17,12:37:21
907,1388,Monika Bakun,F25-29,95,Female,Poland,1:22:47,6:55,6:39:45,11:12,4:17:20,12:38:00
908,1681,Monique Radman,F45-49,131,Female,United States,1:26:59,5:45,6:23:23,7:12,4:34:42,12:38:00
909,294,Carrie Carone,F35-39,154,Female,Canada,1:36:39,6:09,6:27:57,5:15,4:22:57,12:38:57
910,1279,Sue Beattie,F50-54,82,Female,Australia,1:24:46,10:16,6:35:37,7:38,4:20:52,12:39:09
911,541,Selina Campbell,F55-59,35,Female,Canada,1:22:40,8:10,6:36:28,10:12,4:21:40,12:39:10
912,1519,Leah Monyhan,F45-49,132,Female,United States,1:08:31,5:42,6:30:06,10:09,4:44:57,12:39:25
913,232,Joy Buechler,F35-39,155,Female,United States,1:03:27,5:10,6:08:06,7:51,5:15:12,12:39:45
914,1778,Mayuko Tanikawa,F60-64,15,Female,Japan,1:29:36,7:45,6:32:13,11:38,4:18:33,12:39:46
915,1344,Pernille Wiel Dalan,F25-29,96,Female,Norway,1:30:50,4:41,6:01:19,4:57,4:58:17,12:40:04
916,1307,Bettina Bartl,F50-54,83,Female,Austria,1:32:30,6:29,6:19:51,7:55,4:33:24,12:40:09
917,1499,Carleigh Quiring,F18-24,40,Female,Canada,1:15:49,4:53,5:45:31,7:48,5:26:13,12:40:15
918,656,Candace Kesselring,F30-34,165,Female,United States,1:22:13,9:07,7:10:15,10:35,3:48:16,12:40:26
919,1581,Gin Fleming,F45-49,133,Female,United States,1:20:40,7:29,6:11:18,12:40,4:48:30,12:40:38
920,1678,Sybille Hoot,F45-49,134,Female,Germany,1:29:39,7:34,5:47:00,8:56,5:07:34,12:40:44
921,1348,Eloïse Combe,F25-29,97,Female,France,1:11:59,4:53,6:10:32,4:28,5:08:57,12:40:50
922,531,Emese Möhring,F55-59,36,Female,Hungary,1:15:04,5:45,6:02:56,8:39,5:08:28,12:40:52
923,1359,Mako Ichizono,F25-29,98,Female,Japan,1:17:34,4:43,6:50:08,5:23,4:23:13,12:41:01
924,1746,Peggy Derouin,F45-49,135,Female,France,1:33:44,7:56,6:17:49,7:18,4:34:15,12:41:03
925,1420,Haileigh Hopkin,F25-29,99,Female,Canada,1:39:44,5:45,6:43:25,6:53,4:05:23,12:41:10
926,592,ANNALISA BOMBELLI,F55-59,37,Female,Italy,1:59:01,7:13,6:05:46,9:50,4:19:43,12:41:32
927,1662,Ursel Velve,F45-49,136,Female,Estonia,1:17:48,5:49,6:13:07,9:39,4:55:17,12:41:40
928,948,Emma Oakes,F40-44,152,Female,United Kingdom,1:18:56,5:57,6:15:58,9:00,4:52:02,12:41:53
929,1008,Carly Tu,F40-44,153,Female,United States,1:16:04,8:56,5:54:47,13:23,5:08:56,12:42:06
930,910,Karen Waterboer,F40-44,154,Female,Argentina,1:24:02,5:43,6:36:49,6:10,4:29:26,12:42:09
931,1473,Kriston Seward,F18-24,41,Female,United States,1:04:45,4:47,6:40:55,4:36,4:47:06,12:42:10
932,1320,Julia Hammans,F25-29,100,Female,Australia,1:13:10,8:47,6:12:20,9:40,4:58:22,12:42:20
933,687,Frederike Schneider,F30-34,166,Female,Germany,1:19:08,9:04,6:33:25,9:27,4:31:26,12:42:30
934,861,Evgenia Katsoni,F40-44,155,Female,United Kingdom,1:24:56,6:11,6:46:38,11:04,4:14:02,12:42:50
935,645,Iana Lara Yan,F30-34,167,Female,Brazil,1:24:38,6:14,6:33:11,6:18,4:33:03,12:43:24
936,1263,Michelle Carter,F50-54,84,Female,Jersey,1:05:56,5:08,6:51:45,5:41,4:35:18,12:43:48
937,139,Xing Lu,F35-39,156,Female,China,1:44:25,8:24,6:40:14,7:34,4:03:20,12:43:56
938,1572,Sayumi Takeda,F45-49,137,Female,Japan,1:27:29,6:11,6:15:00,8:12,4:47:07,12:43:59
939,728,Franziska Gimbel,F30-34,168,Female,Germany,1:39:58,3:47,6:30:32,4:29,4:25:18,12:44:04
940,1763,Brigitte Stigler,F45-49,138,Female,Germany,1:28:14,6:50,6:19:11,6:52,4:43:01,12:44:08
941,786,Lindsey Noseworthy,F30-34,169,Female,United States,1:22:47,7:06,6:28:30,10:17,4:35:32,12:44:11
942,887,Alessandra Bähr,F40-44,156,Female,Germany,1:46:22,8:08,6:29:17,7:17,4:13:17,12:44:22
943,1295,Britta Giesen,F50-54,85,Female,Germany,1:51:27,7:27,6:25:07,7:11,4:13:09,12:44:22
944,1708,Wiwik Pujiati,F45-49,139,Female,Indonesia,1:28:43,6:18,6:57:55,8:36,4:03:03,12:44:35
945,894,Jacqueline Wild,F40-44,157,Female,United Kingdom,1:19:24,6:23,5:47:18,7:30,5:24:16,12:44:52
946,851,Megan Piwowar,F40-44,158,Female,United States,1:19:13,4:57,6:28:01,3:56,4:48:58,12:45:05
947,879,Véronique Reginster,F40-44,159,Female,Canada,1:19:40,5:47,6:22:27,8:23,4:49:03,12:45:19
948,1025,Casey Seland,F40-44,160,Female,United States,1:00:36,7:13,6:29:52,9:57,4:57:45,12:45:24
949,514,Jeanette Grigoris,F55-59,38,Female,Australia,1:31:14,6:04,6:29:31,7:43,4:31:05,12:45:37
950,533,Sandra Byrne,F55-59,39,Female,United States,1:12:58,5:15,6:35:13,8:08,4:44:10,12:45:44
951,504,Shayna Weitzman,F55-59,40,Female,United States,1:23:05,6:23,6:02:49,8:09,5:05:24,12:45:50
952,1058,Corinna Heinrich,F40-44,161,Female,Germany,1:27:42,7:33,6:27:22,5:59,4:37:15,12:45:52
953,594,Pam Glattes,F55-59,41,Female,United States,1:35:51,9:05,6:20:54,6:30,4:33:35,12:45:55
954,276,Hannah Morgan,F35-39,157,Female,United Kingdom,1:22:33,6:14,6:02:59,6:00,5:08:26,12:46:12
955,695,Cassidy Breneiser,F30-34,170,Female,United States,1:17:49,4:49,6:34:27,10:38,4:38:30,12:46:12
956,1474,Maja Kryger,F18-24,42,Female,Denmark,1:18:14,3:09,6:10:08,4:29,5:10:16,12:46:16
957,1098,Vivien Wohler,F50-54,86,Female,Germany,1:38:01,5:27,6:01:13,7:34,4:54:14,12:46:30
958,1464,Marceline Forsberg,F18-24,43,Female,Sweden,1:22:53,6:01,6:28:27,7:04,4:42:07,12:46:32
959,1168,Mel Joyce,F50-54,87,Female,New Zealand,1:15:16,5:42,6:25:37,6:38,4:53:25,12:46:37
960,990,Sarah Campen,F40-44,162,Female,United States,1:20:35,7:24,6:16:37,8:11,4:54:01,12:46:48
961,351,Brenda Avery,F60-64,16,Female,United States,1:04:29,5:08,6:10:22,9:44,5:17:31,12:47:14
962,1621,Lucy Eykamp,F45-49,140,Female,Canada,1:27:53,5:22,6:19:33,5:53,4:48:39,12:47:20
963,1413,Hayley Fry,F25-29,101,Female,Australia,1:22:55,7:00,6:15:01,7:43,4:54:50,12:47:29
964,1658,Yoshiko Kamada,F45-49,141,Female,Japan,1:30:14,10:09,6:36:13,9:05,4:22:04,12:47:44
965,1302,Pernilla Johnson,F50-54,88,Female,Sweden,1:35:23,8:26,6:20:51,7:09,4:36:09,12:47:58
966,1134,Corina Lucke,F50-54,89,Female,Germany,1:20:41,6:04,6:36:02,7:13,4:38:04,12:48:04
967,535,Martina Schwind,F55-59,42,Female,Germany,1:25:48,4:45,6:41:31,4:53,4:31:15,12:48:12
968,668,Francesca Scalco,F30-34,171,Female,Italy,1:21:40,8:26,6:41:12,8:24,4:28:37,12:48:19
969,1039,Miyuki Matsumura,F40-44,163,Female,Japan,1:58:18,6:53,6:26:41,10:28,4:06:17,12:48:38
970,1032,Kylie Scholz,F40-44,164,Female,Australia,1:12:24,5:59,6:29:27,5:29,4:55:25,12:48:43
971,1438,Kayla Morton,F25-29,102,Female,Australia,1:19:22,5:19,6:37:53,5:34,4:40:35,12:48:43
972,1144,Carmen Feldmann,F50-54,90,Female,Germany,1:40:22,6:15,6:23:23,8:03,4:31:08,12:49:11
973,808,Avery Ross,F30-34,172,Female,Canada,1:30:42,10:50,6:27:08,12:25,4:28:06,12:49:12
974,1769,Stefania Filippi,F60-64,17,Female,Italy,1:56:13,8:51,6:30:46,8:59,4:04:26,12:49:15
975,577,Sandra Coudurier,F55-59,43,Female,Germany,1:31:17,7:06,6:44:07,7:17,4:19:30,12:49:18
976,791,Jennifer Tryon,F30-34,173,Female,United States,1:24:19,7:09,6:31:06,6:15,4:40:32,12:49:21
977,285,Erika Paz Lemus,F35-39,158,Female,Guatemala,1:16:45,5:06,6:49:39,12:32,4:25:25,12:49:26
978,1088,Waki Tanaka,F40-44,165,Female,Japan,1:19:34,6:42,6:32:08,5:28,4:45:50,12:49:41
979,1093,Heather Yun,F50-54,91,Female,United States,1:30:12,8:50,6:50:17,10:09,4:10:20,12:49:48
980,1511,Marion Berney,F18-24,44,Female,Switzerland,1:24:07,7:47,5:50:17,8:45,5:19:22,12:50:18
981,571,MARIA AP DOS REIS BORGES DE SOUZA,F55-59,44,Female,Brazil,1:18:12,6:10,6:14:36,9:26,5:01:55,12:50:18
982,1047,Kristin Meurer,F40-44,166,Female,United States,1:21:33,6:58,6:27:18,6:58,4:47:34,12:50:22
983,605,Claudia Karl,F55-59,45,Female,Germany,1:26:59,8:03,6:33:46,8:07,4:33:27,12:50:23
984,1590,Valerie Piercey,F45-49,142,Female,Canada,1:27:34,6:03,6:31:17,7:19,4:38:13,12:50:26
985,1092,Daniela Ferrari,F50-54,92,Female,Italy,1:24:51,9:46,6:27:41,12:26,4:36:14,12:50:58
986,1084,Jacqueline Beaulieu,F40-44,167,Female,United States,1:26:39,9:09,6:42:45,8:26,4:24:02,12:51:01
987,1266,Graciema Bertoletti,F50-54,93,Female,Brazil,1:15:31,6:34,6:45:00,8:03,4:35:58,12:51:06
988,411,?? (Mitsuko) ??? (Mizuno),F60-64,18,Female,Japan,1:15:04,6:35,6:29:28,6:25,4:53:45,12:51:16
989,609,Lisa Kuecker,F55-59,46,Female,United States,1:17:32,7:07,6:36:08,7:14,4:43:22,12:51:24
990,922,Maya Hayashi,F40-44,168,Female,Japan,1:23:43,11:39,5:50:04,9:38,5:16:22,12:51:25
991,1301,Marie- Beatrice Galan,F50-54,94,Female,Guadeloupe,1:21:41,6:59,6:04:59,8:10,5:09:51,12:51:38
992,1448,Leah Hoole,F18-24,45,Female,United Kingdom,1:25:45,6:03,6:48:15,5:51,4:25:50,12:51:43
993,1257,Mia Gentle,F50-54,95,Female,United States,1:28:50,8:54,6:13:43,8:20,4:52:14,12:52:02
994,1704,Lara Sloan,F45-49,143,Female,United States,1:30:38,6:56,6:06:26,10:27,4:57:35,12:52:03
995,1186,Louise Talman,F50-54,96,Female,United Kingdom,1:18:41,4:19,6:19:12,5:43,5:04:09,12:52:05
996,816,Cathrin Mundt,F30-34,174,Female,Germany,1:22:11,5:04,6:12:40,10:54,5:01:32,12:52:21
997,1571,Diana Fuentes,F45-49,144,Female,Mexico,1:35:28,8:41,6:34:04,12:34,4:21:42,12:52:30
998,548,Ej Findlay,F55-59,47,Female,United Kingdom,1:11:27,5:43,6:26:42,7:29,5:01:15,12:52:36
999,1632,Wu Shu,F45-49,145,Female,China,2:17:04,7:23,6:21:18,9:50,3:57:07,12:52:42
1000,1239,Inga Krause,F50-54,97,Female,Germany,1:44:16,7:41,6:18:02,8:33,4:34:18,12:52:52
1001,1489,Huiying Yang,F18-24,46,Female,China,1:34:43,6:24,6:16:30,8:03,4:47:16,12:52:56
1002,238,Yuanyuan Liu,F35-39,159,Female,China,1:42:56,6:34,6:34:36,6:29,4:22:21,12:52:56
1003,310,Hannah Bizoumis,F35-39,160,Female,United Kingdom,1:21:46,8:02,6:19:22,10:48,4:53:47,12:53:45
1004,320,Jamie Ronning,F35-39,161,Female,United States,1:08:54,5:24,6:27:01,6:35,5:06:01,12:53:54
1005,641,Beth Eardley,F30-34,175,Female,United Kingdom,1:23:21,4:55,6:05:20,6:49,5:13:37,12:54:02
1006,1675,Donna Oliver,F45-49,146,Female,Australia,1:38:39,6:53,6:03:05,8:07,4:57:25,12:54:08
1007,427,Cindy Register,F65-69,3,Female,United States,1:32:32,5:32,6:14:31,5:31,4:56:06,12:54:11
1008,1607,Anna Igonina,F45-49,147,Female,Belgium,1:45:57,7:10,6:50:33,10:45,3:59:56,12:54:20
1009,1624,Karla Schipper,F45-49,148,Female,Netherlands,1:19:34,4:20,6:03:45,7:40,5:19:13,12:54:32
1010,503,Katharina Horsch-Littig,F55-59,48,Female,Germany,1:37:28,6:44,6:29:51,6:25,4:34:08,12:54:35
1011,1500,Josephine Lerch,F18-24,47,Female,Germany,1:44:59,6:31,6:22:38,6:49,4:33:44,12:54:41
1012,399,Kitty Badger,F60-64,19,Female,United States,1:21:45,7:22,6:41:38,9:33,4:34:25,12:54:43
1013,1330,Michelle Gallegos,F25-29,103,Female,Mexico,1:28:57,8:29,6:33:16,9:48,4:34:23,12:54:52
1014,1692,Gabriela Egli,F45-49,149,Female,Switzerland,1:28:03,5:31,6:32:57,5:33,4:42:52,12:54:57
1015,168,Karen Marita Peter,F35-39,162,Female,Germany,1:30:45,6:40,6:46:00,10:00,4:21:41,12:55:06
1016,1099,Mhairi Wear,F50-54,98,Female,United Kingdom,1:38:22,6:40,6:18:42,8:15,4:43:10,12:55:09
1017,515,Dorte Hobson,F55-59,49,Female,Denmark,1:14:08,4:03,6:46:42,7:27,4:42:54,12:55:14
1018,113,Céline Bousrez,FGUIDE,,Female,France,1:33:10,4:54,6:20:53,8:05,4:48:37,12:55:38
1019,1592,Susanne Bettin,F45-49,150,Female,Germany,1:22:55,7:27,6:25:39,9:28,4:50:11,12:55:40
1020,111,Mériam Amara,FPC/ID,,Female,France,1:33:10,4:54,6:20:53,8:04,4:48:40,12:55:40
1021,1392,Anne Hudkins,F25-29,104,Female,United States,1:20:18,11:17,6:42:48,8:46,4:32:32,12:55:42
1022,643,Ashley Cheff,F30-34,176,Female,United States,1:09:09,4:28,6:13:56,5:56,5:22:33,12:56:01
1023,1076,Catharina Garbers,F40-44,169,Female,Germany,1:34:49,5:55,6:25:42,8:07,4:41:49,12:56:20
1024,505,Sandy Shefchik,F55-59,50,Female,United States,1:46:12,8:22,6:29:44,9:59,4:22:15,12:56:32
1025,1292,Sarah Hart,F50-54,99,Female,United States,1:11:27,8:17,6:28:54,11:07,4:57:04,12:56:50
1026,1288,Aisling Coppinger,F50-54,100,Female,Ireland,1:49:58,5:44,6:19:14,7:03,4:35:27,12:57:27
1027,1125,Matilde Nieto,F50-54,101,Female,Argentina,1:17:20,6:05,6:21:30,6:03,5:06:36,12:57:34
1028,1507,Larissa Salazar,F18-24,48,Female,Costa Rica,1:13:49,8:20,6:46:06,8:52,4:40:26,12:57:35
1029,1529,Caroline Kennedy,F45-49,151,Female,New Zealand,1:20:42,7:57,6:34:04,11:49,4:43:08,12:57:41
1030,1181,Ria Bohrer,F50-54,102,Female,Germany,1:25:30,6:16,6:29:28,12:00,4:44:29,12:57:42
1031,212,Agnes Urbanik,F35-39,163,Female,Estonia,1:29:31,6:22,6:18:13,9:10,4:54:27,12:57:43
1032,553,Britta Dressler,F55-59,51,Female,Germany,1:29:41,8:59,6:00:11,9:02,5:09:52,12:57:46
1033,1303,Jeanette Mucha,F50-54,103,Female,United States,1:15:22,5:13,6:03:17,7:06,5:26:57,12:57:55
1034,593,Galit Heller,F55-59,52,Female,Israel,1:22:26,9:06,6:22:15,11:12,4:53:02,12:58:02
1035,1476,Kaitlin Groves,F18-24,49,Female,United States,1:07:28,7:37,6:35:15,8:50,4:58:56,12:58:07
1036,1415,Lizzie Rawson,F25-29,105,Female,United Kingdom,1:32:22,6:59,6:52:13,11:18,4:15:19,12:58:10
1037,1762,Xuanhuong Tonnu,F45-49,152,Female,United States,1:56:08,7:59,6:27:04,9:11,4:17:54,12:58:15
1038,1311,Eija Pasanen,F50-54,104,Female,Finland,1:29:36,7:16,6:35:02,9:22,4:37:01,12:58:18
1039,569,Charmaine Schmidt,F55-59,53,Female,Australia,1:27:18,9:15,6:44:59,13:50,4:23:06,12:58:28
1040,872,Mimi Ruslan,F40-44,170,Female,Malaysia,1:43:46,5:22,6:59:40,7:11,4:02:34,12:58:34
1041,589,Kirsten Miller,F55-59,54,Female,United States,1:46:04,5:57,6:16:44,7:43,4:42:20,12:58:49
1042,211,Amanda Kull,F35-39,164,Female,United States,1:16:39,5:09,6:02:13,18:25,5:16:25,12:58:50
1043,981,Katie Davies,F40-44,171,Female,United Kingdom,1:57:51,7:19,6:05:20,11:40,4:36:44,12:58:54
1044,1004,Kerryn Adams,F40-44,172,Female,Australia,1:38:28,6:21,6:27:00,8:06,4:39:11,12:59:06
1045,1035,Jantine Marmarinos,F40-44,173,Female,Netherlands,1:18:43,4:34,5:46:53,5:50,5:43:08,12:59:08
1046,159,Nicole Feuerstein,F35-39,165,Female,United States,58:03,6:03,6:25:22,8:30,5:21:16,12:59:14
1047,1169,Diane Butler,F50-54,105,Female,Canada,1:36:26,11:30,6:52:33,12:19,4:06:37,12:59:25
1048,543,Joëlle Theobald-Schmit,F55-59,55,Female,Luxembourg,1:38:37,7:28,6:31:04,6:12,4:36:11,12:59:31
1049,1352,Chloe Davies,F25-29,106,Female,United Kingdom,1:05:20,6:11,6:41:39,7:05,4:59:52,13:00:07
1050,792,Carys Davies,F30-34,177,Female,United Kingdom,1:22:33,6:43,6:22:04,9:03,5:00:14,13:00:36
1051,839,Daniela Kaskivirta,F40-44,174,Female,Finland,1:32:55,6:42,6:28:19,7:17,4:45:49,13:01:02
1052,997,Lisa Cabiles,F40-44,175,Female,United States,1:20:05,7:42,6:22:53,10:24,5:00:03,13:01:07
1053,1522,Sybille Gläß,F45-49,153,Female,Germany,1:17:19,8:12,6:12:54,9:43,5:13:06,13:01:13
1054,996,Cindy Wilkins,F40-44,176,Female,Australia,1:34:00,5:54,6:11:42,8:48,5:00:53,13:01:17
1055,1206,Susanne Carpenter,F50-54,106,Female,United States,1:25:43,10:32,6:27:48,9:04,4:48:15,13:01:22
1056,373,Gabriele Pauer,F60-64,20,Female,Austria,1:16:13,4:51,6:30:14,6:34,5:03:37,13:01:29
1057,782,Kim Flatto,F30-34,178,Female,United States,1:10:17,6:40,6:48:17,20:53,4:35:24,13:01:30
1058,1107,Katrin Grigalat,F50-54,107,Female,Germany,1:29:56,10:05,6:37:48,17:30,4:26:21,13:01:41
1059,587,Stefanie Otte,F55-59,56,Female,Germany,1:31:32,6:59,6:07:41,6:39,5:09:26,13:02:18
1060,549,Traci Seto,F55-59,57,Female,United States,1:38:54,11:04,6:10:27,8:54,4:53:06,13:02:25
1061,296,Cora Borrell i Sala,F35-39,166,Female,Spain,1:34:53,6:25,6:16:29,7:06,4:57:47,13:02:40
1062,945,Urszula Lapawa,F40-44,177,Female,Poland,1:29:54,7:47,6:31:05,13:56,4:40:25,13:03:08
1063,491,Tana Jackson,F55-59,58,Female,United States,1:31:28,5:18,6:00:21,7:23,5:18:41,13:03:10
1064,154,Shi-Hua Chin,F35-39,167,Female,United States,1:33:23,5:07,6:22:57,8:15,4:53:55,13:03:38
1065,600,Cristina Andonegui,F55-59,59,Female,Chile,1:23:42,8:15,6:04:40,9:13,5:17:53,13:03:42
1066,1322,Ann Juneau,F25-29,107,Female,United States,1:00:09,8:32,7:00:24,11:16,4:43:48,13:04:09
1067,1013,Yu Mei KAO,F40-44,178,Female,Taiwan,1:20:28,5:25,6:19:18,6:21,5:12:41,13:04:13
1068,972,Maria Lopez,F40-44,179,Female,United States,1:17:04,8:07,6:06:03,7:48,5:25:22,13:04:23
1069,607,Tobi Bisson,F55-59,60,Female,United States,1:07:47,4:42,6:23:49,8:28,5:19:42,13:04:28
1070,560,Claudia Dienemann,F55-59,61,Female,Germany,1:30:18,8:22,6:36:12,9:31,4:40:08,13:04:31
1071,182,Anastasiia Krichmara,F35-39,168,Female,Germany,1:26:26,3:22,6:53:40,4:13,4:36:57,13:04:38
1072,855,Bianka Mikwauschk,F40-44,180,Female,Germany,1:35:38,6:21,6:17:21,11:39,4:53:50,13:04:48
1073,1095,Kira Campbell,F50-54,108,Female,Canada,1:18:59,6:40,6:35:36,7:53,4:55:56,13:05:05
1074,225,Ana María Guzmán Ortiz,F35-39,169,Female,Colombia,1:24:47,7:09,6:56:50,4:56,4:31:41,13:05:23
1075,1070,Olga Zvyagolskaya,F40-44,181,Female,Germany,1:29:25,16:07,6:52:35,11:27,4:16:02,13:05:35
1076,1012,Elena Massa-Musiak,F40-44,182,Female,United States,1:22:15,8:28,6:12:00,10:31,5:12:24,13:05:38
1077,1512,Coralie Bourbeau,F18-24,50,Female,Canada,1:09:37,8:28,6:34:17,24:28,4:49:10,13:06:00
1078,888,Brooke Kemsley,F40-44,183,Female,New Zealand,1:22:28,10:12,6:17:09,12:15,5:03:58,13:06:01
1079,377,Katja Kessler,F60-64,21,Female,Germany,1:18:18,6:02,6:41:25,8:26,4:51:52,13:06:02
1080,475,Lisa Andersen,F55-59,62,Female,Canada,1:25:38,7:58,6:04:18,10:02,5:18:09,13:06:05
1081,1249,Bonnie Ritchotte,F50-54,109,Female,United States,1:33:03,12:07,6:31:22,11:44,4:38:00,13:06:16
1082,508,Charlotte O'Neill,F55-59,63,Female,United States,1:39:34,7:12,6:52:13,11:29,4:15:49,13:06:17
1083,1340,Sophie Fretwell,F25-29,108,Female,United Kingdom,1:28:54,5:15,6:44:48,7:47,4:39:39,13:06:23
1084,1743,Claudia Litscher,F45-49,154,Female,Switzerland,1:38:48,5:34,6:33:13,6:54,4:42:31,13:07:00
1085,1585,Katrin Ruckstuhl,F45-49,155,Female,Switzerland,1:28:47,6:06,6:13:42,9:31,5:08:54,13:07:01
1086,1071,Canela Gianatelli,F40-44,184,Female,Ecuador,1:27:52,12:24,6:46:46,13:54,4:26:27,13:07:23
1087,248,Catrin Ford,F35-39,170,Female,United Kingdom,1:10:39,4:19,6:18:25,10:35,5:23:33,13:07:31
1088,213,Maria Marrocu,F35-39,171,Female,Germany,1:24:43,5:02,6:25:35,7:54,5:04:39,13:07:52
1089,1094,Katrin Mutter,F50-54,110,Female,Germany,1:20:35,6:50,6:45:57,7:56,4:47:17,13:08:34
1090,1184,Jennifer Roost,F50-54,111,Female,United States,1:12:49,8:15,6:43:11,6:42,4:58:21,13:09:18
1091,1450,Sofia Nordbeck,F18-24,51,Female,Sweden,1:19:50,6:50,6:50:10,9:00,4:43:57,13:09:45
1092,1654,Heidi Geelen,F45-49,156,Female,Belgium,1:31:41,7:03,6:22:00,9:12,5:00:00,13:09:57
1093,636,Gillian Perlette,F30-34,179,Female,Canada,1:19:01,7:57,6:52:01,6:37,4:44:43,13:10:19
1094,1573,Egle Ciuzaite,F45-49,157,Female,Lithuania,2:00:59,10:09,6:44:16,11:51,4:03:05,13:10:21
1095,372,Pascale Lercangee,F60-64,22,Female,United States,1:31:23,6:53,6:16:01,8:56,5:07:13,13:10:26
1096,1202,Linda Halloran,F50-54,112,Female,Canada,1:27:33,7:11,6:23:15,8:33,5:04:01,13:10:34
1097,501,Ulrika Svensson,F55-59,64,Female,Sweden,1:38:59,8:26,6:16:34,11:17,4:55:23,13:10:39
1098,1220,Jeannie Gilbert,F50-54,113,Female,United States,1:30:48,6:43,6:08:40,7:28,5:17:12,13:10:51
1099,1617,Leonie Burling,F45-49,158,Female,Australia,1:11:47,5:45,6:30:13,7:48,5:15:21,13:10:55
1100,130,Andrea Mitchell-Pasquale,F35-39,172,Female,United States,1:07:31,4:39,6:38:05,6:26,5:14:33,13:11:15
1101,317,sarah gilchrist,F35-39,173,Female,Canada,1:22:51,7:42,6:43:56,13:06,4:44:10,13:11:45
1102,661,Laurine Thomas,F30-34,180,Female,France,1:33:05,7:08,6:23:04,5:02,5:03:26,13:11:45
1103,1142,Alexis Smith,F50-54,114,Female,United States,1:09:44,4:37,6:20:59,5:54,5:30:57,13:12:11
1104,1626,Zinta Zarins,F45-49,159,Female,United States,1:14:58,8:03,6:32:30,9:42,5:07:45,13:12:58
1105,618,Pascale Bergiers,F55-59,65,Female,Belgium,1:47:25,7:30,6:29:37,9:38,4:38:49,13:12:59
1106,1587,Suzanne Loftus,F45-49,160,Female,United States,1:27:18,4:55,6:14:17,6:05,5:20:35,13:13:09
1107,156,Hyojoo Jang,F35-39,174,Female,Korea,1:41:51,9:35,6:44:13,7:12,4:30:25,13:13:17
1108,1761,Yiling Wang,F45-49,161,Female,Taiwan,1:27:34,11:44,6:38:37,12:50,4:42:45,13:13:31
1109,714,Laura Bunn,F30-34,181,Female,United States,1:27:00,12:37,6:31:03,10:25,4:52:26,13:13:31
1110,1342,Rebecca Suhr,F25-29,109,Female,Germany,1:22:51,4:15,6:36:49,4:42,5:05:06,13:13:42
1111,1651,Carolina Quiroga,F45-49,162,Female,United States,1:29:12,5:53,6:14:48,7:34,5:16:21,13:13:48
1112,519,Sabra Hanson,F55-59,66,Female,United States,1:14:37,10:57,6:33:06,10:17,5:05:04,13:14:01
1113,1062,Melissa Brust Wilson,F40-44,185,Female,Canada,1:33:56,6:35,6:45:15,8:00,4:40:18,13:14:04
1114,1668,Denise Kottwitz,F45-49,163,Female,Germany,1:15:13,7:07,6:56:33,11:26,4:44:19,13:14:39
1115,1650,Katrien Wybouw,F45-49,164,Female,Belgium,1:18:34,4:36,6:13:43,6:40,5:31:12,13:14:44
1116,1219,Betiina Friederikke Hertel,F50-54,115,Female,Denmark,1:20:06,6:50,6:31:46,12:14,5:03:51,13:14:47
1117,966,Nadine Peterseim,F40-44,186,Female,Germany,1:34:48,7:15,6:38:19,9:01,4:45:51,13:15:14
1118,1294,Chiharu Chiba,F50-54,116,Female,Japan,1:12:46,5:58,6:37:12,9:52,5:09:37,13:15:26
1119,257,Claire Kunc,F35-39,175,Female,Australia,1:21:47,4:19,6:36:20,5:51,5:07:09,13:15:27
1120,1275,Lesley Turner Hall,F50-54,117,Female,New Zealand,1:27:41,5:34,6:42:09,8:55,4:51:21,13:15:39
1121,421,Amy Rappaport,F65-69,4,Female,United States,1:19:08,6:07,7:09:29,14:39,4:26:17,13:15:40
1122,970,Natasha Barton,F40-44,187,Female,United Kingdom,1:19:07,6:20,6:45:27,6:38,4:58:18,13:15:51
1123,1501,Abby Romo,F18-24,52,Female,United States,1:21:41,4:49,7:06:29,6:34,4:36:26,13:15:59
1124,415,Ricki Reincke,F60-64,23,Female,United States,1:20:03,6:53,6:36:46,7:11,5:05:15,13:16:07
1125,418,Denise Rhodes,F60-64,24,Female,United States,1:14:49,7:56,6:09:07,9:36,5:35:29,13:16:55
1126,982,Sabine Bird,F40-44,188,Female,Australia,1:23:00,6:55,6:06:33,5:29,5:36:02,13:17:59
1127,1083,Akari Kawai,F40-44,189,Female,Japan,1:34:08,10:04,7:06:15,8:31,4:19:04,13:18:02
1128,1254,Hsiulu Lin,F50-54,118,Female,Taiwan,1:30:22,10:48,6:36:42,11:04,4:50:19,13:19:14
1129,697,Ana Maria Garcia,F30-34,182,Female,Canada,1:28:51,6:14,7:06:51,7:04,4:30:16,13:19:17
1130,919,Roxana Noguera Watty,F40-44,190,Female,Mexico,1:23:13,10:04,6:55:27,11:56,4:39:05,13:19:46
1131,270,Emma Tucker,F35-39,176,Female,Australia,1:24:34,6:16,6:35:10,8:29,5:05:24,13:19:53
1132,579,Debra Daley,F55-59,67,Female,United States,1:16:55,9:25,6:24:13,9:36,5:19:49,13:19:58
1133,583,Isabelle Goulay,F55-59,68,Female,France,1:33:57,6:31,6:27:44,15:10,4:56:38,13:20:01
1134,617,Chiharu Onuki,F55-59,69,Female,Japan,1:31:39,6:08,6:59:42,8:48,4:33:55,13:20:12
1135,1205,Julie Wilford,F50-54,119,Female,South Africa,1:27:15,6:06,6:46:44,9:28,4:50:48,13:20:22
1136,1430,Karolina Krizova,F25-29,110,Female,Czechia,1:28:22,5:08,6:37:57,8:10,5:00:57,13:20:35
1137,1627,Sara Kaczko,F45-49,165,Female,Italy,1:25:47,8:13,5:57:35,16:36,5:32:34,13:20:45
1138,233,Kunyang Yuan,F35-39,177,Female,China,1:35:37,10:49,6:34:15,14:05,4:46:04,13:20:51
1139,152,Shiyi Sun,F35-39,178,Female,China,1:39:26,8:11,7:06:57,6:46,4:20:14,13:21:35
1140,1597,Katie Brewster,F45-49,166,Female,United States,1:30:06,12:25,6:34:20,23:00,4:42:23,13:22:15
1141,1657,Tammy Owens,F45-49,167,Female,Australia,1:19:08,8:14,6:34:17,10:28,5:10:13,13:22:19
1142,1368,Hannah Gillespie,F25-29,111,Female,United Kingdom,1:04:54,7:42,6:33:50,9:24,5:26:32,13:22:23
1143,430,Solange Bedard,F65-69,5,Female,Canada,1:28:44,6:29,7:00:28,9:48,4:36:59,13:22:28
1144,1690,Barbara Cina,F45-49,168,Female,Canada,1:27:09,5:39,6:22:01,9:20,5:18:21,13:22:30
1145,268,Katy Pratt,F35-39,179,Female,United States,1:32:10,7:30,6:46:28,12:51,4:43:40,13:22:37
1146,528,Kimberly Beecher,F55-59,70,Female,United States,1:22:08,11:58,6:40:58,15:42,4:51:57,13:22:43
1147,783,Maria Keilbach,F30-34,183,Female,Germany,1:30:31,5:13,6:11:34,8:26,5:27:03,13:22:48
1148,1747,Keili Saluveer,F45-49,169,Female,Sweden,1:29:35,9:32,6:38:13,12:19,4:53:10,13:22:49
1149,890,Elena Jopp,F40-44,191,Female,Germany,1:32:28,7:48,6:41:13,11:05,4:50:17,13:22:50
1150,1290,Minna Bäckman,F50-54,120,Female,Sweden,1:21:37,4:46,6:22:27,9:00,5:25:10,13:23:00
1151,610,Martha Berrouard,F55-59,71,Female,United States,1:16:31,6:06,6:27:45,10:43,5:21:58,13:23:03
1152,1280,Ashli Collins,F50-54,121,Female,United States,1:20:01,7:01,6:31:36,7:27,5:16:59,13:23:05
1153,1201,Kyungsook Kim,F50-54,122,Female,Korea,1:41:44,8:34,6:46:29,11:54,4:34:49,13:23:30
1154,494,Lorena Maya Lopez,F55-59,72,Female,Mexico,1:44:11,6:18,6:18:12,7:41,5:07:42,13:24:04
1155,1235,Tanaka Kazuko,F50-54,123,Female,Japan,1:32:28,10:20,6:50:58,12:39,4:37:42,13:24:08
1156,1377,Rebecca Rodgers,F25-29,112,Female,United Kingdom,1:22:41,6:09,6:00:51,6:27,5:48:17,13:24:25
1157,532,Katy Roberts,F55-59,73,Female,United States,1:14:12,5:31,6:44:49,7:25,5:12:30,13:24:27
1158,454,Michele Allison,F70-74,1,Female,New Zealand,1:25:39,6:02,6:42:35,7:08,5:03:03,13:24:27
1159,301,Lucia Reyna Perez,F35-39,180,Female,Mexico,1:25:18,6:02,6:46:53,11:15,4:55:00,13:24:28
1160,939,Jennifer Gahringer,F40-44,192,Female,United States,1:09:35,6:08,6:25:28,12:50,5:30:33,13:24:34
1161,1262,Mariana Sargenti,F50-54,124,Female,Switzerland,1:31:56,5:16,6:39:23,10:02,4:57:57,13:24:34
1162,573,Diane Peterson,F55-59,74,Female,United States,1:29:37,7:03,6:46:12,10:38,4:51:07,13:24:37
1163,1336,Renee Vanderheyden,F25-29,113,Female,Belgium,1:00:33,4:34,5:57:26,3:41,6:18:27,13:24:42
1164,1671,Edith Mathilde Estrup Christmas,F45-49,170,Female,Denmark,1:23:18,7:14,7:04:43,8:32,4:40:56,13:24:43
1165,770,Wooey Park,F30-34,184,Female,Korea,1:39:26,8:19,6:36:45,15:56,4:44:41,13:25:08
1166,964,Elissa Commins,F40-44,193,Female,Australia,1:25:03,8:19,6:17:38,9:08,5:25:29,13:25:37
1167,1623,Ana Karina Scarlato,F45-49,171,Female,Brazil,1:43:06,9:24,6:14:42,7:04,5:11:42,13:25:57
1168,184,Alice Binns,F35-39,181,Female,United States,1:20:06,6:03,6:30:01,7:37,5:22:11,13:25:59
1169,771,Courtney Richars,F30-34,185,Female,United States,1:21:23,7:09,7:23:28,6:59,4:27:13,13:26:12
1170,1016,Jennifer Hayes,F40-44,194,Female,United States,1:42:01,9:44,6:29:21,12:21,4:53:24,13:26:51
1171,776,Kendall Borrell,F30-34,186,Female,United States,1:05:21,7:53,6:52:52,9:27,5:11:19,13:26:52
1172,499,Joanne Burke,F55-59,75,Female,United Kingdom,1:15:01,7:45,7:01:07,14:06,4:48:56,13:26:55
1173,511,Robin Sayed,F55-59,76,Female,United States,1:14:50,7:27,6:09:02,9:37,5:46:05,13:27:01
1174,933,Steffi De Rooze,F40-44,195,Female,Belgium,1:34:45,6:43,6:44:47,9:08,4:51:54,13:27:17
1175,1325,Viktoria Emih,F25-29,114,Female,Australia,1:41:37,4:30,6:08:59,7:25,5:25:22,13:27:53
1176,412,Julie Kaczor,F60-64,25,Female,United States,1:35:09,8:05,6:39:51,8:15,4:57:17,13:28:37
1177,566,Ines Roeßler,F55-59,77,Female,Germany,1:15:10,6:13,6:29:06,10:42,5:27:48,13:28:58
1178,619,Claudia Paech,F55-59,78,Female,Germany,1:28:17,8:23,6:39:52,6:17,5:06:26,13:29:15
1179,1731,Karen Rice,F45-49,172,Female,United States,1:34:56,4:54,6:19:18,7:59,5:22:21,13:29:28
1180,1209,Laura Juvala,F50-54,125,Female,Finland,1:39:40,6:17,6:17:32,12:15,5:13:46,13:29:31
1181,1619,Estie Cloete,F45-49,173,Female,South Africa,1:36:39,8:00,6:30:46,14:57,4:59:29,13:29:51
1182,1141,Daniela Abade,F50-54,126,Female,Brazil,1:22:16,4:35,6:52:55,13:37,4:56:28,13:29:51
1183,941,Lauren Griffiths,F40-44,196,Female,United States,1:41:12,6:18,6:44:54,8:25,4:49:26,13:30:15
1184,272,Jennifer Done,F35-39,182,Female,United Kingdom,1:24:15,8:04,6:53:44,9:22,4:55:02,13:30:28
1185,564,Teresa Kastl,F55-59,79,Female,United States,1:29:56,8:23,6:18:26,13:06,5:21:28,13:31:20
1186,489,Ronda Cluff,F55-59,80,Female,United States,1:31:07,9:08,6:28:56,10:15,5:12:10,13:31:36
1187,863,Ilse Munguia,F40-44,197,Female,Mexico,1:23:30,7:00,6:22:02,5:58,5:33:17,13:31:48
1188,1031,MERCIA FABIANA LIMA DE SOUSA,F40-44,198,Female,Brazil,1:25:08,11:39,6:23:50,11:42,5:19:35,13:31:54
1189,980,Kayde Anderson,F40-44,199,Female,United States,1:41:38,8:34,6:23:03,11:13,5:07:29,13:31:57
1190,1579,Magdalena Fast,F45-49,174,Female,Poland,1:27:26,6:32,6:17:21,13:04,5:28:24,13:32:47
1191,646,Charlotte Deceuninck,F30-34,187,Female,Belgium,1:40:09,5:03,6:52:04,6:51,4:48:53,13:33:01
1192,1173,Amy Koepp,F50-54,127,Female,United States,1:11:42,8:35,7:07:39,14:26,4:51:13,13:33:35
1193,1048,Hiromi Koike,F40-44,200,Female,Japan,1:16:50,10:36,6:43:08,11:37,5:11:26,13:33:38
1194,912,Katherine Jueco,F40-44,201,Female,Philippines,1:37:17,7:19,7:24:17,10:06,4:14:53,13:33:52
1195,1310,Carmen Ruiz,F50-54,128,Female,Mexico,1:34:14,8:37,6:15:49,9:45,5:25:27,13:33:52
1196,1256,Natalie Greig,F50-54,129,Female,Canada,1:24:33,10:21,6:57:55,11:01,4:50:41,13:34:30
1197,374,Claudia Paez,F60-64,26,Female,Argentina,1:38:07,9:02,6:33:53,10:49,5:03:34,13:35:24
1198,1289,Delphine Perie-Curnier,F50-54,130,Female,Canada,1:22:44,9:05,6:52:33,10:51,5:00:16,13:35:29
1199,1101,Allegra Petras,F50-54,131,Female,United States,1:10:49,12:51,6:37:20,10:54,5:23:40,13:35:33
1200,171,Anastasia Jones,F35-39,183,Female,United States,1:10:35,4:56,6:32:03,9:14,5:39:25,13:36:12
1201,1703,Jodie Owen,F45-49,175,Female,United States,1:25:33,9:53,6:36:11,11:15,5:13:26,13:36:19
1202,1054,Melissa Watson,F40-44,202,Female,Australia,1:14:18,8:06,6:40:07,12:42,5:21:14,13:36:27
1203,1664,Mo Douglas,F45-49,176,Female,United Kingdom,1:49:31,6:07,6:20:06,8:31,5:12:12,13:36:27
1204,1097,Andri de Wit,F50-54,132,Female,United Kingdom,1:19:20,3:47,7:14:26,7:03,4:51:55,13:36:31
1205,1705,Nur Syahariah Jusoh,F45-49,177,Female,Malaysia,1:44:55,6:30,6:31:19,9:15,5:04:59,13:36:57
1206,1670,Sangji Ahn,F45-49,178,Female,Korea,1:44:47,7:50,6:33:37,9:35,5:01:23,13:37:13
1207,520,Sara Ahlquist,F55-59,81,Female,United States,1:20:56,9:08,6:36:47,11:17,5:19:05,13:37:13
1208,306,Kathryn Hores,F35-39,184,Female,United States,1:10:45,7:53,6:24:29,9:26,5:44:43,13:37:16
1209,1741,Claire Grimmer,F45-49,179,Female,United Kingdom,1:11:54,12:09,6:20:45,12:37,5:39:59,13:37:25
1210,1264,Tania Farlow,F50-54,133,Female,Australia,1:09:01,6:57,6:46:57,7:53,5:26:47,13:37:34
1211,1063,Jill Chapman,F40-44,203,Female,Canada,1:44:06,10:43,6:28:28,9:59,5:04:23,13:37:38
1212,479,Ester López Torroja,F55-59,82,Female,Spain,1:47:19,6:03,6:48:49,10:43,4:44:46,13:37:41
1213,413,Wietske Eikelenboom,F60-64,27,Female,Canada,1:25:43,8:15,6:40:41,9:03,5:15:13,13:38:55
1214,371,Edwige Van Haasteren,F60-64,28,Female,Netherlands,1:23:51,9:42,6:40:55,8:04,5:16:59,13:39:30
1215,1128,Beth Moyer,F50-54,134,Female,United States,1:08:43,7:10,6:56:45,12:02,5:15:07,13:39:47
1216,512,Sheila Oxtoby,F55-59,83,Female,United Kingdom,1:35:24,7:13,7:05:46,8:38,4:42:50,13:39:52
1217,1612,Rochelle Youngson,F45-49,180,Female,New Zealand,1:28:52,11:54,6:50:39,13:54,4:54:37,13:39:55
1218,359,Diana Thaxter,F60-64,29,Female,Canada,1:29:50,7:23,7:32:13,10:48,4:19:56,13:40:10
1219,1139,Nezka Taljat Sulin,F50-54,135,Female,Slovenia,1:30:39,7:25,6:56:12,8:37,4:58:15,13:41:08
1220,1213,Orla Bannan,F50-54,136,Female,United States,1:15:30,4:29,6:36:23,8:05,5:36:52,13:41:20
1221,246,Mara Flavia Souza Araújo,F35-39,185,Female,Brazil,2:08:42,6:12,6:43:45,10:25,4:32:17,13:41:21
1222,1163,Ryoko Sato,F50-54,137,Female,Japan,1:24:34,8:12,6:51:46,9:32,5:07:30,13:41:34
1223,354,Nancy Mcmahon,F60-64,30,Female,United States,1:31:43,7:01,6:53:32,8:05,5:01:22,13:41:43
1224,1754,Huey Jing Chen,F45-49,181,Female,Taiwan,1:27:25,8:28,6:44:25,8:44,5:13:28,13:42:30
1225,1663,Carrie Peterson,F45-49,182,Female,United States,1:30:07,5:47,7:05:48,9:45,4:51:25,13:42:51
1226,1261,Karen Sullivan,F50-54,138,Female,Canada,1:21:34,10:08,6:41:49,11:14,5:18:12,13:42:58
1227,557,Nikki Fox,F55-59,84,Female,New Zealand,1:31:14,6:54,6:46:00,8:41,5:10:39,13:43:29
1228,1284,Barbara Dona,F50-54,139,Female,Netherlands,1:33:06,12:57,7:03:09,14:50,4:39:58,13:44:01
1229,1285,Katia Hadaschik,F50-54,140,Female,Germany,1:23:48,6:26,6:35:49,9:10,5:29:16,13:44:30
1230,378,Yuhua Tao,F60-64,31,Female,China,1:37:56,5:07,6:56:10,5:50,4:59:27,13:44:30
1231,827,I-Chen Wang,F30-34,188,Female,Taiwan,1:37:11,11:41,6:49:13,14:41,4:51:57,13:44:43
1232,492,ANA FLAVIA HEIDE ALMEIDA,F55-59,85,Female,Brazil,1:39:46,9:07,6:46:44,10:48,4:58:47,13:45:11
1233,1140,Cornelia Doyen,F50-54,141,Female,Germany,1:28:24,10:17,6:35:58,7:14,5:23:42,13:45:35
1234,448,Gail Norman,F65-69,6,Female,United States,1:41:14,6:59,6:40:53,11:28,5:05:10,13:45:44
1235,443,Janie White,F65-69,7,Female,United States,1:24:54,6:33,6:35:00,8:47,5:30:32,13:45:47
1236,1457,Harriet Smith,F18-24,53,Female,United Kingdom,1:09:28,6:09,6:53:38,8:58,5:28:09,13:46:22
1237,1308,Karen Leavitt,F50-54,142,Female,Canada,1:50:28,7:52,7:14:30,9:06,4:24:26,13:46:23
1238,1734,Angélique Rocha,F45-49,183,Female,France,1:38:55,5:44,7:00:07,9:58,4:51:47,13:46:30
1239,355,Celma Hitalia,F60-64,32,Female,Philippines,1:45:29,8:17,7:03:47,10:15,4:38:52,13:46:40
1240,880,Chia Chi Chen,F40-44,204,Female,Taiwan,1:32:12,7:46,7:10:18,12:23,4:44:17,13:46:56
1241,644,Grace Clarke,F30-34,189,Female,United States,1:27:56,7:51,6:57:13,12:05,5:02:18,13:47:23
1242,1365,Zoe King,F25-29,115,Female,Australia,1:23:04,7:17,6:48:22,9:19,5:19:27,13:47:31
1243,1221,Junghwa Baek,F50-54,143,Female,Korea,1:26:33,12:15,6:44:30,13:43,5:10:45,13:47:46
1244,1711,Janine Harvey,F45-49,184,Female,South Africa,1:23:11,5:14,6:30:56,6:54,5:41:57,13:48:11
1245,1598,Jacqueline Roberts,F45-49,185,Female,South Africa,1:17:23,7:11,6:34:35,7:40,5:41:22,13:48:11
1246,1133,Stefanie Heber,F50-54,144,Female,Canada,1:24:36,7:09,5:59:04,13:19,6:04:05,13:48:13
1247,1580,ERICA SUMOYAMA BRAUNE,F45-49,186,Female,Brazil,1:19:25,6:44,6:53:00,13:27,5:15:46,13:48:23
1248,1357,Maud Villeval,F25-29,116,Female,France,1:29:03,5:17,6:36:36,8:05,5:29:37,13:48:39
1249,524,Angela Girgis,F55-59,86,Female,United Kingdom,1:22:35,7:01,6:24:15,10:07,5:44:45,13:48:42
1250,1077,Harum Delima,F40-44,205,Female,Malaysia,1:20:35,6:02,6:54:27,9:53,5:18:38,13:49:35
1251,1558,Erin Mayo,F45-49,187,Female,Canada,1:31:34,6:50,6:56:57,8:00,5:06:20,13:49:41
1252,187,Jaimie Frazier,F35-39,186,Female,United States,1:34:11,5:39,6:37:43,15:20,5:17:02,13:49:55
1253,977,Yui Ming Li,F40-44,206,Female,Hong Kong,1:40:40,8:25,6:57:43,8:29,4:54:42,13:49:59
1254,405,Mary Reed,F60-64,33,Female,United States,1:07:19,8:36,6:57:12,12:21,5:25:01,13:50:28
1255,1548,Christiane Hermann,F45-49,188,Female,Germany,1:20:54,6:31,6:30:23,10:18,5:42:52,13:50:58
1256,1131,Jenny Campbell,F50-54,145,Female,United Kingdom,1:42:38,7:53,6:14:10,12:45,5:34:21,13:51:46
1257,616,Yumiko Watanabe,F55-59,87,Female,Japan,1:22:30,12:45,7:07:31,12:42,4:56:53,13:52:21
1258,1364,Cynthia May Ras,F25-29,117,Female,Philippines,1:24:27,5:46,6:51:43,7:16,5:23:26,13:52:37
1259,1250,Kelly Graham,F50-54,146,Female,Canada,1:36:53,10:25,6:41:38,12:18,5:11:28,13:52:42
1260,1314,Suzanne House,F50-54,147,Female,Canada,1:42:18,9:47,6:49:20,11:22,5:00:57,13:53:45
1261,1452,Asha Moxham,F18-24,54,Female,Australia,1:19:38,4:58,6:50:30,8:42,5:30:31,13:54:19
1262,1659,Tanya Fantini,F45-49,189,Female,Australia,1:50:35,6:15,6:36:39,10:00,5:10:57,13:54:26
1263,1259,Zhihong Chen,F50-54,148,Female,China,1:42:16,10:14,6:44:15,11:03,5:06:40,13:54:28
1264,1758,Claire Jackson,F45-49,190,Female,United Kingdom,1:23:18,9:00,6:10:38,9:24,6:03:12,13:55:31
1265,883,Jenny Weigt,F40-44,207,Female,New Zealand,1:17:46,8:55,6:36:47,14:13,5:38:53,13:56:32
1266,431,Linni TILLER,F65-69,8,Female,Norway,1:57:33,7:04,6:23:27,8:00,5:20:34,13:56:38
1267,1636,Vicky Falardeau,F45-49,191,Female,Canada,1:44:51,7:25,6:38:48,30:18,4:55:21,13:56:44
1268,196,Charlotte Ricard,F35-39,187,Female,France,1:24:16,5:45,6:38:12,8:23,5:40:08,13:56:44
1269,1676,Jamie Kam Yee Chook,F45-49,192,Female,Malaysia,1:38:44,9:38,7:15:42,9:18,4:43:36,13:56:58
1270,1258,Fi Mann,F50-54,149,Female,Australia,1:34:20,11:25,6:49:07,12:32,5:09:37,13:57:00
1271,1722,Fedra Vazquez,F45-49,193,Female,Mexico,1:37:15,8:35,6:55:46,9:49,5:05:38,13:57:02
1272,1620,Holly Coggin,F45-49,194,Female,United States,1:36:33,10:23,7:23:53,8:33,4:37:50,13:57:11
1273,1381,Katie Adams,F25-29,118,Female,United Kingdom,1:20:14,8:50,6:07:01,11:38,6:09:31,13:57:14
1274,420,Pam Reed,F60-64,34,Female,United States,1:45:22,9:39,6:38:45,10:31,5:13:14,13:57:31
1275,510,Federica Brandizzi,F55-59,88,Female,United States,1:26:30,9:06,6:42:44,8:06,5:31:08,13:57:34
1276,1159,Harumi Shino,F50-54,150,Female,Japan,1:28:20,11:26,6:36:27,15:06,5:26:25,13:57:44
1277,1286,Mary Richardson,F50-54,151,Female,Australia,1:49:09,9:06,6:27:22,13:00,5:19:16,13:57:53
1278,523,Eunice Moon,F55-59,89,Female,United States,1:41:04,9:27,6:24:45,7:11,5:35:56,13:58:22
1279,101,Adrienne Bunn,FPC/ID,,Female,United States,1:29:24,7:23,7:12:00,10:47,4:59:05,13:58:39
1280,102,Doug Guthrie,FGUIDE,,Female,United States,1:29:22,7:26,7:11:56,10:51,4:59:06,13:58:42
1281,1090,Kristina Ireland,F50-54,152,Female,Canada,1:30:50,8:25,6:53:33,10:39,5:15:49,13:59:15
1282,590,Mayumi Hayashi,F55-59,90,Female,Japan,1:30:22,10:07,6:49:59,11:25,5:17:24,13:59:16
1283,457,Patrica Harris,F70-74,2,Female,Canada,1:33:12,10:09,6:54:29,10:39,5:11:02,13:59:31
1284,867,Leia Kane,F40-44,208,Female,United Kingdom,1:35:07,9:37,6:43:12,8:30,5:23:22,13:59:48
1285,376,Sandy Thompson,F60-64,35,Female,United States,1:32:23,10:06,6:44:45,8:35,5:24:16,14:00:04
1286,1665,Tiencia James,F45-49,195,Female,United States,1:41:29,5:15,6:47:51,8:13,5:17:26,14:00:14
1287,1297,Ellen Kuhl,F50-54,153,Female,Germany,1:24:54,5:39,6:30:54,10:13,5:48:40,14:00:21
1288,397,Sandra Hall,F60-64,36,Female,United Kingdom,1:25:20,6:58,7:25:20,8:45,4:53:58,14:00:21
1289,1196,Maria Reyna,F50-54,154,Female,Mexico,1:42:35,5:33,6:27:49,10:00,5:34:32,14:00:29
1290,495,Kyounghee Kim,F55-59,91,Female,Korea,1:34:47,6:29,6:59:50,10:28,5:10:47,14:02:21
1291,1153,Cindy Wilks,F50-54,155,Female,Australia,1:13:38,10:06,6:55:54,13:13,5:30:20,14:03:11
1292,931,Bonnie Holmes,F40-44,209,Female,Australia,1:25:10,7:36,6:23:36,6:09,6:00:54,14:03:26
1293,444,Gigi Boswell,F65-69,9,Female,United States,1:17:19,8:27,6:39:51,12:30,5:46:06,14:04:13
1294,1085,Meredith Whitehurst,F40-44,210,Female,United States,1:28:01,5:40,6:59:15,7:40,5:24:01,14:04:38
1295,486,Juanita Murphy,F55-59,92,Female,Canada,1:28:49,8:40,6:53:40,9:48,5:25:04,14:06:02
1296,1166,Elysia Krieger,F50-54,156,Female,United States,1:34:09,8:10,6:32:19,9:30,5:41:59,14:06:08
1297,608,Beata Osiecka,F55-59,93,Female,Poland,1:40:33,6:02,7:05:07,6:10,5:08:16,14:06:08
1298,621,Anna Thomas,F30-34,190,Female,United States,1:10:21,7:13,6:59:01,6:26,5:43:12,14:06:13
1299,925,Carolina Ramirez,F40-44,211,Female,Chile,1:16:41,6:55,6:53:05,13:17,5:36:37,14:06:35
1300,308,Narae Chung,F35-39,188,Female,Korea,1:15:33,6:11,6:56:19,13:03,5:36:09,14:07:15
1301,348,Gwendolyn Stark,F60-64,37,Female,United States,1:22:54,10:53,7:00:24,14:56,5:18:46,14:07:52
1302,1768,Masami Suzuki,F45-49,196,Female,Japan,1:30:50,9:16,6:49:12,10:41,5:28:03,14:08:01
1303,984,Steve Sloan,F40-44,212,Female,United States,1:21:24,5:29,6:43:24,7:20,5:50:44,14:08:22
1304,1253,Christiane Harwardt- Linde,F50-54,157,Female,Germany,1:27:58,9:44,6:51:34,11:51,5:28:07,14:09:15
1305,527,sumi kang,F55-59,94,Female,Korea,1:42:43,7:40,7:04:46,7:44,5:06:25,14:09:18
1306,452,Carolyn Sanders,F65-69,10,Female,United States,1:28:20,5:39,6:57:24,11:27,5:26:38,14:09:28
1307,506,Simone Valsangiacomo,F55-59,95,Female,Switzerland,1:34:12,13:06,6:51:52,9:19,5:21:02,14:09:30
1308,614,Fumiko Hagiwara,F55-59,96,Female,Japan,1:22:32,8:46,7:30:04,8:17,5:00:32,14:10:12
1309,1224,Natarsha Allen,F50-54,158,Female,Australia,1:19:50,6:52,6:26:43,12:12,6:04:39,14:10:15
1310,1023,Debora Vaquerizo Santurde,F40-44,213,Female,Spain,1:20:51,6:57,7:07:10,7:32,5:27:47,14:10:17
1311,1716,Erika Ostrander,F45-49,197,Female,United States,1:51:12,9:32,6:56:59,14:43,4:58:08,14:10:34
1312,1114,Laura Nathan,F50-54,159,Female,Australia,1:24:09,6:57,7:06:02,7:42,5:25:49,14:10:39
1313,1270,Josephine Tay,F50-54,160,Female,Singapore,2:02:51,8:48,7:18:34,11:15,4:29:42,14:11:09
1314,518,Jacqueline Esquibel,F55-59,97,Female,United States,1:20:49,9:10,6:50:04,8:40,5:43:06,14:11:50
1315,1174,Nicole Finstad,F50-54,161,Female,United States,1:36:47,10:37,7:07:54,13:54,5:03:04,14:12:16
1316,1556,Christine Mardle,F45-49,198,Female,United Kingdom,1:19:33,5:56,6:23:07,12:32,6:11:48,14:12:57
1317,1527,Ali Dennison,F45-49,199,Female,United States,1:19:29,7:14,7:16:13,8:53,5:21:19,14:13:08
1318,1312,Danielle Fiore,F50-54,162,Female,Australia,1:20:54,12:19,6:51:09,11:44,5:37:21,14:13:26
1319,1273,Mirna Marovic,F50-54,163,Female,Croatia,1:24:41,5:54,6:38:43,24:25,5:39:49,14:13:31
1320,1118,Kristine Claffie,F50-54,164,Female,United States,1:47:54,11:51,6:31:52,14:03,5:28:37,14:14:17
1321,1562,Allison Snow,F45-49,200,Female,United States,1:21:28,5:33,6:22:25,7:37,6:18:01,14:15:04
1322,658,Sandra Rangelova,F30-34,191,Female,Bulgaria,1:24:22,5:34,7:26:29,6:27,5:13:41,14:16:33
1323,1102,Bogumila Wlodarska,F50-54,165,Female,Poland,1:12:47,6:19,6:23:10,6:51,6:28:10,14:17:18
1324,662,Ellen Rulf,F30-34,192,Female,Germany,1:28:20,8:00,6:34:54,9:35,5:56:40,14:17:29
1325,1642,Monique Scott,F45-49,201,Female,Australia,1:31:32,8:45,7:20:26,12:35,5:04:59,14:18:17
1326,449,Barbara Tettenborn,F65-69,11,Female,Switzerland,1:19:22,8:51,7:08:34,9:48,5:31:50,14:18:26
1327,1725,Sonia Rankin,F45-49,202,Female,Canada,1:27:19,9:29,6:59:56,13:29,5:28:34,14:18:46
1328,1326,Megan Pesansky,F25-29,119,Female,United States,1:19:54,5:25,7:01:33,5:31,5:46:31,14:18:54
1329,1237,Mihoko Yamada,F50-54,166,Female,Japan,1:17:21,7:35,7:02:39,9:11,5:42:20,14:19:06
1330,586,Rachael Jones,F55-59,98,Female,New Zealand,1:27:53,9:32,6:43:17,12:03,5:46:30,14:19:15
1331,1255,Carmen Kuechle,F50-54,167,Female,Switzerland,1:40:20,7:51,6:31:19,10:44,5:49:49,14:20:03
1332,1351,Miku Ujita,F25-29,120,Female,Japan,1:37:13,6:43,7:19:10,8:44,5:08:17,14:20:08
1333,576,Marketa Heupel,F55-59,99,Female,Germany,1:31:44,9:20,6:25:21,17:52,5:56:12,14:20:29
1334,575,Belinda Prestney,F55-59,100,Female,Australia,1:19:19,7:26,7:20:29,13:18,5:20:05,14:20:38
1335,1304,Claudia Langarica,F50-54,168,Female,United States,2:04:38,9:10,6:29:10,10:52,5:27:26,14:21:16
1336,409,Susan Mccallum,F60-64,38,Female,Canada,1:21:20,7:29,7:16:52,15:13,5:20:25,14:21:20
1337,1516,Stefanie Meigel,F45-49,203,Female,Germany,1:25:29,6:32,7:07:08,9:00,5:33:37,14:21:47
1338,1551,Kelly Ogilvie,F45-49,204,Female,Canada,1:14:38,6:09,7:06:12,10:28,5:44:35,14:22:02
1339,1561,Kristy Cameron,F45-49,205,Female,Australia,1:26:37,9:22,7:24:10,10:00,5:13:01,14:23:10
1340,1041,Lauren LeBlanc,F40-44,214,Female,United States,1:19:19,4:54,6:33:23,37:55,5:47:43,14:23:12
1341,1422,Victoria Nelson,F25-29,121,Female,United States,1:26:50,9:06,7:03:11,14:06,5:31:04,14:24:18
1342,1586,Sylvia Böhnke-Westphal,F45-49,206,Female,Germany,1:14:48,5:15,6:37:16,9:08,6:18:02,14:24:30
1343,1333,Leslie Moffat,F25-29,122,Female,Canada,1:17:43,10:45,7:36:46,12:29,5:06:54,14:24:37
1344,1465,Katherine Treacy,F18-24,55,Female,United States,1:07:29,6:18,6:30:18,7:13,6:33:29,14:24:46
1345,334,Linda Martin,F60-64,39,Female,Canada,1:28:27,8:58,6:30:05,17:10,6:00:46,14:25:25
1346,1281,Hongyan Zong,F50-54,169,Female,China,1:24:44,23:19,7:18:19,35:53,4:43:53,14:26:08
1347,339,Elizabeth Wood,F60-64,40,Female,United States,1:21:40,8:38,6:53:21,14:53,5:48:40,14:27:12
1348,615,Cheryl Kos,F55-59,101,Female,United States,1:45:20,9:23,7:19:49,14:04,4:58:51,14:27:26
1349,845,Suzanne Van Gessel,F40-44,215,Female,Netherlands,1:23:40,7:08,6:32:26,8:26,6:15:47,14:27:27
1350,1087,CHUN FAN WEI,F40-44,216,Female,Taiwan,1:48:14,8:20,6:45:28,6:34,5:39:23,14:27:59
1351,1305,Sofia Alatalo,F50-54,170,Female,Sweden,1:45:58,8:54,6:33:07,14:17,5:46:35,14:28:51
1352,380,Katrin Szardenings,F60-64,41,Female,United States,1:14:56,7:12,7:31:14,12:08,5:24:20,14:29:50
1353,821,Carina Balzer,F30-34,193,Female,Germany,1:26:08,7:09,6:50:58,8:42,5:57:13,14:30:10
1354,416,Denee Madamba,F60-64,42,Female,United States,1:41:52,8:42,6:52:13,10:23,5:37:05,14:30:14
1355,386,Fernanda Keller,F60-64,43,Female,Brazil,1:18:21,7:23,6:55:17,14:29,5:55:17,14:30:47
1356,1752,Olivia Chen,F45-49,207,Female,Taiwan,1:34:03,17:39,6:34:34,18:27,5:46:21,14:31:04
1357,555,Guylaine Barnes,F55-59,102,Female,Canada,1:45:26,9:31,6:59:08,13:16,5:23:44,14:31:05
1358,1728,Katharina Schimmelpfeng,F45-49,208,Female,Germany,1:37:08,11:30,6:47:59,9:14,5:46:13,14:32:04
1359,1150,Joyce Forier,F50-54,171,Female,United States,1:32:53,8:43,7:32:28,12:33,5:07:36,14:34:12
1360,582,Veronica Warneskog,F55-59,103,Female,Sweden,1:26:45,11:46,6:57:05,15:41,5:43:40,14:34:56
1361,1644,Victoria Brumfield,F45-49,209,Female,United States,1:36:46,7:10,6:53:23,9:41,5:48:18,14:35:18
1362,530,Annjie (Anjanette) Wisby,F55-59,104,Female,Australia,1:36:35,10:09,7:01:05,12:57,5:35:18,14:36:04
1363,1773,choi youngsoo,F55-59,105,Female,Korea,1:36:33,11:14,7:01:59,23:12,5:23:21,14:36:19
1364,1679,Jung Nam Kung,F45-49,210,Female,Korea,1:24:03,7:04,7:00:52,6:57,5:57:26,14:36:21
1365,288,Julie Bille Hansen,F35-39,189,Female,Denmark,1:49:54,18:46,6:22:40,17:16,5:47:59,14:36:35
1366,597,Julie Royal,F55-59,106,Female,United States,1:16:49,5:18,7:26:40,7:14,5:40:46,14:36:48
1367,1003,Sheryl Younger,F40-44,217,Female,United States,1:31:47,13:17,7:07:42,10:16,5:34:41,14:37:43
1368,1106,Skroland Bullwinkel,F50-54,172,Female,Germany,1:11:23,10:17,7:18:01,11:37,5:47:10,14:38:28
1369,568,Kysook Kim,F55-59,107,Female,Korea,1:47:06,10:59,7:35:42,13:17,4:51:32,14:38:36
1370,1700,Jihyeon Mun,F45-49,211,Female,Korea,1:36:35,10:32,7:03:19,11:33,5:37:02,14:39:01
1371,1198,Sandrine Aeby,F50-54,173,Female,Switzerland,1:24:42,9:08,6:29:10,8:58,6:27:21,14:39:19
1372,1195,Clair Turner,F50-54,174,Female,United Kingdom,1:44:19,5:42,6:55:03,9:53,5:44:35,14:39:33
1373,635,Yulmin Kim,F30-34,194,Female,Korea,1:24:52,11:16,7:21:47,13:57,5:28:05,14:39:56
1374,414,Caroline Sernsköld,F60-64,44,Female,Sweden,1:18:46,7:40,7:06:36,15:45,5:51:24,14:40:13
1375,356,Cheryl Roycroft,F60-64,45,Female,United States,1:48:10,9:07,7:11:31,11:16,5:20:23,14:40:26
1376,994,Megan Aucoin,F40-44,218,Female,United States,1:18:02,13:16,7:19:41,13:22,5:36:07,14:40:27
1377,435,Jennifer Reinhart,F65-69,12,Female,United States,1:11:43,5:57,6:33:55,10:52,6:38:32,14:40:59
1378,1726,Laura Moeller,F45-49,212,Female,United States,1:25:18,11:51,6:56:20,12:44,5:55:01,14:41:14
1379,1559,Mandi Jacquinot,F45-49,213,Female,United States,1:50:20,6:10,7:24:23,9:13,5:11:21,14:41:28
1380,455,Laura Rossetti,F70-74,3,Female,United States,1:19:32,7:04,6:28:44,10:13,6:36:53,14:42:26
1381,1471,Marina Mascarenas,F18-24,56,Female,United States,1:20:06,10:27,7:42:44,13:28,5:15:57,14:42:42
1382,952,MARIANA ERNANI MOURA MARQUES,F40-44,219,Female,Brazil,1:14:06,10:33,6:33:19,9:29,6:35:35,14:43:01
1383,840,Lauren Chedburn,F40-44,220,Female,United Kingdom,1:34:01,8:54,6:55:59,8:47,5:56:18,14:43:59
1384,106,Seth Johnson,FGUIDE,,Open,United States,1:41:46,18:06,7:06:44,15:58,5:22:29,14:45:03
1385,105,Misty Johnson,FPC/ID,,Female,United States,1:41:46,18:06,7:06:44,15:56,5:22:30,14:45:03
1386,1130,Ani Brown,F50-54,175,Female,Philippines,1:20:47,5:45,7:08:59,12:39,5:57:17,14:45:27
1387,1776,Michelle Herzog,F40-44,221,Female,Switzerland,1:21:39,5:58,7:04:14,6:34,6:07:25,14:45:49
1388,136,Natalie Mcdaid,F35-39,190,Female,United Kingdom,1:23:09,5:08,6:36:05,6:51,6:34:36,14:45:49
1389,360,Alison Seely,F60-64,46,Female,Canada,1:29:33,9:18,7:16:15,6:24,5:44:24,14:45:53
1390,1152,Beth Gabhart,F50-54,176,Female,United States,1:41:18,8:04,6:44:47,8:51,6:03:01,14:46:02
1391,1293,Nicole Barber,F50-54,177,Female,United States,1:26:01,9:13,7:04:28,10:58,5:55:37,14:46:17
1392,473,Jenny Bristow,F55-59,108,Female,United States,1:31:36,6:39,7:17:19,11:35,5:39:21,14:46:31
1393,750,Pauline Beorchia,F30-34,195,Female,France,1:39:43,9:06,6:58:01,13:53,5:48:24,14:49:08
1394,463,Missy LeStrange,F70-74,4,Female,United States,1:24:16,7:37,7:15:47,9:53,5:51:36,14:49:09
1395,1223,Anika Schneider,F50-54,178,Female,Germany,1:24:26,6:00,7:04:56,11:33,6:02:20,14:49:15
1396,1081,Anneri Kemp (Harmse),F40-44,222,Female,South Africa,1:27:18,11:20,7:13:52,8:46,5:48:21,14:49:37
1397,424,Amanda Barlow,F65-69,13,Female,Australia,1:37:20,9:06,6:42:59,9:48,6:10:58,14:50:10
1398,362,Michele Fuller,F60-64,47,Female,Canada,1:28:30,6:44,7:27:39,9:15,5:38:10,14:50:18
1399,336,Tomoko Ohmura,F60-64,48,Female,Japan,2:00:48,11:35,7:53:49,8:38,4:35:46,14:50:35
1400,1652,Beth Werling,F45-49,214,Female,United States,1:44:50,7:11,7:20:57,12:22,5:27:17,14:52:37
1401,346,Yuki Ando,F60-64,49,Female,Japan,1:40:59,5:39,7:33:30,6:44,5:26:59,14:53:51
1402,526,Ulrike Samsel,F55-59,109,Female,Germany,1:57:02,12:27,6:56:25,6:26,5:41:52,14:54:13
1403,581,Michele Coates,F55-59,110,Female,Canada,1:45:04,7:44,7:25:02,11:19,5:25:40,14:54:50
1404,1115,Joanna Nami,F50-54,179,Female,United States,1:24:43,11:28,7:09:18,12:04,5:57:22,14:54:55
1405,1749,Emma Blacklock,F45-49,215,Female,Australia,1:36:43,9:29,6:56:54,14:00,5:58:22,14:55:28
1406,1027,Frédérique Gilbert,F40-44,223,Female,France,1:33:35,7:02,7:03:04,15:16,5:56:40,14:55:37
1407,1271,Allison Nakisher,F50-54,180,Female,United States,1:47:32,18:08,7:13:56,17:50,5:19:14,14:56:41
1408,464,Alexandra Dronkers,F70-74,5,Female,Netherlands,1:34:17,6:54,6:56:09,7:22,6:12:05,14:56:46
1409,485,Rebecca Chapman,F55-59,111,Female,United States,1:35:27,10:00,7:12:44,8:10,5:50:45,14:57:06
1410,1594,Nao Katayama,F45-49,216,Female,Japan,2:01:29,8:34,7:17:49,7:47,5:21:36,14:57:14
1411,1006,Hong Weng,F40-44,224,Female,United States,1:32:08,9:25,7:59:42,11:28,5:05:12,14:57:56
1412,384,Susanne Schaudig,F60-64,50,Female,Germany,1:37:09,8:36,7:31:21,11:25,5:30:05,14:58:35
1413,1178,Sara Andersson,F50-54,181,Female,Sweden,1:40:18,7:03,6:31:46,10:15,6:29:15,14:58:36
1414,1214,Michelle Lyman,F50-54,182,Female,United States,1:33:29,8:38,6:56:39,12:36,6:07:36,14:58:58
1415,1425,Cilje Bringsli Olaussen,F25-29,123,Female,Norway,1:42:57,5:16,7:07:29,5:11,5:58:50,14:59:43
1416,546,Giovanna Andreuccetti,F55-59,112,Female,United Kingdom,1:31:22,10:41,7:04:57,29:18,5:43:42,15:00:00
1417,164,Sydney Roe,F35-39,191,Female,United States,1:09:18,7:20,7:30:45,13:25,5:59:24,15:00:12
1418,1277,Nancy Werbrouck,F50-54,183,Female,Belgium,1:59:15,10:02,7:22:52,12:55,5:15:15,15:00:19
1419,1709,Sarah Weind,F45-49,217,Female,Canada,1:09:57,8:40,6:53:15,11:47,6:36:48,15:00:28
1420,1718,Kairi Ustav,F45-49,218,Female,Estonia,1:38:41,5:44,7:18:21,11:51,5:46:08,15:00:46
1421,1738,Megan Gardam,F45-49,219,Female,United States,1:33:45,8:43,6:58:13,10:39,6:10:14,15:01:34
1422,1712,Sophie Moser,F45-49,220,Female,Morocco,1:26:35,7:29,6:46:21,16:40,6:25:04,15:02:09
1423,1240,Estrella Peinado Vara,F50-54,184,Female,Spain,1:52:59,9:35,7:35:34,11:41,5:12:24,15:02:13
1424,513,Gabriele ROIDL,F55-59,113,Female,Switzerland,1:35:09,5:59,7:06:08,11:35,6:05:15,15:04:06
1425,1526,XIANG NING FU,F45-49,221,Female,Taiwan,1:41:52,12:18,7:50:23,14:14,5:05:48,15:04:35
1426,165,Alex Tennant,F35-39,192,Female,United Kingdom,1:38:36,7:58,6:38:43,9:23,6:30:18,15:04:58
1427,358,Kathy Roche,F60-64,51,Female,United States,1:29:22,14:34,7:08:41,12:50,6:00:57,15:06:24
1428,556,Laura Drake Cole,F55-59,114,Female,United States,1:24:20,5:23,6:59:33,9:37,6:27:33,15:06:25
1429,1269,Robyn Johns,F50-54,185,Female,Australia,1:40:57,7:32,7:54:02,6:53,5:18:37,15:08:02
1430,1127,Nuria Julia Martin Perez,F50-54,186,Female,Germany,1:23:55,10:56,7:14:10,14:00,6:05:51,15:08:52
1431,340,Amanda Radley,F60-64,52,Female,United Kingdom,1:25:30,13:07,7:12:26,20:18,5:57:31,15:08:53
1432,333,Gabriela Obregon,F60-64,53,Female,Argentina,2:00:54,12:38,6:59:34,12:40,5:43:31,15:09:17
1433,613,Krista Harms,F55-59,115,Female,United States,1:35:02,9:20,7:09:04,13:17,6:02:44,15:09:27
1434,456,Barb Carson,F70-74,6,Female,New Zealand,1:57:51,7:30,7:23:25,11:26,5:29:40,15:09:53
1435,968,Ya-Lan Huang,F40-44,225,Female,Taiwan,1:48:03,9:04,6:58:16,14:28,6:00:23,15:10:14
1436,107,Carla Simon,FPC/ID,,Female,United States,1:37:56,8:52,7:19:57,7:12,5:56:43,15:10:40
1437,849,Lok Man Katherine Pang,F40-44,226,Female,Hong Kong,1:23:14,8:50,6:17:48,10:00,7:11:01,15:10:53
1438,604,Lynn Brannon,F55-59,116,Female,United States,1:30:58,6:56,7:09:10,11:55,6:12:20,15:11:19
1439,439,Druanne Fridsma,F65-69,14,Female,United States,1:28:40,13:30,7:34:51,17:25,5:37:06,15:11:32
1440,1780,Joy Mcadams,F50-54,187,Female,United States,1:32:59,8:47,6:52:45,10:11,6:26:59,15:11:41
1441,337,Andrea Faulk,F60-64,54,Female,United States,1:58:45,10:48,7:03:42,15:35,5:42:54,15:11:45
1442,369,Keiko Nakakarumai,F60-64,55,Female,Japan,1:28:58,9:52,7:55:55,9:17,5:28:38,15:12:40
1443,426,jane wright,F65-69,15,Female,United States,1:37:39,7:58,7:05:31,13:24,6:08:33,15:13:04
1444,352,Linda Fischer,F60-64,56,Female,Canada,1:27:27,10:39,7:28:23,12:11,5:54:33,15:13:13
1445,889,Mayumi Onimaru,F40-44,227,Female,Japan,1:38:34,11:40,7:44:18,15:12,5:24:28,15:14:12
1446,461,Nancy Ripley,F70-74,7,Female,Canada,1:58:27,9:05,7:27:23,9:10,5:30:20,15:14:24
1447,364,Jodi Graman,F60-64,57,Female,United States,1:42:43,7:56,7:23:49,12:48,5:47:30,15:14:46
1448,368,Katy Freitag,F60-64,58,Female,United States,1:27:55,7:54,7:28:36,9:57,6:00:59,15:15:22
1449,1683,Jeni Goddard,F45-49,222,Female,Australia,1:55:25,9:48,7:07:56,12:10,5:50:21,15:15:38
1450,1180,Manuela Fischer,F50-54,188,Female,Austria,1:37:45,7:32,7:01:47,9:34,6:19:07,15:15:45
1451,1601,Jesse Whitaker,F45-49,223,Female,United States,1:15:17,7:44,6:37:24,15:45,6:59:58,15:16:08
1452,1291,Fiona Betts,F50-54,189,Female,United Kingdom,1:30:00,10:32,7:41:44,16:47,5:37:37,15:16:40
1453,404,Yali Fu,F60-64,59,Female,United States,1:33:28,9:43,7:10:00,11:27,6:12:18,15:16:56
1454,390,Tina Maria Norskov-Erichsen,F60-64,60,Female,Denmark,1:56:22,9:45,7:41:32,7:36,5:21:43,15:16:58
1455,896,Mana Akana,F40-44,228,Female,United States,1:40:23,11:05,7:02:54,10:55,6:12:53,15:18:10
1456,472,Tari Kelly,F55-59,117,Female,Canada,1:17:58,8:36,6:26:35,13:40,7:11:31,15:18:20
1457,1204,Louise Brennan,F50-54,190,Female,Ireland,1:37:07,12:51,7:22:55,12:53,5:52:47,15:18:32
1458,1276,Lydie Antoine,F50-54,191,Female,France,1:28:42,7:08,6:59:33,9:14,6:34:31,15:19:08
1459,1715,Jamie Fornek,F45-49,224,Female,United States,1:35:38,6:31,7:28:08,8:39,6:00:36,15:19:31
1460,382,Trish Marshall,F60-64,61,Female,United States,1:27:03,14:06,6:57:51,13:42,6:27:13,15:19:55
1461,389,Yolanda Iribarren,F60-64,62,Female,Mexico,1:45:42,10:03,7:40:55,11:22,5:32:23,15:20:24
1462,406,Andrea Sauerbrei,F60-64,63,Female,Germany,1:47:52,9:22,7:10:36,12:02,6:01:18,15:21:11
1463,1697,Tammi Carter,F45-49,225,Female,Canada,1:25:56,11:21,7:13:02,15:56,6:15:18,15:21:33
1464,1537,Elda Carreon,F45-49,226,Female,Mexico,2:13:50,8:50,7:41:02,9:22,5:08:48,15:21:53
1465,1167,Stephanie Rivest,F50-54,192,Female,Canada,1:31:17,8:22,6:56:56,14:46,6:32:58,15:24:18
1466,1190,Heather Mcarthur,F50-54,193,Female,United States,1:26:05,8:53,7:00:47,9:16,6:39:20,15:24:21
1467,312,Rachel Salant,F35-39,193,Female,United States,1:26:02,8:00,7:00:55,14:02,6:35:49,15:24:48
1468,458,Cathy Tibbetts,F70-74,8,Female,United States,1:27:00,10:25,7:33:22,12:20,6:01:44,15:24:51
1469,545,Jackie Bunce,F55-59,118,Female,United States,1:49:16,16:22,7:26:44,15:01,5:37:29,15:24:52
1470,1157,Carrie Tallent,F50-54,194,Female,United States,1:24:58,10:10,6:57:54,9:54,6:43:14,15:26:11
1471,1146,Rebecca Crammond,F50-54,195,Female,Australia,1:14:17,7:51,7:37:47,10:21,6:16:39,15:26:53
1472,552,Amy Fletcher,F55-59,119,Female,United States,1:33:53,8:10,6:48:14,15:27,6:41:42,15:27:25
1473,1569,Jennifer Rickard,F45-49,227,Female,United States,1:46:21,7:54,7:22:12,11:27,6:00:06,15:28:00
1474,1185,Qingwen Meng,F50-54,196,Female,China,2:01:35,7:25,8:01:46,13:36,5:03:41,15:28:03
1475,584,Deb Condo,F55-59,120,Female,United States,1:34:41,6:55,7:21:17,8:50,6:17:11,15:28:54
1476,469,Nicole Priest,F55-59,121,Female,United States,1:38:48,8:31,7:41:39,11:15,5:49:20,15:29:34
1477,370,Joy Secritario,F60-64,64,Female,United States,1:39:02,9:03,7:09:15,10:33,6:21:54,15:29:47
1478,562,Elizabeth Sands,F55-59,122,Female,United States,1:07:38,10:51,6:37:25,14:07,7:20:07,15:30:08
1479,853,Silver Bohn,F40-44,229,Female,United States,1:13:18,8:14,7:15:13,12:43,6:41:44,15:31:12
1480,540,Silvia Antuna,F55-59,123,Female,Canada,1:35:42,14:10,7:13:50,14:00,6:13:36,15:31:18
1481,953,Liz Bondi,F40-44,230,Female,United States,1:54:57,11:02,6:51:01,15:51,6:19:24,15:32:15
1482,347,Noriko Kojima,F60-64,65,Female,Japan,1:31:01,13:22,7:55:51,13:28,5:38:56,15:32:37
1483,437,Jean Compton,F65-69,16,Female,Canada,1:22:45,12:11,7:58:33,15:08,5:45:11,15:33:48
1484,1229,FENG-YI WANG,F50-54,197,Female,Taiwan,1:58:46,14:41,7:29:51,11:46,5:41:13,15:36:16
1485,578,Debbie Rookes,F55-59,124,Female,United Kingdom,1:34:32,15:24,7:32:39,23:17,5:52:27,15:38:19
1486,599,Stanislawa Ferko-Czajkowska,F55-59,125,Female,Poland,1:44:57,8:25,7:04:57,12:39,6:27:25,15:38:23
1487,450,Hiroko Maru,F65-69,17,Female,Japan,1:38:13,9:23,7:28:53,13:06,6:09:32,15:39:07
1488,459,Loree Bolin,F70-74,9,Female,United States,1:39:54,7:01,7:35:37,11:30,6:07:56,15:41:58
1489,483,Michelle Wilson,F55-59,126,Female,Canada,1:28:17,8:10,7:51:59,8:55,6:05:01,15:42:22
1490,1226,Tomomi Ueda,F50-54,198,Female,Japan,1:25:46,11:38,7:25:48,11:21,6:28:09,15:42:43
1491,1736,Marianne Sobral,F45-49,228,Female,Brazil,1:51:17,8:59,7:07:38,10:12,6:26:20,15:44:26
1492,497,Lijia Liu,F55-59,127,Female,China,1:42:58,22:05,7:09:30,13:11,6:17:37,15:45:22
1493,1553,Koga Rie,F45-49,229,Female,Japan,1:33:36,8:01,6:45:26,13:16,7:05:12,15:45:31
1494,1472,Aoi Shibata,F18-24,57,Female,Japan,1:34:46,5:00,8:28:02,5:13,5:32:32,15:45:33
1495,1126,Angela Hubber,F50-54,199,Female,Canada,1:33:02,10:17,6:56:14,14:32,6:51:41,15:45:47
1496,1066,Shelby Hood,F40-44,231,Female,Australia,1:15:35,7:49,7:23:18,9:58,6:49:47,15:46:27
1497,1772,Kathy Crawford,F55-59,128,Female,United States,1:49:22,9:50,7:33:22,13:33,6:00:25,15:46:31
1498,595,Jill Walker,F55-59,129,Female,United States,1:22:47,7:48,7:31:46,8:50,6:35:56,15:47:06
1499,256,Carolina Militão,F35-39,194,Female,Brazil,1:36:56,12:28,7:13:37,10:32,6:33:42,15:47:14
1500,1775,Jaeyeon An,F55-59,130,Female,Korea,1:40:10,15:41,7:50:28,9:33,5:52:12,15:48:04
1501,342,Sophia Lal,F60-64,66,Female,United States,1:31:38,10:42,7:27:41,13:14,6:25:14,15:48:28
1502,1764,Angela Paternostro-Pfister,F45-49,230,Female,United States,1:41:23,5:59,6:57:35,12:32,6:52:12,15:49:41
1503,1717,Hanna Törnlöv,F45-49,231,Female,Sweden,1:40:54,15:16,7:20:37,14:08,6:19:08,15:50:03
1504,451,Mary Torre,F65-69,18,Female,Switzerland,1:32:39,9:23,7:15:36,11:52,6:40:43,15:50:13
1505,1435,Penelope Thomas,F25-29,124,Female,United Kingdom,1:48:52,5:46,7:29:31,8:34,6:17:57,15:50:39
1506,606,Terri Jaksha,F55-59,131,Female,United States,1:22:21,8:52,7:26:47,12:27,6:40:39,15:51:06
1507,1222,Melissa Selvidge,F50-54,200,Female,United States,1:32:22,8:49,7:43:18,10:57,6:15:56,15:51:22
1508,438,Jane Shumka,F65-69,19,Female,Canada,1:25:46,9:33,7:47:49,13:52,6:14:25,15:51:25
1509,465,Sunny Mckee,F75-79,1,Female,United States,1:30:59,7:23,7:52:53,9:41,6:10:54,15:51:50
1510,1211,Sarah Day,F50-54,201,Female,United States,1:46:56,8:25,7:16:41,12:17,6:27:37,15:51:55
1511,1244,Lotta Nordbeck,F50-54,202,Female,Sweden,1:21:57,7:24,7:37:42,17:53,6:27:15,15:52:12
1512,1026,Shiho Sato,F40-44,232,Female,Japan,1:38:07,7:50,6:51:54,8:28,7:06:25,15:52:44
1513,558,Melissa Grieco,F55-59,132,Female,United States,1:28:44,9:35,7:14:46,15:10,6:45:29,15:53:43
1514,429,nagako fukumoto,F65-69,20,Female,Japan,1:41:05,10:28,7:49:00,9:53,6:03:36,15:54:02
1515,539,NAOMI SUNAHASE,F55-59,133,Female,Japan,1:49:41,9:35,7:57:10,11:54,5:45:43,15:54:03
1516,481,Stephanie Davis,F55-59,134,Female,United States,1:25:12,13:44,7:46:29,12:40,6:16:18,15:54:22
1517,1545,Priscilla Otto,F45-49,232,Female,United States,1:38:56,12:40,7:31:34,11:11,6:21:01,15:55:22
1518,500,Malinda Sweat,F55-59,135,Female,United States,2:03:33,8:00,7:20:05,13:37,6:10:24,15:55:39
1519,453,Pamela Hoyt,F65-69,21,Female,United States,1:46:31,12:05,7:27:06,10:59,6:19:20,15:56:01
1520,1530,Sara Miall,F45-49,233,Female,Canada,1:46:00,11:03,7:14:25,12:19,6:35:12,15:59:00
1521,446,Nancy Peters,F65-69,22,Female,United States,1:25:27,8:07,7:30:56,7:50,6:47:28,15:59:48
1522,1521,Dominique Gütle,F45-49,234,Female,Germany,1:14:57,7:45,6:23:34,13:03,8:01:25,16:00:44
1523,596,Cheryl Bergeron,F55-59,136,Female,United States,1:28:59,16:24,7:24:09,18:10,6:33:04,16:00:45
1524,898,Tiffany Claeys,F40-44,233,Female,Belgium,1:23:10,8:27,7:13:43,9:08,7:06:21,16:00:49
1525,367,Shigeko Komata,F60-64,67,Female,Japan,1:31:13,9:51,7:49:42,16:03,6:14:35,16:01:23
1526,442,Laura Hudson,F65-69,23,Female,United States,1:40:38,7:52,7:41:52,9:37,6:24:22,16:04:21
1527,109,Ashley Norton,FPC/ID,,Female,United States,1:54:42,5:31,7:27:12,4:11,6:33:00,16:04:36
1528,502,Dina Altayeb,F55-59,137,Female,Saudi Arabia,1:39:17,8:32,7:36:01,12:25,6:28:32,16:04:48
1529,403,RUKA ANDO,F60-64,68,Female,Japan,1:42:14,11:52,7:29:56,9:44,6:32:50,16:06:35
1530,391,Sue Ducros,F60-64,69,Female,Canada,1:19:24,6:42,7:19:34,21:11,7:00:06,16:06:57
1531,417,Wendy Rockafellow,F60-64,70,Female,Canada,1:28:36,7:31,7:57:26,13:47,6:21:13,16:08:32
1532,422,MARCIA REGINA S RIOS,F65-69,24,Female,Brazil,2:09:54,10:05,7:23:09,13:29,6:12:21,16:08:59
1533,407,Myeongsuk Lee,F60-64,71,Female,Korea,1:40:32,12:24,7:39:27,14:40,6:22:20,16:09:24
1534,425,Renie Burbank,F65-69,25,Female,United States,1:49:26,12:47,7:34:27,10:41,6:22:07,16:09:29
1535,1487,Grace Gerwe,F18-24,58,Female,United States,1:23:47,8:00,7:50:23,12:39,6:35:32,16:10:20
1536,1771,Jane Anderson,F55-59,138,Female,Australia,1:26:03,9:46,7:17:23,9:54,7:09:15,16:12:21
1537,260,Ashleigh Janairo,F35-39,195,Female,United States,1:28:23,5:51,7:28:55,9:44,7:00:05,16:12:59
1538,1171,Christina Schiffner Santschi,F50-54,203,Female,United States,1:29:45,12:17,7:27:01,15:56,6:50:46,16:15:46
1539,1182,Dana Clewlow-Bray,F50-54,204,Female,United States,1:44:15,12:56,7:32:17,12:57,6:33:50,16:16:13
1540,630,Christina Vance,F30-34,196,Female,United States,1:27:35,13:17,7:34:46,11:22,6:49:40,16:16:40
1541,735,Marina Andresen,F30-34,197,Female,Switzerland,1:46:06,7:27,7:35:50,9:34,6:38:08,16:17:06
1542,282,Stephanie Dannenberg,F35-39,196,Female,United States,1:46:08,19:15,7:35:30,14:22,6:21:57,16:17:13
1543,387,Ilona Heerdt,F60-64,72,Female,Netherlands,1:31:38,9:23,7:57:44,12:05,6:29:15,16:20:05
1544,626,Jeonghyeon Kim,F30-34,198,Female,Korea,1:31:01,8:46,7:50:45,9:07,6:42:12,16:21:51
1545,300,Mari Tsuchida,F35-39,197,Female,Japan,1:25:40,8:57,7:25:13,15:11,7:08:01,16:23:03
1546,1000,Jen Barja,F40-44,234,Female,United States,1:33:24,15:21,7:36:42,21:59,6:35:46,16:23:12
1547,1147,Mira Kim,F50-54,205,Female,Korea,1:57:59,14:11,7:33:09,12:20,6:27:58,16:25:38
1548,345,Lauren Cepeda,F60-64,73,Female,United States,1:37:22,8:37,7:52:00,14:34,6:33:39,16:26:12
1549,1160,Kimberlee Franklin,F50-54,206,Female,Australia,1:42:12,16:06,7:45:06,12:51,6:30:26,16:26:41
1550,363,Jacqueline Muñiz-Groenendyk,F60-64,74,Female,United States,1:22:01,10:46,7:53:29,15:42,6:44:44,16:26:42
1551,401,Marjorie Van Rooyen,F60-64,75,Female,Australia,1:33:09,7:19,8:17:00,7:09,6:22:27,16:27:04
1552,341,Sharon Foster,F60-64,76,Female,United States,2:14:17,6:37,7:38:43,10:45,6:19:01,16:29:21
1553,484,Kathi Cover,F55-59,139,Female,United States,1:40:16,11:54,7:51:56,17:45,6:27:59,16:29:51
1554,1105,Jodi Dodge,F50-54,207,Female,Canada,1:50:23,8:41,7:29:32,17:08,6:44:40,16:30:24
1555,1165,Rupinder Sidhu,F50-54,208,Female,United Kingdom,1:46:31,12:41,7:24:53,17:30,6:49:25,16:31:01
1556,1640,Trisha Turner,F45-49,235,Female,United States,1:25:21,4:54,6:59:44,9:41,7:52:49,16:32:30
1557,1546,Akila Ogrady,F45-49,236,Female,United States,1:44:24,14:14,7:34:49,17:17,6:42:28,16:33:11
1558,436,Hiroko Kishimoto,F65-69,26,Female,Japan,1:27:39,11:13,7:59:03,10:45,6:44:58,16:33:37
1559,462,Patricia Rosen,F70-74,10,Female,United States,1:39:35,11:13,8:03:06,10:50,6:28:58,16:33:42
1560,1480,Abigail Lee,F18-24,59,Female,Canada,1:27:28,7:10,7:35:02,14:05,7:10:34,16:34:19
1561,343,Terri (Barbara Therese) Menghini,F60-64,77,Female,United States,1:34:21,13:25,7:40:28,20:08,6:46:02,16:34:24
1562,398,Judith Torel,F60-64,78,Female,United States,2:03:54,13:59,7:11:59,16:38,6:49:34,16:36:03
1563,215,Gabriella Waller,F35-39,198,Female,Hungary,1:49:22,8:58,7:51:12,10:56,6:43:10,16:43:37
1564,467,Natalie Grabow,F80-84,1,Female,United States,1:47:41,11:02,7:51:27,15:05,6:40:11,16:45:26
1565,395,Helge Seeck,F60-64,79,Female,Germany,1:42:56,10:15,8:21:03,8:15,6:24:18,16:46:48
1566,547,Amy Shelly,F55-59,140,Female,United States,1:42:04,6:49,8:09:52,8:50,6:43:26,16:50:59
1567,1714,Michelle Cooper,F45-49,237,Female,Australia,1:32:33,9:34,7:50:29,10:17,7:09:36,16:52:28
,258,Alanna Hollborn,F35-39,,Female,United States,,,,,,
,612,Lauren Thompson,F55-59,,Female,United States,1:25:46,6:41,6:40:45,20:45,,
,6,Taylor Knibb,FPRO,,Female,United States,51:00,2:36,4:31:00,2:18,,
,1493,Clara LEGRAND,F18-24,,Female,France,1:28:55,4:30,,,,
,103,Liza James,FPC/ID,,Female,United States,2:02:28,8:06,,,,
,1588,Ingrid Hansen,F45-49,,Female,South Africa,,,,,,
,509,Montse Pena,F55-59,,Female,Australia,,,,,,
,321,Kristen Johns,F35-39,,Female,United States,,,,,,
,965,Tanya Zucco,F40-44,,Female,United Kingdom,,,,,,
,1524,Kate Looney,F45-49,,Female,United States,1:17:37,6:31,,,,
,580,Cari Junge,F55-59,,Female,United States,1:48:17,8:07,8:17:13,10:17,6:52:17,
,433,Mary Mitchell,F65-69,,Female,Australia,2:13:08,5:13,6:35:23,7:39,,
,694,Júlia Lopes,F30-34,,Female,Portugal,,,,,,
,314,Noriko Kumehara,F35-39,,Female,Japan,,,,,,
,1300,Jennifer Scalise-Marinofsky,F50-54,,Female,United States,,,,,,
,226,Efstratia Papadopoulou,F35-39,,Female,Greece,,,,,,
,447,Rosie Spicer,F65-69,,Female,Australia,1:36:56,7:47,6:01:23,7:22,,
,114,Amy Dodson,FPC/ID,,Female,United States,,,,,,
,624,Hannah Hartlieb,F30-34,,Female,Germany,,,,,,
,402,Xelo Mas  Molió,F60-64,,Female,Spain,,,,,,
,802,Kelly Kittle,F30-34,,Female,United States,,,,,,
,393,Christine Glah,F60-64,,Female,United States,1:14:02,5:21,6:12:21,9:17,,
,428,Crystal Pomeroy,F65-69,,Female,United States,1:41:43,8:49,7:19:18,,,
,1228,Colleen Brown,F50-54,,Female,United States,1:56:07,20:03,7:52:27,14:51,6:45:16,
,565,Päivi Tryyki,F55-59,,Female,Finland,1:23:38,7:45,6:24:23,,,
,1490,Sanjana Reddy,F18-24,,Female,India,1:36:01,6:51,7:24:22,10:59,,
,396,Kathleen Thomas,F60-64,,Female,United States,1:31:34,8:19,,,,
,1766,Sarah Weare,F45-49,,Female,United Kingdom,1:31:15,6:01,7:03:49,11:22,,
,1600,Vania Franklin,F45-49,,Female,Brazil,1:39:42,12:13,,,,
,733,Dana Stowell,F30-34,,Female,United States,1:25:17,5:02,6:19:43,,,
,1635,Monnalisa Granai,F45-49,,Female,Italy,,,,,,
,935,Ashley Hill,F40-44,,Female,United States,,,,,,
,3,Chelsea Sodaro,FPRO,,Female,United States,51:09,2:15,,,,
,197,Chen Wang,F35-39,,Female,China,,,,,,
,805,Kristina Koepke,F30-34,,Female,Germany,1:02:54,3:54,,,,
,445,Nelly Wojtasinski,F65-69,,Female,France,1:32:20,5:22,6:36:04,7:36,,
,655,Kelsey Deinhammer,F30-34,,Female,United States,1:11:37,6:11,,,,
,1323,Vaishnavi Nanaware,F25-29,,Female,India,,,,,,
,561,Renee Vincel,F55-59,,Female,United States,1:27:59,5:06,6:12:24,6:24,,
,108,TRI DAT 365,FGUIDE,,Open,United States,1:37:48,9:02,7:27:10,,,
,124,Denise Hiemann,F35-39,,Female,Germany,1:05:52,3:24,5:11:16,3:30,,
,1331,Ariana Luterman,F25-29,,Female,United States,,,,,,
,8,Penny Slater,FPRO,,Female,Australia,55:47,2:50,5:02:08,4:57,,
,1015,Carolina Pecegueiro,F40-44,,Female,Portugal,1:19:44,9:34,,,,
,419,Debby Wilson,F60-64,,Female,United States,2:58:23,,,,,
,1748,Joanna Dillon,F45-49,,Female,United Kingdom,,,,,,
,5,Lucy Charles-Barclay,FPRO,,Female,United Kingdom,49:26,2:37,4:33:58,2:34,,
,703,Caitlin Chandler,F30-34,,Female,Australia,,,,,,
,1074,Laura Nichols,F40-44,,Female,United States,,,,,,
,394,Karen Waterboer,F60-64,,Female,Germany,1:12:07,4:55,7:02:38,,,
,1189,Allana Cameron,F50-54,,Female,Canada,,,,,,
,34,Rebecca Anderbury,FPRO,,Female,United Kingdom,1:00:59,2:19,4:50:29,4:59,,
,466,Cullen Goodyear,F75-79,,Female,Canada,1:52:26,13:14,7:34:35,19:20,,
,934,Vivian Eisig,F40-44,,Female,Brazil,,,,,,
,1363,Barbara Jakóbczyk,F25-29,,Female,Poland,1:20:27,6:40,5:55:37,7:37,,
,9,Lotte Wilms,FPRO,,Female,Netherlands,51:08,2:50,5:06:43,,,
,1143,Jennifer Chebi,F50-54,,Female,United States,,,,,,
,18,Julie Derron,FPRO,,Female,Switzerland,,,,,,
,1643,Johanna Hudson,F45-49,,Female,Canada,1:23:09,4:36,5:45:37,7:31,,
,216,Olivia Ghisoni,F35-39,,Female,France,1:06:41,3:36,,,,
,1461,Daisy Baker,F18-24,,Female,United Kingdom,1:14:06,6:21,6:03:12,10:05,,
,601,Geraldine Abuan,F55-59,,Female,Philippines,1:49:56,10:20,8:32:57,,,
,167,Marie-Cristine Kaptan,F35-39,,Female,Switzerland,,,,,,
,350,Annemarie Kilshaw,F60-64,,Female,Australia,1:25:31,7:29,7:44:26,,,
,534,Lisa Ann Oliveira,F55-59,,Female,United States,2:02:53,11:23,8:34:07,,,
,1745,Amelia Shepherd-Smith,F45-49,,Female,Australia,,,,,,
,423,Rebekah Ashby,F65-69,,Female,Australia,1:48:59,7:47,8:07:15,11:44,,
,1231,Sanna Almstedt,F50-54,,Female,Germany,1:37:38,9:13,6:09:13,13:48,,
,51,Els Visser,FPRO,,Female,Netherlands,,,,,,
,104,Beth Ann Hodges-James,FGUIDE,,Female,United States,2:02:48,7:55,,,,
,1161,Mieke Hemstreet,F50-54,,Female,United States,,,,,,
,1513,Sasha Burton,F18-24,,Female,United States,1:14:14,5:41,,,,
,819,Anne Cremer-Langfermann,F30-34,,Female,Germany,,,,,,
,379,Deb Vanderpool,F60-64,,Female,United States,1:30:52,6:52,7:22:44,,,
,611,Lori Pacheco,F55-59,,Female,United States,1:48:41,10:38,7:33:51,16:30,7:14:58,
,1203,Mary Tanner,F50-54,,Female,United States,1:33:53,5:19,6:33:36,,,
,598,Brenda Smith,F55-59,,Female,United States,1:45:52,10:40,,,,
,1498,Sarah White,F18-24,,Female,Australia,,,,,,
,7,Marta Sanchez,FPRO,,Female,Spain,51:04,2:18,4:47:26,3:24,,
,410,Jackie Nunes,F60-64,,Female,United States,,,,,,
,488,Cissy Blanchard,F55-59,,Female,United States,,,,,,
,434,Laurie Lukanich,F65-69,,Female,United States,1:31:20,10:36,,,,
,460,Leslie Mellet,F70-74,,Female,United States,1:24:41,7:45,,,,
,591,Melinda Nagle,F55-59,,Female,United States,1:19:07,7:39,6:13:08,9:10,,
,836,Allison Hall,F30-34,,Female,United States,,,,,,
,1616,Erika Lilley,F45-49,,Female,United States,,,,,,
,680,Amelie Ingenbleek,F30-34,,Female,Germany,1:12:04,6:01,5:24:04,,,
,440,Beth Brooks,F65-69,,Female,United States,1:21:43,7:38,8:11:58,11:29,,
,470,Carolin Knobelspies,F55-59,,Female,United States,,,,,,
,55,Rachel Olson,FPRO,,Female,United States,54:27,3:02,5:47:36,4:46,,
,49,Jeanne Collonge,FPRO,,Female,France,59:50,2:54,5:06:19,3:16,,
,241,Alison Passat,F35-39,,Female,France,,,,,,
,1455,Liv Stirling,F18-24,,Female,United Kingdom,1:14:10,4:45,,,,
,54,Justine Mathieux,FPRO,,Female,France,55:45,2:29,,,,
,383,Antje Herrmann,F60-64,,Female,Germany,1:52:55,7:18,7:04:05,11:11,,
,375,Sophie Chouidira Merlin,F60-64,,Female,France,1:56:52,10:24,7:39:53,,,
,1755,Joyce Leary,F45-49,,Female,United States,1:09:46,5:48,,,,
,1591,Kimberly Thompson,F45-49,,Female,United States,1:26:13,7:02,6:46:43,,,
,1043,Kimiko Uji,F40-44,,Female,Japan,1:10:40,,,4:17,,
,1038,Karen Burbella,F40-44,,Female,United States,,,,,,
,1441,Kristin Jenny,F25-29,,Female,United States,1:07:38,4:54,,,,
,1306,Beni Gras-Thompson,F50-54,,Female,United States,,,,,,
,477,Melanie Kroniger,F55-59,,Female,Germany,1:06:23,4:32,6:47:55,12:14,,
,1283,Ira May,F50-54,,Female,Germany,1:25:35,7:02,6:14:20,,,
,1610,Ines Najvirt,F45-49,,Female,Slovenia,,,,,,
,1298,Akiyo Orito,F50-54,,Female,Japan,,,,,,
