Place,Bib,Name,Age_Group,Group_Rank,Class,Club,Swim,T1,Bike,T2,Run,Finish
1,1,"Lange, Patrick",MPRO,1,Open,Germany,50:37,2:05,4:16:04,2:22,2:41:31,7:52:39
2,16,"Aernouts, Bart",MPRO,2,Open,Belgium,54:07,2:07,4:12:25,2:21,2:45:41,7:56:41
3,5,"Mcnamee, David",MPRO,3,Open,United Kingdom,49:31,2:05,4:21:18,2:12,2:46:03,8:01:09
4,43,"O'Donnell, Timothy",MPRO,4,Open,United States,47:45,2:14,4:18:45,2:00,2:52:33,8:03:17
5,10,"Currie, Braden",MPRO,5,Open,New Zealand,49:28,2:03,4:17:17,2:15,2:53:38,8:04:41
6,58,"Russell, Matt",MPRO,6,Open,United States,54:02,1:55,4:12:58,2:54,2:52:56,8:04:45
7,24,"Skipper, Joe",MPRO,7,Open,United Kingdom,50:53,2:24,4:15:41,2:41,2:54:15,8:05:54
8,14,"Potts, Andy",MPRO,8,Open,United States,49:33,2:04,4:18:51,2:39,2:56:27,8:09:34
9,19,"Wurf, Cameron",MPRO,9,Open,Australia,50:51,2:04,4:09:06,2:13,3:06:18,8:10:32
10,21,"Weiss, Michael",MPRO,10,Open,Austria,54:14,2:50,4:11:27,2:31,3:00:02,8:11:04
11,7,"Gomez Noya, Javier",MPRO,11,Open,Spain,47:46,2:00,4:19:44,2:47,2:59:24,8:11:41
12,20,"Van Berkel, Tim",MPRO,12,Open,Australia,50:39,2:13,4:27:47,2:32,2:50:36,8:13:47
13,42,"Dreitz, Andreas",MPRO,13,Open,Germany,50:56,2:28,4:15:17,2:31,3:02:50,8:14:02
14,41,"Wild, Ruedi",MPRO,14,Open,Switzerland,50:48,2:20,4:19:48,3:31,2:58:04,8:14:31
15,28,"Koutny, Philipp",MPRO,15,Open,Switzerland,50:39,2:20,4:19:58,2:44,3:00:17,8:15:58
16,39,"Phillips, Mike",MPRO,16,Open,New Zealand,50:45,2:02,4:25:04,2:28,2:57:35,8:17:54
17,6,"Cunnama, James",MPRO,17,Open,South Africa,50:41,2:28,4:21:02,2:07,3:02:00,8:18:18
18,51,"Reed, Tim",MPRO,18,Open,Australia,50:45,2:17,4:19:56,2:28,3:03:47,8:19:13
19,25,"Clavel, Maurice",MPRO,19,Open,Germany,47:43,2:00,4:19:01,2:14,3:08:42,8:19:40
20,50,"Molinari, Giulio",MPRO,20,Open,Italy,47:51,2:28,4:18:38,2:48,3:10:07,8:21:52
21,48,"Plese, David",MPRO,21,Open,Slovenia,54:02,2:26,4:12:27,3:10,3:11:28,8:23:33
22,1685,"Plews, Dan",M35-39,1,Open,New Zealand,54:47,2:27,4:32:55,3:31,2:50:56,8:24:36
23,44,"Brown, Cameron",MPRO,22,Open,New Zealand,54:16,2:06,4:28:56,4:38,2:55:34,8:25:30
24,15,"Buckingham, Kyle",MPRO,23,Open,South Africa,50:44,2:10,4:20:17,2:36,3:10:14,8:26:01
25,3001,"Ryf, Daniela",FPRO,1,Female,Switzerland,57:27,3:22,4:26:07,2:17,2:57:05,8:26:18
26,26,"Van Berkel, Jan",MPRO,24,Open,Switzerland,50:32,2:04,4:30:49,2:17,3:01:21,8:27:03
27,18,"Rana, Ivan",MPRO,25,Open,Spain,48:21,1:54,4:32:26,2:32,3:02:39,8:27:52
28,46,"Chevrot, Denis",MPRO,26,Open,France,47:41,2:00,4:37:58,3:14,2:59:03,8:29:56
29,31,"Mckenzie, Luke",MPRO,27,Open,Australia,50:46,2:24,4:27:26,2:27,3:07:29,8:30:32
30,2,"Sanders, Lionel",MPRO,28,Open,Canada,53:59,2:03,4:16:58,2:08,3:15:26,8:30:34
31,32,"Butterfield, Tyler",MPRO,29,Open,Bermuda,50:42,2:07,4:31:26,2:25,3:03:58,8:30:38
32,2235,"Svenningsson, Rasmus",M25-29,1,Open,Sweden,55:23,2:12,4:28:08,3:01,3:05:17,8:34:01
33,22,"Amorelli, Igor",MPRO,30,Open,Brazil,47:54,2:16,4:18:33,2:50,3:22:48,8:34:21
34,27,"Costes, Antony",MPRO,31,Open,France,47:49,2:13,4:18:53,2:26,3:24:43,8:36:04
35,3002,"Charles, Lucy",FPRO,2,Female,United Kingdom,48:14,2:10,4:38:10,2:10,3:05:50,8:36:34
36,2259,"Mortensen, Mikkel",M25-29,2,Open,Denmark,55:46,3:13,4:32:59,2:16,3:02:34,8:36:48
37,2045,"Olsen, Mikkel Hojborg",M30-34,1,Open,Denmark,55:24,2:11,4:34:19,2:08,3:03:13,8:37:15
38,1699,"Stormo, Lars Petter",M35-39,2,Open,Norway,55:36,2:23,4:32:06,2:20,3:05:02,8:37:27
39,1964,"Emge, Clay",M30-34,2,Open,United States,55:31,2:38,4:35:08,3:17,3:01:01,8:37:35
40,1842,"Marques, Sergio",M35-39,3,Open,Portugal,57:56,2:21,4:35:22,2:42,3:00:08,8:38:29
41,11,"Van Lierde, Frederik",MPRO,32,Open,Belgium,50:30,2:00,4:26:48,2:33,3:16:57,8:38:48
42,23,"Hanson, Matt",MPRO,33,Open,United States,54:26,2:18,4:29:11,3:29,3:10:34,8:39:58
43,37,"Petersen-Bach, Jens",MPRO,34,Open,Denmark,54:11,2:12,4:40:51,2:38,3:00:16,8:40:08
44,1970,"Giuliano, Ryan",M30-34,3,Open,United States,59:01,2:39,4:38:01,2:19,2:58:09,8:40:09
45,2043,"Malone, Matthew",M30-34,4,Open,United States,57:52,2:31,4:34:59,2:51,3:02:25,8:40:38
46,1706,"Veldeman, Toon",M35-39,4,Open,Belgium,55:32,3:08,4:30:30,2:31,3:09:43,8:41:24
47,2087,"Soukup, Petr",M30-34,5,Open,Czech Republic,53:06,2:14,4:39:29,2:27,3:04:24,8:41:40
48,3035,"Haug, Anne",FPRO,3,Female,Germany,54:21,2:03,4:47:45,2:29,2:55:20,8:41:58
49,2122,"Lomholt, Lars",M30-34,6,Open,Denmark,1:01:32,3:33,4:32:44,3:10,3:01:31,8:42:30
50,3009,"True, Sarah",FPRO,4,Female,United States,52:06,2:23,4:49:19,2:17,2:57:38,8:43:43
51,2024,"Drake, Robert",M30-34,7,Open,United Kingdom,59:00,3:35,4:30:46,2:07,3:08:37,8:44:05
52,38,"Viennot, Cyril",MPRO,35,Open,France,50:43,2:27,4:23:23,2:48,3:24:51,8:44:12
53,57,"Don, Tim",MPRO,36,Open,United Kingdom,50:34,2:12,4:19:11,3:25,3:29:55,8:45:17
54,2070,"Eddy, Neil",M30-34,8,Open,United Kingdom,51:26,2:44,4:37:37,2:58,3:10:53,8:45:38
55,1808,"Clark, David",M35-39,5,Open,Australia,53:10,3:02,4:33:47,2:58,3:13:32,8:46:29
56,1776,"Olejniczak, Mariusz",M35-39,6,Open,Poland,1:01:01,2:57,4:33:05,2:26,3:07:20,8:46:49
57,2307,"Phillips, Ben",M25-29,3,Open,New Zealand,51:37,2:25,4:36:08,2:59,3:14:20,8:47:29
58,1394,"Clerbout, Bruno",M40-44,1,Open,Belgium,56:04,2:33,4:30:28,2:48,3:15:47,8:47:40
59,1652,"De Korver, Derk",M35-39,7,Open,Netherlands,1:01:35,2:34,4:38:12,3:03,3:02:44,8:48:08
60,45,"Guillaume, Romain",MPRO,37,Open,France,50:38,2:06,4:27:18,3:50,3:24:16,8:48:08
61,56,"Baldwin, Nick",MPRO,38,Open,Seychelles,54:04,2:25,4:34:47,4:16,3:14:44,8:50:16
62,1376,"Verbeke, Bert",M40-44,2,Open,Belgium,54:56,2:35,4:30:55,2:47,3:19:20,8:50:33
63,3011,"Carfrae, Mirinda",FPRO,5,Female,Australia,58:18,1:59,4:46:05,2:42,3:01:41,8:50:45
64,2124,"Mcneile, Edward",M30-34,9,Open,New Zealand,51:54,2:41,4:46:04,2:24,3:07:47,8:50:50
65,54,"Cochrane, Simon",MPRO,39,Open,New Zealand,52:27,2:15,4:37:17,2:28,3:16:27,8:50:54
66,2085,"Sapieha, Nicolas",M30-34,10,Open,Belgium,53:06,4:57,4:25:18,3:45,3:24:08,8:51:14
67,1779,"Rueß, Dominik",M35-39,8,Open,Germany,53:45,3:24,4:31:11,3:26,3:19:48,8:51:34
68,2290,"De Grooff, David",M25-29,4,Open,Belgium,53:14,2:21,4:42:46,2:35,3:10:49,8:51:45
69,2417,"Schaffeld, Timo",M18-24,1,Open,Germany,57:49,1:56,4:32:30,2:15,3:17:20,8:51:50
70,1653,"Della Maggiora, Eduardo",M35-39,9,Open,Chile,57:54,3:31,4:36:08,3:53,3:10:30,8:51:56
71,2244,"Borg, Johan",M25-29,5,Open,Australia,57:20,4:03,4:37:10,3:34,3:09:50,8:51:57
72,1750,"Wermskog, Jarle",M35-39,10,Open,Norway,1:04:37,3:34,4:32:37,2:58,3:08:21,8:52:07
73,1984,"Margot, Arnaud",M30-34,11,Open,Switzerland,1:00:41,2:36,4:27:30,2:35,3:18:57,8:52:19
74,2020,"Chevalier, Benoit",M30-34,12,Open,Belgium,1:01:42,3:52,4:46:22,3:02,2:57:24,8:52:22
75,3003,"Crowley, Sarah",FPRO,6,Female,Australia,54:19,2:12,4:43:09,2:21,3:10:29,8:52:30
76,2298,"Halonen, Juha-Matti",M25-29,6,Open,Finland,56:22,2:18,4:36:25,2:28,3:15:07,8:52:40
77,30,"Starykowicz, Andrew",MPRO,40,Open,United States,49:34,2:19,4:12:18,3:42,3:44:48,8:52:41
78,47,"Vinhal, Thiago",MPRO,41,Open,Brazil,50:32,2:54,4:56:53,3:22,2:59:15,8:52:56
79,33,"Clarke, Will",MPRO,42,Open,United Kingdom,50:39,2:17,4:22:21,2:30,3:35:16,8:53:03
80,1447,"Brinkmann, Marc",M40-44,3,Open,Germany,1:02:20,3:07,4:31:47,3:27,3:12:24,8:53:05
81,2038,"Kurc Boucau, Quentin",M30-34,13,Open,France,56:41,3:02,4:24:09,3:02,3:26:23,8:53:17
82,1732,"Leitner, Stefan",M35-39,11,Open,Austria,1:00:29,3:08,4:36:23,4:10,3:09:35,8:53:45
83,1975,"Ison, Matthew",M30-34,14,Open,United States,59:21,2:59,4:39:35,3:12,3:08:53,8:54:00
84,3004,"Sali, Kaisa",FPRO,7,Female,Finland,58:23,2:31,4:44:31,2:59,3:06:04,8:54:28
85,2030,"Gryp, Wouter",M30-34,15,Open,Belgium,1:04:03,4:07,4:30:54,3:21,3:12:28,8:54:53
86,1749,"Vakra, Villu",M35-39,12,Open,Estonia,59:34,3:42,4:30:10,3:13,3:18:48,8:55:27
87,1015,"Van Rie, Koen",M45-49,1,Open,Belgium,1:03:18,3:13,4:36:55,3:05,3:09:02,8:55:33
88,2250,"Herber, Philipp",M25-29,7,Open,Germany,57:50,2:24,4:34:59,3:53,3:17:01,8:56:07
89,1834,"Rosendal Larsen, Mikkel",M35-39,13,Open,Denmark,1:03:24,3:29,4:30:57,3:11,3:15:08,8:56:09
90,2061,"Wagner, Eric",M30-34,16,Open,Luxembourg,53:13,3:20,4:40:55,2:45,3:15:59,8:56:12
91,1837,"Lewanzik, Heiko",M35-39,14,Open,Germany,56:52,2:33,4:38:41,3:45,3:14:27,8:56:18
92,2022,"Curran, James",M30-34,17,Open,Ireland,1:03:28,2:33,4:30:15,2:54,3:17:09,8:56:19
93,1645,"Burke, James",M35-39,15,Open,United States,52:05,2:52,4:36:42,4:15,3:20:47,8:56:41
94,2016,"Calcic, Marcos",M30-34,18,Open,Brazil,1:02:38,4:00,4:41:27,3:29,3:05:30,8:57:04
95,2135,"Veith, Sebastian",M30-34,19,Open,Germany,53:55,3:16,4:34:12,4:13,3:21:34,8:57:10
96,1701,"Takenaka, Alexandre",M35-39,16,Open,Brazil,53:44,2:34,4:40:53,3:12,3:16:53,8:57:16
97,2000,"Röhrken, Golo",M30-34,20,Open,Germany,56:55,2:48,4:34:35,2:55,3:20:12,8:57:25
98,2033,"Ibert, Lasse",M30-34,21,Open,Germany,58:04,2:51,4:29:11,2:38,3:24:48,8:57:32
99,3042,"Naeth, Angela",FPRO,8,Female,Canada,58:28,2:52,4:42:25,2:40,3:11:11,8:57:36
100,1677,"Miller, Ryan",M35-39,17,Open,Australia,1:03:44,3:28,4:34:01,4:09,3:12:24,8:57:46
101,3025,"Abraham, Corinne",FPRO,9,Female,United Kingdom,58:44,2:24,4:38:16,2:05,3:16:26,8:57:55
102,2091,"Wolkowicz, Peter",M30-34,22,Open,Germany,57:51,2:18,4:36:33,2:34,3:18:40,8:57:56
103,2078,"Lastennet, Jeff",M30-34,23,Open,France,58:03,3:28,4:46:17,3:06,3:07:07,8:58:01
104,2236,"Swart, Tiaan",M25-29,8,Open,South Africa,55:57,2:09,4:31:51,2:22,3:26:00,8:58:19
105,2056,"Taylor, Craig",M30-34,24,Open,United States,56:40,2:21,4:42:26,3:59,3:12:56,8:58:22
106,1977,"Kelly, John",M30-34,25,Open,United States,1:05:51,2:48,4:35:33,3:38,3:10:59,8:58:49
107,3018,"Corbin, Linsey",FPRO,10,Female,United States,58:24,2:14,4:48:29,2:36,3:07:15,8:58:58
108,1287,"Graca, Jose",M40-44,4,Open,Brazil,58:43,3:08,4:36:27,3:25,3:17:15,8:58:58
109,2293,"Ek, Kristian",M25-29,9,Open,Sweden,1:00:55,2:57,4:30:21,2:56,3:22:04,8:59:13
110,1819,"Gmünder, Gabriel",M35-39,18,Open,Switzerland,53:02,3:06,4:51:38,3:58,3:07:51,8:59:35
111,1433,"Williams, Brice",M40-44,5,Open,United States,53:35,2:54,4:37:42,3:06,3:22:21,8:59:38
112,1873,"Yvalun, Johan",M35-39,19,Open,France,58:09,5:40,4:46:59,4:36,3:04:30,8:59:54
113,2295,"Goetz, Sami",M25-29,10,Open,Switzerland,59:09,3:15,4:33:56,2:50,3:20:54,9:00:04
114,2113,"Kandutsch, Florian",M30-34,26,Open,Austria,56:48,2:49,4:39:39,4:19,3:16:31,9:00:06
115,1425,"Suhadolnik, Ales",M40-44,6,Open,Slovenia,1:01:11,2:53,4:44:44,2:32,3:09:06,9:00:26
116,1720,"Evgrafov, Roman",M35-39,20,Open,Russia,51:42,3:30,4:43:19,2:55,3:19:29,9:00:55
117,1413,"Mettier, Stephane",M40-44,7,Open,France,1:00:08,3:41,4:34:55,3:15,3:19:10,9:01:09
118,1137,"Park, Reon",M45-49,2,Open,New Zealand,57:34,2:59,4:33:45,8:15,3:18:48,9:01:21
119,1375,"Veldeman, Stijn",M40-44,8,Open,Belgium,1:00:45,3:32,4:46:14,3:13,3:07:48,9:01:32
120,1357,"Mosley, Garron",M40-44,9,Open,South Africa,56:39,3:36,4:40:40,3:47,3:16:54,9:01:36
121,1999,"Rixon, Michael",M30-34,27,Open,United Kingdom,1:01:21,3:43,4:32:02,3:30,3:21:05,9:01:41
122,3017,"Piampiano, Sarah",FPRO,11,Female,United States,1:05:04,2:45,4:52:01,2:41,2:59:26,9:01:57
123,2013,"Belgy, Guillaume",M30-34,28,Open,France,58:29,2:09,4:33:06,2:50,3:25:58,9:02:32
124,1662,"Hobson, Scott",M35-39,21,Open,Australia,52:01,2:47,4:43:26,3:45,3:21:02,9:03:01
125,1757,"Boschian, Alejandro",M35-39,22,Open,Venezuela,58:03,3:23,4:36:33,4:20,3:20:46,9:03:05
126,1722,"Flunger, Mathias",M35-39,23,Open,Germany,1:00:00,2:21,4:41:14,2:40,3:17:06,9:03:21
127,49,"Chrabot, Matt",MPRO,43,Open,United States,47:58,1:56,4:50:46,3:14,3:19:32,9:03:26
128,2110,"Heneman, Guillaume",M30-34,29,Open,France,53:38,4:12,4:32:11,3:58,3:29:32,9:03:31
129,1651,"De Amorim Filho, Jorge",M35-39,24,Open,Brazil,54:58,3:21,4:33:38,3:30,3:28:11,9:03:38
130,2127,"Ramali, Pascal",M30-34,30,Open,Germany,58:51,2:50,4:29:51,3:47,3:28:27,9:03:46
131,1758,"Boulain, Julien",M35-39,25,Open,France,1:03:17,3:20,4:33:30,3:43,3:20:13,9:04:03
132,2081,"Muschiol, Nico",M30-34,31,Open,Germany,1:12:44,3:22,4:34:18,2:36,3:11:11,9:04:11
133,1318,"Sørensen, Carsten Demant",M40-44,10,Open,Denmark,53:04,3:12,4:40:35,3:01,3:24:41,9:04:33
134,1868,"Torrades Sabada, Xavier",M35-39,26,Open,Spain,53:35,3:04,4:49:55,3:39,3:14:38,9:04:51
135,1345,"Gillodts, Guillaume",M40-44,11,Open,France,56:14,2:51,4:35:47,2:36,3:27:33,9:05:01
136,2116,"Knobelspies, Fabian",M30-34,32,Open,Germany,56:44,4:16,4:45:22,3:10,3:15:31,9:05:03
137,2386,"Noone, Nicholas",M18-24,2,Open,United States,53:08,2:38,4:40:52,3:51,3:24:35,9:05:04
138,1269,"Dabrowski, Dariusz",M40-44,12,Open,Poland,1:02:07,3:35,4:34:17,2:43,3:22:34,9:05:16
139,2276,"Krauth, Joachim",M25-29,11,Open,Germany,1:04:02,4:05,4:44:19,3:46,3:09:14,9:05:26
140,2303,"Mölling, Jan-Luca",M25-29,12,Open,Germany,51:41,2:35,4:37:10,2:34,3:31:32,9:05:32
141,652,"Brummer, Carl",M50-54,1,Open,Sweden,56:06,3:09,4:42:02,3:01,3:21:19,9:05:37
142,1976,"Jackson, Steve",M30-34,33,Open,United States,51:38,2:12,4:49:08,3:08,3:19:34,9:05:40
143,1782,"Schiess, Urs",M35-39,27,Open,Switzerland,59:59,3:01,4:32:33,3:35,3:26:50,9:05:58
144,1403,"Hanson, Campbell",M40-44,13,Open,New Zealand,55:37,3:01,4:37:39,2:36,3:27:07,9:06:00
145,1290,"Harrington, James",M40-44,14,Open,United States,1:09:22,4:16,4:41:56,3:08,3:07:28,9:06:10
146,3021,"Blatchford, Liz",FPRO,12,Female,Australia,52:09,2:24,4:53:32,2:58,3:15:17,9:06:20
147,1770,"Lao Fernández, Rafael",M35-39,28,Open,Spain,55:34,3:02,4:43:34,3:58,3:20:13,9:06:21
148,53,"Millward, Callum",MPRO,44,Open,New Zealand,50:57,2:12,4:32:08,3:23,3:37:45,9:06:25
149,3012,"Hufe, Mareen",FPRO,13,Female,Gibraltar,58:34,2:17,4:43:50,3:14,3:18:40,9:06:35
150,1658,"Ferreira Da Silva Neto, Antonio",M35-39,29,Open,Brazil,54:59,2:27,4:40:28,2:45,3:26:02,9:06:41
151,1397,"Durey, Thomas",M40-44,15,Open,France,53:14,3:05,4:38:31,3:41,3:28:30,9:07:01
152,2304,"Montenegro, Gaston",M25-29,13,Open,Argentinia,53:04,3:09,4:35:07,3:54,3:31:58,9:07:12
153,1461,"Frey, Manuel",M40-44,16,Open,Switzerland,1:05:22,3:12,4:43:28,3:51,3:11:29,9:07:22
154,2389,"Diez Rodriguez, Julen",M18-24,3,Open,Spain,56:20,2:30,4:41:05,3:31,3:23:57,9:07:23
155,2097,"Beney, Maxime",M30-34,34,Open,Switzerland,1:10:30,3:06,4:40:20,3:10,3:10:24,9:07:30
156,1642,"Bradley, Jeffrey",M35-39,30,Open,Canada,1:09:31,4:26,4:43:34,5:01,3:05:09,9:07:41
157,1788,"Vatai, Miklos",M35-39,31,Open,Hungary,1:04:14,4:11,4:39:37,4:28,3:15:17,9:07:47
158,1389,"Bourguet, Benoit",M40-44,17,Open,Belgium,55:40,3:14,4:38:02,3:19,3:27:42,9:07:57
159,1689,"Ronaszeki, Balazs",M35-39,32,Open,Hungary,1:04:49,4:04,4:41:34,3:31,3:14:25,9:08:23
160,916,"Lunn, Paul",M45-49,3,Open,United Kingdom,1:05:00,2:24,4:38:36,2:47,3:19:39,9:08:26
161,1638,"Arranz Caceres, Jose Antonio",M35-39,33,Open,Spain,1:01:48,2:42,4:34:12,3:46,3:26:04,9:08:32
162,2001,"Ruiz Gonzalez, Salvador",M30-34,35,Open,Peru,1:00:33,3:37,4:36:38,4:48,3:23:07,9:08:43
163,1443,"Benjamin, Proux",M40-44,18,Open,France,1:02:13,3:45,4:39:24,2:45,3:20:42,9:08:49
164,1740,"Müller, Jens",M35-39,34,Open,Germany,1:01:48,3:38,4:44:21,3:52,3:15:16,9:08:55
165,1755,"Basel, Jörn",M35-39,35,Open,Germany,1:03:07,3:53,4:44:03,4:09,3:13:46,9:08:58
166,2111,"Jackson, Matthew",M30-34,36,Open,Australia,53:03,3:00,4:42:14,3:00,3:27:47,9:09:04
167,2255,"Kohn, Silas",M25-29,14,Open,Germany,53:17,2:46,4:46:29,4:05,3:22:36,9:09:13
168,3007,"Jackson, Heather",FPRO,14,Female,United States,58:18,1:58,4:44:45,2:19,3:21:56,9:09:16
169,2311,"Seitter, Nico",M25-29,15,Open,Germany,1:03:48,3:09,4:46:32,4:00,3:11:53,9:09:22
170,2310,"Schneider, Robin",M25-29,16,Open,Germany,51:39,3:05,4:38:20,3:17,3:33:38,9:09:59
171,1954,"Amaral Horta Barbosa, Hugo",M30-34,37,Open,Brazil,51:46,3:30,4:45:31,3:06,3:26:28,9:10:21
172,3031,"Stage Nielsen, Maja",FPRO,15,Female,Denmark,58:26,2:45,4:59:54,2:19,3:06:59,9:10:23
173,1968,"Franco Moreu, Borja",M30-34,38,Open,Spain,59:21,3:30,4:52:20,4:06,3:11:14,9:10:31
174,2232,"Li, Pengcheng",M25-29,17,Open,China,57:41,3:06,4:52:14,4:34,3:13:00,9:10:35
175,2011,"Arkell, Rob",M30-34,39,Open,United Kingdom,1:03:24,4:21,4:38:47,3:59,3:20:18,9:10:49
176,1861,"Silva, Samuel",M35-39,36,Open,Brazil,1:03:46,3:33,4:59:22,3:31,3:00:41,9:10:53
177,1283,"Fouss, François",M40-44,19,Open,Belgium,1:03:33,4:46,4:40:16,2:53,3:19:26,9:10:54
178,1981,"Leiro, Agustin Ricardo",M30-34,40,Open,Argentinia,59:10,5:04,4:37:41,5:03,3:23:58,9:10:56
179,2126,"Ovchinikov, Dan Kony",M30-34,41,Open,Israel,53:12,3:29,4:48:38,3:42,3:22:01,9:11:02
180,1391,"Capdevila, Joan",M40-44,20,Open,Spain,1:00:37,3:34,4:50:43,3:07,3:13:05,9:11:06
181,1786,"Van Ranst, Gijs",M35-39,37,Open,Belgium,56:05,2:54,4:41:25,3:22,3:27:31,9:11:17
182,878,"Antonetti, Lucas",M45-49,4,Open,Argentinia,56:38,2:19,4:51:17,2:45,3:18:29,9:11:28
183,1695,"Scherle, Joerg",M35-39,38,Open,Germany,1:07:13,3:08,4:43:10,4:29,3:13:35,9:11:35
184,1033,"Flachowsky, Stefan",M45-49,5,Open,Germany,1:02:29,2:45,4:38:24,3:22,3:24:40,9:11:40
185,2223,"Hermoso Diaz, Alberto",M25-29,18,Open,Spain,53:15,2:53,4:46:05,2:51,3:26:40,9:11:44
186,1840,"Maley, Joel",M35-39,39,Open,Canada,1:12:01,4:00,4:34:59,3:32,3:17:13,9:11:45
187,3029,"Frederiksen, Helle",FPRO,16,Female,Denmark,52:02,2:26,4:54:05,2:19,3:21:00,9:11:52
188,1993,"Noon, Jonathan",M30-34,42,Open,United States,1:03:19,3:43,4:38:53,3:07,3:23:02,9:12:04
189,3015,"Siddall, Laura",FPRO,17,Female,United Kingdom,58:39,2:17,4:54:41,2:20,3:14:12,9:12:09
190,1862,"Smith, Luke",M35-39,40,Open,United States,1:11:08,3:16,4:47:54,3:22,3:06:38,9:12:18
191,2077,"Kundel, Steffen",M30-34,43,Open,Germany,55:02,2:33,4:42:12,2:52,3:29:43,9:12:22
192,2233,"Santiago, Carlos",M25-29,19,Open,Mexico,53:28,2:52,4:45:16,3:36,3:27:20,9:12:32
193,2065,"Bodanese, Rodrigo",M30-34,44,Open,Brazil,56:54,3:28,4:47:14,3:55,3:21:05,9:12:36
194,1040,"Hallemieux, Christophe",M45-49,6,Open,France,1:09:47,3:18,4:45:44,3:17,3:10:33,9:12:39
195,1265,"Cardoen, Olivier",M40-44,21,Open,Belgium,56:06,2:28,4:33:20,4:27,3:36:28,9:12:49
196,3019,"Adam, Teresa",FPRO,18,Female,New Zealand,52:00,2:31,4:52:24,3:45,3:22:13,9:12:53
197,2309,"Roth, Lukas",M25-29,20,Open,Germany,1:07:57,3:28,4:44:51,3:56,3:12:41,9:12:53
198,1789,"Vindel Hernandez, Damian",M35-39,41,Open,Spain,1:02:21,3:20,4:52:14,3:01,3:12:02,9:12:58
199,2399,"Navjord, André Johnsen ",M18-24,4,Open,Norway,1:02:47,2:28,4:40:53,3:00,3:23:52,9:13:00
200,1509,"Robertson, Kevin",M40-44,22,Open,Australia,1:04:39,3:47,4:53:19,3:59,3:07:36,9:13:20
201,1170,"Vinokurov, Alexandr",M45-49,7,Open,Kazakhstan,1:13:51,4:28,4:18:06,3:19,3:33:53,9:13:37
202,1982,"Manzoni, Bruno",M30-34,45,Open,Brazil,1:07:09,3:17,4:39:34,4:32,3:19:11,9:13:43
203,2408,"Gualtieri, Francesco",M18-24,5,Open,Italy,56:42,3:50,4:39:09,4:14,3:29:51,9:13:46
204,1067,"Sahm, Marco",M45-49,8,Open,Germany,1:02:20,2:19,4:46:19,3:52,3:19:12,9:14:02
205,2263,"Rajca, Michal",M25-29,21,Open,Poland,1:06:45,2:30,4:37:52,2:02,3:25:09,9:14:18
206,1766,"Goossens, Tony",M35-39,42,Open,Belgium,1:09:15,3:19,4:42:30,3:33,3:15:44,9:14:21
207,474,"Sweet, Richard",M55-59,1,Open,United States,1:01:08,4:04,4:45:30,4:07,3:19:34,9:14:23
208,1427,"Vander Bruggen, Stephane",M40-44,23,Open,Belgium,55:28,3:06,4:40:58,2:50,3:32:07,9:14:29
209,2296,"Grabner, Daniel",M25-29,22,Open,Austria,1:09:40,2:25,4:44:00,3:06,3:15:35,9:14:46
210,1316,"Rocheteau, Yann",M40-44,24,Open,France,1:02:07,3:31,4:44:58,3:55,3:20:17,9:14:48
211,1321,"Stubleski, Daniel",M40-44,25,Open,United States,1:00:30,2:37,4:34:01,3:29,3:34:13,9:14:50
212,2258,"Mercy, Tim",M25-29,23,Open,Belgium,1:05:16,4:05,4:51:30,4:21,3:09:39,9:14:51
213,1349,"Koceic, Marin",M40-44,26,Open,Croatia,55:25,2:15,4:40:39,3:16,3:33:38,9:15:13
214,1420,"Save, Jérôme",M40-44,27,Open,France,1:01:14,3:40,4:32:48,5:37,3:32:00,9:15:19
215,698,"Funk, Harold",M50-54,2,Open,Germany,1:02:46,3:24,4:31:13,4:51,3:33:13,9:15:27
216,1649,"Davis, Matthew",M35-39,43,Open,United States,1:09:17,3:11,4:35:10,3:14,3:24:38,9:15:30
217,1962,"DOnofrio, Vince",M30-34,46,Open,United Kingdom,1:02:16,3:44,4:52:13,3:22,3:13:59,9:15:34
218,2051,"Rowlings, Clint",M30-34,47,Open,Australia,55:29,3:57,4:50:16,3:17,3:22:41,9:15:40
219,1402,"Greco, Antonino",M40-44,28,Open,Italy,55:20,3:32,4:40:48,4:14,3:32:00,9:15:54
220,1646,"Buttrick, Nathan",M35-39,44,Open,United States,1:03:28,2:51,4:42:14,3:42,3:23:50,9:16:05
221,1983,"Marcilloux, Laurent",M30-34,48,Open,France,1:05:04,3:58,4:40:43,2:51,3:23:38,9:16:14
222,1724,"Gomez Hernández, Daniel",M35-39,45,Open,Spain,53:29,2:38,4:45:35,2:22,3:32:14,9:16:18
223,2052,"Schoeman, Jason",M30-34,49,Open,New Zealand,1:02:15,3:56,4:43:57,2:37,3:23:34,9:16:19
224,1648,"Casado, Alejandro",M35-39,46,Open,Spain,1:07:13,3:36,4:39:10,4:33,3:21:51,9:16:23
225,1028,"Christensen, Peter",M45-49,9,Open,United States,1:00:55,3:38,4:41:29,3:18,3:27:06,9:16:26
226,1989,"Minogue, Josh",M30-34,50,Open,Australia,49:47,3:12,4:52:13,3:30,3:27:45,9:16:27
227,2266,"Tissot, Alexis",M25-29,24,Open,France,51:45,2:08,4:44:45,4:29,3:33:22,9:16:29
228,2040,"Lecompt, Cyril",M30-34,51,Open,France,1:02:17,3:29,4:40:07,5:01,3:25:36,9:16:30
229,3038,"Lundstrom, Asa",FPRO,19,Female,Sweden,1:04:46,2:49,4:50:57,2:28,3:15:31,9:16:31
230,1440,"Auditore, Chris",M40-44,29,Open,Australia,55:21,4:58,4:51:29,4:22,3:20:21,9:16:31
231,3024,"Robertson, Jodie",FPRO,20,Female,United States,1:05:45,3:22,4:58:21,2:34,3:06:34,9:16:36
232,1716,"Brugière, Steeve",M35-39,47,Open,France,1:03:21,4:14,4:42:10,3:05,3:23:50,9:16:40
233,1781,"Schedlbauer, Florian",M35-39,48,Open,Germany,56:37,3:10,4:49:10,3:58,3:23:55,9:16:50
234,1262,"Boule, Alexandre",M40-44,30,Open,Canada,59:17,2:32,4:43:43,2:58,3:28:38,9:17:08
235,1309,"Olcina, Guillermo",M40-44,31,Open,Spain,1:00:28,2:46,4:43:02,3:04,3:27:53,9:17:13
236,1673,"Lovelock, Simon",M35-39,49,Open,United Kingdom,1:06:00,4:05,4:56:50,4:28,3:05:52,9:17:15
237,1030,"Day, Stephen",M45-49,10,Open,United Kingdom,1:06:22,3:41,4:49:30,3:34,3:14:13,9:17:20
238,3033,"Deckers, Tine",FPRO,21,Female,Belgium,58:29,2:30,4:49:22,2:35,3:24:27,9:17:23
239,2067,"Brüschke, Steven",M30-34,52,Open,Germany,1:18:04,5:10,4:43:22,5:01,3:05:53,9:17:30
240,1084,"Allica, Josu",M45-49,11,Open,Spain,1:01:46,4:06,4:50:14,3:50,3:17:40,9:17:36
241,2265,"Stöhr, Markus",M25-29,25,Open,Germany,58:05,2:50,4:42:18,3:25,3:31:04,9:17:42
242,2029,"Gilden, Jacob",M30-34,53,Open,United States,1:00:50,4:47,4:49:52,3:10,3:19:20,9:17:59
243,1493,"Munoz, Marcel",M40-44,32,Open,Spain,1:00:26,2:53,4:59:54,4:03,3:10:47,9:18:03
244,3039,"Mckenzie, Beth",FPRO,22,Female,United States,1:04:07,2:33,5:04:10,2:31,3:04:48,9:18:09
245,2021,"Cowling, Paul",M30-34,54,Open,United Kingdom,55:18,2:58,4:40:45,3:25,3:35:43,9:18:09
246,1790,"Whitmore, Luke",M35-39,50,Open,Australia,57:42,3:23,4:47:06,4:14,3:25:58,9:18:23
247,1731,"Kovacs, Gabor",M35-39,51,Open,Hungary,58:27,4:19,4:38:47,3:32,3:33:21,9:18:26
248,1985,"Martin, Francis",M30-34,55,Open,Canada,1:07:02,3:02,4:31:31,4:13,3:32:51,9:18:39
249,1966,"Faria, Bruno",M30-34,56,Open,Brazil,1:04:15,3:54,4:48:10,4:46,3:17:44,9:18:49
250,1775,"Ohata, Ryosuke",M35-39,52,Open,Japan,55:12,2:31,4:58:44,3:52,3:18:33,9:18:52
251,2456,"Al Khalifa, Hh Shaikh Nasser",M30-34,57,Open,Bahrain,1:03:26,2:53,4:40:22,3:24,3:29:04,9:19:09
252,2123,"Marci, Flander",M30-34,58,Open,Hungary,52:59,2:14,4:54:17,3:59,3:25:42,9:19:11
253,2075,"Jung, Andreas",M30-34,59,Open,Germany,54:10,2:22,4:53:11,2:53,3:26:37,9:19:13
254,1361,"Omarsson, Geir",M40-44,33,Open,Iceland,1:06:23,3:10,4:49:59,3:09,3:16:41,9:19:22
255,1676,"Menuci, Thiago",M35-39,53,Open,Brazil,53:02,2:40,4:42:51,6:27,3:34:22,9:19:22
256,2080,"Linssen, Rik",M30-34,60,Open,Netherlands,53:49,2:48,4:45:46,2:39,3:34:24,9:19:26
257,2079,"Lehtomaa, Mikael",M30-34,61,Open,Sweden,1:11:51,4:00,4:31:13,3:52,3:28:36,9:19:32
258,1525,"Welti, Martin",M40-44,34,Open,Switzerland,1:03:40,2:54,4:34:44,4:04,3:34:14,9:19:36
259,2026,"Ford, Nathan",M30-34,62,Open,United Kingdom,53:15,2:27,4:44:55,2:55,3:36:09,9:19:41
260,2222,"Garcia De La Cadena, Rodrigo Romero",M25-29,26,Open,Mexico,55:19,3:04,4:52:56,5:20,3:23:03,9:19:42
261,2050,"Rodriguez, Sebastien",M30-34,63,Open,France,58:00,4:14,4:39:43,3:42,3:34:07,9:19:46
262,117,"Schipper, Geert",MPC,,Open,Netherlands,59:47,2:57,5:35:04,2:01,2:39:58,9:19:47
263,1022,"Burt, Nichloas",M45-49,12,Open,Australia,1:00:29,4:51,4:50:50,3:38,3:20:01,9:19:49
264,1961,"De Bruyn, Tom",M30-34,64,Open,Belgium,1:04:59,3:29,4:34:40,3:31,3:33:21,9:20:00
265,2247,"Conzatti, Alessandro",M25-29,27,Open,Italy,56:46,3:45,4:33:12,3:48,3:42:37,9:20:08
266,1973,"Hauwert, Levi",M30-34,65,Open,Australia,55:28,3:04,4:41:10,2:50,3:37:44,9:20:16
267,2256,"Lemholdt, Jacob",M25-29,28,Open,Denmark,1:03:59,3:09,4:50:11,4:22,3:18:36,9:20:17
268,1767,"Journot, Matthieu",M35-39,54,Open,France,51:38,3:26,4:44:55,7:16,3:33:05,9:20:20
269,2267,"Vogelsang, Luca",M25-29,29,Open,Switzerland,1:06:08,3:14,4:55:21,4:05,3:11:37,9:20:25
270,2101,"Darcq, Vincent",M30-34,66,Open,France,1:03:48,2:52,4:50:29,2:39,3:20:42,9:20:30
271,1810,"Dahlman, Jens",M35-39,55,Open,Finland,1:06:14,2:48,4:47:36,3:11,3:20:42,9:20:31
272,1296,"Indraccolo, Gabriele",M40-44,35,Open,Italy,58:08,3:05,4:50:37,4:39,3:24:08,9:20:37
273,1705,"Vanhille, Mitch",M35-39,56,Open,Belgium,59:13,2:52,4:53:40,3:30,3:21:27,9:20:42
274,1107,"Gluszkowski, Bogumil",M45-49,13,Open,Poland,1:00:25,4:31,4:39:56,2:56,3:32:57,9:20:45
275,2246,"Bruhin, Silvan",M25-29,30,Open,Switzerland,1:00:15,2:44,4:46:44,3:00,3:28:14,9:20:57
276,1826,"Housham, Fred",M35-39,57,Open,New Zealand,1:06:15,4:09,4:49:20,4:14,3:17:05,9:21:03
277,693,"Depoorter, Yves",M50-54,3,Open,Belgium,1:03:52,3:03,4:45:53,3:50,3:24:34,9:21:12
278,928,"Pavoni, Ronan",M45-49,14,Open,Panama,1:00:10,3:18,4:35:58,2:23,3:39:27,9:21:16
279,1991,"Mort, Tom",M30-34,67,Open,Australia,1:00:16,2:59,4:48:08,3:10,3:26:44,9:21:17
280,2005,"Velez, Alvaro",M30-34,68,Open,Colombia,59:02,4:36,4:45:41,4:46,3:27:12,9:21:17
281,1778,"Renzi, Luca",M35-39,58,Open,Italy,1:00:39,3:18,4:42:51,3:46,3:30:44,9:21:18
282,1998,"Pruksa, Robert",M30-34,69,Open,Switzerland,1:03:41,2:55,4:35:08,3:45,3:35:55,9:21:24
283,972,"Doyle, Declan",M45-49,15,Open,Ireland,1:11:22,3:53,4:42:24,3:48,3:20:01,9:21:28
284,1070,"Selukov, Arnaud",M45-49,16,Open,France,1:00:26,2:52,4:39:11,2:57,3:36:05,9:21:31
285,1410,"Lopez Palenzuela, Jorge",M40-44,36,Open,Spain,1:00:19,3:09,4:57:16,4:32,3:16:16,9:21:32
286,1960,"Corti, Marco",M30-34,70,Open,Italy,1:06:11,3:19,4:38:03,2:36,3:31:28,9:21:37
287,1813,"Edus, Arnaud",M35-39,59,Open,France,57:30,2:36,4:37:56,3:25,3:40:15,9:21:42
288,1818,"Fuentes, Jorge",M35-39,60,Open,Mexico,51:52,2:25,4:45:53,5:09,3:36:25,9:21:44
289,1762,"Du Preez, Jappas",M35-39,61,Open,United Kingdom,1:03:54,4:39,4:48:22,3:47,3:21:04,9:21:46
290,1479,"Jourdan, Lionel",M40-44,37,Open,France,1:07:23,3:36,4:43:11,4:02,3:23:42,9:21:54
291,2406,"Feldman, Roy",M18-24,6,Open,Israel,1:02:50,3:19,4:40:30,3:06,3:32:12,9:21:57
292,2285,"Allen, Christopher",M25-29,31,Open,United States,1:02:29,3:57,4:43:30,3:38,3:28:41,9:22:15
293,1978,"King, Brett",M30-34,71,Open,United States,53:18,2:37,4:51:15,4:53,3:30:12,9:22:15
294,1336,"Carr, Zachary",M40-44,38,Open,United States,1:03:07,3:27,4:36:07,3:58,3:35:39,9:22:18
295,1971,"Grosicki, Greg",M30-34,72,Open,United States,59:56,2:55,4:42:37,2:48,3:34:06,9:22:22
296,929,"Philippe, Anthony",M45-49,17,Open,France,1:03:02,3:48,4:46:20,2:59,3:26:14,9:22:23
297,2004,"Springhetti, Aaron",M30-34,73,Open,United States,1:03:25,2:58,4:34:38,3:25,3:38:01,9:22:27
298,1404,"Hemet, Nicolas",M40-44,39,Open,France,56:42,3:58,4:42:13,2:53,3:36:45,9:22:31
299,2400,"Noble, Caleb",M18-24,7,Open,Australia,50:18,2:21,4:46:16,5:06,3:38:31,9:22:32
300,1843,"Marshman, Peter",M35-39,62,Open,Australia,1:01:34,5:22,4:43:16,3:19,3:29:02,9:22:33
301,1990,"Mohr, Robert",M30-34,74,Open,United States,1:00:36,3:54,4:50:45,3:26,3:23:53,9:22:34
302,2139,"Riley, Jacob",M30-34,75,Open,Australia,1:05:08,2:51,4:32:54,3:32,3:38:13,9:22:38
303,2241,"Zimeri, Andres",M25-29,32,Open,Guatemala,1:02:44,3:38,4:49:17,3:19,3:23:50,9:22:48
304,1831,"Lopez, Sanchez",M35-39,63,Open,Spain,1:06:55,2:33,4:50:03,3:30,3:19:49,9:22:50
305,2301,"Humble, John",M25-29,33,Open,Sweden,1:00:39,3:19,4:42:46,5:06,3:31:02,9:22:52
306,1325,"Vorster, Rowan",M40-44,40,Open,South Africa,1:00:35,3:47,4:46:20,2:52,3:29:27,9:23:01
307,2104,"Dr. Ellert, Philipp",M30-34,76,Open,Germany,58:37,2:43,4:30:52,2:51,3:48:05,9:23:08
308,1665,"Jenkins, Nikolai",M35-39,64,Open,United States,1:03:46,2:50,4:43:44,4:28,3:28:24,9:23:12
309,1203,"Dommer, Janette",F45-49,1,Female,Denmark,1:03:28,2:59,4:58:36,3:00,3:15:22,9:23:25
310,1774,"Núñez Fauste, Xavier",M35-39,65,Open,Spain,1:01:14,2:59,4:52:20,3:16,3:23:38,9:23:27
311,2260,"Nicco, Henrique",M25-29,34,Open,Brazil,1:07:37,3:50,4:38:26,3:12,3:30:30,9:23:35
312,1841,"Mari Ferrer, Ricard",M35-39,66,Open,Spain,59:03,2:28,4:48:30,4:09,3:29:32,9:23:42
313,1737,"Martin, Alexander",M35-39,67,Open,Germany,1:06:41,4:16,4:43:52,3:41,3:25:15,9:23:45
314,2268,"Wallace, Christopher",M25-29,35,Open,United Kingdom,1:03:01,4:57,5:00:10,5:00,3:10:41,9:23:49
315,1763,"Dudu, Andrei Dan",M35-39,68,Open,Romania,1:03:53,3:59,4:54:45,2:59,3:18:14,9:23:50
316,2007,"Vigariu, Mihai",M30-34,77,Open,Romania,59:04,2:41,4:42:49,3:00,3:36:16,9:23:50
317,1674,"Lukosz, Petr",M35-39,69,Open,Czech Republic,1:07:15,5:33,4:43:46,4:18,3:23:01,9:23:53
318,1276,"D'Hoossche, Tom",M40-44,41,Open,Belgium,1:09:45,2:45,4:45:38,4:56,3:20:53,9:23:57
319,1787,"Van Rossum, Tom",M35-39,70,Open,United Kingdom,1:04:26,3:40,4:45:53,2:54,3:27:06,9:23:59
320,612,"Heynemand Jr, Pierre",M50-54,4,Open,Canada,1:02:21,3:00,4:47:44,3:42,3:27:15,9:24:02
321,2318,"Woog, David",M25-29,36,Open,Germany,58:43,3:01,4:57:44,4:28,3:20:09,9:24:05
322,884,"Brettas, Leonardo",M45-49,18,Open,Brazil,1:03:36,4:02,4:45:19,3:25,3:27:49,9:24:11
323,2074,"Johnstone, Gary",M30-34,78,Open,Australia,1:03:08,4:43,4:49:32,5:34,3:21:25,9:24:22
324,1471,"Holzerny, Jean-Christophe",M40-44,42,Open,France,51:42,3:38,4:49:40,4:51,3:34:36,9:24:27
325,2118,"Koniarski, Tim",M30-34,79,Open,Germany,1:03:09,3:19,4:46:08,3:55,3:28:25,9:24:56
326,3037,"Burke, Melanie",FPRO,23,Female,New Zealand,1:14:02,2:36,4:45:28,2:41,3:20:15,9:25:02
327,1295,"Holmes, Donnacha",M40-44,43,Open,Ireland,1:05:29,3:49,4:52:39,4:57,3:18:21,9:25:15
328,918,"Martin, Owen",M45-49,19,Open,Ireland,1:05:57,5:31,4:41:39,7:40,3:24:28,9:25:15
329,106,"Chivers, Leigh",M35-39,71,Open,Australia,57:45,4:42,4:49:18,6:13,3:27:20,9:25:18
330,2291,"Dessers, Thomas",M25-29,37,Open,Belgium,1:00:36,4:20,4:33:51,2:40,3:43:53,9:25:20
331,1835,"Larsson, Johan",M35-39,72,Open,Sweden,1:00:48,3:59,4:46:16,4:38,3:29:39,9:25:20
332,2391,"Elstob, Sam",M18-24,8,Open,New Zealand,54:24,3:13,4:45:36,2:57,3:39:18,9:25:28
333,1019,"Zieman, Chris",M45-49,20,Open,United States,1:23:05,4:50,4:38:04,3:54,3:15:44,9:25:37
334,2069,"Dendle, Rob",M30-34,80,Open,Australia,1:13:23,4:44,4:44:20,3:12,3:20:09,9:25:48
335,2261,"Onyshchenko, Andrii",M25-29,38,Open,Ukraine,1:07:07,2:47,4:53:34,3:46,3:18:39,9:25:53
336,2214,"Andersen, Frederik",M25-29,39,Open,Denmark,1:02:14,3:39,4:35:22,3:44,3:41:10,9:26:09
337,3028,"Frades, Gurutze",FPRO,24,Female,Spain,1:05:03,2:58,5:08:41,2:21,3:07:16,9:26:19
338,939,"Schneider, Xavier",M45-49,21,Open,France,1:08:15,4:10,4:55:30,3:17,3:15:09,9:26:21
339,1429,"Veldeman, Stefaan",M40-44,44,Open,Belgium,59:08,4:18,4:47:20,3:49,3:31:55,9:26:30
340,1463,"Fuchs, Andreas",M40-44,45,Open,Austria,1:01:58,2:25,4:34:46,3:15,3:44:09,9:26:33
341,1331,"Barbudi Herrera, Juan Antonio",M40-44,46,Open,Spain,1:01:14,2:52,4:51:56,4:02,3:26:50,9:26:54
342,1034,"Flinta, Martin",M45-49,22,Open,Sweden,59:22,2:51,4:45:45,4:26,3:34:33,9:26:57
343,889,"Cerize, Pedro",F45-49,2,Female,Brazil,1:09:31,2:50,4:52:00,3:20,3:19:23,9:27:04
344,3032,"Annett, Jen",FPRO,25,Female,Canada,58:47,2:12,4:51:37,2:31,3:31:59,9:27:06
345,2046,"O'Neill, Ben",M30-34,81,Open,Australia,55:29,2:10,4:37:22,3:12,3:48:57,9:27:10
346,1856,"Sacré, Pieter",M35-39,73,Open,Belgium,1:08:59,2:40,4:48:15,3:35,3:23:44,9:27:13
347,1277,"Ekström, Fredrik",M40-44,47,Open,Sweden,1:06:15,3:28,4:43:41,3:58,3:29:58,9:27:20
348,1751,"Whitfield, Richard",M35-39,74,Open,United Kingdom,57:52,3:16,4:33:00,3:09,3:50:12,9:27:29
349,2088,"Stelzner, Jan",M30-34,82,Open,Germany,1:01:23,3:03,4:56:19,3:11,3:23:44,9:27:40
350,2086,"Sokk, Harri",M30-34,83,Open,Estonia,59:24,3:40,4:36:50,2:55,3:45:00,9:27:49
351,1974,"Hsieh, Shen-Yen",M30-34,84,Open,Taiwan,51:28,3:06,4:38:48,6:15,3:48:15,9:27:52
352,2049,"Roberts, Dane",M30-34,85,Open,Australia,53:26,2:34,4:51:00,3:01,3:37:54,9:27:55
353,2125,"Nicholls, David",M30-34,86,Open,United Kingdom,1:02:26,2:52,4:56:06,4:06,3:22:26,9:27:56
354,3005,"Cheetham, Susie",FPRO,26,Female,United Kingdom,58:19,2:15,4:50:39,2:39,3:34:05,9:27:57
355,3020,"Vesterby, Michelle",FPRO,27,Female,Denmark,54:18,2:11,4:56:44,2:48,3:31:56,9:27:57
356,1874,"Bradler, Claas",M35-39,75,Open,Germany,56:26,2:43,4:50:17,5:22,3:33:14,9:28:02
357,1432,"Weber, Stephan",M40-44,48,Open,Germany,1:02:07,3:25,4:50:52,3:24,3:28:16,9:28:04
358,913,"Lichtkoppler, Kurt",M45-49,23,Open,Austria,1:07:12,4:22,4:49:04,4:49,3:22:50,9:28:17
359,1307,"Nelker, Mikael",M40-44,49,Open,Sweden,1:04:49,4:08,4:46:45,5:54,3:26:52,9:28:28
360,949,"Taylor, Nathan",M45-49,24,Open,Australia,1:00:26,2:59,4:47:42,3:45,3:33:51,9:28:43
361,1812,"Derosso Teixeira, Andre",M35-39,76,Open,Brazil,1:05:41,3:04,4:57:10,5:40,3:17:13,9:28:48
362,1916,"Svejstrup, Christina",F35-39,1,Female,Denmark,1:09:12,3:12,4:55:10,4:01,3:17:13,9:28:48
363,1306,"Müller, Jochen",M40-44,50,Open,Germany,58:33,2:43,4:46:09,3:20,3:38:13,9:28:58
364,2105,"Elvedal, Marius",M30-34,87,Open,Norway,58:58,2:01,4:34:35,2:29,3:51:13,9:29:16
365,1783,"Seghers, Maarten",M35-39,77,Open,Belgium,56:24,2:32,4:36:36,4:14,3:49:34,9:29:20
366,1710,"Wibowo, Andy",M35-39,78,Open,Indonesia,53:30,3:51,4:46:21,3:07,3:42:39,9:29:28
367,2112,"Jørgensen, Morten",M30-34,88,Open,Denmark,1:00:14,3:32,4:24:38,3:05,3:58:03,9:29:32
368,1637,"Gehrer, Andreas",M35-39,79,Open,Austria,1:02:22,2:35,4:55:43,3:59,3:24:55,9:29:34
369,2314,"Tommila, Christopher",M25-29,40,Open,United States,1:02:19,5:42,4:47:44,4:48,3:29:03,9:29:36
370,1497,"Neubeck, Lukas",M40-44,51,Open,Germany,1:04:51,4:13,4:46:21,4:04,3:30:07,9:29:36
371,2062,"Wetzel, Michael",M30-34,89,Open,Germany,1:04:45,2:39,4:46:11,3:17,3:32:46,9:29:38
372,1684,"Picard, Raynard",M35-39,80,Open,Mexico,1:08:11,3:16,4:53:03,5:11,3:19:59,9:29:40
373,2134,"Varley, Christian",M30-34,90,Open,Isle of Man,1:18:48,5:07,4:47:54,3:49,3:14:06,9:29:44
374,1458,"Eccleston, Steven",M40-44,52,Open,Australia,1:01:26,4:38,4:57:46,3:24,3:22:52,9:30:06
375,662,"Jalabert, Laurent",M50-54,5,Open,France,1:10:17,4:45,4:31:38,3:22,3:40:06,9:30:08
376,1771,"Liber, Dmitrii",M35-39,81,Open,Russia,57:59,4:01,4:52:57,4:24,3:30:51,9:30:12
377,1119,"Kovac, Tomaz",M45-49,25,Open,Slovenia,1:01:26,3:10,4:50:23,4:17,3:30:57,9:30:13
378,669,"Mcrae, Bob",M50-54,6,Open,United States,1:02:45,3:29,4:37:30,5:19,3:41:18,9:30:21
379,2274,"Dimassa, Vincent",M25-29,41,Open,United States,1:09:32,3:18,4:50:44,4:15,3:22:42,9:30:31
380,2243,"Araujo Santos, Gustavo",M25-29,42,Open,Brazil,55:44,3:01,4:50:24,3:45,3:37:43,9:30:37
381,2229,"Morris, Steve",M25-29,43,Open,United States,53:46,4:06,4:55:48,4:48,3:32:11,9:30:39
382,1952,"Adriaens, Joe",M30-34,91,Open,United States,1:00:20,3:46,4:47:46,3:49,3:35:08,9:30:49
383,1640,"Blakie, Alan",M35-39,82,Open,United Kingdom,1:04:34,4:04,4:48:02,3:58,3:30:18,9:30:56
384,2009,"Wonke, Martin",M30-34,92,Open,Germany,1:13:42,4:07,4:47:02,4:06,3:22:05,9:31:02
385,1018,"Zach Maor, Lior",M45-49,26,Open,Israel,56:50,3:08,4:50:56,4:19,3:36:00,9:31:13
386,2064,"Anderson, Magnus",M30-34,93,Open,Australia,1:01:15,2:31,4:38:18,2:38,3:46:35,9:31:17
387,882,"Breautt, Ted",M45-49,27,Open,United States,1:01:22,3:50,4:58:06,7:04,3:20:58,9:31:20
388,1305,"Mccrann, Patrick",M40-44,53,Open,United States,1:06:59,3:09,4:45:16,5:28,3:30:29,9:31:21
389,1703,"Ureta, Pablo",M35-39,83,Open,Argentinia,57:18,2:20,4:50:56,4:10,3:36:37,9:31:21
390,2032,"Hill, Michael",M30-34,94,Open,United States,50:16,3:11,4:45:23,3:55,3:48:39,9:31:24
391,1644,"Browne, Nicholas",M35-39,84,Open,New Zealand,1:01:29,3:24,4:47:53,2:42,3:36:12,9:31:40
392,1969,"Fryer, Robert",M30-34,95,Open,United Kingdom,56:02,3:19,4:46:05,3:10,3:43:04,9:31:40
393,610,"Gystad, Thorstein",M50-54,7,Open,Denmark,1:08:34,3:59,4:51:02,4:15,3:23:59,9:31:49
394,758,"Lang, Alexander",M50-54,8,Open,Germany,1:03:41,2:35,4:36:46,3:20,3:45:32,9:31:54
395,2055,"Taihei, Kamiya",M30-34,96,Open,Japan,1:04:53,2:57,4:58:26,4:33,3:21:11,9:32:00
396,900,"Goetz, Thomas",M45-49,28,Open,Switzerland,1:06:19,6:13,4:49:23,4:39,3:25:30,9:32:04
397,1071,"Škabrada, Jan",M45-49,29,Open,Czech Republic,1:01:43,3:02,4:34:48,3:07,3:49:31,9:32:11
398,2076,"Junod, Joël",M30-34,97,Open,Switzerland,1:00:47,2:33,4:48:10,4:32,3:36:12,9:32:14
399,2230,"Nielsen, Peter",M25-29,44,Open,Denmark,1:06:18,3:34,4:54:52,2:47,3:24:50,9:32:21
400,886,"Byrne, Ciaran",M45-49,30,Open,Ireland,1:08:17,3:57,4:47:25,3:51,3:28:53,9:32:23
401,1654,"Doronin, Victor",M35-39,85,Open,Russia,1:09:55,3:45,5:05:14,2:30,3:11:12,9:32:36
402,1643,"Brown, Nicholas",M35-39,86,Open,United States,56:54,3:13,4:49:53,3:20,3:39:23,9:32:43
403,1694,"Scarella, Jeff",M35-39,87,Open,United States,59:12,3:21,4:39:42,4:25,3:46:08,9:32:48
404,1353,"Martin, Franck",M40-44,54,Open,France,50:17,2:31,4:47:08,4:18,3:48:40,9:32:54
405,2219,"Colvin, Sam",M25-29,45,Open,Australia,1:00:54,5:16,4:59:54,3:50,3:23:02,9:32:56
406,1718,"Demjantšuk, Vladimir",M35-39,88,Open,Estonia,59:44,4:18,4:56:25,3:56,3:28:50,9:33:13
407,1683,"Osokin, Victor",M35-39,89,Open,Russia,1:09:29,3:01,4:38:59,4:10,3:37:46,9:33:25
408,2330,"Purbrook, Ruth",F25-29,1,Female,United Kingdom,1:03:20,2:32,4:52:43,2:48,3:32:23,9:33:46
409,2237,"Tiozzo, Gianmaria",M25-29,46,Open,Italy,1:04:31,5:26,5:00:46,5:18,3:17:59,9:34:00
410,1857,"Schnöring, Dirk",M35-39,90,Open,Germany,1:06:31,3:27,5:00:26,4:02,3:19:36,9:34:02
411,1263,"Bravo, Martin",M40-44,55,Open,Argentinia,1:04:15,3:14,5:07:07,3:20,3:16:07,9:34:03
412,1380,"Wyllie, Benjamin",M40-44,56,Open,Australia,55:46,5:08,4:46:54,5:06,3:41:12,9:34:06
413,3026,"Mcbride, Rachel",FPRO,28,Female,Canada,54:05,2:25,4:48:15,2:53,3:46:31,9:34:09
414,2053,"Alexis, Sicard",M30-34,98,Open,France,58:38,3:30,4:50:51,3:50,3:37:20,9:34:09
415,1422,"Sequera, Carlos",M40-44,57,Open,Costa Rica,1:03:37,4:41,4:49:50,3:55,3:32:10,9:34:13
416,1054,"Machado, Mário",M45-49,31,Open,Portugal,1:01:25,4:05,4:39:54,3:55,3:45:13,9:34:32
417,707,"Michelsson, Magnus",M50-54,9,Open,Australia,51:56,3:33,5:07:51,3:41,3:27:33,9:34:34
418,2066,"Breheny, Chris",M30-34,99,Open,Australia,1:00:51,3:49,4:53:54,4:43,3:31:21,9:34:38
419,2482,"Alqais, Mohamed",M30-34,100,Open,Bahrain,1:11:56,3:45,4:56:33,4:28,3:18:02,9:34:44
420,1730,"Jose Gonzalvo, Albert",M35-39,91,Open,Spain,1:13:26,4:25,4:55:15,4:00,3:17:39,9:34:45
421,2103,"Douglas, Cadeyrn",M30-34,101,Open,Australia,1:03:08,5:28,4:55:39,5:25,3:25:14,9:34:54
422,1148,"Rit, Stéphane",M45-49,32,Open,France,1:08:33,4:22,4:50:40,3:14,3:28:09,9:34:58
423,1773,"Luginbühl, Christoph",M35-39,92,Open,Switzerland,1:05:03,3:39,4:40:58,8:15,3:37:06,9:35:01
424,1815,"Espinoza, Ernesto",M35-39,93,Open,Costa Rica,54:34,4:06,4:51:55,1:52,3:42:37,9:35:04
425,1801,"Beci Calvo, Axel",M35-39,94,Open,Spain,1:08:52,2:40,4:50:50,3:41,3:29:06,9:35:09
426,2269,"Weigel, Benjamin",M25-29,47,Open,Germany,1:00:42,3:38,4:49:38,4:29,3:36:52,9:35:19
427,2271,"Anderton, Daniel",M25-29,48,Open,United Kingdom,1:04:00,3:22,5:01:48,4:20,3:21:52,9:35:22
428,786,"Rojas Calvo, Pascal",M50-54,10,Open,France,1:01:40,3:44,4:48:03,3:56,3:38:10,9:35:33
429,1996,"Pirek, Mariusz",M30-34,102,Open,Poland,1:02:00,2:31,4:36:05,3:06,3:51:54,9:35:36
430,1792,"Wolpert, Andreas",M35-39,95,Open,Germany,1:04:08,3:20,4:45:42,4:20,3:38:17,9:35:47
431,2023,"De Mooij, Jaryd",M30-34,103,Open,Belgium,1:00:45,3:00,4:39:38,3:21,3:49:03,9:35:47
432,2221,"Fässler, Christian",M25-29,49,Open,Switzerland,58:28,3:17,4:43:45,3:59,3:46:22,9:35:51
433,897,"Galt, Dean",M45-49,33,Open,New Zealand,1:05:35,3:12,4:49:04,3:30,3:34:30,9:35:51
434,1785,"Shannon, Rob",M35-39,96,Open,Australia,58:13,2:58,4:45:03,2:47,3:46:50,9:35:51
435,1387,"Bonnal, David",M40-44,58,Open,France,55:09,2:30,4:41:58,3:06,3:53:14,9:35:57
436,796,"Tomkinson, Chris",M50-54,11,Open,Canada,1:01:54,3:09,4:54:22,3:54,3:32:40,9:35:59
437,2014,"Blesing, Ryan",M30-34,104,Open,Australia,1:03:16,4:55,4:47:36,4:53,3:35:19,9:35:59
438,1339,"Delort, Alexandre",M40-44,59,Open,France,1:01:29,3:20,4:40:32,2:58,3:47:44,9:36:03
439,2414,"Martin, Nicolas",M18-24,9,Open,France,55:27,3:31,4:46:53,4:18,3:45:56,9:36:05
440,1851,"Polak, Johannes",M35-39,97,Open,Austria,58:20,2:42,4:44:43,4:20,3:46:01,9:36:06
441,447,"Schmatz, Wolfgang",M55-59,2,Open,Germany,1:07:24,3:44,4:51:26,3:22,3:30:12,9:36:08
442,2128,"Ruppel, Rafael",M30-34,105,Open,Germany,1:07:15,3:11,4:52:33,4:52,3:28:20,9:36:11
443,2254,"Killick, Luca",M25-29,50,Open,New Zealand,1:04:59,3:36,4:49:49,3:58,3:33:51,9:36:13
444,1042,"Heslinga, Jc",M45-49,34,Open,South Africa,1:07:19,4:05,5:02:24,3:52,3:18:36,9:36:16
445,1805,"Buchli, Philipp",M35-39,98,Open,Switzerland,1:09:58,3:20,4:58:21,2:45,3:21:53,9:36:17
446,2227,"Meier, Dominique",M25-29,51,Open,Switzerland,1:03:46,3:06,4:54:44,3:13,3:31:35,9:36:24
447,2156,"Kortekaas, Tessa",F30-34,1,Female,Netherlands,1:05:06,2:20,4:56:43,2:27,3:29:50,9:36:26
448,1965,"Engel, Eric",M30-34,106,Open,United States,1:01:18,3:02,4:43:33,3:31,3:45:07,9:36:31
449,1744,"Ra, Jan-Morten",M35-39,99,Open,Norway,57:58,3:11,4:48:32,3:43,3:43:14,9:36:38
450,903,"Henggeler, Daniel",M45-49,35,Open,Switzerland,1:03:34,4:14,4:53:12,3:35,3:32:10,9:36:45
451,1696,"Schlohmann, Thomas",M35-39,100,Open,Germany,1:03:37,4:45,4:55:29,3:10,3:29:47,9:36:48
452,1304,"Mathys, Bart",M40-44,60,Open,Belgium,1:01:33,3:15,4:41:22,3:14,3:47:28,9:36:52
453,1670,"Lapinski, Rick",M35-39,101,Open,United States,1:00:46,3:15,4:46:51,4:48,3:41:15,9:36:55
454,1441,"Bartelle, Daniel",M40-44,61,Open,Brazil,1:09:43,4:40,4:44:42,3:57,3:33:57,9:36:59
455,1111,"Henderson, Gordon",M45-49,36,Open,Canada,55:37,3:57,4:49:40,5:16,3:42:31,9:37:01
456,1312,"Peiretti, Javier",M40-44,62,Open,Argentinia,1:01:26,2:45,4:50:36,4:40,3:37:38,9:37:05
457,1859,"Shaked, Amit",M35-39,102,Open,Israel,1:04:30,3:44,4:50:46,4:33,3:33:37,9:37:10
458,1675,"Mccarron, Michael",M35-39,103,Open,Ireland,1:03:27,3:42,4:49:55,4:32,3:35:35,9:37:11
459,2312,"Sprentall, Shaun",M25-29,52,Open,United States,1:02:32,4:57,4:49:59,5:32,3:34:13,9:37:13
460,1383,"Aiello, Fernando",M40-44,63,Open,Spain,1:06:13,4:17,5:04:04,5:30,3:17:12,9:37:16
461,1760,"Doornbos, Erik",M35-39,104,Open,Netherlands,1:01:58,3:55,4:44:31,4:56,3:41:59,9:37:19
462,1809,"Clemente, Bonieck",M35-39,105,Open,Brazil,55:30,3:38,4:58:08,4:48,3:35:18,9:37:22
463,2068,"Curling, Richard",M30-34,107,Open,United Kingdom,1:01:27,4:04,4:54:30,4:06,3:33:17,9:37:24
464,898,"Geurts, Auke",M45-49,37,Open,Netherlands,1:01:05,3:53,4:53:49,4:29,3:34:10,9:37:26
465,1709,"Westermark, Daniel",M35-39,106,Open,Sweden,58:11,2:30,4:50:47,3:00,3:42:58,9:37:26
466,2396,"Bluff, Daniel",M18-24,10,Open,United Kingdom,1:01:30,2:33,4:33:58,2:26,3:57:05,9:37:32
467,986,"Jara, Vicente",M45-49,38,Open,Spain,1:01:02,3:39,4:51:44,3:35,3:37:37,9:37:37
468,1347,"Guarino, Marco",M40-44,64,Open,Switzerland,1:04:44,3:16,4:41:04,4:31,3:44:12,9:37:47
469,968,"Cuccaro, Rodrigo",M45-49,39,Open,Argentinia,1:00:59,3:24,4:44:28,3:01,3:46:02,9:37:54
470,948,"Takeya, Kenji",M45-49,40,Open,Japan,1:13:16,3:04,4:47:04,5:15,3:29:16,9:37:55
471,1281,"Favre, Francky",M40-44,65,Open,Martinique,1:00:28,3:48,4:42:37,3:29,3:47:41,9:38:03
472,988,"Kotilainen, Sami",M45-49,41,Open,Finland,57:16,3:21,4:44:50,3:55,3:48:50,9:38:12
473,2054,"Stanek, Michael",M30-34,108,Open,United States,1:01:41,3:10,4:48:32,3:54,3:40:57,9:38:14
474,756,"Kröll, Thomas",M50-54,12,Open,Germany,1:08:28,2:56,4:50:19,3:15,3:33:21,9:38:19
475,704,"Kiso, Andreas",M50-54,13,Open,Germany,1:11:55,3:23,4:54:45,3:30,3:24:47,9:38:20
476,1431,"Verhaert, Sebastiaan",M40-44,66,Open,Belgium,1:03:34,3:09,4:53:03,4:35,3:34:01,9:38:22
477,2273,"de Korte, Robert",M25-29,53,Open,Netherlands,1:03:52,2:59,4:40:39,4:48,3:46:07,9:38:25
478,1772,"Lipowski, Marcin",M35-39,107,Open,Poland,1:04:26,3:38,4:42:56,3:12,3:44:15,9:38:27
479,2278,"Pereira, Edmilson",M25-29,54,Open,Brazil,53:13,2:43,4:48:12,3:23,3:51:16,9:38:47
480,2369,"Hitz, Tamara",F25-29,2,Female,Germany,57:03,2:30,5:09:15,2:59,3:27:01,9:38:48
481,1715,"Brown, Markcus",M35-39,108,Open,Australia,1:03:33,3:16,4:57:20,2:51,3:31:54,9:38:54
482,2239,"Weitz, Matti",M25-29,55,Open,Germany,1:00:16,2:21,4:46:06,3:54,3:46:21,9:38:58
483,2096,"Sébastien, BAILLOT",M30-34,109,Open,France,56:30,5:47,5:10:28,6:17,3:19:59,9:39:01
484,881,"Beckman, Jeff",M45-49,42,Open,United States,1:07:34,4:34,4:52:19,3:35,3:31:02,9:39:04
485,1430,"Vergano, Gabriele",M40-44,67,Open,Italy,59:37,4:41,4:55:33,3:24,3:36:01,9:39:16
486,924,"Mira Nunes, Luís",M45-49,43,Open,Portugal,1:13:06,2:47,4:56:16,3:27,3:23:41,9:39:17
487,1320,"Stewart, Alastair",M40-44,68,Open,South Africa,55:25,2:50,5:08:56,3:58,3:28:13,9:39:22
488,1288,"Gyde, Sam",M40-44,69,Open,Belgium,1:06:28,3:27,4:41:05,4:30,3:43:59,9:39:29
489,1469,"Hauf, Martin",M40-44,70,Open,Germany,1:12:27,3:45,4:56:14,4:33,3:22:36,9:39:35
490,1987,"Memmo, Rodrigo",M30-34,110,Open,Argentinia,1:08:25,3:06,4:55:32,4:25,3:28:19,9:39:47
491,966,"Cowan, Anthony",M45-49,44,Open,New Zealand,1:03:18,3:36,4:59:44,6:45,3:26:41,9:40:04
492,2297,"Hall, Benjamin",M25-29,56,Open,United Kingdom,1:10:23,2:29,5:00:48,2:40,3:23:54,9:40:14
493,1784,"Seidler, Peter",M35-39,109,Open,Denmark,56:21,3:49,4:46:18,5:37,3:48:21,9:40:26
494,965,"Christe, Romain",M45-49,45,Open,Switzerland,1:07:27,3:29,4:44:48,4:03,3:40:41,9:40:28
495,799,"Wolf, Alexander",M50-54,14,Open,Germany,1:04:33,3:47,4:59:39,2:55,3:29:34,9:40:28
496,1824,"Higgins, Mark",M35-39,110,Open,Ireland,55:35,2:57,4:40:54,5:04,3:56:05,9:40:35
497,2284,"Zaloga, Dmitri",M25-29,57,Open,Russia,1:03:38,4:15,4:55:19,4:08,3:33:23,9:40:43
498,2381,"Gill, Ty",M18-24,11,Open,United States,1:06:05,4:51,4:53:57,4:50,3:31:04,9:40:47
499,910,"Lack, Ian",M45-49,46,Open,Australia,1:02:28,2:54,4:54:53,3:06,3:37:31,9:40:52
500,1481,"Kern, Ronny",M40-44,71,Open,Germany,1:06:50,4:30,4:54:33,4:34,3:30:31,9:40:58
501,2008,"Wild, David",M30-34,111,Open,United States,55:48,5:41,4:44:46,5:58,3:48:48,9:41:01
502,1713,"Binns, Gregory",M35-39,111,Open,United States,1:00:20,3:31,4:41:35,4:03,3:51:41,9:41:10
503,1988,"Mingay, Scott",M30-34,112,Open,United States,59:07,3:05,4:40:17,4:03,3:54:41,9:41:13
504,1264,"Buzanov, Ivan",M40-44,72,Open,Russia,1:07:59,4:25,4:47:57,3:29,3:37:49,9:41:39
505,880,"Becker, Phillip",M45-49,47,Open,Germany,1:05:41,3:11,4:41:27,2:29,3:49:06,9:41:54
506,1693,"Sandford, Nathan",M35-39,112,Open,Australia,1:03:27,5:47,4:44:00,4:13,3:44:40,9:42:07
507,926,"Niederau, Dirk",M45-49,48,Open,Germany,53:48,4:31,4:38:36,4:38,4:00:38,9:42:11
508,1719,"Diaz, David",M35-39,113,Open,Venezuela,1:03:48,3:30,4:48:20,3:46,3:42:50,9:42:14
509,1680,"Murray, Nathan",M35-39,114,Open,Canada,1:11:56,2:26,4:51:34,3:13,3:33:10,9:42:19
510,1523,"Van Rens, Joost",M40-44,73,Open,Netherlands,1:02:49,4:16,4:51:04,3:24,3:40:53,9:42:26
511,1284,"Gennari, Gustavo",M40-44,74,Open,Brazil,1:03:50,3:31,4:49:12,3:56,3:42:11,9:42:40
512,1303,"Lopes, Marcos Felipe Mendes",M40-44,75,Open,Brazil,1:00:39,3:45,4:48:53,4:56,3:44:28,9:42:41
513,1076,"Trzensiok, Martin",M45-49,49,Open,Germany,1:16:43,4:03,4:56:52,3:28,3:21:44,9:42:50
514,1780,"Sahm, Philipp",M35-39,115,Open,Germany,1:01:41,3:20,4:58:16,3:48,3:35:47,9:42:52
515,1409,"Layton, Scott",M40-44,76,Open,United States,1:04:50,4:15,4:52:30,3:14,3:38:11,9:43:00
516,1803,"Brochan, Watts",M35-39,116,Open,United Kingdom,56:51,2:13,4:57:31,3:55,3:42:30,9:43:00
517,696,"Fasanelli, Daniel",M50-54,15,Open,France,1:01:38,4:27,5:06:02,4:14,3:26:42,9:43:03
518,2418,"Vogt, Philippe",M18-24,12,Open,Switzerland,1:04:42,3:23,4:41:19,5:05,3:48:36,9:43:05
519,1439,"Alvarez, Jorge",M40-44,77,Open,Spain,1:00:32,3:35,4:58:03,3:09,3:37:48,9:43:07
520,2228,"Mitri, Klodian",M25-29,58,Open,United States,1:04:41,2:45,4:57:22,3:39,3:34:46,9:43:13
521,1134,"Novikov, Sergey",M45-49,50,Open,Russia,58:21,3:17,4:47:54,4:49,3:48:54,9:43:15
522,1273,"Defilippi, James",M40-44,78,Open,United States,59:04,3:11,4:46:40,5:10,3:49:20,9:43:25
523,1066,"Rosingana Caballero, Oscar",M45-49,51,Open,Spain,1:04:52,4:13,5:17:40,5:08,3:11:35,9:43:28
524,1753,"Arteche, Joao",M35-39,117,Open,Brazil,54:31,2:57,4:52:12,4:19,3:49:39,9:43:38
525,2195,"Scherrer, Barbara",F30-34,2,Female,Switzerland,1:02:23,3:43,4:55:07,3:33,3:39:01,9:43:47
526,2388,"Carvalho, Thomas",M18-24,13,Open,Brazil,1:00:22,3:21,4:55:57,3:06,3:41:05,9:43:51
527,1261,"Bosshard, Pascal",M40-44,79,Open,Switzerland,1:04:22,4:02,4:34:04,5:18,3:56:08,9:43:54
528,1846,"Moncada, Carlos",M35-39,118,Open,Costa Rica,56:52,2:59,4:51:54,4:34,3:47:41,9:44:00
529,1012,"Tijsmans, Luk",M45-49,52,Open,Belgium,1:01:33,6:02,4:59:05,5:40,3:31:43,9:44:03
530,2057,"Teichert, Max",M30-34,113,Open,Germany,1:04:29,4:25,5:02:39,3:56,3:28:44,9:44:13
531,1314,"Ramirez, Sergio",M40-44,80,Open,El Salvador,1:03:37,4:36,4:53:25,3:26,3:39:27,9:44:31
532,1768,"Kelly, Emmet",M35-39,119,Open,Ireland,1:04:38,4:44,5:11:58,3:03,3:20:10,9:44:33
533,2089,"Ung, Ryan",M30-34,114,Open,United States,1:03:02,3:55,5:03:50,3:32,3:30:16,9:44:35
534,2325,"Fenton, Hilary",F25-29,3,Female,United States,1:04:13,3:42,5:05:26,3:34,3:27:43,9:44:38
535,1039,"Haglund, Fredrik",M45-49,53,Open,Sweden,53:06,2:52,4:43:23,3:42,4:01:37,9:44:40
536,1986,"Mcmahon, Joshua",M30-34,115,Open,Australia,59:40,4:16,4:51:28,4:03,3:45:24,9:44:51
537,1161,"Tamega, Guilherme",M45-49,54,Open,Brazil,1:02:36,3:42,4:51:26,3:51,3:43:31,9:45:06
538,1489,"Menendez De Luarca, Jaime",M40-44,81,Open,Spain,56:12,2:55,4:56:28,3:48,3:45:49,9:45:12
539,1322,"Sumbal, Karel",M40-44,82,Open,Czech Republic,1:04:44,3:01,5:17:27,4:12,3:15:50,9:45:14
540,1046,"Kirkham, Dean",M45-49,55,Open,United Kingdom,1:10:14,3:20,5:00:46,3:49,3:27:07,9:45:16
541,2419,"Roy, Samuel",M18-24,14,Open,Canada,57:52,3:01,4:53:51,4:25,3:46:09,9:45:18
542,909,"Kunze, Alexander",M45-49,56,Open,Germany,1:15:13,2:46,5:14:59,3:14,3:09:10,9:45:22
543,2234,"Scymanski, Eliot",M25-29,59,Open,United States,52:58,3:41,4:35:55,3:46,4:09:16,9:45:36
544,1972,"Halatsch, Niels",M30-34,116,Open,Germany,59:27,4:16,4:48:04,3:37,3:50:15,9:45:39
545,1073,"Terrez, Fernando Jose Lopez",M45-49,57,Open,Spain,1:04:21,3:28,5:16:19,3:34,3:17:59,9:45:41
546,1691,"Sajulga, Felipe Iii",M35-39,120,Open,Philippines,1:11:34,4:02,4:59:48,3:43,3:26:35,9:45:42
547,1388,"Borowik, Sebastian",M40-44,83,Open,Poland,1:15:48,3:44,4:47:34,4:19,3:34:22,9:45:47
548,2240,"Wiygul, John",M25-29,60,Open,United States,1:03:22,3:05,4:41:35,3:21,3:54:27,9:45:50
549,1728,"Jearanai, Jaray",M35-39,121,Open,Thailand,59:16,4:11,4:53:01,4:15,3:45:10,9:45:53
550,1734,"Lenharo, Ariel",M35-39,122,Open,Brazil,1:01:16,4:21,4:53:00,3:12,3:44:11,9:46:00
551,1795,"Zanker, Mark",M35-39,123,Open,Australia,1:00:41,2:53,4:47:09,3:32,3:51:45,9:46:00
552,1274,"Denša, Domen",M40-44,84,Open,Slovenia,58:51,3:45,4:54:21,4:43,3:44:21,9:46:01
553,2146,"Dezerega, Pierangela",F30-34,3,Female,Chile,1:06:08,4:12,5:07:09,3:01,3:25:33,9:46:03
554,2216,"Baker, Mitch",M25-29,61,Open,Australia,1:04:59,4:33,4:58:15,3:37,3:34:40,9:46:04
555,1381,"Zimmet, David",M40-44,85,Open,United States,59:09,4:03,4:53:10,6:12,3:43:30,9:46:04
556,1155,"Schwab, Christian",M45-49,58,Open,Germany,58:02,5:24,4:54:36,5:23,3:42:48,9:46:13
557,1553,"Jongstra, Sione",F40-44,1,Female,Netherlands,59:40,2:33,5:04:51,2:37,3:36:37,9:46:18
558,1476,"Jakobsen, Allan",M40-44,86,Open,Denmark,59:10,3:11,4:49:23,5:50,3:48:45,9:46:19
559,1292,"Henrique Manzini, Paulo",M40-44,87,Open,Brazil,1:04:10,2:55,4:49:40,3:36,3:46:09,9:46:30
560,1122,"Kvernvold, Vidar",M45-49,59,Open,Norway,1:12:13,3:57,4:56:27,3:37,3:30:20,9:46:34
561,1959,"Burrows, Justin",M30-34,117,Open,Bahamas,1:03:19,3:57,5:02:54,3:53,3:32:33,9:46:36
562,587,"Aichholzer, Hannes",M50-54,16,Open,Austria,1:06:28,3:22,4:49:11,4:28,3:43:13,9:46:42
563,1319,"Stephane, Bernard",M40-44,88,Open,France,1:06:07,3:24,4:52:01,3:05,3:42:12,9:46:49
564,3030,"Huetthaler, Lisa",FPRO,29,Female,Austria,58:33,2:14,4:44:59,2:39,3:58:25,9:46:50
565,1154,"Schutjes, Alain",M45-49,60,Open,Belgium,1:06:32,5:37,4:40:01,5:18,3:49:27,9:46:55
566,1330,"Zawadzki, Artur",M40-44,89,Open,Poland,1:06:05,3:21,4:45:52,5:48,3:45:54,9:47:00
567,1666,"Kjellander, Mikael",M35-39,124,Open,Sweden,1:08:05,3:20,4:51:14,3:26,3:40:56,9:47:01
568,1958,"Brown, Ryan",M30-34,118,Open,Canada,58:58,4:53,4:55:05,4:44,3:43:24,9:47:04
569,1032,"Entraygues, Edouard",M45-49,61,Open,France,54:22,2:44,5:00:42,3:12,3:46:07,9:47:07
570,2130,"Scully, Michael",M30-34,119,Open,Ireland,1:06:07,6:46,5:08:20,6:10,3:19:56,9:47:19
571,1465,"Gonon, Antoine",M40-44,90,Open,France,56:52,3:33,4:56:27,5:27,3:45:05,9:47:24
572,1678,"Morton, Jon",M35-39,125,Open,Canada,59:02,4:13,4:48:42,5:44,3:49:45,9:47:26
573,1328,"York, Kenny",M40-44,91,Open,United States,1:08:16,4:15,4:40:00,5:02,3:50:05,9:47:38
574,1384,"Arlandson, Daniel J",M40-44,92,Open,United States,1:01:02,4:12,4:50:05,9:18,3:43:08,9:47:45
575,1418,"Roos, Patrick",M40-44,93,Open,Germany,1:09:02,3:38,4:56:45,3:40,3:34:46,9:47:51
576,1405,"Hornsby, Grant",M40-44,94,Open,Australia,1:03:25,3:18,4:54:06,2:23,3:45:03,9:48:15
577,2006,"Veltum, Benjamin",M30-34,120,Open,Germany,1:05:32,10:23,5:01:21,6:40,3:24:22,9:48:18
578,2083,"Parent, Martin",M30-34,121,Open,Canada,1:02:19,3:21,4:53:23,4:11,3:45:11,9:48:25
579,2368,"Henderson, Amy",F25-29,4,Female,United States,1:09:23,2:35,4:59:20,2:32,3:34:44,9:48:34
580,1566,"Schmidt-Mongrain, Sharon",F40-44,2,Female,United States,1:03:04,3:35,5:08:14,3:00,3:30:46,9:48:39
581,1069,"Schmidt, Christof",M45-49,62,Open,Germany,59:53,4:25,4:45:03,5:57,3:53:22,9:48:40
582,955,"Wessinger, Kevin",M45-49,63,Open,Canada,1:05:05,3:19,4:47:05,6:13,3:46:58,9:48:40
583,2398,"Limmer, Kilian",M18-24,15,Open,Germany,1:07:58,3:07,5:00:30,4:02,3:33:03,9:48:40
584,2018,"Cezar, Gustavo",M30-34,122,Open,Brazil,59:35,3:46,4:49:11,5:22,3:50:47,9:48:41
585,1348,"Kawahara, Hayato",M40-44,95,Open,Japan,59:05,4:49,5:14:37,4:54,3:25:17,9:48:42
586,1661,"Hill, Scott",M35-39,126,Open,United Kingdom,1:05:24,3:33,4:35:10,3:12,4:01:26,9:48:45
587,1746,"Marcondes Ferraz Silva, Arthur",M35-39,127,Open,Brazil,53:42,2:47,4:33:53,3:44,4:14:39,9:48:45
588,1686,"Ramajo Farre, Ruben",M35-39,128,Open,Spain,1:10:41,4:40,4:57:42,3:38,3:32:04,9:48:45
589,2150,"Giuliano, Jacqui",F30-34,4,Female,United States,1:07:36,3:22,5:16:43,3:46,3:17:21,9:48:48
590,1743,"Pike, Chris",M35-39,129,Open,United Kingdom,1:04:53,3:11,4:53:27,3:19,3:44:01,9:48:51
591,1836,"Laybourne, Gary",M35-39,130,Open,United Kingdom,1:00:27,3:12,4:49:37,7:39,3:47:57,9:48:52
592,3016,"Mccauley, Jocelyn",FPRO,30,Female,United States,54:12,2:23,4:53:01,3:03,3:56:29,9:49:08
593,590,"Arai, Shinichiro",M50-54,17,Open,Japan,1:03:53,4:13,4:52:48,5:49,3:42:27,9:49:10
594,1721,"Fleming, Bradley",M35-39,131,Open,South Africa,1:02:51,2:53,5:04:05,2:34,3:36:48,9:49:11
595,2280,"Spraggins, Joe",M25-29,62,Open,United Kingdom,1:11:59,4:18,4:53:59,4:23,3:34:36,9:49:15
596,1736,"Manalich, Felipe",M35-39,132,Open,Chile,58:38,3:46,4:48:31,9:17,3:49:05,9:49:17
597,2217,"Besse, Ben",M25-29,63,Open,United States,59:13,3:17,4:43:59,3:12,3:59:40,9:49:21
598,969,"Daudrix, Stéphane",M45-49,64,Open,France,1:05:02,4:18,5:05:12,4:48,3:30:05,9:49:25
599,1542,"Farrell, Amy",F40-44,3,Female,United States,1:06:03,3:18,5:01:20,2:39,3:36:10,9:49:30
600,478,"Trauger, Thomas",M55-59,3,Open,United States,1:04:46,3:26,4:53:40,3:27,3:44:13,9:49:32
601,2277,"Leyonhjelm, Ricky",M25-29,64,Open,Australia,1:01:51,3:52,4:53:08,3:46,3:47:00,9:49:37
602,989,"Laine, Mikko",M45-49,65,Open,Finland,1:01:08,3:37,4:50:50,3:18,3:50:46,9:49:39
603,1995,"Perry, Andrew",M30-34,123,Open,Australia,1:04:24,2:36,4:36:29,2:42,4:03:28,9:49:39
604,1044,"Jauner, Marc Stefan",M45-49,66,Open,Switzerland,1:03:40,3:20,4:35:02,4:52,4:02:46,9:49:40
605,2047,"Pears, Mathew",M30-34,124,Open,United Kingdom,51:53,2:21,4:42:02,3:32,4:09:53,9:49:41
606,637,"Schweighofer, Georg",M50-54,18,Open,Austria,1:13:02,5:05,4:55:30,5:02,3:31:06,9:49:45
607,2289,"Brazzale, Jackson",M25-29,65,Open,Australia,1:10:13,3:20,4:47:56,3:55,3:44:22,9:49:46
608,1994,"Pellerin, Elliot-Olivier",M30-34,125,Open,Canada,1:01:45,5:21,4:58:35,5:18,3:38:51,9:49:50
609,1878,"Esefeld, Katrin",F35-39,2,Female,Germany,1:07:58,2:37,5:05:08,2:59,3:31:16,9:49:58
610,876,"Amione, Andres",M45-49,67,Open,Argentinia,1:03:38,2:24,5:15:48,3:42,3:24:31,9:50:03
611,1378,"Weber, Andre",M40-44,96,Open,Switzerland,1:13:20,4:27,4:55:05,5:45,3:31:36,9:50:13
612,1487,"Macdonald, Richard",M40-44,97,Open,Canada,1:03:31,3:32,5:03:30,4:01,3:35:48,9:50:22
613,1369,"Shahar, Tomer",M40-44,98,Open,Finland,1:04:21,2:57,4:56:00,5:16,3:41:53,9:50:27
614,1074,"Thompson, Roger",M45-49,68,Open,United States,57:50,5:41,4:57:18,4:10,3:45:30,9:50:29
615,1858,"Seidel, Ronny",M35-39,133,Open,Germany,1:01:25,4:46,4:59:57,5:19,3:39:06,9:50:33
616,2044,"Montoisy, Guillaume",M30-34,126,Open,Belgium,55:31,4:06,4:39:59,3:43,4:07:15,9:50:34
617,1480,"Kennedy, Ryan",M40-44,99,Open,United States,1:13:32,3:38,5:06:31,3:36,3:23:19,9:50:36
618,1687,"Randall, Joshua",M35-39,134,Open,United States,1:01:43,3:38,4:29:54,5:48,4:09:40,9:50:43
619,2090,"Van Der Meer, Edo",M30-34,127,Open,Netherlands,53:11,2:27,5:04:11,4:03,3:47:08,9:51:00
620,923,"Michovsky, Petr",M45-49,69,Open,Czech Republic,1:07:36,2:34,4:54:42,3:14,3:42:57,9:51:03
621,1639,"Bickerstaff, Ryan",M35-39,135,Open,United States,55:27,2:33,4:49:44,4:17,3:59:04,9:51:05
622,2282,"Van Meirhaeghe, Jef",M25-29,66,Open,Belgium,1:03:19,2:57,4:25:47,4:28,4:14:37,9:51:08
623,1955,"Besançon, Fabien",M30-34,128,Open,France,55:22,5:08,4:59:08,4:47,3:46:49,9:51:14
624,1016,"Van Rompaey, Danny",M45-49,70,Open,Belgium,59:15,3:44,4:50:46,4:35,3:52:56,9:51:16
625,2129,"Schepp, Julian",M30-34,129,Open,Germany,1:12:37,5:08,4:59:32,6:44,3:27:19,9:51:20
626,1416,"Newman, Steven",M40-44,100,Open,Australia,1:07:30,2:43,4:40:20,5:50,3:55:00,9:51:23
627,1285,"Gmelin, Moritz",M40-44,101,Open,Germany,59:11,2:29,4:50:40,4:22,3:54:50,9:51:32
628,1065,"Rose, Nick",M45-49,71,Open,United Kingdom,1:05:44,3:17,4:52:01,4:16,3:46:18,9:51:36
629,1257,"Costa, Tarik",M40-44,102,Open,Brazil,53:12,4:18,4:56:33,4:26,3:53:12,9:51:41
630,750,"Hodska, Eric",M50-54,19,Open,United States,1:01:50,4:16,4:46:35,5:41,3:53:25,9:51:47
631,1828,"Hummel, Kyle",M35-39,136,Open,United States,1:01:17,2:48,4:45:15,3:41,3:58:50,9:51:51
632,1142,"Pickard, Kevin",M45-49,72,Open,Canada,53:08,3:28,5:09:27,3:45,3:42:07,9:51:55
633,1668,"Lambert, Brian",M35-39,137,Open,United States,1:01:23,3:29,4:47:43,3:49,3:55:37,9:52:01
634,317,"Scheiring, Hermann",M60-64,1,Open,Germany,1:04:44,3:05,5:10:41,3:28,3:30:10,9:52:08
635,1833,"Kocsis, Norbert",M35-39,138,Open,Hungary,1:01:54,4:05,4:54:40,9:54,3:41:54,9:52:27
636,2262,"Oshima, Jin",M25-29,67,Open,Japan,1:08:30,2:59,5:14:05,4:58,3:22:04,9:52:36
637,1491,"Meth, Hendrik",M40-44,103,Open,Germany,1:09:39,5:06,5:00:51,7:45,3:29:15,9:52:36
638,1711,"Achten, Guy",M35-39,139,Open,Belgium,1:16:19,7:46,4:51:16,4:12,3:33:07,9:52:40
639,1756,"Bies, Torben",M35-39,140,Open,Germany,1:17:06,5:21,4:58:21,5:39,3:26:16,9:52:43
640,1153,"Schuster, Patrick",M45-49,73,Open,United States,1:08:18,2:52,4:40:42,4:48,3:56:13,9:52:53
641,1515,"Sims, Nathan",M40-44,104,Open,Australia,1:11:00,3:39,4:52:31,5:40,3:40:10,9:53:00
642,1311,"Patterson, Kieron",M40-44,105,Open,Australia,1:02:23,3:45,5:10:09,3:25,3:33:25,9:53:07
643,1408,"Kongsted, Søren",M40-44,106,Open,Denmark,1:12:47,4:55,5:00:21,3:44,3:31:25,9:53:12
644,1166,"Toro Orgaz, David",M45-49,74,Open,Spain,1:10:00,3:24,4:59:53,3:30,3:36:28,9:53:15
645,611,"Haidenek, Peter",M50-54,20,Open,Austria,1:02:56,4:07,4:53:28,5:00,3:47:45,9:53:16
646,940,"Shiflett, Bryan",M45-49,75,Open,United States,1:03:40,3:08,5:02:29,3:05,3:40:59,9:53:21
647,2225,"Mcpeek-Bechtold, Nolan",M25-29,68,Open,United States,1:02:40,3:15,4:44:33,3:33,3:59:21,9:53:22
648,1072,"Sun, Hyunsoo",M45-49,76,Open,Korea,1:08:07,5:45,4:53:01,3:51,3:42:44,9:53:28
649,2416,"Saso, Hiroaki",M18-24,16,Open,Japan,1:00:15,3:12,4:59:47,3:49,3:46:31,9:53:34
650,2187,"Hyvärinen, Heidi",F30-34,5,Female,Finland,1:03:57,3:03,5:07:54,3:50,3:34:52,9:53:36
651,1043,"Hunt, Jamie",M45-49,77,Open,New Zealand,53:08,3:22,5:10:18,3:22,3:43:29,9:53:39
652,1562,"Rachetto, Liza",F40-44,4,Female,United States,1:04:55,3:12,4:59:39,2:50,3:43:04,9:53:40
653,1195,"Villa, Elisabetta",F45-49,3,Female,Italy,1:10:49,3:11,5:15:10,2:50,3:22:00,9:54:00
654,2288,"Blais, Vincent",M25-29,69,Open,Canada,1:09:32,4:48,4:51:40,3:41,3:44:20,9:54:01
655,2321,"Brock, Katrine",F25-29,5,Female,Denmark,1:16:08,4:00,5:16:35,2:46,3:14:36,9:54:05
656,883,"Breffle, Barry",M45-49,78,Open,United States,1:01:32,3:32,4:54:48,2:34,3:51:41,9:54:07
657,1031,"Durand, Patrice",M45-49,79,Open,France,1:02:57,4:01,4:53:21,4:47,3:49:06,9:54:12
658,1326,"Weatherhead, Lee",M40-44,107,Open,United States,1:08:05,3:13,4:52:49,4:12,3:46:04,9:54:23
659,3023,"Genet, Manon",FPRO,31,Female,France,58:28,2:40,4:51:37,2:28,3:59:12,9:54:25
660,2315,"Tremblay, Ross",M25-29,70,Open,United States,1:08:48,4:29,4:59:12,4:25,3:37:38,9:54:32
661,1419,"Saluveer, Joona",M40-44,108,Open,Estonia,59:26,4:15,4:59:30,4:44,3:46:40,9:54:35
662,2281,"Tiret, Edouard",M25-29,71,Open,France,1:01:28,3:50,4:46:35,4:08,3:58:49,9:54:50
663,2117,"Kocjan, Klemen",M30-34,130,Open,Slovenia,1:07:42,3:00,4:43:51,4:02,3:56:19,9:54:54
664,1082,"Weeks, Tony",M45-49,80,Open,United Kingdom,1:03:23,3:32,4:51:17,4:19,3:52:35,9:55:06
665,1865,"Swanson, Bryan",M35-39,141,Open,United States,1:04:56,4:41,4:54:53,5:29,3:45:27,9:55:26
666,744,"Fries, Juergen",M50-54,21,Open,Germany,1:08:28,4:26,5:00:01,4:03,3:38:33,9:55:31
667,714,"Valderrabano, Uzziel",M50-54,22,Open,Mexico,55:24,2:53,4:57:22,4:55,3:54:58,9:55:32
668,2224,"Latifi, Michael",M25-29,72,Open,Canada,1:04:16,2:55,5:09:31,2:48,3:36:11,9:55:41
669,2025,"Dyer, Mitchell",M30-34,131,Open,United States,55:49,3:39,5:00:00,7:02,3:49:12,9:55:42
670,2379,"Dittmers, Maximilian",M18-24,17,Open,Germany,1:01:15,3:36,4:51:17,3:25,3:56:15,9:55:48
671,421,"Tuttle, John",M55-59,4,Open,United States,56:24,4:42,5:01:36,5:23,3:47:48,9:55:53
672,933,"Richardson, Shane",M45-49,81,Open,Australia,1:07:01,3:44,4:46:03,3:11,3:55:56,9:55:55
673,487,"Ciarrocchi, Mauro",M55-59,5,Open,Italy,1:00:53,5:09,5:03:02,4:55,3:41:59,9:55:58
674,1297,"Iott, Scott",M40-44,109,Open,United States,1:05:14,3:45,4:56:50,3:29,3:46:43,9:56:01
675,1980,"Larue, Bob",M30-34,132,Open,United States,1:13:50,4:30,4:57:13,4:16,3:36:14,9:56:03
676,1474,"Hunger, Merv",M40-44,110,Open,New Zealand,1:04:43,4:18,4:56:55,6:31,3:43:38,9:56:05
677,1764,"Florimond, Alexandre",M35-39,142,Open,France,1:03:36,3:36,4:54:42,3:47,3:50:34,9:56:15
678,1411,"Marin Ginests, Marc",M40-44,111,Open,Spain,59:03,2:33,4:54:37,3:21,3:56:44,9:56:18
679,935,"Sandquist, Jason",M45-49,82,Open,Canada,1:01:12,3:26,4:56:10,4:04,3:51:27,9:56:19
680,730,"Burdett, Jim",M50-54,23,Open,United Kingdom,1:14:09,4:56,5:07:04,4:17,3:25:54,9:56:20
681,946,"Suraev, Vadim",M45-49,83,Open,Canada,1:01:19,3:12,4:47:31,3:53,4:00:30,9:56:25
682,642,"Voeller, Thomas",M50-54,24,Open,Germany,1:02:54,5:06,4:54:58,4:52,3:48:40,9:56:30
683,1692,"Sanches Neto, Miguel",M35-39,143,Open,Brazil,1:03:45,3:57,5:06:26,3:59,3:38:26,9:56:33
684,920,"Maya, Francisco",M45-49,84,Open,United States,58:22,4:06,5:03:40,3:34,3:46:57,9:56:39
685,1260,"Bilbao, Ovidio",M40-44,112,Open,United States,1:10:05,4:13,5:09:04,4:27,3:28:55,9:56:44
686,2185,"Boulmeti, Evgenia",F30-34,6,Female,Greece,1:08:16,2:15,5:05:58,3:24,3:36:54,9:56:47
687,1165,"Thorsteinsson, Vidar",M45-49,85,Open,Iceland,1:02:31,3:04,4:45:40,2:48,4:02:50,9:56:53
688,1055,"Marco, Montanari",M45-49,86,Open,Italy,1:04:50,4:03,4:49:05,4:21,3:54:43,9:57:02
689,1356,"Monclus, Alfonso",M40-44,113,Open,Spain,1:08:14,6:12,5:03:31,5:23,3:33:50,9:57:10
690,1679,"Murphy, Cheyne",M35-39,144,Open,Australia,1:02:43,4:23,5:07:26,3:10,3:39:31,9:57:13
691,1992,"Nasser, Chris",M30-34,133,Open,United States,1:03:33,4:34,5:04:38,3:28,3:41:01,9:57:14
692,2108,"Gijzen, Jeroen",M30-34,134,Open,Netherlands,1:08:50,2:50,4:47:18,2:48,3:55:29,9:57:15
693,1442,"Beby, Daniel",M40-44,114,Open,Australia,1:05:37,3:57,5:01:14,3:39,3:42:48,9:57:15
694,1512,"Schulmeyer, Ingo",M40-44,115,Open,Germany,1:07:53,2:45,4:50:41,3:28,3:52:42,9:57:29
695,1881,"Fillnow, Meghan",F35-39,3,Female,United States,1:08:49,3:02,5:09:57,3:16,3:32:26,9:57:30
696,2283,"Wehrle, Christopher",M25-29,73,Open,Germany,58:48,2:39,4:49:00,4:48,4:02:17,9:57:32
697,1329,"Yost, Gentry",M40-44,116,Open,United States,1:10:40,3:40,4:46:29,4:49,3:52:00,9:57:38
698,1455,"Davies, Matthew",M40-44,117,Open,United Kingdom,1:05:04,4:38,5:00:35,5:29,3:41:55,9:57:41
699,2340,"Nishioka, Maki",F25-29,6,Female,Japan,58:40,2:34,5:19:10,3:24,3:33:58,9:57:46
700,1583,"In-Albon, Tina",F40-44,5,Female,Switzerland,1:06:00,4:34,5:10:19,4:21,3:32:36,9:57:50
701,1299,"Johnson, Simon",M40-44,118,Open,Australia,1:02:19,3:30,4:45:42,4:04,4:02:21,9:57:56
702,1839,"Lureau, Frederic",M35-39,145,Open,France,1:13:55,3:53,4:35:35,3:44,4:01:07,9:58:14
703,682,"Stoffel, Richard",M50-54,25,Open,Switzerland,1:01:45,4:11,4:49:59,5:12,3:57:11,9:58:18
704,1057,"Mutchie, Jeffrey",M45-49,87,Open,United States,1:20:10,4:11,5:06:51,2:44,3:24:23,9:58:19
705,1333,"Bentley, Daniel",M40-44,119,Open,Canada,1:04:40,3:20,5:00:37,4:10,3:45:32,9:58:19
706,896,"Ferrarassi, Sebastian",M45-49,88,Open,Argentinia,1:03:57,3:22,5:00:21,4:22,3:46:20,9:58:22
707,1457,"Duncan, Kirron",M40-44,120,Open,Australia,59:12,2:47,5:00:21,3:30,3:52:38,9:58:28
708,2012,"Beirl, Luke",M30-34,135,Open,United States,1:09:12,3:17,4:45:36,4:02,3:56:25,9:58:32
709,2072,"Giaux, Jérôme",M30-34,136,Open,Belgium,1:05:18,5:35,4:49:15,5:45,3:52:42,9:58:35
710,2148,"Fischer, Dani",F30-34,7,Female,United States,1:03:27,3:51,5:06:02,6:31,3:38:46,9:58:37
711,2035,"Jamieson, Dale",M30-34,137,Open,Australia,1:05:58,4:37,4:55:42,5:07,3:47:22,9:58:46
712,1275,"Desruisseaux, Carl",M40-44,121,Open,Canada,1:02:21,2:49,5:00:36,3:56,3:49:13,9:58:55
713,2403,"Bowman-Shaw, Rory",M18-24,18,Open,United Kingdom,1:23:59,3:36,4:56:43,4:09,3:30:28,9:58:55
714,595,"Brocks, Steffen",M50-54,26,Open,United States,1:01:55,5:22,5:00:43,4:09,3:46:47,9:58:56
715,1270,"党, 琦",M40-44,122,Open,China,53:53,2:42,4:50:39,4:37,4:07:05,9:58:56
716,1462,"Fritsch, Nicolas",M40-44,123,Open,France,1:15:35,5:07,4:37:17,4:09,3:56:49,9:58:57
717,1426,"Vanacker, Xavier",M40-44,124,Open,France,1:04:13,6:26,4:53:49,5:12,3:49:26,9:59:06
718,2215,"Andersson, Dennis",M25-29,74,Open,Sweden,58:40,3:31,4:52:17,3:39,4:01:08,9:59:15
719,1392,"Cesak, Dalibor",M40-44,125,Open,Czech Republic,1:07:18,3:18,5:14:57,4:49,3:29:00,9:59:22
720,1075,"Troch, Gerhard",M45-49,89,Open,Germany,58:23,3:25,5:04:00,3:09,3:50:31,9:59:28
721,1454,"Couanis, Gary",M40-44,126,Open,Australia,57:46,4:35,5:14:54,6:15,3:36:04,9:59:34
722,2430,"Ryter, Joanna",F18-24,1,Female,Switzerland,1:09:44,2:32,5:16:23,2:33,3:28:23,9:59:35
723,2323,"Carvalho, Maria Cecilia",F25-29,7,Female,Brazil,1:03:31,3:16,5:04:52,3:32,3:44:24,9:59:35
724,1867,"Tkác, Daniel",M35-39,146,Open,Czech Republic,1:03:12,5:19,4:52:26,3:47,3:54:52,9:59:36
725,1527,"Wojnar, Robert",M40-44,127,Open,Poland,1:13:12,2:40,4:51:07,4:23,3:48:18,9:59:40
726,877,"Anderson, Stuart",M45-49,90,Open,United Kingdom,1:03:25,2:48,4:38:06,4:35,4:10:56,9:59:50
727,1880,"Fardell, Jane",F35-39,4,Female,Australia,1:01:38,3:00,5:23:41,4:31,3:27:03,9:59:53
728,1001,"Priglinger, Thomas",M45-49,91,Open,Austria,1:04:54,4:01,4:45:11,5:06,4:00:47,9:59:59
729,1957,"Bogdanov, Alexander",M30-34,138,Open,Russia,1:06:13,3:48,4:53:39,4:57,3:51:32,10:00:09
730,607,"Genans Boiteux, Richard",M50-54,27,Open,France,57:10,3:50,5:05:25,3:34,3:50:18,10:00:17
731,2151,"Hockley, Krystle",F30-34,8,Female,Australia,1:05:48,3:42,5:08:10,3:04,3:39:34,10:00:18
732,1482,"Kitahara, Hideki",M40-44,128,Open,Japan,1:03:47,4:49,4:58:53,3:45,3:49:06,10:00:20
733,931,"Procházka, Roman",M45-49,92,Open,Czech Republic,1:17:43,3:47,5:00:10,4:15,3:34:27,10:00:22
734,1371,"Thiel, Dominik-Paul",M40-44,129,Open,Germany,1:09:57,4:06,5:07:13,4:09,3:34:57,10:00:22
735,664,"Kristensen, Lennie",M50-54,28,Open,Denmark,1:45:59,3:23,4:47:26,3:56,3:19:39,10:00:23
736,1124,"Leuchtenmüller, Mario",M45-49,93,Open,Austria,1:06:20,3:13,4:45:18,4:02,4:01:39,10:00:32
737,2320,"Bowker, Kayla",F25-29,8,Female,United States,1:09:37,4:03,5:20:10,4:43,3:22:02,10:00:35
738,418,"Roepstorf, Uwe",M55-59,6,Open,Germany,1:13:27,2:44,5:03:22,4:40,3:36:29,10:00:42
739,2095,"Albert, David",M30-34,139,Open,Germany,1:11:38,2:58,4:59:13,3:01,3:43:56,10:00:46
740,1539,"Dumont, Claudia",F40-44,6,Female,Brazil,58:40,3:21,5:26:55,3:03,3:28:47,10:00:46
741,719,"Andersen, Bent",M50-54,29,Open,Denmark,56:41,3:49,5:10:18,5:11,3:44:47,10:00:46
742,1660,"Hanyu, Soichiro",M35-39,147,Open,Japan,1:06:07,3:59,5:10:19,3:54,3:36:34,10:00:53
743,2428,"Lacerda, Carla",F18-24,2,Female,Brazil,1:03:31,2:57,5:09:26,3:23,3:41:58,10:01:15
744,1853,"Reece, Andrew",M35-39,148,Open,Australia,53:45,4:19,4:56:19,6:31,4:00:33,10:01:27
745,1742,"Pajor, Gabor",M35-39,149,Open,Hungary,1:01:21,4:14,5:20:43,5:18,3:30:10,10:01:46
746,2098,"Bethke, Jordan",M30-34,140,Open,United States,56:48,3:30,4:46:42,2:47,4:12:14,10:02:01
747,956,"Whitby, Brandon",M45-49,94,Open,Canada,56:53,4:14,4:57:22,4:58,3:58:46,10:02:13
748,1417,"Park, Sung-Jin",M40-44,130,Open,Korea,1:11:39,3:05,4:54:06,4:11,3:49:24,10:02:25
749,2154,"Iannarelli, Carla",F30-34,9,Female,Argentinia,1:08:16,2:44,5:17:36,3:24,3:30:46,10:02:46
750,2028,"Gatzoubaros, Matthew",M30-34,141,Open,Australia,1:13:19,3:37,5:03:14,5:38,3:37:03,10:02:51
751,1904,"Bollmann, Michelle",F35-39,5,Female,Switzerland,1:11:48,2:55,5:08:51,3:00,3:36:18,10:02:52
752,476,"Tanaka, Takeshi",M55-59,7,Open,Japan,1:07:30,3:59,5:16:57,4:13,3:30:17,10:02:56
753,1864,"Starr, David",M35-39,150,Open,United Kingdom,1:25:50,3:14,4:47:38,6:24,3:39:57,10:03:03
754,1255,"Alacio, Salvador Alarcon",M40-44,131,Open,Spain,1:05:34,5:35,5:00:19,3:44,3:47:55,10:03:07
755,911,"Lehner, Frank",M45-49,95,Open,Germany,1:18:54,4:03,4:55:39,8:06,3:36:32,10:03:14
756,1400,"Geirnaert, Tom",M40-44,132,Open,Belgium,1:07:27,4:38,4:52:04,4:50,3:54:16,10:03:15
757,1761,"Drouault, Julien",M35-39,151,Open,France,1:04:47,3:36,5:02:29,3:29,3:49:02,10:03:23
758,1120,"Kromar, Damijan",M45-49,96,Open,Slovenia,1:04:05,3:05,4:50:16,3:31,4:02:27,10:03:24
759,2209,"Schmoll, Leonie",F30-34,10,Female,Germany,54:30,2:45,5:27:43,2:59,3:35:28,10:03:25
760,879,"Barahona De Andres, Fernando",M45-49,97,Open,Spain,1:13:22,4:09,5:03:01,6:23,3:36:35,10:03:30
761,1800,"Barbour, Damien",M35-39,152,Open,Australia,1:16:45,3:17,5:01:31,3:33,3:38:25,10:03:31
762,1659,"Gonzalez, Cristian",M35-39,153,Open,Colombia,1:05:53,5:49,5:05:50,4:53,3:41:12,10:03:37
763,1908,"Germann, Desirée",F35-39,6,Female,Switzerland,1:10:15,3:32,5:12:51,3:20,3:33:49,10:03:47
764,1791,"Wojtylo, Michal",M35-39,154,Open,Poland,1:05:02,3:36,4:45:22,4:43,4:05:16,10:03:59
765,1000,"Possenriede, Carsten",M45-49,98,Open,Germany,1:18:25,5:16,5:08:02,5:44,3:26:36,10:04:03
766,1664,"Hunter, Mark",M35-39,155,Open,Australia,1:06:26,3:54,5:11:44,2:52,3:39:14,10:04:10
767,1700,"Takao, Yamazaki",M35-39,156,Open,Japan,1:05:56,3:42,5:19:59,3:51,3:30:44,10:04:12
768,1278,"Ellingsen, Per Morten",M40-44,133,Open,Norway,1:08:57,2:40,4:43:25,3:22,4:05:53,10:04:17
769,1896,"Simpson, Diana",F35-39,7,Female,New Zealand,58:40,3:24,5:09:04,3:00,3:50:10,10:04:18
770,596,"Burger, David",M50-54,30,Open,United States,1:17:00,3:43,4:54:33,3:26,3:45:40,10:04:22
771,1657,"Feddock, Jonathan",M35-39,157,Open,United States,1:00:57,3:49,5:10:27,5:40,3:43:32,10:04:25
772,1024,"Casini, Riccardo",M45-49,99,Open,Italy,1:01:47,4:07,4:55:42,5:25,3:57:27,10:04:28
773,630,"Orton, Bob",M50-54,31,Open,United Kingdom,1:03:29,3:09,5:06:55,3:27,3:47:29,10:04:29
774,308,"Cuddeback, Jeff",M60-64,2,Open,United States Virgin Islands,56:49,3:13,4:59:24,3:53,4:01:14,10:04:33
775,1502,"Overmars, Koen Pieter",M40-44,134,Open,Netherlands,1:04:49,4:08,4:51:58,4:08,3:59:32,10:04:35
776,2341,"Renouf, Katherine",F25-29,9,Female,United Kingdom,53:15,2:57,5:13:56,2:50,3:51:40,10:04:38
777,1845,"Meyer, Justus",M35-39,158,Open,United States,1:15:28,3:48,5:03:05,4:05,3:38:16,10:04:42
778,2176,"Jänese, Maria",F30-34,11,Female,Estonia,1:13:52,3:12,5:13:34,2:27,3:31:42,10:04:47
779,2141,"Guillaume, Benoit",M30-34,142,Open,France,1:01:24,3:53,4:39:51,4:08,4:15:38,10:04:54
780,697,"Fior, Guglielmo",M50-54,32,Open,Italy,1:11:21,3:28,4:58:46,4:32,3:46:49,10:04:56
781,1717,"Brunelle, Jonathan",M35-39,159,Open,Canada,1:12:46,5:32,4:56:09,7:08,3:43:22,10:04:57
782,1601,"Carlsson, Mirella",F40-44,7,Female,Sweden,1:08:47,3:06,5:04:35,3:19,3:45:11,10:04:58
783,1313,"Philippe, Xavier",M40-44,135,Open,France,1:07:07,3:19,4:41:12,6:02,4:07:29,10:05:09
784,1190,"Phuah, Kelly",F45-49,4,Female,Australia,1:06:40,3:13,5:10:23,3:02,3:42:01,10:05:19
785,978,"Hall, Garry",M45-49,100,Open,Ireland,1:00:21,3:36,5:06:31,3:42,3:51:09,10:05:19
786,1747,"Sparidaans, Glenn",M35-39,160,Open,Australia,1:13:03,5:34,5:02:05,6:15,3:38:24,10:05:21
787,1900,"Thomas, Sarah",F35-39,8,Female,Australia,1:06:40,2:38,5:18:08,2:24,3:35:34,10:05:24
788,1258,"Ayala, Sergio",M40-44,136,Open,Argentinia,1:08:23,3:56,5:12:13,4:25,3:36:29,10:05:26
789,942,"Simon, Dorian",M45-49,101,Open,Germany,1:08:31,4:12,5:19:58,3:59,3:28:48,10:05:28
790,2251,"Hotson, James",M25-29,75,Open,United States,59:21,2:22,4:58:10,4:30,4:01:09,10:05:32
791,1407,"Kiuru, Jukka",M40-44,137,Open,Finland,1:11:00,2:48,4:54:00,4:09,3:53:50,10:05:47
792,2252,"Ishibashi, Takeshi",M25-29,76,Open,Japan,51:56,2:47,5:05:32,5:17,4:00:17,10:05:49
793,1451,"Church, Aaron",M40-44,138,Open,United States,1:12:36,4:49,5:12:53,4:15,3:31:37,10:06:10
794,2058,"Turnbull, Robert",M30-34,143,Open,United Kingdom,1:20:26,4:40,4:56:46,4:09,3:40:16,10:06:17
795,1496,"Nemitz, Jan",M40-44,139,Open,Germany,1:07:11,4:47,5:23:10,4:54,3:26:20,10:06:22
796,2063,"Zhou, Yantou",M30-34,144,Open,China,1:03:48,3:59,5:02:47,5:55,3:50:03,10:06:32
797,1401,"Gray, Ian",M40-44,140,Open,Canada,1:01:32,3:11,5:22:24,4:16,3:35:17,10:06:40
798,1205,"Guinoiseau, Linda",F45-49,5,Female,France,1:09:01,3:20,5:17:08,4:06,3:33:07,10:06:42
799,1672,"LOPEZ, DOMINIC",M35-39,161,Open,Australia,1:18:24,4:07,4:53:49,3:52,3:46:42,10:06:54
800,341,"Roe, Michael",M60-64,3,Open,Denmark,1:16:04,4:26,5:05:29,3:03,3:38:04,10:07:06
801,708,"Nocentini, Leonardo",M50-54,33,Open,Italy,1:19:03,5:27,5:06:32,4:11,3:31:57,10:07:10
802,1963,"Eaton, Josh",M30-34,145,Open,United States,56:28,3:14,4:47:06,3:27,4:16:56,10:07:11
803,2206,"Oldham, Rosie",F30-34,12,Female,Australia,1:06:51,4:13,5:18:18,3:03,3:34:51,10:07:16
804,1017,"Waterstraat, Christian",M45-49,102,Open,United States,1:01:25,4:53,4:44:59,3:26,4:12:36,10:07:19
805,915,"Lowman, Brian",M45-49,103,Open,United States,1:08:51,4:14,5:00:35,4:13,3:49:31,10:07:24
806,2039,"Kurihara, Masaaki",M30-34,146,Open,Japan,59:37,4:16,5:06:27,7:18,3:49:53,10:07:31
807,623,"Mccormack, Walter",M50-54,34,Open,United States,1:04:56,3:36,4:47:00,3:45,4:08:40,10:07:57
808,2238,"Tucker, Ian",M25-29,77,Open,Canada,1:04:12,2:42,4:47:26,3:14,4:10:24,10:07:58
809,1727,"Huß, Jörg",M35-39,162,Open,Germany,1:06:06,4:08,5:03:00,4:57,3:49:52,10:08:03
810,1097,"Doron, Yehuda",M45-49,104,Open,Israel,1:08:59,5:17,5:01:00,7:05,3:45:43,10:08:04
811,2173,"Grosvenor, Tara",F30-34,13,Female,United Kingdom,1:02:20,2:56,5:19:55,2:51,3:40:06,10:08:08
812,2257,"Li, Chang-Tai",M25-29,78,Open,Taiwan,1:07:45,2:43,5:11:47,4:40,3:41:22,10:08:17
813,1466,"Haahtela, Sauli",M40-44,141,Open,Finland,1:01:31,3:04,4:44:19,4:22,4:15:01,10:08:17
814,2299,"Harkawik, Bill",M25-29,79,Open,United States,1:10:55,4:34,5:10:59,6:12,3:35:41,10:08:21
815,1522,"Timp, Michael",M40-44,142,Open,Australia,59:59,4:27,4:46:28,4:58,4:12:31,10:08:23
816,1558,"Morales, Florencia",F40-44,8,Female,Argentinia,1:08:08,3:39,5:36:01,3:02,3:17:38,10:08:28
817,2212,"West, Lesley",F30-34,14,Female,Australia,1:10:49,3:08,5:15:27,5:25,3:33:41,10:08:30
818,996,"Offenhuber, Marcus",M45-49,105,Open,Austria,1:08:04,4:09,5:14:53,4:40,3:36:57,10:08:43
819,1009,"Tallo, David",M45-49,106,Open,Canada,1:08:04,3:03,5:00:32,3:32,3:54:20,10:09:31
820,633,"Regnier, Philip",M50-54,35,Open,United States,1:18:42,6:34,5:09:53,4:43,3:29:40,10:09:32
821,2082,"Page, James",M30-34,147,Open,United Kingdom,1:01:29,4:19,5:04:18,3:45,3:55:55,10:09:46
822,689,"Bessaa, Mebarek",M50-54,36,Open,France,1:07:12,3:39,5:11:01,5:18,3:42:58,10:10:08
823,1332,"Behler, Jeremy",M40-44,143,Open,United States,1:03:41,3:18,5:09:15,3:18,3:50:44,10:10:16
824,489,"Contant, Dan",M55-59,8,Open,Canada,1:09:41,4:06,5:10:07,5:02,3:41:29,10:10:25
825,1301,"Joly, Lionel",M40-44,144,Open,France,1:12:26,3:52,5:24:36,7:02,3:22:34,10:10:30
826,1079,"Vesty, Brendon",M45-49,107,Open,New Zealand,1:11:43,4:30,4:28:46,4:16,4:21:23,10:10:38
827,593,"Berg, Barry",M50-54,37,Open,Canada,56:40,3:46,5:02:51,4:18,4:03:06,10:10:41
828,678,"Schrenk, Harald",M50-54,38,Open,Austria,1:08:24,3:14,5:00:12,4:23,3:54:35,10:10:48
829,1083,"West, Mitch",M45-49,108,Open,United States,1:03:35,4:12,5:04:10,5:27,3:53:28,10:10:52
830,632,"Potter, John Leroy",M50-54,39,Open,United States,58:05,3:50,5:11:38,6:25,3:50:56,10:10:54
831,1586,"Lasalle, Ashley",F40-44,9,Female,United States,1:00:42,4:33,5:08:54,3:46,3:53:04,10:10:59
832,1893,"Richtrova, Jana",F35-39,9,Female,Czech Republic,1:16:04,3:20,5:01:34,3:58,3:46:03,10:10:59
833,1308,"Nisula, Kris",M40-44,145,Open,Canada,1:12:00,5:18,4:55:39,5:49,3:52:23,10:11:09
834,1291,"Hawkins, Todd",M40-44,146,Open,United States,58:04,3:50,5:00:58,4:56,4:03:26,10:11:14
835,482,"Begg, Alex",M55-59,9,Open,United States,1:00:42,5:20,4:53:08,6:25,4:05:47,10:11:22
836,1956,"Billyard, Mark",M30-34,148,Open,United Kingdom,53:07,4:25,5:03:29,8:49,4:01:37,10:11:27
837,1041,"Halusan, Brian",M45-49,109,Open,United States,58:47,3:47,4:58:07,5:33,4:05:14,10:11:28
838,1882,"Gianinni, Vanessa",F35-39,10,Female,Brazil,1:00:55,3:07,5:03:54,4:13,3:59:45,10:11:54
839,808,"Enslin, Michelle",F50-54,1,Female,South Africa,1:06:49,3:58,5:16:27,3:13,3:41:35,10:12:02
840,936,"Saunders, Benjamin",M45-49,110,Open,United States,59:25,3:44,5:14:08,5:05,3:49:41,10:12:03
841,589,"Almeling, Stefan",M50-54,40,Open,Germany,55:51,6:36,4:58:07,4:17,4:07:20,10:12:11
842,1698,"Sek, David",M35-39,163,Open,United States,58:53,5:52,5:07:14,8:42,3:51:42,10:12:23
843,1636,"Ampoulie, Yannick",M35-39,164,Open,France,1:19:25,2:50,4:55:10,3:42,3:51:20,10:12:27
844,2170,"Van Der Vyver, Eulali",F30-34,15,Female,South Africa,1:11:19,3:09,5:20:25,2:48,3:34:53,10:12:34
845,1890,"Nadeau, Laura",F35-39,11,Female,Guam,1:10:10,3:17,5:21:39,5:49,3:31:42,10:12:37
846,1341,"Fischer, Oliver",M40-44,147,Open,Switzerland,1:04:49,3:28,5:02:08,3:56,3:58:19,10:12:40
847,1537,"Chevrier, Sophie",F40-44,10,Female,Switzerland,1:09:52,3:06,5:19:12,3:52,3:36:53,10:12:55
848,1829,"Hupel, Christian",M35-39,165,Open,Germany,1:08:06,6:26,5:08:25,7:02,3:43:09,10:13:08
849,1467,"Halkjær, Morten",M40-44,148,Open,Denmark,1:21:49,5:45,4:58:39,5:10,3:41:50,10:13:13
850,408,"Labouchere, David",M55-59,10,Open,United Kingdom,1:09:40,3:31,4:46:15,2:55,4:10:54,10:13:15
851,654,"De Boever, Jurgen",M50-54,41,Open,Belgium,1:22:15,4:54,4:58:20,4:05,3:43:48,10:13:22
852,1362,"Oosterwaal, Daniel",M40-44,149,Open,Netherlands,1:05:44,4:19,5:03:41,4:54,3:54:50,10:13:28
853,1804,"Bronholo, Alex",M35-39,166,Open,Brazil,1:11:39,3:23,5:06:45,4:48,3:46:55,10:13:30
854,2305,"Neukamp, Christoph",M25-29,80,Open,Austria,1:15:47,2:57,4:49:02,3:43,4:02:03,10:13:32
855,614,"Hill, Rob",M50-54,42,Open,Australia,1:12:46,3:19,5:08:32,4:26,3:44:41,10:13:44
856,894,"Deery, Hamish",M45-49,111,Open,Australia,1:13:14,4:25,5:13:16,3:46,3:39:08,10:13:49
857,1135,"Nyberg, Christian",M45-49,112,Open,Sweden,1:03:10,5:20,4:51:30,6:38,4:07:13,10:13:51
858,2041,"Liao, Ling",M30-34,149,Open,China,1:09:46,4:48,5:06:00,2:47,3:50:31,10:13:52
859,613,"Hill, Paul",M50-54,43,Open,New Zealand,1:07:25,3:59,5:08:05,3:58,3:50:27,10:13:54
860,676,"Ronnle, Mikael",M50-54,44,Open,Sweden,1:17:24,3:04,5:09:04,4:41,3:39:41,10:13:54
861,663,"Kawashima, Ryuichi",M50-54,45,Open,Japan,1:07:13,4:26,5:13:16,4:49,3:44:13,10:13:57
862,874,"Abdo, Marcelo",M45-49,113,Open,Brazil,53:05,3:20,4:58:13,5:53,4:13:37,10:14:08
863,944,"Smith, Craig",M45-49,114,Open,Australia,1:07:16,3:45,4:55:10,4:15,4:03:44,10:14:10
864,1058,"Newsome, Jason",M45-49,115,Open,United Kingdom,1:06:01,4:31,5:07:42,8:21,3:47:41,10:14:16
865,2071,"Ganon, Yiftach",M30-34,150,Open,Israel,1:06:24,4:03,5:11:52,4:06,3:48:05,10:14:30
866,597,"Busko, Billy",M50-54,46,Open,United States,1:08:47,4:54,5:06:15,3:53,3:50:43,10:14:32
867,1150,"Sanderson, Jody",M45-49,116,Open,Canada,1:11:07,4:37,4:56:45,5:11,3:56:54,10:14:34
868,635,"Ross, Doug",M50-54,47,Open,United States,1:10:27,3:33,5:12:04,4:10,3:44:29,10:14:43
869,1655,"Dvinov, Danny",M35-39,167,Open,United States,1:06:17,4:37,4:53:09,3:47,4:06:57,10:14:47
870,875,"Akiba, Noriyuki",M45-49,117,Open,Japan,59:43,4:38,5:00:27,3:49,4:06:12,10:14:49
871,997,"Oppliger, Christophe",M45-49,118,Open,Switzerland,1:07:14,4:05,5:09:01,4:47,3:49:45,10:14:52
872,462,"Heier, Horst Richard Manfred",M55-59,11,Open,Germany,1:02:41,3:00,5:15:17,3:41,3:50:15,10:14:54
873,1435,"Zaman, Joris",M40-44,150,Open,Belgium,1:11:08,4:27,5:02:30,6:45,3:50:05,10:14:55
874,413,"Nation, Perry",M55-59,12,Open,Australia,1:01:06,4:26,5:02:43,4:36,4:02:07,10:14:58
875,2145,"Coble, Caroline",F30-34,16,Female,United States,1:15:23,5:04,5:12:22,5:36,3:36:33,10:14:58
876,2192,"Pisarek, Ewelina",F30-34,17,Female,Poland,1:11:46,3:14,5:18:22,4:35,3:37:04,10:15:01
877,1129,"Lum, Shannon",M45-49,119,Open,Australia,1:04:31,4:13,5:02:36,4:05,3:59:42,10:15:07
878,2144,"Choo, Ling Er",F30-34,18,Female,Singapore,1:08:17,3:00,5:10:01,3:58,3:49:53,10:15:09
879,1130,"Marsh, Scott",M45-49,120,Open,Australia,1:08:28,5:01,4:58:34,5:19,3:57:49,10:15:11
880,1145,"Racadot, Benoit",M45-49,121,Open,France,1:02:18,3:53,4:49:40,3:52,4:15:40,10:15:23
881,1037,"Gotzler, Mike",M45-49,122,Open,United States,1:07:41,4:46,5:07:15,5:01,3:50:43,10:15:26
882,979,"Harinck, David",M45-49,123,Open,Belgium,1:03:45,4:36,4:50:35,6:12,4:10:25,10:15:33
883,1021,"Bellet, Laurent",M45-49,124,Open,France,1:17:17,3:57,5:06:40,6:35,3:41:08,10:15:37
884,1505,"Parada, Adrian",M40-44,151,Open,Argentinia,1:05:26,4:21,5:02:30,2:39,4:00:43,10:15:39
885,1350,"Legere, Vincent",M40-44,152,Open,Canada,1:10:50,5:56,5:11:53,5:45,3:41:22,10:15:46
886,609,"Gonzalez, Rodrigo",M50-54,48,Open,Chile,1:09:28,5:13,5:09:31,6:49,3:44:49,10:15:50
887,1342,"Flanagan, Brendan",M40-44,153,Open,Australia,1:06:20,5:05,5:05:34,6:18,3:52:42,10:15:59
888,2353,"Hayes, Helena",F25-29,10,Female,Ireland,58:47,3:47,5:31:40,2:43,3:39:06,10:16:03
889,975,"Ganser, Markus",M45-49,125,Open,Germany,1:07:10,3:44,4:39:26,4:59,4:20:51,10:16:10
890,2392,"Gampon, Dan",M18-24,19,Open,United States,1:01:00,4:49,5:20:40,4:44,3:45:12,10:16:25
891,1063,"Prinz, Joachim",M45-49,126,Open,Germany,1:13:53,6:08,5:12:36,4:05,3:39:47,10:16:29
892,1013,"Travis, Eric",M45-49,127,Open,Canada,1:03:16,5:07,4:45:59,4:14,4:17:58,10:16:34
893,1641,"Borowiak, Rafal",M35-39,168,Open,Poland,1:09:28,3:43,5:02:46,3:22,3:57:16,10:16:35
894,1423,"Serda, Diego",M40-44,154,Open,Argentinia,55:34,3:25,5:38:17,4:56,3:34:26,10:16:38
895,705,"Kuipers, Rudolf",M50-54,49,Open,Netherlands,1:08:44,4:37,4:57:10,4:59,4:01:15,10:16:45
896,2037,"Kervarec, Franck",M30-34,151,Open,France,1:01:45,3:22,4:47:49,5:36,4:18:19,10:16:51
897,645,"John Wippell, Angus",M50-54,50,Open,Australia,1:00:35,5:26,5:07:55,4:15,3:58:46,10:16:57
898,2245,"Bouillet, Louis",M25-29,81,Open,Belgium,57:35,3:00,5:09:05,2:56,4:04:22,10:16:58
899,2190,"Low, Heather",F30-34,19,Female,Canada,1:11:58,3:25,5:15:50,2:56,3:42:50,10:16:59
900,1060,"Oh, Il Hwan",M45-49,128,Open,Korea,1:13:23,6:51,5:01:15,7:13,3:48:30,10:17:12
901,419,"Smith, Kenneth",M55-59,13,Open,Switzerland,1:10:58,6:46,5:01:47,7:52,3:49:51,10:17:14
902,1486,"Lindholm, Tommi",M40-44,155,Open,Finland,1:21:24,4:28,5:13:22,4:16,3:33:46,10:17:16
903,634,"Robert, Philippe",M50-54,51,Open,France,1:22:35,4:05,5:04:49,5:17,3:40:34,10:17:20
904,1838,"Lindberg, Olof",M35-39,169,Open,Sweden,1:04:48,5:02,5:11:46,4:00,3:51:45,10:17:21
905,970,"De Malsche, Tom",M45-49,129,Open,Belgium,1:07:18,3:29,5:00:08,5:16,4:01:15,10:17:26
906,1233,"Tschech, Tanja",F45-49,6,Female,United States,1:00:36,3:36,5:15:25,3:20,3:54:35,10:17:32
907,2019,"Charbonneau-Lemaire, Mikael",M30-34,152,Open,Canada,1:05:06,4:07,5:11:12,5:30,3:51:41,10:17:36
908,1061,"Park, Yongho",M45-49,130,Open,Korea,1:07:14,5:56,5:02:52,4:35,3:57:15,10:17:52
909,2411,"Li, Songen",M18-24,20,Open,China,1:12:42,2:41,5:13:53,5:30,3:43:11,10:17:57
910,1127,"Littlewood, Damion",M45-49,131,Open,United Kingdom,59:23,3:34,4:42:07,4:44,4:28:19,10:18:07
911,1323,"Suppi, Ahti",M40-44,156,Open,Estonia,1:17:24,3:59,5:02:08,5:30,3:49:09,10:18:10
912,781,"Prigent, Jerome",M50-54,52,Open,France,1:01:07,3:40,4:55:36,6:35,4:11:26,10:18:24
913,1511,"Schmitt, Craig",M40-44,157,Open,Canada,1:19:46,4:52,5:00:01,5:13,3:48:34,10:18:26
914,1367,"Robertson, John",M40-44,158,Open,Australia,1:09:53,5:12,4:56:05,6:42,4:00:37,10:18:29
915,2186,"Bramley, Kate",F30-34,20,Female,Australia,1:02:56,3:28,5:23:01,2:43,3:46:24,10:18:32
916,1468,"Hankala, Teemu",M40-44,159,Open,Finland,1:25:33,4:53,5:06:04,4:23,3:37:43,10:18:36
917,1077,"Tyrode, Frederic",M45-49,132,Open,France,56:54,4:05,4:53:36,3:51,4:20:14,10:18:40
918,2332,"Rabago, Larissa",F25-29,11,Female,Mexico,1:04:17,3:41,5:14:12,4:49,3:51:44,10:18:43
919,1056,"Musmanno, Walter",M45-49,133,Open,Argentinia,1:04:13,6:03,5:10:59,7:39,3:50:00,10:18:54
920,1909,"Green, Tamara",F35-39,12,Female,Australia,1:08:14,4:07,5:29:01,3:09,3:34:37,10:19:08
921,1550,"Hill, Victoria",F40-44,11,Female,United Kingdom,1:15:40,4:40,5:23:18,4:08,3:31:23,10:19:09
922,1633,"Schneeberger, Cornelia",F40-44,12,Female,Switzerland,1:09:05,5:06,5:15:38,4:17,3:45:03,10:19:09
923,1176,"Daenzer, Sandra",F45-49,7,Female,Switzerland,1:09:31,4:08,5:08:35,3:09,3:53:46,10:19:09
924,1424,"Stricker, Marc Roger",M40-44,160,Open,Switzerland,1:04:47,4:29,5:14:28,5:41,3:49:46,10:19:11
925,2383,"Hiraya, Shun",M18-24,21,Open,Japan,1:05:49,2:58,5:20:12,6:35,3:43:48,10:19:22
926,1708,"Voit, Volker",M35-39,170,Open,Germany,1:12:11,4:53,4:40:29,5:20,4:16:33,10:19:26
927,1712,"Adams, Chris",M35-39,171,Open,United Kingdom,1:08:18,5:13,5:17:08,6:41,3:42:13,10:19:33
928,1752,"Wilson, Aaron",M35-39,172,Open,United States,1:14:23,5:43,5:04:35,6:22,3:48:39,10:19:42
929,2147,"Faulkenberry, Meghan",F30-34,21,Female,United States,1:02:57,4:24,5:07:41,3:48,4:00:53,10:19:43
930,1825,"Hill, John",M35-39,173,Open,United States,1:14:44,4:58,5:05:37,6:45,3:47:50,10:19:54
931,945,"St-Cyr, Stephane",M45-49,134,Open,Canada,1:10:56,5:56,5:27:28,4:40,3:30:59,10:19:59
932,2084,"PRANDINI, STEFANO",M30-34,153,Open,Italy,1:01:33,7:27,5:03:25,5:27,4:02:13,10:20:05
933,1007,"Stanley-Hunt, Kevin",M45-49,135,Open,New Zealand,1:05:20,4:09,5:05:00,5:14,4:00:29,10:20:12
934,450,"Vervisch, Stefaan",M55-59,14,Open,Belgium,1:06:04,3:33,5:06:29,4:45,3:59:26,10:20:17
935,1377,"Vieira, Pedro",M40-44,161,Open,Portugal,1:08:20,3:47,5:14:19,3:46,3:50:07,10:20:19
936,967,"Martins Da Cruz, Carlos Filipe",M45-49,136,Open,Portugal,55:01,2:37,4:43:02,5:57,4:33:42,10:20:19
937,973,"Figueiredo, Paulo",M45-49,137,Open,Portugal,1:03:59,3:33,4:33:59,5:13,4:33:36,10:20:20
938,1036,"Garner, David",M45-49,138,Open,United Kingdom,1:13:28,4:27,5:14:24,4:42,3:43:19,10:20:20
939,930,"Podoba, Jacek",M45-49,139,Open,Poland,58:26,4:17,5:19:05,3:19,3:55:17,10:20:24
940,737,"Denoth, Linard",M50-54,53,Open,Switzerland,1:19:36,5:50,5:03:17,5:41,3:46:13,10:20:37
941,922,"Mccarty, Van",M45-49,140,Open,United States,1:19:08,5:39,5:24:50,5:26,3:25:37,10:20:40
942,908,"Kirwan, Martin",M45-49,141,Open,Ireland,1:20:30,9:09,5:06:45,5:28,3:38:50,10:20:42
943,1593,"Sironi, Cristina",F40-44,13,Female,Italy,1:04:10,3:54,5:05:34,3:55,4:03:28,10:21:01
944,1294,"Hockey, Andrew",M40-44,162,Open,United Kingdom,1:04:48,3:43,4:54:31,3:29,4:14:33,10:21:04
945,780,"Philippe, Bonnet Badille",M50-54,54,Open,France,1:03:47,3:45,5:16:00,5:02,3:52:39,10:21:13
946,1595,"Whelan, Fiona",F40-44,14,Female,Australia,1:06:17,3:42,5:23:03,3:46,3:44:32,10:21:20
947,2322,"Canac, Laurie",F25-29,12,Female,France,1:13:41,3:20,5:15:26,3:41,3:45:12,10:21:20
948,1434,"Williams, David",M40-44,163,Open,Australia,1:18:55,6:02,5:06:22,6:45,3:43:33,10:21:37
949,2163,"Pirotte, Annabelle",F30-34,22,Female,Belgium,59:04,3:01,5:17:21,4:26,3:57:51,10:21:43
950,998,"Paes, Fabiano",M45-49,142,Open,Brazil,1:09:15,4:27,5:04:06,3:28,4:00:47,10:22:03
951,2242,"Allen, Mats",M25-29,82,Open,United States,53:13,3:28,4:49:33,2:20,4:33:35,10:22:09
952,2017,"Cao, Junyu",M30-34,154,Open,China,1:03:20,3:54,5:13:18,3:02,3:58:42,10:22:16
953,1128,"Lucas, Fernando",M45-49,143,Open,Brazil,1:03:39,4:28,5:09:34,5:33,3:59:05,10:22:19
954,2395,"Schefter, Mark",M18-24,22,Open,Germany,1:13:03,4:13,4:52:02,4:33,4:08:28,10:22:19
955,1187,"Mckee, Rebecca",F45-49,8,Female,United States,1:10:58,3:42,5:15:50,3:17,3:48:34,10:22:21
956,628,"Ollier, Stephane",M50-54,55,Open,France,1:18:36,5:52,5:12:04,4:48,3:41:12,10:22:32
957,1907,"Fuller, Deanna",F35-39,13,Female,United States,1:03:30,3:16,5:15:16,3:58,3:56:32,10:22:32
958,1796,"Anaya Gil, Ruben",M35-39,174,Open,Spain,1:08:02,5:53,5:12:17,3:52,3:52:42,10:22:46
959,1374,"Valeriote, Jeremy",M40-44,164,Open,Canada,1:04:19,6:29,5:04:34,6:21,4:01:05,10:22:48
960,2157,"Lechowicz, Anna",F30-34,23,Female,Poland,1:06:09,2:36,5:02:16,2:57,4:08:51,10:22:49
961,1688,"Ream, Jason",M35-39,175,Open,United States,1:11:17,2:57,4:59:23,2:33,4:06:40,10:22:50
962,1363,"Överfjord, Daniel",M40-44,165,Open,Sweden,1:19:58,5:27,5:14:24,6:58,3:36:05,10:22:52
963,1219,"Bretting, Nicole",F45-49,9,Female,Germany,1:08:46,3:23,5:10:13,4:02,3:56:29,10:22:53
964,1597,"Adam, Stefanie",F40-44,15,Female,Belgium,59:30,3:23,4:49:30,3:14,4:27:27,10:23:04
965,1293,"Herman, Rafal",M40-44,166,Open,Poland,1:01:23,3:38,4:56:43,4:11,4:17:10,10:23:05
966,921,"Mccabe, Mark",M45-49,144,Open,Ireland,1:04:28,3:50,4:53:48,5:41,4:15:23,10:23:10
967,2407,"Frigault, Jonathan",M18-24,23,Open,Canada,57:57,3:40,5:09:48,3:50,4:07:57,10:23:12
968,1396,"Depuiset, Vincent",M40-44,167,Open,France,1:18:43,4:46,5:18:01,5:19,3:36:28,10:23:17
969,2358,"Rawes, Josie",F25-29,13,Female,United Kingdom,1:00:33,2:54,5:17:01,3:33,3:59:20,10:23:21
970,1206,"Hernández, Cibelle",F45-49,10,Female,Mexico,1:05:32,3:25,5:35:57,3:57,3:34:35,10:23:26
971,1005,"Slater, Paul",M45-49,145,Open,United Kingdom,1:14:09,5:56,5:10:49,3:54,3:48:44,10:23:32
972,961,"Bampanikas, Vasileios",M45-49,146,Open,Greece,1:09:04,3:42,5:13:41,6:09,3:50:58,10:23:34
973,1911,"Kyme, Katie",F35-39,14,Female,Australia,1:03:33,4:19,5:25:21,4:21,3:46:07,10:23:41
974,2114,"Kikuchi, Tomoaki",M30-34,155,Open,Japan,1:02:23,4:19,5:18:19,4:27,3:54:16,10:23:44
975,2432,"Slyer, Julia",F18-24,3,Female,United States,1:10:31,3:52,5:11:21,3:09,3:54:52,10:23:45
976,1078,"Vendt, Rene",M45-49,147,Open,Denmark,1:05:57,3:33,5:02:11,5:55,4:06:10,10:23:46
977,1543,"Fear, Phoebe",F40-44,16,Female,Australia,1:06:49,3:03,5:10:19,2:56,4:00:47,10:23:54
978,901,"Guillemin, Benjamin",M45-49,148,Open,Canada,1:10:24,4:45,5:11:36,6:22,3:50:50,10:23:57
979,1887,"Lanter, Emily",F35-39,15,Female,United States,1:06:57,3:41,5:06:03,3:40,4:03:37,10:23:58
980,688,"Worroll, Paul",M50-54,56,Open,Australia,1:04:18,4:30,5:11:00,3:52,4:00:19,10:23:59
981,1003,"Richardson, Craig",M45-49,149,Open,United States,1:03:15,4:21,4:52:50,8:07,4:15:34,10:24:07
982,1050,"Lindgren, Mikael",M45-49,150,Open,Sweden,1:09:06,4:50,5:17:51,3:04,3:49:20,10:24:11
983,1503,"Pacher, Daniel",M40-44,168,Open,Germany,1:07:11,5:01,4:56:55,4:44,4:10:24,10:24:15
984,1572,"Yost, Laura",F40-44,17,Female,United States,1:14:49,3:03,5:20:40,3:46,3:42:02,10:24:20
985,2361,"Wisby, Amy",F25-29,14,Female,Australia,1:09:35,4:57,5:24:43,4:09,3:40:56,10:24:20
986,680,"Srb, Thomas",M50-54,57,Open,Austria,1:14:06,5:31,5:05:32,5:56,3:53:16,10:24:21
987,1310,"Österberg, Jacob",M40-44,169,Open,Sweden,1:04:58,3:54,5:08:53,4:37,4:02:07,10:24:29
988,2073,"Hajduk, David",M30-34,156,Open,Germany,1:08:44,2:25,5:34:42,3:48,3:34:53,10:24:32
989,2436,"Perron, Benedicte",F18-24,4,Female,France,1:04:01,3:37,5:20:54,2:58,3:53:03,10:24:33
990,1889,"Moellebro, Stine",F35-39,16,Female,Denmark,59:40,3:16,5:31:14,3:54,3:46:34,10:24:38
991,464,"Ibanez De Aldecoa, Jose",M55-59,15,Open,Venezuela,1:16:59,4:00,5:14:05,4:45,3:44:55,10:24:44
992,1794,"Wu, Ming-Chieh",M35-39,176,Open,Taiwan,1:12:51,4:13,5:11:30,4:39,3:51:34,10:24:47
993,2211,"Trnovcova, Zuzana",F30-34,24,Female,Slovakia,1:11:23,4:02,5:11:31,3:53,3:53:59,10:24:48
994,1530,"Yulung, Liang",M40-44,170,Open,Taiwan,1:00:29,3:32,5:01:58,4:53,4:13:59,10:24:51
995,2060,"Van Gulik, Tom",M30-34,157,Open,Netherlands,1:01:56,3:29,5:13:10,5:25,4:01:01,10:25:01
996,2181,"Onaran, Ipek",F30-34,25,Female,Turkey,1:08:44,3:30,5:34:46,3:18,3:34:50,10:25:08
997,1667,"Krug, Marcel",M35-39,177,Open,Germany,58:44,3:46,4:51:27,4:07,4:27:07,10:25:11
998,1617,"Crum, Erin",F40-44,18,Female,United States,1:05:39,3:25,5:24:55,3:41,3:47:34,10:25:14
999,1490,"Mertins, Frank",M40-44,171,Open,Germany,51:50,3:50,5:02:13,4:43,4:22:39,10:25:15
1000,475,"Takahashi, Seigo",M55-59,16,Open,Japan,1:17:34,5:52,5:08:01,7:32,3:46:20,10:25:19
1001,904,"Henz, Olivier",M45-49,151,Open,Belgium,1:19:31,3:21,5:00:32,3:36,3:58:20,10:25:20
1002,1428,"Vaughan, Andy",M40-44,172,Open,New Zealand,1:09:04,2:59,4:47:40,3:09,4:22:37,10:25:29
1003,1271,"Davidson, Matthew",M40-44,173,Open,United States,1:15:10,3:15,4:52:59,3:48,4:10:22,10:25:34
1004,2420,"Bonde, Line",F18-24,5,Female,Denmark,1:08:10,3:11,5:06:44,2:54,4:04:36,10:25:35
1005,1650,"Dawes, Matthew",M35-39,178,Open,Australia,1:02:58,5:19,4:57:36,4:20,4:15:31,10:25:44
1006,2253,"Jordan, Zack",M25-29,83,Open,United States,1:13:59,4:00,5:26:24,4:30,3:36:57,10:25:50
1007,1920,"Macdonald, Ailsa",F35-39,17,Female,Canada,1:28:01,4:44,5:22:49,3:15,3:27:02,10:25:51
1008,1004,"Schmalkoke, Thilo",M45-49,152,Open,Germany,1:18:48,5:13,5:03:48,5:03,3:53:05,10:25:57
1009,679,"Spierings, Greg",M50-54,58,Open,Australia,1:17:02,4:52,5:09:39,4:07,3:50:18,10:25:58
1010,1738,"Maruta, Satoshi",M35-39,179,Open,Japan,1:15:31,2:53,5:28:24,3:53,3:35:18,10:25:59
1011,868,"Timewell, Yvonne",F50-54,2,Female,Canada,1:07:40,3:36,5:20:51,3:30,3:50:27,10:26:04
1012,2331,"Quick, Angela",F25-29,15,Female,Canada,53:12,2:43,5:18:01,3:57,4:08:15,10:26:08
1013,279,"Gannon, Martin",M60-64,4,Open,United Kingdom,1:15:36,4:12,5:06:23,6:10,3:54:02,10:26:23
1014,791,"Senn, Rolf",M50-54,59,Open,Switzerland,1:12:11,4:15,5:10:02,4:30,3:55:29,10:26:27
1015,1596,"Woollacott, Lucy",F40-44,19,Female,United Kingdom,58:09,3:25,5:17:30,4:42,4:02:47,10:26:33
1016,1631,"Rüegg-Koller, Chantal",F40-44,20,Female,Switzerland,1:02:19,4:10,5:21:38,6:04,3:52:26,10:26:37
1017,964,"Chiodera, Even",M45-49,153,Open,Norway,1:17:30,3:57,4:38:56,6:13,4:20:06,10:26:42
1018,1576,"Bach, Jennifer",F40-44,21,Female,Denmark,1:15:52,4:13,5:18:00,3:12,3:45:28,10:26:45
1019,1895,"Rojas M., Williana",F35-39,18,Female,Panama,1:24:05,3:52,5:18:51,5:23,3:34:43,10:26:54
1020,1702,"Tsang, Chun Kit",M35-39,180,Open,Hong Kong,1:10:02,4:27,5:17:10,4:55,3:50:30,10:27:04
1021,292,"Bogdanov, Sergey",M60-64,5,Open,Russia,1:13:08,5:16,5:11:06,4:34,3:53:02,10:27:06
1022,480,"Vandermeer, Dennis",M55-59,17,Open,Netherlands,1:15:26,3:34,5:08:13,5:15,3:54:39,10:27:07
1023,2371,"Hunter, Ashleigh",F25-29,16,Female,Australia,1:08:41,3:44,5:11:11,2:56,4:00:38,10:27:10
1024,1006,"Spalding, Joel",M45-49,154,Open,United States,1:31:16,5:40,4:49:08,5:17,3:55:52,10:27:13
1025,977,"Goodlad, Martin",M45-49,155,Open,United Kingdom,57:56,3:38,5:00:29,5:08,4:20:04,10:27:15
1026,320,"Wilson, John",M60-64,6,Open,United States,1:13:05,3:31,5:14:22,4:16,3:52:01,10:27:15
1027,1049,"Lee, Kyu-Seon",M45-49,156,Open,Korea,1:18:39,4:52,5:11:12,4:11,3:48:27,10:27:21
1028,1899,"Stormo, Trude",F35-39,19,Female,Norway,1:09:45,3:27,5:25:47,4:05,3:44:18,10:27:22
1029,692,"Carmo, Fernando",M50-54,60,Open,Portugal,1:21:14,5:44,5:18:03,5:33,3:36:50,10:27:24
1030,1359,"Nova, Mitchell",M40-44,174,Open,Mexico,1:19:10,6:35,5:06:53,7:15,3:47:39,10:27:32
1031,1199,"Zschorlich, Beate",F45-49,11,Female,Germany,1:20:10,3:00,5:16:29,3:16,3:44:42,10:27:37
1032,1588,"Olsen, Mette",F40-44,22,Female,Denmark,1:12:37,4:44,5:22:10,2:49,3:45:30,10:27:50
1033,599,"Capune, William",M50-54,61,Open,United States,1:08:34,4:58,5:09:57,4:45,3:59:40,10:27:54
1034,1748,"Stueckle, Wolfgang",M35-39,181,Open,Germany,1:05:15,3:22,4:42:43,6:11,4:30:26,10:27:57
1035,1580,"Oliveira Amorim Da Costa, Rosecler",F40-44,23,Female,Brazil,1:08:12,3:28,5:15:26,2:51,3:58:09,10:28:06
1036,895,"Engstrom, David",M45-49,157,Open,United States,1:01:32,4:43,5:06:55,6:56,4:08:15,10:28:21
1037,912,"Leitner, Franz",M45-49,158,Open,Austria,1:07:22,3:30,5:09:53,4:24,4:03:21,10:28:30
1038,1398,"Eckersley, Heath",M40-44,175,Open,New Zealand,56:04,3:21,4:48:06,4:57,4:36:08,10:28:36
1039,747,"Gudmundsson, Ragnar",M50-54,62,Open,Iceland,55:46,3:36,5:03:14,6:32,4:19:32,10:28:40
1040,2015,"Braun, Daniel",M30-34,158,Open,Germany,1:04:17,3:36,4:52:06,4:59,4:23:47,10:28:45
1041,1697,"Seguine, Ryan",M35-39,182,Open,United States,1:20:30,5:38,5:01:20,5:23,3:55:56,10:28:47
1042,2335,"Focquenoy, Heloise",F25-29,17,Female,France,1:09:42,4:14,5:22:25,3:30,3:49:01,10:28:52
1043,2180,"MIZON, CANDICE",F30-34,26,Female,France,56:57,3:37,5:26:07,4:10,3:58:04,10:28:55
1044,479,"Trouvé, Pascal",M55-59,18,Open,Belgium,1:07:27,4:42,5:11:54,7:39,3:57:18,10:29:00
1045,2199,"English, Victoria",F30-34,27,Female,United States,1:19:17,3:51,5:21:05,2:49,3:41:59,10:29:01
1046,2324,"Exenberger, Sabrina",F25-29,18,Female,Austria,1:10:31,2:55,5:34:17,2:56,3:38:28,10:29:07
1047,2169,"Trotter, Jules",F30-34,28,Female,Australia,1:01:09,4:07,5:21:57,3:19,3:58:35,10:29:07
1048,1656,"Faria, Marcos",M35-39,183,Open,Brazil,53:44,2:53,5:02:00,4:33,4:25:59,10:29:09
1049,2121,"Linge, Fredrik",M30-34,159,Open,Norway,1:09:35,3:48,4:59:29,4:00,4:12:19,10:29:11
1050,416,"Perroteau, Alain",M55-59,19,Open,France,1:17:20,3:59,4:56:11,5:57,4:05:49,10:29:16
1051,1025,"Champagne, Frank",M45-49,159,Open,France,1:12:40,5:44,5:11:01,6:31,3:53:23,10:29:19
1052,1406,"Jin, Yonggyun",M40-44,176,Open,Korea,1:25:23,6:58,5:10:59,6:13,3:39:51,10:29:24
1053,1948,"Van Loo-Born, Beate",F35-39,20,Female,Germany,1:14:38,5:36,5:16:39,4:48,3:47:44,10:29:25
1054,1927,"Alford, Anne",F35-39,21,Female,Australia,58:41,2:38,5:10:35,3:14,4:14:26,10:29:34
1055,797,"Van Heerebeek, Franciscus",M50-54,63,Open,Netherlands,1:07:24,3:57,5:06:03,3:38,4:08:33,10:29:35
1056,1602,"Kislukhina, Valentina",F40-44,24,Female,Russia,1:08:13,4:57,5:31:30,4:16,3:40:46,10:29:42
1057,1053,"Lummis, Greg",M45-49,160,Open,Canada,1:19:07,6:43,4:59:40,8:20,3:55:53,10:29:43
1058,1552,"Hopkin, Andrea",F40-44,25,Female,Australia,1:06:01,3:08,5:07:45,3:44,4:09:08,10:29:46
1059,1360,"Olkvist, Christoffer",M40-44,177,Open,Sweden,1:07:59,4:23,5:01:39,3:58,4:11:51,10:29:50
1060,1582,"Gervais, Annie",F40-44,26,Female,Canada,1:10:43,5:17,5:27:49,4:58,3:41:06,10:29:53
1061,2036,"Jarvinen, Aaro",M30-34,160,Open,Finland,1:14:46,4:11,5:09:56,4:41,3:56:21,10:29:55
1062,1944,"Roberts, Leah",F35-39,22,Female,United States,1:05:12,4:56,5:28:11,3:51,3:47:47,10:29:57
1063,1681,"Nyberg, Johan",M35-39,184,Open,Sweden,1:03:33,4:30,5:48:25,4:26,3:29:07,10:30:01
1064,917,"Maric, Bojan",M45-49,161,Open,Serbia,1:03:22,6:04,5:13:56,5:09,4:01:45,10:30:16
1065,1355,"Mccarroll, Charles",M40-44,178,Open,United States,1:04:27,4:17,5:24:33,4:46,3:52:35,10:30:38
1066,1197,"Whitby, Fiona",F45-49,12,Female,Canada,1:09:07,4:35,5:17:22,3:47,3:55:50,10:30:41
1067,1366,"Redelinghuys, Daniel",M40-44,179,Open,Canada,1:26:10,3:47,4:50:02,6:22,4:04:20,10:30:41
1068,753,"Horlacher, Frank",M50-54,64,Open,Germany,1:00:59,3:03,4:41:55,5:02,4:39:51,10:30:50
1069,405,"Gruber, Michael",M55-59,20,Open,Germany,1:12:39,5:31,5:07:06,5:48,3:59:48,10:30:52
1070,762,"Ljungcrantz, Jan David",M50-54,65,Open,Sweden,1:17:01,3:38,5:21:28,5:29,3:43:16,10:30:52
1071,2202,"Kasurinen, Maria",F30-34,29,Female,Finland,1:06:20,3:43,5:27:27,3:33,3:49:53,10:30:56
1072,2275,"Gardner, Garrett",M25-29,84,Open,United States,1:12:56,5:09,5:24:20,6:28,3:42:07,10:31:00
1073,1221,"Fabian, Kimberly",F45-49,13,Female,Canada,1:08:00,3:54,5:24:43,4:00,3:50:24,10:31:01
1074,974,"Fourie, Mark",M45-49,162,Open,South Africa,1:07:08,3:59,5:07:20,5:46,4:06:52,10:31:05
1075,591,"Arpke, Joerg",M50-54,66,Open,Switzerland,1:07:17,3:36,5:14:59,6:40,3:58:34,10:31:06
1076,412,"Musella, Giuseppe",M55-59,21,Open,Brazil,1:06:21,6:02,5:20:34,8:56,3:49:16,10:31:09
1077,987,"Kelly, Gary",M45-49,163,Open,Australia,1:12:17,7:23,5:01:11,5:05,4:05:25,10:31:21
1078,706,"Luurtsema, Jon",M50-54,67,Open,United States,1:06:15,4:13,5:15:24,4:11,4:01:20,10:31:23
1079,888,"Carlsson, Christian",M45-49,164,Open,Sweden,1:17:36,4:20,4:52:16,5:17,4:11:57,10:31:26
1080,925,"Neves, Goncalo",M45-49,165,Open,Portugal,1:01:41,2:54,5:20:34,4:55,4:01:28,10:31:32
1081,1912,"Milner-Olsen, Ngarama",F35-39,23,Female,New Zealand,1:03:12,3:48,5:21:01,3:19,4:00:14,10:31:34
1082,1385,"Avalos, Macario",M40-44,180,Open,United States,1:13:53,5:03,5:09:23,3:24,3:59:56,10:31:39
1083,2042,"Ma, Jonathan",M30-34,161,Open,Singapore,58:48,5:36,5:32:42,4:53,3:49:45,10:31:44
1084,1051,"Lipinsky, Goetz",M45-49,166,Open,Germany,1:07:46,6:03,5:17:51,5:04,3:55:10,10:31:54
1085,1520,"Tarabay, Michael",M40-44,181,Open,United States,1:10:18,4:15,4:44:12,4:13,4:29:08,10:32:06
1086,2188,"Killam, Carly",F30-34,30,Female,United States,1:04:52,3:06,5:11:48,3:44,4:08:45,10:32:15
1087,424,"Araki, Takeshi",M55-59,22,Open,Japan,1:13:40,7:01,5:12:07,7:43,3:51:46,10:32:17
1088,430,"Doyle, Christopher",M55-59,23,Open,Canada,1:18:38,3:51,5:16:22,6:27,3:47:08,10:32:26
1089,1616,"Bradley, Rachel",F40-44,27,Female,United States,1:06:47,3:24,5:25:03,4:44,3:52:37,10:32:35
1090,1444,"Besseling, Michel",M40-44,182,Open,Netherlands,1:05:50,4:19,5:46:44,5:09,3:30:51,10:32:53
1091,1167,"Vaernes, Arve",M45-49,167,Open,Norway,1:19:34,6:59,5:11:40,4:26,3:50:19,10:32:58
1092,2366,"Andresen, Julie Flakne",F25-29,19,Female,Norway,1:07:20,2:41,5:04:37,3:13,4:15:16,10:33:07
1093,1501,"Ossedat, Jérôme",M40-44,183,Open,France,1:16:57,2:55,4:53:28,3:43,4:16:13,10:33:16
1094,1002,"Pruim, Brad",M45-49,168,Open,United States,1:23:09,4:19,5:19:30,5:05,3:41:15,10:33:18
1095,1340,"Egretzberger, Rainer",M40-44,184,Open,Austria,1:10:59,3:26,4:48:54,5:03,4:25:05,10:33:27
1096,1488,"Meadows, Ben",M40-44,185,Open,Australia,1:08:49,6:19,5:08:33,4:00,4:05:50,10:33:31
1097,1950,"Zijderveld, Wilhelmina Barbara",F35-39,24,Female,Netherlands,1:02:13,2:56,5:20:12,3:06,4:05:04,10:33:31
1098,661,"Ishikura, Keisuke",M50-54,68,Open,Japan,1:08:11,3:56,5:35:39,4:49,3:41:11,10:33:46
1099,1897,"Spates, Taryn",F35-39,25,Female,United States,1:10:12,5:19,5:25:48,6:10,3:46:32,10:34:01
1100,287,"Wallace, Patrick",M60-64,7,Open,United States,1:08:18,3:22,5:22:15,4:37,3:55:41,10:34:13
1101,592,"Arseneau, Marc",M50-54,69,Open,Canada,1:07:16,3:11,4:51:08,4:06,4:28:50,10:34:31
1102,2339,"Merlo, Allison",F25-29,20,Female,United States,1:01:06,3:45,5:29:55,3:49,3:55:57,10:34:32
1103,2218,"Bravo Dueñas, Roman Ismael",M25-29,85,Open,Ecuador,1:12:08,4:52,5:06:39,6:24,4:04:38,10:34:41
1104,622,"Marinoni, Alberto",M50-54,70,Open,Paraguay,1:13:29,4:54,4:56:58,3:11,4:16:18,10:34:50
1105,1682,"Nyberg, Magnus",M35-39,185,Open,Sweden,1:03:29,3:17,5:03:37,3:13,4:21:24,10:35:00
1106,2377,"Strack, Lucy",F25-29,21,Female,New Zealand,1:07:16,3:44,5:39:19,2:59,3:41:53,10:35:11
1107,703,"Jany, Thomas",M50-54,71,Open,Germany,1:10:20,3:50,5:28:55,6:45,3:45:22,10:35:12
1108,1915,"Smith, Zoe",F35-39,26,Female,United Kingdom,1:05:45,3:58,5:28:11,5:06,3:52:18,10:35:18
1109,594,"Bouvier, Arnaud",M50-54,72,Open,France,1:07:36,4:11,5:06:46,6:49,4:10:09,10:35:31
1110,681,"Steffens, Geoffrey",M50-54,73,Open,United States,59:28,3:20,5:22:31,7:09,4:03:06,10:35:34
1111,1346,"Gleeson, John",M40-44,186,Open,United States,1:05:27,4:36,5:11:26,5:04,4:09:07,10:35:40
1112,600,"Carne, Peter",M50-54,74,Open,Australia,1:04:04,4:20,5:13:52,5:08,4:08:27,10:35:51
1113,694,"Dossche, Karl",M50-54,75,Open,Belgium,1:10:04,5:48,5:17:12,8:57,3:53:55,10:35:56
1114,810,"Hassel, Diana",F50-54,3,Female,United States,1:05:15,2:56,5:15:10,4:28,4:08:12,10:36:01
1115,1268,"Christenson, B.J.",M40-44,187,Open,United States,57:53,2:42,4:59:53,6:10,4:29:32,10:36:10
1116,1282,"Fjeld, Jarand",M40-44,188,Open,Norway,1:21:35,3:49,4:58:45,5:11,4:06:50,10:36:10
1117,2402,"Berggren, Alexander",M18-24,24,Open,Sweden,49:41,2:31,5:10:10,3:40,4:30:09,10:36:11
1118,761,"Lemmetty, Jari",M50-54,76,Open,Finland,1:04:58,4:14,5:13:13,4:03,4:09:54,10:36:22
1119,1094,"Daniels, Stuart",M45-49,169,Open,United Kingdom,1:10:05,6:34,5:14:23,8:37,3:56:44,10:36:23
1120,2094,"Agustsson, Runar Orn",M30-34,162,Open,Iceland,59:56,2:38,4:42:14,2:41,4:48:58,10:36:27
1121,732,"Canham, Roger",M50-54,77,Open,United Kingdom,1:09:28,5:05,5:08:40,6:21,4:06:55,10:36:29
1122,1585,"Køngerskov, Signe",F40-44,28,Female,Denmark,1:22:50,3:17,5:24:52,3:41,3:41:50,10:36:30
1123,751,"Holbrow, Guy",M50-54,78,Open,United Kingdom,1:04:33,4:47,5:27:58,6:13,3:53:00,10:36:31
1124,1302,"Lies, Gerald",M40-44,189,Open,Germany,1:07:12,6:06,5:31:02,5:59,3:46:12,10:36:31
1125,2385,"Lafourcade, Amaury",M18-24,25,Open,France,56:32,2:37,4:51:11,3:49,4:42:31,10:36:40
1126,1266,"Caron, Martin",M40-44,190,Open,Canada,1:07:08,3:28,6:02:24,8:31,3:15:09,10:36:40
1127,1871,"Walkenhorst, Ryan",M35-39,186,Open,Australia,1:03:58,6:01,5:22:37,7:28,3:56:49,10:36:53
1128,1647,"Calahorra, Mikel",M35-39,187,Open,Bahrain,58:04,3:16,4:52:54,6:21,4:36:19,10:36:54
1129,404,"Graham, James",M55-59,24,Open,United Kingdom,1:39:14,4:09,4:58:14,3:42,3:51:36,10:36:55
1130,905,"Jönsson, Peter",M45-49,170,Open,Sweden,1:04:53,5:02,4:48:28,4:42,4:34:04,10:37:09
1131,2424,"Kobelin, Kayla",F18-24,6,Female,United States,1:04:50,3:40,5:21:12,3:34,4:04:08,10:37:24
1132,1062,"Priest, Darren",M45-49,171,Open,United Kingdom,1:12:33,3:25,5:34:26,4:28,3:42:35,10:37:27
1133,766,"Marc, Seijo",M50-54,79,Open,France,1:13:27,4:43,5:15:24,6:58,3:56:57,10:37:29
1134,1317,"Sibbersen, Jan",M40-44,191,Open,Germany,46:29,5:06,5:12:51,6:42,4:26:24,10:37:32
1135,907,"Kaye, Brad",M45-49,172,Open,Australia,1:14:23,4:38,5:07:11,3:11,4:08:10,10:37:33
1136,2343,"Ushakova, Svetlana",F25-29,22,Female,Russia,56:51,2:17,5:11:07,2:42,4:24:37,10:37:34
1137,1508,"Richardt, Morten",M40-44,192,Open,Denmark,1:07:14,3:28,4:58:41,4:29,4:23:44,10:37:36
1138,627,"Noll, Michael",M50-54,80,Open,Germany,1:04:56,3:51,4:55:27,4:53,4:28:40,10:37:47
1139,1445,"Bohm, Holger",M40-44,193,Open,Canada,1:12:19,3:20,4:48:24,4:30,4:29:40,10:38:13
1140,1561,"Priglinger, Johanna",F40-44,29,Female,Austria,1:08:56,4:36,5:23:28,4:24,3:56:54,10:38:18
1141,2380,"Eagle, Zach",M18-24,26,Open,United States,1:13:56,5:45,5:02:03,6:29,4:10:11,10:38:24
1142,734,"Christensen, Niels",M50-54,81,Open,Denmark,1:20:17,6:00,5:10:59,6:00,3:55:14,10:38:30
1143,1298,"Jaros, Zbysek",M40-44,194,Open,Czech Republic,1:04:47,3:14,4:51:20,5:35,4:34:02,10:38:58
1144,890,"Chadwick, Brian",M45-49,173,Open,United States,1:10:45,5:10,5:12:22,5:43,4:05:00,10:39:00
1145,1967,"Fernandez, Manuel Javier",M30-34,163,Open,Spain,1:07:27,3:23,5:10:32,3:36,4:14:03,10:39:01
1146,646,"Zwager, Finn",M50-54,82,Open,United Arab Emirates,1:12:43,6:37,5:19:19,4:21,3:56:06,10:39:06
1147,105,"Bullen, Liam",M18-24,27,Open,New Zealand,1:02:35,7:31,5:21:43,5:17,4:02:01,10:39:07
1148,2302,"Kaiv, Taavi",M25-29,86,Open,Estonia,1:13:36,3:31,4:59:40,3:19,4:19:04,10:39:10
1149,1777,"Palones Llopis, Vicente",M35-39,188,Open,Spain,1:11:21,4:28,5:13:42,6:11,4:03:28,10:39:10
1150,686,"Wilson, Robin",M50-54,83,Open,Australia,1:07:25,5:43,5:18:01,6:23,4:01:40,10:39:12
1151,1922,"Troch, Kerstin",F35-39,27,Female,Germany,1:06:56,3:16,5:28:55,4:48,3:55:43,10:39:38
1152,1953,"Alvim, Thiago",M30-34,164,Open,Brazil,59:04,4:51,4:41:46,3:06,4:51:17,10:40:04
1153,709,"Papanikolaou, Konstantinos",M50-54,84,Open,Greece,1:13:44,3:36,5:09:05,5:15,4:08:33,10:40:13
1154,1690,"Royce, Daniel",M35-39,189,Open,United States,56:12,5:30,4:56:25,5:42,4:36:27,10:40:16
1155,1184,"Derrick, Nicole",F45-49,14,Female,United States,1:10:52,3:52,5:28:14,3:06,3:54:13,10:40:17
1156,1415,"Naudts, Peter",M40-44,195,Open,Belgium,1:10:41,11:07,5:03:00,9:34,4:06:05,10:40:27
1157,500,"Kester, Steve",M55-59,25,Open,United States,1:00:38,4:05,5:08:40,5:09,4:21:57,10:40:29
1158,588,"Aldegheri, Sergio",M50-54,85,Open,Argentinia,1:08:31,3:55,5:17:10,5:56,4:04:58,10:40:30
1159,1095,"Devliegere, Stefaab",M45-49,174,Open,Belgium,1:10:26,3:52,5:01:51,4:52,4:19:35,10:40:36
1160,326,"Henker, Alexander",M60-64,8,Open,Germany,1:20:26,3:54,5:14:39,3:52,3:57:48,10:40:39
1161,1211,"Ponce, Carolina",F45-49,15,Female,Ecuador,1:09:50,4:37,5:17:21,3:40,4:05:17,10:40:45
1162,406,"Jones, David",M55-59,26,Open,United States,1:09:24,3:19,5:04:53,4:41,4:18:34,10:40:51
1163,1894,"Rodzevik, Terri",F35-39,28,Female,United States,1:03:30,4:23,5:07:17,3:54,4:21:56,10:41:00
1164,331,"Mcgovern, Brian",M60-64,9,Open,Australia,1:22:04,4:32,5:29:46,3:56,3:40:53,10:41:11
1165,1599,"Deneen, Lindsey",F40-44,30,Female,United States,1:00:38,5:00,5:26:55,4:02,4:04:44,10:41:19
1166,1514,"Searcy, Conner",M40-44,196,Open,United States,1:17:14,3:39,5:12:29,4:58,4:03:00,10:41:20
1167,932,"Procopio, Federico",M45-49,175,Open,Italy,1:03:58,4:43,5:20:41,3:32,4:08:29,10:41:23
1168,503,"Macminn, Derek",M55-59,27,Open,Australia,1:07:04,6:21,5:12:33,5:31,4:10:00,10:41:29
1169,493,"Geiger, Thomas",M55-59,28,Open,Germany,1:07:58,3:43,5:10:57,4:52,4:14:01,10:41:31
1170,1921,"Sosnowska, Aleksandra",F35-39,29,Female,Poland,1:03:12,4:03,5:49:02,4:54,3:40:22,10:41:33
1171,2031,"Hagberg, Markus",M30-34,165,Open,Sweden,1:06:10,4:34,4:36:35,4:52,4:49:28,10:41:39
1172,670,"Morin, Paul Edouard",M50-54,86,Open,France,1:09:50,4:50,5:39:23,4:06,3:43:39,10:41:48
1173,1254,"Worland, Jacinta",F45-49,16,Female,Australia,1:03:23,2:45,5:28:14,2:42,4:04:51,10:41:55
1174,739,"Emde, Frank",M50-54,87,Open,Germany,1:04:58,4:43,5:07:11,6:24,4:18:41,10:41:57
1175,1928,"Aly, Sarah",F35-39,30,Female,Sweden,1:13:55,5:51,5:23:38,5:01,3:53:52,10:42:17
1176,1300,"Johnsson, Dan",M40-44,197,Open,Sweden,1:13:24,3:42,5:02:27,6:47,4:15:59,10:42:19
1177,1546,"Groelz, Katharina",F40-44,31,Female,Germany,1:16:00,3:26,5:29:53,2:51,3:50:11,10:42:21
1178,1735,"Li, Dandan",M35-39,190,Open,China,1:04:01,5:26,5:24:01,7:23,4:01:30,10:42:21
1179,1630,"Rastetter, Marisa",F40-44,32,Female,United States,1:04:23,3:50,5:30:14,6:39,3:57:19,10:42:25
1180,1504,"Papais, René",M40-44,198,Open,Switzerland,1:01:30,3:07,5:00:16,3:19,4:34:19,10:42:31
1181,1436,"Alberola Teruel, Sergio",M40-44,199,Open,Spain,1:00:21,3:27,5:20:07,4:59,4:13:38,10:42:32
1182,2338,"Lewerenz, Jessica",F25-29,23,Female,Germany,1:01:12,3:08,5:42:39,3:22,3:52:13,10:42:34
1183,1591,"Rossolimo, Amanda",F40-44,33,Female,United States,1:06:05,4:09,5:33:18,4:23,3:54:45,10:42:40
1184,856,"Nichols, Katerine",F50-54,4,Female,United States,1:01:40,4:41,5:41:49,4:33,3:49:57,10:42:40
1185,738,"Douaud, Lionel",M50-54,88,Open,France,1:13:00,4:39,5:16:38,3:38,4:04:47,10:42:42
1186,2445,"Lawson, Anna",F18-24,7,Female,United Kingdom,1:09:57,3:14,5:43:25,2:46,3:43:30,10:42:52
1187,1008,"Su, Yun",M45-49,176,Open,China,1:16:01,7:02,5:01:04,8:29,4:10:24,10:43:00
1188,2189,"Legaria Menendez, Ursula",F30-34,31,Female,Mexico,1:08:11,4:24,5:29:53,4:45,3:55:49,10:43:02
1189,1888,"Meadway, Ginny",F35-39,31,Female,United States,1:12:52,4:24,5:21:03,3:32,4:01:12,10:43:03
1190,399,"Dickson, John",M55-59,29,Open,New Zealand,1:05:23,5:20,5:27:11,3:57,4:01:27,10:43:18
1191,2336,"Hawkins, Megan",F25-29,24,Female,Australia,1:08:28,4:26,5:26:33,4:10,3:59:57,10:43:34
1192,927,"Ota, Hideki",M45-49,177,Open,Japan,1:13:31,4:40,5:33:15,5:06,3:47:02,10:43:34
1193,954,"Welter, Mischa",M45-49,178,Open,Switzerland,1:12:31,5:02,5:11:46,5:37,4:08:41,10:43:37
1194,1624,"Leuendorff, Anja",F40-44,34,Female,Germany,1:09:31,3:49,5:16:12,4:51,4:09:20,10:43:43
1195,891,"Cooper, Graham",M45-49,179,Open,United States,1:07:51,3:50,5:12:48,6:08,4:13:10,10:43:47
1196,2167,"Stoveld, Kimberly",F30-34,32,Female,United States,1:00:23,4:26,5:39:49,3:47,3:55:37,10:44:02
1197,983,"Hori, Naoyuki",M45-49,180,Open,Japan,1:04:07,3:07,5:27:27,3:58,4:05:34,10:44:13
1198,2183,"Wiltshire, Victoria",F30-34,33,Female,New Zealand,1:00:30,4:51,5:47:09,4:45,3:47:04,10:44:19
1199,2404,"Broehmer, Daniel",M18-24,28,Open,United States,1:06:54,3:48,5:14:52,7:13,4:11:34,10:44:21
1200,982,"Höiom, Måns",M45-49,181,Open,Sweden,1:11:16,4:10,5:21:15,5:19,4:02:31,10:44:31
1201,2149,"Franco Acevedo, Marisol",F30-34,34,Female,Mexico,1:09:11,3:42,5:31:30,3:53,3:56:18,10:44:34
1202,1092,"Burian, Ladislav",M45-49,182,Open,Czech Republic,1:13:27,5:09,5:12:42,3:53,4:09:24,10:44:35
1203,1524,"Vikse, Bjørn Egil",M40-44,200,Open,Norway,1:24:54,4:59,5:04:34,5:05,4:05:07,10:44:39
1204,1279,"Esser, Kevin",M40-44,201,Open,United States,1:19:22,4:44,5:03:17,5:15,4:12:17,10:44:55
1205,2248,"Fewster, Michael",M25-29,87,Open,Australia,1:06:33,4:03,5:11:53,5:44,4:16:44,10:44:57
1206,687,"Wood, Gregory",M50-54,89,Open,United States,1:07:31,3:48,5:06:10,7:23,4:20:08,10:45:00
1207,2327,"Juanicotena Madrigal, Victoria",F25-29,25,Female,Mexico,58:45,3:42,5:27:14,3:34,4:11:56,10:45:11
1208,2164,"Praznik, Meaghan",F30-34,35,Female,United States,1:05:17,4:18,5:24:48,4:09,4:06:59,10:45:31
1209,1924,"Uji, Kimiko",F35-39,32,Female,Japan,1:06:00,4:03,5:53:13,3:35,3:38:44,10:45:35
1210,1939,"Müller, Melanie",F35-39,33,Female,Germany,1:10:52,4:19,5:30:14,3:27,3:56:47,10:45:39
1211,1144,"Pourchez, Samuel",M45-49,183,Open,France,1:06:16,4:49,5:14:38,6:23,4:13:40,10:45:46
1212,1382,"Agius, Rudolph",M40-44,202,Open,Malta,1:03:50,3:36,5:06:24,5:47,4:26:21,10:45:58
1213,947,"Svoboda, Marek",M45-49,184,Open,Czech Republic,1:09:08,3:31,5:04:09,5:35,4:23:37,10:46:00
1214,683,"Therre, Holger",M50-54,90,Open,Germany,1:29:21,4:50,5:22:35,4:33,3:44:46,10:46:05
1215,1327,"Weyland, Christian",M40-44,203,Open,Luxembourg,1:09:35,2:34,4:37:29,4:28,4:52:01,10:46:07
1216,2329,"Liouta, Lamprini",F25-29,26,Female,Greece,1:16:28,5:01,5:23:08,4:05,3:57:27,10:46:09
1217,1634,"Süß, Manuela",F40-44,35,Female,Germany,1:07:51,3:29,5:08:57,3:13,4:22:48,10:46:18
1218,282,"Hill, John",M60-64,10,Open,Australia,1:08:30,3:46,5:12:13,6:53,4:15:10,10:46:32
1219,2166,"Schmidt, Kayla",F30-34,36,Female,United States,58:43,3:12,5:27:47,2:47,4:14:08,10:46:37
1220,469,"Michel, Bastien",M55-59,30,Open,Belgium,1:21:19,4:27,5:31:26,6:05,3:43:21,10:46:38
1221,1192,"Ruttenberg, Noga",F45-49,17,Female,United States,1:04:39,4:32,5:20:51,3:47,4:12:50,10:46:39
1222,735,"Craig, Simon",M50-54,91,Open,Canada,1:13:33,4:05,5:22:10,3:09,4:03:52,10:46:49
1223,1149,"Rogan, Michael",M45-49,185,Open,United Kingdom,1:03:30,4:25,5:01:26,4:03,4:33:27,10:46:51
1224,1769,"Koptiva, Petr",M35-39,191,Open,Czech Republic,1:03:05,3:27,4:53:38,4:36,4:42:08,10:46:54
1225,1997,"Piri, Christian",M30-34,166,Open,Germany,1:03:39,2:50,4:54:03,4:24,4:41:59,10:46:55
1226,2466,"Castillo, Francisco",M40-44,204,Open,Guatemala,1:03:43,4:32,5:22:33,4:33,4:11:35,10:46:56
1227,1052,"Lorenz, Holger",M45-49,186,Open,Germany,57:14,2:55,4:59:14,5:28,4:42:11,10:47:02
1228,1038,"Gregory, Colin",M45-49,187,Open,United Kingdom,1:17:40,2:38,5:06:57,4:26,4:15:27,10:47:08
1229,1538,"Crofton, Jackie",F40-44,36,Female,Australia,1:19:34,4:04,5:48:31,3:06,3:31:55,10:47:10
1230,1023,"Calduch Prat, Jordi",M45-49,188,Open,Spain,1:03:03,4:18,5:58:21,3:17,3:38:14,10:47:13
1231,2328,"Krall, Alysha",F25-29,27,Female,United States,1:26:40,3:34,5:26:59,3:17,3:46:54,10:47:24
1232,473,"Stahn, Carsten",M55-59,31,Open,Germany,1:12:12,3:34,4:54:41,4:52,4:32:13,10:47:32
1233,749,"Heckens, Georg",M50-54,92,Open,Germany,1:08:18,3:53,5:11:35,5:31,4:18:18,10:47:35
1234,1943,"Rimmington, Rebecca",F35-39,34,Female,United Kingdom,56:57,4:20,5:11:41,4:34,4:30:03,10:47:35
1235,992,"Limbert, Matt",M45-49,189,Open,United States,1:00:07,4:10,5:15:49,6:02,4:21:31,10:47:39
1236,837,"Tiedeken, Iris",F50-54,5,Female,Switzerland,1:04:51,3:31,5:36:45,3:49,3:58:46,10:47:42
1237,1557,"Mcparland, Margie",F40-44,37,Female,United States,1:09:22,5:45,5:19:31,6:52,4:06:20,10:47:50
1238,550,"Jakobsen, Kaisa",F55-59,1,Female,Finland,1:15:54,3:56,5:32:10,4:07,3:51:50,10:47:57
1239,2458,"Gompers, Paul",M50-54,93,Open,United States,1:07:24,5:12,5:10:28,8:44,4:16:09,10:47:57
1240,1513,"Schulze, Sven",M40-44,205,Open,Germany,1:00:00,3:06,5:08:47,6:36,4:29:41,10:48:10
1241,625,"Mikula, Miroslav",M50-54,94,Open,Czech Republic,1:26:10,4:46,5:19:56,5:43,3:51:37,10:48:12
1242,1821,"Green, Jonathon",M35-39,192,Open,United Kingdom,1:30:35,4:13,4:52:32,5:56,4:15:08,10:48:24
1243,701,"Hussmann, Per",M50-54,95,Open,Denmark,1:15:42,7:20,5:19:16,5:02,4:01:07,10:48:27
1244,1729,"Johnson, Daniel",M35-39,193,Open,Sweden,1:08:55,8:15,5:14:10,6:19,4:10:52,10:48:31
1245,2462,"Mullaney, David",M50-54,96,Open,United States,1:13:53,5:57,5:08:55,7:53,4:11:55,10:48:33
1246,893,"Danek, Bartek",M45-49,190,Open,Poland,1:09:19,4:10,5:36:53,3:34,3:54:38,10:48:34
1247,788,"Schenk, Olaf",M50-54,97,Open,Germany,1:11:23,4:50,5:17:53,4:56,4:09:39,10:48:41
1248,1937,"Manning, Hailey",F35-39,35,Female,United States,1:00:51,3:13,5:25:40,4:14,4:14:43,10:48:41
1249,1883,"Haddad, Luciana",F35-39,36,Female,Brazil,1:16:00,2:39,5:47:15,2:38,3:40:13,10:48:45
1250,660,"Ishida, Tsutomu",M50-54,98,Open,Japan,1:19:28,5:08,5:11:08,5:28,4:07:34,10:48:46
1251,1669,"Lanza, Daniele",M35-39,194,Open,Italy,1:16:37,3:51,5:13:07,2:59,4:12:16,10:48:50
1252,1121,"Kusunoki, Masaki",M45-49,191,Open,Japan,1:13:59,8:29,5:27:01,7:14,3:52:10,10:48:53
1253,1191,"Rudolf, Michaela",F45-49,18,Female,Austria,1:05:28,3:01,5:43:53,2:44,3:53:54,10:49:00
1254,454,"Beare, Martin",M55-59,32,Open,United Kingdom,1:15:43,5:37,5:30:07,4:32,3:53:07,10:49:06
1255,636,"Sankoff, Jeffrey",M50-54,99,Open,Canada,1:06:29,4:46,5:07:52,7:08,4:23:00,10:49:15
1256,1222,"Fauske Haferkamp, Cathrine",F45-49,19,Female,Norway,1:01:52,3:59,5:33:26,4:04,4:05:56,10:49:17
1257,2194,"Saitch, Hannah",F30-34,37,Female,United Kingdom,1:07:44,3:43,5:18:25,3:37,4:15:54,10:49:23
1258,1253,"Verhoeven, Elly",F45-49,20,Female,Belgium,1:18:52,4:30,5:39:47,3:42,3:42:42,10:49:33
1259,1739,"Mcbeath, Lucas",M35-39,195,Open,Australia,1:04:23,5:50,5:01:19,5:36,4:32:27,10:49:35
1260,938,"Schneeberger, Federico",M45-49,192,Open,Argentinia,1:03:53,4:22,4:58:21,8:18,4:34:45,10:49:39
1261,1532,"Aguilar, Kathryn",F40-44,38,Female,United States,1:08:23,5:30,5:29:16,5:45,4:00:49,10:49:43
1262,2300,"Hryhoryeu, Mikita",M25-29,88,Open,Belarus,55:35,2:41,4:48:54,3:58,4:58:40,10:49:48
1263,2365,"Courtois, Jeanne",F25-29,28,Female,France,1:14:57,3:06,5:28:51,4:45,3:58:09,10:49:48
1264,2172,"Young, Elaine",F30-34,38,Female,Canada,1:08:20,4:08,5:34:09,3:54,3:59:22,10:49:53
1265,899,"Gilmore, Todd",M45-49,193,Open,Canada,1:08:53,3:11,5:03:44,4:56,4:29:10,10:49:54
1266,530,"Voigtländer, Thoralf",M55-59,33,Open,Germany,1:12:35,5:35,5:27:14,7:19,3:57:19,10:50:02
1267,432,"Harris, Darryl",M55-59,34,Open,Australia,1:01:52,6:13,5:14:57,4:18,4:22:43,10:50:03
1268,2059,"Valdivieso, Ignacio",M30-34,167,Open,Chile,1:06:33,4:08,5:14:39,6:32,4:18:13,10:50:05
1269,624,"Mellinger, Todd",M50-54,100,Open,United States,1:03:39,4:31,5:00:56,7:27,4:33:32,10:50:05
1270,885,"Burns, Kevin",M45-49,194,Open,United States,1:19:18,5:36,4:58:49,3:48,4:22:36,10:50:07
1271,437,"Loder, Nikolaus",M55-59,35,Open,Germany,1:03:57,4:17,5:24:22,4:58,4:12:39,10:50:13
1272,1173,"Boyes, Michelle",F45-49,21,Female,Australia,1:08:29,2:45,5:30:55,3:56,4:04:13,10:50:18
1273,2109,"Harms, Patrick",M30-34,168,Open,Germany,1:13:34,5:56,5:05:48,4:20,4:20:41,10:50:19
1274,1139,"Peeman, Erik",M45-49,195,Open,Netherlands,1:08:40,4:43,5:09:44,5:29,4:22:31,10:51:07
1275,1914,"Prasetyo, Inge",F35-39,37,Female,Indonesia,1:04:33,4:44,5:42:51,6:14,3:53:00,10:51:22
1276,468,"Lyon, Dave",M55-59,36,Open,United States,1:20:18,6:01,4:53:43,8:25,4:22:56,10:51:23
1277,1726,"Hansen, Scott",M35-39,196,Open,United States,54:04,3:09,4:39:23,7:33,5:07:18,10:51:27
1278,2438,"Barnes, Jess",F18-24,8,Female,New Zealand,1:08:00,4:46,5:40:54,4:03,3:53:45,10:51:28
1279,1099,"Ellison, Patrick",M45-49,196,Open,United States,1:05:06,6:30,5:11:19,13:54,4:14:46,10:51:35
1280,960,"Antonelli Lehoczki, Mauricio",M45-49,197,Open,Brazil,1:11:19,6:33,5:46:32,6:51,3:40:24,10:51:39
1281,2356,"Koester, Jen",F25-29,29,Female,United States,1:12:05,5:07,5:19:07,3:24,4:11:58,10:51:41
1282,1816,"Evans-Fear, Gareth",M35-39,197,Open,United Kingdom,1:03:49,3:51,5:40:09,5:52,3:58:04,10:51:45
1283,1354,"Maximiliano Malvezzi Martinez, Osvaldo",M40-44,206,Open,Argentinia,1:12:14,4:59,5:37:22,4:01,3:53:12,10:51:48
1284,1081,"Weber, Marko",M45-49,198,Open,Germany,1:12:31,4:48,5:14:48,4:49,4:14:55,10:51:51
1285,691,"Brierley, Andrew",M50-54,101,Open,United Kingdom,1:13:14,4:21,5:15:13,4:54,4:14:14,10:51:56
1286,2347,"Alexander, Nathalie",F25-29,30,Female,Austria,1:05:22,3:52,5:20:20,3:04,4:19:23,10:52:01
1287,605,"Ernst, Alexander- Maximilian",M50-54,102,Open,Germany,1:00:13,8:30,5:01:26,6:41,4:35:13,10:52:03
1288,1324,"Torres, Juan",M40-44,207,Open,Australia,1:16:28,9:07,5:21:10,7:32,3:57:50,10:52:07
1289,2373,"Lumiaho, Iina",F25-29,31,Female,Finland,1:11:44,3:58,5:26:34,3:38,4:06:17,10:52:11
1290,615,"Joly, Christophe",M50-54,103,Open,France,1:05:53,3:24,5:02:37,4:35,4:35:42,10:52:11
1291,2143,"Carlon, Fiona",F30-34,39,Female,United States,1:00:22,3:04,5:29:21,4:21,4:15:07,10:52:15
1292,1923,"Tryoen, Nadege",F35-39,38,Female,France,1:10:56,3:17,5:31:16,4:04,4:02:54,10:52:27
1293,736,"Cromstedt, Lennart",M50-54,104,Open,Sweden,1:15:39,4:53,5:10:04,5:22,4:16:32,10:52:30
1294,651,"Brix, Lars",M50-54,105,Open,Denmark,1:20:07,5:08,5:28:11,4:02,3:55:05,10:52:33
1295,775,"Pacheco, Santiago",M50-54,106,Open,Mexico,57:26,3:26,5:06:05,4:44,4:40:52,10:52:33
1296,1628,"Pennington, Megan",F40-44,39,Female,United States,1:12:46,3:49,5:34:39,4:09,3:57:15,10:52:38
1297,453,"Anthonis, Johan",M55-59,37,Open,Belgium,1:16:44,4:47,5:24:58,3:45,4:02:26,10:52:40
1298,1898,"Stokes, Kelly",F35-39,39,Female,United Kingdom,1:00:53,4:44,5:11:11,4:09,4:31:48,10:52:45
1299,1200,"Bandholm, Gry",F45-49,22,Female,Denmark,1:26:58,3:52,5:46:13,4:04,3:31:39,10:52:46
1300,1906,"Florencia Fraga, Maria",F35-39,40,Female,Argentinia,1:03:01,3:49,5:26:08,2:46,4:17:09,10:52:53
1301,1951,"Nalin, Audrey",F35-39,41,Female,France,1:19:27,4:38,5:40:04,3:34,3:45:21,10:53:04
1302,649,"Bareuther, Frank",M50-54,107,Open,Germany,1:10:15,4:55,5:23:42,5:38,4:08:42,10:53:12
1303,1379,"Wordelman, Mike",M40-44,208,Open,United States,1:15:22,4:28,5:04:44,4:44,4:24:06,10:53:24
1304,823,"Crawford, Jane",F50-54,6,Female,Australia,1:14:10,4:45,5:49:54,3:45,3:40:51,10:53:25
1305,2460,"Fiala, Tomas",M40-44,209,Open,Czech Republic,1:13:10,4:31,5:07:42,5:03,4:23:04,10:53:30
1306,1229,"Patterson, Cailla",F45-49,23,Female,Canada,1:15:31,4:37,5:40:18,4:59,3:48:09,10:53:34
1307,509,"Nevills, Andrew",M55-59,38,Open,Canada,57:50,3:58,5:35:57,5:39,4:10:32,10:53:56
1308,647,"Abecassis, Eric",M50-54,108,Open,France,1:19:59,3:09,5:21:29,5:17,4:04:08,10:54:02
1309,746,"Graw, Stefan",M50-54,109,Open,Germany,1:33:54,4:35,5:18:54,7:18,3:49:26,10:54:07
1310,2393,"Hirako, Takahiro",M18-24,29,Open,Japan,1:21:08,7:07,5:19:44,5:15,4:00:55,10:54:09
1311,631,"Owsley, William",M50-54,110,Open,United States,1:08:44,3:52,4:58:46,4:21,4:38:30,10:54:13
1312,1373,"Tsai, Ming-Chi",M40-44,210,Open,Taiwan,1:22:26,3:47,5:16:26,3:44,4:07:56,10:54:19
1313,2175,"Hermansson, Lisa",F30-34,40,Female,Sweden,1:03:35,3:40,5:26:03,3:04,4:18:00,10:54:22
1314,2455,"Wheeler, Kiah",F18-24,9,Female,Canada,1:09:19,3:40,5:46:33,4:18,3:50:40,10:54:30
1315,1618,"Dierkes, Manuela",F40-44,40,Female,Germany,1:06:57,3:25,5:37:40,4:21,4:02:20,10:54:43
1316,2429,"Mccloskey, Siobhan",F18-24,10,Female,Australia,1:12:56,5:44,5:33:58,6:09,3:55:58,10:54:45
1317,1876,"Aykroyd, Laura",F35-39,42,Female,United States,1:14:46,3:37,5:26:20,3:31,4:06:34,10:54:48
1318,1935,"Louderback, Kristin",F35-39,43,Female,United States,1:06:54,4:04,5:36:16,3:37,4:03:59,10:54:50
1319,2359,"Schlabach, Corrine",F25-29,32,Female,United States,1:04:54,4:24,5:40:40,4:39,4:00:18,10:54:55
1320,1186,"Javens, Amy",F45-49,24,Female,United States,1:14:24,4:10,5:17:37,3:54,4:14:50,10:54:55
1321,1390,"Bylund, Mattias",M40-44,211,Open,Sweden,1:04:12,4:57,5:43:25,4:56,3:57:31,10:55:01
1322,1223,"French, Marsha",F45-49,25,Female,United States,1:00:26,4:56,5:49:41,6:36,3:53:27,10:55:06
1323,3040,"Konschak, Katja",FPRO,32,Female,Germany,54:40,2:32,5:20:15,4:04,4:33:56,10:55:27
1324,403,"Glah, Kenneth",M55-59,39,Open,United States,1:01:43,3:13,4:58:13,5:06,4:47:23,10:55:38
1325,1115,"Im Brahm, Carsten",M45-49,199,Open,Germany,59:17,3:56,5:16:52,7:23,4:28:20,10:55:48
1326,1936,"Macdonald, Megan",F35-39,44,Female,Canada,1:19:28,2:48,5:35:57,3:33,3:54:04,10:55:50
1327,1351,"MACMILLAN, David",M40-44,212,Open,United States,1:10:29,5:49,5:08:08,7:50,4:23:39,10:55:55
1328,902,"Harsley, Stuart",M45-49,200,Open,Australia,1:09:35,6:55,5:11:38,6:56,4:20:54,10:55:58
1329,2002,"Shapcott, James",M30-34,169,Open,New Zealand,1:00:46,4:30,5:05:04,4:22,4:41:16,10:55:58
1330,1020,"Zimmermann, David",M45-49,201,Open,Switzerland,1:17:39,7:08,5:07:22,6:51,4:17:11,10:56:11
1331,446,"Schmäding, Ralf",M55-59,40,Open,Germany,1:20:21,3:16,5:37:57,3:24,3:51:16,10:56:14
1332,1131,"Mcgrath, Scott",M45-49,202,Open,Canada,1:08:26,7:14,5:20:26,9:17,4:11:10,10:56:33
1333,2423,"Frederikke, Idon-Andersen",F18-24,11,Female,Denmark,1:08:10,3:17,5:39:03,3:10,4:02:55,10:56:35
1334,1177,"Faerch, Kirstine",F45-49,26,Female,Denmark,1:09:24,4:29,5:33:41,4:02,4:05:07,10:56:43
1335,2313,"Thompson, Peter",M25-29,89,Open,United States,1:04:51,4:52,5:35:58,7:00,4:04:10,10:56:51
1336,1464,"Girg, Sebastian Felix",M40-44,213,Open,Germany,1:13:24,3:31,5:15:03,3:08,4:21:47,10:56:53
1337,1852,"Rae, Ryan",M35-39,198,Open,Australia,1:03:53,4:42,5:26:43,6:40,4:15:02,10:57:00
1338,1849,"Olsson, Erik",M35-39,199,Open,Sweden,1:12:50,3:57,5:15:33,6:20,4:18:31,10:57:11
1339,109,"Johnson, Aj",M40-44,214,Open,United States,1:03:32,6:01,5:17:25,8:40,4:21:36,10:57:14
1340,521,"Rutze, Rene",M55-59,41,Open,Australia,1:13:55,4:33,5:13:01,4:03,4:21:47,10:57:19
1341,1892,"Proffit, Shannon",F35-39,45,Female,New Zealand,59:02,3:05,5:26:32,3:33,4:25:14,10:57:26
1342,2376,"Sanchez Albo, Amalia",F25-29,33,Female,Mexico,58:49,2:47,5:45:23,3:35,4:06:53,10:57:27
1343,702,"Hyndman, Scott",M50-54,111,Open,Australia,1:10:09,9:07,5:34:46,7:17,3:56:26,10:57:45
1344,2171,"Walton, Claire",F30-34,41,Female,United Kingdom,1:14:07,4:03,5:44:04,4:46,3:50:55,10:57:55
1345,801,"Cho, Young-Suk",M50-54,112,Open,Unknown,1:05:39,4:33,5:44:48,5:55,3:57:03,10:57:58
1346,2367,"Gibbons, Megan",F25-29,34,Female,United States,56:51,5:46,5:33:43,3:50,4:17:57,10:58:07
1347,2152,"Hodges, Maria",F30-34,42,Female,Philippines,1:08:17,3:10,5:35:19,3:19,4:08:05,10:58:10
1348,887,"Capobianco, Jeffrey",M45-49,203,Open,United States,1:20:13,5:02,5:05:57,4:17,4:22:48,10:58:17
1349,764,"Loveridge, Robert",M50-54,113,Open,New Zealand,1:10:13,3:17,5:14:10,4:30,4:26:08,10:58:18
1350,792,"Stenbrink, Björn",M50-54,114,Open,Sweden,1:05:44,5:51,5:21:10,5:51,4:19:45,10:58:21
1351,1797,"Anthony, Adam",M35-39,200,Open,France,59:20,2:54,4:50:32,3:59,5:01:40,10:58:25
1352,1933,"Kurpershoek, Danielle",F35-39,46,Female,Netherlands,1:09:19,6:26,5:26:36,4:35,4:11:31,10:58:27
1353,643,"Vosloo, Christopher",M50-54,115,Open,South Africa,1:07:44,5:35,5:15:09,6:33,4:23:26,10:58:27
1354,2272,"Buallay, Khalid",M25-29,90,Open,Bahrain,1:09:46,4:12,5:40:28,6:52,3:57:33,10:58:51
1355,981,"Hill, Stephen",M45-49,204,Open,Australia,1:10:37,6:26,5:20:22,5:23,4:16:09,10:58:57
1356,674,"Pirozhkov, Mikhail",M50-54,116,Open,Russia,1:15:32,7:03,5:05:02,4:45,4:26:40,10:59:02
1357,2317,"Wang, Kunchen",M25-29,91,Open,China,1:26:56,3:53,5:37:10,5:32,3:45:40,10:59:11
1358,499,"Hurula, Matti",M55-59,42,Open,Finland,1:05:42,5:09,5:02:44,6:05,4:40:11,10:59:51
1359,1088,"Beran, Thomas",M45-49,205,Open,Austria,1:00:43,6:52,5:32:19,7:33,4:12:27,10:59:54
1360,1169,"Van Soest, John",M45-49,206,Open,United States,1:12:51,4:37,5:27:27,4:41,4:10:26,11:00:02
1361,1855,"Ryan, Andrew",M35-39,201,Open,Australia,1:13:15,4:13,4:57:16,4:31,4:40:50,11:00:05
1362,1663,"Hueber, Boris",M35-39,202,Open,France,1:14:54,2:07,5:23:23,5:57,4:14:02,11:00:23
1363,1541,"Farina, Lorena",F40-44,41,Female,Argentinia,1:18:58,4:19,5:22:26,3:46,4:11:23,11:00:52
1364,544,"Ward, June",F55-59,2,Female,Australia,1:16:12,4:53,5:46:38,3:00,3:50:11,11:00:54
1365,224,"Jochum, Markus",M65-69,1,Open,Austria,1:17:30,5:24,5:22:58,5:15,4:09:47,11:00:54
1366,618,"Kaeppeli, Markus",M50-54,117,Open,Switzerland,1:11:03,3:20,4:51:12,4:58,4:50:33,11:01:06
1367,1564,"Rollins, Emily",F40-44,42,Female,United States,1:10:58,5:24,5:40:50,5:49,3:58:08,11:01:09
1368,953,"Tompkins, Scott",M45-49,207,Open,United States,1:04:08,4:21,5:16:37,5:25,4:30:41,11:01:12
1369,1250,"Reuwer, Carrie",F45-49,27,Female,United States,1:05:20,5:28,5:32:54,5:02,4:12:35,11:01:19
1370,1563,"Rasmussen, Karen",F40-44,43,Female,New Zealand,1:07:55,6:31,5:46:13,5:02,3:55:40,11:01:21
1371,449,"Sunners, James",M55-59,43,Open,Canada,1:10:38,3:41,5:04:03,5:44,4:37:23,11:01:29
1372,1723,"Gervais, Matt",M35-39,203,Open,Canada,1:01:27,4:18,5:00:36,4:34,4:50:41,11:01:36
1373,402,"Galat, Steven",M55-59,44,Open,United States,1:07:27,5:02,5:39:17,5:06,4:04:48,11:01:40
1374,835,"Smith, Karen",F50-54,7,Female,Bermuda,1:05:56,3:46,5:18:55,3:55,4:29:10,11:01:42
1375,303,"Meuser, Christian",M60-64,11,Open,Belgium,1:25:56,6:35,5:14:34,5:34,4:09:05,11:01:44
1376,2394,"Akira, Sakata",M18-24,30,Open,Japan,1:11:47,4:01,6:05:08,3:41,3:37:11,11:01:48
1377,976,"Gasiorowski, Piotr",M45-49,208,Open,Poland,1:22:43,4:13,5:20:26,4:07,4:10:24,11:01:53
1378,425,"Birkelo, John",M55-59,45,Open,Japan,1:31:33,5:38,5:19:38,4:29,4:00:39,11:01:57
1379,827,"Houston, Keri",F50-54,8,Female,New Zealand,1:11:54,4:42,5:37:49,4:14,4:03:18,11:01:57
1380,1368,"Rohde, Mark",M40-44,215,Open,Australia,1:15:21,5:34,5:26:55,6:19,4:07:51,11:02:00
1381,712,"Regenberg, Claus",M50-54,118,Open,Germany,1:20:20,4:05,5:13:31,4:38,4:19:29,11:02:03
1382,1188,"Medak, Alicja",F45-49,28,Female,Poland,1:22:52,4:31,5:43:07,5:53,3:45:45,11:02:08
1383,1549,"Hancox, Lisa",F40-44,44,Female,United Kingdom,1:00:31,3:52,5:49:16,5:42,4:03:02,11:02:23
1384,640,"Uwe, Moeller",M50-54,119,Open,Germany,1:07:06,3:45,5:20:34,4:50,4:26:08,11:02:23
1385,1917,"Wächtershäuser, Anna",F35-39,47,Female,Germany,1:11:49,2:50,5:25:28,5:26,4:16:53,11:02:26
1386,2207,"Piri, Silke",F30-34,43,Female,Germany,1:26:40,3:42,5:27:32,3:45,4:00:57,11:02:36
1387,2197,"Vander Massen, Hélène",F30-34,44,Female,Belgium,1:10:46,4:31,5:14:33,3:47,4:29:01,11:02:38
1388,2352,"Hafner, Mojca",F25-29,35,Female,Slovenia,1:08:43,3:15,5:25:00,4:00,4:21:43,11:02:41
1389,1548,"Hammond, Serena",F40-44,45,Female,New Zealand,1:26:44,3:38,5:23:18,3:38,4:05:25,11:02:43
1390,1979,"Kwaterka, Jonathan",M30-34,170,Open,Lithuania,1:04:23,2:41,6:05:06,4:58,3:45:51,11:02:59
1391,2120,"Lidström, Johan",M30-34,171,Open,Sweden,1:19:43,3:41,5:18:59,5:58,4:14:53,11:03:14
1392,1198,"White, Robin",F45-49,29,Female,United States,1:01:41,3:44,5:44:46,5:04,4:08:05,11:03:20
1393,492,"Franck, Vuaillat",M55-59,46,Open,France,1:12:15,5:40,5:25:52,5:03,4:14:34,11:03:24
1394,1632,"Rutherford, Joanne",F40-44,46,Female,Australia,1:09:44,3:53,5:41:37,5:30,4:02:43,11:03:27
1395,1535,"Bullard, Dana",F40-44,47,Female,United States,1:12:17,4:28,5:36:35,3:50,4:06:21,11:03:31
1396,2415,"Rose, Tim",M18-24,31,Open,Germany,1:11:07,3:19,4:52:09,4:13,4:53:17,11:04:05
1397,685,"Dow, Stephen",M50-54,120,Open,United Kingdom,1:09:41,4:49,5:21:09,6:18,4:22:10,11:04:07
1398,496,"Herran, Luis",M55-59,47,Open,United Kingdom,1:13:16,4:11,5:14:36,6:08,4:26:14,11:04:25
1399,672,"Murray, Steve",M50-54,121,Open,United States,1:02:12,4:45,5:27:42,5:06,4:24:43,11:04:28
1400,2162,"Palmer, Lauren",F30-34,45,Female,United States,1:11:49,5:25,5:33:23,3:38,4:10:14,11:04:29
1401,439,"Muroya, Koji",M55-59,48,Open,Japan,1:11:26,4:01,5:23:24,6:21,4:19:32,11:04:44
1402,668,"Mcloughlan, Dave",M50-54,122,Open,New Zealand,1:17:33,5:56,5:15:02,6:18,4:19:58,11:04:47
1403,717,"Yard, Chris",M50-54,123,Open,United States,1:11:22,9:21,5:17:16,6:18,4:20:42,11:04:59
1404,2479,"Samuel, Mark",M40-44,216,Open,United States,1:06:17,3:40,4:50:10,5:41,4:59:20,11:05:08
1405,1854,"Rivalin, Laurent",M35-39,204,Open,Australia,1:08:18,8:36,5:11:23,10:30,4:26:42,11:05:29
1406,2448,"Mickelson, Emma",F18-24,12,Female,United States,1:07:55,3:07,5:53:29,4:26,3:56:34,11:05:31
1407,2201,"Gren, Malin",F30-34,46,Female,Sweden,1:08:39,3:05,5:38:58,3:01,4:11:52,11:05:35
1408,2220,"Eichert, Carl",M25-29,92,Open,United States,59:15,6:48,5:34:17,9:10,4:16:21,11:05:51
1409,2153,"Hoffmann, Christine",F30-34,47,Female,United States,1:05:24,4:32,5:10:44,4:11,4:41:13,11:06:04
1410,2384,"Ishida, Ryo",M18-24,32,Open,Japan,53:43,3:51,4:58:21,5:12,5:04:58,11:06:05
1411,2155,"Knezevic, Ursela",F30-34,48,Female,United States,1:10:58,4:39,5:41:15,3:44,4:05:34,11:06:10
1412,281,"Hatlevoll, Willy",M60-64,12,Open,Norway,1:36:01,3:25,5:17:15,3:46,4:06:05,11:06:32
1413,1560,"Octave, Maryanne",F40-44,48,Female,Belgium,1:16:58,4:36,5:24:57,3:45,4:16:28,11:06:44
1414,1567,"Spagnoletti, Karine",F40-44,49,Female,Canada,1:04:14,3:45,5:34:10,4:13,4:20:22,11:06:44
1415,1029,"Christiansson, Johan",M45-49,209,Open,Sweden,1:10:59,3:51,5:18:06,6:02,4:28:03,11:07:01
1416,481,"Backes, Andreas Adolf",M55-59,49,Open,Germany,1:13:43,7:14,5:54:27,9:23,3:42:21,11:07:08
1417,759,"Lavesson, Tony",M50-54,124,Open,Sweden,1:24:15,5:49,5:39:47,4:31,3:52:54,11:07:16
1418,638,"Socha, Tomasz",M50-54,125,Open,Poland,1:20:21,4:16,5:35:48,4:55,4:02:15,11:07:35
1419,2027,"Fujiwara, Ryota",M30-34,172,Open,Japan,1:09:28,6:56,5:37:11,4:21,4:09:47,11:07:43
1420,2447,"Meynen, Ninke",F18-24,13,Female,Belgium,1:02:37,2:17,5:53:33,2:40,4:06:40,11:07:47
1421,2443,"Ichikawa, Ayu",F18-24,14,Female,Japan,1:07:53,4:14,5:37:53,5:33,4:12:25,11:07:58
1422,1338,"Daffey, David",M40-44,217,Open,Australia,1:22:01,4:40,5:27:08,5:22,4:08:54,11:08:05
1423,1926,"Wojtylo, Olimpia",F35-39,48,Female,Poland,1:08:37,4:23,5:23:13,3:47,4:28:08,11:08:08
1424,1243,"Kruse, Katja",F45-49,30,Female,Germany,1:11:47,3:52,5:41:56,3:40,4:06:58,11:08:13
1425,2374,"Lykke, Camilla",F25-29,36,Female,Denmark,1:16:16,5:50,5:42:03,4:25,3:59:49,11:08:23
1426,2450,"Sand, Cathrine Engelhardt",F18-24,15,Female,Denmark,1:04:09,4:03,6:14:36,3:03,3:42:51,11:08:42
1427,648,"Ahlert, David",M50-54,126,Open,United States,1:17:09,5:56,5:29:52,5:01,4:10:48,11:08:46
1428,1832,"King, Joshua",M35-39,205,Open,United States,1:13:41,4:42,5:38:40,5:06,4:06:44,11:08:53
1429,1026,"Charles, Lee",M45-49,210,Open,United Kingdom,1:12:19,4:12,5:00:54,5:34,4:45:58,11:08:57
1430,952,"Toivonen, Janne",M45-49,211,Open,Finland,1:15:57,5:35,5:21:57,7:41,4:17:53,11:09:03
1431,328,"Kaudela, Karl",M60-64,13,Open,Austria,1:42:34,3:55,5:15:11,4:38,4:02:50,11:09:08
1432,1919,"Foely, Jacquelyn",F35-39,49,Female,United States,55:31,3:05,5:42:53,5:18,4:22:25,11:09:12
1433,857,"Nielsen, Marianne Schøler",F50-54,9,Female,Denmark,1:28:12,5:02,5:38:09,3:30,3:54:35,11:09:28
1434,650,"Boldu, Enrique",M50-54,127,Open,Spain,56:10,3:29,5:25:20,7:31,4:37:10,11:09:40
1435,297,"Hartley, Alan",M60-64,14,Open,Australia,1:17:46,4:24,5:24:50,3:38,4:19:21,11:09:59
1436,1714,"Bischoff, Michael",M35-39,206,Open,United States,1:11:03,4:20,5:09:05,4:16,4:41:16,11:10:00
1437,1246,"Irena, Mazin",F45-49,31,Female,Israel,1:20:07,4:49,5:34:05,4:46,4:06:13,11:10:00
1438,283,"Madden, Kurt",M60-64,15,Open,United States,1:02:25,4:23,5:27:38,4:53,4:30:46,11:10:05
1439,626,"Molina, Panter",M50-54,128,Open,Argentinia,1:09:08,3:36,5:42:00,4:00,4:11:26,11:10:10
1440,963,"Brandt, Russ",M45-49,212,Open,United States,1:03:56,3:31,4:56:43,4:55,5:01:10,11:10:15
1441,1183,"Howle, Julie",F45-49,32,Female,Australia,1:04:21,4:17,5:54:16,3:32,4:03:53,11:10:19
1442,619,"Lanza, Craig",M50-54,129,Open,United States,56:13,4:37,5:28:15,6:29,4:34:46,11:10:20
1443,1011,"Thananayagam, Rajan",M45-49,213,Open,Sri Lanka,1:22:46,4:59,5:19:29,5:48,4:17:20,11:10:22
1444,1133,"Noel Hubert Bernard, Lepoittevin",M45-49,214,Open,Reunion,1:12:20,4:35,5:40:16,3:25,4:09:58,11:10:34
1445,2467,"Strizhov, Dmitriy",M40-44,218,Open,Ukraine,1:25:19,5:27,5:27:00,4:50,4:08:18,11:10:54
1446,2174,"Heneghan, Michelle",F30-34,49,Female,Ireland,1:10:55,3:41,5:42:15,6:05,4:08:00,11:10:56
1447,1247,"Neil, Debra",F45-49,33,Female,Australia,1:08:57,6:48,5:34:54,9:52,4:10:36,11:11:07
1448,2158,"Matricardi, Lauren",F30-34,50,Female,United States,1:15:37,3:45,5:32:46,3:11,4:15:52,11:11:11
1449,2279,"Romain, Louedec",M25-29,93,Open,France,51:30,3:01,5:02:27,5:36,5:08:38,11:11:12
1450,2354,"Janssen, Elien",F25-29,37,Female,Belgium,1:08:41,5:25,5:33:37,4:58,4:18:34,11:11:15
1451,2333,"Wood, Nicole",F25-29,38,Female,Paraguay,1:02:36,3:25,5:27:08,3:01,4:35:13,11:11:23
1452,2204,"Liyun, Chen",F30-34,51,Female,Taiwan,1:35:00,3:34,5:38:53,4:21,3:49:38,11:11:26
1453,1272,"Decarli, Michael",M40-44,219,Open,United States,1:12:35,3:27,5:07:34,8:14,4:39:38,11:11:28
1454,1449,"Canaria, Jaynald",M40-44,220,Open,Philippines,1:18:50,4:56,5:33:57,6:46,4:07:03,11:11:32
1455,1611,"Arthur, Megan",F40-44,50,Female,New Zealand,1:10:45,4:31,5:25:15,4:15,4:26:46,11:11:32
1456,510,"Nixon, Paul",M55-59,50,Open,Australia,1:11:35,4:40,5:10:52,5:42,4:38:59,11:11:48
1457,1590,"Peukert, Diana",F40-44,51,Female,Germany,1:08:19,4:38,5:44:42,5:42,4:08:37,11:11:58
1458,2435,"Myers, Gina",F18-24,16,Female,United States,1:06:46,3:52,5:47:29,3:35,4:10:38,11:12:20
1459,1143,"Cesar Pocas, Augusto",M45-49,215,Open,Brazil,1:11:52,3:57,5:11:54,5:33,4:39:19,11:12:35
1460,1901,"Walker, Rebekah",F35-39,50,Female,United States,1:09:29,4:17,5:29:41,6:14,4:23:01,11:12:42
1461,950,"Thaus, Peter",M45-49,216,Open,Australia,1:02:55,3:46,5:03:42,4:50,4:57:39,11:12:52
1462,943,"Simon, Philippe",M45-49,217,Open,France,1:23:21,6:19,5:27:10,4:53,4:11:14,11:12:57
1463,824,"Hart, Jenny",F50-54,10,Female,Australia,1:21:34,4:03,5:52:27,5:23,3:50:00,11:13:27
1464,644,"Weber, Oliver",M50-54,130,Open,United States,1:06:27,5:03,5:05:22,8:14,4:48:31,11:13:37
1465,2412,"Lim, Chee Yong",M18-24,33,Open,Malaysia,1:12:24,3:39,5:35:08,3:25,4:19:05,11:13:41
1466,398,"Carter, Larkin",M55-59,51,Open,United States,1:17:11,4:14,5:27:16,5:51,4:19:33,11:14:05
1467,471,"Risteen, Peter",M55-59,52,Open,Canada,1:20:24,6:47,5:23:57,5:34,4:17:37,11:14:19
1468,941,"Shortte, Kelvin",M45-49,218,Open,Australia,1:05:23,5:48,5:45:32,7:05,4:10:42,11:14:30
1469,485,"Bussolati, Antonio",M55-59,53,Open,Italy,1:13:39,5:34,5:25:18,5:22,4:24:38,11:14:31
1470,807,"Dushay, Jody",F50-54,11,Female,United States,1:28:25,6:28,5:47:05,6:03,3:46:32,11:14:33
1471,1175,"Cordeiro, Ilka",F45-49,34,Female,Brazil,1:08:02,8:12,5:51:40,5:05,4:01:57,11:14:56
1472,307,"Akahama, Koji",M60-64,16,Open,Japan,1:17:50,4:51,5:58:26,6:15,3:47:38,11:15:00
1473,1626,"Moerdyk, Susan",F40-44,52,Female,South Africa,1:13:56,4:02,5:26:38,4:45,4:25:42,11:15:03
1474,1118,"Knight, Darren",M45-49,219,Open,Australia,1:24:22,7:33,5:44:08,4:51,3:54:10,11:15:04
1475,1289,"Hairlahovic, Nermin",M40-44,221,Open,Canada,1:25:22,4:20,5:22:53,3:35,4:18:57,11:15:07
1476,477,"Titus, Brett",M55-59,54,Open,Canada,1:06:53,4:49,5:30:07,6:53,4:26:30,11:15:12
1477,504,"Marouschek, Paul",M55-59,55,Open,Austria,1:14:01,6:27,5:23:56,6:50,4:23:59,11:15:13
1478,1237,"Evison, Jocie",F45-49,35,Female,Australia,1:01:11,3:36,5:45:03,4:16,4:21:24,11:15:30
1479,2459,"Terry, Joe",M50-54,131,Open,United States,1:20:30,6:01,5:23:55,8:28,4:16:39,11:15:33
1480,442,"Roth, Volkmar",M55-59,56,Open,Germany,1:07:34,8:39,5:26:53,6:47,4:25:56,11:15:49
1481,539,"Knibb, Leslie",F55-59,3,Female,United States,1:03:36,2:59,5:25:29,4:16,4:39:37,11:15:57
1482,2469,"Graff, Andre",M55-59,57,Open,Germany,1:10:52,7:58,5:35:23,7:44,4:14:01,11:15:58
1483,1551,"Hite, Amy",F40-44,53,Female,United States,1:12:28,3:56,5:29:16,4:43,4:25:44,11:16:07
1484,2360,"Wade-West, Milly",F25-29,39,Female,United Kingdom,1:19:44,3:42,5:51:58,4:17,3:56:27,11:16:08
1485,919,"Mattson, David",M45-49,220,Open,New Zealand,1:05:29,6:23,5:25:50,4:12,4:34:27,11:16:21
1486,2165,"Robbins, Mary",F30-34,52,Female,United States,1:02:47,3:23,5:09:57,4:15,4:56:02,11:16:24
1487,1421,"Schaar, Martin",M40-44,222,Open,Germany,1:12:45,4:55,5:15:51,7:31,4:35:32,11:16:34
1488,1386,"Bacon, Robert",M40-44,223,Open,United Kingdom,1:26:05,5:34,5:33:41,4:49,4:06:27,11:16:36
1489,2093,"Aboshabana, Gamal",M30-34,173,Open,Egypt,1:15:15,4:07,5:30:44,5:33,4:21:08,11:16:47
1490,1884,"Ibarra Guerrero, Alejandra",F35-39,51,Female,Mexico,1:11:00,3:35,5:46:54,4:26,4:10:58,11:16:53
1491,1891,"Perry, Jess",F35-39,52,Female,United States,1:14:02,4:07,5:29:48,3:24,4:25:36,11:16:57
1492,1594,"Watson, Sarah",F40-44,54,Female,Australia,1:10:01,5:00,5:47:47,5:40,4:08:34,11:17:02
1493,818,"Sanner, Kim",F50-54,12,Female,United States,1:15:35,3:53,5:21:19,5:35,4:30:52,11:17:14
1494,1946,"Sandberg, Marie",F35-39,53,Female,Sweden,1:11:12,6:28,5:33:49,5:27,4:20:37,11:17:33
1495,401,"Ferrazzi, Urbano",M55-59,58,Open,Italy,1:18:23,3:00,5:34:45,5:01,4:16:40,11:17:49
1496,407,"Kraft, Manfred",M55-59,59,Open,Germany,1:20:20,4:48,5:42:37,4:53,4:05:29,11:18:07
1497,1068,"Sauma Mahaluf, Andres",M45-49,221,Open,Chile,57:17,4:12,5:06:00,5:08,5:05:31,11:18:08
1498,1249,"Power, Annemarie",F45-49,36,Female,Ireland,1:10:26,6:03,5:37:52,4:56,4:18:52,11:18:09
1499,958,"Young, Jimi",M45-49,222,Open,United States,1:18:20,5:38,5:19:25,5:16,4:29:33,11:18:12
1500,2449,"Pauer, Stefanie",F18-24,17,Female,Austria,1:06:54,3:59,5:59:26,3:04,4:05:16,11:18:39
1501,1531,"Derbez, Olivier",M40-44,224,Open,Unknown,1:18:13,3:31,5:21:35,8:31,4:27:23,11:19:13
1502,1181,"Gray, Megan",F45-49,37,Female,Australia,1:03:21,4:04,5:38:09,5:08,4:28:47,11:19:29
1503,1571,"Wilson, Kristen",F40-44,55,Female,United States,1:12:44,4:11,5:30:16,3:58,4:28:26,11:19:35
1504,1885,"Karpinski, Sarah",F35-39,54,Female,United States,1:15:36,4:31,5:43:09,3:44,4:12:37,11:19:37
1505,2270,"Wong, Wai Ho",M25-29,94,Open,Hong Kong,1:07:55,6:23,5:24:03,7:04,4:34:16,11:19:41
1506,564,"Mckinnon, Maxine",F55-59,4,Female,United Kingdom,1:22:37,4:20,5:54:48,5:28,3:52:29,11:19:42
1507,846,"Bakk, Britni",F50-54,13,Female,United States,1:06:55,4:06,5:36:54,2:46,4:29:16,11:19:57
1508,725,"Björlin, Anders",M50-54,132,Open,Sweden,1:30:03,6:36,5:20:02,7:55,4:15:29,11:20:05
1509,505,"Masera, Christian",M55-59,60,Open,France,1:29:15,6:03,5:53:36,6:29,3:45:02,11:20:25
1510,484,"Burmester, Michael",M55-59,61,Open,Denmark,1:10:53,3:54,5:34:42,4:09,4:27:07,11:20:45
1511,934,"Sakai, Sam",M45-49,223,Open,Japan,1:13:26,4:05,5:26:46,7:24,4:29:25,11:21:06
1512,490,"Crosby, Jeff",M55-59,62,Open,United States,1:14:44,4:43,5:27:35,6:45,4:27:36,11:21:23
1513,1214,"Stoeckli, Michele",F45-49,38,Female,Switzerland,1:09:42,5:04,5:41:54,5:29,4:19:26,11:21:35
1514,1193,"Thomas, Suzy",F45-49,39,Female,United States,1:03:41,3:52,5:50:26,5:03,4:18:36,11:21:38
1515,1941,"Norcross, Melissa",F35-39,55,Female,United States,1:18:55,6:19,5:48:13,4:45,4:03:42,11:21:54
1516,2350,"Colbert, Carey",F25-29,40,Female,United States,1:00:16,2:50,5:56:04,5:28,4:17:17,11:21:55
1517,2249,"Gustavo, Rincaweski",M25-29,95,Open,Brazil,1:05:56,5:00,5:19:42,4:37,4:46:44,11:21:59
1518,1189,"Newman, Deanna",F45-49,40,Female,United States,1:11:47,3:48,5:34:26,3:55,4:28:21,11:22:17
1519,937,"Schiott, Jacob",M45-49,224,Open,Denmark,1:13:41,5:00,5:13:58,4:36,4:45:18,11:22:33
1520,1918,"Chow, Chi Ngan",F35-39,56,Female,Hong Kong,1:28:19,3:43,6:02:26,3:37,3:44:31,11:22:36
1521,277,"Foulounoux, Thierry",M60-64,17,Open,France,1:17:20,5:24,5:36:09,7:01,4:17:37,11:23:31
1522,971,"Delamora, Sergai",M45-49,225,Open,United States,1:12:01,3:44,5:27:16,4:24,4:36:10,11:23:35
1523,515,"Price, Ed",M55-59,63,Open,United States,1:08:46,6:39,5:38:22,7:14,4:22:48,11:23:49
1524,800,"Zaid, Lakhdar",M50-54,133,Open,France,1:06:05,8:10,5:28:14,5:51,4:35:46,11:24:06
1525,291,"Bode, Andreas",M60-64,18,Open,Germany,1:12:30,5:11,5:44:59,4:11,4:18:25,11:25:16
1526,1592,"Shallcross, Joanna",F40-44,56,Female,United Kingdom,1:12:30,4:03,5:33:31,4:44,4:30:47,11:25:35
1527,345,"Tremaine, Vincent",M60-64,19,Open,Australia,1:14:13,5:55,5:27:43,6:07,4:31:42,11:25:40
1528,536,"Hepworth, Margaret",F55-59,5,Female,United States,1:08:34,5:00,5:40:52,6:03,4:25:44,11:26:13
1529,1577,"Bradley, Meagan",F40-44,57,Female,United States,58:07,3:44,5:25:00,4:02,4:55:40,11:26:33
1530,863,"Pizzini, Mina",F50-54,14,Female,United States,1:06:15,4:56,5:30:05,4:13,4:41:04,11:26:33
1531,423,"Wisot, Jeff",M55-59,64,Open,United States,1:24:20,5:55,5:39:31,4:45,4:12:20,11:26:51
1532,980,"Hickey, Michael",M45-49,226,Open,United States,1:13:00,4:26,5:22:29,4:43,4:42:25,11:27:03
1533,1605,"Nagima, Kerimbayeva",F40-44,58,Female,Kazakhstan,1:16:11,4:26,5:41:48,4:24,4:20:26,11:27:15
1534,778,"Peron, Lucien",M50-54,134,Open,Canada,1:08:39,8:04,5:34:30,6:08,4:29:55,11:27:16
1535,604,"Dru Drury, Edward G",M50-54,135,Open,United Kingdom,1:22:06,7:03,5:36:26,7:00,4:14:44,11:27:19
1536,472,"Shimizu, Masato",M55-59,65,Open,Japan,1:27:15,6:16,5:38:26,6:07,4:09:32,11:27:36
1537,293,"Daily, Ned",M60-64,20,Open,United States,1:24:41,6:59,5:29:29,6:32,4:20:04,11:27:45
1538,435,"Joyce, Steve",M55-59,66,Open,New Zealand,1:16:47,4:15,5:30:26,6:04,4:30:44,11:28:16
1539,1182,"Harz, Susanne",F45-49,41,Female,Germany,1:21:53,4:57,5:49:30,4:50,4:07:08,11:28:18
1540,1500,"Oishi, Jefferson",M40-44,225,Open,Brazil,1:11:17,5:10,5:57:45,3:24,4:10:57,11:28:33
1541,1607,"Perez, Tatum",F40-44,59,Female,United States,1:10:05,6:27,6:13:37,6:05,3:52:20,11:28:34
1542,457,"Cho, Junghyun",M55-59,67,Open,Korea,1:15:08,6:24,5:24:46,6:19,4:36:06,11:28:43
1543,452,"Yamauchi, Akio",M55-59,68,Open,Japan,1:45:22,11:15,5:27:55,7:57,3:56:20,11:28:49
1544,1334,"Berger, Georg",M40-44,226,Open,Austria,1:14:38,4:21,5:33:16,4:22,4:32:16,11:28:53
1545,2461,"Fox, Thomas",M50-54,136,Open,Germany,1:23:40,6:08,5:18:19,6:13,4:34:35,11:28:55
1546,113,"Ahmed, Andaloussi",MPC,,Open,France,1:08:51,3:09,7:21:35,3:14,2:52:26,11:29:15
1547,349,"Zoch, Roger",M60-64,21,Open,Germany,1:17:53,5:26,5:32:25,5:02,4:28:59,11:29:45
1548,2196,"Tobar, Cintia",F30-34,53,Female,Brazil,1:14:39,3:14,6:11:53,2:45,3:57:31,11:30:02
1549,1085,"Armstrong, Michael",M45-49,227,Open,United States,1:21:01,6:11,5:48:40,8:44,4:05:29,11:30:05
1550,2160,"Murphy, Meleah",F30-34,54,Female,United States,1:08:48,4:04,5:46:12,4:54,4:26:09,11:30:07
1551,1903,"Wong Diaz, Inés Adriana",F35-39,57,Female,Mexico,1:15:51,4:19,5:48:18,4:16,4:17:26,11:30:10
1552,2431,"Saussus, Ophelie",F18-24,18,Female,Belgium,1:06:46,3:31,5:51:33,4:16,4:24:13,11:30:19
1553,812,"Mclaughlan, Joanne",F50-54,15,Female,Australia,1:11:01,3:44,5:25:54,3:20,4:46:51,11:30:50
1554,1516,"Skoda, Ronald",M40-44,227,Open,United States,1:38:02,3:37,5:30:50,5:04,4:13:42,11:31:15
1555,312,"Girardi, Bruno",M60-64,22,Open,France,1:18:01,4:25,5:12:10,5:19,4:51:26,11:31:21
1556,1603,"Longchamp, Caroline",F40-44,60,Female,Canada,1:29:16,3:24,5:39:23,3:57,4:15:42,11:31:42
1557,311,"Dr. Drechsel, Uwe",M60-64,23,Open,Germany,1:25:07,3:48,5:29:22,5:22,4:28:21,11:32:00
1558,1358,"Moynihan, Jon",M40-44,228,Open,United States,1:04:39,6:24,5:58:07,6:10,4:16:58,11:32:18
1559,1164,"Thomsen, Keld",M45-49,228,Open,Denmark,1:05:52,3:54,4:58:15,5:37,5:18:56,11:32:34
1560,2203,"Koning, Heather",F30-34,55,Female,United States,1:11:09,5:52,5:34:07,6:50,4:35:13,11:33:11
1561,284,"Monica, Tom",M60-64,24,Open,United States,1:00:56,5:26,5:33:58,6:27,4:46:54,11:33:41
1562,516,"Puig Bell-lloch, Josep Maria",M55-59,69,Open,Spain,1:29:45,6:47,5:39:23,5:42,4:12:07,11:33:44
1563,616,"Jones, Mark",M50-54,137,Open,United Kingdom,1:18:39,6:32,5:25:19,7:26,4:35:49,11:33:45
1564,2470,"Avila, Anthony",M50-54,138,Open,United States,1:20:11,5:42,5:27:59,8:05,4:31:56,11:33:53
1565,1174,"Carpenter, Rebecca",F45-49,42,Female,United States,57:04,3:31,5:24:12,4:26,5:04:54,11:34:07
1566,2364,"Chow, Lara",F25-29,41,Female,Canada,1:16:13,6:58,5:49:56,5:11,4:15:52,11:34:10
1567,787,"Salvi, Tony",M50-54,139,Open,United States,1:36:13,9:55,5:40:13,8:14,3:59:51,11:34:26
1568,1545,"Frank, Monika",F40-44,61,Female,Switzerland,1:18:24,4:59,5:56:24,4:12,4:10:49,11:34:48
1569,1615,"Bozena, Jaskowska",F40-44,62,Female,Poland,1:15:57,4:54,5:49:15,5:53,4:18:58,11:34:57
1570,410,"Marchiori, Thomas Marco",M55-59,70,Open,Italy,1:22:20,4:27,5:42:03,4:35,4:21:35,11:35:00
1571,2441,"Frähmcke, Nathalie",F18-24,19,Female,Germany,1:17:53,2:45,5:46:09,3:45,4:24:30,11:35:02
1572,1216,"Whaanga, Katrina",F45-49,43,Female,New Zealand,1:08:50,5:06,5:41:19,6:36,4:33:22,11:35:13
1573,541,"Moen, Kristi",F55-59,6,Female,United States,1:16:46,4:59,5:58:25,5:19,4:09:48,11:35:17
1574,1185,"Ines Villaverde, Maria",F45-49,44,Female,Argentinia,1:33:30,6:20,5:50:01,6:47,3:58:46,11:35:24
1575,2349,"Bader, Clara-Maria",F25-29,42,Female,Germany,1:03:26,3:56,5:56:35,4:11,4:27:34,11:35:42
1576,397,"Burke, Mark",M55-59,71,Open,New Zealand,1:12:13,4:56,5:20:58,5:01,4:52:34,11:35:42
1577,309,"Cuthbertson, Andrew",M60-64,25,Open,Canada,1:03:13,5:28,5:51:27,7:37,4:28:16,11:36:01
1578,298,"Ikeda, Tomoshige",M60-64,26,Open,Japan,1:21:48,5:44,5:49:00,6:24,4:13:06,11:36:02
1579,438,"Moncada, Thierry",M55-59,72,Open,Canada,1:28:49,6:11,5:23:48,7:01,4:30:25,11:36:14
1580,814,"Nagle, Melinda",F50-54,16,Female,United States,1:10:41,5:44,5:36:09,5:05,4:38:51,11:36:30
1581,608,"Gerber, Chris",M50-54,140,Open,Switzerland,1:10:32,6:13,5:36:32,6:07,4:37:28,11:36:52
1582,276,"Drapella, Dariusz",M60-64,27,Open,Poland,1:13:01,2:49,5:35:15,3:36,4:42:13,11:36:54
1583,677,"Sanks, Derrek",M50-54,141,Open,United States,1:26:07,4:30,5:44:51,5:14,4:16:16,11:36:58
1584,850,"Fragnière, Karine",F50-54,17,Female,Switzerland,1:18:17,5:47,5:50:27,3:40,4:18:53,11:37:04
1585,1635,"Wardrope, Kate",F40-44,63,Female,Australia,1:08:39,6:05,5:38:40,5:22,4:38:31,11:37:17
1586,2463,"Streetman, Dan",M50-54,142,Open,United States,1:20:25,4:25,5:07:23,5:00,5:00:11,11:37:24
1587,993,"Mariotte, Christophe",M45-49,229,Open,France,1:08:15,5:16,5:14:32,7:03,5:02:28,11:37:34
1588,2182,"Ott, Melanie",F30-34,56,Female,United States,1:16:19,5:51,5:50:29,5:06,4:19:55,11:37:40
1589,2177,"Libach, Charlotte",F30-34,57,Female,Denmark,1:05:26,4:35,5:27:33,5:06,4:55:02,11:37:42
1590,740,"Fairbanks, Daniel",M50-54,143,Open,United States,55:19,6:57,5:21:35,8:23,5:05:36,11:37:50
1591,1104,"Giaconia, Mauro",M45-49,230,Open,Italy,59:09,5:28,5:28:46,6:48,4:57:40,11:37:51
1592,225,"Kinneman, Tom",M65-69,2,Open,United States,1:17:38,6:38,5:56:37,4:35,4:12:47,11:38:15
1593,1395,"Debaere, Steven",M40-44,229,Open,Belgium,1:10:16,4:31,5:10:35,6:22,5:06:42,11:38:26
1594,844,"Van Den Boogert, Margareth",F50-54,18,Female,Netherlands,1:12:59,5:20,6:00:11,5:29,4:14:44,11:38:43
1595,208,"Ireland, Len",M65-69,3,Open,Canada,1:26:20,4:56,5:26:40,5:17,4:35:53,11:39:06
1596,1370,"Simsuangco, Noriel",M40-44,230,Open,Philippines,1:33:57,7:06,5:34:04,5:15,4:18:58,11:39:20
1597,1886,"Kuenzel, Leila",F35-39,58,Female,Germany,1:09:33,3:56,5:29:48,3:19,4:52:45,11:39:21
1598,470,"Quelier, Denny",M55-59,73,Open,France,1:05:07,5:16,5:35:44,5:28,4:47:49,11:39:24
1599,1704,"VALENCIA, JUAN",M35-39,207,Open,Colombia,53:43,4:32,4:41:01,3:07,5:57:27,11:39:50
1600,549,"Herbold, Andrea",F55-59,7,Female,Germany,1:21:12,4:06,5:59:18,5:01,4:10:15,11:39:52
1601,1248,"Pompay, Karen",F45-49,45,Female,United States,1:11:29,6:42,6:00:39,5:10,4:16:07,11:40:07
1602,524,"Schiller Thompson Flores, Claudio",M55-59,74,Open,Brazil,1:06:32,5:45,5:33:32,7:33,4:47:00,11:40:22
1603,1947,"Shaw, Karen",F35-39,59,Female,Australia,1:20:16,5:33,5:43:05,7:05,4:24:28,11:40:27
1604,498,"Hooper, Michael",M55-59,75,Open,United Kingdom,1:05:47,5:11,5:33:28,8:10,4:47:54,11:40:30
1605,2345,"Tercek, Alison",F25-29,43,Female,United States,1:07:56,4:48,5:37:26,4:22,4:46:09,11:40:41
1606,2010,"Zeledon, Rodolfo",M30-34,174,Open,Costa Rica,1:07:37,3:39,5:34:24,5:07,4:50:41,11:41:28
1607,1533,"Alberti, Vanusa",F40-44,64,Female,Brazil,1:21:10,7:32,6:06:57,6:41,3:59:17,11:41:37
1608,395,"Abedumdelima, Ernesto",M55-59,76,Open,Mexico,1:20:52,5:19,5:29:45,10:10,4:35:35,11:41:41
1609,351,"Daggett, Julia",F60-64,1,Female,United States,1:21:10,4:26,5:52:33,3:46,4:19:49,11:41:44
1610,2344,"Tan, Wenjuan",F25-29,44,Female,China,1:36:31,3:51,5:43:52,4:53,4:12:38,11:41:45
1611,2184,"Bennett, Rebecca",F30-34,58,Female,United Kingdom,1:04:18,3:36,5:38:05,4:17,4:51:33,11:41:49
1612,951,"Thompson, Wes",M45-49,231,Open,Australia,1:05:26,3:22,5:04:17,2:51,5:25:57,11:41:53
1613,2334,"Costa, Natally",F25-29,45,Female,Brazil,1:15:17,6:00,6:05:07,4:10,4:11:20,11:41:54
1614,1598,"Bolvin, Erica",F40-44,65,Female,United States,1:07:13,5:03,6:16:35,4:42,4:08:31,11:42:04
1615,2264,"Silver, Zack",M25-29,96,Open,United States,1:06:18,6:10,6:04:12,5:57,4:19:48,11:42:25
1616,502,"Lüscher, Dieter",M55-59,77,Open,Switzerland,1:25:51,5:25,5:38:44,6:30,4:26:00,11:42:30
1617,1902,"Whittington, Cassie",F35-39,60,Female,United States,1:09:23,3:35,5:58:33,3:52,4:27:24,11:42:47
1618,409,"Lehrieder, Gerald",M55-59,78,Open,Germany,1:29:46,5:20,5:48:23,3:51,4:15:28,11:42:48
1619,1196,"Vogt, Tine",F45-49,46,Female,Germany,1:08:27,4:50,5:54:26,5:26,4:29:39,11:42:48
1620,374,"Wiley, Jane",F60-64,2,Female,United Kingdom,1:22:59,5:49,5:47:48,4:43,4:21:35,11:42:54
1621,1231,"Rocha, Flavia",F45-49,47,Female,Brazil,1:04:58,5:40,5:49:52,6:37,4:36:00,11:43:07
1622,1210,"Mckenna Schmitt, Heidi",F45-49,48,Female,United States,1:11:53,3:43,5:55:38,5:37,4:26:24,11:43:15
1623,204,"Valena, Tomas",M65-69,4,Open,Australia,1:21:56,4:37,5:51:34,4:07,4:21:07,11:43:21
1624,1604,"Molesworth, Lilian",F40-44,66,Female,Australia,1:22:44,3:51,5:56:21,4:30,4:15:56,11:43:22
1625,1209,"Lawrence, Fiona",F45-49,49,Female,Australia,1:09:19,4:38,5:46:03,5:18,4:38:06,11:43:24
1626,278,"Gallo, Oscar",M60-64,28,Open,Argentinia,1:21:18,2:54,5:55:46,4:11,4:19:23,11:43:32
1627,1517,"Snead, Christopher",M40-44,231,Open,United States,1:17:27,5:53,5:38:12,7:30,4:34:57,11:43:59
1628,995,"Nunez, Juan",M45-49,232,Open,Spain,1:02:53,3:52,5:31:37,7:55,4:57:45,11:44:02
1629,1477,"Jensen, Gary",M40-44,232,Open,United States,1:07:21,3:43,5:34:43,5:14,4:53:06,11:44:07
1630,729,"Bregenzer, Alexander",M50-54,144,Open,Austria,1:01:29,3:05,5:13:39,4:45,5:21:18,11:44:16
1631,2351,"Flores Márquez, Carime",F25-29,46,Female,Mexico,1:07:52,4:49,5:33:45,5:17,4:52:47,11:44:30
1632,1574,"Ait Kabboura, Kiram",F40-44,67,Female,Belgium,1:19:59,4:55,5:40:19,5:07,4:34:17,11:44:37
1633,2401,"Paulsen, Daniel",M18-24,34,Open,Denmark,1:03:11,2:55,5:16:09,7:43,5:14:57,11:44:55
1634,2452,"Shipulina, Tatiana",F18-24,20,Female,Russia,1:21:05,2:49,5:36:21,4:09,4:40:38,11:45:02
1635,1335,"Bernard, Jonathan",M40-44,233,Open,Canada,1:19:43,6:12,5:25:15,7:29,4:46:44,11:45:23
1636,826,"Houseaux, Caterine",F50-54,19,Female,France,1:16:16,3:50,5:34:25,10:40,4:40:15,11:45:26
1637,1848,"Liu, Ning Ning",M35-39,208,Open,China,1:28:05,5:41,5:33:28,6:50,4:31:24,11:45:28
1638,1217,"Zucht, Marla",F45-49,50,Female,Canada,1:19:34,4:19,5:52:11,4:23,4:25:07,11:45:34
1639,2100,"Cullier, Antoine",M30-34,175,Open,France,1:23:01,7:17,5:36:31,9:45,4:29:12,11:45:46
1640,2421,"Diaz Sebriano, Guadalupe",F18-24,21,Female,Argentinia,1:03:12,2:28,6:30:05,12:48,3:57:36,11:46:09
1641,346,"Vrbanac, Michael",M60-64,29,Open,United States,1:06:40,3:56,5:23:08,23:30,4:49:11,11:46:25
1642,655,"Deaustria, Dj",M50-54,145,Open,United States,1:11:18,5:32,5:47:03,6:58,4:35:40,11:46:31
1643,2465,"Vanichkachorn, Jed",M45-49,233,Open,United States,1:19:09,6:48,5:49:57,6:00,4:24:40,11:46:34
1644,1220,"Cancroft, Kerry",F45-49,51,Female,United States,1:18:35,4:12,5:39:48,4:14,4:39:46,11:46:35
1645,1239,"Garcia, Gabriela",F45-49,52,Female,Mexico,1:22:30,4:33,6:07:37,3:58,4:08:02,11:46:40
1646,429,"Curtin, Paul",M55-59,79,Open,United States,1:22:31,8:53,5:35:44,8:38,4:31:03,11:46:49
1647,2410,"Karr, Ryan",M18-24,35,Open,United States,1:13:24,4:50,5:19:02,5:46,5:04:32,11:47:34
1648,1570,"Vande Kerckhove, Annick",F40-44,68,Female,Belgium,1:16:07,3:44,5:40:05,5:46,4:42:17,11:47:59
1649,1811,"Dejongh, Bob",M35-39,209,Open,Belgium,1:12:29,4:55,5:45:18,7:55,4:37:28,11:48:05
1650,1259,"Berredo, Pedro",M40-44,234,Open,Brazil,1:01:39,3:27,5:01:45,6:21,5:35:26,11:48:38
1651,1565,"Sagrero Rodriguez, Rosa Isela",F40-44,69,Female,Mexico,1:11:49,6:58,5:53:50,3:49,4:32:23,11:48:49
1652,2034,"Jacinto, Brandon",M30-34,176,Open,United States,1:05:21,4:15,5:21:50,8:09,5:09:15,11:48:50
1653,335,"Muijs, Leendert",M60-64,30,Open,Netherlands,1:11:15,3:41,5:31:21,7:36,4:55:19,11:49:12
1654,1905,"Brannigan, Jessica",F35-39,61,Female,United States,1:09:10,5:21,5:46:08,8:01,4:40:42,11:49:22
1655,327,"Jonker, Michiel",M60-64,31,Open,Belgium,1:13:41,8:04,5:37:26,9:09,4:41:11,11:49:31
1656,999,"Porter, Brett",M45-49,234,Open,United States,1:08:06,4:56,5:52:53,6:30,4:37:35,11:50:00
1657,892,"Cormier, Renaud",M45-49,235,Open,France,1:04:58,3:49,5:09:09,6:14,5:26:08,11:50:18
1658,1609,"Whitmore, Tarryn",F40-44,70,Female,Australia,1:04:00,3:26,5:39:28,4:02,5:00:09,11:51:05
1659,621,"Lundberg, Dave",M50-54,146,Open,United States,1:04:53,4:16,5:22:11,4:19,5:15:31,11:51:10
1660,1544,"Florea, Shannon",F40-44,71,Female,United States,1:08:07,4:37,6:15:29,7:44,4:15:21,11:51:18
1661,710,"Præstholm, Jan",M50-54,147,Open,Denmark,1:10:13,4:00,5:17:28,6:06,5:13:37,11:51:24
1662,1568,"Swinson, Renee",F40-44,72,Female,United States,1:24:11,3:42,5:39:18,3:22,4:41:11,11:51:44
1663,1913,"Osborn, Kristen",F35-39,62,Female,United States,1:08:08,4:07,5:56:11,5:25,4:38:01,11:51:52
1664,513,"Pilcher, Steve",M55-59,80,Open,Australia,1:13:36,4:11,5:39:48,5:04,4:49:13,11:51:52
1665,2191,"Ozçelik, Sedef",F30-34,59,Female,Turkey,1:14:44,4:00,6:18:55,7:29,4:06:50,11:51:58
1666,2337,"James, Elizabeth",F25-29,47,Female,United States,1:19:36,6:29,5:53:31,4:50,4:27:33,11:51:59
1667,575,"Kuitse, Amy",F55-59,8,Female,United States,1:16:56,5:37,6:07:30,5:27,4:16:36,11:52:06
1668,1478,"Johnston, Roy",M40-44,235,Open,United States,1:15:28,4:20,5:46:54,6:00,4:39:25,11:52:07
1669,2348,"Axfors, Cathrine",F25-29,48,Female,Sweden,1:06:46,8:38,5:42:10,6:24,4:48:12,11:52:10
1670,2473,"Crouser, Mark",M50-54,148,Open,United States,1:12:48,6:09,5:40:53,8:36,4:44:03,11:52:29
1671,431,"Glynn, Tom",M55-59,81,Open,United States,1:24:56,6:50,5:45:32,4:28,4:30:58,11:52:44
1672,1172,"Blanco, Jordan",F45-49,53,Female,United Kingdom,1:10:54,5:56,5:22:30,7:43,5:05:42,11:52:45
1673,722,"Ball, Duncan",M50-54,149,Open,Canada,1:24:30,4:51,5:23:20,9:30,4:50:39,11:52:50
1674,1518,"Steele, Ben",M40-44,236,Open,Australia,1:17:06,5:41,5:44:18,10:08,4:35:49,11:53:02
1675,528,"Tye, Graham",M55-59,82,Open,United Kingdom,1:15:44,7:33,5:46:20,7:03,4:36:28,11:53:08
1676,1930,"Bund, Sara",F35-39,63,Female,Germany,1:11:35,5:46,6:12:35,5:28,4:17:45,11:53:09
1677,201,"Scott, Frederick",M65-69,5,Open,United States,1:16:30,4:57,5:25:52,3:14,5:02:47,11:53:20
1678,798,"Wallack, Neil",M50-54,150,Open,United States,1:09:27,9:39,5:37:33,10:56,4:45:51,11:53:26
1679,1540,"Ekström, Maria",F40-44,73,Female,Sweden,1:30:31,4:07,5:55:08,3:58,4:19:42,11:53:26
1680,1579,"Brown, Ani Karina",F40-44,74,Female,Philippines,1:08:16,3:47,5:45:42,6:04,4:49:55,11:53:44
1681,659,"Giguere, John",M50-54,151,Open,Canada,1:28:35,11:04,5:29:46,5:09,4:40:01,11:54:35
1682,2477,"Dieckmann, Lars",M40-44,237,Open,Germany,1:37:46,4:36,5:20:11,6:02,4:46:05,11:54:40
1683,2397,"Hegenbarth, Amadeus",M18-24,36,Open,Germany,1:00:43,3:44,4:59:11,6:10,5:45:10,11:54:58
1684,821,"Tuchner, Debra",F50-54,20,Female,Canada,1:10:49,4:05,6:03:40,3:46,4:32:38,11:54:58
1685,169,"Knuckey, Bob",M70-74,1,Open,Canada,1:18:12,5:08,5:47:37,5:29,4:38:37,11:55:03
1686,848,"Coeck, Inge",F50-54,21,Female,Belgium,1:15:33,4:35,5:40:38,5:40,4:48:39,11:55:05
1687,665,"Leal, Jose",M50-54,152,Open,Guatemala,1:11:13,4:20,5:25:12,4:03,5:10:18,11:55:06
1688,603,"Doi, Keish",M50-54,153,Open,United States,1:08:48,2:35,4:55:16,4:29,5:44:03,11:55:11
1689,1733,"Lemesev, Pavel",M35-39,210,Open,Russia,1:02:15,7:36,5:16:10,12:02,5:17:11,11:55:14
1690,296,"Dye, Michael",M60-64,32,Open,Australia,1:09:40,7:17,6:01:29,5:00,4:31:54,11:55:20
1691,445,"Saussus, Phil",M55-59,83,Open,Belgium,1:20:04,6:31,5:50:19,4:52,4:33:52,11:55:38
1692,845,"Vincel, Renee",F50-54,22,Female,United States,1:24:28,4:03,5:47:36,5:44,4:33:56,11:55:47
1693,1010,"Temme, Travis",M45-49,236,Open,Australia,1:04:37,6:23,5:15:30,5:50,5:23:44,11:56:04
1694,534,"Davidson, Jackie",F55-59,9,Female,Canada,1:23:47,4:13,6:14:47,4:07,4:10:06,11:57:00
1695,841,"Serreyn, Tracy",F50-54,23,Female,United States,1:16:26,4:38,6:11:22,6:03,4:18:46,11:57:15
1696,414,"Ortiz, Vincent",M55-59,84,Open,United States,1:22:00,5:52,5:41:56,9:14,4:38:31,11:57:33
1697,1581,"Dasso, Sara",F40-44,75,Female,United States,1:11:35,5:13,5:43:46,6:29,4:50:31,11:57:34
1698,2422,"Ellis, Taylor",F18-24,22,Female,United States,1:08:24,4:58,6:11:31,3:55,4:28:51,11:57:39
1699,2286,"Austin, Drake",M25-29,97,Open,United States,1:19:21,4:31,6:15:11,8:38,4:10:01,11:57:42
1700,275,"Black, Larry",M60-64,33,Open,United States,57:58,4:38,5:33:03,6:04,5:16:02,11:57:45
1701,1472,"Hough, Jeremy",M40-44,238,Open,United States,1:14:58,5:04,5:53:03,7:16,4:37:25,11:57:46
1702,2471,"Deer, Tim",M50-54,154,Open,United States,1:34:21,7:15,6:05:23,5:28,4:05:53,11:58:20
1703,274,"Berg, Kevin",M60-64,34,Open,United States,1:08:29,7:15,5:48:58,7:00,4:46:49,11:58:31
1704,306,"Suzuki, Shigy",M60-64,35,Open,United States,1:10:43,5:08,5:50:51,6:35,4:45:29,11:58:46
1705,1949,"Yekaterina, Shatnaya",F35-39,64,Female,Kazakhstan,1:06:22,3:31,5:36:11,7:09,5:05:48,11:59:01
1706,322,"Box, Tom",M60-64,36,Open,United States,1:11:14,4:42,6:00:30,6:24,4:36:21,11:59:11
1707,741,"Finn, Sean",M50-54,155,Open,Ireland,1:27:16,5:53,5:48:30,9:03,4:28:37,11:59:19
1708,1608,"Sirivongs, Tassawan",F40-44,76,Female,Thailand,1:04:24,8:31,6:14:15,5:13,4:26:57,11:59:20
1709,1232,"Shinagawa, Takako",F45-49,54,Female,Japan,1:13:10,4:54,6:20:36,5:56,4:14:57,11:59:33
1710,854,"Kaltenbaugh, Ann",F50-54,24,Female,United States,1:06:11,4:08,5:38:30,3:53,5:07:07,11:59:49
1711,1623,"Keenan, Rebecca",F40-44,77,Female,United States,1:01:38,4:26,6:21:45,6:26,4:25:53,12:00:08
1712,1806,"Calzado Peco, Francisco",M35-39,211,Open,Spain,1:19:01,5:16,6:04:31,6:26,4:24:56,12:00:10
1713,1559,"Netto, Laurie-Ann",F40-44,78,Female,United States,1:16:22,6:43,6:15:59,6:05,4:15:03,12:00:12
1714,804,"Clarke, Angela",F50-54,25,Female,Australia,1:05:42,6:09,6:10:37,7:00,4:30:50,12:00:18
1715,1194,"Tikhonovich, Irina",F45-49,55,Female,Russia,1:26:42,4:12,5:54:24,4:46,4:30:52,12:00:56
1716,456,"Bruelhart, Martin Daniel",M55-59,85,Open,Switzerland,1:22:01,7:53,6:19:10,7:07,4:04:53,12:01:04
1717,811,"Lawrence, Patti",F50-54,26,Female,United States,1:27:03,6:30,5:47:26,7:45,4:32:50,12:01:34
1718,1822,"Hassan, Saif",M35-39,212,Open,Canada,1:21:03,5:49,5:52:32,4:51,4:37:26,12:01:41
1719,1555,"Lepisto, Jenna",F40-44,79,Female,United States,1:03:09,13:34,5:58:36,5:21,4:41:10,12:01:50
1720,1098,"Drewitz, Ralf",M45-49,237,Open,Germany,1:40:04,7:49,5:37:03,8:46,4:28:43,12:02:25
1721,114,"Garcia, Daniel",MPC,,Open,United States,1:20:24,3:40,7:16:17,12:43,3:09:24,12:02:28
1722,1234,"Annebäck, Malin",F45-49,56,Female,Sweden,1:19:40,6:05,6:03:41,9:16,4:23:49,12:02:31
1723,523,"Santos, Paulo",M55-59,86,Open,Portugal,1:19:07,5:01,5:40:01,7:50,4:50:45,12:02:44
1724,235,"Halttunen, Arthur",M65-69,6,Open,United States,1:05:29,4:42,5:47:29,2:57,5:02:41,12:03:18
1725,715,"Woodhouse, Craig",M50-54,156,Open,United States,1:15:28,6:06,5:51:52,8:07,4:41:53,12:03:26
1726,1793,"Woodward, Brian",M35-39,213,Open,United States,1:14:36,3:54,5:33:08,5:52,5:06:05,12:03:35
1727,1235,"Caspary, Cirstin",F45-49,57,Female,Germany,1:16:42,5:56,5:51:06,6:18,4:43:45,12:03:47
1728,1879,"Fages, Perrine",F35-39,65,Female,France,1:20:29,3:40,5:56:35,5:00,4:38:04,12:03:48
1729,1141,"Pfeffer, Thomas",M45-49,238,Open,Germany,1:12:06,3:14,5:55:55,6:15,4:47:04,12:04:34
1730,1621,"Gardiner, Sydney",F18-24,23,Female,United States,58:49,4:32,6:22:08,7:19,4:31:47,12:04:35
1731,1207,"Holt, Wendy",F45-49,58,Female,Australia,1:20:08,4:20,6:25:10,4:17,4:10:44,12:04:39
1732,422,"Viana, Carlos",M55-59,87,Open,Brazil,1:11:29,6:53,5:59:49,9:08,4:37:46,12:05:05
1733,1178,"Fanti, Paula",F45-49,59,Female,Argentinia,1:22:44,4:23,6:06:11,5:06,4:27:00,12:05:24
1734,333,"Montreuil, Carol",M60-64,37,Open,Canada,1:27:27,4:12,5:52:52,8:01,4:32:58,12:05:30
1735,560,"Tamson, Karen",F55-59,10,Female,United States,1:08:14,4:28,6:06:31,5:33,4:41:00,12:05:46
1736,602,"Charles, Andrew",M50-54,157,Open,Australia,1:11:13,6:45,6:08:33,5:29,4:33:57,12:05:57
1737,569,"Åstrand, Annika",F55-59,11,Female,Sweden,1:04:18,5:16,6:10:25,4:20,4:42:04,12:06:23
1738,1569,"Toyokawa, Yuki",F40-44,80,Female,Japan,1:16:24,5:12,6:28:34,6:14,4:10:07,12:06:31
1739,535,"Gannon, Elizabeth",F55-59,12,Female,United Kingdom,1:27:10,5:12,6:01:28,5:12,4:27:34,12:06:36
1740,1399,"Ge, Wei",M40-44,239,Open,China,1:21:28,10:02,5:56:32,11:28,4:27:22,12:06:52
1741,1823,"Hejlskov, Keld",M35-39,214,Open,Denmark,1:31:54,7:28,5:49:27,6:53,4:31:25,12:07:07
1742,2106,"Fernandez Roman, Vicente Ramon",M30-34,177,Open,Spain,1:09:17,3:50,6:01:29,3:09,4:49:32,12:07:17
1743,441,"Rehle, Bernhard",M55-59,88,Open,Germany,1:25:23,5:25,5:34:41,5:16,4:56:40,12:07:25
1744,1589,"Peltier, Sarah",F40-44,81,Female,United States,1:15:47,4:32,5:42:10,6:10,4:58:58,12:07:37
1745,777,"Pearce, Adrian",M50-54,158,Open,Australia,1:08:28,5:12,5:43:13,4:07,5:06:50,12:07:50
1746,288,"Weigert, Uwe",M60-64,38,Open,Germany,1:18:52,3:40,5:24:59,5:49,5:14:41,12:08:01
1747,144,"Hefti, Hermann",M70-74,2,Open,Switzerland,1:28:16,5:27,5:48:48,7:35,4:38:02,12:08:08
1748,358,"Moss, Julie",F60-64,3,Female,United States,1:03:29,7:00,6:03:01,3:58,4:51:12,12:08:40
1749,243,"Robinson, Kim",M65-69,7,Open,Canada,1:13:02,6:00,5:55:42,8:10,4:45:48,12:08:42
1750,1578,"Bross, Amy",F40-44,82,Female,United States,1:16:58,5:30,5:26:47,9:29,5:10:00,12:08:44
1751,959,"Sandoval Velazquez, Jose Alejandro",M45-49,239,Open,Mexico,1:07:51,7:41,6:07:47,8:25,4:37:15,12:08:59
1752,1163,"Thompson, Niall",M45-49,240,Open,Australia,1:17:25,6:15,5:52:08,6:23,4:46:49,12:09:00
1753,2138,"Zhang, Yu Xuan",M30-34,178,Open,China,1:29:11,6:50,6:15:30,5:42,4:11:52,12:09:05
1754,203,"Smith, Robert",M65-69,8,Open,United States,1:27:21,5:34,5:33:00,6:33,4:56:48,12:09:16
1755,2453,"Swiatek, Erin",F18-24,24,Female,United States,1:20:26,4:00,6:30:19,5:10,4:09:27,12:09:22
1756,795,"Thursting, Wayne",M50-54,159,Open,United Kingdom,1:10:22,3:50,4:47:26,3:23,6:04:22,12:09:23
1757,840,"Redmond, Lisa",F50-54,27,Female,Australia,1:16:10,8:53,6:03:20,8:00,4:33:23,12:09:46
1758,2442,"Guex, Celine",F18-24,25,Female,Switzerland,59:31,4:56,5:47:10,7:29,5:10:45,12:09:51
1759,209,"Marin Sospedra, Jose",M65-69,9,Open,Spain,1:43:11,6:37,5:58:35,5:36,4:15:57,12:09:56
1760,2048,"Peed, Shane",M30-34,179,Open,United States,1:25:30,5:04,5:30:24,5:56,5:03:16,12:10:10
1761,803,"Anderson, Judy",F50-54,28,Female,United States,1:08:44,6:07,6:02:12,6:16,4:46:51,12:10:10
1762,1152,"Schoch, Markus",M45-49,241,Open,Germany,1:15:12,4:56,6:14:06,6:52,4:29:09,12:10:15
1763,2131,"Oberhof, Wanja",M30-34,180,Open,Germany,1:25:45,8:25,5:35:37,9:29,4:51:04,12:10:20
1764,1547,"Guilloux Reynaud, Sonia",F40-44,83,Female,France,1:16:04,6:21,6:05:10,7:39,4:35:20,12:10:34
1765,851,"Haensel, Christina",F50-54,29,Female,Germany,1:19:24,7:32,6:10:50,5:58,4:27:01,12:10:45
1766,962,"Belcher, Mark",M45-49,242,Open,United States,1:22:29,8:05,5:23:12,8:08,5:09:20,12:11:14
1767,806,"Desrochers, Christine",F50-54,30,Female,United States,1:28:04,4:43,5:59:00,3:38,4:35:56,12:11:21
1768,2382,"Guinchard, Loic",M18-24,37,Open,Switzerland,55:17,4:13,5:09:50,10:05,5:51:58,12:11:23
1769,2231,"Pasch, Philip",M25-29,98,Open,Germany,1:08:13,4:44,6:36:44,3:46,4:18:09,12:11:36
1770,200,"Sosa, Raul",M55-59,89,Open,United States,1:21:43,7:36,5:37:19,11:06,4:54:05,12:11:49
1771,280,"Green, Frank",M60-64,39,Open,United States,1:13:23,8:06,5:40:24,8:25,5:01:35,12:11:53
1772,393,"Wojtasinski, Nelly",F60-64,4,Female,France,1:19:39,4:15,5:37:41,4:24,5:06:36,12:12:35
1773,538,"Janelle, Betty",F55-59,13,Female,United States,58:20,4:46,5:49:50,8:13,5:11:34,12:12:43
1774,1526,"West, Andrew",M40-44,240,Open,United Kingdom,1:22:21,8:09,5:52:07,7:02,4:43:05,12:12:44
1775,867,"Swistak, Natalie",F50-54,31,Female,United States,1:15:33,4:20,5:58:55,5:55,4:48:49,12:13:32
1776,1230,"Platel, Helen",F45-49,60,Female,United Kingdom,1:34:30,6:43,5:54:25,8:14,4:30:28,12:14:20
1777,1473,"Huang, Dongwen",M40-44,241,Open,China,1:21:25,6:53,5:55:37,8:08,4:43:02,12:15:05
1778,1866,"Tai, Dex",M35-39,215,Open,Singapore,1:29:28,4:01,6:28:32,5:17,4:08:10,12:15:28
1779,304,"Miffand, Jean-Luc",M60-64,40,Open,France,1:42:31,5:58,5:58:08,5:40,4:23:17,12:15:34
1780,2481,"Vara, Veronica",F40-44,84,Female,Argentinia,1:28:29,4:58,6:21:37,5:16,4:15:18,12:15:38
1781,1484,"Lepps, Owen",M40-44,242,Open,Canada,59:06,4:41,5:53:26,5:33,5:13:15,12:16:01
1782,673,"Nadarajah, Kanagarajah",M50-54,160,Open,Singapore,1:31:15,5:54,5:55:45,6:48,4:36:38,12:16:20
1783,1507,"Ramirez Bernal, Cesar",M40-44,243,Open,Mexico,1:31:22,5:00,6:16:40,7:03,4:16:18,12:16:23
1784,2387,"Shively, Cody",M18-24,38,Open,United States,1:10:51,4:37,5:52:26,4:32,5:04:30,12:16:56
1785,366,"Griffith, Amy",F60-64,5,Female,United States,1:14:37,4:41,6:05:00,7:22,4:45:18,12:16:58
1786,1086,"Aubonnet, Christophe",M45-49,243,Open,France,1:22:21,5:09,5:49:04,5:09,4:55:21,12:17:04
1787,436,"Krebs, Jeff",M55-59,90,Open,United States,1:43:59,5:24,6:15:35,5:06,4:07:08,12:17:12
1788,448,"Skov, Charly",M55-59,91,Open,Denmark,1:18:44,6:48,5:28:16,9:27,5:14:13,12:17:28
1789,695,"Ehrke, Nils",M50-54,161,Open,Germany,1:16:18,6:13,5:03:09,7:23,5:44:35,12:17:38
1790,459,"Doerks, Henry",M55-59,92,Open,Germany,1:31:43,4:35,5:31:25,5:41,5:04:31,12:17:55
1791,1554,"Knott, Mary",F40-44,85,Female,United States,1:01:08,3:56,5:42:31,8:10,5:22:25,12:18:10
1792,805,"Cole, Miriam",F50-54,32,Female,United States,1:21:07,4:36,5:37:13,8:48,5:06:40,12:18:24
1793,458,"Dandurand, Yves",M55-59,93,Open,Canada,1:24:09,6:57,6:15:58,6:21,4:26:01,12:19:26
1794,1080,"Wakahara, Shingo",M45-49,244,Open,Japan,1:04:05,4:12,5:39:55,6:30,5:25:11,12:19:53
1795,553,"Mcclelland, Narelle",F55-59,14,Female,Australia,1:21:13,5:55,5:49:00,6:09,4:57:56,12:20:13
1796,443,"Rubalcava, Jose Alberto",M55-59,94,Open,Mexico,1:18:56,5:55,5:48:28,7:22,4:59:40,12:20:21
1797,2372,"Jukes, Lucinda",F25-29,49,Female,United Kingdom,1:11:00,6:44,6:00:37,9:19,4:52:46,12:20:26
1798,866,"Rudolph-Meier, Marietheres",F50-54,33,Female,Germany,1:22:56,5:11,6:11:18,4:15,4:36:50,12:20:30
1799,1483,"Leano, Paolo",M40-44,244,Open,Philippines,1:17:42,9:38,6:15:28,9:07,4:28:38,12:20:33
1800,545,"White, Janie",F55-59,15,Female,United States,1:15:45,4:55,5:59:33,5:57,4:54:31,12:20:41
1801,1218,"Behme, Caroline",F45-49,61,Female,United States,1:06:20,6:15,5:45:00,9:12,5:13:55,12:20:42
1802,1337,"Cotton, Jon",M40-44,245,Open,United States,1:17:23,7:51,5:37:11,12:57,5:05:22,12:20:44
1803,2178,"Lin, Nina",F30-34,60,Female,China,1:11:51,6:12,6:03:11,5:35,4:53:57,12:20:46
1804,858,"Nilk, Merle",F50-54,34,Female,Estonia,1:30:35,7:48,6:04:53,5:34,4:32:25,12:21:15
1805,110,"Jordan, Bob",M65-69,10,Open,United States,1:21:07,6:10,5:47:15,7:44,4:59:30,12:21:46
1806,733,"Chafer, Andrew",M50-54,162,Open,Australia,1:26:16,4:02,5:54:54,6:16,4:50:40,12:22:08
1807,828,"Matsui, Yoko",F50-54,35,Female,Japan,1:20:51,6:56,6:32:47,8:37,4:13:12,12:22:23
1808,552,"Kennedy, Siobhan",F55-59,16,Female,Ireland,1:35:53,6:02,6:12:31,10:16,4:18:06,12:22:48
1809,2161,"Noya, Daniela",F30-34,61,Female,Bolivia,1:25:31,4:46,6:02:39,4:37,4:45:32,12:23:05
1810,871,"Westerfeld, Sabine Hildegard",F50-54,36,Female,Germany,1:28:03,7:19,6:17:13,3:55,4:26:40,12:23:10
1811,1228,"Niederau, Annette",F45-49,62,Female,Germany,1:31:11,6:08,5:47:43,6:34,4:51:45,12:23:21
1812,420,"Thomas, Dan",M55-59,95,Open,United States,1:09:47,3:46,5:46:51,4:28,5:18:39,12:23:31
1813,1460,"Fei, Fu",M40-44,246,Open,China,1:28:05,3:39,5:47:54,6:52,4:57:06,12:23:36
1814,598,"Cabos, German",M50-54,163,Open,Argentinia,1:35:51,6:47,6:27:31,7:14,4:06:20,12:23:43
1815,1875,"Anderson, Adriana",F35-39,66,Female,United States,1:29:15,4:56,5:44:10,7:20,4:58:05,12:23:46
1816,1252,"Tomlinson, Lucy",F45-49,63,Female,United Kingdom,1:09:34,5:36,6:26:15,5:25,4:37:03,12:23:53
1817,872,"Wheeler, Emma",F50-54,37,Female,United Kingdom,1:11:43,4:39,6:08:59,4:19,4:54:41,12:24:21
1818,2142,"Ash, Jamie",F30-34,62,Female,United States,1:04:28,4:43,6:05:25,5:01,5:05:09,12:24:46
1819,433,"Hoskens, Rudy",M55-59,96,Open,Belgium,1:27:05,5:19,6:03:59,6:55,4:41:31,12:24:49
1820,684,"Vega, Alvaro",M50-54,164,Open,United States,1:32:48,8:09,6:00:20,7:12,4:36:55,12:25:24
1821,540,"Matsalla, Catherine",F55-59,17,Female,Canada,1:20:10,4:12,6:06:25,7:19,4:47:31,12:25:37
1822,1117,"Kapel, Anton",M45-49,245,Open,Australia,1:13:46,7:31,5:23:00,9:19,5:32:10,12:25:46
1823,230,"Breznikar, Branko",M65-69,11,Open,Slovenia,59:33,4:53,5:45:34,6:28,5:29:33,12:26:01
1824,1614,"Bova, Lee",F40-44,86,Female,Australia,1:08:04,6:29,6:35:26,6:26,4:29:44,12:26:09
1825,342,"Rosengarten, Gary",M60-64,41,Open,Australia,1:16:58,8:33,6:19:11,8:40,4:32:56,12:26:18
1826,537,"Irby, Della",F55-59,18,Female,United States,1:36:14,4:18,6:08:13,3:56,4:34:11,12:26:52
1827,1035,"Franks, Paul",M45-49,246,Open,Australia,1:17:13,7:47,6:06:08,8:05,4:47:48,12:27:01
1828,1089,"Berrospi, Juan",M45-49,247,Open,Peru,1:20:06,5:45,5:49:12,7:02,5:05:07,12:27:12
1829,583,"Soegaard, Karina",F55-59,19,Female,Denmark,1:19:34,5:35,6:07:31,3:31,4:51:17,12:27:28
1830,667,"Mcdiarmid, James",M50-54,165,Open,United Kingdom,1:50:57,9:56,5:22:33,10:20,4:53:43,12:27:29
1831,2478,"Graff, Jamie",M40-44,247,Open,United States,1:15:06,5:28,5:47:44,6:37,5:12:49,12:27:44
1832,1587,"Mckenzie, Michelle",F40-44,87,Female,United States,1:19:37,5:08,6:22:32,5:55,4:34:32,12:27:44
1833,641,"Vocking, Peter",M50-54,166,Open,Netherlands,1:11:48,4:19,5:17:34,6:56,5:47:30,12:28:07
1834,1863,"Smith, Sean",M35-39,216,Open,United States,1:30:13,6:24,6:00:57,5:40,4:45:00,12:28:14
1835,862,"Pauer, Gabriele",F50-54,38,Female,Austria,1:11:55,7:38,6:05:57,4:13,4:58:46,12:28:29
1836,2378,"Ishida, Nagiho",F25-29,50,Female,Unknown,1:00:10,3:05,6:08:49,9:01,5:07:31,12:28:36
1837,2205,"Lorenzen, Gyde",F30-34,63,Female,Germany,1:48:15,3:53,6:04:01,4:03,4:28:26,12:28:38
1838,253,"Lestrange, Missy",F65-69,1,Female,United States,1:11:54,4:37,6:02:33,6:13,5:03:26,12:28:43
1839,699,"Höiom, Runar",M50-54,167,Open,Sweden,1:10:15,4:20,5:35:00,14:19,5:24:55,12:28:49
1840,793,"Tabacek, Steven",M50-54,168,Open,United States,1:22:17,7:50,5:37:25,8:34,5:12:51,12:28:57
1841,832,"Peters, Karin",F50-54,39,Female,United States,2:03:49,4:28,5:47:55,4:08,4:29:03,12:29:23
1842,745,"Gonzalez, Glenn",M50-54,169,Open,Philippines,1:12:26,6:56,5:37:12,10:03,5:23:15,12:29:52
1843,819,"Seiler, Ulrike",F50-54,40,Female,Germany,1:20:03,3:54,5:51:56,5:56,5:08:18,12:30:07
1844,570,"Bastian, Kerstin",F55-59,20,Female,Germany,1:19:43,6:46,6:17:33,6:09,4:40:14,12:30:25
1845,565,"Mcmaster, Sue",F55-59,21,Female,New Zealand,1:07:02,5:09,5:55:28,6:35,5:16:16,12:30:30
1846,116,"Ratacheski, Diogo",MPC,,Open,Brazil,1:37:55,4:59,6:44:04,4:55,3:59:45,12:31:38
1847,836,"Thompson, Chris",F50-54,41,Female,Australia,1:26:51,4:52,6:21:42,6:28,4:31:47,12:31:40
1848,1450,"Chmielewski, Piotr",M40-44,248,Open,Poland,1:10:14,5:46,5:28:35,7:35,5:39:31,12:31:41
1849,175,"Pitman, Allan",M70-74,3,Open,Australia,1:17:17,3:09,6:21:28,4:01,4:45:56,12:31:51
1850,315,"Kriening, Tony",M60-64,42,Open,Australia,1:13:44,7:54,5:59:24,6:38,5:04:16,12:31:56
1851,1495,"Nelson, John",M40-44,249,Open,Australia,1:17:13,4:10,5:32:32,6:19,5:32:49,12:33:03
1852,1201,"bikof, mania - maria",F45-49,64,Female,Greece,1:11:18,3:45,6:15:47,4:38,4:57:35,12:33:03
1853,1213,"Schoeni, Sandra",F45-49,65,Female,Switzerland,1:21:47,3:57,5:51:22,5:02,5:11:14,12:33:22
1854,815,"Parr, Kathleen",F50-54,42,Female,United States,1:12:54,7:06,6:19:24,7:56,4:46:04,12:33:24
1855,1622,"Heisler, Felicia",F40-44,88,Female,United States,1:22:38,3:58,5:53:51,6:24,5:07:15,12:34:06
1856,313,"Jensen, Ib Erik",M60-64,43,Open,Denmark,1:22:13,4:25,5:48:53,7:15,5:11:33,12:34:19
1857,1014,"Van Loon, Cornee",M45-49,248,Open,Netherlands,1:10:02,6:27,6:07:08,8:29,5:03:14,12:35:20
1858,1610,"Allott, Juanita",F40-44,89,Female,Australia,1:18:06,7:02,6:34:49,6:32,4:28:58,12:35:27
1859,675,"Pritchard-Howarth, Martin",M50-54,170,Open,United Kingdom,1:20:47,6:46,6:04:43,5:47,4:57:31,12:35:34
1860,556,"Polehoykie, Barbara",F55-59,22,Female,Canada,1:20:14,4:47,6:10:31,7:00,4:53:58,12:36:30
1861,1109,"Haig, Johnny",M45-49,249,Open,Australia,1:24:39,8:06,5:50:06,8:05,5:05:39,12:36:35
1862,1064,"Roncska, Robert",M45-49,250,Open,United States,1:19:55,5:17,5:59:06,4:20,5:08:21,12:36:59
1863,551,"Kaczor, Julie",F55-59,23,Female,United States,1:22:50,5:45,6:04:59,6:25,4:58:05,12:38:04
1864,1105,"Gibson, Martin",M45-49,251,Open,United States,1:22:21,7:54,6:01:55,8:05,4:58:16,12:38:31
1865,543,"Shiba, Yoko",F55-59,24,Female,Japan,1:27:24,7:33,6:34:46,8:15,4:20:43,12:38:41
1866,466,"Kiser, Rich",M55-59,97,Open,United States,1:11:41,5:35,6:15:54,6:47,4:58:45,12:38:42
1867,461,"Hay, David",M55-59,98,Open,Australia,1:07:50,2:33,6:16:51,4:54,5:06:48,12:38:56
1868,316,"Ross, Scott",M60-64,44,Open,United States,1:17:24,9:20,6:21:18,9:06,4:42:05,12:39:13
1869,2213,"Ya-Ting, Chuang",F30-34,64,Female,Taiwan,1:34:59,6:40,6:26:14,6:33,4:24:52,12:39:18
1870,2409,"Hauser, David",M18-24,39,Open,United States,1:35:31,8:34,6:19:54,6:53,4:29:05,12:39:57
1871,1910,"Kahkonen, Anna-Maria",F35-39,67,Female,Finland,1:08:46,4:30,5:48:49,6:29,5:31:23,12:39:57
1872,2198,"Calman, Kirsty",F30-34,65,Female,New Zealand,1:15:27,2:55,6:12:44,3:34,5:05:24,12:40:04
1873,104,"Bullen, David",M50-54,171,Open,New Zealand,1:15:30,6:09,5:49:08,7:37,5:21:47,12:40:11
1874,809,"Ford, Susan",F50-54,43,Female,United States,1:19:28,5:15,6:19:12,7:25,4:49:11,12:40:31
1875,561,"Bae, Me-Kyoung",F55-59,25,Female,Korea,1:29:09,6:34,6:17:05,5:06,4:42:54,12:40:48
1876,194,"Austin, John",M65-69,12,Open,United States,1:40:22,6:06,6:07:56,5:02,4:41:27,12:40:53
1877,802,"Akerberg, Susanne",F50-54,44,Female,Sweden,1:37:24,6:23,5:43:22,5:37,5:08:13,12:40:59
1878,865,"Ropka, Jennifer",F50-54,45,Female,United States,1:10:47,8:05,6:36:54,9:13,4:37:12,12:42:11
1879,859,"Nilsson, Åsa",F50-54,46,Female,Sweden,1:35:20,6:51,5:53:35,6:44,5:00:35,12:43:05
1880,770,"Millar, Garth",M50-54,172,Open,Canada,1:16:56,8:37,6:01:11,6:56,5:09:56,12:43:36
1881,417,"Porter, Stuart",M55-59,99,Open,United States,1:31:19,4:18,5:36:13,4:30,5:28:37,12:44:57
1882,847,"Cinter, Jo",F50-54,47,Female,United States,1:14:13,5:37,6:29:05,7:22,4:49:15,12:45:32
1883,1208,"Kawatani, Yoko",F45-49,66,Female,Japan,1:37:46,4:22,6:15:53,5:47,4:41:47,12:45:35
1884,576,"Lafrance, Linda",F55-59,26,Female,Canada,1:19:46,6:02,6:25:44,5:46,4:48:22,12:45:40
1885,160,"Butterworth, Simon",M70-74,4,Open,United States,1:21:58,5:17,5:50:23,6:38,5:21:32,12:45:48
1886,2426,"Tichenor, Taylor",F18-24,26,Female,United States,1:03:24,5:58,6:28:48,4:21,5:03:31,12:46:02
1887,557,"Reed, Pam",F55-59,27,Female,United States,1:28:15,6:22,6:26:15,6:30,4:38:51,12:46:13
1888,1103,"Garcia, Marcos",M45-49,252,Open,Mexico,1:33:02,6:24,6:03:40,11:02,4:52:07,12:46:15
1889,914,"Lott, Jon",M45-49,253,Open,United States,1:12:31,5:41,5:53:14,6:55,5:28:36,12:46:57
1890,294,"Davis, Michael",M60-64,45,Open,United States,1:29:20,6:03,5:57:18,5:26,5:10:39,12:48:46
1891,2210,"Shi, Lina",F30-34,66,Female,China,1:05:53,5:50,5:57:22,9:07,5:30:52,12:49:04
1892,2193,"Robinson, Mary",F30-34,67,Female,United States,1:08:54,4:25,5:52:53,8:03,5:35:02,12:49:17
1893,2457,"Dauber, Paul",M55-59,100,Open,United States,1:13:18,5:55,5:14:40,8:20,6:08:09,12:50:22
1894,1925,"Wei-Ting, Liu",F35-39,68,Female,Taiwan,1:26:25,5:18,6:04:11,14:18,5:00:19,12:50:31
1895,206,"Bakken, Asbjoern",M65-69,13,Open,Norway,1:24:27,4:58,5:43:39,7:42,5:29:45,12:50:31
1896,2446,"Matsufuji, Akari",F18-24,27,Female,Japan,1:20:26,4:39,6:20:00,8:19,4:57:12,12:50:36
1897,2439,"Bello, Zoe",F18-24,28,Female,Venezuela,1:08:44,2:55,5:55:55,5:52,5:37:11,12:50:37
1898,774,"Ostrander, George",M50-54,173,Open,United States,1:21:24,6:05,5:50:16,12:01,5:20:58,12:50:44
1899,302,"Macnaughton, Peter",M60-64,46,Open,United Kingdom,1:05:20,6:12,5:34:14,8:59,5:56:26,12:51:11
1900,586,"Young, Lee-Anne",F55-59,28,Female,New Zealand,1:20:29,6:27,6:45:32,9:22,4:29:32,12:51:22
1901,1242,"Kim, Youngsun",F45-49,67,Female,Korea,1:42:29,6:27,6:06:53,7:12,4:48:21,12:51:22
1902,176,"Renato Machado Gomes, Luiz",M70-74,5,Open,Brazil,1:14:54,6:06,6:07:24,7:54,5:15:32,12:51:50
1903,1179,"Gemmell, Michelle",F45-49,68,Female,Australia,1:15:47,5:32,6:12:27,7:12,5:11:00,12:51:58
1904,772,"Oldenburg, Christoph",M50-54,174,Open,Germany,1:17:17,6:17,5:22:20,10:40,5:55:57,12:52:31
1905,2480,"Zych, Mark",M40-44,250,Open,United States,1:26:17,5:55,5:52:07,8:12,5:20:07,12:52:38
1906,463,"Hoerandner, Guenter",M55-59,101,Open,Austria,1:08:42,3:33,5:18:03,6:45,6:16:17,12:53:20
1907,396,"Boyes, David",M55-59,102,Open,Australia,1:08:28,2:36,5:36:06,5:25,6:01:24,12:53:59
1908,533,"Z'Berg, Ernst",M55-59,103,Open,Switzerland,1:26:04,9:13,5:50:48,7:00,5:20:59,12:54:04
1909,843,"Tanabe, Rio",F50-54,48,Female,Japan,1:28:31,6:55,6:46:51,6:28,4:26:29,12:55:14
1910,830,"Paez, Claudia Elena",F50-54,49,Female,Argentinia,1:24:02,5:51,6:32:33,8:14,4:44:41,12:55:21
1911,816,"Rea, Jennifer",F50-54,50,Female,United States,1:21:45,6:19,6:13:22,10:15,5:03:55,12:55:36
1912,563,"Maclaurin, Roxanne",F55-59,29,Female,Canada,1:20:27,4:21,5:54:05,6:00,5:30:47,12:55:40
1913,501,"Leske, Ray",M55-59,104,Open,United States,1:21:06,6:02,6:22:27,7:07,4:59:00,12:55:42
1914,1110,"Heard, Samuel",M45-49,254,Open,Australia,1:18:41,9:21,5:51:42,8:03,5:28:22,12:56:09
1915,601,"Carrillo, Leo",M50-54,175,Open,United States,1:06:51,6:29,5:14:06,6:35,6:22:47,12:56:48
1916,572,"Evans, Susan",F55-59,30,Female,Canada,1:27:34,7:31,6:26:56,8:44,4:46:04,12:56:49
1917,767,"Matthews, Tim",M50-54,176,Open,United States,1:20:07,3:47,5:47:42,6:41,5:38:43,12:57:00
1918,1932,"Holmer, Linda",F35-39,69,Female,Sweden,1:30:50,7:10,6:44:50,7:27,4:26:46,12:57:03
1919,813,"Minagawa, Akiko",F50-54,51,Female,Japan,1:45:33,11:18,6:34:39,9:05,4:16:51,12:57:26
1920,223,"Howse, Jon",M65-69,14,Open,Australia,1:08:52,5:43,6:09:07,8:49,5:25:07,12:57:38
1921,229,"Bentele, Rene",M65-69,15,Open,Switzerland,1:51:23,9:31,5:50:36,9:13,4:57:51,12:58:34
1922,1456,"Zhenhuan, Ding",M40-44,251,Open,China,1:49:50,9:34,6:15:43,6:33,4:37:31,12:59:11
1923,1160,"Strolz, Ortwin",M45-49,255,Open,Austria,1:20:22,5:43,5:55:19,7:47,5:30:19,12:59:30
1924,1942,"Reinhart, Rebecca",F35-39,70,Female,United States,1:17:14,6:41,6:02:56,12:10,5:20:44,12:59:45
1925,1106,"Gildea, Scott",M45-49,256,Open,United States,1:19:49,9:03,5:45:25,13:11,5:34:07,13:01:35
1926,2405,"Drake, Wolfgang",M18-24,40,Open,United States,58:59,4:24,6:24:17,8:21,5:26:16,13:02:17
1927,460,"Gallegos, Roberto",M55-59,105,Open,Mexico,1:46:17,6:20,6:00:27,8:48,5:00:43,13:02:35
1928,864,"Puumala, Sari",F50-54,52,Female,Finland,1:16:49,5:01,6:25:26,6:04,5:09:27,13:02:47
1929,491,"Fisch, Michael",M55-59,106,Open,United States,1:18:45,6:01,6:31:48,7:08,4:59:26,13:03:08
1930,197,"Clark, Chris",M65-69,16,Open,Canada,1:20:05,6:38,6:07:27,9:23,5:19:39,13:03:12
1931,656,"Di Guiseppe, Louis",M50-54,177,Open,United States,1:05:33,5:29,5:39:15,5:34,6:07:46,13:03:37
1932,671,"Muirhead, Graeme",M50-54,178,Open,United Kingdom,1:26:11,6:46,6:28:49,6:04,4:55:54,13:03:44
1933,1108,"Green, Mike",M45-49,257,Open,United States,1:26:55,6:37,6:08:07,8:02,5:14:26,13:04:07
1934,690,"Bordiga, Mirko",M50-54,179,Open,Italy,1:41:40,10:15,6:16:45,10:24,4:45:23,13:04:27
1935,122,"Manser, Erich",MPC,,Open,United States,1:05:14,5:37,5:40:56,9:52,6:03:02,13:04:41
1936,219,"Broadley, Greg",M65-69,17,Open,Australia,1:13:36,5:41,6:03:26,5:19,5:37:28,13:05:30
1937,834,"Rentch, Jennifer",F50-54,53,Female,United States,1:15:14,5:48,6:06:49,7:18,5:30:28,13:05:37
1938,141,"Plant, Robert",M75-79,1,Open,United States,1:31:38,4:58,6:22:23,4:36,5:02:28,13:06:03
1939,1765,"Gardner, Aaron",M35-39,217,Open,United States,1:28:57,8:55,6:07:51,9:31,5:10:52,13:06:06
1940,782,"Provoost, Peter",M50-54,180,Open,Belgium,1:21:33,14:16,6:40:18,11:47,4:39:12,13:07:06
1941,1090,"Broadley, Paul",M45-49,258,Open,Australia,1:23:12,6:01,5:44:55,9:11,5:43:56,13:07:15
1942,314,"Kim, Baek Woon",M60-64,47,Open,Korea,1:24:49,7:51,6:11:44,9:56,5:13:01,13:07:21
1943,1575,"Albarote, Lezette",F40-44,90,Female,Philippines,1:36:50,7:16,6:43:07,5:26,4:35:14,13:07:53
1944,1754,"Zhang, Yu",M35-39,218,Open,China,1:54:14,9:23,6:07:19,8:35,4:48:29,13:08:00
1945,547,"Flannigan, Suzanne",F55-59,31,Female,Canada,1:16:17,6:22,6:38:15,7:25,5:00:16,13:08:35
1946,511,"Pearce, Malc",M55-59,107,Open,United Kingdom,1:02:00,7:45,6:20:49,6:33,5:31:45,13:08:52
1947,352,"Hart, Ellen",F60-64,6,Female,United States,1:21:23,6:01,6:02:37,7:02,5:34:18,13:11:21
1948,522,"Saadus, Allan",M55-59,108,Open,United States,1:09:39,6:26,6:04:56,9:37,5:41:33,13:12:11
1949,2357,"Molenda, Charlotte",F25-29,51,Female,United States,59:16,6:53,6:36:43,7:56,5:21:34,13:12:22
1950,1138,"Patel, Pankaj",M45-49,259,Open,New Zealand,1:48:52,7:31,6:02:07,8:00,5:06:33,13:13:03
1951,324,"Davies, Matthew",M60-64,48,Open,Australia,1:15:15,6:05,6:13:30,5:44,5:33:16,13:13:50
1952,337,"Northwood, Neil",M60-64,49,Open,South Africa,1:28:40,5:05,6:19:03,4:23,5:16:48,13:13:59
1953,232,"Butts, Thomas",M65-69,18,Open,United States,1:10:31,8:16,6:29:57,6:47,5:18:44,13:14:15
1954,388,"Mcdonald, Mary",F60-64,7,Female,United States,1:18:11,5:08,6:27:27,6:33,5:16:57,13:14:16
1955,415,"Passinger, Michael",M55-59,109,Open,Germany,1:36:05,5:54,6:39:39,7:45,4:44:59,13:14:22
1956,1799,"Baker, Luke",M35-39,219,Open,United Kingdom,1:27:07,7:36,6:28:16,14:29,4:57:10,13:14:38
1957,486,"Chamberlain, Graeme",M55-59,110,Open,Australia,1:20:12,8:32,6:12:19,12:15,5:22:29,13:15:47
1958,380,"Hardwick, Frances",F60-64,8,Female,Canada,1:24:02,5:50,6:11:42,9:28,5:24:53,13:15:55
1959,392,"Tettenborn, Barbara",F60-64,9,Female,Switzerland,1:10:41,5:28,6:28:51,6:08,5:25:21,13:16:29
1960,299,"Johnsen, John",M60-64,50,Open,United States,1:22:56,5:17,6:01:27,8:00,5:39:04,13:16:44
1961,1759,"Calimano, Chris",M35-39,220,Open,United States,1:33:32,6:40,6:50:59,5:44,4:40:02,13:16:57
1962,494,"Giblin, Daniel",M55-59,111,Open,United States,1:37:03,7:05,6:26:15,7:10,5:00:20,13:17:53
1963,1059,"Ochoa, Humberto",M45-49,260,Open,United States,1:24:33,7:10,6:20:16,8:08,5:19:14,13:19:21
1964,350,"Craig, Cary",F60-64,10,Female,United States,1:30:38,5:57,6:19:44,10:17,5:12:59,13:19:35
1965,2355,"Kim, Namin",F25-29,52,Female,Korea,1:18:06,4:41,6:43:56,8:03,5:04:59,13:19:45
1966,2437,"Antonov, Vera",F18-24,29,Female,Sweden,1:28:26,5:09,6:35:54,7:57,5:03:46,13:21:12
1967,558,"Sasaki, Miki",F55-59,32,Female,Japan,1:22:56,5:47,6:39:39,7:29,5:05:33,13:21:24
1968,1741,"Mullan, William",M35-39,221,Open,United States,1:27:02,5:36,6:08:05,5:06,5:35:44,13:21:33
1969,1280,"Evans, Randall",M40-44,252,Open,Australia,1:20:35,6:43,5:28:55,7:15,6:18:46,13:22:14
1970,1625,"Michelmore, Samantha",F40-44,91,Female,United States,1:30:47,6:59,6:43:20,7:41,4:53:53,13:22:40
1971,2133,"Tuttle, Michael",M30-34,181,Open,United States,1:16:52,5:03,5:35:53,8:40,6:16:26,13:22:54
1972,162,"Collins, Andre",M70-74,6,Open,South Africa,2:03:37,4:21,6:12:12,5:26,4:57:32,13:23:08
1973,455,"Bissing, Mark",M55-59,112,Open,United States,1:43:27,9:25,6:00:15,12:16,5:18:08,13:23:31
1974,1827,"Hughes, Kyle",M35-39,222,Open,United States,1:10:24,7:38,5:56:48,9:37,5:59:17,13:23:44
1975,359,"Nelson, Laurelee",F60-64,11,Female,Canada,1:29:33,7:50,6:43:30,10:17,4:52:56,13:24:06
1976,1204,"Earley, Melissa",F45-49,69,Female,United States,1:10:35,6:12,6:12:44,6:21,5:48:28,13:24:20
1977,268,"Keith, Sharon",F65-69,2,Female,United States,1:12:46,5:14,6:20:00,11:31,5:35:14,13:24:45
1978,825,"Heupel, Marketa",F50-54,54,Female,Germany,1:29:54,7:36,6:36:26,10:41,5:00:13,13:24:50
1979,629,"Onishi, Masayuki",M50-54,181,Open,Japan,1:07:05,4:12,5:35:51,11:15,6:27:02,13:25:25
1980,852,"Ireland, Kerry",F50-54,55,Female,Australia,1:13:44,5:51,6:10:29,7:03,5:49:02,13:26:09
1981,379,"Goscomb, Glenda",F60-64,12,Female,United Kingdom,1:38:03,5:44,6:23:27,5:15,5:13:52,13:26:21
1982,1584,"Jacobs, Jessica",F40-44,92,Female,United States,1:13:09,3:11,5:14:21,5:20,6:50:31,13:26:32
1983,365,"Gensior, Berenike",F60-64,13,Female,Germany,1:28:46,5:24,6:41:48,6:25,5:04:31,13:26:54
1984,831,"Palmer, Julie",F50-54,56,Female,United States,1:25:46,6:41,6:30:54,10:01,5:13:39,13:27:01
1985,584,"Tiller, Linni",F55-59,33,Female,Norway,1:27:02,5:01,6:27:01,5:45,5:22:26,13:27:15
1986,149,"Musial, Marek",M70-74,7,Open,Poland,1:32:34,6:28,6:24:37,5:10,5:18:26,13:27:15
1987,178,"Scheibehenne, Hans Guenther",M70-74,8,Open,Germany,1:45:40,4:24,6:44:26,5:58,4:48:10,13:28:38
1988,820,"Stepler, Joan",F50-54,57,Female,United States,1:32:54,5:39,5:54:08,7:56,5:48:58,13:29:35
1989,1470,"Hodgson, Pete",M40-44,253,Open,Australia,58:06,5:30,6:27:51,5:57,5:52:34,13:29:58
1990,1047,"Koenigs, Eric",M45-49,261,Open,United States,1:05:49,6:06,5:51:08,7:40,6:20:00,13:30:43
1991,554,"Miho, Kano",F55-59,34,Female,Japan,1:28:04,8:22,7:01:19,7:38,4:45:38,13:31:01
1992,444,"Salas, Arturo",M55-59,113,Open,Mexico,1:31:13,5:57,6:02:20,7:10,5:44:34,13:31:14
1993,748,"Hall, Brad",M50-54,182,Open,United States,1:13:25,9:32,6:55:55,8:38,5:04:23,13:31:53
1994,244,"Schoonderbeek, Epj",M65-69,19,Open,Netherlands,1:13:14,4:48,6:26:31,6:23,5:41:29,13:32:25
1995,2433,"Tsang, Ka Hung",F18-24,30,Female,Hong Kong,1:11:47,2:49,6:41:33,7:47,5:28:43,13:32:39
1996,363,"Watkins, Ginger",F60-64,14,Female,United States,1:15:02,5:43,6:38:33,8:23,5:25:07,13:32:48
1997,355,"Awad Abed, Maria Desiree",F60-64,15,Female,Mexico,1:29:11,6:31,7:07:06,4:54,4:45:08,13:32:50
1998,1485,"Lewinstein, Marc",M40-44,254,Open,United States,1:21:31,4:48,6:33:42,5:00,5:28:48,13:33:49
1999,356,"Bettencourt, Brenda",F60-64,16,Female,United States,1:19:02,5:30,6:28:13,6:50,5:34:38,13:34:13
2000,769,"Middleton, Jeff",M50-54,183,Open,United States,1:27:09,9:07,6:18:24,12:00,5:27:59,13:34:39
2001,259,"Houbolt, Mary",F65-69,3,Female,United States,1:28:14,6:36,5:39:54,10:24,6:09:41,13:34:49
2002,305,"Shane, Ray",M60-64,51,Open,United States,1:13:25,6:53,5:55:26,8:08,6:11:54,13:35:46
2003,391,"Plager, Grace",F60-64,17,Female,United States,1:38:07,5:18,6:14:10,5:22,5:33:42,13:36:39
2004,136,"Rotondaro, Fidel",M75-79,2,Open,Venezuela,1:20:12,4:34,6:42:13,6:40,5:23:16,13:36:55
2005,319,"Viroli, Vanni",M60-64,52,Open,Italy,1:33:46,9:01,6:27:47,10:36,5:15:56,13:37:06
2006,1116,"Italia, Frederick",M45-49,262,Open,United States,1:47:23,12:03,6:31:04,11:10,4:56:21,13:38:01
2007,838,"Younts, Joanna",F50-54,58,Female,United States,1:19:52,8:14,5:50:20,8:36,6:11:11,13:38:13
2008,215,"Wärnberg, Lars",M65-69,20,Open,Sweden,1:52:15,10:09,6:28:26,9:22,4:58:54,13:39:06
2009,361,"Spicer, Rosie",F60-64,18,Female,Australia,1:30:59,7:57,6:01:42,8:16,5:50:29,13:39:23
2010,242,"Rae, Ken",M65-69,21,Open,Australia,1:14:05,6:18,6:44:20,9:06,5:26:08,13:39:57
2011,1627,"Nowell, Susan",F40-44,93,Female,United States,1:07:56,8:24,6:43:06,12:54,5:28:15,13:40:35
2012,817,"Saldanha, Marilza",F50-54,59,Female,Brazil,1:20:05,6:28,6:31:35,7:54,5:35:00,13:41:02
2013,1245,"Loranger, Mary Ellen",F45-49,70,Female,United States,1:11:58,5:45,6:31:17,6:34,5:46:11,13:41:45
2014,207,"Henry, Max A",M65-69,22,Open,United States,1:09:38,5:52,6:29:55,6:56,5:50:20,13:42:41
2015,727,"Borho, Sven",M50-54,184,Open,Germany,1:38:50,13:30,5:58:29,9:46,5:42:26,13:43:01
2016,2468,"Altayeb, Dina",F45-49,71,Female,Saudi Arabia,1:37:41,14:16,6:44:04,7:20,4:59:53,13:43:14
2017,364,"Wietscher, Antje",F60-64,19,Female,Germany,1:39:27,7:20,6:51:34,8:50,4:56:54,13:44:05
2018,716,"Woolgar, Keith",M50-54,185,Open,United Kingdom,1:11:48,8:27,6:35:44,8:29,5:39:41,13:44:09
2019,128,"Magliulo, Gennaro",M75-79,3,Open,United States,1:56:09,6:26,6:05:07,5:55,5:31:39,13:45:16
2020,869,"Wedgwood, Anna",F50-54,60,Female,United Kingdom,1:45:54,6:24,6:12:19,9:05,5:31:35,13:45:17
2021,1529,"Wyatt, Jarrett",M40-44,255,Open,United States,1:31:40,8:36,5:44:50,8:43,6:11:55,13:45:44
2022,231,"Brockus, Charlie",M65-69,23,Open,United States,1:12:26,4:09,6:07:43,11:02,6:10:40,13:46:00
2023,202,"Simpson, Rick",M65-69,24,Open,United States,1:06:01,2:41,5:40:20,3:35,6:53:24,13:46:01
2024,771,"Nyhus, Greg",M50-54,186,Open,United States,1:08:48,10:49,6:16:38,12:49,5:57:02,13:46:06
2025,370,"Peters, Nancy",F60-64,20,Female,United States,1:26:34,5:26,6:42:16,4:40,5:27:36,13:46:32
2026,1629,"Ramsbey, Nicole",F40-44,94,Female,United States,1:25:43,8:23,6:42:11,8:34,5:22:16,13:47:07
2027,546,"Criado Gamez, Juana",F55-59,35,Female,Spain,1:24:04,6:55,7:06:00,6:24,5:03:51,13:47:14
2028,373,"Sorensen, Michele",F60-64,21,Female,United States,1:30:17,6:05,6:41:18,10:30,5:19:06,13:47:16
2029,559,"Takei, Rikako",F55-59,36,Female,United States,1:20:25,5:26,7:22:42,11:58,4:47:54,13:48:25
2030,381,"Harris, Patricia",F60-64,22,Female,Canada,1:27:32,8:26,6:53:50,9:44,5:09:50,13:49:22
2031,1612,"Bearden, Marcy",F40-44,95,Female,United States,1:04:23,5:06,6:14:29,6:35,6:20:02,13:50:35
2032,711,"Reece, Tommy",M50-54,187,Open,United States,1:43:18,10:10,6:48:10,14:19,4:54:39,13:50:36
2033,172,"Muranaka, Shinichi",M70-74,9,Open,Japan,1:47:57,7:02,6:41:42,6:43,5:07:59,13:51:23
2034,2326,"Jacinth, Jillian",F25-29,53,Female,United States,1:10:07,5:43,6:20:18,11:14,6:04:43,13:52:05
2035,1573,"Adkins, Elizabeth",F40-44,96,Female,United States,1:28:35,8:03,6:46:01,9:30,5:20:33,13:52:42
2036,555,"Nussboum, Mina",F55-59,37,Female,Israel,1:45:46,6:13,6:27:48,6:38,5:26:34,13:52:59
2037,779,"Peterson, Greg",M50-54,188,Open,United States,1:20:19,4:52,5:56:06,15:42,6:16:23,13:53:22
2038,262,"Wendel, Sandra",F65-69,4,Female,United States,1:23:12,5:54,6:45:48,8:38,5:30:17,13:53:49
2039,2451,"Scovel, Shannon",F18-24,31,Female,United States,57:05,6:54,7:26:53,8:12,5:14:49,13:53:53
2040,566,"Sutra, Marianne",F55-59,38,Female,France,1:20:25,4:39,6:30:11,6:49,5:52:32,13:54:36
2041,369,"Morris, Pam",F60-64,23,Female,New Zealand,1:42:48,10:47,6:29:36,4:52,5:26:43,13:54:46
2042,249,"Zafirovski, Mike",M65-69,25,Open,United States,1:22:28,7:24,6:41:19,6:48,5:37:04,13:55:03
2043,1453,"Collins, Matthew",M40-44,256,Open,United States,1:20:21,11:21,6:49:12,17:09,5:17:04,13:55:07
2044,213,"SENA, ROBERTO",M65-69,26,Open,Brazil,1:35:33,8:36,6:46:31,12:34,5:13:21,13:56:35
2045,336,"Myers, Paul",M60-64,53,Open,United States,1:18:15,8:26,6:33:18,7:48,5:48:51,13:56:38
2046,755,"Kessler, Brett",M50-54,189,Open,United States,1:25:20,5:18,6:25:45,9:41,5:50:39,13:56:43
2047,1157,"Shepherd, Paul",M45-49,263,Open,United States,1:46:38,8:04,7:08:02,9:10,4:45:50,13:57:44
2048,1147,"Reese, Matthew",M45-49,264,Open,United States,1:36:39,9:51,6:34:26,11:29,5:26:05,13:58:30
2049,289,"Wortelboer, Willehard",M60-64,54,Open,Netherlands,1:36:31,8:04,6:28:42,8:59,5:37:04,13:59:20
2050,1929,"Boettner, Angie",F35-39,71,Female,United States,1:30:23,6:20,6:57:07,7:30,5:18:07,13:59:27
2051,240,"Müller, Bernd",M65-69,27,Open,Germany,1:45:32,7:34,6:05:16,6:05,5:55:04,13:59:31
2052,251,"Furu, Joanne",F65-69,5,Female,United States,1:38:17,7:05,7:14:30,10:43,4:49:36,14:00:11
2053,330,"Marsden, Philip",M60-64,55,Open,Canada,1:26:41,8:15,6:43:07,11:10,5:31:31,14:00:44
2054,571,"Christensen, Lone",F55-59,39,Female,Denmark,1:35:12,5:50,7:06:36,11:49,5:01:26,14:00:53
2055,789,"Schepis, Craig",M50-54,190,Open,Australia,1:29:59,6:05,5:55:28,6:49,6:22:36,14:00:57
2056,700,"Hoots, Greg",M50-54,191,Open,United States,1:09:12,6:29,5:52:07,9:27,6:44:01,14:01:16
2057,768,"Mcmillin, Kyle",M50-54,192,Open,United States,1:42:44,8:58,6:13:35,9:28,5:46:59,14:01:44
2058,353,"Sophiea, Laura",F60-64,24,Female,United States,1:08:41,5:08,5:47:56,7:44,6:52:16,14:01:45
2059,451,"Walthew, Jeff",M55-59,114,Open,United States,1:30:54,6:11,6:28:59,8:38,5:47:25,14:02:07
2060,362,"Vilanova, Claudia",F60-64,25,Female,El Salvador,1:11:16,5:46,7:03:48,6:36,5:34:57,14:02:23
2061,120,"Hartrick, Glenn",MPC,,Open,United States,1:28:53,9:00,8:00:38,21:42,4:03:18,14:03:31
2062,220,"Dallinger, Tony",M65-69,28,Open,New Zealand,1:30:49,5:00,6:35:00,9:32,5:43:28,14:03:49
2063,2102,"Devlin, Patrick",M30-34,182,Open,United States,1:31:29,8:00,6:13:54,8:58,6:02:11,14:04:32
2064,428,"Colvard, John",M55-59,115,Open,United States,1:33:33,10:13,6:25:55,12:51,5:42:29,14:05:01
2065,2464,"Garthe, David",M45-49,265,Open,United States,1:20:14,5:44,6:19:37,12:03,6:07:37,14:05:15
2066,1226,"Long, Felicia",F45-49,72,Female,Ireland,1:29:42,8:00,6:45:57,7:20,5:34:49,14:05:48
2067,357,"Carson, Barb",F60-64,26,Female,New Zealand,1:36:54,5:14,6:49:24,5:42,5:28:49,14:06:03
2068,567,"Terada, Kaori",F55-59,40,Female,Japan,1:31:12,7:10,7:09:35,12:53,5:05:27,14:06:17
2069,389,"Munton, Deb",F60-64,27,Female,United Kingdom,1:19:47,4:09,6:42:53,5:40,5:54:39,14:07:08
2070,957,"Willerton, Triny",F45-49,73,Female,United States,1:19:36,7:05,6:31:48,11:44,5:57:44,14:07:57
2071,205,"Anders, Ralph",M65-69,29,Open,United States,1:30:26,7:58,6:30:22,16:57,5:42:23,14:08:06
2072,853,"Johnson, Charlotte",F50-54,61,Female,United States,1:28:43,9:24,7:09:26,8:47,5:11:49,14:08:09
2073,210,"Okazaki, Yuichi",M65-69,30,Open,Japan,1:51:04,8:17,7:03:14,6:29,4:59:18,14:08:22
2074,2476,"Gronek, Scott",M45-49,266,Open,United States,1:29:00,5:57,6:33:51,6:35,5:53:21,14:08:44
2075,1872,"Yao, Jian",M35-39,223,Open,China,1:33:55,4:35,7:51:35,8:27,4:30:35,14:09:07
2076,218,"Baert, Marc",M65-69,31,Open,Belgium,1:30:37,7:40,6:20:59,9:47,6:01:52,14:10:55
2077,465,"Key, Robert",M55-59,116,Open,United States,1:23:49,8:08,6:27:42,8:15,6:03:38,14:11:32
2078,833,"Potter, Michele",F50-54,62,Female,United States,1:28:41,5:46,6:50:57,11:41,5:34:46,14:11:51
2079,1225,"Link, Nadine",F45-49,74,Female,United States,1:22:41,7:42,7:22:53,10:25,5:08:36,14:12:17
2080,321,"Ando, Yoshiro",M60-64,56,Open,Japan,1:45:47,6:03,7:01:31,5:52,5:13:16,14:12:29
2081,1158,"Sidor, Kevin",M45-49,267,Open,United States,59:21,7:03,7:00:22,9:53,5:55:58,14:12:37
2082,211,"Olderog, Mark",M65-69,32,Open,United States,1:13:12,8:24,7:07:22,8:07,5:37:14,14:14:19
2083,726,"Borgio, Alessandro",M50-54,193,Open,Italy,1:18:51,8:59,6:24:58,12:50,6:09:08,14:14:46
2084,1934,"Longman, Christina",F35-39,72,Female,United States,1:53:31,6:44,6:37:12,12:49,5:25:02,14:15:18
2085,2137,"YIJUN, Zhang",M30-34,183,Open,China,2:03:37,7:07,7:03:36,8:20,4:52:38,14:15:18
2086,1393,"Christ, Doug",M40-44,257,Open,United States,1:05:10,5:01,5:57:20,10:24,6:57:31,14:15:26
2087,254,"Toth, Jean",F65-69,6,Female,United States,1:22:54,9:53,7:11:09,10:31,5:21:57,14:16:24
2088,245,"Sebastiani, Eugenio",M65-69,33,Open,Italy,1:51:28,6:36,6:50:25,7:15,5:22:08,14:17:52
2089,1171,"Warrington, Wayne",M45-49,268,Open,United States,1:24:10,4:50,6:07:20,6:43,6:35:43,14:18:46
2090,763,"Louhaichy, Zouheir",M50-54,194,Open,Morocco,1:30:24,7:52,6:49:29,13:26,5:38:53,14:20:04
2091,115,"Mcternan, Liz",FPC,,Female,United Kingdom,1:19:54,5:47,8:06:13,7:21,4:41:57,14:21:12
2092,119,"Dias, Alexandre",MPC,,Open,Portugal,1:26:53,3:38,6:40:24,7:31,6:03:22,14:21:48
2093,153,"Evensen, Even",M70-74,10,Open,United States,1:21:27,8:10,6:30:51,10:36,6:11:19,14:22:23
2094,118,"Dell, Chris",MPC,,Open,United States,1:25:14,6:43,6:37:54,10:04,6:02:50,14:22:45
2095,574,"Herrmann, Antje",F55-59,41,Female,Germany,1:37:44,6:26,6:48:07,5:58,5:44:44,14:22:59
2096,562,"Lee, Myeong Soon",F55-59,42,Female,Korea,1:38:43,10:21,6:58:45,12:50,5:22:34,14:23:13
2097,338,"Pilch, Heinrich",M60-64,57,Open,Austria,1:31:05,12:39,6:42:47,11:55,5:45:11,14:23:37
2098,1606,"Nguy, Marie",F40-44,97,Female,France,1:42:12,6:17,7:21:15,9:05,5:05:01,14:23:50
2099,1241,"Johnson, Christa",F45-49,75,Female,United States,1:28:35,7:58,7:03:17,7:37,5:37:09,14:24:36
2100,318,"Tanaka, Nobuyuki",M60-64,58,Open,Japan,1:15:20,5:11,6:04:35,6:25,6:53:18,14:24:49
2101,367,"Hardman, Jackie",F60-64,28,Female,United Kingdom,1:45:42,6:08,7:13:33,5:49,5:13:40,14:24:52
2102,1352,"Mak, Mason",M40-44,258,Open,Hong Kong,1:42:57,17:24,7:06:38,11:39,5:06:24,14:25:02
2103,2444,"Kelemen, Anna",F18-24,32,Female,United States,1:03:18,4:00,6:37:03,6:39,6:34:13,14:25:13
2104,301,"Lopez, Reyes",M60-64,59,Open,United States,1:50:40,5:24,6:45:26,8:30,5:35:14,14:25:14
2105,1820,"Goodall, Michael",M35-39,224,Open,United Kingdom,1:31:08,12:04,6:57:04,17:29,5:29:17,14:27:02
2106,1807,"Cao, Guohui",M35-39,225,Open,China,1:32:12,8:21,6:56:10,8:34,5:42:12,14:27:29
2107,2119,"Lalli, Michael",M30-34,184,Open,United States,1:17:43,9:40,6:54:15,12:39,5:53:18,14:27:35
2108,239,"Knuth, Günther Johannes",M65-69,34,Open,Germany,1:55:19,11:07,6:29:44,8:03,5:43:50,14:28:03
2109,227,"Pelessone, Daniele",M65-69,35,Open,United States,1:47:28,7:48,7:25:09,7:08,5:00:36,14:28:09
2110,103,"Brenke, Rachel",F30-34,68,Female,United States,1:16:13,4:26,7:04:59,7:56,5:54:44,14:28:18
2111,568,"Tonon, Laura Monica",F55-59,43,Female,Argentinia,1:24:10,8:40,6:52:05,12:51,5:51:03,14:28:49
2112,181,"Greenberg, Bobbe",F70-74,1,Female,United States,1:37:39,5:54,7:01:55,7:57,5:35:25,14:28:50
2113,112,"Pease, Kyle",MPC,,Open,United States,1:07:32,5:24,8:22:02,8:08,4:45:53,14:28:59
2114,147,"Kunzi, Hans",M70-74,11,Open,Switzerland,1:27:25,5:29,6:37:16,7:15,6:11:48,14:29:13
2115,1215,"Welker, Molly",F45-49,76,Female,United States,1:39:05,6:21,6:41:15,9:06,5:54:09,14:29:56
2116,135,"Nakata, Hiroshi",M75-79,4,Open,Japan,1:16:51,6:23,7:20:00,6:37,5:40:17,14:30:08
2117,2454,"Weaver, Kate",F18-24,33,Female,Australia,1:19:34,6:05,6:48:26,5:11,6:12:34,14:31:50
2118,329,"Kersch, Tom",M60-64,60,Open,United States,1:07:13,5:25,6:59:17,10:34,6:09:30,14:31:59
2119,372,"Shouksmith, Christine",F60-64,29,Female,New Zealand,1:26:25,6:20,6:50:02,9:18,5:59:54,14:31:59
2120,1146,"Ramos, Daniel",M45-49,269,Open,Puerto Rico,1:25:29,5:41,6:21:11,6:23,6:33:26,14:32:10
2121,427,"Carr, Matthew",M55-59,117,Open,United States,1:21:32,6:12,7:06:13,5:43,5:53:08,14:32:48
2122,1528,"Wu, Wenhui",M40-44,259,Open,China,1:38:16,10:43,6:40:52,15:26,5:48:05,14:33:22
2123,171,"Munemasa, Yoshihito",M70-74,12,Open,Japan,1:45:54,6:58,7:14:26,5:24,5:21:01,14:33:43
2124,145,"Hochstrasser, Max",M70-74,13,Open,Switzerland,1:30:41,12:24,6:30:56,13:59,6:06:02,14:34:02
2125,228,"Scott, Robert",M65-69,36,Open,United States,1:25:22,8:08,6:49:41,9:26,6:01:36,14:34:13
2126,582,"Shinoda, Noriko",F55-59,44,Female,Japan,1:21:56,6:18,7:20:55,8:03,5:38:03,14:35:15
2127,212,"Panichi, Claudio",M65-69,37,Open,Italy,1:27:13,5:59,5:57:54,5:49,6:58:47,14:35:42
2128,161,"Chiarello, Greg",M70-74,14,Open,United States,1:38:44,5:31,7:11:52,5:45,5:34:08,14:36:00
2129,1817,"Faucheaux, Blair",M35-39,226,Open,United States,1:24:32,7:02,6:28:19,9:48,6:26:32,14:36:13
2130,185,"Goodyear, Cullen",F70-74,2,Female,Canada,1:22:54,6:16,6:44:25,12:09,6:10:29,14:36:13
2131,1521,"Tegeder, Joe",M40-44,260,Open,United States,1:07:42,12:31,6:47:31,11:13,6:17:39,14:36:36
2132,720,"Andersson, Mats",M50-54,195,Open,Sweden,1:28:31,8:58,6:42:12,15:48,6:01:32,14:37:01
2133,842,"Smith, Karen",F50-54,63,Female,United States,1:38:26,7:23,7:09:33,7:15,5:34:29,14:37:06
2134,757,"Lane, Richard",M50-54,196,Open,Australia,1:26:15,8:35,7:20:42,8:09,5:33:38,14:37:19
2135,165,"Hashimoto, Takio",M70-74,15,Open,Japan,1:47:46,8:26,6:43:10,8:44,5:49:31,14:37:37
2136,143,"Bourdillon, Patrick",M70-74,16,Open,United States,1:40:14,6:58,6:46:50,7:37,5:56:56,14:38:35
2137,1830,"Johansen, Tyler",M35-39,227,Open,United States,1:28:55,10:28,6:22:57,8:03,6:28:16,14:38:39
2138,984,"Nguy, Huuphoc",M45-49,270,Open,France,1:38:46,24:41,7:21:18,9:12,5:04:53,14:38:50
2139,829,"Minakata, Atsuko",F50-54,64,Female,Japan,1:37:08,11:00,6:47:02,9:12,5:54:59,14:39:21
2140,111,"Reinertsen, Sarah",FPC,,Female,United States,1:21:09,5:02,7:09:05,6:01,5:59:47,14:41:04
2141,190,"Grundy, Anne",F70-74,3,Female,Australia,1:30:36,6:17,7:09:16,8:31,5:48:02,14:42:42
2142,1244,"Lobo, Sylvia Ludmila",F45-49,77,Female,Mexico,1:26:49,6:51,6:37:42,9:00,6:22:38,14:43:00
2143,390,"Norris, Melonie",F60-64,30,Female,United States,1:29:18,8:16,7:14:19,9:40,5:42:50,14:44:23
2144,1100,"Ernsdorf, Matt",M45-49,271,Open,United States,1:06:36,6:49,6:25:28,13:32,6:52:03,14:44:28
2145,1931,"Dong, Lan",F35-39,73,Female,China,1:36:35,7:18,6:56:12,6:39,5:57:48,14:44:32
2146,1168,"Van Rensburg, Reon",M45-49,272,Open,South Africa,1:25:02,9:00,6:57:31,12:51,6:00:33,14:44:57
2147,310,"Dieckhoff, Thomas",M60-64,61,Open,Germany,1:51:20,10:37,6:27:56,14:25,6:00:58,14:45:16
2148,1212,"Sanabia, Elizabeth",F45-49,78,Female,United States,1:14:08,9:59,6:52:31,11:41,6:17:58,14:46:17
2149,2474,"Edelstein, Gregg",M50-54,197,Open,United States,1:38:40,9:56,6:35:30,8:46,6:15:01,14:47:53
2150,578,"Ledesma, Lisa",F55-59,45,Female,United States,1:29:26,9:01,7:17:14,8:24,5:43:50,14:47:55
2151,1113,"Huang, Qiang",M45-49,273,Open,China,1:26:25,5:51,6:30:12,12:31,6:33:04,14:48:03
2152,394,"Yamaguchi, Yumiko",F60-64,31,Female,Japan,1:48:35,6:29,7:05:34,6:01,5:42:14,14:48:53
2153,198,"Cook, Bruce",M65-69,38,Open,United States,1:23:27,9:24,6:08:39,8:57,6:59:37,14:50:04
2154,347,"Ward, Pat",M60-64,62,Open,United States,1:38:46,7:33,6:37:48,8:51,6:17:26,14:50:24
2155,272,"Walters, Star",F65-69,7,Female,United States,1:46:10,11:18,7:15:59,8:47,5:28:53,14:51:07
2156,2375,"Rice, Carly",F25-29,54,Female,United Kingdom,1:34:28,4:28,7:20:46,6:03,5:49:01,14:54:46
2157,343,"Slovenski, Charles",M60-64,63,Open,Ireland,1:20:53,9:43,7:03:54,10:59,6:09:35,14:55:04
2158,237,"Jovine, Alessandro",M65-69,39,Open,Italy,1:26:23,7:09,7:19:13,10:57,5:52:41,14:56:23
2159,849,"De La Houssaye, Isabella",F50-54,65,Female,United States,1:28:00,8:56,6:31:58,8:49,6:39:12,14:56:55
2160,214,"Storm, Michael",M65-69,40,Open,United States,1:32:00,9:54,6:20:56,10:10,6:44:02,14:57:02
2161,1475,"Irwin, Brian",M40-44,261,Open,United States,1:31:51,11:50,6:36:11,12:51,6:24:27,14:57:10
2162,1446,"Bonds, John",M40-44,262,Open,United States,2:01:37,7:46,6:51:31,10:02,5:46:24,14:57:20
2163,258,"Dronkers, Alexandra",F65-69,8,Female,Netherlands,1:30:26,6:24,7:08:16,9:04,6:03:22,14:57:32
2164,154,"Freeman, Roger",M70-74,17,Open,United States,1:31:42,8:41,6:36:36,12:26,6:28:41,14:58:06
2165,2427,"Horiba, Manami",F18-24,34,Female,Japan,1:26:34,6:22,7:02:01,7:10,6:16:06,14:58:13
2166,723,"Bartell, Matt",M50-54,198,Open,United States,1:29:03,10:09,6:47:09,11:09,6:20:47,14:58:17
2167,529,"Vallefuoco, Dennis",M55-59,118,Open,United States,1:21:09,10:27,6:28:25,12:23,6:46:24,14:58:48
2168,236,"Hodges, Steve",M65-69,41,Open,United States,1:32:24,7:46,7:23:36,9:18,5:46:31,14:59:35
2169,1027,"Choi, Kwang-Soo",M45-49,274,Open,Korea,1:25:33,3:25,5:52:21,5:56,7:32:54,15:00:09
2170,1940,"Nakai, Yuka",F35-39,74,Female,Japan,1:44:26,6:52,7:23:16,9:25,5:36:23,15:00:22
2171,348,"Wilby, Colin",M60-64,64,Open,Indonesia,1:31:47,10:31,6:43:43,18:01,6:16:39,15:00:41
2172,2342,"Shiyi, Sun",F25-29,55,Female,China,1:36:55,6:46,7:14:14,4:36,5:58:37,15:01:08
2173,1102,"Gagnon, Lucien",M45-49,275,Open,Canada,1:31:11,11:09,6:45:01,10:50,6:24:12,15:02:23
2174,1802,"Bouché, David",M35-39,228,Open,France,1:18:47,10:47,6:26:05,17:08,6:50:54,15:03:41
2175,580,"Rotovnik Kozjek, Nada",F55-59,46,Female,Slovenia,1:12:04,6:21,6:49:34,4:56,6:52:54,15:05:49
2176,532,"Wright, Rob",M55-59,119,Open,Canada,1:22:20,8:26,6:43:22,7:19,6:45:25,15:06:52
2177,248,"Whitman, Bob",M65-69,42,Open,United States,1:46:55,9:19,7:21:17,13:24,5:36:17,15:07:12
2178,2107,"Fujitani, Gavin",M30-34,185,Open,United States,1:17:22,7:17,7:20:04,13:32,6:09:23,15:07:38
2179,384,"Konarski, Rhonda",F60-64,32,Female,United States,1:29:03,8:00,7:12:19,12:06,6:06:25,15:07:53
2180,548,"Goto, Sachie",F55-59,47,Female,Japan,1:15:43,7:41,6:45:47,15:14,6:43:36,15:08:01
2181,387,"Maru, Hiroko",F60-64,33,Female,Japan,1:34:10,8:30,7:12:39,11:14,6:02:03,15:08:36
2182,783,"Pruett, William",M50-54,199,Open,United States,1:20:22,9:02,6:51:16,12:32,6:35:40,15:08:52
2183,264,"Boyd Brown, Susie",F65-69,9,Female,New Zealand,1:37:52,11:55,7:32:53,12:55,5:33:50,15:09:25
2184,581,"Seguin, Isabelle",F55-59,48,Female,Canada,1:32:15,9:35,6:51:36,10:53,6:25:47,15:10:06
2185,1870,"Umezawa, Kazuyoshi",M35-39,229,Open,Japan,1:17:22,8:33,6:14:45,13:09,7:16:21,15:10:10
2186,266,"Grethe Nielsen, Hilda",F65-69,10,Female,Denmark,1:49:23,5:51,7:39:39,6:22,5:32:14,15:13:29
2187,1224,"Hillman, Andrea",F45-49,79,Female,United States,1:46:31,5:12,6:59:00,10:30,6:12:23,15:13:36
2188,325,"Groffsky, Jeffrey",M60-64,65,Open,United States,1:31:21,9:33,7:20:34,7:48,6:04:27,15:13:43
2189,785,"Rogan, Paul",M50-54,200,Open,Canada,1:35:00,7:53,6:47:32,14:50,6:30:01,15:15:16
2190,497,"Hirose, Roen",M55-59,120,Open,United States,1:32:25,15:35,7:17:40,13:43,5:56:00,15:15:23
2191,152,"Crawford, James",M70-74,18,Open,United States,1:30:34,7:19,6:53:19,10:30,6:34:13,15:15:55
2192,1492,"Montanez, Angel",M40-44,263,Open,Mexico,1:24:41,9:18,7:26:53,10:21,6:05:04,15:16:17
2193,196,"Blakie, Eric",M65-69,43,Open,United Kingdom,1:29:48,8:44,6:54:23,11:11,6:32:30,15:16:36
2194,385,"Kromer, Carmen",F60-64,34,Female,Germany,1:23:03,5:31,7:08:34,7:58,6:33:10,15:18:16
2195,790,"Sehnke, Peter",M50-54,201,Open,Germany,1:34:31,7:00,7:19:40,11:20,6:05:47,15:18:18
2196,794,"Mienteh, Chong",M50-54,202,Open,Singapore,1:37:59,8:29,6:50:28,10:07,6:31:52,15:18:55
2197,186,"Grabow, Natalie",F70-74,4,Female,United States,1:38:51,7:34,7:00:47,12:17,6:19:43,15:19:12
2198,2440,"Dobbs, Kylie",F18-24,35,Female,Australia,1:09:26,8:27,7:12:19,12:20,6:37:13,15:19:45
2199,860,"O'Flynn, Nancy",F50-54,66,Female,United States,1:35:23,9:26,7:09:07,15:50,6:10:01,15:19:47
2200,377,"Elliot, Carol",F60-64,35,Female,Canada,1:51:47,8:57,7:19:50,10:06,5:50:21,15:21:01
2201,1112,"Holmstrom, Bjorn",M45-49,276,Open,United States,1:28:33,12:02,6:50:30,14:00,6:36:06,15:21:11
2202,158,"Smith, Donald",M70-74,19,Open,United States,1:54:41,11:04,7:05:46,9:49,5:59:54,15:21:14
2203,159,"Bresciani, Peter",M70-74,20,Open,United States,1:32:42,10:54,7:25:56,8:56,6:06:50,15:25:18
2204,270,"Rinderer, Sandra",F65-69,11,Female,United States,1:41:07,4:59,7:23:04,11:03,6:05:21,15:25:34
2205,519,"Roehl, Jeffrey",M55-59,121,Open,United States,1:21:37,8:13,6:33:47,12:55,7:09:16,15:25:48
2206,467,"Kittleson, David",M55-59,122,Open,United States,1:34:39,11:10,6:34:07,13:12,6:52:43,15:25:51
2207,724,"Berland, Mike",M50-54,203,Open,United States,1:18:24,10:48,6:45:10,14:47,6:56:58,15:26:07
2208,743,"Forster, Brett",M50-54,204,Open,Australia,1:13:50,8:44,6:45:55,14:53,7:02:53,15:26:15
2209,226,"Mcclain, Jim",M65-69,44,Open,United States,1:47:46,10:44,6:54:21,12:03,6:21:56,15:26:50
2210,339,"Porshed, Bo",M60-64,66,Open,Sweden,2:01:53,11:05,6:44:22,10:47,6:18:52,15:26:59
2211,184,"Gonzales, Valerie",F70-74,5,Female,Canada,1:57:22,8:22,7:43:30,8:50,5:29:39,15:27:43
2212,483,"Buchan, Peter",M55-59,123,Open,Australia,1:25:33,7:49,6:32:23,9:54,7:12:33,15:28:12
2213,257,"Tracy, Diane",F65-69,12,Female,United States,1:43:34,7:53,7:14:06,10:31,6:12:43,15:28:47
2214,1850,"Peng, Jia",M35-39,230,Open,China,1:57:21,6:39,7:20:26,6:52,5:57:47,15:29:05
2215,216,"Wragg, John",M65-69,45,Open,Canada,1:38:34,9:07,6:34:56,10:10,6:56:51,15:29:38
2216,173,"Nobuka, Koji",M70-74,21,Open,Japan,1:54:33,13:30,7:32:23,9:24,5:40:47,15:30:37
2217,1251,"Smith, Bethany",F45-49,80,Female,United States,1:57:08,5:50,7:09:58,10:04,6:09:00,15:32:00
2218,495,"Harrison, Paul",M55-59,124,Open,New Zealand,1:28:23,9:18,7:01:57,14:45,6:38:10,15:32:33
2219,1087,"Azurtza, Todor",M45-49,277,Open,United States,1:24:59,7:33,6:56:59,10:11,6:52:59,15:32:41
2220,267,"Hayes, Ann",F65-69,13,Female,Canada,1:29:06,10:26,7:33:32,8:33,6:12:29,15:34:06
2221,386,"Ljung, Carina",F60-64,36,Female,Sweden,1:28:25,8:54,7:29:09,8:40,6:19:50,15:34:58
2222,157,"Ladewig, Rob",M70-74,22,Open,United States,1:39:01,13:44,6:37:19,11:56,6:54:30,15:36:30
2223,174,"Nobuyuki, Saito",M70-74,23,Open,Japan,1:47:15,14:25,7:12:42,10:28,6:12:22,15:37:12
2224,506,"Mattice, David",M55-59,125,Open,United States,1:37:13,7:35,7:21:53,12:00,6:19:35,15:38:16
2225,129,"Davis, Mount",M75-79,5,Open,United States,1:41:45,12:22,6:49:53,10:47,6:43:36,15:38:23
2226,250,"Dejesus, Sue",F65-69,14,Female,United States,1:16:00,7:21,7:44:45,7:55,6:22:34,15:38:35
2227,1240,"Garcia, Rita",F45-49,81,Female,Australia,1:44:51,4:33,7:36:48,7:47,6:05:02,15:39:01
2228,1620,"Fritsch, Jill",F40-44,98,Female,Canada,1:29:48,11:39,7:02:02,16:44,6:39:00,15:39:13
2229,1093,"Conner, Bill",M45-49,278,Open,United States,1:32:24,8:01,7:17:00,17:34,6:24:40,15:39:39
2230,577,"Laswell, Marilynn",F55-59,49,Female,United States,2:08:00,7:09,7:08:58,9:21,6:06:12,15:39:40
2231,273,"Watson, Janet",F65-69,15,Female,United Kingdom,1:53:29,9:23,7:14:07,11:35,6:11:16,15:39:50
2232,1156,"Scroggins, Tommy",M45-49,279,Open,United States,1:50:41,8:27,6:49:53,28:21,6:23:16,15:40:38
2233,1091,"Buchaniec, Kevin",M45-49,280,Open,United States,1:35:16,10:05,7:37:07,14:35,6:04:52,15:41:55
2234,1619,"Freeman, Heather",F40-44,99,Female,United States,1:04:25,6:02,7:47:18,7:49,6:36:34,15:42:08
2235,139,"Hola, Ken",M75-79,6,Open,United States,1:30:14,11:01,6:58:58,12:59,6:50:36,15:43:48
2236,252,"Haudry, Francoise",F65-69,16,Female,France,1:20:05,4:15,7:23:23,7:58,6:48:25,15:44:06
2237,256,"North, Paula",F65-69,17,Female,United States,1:45:49,6:45,7:29:14,9:32,6:13:59,15:45:19
2238,752,"Hoo, Wilson",M50-54,205,Open,Canada,2:01:37,11:13,7:16:51,10:33,6:05:13,15:45:27
2239,332,"Monahan, Kelly",M60-64,67,Open,United States,1:32:01,12:33,7:38:03,19:38,6:03:18,15:45:33
2240,121,"Lampe, Jeffrey",MPC,,Open,United States,1:46:24,9:02,7:03:22,8:13,6:39:47,15:46:48
2241,1096,"Domengeaux, Ryan",M45-49,281,Open,United States,2:04:03,8:05,7:05:16,16:08,6:13:46,15:47:18
2242,1101,"Fehlhaber, Tobias",M45-49,282,Open,Germany,1:21:53,10:55,7:17:32,10:58,6:46:30,15:47:48
2243,765,"Lutz, Rob",M50-54,206,Open,Australia,1:32:22,9:17,7:00:40,10:08,6:55:23,15:47:50
2244,1494,"Naglowski, Michal",M40-44,264,Open,Poland,1:27:16,4:11,6:57:10,11:42,7:08:07,15:48:26
2245,526,"Stockall, Eric",M55-59,126,Open,United States,1:46:04,6:55,7:10:55,9:12,6:36:10,15:49:16
2246,2319,"Zhang, Huifeng",M25-29,99,Open,China,1:47:42,5:26,7:08:54,11:44,6:35:40,15:49:26
2247,873,"Mackinnon, Kathryn",F50-54,67,Female,Canada,1:36:02,6:47,7:53:28,8:54,6:04:48,15:49:59
2248,2208,"Reynolds, Ryan",F30-34,69,Female,United States,1:56:51,9:06,7:09:15,11:03,6:24:10,15:50:25
2249,1151,"Scheer, Thomas",M45-49,283,Open,United States,1:15:50,7:02,6:53:43,8:54,7:24:57,15:50:26
2250,776,"Patel, Dixit",M50-54,207,Open,India,1:36:18,9:03,7:37:39,6:54,6:22:23,15:52:17
2251,334,"Morell, Dave",M60-64,68,Open,United States,1:35:59,12:43,6:46:21,14:23,7:03:33,15:52:59
2252,378,"Frye, Laura",F60-64,37,Female,United States,1:22:51,15:21,7:29:20,19:35,6:27:41,15:54:48
2253,102,"Mccartney, Kathleen",F55-59,50,Female,United States,1:28:08,6:43,7:19:09,12:59,6:49:29,15:56:28
2254,1506,"Rake, Daniel",M40-44,265,Open,Australia,1:19:18,9:06,5:45:38,14:13,8:29:37,15:57:52
2255,187,"Ridgway, Diane",F70-74,6,Female,United States,1:42:30,5:49,7:27:38,7:42,6:34:45,15:58:24
2256,861,"Palmquist, Christine",F50-54,68,Female,United States,1:35:12,9:08,7:24:37,10:43,6:38:52,15:58:32
2257,354,"Yuko, Hayashi",F60-64,38,Female,Japan,1:35:30,10:00,7:47:15,8:48,6:17:40,15:59:13
2258,133,"Hulse, George",M75-79,7,Open,Australia,1:53:38,12:05,7:21:24,12:41,6:20:38,16:00:26
2259,520,"Roma, Ken",M55-59,127,Open,United States,1:41:27,8:07,7:41:55,9:44,6:19:28,16:00:41
2260,870,"Weiskopf-Larson, Sue",F50-54,69,Female,United States,1:53:34,11:20,7:11:19,10:13,6:34:58,16:01:24
2261,108,"Goodall, Elle",F30-34,70,Female,Australia,1:13:51,7:23,7:39:03,6:59,6:55:30,16:02:46
2262,263,"Bondy, Ann",F65-69,18,Female,New Zealand,1:38:43,7:57,7:33:19,10:07,6:32:43,16:02:49
2263,1132,"Moore, David",M45-49,284,Open,United States,1:26:08,8:31,7:00:58,16:00,7:12:30,16:04:07
2264,146,"Johnsson, Leif-Håkan",M70-74,24,Open,Sweden,2:08:16,10:09,6:35:10,16:25,6:55:55,16:05:55
2265,189,"Thompson, Susan",F70-74,7,Female,United States,1:26:46,10:47,8:13:23,9:27,6:06:59,16:07:22
2266,130,"Fustok, Abdel K",M75-79,8,Open,United States,1:47:11,14:04,7:38:41,11:06,6:18:14,16:09:16
2267,300,"Kennedy, Thomas",M60-64,69,Open,United States,1:31:38,6:21,7:34:02,10:24,6:47:51,16:10:16
2268,163,"Delbury, Gerard",M70-74,25,Open,France,1:45:23,10:32,7:19:49,12:41,6:42:02,16:10:27
2269,371,"Seo, Jung-Lee",F60-64,39,Female,Korea,1:51:57,9:12,7:31:28,9:21,6:28:32,16:10:30
2270,323,"Crafter, Ian",M60-64,70,Open,Australia,2:01:01,6:55,7:30:48,10:09,6:23:07,16:12:00
2271,156,"Kim, Byongdoo",M70-74,26,Open,Korea,1:59:29,10:20,7:29:32,7:51,6:28:46,16:15:58
2272,512,"Perkins, Kevin",M55-59,128,Open,United States,1:41:37,9:46,7:23:58,10:03,6:50:50,16:16:14
2273,507,"May, Ricky",M55-59,129,Open,Australia,1:42:33,16:44,7:42:55,11:47,6:22:27,16:16:26
2274,140,"Mamoru, Nakashima",M75-79,9,Open,Japan,2:02:46,12:10,7:45:33,6:18,6:10:10,16:16:57
2275,344,"Swenson, Mark",M60-64,71,Open,United States,1:45:26,12:48,7:43:19,9:29,6:29:34,16:20:36
2276,527,"Swenson, Kevin",M55-59,130,Open,United States,1:39:06,10:15,7:26:53,14:10,6:50:14,16:20:38
2277,721,"Arnold, Martin",M50-54,208,Open,United Kingdom,1:19:17,10:32,7:01:39,9:04,7:40:52,16:21:24
2278,167,"Huhn, Jerry",M70-74,27,Open,United States,1:38:42,8:02,7:18:00,12:27,7:04:56,16:22:07
2279,247,"Tomita, Hiroshi",M65-69,46,Open,Japan,2:13:07,7:22,7:47:51,8:17,6:06:32,16:23:09
2280,1238,"Eynon, Marcie",F45-49,82,Female,United States,1:53:26,6:51,7:56:24,8:18,6:18:47,16:23:46
2281,150,"Pagliughi, Ken",M70-74,28,Open,United States,1:38:33,10:11,7:20:30,11:49,7:04:57,16:26:00
2282,148,"Lloyd, Graham",M70-74,29,Open,United States,1:59:07,8:45,6:26:26,6:47,7:45:58,16:27:03
2283,2472,"O'Bryant, Allan",M60-64,72,Open,United States,1:53:23,10:35,7:21:22,11:21,6:54:27,16:31:08
2284,151,"Besser, Michael",M70-74,30,Open,Australia,2:02:17,9:38,7:48:45,10:08,6:20:49,16:31:37
2285,255,"Wiebe, Sandi",F65-69,19,Female,United States,1:29:08,7:12,7:35:16,10:36,7:09:37,16:31:49
2286,488,"Collins, Michael",M55-59,131,Open,United States,1:09:34,12:33,7:54:43,13:20,7:02:00,16:32:10
2287,731,"Burdorf, Gary",M50-54,209,Open,United States,1:36:50,10:18,7:46:26,13:29,6:46:38,16:33:41
2288,517,"Rafferty, Dennis",M55-59,132,Open,Australia,1:20:00,8:32,6:46:34,12:33,8:06:40,16:34:19
2289,180,"Weinbrandt, Richard",M70-74,31,Open,United States,1:26:03,5:47,7:59:30,7:10,6:56:34,16:35:04
2290,784,"Rautapuro, Petri",M50-54,210,Open,Finland,1:29:57,7:52,7:14:03,10:15,7:33:05,16:35:12
2291,376,"Alper, Jodi",F60-64,40,Female,United States,1:41:48,13:06,7:56:08,8:51,6:37:02,16:36:55
2292,192,"Matsuda, Kimiko",F70-74,8,Female,Japan,1:28:11,7:14,7:50:53,9:18,7:07:08,16:42:44
2293,182,"Yeats, Dexter",F70-74,9,Female,United States,1:45:51,8:37,7:22:38,8:30,7:17:32,16:43:08
2294,1162,"Tardy, Michel",M45-49,285,Open,Switzerland,1:50:26,9:54,7:59:07,11:44,6:32:18,16:43:29
2295,2475,"Hissong, Mike",M50-54,211,Open,United States,1:44:58,8:05,7:20:49,10:44,7:19:18,16:43:54
2296,742,"Fontenot, Gus",M50-54,212,Open,American Samoa,1:23:56,8:00,6:45:52,10:13,8:16:18,16:44:19
2297,164,"Hamaguchi, Tatsuo",M70-74,32,Open,Japan,1:45:44,10:23,7:29:32,9:35,7:09:18,16:44:32
2298,246,"Suzuki, Masaru",M65-69,47,Open,Japan,1:17:25,6:10,7:14:56,8:48,7:57:14,16:44:33
2299,183,"Broder, Kathleen",F70-74,10,Female,United States,2:05:26,7:33,8:02:41,10:37,6:18:40,16:44:57
2300,260,"Mengel, Ann-Charlotte",F65-69,20,Female,Sweden,2:10:46,8:47,7:47:20,8:59,6:30:44,16:46:36
2301,579,"Lindeborg, Valerie",F55-59,51,Female,United States,1:39:41,7:27,7:35:39,10:07,7:18:10,16:51:04
2302,107,"Cook, Marcus",M45-49,286,Open,United States,1:53:28,11:03,7:38:00,11:52,6:56:45,16:51:08
2303,217,"Wen, Xiangdong",M65-69,48,Open,China,1:55:16,8:51,7:47:31,10:26,6:51:17,16:53:21
2304,123,"Inada, Hiromu",M85-89,,Open,Japan,1:51:25,12:08,8:02:40,19:19,6:28:17,16:53:49
2305,126,"Hudson, George",M75-79,10,Open,United States,2:13:39,13:20,7:34:06,11:19,6:41:41,16:54:05
2306,1343,"Franco, Guillermo",M40-44,266,Open,Mexico,1:15:19,7:11,7:16:52,17:17,8:00:16,16:56:55
,2390,"Dolecki, Jacob",M18-24,,Open,United States,1:07:27,3:56,,,,
,2413,"Lin, Haoran",M18-24,,Open,China,,,,,,
,1877,"Bubb, Sophie",F35-39,,Female,United Kingdom,1:08:08,3:08,5:32:19,3:26,,
,1938,"Mccrillis, Lisa",F35-39,,Female,United States,,,,,,
,1945,"Ryan, Kelly",F35-39,,Female,United States,,,,,,
,1798,"Baker, Ed",M35-39,,Open,United States,58:45,2:30,4:32:20,3:49,,
,1814,"Ehrhardt, Brian",M35-39,,Open,United States,,,,,,
,1725,"Groenbek, Jens",M35-39,,Open,Denmark,,,,,,
,3036,"Brandon, Lauren",FPRO,,Female,United States,51:06,2:14,5:17:07,,,
,1671,"Lategan, Heinrich",M35-39,,Open,South Africa,,,,,,
,3008,"Jahn, Kirsty",FPRO,,Female,Canada,58:21,2:21,4:53:31,2:36,,
,839,"Fullen, Gill",F50-54,,Female,United Kingdom,,,,,,
,1844,"Martin, Nathan",M35-39,,Open,New Zealand,,,,,,
,3034,"Kessler, Meredith",FPRO,,Female,United States,54:13,2:51,,,,
,855,"Lubarsky, Lisa",F50-54,,Female,United States,,,,,,
,1847,"Monteiro Da Silva, Frederico",M35-39,,Open,Brazil,,,,,,
,3014,"Lester, Carrie",FPRO,,Female,Australia,56:45,2:32,4:46:02,2:50,,
,822,"Yetman, Peggy",F50-54,,Female,United States,1:08:45,2:59,5:26:08,4:02,,
,1745,"Schinkel, Christian",M35-39,,Open,Germany,,,,,,
,3027,"Pallant, Emma",FPRO,,Female,United Kingdom,58:24,2:12,4:53:54,1:39:05,,
,1860,"Shinozaki, Yu",M35-39,,Open,Japan,58:44,3:28,4:52:19,5:17,,
,3022,"Smith, Lesley",FPRO,,Female,United States,58:30,2:40,5:07:10,2:48,,
,1869,"Tsvetkov, Sviatoslav",M35-39,,Open,Ukraine,,,,,,
,3041,"Svensk, Sara",FPRO,,Female,Sweden,58:27,2:38,,,,
,1707,"Vinogradov, Egor",M35-39,,Open,Russia,,,,,,
,290,"Angelastri, Sandro",M60-64,,Open,Switzerland,,,,,,
,295,"Martin, Martin",M60-64,,Open,Germany,,,,,,
,340,"Ridao, Richard",M60-64,,Open,United States,1:53:30,11:09,,,,
,285,"Sperazza, Chuck",M60-64,,Open,United States,1:11:24,6:01,5:07:36,6:24,,
,286,"Taylor, Gregory",M60-64,,Open,United States,1:07:44,4:09,5:18:59,4:10,,
,2140,"Alfaro, Fernando",M30-34,,Open,Unknown,,,,,,
,2099,"Bruns, Jan",M30-34,,Open,Germany,53:21,2:21,4:45:05,,,
,1437,"Alder, Timothy",M40-44,,Open,United States,,,,,,
,2115,"Kimmer, Jakub",M30-34,,Open,Poland,,,,,,
,1438,"Alvarez Gomez, Ivan",M40-44,,Open,Spain,57:18,3:10,,,,
,2003,"Snapp, Ryan",M30-34,,Open,United States,,,,,,
,1256,"Anderson, Stephen",M40-44,,Open,United Kingdom,,,,,,
,2132,"Swindle, Isaac",M30-34,,Open,United States,,,,,,
,1448,"Brown, Michael",M40-44,,Open,United States,,,,,,
,2092,"Wright, Jordy",M30-34,,Open,Australia,,,,,,
,1267,"Chevrier, Philippe",M40-44,,Open,Switzerland,1:11:13,2:33,,,,
,2136,"Wu, Haitong",M30-34,,Open,China,,,,,,
,1452,"Coady, Kevin",M40-44,,Open,United States,1:07:36,,,,,
,1459,"Egger, Markus",M40-44,,Open,Austria,,,,,,
,1344,"Gaspariau, Pierre",M40-44,,Open,France,55:15,2:58,4:59:07,5:11,,
,1286,"Godart, Olivier",M40-44,,Open,Luxembourg,,,,,,
,1412,"Mazur, Maksym",M40-44,,Open,Kazakhstan,,,,,,
,1414,"Middleton, Steven",M40-44,,Open,United Kingdom,,,,,,
,1498,"Nicosia, Filippo",M40-44,,Open,Italy,,,,,,
,1499,"Ogorman, Ivan",M40-44,,Open,Ireland,,,,,,
,1364,"Purcell, Steven",M40-44,,Open,Hong Kong,,,,,,
,1365,"Radi, Massimiliano",M40-44,,Open,Italy,59:44,4:43,,,,
,1315,"Ripper, Jesse",M40-44,,Open,Japan,1:02:28,3:28,5:01:51,5:34,,
,1510,"Sakurai, Ryuta",M40-44,,Open,Japan,1:03:36,5:29,,,,
,1519,"Stewart, Graeme",M40-44,,Open,United Kingdom,,,,,,
,1372,"Torre, Alejandro",M40-44,,Open,Mexico,,,,,,
,728,"Braun, Thomas",M50-54,,Open,Germany,,,,,,
,653,"Cozine, Steve",M50-54,,Open,United States,,,,,,
,657,"Dillon, Darren",M50-54,,Open,Australia,,,,,,
,658,"Escalas, Pablo",M50-54,,Open,Argentinia,1:03:00,3:08,,,,
,606,"Fieldhack, Jeff",M50-54,,Open,United States,,,,,,
,617,"Jonsson, Magnus",M50-54,,Open,Sweden,,,,,,
,2434,"Hayashimoto, Kae",F18-24,,Female,Japan,1:02:14,3:28,,,,
,754,"Kaiser, Reinhard",M50-54,,Open,Austria,,,,,,
,2425,"Norflett, Rachael",F18-24,,Female,United States,1:08:55,4:13,5:29:48,4:35,,
,620,"Lemery, Christophe",M50-54,,Open,France,,,,,,
,760,"Lemoenner, Yann",M50-54,,Open,France,,,,,,
,773,"Orlowski, Jean",M50-54,,Open,United States,,,,,,
,713,"Shiroto, Taro",M50-54,,Open,Japan,,,,,,
,639,"Torres, Andres",M50-54,,Open,Colombia,,,,,,
,718,"Yujiri, Junya",M50-54,,Open,Japan,1:03:39,4:37,,,,
,573,"Gruber, Cordula",F55-59,,Female,Germany,1:04:56,5:27,6:00:29,,,
,542,"Nievergelt, Juliana",F55-59,,Female,United States,57:06,4:29,5:21:27,6:34,,
,585,"Yan, Hu",F55-59,,Female,China,,,,,,
,195,"Azevedo, Roberto",M65-69,,Open,Brazil,,,,,,
,221,"Deschenes, Alain",M65-69,,Open,Canada,1:21:21,6:34,5:25:28,7:30,,
,222,"Domoney, Christopher",M65-69,,Open,United Kingdom,,,,,,
,233,"Förster, Gustav",M65-69,,Open,Germany,,,,,,
,234,"Fukuda, Takayuki",M65-69,,Open,Japan,1:19:01,7:52,5:47:37,6:27,,
,101,"Haller, Gordon",M65-69,,Open,United States,1:46:38,6:04,8:14:53,12:02,,
,1114,"Hutchinson, Allen",M45-49,,Open,United States,,,,,,
,238,"Kessler, Gary",M65-69,,Open,United States,,,,,,
,985,"Jansen, Mark",M45-49,,Open,Australia,,,,,,
,199,"Mossenson, Ian",M65-69,,Open,Australia,,,,,,
,906,"Kasten, Olaf",M45-49,,Open,Germany,,,,,,
,241,"Onozuka, Takashi",M65-69,,Open,Japan,1:47:00,9:15,7:08:45,8:38,,
,1045,"King, James",M45-49,,Open,United Kingdom,,,,,,
,1048,"Konschak, Ulrich",M45-49,,Open,Germany,,,,,,
,1123,"Lake, Colin",M45-49,,Open,United States,1:17:01,7:06,,,,
,990,"Lang, Brian",M45-49,,Open,United States,1:26:08,8:34,8:40:01,20:09,,
,991,"Lehmann, Walter",M45-49,,Open,Switzerland,,,,,,
,1125,"Lewis, Shane",M45-49,,Open,Australia,,,,,,
,994,"Mcgregor, David",M45-49,,Open,Canada,,,,,,
,1136,"Painter, Glyn",M45-49,,Open,United Kingdom,,,,,,
,1140,"Perreault, Charles",M45-49,,Open,Canada,58:10,3:47,,,,
,1126,"Pheng, Lim Chee",M45-49,,Open,Singapore,,,,,,
,1159,"Solis, Eduardo",M45-49,,Open,Costa Rica,,,,,,
,2287,"Barclay, Aaron",M25-29,,Open,New Zealand,,,,,,
,2292,"Dietrich, Andreas",M25-29,,Open,Germany,,,,,,
,2294,"Ellis, James",M25-29,,Open,United Kingdom,,,,,,
,2226,"Mechin, Antoine",M25-29,,Open,France,54:37,2:30,4:40:41,3:17,,
,2306,"Oosterdijk, Tom",M25-29,,Open,Netherlands,1:08:52,3:29,4:39:46,3:29,,
,2308,"Rice, Grant",M25-29,,Open,United States,,,,,,
,2316,"Van Wyk, Ryno",M25-29,,Open,South Africa,1:07:35,35:15,,,,
,1534,"Boehmer, Briana Noelle",F40-44,,Female,United States,1:03:19,3:21,5:05:52,3:53,,
,1613,"Bonfiglio Esper, Elena",F40-44,,Female,Italy,1:18:33,4:25,5:58:40,4:44,,
,382,"Hess, Bev",F60-64,,Female,United States,,,,,,
,2362,"Badenhorst, Claire",F25-29,,Female,New Zealand,,,,,,
,1536,"Cerize, Juliana",F40-44,,Female,Brazil,1:19:58,3:29,5:24:46,5:58,,
,383,"Hetzer, Laura",F60-64,,Female,United States,1:41:40,11:41,,,,
,2363,"Campbell, Brittany",F25-29,,Female,Australia,,,,,,
,1600,"Farinon, Anabella",F40-44,,Female,Argentinia,,,,,,
,368,"Lopes, Hedla",F60-64,,Female,Brazil,,,,,,
,2370,"Hoare, Becky",F25-29,,Female,United Kingdom,,,,,,
,1556,"Majors, Rachel",F40-44,,Female,United States,1:16:01,5:51,6:02:31,6:27,,
,360,"Paredes, Silvia",F60-64,,Female,Argentinia,,,,,,
,166,"Huang, Zhu",M70-74,,Open,China,2:07:26,6:31,,,,
,2346,"Whelan, Alex",F25-29,,Female,United States,56:27,3:24,6:05:12,6:02,,
,375,"Winegarner, Jeni L.",F60-64,,Female,United States,1:08:32,5:19,6:36:07,,,
,155,"Kasischke, Dennis",M70-74,,Open,United States,,,,,,
,168,"Knapp, Juergen Werner",M70-74,,Open,Germany,,,,,,
,170,"Lim, Seok-Min",M70-74,,Open,Korea,2:05:22,10:04,7:43:45,17:48,,
,177,"Robitaille, Jean",M70-74,,Open,Canada,2:11:07,15:48,,,,
,137,"Akio, Terumasa",M75-79,,Open,Japan,2:17:58,10:38,,,,
,138,"Barker, Roger Frederick",M75-79,,Open,Canada,2:20:35,,,,,
,131,"Hill, Warren",M75-79,,Open,New Zealand,,,,,,
,132,"Horiuchi, Tadashi",M75-79,,Open,Japan,2:06:00,10:04,,,,
,127,"Kostic, Milos",M75-79,,Open,Canada,,,,,,
,134,"Lettner, Tommy",M75-79,,Open,Canada,1:56:22,12:39,7:44:00,14:02,,
,142,"Sato, Fumiaki",M75-79,,Open,Japan,1:38:57,11:13,8:01:26,8:50,,
,265,"Comeau, Francine",F65-69,,Female,Canada,,,,,,
,124,"Kojima, Yutaka",M80-84,,Open,Japan,,,,,,
,269,"Kirihara, Mariko",F65-69,,Female,Japan,1:35:21,9:45,,,,
,125,"Spasojjevich, Thomas",M80-84,,Open,United States,1:53:42,12:47,,,,
,271,"Spillane, Linda",F65-69,,Female,United Kingdom,,,,,,
,261,"Tulloh, Catherine",F65-69,,Female,Australia,1:29:49,8:13,,,,
,193,"Ashmore, Linda",F70-74,,Female,United Kingdom,,,,,,
,188,"Kawasaki, Ayako",F70-74,,Female,Japan,,,,,,
,191,"Lanuke, Maureen",F70-74,,Female,Canada,2:25:11,,,,,
,2200,"Font Baldque, Leonor",F30-34,,Female,Spain,,,,,,
,2159,"Mckinney, Kimberley",F30-34,,Female,Australia,,,,,,
,2179,"Mitchell, Simone",F30-34,,Female,United Kingdom,,,,,,
,2168,"Tiner, Chelsea",F30-34,,Female,United States,,,,,,
,426,"Blokland, Jan",M55-59,,Open,Netherlands,1:03:42,3:42,4:30:37,7:55,,
,400,"Dorrill, Jeff",M55-59,,Open,United States,,,,,,
,434,"Imai, Kunihiro",M55-59,,Open,Japan,,,,,,
,1202,"Chain, Jeanna",F45-49,,Female,United States,,,,,,
,411,"Marshall, Stephen",M55-59,,Open,Canada,56:51,4:49,5:26:08,4:47,,
,1236,"Eakin, Tina",F45-49,,Female,United States,,,,,,
,508,"Mentis, Konstantin",M55-59,,Open,Greece,2:32:45,,,,,
,1180,"Gras-Thompson, Bernarda",F45-49,,Female,United States,,,,,,
,9,"Amberger, Josh",MPRO,,Open,Australia,47:39,2:05,4:18:42,2:18,,
,440,"O'Keeffe, Tony",M55-59,,Open,Canada,1:04:00,3:51,5:07:16,3:34,,
,1227,"Lowenberg, Melissa",F45-49,,Female,Canada,,,,,,
,35,"Collington, Kevin",MPRO,,Open,United States,48:25,2:06,5:13:00,3:14,,
,514,"Pilchner, Frank",M55-59,,Open,Germany,,,,,,
,40,"Degasperi, Alessandro",MPRO,,Open,Italy,54:12,2:18,,,,
,518,"Reinhard, Rob",M55-59,,Open,United States,1:50:22,17:45,,,,
,36,"Duelsen, Marc",MPRO,,Open,Germany,54:13,2:02,,,,
,525,"Schneider, Mark",M55-59,,Open,United States,1:39:26,12:10,8:13:18,13:34,,
,3,"Kienle, Sebastian",MPRO,,Open,Germany,50:42,2:12,4:20:07,2:52,,
,531,"Welsch, Rüdiger",M55-59,,Open,Germany,,,,,,
,17,"Mcmahon, Brent",MPRO,,Open,Canada,50:30,1:58,4:29:49,3:18,,
,8,"Nilsson, Patrik",MPRO,,Open,Sweden,50:46,2:21,,,,
,52,"Schildknecht, Ronnie",MPRO,,Open,Switzerland,54:08,2:09,4:29:05,2:22,,
,12,"Tutukin, Ivan",MPRO,,Open,Russia,50:48,2:12,4:30:28,2:23,,
