Place,Bib,Name,Age_Group,Group_Rank,Class,Club,Swim,T1,Bike,T2,Run,Finish
1,2,Lucy Charles-Barclay,FPRO,1,Female,United Kingdom,49:36,2:28,4:32:29,2:19,2:57:38,8:24:31
2,3,Anne Haug,FPRO,2,Female,Germany,54:10,2:15,4:40:23,2:23,2:48:23,8:27:33
3,6,Laura Philipp,FPRO,3,Female,Germany,56:49,2:40,4:35:52,2:11,2:55:24,8:32:55
4,5,Taylor Knibb,FPRO,4,Female,United States,51:16,3:04,4:34:00,2:22,3:05:13,8:35:56
5,4,Daniela Ryf,FPRO,5,Female,Switzerland,54:11,3:00,4:38:34,2:38,3:02:11,8:40:34
6,1,Chelsea Sodaro,FPRO,6,Female,United States,54:00,2:15,4:50:35,2:34,2:53:02,8:42:25
7,10,Skye Moench,FPRO,7,Female,United States,56:47,2:45,4:38:44,2:39,3:02:40,8:43:34
8,14,Sarah True,FPRO,8,Female,United States,54:02,2:17,4:46:15,2:23,3:02:09,8:47:06
9,7,Lisa Norden,FPRO,9,Female,Sweden,54:08,2:39,4:38:36,2:55,3:11:18,8:49:36
10,24,Jocelyn Mccauley,FPRO,10,Female,United States,54:04,2:23,4:38:53,2:23,3:12:56,8:50:39
11,39,Hannah Berry,FPRO,11,Female,New Zealand,53:39,2:28,4:46:31,2:28,3:08:39,8:53:45
12,18,Ruth Astle,FPRO,12,Female,United Kingdom,59:39,2:25,4:39:03,2:33,3:11:54,8:55:35
13,33,Penny Slater,FPRO,13,Female,Australia,56:52,2:26,4:47:17,2:34,3:08:08,8:57:17
14,29,Svenja Thoes,FPRO,14,Female,Germany,56:51,2:45,4:55:12,2:36,3:01:07,8:58:30
15,19,Els Visser,FPRO,15,Female,Netherlands,56:48,2:11,4:43:53,2:21,3:14:02,8:59:16
16,11,Laura Siddall,FPRO,16,Female,United Kingdom,59:55,2:59,4:43:17,2:20,3:11:19,8:59:51
17,28,Haley Chura,FPRO,17,Female,United States,51:06,2:18,4:50:28,2:31,3:14:47,9:01:10
18,30,Radka Kahlefeldt,FPRO,18,Female,Czechia,54:01,2:21,4:50:00,2:31,3:14:14,9:03:07
19,38,Laura Jansen,FPRO,19,Female,Germany,59:37,2:25,4:52:44,2:14,3:06:14,9:03:14
20,27,Rebecca Clarke,FPRO,20,Female,New Zealand,51:11,2:33,4:49:29,2:39,3:18:08,9:04:00
21,25,Maja Stage Nielsen,FPRO,21,Female,Denmark,56:43,2:23,4:49:36,2:16,3:13:28,9:04:26
22,37,Laura Zimmermann,FPRO,22,Female,Germany,1:02:02,2:59,4:50:42,3:13,3:08:49,9:07:45
23,41,Jen Annett,FPRO,23,Female,Canada,1:06:43,2:30,4:46:40,2:26,3:10:16,9:08:35
24,43,Leonie Konczalla,FPRO,24,Female,Germany,1:07:53,3:20,4:51:27,2:51,3:03:31,9:09:02
25,22,Rachel Zilinskas,FPRO,25,Female,United States,51:15,2:39,5:01:00,2:33,3:13:20,9:10:46
26,1775,Maëlle Deruaz,F25-29,1,Female,France,1:02:18,3:29,4:51:58,2:53,3:13:34,9:14:12
27,17,Lotte Wilms,FPRO,26,Female,Netherlands,51:13,2:51,4:53:01,3:37,3:24:28,9:15:09
28,45,Sara Svensk,FPRO,27,Female,Sweden,59:34,2:35,4:39:49,3:18,3:32:40,9:17:55
29,21,Pamella Oliveira,FPRO,28,Female,Brazil,52:01,2:40,4:56:44,2:49,3:24:25,9:18:40
30,55,Michelle Vesterby,FPRO,29,Female,Denmark,56:43,2:30,4:48:49,2:53,3:28:50,9:19:44
31,817,Barbora Besperát,F30-34,1,Female,Czechia,1:13:36,3:46,4:55:23,2:39,3:04:28,9:19:52
32,8,Fenella Langridge,FPRO,30,Female,United Kingdom,53:58,2:18,4:58:31,2:41,3:24:48,9:22:16
33,1742,Michelle Krebs,F25-29,2,Female,Switzerland,58:17,4:49,4:53:22,2:20,3:26:20,9:25:10
34,50,Mariana Borges De Andrade,FPRO,31,Female,Brazil,1:02:03,2:56,4:50:55,2:35,3:27:50,9:26:19
35,40,Jeanne Collonge,FPRO,32,Female,France,59:56,3:11,4:57:54,2:32,3:24:08,9:27:41
36,31,Daniela Bleymehl,FPRO,33,Female,Germany,59:43,2:36,4:45:08,2:12,3:38:03,9:27:42
37,23,Chloe Lane,FPRO,34,Female,Australia,54:14,2:41,4:58:07,3:16,3:30:13,9:28:31
38,202,Vanessa Murray,F35-39,1,Female,New Zealand,55:54,3:45,5:01:52,3:12,3:29:45,9:34:27
39,862,Svetlana Ushakova,F30-34,2,Female,Cyprus,54:29,3:11,5:05:37,2:55,3:28:38,9:34:51
40,9,Sarah Crowley,FPRO,35,Female,Australia,52:00,2:35,4:51:09,3:43,3:45:43,9:35:11
41,1751,Lea Riccoboni,F25-29,3,Female,France,1:00:41,3:28,5:02:58,3:15,3:25:45,9:36:08
42,53,Carla Dahan,FPRO,36,Female,France,59:46,3:13,5:07:02,2:29,3:24:12,9:36:42
43,1135,Jana Richtrova,F40-44,1,Female,Czechia,1:14:33,3:56,4:40:40,3:47,3:35:54,9:38:51
44,36,Agnieszka Jerzyk,FPRO,37,Female,Poland,59:44,2:23,5:13:32,2:25,3:20:50,9:38:53
45,845,Laura Kessler,F30-34,3,Female,Switzerland,1:13:39,4:10,4:59:02,2:29,3:20:43,9:40:04
46,1765,Livia Eggler,F25-29,4,Female,Switzerland,1:10:35,3:55,5:13:57,3:10,3:09:35,9:41:13
47,304,Elyse Gallegos,F35-39,2,Female,United States,1:01:21,4:01,5:04:58,3:35,3:27:19,9:41:15
48,235,Ana Augusta Lima Soares Barbosa,F35-39,3,Female,Brazil,1:06:31,3:19,4:57:35,3:08,3:31:23,9:41:56
49,46,Kate Gillespie-Jones,FPRO,38,Female,Australia,1:06:33,3:58,4:56:56,2:21,3:33:17,9:43:05
50,256,Pierangela Dezerega,F35-39,4,Female,Chile,1:09:23,3:57,5:06:39,3:06,3:21:04,9:44:09
51,988,Sera Sayar,F30-34,4,Female,Turkey,1:01:51,3:54,5:12:25,3:28,3:24:17,9:45:55
52,1759,Kyra Meulenberg,F25-29,5,Female,Netherlands,1:10:19,4:31,5:03:15,4:18,3:23:40,9:46:03
53,1897,Ava Warfel,F18-24,1,Female,United States,1:04:29,5:06,5:23:55,3:24,3:10:32,9:47:27
54,52,Laura Brown,FPRO,39,Female,Australia,1:06:47,2:57,5:12:43,3:27,3:22:07,9:48:01
55,871,Xanri Haak,F30-34,5,Female,South Africa,1:05:55,4:49,5:06:59,3:32,3:26:56,9:48:11
56,296,Ursula Legaria Menéndez,F35-39,5,Female,Mexico,1:06:10,4:25,5:19:50,3:06,3:16:35,9:50:05
57,35,Lauren Brandon,FPRO,40,Female,United States,51:09,2:22,4:55:25,3:21,3:58:11,9:50:28
58,1026,Mayla Moraes,F30-34,6,Female,Brazil,1:08:16,4:19,5:08:24,3:54,3:27:35,9:52:27
59,48,Alexandra Watt,FPRO,41,Female,United States,59:59,3:08,5:18:20,3:20,3:28:06,9:52:54
60,982,Mizuki Hirayanagi,F30-34,7,Female,Japan,1:06:43,5:52,5:17:42,2:58,3:19:56,9:53:10
61,1762,Samantha Skold,F25-29,6,Female,United States,1:16:13,4:19,5:10:20,3:41,3:19:28,9:54:01
62,1181,Helena Kotopulu,F40-44,2,Female,Czechia,1:12:32,5:02,5:19:15,3:38,3:13:41,9:54:07
63,1007,Annick Boehler,F30-34,8,Female,Switzerland,1:09:50,5:08,5:08:34,3:58,3:27:17,9:54:46
64,1359,Meghan Fillnow,F40-44,3,Female,United States,1:09:50,3:46,5:07:51,3:06,3:31:07,9:55:40
65,921,Hannah Munday,F30-34,9,Female,United Kingdom,54:27,4:29,5:11:12,3:45,3:43:13,9:57:06
66,170,Christina Lauer,F35-39,6,Female,United States,1:06:27,3:42,5:06:09,3:19,3:37:34,9:57:11
67,2240,Jessica Jones Lasley,F45-49,1,Female,United States,1:04:29,5:08,5:11:32,2:59,3:33:19,9:57:28
68,1303,Katrin Esefeld,F40-44,4,Female,Germany,1:11:43,4:54,5:14:26,3:06,3:24:00,9:58:09
69,323,Anja Fachbach,F35-39,7,Female,Germany,1:08:36,3:19,5:16:24,3:57,3:26:15,9:58:31
70,1816,Katie Lance,F25-29,7,Female,United States,1:02:25,5:29,5:10:58,2:57,3:37:08,9:58:55
71,866,Amanda Almond,F30-34,10,Female,United States,1:08:49,5:24,5:23:00,2:52,3:19:11,9:59:16
72,1799,Morena Stevens,F25-29,8,Female,Netherlands,1:07:37,3:55,5:07:09,4:02,3:36:51,9:59:34
73,850,Jessica Cullen,F30-34,11,Female,Canada,1:10:34,3:54,5:12:26,4:44,3:28:49,10:00:26
74,359,Kristina Grieger,F35-39,8,Female,Germany,1:06:26,3:17,5:10:39,3:20,3:37:28,10:01:11
75,984,Marit Lindemann,F30-34,12,Female,Germany,1:07:46,3:28,4:52:24,3:01,3:55:11,10:01:50
76,1276,Jennifer Zenker,F40-44,5,Female,Australia,55:55,5:07,4:57:05,6:36,3:57:13,10:01:57
77,1354,Liis Rametta,F40-44,6,Female,Estonia,1:12:58,5:12,5:14:34,4:00,3:25:19,10:02:04
78,1032,Patricia Circelli-Rauber,F30-34,13,Female,Switzerland,1:04:48,3:26,5:15:00,2:41,3:36:56,10:02:52
79,1200,April Rice,F40-44,7,Female,Canada,1:00:55,3:29,5:10:51,3:00,3:44:57,10:03:12
80,214,Christina Paulus,F35-39,9,Female,Germany,1:11:08,5:41,5:18:10,3:49,3:24:30,10:03:18
81,1249,Brenda Schaupp,F40-44,8,Female,Dominican Republic,1:03:46,3:53,5:18:05,3:41,3:34:03,10:03:28
82,123,Nataliia Matsupko,F35-39,10,Female,Ukraine,59:51,4:04,5:01:56,3:41,3:54:09,10:03:41
83,1313,Yanina Minaglia,F40-44,9,Female,Argentina,1:03:05,4:31,5:20:35,2:54,3:32:40,10:03:46
84,49,Sarah Thomas,FPRO,42,Female,Australia,1:07:58,2:44,5:22:13,2:43,3:28:32,10:04:10
85,1870,Sarah Karollus,F18-24,2,Female,Germany,58:35,3:43,5:16:57,2:32,3:42:23,10:04:11
86,42,Melanie Mcquaid,FPRO,43,Female,Canada,59:50,2:29,5:10:10,4:03,3:48:20,10:04:51
87,819,Anna Guzman,F30-34,14,Female,United States,1:12:02,4:44,5:21:17,2:46,3:24:38,10:05:27
88,1326,Johanna O'Regan,F40-44,10,Female,United Kingdom,1:32:26,8:02,5:14:45,6:09,3:04:57,10:06:18
89,259,Deborah Eckhouse,F35-39,11,Female,Canada,1:22:33,3:37,4:51:50,5:12,3:43:13,10:06:25
90,364,Larissa Fabrini,F35-39,12,Female,Brazil,1:16:10,3:35,4:59:51,3:28,3:43:42,10:06:45
91,307,Ling Er Choo,F35-39,13,Female,Singapore,1:09:20,3:57,5:14:01,3:11,3:36:36,10:07:04
92,1846,Sophia Trenz,F25-29,9,Female,Germany,1:10:12,3:04,5:11:49,3:30,3:38:34,10:07:08
93,1010,Heike Uhl,F30-34,15,Female,Germany,58:51,3:44,5:17:20,4:16,3:43:21,10:07:31
94,1999,Fiona Whelan,F45-49,2,Female,Australia,1:02:22,5:09,5:07:28,2:55,3:49:42,10:07:35
95,121,Davina Greenwell,F35-39,14,Female,United Kingdom,1:06:05,4:42,5:12:42,4:32,3:39:57,10:07:58
96,1797,Lotte De Vet,F25-29,10,Female,Belgium,1:00:51,4:53,5:14:33,3:44,3:44:01,10:08:02
97,852,Elise Windsor-Smith,F30-34,16,Female,United Kingdom,1:01:53,5:35,5:19:03,5:13,3:36:40,10:08:24
98,199,Nicole Levenson,F35-39,15,Female,United States,1:08:17,4:40,5:21:11,4:10,3:30:16,10:08:34
99,1750,Madison Bolton,F25-29,11,Female,Australia,1:01:54,5:19,5:11:01,3:47,3:46:56,10:08:56
100,1740,Maggie Swanson,F25-29,12,Female,United States,1:04:39,6:24,5:18:14,3:57,3:36:05,10:09:18
101,1077,Kelly Miller,F40-44,11,Female,Australia,1:10:05,5:41,5:05:25,4:22,3:44:20,10:09:53
102,264,Jacqui Giuliano,F35-39,16,Female,United States,1:12:31,4:03,5:29:23,4:33,3:20:06,10:10:36
103,44,Fiona Moriarty,FPRO,44,Female,Ireland,1:01:58,2:56,5:05:16,2:51,3:57:50,10:10:51
104,291,Andrea Richardson,F35-39,17,Female,United States,1:16:55,4:29,5:13:48,4:55,3:31:26,10:11:34
105,154,Simona Dolinar Majdic,F35-39,18,Female,Slovenia,59:51,3:56,5:41:36,4:05,3:24:10,10:13:38
106,269,Tara Mcwilliams,F35-39,19,Female,United States,59:47,4:15,5:29:38,3:28,3:36:43,10:13:49
107,262,Jenny Boulmeti,F35-39,20,Female,Greece,1:08:25,3:00,5:09:49,3:06,3:49:45,10:14:05
108,1251,Kathrin Stausberg,F40-44,12,Female,Germany,1:06:04,4:28,5:31:29,3:14,3:29:27,10:14:42
109,946,Aurélie Mazat,F30-34,17,Female,France,1:06:59,4:06,5:22:58,4:14,3:36:48,10:15:04
110,987,Ilona Eversdijk,F30-34,18,Female,Netherlands,56:34,3:03,5:11:57,2:58,4:00:47,10:15:19
111,313,Malgorzata Szczesna,F35-39,21,Female,Poland,1:13:33,4:33,5:22:54,5:01,3:30:19,10:16:20
112,306,Brittaney Talbot,F35-39,22,Female,United States,1:07:35,3:25,5:40:32,4:12,3:20:42,10:16:26
113,251,Alexandra Hebbe,F35-39,23,Female,Germany,1:20:22,5:08,5:16:29,3:33,3:31:10,10:16:41
114,1210,Steffi Steinberg,F40-44,13,Female,Germany,1:05:56,3:57,5:12:23,3:36,3:50:53,10:16:45
115,2221,Katharina Grölz,F45-49,3,Female,Germany,1:12:15,3:23,5:15:46,3:10,3:42:30,10:17:04
116,385,Emma Cockcroft,F35-39,24,Female,United Kingdom,1:01:15,3:50,5:05:03,2:42,4:04:37,10:17:26
117,20,Jodie Robertson,FPRO,45,Female,United States,59:54,3:11,5:08:00,4:15,4:02:46,10:18:05
118,1358,Williana Rojas M.,F40-44,14,Female,Panama,1:25:11,3:56,5:10:47,4:56,3:33:23,10:18:13
119,873,Annabelle Bramwell,F30-34,19,Female,New Zealand,1:03:22,3:31,5:24:36,3:34,3:43:24,10:18:27
120,919,Christina Charles,F30-34,20,Female,Canada,59:57,4:02,5:22:30,4:55,3:47:18,10:18:43
121,312,Viki Stelma-Boviatsis,F35-39,25,Female,Netherlands,58:16,3:46,5:13:21,3:48,3:59:43,10:18:54
122,816,Natalie Sutton,F30-34,21,Female,New Zealand,1:07:18,5:06,5:25:23,3:31,3:37:36,10:18:54
123,1576,Sandra Dänzer,F50-54,1,Female,Switzerland,1:12:18,5:30,5:03:29,4:31,3:53:43,10:19:29
124,929,Leanne Szeto,F30-34,22,Female,Hong Kong,1:03:27,4:27,5:27:47,4:11,3:40:04,10:19:56
125,1818,Kelly Barton,F25-29,13,Female,United States,1:00:52,6:22,5:25:42,5:46,3:41:20,10:20:02
126,1834,Ophelie Saussus,F25-29,14,Female,Belgium,1:06:59,4:13,5:24:08,2:59,3:42:07,10:20:28
127,1741,Shawnie Lovatt,F25-29,15,Female,United Kingdom,1:06:03,4:43,5:31:54,2:45,3:35:14,10:20:38
128,1365,Mareike Eißmann,F40-44,15,Female,Germany,1:14:14,5:48,5:26:13,6:10,3:28:44,10:21:09
129,1035,Carolina Fernández Ortuño,F30-34,23,Female,Spain,1:04:13,4:25,5:33:43,3:04,3:35:45,10:21:10
130,830,Olivia Ghisoni,F30-34,24,Female,France,1:03:26,3:29,5:17:50,3:34,3:53:01,10:21:20
131,1287,Maija Hovila,F40-44,16,Female,Finland,1:12:49,3:46,5:19:26,7:55,3:37:41,10:21:38
132,1845,Rachel Illgen,F25-29,16,Female,United States,57:10,6:31,5:27:09,8:02,3:42:47,10:21:39
133,51,Hilary Hughes,FPRO,46,Female,Ireland,1:16:34,3:55,5:32:37,5:13,3:24:11,10:22:29
134,241,Kirsty Wood,F35-39,26,Female,United Kingdom,1:06:07,4:03,5:31:23,3:06,3:38:32,10:23:12
135,906,Pia Kanebley,F30-34,25,Female,Germany,1:08:41,3:59,5:14:44,3:44,3:52:28,10:23:37
136,1793,Laura Beanland-Stephens,F25-29,17,Female,New Zealand,1:00:46,4:17,5:16:52,3:04,3:59:10,10:24:09
137,1766,Nadine Scherübl,F25-29,18,Female,Germany,1:08:00,5:20,5:23:48,3:45,3:43:45,10:24:38
138,294,Lauren Palmer,F35-39,27,Female,United States,1:07:37,3:46,5:20:23,3:00,3:49:59,10:24:46
139,833,Raquel Nuvolini Wajngarten,F30-34,26,Female,Brazil,1:07:17,5:11,5:10:18,2:36,3:59:35,10:24:57
140,1770,Stephanie Clutterbuck,F25-29,19,Female,United Kingdom,52:37,3:52,4:53:57,3:28,4:31:20,10:25:15
141,1201,Dawn Neal,F40-44,17,Female,Canada,55:52,7:33,5:45:09,5:10,3:31:50,10:25:33
142,2046,Pamela Espinoza Dans,F45-49,4,Female,Chile,1:09:34,5:42,5:25:25,5:17,3:40:06,10:26:04
143,357,Lisa Holt,F35-39,28,Female,United States,1:11:40,5:03,5:23:55,3:31,3:42:07,10:26:16
144,2108,Beatrix Cser,F45-49,5,Female,Hungary,1:11:56,5:22,4:59:27,4:14,4:05:53,10:26:51
145,1792,Hannah Martin,F25-29,20,Female,New Zealand,1:04:30,5:05,5:12:47,3:29,4:01:36,10:27:27
146,997,Eline Granne,F30-34,27,Female,Norway,1:16:08,4:36,5:22:57,3:53,3:40:05,10:27:39
147,379,Riin Buddell,F35-39,29,Female,Estonia,1:11:01,5:07,5:27:25,3:51,3:40:55,10:28:18
148,2258,Sarah Pearce-Gieck,F45-49,6,Female,Canada,1:06:08,5:40,5:33:13,4:29,3:38:53,10:28:22
149,352,Amanda Castor,F35-39,30,Female,Brazil,1:09:26,5:15,5:20:05,4:36,3:49:07,10:28:29
150,1213,Livia Bustamante Da Rocha Mendes,F40-44,18,Female,Brazil,1:14:55,3:57,5:20:33,2:41,3:46:35,10:28:41
151,138,Emma Moon,F35-39,31,Female,Australia,59:03,3:21,5:30:56,5:01,3:50:38,10:28:59
152,1682,Natasja Barclay,F50-54,2,Female,New Zealand,1:00:41,3:42,5:25:50,4:28,3:54:34,10:29:15
153,1102,Maria Florencia Diaz Philippi,F40-44,19,Female,Argentina,1:10:16,5:09,5:23:17,3:50,3:47:11,10:29:44
154,1559,Edina Jung,F50-54,3,Female,Switzerland,1:10:17,5:51,5:26:50,3:41,3:43:26,10:30:05
155,1353,Manue Hooper-Bue,F40-44,20,Female,Australia,1:05:24,5:18,5:33:14,4:15,3:42:20,10:30:31
156,1023,Jill Jacinth,F30-34,28,Female,United States,1:08:15,6:36,5:07:26,5:34,4:03:03,10:30:54
157,2176,Teresa Webb,F45-49,7,Female,United States,59:02,4:26,5:33:36,4:31,3:49:25,10:31:00
158,841,Caitlin Switaj,F30-34,29,Female,United States,1:00:37,4:24,5:56:06,5:41,3:24:43,10:31:30
159,1646,Mariluz Arellano,F50-54,4,Female,Ecuador,1:15:42,5:58,5:16:09,3:33,3:50:09,10:31:31
160,1279,Anne Clinton,F40-44,21,Female,United States,1:09:09,7:06,5:30:40,3:25,3:41:23,10:31:44
161,1738,Louise Hede Jensen,F25-29,21,Female,Denmark,1:16:30,4:51,5:21:50,3:39,3:45:30,10:32:20
162,1172,Rachel Teren,F40-44,22,Female,United States,1:12:21,6:13,5:33:14,4:45,3:36:06,10:32:40
163,887,Melanie Pirinoli Guyot,F30-34,30,Female,Switzerland,1:05:18,4:40,5:34:21,3:52,3:44:36,10:32:47
164,936,Johanna Pennella,F30-34,31,Female,Argentina,1:10:50,4:23,5:26:47,3:09,3:47:39,10:32:49
165,2177,Emily Rollins,F45-49,8,Female,United States,1:08:56,5:17,5:28:06,5:56,3:44:47,10:33:02
166,1836,Apolline Cellier,F25-29,22,Female,France,1:08:13,4:35,5:41:49,3:18,3:35:09,10:33:05
167,1192,Lin Xu,F40-44,23,Female,China,1:05:49,6:32,5:33:50,3:40,3:43:42,10:33:33
168,1107,Kirsten Sass,F40-44,24,Female,United States,1:05:37,4:34,5:28:06,3:47,3:51:36,10:33:40
169,1100,Nadine Stillger,F40-44,25,Female,Germany,1:25:41,8:16,5:24:06,10:46,3:25:09,10:33:57
170,1066,Beate Van Loo-Born,F40-44,26,Female,Germany,1:13:58,6:51,5:14:57,4:06,3:54:19,10:34:12
171,1847,Megan Tuncer,F25-29,23,Female,United States,1:06:06,5:29,5:23:49,10:16,3:48:34,10:34:14
172,1160,Rebecca Campbell,F40-44,27,Female,United Kingdom,1:12:54,6:11,5:43:30,4:45,3:27:06,10:34:26
173,1260,Amy Corrigan,F40-44,28,Female,United States,1:21:55,5:44,5:15:11,3:47,3:47:53,10:34:29
174,2209,Britta Wenske,F45-49,9,Female,Germany,1:06:51,4:26,5:33:41,3:26,3:46:11,10:34:36
175,922,Sarah Kay,F30-34,32,Female,South Africa,56:27,5:35,5:37:05,4:02,3:52:02,10:35:11
176,920,Andrea Gableman,F30-34,33,Female,United States,1:04:36,3:53,5:44:15,2:45,3:39:45,10:35:15
177,1774,Aleisha Williams,F25-29,24,Female,New Zealand,1:06:19,5:08,5:24:59,4:21,3:54:50,10:35:37
178,208,Inbar Zahavi Meyer,F35-39,32,Female,Israel,1:09:32,4:11,5:32:58,4:31,3:44:26,10:35:38
179,1293,Sarah Howitt,F40-44,29,Female,Australia,1:10:33,4:13,5:37:39,3:33,3:39:52,10:35:49
180,1838,Haley Mcinerny,F25-29,25,Female,United States,52:42,3:59,5:34:10,4:29,4:00:29,10:35:50
181,186,Jenny Stoner,F35-39,33,Female,United States,1:10:57,3:48,5:21:04,4:39,3:55:37,10:36:05
182,939,Alessandra Derme,F30-34,34,Female,Italy,1:03:21,6:59,5:33:52,6:28,3:45:29,10:36:09
183,147,Silke Piri,F35-39,34,Female,Germany,1:27:40,4:06,5:27:27,3:58,3:33:04,10:36:16
184,1301,Melissa Barrett,F40-44,30,Female,United States,1:11:15,6:01,5:35:37,3:55,3:39:42,10:36:30
185,1771,Bexx Swainson,F25-29,26,Female,New Zealand,1:02:17,3:27,5:32:00,4:49,3:54:08,10:36:41
186,268,Merve Güney,F35-39,35,Female,Turkey,1:02:30,3:38,5:21:39,3:27,4:05:35,10:36:49
187,1928,Elke Dom,F45-49,10,Female,Monaco,1:09:23,5:02,5:19:41,5:24,3:57:37,10:37:08
188,2094,Ewa Urbanska,F45-49,11,Female,Poland,1:16:30,4:24,5:19:16,3:48,3:53:14,10:37:12
189,879,Danielle De Launey,F30-34,35,Female,Australia,1:00:39,4:53,5:29:07,3:57,3:58:38,10:37:13
190,1255,Jacquelyn Foley,F40-44,31,Female,United States,55:53,3:25,5:43:23,5:17,3:49:27,10:37:25
191,1097,Erica Booth,F40-44,32,Female,United Kingdom,1:05:34,4:17,5:22:44,3:31,4:01:35,10:37:42
192,1837,Leslie Peterson,F25-29,27,Female,United States,1:04:34,3:57,5:33:21,4:00,3:51:55,10:37:48
193,361,Hilde Johannessen,F35-39,36,Female,Norway,1:09:25,4:33,5:40:57,3:55,3:39:47,10:38:37
194,2233,Lori Sherlock,F45-49,12,Female,United States,1:02:24,5:06,5:38:23,3:52,3:49:19,10:39:03
195,162,Ellen Wexler,F35-39,37,Female,United States,1:17:03,5:31,5:16:02,5:31,3:54:58,10:39:06
196,1050,Larissa Vogt,F30-34,36,Female,Switzerland,1:07:22,4:20,5:18:15,4:43,4:04:39,10:39:20
197,961,Liv Devitt,F30-34,37,Female,United States,1:12:17,4:43,5:18:54,3:40,3:59:57,10:39:31
198,395,Paula Bau,F35-39,38,Female,Brazil,1:06:02,7:35,5:26:07,5:38,3:54:18,10:39:39
199,363,Elisabeth Rustad-Nilssen,F35-39,39,Female,Norway,1:25:44,5:39,5:30:48,5:28,3:32:17,10:39:56
200,786,Michelle Enslin,F55-59,1,Female,South Africa,1:10:35,4:35,5:22:37,3:55,3:58:25,10:40:06
201,1374,Isabelle Vernaz,F40-44,33,Female,France,1:10:25,4:36,5:30:03,2:40,3:52:32,10:40:16
202,944,Sophie Hedges,F30-34,38,Female,United Kingdom,1:07:41,3:00,5:33:58,2:35,3:53:06,10:40:19
203,1779,Brittani Bennett,F25-29,28,Female,United States,58:06,5:27,5:53:50,4:55,3:38:23,10:40:40
204,990,Allison Jacob,F30-34,39,Female,Canada,1:10:33,4:01,5:38:23,4:57,3:42:51,10:40:46
205,234,Christine Massey,F35-39,40,Female,United States,1:01:25,4:15,5:16:22,4:21,4:14:28,10:40:51
206,840,Chigusa Yamashita,F30-34,40,Female,Japan,1:04:49,7:13,5:29:47,4:41,3:54:56,10:41:27
207,1955,Victoria Hill,F45-49,13,Female,United Kingdom,1:10:23,6:13,5:42:03,4:17,3:38:47,10:41:43
208,1902,Aubrie Yarbrough,F18-24,3,Female,United States,1:05:16,5:23,5:49:08,4:29,3:37:32,10:41:46
209,1553,Beni Gras-Thompson,F50-54,5,Female,United States,1:06:42,4:41,5:04:37,4:44,4:21:45,10:42:28
210,284,Maisha Seebeck,F35-39,41,Female,United States,1:06:56,4:34,5:32:41,4:24,3:53:53,10:42:29
211,1012,Ha Na Lee,F30-34,41,Female,United States,1:12:36,4:50,5:17:34,3:15,4:04:17,10:42:32
212,1092,Thaís Costa,F40-44,34,Female,Brazil,57:04,6:51,5:30:17,5:43,4:02:59,10:42:54
213,134,Berber Kramer,F35-39,42,Female,Netherlands,1:14:05,3:32,5:02:12,3:18,4:19:47,10:42:55
214,203,Annette Rogers,F35-39,43,Female,United States,1:01:14,3:37,5:56:00,3:12,3:39:23,10:43:27
215,1814,Lucy Bartholomew,F25-29,29,Female,Australia,1:12:31,5:53,5:50:36,3:56,3:30:44,10:43:41
216,351,Katie Treston-Torney,F35-39,44,Female,United States,1:08:26,4:22,5:23:45,3:05,4:04:05,10:43:44
217,970,Billie-Lee Haresnape,F30-34,42,Female,New Zealand,1:11:34,4:37,5:39:59,4:18,3:43:40,10:44:08
218,855,Aylin Mohr,F30-34,43,Female,Germany,1:12:26,5:14,5:07:45,5:20,4:13:26,10:44:10
219,1880,Clara Debiassi,F18-24,4,Female,Argentina,1:01:09,3:35,5:48:56,2:33,3:48:25,10:44:39
220,260,Vanssa Foerster,F35-39,45,Female,United States,1:09:26,4:40,5:30:01,4:04,3:56:34,10:44:46
221,191,Laurel Richardson,F35-39,46,Female,Canada,1:08:15,4:55,5:38:16,3:50,3:49:41,10:44:57
222,835,Lena Reichgardt,F30-34,44,Female,Germany,1:08:42,4:56,5:32:16,4:33,3:54:36,10:45:03
223,1859,Erin Oliphant,F25-29,30,Female,United States,54:37,4:22,5:25:21,3:36,4:17:09,10:45:05
224,1027,Lisa Femerling,F30-34,45,Female,Germany,1:07:48,4:04,5:45:00,5:54,3:42:47,10:45:34
225,1813,Amelia Zwiener,F25-29,31,Female,United States,1:04:09,5:54,5:27:14,4:56,4:03:33,10:45:46
226,1796,Sara Bellapart,F25-29,32,Female,Spain,1:13:27,5:59,5:34:12,4:33,3:47:36,10:45:47
227,1400,Paulina Prugar-Fukowska,F40-44,35,Female,Poland,1:14:37,5:59,5:26:24,3:53,3:54:54,10:45:47
228,1317,Emma Åberg,F40-44,36,Female,Sweden,59:59,5:57,5:33:03,7:22,3:59:27,10:45:48
229,1034,Sarah Goossens,F30-34,46,Female,Belgium,1:06:44,5:40,5:18:01,4:52,4:11:20,10:46:36
230,305,Alanna Hollborn,F35-39,47,Female,United States,1:16:32,4:50,5:33:49,4:26,3:47:06,10:46:43
231,2009,Laura Yost,F45-49,14,Female,United States,1:13:21,3:46,5:22:17,3:50,4:03:38,10:46:51
232,326,Isabel Solsona Garcia,F35-39,48,Female,Spain,1:12:55,3:57,5:40:58,4:02,3:45:11,10:47:02
233,1057,Laura Hermann,F30-34,47,Female,United States,1:12:34,5:50,5:34:20,5:42,3:48:58,10:47:24
234,926,Becca Fellows,F30-34,48,Female,United Kingdom,1:08:24,4:31,5:41:49,3:23,3:49:30,10:47:37
235,1693,Louise Wells,F50-54,6,Female,Bermuda,1:17:20,7:18,5:28:14,4:15,3:50:48,10:47:55
236,143,Perla Janet Perales Cazares,F35-39,49,Female,Mexico,1:23:54,4:58,5:47:12,5:03,3:27:58,10:49:04
237,986,Jo Wright,F30-34,49,Female,United Kingdom,1:10:54,3:31,5:12:54,3:02,4:18:45,10:49:06
238,872,Brittney Litton,F30-34,50,Female,New Zealand,1:11:09,7:11,5:26:40,5:16,3:58:50,10:49:07
239,883,Malgorzata Nowak,F30-34,51,Female,Poland,1:21:08,3:53,5:35:27,3:41,3:45:21,10:49:30
240,218,Maiko Ota,F35-39,50,Female,Japan,1:00:43,4:06,5:40:10,4:48,3:59:46,10:49:33
241,1025,Aurelie Rocher,F30-34,52,Female,United States,1:12:26,5:21,5:51:08,3:56,3:36:54,10:49:45
242,1899,Claire Calkins,F18-24,5,Female,United States,1:10:31,4:53,5:42:05,4:26,3:47:52,10:49:46
243,826,Kara Mosteller,F30-34,53,Female,United States,1:14:07,6:43,5:24:56,5:07,3:59:01,10:49:54
244,1911,Aleksandra Anchina,F18-24,6,Female,Kyrgyzstan,1:06:05,3:10,5:40:18,2:31,3:57:55,10:50:00
245,783,Karen Smith,F55-59,2,Female,Bermuda,1:11:25,5:07,5:42:17,4:16,3:47:06,10:50:10
246,257,Olivia Peytour,F35-39,51,Female,France,1:06:27,3:44,5:37:06,5:13,3:57:45,10:50:16
247,132,Meghan Grant,F35-39,52,Female,United States,1:04:07,4:39,5:38:39,4:32,3:58:25,10:50:22
248,1073,Taryn Spates,F40-44,37,Female,United States,1:15:37,8:39,5:24:41,7:11,3:54:19,10:50:27
249,2004,Andrea Osterkamp,F45-49,15,Female,Germany,1:02:35,7:42,5:32:49,7:31,4:00:05,10:50:42
250,1292,Dina Shaimerdenova,F40-44,38,Female,Kazakhstan,1:05:48,5:46,5:28:27,4:35,4:06:14,10:50:49
251,250,Silvia Duro,F35-39,53,Female,Spain,1:15:45,5:12,5:35:56,4:35,3:49:29,10:50:57
252,187,Petra Krause,F35-39,54,Female,Germany,1:12:38,5:11,5:33:51,3:55,3:55:23,10:50:57
253,935,Julia Schmitt,F30-34,54,Female,Germany,1:08:12,4:41,5:53:25,3:26,3:41:54,10:51:39
254,2083,Cat Conlan,F45-49,16,Female,Ireland,1:13:48,6:15,5:25:06,4:43,4:01:48,10:51:40
255,1220,Bridget Cressman,F40-44,39,Female,United States,1:15:23,8:56,5:31:32,8:00,3:47:51,10:51:42
256,940,Estelle Molas,F30-34,55,Female,France,1:03:24,5:15,5:41:33,7:01,3:54:34,10:51:47
257,983,Andrea Madrid,F30-34,56,Female,Colombia,1:08:59,5:57,5:18:10,6:33,4:12:35,10:52:14
258,1749,Yuval Kim Nahon,F25-29,33,Female,Israel,1:12:15,5:32,5:27:21,5:53,4:01:18,10:52:18
259,760,Marion Hebding,F55-59,3,Female,Germany,1:15:08,4:36,5:13:45,4:11,4:14:37,10:52:18
260,847,Victoria Lederer,F30-34,57,Female,United States,58:49,5:08,5:47:17,4:36,3:56:42,10:52:33
261,1367,Rocio Rodriguez Vallejo,F40-44,40,Female,Spain,1:10:32,5:12,5:57:59,3:48,3:35:02,10:52:33
262,1256,Elisabetta Mantoan,F40-44,41,Female,Italy,1:12:11,5:41,5:18:38,3:25,4:13:39,10:53:33
263,1228,Katrina Shores,F40-44,42,Female,New Zealand,1:06:17,4:45,5:46:21,3:50,3:52:44,10:53:57
264,2197,Tanja Starl,F45-49,17,Female,Austria,1:11:37,5:59,5:35:19,7:58,3:53:15,10:54:08
265,287,Jess Kahnke,F35-39,55,Female,United States,1:02:09,4:53,5:39:15,5:35,4:02:27,10:54:19
266,1146,Hailey Manning,F40-44,43,Female,United States,1:03:43,5:25,5:48:13,4:04,3:53:14,10:54:38
267,947,Julia Kilian,F30-34,58,Female,Germany,1:13:54,6:10,5:30:46,5:59,3:57:50,10:54:40
268,381,Sara Decina,F35-39,56,Female,Italy,1:12:16,4:06,5:31:34,3:46,4:03:05,10:54:47
269,1784,Amanda Macuiba,F25-29,34,Female,United States,1:04:18,5:43,5:47:29,5:36,3:51:45,10:54:51
270,1061,Anne Hildebrandt,F30-34,59,Female,Germany,1:19:58,6:06,5:27:32,6:15,3:55:19,10:55:11
271,1173,Meagan Perlstein,F40-44,44,Female,United States,1:04:45,5:08,5:32:15,4:05,4:09:01,10:55:15
272,697,Claudia Heindl,F55-59,4,Female,Germany,1:24:45,5:54,5:34:01,3:50,3:47:09,10:55:39
273,834,Larissa França,F30-34,60,Female,Brazil,1:21:14,4:59,5:30:38,5:19,3:53:38,10:55:47
274,971,Isabelle Hüsken,F30-34,61,Female,Germany,56:30,5:23,5:30:13,6:15,4:17:37,10:55:58
275,245,Ashley Mcdonald,F35-39,57,Female,United States,1:18:19,5:32,5:30:45,4:57,3:56:29,10:56:02
276,1620,Valeria Sesto,F50-54,7,Female,United Kingdom,1:11:16,4:49,5:57:19,3:50,3:39:02,10:56:17
277,1206,Marina Jurjevic,F40-44,45,Female,Croatia,1:12:20,5:38,5:25:05,6:59,4:06:44,10:56:46
278,249,Rebeca Falconi Catta Preta,F35-39,58,Female,Brazil,59:53,4:00,5:44:45,5:06,4:03:03,10:56:47
279,378,Nadine Hunt,F35-39,59,Female,Australia,1:14:20,6:32,5:49:11,3:12,3:43:34,10:56:49
280,1198,Priscila Gonçalves,F40-44,46,Female,Portugal,1:17:41,6:12,5:11:53,4:52,4:16:12,10:56:49
281,1860,Nicole Müller,F25-29,35,Female,Germany,1:06:16,5:21,5:45:30,5:17,3:54:33,10:56:57
282,1250,Kimiko Uji,F40-44,47,Female,Japan,1:03:57,5:49,5:47:34,4:22,3:55:24,10:57:06
283,492,Donna Kay-Ness,F60-64,1,Female,United States,1:08:49,5:12,5:34:00,4:24,4:04:46,10:57:10
284,1883,Cassandre Cellier,F18-24,7,Female,France,1:05:02,4:15,5:40:48,3:03,4:04:10,10:57:18
285,1683,Bettina Steiger,F50-54,8,Female,Switzerland,1:13:43,4:56,5:43:09,5:17,3:50:37,10:57:42
286,937,Camila Rutford,F30-34,62,Female,United States,1:14:24,4:58,5:37:55,6:37,3:53:54,10:57:48
287,1283,Carrie Tysdahl,F40-44,48,Female,United States,1:11:08,4:53,5:37:44,3:21,4:00:45,10:57:51
288,959,Charlotte Klindworth,F30-34,63,Female,Germany,1:13:03,5:32,5:22:09,4:57,4:12:19,10:58:00
289,327,Mary Kathryn Bowman Choat,F35-39,60,Female,United States,1:08:23,7:32,5:43:46,7:06,3:51:20,10:58:06
290,1798,Emilie Bonnet,F25-29,36,Female,France,1:10:14,4:53,5:46:16,4:39,3:52:20,10:58:22
291,265,Tuxa Fdez-Coronado Alonso,F35-39,61,Female,Spain,1:12:04,5:11,5:38:44,4:01,3:58:36,10:58:36
292,1158,Valérie Schmidt,F40-44,49,Female,Switzerland,1:06:11,4:09,5:39:56,3:19,4:05:10,10:58:45
293,1137,Lindsay Cole,F40-44,50,Female,Canada,1:09:52,3:52,5:33:23,5:30,4:06:15,10:58:51
294,1080,Sylvia Van Tromp,F40-44,51,Female,South Africa,56:39,4:35,5:32:07,5:48,4:20:07,10:59:17
295,295,Kelsey Barnholt,F35-39,62,Female,United States,1:21:33,5:32,5:50:34,4:18,3:37:26,10:59:23
296,2150,Mieko Ochsner,F45-49,18,Female,United States,1:19:27,3:31,5:39:35,4:22,3:52:39,10:59:36
297,1748,Vega Ortega Daniela,F25-29,37,Female,Mexico,1:29:15,4:53,5:44:24,4:13,3:37:05,10:59:51
298,1011,Kayla Edwards,F30-34,64,Female,United States,1:11:03,6:15,5:24:20,6:37,4:11:45,11:00:00
299,197,Melanie Ott,F35-39,63,Female,United States,1:12:49,4:57,5:28:19,3:48,4:10:15,11:00:09
300,1875,Josie Smailes,F18-24,8,Female,United Kingdom,1:07:39,4:26,5:43:19,3:54,4:01:16,11:00:34
301,1930,Liza Rachetto,F45-49,19,Female,United States,1:02:29,4:13,5:32:02,3:44,4:18:14,11:00:43
302,917,Christiane Steger,F30-34,65,Female,Germany,1:16:38,4:47,5:49:37,3:34,3:46:12,11:00:47
303,1501,Rachel Crunk,F50-54,9,Female,United States,1:25:03,3:49,5:34:13,4:27,3:53:19,11:00:51
304,201,Melanie Petri,F35-39,64,Female,Germany,1:09:29,4:24,5:31:01,6:52,4:09:22,11:01:08
305,754,Sally Salter,F55-59,5,Female,United Kingdom,1:18:07,6:43,5:33:07,6:39,3:56:39,11:01:15
306,957,Elisa Mian,F30-34,66,Female,United States,1:01:56,5:07,5:45:37,4:04,4:04:44,11:01:28
307,1312,Michelle Erwin,F40-44,52,Female,United States,1:20:40,5:25,5:22:19,5:45,4:07:35,11:01:43
308,2159,Caroline Ashby,F45-49,20,Female,Australia,1:02:33,5:06,5:43:27,5:11,4:05:28,11:01:45
309,860,Ina Born,F30-34,67,Female,Germany,1:17:20,5:04,5:34:38,3:57,4:00:58,11:01:58
310,1663,Lyndsay Meyer,F50-54,10,Female,United States,1:06:49,5:22,5:35:51,5:33,4:08:35,11:02:11
311,1205,Katie Reynolds,F40-44,53,Female,United States,1:19:26,7:11,5:48:01,6:22,3:41:28,11:02:27
312,204,Heather Helms,F35-39,65,Female,United States,1:16:26,5:34,5:35:40,4:41,4:00:13,11:02:34
313,217,Luchi Dibbern,F35-39,66,Female,Argentina,1:14:08,5:15,5:46:26,4:09,3:52:46,11:02:44
314,2213,Rosa Fernandes,F45-49,21,Female,Brazil,1:13:26,6:43,5:44:17,5:42,3:52:38,11:02:45
315,839,Brenda Bernard,F30-34,68,Female,Argentina,1:08:18,9:11,6:02:59,7:04,3:35:16,11:02:48
316,1006,Ruta Juškeviciute,F30-34,69,Female,Lithuania,1:22:45,6:55,5:52:55,7:21,3:32:57,11:02:53
317,938,Wang Ruby Cheng,F30-34,70,Female,Hong Kong,1:01:09,4:56,5:30:08,4:32,4:22:17,11:03:02
318,1215,Nuzia Naila Gomes Batista,F40-44,54,Female,Brazil,1:28:11,5:19,5:24:16,5:10,4:00:08,11:03:05
319,1031,Melanie Henderson,F30-34,71,Female,South Africa,1:19:10,8:18,5:37:04,4:41,3:53:57,11:03:09
320,774,Satomi Fujita,F55-59,6,Female,Japan,1:08:17,7:07,5:56:21,5:13,3:46:13,11:03:11
321,1119,Molly Zahr,F40-44,55,Female,United States,1:08:24,6:43,5:16:12,6:44,4:25:09,11:03:12
322,1743,Breanna Herring,F25-29,38,Female,United States,1:15:21,6:53,6:01:29,2:55,3:36:54,11:03:32
323,156,Jaclyn Nasser,F35-39,67,Female,United States,1:08:10,5:14,5:33:34,6:47,4:09:49,11:03:34
324,242,Debora Borsatto,F35-39,68,Female,Brazil,1:16:15,4:52,5:27:31,4:55,4:10:25,11:03:58
325,2130,Karen Russo,F45-49,22,Female,New Zealand,1:18:28,5:49,5:43:18,7:00,3:49:28,11:04:03
326,339,Marianne Geisler,F35-39,69,Female,France,1:14:46,6:03,5:34:21,5:52,4:03:26,11:04:28
327,1345,Kayla Kielar,F40-44,56,Female,United States,1:08:52,4:41,5:37:02,3:49,4:10:06,11:04:29
328,316,Anna Pfoser,F35-39,70,Female,Austria,1:16:01,4:39,5:28:29,4:26,4:10:57,11:04:33
329,818,Pamela Lo Duca,F30-34,72,Female,Brazil,1:13:49,5:23,5:13:22,5:10,4:27:05,11:04:49
330,1104,Mylène Chalvin,F40-44,57,Female,France,1:14:04,5:34,5:55:50,4:30,3:44:52,11:04:49
331,1328,Tarja Masalin,F40-44,58,Female,Finland,1:19:56,6:59,5:52:31,4:19,3:41:09,11:04:54
332,848,Eva Kodouskova,F30-34,73,Female,Czechia,1:07:47,4:29,5:32:38,4:02,4:16:22,11:05:19
333,1028,Meghan Howell,F30-34,74,Female,Canada,1:07:53,5:00,5:17:58,4:09,4:30:22,11:05:21
334,1099,Anna Wachtershauser,F40-44,59,Female,Germany,1:14:10,4:37,5:32:17,6:01,4:08:16,11:05:22
335,992,Kristy Blair,F30-34,75,Female,Canada,1:21:50,6:44,5:30:05,4:43,4:02:29,11:05:52
336,1415,Sabrine Fossari Tosta Bethlem,F40-44,60,Female,Brazil,1:21:07,7:42,5:43:13,8:10,3:46:08,11:06:21
337,2087,Heather Schuh,F45-49,23,Female,United States,1:16:55,4:57,5:31:59,4:14,4:08:18,11:06:23
338,1593,Rebecca McKee,F50-54,11,Female,United States,1:11:54,3:48,5:29:33,3:48,4:17:26,11:06:29
339,1746,Alexa Scheel,F25-29,39,Female,United States,1:04:37,4:13,5:46:44,3:55,4:07:12,11:06:40
340,2058,Amy Hite,F45-49,24,Female,United States,1:10:23,5:39,5:39:55,5:38,4:05:08,11:06:44
341,710,Leslie Sanderson,F55-59,7,Female,Canada,1:00:51,4:30,5:39:07,4:54,4:17:28,11:06:49
342,1803,Rebecca Collinson,F25-29,40,Female,United Kingdom,1:10:37,6:43,5:36:46,3:41,4:09:15,11:07:03
343,224,Ursula Seisenberger,F35-39,71,Female,Germany,1:35:36,5:43,5:09:59,4:15,4:11:49,11:07:21
344,1169,Janine Gürsch,F40-44,61,Female,Germany,1:12:27,5:26,5:13:05,5:16,4:31:08,11:07:22
345,1352,Sakiko Miyake,F40-44,62,Female,Japan,1:10:08,4:48,5:59:16,5:07,3:48:42,11:08:02
346,907,Anna Peterek,F30-34,76,Female,Poland,1:08:23,7:10,5:49:52,8:45,3:54:00,11:08:08
347,354,Jessica Alberico,F35-39,72,Female,United States,1:15:38,5:17,6:03:17,3:00,3:41:01,11:08:13
348,1128,Conny Blumert,F40-44,63,Female,Germany,1:05:22,4:16,5:28:24,6:19,4:23:53,11:08:15
349,1418,Daniele Flammang,F50-54,12,Female,Luxembourg,1:13:03,6:30,5:49:28,4:45,3:54:33,11:08:18
350,1656,Cailla Patterson,F50-54,13,Female,Canada,1:07:34,5:16,5:48:06,4:21,4:03:03,11:08:21
351,2109,Birgit Querdel,F45-49,25,Female,Germany,1:08:40,5:44,5:53:45,8:22,3:52:10,11:08:41
352,2079,Lorena Farina,F45-49,26,Female,Argentina,1:16:19,7:06,5:37:04,4:53,4:03:33,11:08:54
353,991,Samantha Ecker,F30-34,77,Female,Luxembourg,1:10:52,6:38,5:30:24,6:00,4:15:02,11:08:55
354,1963,Cindy Maloney,F45-49,27,Female,Canada,1:19:18,4:54,5:42:23,6:52,3:55:44,11:09:11
355,1307,Blair Elefant,F40-44,64,Female,United States,1:12:17,7:58,5:38:42,8:05,4:02:25,11:09:28
356,1085,Katie Dickerson,F40-44,65,Female,United States,1:06:43,7:30,6:14:09,5:47,3:35:32,11:09:40
357,253,Nadine Schmidt,F35-39,73,Female,Germany,1:06:18,4:18,5:09:36,3:34,4:45:59,11:09:46
358,273,Christel Garcia Billault,F35-39,74,Female,France,1:16:57,4:59,5:44:11,4:20,3:59:21,11:09:47
359,1679,Jennifer Temperley,F50-54,14,Female,United States,1:02:16,5:12,5:29:20,4:54,4:28:16,11:09:59
360,1864,Fanny Belais,F25-29,41,Female,Switzerland,1:08:50,6:15,5:51:05,3:49,4:00:03,11:10:03
361,286,Sophie Vandepitte,F35-39,75,Female,Belgium,1:18:52,6:25,5:34:59,6:27,4:03:26,11:10:09
362,1819,Marie-Theres Gurschler,F25-29,42,Female,Austria,1:14:33,8:01,5:28:47,5:45,4:13:25,11:10:32
363,877,Marie-Cristine Kaptan,F30-34,78,Female,Switzerland,1:19:09,6:29,5:47:15,5:08,3:52:35,11:10:37
364,1919,Marine Panagiotidis,F18-24,9,Female,Belgium,1:03:09,4:59,5:41:34,5:07,4:15:53,11:10:42
365,951,Bárbara Vallejos Cáceres,F30-34,79,Female,Chile,1:20:10,7:25,5:54:52,4:39,3:43:57,11:11:03
366,1235,Felicity Joyce,F40-44,66,Female,United States,1:06:19,5:09,5:01:31,3:57,4:54:13,11:11:08
367,2116,Karen Woodward,F45-49,28,Female,United States,1:22:39,9:12,5:16:38,5:14,4:17:25,11:11:08
368,356,Lotte Van Trigt,F35-39,76,Female,Netherlands,1:17:17,5:58,5:28:06,4:48,4:15:06,11:11:15
369,2082,Kate Brown,F45-49,29,Female,New Zealand,1:02:33,6:46,5:36:23,7:45,4:17:52,11:11:18
370,1647,Rachel Matthews,F50-54,15,Female,Australia,1:07:34,7:46,5:41:44,4:25,4:10:01,11:11:29
371,270,Christine Meyer,F35-39,77,Female,United States,1:21:31,5:29,5:57:48,4:42,3:42:09,11:11:40
372,2164,Kelly Cunningham,F45-49,30,Female,United States,1:18:02,10:22,5:45:22,5:28,3:52:40,11:11:55
373,1094,Kerri Dewe,F40-44,67,Female,New Zealand,1:14:20,4:50,5:48:19,3:10,4:01:19,11:11:58
374,448,Linda Hurley,F60-64,2,Female,United States,1:06:16,5:24,5:32:46,4:43,4:23:07,11:12:17
375,892,Ewelina Tarnawa,F30-34,80,Female,Poland,1:23:18,5:14,5:41:37,4:51,3:57:19,11:12:20
376,979,Lois Pickering,F30-34,81,Female,Australia,1:12:48,5:42,5:39:26,4:48,4:09:45,11:12:29
377,2173,Renata Bencova,F45-49,31,Female,Czechia,1:07:46,7:41,5:42:23,5:48,4:08:52,11:12:30
378,1142,Theresa Graninger,F40-44,68,Female,United States,1:09:28,5:20,5:39:05,6:14,4:12:28,11:12:34
379,1831,Kristin Jenny,F25-29,43,Female,United States,1:04:12,5:05,5:31:04,4:51,4:27:48,11:13:00
380,928,Helene Bam,F30-34,82,Female,South Africa,1:13:22,5:31,5:31:23,5:42,4:17:33,11:13:31
381,2041,Valentina Sestan,F45-49,32,Female,Italy,1:22:48,5:13,5:56:10,3:32,3:45:57,11:13:41
382,193,Stephanie Melkonian,F35-39,78,Female,United States,1:06:29,3:53,6:03:40,4:08,3:55:37,11:13:46
383,2010,Kathryn Aguilar,F45-49,33,Female,United States,1:06:39,5:54,5:38:22,7:39,4:15:15,11:13:48
384,886,Célénie Piccot,F30-34,83,Female,France,1:08:30,5:47,5:53:39,6:04,3:59:50,11:13:51
385,941,Megan Reuss,F30-34,84,Female,United States,1:10:26,6:44,5:55:45,3:43,3:57:16,11:13:54
386,1341,Kelly Emich Lambert,F40-44,69,Female,United States,1:26:28,5:47,5:47:30,6:43,3:47:30,11:13:59
387,495,Kaisa Jakobsen,F60-64,3,Female,Finland,1:15:46,6:21,5:45:25,4:42,4:01:52,11:14:05
388,1347,Katie Messerall,F40-44,70,Female,United States,1:25:27,6:44,6:00:51,5:25,3:35:43,11:14:11
389,198,Tory Appleby,F35-39,79,Female,United Kingdom,1:21:43,5:55,6:16:21,4:27,3:25:46,11:14:13
390,981,Melissa Abbey,F30-34,85,Female,South Africa,1:12:01,6:37,5:46:14,5:21,4:04:02,11:14:14
391,1820,Emily Hoy,F25-29,44,Female,United States,1:29:26,6:18,5:44:55,10:19,3:43:19,11:14:17
392,1802,Alison Doswell,F25-29,45,Female,United States,1:01:54,6:39,6:06:16,7:04,3:52:23,11:14:17
393,1370,Brie Mcsherry,F40-44,71,Female,United States,1:18:04,6:52,5:55:28,6:52,3:47:14,11:14:29
394,836,Angela Kay,F30-34,86,Female,United States,1:13:06,5:33,5:41:27,4:36,4:10:17,11:14:58
395,881,Cassie Cobb,F30-34,87,Female,United States,1:11:38,5:19,5:42:54,5:02,4:10:11,11:15:04
396,213,Danielle Matilsky,F35-39,80,Female,United States,1:09:21,5:16,5:46:34,7:44,4:06:10,11:15:04
397,1000,Maude Sirois,F30-34,88,Female,Canada,1:06:00,6:58,5:33:01,6:42,4:22:27,11:15:09
398,393,Fernanda Bau,F35-39,81,Female,Brazil,1:06:01,7:35,5:26:06,5:39,4:29:48,11:15:09
399,168,Kristi Tobin,F35-39,82,Female,United States,1:35:41,8:43,5:17:07,7:12,4:06:31,11:15:14
400,2179,Kristel Polet,F45-49,34,Female,Belgium,1:19:22,5:14,5:42:26,5:12,4:03:06,11:15:19
401,878,Katie Solbo,F30-34,89,Female,United States,1:12:00,4:57,5:29:56,4:25,4:24:06,11:15:25
402,1246,Kimberley Barfoot-Brace,F40-44,72,Female,United Kingdom,1:18:46,7:00,5:10:19,5:23,4:34:16,11:15:44
403,292,Claire Vecchio,F35-39,83,Female,United States,1:15:39,4:51,5:32:43,4:08,4:18:25,11:15:46
404,144,Kristen Lipscomb,F35-39,84,Female,United States,1:13:29,6:15,5:33:57,5:38,4:16:27,11:15:46
405,1020,Abigail Bygrave,F30-34,90,Female,Australia,1:09:07,4:59,5:43:23,5:05,4:13:31,11:16:05
406,223,Jenni Paglia,F35-39,85,Female,Italy,1:11:03,5:04,5:32:07,4:02,4:23:53,11:16:09
407,2186,Camille King,F45-49,35,Female,United Kingdom,1:13:11,4:00,5:25:14,3:24,4:30:21,11:16:10
408,2166,Birke Thielen,F45-49,36,Female,Germany,1:13:50,5:48,5:37:28,4:27,4:14:51,11:16:24
409,1150,Carrie Heidrich,F40-44,73,Female,United States,1:09:40,6:02,5:47:05,5:45,4:07:52,11:16:25
410,2167,Cécile Treier,F45-49,37,Female,Switzerland,1:13:22,5:48,5:38:50,3:55,4:14:34,11:16:29
411,2151,Dana Bullard,F45-49,38,Female,United States,1:12:03,4:50,5:38:15,4:45,4:16:45,11:16:38
412,1854,Grace Stidham,F25-29,46,Female,United States,1:18:41,5:27,6:02:33,3:32,3:46:29,11:16:42
413,943,Giulia Demaria,F30-34,91,Female,Italy,1:05:56,4:48,5:36:09,6:05,4:23:50,11:16:49
414,2118,Burcu Aslanagi,F45-49,39,Female,Turkey,1:07:39,4:46,5:46:21,4:01,4:14:11,11:16:58
415,1824,Katie Clayton,F25-29,47,Female,United States,1:10:00,6:29,5:55:00,7:43,3:57:46,11:16:58
416,831,Sarah Latonas,F30-34,92,Female,Canada,1:08:09,7:45,5:39:24,9:47,4:12:03,11:17:08
417,900,Stephanie Nevin,F30-34,93,Female,Canada,1:17:25,5:03,5:47:48,4:24,4:02:33,11:17:13
418,1258,Kate Weiler Rose,F40-44,74,Female,United States,1:10:26,5:20,5:57:09,7:12,3:57:08,11:17:15
419,439,June Ward,F60-64,4,Female,Australia,1:21:09,6:07,6:06:07,4:08,3:40:07,11:17:37
420,1610,Gro Hege Jermstad,F50-54,16,Female,Norway,1:14:21,5:57,5:38:39,4:29,4:14:17,11:17:43
421,1483,Sharon Zupnik,F50-54,17,Female,Israel,1:17:56,7:07,5:49:00,5:19,3:58:23,11:17:46
422,996,Eva Frieden,F30-34,94,Female,United States,1:17:39,6:27,5:36:28,7:31,4:09:44,11:17:49
423,768,Peggy Yetman,F55-59,8,Female,United States,1:18:13,3:39,5:40:46,4:36,4:10:41,11:17:56
424,1219,Jessie Kenny,F40-44,75,Female,Canada,1:10:17,6:31,6:00:40,7:37,3:52:53,11:17:59
425,1186,Francesca Cusmai,F40-44,76,Female,Italy,1:13:19,5:43,5:56:47,5:33,3:56:58,11:18:20
426,153,Gillian Micoli,F35-39,86,Female,United States,1:05:09,4:48,5:43:09,3:22,4:21:55,11:18:24
427,1356,Angel Martin,F40-44,77,Female,United States,1:08:48,5:13,5:35:53,5:50,4:22:51,11:18:36
428,2066,Stacie Matthews,F45-49,40,Female,United States,1:28:51,7:13,5:49:24,4:26,3:48:47,11:18:40
429,1607,Valeria Mooney,F50-54,18,Female,Argentina,1:05:20,3:20,6:07:40,4:11,3:58:14,11:18:45
430,1357,Jennifer Vollmann,F40-44,78,Female,United States,1:15:35,6:36,5:27:56,4:42,4:24:16,11:19:06
431,1392,Corine Nelen,F40-44,79,Female,Netherlands,1:03:04,5:34,6:09:06,4:46,3:56:43,11:19:13
432,310,Debora Clair Dias,F35-39,87,Female,Brazil,1:19:17,5:55,5:34:32,5:25,4:14:08,11:19:17
433,169,Rina Fay,F35-39,88,Female,Argentina,1:15:42,5:36,5:42:40,5:44,4:09:38,11:19:20
434,1088,Elaine De Toledo,F40-44,80,Female,Brazil,1:15:38,7:05,5:46:19,6:08,4:04:20,11:19:30
435,985,Anne Peanasky,F30-34,95,Female,United States,58:40,6:02,6:00:20,4:14,4:10:15,11:19:30
436,1525,Carla Ciaudano,F50-54,19,Female,Italy,1:20:18,4:41,5:45:22,6:39,4:02:43,11:19:42
437,346,Joanne Gribler,F35-39,89,Female,United States,1:02:18,4:36,5:34:30,4:53,4:33:40,11:19:58
438,869,Chantal Ivory,F30-34,96,Female,Australia,1:13:21,7:54,5:43:17,11:02,4:04:37,11:20:11
439,1257,Sian Harries,F40-44,81,Female,United Kingdom,1:23:21,6:21,5:50:04,5:35,3:54:51,11:20:13
440,2141,Kelly Cory,F45-49,41,Female,United States,1:14:59,4:50,6:06:29,3:31,3:50:33,11:20:21
441,179,Ashley Hill,F35-39,90,Female,United States,1:28:50,6:44,5:46:06,4:28,3:54:18,11:20:25
442,868,Bruna Barreto,F30-34,97,Female,United States,1:19:33,7:55,5:38:07,5:19,4:09:31,11:20:26
443,2241,Faith Korbel,F45-49,42,Female,United States,1:04:54,8:23,6:04:07,6:35,3:56:32,11:20:32
444,206,Anne Priscila Porfirio,F35-39,91,Female,Brazil,1:21:39,5:27,5:38:44,4:59,4:09:51,11:20:38
445,1690,Julita Sikora,F50-54,20,Female,Poland,1:16:41,5:04,5:48:18,6:02,4:04:35,11:20:40
446,498,Christine Glah,F60-64,5,Female,United States,1:11:24,4:57,5:47:33,3:53,4:12:59,11:20:46
447,1493,Gina Browne,F50-54,21,Female,United States,1:19:39,6:33,5:55:00,6:46,3:52:55,11:20:54
448,293,Yasmin Halawa,F35-39,92,Female,Egypt,1:12:05,5:42,5:52:59,10:08,4:00:01,11:20:55
449,1348,Lauren Bondly,F40-44,82,Female,United States,1:12:30,7:26,6:00:21,4:39,3:56:00,11:20:57
450,232,Lori Robbins,F35-39,93,Female,United States,1:20:11,4:38,5:35:00,4:32,4:16:52,11:21:14
451,973,Sarah Kennedy-Smith,F30-34,98,Female,United States,1:27:52,5:42,5:25:18,5:42,4:16:58,11:21:32
452,1289,Raphaelle Harvey,F40-44,83,Female,Canada,1:19:13,2:49,5:41:22,2:46,4:15:24,11:21:33
453,989,Laura Martinez Bucardo,F30-34,99,Female,Spain,1:07:13,4:04,5:46:45,5:21,4:18:20,11:21:43
454,1891,Renee Vanderheyden,F18-24,10,Female,Belgium,55:20,4:41,5:46:31,3:35,4:31:57,11:22:04
455,1103,Maaike Ryngaert,F40-44,84,Female,Belgium,1:16:54,8:04,5:49:17,7:09,4:00:41,11:22:06
456,1614,Kirsten Mccay,F50-54,22,Female,United States,1:08:02,5:58,5:58:23,4:04,4:05:49,11:22:15
457,953,Chelsea Frengs,F30-34,100,Female,United States,1:09:10,8:21,5:34:08,7:10,4:23:43,11:22:32
458,188,Megan Sobecki,F35-39,94,Female,United States,1:06:16,5:28,5:48:52,6:52,4:15:06,11:22:34
459,838,Courtney Le Lay,F30-34,101,Female,Australia,1:15:02,6:12,5:22:29,5:22,4:33:29,11:22:35
460,1187,Jill Martin,F40-44,85,Female,United States,1:09:57,6:01,5:40:06,5:53,4:21:04,11:23:02
461,146,Sara Mareco,F35-39,95,Female,Brazil,1:15:00,5:00,5:55:00,5:00,4:03:22,11:23:22
462,1783,Maddy Austin,F25-29,48,Female,United Kingdom,1:03:15,5:55,6:18:33,5:51,3:49:51,11:23:26
463,184,Milica Lekovic,F35-39,96,Female,Serbia,1:16:31,6:16,5:40:27,4:57,4:15:19,11:23:30
464,382,Simone Heber,F35-39,97,Female,Germany,1:36:12,5:47,5:39:46,4:40,3:57:09,11:23:34
465,389,Chelsea Evans,F35-39,98,Female,United States,1:21:01,4:43,5:39:21,4:00,4:14:34,11:23:39
466,1558,Diane Haensel,F50-54,23,Female,United States,1:16:51,5:53,5:43:43,5:03,4:12:21,11:23:51
467,1024,Anna Dekany,F30-34,102,Female,Australia,1:13:08,5:26,5:59:54,5:26,4:00:05,11:23:58
468,2230,Sarah Lépine,F45-49,43,Female,France,1:16:24,7:16,5:49:17,8:45,4:02:22,11:24:04
469,1776,Fanny Debouvries,F25-29,49,Female,France,1:21:48,6:54,5:44:24,5:21,4:05:43,11:24:10
470,1105,Xiaoyan Fan,F40-44,86,Female,China,1:37:53,6:44,5:50:30,6:22,3:42:44,11:24:13
471,2171,Simone Gaertner,F45-49,44,Female,Germany,1:14:21,8:09,6:04:06,6:23,3:51:35,11:24:35
472,1225,Susie Ernsting,F40-44,87,Female,Canada,59:23,4:24,5:15:28,3:46,5:01:51,11:24:51
473,1338,Hilary Baude,F40-44,88,Female,United States,1:04:36,7:26,6:01:02,7:01,4:04:51,11:24:56
474,1003,Sophia Kaounas,F30-34,103,Female,United States,1:21:13,6:21,5:38:44,5:06,4:13:35,11:24:59
475,1533,Carole Badolle Dechamp,F50-54,24,Female,France,1:20:49,6:01,6:04:25,4:40,3:49:18,11:25:14
476,1959,marina matarazzo,F45-49,45,Female,Italy,1:06:47,5:52,6:04:43,5:00,4:03:28,11:25:50
477,1985,Wibke Goettken,F45-49,46,Female,Germany,1:22:15,6:08,5:47:43,6:55,4:03:11,11:26:12
478,1739,Nijina Magosaki,F25-29,50,Female,Japan,1:04:31,5:59,6:05:26,7:20,4:03:09,11:26:25
479,716,Anna Osthaus,F55-59,9,Female,Germany,1:12:25,6:09,5:41:51,5:24,4:20:45,11:26:33
480,1839,Kaitlyn Illingworth,F25-29,51,Female,Australia,1:05:43,5:24,6:04:37,7:01,4:04:22,11:27:07
481,1280,Kristen Day,F40-44,89,Female,United States,1:00:38,6:04,5:45:26,6:51,4:28:36,11:27:35
482,261,Tamy Saxinger,F35-39,99,Female,Germany,1:20:37,9:54,5:47:04,8:31,4:01:30,11:27:37
483,1197,Eline Delasorte,F40-44,90,Female,Belgium,1:13:26,4:54,6:02:17,6:41,4:00:25,11:27:43
484,315,Mallory Pullman,F35-39,100,Female,Canada,1:10:56,5:50,5:31:49,5:10,4:34:03,11:27:48
485,1842,Isabel Bustamante,F25-29,52,Female,United States,1:13:17,5:05,6:08:34,4:35,3:56:19,11:27:50
486,258,Gabriele Mehrl,F35-39,101,Female,Germany,1:11:36,5:21,6:02:24,4:35,4:04:04,11:28:00
487,893,Tamara Vazquez,F30-34,104,Female,Spain,1:25:18,5:46,6:03:08,5:38,3:48:14,11:28:05
488,1471,Sherilyn Vincent,F50-54,25,Female,Canada,1:26:38,7:02,5:41:35,8:21,4:04:34,11:28:09
489,1047,Iuliia Bondarchuk,F30-34,105,Female,Ukraine,1:12:52,5:57,5:49:27,5:08,4:14:50,11:28:13
490,1570,Thorunn Margret Gunnarsdóttir,F50-54,26,Female,Iceland,1:05:18,5:38,5:58:51,6:08,4:12:21,11:28:16
491,371,Anaise Laurene De Paula Moreira,F35-39,102,Female,Brazil,1:12:34,6:30,6:14:03,7:03,3:48:16,11:28:27
492,2068,Karen Frum,F45-49,47,Female,United States,1:11:46,7:50,6:01:45,10:01,3:57:14,11:28:36
493,2129,Katy Walmsley,F45-49,48,Female,United States,1:10:20,6:42,5:46:02,4:07,4:21:28,11:28:38
494,723,Loubna Freih,F55-59,10,Female,Switzerland,1:41:35,5:28,5:37:27,4:04,4:00:16,11:28:50
495,185,Lindsey Hogan,F35-39,103,Female,Canada,1:19:39,5:28,5:26:54,5:36,4:32:03,11:29:39
496,240,Tomo Suzaki,F35-39,104,Female,Japan,1:16:38,11:33,5:47:05,11:50,4:02:38,11:29:43
497,1705,Tanya Covello,F50-54,27,Female,Canada,1:19:01,6:38,5:44:08,8:10,4:12:05,11:30:03
498,1064,Liu Qianruo,F30-34,106,Female,China,1:17:06,7:05,5:51:37,5:58,4:08:20,11:30:05
499,1060,Ulrike Törpsch,F30-34,107,Female,Germany,1:17:03,8:36,5:39:00,6:50,4:18:44,11:30:13
500,713,Diana Hassel,F55-59,11,Female,United States,1:10:52,3:59,5:39:35,5:11,4:30:37,11:30:15
501,1787,Mia Bojer Mechula,F25-29,53,Female,Denmark,1:24:03,4:57,5:34:03,5:32,4:21:48,11:30:22
502,349,Emi Nix,F35-39,105,Female,United States,1:20:43,4:50,5:42:02,4:19,4:18:34,11:30:29
503,358,Tatiana Figueira,F35-39,106,Female,Brazil,1:15:53,4:59,5:43:34,5:32,4:20:42,11:30:40
504,1112,Ana Scarlato,F40-44,91,Female,Brazil,1:29:24,5:38,5:48:10,4:30,4:03:01,11:30:43
505,1091,Grace Stevens,F40-44,92,Female,Australia,1:09:00,4:51,5:47:25,4:55,4:24:42,11:30:52
506,1613,Marykate Mclaughlin,F50-54,28,Female,United States,1:20:17,5:43,5:39:39,5:46,4:19:37,11:31:02
507,1304,Rocio Muñoz Fuertes,F40-44,93,Female,Spain,1:10:52,6:21,5:45:28,3:45,4:24:44,11:31:11
508,227,Lindsey Klassen,F35-39,107,Female,Canada,1:21:48,6:34,5:49:30,5:54,4:07:26,11:31:12
509,1022,Marissa Judkins,F30-34,108,Female,New Zealand,1:06:45,7:23,6:07:13,8:14,4:01:55,11:31:31
510,2229,Heather Glynn,F45-49,49,Female,United States,1:15:41,5:06,5:30:06,5:37,4:35:23,11:31:54
511,289,Emily Schmidt,F35-39,108,Female,United States,1:15:47,5:20,5:53:15,5:21,4:12:14,11:31:58
512,1157,Nicole Thele,F40-44,94,Female,Germany,56:57,4:42,5:50:21,7:01,4:33:03,11:32:04
513,171,Juliana De Souza Bueno,F35-39,109,Female,Brazil,1:12:36,3:37,5:46:49,5:38,4:23:25,11:32:04
514,2235,Laura Birse,F45-49,50,Female,United States,1:13:11,4:52,5:33:04,4:31,4:36:48,11:32:26
515,1062,Ursula Nickerson,F30-34,109,Female,United States,1:04:19,6:17,5:55:18,6:03,4:20:37,11:32:33
516,1973,Alicja Stepien,F45-49,51,Female,Poland,1:16:18,7:04,5:46:31,6:27,4:16:14,11:32:34
517,827,Elizabeth Eser,F30-34,110,Female,United States,1:10:54,9:28,5:45:07,8:56,4:18:19,11:32:45
518,139,Meredith Gardner,F35-39,110,Female,United States,1:01:14,3:20,5:42:09,3:55,4:42:10,11:32:49
519,1866,Chia Ling Pow,F25-29,54,Female,Malaysia,1:21:15,5:52,6:12:24,7:26,3:45:52,11:32:49
520,1002,Hannah Bewsey,F30-34,111,Female,United States,1:15:12,6:40,6:17:50,6:48,3:46:40,11:33:10
521,1227,Jana Schütt,F40-44,95,Female,Germany,1:13:16,7:25,5:59:54,6:28,4:06:16,11:33:19
522,2157,Manuela Suess,F45-49,52,Female,Germany,1:08:29,4:59,5:17:22,4:26,4:58:04,11:33:19
523,1126,Heather De Freitas,F40-44,96,Female,United Kingdom,1:19:08,5:41,6:16:01,3:55,3:48:48,11:33:33
524,1763,Madison Rodenstine,F25-29,55,Female,United States,1:07:49,4:21,5:33:43,3:47,4:44:00,11:33:40
525,1164,Leslie Zavala,F40-44,97,Female,Mexico,1:15:38,6:05,5:35:20,3:55,4:33:08,11:34:07
526,858,Varvara Zverkova,F30-34,112,Female,France,1:25:03,5:58,5:44:34,4:09,4:14:29,11:34:12
527,1853,Rebecca Harper,F25-29,56,Female,New Zealand,1:06:13,8:25,5:49:36,5:57,4:24:05,11:34:16
528,1624,Susanne Harz,F50-54,29,Female,Germany,1:26:43,5:20,5:53:20,5:44,4:03:17,11:34:24
529,915,Willemien Van Der Kruijt,F30-34,113,Female,Netherlands,1:16:16,6:31,5:44:51,5:38,4:21:09,11:34:24
530,1282,Megan Wix,F40-44,98,Female,United States,1:09:02,6:56,5:56:58,6:20,4:15:29,11:34:44
531,1753,Ashleigh Sando,F25-29,57,Female,New Zealand,1:10:34,9:20,5:46:29,7:05,4:21:21,11:34:48
532,1096,Amanda Rycraft,F40-44,99,Female,United States,1:21:44,7:44,5:45:30,11:26,4:08:28,11:34:52
533,1375,Nerea Ruano Arjonilla,F40-44,100,Female,Spain,1:22:28,7:29,6:14:47,7:00,3:43:15,11:34:58
534,2231,Emily Taylor,F45-49,53,Female,United Kingdom,1:19:26,5:27,6:09:30,5:00,3:55:38,11:35:01
535,1207,Elisha Tranter,F40-44,101,Female,Australia,1:13:38,5:41,5:18:41,5:41,4:51:25,11:35:06
536,155,Marie Town,F35-39,111,Female,United States,1:20:51,5:53,5:49:50,5:39,4:12:53,11:35:06
537,1904,Sanne Kaindl,F18-24,11,Female,Austria,1:09:20,4:01,5:47:13,3:34,4:31:11,11:35:19
538,1574,Sandra Zaugg,F50-54,30,Female,Switzerland,1:17:52,7:15,5:43:31,7:10,4:19:35,11:35:23
539,719,Nancy Agrillo,F55-59,12,Female,United States,1:41:05,7:45,5:48:48,5:59,3:51:49,11:35:25
540,299,Kalee Tyson,F35-39,112,Female,United States,1:10:59,6:06,6:00:07,6:48,4:11:26,11:35:25
541,1241,Miriam Engel,F40-44,102,Female,Germany,1:18:22,6:51,5:53:33,4:25,4:12:18,11:35:30
542,2013,Sarah Goodyear,F45-49,54,Female,United Kingdom,1:09:40,6:50,5:53:45,6:21,4:18:58,11:35:33
543,1203,Nicki Kinney,F40-44,103,Female,United States,1:18:04,6:46,6:13:00,6:13,3:51:42,11:35:45
544,225,Antje Vogel,F35-39,113,Female,Germany,1:18:15,8:20,5:56:20,5:26,4:07:34,11:35:54
545,1364,Ayda Kachineh,F40-44,104,Female,United States,1:17:56,7:33,5:43:54,11:42,4:14:56,11:36:00
546,1300,Mirna Pokas,F40-44,105,Female,Croatia,1:30:22,5:28,5:49:47,4:59,4:05:26,11:36:03
547,319,Kristi Mauss,F35-39,114,Female,United States,1:11:43,5:02,5:33:16,4:57,4:41:05,11:36:03
548,1108,Julia Calogeropulos,F40-44,106,Female,Argentina,1:08:53,6:42,5:51:51,5:33,4:23:11,11:36:11
549,945,Lara Franklin,F30-34,114,Female,United Kingdom,1:07:14,5:40,5:42:17,3:48,4:37:14,11:36:13
550,1033,Josephin Betche,F30-34,115,Female,Germany,1:13:01,6:08,6:09:10,7:35,4:00:22,11:36:16
551,137,Kate Gayner,F35-39,115,Female,Australia,1:01:18,6:50,5:51:12,7:46,4:29:14,11:36:20
552,2254,Francesca Braghetto Arce,F45-49,55,Female,Chile,1:21:37,4:30,5:58:25,4:45,4:07:11,11:36:29
553,2148,Therena Bartmann,F45-49,56,Female,South Africa,1:17:51,9:15,5:57:07,9:14,4:03:23,11:36:51
554,373,Jacqueline Fasano,F35-39,116,Female,United States,55:51,5:06,6:17:10,6:54,4:12:05,11:37:05
555,2178,Jennifer Cross,F45-49,57,Female,United States,1:19:23,4:39,5:55:44,4:43,4:12:37,11:37:06
556,1944,Limor Hagani,F45-49,58,Female,Israel,1:35:08,6:34,5:36:17,4:52,4:14:27,11:37:18
557,1863,Ashton George,F25-29,58,Female,Unknown,1:08:42,5:30,5:57:43,7:19,4:18:38,11:37:52
558,2214,Ana Gabriela Obregon,F45-49,59,Female,Mexico,1:22:52,5:18,6:05:49,5:09,3:58:48,11:37:56
559,375,Samantha Weinberg,F35-39,117,Female,United States,1:21:17,10:04,6:07:45,6:48,3:52:03,11:37:57
560,913,Milena Muzzolini,F30-34,116,Female,France,1:19:34,7:11,5:23:23,5:52,4:42:11,11:38:11
561,1811,Judith Bohnenkamp,F25-29,59,Female,United States,1:14:19,5:33,5:55:06,7:25,4:15:54,11:38:18
562,1998,Alison Davies,F45-49,60,Female,Canada,1:22:28,6:22,5:58:52,5:17,4:05:23,11:38:21
563,2252,Daniela Unger,F45-49,61,Female,Germany,1:08:13,5:19,6:04:05,6:25,4:14:23,11:38:24
564,1660,Lillian Dramsdahl,F50-54,31,Female,Norway,1:21:53,6:59,5:43:52,8:30,4:17:14,11:38:28
565,2223,Iris Elkmann,F45-49,62,Female,Germany,1:08:41,8:27,5:52:02,9:16,4:20:07,11:38:32
566,1076,Allison Larochelle,F40-44,107,Female,United States,1:06:13,5:46,5:49:47,5:49,4:31:07,11:38:42
567,1857,Maricarmen Del Valle,F25-29,60,Female,Mexico,1:06:38,4:21,6:05:33,4:32,4:17:45,11:38:48
568,931,Morgan Meseke,F30-34,117,Female,United States,1:29:59,8:28,6:10:23,4:21,3:45:43,11:38:53
569,962,Adrienn Schmidt,F30-34,118,Female,Hungary,1:33:28,12:25,5:57:57,8:23,3:46:45,11:38:58
570,1199,Terri Rodzevik,F40-44,108,Female,United States,1:06:04,5:17,5:27:27,5:27,4:54:44,11:39:00
571,1884,Allison Kossen,F18-24,12,Female,United States,1:13:58,6:03,5:56:55,6:53,4:15:38,11:39:27
572,1272,Amanda Russell,F40-44,109,Female,Australia,1:20:24,7:56,5:59:21,8:21,4:03:40,11:39:42
573,142,Paulette Dalton,F35-39,118,Female,Canada,1:20:35,5:07,6:07:40,5:21,4:01:18,11:40:02
574,890,Grainne Byrne,F30-34,119,Female,Ireland,1:25:16,5:34,6:03:40,4:33,4:01:05,11:40:08
575,2274,Veronica Vara,F45-49,63,Female,Argentina,1:35:09,5:38,6:07:36,4:47,3:47:00,11:40:11
576,1686,Veronica Mancheno,F50-54,32,Female,Ecuador,1:30:29,6:54,6:04:57,8:29,3:49:30,11:40:18
577,370,Marta Martín Morata,F35-39,119,Female,Spain,1:22:03,5:40,5:56:07,4:04,4:12:36,11:40:30
578,2217,Paola Fierro,F45-49,64,Female,Colombia,1:32:27,8:05,5:52:25,7:54,3:59:48,11:40:39
579,1966,Thalia Hessey,F45-49,65,Female,United Kingdom,1:13:23,3:59,6:01:43,5:15,4:16:22,11:40:43
580,911,Sharon Debuyser,F30-34,120,Female,Belgium,1:18:22,7:00,5:39:27,5:50,4:30:15,11:40:54
581,205,Ana Matos,F35-39,120,Female,Brazil,1:14:37,5:46,5:51:09,5:55,4:23:27,11:40:55
582,1956,Chiho Miura,F45-49,66,Female,Japan,1:21:27,8:11,5:53:05,7:35,4:10:40,11:40:57
583,2011,Mirthala Narvaez Moreno,F45-49,67,Female,Mexico,1:21:32,8:35,6:15:10,6:06,3:49:50,11:41:12
584,1541,Julie Howle,F50-54,33,Female,Australia,1:03:13,7:10,6:11:48,5:25,4:13:42,11:41:17
585,1967,Stacy Groppler,F45-49,68,Female,Canada,1:18:17,6:03,5:49:47,5:29,4:21:46,11:41:22
586,2037,Viktoria Brown,F45-49,69,Female,Hungary,1:23:10,5:12,5:48:08,9:10,4:15:45,11:41:24
587,1581,Marla Zucht,F50-54,34,Female,Canada,1:18:00,5:34,5:45:27,6:07,4:26:18,11:41:27
588,1171,Thais Mandel Wahba,F40-44,110,Female,Brazil,1:15:12,6:25,5:47:37,6:08,4:26:17,11:41:40
589,1804,Emma Mckie,F25-29,61,Female,United Kingdom,1:13:14,6:08,5:34:17,6:29,4:41:40,11:41:48
590,1120,Galiya Brogden,F40-44,111,Female,United Kingdom,1:27:32,8:18,5:59:03,7:53,3:59:17,11:42:03
591,2290,Becca Pizzi,F40-44,112,Female,United States,1:31:46,7:49,6:16:40,6:17,3:39:35,11:42:07
592,842,Chiara Grasso,F30-34,121,Female,Italy,1:06:16,5:33,5:53:14,4:36,4:32:33,11:42:12
593,822,Sanni Karhu,F30-34,122,Female,Finland,1:14:08,6:02,6:04:18,5:12,4:12:32,11:42:12
594,1093,Season Lane,F40-44,113,Female,United States,1:10:21,4:52,6:12:00,7:26,4:07:34,11:42:12
595,975,Charlotte Martin,F30-34,123,Female,France,1:20:07,8:03,6:10:41,7:31,3:56:23,11:42:45
596,1538,Jeanette Mucha,F50-54,35,Female,United States,1:08:33,5:11,5:46:17,4:49,4:37:57,11:42:46
597,1163,Laurel Sroufe,F40-44,114,Female,United States,1:18:40,8:40,5:47:04,6:14,4:22:12,11:42:50
598,656,Gina Anixter,F55-59,13,Female,United States,1:15:02,5:18,5:52:30,6:02,4:24:04,11:42:57
599,1669,Elisa Eufemia Hospitaleche,F50-54,36,Female,Argentina,1:26:02,6:43,6:01:01,4:54,4:04:27,11:43:07
600,1807,Hailey Novis,F25-29,62,Female,United States,58:51,6:41,6:05:01,5:39,4:26:57,11:43:09
601,1769,Marit Faucogney,F25-29,63,Female,France,1:09:04,5:17,5:59:30,9:01,4:20:30,11:43:23
602,976,Taylor Newgaard,F30-34,124,Female,United States,58:38,5:24,6:11:21,8:55,4:19:15,11:43:34
603,1628,Jutta Marilainen,F50-54,37,Female,Canada,1:27:00,6:43,6:04:22,5:13,4:00:16,11:43:35
604,1154,Marta Rayss,F40-44,115,Female,Poland,1:23:50,6:42,6:05:51,7:56,3:59:15,11:43:35
605,1780,Liana Docquir,F25-29,64,Female,Belgium,1:02:24,5:14,5:59:56,6:54,4:29:21,11:43:49
606,1800,Marie Gorman,F25-29,65,Female,United States,1:03:20,5:49,6:15:40,6:11,4:12:51,11:43:51
607,952,Lauren Dahlin,F30-34,125,Female,United States,1:15:06,6:15,5:52:45,4:23,4:25:25,11:43:55
608,882,Vanessa Kennedy,F30-34,126,Female,Australia,1:11:42,4:46,6:04:51,4:31,4:18:05,11:43:56
609,2072,Rebecca J Schmidt,F45-49,70,Female,United States,1:15:27,6:46,5:56:24,5:27,4:19:55,11:43:58
610,1075,Belen Valdovinos,F40-44,116,Female,Paraguay,1:20:14,6:32,6:05:04,5:05,4:07:34,11:44:29
611,1920,Olivia Flatt,F18-24,13,Female,Unknown,1:15:29,4:20,6:20:36,5:10,3:59:07,11:44:41
612,1420,Kathryn Golding,F50-54,38,Female,Australia,1:12:28,7:04,5:36:47,6:31,4:41:52,11:44:42
613,2040,Catherine Jadot,F45-49,71,Female,Belgium,1:06:49,7:49,5:59:55,7:24,4:22:46,11:44:43
614,1175,Sara Bund,F40-44,117,Female,Germany,1:08:44,6:42,6:03:13,5:55,4:20:09,11:44:44
615,2096,Alessandra Ambrosio,F45-49,72,Female,Italy,1:18:29,6:21,6:26:00,6:07,3:47:53,11:44:50
616,266,Kateryna Fedorova,F35-39,121,Female,Ukraine,1:22:48,5:49,5:54:13,5:00,4:17:07,11:44:57
617,2136,Marie Pender,F45-49,73,Female,United States,1:12:22,7:31,6:22:19,4:44,3:58:06,11:45:03
618,1297,Adeline Myotte,F40-44,118,Female,France,1:28:13,5:38,5:46:21,7:22,4:17:31,11:45:05
619,2099,Audrey Mcmurry,F45-49,74,Female,United States,1:09:13,6:15,6:12:58,5:04,4:12:03,11:45:33
620,321,Véronique Minet,F35-39,122,Female,Belgium,1:21:55,5:56,5:56:42,9:41,4:11:26,11:45:40
621,164,Marlen Fuhrmann,F35-39,123,Female,Germany,1:23:11,6:11,5:47:46,5:54,4:22:48,11:45:49
622,2160,Juliana Lustosa,F45-49,75,Female,Brazil,1:22:16,6:01,5:38:50,6:56,4:31:52,11:45:56
623,1067,Sabrina Spanguero,F40-44,119,Female,Argentina,1:13:13,5:47,5:59:41,5:54,4:21:27,11:46:03
624,1407,Marie-Louise Philippe,F40-44,120,Female,Unknown,1:11:59,4:59,6:01:44,5:56,4:21:24,11:46:03
625,763,Tanya Houghton,F55-59,14,Female,United States,1:21:40,4:53,5:29:26,4:33,4:45:33,11:46:04
626,995,Estee Chiara Lariviere,F30-34,127,Female,United Kingdom,1:09:28,4:47,5:56:52,7:09,4:28:04,11:46:21
627,1121,Line Vaillancourt,F40-44,121,Female,Canada,1:13:25,9:04,5:58:15,6:41,4:18:59,11:46:25
628,1056,Abigail Clifford,F30-34,128,Female,United States,1:06:13,9:30,5:53:59,7:00,4:29:52,11:46:33
629,297,Ashley Davis,F35-39,124,Female,United States,1:30:28,4:58,6:13:14,6:47,3:51:11,11:46:37
630,837,Alessandra Paulina Castaneda,F30-34,129,Female,Philippines,1:08:14,7:11,5:58:33,7:38,4:25:11,11:46:47
631,1139,Jodi Menke,F40-44,122,Female,United States,1:12:59,6:34,6:14:03,7:17,4:05:55,11:46:48
632,145,Katharina Abbing,F35-39,125,Female,Germany,1:19:16,3:29,5:10:30,3:19,5:10:14,11:46:48
633,318,Vivian Camargo Schraiber,F35-39,126,Female,Brazil,1:11:23,7:52,5:20:47,4:53,5:02:01,11:46:56
634,1874,Haley Betten,F18-24,14,Female,United States,1:11:47,6:47,5:54:38,7:46,4:25:59,11:46:57
635,1810,Stephanie Maiorano,F25-29,66,Female,United States,1:15:27,7:51,5:48:54,9:07,4:25:46,11:47:05
636,1921,Isabella Stockeland,F18-24,15,Female,United States,1:04:37,6:10,5:55:25,7:05,4:34:01,11:47:19
637,1291,Barbara Rieger,F40-44,123,Female,Germany,1:16:58,5:18,5:12:32,5:05,5:07:28,11:47:20
638,367,Victoria Waight,F35-39,127,Female,United Kingdom,1:07:15,3:44,5:36:51,3:37,4:55:58,11:47:26
639,1573,Johanna Hakala,F50-54,39,Female,Finland,1:24:11,6:28,5:49:43,7:18,4:19:46,11:47:27
640,1434,Stacey Campeau,F50-54,40,Female,Canada,1:26:25,7:51,5:27:10,9:56,4:36:06,11:47:29
641,1385,Gerrida Uys,F40-44,124,Female,Namibia,1:19:42,8:44,5:54:06,7:17,4:17:53,11:47:42
642,1363,Mariana Ernani Moura Marques,F40-44,125,Female,Brazil,1:05:32,8:00,6:13:00,9:17,4:12:02,11:47:50
643,2137,Wendy Mehaffey,F45-49,76,Female,United States,1:17:02,5:19,6:01:24,4:59,4:19:23,11:48:06
644,1715,Peggy Zimmermann,F50-54,41,Female,Germany,1:16:37,5:53,6:23:15,7:33,3:55:03,11:48:22
645,1377,Agnieszka Najnigier Pierzynowska,F40-44,126,Female,Poland,1:18:07,6:41,6:29:02,6:04,3:48:28,11:48:22
646,1808,Poppy Disley-May,F25-29,67,Female,United Kingdom,1:07:52,4:36,6:26:12,4:56,4:04:51,11:48:28
647,589,Jane Baldwin,F55-59,15,Female,New Zealand,1:16:56,3:59,5:53:25,4:46,4:29:31,11:48:37
648,1805,Gemma Ford,F25-29,68,Female,United Kingdom,1:12:38,6:27,6:37:19,7:27,3:45:03,11:48:53
649,1382,Katerina Kratka,F40-44,127,Female,Czechia,1:12:07,7:31,6:21:25,10:37,3:57:18,11:48:58
650,1063,Melissa Dellatorre,F30-34,130,Female,United States,1:19:22,8:57,6:16:37,6:56,3:57:09,11:49:01
651,1827,Stephanie Snow,F25-29,69,Female,United States,1:08:59,9:16,6:00:06,8:40,4:22:03,11:49:04
652,2008,Jennifer Chebi,F45-49,77,Female,United States,1:15:34,6:46,5:40:35,8:05,4:38:17,11:49:17
653,790,Sanna Duvebrant,F55-59,16,Female,Finland,1:18:17,5:05,5:50:29,8:42,4:26:50,11:49:22
654,1371,Kristen Osborn,F40-44,128,Female,United States,1:09:05,7:12,5:51:11,7:28,4:34:30,11:49:26
655,1772,Sierra Scoggin,F25-29,70,Female,United States,58:16,9:34,5:57:19,7:48,4:36:32,11:49:29
656,271,Cari Lubenow,F35-39,128,Female,United States,1:06:07,7:19,5:56:48,13:43,4:25:37,11:49:35
657,1208,Alex Larkman,F40-44,129,Female,Australia,1:00:55,4:46,5:59:24,5:41,4:38:52,11:49:38
658,157,Karolina Mole,F35-39,129,Female,Poland,1:16:40,8:16,5:49:35,9:17,4:25:51,11:49:40
659,1436,Jo Cope,F50-54,42,Female,Australia,1:21:37,7:16,5:52:08,6:47,4:21:57,11:49:45
660,1938,Joanna Shallcross,F45-49,78,Female,United Kingdom,1:09:48,5:50,5:36:19,5:26,4:52:25,11:49:48
661,1788,Merryll Loy,F25-29,71,Female,United States,1:09:50,6:47,5:51:59,5:59,4:35:20,11:49:56
662,1876,Olivia Loy,F18-24,16,Female,United States,1:09:16,5:11,5:25:28,5:44,5:04:17,11:49:56
663,1958,Heidi Die Wu,F45-49,79,Female,China,1:04:09,6:13,6:47:41,6:21,3:45:34,11:49:57
664,1767,Katy Armitage,F25-29,72,Female,United Kingdom,1:13:36,7:55,6:01:49,7:40,4:19:31,11:50:32
665,1269,Karen Krob,F40-44,130,Female,United States,1:19:50,6:03,5:50:36,5:52,4:28:14,11:50:35
666,1791,Sarah Nisbet,F25-29,73,Female,Australia,1:03:09,7:57,5:58:43,7:26,4:33:27,11:50:42
667,1039,Elizabeth Warren,F30-34,131,Female,United States,1:18:07,7:23,5:48:08,7:12,4:29:56,11:50:46
668,1512,Nancy Lynch,F50-54,43,Female,Canada,1:19:04,5:55,6:06:17,7:36,4:11:54,11:50:46
669,2212,Tara Calkins,F45-49,80,Female,United States,1:12:13,7:29,6:17:26,8:49,4:04:50,11:50:47
670,2234,Patricia Lázaro López,F45-49,81,Female,Spain,1:30:19,7:08,5:52:57,7:05,4:13:22,11:50:50
671,1632,Roberta Scabbia,F50-54,44,Female,Italy,1:22:36,5:43,5:59:55,5:25,4:17:13,11:50:51
672,1540,Ellen Kuhl,F50-54,45,Female,United States,1:21:25,5:45,6:08:59,9:23,4:05:20,11:50:52
673,1887,Rita Fardilha,F18-24,17,Female,Portugal,1:08:24,6:01,5:51:11,8:08,4:37:17,11:51:00
674,1696,Anna Raptis,F50-54,46,Female,Mexico,1:11:02,8:12,5:56:36,7:00,4:28:16,11:51:06
675,1243,Laura Nichols,F40-44,131,Female,United States,1:18:13,7:07,5:52:27,7:10,4:26:13,11:51:10
676,863,Charlotte Mensaert,F30-34,132,Female,Belgium,1:13:07,7:59,6:07:09,8:59,4:14:21,11:51:34
677,650,Paula Robinson,F55-59,17,Female,United Kingdom,1:24:13,5:49,6:04:45,5:26,4:11:23,11:51:36
678,1886,Emma Rudge,F18-24,18,Female,United Kingdom,1:16:31,5:20,5:54:11,4:33,4:31:06,11:51:41
679,1978,Flo Chretien,F45-49,82,Female,United States,1:05:24,5:51,5:56:48,4:40,4:38:59,11:51:42
680,340,Andrea Yanez Pazmino,F35-39,130,Female,Ecuador,1:27:08,5:22,5:45:55,4:40,4:28:37,11:51:42
681,2149,Tracey Schmidt,F45-49,83,Female,Australia,1:18:42,4:53,5:39:54,5:51,4:42:23,11:51:43
682,355,Rosanne Kelley,F35-39,131,Female,United States,1:27:59,7:33,6:23:29,6:50,3:45:54,11:51:45
683,1143,Lesley Rankin,F40-44,132,Female,Canada,1:06:01,8:31,6:04:13,8:05,4:25:10,11:52:00
684,330,Laura Mcnamara,F35-39,132,Female,United States,1:34:16,6:57,5:47:36,8:20,4:14:54,11:52:02
685,1361,An Verhoeven,F40-44,133,Female,Belgium,1:15:10,6:22,5:22:09,6:32,5:01:50,11:52:04
686,2238,Rachel Butler,F45-49,84,Female,Canada,1:15:06,4:45,6:16:22,4:36,4:11:20,11:52:09
687,2243,Nina Hansson,F45-49,85,Female,Sweden,1:19:11,6:07,6:15:52,7:26,4:03:41,11:52:17
688,1747,Kristen Tobin,F25-29,74,Female,United States,1:04:38,4:20,5:48:40,10:13,4:44:28,11:52:19
689,1223,Maren Beck,F40-44,134,Female,Germany,1:16:31,6:15,5:58:35,5:53,4:25:08,11:52:22
690,173,Jacquelyn Macgregor,F35-39,133,Female,Canada,1:09:35,5:50,5:57:09,6:19,4:33:45,11:52:38
691,880,Anna-Marie Christiansen,F30-34,133,Female,Denmark,59:50,4:42,5:43:01,5:33,4:59:37,11:52:43
692,2276,Melissa Schad,F45-49,86,Female,United States,1:09:27,4:15,5:39:53,5:29,4:53:40,11:52:43
693,1551,Sandrine Zandotti,F50-54,47,Female,United Arab Emirates,1:33:00,7:36,5:43:35,8:06,4:20:26,11:52:44
694,211,Emily Gage,F35-39,134,Female,United States,1:18:47,8:23,5:54:37,6:34,4:24:28,11:52:49
695,1612,Patricia Prim,F50-54,48,Female,Brazil,1:14:59,7:16,5:56:38,6:35,4:27:35,11:53:03
696,1812,Clara Wienhold,F25-29,75,Female,Germany,1:11:23,4:27,5:57:10,3:11,4:36:54,11:53:04
697,1321,Anne Kjelstrup,F40-44,135,Female,Denmark,1:12:39,5:59,6:02:24,7:26,4:24:37,11:53:04
698,762,Kim Sanner,F55-59,18,Female,United States,1:17:26,4:25,5:32:43,4:43,4:53:50,11:53:07
699,1379,Samantha Davies,F40-44,136,Female,United States,1:16:51,6:33,5:54:22,4:36,4:30:46,11:53:08
700,755,Susanne Åkerberg,F55-59,19,Female,Sweden,1:41:33,6:36,5:46:36,6:52,4:11:36,11:53:13
701,1441,Sarah Jones,F50-54,49,Female,United States,1:21:32,7:56,6:21:48,7:02,3:54:55,11:53:13
702,1373,Ashleigh Moe,F40-44,137,Female,United States,1:27:29,6:17,5:59:31,7:48,4:12:19,11:53:25
703,1018,Laurie Jellison,F30-34,134,Female,United States,1:15:46,5:46,5:58:25,4:40,4:28:52,11:53:30
704,476,Andrea Herbold,F60-64,6,Female,Germany,1:28:34,5:36,5:54:11,6:54,4:18:15,11:53:31
705,1843,Paige Cooley,F25-29,76,Female,United States,1:16:54,6:20,6:03:00,8:57,4:18:28,11:53:39
706,1922,Emily Baker,F18-24,19,Female,United States,1:12:54,4:55,5:58:14,5:19,4:32:27,11:53:48
707,1214,Danielle Mariano,F40-44,138,Female,Brazil,1:27:38,7:43,6:07:37,4:54,4:06:01,11:53:52
708,626,Brenda Avery,F55-59,20,Female,United States,1:00:55,5:37,5:45:08,7:06,4:55:18,11:54:03
709,1009,Audrey Allen,F30-34,135,Female,United States,1:21:15,8:23,6:09:55,7:39,4:06:57,11:54:10
710,2023,Juliana Amaral,F45-49,87,Female,Brazil,1:13:18,7:24,6:03:10,11:01,4:19:18,11:54:11
711,715,Nadia Leach,F55-59,21,Female,Canada,1:26:53,5:55,5:54:08,8:13,4:19:03,11:54:11
712,1329,Andrea L'Heureux,F40-44,139,Female,United States,1:20:01,7:20,5:51:49,7:22,4:27:46,11:54:18
713,2102,Susan Smith,F45-49,88,Female,United Kingdom,1:16:25,7:09,5:48:43,10:58,4:31:13,11:54:28
714,954,Bronwyn Kemp,F30-34,136,Female,Canada,57:36,4:27,5:34:59,4:15,5:13:18,11:54:36
715,1980,Jane Oidekivi,F45-49,89,Female,Estonia,1:13:47,6:06,6:01:25,6:55,4:26:29,11:54:42
716,1915,Kayla Mccann,F18-24,20,Female,United States,1:06:43,5:44,6:16:51,5:12,4:20:14,11:54:44
717,1211,Mellen Jay,F40-44,140,Female,Canada,1:19:08,4:31,5:54:19,5:40,4:31:20,11:54:58
718,969,Audrey Stampaert,F30-34,137,Female,Belgium,1:18:22,7:14,5:55:16,5:00,4:29:13,11:55:05
719,948,Nataya Stephens,F30-34,138,Female,Canada,1:10:30,5:48,6:13:52,7:01,4:17:58,11:55:08
720,1568,Shelley Wickenheiser,F50-54,50,Female,Canada,1:20:42,7:33,5:56:17,9:35,4:21:03,11:55:10
721,1302,Leah Walland,F40-44,141,Female,United Kingdom,1:14:21,10:28,5:33:03,10:15,4:47:16,11:55:23
722,1419,Katri Vuori,F50-54,51,Female,Finland,1:14:55,9:57,5:47:59,6:21,4:36:11,11:55:24
723,1372,Sandra Stark,F40-44,142,Female,Germany,1:29:13,9:03,6:30:20,6:37,3:40:15,11:55:28
724,1016,Amanda Black,F30-34,139,Female,United States,1:11:58,5:10,6:01:12,6:19,4:30:54,11:55:33
725,1970,Cristina Noble,F45-49,90,Female,United States,1:34:10,7:38,6:11:22,6:04,3:56:31,11:55:45
726,2163,Krista Lapan,F45-49,91,Female,United States,1:16:26,8:29,6:09:37,8:52,4:12:27,11:55:52
727,348,Lauren Bunch,F35-39,135,Female,United States,1:13:24,7:53,5:57:32,6:51,4:30:38,11:56:18
728,1826,Kayla Morton,F25-29,77,Female,Australia,1:17:11,4:42,6:10:47,4:14,4:19:44,11:56:38
729,749,Claudia Bregulla-Linke,F55-59,22,Female,Germany,1:21:41,6:26,5:47:44,6:50,4:33:59,11:56:41
730,785,Gloria Shrewsbury,F55-59,23,Female,United States,1:21:57,6:31,5:48:41,7:01,4:32:35,11:56:45
731,696,Tracy Moore,F55-59,24,Female,Canada,1:20:48,6:31,5:54:41,6:02,4:28:55,11:56:56
732,1004,Olivia Lyon,F30-34,140,Female,Canada,1:16:14,10:57,5:52:14,9:12,4:28:33,11:57:10
733,2105,Julie Gadreau,F45-49,92,Female,Canada,1:18:41,5:53,6:24:40,8:16,3:59:46,11:57:16
734,350,Tiffany Townsend,F35-39,136,Female,United States,1:21:58,5:14,6:01:39,5:39,4:22:49,11:57:19
735,1778,Christina Howard,F25-29,78,Female,Canada,1:11:37,6:39,5:58:19,7:23,4:33:33,11:57:30
736,1995,Yael Tasher,F45-49,93,Female,Israel,1:23:12,9:23,6:11:04,8:14,4:05:48,11:57:40
737,977,Jessica Lukasik,F30-34,141,Female,United States,1:12:26,6:32,6:06:21,6:20,4:26:01,11:57:41
738,1294,Anne Roberts,F40-44,143,Female,United Kingdom,1:15:03,8:29,6:11:50,7:50,4:14:39,11:57:50
739,832,Sarah Rossi,F30-34,142,Female,United States,1:14:13,5:50,6:17:59,5:45,4:14:19,11:58:07
740,1021,Florence Loader,F30-34,143,Female,New Zealand,1:12:14,6:08,5:45:27,5:28,4:48:53,11:58:09
741,343,Allison Lee,F35-39,137,Female,United States,1:21:43,5:18,6:14:17,6:20,4:10:35,11:58:13
742,1381,Pamela Cebrowski,F40-44,144,Female,Canada,1:18:33,8:47,6:17:55,11:36,4:01:40,11:58:30
743,130,Ashley Thornton,F35-39,138,Female,United States,1:27:11,5:04,6:07:56,10:04,4:08:16,11:58:32
744,1238,Erika Nakamura Da Costa,F40-44,145,Female,Brazil,1:11:35,5:43,6:07:33,8:37,4:25:09,11:58:37
745,282,Nadine Aronheim,F35-39,139,Female,Germany,1:11:39,5:04,6:01:41,4:32,4:35:49,11:58:45
746,1688,Ruby Altmann,F50-54,52,Female,Canada,1:32:00,8:52,5:50:31,5:55,4:21:28,11:58:45
747,1889,Hannah Brakarsh,F18-24,21,Female,United States,1:19:23,7:22,6:10:58,7:10,4:14:08,11:59:00
748,320,Alison Williams,F35-39,140,Female,United Kingdom,1:21:42,5:38,6:31:22,9:45,3:50:49,11:59:15
749,1519,Kati Levoranta,F50-54,53,Female,Finland,1:21:18,6:57,5:52:20,6:03,4:32:40,11:59:17
750,1388,Mallory Peters,F40-44,146,Female,United States,1:17:36,7:32,5:50:48,7:02,4:36:22,11:59:19
751,404,Mara Araujo,F35-39,141,Female,Brazil,1:35:11,7:35,6:00:54,5:13,4:10:27,11:59:20
752,1524,Karen Driver,F50-54,54,Female,United Kingdom,1:04:00,9:10,6:36:57,6:25,4:02:57,11:59:29
753,1459,Ilka Cordeiro,F50-54,55,Female,Brazil,1:11:45,8:40,6:21:31,6:37,4:10:58,11:59:31
754,1960,Heather Goyette,F45-49,94,Female,United States,1:30:53,7:11,5:57:09,7:10,4:17:12,11:59:35
755,1098,Verena Bruckner,F40-44,147,Female,Germany,58:12,6:56,6:07:50,11:05,4:35:33,11:59:38
756,1828,Camila Lupi,F25-29,79,Female,United States,1:12:50,7:17,6:01:03,7:23,4:31:18,11:59:51
757,1526,Joanne Smith,F50-54,56,Female,United Kingdom,1:23:55,9:42,6:02:11,14:00,4:10:04,11:59:52
758,177,Barbara Hopfgartner,F35-39,142,Female,Austria,1:15:04,5:28,5:53:09,6:34,4:39:46,12:00:00
759,856,Kelly Tran,F30-34,144,Female,United States,1:14:18,7:05,5:55:54,8:59,4:33:45,12:00:02
760,1781,Barbora Šimková,F25-29,80,Female,Czechia,1:09:15,4:36,5:56:47,6:04,4:43:24,12:00:07
761,1273,Cymbeline Wilke,F40-44,148,Female,United States,1:11:10,5:39,5:57:15,7:56,4:38:22,12:00:22
762,1536,Polly Beard,F50-54,57,Female,United States,1:23:18,6:13,6:14:36,5:59,4:10:17,12:00:22
763,1478,Courtney Culligan,F50-54,58,Female,United States,1:10:42,6:31,5:58:28,8:25,4:36:22,12:00:27
764,865,Sarah Swapinski,F30-34,145,Female,United States,1:16:49,6:00,5:52:49,6:14,4:38:44,12:00:35
765,1508,Mary Tobiason,F50-54,59,Female,United States,1:14:05,5:43,5:57:57,5:12,4:37:47,12:00:44
766,1947,Yuki Toyokawa,F45-49,95,Female,Japan,1:14:14,6:45,6:20:15,5:45,4:14:04,12:01:02
767,2093,Kristen Giles,F45-49,96,Female,Canada,1:14:14,5:07,5:52:57,5:13,4:43:34,12:01:05
768,1495,Doris Kindl,F50-54,60,Female,Austria,1:27:13,7:37,6:07:13,8:55,4:10:11,12:01:09
769,1476,Monika Cassidy,F50-54,61,Female,United States,1:31:31,5:49,5:43:52,7:27,4:32:39,12:01:18
770,2242,Tiencia James,F45-49,97,Female,United States,1:35:01,4:05,5:45:51,7:57,4:28:29,12:01:22
771,1268,Claire Wright,F40-44,149,Female,Canada,1:11:34,9:26,6:03:40,8:59,4:27:48,12:01:27
772,1331,Lana Gobert,F40-44,150,Female,Aruba,1:23:01,5:16,6:26:50,4:51,4:01:30,12:01:28
773,916,Marion Flaig,F30-34,146,Female,Germany,1:24:01,7:33,5:56:42,7:08,4:26:13,12:01:37
774,2156,Evelyn Degrendele,F45-49,98,Female,Belgium,1:22:47,6:28,6:09:58,6:35,4:15:56,12:01:44
775,1702,Raquel Sampson,F50-54,62,Female,United States,1:14:23,5:51,5:58:43,8:31,4:34:22,12:01:49
776,1486,Lesley Brainard,F50-54,63,Female,United States,1:00:53,5:24,6:00:00,5:08,4:50:42,12:02:07
777,875,Gabrielle Roney,F30-34,147,Female,Australia,1:18:41,10:04,5:44:54,9:21,4:39:14,12:02:15
778,1644,Lina Miller,F50-54,64,Female,United States,1:38:29,7:22,5:35:16,10:02,4:31:16,12:02:26
779,1336,Tatiana Nunes Ramos Debiasi,F40-44,151,Female,Brazil,1:18:06,7:07,5:49:13,5:09,4:43:03,12:02:37
780,2206,Melanie Hansen,F45-49,99,Female,New Zealand,1:19:43,9:01,6:11:52,8:26,4:13:45,12:02:47
781,602,Judy Anderson,F55-59,25,Female,United States,1:11:28,6:33,6:12:53,6:24,4:25:47,12:03:04
782,867,Laura Gfeller,F30-34,148,Female,Canada,1:11:53,6:23,6:07:09,6:48,4:30:52,12:03:05
783,2255,Maren Drews,F45-49,100,Female,Germany,1:09:36,6:31,6:11:18,6:38,4:29:08,12:03:11
784,950,Carolina Belso Candela,F30-34,149,Female,Spain,1:14:04,7:17,6:39:03,8:43,3:54:08,12:03:14
785,1768,Lily Guerin,F25-29,81,Female,United Kingdom,1:10:33,5:55,6:09:13,6:55,4:30:39,12:03:15
786,853,Jessica Ehlin,F30-34,150,Female,Sweden,1:20:11,9:41,6:12:10,8:51,4:12:39,12:03:32
787,372,Cheryl Maclachlan,F35-39,143,Female,Canada,1:18:24,4:31,6:12:19,4:15,4:24:04,12:03:32
788,1044,Karolane Laberge,F30-34,151,Female,Canada,1:15:36,5:12,6:07:16,6:25,4:29:03,12:03:32
789,1445,Selina Campbell,F50-54,65,Female,Canada,1:14:49,7:57,5:58:36,8:41,4:33:32,12:03:36
790,1954,Anna Cock,F45-49,101,Female,Australia,1:12:01,5:43,6:17:21,6:58,4:21:34,12:03:38
791,148,Lauren Vallee,F35-39,144,Female,United States,1:05:37,3:56,5:33:03,3:53,5:17:17,12:03:45
792,317,Yuliya Azzopardi Mazur,F35-39,145,Female,Ukraine,1:20:28,6:05,6:08:30,4:47,4:24:02,12:03:53
793,288,Tracey Franchini Gingras,F35-39,146,Female,Canada,1:25:05,5:41,5:59:43,6:44,4:27:25,12:04:37
794,1609,Katherine Kay,F50-54,66,Female,Canada,1:09:59,7:25,6:09:27,7:17,4:30:33,12:04:41
795,1267,Renee Kunnen,F40-44,152,Female,United States,1:14:11,8:31,6:16:52,6:05,4:19:10,12:04:49
796,1832,Valeria Ruiz,F25-29,82,Female,United States,1:13:34,4:58,5:50:00,4:27,4:51:57,12:04:55
797,1397,Marine Cardineau,F40-44,153,Female,France,1:14:00,9:28,5:57:18,8:27,4:35:44,12:04:57
798,1299,Sarah Doneth,F40-44,154,Female,United States,1:19:06,6:31,5:40:41,8:09,4:50:37,12:05:04
799,2227,Alice Isom,F45-49,102,Female,United States,1:24:54,5:08,6:37:10,5:46,3:52:07,12:05:05
800,314,Crystal Moore,F35-39,147,Female,United States,1:29:43,11:00,5:50:27,10:50,4:23:16,12:05:16
801,1360,Patricia Grajeda-Babb,F40-44,155,Female,United States,1:12:45,5:30,6:14:15,7:08,4:25:41,12:05:18
802,896,Andree-Ann Boulanger,F30-34,152,Female,Canada,1:13:35,7:45,6:14:43,8:23,4:21:14,12:05:40
803,200,Sarah Hopkins,F35-39,148,Female,Canada,1:02:19,4:45,5:58:55,5:45,4:53:56,12:05:40
804,332,Brandy Craig,F35-39,149,Female,United States,1:08:12,5:11,6:12:57,5:03,4:34:47,12:06:11
805,1848,Mylène Frei,F25-29,83,Female,Switzerland,1:13:15,4:42,6:28:33,6:44,4:13:06,12:06:20
806,1229,Angela Harkey,F40-44,156,Female,Canada,1:15:01,8:30,6:24:21,7:51,4:10:41,12:06:24
807,2216,Renata Barduco De Oliveira,F45-49,103,Female,Brazil,1:16:47,8:03,5:42:04,6:55,4:52:37,12:06:25
808,753,Lisa Neubauer,F55-59,26,Female,United States,1:15:36,6:00,5:53:23,6:14,4:45:26,12:06:39
809,1851,Frederike Berghaus,F25-29,84,Female,Germany,1:22:45,7:53,6:01:01,7:33,4:27:36,12:06:48
810,1248,Ulrike Hache,F40-44,157,Female,Switzerland,1:10:20,6:47,6:11:12,14:02,4:24:31,12:06:51
811,126,Erin Jeffers,F35-39,150,Female,United States,1:25:54,7:23,6:22:02,6:53,4:05:01,12:07:14
812,1518,Deanna Meyer,F50-54,67,Female,United States,1:06:40,5:56,6:20:08,7:01,4:27:50,12:07:36
813,885,Jenna Carosio,F30-34,153,Female,United States,1:37:38,10:17,5:57:31,7:52,4:14:22,12:07:41
814,651,Gabi Redford,F55-59,27,Female,United States,1:03:18,6:13,6:04:45,8:35,4:45:00,12:07:52
815,2265,Stephanie Ray,F45-49,104,Female,Canada,1:15:04,5:31,5:57:21,7:56,4:42:08,12:08:01
816,159,Federica Ferrari,F35-39,151,Female,Italy,1:15:43,6:07,5:58:58,10:26,4:36:56,12:08:09
817,1507,Jennifer Ogg,F50-54,68,Female,Canada,1:08:52,6:48,5:49:34,5:20,4:57:38,12:08:11
818,124,Jenn Stanton,F35-39,152,Female,United States,1:08:46,4:24,5:58:35,7:58,4:48:29,12:08:12
819,1218,Meredith Moss,F40-44,158,Female,United States,1:14:43,10:21,6:39:52,9:26,3:53:52,12:08:14
820,934,Hannah Richards,F30-34,154,Female,United States,1:08:21,7:27,6:09:00,5:07,4:39:04,12:08:57
821,1306,Gina Devito,F40-44,159,Female,United States,1:04:52,8:17,5:48:07,8:35,4:59:12,12:09:04
822,301,Hayley Wilson,F35-39,153,Female,New Zealand,1:16:33,5:41,6:06:10,5:15,4:35:28,12:09:07
823,1433,Lynn Barlik,F50-54,69,Female,United States,1:19:20,7:13,5:58:02,10:35,4:34:08,12:09:19
824,590,Mayuko Tanikawa,F55-59,28,Female,Japan,1:18:30,10:17,6:11:55,14:06,4:14:33,12:09:21
825,1941,Ali Rutledge,F45-49,105,Female,United States,1:06:32,6:43,5:52:11,6:48,4:57:12,12:09:26
826,2095,Katrin Ruf,F45-49,106,Female,Germany,1:17:11,7:55,5:59:00,10:14,4:35:33,12:09:54
827,2084,Keri Vorster,F45-49,107,Female,South Africa,1:16:27,8:53,6:31:44,7:29,4:05:31,12:10:05
828,228,Juliane Webster,F35-39,154,Female,Canada,1:21:42,7:01,6:18:47,5:00,4:17:37,12:10:07
829,290,Contessa Kennedy,F35-39,155,Female,United States,1:21:55,6:40,6:07:21,7:36,4:26:37,12:10:10
830,924,Sarah Budd,F30-34,155,Female,United States,1:16:40,7:02,6:09:51,7:22,4:29:16,12:10:11
831,231,Mary Baxter Reid,F35-39,156,Female,United States,1:30:17,9:37,6:24:44,7:14,3:58:22,12:10:14
832,802,Stephanie Disciglio,F55-59,29,Female,Canada,1:28:49,5:39,6:01:49,4:14,4:29:48,12:10:19
833,1841,Rebekah Ash,F25-29,85,Female,United States,1:06:33,6:11,6:21:48,8:14,4:27:35,12:10:20
834,1315,Mayuko Kosugi,F40-44,160,Female,Japan,1:13:21,9:20,6:14:14,11:03,4:22:45,12:10:43
835,1758,Mariella Ellwart,F25-29,86,Female,Germany,1:29:06,5:04,6:03:36,7:15,4:25:56,12:10:57
836,1908,Emelie Jensen,F18-24,22,Female,Denmark,1:18:22,5:06,6:02:17,5:17,4:40:01,12:11:02
837,449,Sharon Mackinnon,F60-64,7,Female,Canada,1:15:42,5:36,6:02:42,7:16,4:39:47,12:11:03
838,2267,Elke Schönhardt,F45-49,108,Female,Germany,1:13:32,8:26,5:53:30,7:44,4:47:56,12:11:08
839,761,Christina King,F55-59,30,Female,United States,1:27:25,8:10,5:43:00,11:35,4:41:06,12:11:17
840,1184,Claire Mcgowan,F40-44,161,Female,United States,1:13:37,9:03,6:01:12,8:31,4:38:57,12:11:20
841,2165,Karina Steffan,F45-49,109,Female,Germany,1:15:38,8:27,6:23:47,9:49,4:13:44,12:11:26
842,1691,Jennifer Burns,F50-54,70,Female,Canada,1:35:44,5:49,6:08:35,9:00,4:12:23,12:11:31
843,923,Mackenzie Viglianco,F30-34,156,Female,United States,1:36:58,7:49,6:14:44,9:55,4:02:05,12:11:31
844,1676,Caroline Lacapelle,F50-54,71,Female,France,1:25:22,7:11,5:49:21,8:09,4:41:39,12:11:41
845,1106,Kristen Courcelle,F40-44,162,Female,United States,1:29:08,10:54,6:26:19,8:55,3:56:28,12:11:43
846,1340,Jessica Harvey,F40-44,163,Female,United Kingdom,1:14:57,5:57,6:13:35,5:03,4:32:16,12:11:47
847,152,Ashley Robota,F35-39,157,Female,United States,1:02:34,4:55,5:37:52,6:13,5:20:14,12:11:48
848,993,Samantha Moll,F30-34,157,Female,United States,1:13:55,6:15,6:02:19,8:32,4:40:59,12:12:00
849,1320,Heidi Kuivamäki,F40-44,164,Female,Finland,1:14:49,10:57,6:05:21,9:28,4:31:27,12:12:02
850,1511,Claudia Waidelich,F50-54,72,Female,Germany,1:27:17,5:40,5:57:23,4:05,4:37:49,12:12:12
851,2188,Petra Leitmann,F45-49,110,Female,Switzerland,1:16:41,5:19,6:10:11,13:18,4:26:44,12:12:12
852,1658,Danielle Dorsett,F50-54,73,Female,United States,1:10:19,6:13,6:14:28,7:14,4:33:59,12:12:14
853,2090,Yolanda Santos,F45-49,111,Female,Spain,1:11:29,5:02,6:21:18,7:25,4:27:03,12:12:16
854,2098,Amber Fougere,F45-49,112,Female,Canada,1:10:20,5:23,6:15:38,7:36,4:33:29,12:12:27
855,2210,Melanie Horner,F45-49,113,Female,New Zealand,1:10:55,6:19,6:36:52,6:09,4:12:23,12:12:37
856,165,Laurence Darles,F35-39,158,Female,France,1:22:09,4:43,6:20:32,6:04,4:19:16,12:12:44
857,2237,Katrien Wybouw,F45-49,114,Female,Belgium,1:20:19,4:32,6:27:25,5:30,4:15:06,12:12:52
858,1048,Jie Gao,F30-34,158,Female,Canada,1:15:59,6:22,6:16:17,7:28,4:26:59,12:13:06
859,960,Kelsey Menard,F30-34,159,Female,Canada,1:17:36,7:45,6:03:02,8:24,4:36:32,12:13:20
860,1821,Anna Perry,F25-29,87,Female,United States,1:03:08,9:40,6:12:33,9:38,4:38:27,12:13:26
861,2133,Jacquelyn Bacigalupi,F45-49,115,Female,United States,1:15:34,8:11,5:55:16,8:04,4:46:37,12:13:42
862,2192,Erin Van Allen,F45-49,116,Female,United States,1:10:31,5:58,6:23:04,7:19,4:27:17,12:14:08
863,252,Carrisa Matenaer,F35-39,159,Female,United States,1:02:13,4:58,6:18:59,7:05,4:41:03,12:14:19
864,1761,Daniela Deschamps,F25-29,88,Female,Canada,1:09:15,7:49,5:42:11,5:09,5:09:55,12:14:20
865,196,Jasmine Carlson,F35-39,160,Female,United States,1:20:06,4:51,6:00:51,5:07,4:43:36,12:14:32
866,2249,Mary Latza,F45-49,117,Female,United States,1:16:36,10:30,6:20:08,8:20,4:19:02,12:14:36
867,766,Nicola Sproule,F55-59,31,Female,New Zealand,1:26:46,4:53,6:06:15,5:18,4:31:30,12:14:43
868,1849,Caitlin Corbett,F25-29,89,Female,United States,1:13:13,7:52,6:05:43,11:07,4:37:05,12:15:00
869,814,Maria Dorfner,F55-59,32,Female,Austria,1:28:44,6:12,6:12:02,6:01,4:22:06,12:15:05
870,1563,Jennifer Scalise-Marinofsky,F50-54,74,Female,United States,1:01:23,4:52,6:38:09,5:50,4:24:50,12:15:05
871,1830,Abby Mcadams,F25-29,90,Female,United States,1:16:45,5:57,6:10:34,7:18,4:34:53,12:15:28
872,888,Alizée Kervevan,F30-34,160,Female,France,1:06:46,6:06,5:52:14,5:28,5:04:55,12:15:30
873,236,Kasia Ludwig Siri,F35-39,161,Female,Poland,1:28:24,5:41,6:04:51,6:31,4:30:03,12:15:30
874,1470,Bonnie Chuter,F50-54,75,Female,Canada,1:38:22,8:00,6:42:33,7:49,3:38:49,12:15:33
875,918,Pauline Laurent,F30-34,161,Female,France,1:25:35,7:36,6:24:42,8:28,4:09:33,12:15:55
876,2145,Claire Slater,F45-49,118,Female,Australia,1:22:35,6:41,6:02:11,5:34,4:38:56,12:15:57
877,2183,Danielle Odell,F45-49,119,Female,United States,1:05:15,6:32,6:03:20,6:24,4:54:35,12:16:07
878,1074,Celine Fontanive,F40-44,165,Female,Switzerland,1:18:08,6:54,5:57:37,8:24,4:45:10,12:16:12
879,1041,Mizuki Imaizumi,F30-34,162,Female,Japan,1:35:58,6:19,5:43:40,9:50,4:40:34,12:16:21
880,687,Marianne Butcher,F55-59,33,Female,Canada,1:30:36,6:16,6:00:57,13:05,4:25:42,12:16:35
881,1662,Laura Kooienga,F50-54,76,Female,United States,1:30:45,7:02,5:58:14,8:53,4:31:42,12:16:36
882,2081,Amy Kalan,F45-49,120,Female,New Zealand,1:16:20,8:57,6:10:00,10:03,4:31:20,12:16:39
883,884,Samantha Damare,F30-34,163,Female,United States,1:08:55,7:18,6:00:18,9:28,4:51:23,12:17:22
884,125,Jen Jordan,F35-39,162,Female,United States,1:25:57,5:46,5:56:32,6:44,4:42:24,12:17:23
885,1127,Sayumi Takeda,F40-44,166,Female,Japan,1:23:40,6:50,5:55:29,7:51,4:43:34,12:17:23
886,376,Amanda Quinlan,F35-39,163,Female,United States,1:10:27,6:10,6:35:42,6:32,4:18:37,12:17:28
887,180,Shannon Riley,F35-39,164,Female,United States,1:16:13,5:30,6:22:24,4:56,4:28:26,12:17:30
888,209,Chloe Jane Ong,F35-39,165,Female,Philippines,1:21:40,7:33,6:13:56,8:22,4:26:01,12:17:32
889,1125,Christine Strathmann,F40-44,167,Female,Germany,1:17:42,10:31,6:31:10,7:02,4:11:13,12:17:38
890,1254,Carole Jonquet,F40-44,168,Female,France,1:22:04,8:35,6:15:59,9:30,4:21:35,12:17:43
891,820,Jade Anstis,F30-34,164,Female,United Kingdom,1:14:16,7:39,5:47:56,4:21,5:03:41,12:17:54
892,1636,Tiffany Boire,F50-54,77,Female,Canada,1:18:33,7:39,6:01:34,7:50,4:42:24,12:18:01
893,1815,Delina Auciello,F25-29,91,Female,United States,1:20:49,9:26,6:33:16,7:55,4:06:40,12:18:05
894,1666,Wendy Fawley,F50-54,78,Female,United States,1:05:33,7:28,5:23:29,5:45,5:35:56,12:18:11
895,1721,Ronit Hayman Strifler,F50-54,79,Female,Israel,1:14:59,8:49,6:08:36,8:01,4:37:51,12:18:17
896,2048,Helen Rattee,F45-49,121,Female,Canada,1:15:55,6:54,6:13:02,8:40,4:33:51,12:18:23
897,1585,Mirna Marovic,F50-54,80,Female,Croatia,1:15:58,6:02,6:08:38,9:20,4:38:32,12:18:30
898,1665,Orla Bannan,F50-54,81,Female,United States,1:12:04,5:20,6:16:29,6:32,4:38:07,12:18:32
899,2250,Katy Foster,F45-49,122,Female,United Kingdom,1:19:27,7:50,6:24:16,10:02,4:16:57,12:18:32
900,2211,Marina Nola,F45-49,123,Female,New Zealand,1:22:42,9:31,6:06:45,8:16,4:31:23,12:18:37
901,280,Ruth Yam,F35-39,166,Female,Israel,1:34:56,10:55,5:52:18,8:10,4:32:22,12:18:40
902,1431,Karen Wood,F50-54,82,Female,United States,1:14:05,7:22,6:11:48,11:01,4:34:28,12:18:44
903,1311,Michelle Haslinger,F40-44,169,Female,United States,1:27:19,11:17,6:04:30,8:40,4:27:00,12:18:46
904,2225,Samantha Murphy,F45-49,124,Female,United States,1:10:38,6:06,5:57:12,7:48,4:57:02,12:18:47
905,1905,Margaux Giacotto,F18-24,23,Female,United States,1:31:14,8:10,6:31:35,9:38,3:58:24,12:19:01
906,1773,Mary Timmons,F25-29,92,Female,United States,1:07:04,4:50,5:30:20,4:14,5:32:38,12:19:06
907,1337,Sarah Campen,F40-44,170,Female,United States,1:18:45,8:11,6:07:40,6:11,4:38:34,12:19:22
908,374,Shelley Gao,F35-39,167,Female,China,1:30:25,11:21,6:01:45,8:36,4:27:24,12:19:31
909,274,Raminta Dalgedaite - Baškiene,F35-39,168,Female,Lithuania,1:33:12,8:45,6:02:38,10:21,4:24:44,12:19:40
910,2104,Melisa Christian,F45-49,125,Female,United States,1:16:25,5:25,6:04:33,6:58,4:46:23,12:19:44
911,588,Tanya Lavington,F55-59,34,Female,New Zealand,1:18:44,5:20,6:12:31,6:04,4:37:24,12:20:03
912,2036,Ana Barbosa De Oliveira,F45-49,126,Female,Brazil,1:20:24,5:48,6:22:42,8:10,4:23:14,12:20:17
913,631,Monica Lanzendörfer,F55-59,35,Female,Germany,1:18:48,6:16,6:06:45,5:50,4:42:47,12:20:26
914,2050,Karen Grabowski,F45-49,127,Female,United States,1:03:57,7:36,5:56:34,10:31,5:01:56,12:20:35
915,1931,Theresa Halliday,F45-49,128,Female,Canada,1:04:00,9:18,6:26:55,10:26,4:30:01,12:20:40
916,614,Michelle Reaume,F55-59,36,Female,Canada,1:24:20,5:18,5:49:23,5:40,4:56:03,12:20:44
917,432,Sue Mcmaster,F60-64,8,Female,New Zealand,1:11:11,5:12,6:03:33,5:14,4:55:36,12:20:46
918,1912,Allison Lanesmith,F18-24,24,Female,Canada,1:24:12,6:13,6:09:50,8:47,4:32:08,12:21:10
919,1942,Sara Larson,F45-49,129,Female,United States,1:16:53,7:14,6:28:28,14:00,4:14:46,12:21:21
920,2073,Vielka Hernandez,F45-49,130,Female,United States,1:06:04,7:56,6:19:22,6:59,4:41:02,12:21:23
921,1785,Carly Caissie,F25-29,93,Female,Canada,1:19:19,5:37,6:19:35,6:09,4:30:44,12:21:23
922,1491,Huong Britto,F50-54,83,Female,United States,1:16:28,9:34,6:05:02,12:17,4:38:03,12:21:24
923,1454,Kim Boyd,F50-54,84,Female,Australia,1:19:55,8:23,6:14:45,7:52,4:30:34,12:21:29
924,1237,Jenny Rosenberg,F40-44,171,Female,Sweden,1:14:48,7:04,5:57:47,7:29,4:54:25,12:21:33
925,1882,Kubota Rena,F18-24,25,Female,Japan,1:27:47,6:25,6:52:00,5:38,3:49:46,12:21:35
926,1071,Stephanie Smith,F40-44,172,Female,United States,1:19:16,11:35,5:55:17,9:03,4:46:33,12:21:44
927,2236,Barbara Konrad,F45-49,131,Female,Austria,1:22:55,6:57,6:33:17,7:53,4:10:50,12:21:51
928,2232,Aleksandra Myszk,F45-49,132,Female,Canada,1:40:14,6:40,6:08:15,7:30,4:19:33,12:22:11
929,932,Fernanda Tucci,F30-34,165,Female,United Arab Emirates,1:21:00,5:48,6:29:01,4:17,4:22:06,12:22:12
930,792,Dominique Chassot,F55-59,37,Female,Switzerland,1:24:03,5:39,5:54:04,4:33,4:53:59,12:22:18
931,1376,Emma Bartolo,F40-44,173,Female,United Kingdom,1:23:04,4:11,5:59:59,5:19,4:49:45,12:22:19
932,1344,Jodi Sindelar,F40-44,174,Female,United States,1:05:39,7:58,6:17:31,9:40,4:41:34,12:22:21
933,1410,Lisa Cloutier,F40-44,175,Female,United States,1:24:16,14:17,6:21:41,7:44,4:14:26,12:22:24
934,1539,Marnie Collins,F50-54,85,Female,United States,1:19:40,5:30,5:59:45,8:56,4:48:33,12:22:25
935,1745,Erin Nieusma,F25-29,94,Female,United States,1:29:48,6:23,6:24:57,4:21,4:16:58,12:22:27
936,1043,Alyssa Kimber,F30-34,166,Female,Canada,1:07:30,7:26,5:59:28,8:38,4:59:39,12:22:40
937,1858,Janna Lawson,F25-29,95,Female,Australia,1:23:56,6:58,6:25:47,6:54,4:19:05,12:22:40
938,559,Judy Daggett,F65-69,1,Female,United States,1:20:34,5:27,6:07:11,6:55,4:42:45,12:22:53
939,728,Patricia Kolias,F55-59,38,Female,United States,1:38:53,8:42,6:05:03,11:19,4:19:13,12:23:09
940,1586,Kari Vreugdenhil,F50-54,86,Female,United States,1:12:58,10:14,6:05:36,8:26,4:46:12,12:23:25
941,1510,Katharina Horsch-Littig,F50-54,87,Female,Germany,1:24:16,5:17,6:07:20,5:10,4:41:30,12:23:33
942,1183,Julia Schober-Kestel,F40-44,176,Female,Germany,1:19:48,9:24,6:07:44,9:54,4:36:44,12:23:33
943,1265,Cara Johnson,F40-44,177,Female,United States,1:15:54,6:35,6:13:09,7:58,4:40:03,12:23:38
944,1817,Skye Ombac,F25-29,96,Female,United States,1:19:17,6:00,6:18:34,7:05,4:32:44,12:23:40
945,2185,Katharina Weimer,F45-49,133,Female,Germany,1:37:46,7:52,6:06:02,9:05,4:22:58,12:23:44
946,667,Keri Grosse,F55-59,39,Female,United States,1:17:45,7:13,6:01:48,7:01,4:50:04,12:23:52
947,870,Lauren Halsey,F30-34,167,Female,United States,1:12:12,6:20,6:22:39,6:39,4:36:03,12:23:53
948,1667,Rachael Quillinan,F50-54,88,Female,United States,1:22:00,5:22,5:59:58,5:32,4:51:08,12:24:00
949,1444,Robin Sayed,F50-54,89,Female,United States,1:13:21,6:13,5:54:18,8:07,5:02:07,12:24:06
950,1053,Hunter Puma,F30-34,168,Female,United States,1:20:34,5:37,5:58:29,12:57,4:46:30,12:24:06
951,2147,Tomoko Suto,F45-49,134,Female,Japan,1:15:14,9:22,6:32:11,7:17,4:20:09,12:24:13
952,925,Danielle Etrasco,F30-34,169,Female,United States,1:19:36,7:57,6:19:40,6:20,4:30:45,12:24:18
953,229,Erin Castillo,F35-39,169,Female,United States,1:36:51,5:43,6:29:22,4:37,4:07:49,12:24:22
954,612,Karin Peters,F55-59,40,Female,United States,1:26:08,6:52,5:47:46,4:47,4:59:06,12:24:38
955,263,Inge Keymolen,F35-39,170,Female,Belgium,1:09:28,5:36,6:21:31,8:11,4:39:53,12:24:39
956,616,Denise Drummond,F55-59,41,Female,United Kingdom,1:10:58,6:42,6:24:34,11:14,4:31:19,12:24:46
957,2092,Cari Ossenfort,F45-49,135,Female,United States,1:11:27,6:05,6:03:19,7:42,4:56:15,12:24:47
958,166,Renata Varga,F35-39,171,Female,United States,1:06:48,8:01,6:39:22,11:13,4:19:30,12:24:54
959,405,Katherine Hallock,F35-39,172,Female,United States,1:27:03,13:25,6:46:41,8:15,3:49:31,12:24:55
960,1421,Matleena Livson,F50-54,90,Female,Finland,1:27:09,7:32,6:04:09,10:43,4:35:23,12:24:56
961,963,Sophie Brisson,F30-34,170,Female,Canada,1:12:33,8:10,6:13:08,8:07,4:43:14,12:25:12
962,778,Petra Marton,F55-59,42,Female,Germany,1:12:17,6:05,6:32:12,6:28,4:28:10,12:25:12
963,1565,Terri Stone,F50-54,91,Female,United States,1:22:24,7:48,6:16:59,7:01,4:31:01,12:25:12
964,1514,Myriam Ribcke,F50-54,92,Female,Germany,1:32:09,5:19,6:01:13,6:35,4:39:57,12:25:13
965,1481,Catherine Beeson,F50-54,93,Female,Australia,1:21:53,6:58,6:06:01,4:41,4:45:43,12:25:16
966,636,Melanie Loomis,F55-59,43,Female,United States,1:18:08,9:20,6:19:51,11:11,4:26:47,12:25:18
967,178,Kate Prahlad,F35-39,173,Female,United States,1:16:39,7:06,6:18:40,8:05,4:34:48,12:25:18
968,942,Christina Gonzalez,F30-34,171,Female,United States,1:19:42,6:35,6:10:36,10:09,4:38:17,12:25:18
969,684,Nicola Schweikhart,F55-59,44,Female,Germany,1:28:12,9:57,6:10:38,5:52,4:30:45,12:25:23
970,772,Doreen Schatte,F55-59,45,Female,United States,1:24:35,7:34,5:57:12,6:28,4:49:34,12:25:23
971,2155,Thelma D Amelio,F45-49,136,Female,Brazil,1:36:45,9:28,6:03:40,10:39,4:25:06,12:25:37
972,1589,Irena Mazin,F50-54,94,Female,Israel,1:28:27,6:55,6:02:19,10:25,4:37:34,12:25:41
973,133,Lara Cann,F35-39,174,Female,Australia,1:10:53,5:41,6:19:25,6:04,4:43:41,12:25:45
974,980,Maria Daniels,F30-34,172,Female,New Zealand,1:12:06,8:05,5:58:04,8:59,4:58:47,12:26:01
975,303,Nicol Müller,F35-39,175,Female,South Africa,1:15:00,9:15,6:50:45,5:18,4:05:49,12:26:07
976,2204,Johanna Husdon,F45-49,137,Female,Canada,1:19:33,5:42,5:42:55,6:39,5:11:25,12:26:14
977,2261,Monique Radman,F45-49,138,Female,United States,1:19:39,6:47,6:27:23,7:30,4:24:56,12:26:15
978,2251,Bridget Freudenberger,F45-49,139,Female,United States,1:23:54,10:29,6:17:02,12:20,4:22:52,12:26:36
979,1754,Jaycee Amos,F25-29,97,Female,United States,1:32:09,7:45,6:08:23,7:41,4:30:56,12:26:53
980,1638,Rowena Sinclair-Smith,F50-54,95,Female,Australia,1:05:27,6:38,6:14:29,8:59,4:51:27,12:27:00
981,1427,Maggie Freeman,F50-54,96,Female,United States,1:46:00,7:39,6:14:45,6:19,4:12:30,12:27:13
982,876,Kelsey Ramberg,F30-34,173,Female,United States,1:17:43,7:57,6:24:01,5:08,4:32:32,12:27:21
983,1806,Angela Chang,F25-29,98,Female,United States,1:04:30,5:29,6:35:59,4:43,4:36:58,12:27:39
984,1149,Georgia Coutra,F40-44,178,Female,Greece,1:22:57,8:45,6:17:21,12:20,4:26:16,12:27:40
985,220,Tanja Reinhard,F35-39,176,Female,Germany,1:26:57,4:14,6:18:18,6:27,4:32:02,12:27:58
986,1704,Lisa Baker,F50-54,97,Female,United Kingdom,1:11:23,9:42,5:57:00,11:20,4:58:38,12:28:03
987,726,Maribel Morillas Fernandez,F55-59,46,Female,Spain,1:17:10,4:23,6:04:46,4:27,4:57:22,12:28:08
988,1305,María Escudero Vaca,F40-44,179,Female,Spain,1:14:24,7:23,6:12:56,6:21,4:47:10,12:28:14
989,1147,Tiana Rockwell,F40-44,180,Female,United States,1:11:04,9:56,6:18:49,11:01,4:37:26,12:28:15
990,1687,Andreia Legramante,F50-54,98,Female,Brazil,1:24:16,7:32,6:15:15,7:55,4:33:19,12:28:17
991,2195,Kristin Stokes,F45-49,140,Female,New Zealand,1:22:25,9:37,5:58:15,9:17,4:49:20,12:28:54
992,2246,Angela Giddens,F45-49,141,Female,Canada,1:19:32,6:42,6:08:31,8:34,4:45:50,12:29:09
993,1757,Danielle Wilcock,F25-29,99,Female,United Kingdom,1:15:26,7:13,5:46:39,7:06,5:12:58,12:29:22
994,2224,Ciara Stockeland,F45-49,142,Female,United States,1:21:50,7:23,6:13:17,6:21,4:40:31,12:29:22
995,1037,Shoko Okabe,F30-34,174,Female,United States,1:23:55,8:52,6:29:00,6:15,4:21:27,12:29:30
996,1296,Joo Hyun Lee,F40-44,181,Female,Korea,1:18:51,6:23,6:10:29,8:33,4:45:17,12:29:34
997,643,Aimee Perrett,F55-59,47,Female,New Zealand,1:03:15,5:41,5:49:10,5:09,5:26:21,12:29:37
998,1170,Marta Hala,F40-44,182,Female,Poland,1:21:10,8:00,6:03:54,8:19,4:48:42,12:30:05
999,135,Anna-Lee Martinovich,F35-39,177,Female,Australia,1:01:16,5:10,6:08:42,7:01,5:07:57,12:30:06
1000,2005,Megan Weis,F45-49,143,Female,United States,1:09:49,8:15,6:16:28,9:25,4:46:10,12:30:07
1001,387,Aaryn Schied,F35-39,178,Female,United States,1:04:54,6:44,6:01:13,7:49,5:09:33,12:30:14
1002,1556,Julie Srenaski,F50-54,99,Female,United States,1:21:19,5:29,6:37:02,4:15,4:22:32,12:30:37
1003,1752,Imogen Kemp,F25-29,100,Female,Australia,1:15:46,9:08,6:26:58,11:58,4:26:54,12:30:44
1004,668,Tobi Bisson,F55-59,48,Female,United States,1:03:26,5:59,6:19:26,7:29,4:54:39,12:31:00
1005,2281,Goda Hiroko,F45-49,144,Female,Unknown,1:36:03,9:01,6:24:45,11:19,4:09:56,12:31:03
1006,1744,Sarah Smith,F25-29,101,Female,United States,1:16:09,10:21,6:30:55,7:05,4:26:51,12:31:20
1007,758,Renee Vincel,F55-59,49,Female,United States,1:23:19,5:19,6:08:24,5:23,4:49:02,12:31:25
1008,849,Sarah Integlia-Hankla,F30-34,175,Female,United States,1:20:25,4:16,6:17:56,3:42,4:45:13,12:31:33
1009,707,Julia Cree,F55-59,50,Female,New Zealand,1:05:36,6:41,6:24:21,7:47,4:47:10,12:31:35
1010,2208,Lucy Oron,F45-49,145,Female,Israel,1:35:08,6:31,6:29:38,7:25,4:12:57,12:31:40
1011,599,Catherine Houseaux,F55-59,51,Female,France,1:18:34,5:36,5:54:02,9:20,5:04:07,12:31:40
1012,633,Susanne Ebersbach,F55-59,52,Female,United States,1:25:46,6:38,5:51:56,9:20,4:58:19,12:31:59
1013,2146,Einat Lahav,F45-49,146,Female,Israel,1:17:11,7:44,5:59:13,8:50,4:59:03,12:32:01
1014,267,Ingrid Baeke,F35-39,179,Female,Belgium,1:06:33,8:08,6:27:04,6:09,4:44:10,12:32:04
1015,1484,Carolin Knobelspies,F50-54,100,Female,United States,1:15:23,7:26,6:08:56,7:31,4:52:59,12:32:16
1016,1479,Shayna Weitzman,F50-54,101,Female,United States,1:18:21,8:19,5:59:44,6:27,4:59:27,12:32:18
1017,1964,Birgit Iser,F45-49,147,Female,Austria,1:34:34,8:06,6:26:58,8:32,4:14:14,12:32:24
1018,1432,Sabra Hanson,F50-54,102,Female,United States,1:07:56,12:37,6:24:40,8:52,4:38:20,12:32:24
1019,702,Melinda Nagle,F55-59,53,Female,United States,1:13:44,7:23,6:03:40,7:48,5:00:02,12:32:36
1020,239,Carly Peterson,F35-39,180,Female,United States,1:06:25,6:14,6:00:47,8:22,5:10:54,12:32:43
1021,1633,Renate Pflamitzer,F50-54,103,Female,Austria,1:35:03,5:23,6:18:18,7:57,4:26:13,12:32:53
1022,2226,Hind Saint Georges,F45-49,148,Female,France,1:42:23,4:57,6:29:08,5:30,4:11:00,12:32:59
1023,1951,Jennifer Roost,F45-49,149,Female,United States,1:09:30,7:30,6:30:43,5:12,4:40:05,12:33:00
1024,436,Stacy Karwacki,F60-64,9,Female,United States,1:12:18,5:09,6:01:40,6:18,5:07:37,12:33:03
1025,891,Candace Nelson,F30-34,176,Female,United States,1:04:46,8:50,6:09:56,8:56,5:00:35,12:33:03
1026,1598,Maria Pitman,F50-54,104,Female,Australia,1:07:40,8:34,6:11:15,8:54,4:56:45,12:33:08
1027,1925,Mahaylia Datars,F18-24,26,Female,Unknown,53:38,6:00,5:50:23,4:07,5:39:10,12:33:18
1028,1608,Ana Armoa,F50-54,105,Female,Argentina,1:22:02,5:45,6:16:08,5:04,4:44:20,12:33:19
1029,1014,Katherine Currier,F30-34,177,Female,United States,1:11:49,7:36,5:55:42,6:58,5:11:35,12:33:40
1030,388,Ana María Guzmán Ortiz,F35-39,181,Female,Colombia,1:19:04,8:14,6:36:52,5:53,4:23:38,12:33:41
1031,1298,Christine Grammer,F40-44,183,Female,Austria,1:09:07,9:26,6:44:31,9:07,4:21:47,12:33:57
1032,1209,Alison Schofield,F40-44,184,Female,United Kingdom,1:12:19,6:42,6:11:57,8:39,4:54:25,12:34:01
1033,657,Martha Berrouard,F55-59,54,Female,United States,1:12:23,5:47,5:59:28,6:51,5:09:35,12:34:03
1034,328,Devon Hall,F35-39,182,Female,United States,1:14:41,10:50,6:49:33,11:23,4:07:39,12:34:06
1035,2049,Patricia Del Pozo Nievas,F45-49,150,Female,Spain,1:19:36,7:44,6:47:44,9:39,4:09:32,12:34:15
1036,2162,Carole Binjacar,F45-49,151,Female,France,1:32:07,4:42,6:15:35,6:20,4:35:34,12:34:18
1037,1015,Morgan Pilat,F30-34,178,Female,United States,1:26:33,11:36,6:44:28,11:07,4:00:35,12:34:19
1038,593,Gabriele Pauer,F55-59,55,Female,Austria,1:13:30,7:32,6:12:47,5:47,4:54:57,12:34:33
1039,1945,Gemma Hollis,F45-49,152,Female,United States,1:08:37,5:26,5:55:25,5:13,5:19:57,12:34:38
1040,1398,Meredith King,F40-44,185,Female,United States,1:17:08,9:25,6:24:56,8:16,4:35:06,12:34:51
1041,782,Mira Panek,F55-59,56,Female,United States,1:30:33,10:50,6:15:47,7:07,4:30:35,12:34:52
1042,1657,Michelle Lingenfelser,F50-54,106,Female,United States,1:20:31,7:17,6:16:03,11:34,4:39:33,12:34:57
1043,2196,Mandy Tik,F45-49,153,Female,Hong Kong,1:05:25,10:15,6:51:14,8:34,4:19:34,12:35:02
1044,780,Sonja Ziehli,F55-59,57,Female,Switzerland,1:21:21,7:46,6:22:51,6:11,4:37:01,12:35:10
1045,1822,Esme Kilshaw,F25-29,102,Female,United Kingdom,1:10:43,8:03,6:37:24,10:58,4:28:17,12:35:24
1046,2135,Kateryna Moisyeyeva,F45-49,154,Female,United States,1:15:29,5:32,6:02:46,9:32,5:02:16,12:35:35
1047,2035,Amy Woods,F45-49,155,Female,United States,1:36:48,8:27,6:24:34,6:23,4:19:26,12:35:37
1048,670,Claudia Karl,F55-59,58,Female,Germany,1:20:10,11:53,6:05:34,10:15,4:47:49,12:35:41
1049,474,Cynthia Hutchings,F60-64,10,Female,United States,1:11:09,6:09,6:00:00,9:06,5:09:22,12:35:46
1050,2076,Risa Nanao,F45-49,156,Female,Japan,1:13:15,7:04,6:38:41,8:36,4:28:12,12:35:49
1051,212,Jacqueline Bethel,F35-39,183,Female,United States,1:22:19,6:15,6:22:56,7:57,4:36:41,12:36:09
1052,2200,Jilian White,F45-49,157,Female,United States,1:12:09,7:14,6:11:16,7:07,4:58:46,12:36:31
1053,435,Barbara Polehoykie,F60-64,11,Female,Canada,1:22:33,5:58,6:00:58,8:08,4:58:54,12:36:32
1054,1156,Paola Gomez,F40-44,186,Female,Mexico,1:24:36,12:40,6:23:57,9:18,4:26:06,12:36:36
1055,183,Katrin Palsdottir,F35-39,184,Female,Iceland,1:20:10,7:54,5:35:49,6:41,5:26:13,12:36:49
1056,796,Kathrin Doenni,F55-59,59,Female,Switzerland,1:18:36,6:52,6:12:41,6:51,4:51:52,12:36:53
1057,1719,Laura Neville,F50-54,107,Female,United States,1:03:54,6:26,6:32:59,7:48,4:45:49,12:36:56
1058,222,Amal Adyel,F35-39,185,Female,Morocco,1:27:13,8:15,6:10:45,8:41,4:42:02,12:36:56
1059,1101,Maria Sierra Barroso,F40-44,187,Female,Spain,1:27:18,6:04,6:32:28,4:41,4:27:13,12:37:44
1060,2016,Sarah Poplar,F45-49,158,Female,New Zealand,1:07:09,11:55,6:09:18,11:19,4:58:08,12:37:49
1061,2106,Barbara Naef,F45-49,159,Female,Switzerland,1:04:12,7:23,6:16:34,8:53,5:00:56,12:37:58
1062,1161,Janice Revie,F40-44,188,Female,New Zealand,1:22:13,6:57,6:13:46,8:23,4:46:42,12:38:01
1063,1089,Jillian Chaney,F40-44,189,Female,United States,1:24:49,12:17,6:32:08,12:29,4:16:31,12:38:13
1064,390,Kaisa Poller,F35-39,186,Female,Estonia,1:21:29,5:19,6:11:35,6:27,4:53:30,12:38:19
1065,1671,Luana Cox,F50-54,108,Female,New Zealand,1:14:39,8:57,6:13:42,14:13,4:46:49,12:38:21
1066,1731,Junko Suzuki Kasai,F50-54,109,Female,Japan,1:30:29,7:44,6:44:36,4:35,4:11:18,12:38:42
1067,1271,Lauren Davids,F40-44,190,Female,Australia,1:30:11,7:09,6:08:12,6:50,4:46:31,12:38:52
1068,2024,Joy Mcadams,F45-49,160,Female,United States,1:30:43,7:12,6:25:06,11:18,4:24:41,12:39:00
1069,2112,Alisa Dicaprio,F45-49,161,Female,United States,1:13:58,8:31,6:34:11,11:05,4:31:16,12:39:01
1070,1383,Kelly Lefler,F40-44,191,Female,United States,1:08:57,7:50,6:06:14,7:48,5:08:21,12:39:09
1071,174,Tammy Haws,F35-39,187,Female,United States,1:16:17,8:32,6:12:03,8:49,4:53:39,12:39:21
1072,2089,Kirsten Moore,F45-49,162,Female,Australia,1:03:54,8:54,6:30:01,10:10,4:46:30,12:39:29
1073,391,Rebecca Burge,F35-39,188,Female,United Kingdom,1:27:46,5:35,6:07:16,6:42,4:52:20,12:39:38
1074,1861,Abigail Bernhardt,F25-29,103,Female,United States,1:08:02,6:44,6:38:35,4:38,4:41:47,12:39:45
1075,443,Barbara Cronin Stagnari,F60-64,12,Female,United States,1:08:00,7:22,6:08:14,8:09,5:08:00,12:39:45
1076,608,Yvonne Most,F55-59,60,Female,Germany,1:35:39,6:16,6:15:56,5:08,4:36:49,12:39:47
1077,160,Roberta Maker,F35-39,189,Female,Canada,1:15:41,5:46,5:47:31,9:50,5:21:06,12:39:54
1078,2260,Meghan Schaeffer,F45-49,163,Female,United States,1:08:54,8:27,6:25:14,10:53,4:46:38,12:40:07
1079,181,Denise Miller,F35-39,190,Female,United States,1:16:29,7:32,6:00:28,6:34,5:09:21,12:40:23
1080,604,Diana Thaxter,F55-59,61,Female,Canada,1:21:47,6:26,6:24:35,8:06,4:39:32,12:40:26
1081,1588,Jacq Tan,F50-54,110,Female,Singapore,1:10:36,7:22,6:10:35,6:51,5:05:10,12:40:33
1082,243,Jennifer Wallrich,F35-39,191,Female,United States,1:09:24,8:10,6:23:52,10:06,4:49:05,12:40:38
1083,1165,Stephanie Brealey,F40-44,192,Female,Costa Rica,1:20:31,6:23,5:55:28,8:06,5:10:18,12:40:46
1084,708,Alicia Light,F55-59,62,Female,United States,1:31:20,7:10,6:17:41,8:42,4:35:57,12:40:50
1085,2074,Marcela Alvarez,F45-49,164,Female,Mexico,1:07:50,6:42,6:01:46,8:07,5:16:32,12:40:57
1086,493,Rachel Edwards,F60-64,13,Female,United Kingdom,1:28:09,9:38,6:12:19,10:36,4:40:34,12:41:16
1087,1892,Isabel Bowman,F18-24,27,Female,United States,1:16:57,11:49,6:16:56,10:10,4:45:25,12:41:17
1088,112,Adrienne Bunn,FPC/ID,,Female,United States,1:33:12,6:04,6:45:36,6:06,4:10:20,12:41:18
1089,113,Doug Guthrie,MPC/ID,,Open,United States,1:33:17,6:05,6:45:29,6:08,4:10:21,12:41:19
1090,1278,Kylie Scholz,F40-44,193,Female,Australia,1:08:15,7:38,6:19:54,5:37,5:00:03,12:41:28
1091,1898,Sierra Delmonico,F18-24,28,Female,United States,1:08:59,5:23,6:33:06,5:40,4:48:26,12:41:34
1092,617,Juli Hester,F55-59,63,Female,United States,1:31:44,9:42,5:58:51,8:01,4:53:29,12:41:47
1093,1167,Cassie Holley,F40-44,194,Female,United States,1:30:18,7:27,6:10:03,8:49,4:45:12,12:41:49
1094,2154,Cristiane De Oliveira Passos,F45-49,165,Female,Brazil,1:20:49,10:58,6:15:30,11:35,4:43:02,12:41:55
1095,2025,Linda Burgren,F45-49,166,Female,Sweden,1:21:52,7:21,6:16:39,11:42,4:44:25,12:41:59
1096,2286,Karem Lajara,F45-49,167,Female,United States,1:23:03,7:10,5:58:34,8:34,5:04:41,12:42:01
1097,1530,Kristin Wilkes-White,F50-54,111,Female,United States,1:08:51,7:34,6:36:46,6:35,4:42:17,12:42:03
1098,2107,Junko Nakamura,F45-49,168,Female,Japan,1:04:03,7:25,6:23:18,8:12,4:59:14,12:42:11
1099,109,Kc Northup,FPC/ID,,Female,United States,1:18:17,6:53,6:43:07,4:14,4:29:45,12:42:15
1100,108,Marlynne Stutzman,FPC/ID,,Female,United States,1:18:18,6:51,6:43:09,4:14,4:29:46,12:42:17
1101,2134,Olga Starikova,F45-49,169,Female,United States,1:21:43,5:17,6:23:21,4:23,4:47:48,12:42:32
1102,1900,Alexis Stout,F18-24,29,Female,United States,1:06:02,7:53,6:35:19,7:39,4:45:48,12:42:41
1103,369,Severine Da Costa,F35-39,192,Female,France,1:30:31,5:52,6:26:38,4:50,4:34:54,12:42:45
1104,1155,Jessianna Osborne,F40-44,195,Female,United States,1:21:01,4:50,6:13:27,6:58,4:56:32,12:42:47
1105,1490,Michele Santilhano,F50-54,112,Female,United States,1:20:01,8:44,6:19:14,6:49,4:47:59,12:42:47
1106,489,Fernanda Keller,F60-64,14,Female,Brazil,1:10:55,4:29,6:02:03,10:02,5:15:25,12:42:54
1107,1700,Carrie Ohm,F50-54,113,Female,United States,1:04:00,9:02,6:52:04,9:05,4:28:51,12:43:02
1108,632,Cay Lesaffer,F55-59,64,Female,Belgium,1:20:56,7:16,6:16:25,9:07,4:49:18,12:43:02
1109,2059,Lucía Blanco Arriola,F45-49,170,Female,Spain,1:21:16,7:57,6:03:26,9:30,5:00:54,12:43:03
1110,2215,Shantel Pack,F45-49,171,Female,United States,1:23:13,4:49,6:04:27,5:58,5:04:40,12:43:06
1111,1029,Allison Saroni,F30-34,179,Female,United States,1:07:44,4:39,5:34:40,3:14,5:52:53,12:43:09
1112,844,Belle Thomas,F30-34,180,Female,United States,1:26:22,9:09,6:22:44,7:18,4:37:37,12:43:10
1113,2039,Heather Clark,F45-49,172,Female,United States,1:50:34,5:41,6:28:47,7:15,4:11:02,12:43:19
1114,821,Kristen Reiss,F30-34,181,Female,United States,1:35:07,7:02,6:28:55,9:06,4:23:12,12:43:22
1115,1188,Jill Lasseter,F40-44,196,Female,United States,1:19:49,8:11,6:23:37,7:32,4:44:14,12:43:23
1116,1389,Elise Crane,F40-44,197,Female,United States,1:01:40,10:52,6:18:40,13:17,4:58:56,12:43:24
1117,505,Cherie Touchette,F60-64,15,Female,United States,1:01:11,3:27,5:55:29,3:43,5:39:37,12:43:26
1118,1412,Tora Philp,F40-44,198,Female,Sweden,1:12:36,4:29,6:02:28,3:59,5:19:58,12:43:30
1119,1631,Agnieszka Fijolek-Warszewska,F50-54,114,Female,Poland,1:28:08,6:49,5:51:41,8:41,5:08:21,12:43:41
1120,958,Marie Kalkusová,F30-34,182,Female,Czechia,1:28:30,7:39,6:13:39,4:03,4:49:56,12:43:47
1121,2228,Zoe Bellinghausen,F45-49,173,Female,United States,1:20:55,7:14,6:33:32,8:30,4:33:44,12:43:56
1122,1084,Estie Cloete,F40-44,199,Female,South Africa,1:33:48,6:54,6:24:20,8:29,4:30:25,12:43:56
1123,2101,Heather Ross,F45-49,174,Female,United States,1:46:39,10:00,6:12:07,11:00,4:24:30,12:44:17
1124,1881,Anna Linner,F18-24,30,Female,Germany,1:07:47,5:01,6:22:44,7:06,5:01:41,12:44:19
1125,851,Heidi Heckel,F30-34,183,Female,United States,1:30:54,3:55,6:11:39,4:22,4:53:52,12:44:42
1126,1309,Jennifer Hayes,F40-44,200,Female,United States,1:25:21,8:57,6:21:56,10:35,4:37:54,12:44:44
1127,1017,Sophia Staal,F30-34,184,Female,United States,1:14:49,6:03,5:50:23,4:26,5:29:13,12:44:54
1128,1005,Allsun Kelly,F30-34,185,Female,Ireland,1:16:51,6:38,6:34:11,7:08,4:40:15,12:45:04
1129,1288,Gabi Madison,F40-44,201,Female,United States,1:18:42,9:55,6:11:01,8:02,4:57:32,12:45:13
1130,1453,Kim Bramblett,F50-54,115,Female,United States,1:32:08,5:42,5:59:11,11:08,4:57:20,12:45:29
1131,903,Andreane Voyer,F30-34,186,Female,Canada,1:07:56,7:19,6:33:58,6:21,4:50:14,12:45:48
1132,2202,Laura Coppola,F45-49,175,Female,United States,1:10:44,8:21,6:13:00,7:21,5:06:32,12:45:58
1133,1395,Lisa Stein,F40-44,202,Female,United States,1:24:22,15:22,6:21:17,9:37,4:35:31,12:46:09
1134,658,Karen Wolfson,F55-59,65,Female,United States,1:27:31,10:52,6:10:34,8:14,4:49:06,12:46:17
1135,2071,Beate Berg,F45-49,176,Female,Norway,1:21:34,5:38,6:03:57,5:17,5:10:05,12:46:33
1136,665,Joanna Drop,F55-59,66,Female,Poland,1:15:38,6:14,6:18:45,8:27,4:57:35,12:46:39
1137,1185,Krista Sermon,F40-44,203,Female,United States,1:15:56,7:41,6:28:37,6:09,4:48:19,12:46:43
1138,1537,Rebecca Armbruster,F50-54,116,Female,United States,1:32:57,7:11,6:25:56,7:00,4:33:42,12:46:47
1139,1957,Chieko Aoki,F45-49,177,Female,Japan,1:27:05,9:03,6:12:29,7:17,4:50:57,12:46:51
1140,663,Lisa Kuecker,F55-59,67,Female,United States,1:15:06,7:26,6:19:57,11:07,4:53:20,12:46:55
1141,1850,Berenika Góralczyk,F25-29,104,Female,Poland,1:15:59,7:24,6:04:51,7:16,5:11:31,12:47:00
1142,1390,Claudia Schwarz,F40-44,204,Female,Germany,1:37:46,6:29,6:52:29,4:50,4:05:57,12:47:31
1143,1571,Carmen Mari Ruiz,F50-54,117,Female,Mexico,1:25:36,8:57,6:12:30,9:28,4:51:01,12:47:33
1144,829,Bobby Lee,F30-34,187,Female,United States,59:10,6:54,6:19:52,10:27,5:11:10,12:47:33
1145,1378,Wanda Brewka,F40-44,205,Female,Poland,1:27:23,9:41,6:31:59,10:26,4:28:22,12:47:52
1146,1592,Rebekah Bruhwiller,F50-54,118,Female,Switzerland,1:12:03,8:04,6:16:03,10:56,5:01:06,12:48:12
1147,1111,Melissa Hillman,F40-44,206,Female,United States,1:14:45,9:51,6:42:17,10:05,4:31:18,12:48:17
1148,1475,Sarah Frank,F50-54,119,Female,United States,1:16:43,5:58,6:26:49,7:46,4:51:02,12:48:18
1149,1668,Karen Reimann,F50-54,120,Female,Australia,1:15:07,8:25,6:16:21,8:49,4:59:46,12:48:29
1150,1497,Charrissa Lin,F50-54,121,Female,United States,1:16:30,8:18,6:44:48,7:02,4:32:09,12:48:46
1151,1684,Lilias Young,F50-54,122,Female,United States,1:20:35,6:06,6:13:14,10:55,4:58:00,12:48:50
1152,1844,Adriana Samanamud Masias,F25-29,105,Female,Peru,1:00:47,7:11,6:38:40,11:11,4:51:04,12:48:53
1153,1196,Ronda Vanderwall,F40-44,207,Female,United States,1:11:49,7:10,6:18:57,6:01,5:04:59,12:48:56
1154,2026,Robyn Winn,F45-49,178,Female,Australia,1:12:15,5:56,6:07:10,10:10,5:13:36,12:49:08
1155,2266,Katia Luzzi,F45-49,179,Female,Italy,1:12:12,7:07,6:50:10,7:24,4:32:29,12:49:22
1156,2067,Lowri Bowen,F45-49,180,Female,United Kingdom,1:24:29,7:45,6:20:57,8:27,4:47:52,12:49:30
1157,1319,Noreen Glossmann,F40-44,208,Female,Germany,1:22:26,6:46,6:14:13,6:36,4:59:33,12:49:34
1158,2184,Susannah Herring,F45-49,181,Female,United States,1:25:14,9:55,6:30:40,9:12,4:34:35,12:49:37
1159,1625,Constance Geoghan,F50-54,123,Female,United States,1:23:38,11:55,6:02:18,9:57,5:02:02,12:49:50
1160,1148,Mirjam Westerveld,F40-44,209,Female,Netherlands,1:15:21,7:17,6:18:02,9:50,4:59:29,12:49:58
1161,506,Andrea Helmuth,F60-64,16,Female,Germany,1:31:39,6:10,6:24:10,7:03,4:40:58,12:50:01
1162,1405,Kathy Thompson,F40-44,210,Female,Canada,1:27:14,8:09,6:28:43,8:32,4:37:33,12:50:12
1163,1040,Michaela Freudenstein,F30-34,188,Female,Germany,1:37:55,5:46,5:59:15,8:48,4:58:45,12:50:28
1164,1245,Amanda Nesbitt,F40-44,211,Female,United States,1:14:50,9:10,6:13:17,11:22,5:02:01,12:50:41
1165,1380,Maria Paredes,F40-44,212,Female,United States,1:32:59,14:06,6:46:49,11:56,4:05:12,12:51:02
1166,2168,Karen Rice,F45-49,182,Female,United States,1:29:20,4:41,6:18:06,8:40,4:50:42,12:51:29
1167,1835,Constance Del Negro,F25-29,106,Female,France,1:14:34,5:11,5:41:09,6:44,5:44:22,12:52:01
1168,595,Monika Kuhn-Ellenrieder,F55-59,68,Female,Germany,1:28:55,6:16,6:39:58,12:14,4:24:48,12:52:10
1169,672,Polly Harris,F55-59,69,Female,United States,1:18:15,7:16,6:18:13,10:27,4:58:22,12:52:32
1170,1270,Edel Power,F40-44,213,Female,Ireland,1:28:16,10:40,6:18:35,8:00,4:47:08,12:52:39
1171,1906,Connie Baker,F18-24,31,Female,United Kingdom,1:11:06,5:37,6:34:55,4:23,4:56:46,12:52:47
1172,1087,Fabiana Jacinto Da Silva,F40-44,214,Female,Brazil,1:26:36,8:06,6:43:47,12:51,4:21:43,12:53:02
1173,1840,Emily Pincus,F25-29,107,Female,United States,56:04,7:26,5:54:07,8:37,5:46:51,12:53:04
1174,1144,Jenn Moller,F40-44,215,Female,Canada,1:27:26,12:26,7:09:44,7:32,3:56:04,12:53:13
1175,2175,Julia Zetye,F45-49,183,Female,United States,1:10:16,7:36,6:45:11,12:14,4:38:00,12:53:18
1176,131,Katharine Sowder,F35-39,193,Female,United States,1:21:39,7:18,6:31:03,7:46,4:46:00,12:53:46
1177,1236,Lynn Mattix,F40-44,216,Female,United States,1:26:45,7:05,6:17:10,3:53,4:59:00,12:53:54
1178,2193,Véronique Van Gaever,F45-49,184,Female,Belgium,1:47:33,10:11,6:26:19,16:29,4:13:27,12:53:58
1179,281,Tiffani Russ,F35-39,194,Female,United States,1:17:35,8:40,6:26:15,12:25,4:49:15,12:54:12
1180,518,Jill Speight,F60-64,17,Female,United Kingdom,1:28:41,7:04,6:22:51,8:35,4:47:02,12:54:12
1181,485,Karen Tamson,F60-64,18,Female,United States,1:09:13,6:00,6:25:06,6:34,5:07:48,12:54:41
1182,496,Patty Higgins,F60-64,19,Female,United States,1:21:11,10:49,6:25:22,7:55,4:49:27,12:54:43
1183,1594,Akiko Ito,F50-54,124,Female,Japan,1:27:31,10:12,6:40:39,9:45,4:26:38,12:54:45
1184,368,Ellen Mclachlan,F35-39,195,Female,United Kingdom,1:21:34,7:03,6:33:46,6:56,4:45:46,12:55:05
1185,2152,Yuki Tokuda,F45-49,185,Female,Japan,1:25:40,10:30,6:10:50,10:29,4:57:48,12:55:17
1186,360,Joy Buechler,F35-39,196,Female,United States,1:06:06,5:33,6:25:44,7:33,5:10:27,12:55:23
1187,1692,Etyene Schnurr,F50-54,125,Female,Brazil,1:15:38,5:10,6:27:05,9:50,4:57:44,12:55:26
1188,1072,Cheryl Jeseritz,F40-44,217,Female,United States,1:35:42,5:35,6:37:47,12:02,4:24:58,12:56:03
1189,342,Kirsty Marie Walker,F35-39,197,Female,United Kingdom,1:18:09,6:01,6:19:48,5:51,5:06:16,12:56:05
1190,2086,Joanna Dillon,F45-49,186,Female,United Kingdom,1:12:09,6:10,6:19:59,6:51,5:10:58,12:56:08
1191,1564,Kelley Hamlin,F50-54,126,Female,United States,1:16:32,12:48,6:47:09,8:02,4:31:41,12:56:12
1192,701,Linda Mccandless,F55-59,70,Female,United States,1:14:41,8:52,6:03:00,13:31,5:16:13,12:56:18
1193,1809,Enja Ahearn,F25-29,108,Female,New Zealand,1:19:02,8:10,6:40:47,12:34,4:35:47,12:56:19
1194,615,Colleen Hoffman,F55-59,71,Female,United States,1:22:29,7:21,6:24:35,11:13,4:50:56,12:56:34
1195,1474,Caren Bancroft,F50-54,127,Female,United States,1:19:20,7:31,6:22:36,11:29,4:55:45,12:56:41
1196,494,Sandy Stephens,F60-64,20,Female,Canada,1:32:33,10:50,6:24:19,11:11,4:37:54,12:56:47
1197,1058,Mckenzie Doss,F30-34,189,Female,United States,1:07:05,6:00,5:50:49,3:57,5:48:58,12:56:49
1198,2143,Cherish Thompson,F45-49,187,Female,United States,1:30:21,8:42,6:37:33,9:19,4:30:57,12:56:51
1199,1557,Geraldine Bouvier,F50-54,128,Female,France,1:13:57,6:40,6:38:13,6:22,4:51:58,12:57:11
1200,2042,Dagmar Pfadenhauer,F45-49,188,Female,Austria,1:22:40,6:59,6:42:29,5:23,4:39:58,12:57:30
1201,901,Kate Scirocco,F30-34,190,Female,United States,1:42:19,7:31,6:15:28,5:26,4:47:10,12:57:55
1202,1019,Chelsea Auld,F30-34,191,Female,Australia,1:17:03,9:00,6:25:56,10:04,4:56:02,12:58:05
1203,1449,Sandra Schoeni,F50-54,129,Female,Switzerland,1:17:23,5:49,6:05:19,7:05,5:22:43,12:58:18
1204,2169,Tanja Bauer,F45-49,189,Female,Germany,1:42:19,7:08,6:18:42,9:57,4:40:24,12:58:31
1205,447,Denise Rhodes,F60-64,21,Female,United States,1:10:57,13:51,6:09:26,15:12,5:09:06,12:58:33
1206,966,Julia Rudack,F30-34,192,Female,Germany,1:19:08,6:57,6:05:55,10:39,5:15:56,12:58:35
1207,1965,Daniela Brink,F45-49,190,Female,Germany,1:37:52,14:09,5:59:57,12:00,4:54:46,12:58:43
1208,514,Jana Oehme,F60-64,22,Female,Germany,1:33:22,9:05,6:08:06,5:49,5:02:32,12:58:54
1209,1996,Michelle Greatrex,F45-49,191,Female,United Kingdom,1:08:26,7:56,6:39:13,9:49,4:53:49,12:59:13
1210,2142,Kelly Gardiner,F45-49,192,Female,Canada,1:24:23,10:29,6:23:43,6:59,4:53:44,12:59:18
1211,1871,Sarah Schmidt-Dannert,F18-24,32,Female,United States,1:18:36,6:44,5:35:02,5:49,5:53:10,12:59:21
1212,1333,Anat Gotfried,F40-44,218,Female,United States,1:23:52,8:24,6:30:41,9:50,4:46:35,12:59:22
1213,2190,Marie Brenkova,F45-49,193,Female,Czechia,1:35:33,7:29,6:39:41,5:01,4:31:49,12:59:33
1214,210,Ali Douglas,F35-39,198,Female,Canada,1:14:17,6:01,6:39:34,5:46,4:54:08,12:59:47
1215,1961,Jennifer Edwards,F45-49,194,Female,United States,1:16:11,7:25,5:48:00,7:54,5:40:24,12:59:53
1216,324,Jenny Kohout,F35-39,199,Female,Germany,1:36:51,9:11,6:35:12,5:31,4:33:18,13:00:03
1217,927,Valerie Boulet,F30-34,193,Female,United States,1:21:09,6:47,6:13:09,5:47,5:13:10,13:00:03
1218,1694,Jasmin Drössler,F50-54,130,Female,Germany,1:21:47,7:37,6:11:52,10:31,5:08:18,13:00:05
1219,2064,Jordan Mcammond,F45-49,195,Female,United States,1:06:50,6:18,6:27:43,9:09,5:10:06,13:00:05
1220,1284,Cindy Wilkins,F40-44,219,Female,Australia,1:26:12,9:06,6:11:23,10:58,5:02:44,13:00:23
1221,2247,Eleanor Standen,F45-49,196,Female,United Kingdom,1:20:47,6:21,6:32:09,7:51,4:53:34,13:00:42
1222,2021,Melissa Mcfarlane,F45-49,197,Female,Australia,1:17:35,7:17,6:38:36,10:10,4:47:05,13:00:43
1223,1506,Christelle Moreau,F50-54,131,Female,France,1:28:06,6:04,6:34:17,6:14,4:46:32,13:01:12
1224,2063,Nancy Nguyen,F45-49,198,Female,United States,1:35:20,6:43,6:29:13,7:02,4:43:25,13:01:43
1225,1542,Donna Macdonald,F50-54,132,Female,New Zealand,1:31:01,8:09,6:21:55,9:51,4:50:54,13:01:51
1226,1318,Laura Willsher,F40-44,220,Female,United Kingdom,1:26:46,8:01,6:37:48,8:38,4:41:12,13:02:25
1227,511,Nathalie Boivin,F60-64,23,Female,Canada,1:30:14,10:27,6:26:32,13:51,4:41:25,13:02:30
1228,600,Adelia Smith,F55-59,72,Female,United States,1:22:34,7:26,6:59:09,12:46,4:20:39,13:02:34
1229,652,Connie Roberts,F55-59,73,Female,United States,1:29:08,10:18,6:21:28,10:45,4:51:17,13:02:57
1230,254,Mikka Nordby,F35-39,200,Female,United States,1:10:29,6:15,6:01:24,7:40,5:37:10,13:02:59
1231,691,Larissa Wildsmith,F55-59,74,Female,New Zealand,1:21:44,8:51,6:04:17,8:17,5:19:54,13:03:02
1232,1829,Remi Simpson,F25-29,109,Female,United Kingdom,1:11:54,6:32,6:48:08,6:36,4:49:54,13:03:03
1233,1626,Kari Armitage,F50-54,133,Female,Australia,1:21:50,8:16,6:46:22,8:39,4:38:16,13:03:24
1234,1277,Thea Davies,F40-44,221,Female,New Zealand,1:19:34,9:11,6:49:35,9:17,4:36:29,13:04:05
1235,1599,Chloe Thomas,F50-54,134,Female,United Kingdom,1:24:14,10:00,6:29:26,11:48,4:48:42,13:04:10
1236,621,Lori Campbell,F55-59,75,Female,United States,1:09:30,4:33,6:09:59,6:06,5:34:03,13:04:10
1237,1232,Melissa Brust Wilson,F40-44,222,Female,Canada,1:19:29,7:26,6:41:12,9:11,4:47:25,13:04:43
1238,1450,Colette Vogell,F50-54,135,Female,United States,1:25:15,8:56,6:15:27,7:25,5:07:53,13:04:56
1239,2248,Cynthia San Jose,F45-49,199,Female,Canada,1:46:03,6:52,6:49:34,9:53,4:12:38,13:05:01
1240,1349,Victoria Houghton,F40-44,223,Female,United States,1:14:15,10:56,6:24:16,10:14,5:05:26,13:05:06
1241,1153,Dara Moncarz,F40-44,224,Female,Canada,1:31:22,9:51,6:20:07,10:06,4:53:46,13:05:11
1242,1116,Dagmar Trummer-Widder,F40-44,225,Female,Austria,1:15:59,7:21,6:23:01,7:56,5:11:00,13:05:17
1243,172,Ann-Mari Darj,F35-39,201,Female,Sweden,1:15:58,11:45,6:36:12,11:15,4:50:11,13:05:20
1244,1118,Cora Blankendaal,F40-44,226,Female,Netherlands,1:25:57,7:52,6:23:00,6:31,5:02:02,13:05:23
1245,1888,Isabel Godoy,F18-24,33,Female,Germany,1:00:09,5:21,6:27:15,8:18,5:24:29,13:05:31
1246,1259,Bren Willhite,F40-44,227,Female,United States,1:22:40,13:19,6:35:40,14:35,4:39:33,13:05:49
1247,930,Jordan Houston,F30-34,194,Female,New Zealand,1:13:58,6:26,5:53:46,7:13,5:44:38,13:06:01
1248,1546,Beth Ulibarri,F50-54,136,Female,United States,1:16:41,7:53,6:45:13,6:01,4:50:16,13:06:04
1249,2110,Sara Reimer,F45-49,200,Female,Canada,1:22:16,6:15,7:01:12,8:21,4:28:02,13:06:06
1250,1962,Melissa Tallent,F45-49,201,Female,United States,1:08:44,10:29,6:20:20,14:32,5:12:05,13:06:10
1251,1384,Paulina Lepka,F40-44,228,Female,Poland,1:23:48,8:46,6:09:41,10:56,5:13:06,13:06:16
1252,1895,Marisa Johnson,F18-24,34,Female,United States,1:03:12,8:19,6:42:34,6:43,5:05:33,13:06:20
1253,1972,Lorena Cortes,F45-49,202,Female,Argentina,1:31:04,5:41,6:35:25,8:33,4:45:44,13:06:26
1254,2120,Sue Lau,F45-49,203,Female,United States,1:29:29,10:31,6:06:37,10:01,5:09:55,13:06:34
1255,2091,Kelly Mulvany,F45-49,204,Female,United States,1:13:09,6:25,6:18:39,10:15,5:18:10,13:06:38
1256,1987,Michele Trujillo-Veit,F45-49,205,Female,United States,1:17:20,9:13,6:19:57,14:29,5:05:44,13:06:42
1257,1428,Laura Betten,F50-54,137,Female,United States,1:27:50,8:34,6:08:50,11:40,5:09:50,13:06:44
1258,1550,Dephine Perrier,F50-54,138,Female,United States,1:24:06,9:12,6:45:58,7:35,4:39:59,13:06:51
1259,377,Jennifer Aimee Uy,F35-39,202,Female,Philippines,1:29:25,7:24,6:29:34,7:21,4:53:09,13:06:54
1260,1513,Kelly Healey,F50-54,139,Female,Australia,1:05:29,9:17,6:46:33,10:06,4:55:36,13:07:01
1261,1110,Valerie Piercey,F40-44,229,Female,Canada,1:24:47,9:14,6:36:52,12:24,4:43:48,13:07:04
1262,1825,Rachael Markoe,F25-29,110,Female,United States,1:04:01,6:28,6:37:50,11:50,5:07:03,13:07:12
1263,1661,Karime Nevarez,F50-54,140,Female,Mexico,1:27:11,7:30,6:49:39,7:36,4:35:17,13:07:13
1264,341,Johanna Garcia,F35-39,203,Female,Colombia,1:35:38,7:16,5:54:35,8:59,5:21:14,13:07:42
1265,1078,Wendy Sharp,F40-44,230,Female,United States,1:23:18,6:49,6:56:21,4:55,4:36:31,13:07:54
1266,1327,Michelle Herzog,F40-44,231,Female,Switzerland,1:18:48,6:10,6:24:50,6:52,5:11:26,13:08:05
1267,1448,Patricia Neukom,F50-54,141,Female,Switzerland,1:22:46,8:23,6:22:11,10:26,5:04:32,13:08:18
1268,706,Cynthia Lyons,F55-59,76,Female,United States,1:03:36,6:35,6:15:31,10:42,5:32:02,13:08:26
1269,128,Cheryl Sobering,F35-39,204,Female,United States,1:47:51,15:02,7:14:25,9:04,3:42:14,13:08:36
1270,1368,Kathy La Fauce,F40-44,232,Female,Australia,1:08:58,7:26,7:06:29,8:29,4:37:16,13:08:38
1271,1090,Etta-Mai Farrell,F40-44,233,Female,Ireland,1:34:03,6:02,6:36:29,7:22,4:44:45,13:08:40
1272,1584,Naoko Yoneyama,F50-54,142,Female,Japan,1:24:11,10:02,6:24:23,8:53,5:01:18,13:08:48
1273,279,Akari Koge,F35-39,205,Female,Japan,1:33:30,11:19,6:16:22,11:28,4:56:11,13:08:51
1274,1362,Leslie Swain,F40-44,234,Female,United States,1:12:16,9:21,6:21:53,9:36,5:15:46,13:08:52
1275,1141,Stephanie Granlund,F40-44,235,Female,United States,1:34:56,6:17,6:27:12,6:25,4:54:05,13:08:55
1276,699,Donna Hickey,F55-59,77,Female,United States,1:17:23,7:50,6:31:06,13:48,4:58:51,13:08:59
1277,2047,Skroland Bullwinkel,F45-49,206,Female,Germany,1:05:55,10:17,6:50:42,10:13,4:51:51,13:08:59
1278,1504,Melanie Kroniger,F50-54,143,Female,Germany,1:05:20,4:42,6:23:44,9:09,5:26:04,13:09:00
1279,2180,Heather Kelly,F45-49,207,Female,United States,1:27:37,8:28,6:13:55,8:07,5:11:05,13:09:12
1280,509,Annika Åström,F60-64,24,Female,Sweden,1:08:56,5:10,6:33:56,4:20,5:17:01,13:09:23
1281,484,Lee-Anne Young,F60-64,25,Female,New Zealand,1:22:46,8:57,6:33:03,9:30,4:55:10,13:09:27
1282,1981,Sadie Barron,F45-49,208,Female,United Kingdom,1:32:05,7:19,6:30:34,12:34,4:47:03,13:09:34
1283,1969,Alison Mccann,F45-49,209,Female,United States,1:43:33,5:49,6:47:14,11:16,4:21:51,13:09:43
1284,2038,Tracy Campbell,F45-49,210,Female,United States,1:09:37,7:08,6:14:06,12:03,5:27:12,13:10:07
1285,967,Ashley Carter,F30-34,195,Female,United States,1:23:41,5:39,6:50:41,10:30,4:39:37,13:10:09
1286,999,Hannah Clancy,F30-34,196,Female,United Kingdom,1:09:39,6:37,7:00:31,5:56,4:47:34,13:10:16
1287,1601,Summer Miller,F50-54,144,Female,United States,1:14:40,6:09,6:50:19,5:50,4:53:37,13:10:36
1288,1600,Heather Weirath,F50-54,145,Female,United States,1:19:53,13:29,7:12:04,10:41,4:14:30,13:10:38
1289,794,Päivi Tryyki,F55-59,78,Female,Finland,1:18:17,10:58,6:16:54,8:22,5:16:19,13:10:49
1290,1195,Amy Ellett,F40-44,236,Female,Canada,1:13:59,7:59,5:44:59,8:30,5:55:36,13:11:03
1291,1224,Kathryn Zwiefka,F40-44,237,Female,United States,1:13:52,8:00,6:38:08,5:06,5:06:06,13:11:12
1292,1520,Vanuza Maciel,F50-54,146,Female,Brazil,1:20:44,7:10,6:35:34,12:50,4:55:00,13:11:18
1293,1052,Tabitha Ahearn,F30-34,197,Female,United States,1:23:58,18:14,6:40:48,12:33,4:35:46,13:11:19
1294,2030,Lisa Wilber,F45-49,211,Female,United States,1:23:38,7:30,6:44:41,8:31,4:47:02,13:11:23
1295,1456,Dana Rini,F50-54,147,Female,United States,1:16:32,7:08,6:21:55,9:01,5:16:58,13:11:34
1296,815,Laura Ungarova,F30-34,198,Female,Kazakhstan,1:19:54,9:02,6:38:46,10:28,4:53:32,13:11:42
1297,1943,Adrienne Richardson,F45-49,212,Female,Australia,1:22:44,8:13,6:59:34,13:37,4:27:38,13:11:46
1298,1138,Kristy Hopkins,F40-44,238,Female,United States,1:31:30,5:48,6:10:06,7:42,5:16:41,13:11:47
1299,2257,Maria Fernanda Poveda Franco,F45-49,213,Female,Ecuador,1:24:25,7:13,6:26:58,8:08,5:05:13,13:11:57
1300,1579,Karen Sullivan,F50-54,148,Female,Canada,1:11:28,9:13,6:21:07,9:15,5:20:57,13:11:59
1301,2285,Lisa Ritchie,F45-49,214,Female,United States,1:24:58,8:28,6:40:10,13:07,4:45:21,13:12:04
1302,905,Valerie Snider,F30-34,199,Female,United States,1:00:57,7:39,6:06:10,6:58,5:50:35,13:12:19
1303,423,Amanda Barlow,F60-64,26,Female,Australia,1:25:18,7:52,6:22:52,9:22,5:07:09,13:12:33
1304,2170,Caroline Myhre,F45-49,215,Female,Denmark,1:23:23,4:58,5:57:56,8:02,5:38:24,13:12:42
1305,441,Kim Raine,F60-64,27,Female,Canada,1:32:08,8:32,6:23:42,9:08,4:59:13,13:12:43
1306,972,Natalia Szlarb,F30-34,200,Female,Poland,1:32:41,7:55,6:41:11,10:21,4:40:58,13:13:07
1307,1133,Neena Hwaidak,F40-44,239,Female,Egypt,1:16:50,8:11,7:01:33,11:20,4:35:16,13:13:10
1308,1674,Jennifer Miller,F50-54,149,Female,United States,1:24:56,10:02,6:35:28,8:03,4:54:41,13:13:10
1309,1264,Anne-Marie Russell,F40-44,240,Female,United States,1:16:41,11:37,6:30:41,9:20,5:05:04,13:13:23
1310,1934,Soazig Taillardat,F45-49,216,Female,France,1:22:54,9:25,6:50:36,12:21,4:38:09,13:13:24
1311,1403,Shara Maddox,F40-44,241,Female,United States,1:19:47,12:01,6:46:37,13:38,4:41:24,13:13:26
1312,596,Ana Silvia Davini Paller,F55-59,79,Female,Brazil,1:25:40,9:15,6:09:54,10:23,5:18:17,13:13:29
1313,824,Gemma Scott,F30-34,201,Female,New Zealand,1:00:01,6:09,6:17:53,9:06,5:40:29,13:13:37
1314,1680,Heather Knapp,F50-54,150,Female,United States,1:11:17,6:13,6:32:27,10:45,5:13:01,13:13:43
1315,743,Soledad Cunliffe,F55-59,80,Female,Peru,1:13:36,8:03,7:02:07,10:03,4:40:04,13:13:53
1316,2055,Aranzazu Alonsorobles,F45-49,217,Female,Spain,1:42:59,8:02,6:58:21,10:45,4:13:57,13:14:04
1317,503,Erica Russell,F60-64,28,Female,United States,1:40:31,6:34,6:15:22,7:18,5:04:20,13:14:05
1318,1055,Lindsey Ellenwood,F30-34,202,Female,United States,1:19:54,7:18,6:26:22,10:05,5:10:29,13:14:09
1319,1756,Jennifer Allocco,F25-29,111,Female,United States,1:04:26,7:27,7:11:43,9:20,4:41:16,13:14:12
1320,1637,Darcey Bartel,F50-54,151,Female,United States,1:18:20,11:39,6:33:35,12:24,4:58:24,13:14:23
1321,843,Jessica Hassall,F30-34,203,Female,United Kingdom,1:25:37,7:29,6:33:45,6:47,5:00:46,13:14:23
1322,775,Cathy Martinsen,F55-59,81,Female,United States,1:38:13,10:49,6:25:28,9:54,4:50:02,13:14:26
1323,720,Jacquie Earl,F55-59,82,Female,Australia,1:30:47,8:23,6:26:43,11:31,4:57:15,13:14:39
1324,591,Sheryl Leonard-Schneck,F55-59,83,Female,United States,1:28:30,9:53,6:28:47,9:13,4:58:18,13:14:42
1325,1946,Sally Mclellan,F45-49,218,Female,Australia,1:13:24,5:59,6:33:45,8:18,5:13:27,13:14:53
1326,789,Anne Bennett,F55-59,84,Female,United Kingdom,1:32:51,6:44,6:30:40,8:20,4:56:24,13:14:58
1327,2012,Amy Mason,F45-49,219,Female,United States,1:19:38,10:28,7:01:47,9:04,4:34:03,13:14:59
1328,2256,Ciara Cairns,F45-49,220,Female,Ireland,1:25:26,6:11,6:44:51,6:23,4:52:15,13:15:06
1329,1263,Laura Pigion,F40-44,242,Female,United States,1:16:52,8:42,6:49:34,11:10,4:48:52,13:15:10
1330,1343,Becky Casanega,F40-44,243,Female,United States,1:19:06,9:04,6:44:55,13:03,4:49:27,13:15:36
1331,1266,Kari Bartlett,F40-44,244,Female,United States,1:05:43,15:24,6:29:35,17:26,5:07:33,13:15:41
1332,594,Lori Stewart,F55-59,85,Female,Canada,1:21:34,7:56,6:31:35,11:48,5:02:48,13:15:41
1333,1194,Ginny Traber,F40-44,245,Female,United States,1:43:23,6:03,6:26:12,5:45,4:54:31,13:15:54
1334,1396,Mckenna Nieves,F40-44,246,Female,United States,1:11:57,14:10,6:26:12,25:13,4:58:26,13:15:58
1335,1191,Louise O'Reilly,F40-44,247,Female,Ireland,1:28:12,8:37,6:42:26,11:29,4:45:24,13:16:08
1336,1285,Emma Stallard,F40-44,248,Female,Australia,1:28:08,9:16,6:24:59,8:38,5:05:28,13:16:30
1337,857,Amadee Nicolaas,F30-34,204,Female,Aruba,1:26:28,9:31,6:20:00,10:56,5:09:41,13:16:36
1338,1314,Laura Teetz,F40-44,249,Female,United States,1:30:32,8:51,6:16:54,9:07,5:11:18,13:16:41
1339,1240,Jill Chapman,F40-44,250,Female,Canada,1:42:42,11:06,6:30:40,14:23,4:37:55,13:16:45
1340,1949,Katherine Anderson,F45-49,221,Female,United States,1:15:06,8:48,6:17:11,10:56,5:24:46,13:16:47
1341,677,Darlene Howe,F55-59,86,Female,Canada,1:18:47,5:20,6:05:33,8:56,5:38:17,13:16:52
1342,994,Jennifer Tryon,F30-34,205,Female,United States,1:26:52,7:38,6:35:49,8:50,4:58:07,13:17:16
1343,1643,Julia Padgett,F50-54,152,Female,United States,1:21:17,8:57,6:37:31,11:02,4:58:30,13:17:19
1344,688,Niobe Menendez,F55-59,87,Female,Spain,1:17:47,6:34,6:24:12,13:03,5:15:43,13:17:19
1345,1976,Lauren Paulson,F45-49,222,Female,United States,1:04:13,5:40,6:41:53,8:50,5:16:55,13:17:30
1346,2244,Magdalena Chomont,F45-49,223,Female,Poland,1:30:22,5:55,6:38:57,7:12,4:55:06,13:17:32
1347,740,Carla Mckay,F55-59,88,Female,United States,1:26:59,9:58,6:34:17,11:52,4:54:27,13:17:34
1348,1082,Jan Burdekin,F40-44,251,Female,Australia,1:18:18,14:30,6:56:06,13:03,4:35:58,13:17:55
1349,623,Elena Gualini,F55-59,89,Female,Italy,1:27:02,8:43,7:07:22,7:35,4:27:14,13:17:56
1350,1720,Melinda Lawson-Crabtree,F50-54,153,Female,United States,1:21:05,6:51,6:15:14,10:00,5:24:57,13:18:07
1351,2018,Cathy Casey,F45-49,224,Female,United States,1:06:47,11:35,6:56:34,14:25,4:48:48,13:18:09
1352,1977,Julie Olson,F45-49,225,Female,United States,1:24:02,6:17,6:39:32,7:13,5:01:13,13:18:17
1353,1439,Tori Hamill,F50-54,154,Female,United States,1:08:39,6:58,6:41:43,6:52,5:14:08,13:18:20
1354,717,Britt Günther,F55-59,90,Female,Germany,1:18:02,3:59,7:03:46,4:12,4:48:29,13:18:28
1355,238,Johanna Elsemore,F35-39,206,Female,United States,1:21:45,8:34,7:01:42,10:09,4:36:30,13:18:40
1356,1473,Kim Speed,F50-54,155,Female,United States,1:34:45,8:21,6:34:05,12:33,4:49:41,13:19:24
1357,2034,Kristen Waugh,F45-49,226,Female,United States,1:30:07,8:02,6:33:42,7:27,5:00:12,13:19:30
1358,161,Alicia Dauw,F35-39,207,Female,United States,1:21:01,7:23,6:13:05,9:49,5:28:14,13:19:31
1359,1274,Carrie Labani,F40-44,252,Female,United States,1:21:09,9:16,6:40:43,6:29,5:01:57,13:19:33
1360,383,Joey Ma,F35-39,208,Female,Canada,1:19:25,9:02,6:20:54,13:26,5:16:56,13:19:44
1361,1193,Kari Gondeck,F40-44,253,Female,United States,1:30:45,7:53,7:01:39,9:30,4:30:08,13:19:54
1362,2138,Kristen Wilson Fisher,F45-49,227,Female,United States,1:27:36,10:59,6:25:55,15:34,5:00:10,13:20:14
1363,1852,Toni Braman,F25-29,112,Female,United States,1:16:10,10:59,6:43:46,13:45,4:55:37,13:20:16
1364,1760,Tuc Ngan Lam,F25-29,113,Female,Vietnam,1:21:52,5:38,7:08:14,6:06,4:38:26,13:20:16
1365,1086,Rebecca Adams,F40-44,254,Female,Australia,1:20:39,10:00,6:30:38,11:19,5:07:43,13:20:19
1366,2122,Xuanhuong Tonnu,F45-49,228,Female,United States,1:41:53,12:09,6:42:30,21:44,4:22:08,13:20:25
1367,1216,Whitney Burdzilauskas,F40-44,255,Female,United States,1:19:12,7:47,6:28:08,7:49,5:17:53,13:20:49
1368,226,Christina Nutting,F35-39,209,Female,United States,1:11:41,4:42,6:12:02,6:30,5:46:04,13:21:00
1369,727,Jennifer Lowe,F55-59,91,Female,United States,1:03:40,4:17,5:49:48,7:15,6:16:22,13:21:21
1370,2121,Christa Noftall,F45-49,229,Female,Canada,1:30:17,6:48,5:57:04,8:54,5:38:26,13:21:29
1371,276,Mandy Johnson,F35-39,210,Female,United States,1:12:40,6:34,7:01:57,7:43,4:52:40,13:21:35
1372,739,Gabriele Geipel,F55-59,92,Female,Germany,1:18:18,5:44,6:41:12,8:26,5:08:19,13:21:59
1373,1991,Kelly Heintz,F45-49,230,Female,United States,1:25:30,10:17,6:51:40,8:01,4:47:17,13:22:46
1374,2060,Monica Stratton,F45-49,231,Female,United States,1:14:12,8:36,6:54:50,9:11,4:56:07,13:22:56
1375,1580,Angela Smith,F50-54,156,Female,United States,1:25:03,7:49,6:05:54,9:24,5:34:55,13:23:04
1376,1480,Nada Prouty,F50-54,157,Female,United States,1:24:41,8:32,6:55:14,8:47,4:46:00,13:23:14
1377,1916,Sarah Sawaya,F18-24,35,Female,United States,1:23:38,8:33,6:51:18,12:17,4:47:30,13:23:16
1378,1447,Joaquina Pocaterra,F50-54,158,Female,Canada,1:27:01,7:56,7:08:36,7:17,4:32:34,13:23:24
1379,1544,Karen Nortje,F50-54,159,Female,South Africa,1:20:09,10:00,6:44:21,14:10,4:54:53,13:23:33
1380,140,Kylie Brown,F35-39,211,Female,New Zealand,1:13:22,6:37,6:27:25,9:22,5:26:55,13:23:40
1381,678,Marie Louise Karlander,F55-59,93,Female,Sweden,1:23:11,6:00,6:16:38,10:19,5:27:40,13:23:49
1382,1332,Julie Bengyak,F40-44,256,Female,United States,1:18:28,9:46,6:44:30,7:35,5:03:32,13:23:52
1383,1566,Katherine Mills,F50-54,160,Female,Australia,1:28:53,9:18,6:45:09,12:40,4:48:07,13:24:08
1384,1988,Ruth Henshaw,F45-49,232,Female,Canada,1:50:47,9:28,6:44:18,12:22,4:27:18,13:24:13
1385,1879,Katherine Ahrens,F18-24,36,Female,United States,1:12:24,10:59,6:55:00,12:56,4:53:00,13:24:20
1386,1351,Joyce Chiang,F40-44,257,Female,Canada,1:14:25,8:11,6:53:43,8:46,4:59:33,13:24:38
1387,1429,Bobbi Baur,F50-54,161,Female,United States,1:44:00,10:06,6:53:28,12:50,4:24:48,13:25:11
1388,800,Britta Dressler,F55-59,94,Female,Germany,1:25:27,10:08,6:09:19,9:43,5:30:40,13:25:17
1389,163,Loreto Elrío López,F35-39,212,Female,Spain,1:29:22,8:54,6:43:13,12:10,4:51:42,13:25:21
1390,2181,Nicole Weidensaul,F45-49,233,Female,United States,1:16:35,13:11,6:46:14,10:18,4:59:08,13:25:26
1391,806,Leishia Woolwine,F55-59,95,Female,United States,1:03:43,7:11,6:14:15,10:01,5:50:18,13:25:29
1392,1597,Shellie Heggenberger,F50-54,162,Female,Germany,1:19:32,4:44,6:43:54,2:58,5:14:25,13:25:33
1393,675,Valérie Dechesne,F55-59,96,Female,France,1:27:13,8:49,6:19:36,10:34,5:19:26,13:25:37
1394,676,Elizabeth Bianchi,F55-59,97,Female,United States,1:34:53,8:33,6:37:18,7:25,4:57:31,13:25:41
1395,1242,Aimee Taylor,F40-44,258,Female,United States,1:38:26,7:33,6:48:07,10:33,4:41:13,13:25:51
1396,1635,Deb Ryan,F50-54,163,Female,United States,1:26:37,11:36,6:31:28,13:40,5:02:37,13:25:58
1397,674,Jenny Hart,F55-59,98,Female,Australia,1:21:34,6:32,6:00:31,11:05,5:46:20,13:26:01
1398,386,Lindsay Gin,F35-39,213,Female,United States,1:16:51,15:31,6:53:53,11:50,4:47:58,13:26:03
1399,968,Emma Shallcross,F30-34,206,Female,United Kingdom,1:06:41,4:33,6:38:52,5:47,5:30:20,13:26:14
1400,949,Orii Tsubone,F30-34,207,Female,Japan,1:28:26,15:29,6:36:25,11:52,4:54:10,13:26:22
1401,567,Barbara Tettenborn,F65-69,2,Female,Switzerland,1:15:08,6:43,6:38:10,6:54,5:19:29,13:26:25
1402,1724,Melissa Clemens,F50-54,164,Female,United States,1:36:10,6:28,6:43:52,6:09,4:53:57,13:26:36
1403,482,Miki Sasaki,F60-64,29,Female,Japan,1:15:47,11:51,6:32:51,8:40,5:17:41,13:26:51
1404,1451,Martina Schwind,F50-54,165,Female,Germany,1:16:58,8:05,6:52:40,7:23,5:01:57,13:27:04
1405,459,Yasuyo Tonoyama,F60-64,30,Female,Japan,1:20:26,11:17,6:51:03,13:02,4:51:29,13:27:17
1406,764,Selina Nordberg,F55-59,99,Female,United States,1:33:05,9:59,6:33:16,9:51,5:01:13,13:27:23
1407,1685,Anna Michalak,F50-54,166,Female,Poland,1:28:44,9:44,6:31:26,6:08,5:11:30,13:27:32
1408,417,Gretchen Cooney,F60-64,31,Female,United States,1:08:45,8:04,6:25:06,11:49,5:33:55,13:27:40
1409,2103,Brigitte Stigler,F45-49,234,Female,Germany,1:23:23,8:24,6:33:05,10:35,5:12:29,13:27:55
1410,597,Kathryn Meinhardt,F55-59,100,Female,United States,1:18:23,8:52,6:39:31,9:40,5:11:31,13:27:57
1411,742,Kelly Obrien,F55-59,101,Female,United States,1:16:54,6:31,6:54:03,8:49,5:01:56,13:28:13
1412,1151,Kate Bongiovanni,F40-44,259,Female,United States,1:09:04,8:30,6:19:06,8:58,5:42:47,13:28:26
1413,619,Monique Christakis,F55-59,102,Female,Canada,1:09:30,5:42,6:13:36,9:23,5:50:29,13:28:39
1414,300,Alyce Withnall,F35-39,214,Female,Australia,1:16:07,12:19,6:45:05,15:13,4:59:57,13:28:41
1415,2263,Natalie Siegler,F45-49,235,Female,United States,1:23:52,14:10,6:19:42,13:19,5:17:53,13:28:56
1416,2119,Claudia Litscher,F45-49,236,Female,Switzerland,1:41:18,5:31,7:09:52,6:08,4:26:10,13:28:59
1417,2182,Christelle Rocchi,F45-49,237,Female,France,1:23:11,8:58,6:42:24,9:42,5:04:47,13:29:02
1418,394,Megan Ivers,F35-39,215,Female,United States,1:15:22,8:46,5:59:12,7:47,5:57:56,13:29:04
1419,2161,Amanda Lumbard,F45-49,238,Female,United States,1:12:18,10:16,6:29:02,12:09,5:25:20,13:29:06
1420,2205,Sarah Richards,F45-49,239,Female,United States,1:19:54,10:19,6:29:35,10:31,5:18:46,13:29:06
1421,681,Lauren Warren,F55-59,103,Female,United States,1:20:29,7:55,6:09:06,15:00,5:36:42,13:29:11
1422,366,Hannah Best,F35-39,216,Female,United Kingdom,1:08:22,4:32,5:40:32,4:21,6:31:31,13:29:18
1423,2052,Alena Machova,F45-49,240,Female,United States,1:15:22,5:15,6:30:52,9:26,5:28:30,13:29:25
1424,2020,Nadine Seferian,F45-49,241,Female,United States,1:16:40,7:09,6:39:28,10:15,5:16:18,13:29:51
1425,1664,Christina Dorrer,F50-54,167,Female,United States,1:08:53,8:16,6:09:02,10:50,5:53:00,13:30:02
1426,497,Sharon Winiewicz,F60-64,32,Female,United States,1:30:11,13:24,6:19:54,14:50,5:11:45,13:30:04
1427,1926,Maria Depanfilis,F45-49,242,Female,United States,1:21:36,8:49,6:51:22,11:01,4:57:23,13:30:11
1428,1435,Tara Beattie,F50-54,168,Female,Canada,1:34:16,9:06,6:41:18,6:49,4:58:48,13:30:18
1429,1672,Susie Heath,F50-54,169,Female,Australia,1:16:25,11:37,6:02:17,12:35,5:47:44,13:30:38
1430,2078,Amanda Macqueen,F45-49,243,Female,Australia,1:21:59,8:11,6:27:40,7:36,5:25:15,13:30:41
1431,673,Corena Hughes,F55-59,104,Female,Canada,1:23:57,9:00,6:46:16,8:30,5:03:02,13:30:44
1432,2207,Kate Bryce,F45-49,244,Female,New Zealand,1:13:20,9:36,6:40:50,9:25,5:17:34,13:30:45
1433,776,Heather Bullis-Cruz,F55-59,105,Female,United States,1:23:46,9:01,6:12:05,10:06,5:36:06,13:31:05
1434,1226,Wendy Ossieur,F40-44,260,Female,Belgium,1:31:45,8:49,6:29:38,16:12,5:05:05,13:31:29
1435,1543,Charlotte Emma Porter,F50-54,170,Female,New Zealand,1:32:47,10:39,6:03:17,12:57,5:32:05,13:31:44
1436,1569,Katerina Parmele,F50-54,171,Female,United States,1:22:26,8:45,7:04:49,6:03,4:49:57,13:32:00
1437,1952,Yuko Nakai,F45-49,245,Female,Japan,1:27:01,12:32,6:37:37,12:49,5:02:03,13:32:02
1438,730,Kirsten Miller,F55-59,106,Female,United States,1:50:23,9:53,6:28:17,8:12,4:55:24,13:32:08
1439,1560,Ulrike Conradt,F50-54,172,Female,Germany,1:27:07,6:44,6:24:57,6:01,5:27:22,13:32:10
1440,1455,Colleen Sullivan,F50-54,173,Female,United States,1:12:00,11:38,6:29:47,12:57,5:25:54,13:32:16
1441,334,Jenni Winters,F35-39,217,Female,United States,1:16:49,6:07,6:30:13,5:30,5:33:44,13:32:23
1442,965,Rebekka Kalenga,F30-34,208,Female,Austria,1:19:47,7:39,6:50:49,29:09,4:45:09,13:32:32
1443,735,Ulrika Segerlund,F55-59,107,Female,Sweden,1:21:56,9:44,6:32:46,14:58,5:13:14,13:32:38
1444,1562,Delphine Perie-Curnier,F50-54,174,Female,Canada,1:21:26,10:38,7:04:07,10:08,4:46:26,13:32:45
1445,624,Kris Plant,F55-59,108,Female,Canada,1:17:37,8:57,6:30:58,8:53,5:26:28,13:32:53
1446,1487,Barb Campbell,F50-54,175,Female,United States,1:16:07,11:50,6:26:22,11:50,5:27:09,13:33:19
1447,1488,Andrea Hirth,F50-54,176,Female,United States,1:13:55,7:39,6:22:24,9:22,5:40:13,13:33:33
1448,1983,Kate Nickerson-Crowe,F45-49,246,Female,Canada,1:09:30,9:50,6:31:41,11:24,5:31:16,13:33:41
1449,331,Mengru Pang,F35-39,218,Female,China,1:44:03,9:01,6:47:45,11:45,4:41:07,13:33:42
1450,1239,Nicole Stockey,F40-44,261,Female,United States,1:12:08,9:32,6:58:16,6:35,5:07:27,13:33:58
1451,1590,Tania Farlow,F50-54,177,Female,Australia,1:06:31,6:28,6:23:49,7:17,5:49:55,13:33:59
1452,1316,Karolina Napiórkowska,F40-44,262,Female,Poland,1:37:14,6:56,7:07:56,4:58,4:37:00,13:34:04
1453,2203,Susan Laney,F45-49,247,Female,United States,1:22:20,6:28,6:48:01,6:20,5:11:03,13:34:11
1454,419,Hara Minako,F60-64,33,Female,Japan,1:30:24,10:44,7:10:16,9:37,4:33:12,13:34:13
1455,2075,Tracy Gilbert,F45-49,248,Female,United States,1:24:09,8:27,6:36:31,8:54,5:16:24,13:34:24
1456,2033,Kerri Thomas,F45-49,249,Female,United States,1:24:59,10:12,6:42:43,18:53,4:57:40,13:34:27
1457,2007,Johanna Zettersten,F45-49,250,Female,United States,1:11:43,9:22,6:35:27,12:39,5:25:19,13:34:30
1458,1616,Paula Cook,F50-54,178,Female,United States,1:16:20,6:31,6:56:17,7:44,5:07:49,13:34:41
1459,1342,Jennifer Pan,F40-44,263,Female,United States,1:28:18,5:02,6:38:31,3:40,5:19:26,13:34:58
1460,1707,Carla Guerra,F50-54,179,Female,Portugal,1:09:36,7:15,6:34:54,9:08,5:34:08,13:35:00
1461,2080,Becky Mintz,F45-49,251,Female,United States,1:19:24,13:17,6:09:28,14:26,5:38:32,13:35:07
1462,480,Julie Harrison,F60-64,34,Female,United Kingdom,1:39:19,6:34,6:09:56,8:01,5:31:36,13:35:25
1463,634,Nancy Mcmahon,F55-59,109,Female,United States,1:26:12,7:12,6:40:49,7:30,5:13:50,13:35:32
1464,479,Susan Galvin,F60-64,35,Female,United States,1:26:25,7:32,6:48:15,13:20,5:00:06,13:35:39
1465,1917,Grace Jones,F18-24,37,Female,Australia,1:11:38,7:46,7:02:34,9:22,5:05:02,13:36:22
1466,1992,Nicole Morehouse,F45-49,252,Female,United States,1:29:43,7:41,6:39:50,8:10,5:11:03,13:36:27
1467,2115,Melanie Rocher,F45-49,253,Female,Canada,1:19:30,9:48,6:48:21,10:46,5:08:02,13:36:28
1468,784,Laura Drake Cole,F55-59,110,Female,United States,1:17:49,7:57,6:20:10,9:08,5:41:28,13:36:31
1469,565,Stephanie Hevenor,F65-69,3,Female,United States,1:17:38,8:11,6:45:27,11:16,5:14:05,13:36:37
1470,2125,Ana Call,F45-49,254,Female,United States,1:29:34,6:14,6:27:10,6:56,5:26:48,13:36:42
1471,1913,Emily Knack,F18-24,38,Female,United States,1:12:18,6:37,6:20:46,6:58,5:50:30,13:37:09
1472,219,Abbey Dykhouse,F35-39,219,Female,United States,1:27:00,10:33,6:54:18,10:18,4:55:09,13:37:18
1473,864,Bonnie Caulfield,F30-34,209,Female,United States,1:13:58,11:59,6:37:48,12:23,5:22:05,13:38:14
1474,1910,Berkley Delmonico,F18-24,39,Female,United States,1:15:14,5:01,6:47:35,4:56,5:25:32,13:38:18
1475,1717,Danniela Neher,F50-54,180,Female,United States,1:21:20,6:56,6:14:17,7:56,5:48:11,13:38:41
1476,1535,Shawn Aulbach,F50-54,181,Female,United States,1:31:49,6:57,7:02:51,7:58,4:49:34,13:39:09
1477,611,Jaana Rossi,F55-59,111,Female,Finland,1:42:08,9:08,6:07:10,8:43,5:32:12,13:39:21
1478,2239,Jamie Gurtov,F45-49,255,Female,United States,1:30:03,7:49,6:48:43,10:42,5:02:11,13:39:28
1479,1499,Lorraine Natho,F50-54,182,Female,Canada,1:14:47,6:00,7:02:40,16:15,4:59:53,13:39:34
1480,2189,Angela Kunze,F45-49,256,Female,United States,1:19:36,8:43,6:12:50,9:44,5:48:46,13:39:38
1481,1515,Kim Felix,F50-54,183,Female,United States,1:06:00,9:21,6:06:11,10:23,6:07:59,13:39:54
1482,2124,Nicole Nicolay,F45-49,257,Female,United States,1:15:39,7:44,6:27:38,9:37,5:39:23,13:40:01
1483,136,Stephanie Kenealy,F35-39,220,Female,Australia,1:20:28,5:44,6:41:22,10:59,5:21:56,13:40:28
1484,1401,Holly Flanagan,F40-44,264,Female,United States,1:34:02,8:35,6:37:11,10:52,5:09:50,13:40:30
1485,555,Jean Watson,F65-69,4,Female,United States,1:42:22,8:44,6:25:38,4:45,5:19:02,13:40:31
1486,475,Heike Heil,F60-64,36,Female,Germany,1:13:34,7:55,7:03:24,6:28,5:09:16,13:40:37
1487,1140,Sarena Vargo,F40-44,265,Female,United States,1:29:36,10:19,6:37:21,11:54,5:11:31,13:40:39
1488,912,Qing Li,F30-34,210,Female,United States,1:05:51,9:19,6:57:51,11:12,5:16:55,13:41:07
1489,1939,Danielle Mcelveen,F45-49,258,Female,United States,1:26:21,10:03,6:50:08,11:05,5:03:31,13:41:08
1490,709,Kim Dickinson,F55-59,112,Female,Australia,1:29:15,7:24,6:33:22,8:16,5:22:52,13:41:09
1491,337,Jennifer Done,F35-39,221,Female,United Kingdom,1:27:53,12:07,6:56:31,11:38,4:53:04,13:41:12
1492,499,Mj Tarabein,F60-64,37,Female,Switzerland,1:27:33,9:23,6:52:31,9:06,5:02:46,13:41:19
1493,1046,Whitney Kelly,F30-34,211,Female,United States,1:33:25,8:26,6:51:59,7:16,5:00:15,13:41:22
1494,397,Marianne Camire,F35-39,222,Female,United States,1:36:33,9:24,6:28:32,10:26,5:16:38,13:41:32
1495,150,Erin Shedd,F35-39,223,Female,United States,1:19:24,6:01,7:17:30,9:43,4:49:04,13:41:42
1496,1659,Robin Porretti,F50-54,184,Female,United States,1:31:42,9:13,6:37:56,14:09,5:09:03,13:42:03
1497,2045,Kristina Ireland,F45-49,259,Female,Canada,1:28:38,10:15,6:59:59,11:41,4:51:41,13:42:14
1498,465,Kaori Terada,F60-64,38,Female,Japan,1:26:31,10:39,7:13:14,7:05,4:44:59,13:42:28
1499,1174,Lindsay Holmes,F40-44,266,Female,United States,1:38:50,8:35,6:36:49,11:37,5:06:41,13:42:32
1500,1595,Helen Rutt,F50-54,185,Female,United Kingdom,1:11:46,6:46,6:39:46,9:02,5:35:34,13:42:55
1501,335,Amanda Kenny,F35-39,224,Female,United States,1:24:47,14:08,6:38:51,12:43,5:12:47,13:43:15
1502,1323,Derricca Krutsinger,F40-44,267,Female,United States,1:34:42,7:49,6:44:44,6:54,5:09:13,13:43:23
1503,502,Tracy Cohen Roth,F60-64,39,Female,United States,1:49:58,11:10,6:41:15,11:20,4:49:44,13:43:27
1504,1549,Kirsten Nesholm,F50-54,186,Female,United States,1:39:27,6:58,6:51:56,7:16,4:58:09,13:43:46
1505,1308,Samantha Krasner,F40-44,268,Female,United States,1:28:11,11:00,6:47:17,14:29,5:02:56,13:43:53
1506,362,Carleigh Rittel,F35-39,225,Female,United States,1:30:21,7:50,6:37:35,7:43,5:20:30,13:43:58
1507,1334,Michaela Farkasovska,F40-44,269,Female,Slovakia,1:12:50,7:13,6:59:36,9:37,5:14:52,13:44:08
1508,1386,Michele Padovan,F40-44,270,Female,Brazil,1:22:07,8:20,6:48:19,13:32,5:12:01,13:44:19
1509,1878,Nika Byrne,F18-24,40,Female,United States,1:10:32,8:32,7:20:20,11:54,4:53:11,13:44:29
1510,2172,Isabel Reck,F45-49,260,Female,Switzerland,1:19:35,11:21,7:09:54,15:06,4:48:34,13:44:30
1511,1054,Jessica Galloway,F30-34,212,Female,United States,1:21:47,9:44,7:16:35,14:12,4:42:15,13:44:32
1512,2128,Celene Sands,F45-49,261,Female,Ireland,1:39:09,6:21,7:17:38,6:47,4:34:42,13:44:36
1513,1115,Rochelle Youngson,F40-44,271,Female,New Zealand,1:23:39,12:42,6:42:12,10:46,5:15:23,13:44:42
1514,1708,Pollyann Keller,F50-54,187,Female,United States,1:43:26,7:55,7:00:06,11:17,4:42:06,13:44:51
1515,127,Katie Kent,F35-39,226,Female,United States,1:26:15,12:55,6:24:54,9:40,5:31:21,13:45:05
1516,1932,Maria Ines Reyna Medina,F45-49,262,Female,Mexico,1:32:04,5:21,6:08:48,7:48,5:51:14,13:45:15
1517,660,Claudia Flynn,F55-59,113,Female,United States,1:31:26,11:12,7:02:32,10:18,4:49:57,13:45:26
1518,2056,Cheryl Patterson,F45-49,263,Female,United States,1:19:53,7:22,6:35:20,13:02,5:29:54,13:45:31
1519,895,Alice Bechtol,F30-34,213,Female,United States,1:15:41,10:50,6:54:46,11:58,5:12:37,13:45:51
1520,2028,Kate Boulton,F45-49,264,Female,Australia,1:29:09,5:23,6:07:17,13:33,5:50:47,13:46:08
1521,1706,Linda Halloran,F50-54,188,Female,Canada,1:18:03,11:04,6:36:59,10:15,5:29:54,13:46:15
1522,1079,Erika Lilley,F40-44,272,Female,United States,1:12:01,6:25,6:37:21,9:33,5:40:56,13:46:17
1523,791,Maria Holknekt,F55-59,114,Female,Sweden,1:35:48,8:58,6:47:12,9:21,5:05:04,13:46:23
1524,1974,Suzanne Tulsey,F45-49,265,Female,United States,1:29:26,10:05,6:44:07,7:07,5:16:00,13:46:45
1525,689,Beata Osiecka,F55-59,115,Female,Poland,1:30:29,6:43,6:43:58,5:05,5:20:32,13:46:46
1526,828,Cortney Charlesworth,F30-34,214,Female,United States,1:26:02,8:39,6:29:26,8:57,5:34:03,13:47:06
1527,1695,Gretchen James,F50-54,189,Female,United States,1:12:11,9:17,7:08:39,8:16,5:08:43,13:47:06
1528,1134,Bex Owen,F40-44,273,Female,United Kingdom,1:15:21,11:26,6:45:42,11:57,5:22:49,13:47:15
1529,1655,Tara Woodcock,F50-54,190,Female,Australia,1:15:51,10:59,6:54:09,11:33,5:14:44,13:47:16
1530,1166,Allison Snow,F40-44,274,Female,United States,1:18:01,7:35,6:31:06,9:48,5:40:49,13:47:20
1531,725,Christine Mellick,F55-59,116,Female,United States,1:46:31,9:43,6:48:08,9:18,4:54:24,13:48:06
1532,795,Lisa Fleischer,F55-59,117,Female,United States,1:31:50,8:49,6:43:14,13:23,5:10:52,13:48:07
1533,1603,Robyn Johns,F50-54,191,Female,Australia,1:36:29,9:57,6:57:18,6:52,4:57:51,13:48:27
1534,333,Jennifer Murphy,F35-39,227,Female,United States,1:20:44,8:23,6:41:50,10:54,5:26:37,13:48:28
1535,1634,Katrina Hall,F50-54,192,Female,United States,1:25:11,11:42,6:34:46,10:08,5:26:47,13:48:35
1536,1722,Liz Kayzar,F50-54,193,Female,United States,1:33:28,7:45,6:48:24,11:12,5:07:58,13:48:47
1537,1217,Joann Caralian,F40-44,275,Female,Philippines,1:40:39,7:09,6:48:19,15:40,4:57:02,13:48:49
1538,278,Meredith Thompson,F35-39,228,Female,United States,1:35:42,8:30,6:56:17,10:34,4:57:47,13:48:50
1539,1755,Lisa Oberosler,F25-29,114,Female,Italy,1:13:11,8:35,6:23:19,14:03,5:49:44,13:48:52
1540,412,Jennifer Reinhart,F60-64,40,Female,United States,1:06:16,5:39,6:23:45,15:15,5:57:59,13:48:55
1541,647,Sandra Foskey,F55-59,118,Female,United States,1:25:23,11:00,6:47:26,13:25,5:11:43,13:48:56
1542,1619,Karen Moy,F50-54,194,Female,Australia,1:13:36,9:47,6:49:33,11:00,5:25:12,13:49:09
1543,1182,Anna Matthews,F40-44,276,Female,Australia,1:19:11,10:32,6:36:00,12:10,5:31:38,13:49:32
1544,2070,Jenny Enslin,F45-49,266,Female,United States,1:31:09,8:33,6:53:23,10:45,5:05:45,13:49:35
1545,804,Anna Alexopoulos,F55-59,119,Female,Canada,1:18:27,6:49,6:42:24,10:01,5:32:00,13:49:41
1546,1777,Arianna Maioli,F25-29,115,Female,Italy,1:16:58,6:40,7:11:50,8:43,5:05:31,13:49:42
1547,618,Choonhwa Kim,F55-59,120,Female,Korea,1:44:06,10:15,7:19:21,9:24,4:26:38,13:49:44
1548,1677,Mary Tanner,F50-54,195,Female,United States,1:28:37,7:42,6:28:23,9:38,5:35:28,13:49:49
1549,2054,Christine Valdes,F45-49,267,Female,United States,1:30:36,6:49,7:03:10,4:41,5:04:36,13:49:53
1550,638,Susan Baker,F55-59,121,Female,United States,1:21:48,6:10,6:59:42,10:19,5:11:55,13:49:54
1551,741,Maryam Norouzi,F55-59,122,Female,United States,1:24:36,10:38,6:39:57,13:02,5:21:43,13:49:56
1552,1463,Diana Nielsen,F50-54,196,Female,Denmark,1:27:22,13:00,6:41:33,10:13,5:18:01,13:50:09
1553,1081,Rieko Aiba,F40-44,277,Female,Japan,1:22:49,9:32,6:34:17,13:30,5:30:05,13:50:13
1554,1322,Jennifer Gallupe,F40-44,278,Female,Canada,1:38:40,8:46,6:13:35,11:44,5:37:54,13:50:40
1555,712,Christine Matteo,F55-59,123,Female,United States,1:26:07,6:36,6:28:36,9:52,5:39:31,13:50:42
1556,2283,Silvia Chiemi Nomura Somazz,F45-49,268,Female,Brazil,1:41:29,6:07,7:04:36,5:26,4:53:05,13:50:43
1557,620,Annemarie Kilshaw,F55-59,124,Female,Australia,1:21:02,7:27,6:49:07,7:22,5:25:49,13:50:47
1558,1339,Carolina Pecegueiro,F40-44,279,Female,Portugal,1:15:26,8:52,7:34:50,13:30,4:38:18,13:50:56
1559,1979,Christina Schiesser-Hoever,F45-49,269,Female,Germany,1:21:49,10:36,6:02:45,15:44,6:00:14,13:51:08
1560,627,Nancy Clinkenbeard,F55-59,125,Female,United States,1:24:51,7:11,6:53:08,10:09,5:15:53,13:51:12
1561,625,Traci Koon,F55-59,126,Female,United States,1:28:01,7:48,6:20:14,10:36,5:44:41,13:51:21
1562,520,Betsy Fader,F60-64,41,Female,United States,1:18:07,11:25,6:31:09,13:37,5:37:07,13:51:26
1563,1786,Olivia Dixon,F25-29,116,Female,New Zealand,1:20:57,8:17,6:54:44,7:29,5:20:19,13:51:46
1564,1548,Sarah Disalle,F50-54,197,Female,United States,1:23:07,10:02,6:21:03,12:45,5:44:54,13:51:51
1565,846,Lucie Giroud,F30-34,215,Female,France,1:25:27,6:55,6:47:28,12:45,5:19:20,13:51:55
1566,1575,Laurika Hazelhurst,F50-54,198,Female,New Zealand,1:17:09,6:18,6:35:56,6:23,5:46:33,13:52:19
1567,230,Chrissy Nagel,F35-39,229,Female,United States,1:20:32,9:52,6:37:51,11:07,5:32:59,13:52:22
1568,1113,Joanna Ratajczak,F40-44,280,Female,Poland,1:24:16,7:07,6:42:29,11:12,5:27:22,13:52:26
1569,1516,Rachel Hanks,F50-54,199,Female,United States,1:31:58,8:25,7:00:02,10:02,5:02:10,13:52:37
1570,1505,Joyce Holsten,F50-54,200,Female,United States,1:27:32,13:07,6:53:27,16:22,5:02:10,13:52:37
1571,704,Patti Lawrence,F55-59,127,Female,United States,1:26:26,7:49,6:24:21,11:34,5:42:33,13:52:42
1572,1639,Kimberly Ohmes,F50-54,201,Female,United States,1:22:04,9:20,7:12:53,11:03,4:57:39,13:53:00
1573,1641,Fiona Ableson Bradshaw,F50-54,202,Female,United Kingdom,1:20:37,8:43,6:33:54,11:19,5:38:34,13:53:06
1574,1982,Allana Cameron,F45-49,270,Female,Canada,1:19:42,8:24,7:01:40,12:58,5:10:30,13:53:13
1575,488,Claudia Schiewe,F60-64,42,Female,Germany,1:15:50,6:14,6:26:25,7:20,5:57:25,13:53:14
1576,1466,Danielle Winkler,F50-54,203,Female,United States,1:28:10,10:01,6:53:44,11:13,5:10:42,13:53:50
1577,777,Hauswirth Susana Patricia,F55-59,128,Female,Argentina,1:26:20,6:48,6:59:20,5:04,5:16:25,13:53:57
1578,1477,Karla Vejar-Preece,F50-54,204,Female,Mexico,1:33:20,9:24,7:00:52,10:21,5:00:07,13:54:05
1579,237,Tiffany Woods,F35-39,230,Female,United States,1:17:04,6:38,6:39:18,8:56,5:42:10,13:54:06
1580,2100,Cornelia Thiele,F45-49,271,Female,Germany,1:22:42,8:25,7:20:19,11:39,4:51:06,13:54:11
1581,1244,Kristina Cirves,F40-44,281,Female,United States,1:19:32,7:12,6:39:37,8:02,5:39:54,13:54:17
1582,585,Helene Fortier,F55-59,129,Female,Canada,1:41:39,12:56,7:05:14,11:21,4:43:21,13:54:32
1583,1953,Elysia Krieger,F45-49,272,Female,United States,1:31:20,6:25,6:37:39,8:07,5:31:12,13:54:43
1584,998,Lydia Tellam,F30-34,216,Female,United Kingdom,1:15:44,12:29,6:59:07,13:56,5:13:31,13:54:47
1585,1469,Andrea Carbonell,F50-54,205,Female,United States,1:18:05,8:08,6:53:34,6:31,5:28:30,13:54:48
1586,1596,Tracey Douglas,F50-54,206,Female,New Zealand,1:23:23,9:24,7:03:36,7:42,5:11:39,13:55:43
1587,425,Yoko Shiba,F60-64,43,Female,Japan,1:33:20,9:48,7:03:22,8:09,5:01:25,13:56:05
1588,910,Katrina Olichwier,F30-34,217,Female,United States,1:28:37,7:07,6:55:43,7:37,5:17:04,13:56:09
1589,628,Carol Koiro,F55-59,130,Female,United States,1:20:16,6:47,6:39:35,12:57,5:36:41,13:56:16
1590,745,Claudia Smith,F55-59,131,Female,Mexico,1:44:53,9:03,6:50:57,7:10,5:04:32,13:56:34
1591,1764,Amanda Tsujikawa,F25-29,117,Female,United States,1:29:36,7:33,6:39:40,9:56,5:29:57,13:56:42
1592,2002,Kristen Segna,F45-49,273,Female,United States,1:30:24,5:49,7:11:22,8:31,5:01:01,13:57:07
1593,1387,Rawiah Abdallah,F40-44,282,Female,Egypt,1:39:12,7:43,6:59:57,12:06,4:58:10,13:57:08
1594,408,Emilia Zeller,F60-64,44,Female,United States,1:32:21,13:15,6:46:46,11:39,5:13:25,13:57:26
1595,104,Rachel Zambrano,FPC/ID,,Female,United States,1:19:46,5:06,6:24:38,8:20,5:59:48,13:57:38
1596,770,Maria Margarita Tascon Gonzalez,F55-59,132,Female,United States,1:39:34,9:51,6:47:23,14:48,5:06:32,13:58:08
1597,1406,Claudia Van Der Poel,F40-44,283,Female,Netherlands,1:33:59,10:15,7:07:55,15:44,4:50:18,13:58:12
1598,308,Nicole Mason,F35-39,231,Female,United States,1:27:57,13:15,6:37:15,17:03,5:23:23,13:58:53
1599,1485,Florence Binet,F50-54,207,Female,France,1:32:06,10:06,6:59:47,10:08,5:07:02,13:59:10
1600,1001,Carolina Gonano,F30-34,218,Female,Italy,1:26:22,10:06,6:33:31,10:29,5:38:57,13:59:25
1601,1049,Erica Parriott,F30-34,219,Female,United States,1:16:00,7:41,6:58:43,6:42,5:30:40,13:59:45
1602,655,Bettina Shepard,F55-59,133,Female,United States,1:23:20,7:02,6:52:50,9:24,5:27:10,13:59:46
1603,757,Cary Maycock,F55-59,134,Female,United States,1:03:31,7:19,6:27:09,10:00,6:11:49,13:59:48
1604,1176,Emily Molden,F40-44,284,Female,United States,1:38:03,11:22,6:37:01,8:51,5:24:46,14:00:04
1605,450,Darlene Schweikert,F60-64,45,Female,United States,1:27:51,10:52,6:21:53,11:14,5:48:26,14:00:17
1606,413,Jean Compton,F60-64,46,Female,Canada,1:22:45,12:02,6:55:14,17:35,5:13:17,14:00:53
1607,1997,Renata Cermáková,F45-49,274,Female,Czechia,1:28:29,10:03,7:18:55,18:08,4:45:36,14:01:11
1608,781,Gisela Weber,F55-59,135,Female,Germany,1:31:22,7:57,7:09:03,7:23,5:05:40,14:01:24
1609,1713,Ina Wildhagen,F50-54,208,Female,Germany,1:24:04,11:27,6:55:00,11:06,5:19:51,14:01:29
1610,1461,Rhonda Stephens,F50-54,209,Female,United States,1:17:55,9:49,6:49:41,12:41,5:31:50,14:01:56
1611,1234,Sarah Leskosky,F40-44,285,Female,United States,1:20:11,8:52,6:17:58,11:43,6:03:22,14:02:06
1612,1968,Nikki Marks,F45-49,275,Female,Canada,1:25:10,7:32,6:33:51,10:14,5:45:37,14:02:24
1613,2194,Haruna Kosaka,F45-49,276,Female,Japan,1:27:07,8:40,7:05:53,10:44,5:10:03,14:02:27
1614,472,Kathy Slocum,F60-64,47,Female,United States,1:25:31,10:45,6:45:32,8:12,5:32:27,14:02:27
1615,721,Elizabeth Bell,F55-59,136,Female,Australia,1:14:07,7:24,6:40:30,15:40,5:45:42,14:03:22
1616,769,Kim Vanpelt,F55-59,137,Female,United States,1:43:33,8:08,6:09:55,7:44,5:54:13,14:03:33
1617,1399,Rebecca Sondrup,F40-44,286,Female,United States,1:29:45,11:46,6:18:05,14:37,5:49:51,14:04:04
1618,2032,Melissa Kinmartin,F45-49,277,Female,United States,1:30:17,8:18,6:52:33,14:53,5:18:05,14:04:05
1619,2014,Joanna Nami,F45-49,278,Female,United States,1:19:50,8:19,6:50:59,9:15,5:35:42,14:04:05
1620,522,Laurelee Nelson,F65-69,5,Female,Canada,1:35:42,10:26,7:10:20,14:58,4:52:56,14:04:22
1621,1894,Megan Hamill,F18-24,41,Female,Ireland,1:49:56,7:09,7:15:08,10:58,4:41:25,14:04:35
1622,1689,Melissa Caplan,F50-54,210,Female,United States,1:11:54,9:19,6:12:57,10:31,6:20:27,14:05:08
1623,2245,Nina Walkowiak,F45-49,279,Female,New Zealand,1:44:58,8:30,6:37:52,10:38,5:23:33,14:05:30
1624,737,Esra Lynch,F55-59,138,Female,United States,1:28:14,9:49,7:32:36,7:04,4:48:11,14:05:53
1625,642,Nadia Wells,F55-59,139,Female,United Kingdom,1:33:07,7:43,6:58:33,7:34,5:19:03,14:06:01
1626,1290,Tatiana Uys,F40-44,287,Female,United States,1:23:09,12:44,7:22:01,9:32,4:58:48,14:06:14
1627,788,Elisabetta Maria Manini,F55-59,140,Female,Italy,1:32:19,10:18,7:02:27,10:07,5:11:05,14:06:16
1628,1714,Nataliya Geppert,F50-54,211,Female,Germany,1:26:13,10:39,7:13:15,10:48,5:06:55,14:07:51
1629,572,Missy Lestrange,F70-74,1,Female,United States,1:18:38,5:29,6:48:53,9:23,5:45:36,14:08:00
1630,630,Julieanne Lay,F55-59,141,Female,United States,1:21:29,9:49,7:07:47,11:04,5:18:10,14:08:19
1631,1561,Marta Riek,F50-54,212,Female,Germany,1:45:05,6:18,6:52:25,8:08,5:16:49,14:08:45
1632,2015,Lee Fazzolari,F45-49,280,Female,Australia,1:24:15,10:19,6:59:20,8:03,5:27:54,14:09:50
1633,703,Ja Keplin,F55-59,142,Female,Australia,1:32:59,11:56,7:22:09,13:25,4:49:28,14:09:56
1634,556,Marty Smith,F65-69,6,Female,United States,1:19:55,12:31,7:24:04,8:34,5:05:01,14:10:04
1635,732,Liz Butler,F55-59,143,Female,Australia,1:17:25,10:48,7:04:15,7:55,5:29:51,14:10:14
1636,1615,Ma Evangeline Endaya,F50-54,213,Female,Philippines,1:42:29,11:17,6:53:21,11:11,5:12:20,14:10:38
1637,2027,Esher Townsend,F45-49,281,Female,Australia,1:22:40,10:43,6:56:35,8:58,5:31:44,14:10:41
1638,700,Tammy Lackey,F55-59,144,Female,United States,1:21:59,5:53,6:36:40,8:12,5:58:03,14:10:48
1639,1430,Renee Champagne,F50-54,214,Female,United States,1:25:34,9:49,6:43:58,11:46,5:39:40,14:10:48
1640,889,Karen Marita Peter,F30-34,220,Female,Germany,1:36:05,9:38,7:10:51,10:54,5:03:59,14:11:26
1641,1230,Shangrila Rendon,F40-44,288,Female,United States,1:39:52,10:44,7:09:57,8:36,5:02:53,14:12:02
1642,1446,Gabriele Roidl,F50-54,215,Female,Switzerland,1:30:16,8:32,6:34:07,9:43,5:49:40,14:12:19
1643,1262,Heidi Brewer,F40-44,289,Female,United States,1:25:17,11:26,6:38:10,15:25,5:42:15,14:12:34
1644,2114,Dawn Torroba,F45-49,282,Female,Canada,1:29:16,12:21,6:45:25,13:29,5:32:11,14:12:42
1645,233,Sarah-Jayne Graves,F35-39,232,Female,United Kingdom,1:20:40,6:49,6:22:44,17:00,6:05:46,14:12:59
1646,1545,Karen Gale,F50-54,216,Female,Australia,1:29:06,10:12,6:40:17,11:08,5:42:22,14:13:06
1647,1622,Susan Kossen,F50-54,217,Female,United States,1:20:37,5:53,7:02:17,5:43,5:38:57,14:13:27
1648,592,Fiona Longden,F55-59,145,Female,Australia,1:31:24,12:13,6:59:34,12:00,5:18:30,14:13:42
1649,859,Lisa Smuskowitz,F30-34,221,Female,Canada,1:26:36,14:25,6:55:05,14:09,5:23:34,14:13:49
1650,1460,Gineth Mendez-Yibirin,F50-54,218,Female,Colombia,1:23:03,12:01,6:52:39,11:45,5:34:22,14:13:50
1651,428,Susanne Grammer,F60-64,48,Female,Austria,1:37:41,8:18,7:17:28,10:24,5:00:06,14:13:57
1652,1896,Claire Meyer-Hagen,F18-24,42,Female,United States,1:04:51,7:22,7:06:16,12:07,5:44:02,14:14:38
1653,1335,Leandra Hutchinson,F40-44,290,Female,United States,1:21:42,9:40,6:39:37,13:10,5:50:31,14:14:40
1654,2259,Julie Nale,F45-49,283,Female,United States,1:02:53,8:27,7:16:10,23:45,5:23:27,14:14:42
1655,1529,Jennifer Datwyler,F50-54,219,Female,United States,1:25:44,7:54,6:08:34,11:36,6:21:02,14:14:50
1656,151,Mayumi Onimaru,F35-39,233,Female,Japan,1:32:19,13:49,6:42:53,15:33,5:30:39,14:15:12
1657,1247,Ginny Patterson,F40-44,291,Female,United States,1:44:58,10:38,6:25:37,11:05,5:43:00,14:15:19
1658,1718,Kamrin Macki,F50-54,220,Female,United States,1:24:39,9:32,6:39:06,14:51,5:47:22,14:15:29
1659,490,Mary Bussell,F60-64,49,Female,Australia,1:24:46,11:18,6:54:42,11:00,5:34:06,14:15:52
1660,504,Virginia Angus,F60-64,50,Female,United States,1:28:04,8:43,6:28:55,9:09,6:01:10,14:16:01
1661,1503,Yoshiko Nakamachi,F50-54,221,Female,Canada,1:28:45,12:11,6:36:36,15:22,5:43:37,14:16:31
1662,955,Jessica Dudley,F30-34,222,Female,United States,2:06:46,13:44,6:50:49,8:34,4:56:38,14:16:32
1663,1587,Karen Potts,F50-54,222,Female,Australia,1:39:47,11:34,7:06:25,10:25,5:08:49,14:17:00
1664,1346,Nadia Rodrigues,F40-44,292,Female,Brazil,1:22:51,15:48,6:54:23,9:34,5:34:27,14:17:02
1665,554,Nancy Peters,F65-69,7,Female,United States,1:20:52,6:48,6:57:45,6:03,5:45:35,14:17:02
1666,637,Elizabeth Wood,F55-59,146,Female,United States,1:18:50,9:04,6:40:26,13:07,5:55:36,14:17:03
1667,1500,Lisa Carter,F50-54,223,Female,United Kingdom,1:36:56,8:04,6:46:01,9:33,5:36:36,14:17:09
1668,380,Paulina Tatara,F35-39,234,Female,Poland,1:33:29,6:02,7:02:17,6:53,5:28:38,14:17:19
1669,427,Jane Wright,F60-64,51,Female,United States,1:26:50,7:18,6:38:28,11:19,5:53:27,14:17:22
1670,1989,Jennifer McDougal,F45-49,284,Female,United States,1:33:08,10:23,6:56:40,21:25,5:16:14,14:17:50
1671,1940,Christine Kopcha,F45-49,285,Female,United States,1:58:38,6:28,7:34:00,6:15,4:32:44,14:18:06
1672,581,Anette Ekelius-Chow,F55-59,147,Female,United States,1:27:48,10:41,6:23:10,15:42,6:00:53,14:18:13
1673,2288,Christine Torres,F45-49,286,Female,United States,1:44:50,5:43,7:14:48,5:28,5:07:53,14:18:42
1674,2220,Anne Delmarle,F45-49,287,Female,France,1:15:55,9:46,7:05:46,13:37,5:34:23,14:19:26
1675,1555,Kaori Kijima,F50-54,224,Female,Japan,1:37:16,15:58,7:45:53,12:15,4:28:22,14:19:44
1676,460,Lorraine Hurley,F60-64,52,Female,United States,1:35:07,11:39,7:00:47,14:14,5:18:54,14:20:42
1677,2126,Sayer Gunn,F45-49,288,Female,United States,1:35:17,7:03,6:20:27,7:46,6:10:35,14:21:08
1678,501,Yolanda Iribarren,F60-64,53,Female,Mexico,1:35:59,9:35,6:46:12,10:29,5:38:57,14:21:11
1679,807,Cathy Roberts,F55-59,148,Female,United Kingdom,1:29:55,8:08,7:13:40,15:36,5:13:58,14:21:16
1680,1986,Iulia Andreea Crivoi,F45-49,289,Female,Germany,1:36:29,7:09,6:50:06,9:31,5:38:02,14:21:17
1681,1496,Danielle Pimenta,F50-54,225,Female,Brazil,1:27:13,8:15,7:03:44,10:48,5:31:21,14:21:20
1682,1123,Ivy Kasallis,F40-44,293,Female,United States,1:12:42,11:00,7:07:32,8:03,5:42:12,14:21:29
1683,1404,Jenn Dandrea,F40-44,294,Female,United States,1:18:38,9:05,7:32:08,13:57,5:07:52,14:21:40
1684,2085,Annemarie Kropman,F45-49,290,Female,South Africa,1:08:10,10:13,7:06:59,14:35,5:41:48,14:21:45
1685,914,Laura Beavers,F30-34,223,Female,United States,1:25:59,6:00,6:50:27,8:24,5:51:02,14:21:51
1686,1948,Leticia Menendez Lopez,F45-49,291,Female,Spain,1:30:56,8:09,7:11:43,7:32,5:23:52,14:22:11
1687,1554,Karin Bronauer,F50-54,226,Female,Austria,1:42:36,6:39,6:53:06,8:14,5:31:44,14:22:19
1688,2127,Katja Bielecke,F45-49,292,Female,Germany,1:09:12,9:53,7:13:52,10:21,5:39:28,14:22:46
1689,344,Taryn Kirby,F35-39,235,Female,Australia,1:16:47,9:10,6:09:56,14:09,6:33:04,14:23:07
1690,2022,Laura Tackett,F45-49,293,Female,United States,1:18:35,6:44,6:43:06,7:31,6:07:44,14:23:39
1691,978,Asuka Yasuda,F30-34,224,Female,Japan,1:06:41,5:16,7:10:28,5:50,5:57:03,14:25:19
1692,698,Jill Walker,F55-59,149,Female,United States,1:25:34,6:17,6:31:08,5:48,6:17:23,14:26:10
1693,1168,Madeleine Harrison,F40-44,295,Female,United States,1:23:17,13:30,7:00:03,9:09,5:40:13,14:26:13
1694,1152,Holly Monks,F40-44,296,Female,Australia,1:14:07,9:19,6:49:28,11:42,6:01:42,14:26:18
1695,690,Mary Guertin,F55-59,150,Female,United States,1:46:56,7:10,5:58:57,8:30,6:24:51,14:26:25
1696,471,Linda Bayne,F60-64,54,Female,United States,1:14:00,8:23,7:34:50,9:45,5:19:38,14:26:35
1697,680,Trisha Slater,F55-59,151,Female,United States,1:28:38,9:31,7:08:30,13:00,5:27:00,14:26:40
1698,1833,Karen Menzel,F25-29,118,Female,United States,1:39:22,7:37,7:11:20,9:05,5:19:27,14:26:50
1699,466,Christine Butler,F60-64,55,Female,Canada,1:29:20,6:41,7:22:51,8:01,5:20:25,14:27:18
1700,1233,Jessie Weaver,F40-44,297,Female,Canada,1:30:52,11:10,7:22:29,11:56,5:11:41,14:28:06
1701,1534,Danielle Many,F50-54,227,Female,United States,1:23:58,8:24,6:47:00,15:29,5:53:22,14:28:12
1702,908,Caitlin Johnson,F30-34,225,Female,United States,1:21:32,9:10,7:10:57,10:37,5:35:56,14:28:12
1703,705,Kylie Bath,F55-59,152,Female,Australia,1:23:43,8:07,6:39:32,9:36,6:07:36,14:28:34
1704,129,Maya Djatirman,F35-39,236,Female,Indonesia,1:29:39,7:37,6:48:47,14:14,5:48:36,14:28:53
1705,1498,Alison Heather,F50-54,228,Female,Australia,1:17:02,6:37,6:55:33,8:49,6:00:53,14:28:54
1706,1971,Andrea Bruhin,F45-49,294,Female,Switzerland,1:48:36,6:53,6:59:05,7:34,5:27:08,14:29:16
1707,508,Linda Thomassen,F60-64,56,Female,Sweden,1:34:45,10:54,6:54:02,10:18,5:39:24,14:29:24
1708,552,Pauline Green,F65-69,8,Female,United Kingdom,1:34:17,11:32,6:46:02,11:11,5:46:30,14:29:32
1709,1547,Danielle Fiore,F50-54,229,Female,Australia,1:14:24,8:26,6:53:30,9:16,6:04:35,14:30:11
1710,1212,Carrie Bairrington,F40-44,298,Female,United States,1:20:25,16:02,7:15:51,18:48,5:19:22,14:30:28
1711,543,Maria Désirée Awad,F65-69,9,Female,Mexico,1:32:58,7:49,7:52:00,11:37,4:46:13,14:30:36
1712,2000,Kari Thompson,F45-49,295,Female,United States,1:20:38,8:40,7:04:55,11:30,5:45:01,14:30:44
1713,411,Erin Lalor,F60-64,57,Female,United States,1:08:02,5:08,6:13:28,7:12,6:57:01,14:30:51
1714,275,Sara Reeves,F35-39,237,Female,United States,1:16:12,8:20,6:50:57,8:38,6:06:59,14:31:07
1715,899,Thanh Vu,F30-34,226,Female,Vietnam,1:37:13,7:29,7:18:40,4:49,5:23:03,14:31:14
1716,1129,Christine Conti,F40-44,299,Female,United States,1:35:59,10:17,8:19:11,7:59,4:18:18,14:31:43
1717,247,Luisa Ochoa,F35-39,238,Female,Australia,1:26:11,7:08,7:17:41,12:29,5:28:18,14:31:46
1718,576,Sophie Chouidira Merlin,F55-59,153,Female,France,1:39:11,11:04,7:16:09,12:49,5:12:34,14:31:47
1719,1975,Harumi Shino,F45-49,296,Female,Japan,1:30:22,12:36,6:49:21,13:00,5:46:31,14:31:50
1720,1443,Kelly Kraynak,F50-54,230,Female,United States,1:33:17,10:06,7:00:17,13:54,5:34:27,14:32:01
1721,468,Emily Salmons,F60-64,58,Female,United States,1:30:30,8:57,6:51:22,11:38,5:49:41,14:32:09
1722,629,Satomi Turner,F55-59,154,Female,Japan,1:37:30,8:39,7:09:18,10:39,5:26:10,14:32:16
1723,1611,Monica Price,F50-54,231,Female,United States,1:20:12,8:34,6:52:08,7:51,6:03:38,14:32:24
1724,771,Susan Smith,F55-59,155,Female,United States,1:21:06,5:51,6:30:08,10:22,6:25:09,14:32:36
1725,808,Cheryl Gregory-Evans,F55-59,156,Female,Canada,1:36:25,7:46,6:45:25,9:24,5:53:39,14:32:38
1726,426,Mariko Numabe,F60-64,59,Female,Japan,1:30:59,14:50,7:28:27,13:13,5:05:38,14:33:06
1727,803,Traci Lacy,F55-59,157,Female,United States,1:47:35,11:35,6:55:49,11:55,5:26:24,14:33:17
1728,577,Sharon Cahill,F55-59,158,Female,Ireland,1:31:37,10:08,6:27:47,12:26,6:11:31,14:33:29
1729,734,Bethany Gonzalez,F55-59,159,Female,United States,1:44:49,10:31,7:03:11,9:20,5:25:40,14:33:32
1730,544,Karlene Ivy,F65-69,10,Female,United States,1:44:03,8:20,6:38:29,6:40,5:56:55,14:34:26
1731,1527,Lavonne Rembert,F50-54,232,Female,United States,1:20:18,7:52,6:50:56,8:53,6:06:42,14:34:41
1732,483,Linda Collard,F60-64,60,Female,New Zealand,1:23:32,7:11,7:55:31,8:20,5:00:16,14:34:50
1733,562,Michele Sorensen,F65-69,11,Female,United States,1:34:28,8:37,6:55:10,11:14,5:45:47,14:35:17
1734,2158,Nylah Bautista,F45-49,297,Female,Philippines,1:22:27,7:33,7:21:29,10:47,5:33:15,14:35:30
1735,1618,Lucia Bergamasco,F50-54,233,Female,United States,1:17:45,7:06,5:55:31,10:45,7:04:58,14:36:04
1736,1095,Elizabeth Beirnes,F40-44,300,Female,United States,1:12:11,9:23,7:52:03,8:49,5:13:52,14:36:18
1737,529,Barb Carson,F65-69,12,Female,New Zealand,1:39:29,7:00,6:51:34,9:37,5:48:53,14:36:33
1738,2017,Nicole Allen,F45-49,298,Female,Australia,1:22:18,13:05,7:24:18,12:23,5:24:53,14:36:57
1739,1640,Lyn Edwards,F50-54,234,Female,United States,1:13:15,13:01,7:36:40,17:20,5:16:42,14:36:58
1740,894,Alex Tennant,F30-34,227,Female,United Kingdom,1:40:57,10:20,6:37:13,10:41,5:58:16,14:37:28
1741,1649,Jennifer Smith,F50-54,235,Female,United States,1:21:28,6:15,6:48:22,7:23,6:14:25,14:37:53
1742,2044,Louise Sinclair,F45-49,299,Female,United Kingdom,1:25:36,8:19,7:37:21,9:31,5:17:51,14:38:38
1743,1457,Katy Roberts,F50-54,236,Female,United States,1:09:36,8:53,7:07:44,9:23,6:03:08,14:38:44
1744,500,Martine Beltan,F60-64,61,Female,France,1:36:15,8:16,6:59:27,9:25,5:45:38,14:39:02
1745,686,Terri Jaksha,F55-59,160,Female,United States,1:18:22,12:55,7:17:43,9:49,5:40:42,14:39:31
1746,801,Christina Kabbash,F55-59,161,Female,United States,1:25:51,12:54,7:15:03,10:52,5:34:56,14:39:36
1747,1709,Christine Beausoleil,F50-54,237,Female,Canada,1:32:53,5:40,7:26:18,9:09,5:25:53,14:39:54
1748,470,Laura Sensenstein,F60-64,62,Female,United States,1:34:22,11:17,6:51:38,8:47,5:54:33,14:40:38
1749,874,Nicki Sames,F30-34,228,Female,New Zealand,1:37:28,13:22,7:04:05,11:50,5:34:03,14:40:48
1750,1929,Annalie Brown,F45-49,300,Female,New Zealand,1:20:41,8:27,7:03:46,10:37,5:58:31,14:42:01
1751,1701,Sandra Romero,F50-54,238,Female,United States,1:51:49,13:06,7:44:02,10:11,4:43:02,14:42:10
1752,2088,Alice Grant,F45-49,301,Female,Australia,1:36:19,7:00,6:52:23,13:11,5:53:29,14:42:21
1753,1710,Jodi Brangaccio,F50-54,239,Female,United States,1:34:31,10:09,7:27:09,10:21,5:20:12,14:42:22
1754,711,Catherine Paulson,F55-59,162,Female,United States,1:28:19,10:17,6:33:13,9:25,6:21:45,14:42:59
1755,2069,Krystle Andrews,F45-49,302,Female,United States,1:30:15,9:06,7:18:48,14:11,5:30:40,14:43:00
1756,2153,Melanie Dunlap,F45-49,303,Female,United States,1:35:14,8:23,6:56:47,8:49,5:53:53,14:43:05
1757,1697,Jane Counsell,F50-54,240,Female,United Kingdom,1:41:12,13:52,6:53:03,15:08,5:39:51,14:43:06
1758,580,Agnès Bossis,F55-59,163,Female,France,1:31:12,13:35,6:59:33,14:13,5:44:36,14:43:10
1759,1645,Laura Juvala,F50-54,241,Female,Finland,1:28:34,6:38,6:21:57,10:12,6:35:59,14:43:20
1760,649,Gweneth Hacon,F55-59,164,Female,United Kingdom,1:30:23,9:32,6:48:08,8:55,6:06:45,14:43:42
1761,1726,Wendy Garvin,F50-54,242,Female,United States,1:21:16,9:18,7:25:29,13:37,5:34:16,14:43:55
1762,418,Martine Aerts,F60-64,63,Female,Belgium,1:37:23,9:41,7:09:43,11:19,5:36:05,14:44:10
1763,1068,Elizabeth Jones,F40-44,301,Female,United States,1:25:38,10:07,6:43:52,10:28,6:14:17,14:44:23
1764,1045,Olivia Myszkowski,F30-34,229,Female,United States,1:14:59,7:01,7:06:58,11:29,6:03:56,14:44:25
1765,609,Astrid Wijnsma,F55-59,165,Female,Netherlands,1:21:37,9:05,6:05:13,10:11,6:58:29,14:44:35
1766,1391,Josee Courchesne,F40-44,302,Female,Canada,1:23:46,8:11,6:43:14,10:56,6:19:51,14:45:58
1767,1509,Christiane Cornelius,F50-54,243,Female,Germany,1:31:30,15:59,7:10:31,16:59,5:31:35,14:46:34
1768,2001,Janice Hom,F45-49,304,Female,United States,1:52:38,7:31,6:48:06,14:10,5:44:14,14:46:39
1769,904,Sarah Allen,F30-34,230,Female,Canada,1:29:32,12:20,7:27:09,13:11,5:25:10,14:47:22
1770,322,Jolinda Bokhorst,F35-39,239,Female,Curaçao,1:20:18,6:34,6:45:18,9:34,6:26:26,14:48:11
1771,765,Nikki Fox,F55-59,166,Female,New Zealand,1:37:59,9:35,6:55:13,8:38,5:57:10,14:48:35
1772,606,Melanie Awbrey,F55-59,167,Female,United States,1:27:05,9:36,6:45:55,9:54,6:16:52,14:49:21
1773,679,Gitte Carlsson Hammar,F55-59,168,Female,Sweden,1:12:15,7:20,6:41:25,9:58,6:39:13,14:50:11
1774,1366,April Lañas,F40-44,303,Female,Philippines,1:41:12,6:44,7:32:29,7:43,5:22:06,14:50:14
1775,2264,Olivia Bolzer-Stanko,F45-49,305,Female,Austria,1:25:30,7:18,7:03:39,8:51,6:05:04,14:50:22
1776,2123,Shannon Crone,F45-49,306,Female,United States,1:21:43,9:52,7:27:00,12:09,5:39:49,14:50:33
1777,1918,Shelby Lehmann,F18-24,43,Female,Canada,59:24,5:21,6:11:04,4:51,7:30:09,14:50:50
1778,1654,Deb Pozarycki,F50-54,244,Female,United States,1:26:32,6:25,7:06:51,13:22,5:57:54,14:51:04
1779,671,Isabelle Dubourg,F55-59,169,Female,France,1:36:46,10:52,7:51:22,10:58,5:01:20,14:51:18
1780,2065,Adrienne Miller,F45-49,307,Female,United States,1:40:02,13:31,6:54:01,12:40,5:51:31,14:51:45
1781,1890,Pernille Wiel Dalan,F18-24,44,Female,Norway,1:28:47,6:42,6:59:05,8:43,6:08:29,14:51:47
1782,799,Jami Price,F55-59,170,Female,United States,1:33:40,7:55,6:57:28,7:24,6:05:27,14:51:55
1783,434,Susan Henning,F60-64,64,Female,United States,1:28:51,9:54,7:26:03,10:24,5:37:12,14:52:24
1784,622,Gabriela Obregon,F55-59,171,Female,Argentina,1:43:20,17:58,6:48:58,10:27,5:51:46,14:52:29
1785,1621,Sherri Fox,F50-54,245,Female,United States,1:36:23,10:55,7:16:01,10:41,5:38:39,14:52:40
1786,2144,Colleen Boshoff,F45-49,308,Female,Australia,1:32:25,9:14,6:58:47,9:50,6:02:52,14:53:08
1787,207,Anna Edwards,F35-39,240,Female,Australia,1:22:01,8:57,7:01:20,11:51,6:09:15,14:53:24
1788,1114,Sylvia Böhnke-Westphal,F40-44,304,Female,Germany,1:17:47,7:24,7:09:22,14:24,6:04:45,14:53:42
1789,557,Rosie Spicer,F65-69,13,Female,Australia,1:32:19,10:21,6:06:53,9:30,6:55:04,14:54:09
1790,149,Sarah Marie Erana,F35-39,241,Female,Philippines,1:22:18,9:08,7:31:52,9:11,5:41:46,14:54:15
1791,1472,Kelly Petring,F50-54,246,Female,United States,1:27:05,14:01,7:12:17,18:07,5:42:56,14:54:26
1792,216,Amy Flowers,F35-39,242,Female,United States,1:31:28,10:26,6:07:38,12:19,6:52:37,14:54:28
1793,603,Sandy Thompson,F55-59,172,Female,United States,1:30:26,12:18,6:58:26,10:32,6:02:55,14:54:37
1794,2139,Amy Schulz,F45-49,309,Female,United States,1:42:35,8:09,7:18:44,10:31,5:34:42,14:54:41
1795,610,Kathy Roche,F55-59,173,Female,United States,1:24:56,11:07,7:14:54,12:34,5:51:37,14:55:08
1796,1583,Rebecca Barnett,F50-54,247,Female,United States,1:31:05,8:15,8:07:22,6:50,5:01:48,14:55:19
1797,2187,Jennifer Wilson,F45-49,310,Female,United States,1:09:42,10:19,7:29:55,8:50,5:56:54,14:55:40
1798,2262,Megan Farley,F45-49,311,Female,United States,1:34:29,7:07,6:58:11,12:44,6:03:33,14:56:03
1799,545,Sharon Rodier,F65-69,14,Female,United States,1:31:37,11:48,7:21:44,7:51,5:43:04,14:56:03
1800,861,Kat Suddaby,F30-34,231,Female,United Kingdom,1:22:53,11:33,7:00:46,12:06,6:09:01,14:56:19
1801,1712,Nicole Harris,F50-54,248,Female,United States,1:47:49,9:21,6:56:24,10:32,5:52:31,14:56:36
1802,353,Michelle Flash,F35-39,243,Female,United States,1:22:11,8:54,6:29:43,12:04,6:43:46,14:56:38
1803,1711,Staci Richards,F50-54,249,Female,United States,1:31:21,11:06,6:59:03,9:31,6:06:16,14:57:17
1804,1489,Carolyn Whitcomb,F50-54,250,Female,United States,1:48:44,13:29,7:47:57,13:53,4:53:48,14:57:52
1805,1131,Jamie Dismuke,F40-44,305,Female,United States,1:19:30,5:35,7:01:05,8:43,6:23:03,14:57:58
1806,644,Shelly Dunaway,F55-59,174,Female,United States,1:44:54,11:27,6:25:10,12:13,6:24:22,14:58:06
1807,1572,Corri Kenney,F50-54,251,Female,United States,1:33:53,8:22,7:24:49,7:58,5:43:48,14:58:50
1808,541,Doni Bowersox,F65-69,15,Female,United States,1:25:45,7:34,7:14:44,7:58,6:02:54,14:58:55
1809,1069,Jennifer Rickard,F40-44,306,Female,United States,1:38:30,7:34,7:14:00,10:34,5:48:22,14:58:59
1810,1189,Kristin Evans,F40-44,307,Female,United States,1:26:40,11:15,7:07:23,10:14,6:03:40,14:59:12
1811,455,Gabrielle Schipprack,F60-64,65,Female,United States,1:28:16,11:45,7:07:32,13:58,5:57:57,14:59:27
1812,1159,Maria Deveza,F40-44,308,Female,Philippines,1:39:28,9:35,7:16:29,9:47,5:44:34,14:59:53
1813,605,Robin Ringenary,F55-59,175,Female,United States,1:34:33,14:10,6:47:00,13:45,6:11:17,15:00:45
1814,586,Susan Ford,F55-59,176,Female,United States,1:26:45,10:36,7:17:22,14:45,5:51:19,15:00:48
1815,793,Jennifer Aylward,F55-59,177,Female,United Kingdom,1:25:33,13:13,7:12:14,14:54,5:55:18,15:01:13
1816,182,Tiffany Stuart,F35-39,244,Female,United States,1:42:43,9:23,7:21:35,7:01,5:40:33,15:01:15
1817,574,Patricia Rosen,F70-74,2,Female,United States,1:33:27,10:35,7:37:12,9:05,5:31:08,15:01:28
1818,1627,Leilani Tan,F50-54,252,Female,Philippines,1:40:38,13:13,7:08:42,19:39,5:39:37,15:01:49
1819,805,Andrea Zepeda,F55-59,178,Female,United States,1:31:30,7:02,6:36:35,10:34,6:36:14,15:01:55
1820,661,Diane Calloway,F55-59,179,Female,United States,1:18:12,8:00,6:41:40,12:48,6:41:21,15:02:00
1821,398,Megan Piwowar,F35-39,245,Female,United States,1:12:55,6:06,7:04:10,4:43,6:34:08,15:02:03
1822,190,Lacey Schmidt,F35-39,246,Female,United States,1:44:58,9:50,7:07:22,11:19,5:48:38,15:02:07
1823,718,Geraldine Abuan,F55-59,180,Female,Philippines,1:37:19,11:49,7:32:23,10:10,5:30:45,15:02:26
1824,1324,Michelle Lin,F40-44,309,Female,Taiwan,1:36:17,17:19,7:40:00,12:35,5:16:23,15:02:33
1825,587,Tania De Abreu,F55-59,181,Female,Australia,1:10:58,7:54,7:34:45,10:22,5:58:46,15:02:45
1826,1582,Jennifer Charters,F50-54,253,Female,United States,1:43:21,6:00,6:54:11,9:30,6:09:44,15:02:46
1827,2062,Ruth Marie Oliver,F45-49,312,Female,United States,1:24:42,6:20,7:08:44,6:21,6:16:57,15:03:04
1828,487,Suzie Enlow,F60-64,66,Female,United States,1:19:13,7:59,6:50:36,14:56,6:30:57,15:03:41
1829,141,Catherine Li,F35-39,247,Female,Hong Kong,1:21:46,6:52,6:53:28,8:47,6:33:15,15:04:09
1830,787,Kirsten Lambert,F55-59,182,Female,Australia,1:40:59,11:46,7:56:43,8:58,5:06:02,15:04:28
1831,1423,Christine Stamper,F50-54,254,Female,United States,1:36:33,8:52,7:28:22,12:06,5:38:41,15:04:32
1832,1452,Elizabeth Kenny,F50-54,255,Female,United States,1:24:52,7:17,7:18:58,11:45,6:01:50,15:04:43
1833,1521,Stephanie Weldon,F50-54,256,Female,United States,1:31:04,10:53,7:18:10,9:09,5:55:37,15:04:53
1834,384,Noopur Barve,F35-39,248,Female,India,1:35:31,9:49,7:29:17,11:05,5:39:22,15:05:03
1835,909,Katie Lee,F30-34,232,Female,Canada,1:07:38,6:34,7:09:44,8:40,6:32:51,15:05:27
1836,1162,Verena Schöttl,F40-44,310,Female,Austria,1:26:40,8:27,7:02:15,8:17,6:19:56,15:05:35
1837,458,Judy Rynbeek,F60-64,67,Female,Canada,1:13:49,6:04,6:51:39,9:49,6:44:47,15:06:08
1838,664,Maria Jones,F55-59,183,Female,New Zealand,1:12:56,8:58,6:51:02,9:52,6:43:26,15:06:14
1839,1703,Leonora Flores Manzano,F50-54,257,Female,Mexico,1:28:58,13:07,7:49:04,10:41,5:24:40,15:06:28
1840,329,Fiona Chow,F35-39,249,Female,Australia,1:13:02,11:48,7:32:59,14:48,5:53:59,15:06:36
1841,1629,Mia Fogel,F50-54,258,Female,Sweden,1:17:25,9:52,7:33:57,14:46,5:50:52,15:06:53
1842,645,Laurie Krause,F55-59,184,Female,United States,1:41:16,13:25,7:02:53,9:35,5:59:54,15:07:03
1843,1927,Megan Arthur,F45-49,313,Female,New Zealand,1:15:17,9:22,6:10:12,8:16,7:24:01,15:07:08
1844,733,Clare Browne,F55-59,185,Female,United Kingdom,1:26:30,13:12,7:16:54,14:12,5:56:30,15:07:18
1845,1605,Samantha Wheatley,F50-54,259,Female,Australia,1:19:29,8:42,7:06:14,10:48,6:22:21,15:07:33
1846,1204,Kristin Mcphie,F40-44,311,Female,United States,1:26:52,8:09,6:44:34,14:33,6:33:54,15:08:02
1847,2003,Panorkwan Toparkngarm,F45-49,314,Female,Thailand,1:32:10,7:19,7:08:13,8:22,6:12:03,15:08:07
1848,440,Chacha Ramon,F60-64,68,Female,United States,1:38:53,9:43,6:43:07,9:55,6:26:45,15:08:23
1849,1177,Wendy Perry,F40-44,312,Female,United States,1:24:39,10:44,7:53:01,10:48,5:30:31,15:09:42
1850,195,Laura Ewald,F35-39,250,Female,United States,1:22:40,5:42,6:48:34,12:38,6:41:00,15:10:34
1851,1502,Felicia Long,F50-54,260,Female,Ireland,1:31:09,10:28,6:59:27,11:46,6:17:58,15:10:48
1852,437,Joan Wolfe,F60-64,69,Female,United States,1:18:35,6:22,7:15:11,8:14,6:23:23,15:11:45
1853,759,Patty Schmaedeke,F55-59,186,Female,United States,1:45:48,11:21,7:16:22,8:39,5:49:58,15:12:08
1854,779,Nicola Hornby,F55-59,187,Female,United Kingdom,1:39:57,10:56,7:12:30,14:37,5:54:28,15:12:28
1855,854,Chelsie Robinson,F30-34,233,Female,United States,1:41:24,5:33,7:06:28,7:06,6:12:33,15:13:03
1856,445,Susan Bonds,F60-64,70,Female,United States,1:28:29,9:12,6:47:33,14:37,6:33:20,15:13:11
1857,1042,Marina Andresen,F30-34,234,Female,Germany,1:37:39,10:12,7:30:53,13:14,5:41:22,15:13:19
1858,2131,Leanne Coghill,F45-49,315,Female,Australia,1:16:24,10:25,7:20:24,13:42,6:13:05,15:13:59
1859,215,Lauren Chedburn,F35-39,251,Female,United Kingdom,1:37:29,8:34,6:49:54,7:16,6:30:46,15:13:59
1860,1937,Marci Brown,F45-49,316,Female,United States,1:20:03,11:11,7:03:30,11:29,6:28:38,15:14:50
1861,1295,Chandra Kalke,F40-44,313,Female,Canada,1:23:57,7:29,6:48:41,6:19,6:49:56,15:16:22
1862,486,Sonia Soprenuk,F60-64,71,Female,United States,1:40:47,16:09,7:35:23,16:48,5:27:15,15:16:22
1863,1623,Sarah White,F50-54,261,Female,Ireland,1:29:10,5:12,7:31:27,9:51,6:01:02,15:16:41
1864,414,Manon Mercier,F60-64,72,Female,Canada,1:34:01,8:27,7:16:47,8:02,6:09:31,15:16:49
1865,1782,Aude Perrin,F25-29,119,Female,Switzerland,1:39:27,9:13,6:59:45,6:54,6:21:32,15:16:51
1866,1253,Caitlin Nicholas,F40-44,314,Female,United States,1:21:12,11:16,7:34:51,11:02,5:58:42,15:17:02
1867,1994,Jennifer Priebe,F45-49,317,Female,Canada,1:25:58,6:44,7:05:10,12:37,6:27:07,15:17:36
1868,1723,Larissa Krajasich,F50-54,262,Female,Austria,1:17:55,7:02,6:53:35,9:32,6:50:21,15:18:24
1869,1617,Paige Swenson,F50-54,263,Female,United States,1:17:13,11:07,7:05:34,8:43,6:35:54,15:18:32
1870,1179,April Ancira,F40-44,315,Female,United States,1:23:24,8:20,7:32:04,11:29,6:03:31,15:18:48
1871,438,Pam Reed,F60-64,73,Female,United States,1:32:29,9:56,7:06:52,8:32,6:20:59,15:18:49
1872,1394,Nicole Friel,F40-44,316,Female,United States,1:19:20,13:59,7:46:59,7:18,5:51:33,15:19:08
1873,1465,Kathy Crawford,F50-54,264,Female,United States,1:41:06,11:51,7:29:22,12:21,5:44:53,15:19:33
1874,507,Ute Simon,F60-64,74,Female,Germany,1:36:36,9:49,7:40:10,8:40,5:44:26,15:19:41
1875,654,Kathleen Burns,F55-59,188,Female,United States,1:31:20,11:50,7:23:46,16:00,5:57:43,15:20:39
1876,653,Colleen Wilcox,F55-59,189,Female,United States,1:16:50,12:01,7:05:31,12:39,6:34:11,15:21:12
1877,2057,Erica Berthou,F45-49,318,Female,United States,1:35:43,7:50,7:01:33,11:47,6:24:31,15:21:25
1878,1492,Hisako Hoshino,F50-54,265,Female,Japan,1:24:44,10:16,7:34:53,13:11,5:58:35,15:21:38
1879,662,Celeste Van Rensburg,F55-59,190,Female,Canada,1:28:53,10:15,6:49:01,18:06,6:35:50,15:22:05
1880,558,Brenda Bettencourt,F65-69,16,Female,United States,1:21:10,8:29,7:13:55,10:21,6:28:13,15:22:09
1881,2140,Michelle Wagoner,F45-49,319,Female,United States,1:36:46,9:34,6:51:37,13:48,6:31:13,15:22:58
1882,1935,Chrissy Davis,F45-49,320,Female,United States,1:25:38,9:53,6:53:53,10:10,6:43:42,15:23:16
1883,683,Heidi Slomer,F55-59,191,Female,United States,1:33:49,8:04,7:20:15,11:41,6:09:31,15:23:21
1884,176,Carol Hepner,F35-39,252,Female,United States,1:36:59,8:17,7:27:26,9:08,6:02:15,15:24:05
1885,1180,Akila O'Grady,F40-44,317,Female,United States,1:27:45,13:08,7:23:22,16:27,6:03:44,15:24:26
1886,1823,Penelope Thomas,F25-29,120,Female,United Kingdom,1:33:00,6:50,7:29:57,14:24,6:00:34,15:24:44
1887,1577,Jennifer Amend,F50-54,266,Female,United States,1:31:30,8:36,7:09:19,8:39,6:27:08,15:25:12
1888,694,Maria Matheus,F55-59,192,Female,Venezuela,1:22:07,12:25,7:20:57,11:03,6:18:55,15:25:26
1889,1330,Shelley Horner,F40-44,318,Female,United States,1:41:46,12:50,7:04:29,8:38,6:18:14,15:25:57
1890,2199,Annette Melecio,F45-49,321,Female,United States,1:36:00,9:00,7:25:00,4:13,6:12:00,15:26:13
1891,563,Monika Körner Downes,F65-69,17,Female,Germany,1:50:12,11:00,7:59:17,9:24,5:16:49,15:26:42
1892,582,Therese Seely,F55-59,193,Female,United States,1:31:19,9:26,6:53:34,9:25,6:44:21,15:28:04
1893,462,Shirley Day,F60-64,75,Female,New Zealand,1:25:07,14:02,7:33:33,14:05,6:01:45,15:28:32
1894,452,Leslie Singleton,F60-64,76,Female,United States,1:52:55,10:25,7:21:00,11:22,5:53:45,15:29:28
1895,189,Natalie Guerboian,F35-39,253,Female,United States,1:26:22,7:46,7:00:46,8:52,6:47:12,15:30:57
1896,902,Maddy La Roche,F30-34,235,Female,United States,1:43:29,12:27,7:33:45,13:38,5:47:47,15:31:07
1897,1467,Elena Ibarra,F50-54,267,Female,United States,1:28:39,10:57,7:23:05,9:44,6:18:54,15:31:19
1898,244,Maree Mcgregor,F35-39,254,Female,New Zealand,1:26:33,15:58,7:00:29,20:07,6:28:23,15:31:29
1899,1482,Harumi Hitomi,F50-54,268,Female,Japan,1:16:17,16:08,8:09:44,14:43,5:34:53,15:31:46
1900,1531,Irene Alisjahbana,F50-54,269,Female,Singapore,1:36:22,6:51,8:01:32,7:44,5:40:18,15:32:46
1901,1468,Tonya Roy,F50-54,270,Female,United States,1:32:50,11:54,7:13:32,11:43,6:24:08,15:34:07
1902,692,Kim Hettwer,F55-59,194,Female,United States,1:50:12,8:27,7:49:12,7:15,5:39:04,15:34:10
1903,1903,Emeline Trasbot,F18-24,45,Female,France,1:19:36,5:43,7:25:35,9:29,6:34:05,15:34:27
1904,956,Yui Yokosaka,F30-34,236,Female,Japan,1:35:24,15:10,7:54:46,12:18,5:36:50,15:34:28
1905,724,Nicole Rattenbury,F55-59,195,Female,Australia,1:26:47,10:38,6:42:28,18:54,6:55:47,15:34:34
1906,2198,Beth Rosenblum,F45-49,322,Female,United States,1:22:29,13:19,7:21:52,11:55,6:25:12,15:34:47
1907,523,Jan Hannaford,F65-69,18,Female,United Kingdom,1:35:14,9:03,7:36:20,11:39,6:03:30,15:35:46
1908,526,Cathy Tibbetts,F65-69,19,Female,United States,1:20:42,9:15,7:38:44,16:04,6:11:18,15:36:03
1909,1523,Dina Altayeb,F50-54,271,Female,Saudi Arabia,1:32:23,8:45,7:35:27,12:54,6:07:06,15:36:36
1910,221,Anna Linegar,F35-39,255,Female,Canada,1:24:35,11:03,7:26:43,16:40,6:17:46,15:36:46
1911,1699,Sarah Martin,F50-54,272,Female,United States,1:33:06,9:32,7:15:51,10:05,6:28:37,15:37:10
1912,1602,Reveka Papadopoulos,F50-54,273,Female,Australia,1:25:13,15:12,7:17:56,16:58,6:21:53,15:37:11
1913,1190,Jamie Tajii,F40-44,319,Female,United States,1:35:32,10:09,7:03:28,19:23,6:28:46,15:37:18
1914,534,Carrie Holzman-Little,F65-69,20,Female,United States,1:38:44,11:00,7:42:11,9:35,5:55:55,15:37:25
1915,613,Missi Johnson,F55-59,196,Female,United States,1:41:04,13:29,7:15:29,12:29,6:14:59,15:37:30
1916,640,Martha Russell,F55-59,197,Female,United States,1:28:08,16:08,7:16:49,12:57,6:23:36,15:37:38
1917,1532,Elizabeth Andrew,F50-54,274,Female,United States,1:19:54,8:08,8:03:47,10:33,5:55:26,15:37:47
1918,283,Line Skov Jensen,F35-39,256,Female,Denmark,1:26:53,7:55,7:08:12,12:21,6:43:39,15:39:00
1919,747,Michelle Mcclenahan,F55-59,198,Female,United States,1:31:03,6:30,7:22:16,10:50,6:28:39,15:39:18
1920,517,Helge Seeck,F60-64,77,Female,Germany,1:35:16,10:40,7:44:27,7:01,6:02:18,15:39:42
1921,1070,Julie Sadar,F40-44,320,Female,United States,1:22:25,10:15,7:07:56,14:24,6:45:10,15:40:10
1922,751,Yoshie Yabu,F55-59,199,Female,United States,1:46:38,8:05,7:57:27,7:15,5:41:00,15:40:25
1923,553,Terri Prange,F65-69,21,Female,United States,1:32:35,6:27,7:49:28,17:51,5:54:11,15:40:33
1924,1355,Ashley Mckenney,F40-44,321,Female,United States,1:33:10,12:09,8:03:29,10:49,5:41:12,15:40:49
1925,1984,Sara Whittingham,F45-49,323,Female,United States,1:26:21,11:04,7:32:10,13:33,6:17:46,15:40:53
1926,578,Amy Voegerl,F55-59,200,Female,United States,1:36:02,10:57,8:14:33,6:51,5:32:30,15:40:53
1927,2006,Heather Quigley-Allen,F45-49,324,Female,United States,1:22:49,13:25,7:53:50,11:00,5:59:53,15:40:56
1928,421,Leslie Cain,F60-64,78,Female,United States,1:24:59,9:30,7:36:15,13:54,6:18:08,15:42:47
1929,410,Cydney Thomson,F60-64,79,Female,United States,1:34:33,8:04,7:25:55,7:48,6:26:35,15:42:56
1930,584,Sharon Michaelson,F55-59,201,Female,United States,1:38:53,17:16,7:09:53,20:40,6:16:14,15:42:56
1931,1872,Katie Davies,F18-24,46,Female,United Kingdom,1:17:28,18:46,7:53:22,18:46,5:55:21,15:43:43
1932,659,Lorie Tucker,F55-59,202,Female,United States,1:23:03,8:07,7:49:35,10:33,6:12:46,15:44:04
1933,1795,Ashley Castillo,F25-29,121,Female,United States,1:27:51,8:57,7:07:33,7:06,6:54:42,15:46:09
1934,248,Alena Croy,F35-39,257,Female,United States,1:27:07,11:59,7:30:53,14:33,6:22:02,15:46:34
1935,528,Heather Grahame,F65-69,22,Female,United States,1:32:09,9:23,6:44:33,9:26,7:11:56,15:47:27
1936,756,Tracey Roberts,F55-59,203,Female,United States,1:32:17,9:54,7:08:24,11:02,6:46:05,15:47:41
1937,2061,Amy Knibb,F45-49,325,Female,Canada,1:09:31,13:02,7:27:31,13:28,6:44:30,15:48:02
1938,1856,Andrea Salazar,F25-29,122,Female,Mexico,1:30:08,9:22,8:15:13,12:34,5:41:35,15:48:51
1939,2031,Maria Kling,F45-49,326,Female,Sweden,1:38:57,13:33,7:45:26,9:13,6:02:00,15:49:09
1940,635,Kathryn Key,F55-59,204,Female,United States,1:26:54,10:13,7:13:26,11:27,6:47:29,15:49:29
1941,422,Catherine Laflamme,F60-64,80,Female,Canada,1:34:32,9:27,7:24:06,10:52,6:30:38,15:49:35
1942,1653,Melanie Neumann,F50-54,275,Female,United States,1:38:35,12:38,7:00:31,15:12,6:42:48,15:49:44
1943,601,Anne Wendler,F55-59,205,Female,Germany,1:42:00,9:21,7:15:47,15:43,6:27:16,15:50:07
1944,444,Hrefna Gudmundsdottir,F60-64,81,Female,Iceland,1:28:33,7:54,7:15:50,11:04,6:46:49,15:50:10
1945,1528,Stephanie Black,F50-54,276,Female,United States,1:34:21,9:44,6:54:34,10:59,7:01:29,15:51:07
1946,1630,Sarah Lucero-Calhoon,F50-54,277,Female,United States,1:38:32,8:58,6:37:18,13:37,7:12:42,15:51:08
1947,1604,Claire Streat,F50-54,278,Female,Australia,1:33:45,8:28,7:14:14,11:07,6:44:04,15:51:37
1948,1522,Karyn Mentink,F50-54,279,Female,United States,1:26:32,9:56,7:25:16,13:25,6:36:45,15:51:53
1949,1438,Wendy Parker,F50-54,280,Female,Australia,1:32:52,8:41,7:32:10,11:17,6:27:52,15:52:52
1950,736,Aya Rosenthal,F55-59,206,Female,Israel,1:18:13,13:22,6:44:23,23:15,7:14:14,15:53:27
1951,583,Lisa Delong,F55-59,207,Female,United States,1:31:02,9:49,8:26:34,13:28,5:33:09,15:54:03
1952,1862,Estrella Garcia,F25-29,123,Female,Canada,1:21:56,5:23,7:54:58,8:29,6:23:46,15:54:31
1953,525,Carey Cribbs,F65-69,23,Female,United States,1:25:04,11:37,7:46:39,12:55,6:18:25,15:54:40
1954,1517,Maralien Orantes,F50-54,281,Female,United States,1:42:26,9:49,7:28:58,13:59,6:19:39,15:54:51
1955,598,Takemi Shimamura,F55-59,208,Female,Japan,1:24:55,11:34,7:10:47,13:17,6:54:27,15:55:00
1956,1893,Agata Szkudlarek,F18-24,47,Female,Poland,1:34:10,12:16,8:08:44,12:59,5:47:11,15:55:20
1957,1422,Michelle Walker,F50-54,282,Female,United States,1:51:00,10:37,8:12:18,8:15,5:33:39,15:55:48
1958,752,Ann Sloan,F55-59,209,Female,United States,1:46:17,11:26,7:13:38,14:44,6:30:16,15:56:20
1959,442,Beate Uebel,F60-64,82,Female,Germany,1:38:59,9:27,7:10:40,10:37,6:46:56,15:56:38
1960,302,Stephanie Dannenberg,F35-39,258,Female,United States,1:39:37,17:53,7:48:52,16:22,5:55:15,15:57:59
1961,1221,Tanya Davenport,F40-44,322,Female,Australia,1:18:35,15:08,7:28:43,15:06,6:40:30,15:58:03
1962,536,Kathleen Sasso,F65-69,24,Female,United States,1:33:06,9:29,7:04:28,15:06,6:56:25,15:58:33
1963,564,Angelika Hüsser,F65-69,25,Female,Switzerland,1:34:52,8:47,7:35:41,15:37,6:25:12,16:00:08
1964,744,Leah Gallant,F55-59,210,Female,United States,1:54:00,11:46,7:42:36,15:01,5:57:29,16:00:52
1965,669,Cynthia Newton,F55-59,211,Female,United States,1:18:42,7:44,6:47:34,55:28,6:52:06,16:01:33
1966,798,Britta Anderson,F55-59,212,Female,United States,1:33:19,7:41,7:57:57,7:26,6:16:58,16:03:22
1967,175,Annie Brooks,F35-39,259,Female,United Kingdom,1:45:04,8:06,8:08:47,13:51,5:47:59,16:03:48
1968,542,Hiroko Maru,F65-69,26,Female,Japan,1:31:05,14:03,7:17:32,11:28,6:49:48,16:03:57
1969,1552,Phuong Vuong,F50-54,283,Female,United States,1:46:20,7:51,7:36:07,11:17,6:22:27,16:04:02
1970,2117,Angela Paternostro-Pfister,F45-49,327,Female,United States,1:38:12,7:07,7:13:55,16:51,6:48:07,16:04:12
1971,277,Gemma Scott,F35-39,260,Female,United Kingdom,1:36:11,7:13,7:59:02,10:48,6:11:59,16:05:13
1972,561,Sharon Mcnary,F65-69,27,Female,United States,1:38:27,13:27,7:46:36,12:49,6:15:45,16:07:03
1973,1494,Melissa Racela,F50-54,284,Female,Philippines,1:47:35,12:31,7:57:06,10:31,5:59:25,16:07:08
1974,524,Lorraine Gersitz,F65-69,28,Female,United States,1:33:51,12:29,7:33:00,12:13,6:36:13,16:07:47
1975,1650,Sarah Day,F50-54,285,Female,United States,1:33:59,10:51,7:34:27,10:10,6:39:02,16:08:28
1976,646,Krista Harms,F55-59,213,Female,United States,1:30:08,14:01,7:54:45,13:16,6:16:33,16:08:43
1977,454,Sharon Morin,F60-64,83,Female,United States,1:41:36,9:52,8:19:14,9:22,5:49:34,16:09:37
1978,451,Catherine Marsden,F60-64,84,Female,United States,1:34:04,9:59,7:12:53,10:25,7:02:49,16:10:10
1979,537,Karen Bonnett,F65-69,29,Female,United States,1:48:23,12:01,7:58:26,13:27,5:58:14,16:10:32
1980,453,Leslie Ezell,F60-64,85,Female,United States,1:22:19,9:52,7:30:07,13:16,6:54:59,16:10:33
1981,1648,Tracy Scott,F50-54,286,Female,United States,1:38:05,10:57,7:06:49,14:39,7:00:40,16:11:10
1982,750,Suzanne Kazo,F55-59,214,Female,United States,1:16:51,10:31,7:53:44,13:39,6:36:32,16:11:17
1983,682,Marie Staunton,F55-59,215,Female,Ireland,1:42:53,9:33,7:58:02,12:15,6:08:42,16:11:24
1984,1122,Melissa Marowelli,F40-44,323,Female,United States,1:43:40,12:37,7:55:14,16:04,6:04:02,16:11:38
1985,533,Leslie Maurice,F65-69,30,Female,United States,1:43:15,10:27,7:35:53,11:11,6:32:49,16:13:34
1986,416,Betsy Scott,F60-64,86,Female,United States,1:36:39,11:29,8:28:45,12:04,5:45:21,16:14:18
1987,549,Amy Riesmeyer,F65-69,31,Female,United States,1:41:23,13:26,7:26:24,9:17,6:44:10,16:14:40
1988,530,Heidi Bromley,F65-69,32,Female,Canada,1:18:52,8:48,8:04:50,10:33,6:33:38,16:16:40
1989,1424,Kim Kroeger-Weeks,F50-54,287,Female,United States,1:28:51,14:20,7:43:07,10:48,6:39:36,16:16:42
1990,566,Leslie Logan,F65-69,33,Female,United States,1:26:00,10:25,6:56:07,10:21,7:34:01,16:16:54
1991,1442,Juliana Phelps,F50-54,288,Female,Australia,1:25:01,15:02,7:29:49,13:35,6:53:41,16:17:08
1992,1652,Michelle Kent,F50-54,289,Female,United States,1:55:26,11:14,8:15:58,6:04,5:48:48,16:17:31
1993,1426,Susan Gaudreau,F50-54,290,Female,Canada,1:20:29,11:20,8:02:48,13:54,6:29:40,16:18:11
1994,731,Cynthia Perkins,F55-59,216,Female,United States,1:42:18,7:59,8:04:22,6:05,6:17:59,16:18:43
1995,519,Mina Kikuchi,F60-64,87,Female,Japan,1:28:32,18:05,7:47:41,12:45,6:32:39,16:19:41
1996,1462,Ashley Smith-Mcdonner,F50-54,291,Female,United States,1:30:30,11:06,7:47:44,15:14,6:36:19,16:20:53
1997,392,Jamie Goh,F35-39,261,Female,Singapore,1:36:21,8:39,7:54:53,9:10,6:32:08,16:21:11
1998,469,Melissa Hoffman,F60-64,88,Female,United States,1:27:25,10:14,8:12:01,11:08,6:21:12,16:22:00
1999,1136,Cathy Stanford,F40-44,324,Female,Canada,1:18:31,5:35,7:18:12,14:17,7:25:40,16:22:15
2000,823,Prue Young,F30-34,237,Female,New Zealand,1:18:46,11:32,7:21:08,12:59,7:20:22,16:24:46
2001,1990,Lorinda Chung,F45-49,328,Female,United States,1:49:00,15:17,7:43:38,10:14,6:26:51,16:25:00
2002,746,Ann Lee,F55-59,217,Female,United States,2:19:41,9:15,7:39:08,9:12,6:08:49,16:26:04
2003,1464,Katy Mullen,F50-54,292,Female,United States,1:34:27,15:48,7:25:49,15:53,6:54:10,16:26:07
2004,607,Joy Secritario,F55-59,218,Female,United States,1:36:15,8:47,6:55:52,11:15,7:34:02,16:26:11
2005,550,Teresa Nicolson,F65-69,34,Female,Canada,1:18:33,8:11,7:28:36,10:37,7:21:27,16:27:23
2006,512,Fiona Geldard,F60-64,89,Female,Guernsey,1:34:27,10:53,8:12:49,14:41,6:14:46,16:27:36
2007,767,Megan Tobin,F55-59,219,Female,United States,1:20:02,8:25,7:26:26,11:28,7:21:48,16:28:09
2008,1670,Zarnia Morrison,F50-54,293,Female,New Zealand,1:43:17,13:00,7:41:56,15:26,6:34:48,16:28:28
2009,1993,Whitney Blackmore,F45-49,329,Female,United States,1:27:24,9:56,7:27:40,14:32,7:09:11,16:28:43
2010,579,Nola Steininger,F55-59,220,Female,Canada,1:35:57,14:54,8:15:45,12:32,6:10:12,16:29:20
2011,2111,Kirsty Kennedy,F45-49,330,Female,United Kingdom,1:28:36,14:59,7:36:25,14:22,6:55:37,16:30:00
2012,1425,Angel Brock,F50-54,294,Female,United States,1:30:19,11:47,7:49:07,18:43,6:40:33,16:30:30
2013,481,Lisa Evans,F60-64,90,Female,Australia,1:24:55,11:39,8:37:02,12:30,6:05:46,16:31:52
2014,2289,Jessica Zylstra,F35-39,262,Female,United States,1:28:08,12:43,7:38:20,14:57,6:57:50,16:31:58
2015,246,Sarah Munt,F35-39,263,Female,Australia,1:35:38,10:59,7:56:49,9:54,6:40:21,16:33:42
2016,1440,Janelle Annis-Brown,F50-54,295,Female,Australia,1:38:20,10:50,8:03:21,10:12,6:31:14,16:33:58
2017,467,Hildegarde Miyashiro,F60-64,91,Female,United States,1:46:22,13:03,7:52:06,13:20,6:30:10,16:35:00
2018,461,Wanda Toro,F60-64,92,Female,United States,1:52:07,12:19,7:54:40,9:48,6:26:31,16:35:25
2019,446,Carmen Francesch,F60-64,93,Female,Spain,1:25:14,11:36,8:29:01,10:32,6:21:37,16:38:00
2020,539,Maggie Hudson,F65-69,35,Female,United States,1:40:09,10:54,8:02:25,18:45,6:26:32,16:38:45
2021,101,Kellie Dewveall,FPC/ID,,Female,United States,1:46:51,12:10,7:56:50,13:27,6:29:45,16:39:03
2022,102,Scott Bourgeois,MPC/ID,,Open,United States,1:46:51,12:07,7:56:57,13:23,6:29:48,16:39:05
2023,641,Suzanne Stites,F55-59,221,Female,United States,1:54:24,10:36,7:40:21,12:00,6:41:52,16:39:13
2024,695,Gigi Jover,F55-59,222,Female,United States,1:50:36,9:52,7:46:47,15:42,6:36:48,16:39:45
2025,424,Karen Reardon,F60-64,94,Female,Australia,1:26:42,9:38,8:51:26,8:30,6:04:17,16:40:33
2026,516,Anke Korn,F60-64,95,Female,Germany,1:26:53,12:19,8:06:58,11:16,6:43:35,16:41:01
2027,2043,Rachel Collinge,F45-49,331,Female,United Kingdom,1:28:08,10:07,8:19:36,11:10,6:34:18,16:43:19
2028,568,Kate Samuelson,F65-69,36,Female,United States,1:30:25,10:40,7:51:19,11:26,7:00:19,16:44:09
2029,420,Bronwyn Masson,F60-64,96,Female,Canada,1:24:48,11:09,7:44:50,23:21,7:00:03,16:44:11
2030,311,Greta Friesen,F35-39,264,Female,United States,1:29:21,10:26,8:19:31,13:56,6:31:15,16:44:28
2031,2132,Heather Emory,F45-49,332,Female,United States,1:28:03,9:13,8:09:01,11:31,6:46:56,16:44:44
2032,111,Bruce Hayes,MPC/ID,,Open,United States,1:57:47,11:21,7:47:22,14:53,6:34:23,16:45:45
2033,110,Megan Hale,FPC/ID,,Female,United States,1:57:46,11:22,7:47:21,14:53,6:34:24,16:45:46
2034,1675,Christine Burns,F50-54,296,Female,United States,1:25:20,15:47,8:08:03,19:11,6:38:14,16:46:34
2035,573,Viola Burke,F70-74,3,Female,Canada,1:45:11,10:06,7:52:36,9:02,6:50:29,16:47:25
2036,532,Karen Weatherby,F65-69,37,Female,United States,1:37:16,10:15,8:12:30,9:20,6:42:36,16:51:57
2037,570,Diane Tracy,F70-74,4,Female,United States,1:40:46,9:19,7:08:53,15:45,7:38:11,16:52:54
2038,456,Romana Pintar,F60-64,97,Female,Slovenia,1:34:08,7:28,6:33:18,7:11,8:30:53,16:52:57
2039,1936,Gianna Reginato,F45-49,333,Female,Dominican Republic,1:49:43,8:51,8:16:37,9:54,6:28:00,16:53:04
2040,748,Harela Frizus,F55-59,223,Female,Israel,1:23:31,12:58,7:52:00,13:41,7:12:10,16:54:20
2041,1642,Heidi Maldonado,F50-54,297,Female,United States,1:54:29,14:22,7:48:12,13:01,6:48:08,16:58:12
,546,Patricia Shafer,F65-69,,Female,United States,1:37:45,12:17,,,,
,897,Andrea Mitchell-Pasquale,F30-34,,Female,United States,,,,,,
,1678,Sandra Mara Kawasaki,F50-54,,Female,Brazil,,,,,,
,12,Kat Matthews,FPRO,,Female,United Kingdom,54:06,2:27,,,,
,2201,Ashley Brewer,F45-49,,Female,United States,,,,,,
,1117,Sarah Tomalewicz,F40-44,,Female,United States,1:51:16,8:45,8:38:36,,,
,2284,Melina Guedes,F45-49,,Female,Brazil,,,,,,
,192,Heather Davidson,F35-39,,Female,United States,1:01:23,4:33,5:48:44,7:50,,
,47,Justine Mathieux,FPRO,,Female,France,54:11,2:40,,,,
,1261,Hong Weng,F40-44,,Female,United States,,,,,,
,1325,Stéphanie Berger,F40-44,,Female,Switzerland,,,,,,
,538,Nicole Wu Tiu Yen,F65-69,,Female,Réunion,1:34:34,14:46,,,,
,464,Libby Whelan,F60-64,,Female,United States,1:23:02,7:13,7:11:55,14:24,,
,738,Brenda Smith,F55-59,,Female,United States,1:35:21,11:53,8:36:54,13:10,,
,1578,Anna Clausen,F50-54,,Female,United States,1:34:32,10:20,7:55:18,20:39,,
,336,Christina Leos,F35-39,,Female,United States,,,,,,
,693,Laura Goff,F55-59,,Female,United States,1:45:22,11:19,8:30:27,10:32,,
,1178,Jen Shalley Allen,F40-44,,Female,United States,1:13:49,11:43,7:19:34,10:48,,
,1907,Catherine Cushatt,F18-24,,Female,United States,,,,,,
,1801,Joanne Curry,F25-29,,Female,United Kingdom,,,,,,
,1350,Liz Miller,F40-44,,Female,United States,1:14:55,6:10,5:28:29,5:58,,
,1252,Mel Marsh,F40-44,,Female,United Kingdom,,,,,,
,415,Janet Miller,F60-64,,Female,United States,,,,,,
,34,Susie Cheetham,FPRO,,Female,United States,,,,,,
,729,Ronda Sundermeier,F55-59,,Female,United States,,,,,,
,2218,Ana Miller,F45-49,,Female,United States,,,,,,
,1036,Shannon O’hara,F30-34,,Female,Australia,,,,,,
,15,Gurutze Frades Larralde,FPRO,,Female,Spain,,,,,,
,1030,Lidia Puyals Boix,F30-34,,Female,Spain,,,,,,
,1567,Deb Mccusker,F50-54,,Female,United Kingdom,1:49:49,10:26,8:05:22,29:51,,
,540,Susie Kabrich,F65-69,,Female,United States,,,,,,
,431,Lisa Wayerski,F60-64,,Female,United States,1:31:05,9:03,7:34:13,16:14,,
,1013,Eva Marie Hering,F30-34,,Female,Germany,,,,,,
,515,Joanne Harwood,F60-64,,Female,United States,,,,,,
,1873,Lauren Burgett,F18-24,,Female,United States,,,,,,
,1698,Alessia Polemi,F50-54,,Female,United States,,,,,,
,797,Sinda Mein,F55-59,,Female,United States,1:25:29,8:45,6:15:06,8:22,,
,1369,Brooke Pye,F40-44,,Female,Australia,,,,,,
,478,Leslie Knibb,F60-64,,Female,United States,1:07:46,4:49,5:58:02,9:26,,
,1606,Zoe Dowsett,F50-54,,Female,Australia,,,,,,
,527,Yong Collins,F65-69,,Female,United States,1:43:28,14:12,9:36:05,,,
,535,Linda Manzer,F65-69,,Female,United Kingdom,1:33:05,9:51,8:35:17,13:04,,
,463,Magdalena Petryk,F60-64,,Female,United States,,,,,,
,345,Shridevi Vasudeva,F35-39,,Female,Australia,,,,,,
,491,Jennifer Cawley,F60-64,,Female,United States,,,,,,
,714,Stefanie Otte,F55-59,,Female,Germany,1:21:55,8:29,,,,
,1231,Araceli Solis,F40-44,,Female,Mexico,,,,,,
,1051,Cifuentes Lorena,F30-34,,Female,Guatemala,,,,,,
,409,Ellen O'Meara,F60-64,,Female,Canada,1:51:51,11:51,,,,
,531,Joan Shikowitz,F65-69,,Female,United States,1:33:45,12:37,8:19:46,15:37,,
,105,Ashley Norton,FPC/ID,,Female,United States,1:56:37,9:11,8:37:17,,,
,898,Diana Assauova,F30-34,,Female,Kazakhstan,,,,,,
,338,Giorgia Zoccatelli,F35-39,,Female,Italy,,,,,,
,1933,Erika Vermill,F45-49,,Female,United States,1:41:58,10:54,8:20:10,4:44,,
,107,Beth Hodges,FPC/ID,,Female,United States,1:48:10,4:55,,,,
,2019,Esther Collinetti,F45-49,,Female,United States,1:10:59,6:20,6:25:29,,,
,2174,Nikol Cohen,F45-49,,Female,Czechia,,,,,,
,2053,Zsa Zsa Porter,F45-49,,Female,United States,2:04:58,7:14,8:41:06,,,
,32,Barbara Riveros,FPRO,,Female,Chile,,,,,,
,1130,Claire Knight,F40-44,,Female,Canada,,,,,,
,933,Katie Good,F30-34,,Female,Ireland,,,,,,
,1651,Erica Chapman,F50-54,,Female,United States,1:36:40,13:00,,,,
,639,Meghan Ling,F55-59,,Female,United States,1:46:29,9:52,,,,
,158,Rebecca Sack,F35-39,,Female,Germany,,,,,,
,272,Viridiana Olmos,F35-39,,Female,Mexico,,,,,,
,1008,Marije Van Brenk,F30-34,,Female,Netherlands,,,,,,
,547,Crystal Cavanagh,F65-69,,Female,United States,1:40:54,15:46,8:15:41,16:11,,
,2077,Amelia Shepherd-Smith,F45-49,,Female,Australia,,,,,,
,54,Manon Genet,FPRO,,Female,France,,,,,,
,551,Nelly Wojtasinski,F65-69,,Female,France,1:29:47,6:16,6:21:03,,,
,964,Zakira Zulrimi,F30-34,,Female,Malaysia,,,,,,
,1286,Rae Glaser,F40-44,,Female,United States,,,,,,
,1393,Maria Concepción Ballesta Navarro,F40-44,,Female,Spain,,,,,,
,1222,Maria Florencia Fraga,F40-44,,Female,Panama,,,,,,
,1132,Sheena Harris,F40-44,,Female,Canada,,,,,,
,1281,Lisa Cabiles,F40-44,,Female,United States,,,,,,
,1402,Allison Tully,F40-44,,Female,United States,,,,,,
,285,Carolina Militão,F35-39,,Female,Brazil,,,,,,
,1789,Leonie Englert,F25-29,,Female,Germany,,,,,,
,1275,Kerstin Bannwolf,F40-44,,Female,Germany,1:18:12,5:13,,,,
,167,Courtney Parker,F35-39,,Female,Canada,,,,,,
,103,Pamela Wilson,FPC/ID,,Female,United States,1:58:33,7:29,9:40:38,,,
,1877,Kae Hayashimoto,F18-24,,Female,Japan,,,,,,
,773,Marketa Heupel,F55-59,,Female,Austria,,,,,,
,1681,Chiara Merlini,F50-54,,Female,Italy,,,,,,
,1109,Privacy_Request_1422816 Privacy_Request_1422816,F40-44,,Female,Canada,,,,,,
,2253,Sonja Correa,F45-49,,Female,United States,1:50:09,13:30,,,,
,255,Karrie Stewart,F35-39,,Female,United States,58:40,4:43,5:06:36,4:34,,
,1145,Lauren Van Allen,F40-44,,Female,United States,,,,,,
,16,Kylie Simpson,FPRO,,Female,Australia,,,,,,
,298,Nicole Viens,F35-39,,Female,Canada,,,,,,
,2051,Jodi Harskamp,F45-49,,Female,United States,,,,,,
,1885,Kloe Gibson,F18-24,,Female,United Kingdom,1:17:20,5:51,5:56:55,5:45,,
,1950,Thelma Filipovitch Pereira,F45-49,,Female,Brazil,,,,,,
,106,Liza James,FPC/ID,,Female,United States,1:48:08,4:58,,,,
,477,Trish Marshall,F60-64,,Female,United States,,,,,,
,1458,Lisa Oliveira,F50-54,,Female,United States,2:02:34,6:57,,,,
,648,Susan Shafer,F55-59,,Female,United States,,,,,,
,521,Cathy Schmit Hoover,F60-64,,Female,United States,1:47:07,9:44,9:11:12,,,
,2222,Anna Demopoulos,F45-49,,Female,United States,,,,,,
,722,Pamela Coley,F55-59,,Female,United States,1:44:50,5:51,,,,
,685,Diane Gaul,F55-59,,Female,Germany,,,,,,
,1914,Maite Farin,F18-24,,Female,Germany,,,,,,
,510,Jennifer Gibson,F60-64,,Female,United States,1:21:12,7:08,6:08:30,15:28,,
,2191,Katrien Decanniere,F45-49,,Female,Belgium,,,,,,
,1673,Simone Boehm,F50-54,,Female,Germany,,,,,,
,513,Antje Herrmann,F60-64,,Female,Germany,,,,,,
,1083,Ines Najvirt,F40-44,,Female,Slovenia,,,,,,
,569,Sandi Wiebe,F70-74,,Female,United States,1:29:44,8:58,8:20:05,10:18,,
,26,Danielle Lewis,FPRO,,Female,United States,1:02:58,2:49,5:06:29,6:32,,
,2270,Michelle Murphy,F45-49,,Female,United States,,,,,,
,2029,Jane Pilger,F45-49,,Female,United States,1:06:30,6:51,6:15:46,10:38,,
,1716,Pizza Natascia,F50-54,,Female,Italy,,,,,,
,457,Vicki Dehler,F60-64,,Female,United States,1:27:23,13:13,,,,
,347,Jenna-Caer Seefried,F35-39,,Female,Canada,1:25:45,5:24,,,,
,309,Justine Schluntz,F35-39,,Female,United States,58:36,5:17,6:24:54,6:15,,
,974,Jo Reihner,F30-34,,Female,United States,,,,,,
,2113,Angie Defilippi,F45-49,,Female,United States,1:27:04,4:35,,,,
,1591,Cath Spencer,F50-54,,Female,Australia,,,,,,
,1310,Elena Massa-Musiak,F40-44,,Female,United States,1:15:40,9:55,6:17:14,8:45,,
,1437,Paula Maria Moadeb,F50-54,,Female,Argentina,,,,,,
,1124,Angela Stephens,F40-44,,Female,United States,,,,,,
,1794,Haley Mcwilliams,F25-29,,Female,United States,1:00:47,8:10,,,,
,575,Cullen Goodyear,F75-79,,Female,Canada,,,,,,
,122,Merle Talviste,F35-39,,Female,Estonia,,,,,,
,1202,Jess Perry,F40-44,,Female,United States,,,,,,
,365,Andrea Tongco,F35-39,,Female,Philippines,,,,,,
