Place,Bib,Name,Age_Group,Group_Rank,Class,Club,Swim,T1,Bike,T2,Run,Finish
1,8,Gustav Iden,MPRO,1,Open,Norway,48:23,2:20,4:11:06,2:21,2:36:15,7:40:24
2,15,Sam Laidlow,MPRO,2,Open,France,48:16,2:41,4:04:36,2:11,2:44:40,7:42:24
3,1,Kristian Blummenfelt,MPRO,3,Open,Norway,48:20,2:18,4:11:16,2:09,2:39:21,7:43:23
4,23,Max Neumann,MPRO,4,Open,Australia,48:25,1:59,4:11:30,2:35,2:40:14,7:44:44
5,17,Joe Skipper,MPRO,5,Open,United Kingdom,52:55,2:25,4:11:11,2:07,2:45:26,7:54:05
6,7,Sebastian Kienle,MPRO,6,Open,Germany,52:58,2:26,4:09:11,2:20,2:48:45,7:55:40
7,12,Leon Chevalier,MPRO,7,Open,France,52:54,2:30,4:09:05,1:55,2:49:28,7:55:52
8,32,Magnus Ditlev,MPRO,8,Open,Denmark,49:49,2:32,4:13:38,2:29,2:48:11,7:56:38
9,38,Clement Mignon,MPRO,9,Open,France,49:50,2:44,4:15:14,3:10,2:46:00,7:56:58
10,6,Patrick Lange,MPRO,10,Open,Germany,49:42,2:14,4:21:52,2:33,2:41:59,7:58:20
11,11,Cameron Wurf,MPRO,11,Open,Australia,52:51,2:16,4:09:04,2:13,2:54:27,8:00:51
12,5,Florian Angert,MPRO,12,Open,Germany,48:15,2:26,4:17:58,2:46,2:50:29,8:01:53
13,9,Timothy O'Donnell,MPRO,13,Open,United States,48:23,2:39,4:13:30,2:24,2:56:03,8:02:58
14,21,Denis Chevrot,MPRO,14,Open,France,48:26,2:20,4:22:59,2:36,2:47:03,8:03:24
15,20,Matthew Hanson,MPRO,15,Open,United States,52:40,2:10,4:22:18,2:14,2:45:34,8:04:55
16,44,Mathias Petersen,MPRO,16,Open,Denmark,48:25,2:32,4:24:55,2:37,2:48:16,8:06:45
17,33,Bradley Weiss,MPRO,17,Open,South Africa,49:41,2:29,4:24:49,2:28,2:48:01,8:07:28
18,47,Luciano Taccone,MPRO,18,Open,Argentina,49:47,2:18,4:25:08,2:40,2:49:18,8:09:10
19,52,Henrik Goesch,MPRO,19,Open,Finland,49:47,2:31,4:21:57,2:21,2:53:49,8:10:25
20,19,Rudy Von Berg,MPRO,20,Open,United States,49:43,2:48,4:15:24,2:34,3:02:17,8:12:47
21,39,Jesper Svensson,MPRO,21,Open,Sweden,48:18,2:05,4:14:54,2:26,3:05:57,8:13:41
22,41,Matt Trautman,MPRO,22,Open,South Africa,51:44,2:23,4:14:16,2:33,3:04:14,8:15:10
23,50,Maurice Clavel,MPRO,23,Open,Germany,49:44,2:15,4:19:50,2:48,3:00:49,8:15:25
24,49,Josh Amberger,MPRO,24,Open,Australia,48:20,2:15,4:23:26,2:26,3:00:09,8:16:36
25,10,Ben Hoffman,MPRO,25,Open,United States,49:53,2:21,4:27:50,2:43,2:59:08,8:21:55
26,36,Kristian Hogenhaug,MPRO,26,Open,Denmark,49:51,2:45,4:16:43,2:34,3:11:15,8:23:08
27,51,Igor Amorelli,MPRO,27,Open,Brazil,48:27,2:18,4:24:59,3:47,3:03:52,8:23:23
28,40,Andre Lopes,MPRO,28,Open,Brazil,48:28,2:21,4:23:58,2:32,3:08:09,8:25:28
29,26,Kyle Buckingham,MPRO,29,Open,South Africa,51:45,2:25,4:25:58,2:34,3:02:52,8:25:35
30,53,Andreas Dreitz,MPRO,30,Open,Germany,51:38,2:56,4:15:29,3:40,3:13:32,8:27:15
31,43,Robert Kallin,MPRO,31,Open,Sweden,51:48,2:24,4:10:33,2:29,3:20:48,8:28:03
32,55,David Plese,MPRO,32,Open,Slovenia,52:56,2:25,4:29:27,2:37,3:02:36,8:30:01
33,1537,Christian Störzer,M40-44,1,Open,Germany,57:10,3:26,4:29:06,2:38,2:59:05,8:31:26
34,45,Michael Weiss,MPRO,33,Open,Austria,58:49,2:54,4:26:27,2:53,3:01:08,8:32:11
35,2,Lionel Sanders,MPRO,34,Open,Canada,52:58,2:29,4:16:31,2:36,3:17:53,8:32:28
36,25,Collin Chartier,MPRO,35,Open,United States,48:22,2:22,4:23:12,3:12,3:17:20,8:34:27
37,37,Sam Appleton,MPRO,36,Open,Australia,48:23,2:22,4:23:03,2:47,3:18:11,8:34:46
38,30,Kenneth Vandendriessche,MPRO,37,Open,Belgium,58:50,2:18,4:28:00,2:36,3:03:10,8:34:56
39,48,Arnaud Guilloux,MPRO,38,Open,France,49:38,2:54,4:37:58,3:45,3:06:24,8:40:39
40,2235,Miao Hao,M30-34,1,Open,China,52:23,3:02,4:41:49,3:08,3:00:49,8:41:11
41,1966,Tom De Bruyn,M35-39,1,Open,Belgium,59:48,3:12,4:31:18,2:49,3:04:23,8:41:30
42,2527,Philipp Stadter,M30-34,2,Open,Germany,54:32,3:02,4:33:54,3:12,3:06:51,8:41:31
43,2524,Julien Hoeksema,M30-34,3,Open,France,52:56,3:52,4:38:53,2:56,3:06:38,8:45:15
44,42,Robert Wilkowiecki,MPRO,39,Open,Poland,48:18,2:14,4:28:55,2:24,3:23:27,8:45:18
45,2533,Yannick Matejicek,M30-34,4,Open,France,58:01,3:19,4:37:36,2:46,3:04:09,8:45:49
46,1474,Sergio Marques,M40-44,2,Open,Portugal,59:22,3:13,4:43:04,2:56,2:57:38,8:46:13
47,2589,Gonzalo Fuentes,M30-34,5,Open,Spain,57:34,3:02,4:44:13,3:33,2:58:49,8:47:12
48,2221,Daniel Karst,M30-34,6,Open,Germany,55:53,3:16,4:40:18,3:13,3:05:13,8:47:52
49,1460,David Clark,M40-44,3,Open,Australia,55:06,3:42,4:35:37,3:47,3:10:04,8:48:17
50,2071,Guillaume Montoisy,M35-39,2,Open,Belgium,54:37,3:54,4:40:53,3:31,3:06:09,8:49:05
51,2498,Kjell De Hertog,M30-34,7,Open,Belgium,48:37,3:26,4:32:16,2:50,3:23:41,8:50:50
52,1404,Lars Petter Stormo,M40-44,4,Open,Norway,57:15,3:08,4:34:05,3:11,3:13:30,8:51:09
53,2425,Simon Leblanc,M30-34,8,Open,Canada,54:54,3:19,4:45:59,2:29,3:04:37,8:51:18
54,2178,Eric Engel,M35-39,3,Open,United States,56:22,3:02,4:36:32,3:09,3:12:25,8:51:31
55,2312,Mark Saroni,M30-34,9,Open,United States,57:06,2:43,4:39:40,2:51,3:09:25,8:51:44
56,1655,Saso Kocar,M40-44,5,Open,Slovenia,57:48,3:36,4:42:43,3:29,3:04:53,8:52:29
57,1779,Johan Yvalun,M35-39,4,Open,France,58:48,3:31,4:47:22,2:48,3:00:16,8:52:45
58,1718,Andres Felipe Castillo Latorre,M40-44,6,Open,Colombia,51:24,2:43,4:43:00,2:53,3:13:11,8:53:11
59,2437,Nathan Dortmann,M30-34,10,Open,Australia,57:30,3:06,4:43:27,4:34,3:05:01,8:53:38
60,2422,Tine Lavrencic,M30-34,11,Open,Slovenia,57:20,3:18,4:48:52,2:47,3:01:42,8:53:58
61,2417,Christopher Pietruczuk,M30-34,12,Open,Poland,57:18,3:36,4:42:06,3:18,3:07:44,8:54:03
62,28,Nick Kastelein,MPRO,40,Open,Australia,48:30,2:14,4:40:11,3:24,3:20:19,8:54:38
63,2405,Alexander Siegmund,M30-34,13,Open,Germany,58:33,3:16,4:35:51,2:48,3:14:35,8:55:03
64,2479,Jérémy BEAUDI,M30-34,14,Open,France,57:08,2:37,4:39:08,3:13,3:13:01,8:55:07
65,2298,Kriszeleit Leon,M30-34,15,Open,Germany,1:00:55,2:50,4:42:33,3:18,3:05:46,8:55:23
66,2319,Mikel Mugica Bikuna,M30-34,16,Open,Spain,52:46,2:34,4:42:06,3:43,3:14:51,8:55:59
67,1683,Toon Veldeman,M40-44,7,Open,Belgium,57:17,3:20,4:35:25,3:33,3:16:57,8:56:31
68,2587,James Ellis,M30-34,17,Open,United Kingdom,1:06:23,3:11,4:48:38,2:56,2:56:00,8:57:09
69,22,Reinaldo Colucci,MPRO,41,Open,Brazil,51:59,2:48,4:40:49,2:35,3:19:05,8:57:16
70,27,Tim Van Berkel,MPRO,42,Open,Australia,49:42,2:14,4:38:36,3:42,3:23:29,8:57:42
71,2206,Filipe Estafero Henriques,M30-34,18,Open,Portugal,1:02:35,3:03,4:43:42,3:29,3:04:54,8:57:44
72,2306,Leif Schröder-Groeneveld,M30-34,19,Open,Germany,58:25,4:05,4:46:26,3:24,3:06:12,8:58:32
73,2378,Pelayo Menendez,M30-34,20,Open,Spain,57:20,3:23,4:42:43,4:13,3:11:22,8:59:02
74,2083,Fritz Ferner,M35-39,5,Open,Germany,1:07:22,8:11,4:29:56,3:16,3:11:01,8:59:45
75,2225,Edgars Cimermanis,M30-34,21,Open,Latvia,1:05:55,5:26,4:52:12,3:07,2:53:15,8:59:54
76,2609,Andoni Valencia,M18-24,1,Open,Mexico,56:05,2:52,4:43:50,3:24,3:13:48,8:59:58
77,1792,Mikkel Larsen,M35-39,6,Open,Denmark,1:04:26,3:11,4:40:47,3:43,3:08:10,9:00:17
78,29,Jan Van Berkel,MPRO,43,Open,Switzerland,51:43,2:41,4:49:27,3:14,3:13:13,9:00:18
79,1793,Julien Plumer,M35-39,7,Open,France,1:00:43,3:04,4:37:37,3:46,3:16:00,9:01:10
80,2099,Ross Baldwin,M35-39,8,Open,United States,1:02:42,3:34,4:44:18,3:36,3:07:43,9:01:54
81,1523,Karol Džalaj,M40-44,8,Open,Slovakia,57:40,4:17,4:32:44,4:03,3:23:39,9:02:22
82,2242,Fabian Knobelspies,M30-34,22,Open,Germany,55:00,3:38,4:42:29,3:29,3:17:46,9:02:22
83,1056,José Belarmino,M45-49,1,Open,Brazil,54:07,3:57,4:45:38,4:09,3:14:40,9:02:31
84,1226,Wim Van De Wielle,M40-44,9,Open,Belgium,57:20,3:33,4:51:00,4:27,3:06:17,9:02:37
85,1673,Soren Kofoed,M40-44,10,Open,Denmark,1:10:34,3:40,4:38:37,4:46,3:05:24,9:03:00
86,1502,Ryan Miller,M40-44,11,Open,Australia,1:03:20,3:40,4:42:19,3:31,3:10:30,9:03:21
87,2291,Clint Dalziel,M30-34,23,Open,Canada,1:03:31,2:48,4:42:52,3:03,3:11:09,9:03:23
88,2497,Grant Johnson,M30-34,24,Open,United Kingdom,1:04:19,3:35,4:47:29,3:40,3:04:21,9:03:24
89,956,Brice Williams,M45-49,2,Open,United States,54:39,4:13,4:39:27,5:29,3:20:08,9:03:57
90,1156,Michael Lik,M40-44,12,Open,Germany,1:01:27,4:10,4:42:26,4:02,3:12:58,9:05:02
91,2483,Andreas Wittmann,M30-34,25,Open,Germany,57:15,3:03,4:38:11,3:34,3:23:02,9:05:05
92,1721,Miroslav Vrastil,M40-44,13,Open,Czechia,1:04:00,4:47,4:49:11,5:13,3:02:52,9:06:02
93,842,Kimmo Tuunanen,M45-49,3,Open,Finland,59:57,3:53,4:33:04,3:42,3:26:22,9:06:59
94,2473,Yannick Fischbach,M30-34,26,Open,United States,1:08:12,3:47,4:44:17,3:07,3:07:51,9:07:14
95,2253,Eduardo Calderay Saavedra,M30-34,27,Open,Spain,57:29,4:15,4:53:33,3:44,3:08:20,9:07:23
96,2176,Craig Taylor,M35-39,9,Open,United States,56:20,3:46,4:45:38,2:49,3:19:02,9:07:35
97,2062,Pascal Ramali,M35-39,10,Open,Germany,1:00:41,2:51,4:39:40,3:36,3:21:09,9:07:57
98,2528,Pim Van Diemen,M30-34,28,Open,Netherlands,54:57,4:18,4:33:16,2:47,3:32:48,9:08:05
99,2077,Neil Eddy,M35-39,11,Open,United Kingdom,54:05,3:19,4:50:06,4:22,3:16:19,9:08:11
100,1993,Morten Jørgensen,M35-39,12,Open,Denmark,58:50,3:04,4:34:44,3:07,3:29:04,9:08:48
101,2218,David Mendes Mercado,M30-34,29,Open,Spain,58:17,3:11,4:53:46,3:47,3:10:12,9:09:13
102,2244,Yarden Barak,M30-34,30,Open,Israel,57:18,3:22,4:51:29,3:07,3:13:59,9:09:15
103,2101,Jan Stelzner,M35-39,13,Open,Germany,1:00:47,3:39,4:54:20,4:18,3:06:26,9:09:30
104,1374,Stefan Leitner,M40-44,14,Open,Austria,59:49,3:13,4:46:19,4:35,3:15:39,9:09:35
105,2049,Josh Ramirez,M35-39,14,Open,United States,1:06:13,2:58,4:49:55,3:17,3:07:50,9:10:13
106,798,Roberto Fonseca,M45-49,4,Open,Brazil,54:46,3:03,4:54:58,3:17,3:14:50,9:10:54
107,2636,Jameson Plewes,M18-24,2,Open,Canada,53:49,3:26,4:53:56,3:10,3:16:48,9:11:09
108,2187,Boris Rolin,M35-39,15,Open,Belgium,1:00:33,3:25,4:40:53,3:15,3:23:17,9:11:23
109,1541,Djalil Baiou,M40-44,15,Open,United Kingdom,1:00:06,4:39,4:52:53,3:26,3:10:20,9:11:25
110,2143,Bruno Manzoni,M35-39,16,Open,Brazil,1:01:48,3:39,4:40:26,3:14,3:22:27,9:11:33
111,1164,German Alcala Ordonez,M40-44,16,Open,Spain,57:31,3:21,4:55:23,3:58,3:11:23,9:11:35
112,1579,Arnaud Edus,M40-44,17,Open,France,57:29,3:24,4:41:46,3:46,3:25:14,9:11:40
113,2360,Maksim Kniazev,M30-34,31,Open,Bulgaria,1:01:55,3:25,4:40:49,2:37,3:22:56,9:11:42
114,1606,Brasilio Castro Neto,M40-44,18,Open,Brazil,54:51,3:20,4:51:06,4:10,3:18:19,9:11:46
115,1137,Benoit Marcolini,M45-49,5,Open,France,1:02:28,4:05,4:50:27,4:56,3:10:13,9:12:07
116,616,Bruno Pasqualini,M45-49,6,Open,Italy,59:46,3:54,4:44:16,3:50,3:20:27,9:12:13
117,1091,Ivan Gomez,M45-49,7,Open,Spain,59:58,3:08,4:55:14,3:58,3:10:01,9:12:18
118,1116,Martin Caron,M45-49,8,Open,Canada,1:04:24,3:54,4:46:52,3:11,3:13:59,9:12:20
119,1992,Jérémy Ferrari,M35-39,17,Open,France,1:02:26,3:38,4:47:30,3:14,3:15:46,9:12:34
120,2120,Lars Wichert,M35-39,18,Open,Germany,1:01:30,2:59,4:46:01,4:10,3:18:03,9:12:44
121,2456,Sebastian Schrenker,M30-34,32,Open,Germany,1:07:01,4:17,4:44:41,4:42,3:12:04,9:12:46
122,2538,Maximilian Hirsch,M30-34,33,Open,Germany,1:02:39,3:29,4:48:50,3:05,3:14:49,9:12:52
123,2129,Pawel Mlodzikowski,M35-39,19,Open,Poland,1:01:34,3:33,4:42:34,2:49,3:22:30,9:13:00
124,1801,Sion Slyman,M35-39,20,Open,United Kingdom,1:01:06,3:53,4:39:48,3:24,3:24:56,9:13:07
125,1454,Hans Mühlbauer,M40-44,19,Open,Germany,57:19,3:49,4:51:33,3:51,3:16:40,9:13:12
126,1851,Ciro Damiani,M35-39,21,Open,Brazil,1:02:43,3:04,4:46:11,2:59,3:18:14,9:13:12
127,2633,Lukas Stahl,M18-24,3,Open,Germany,58:08,3:52,4:44:40,4:46,3:22:01,9:13:27
128,1337,Martin Buerssner,M40-44,20,Open,Germany,55:05,3:38,4:35:42,3:44,3:35:28,9:13:37
129,1973,Lander Dircken,M35-39,22,Open,Belgium,54:35,2:40,4:51:23,4:19,3:20:54,9:13:50
130,1608,David Morris,M40-44,21,Open,United States,1:03:05,3:46,4:38:03,2:55,3:26:04,9:13:53
131,2285,Tim Heinzemann,M30-34,34,Open,Germany,1:02:42,3:33,4:46:22,2:56,3:18:38,9:14:10
132,2552,Nolan Mcpeek-Bechtold,M30-34,35,Open,United States,1:02:32,5:02,4:46:41,3:48,3:16:09,9:14:12
133,1533,Stephen Cordiner,M40-44,22,Open,United Kingdom,1:07:03,4:12,4:47:23,2:53,3:12:52,9:14:23
134,2102,Vicent Pastor Sanchis,M35-39,23,Open,Spain,57:14,3:25,5:00:24,4:43,3:08:37,9:14:23
135,1297,James Burke,M40-44,23,Open,United States,54:54,3:54,4:42:31,5:01,3:28:21,9:14:41
136,2301,James O'Neill,M30-34,36,Open,Australia,1:06:27,3:35,4:58:25,3:13,3:03:01,9:14:41
137,1314,Arthur Ferraz,M40-44,24,Open,Brazil,57:13,3:33,4:44:55,4:16,3:24:53,9:14:50
138,2021,Duncan Chedburn,M35-39,24,Open,United Kingdom,1:02:48,3:23,4:51:36,4:21,3:13:05,9:15:14
139,2529,Wannes Swinnen,M30-34,37,Open,Belgium,52:23,3:39,4:50:40,3:38,3:25:08,9:15:27
140,2322,Matthew Brooke,M30-34,38,Open,United Kingdom,1:02:29,4:37,4:50:01,3:38,3:14:49,9:15:35
141,2184,Juan Calle,M35-39,25,Open,Colombia,56:21,4:08,4:43:44,4:38,3:27:09,9:16:01
142,1887,Dan Ovchinikov,M35-39,26,Open,Israel,54:27,3:08,4:58:16,3:14,3:16:57,9:16:02
143,2369,Ignacio Herrero Martin Berrocal,M30-34,39,Open,Spain,1:02:22,3:08,4:57:53,3:05,3:09:53,9:16:21
144,1959,Boris Dessenoix,M35-39,27,Open,France,56:07,3:42,4:51:13,3:44,3:21:45,9:16:30
145,2023,Tim Ballintine,M35-39,28,Open,Australia,54:36,3:17,4:51:57,2:59,3:23:51,9:16:40
146,1320,Mark Oakshott,M40-44,25,Open,Australia,1:03:18,3:34,4:47:00,3:17,3:19:34,9:16:44
147,1401,Ernesto Espinoza,M40-44,26,Open,Costa Rica,57:12,3:16,4:43:09,2:50,3:30:22,9:16:49
148,1380,Younghwan Oh,M40-44,27,Open,Korea,1:03:19,3:02,4:56:49,3:35,3:10:11,9:16:55
149,1908,Vanrisch Mclean,M35-39,29,Open,United Kingdom,58:46,3:28,4:43:33,3:58,3:27:11,9:16:56
150,2467,Kent Ohori,M30-34,40,Open,Australia,1:02:43,3:38,4:57:13,2:18,3:11:04,9:16:56
151,2622,Sven Theis,M18-24,4,Open,Germany,59:36,3:54,4:53:28,3:51,3:16:16,9:17:05
152,2558,Jan Belser,M30-34,41,Open,Germany,1:00:54,3:38,4:44:15,2:38,3:26:15,9:17:40
153,1506,Willem Gooskens,M40-44,28,Open,Netherlands,1:06:37,3:05,4:47:55,3:52,3:16:11,9:17:41
154,1700,Nikolai Jenkins,M40-44,29,Open,United States,1:04:32,3:24,4:49:48,3:19,3:16:51,9:17:55
155,2116,Juan Ochoa,M35-39,30,Open,Spain,1:05:21,2:50,5:04:30,4:27,3:00:51,9:17:59
156,2542,Cornelius Theus,M30-34,42,Open,Germany,57:20,2:59,4:46:12,3:15,3:28:14,9:18:00
157,1668,Samuel De Araujo Silva,M40-44,30,Open,Brazil,1:06:22,5:24,5:00:51,3:36,3:01:52,9:18:05
158,2421,Marc Savatier,M30-34,43,Open,France,1:03:35,4:00,4:47:39,3:05,3:20:23,9:18:42
159,929,Christophe Argouet-Noclain,M45-49,9,Open,France,1:01:42,2:56,4:47:48,3:36,3:22:40,9:18:43
160,1660,Colin Cook,M40-44,31,Open,United States,1:00:31,3:14,4:51:29,3:05,3:20:40,9:18:59
161,1403,Raynard Picard,M40-44,32,Open,Mexico,1:03:47,3:20,4:42:04,3:57,3:25:52,9:19:00
162,1599,Rafael Madrid Almena,M40-44,33,Open,Spain,55:03,2:56,5:01:25,2:55,3:16:59,9:19:19
163,1287,Juan Valencia,M40-44,34,Open,Colombia,55:26,3:58,5:00:15,4:20,3:15:38,9:19:36
164,2509,Damien Béthencourt,M30-34,44,Open,France,58:43,4:04,4:39:30,3:14,3:34:20,9:19:51
165,1601,Bernhard Goll,M40-44,35,Open,Austria,1:03:32,3:00,4:52:33,3:21,3:17:42,9:20:08
166,2450,Thomas Joly De Lotbiniere,M30-34,45,Open,United Kingdom,1:08:04,3:45,5:00:32,3:40,3:04:19,9:20:21
167,1532,Sergejs Kudrjavcevs,M40-44,36,Open,Latvia,1:04:28,3:57,4:54:35,4:20,3:13:15,9:20:34
168,2441,Simon Jakob,M30-34,46,Open,Germany,1:02:25,8:27,4:45:33,5:08,3:19:18,9:20:51
169,1677,Tony Goossens,M40-44,37,Open,Belgium,1:05:09,3:41,4:47:13,4:00,3:20:48,9:20:52
170,1427,Jeroen De Meester,M40-44,38,Open,Belgium,1:09:33,3:42,4:46:05,5:08,3:16:26,9:20:54
171,708,Fernando Aiello,M45-49,10,Open,Spain,1:06:33,3:13,4:57:14,4:07,3:09:55,9:21:03
172,2026,Mariusz Pirek,M35-39,31,Open,Poland,1:00:45,2:55,4:46:39,2:34,3:28:18,9:21:12
173,1480,Han Lucas,M40-44,39,Open,Netherlands,57:16,4:44,4:53:48,4:04,3:21:22,9:21:14
174,1719,Jo Zwaenepoel,M40-44,40,Open,Belgium,1:10:02,2:59,4:46:13,3:21,3:18:42,9:21:17
175,1438,Kaspar Loog,M40-44,41,Open,Estonia,1:07:02,2:57,4:57:08,3:23,3:11:02,9:21:33
176,1968,Ismael Ben-Al-Lal,M35-39,32,Open,Belgium,1:12:41,4:50,4:43:26,3:26,3:17:14,9:21:37
177,2054,Paulo Jose Gomes Puccinelli,M35-39,33,Open,Brazil,54:31,2:20,4:49:33,2:51,3:32:31,9:21:45
178,2326,Guglielmo Schiavoni,M30-34,47,Open,Italy,1:00:07,4:01,4:51:21,4:03,3:22:14,9:21:46
179,1853,Tim Brydenbach,M35-39,34,Open,Belgium,54:26,3:38,5:00:21,3:51,3:19:56,9:22:11
180,1938,Till Schaefer,M35-39,35,Open,Germany,58:49,3:31,4:50:39,3:13,3:26:04,9:22:16
181,2353,David Koster,M30-34,48,Open,Switzerland,58:15,3:13,5:04:47,7:06,3:08:56,9:22:18
182,1547,Philipp Buchli,M40-44,42,Open,Switzerland,1:09:47,3:18,4:47:18,3:45,3:18:12,9:22:20
183,2138,Joshua Hodge,M35-39,36,Open,Denmark,1:02:00,3:17,4:50:26,3:38,3:23:03,9:22:25
184,2337,Sam Colvin,M30-34,49,Open,Australia,57:41,4:38,4:54:43,4:01,3:21:57,9:23:00
185,1596,Gijs Van Ranst,M40-44,43,Open,Belgium,1:00:20,3:20,4:57:18,4:16,3:17:58,9:23:13
186,1948,David Sandberg,M35-39,37,Open,Sweden,1:02:52,3:31,4:53:59,3:30,3:19:21,9:23:13
187,2140,Sören Sanders,M35-39,38,Open,Belgium,56:27,3:53,4:52:29,4:53,3:25:34,9:23:15
188,1781,Alexander Bützberger,M35-39,39,Open,Switzerland,1:01:08,3:39,4:50:21,3:19,3:24:59,9:23:25
189,1037,Carsten Sorensen,M45-49,11,Open,Denmark,54:14,3:55,4:50:25,4:40,3:30:24,9:23:39
190,2161,Freddy Pommier,M35-39,40,Open,France,1:01:43,3:39,4:50:47,3:07,3:24:27,9:23:43
191,1548,Benjamin Pernet,M40-44,44,Open,France,53:00,4:12,4:41:12,4:08,3:41:16,9:23:48
192,2384,Hamish Harrison,M30-34,50,Open,Australia,1:04:01,3:28,4:51:25,3:33,3:21:29,9:23:57
193,2403,Fabian Lotter,M30-34,51,Open,Germany,1:08:22,4:41,4:50:54,4:35,3:15:29,9:24:00
194,2407,Mark Radziejewski,M30-34,52,Open,Australia,59:21,5:13,4:37:01,4:43,3:37:45,9:24:03
195,2330,Yoann Chastanet,M30-34,53,Open,France,58:17,6:44,4:49:57,4:20,3:24:44,9:24:03
196,1735,Javier Lopez Valenciano,M40-44,45,Open,Spain,1:00:50,4:12,4:57:52,4:01,3:17:13,9:24:08
197,2372,Sven Schauerhammer,M30-34,54,Open,Germany,1:12:33,3:23,4:50:38,3:00,3:14:40,9:24:13
198,1753,Benjamin Janse Van Rensburg,M35-39,41,Open,South Africa,1:07:55,5:17,4:27:56,4:34,3:38:33,9:24:15
199,2170,Guillaume Bas,M35-39,42,Open,France,1:04:02,3:17,4:47:03,5:49,3:24:12,9:24:23
200,2508,Jorn Van Bergen,M30-34,55,Open,Belgium,1:02:21,4:31,4:58:17,4:25,3:14:58,9:24:33
201,2452,Julien Aimon,M30-34,56,Open,France,1:04:15,2:54,4:44:00,3:25,3:30:14,9:24:48
202,2350,Finlay Mcandrew,M30-34,57,Open,United Kingdom,1:01:04,4:37,4:58:48,4:53,3:15:28,9:24:50
203,2419,Daniel Anderton,M30-34,58,Open,United Kingdom,1:03:31,3:46,4:44:03,3:48,3:29:42,9:24:50
204,2034,Marco Viappiani,M35-39,43,Open,Italy,1:00:48,3:13,4:55:51,4:24,3:20:36,9:24:53
205,1497,Dan Newton,M40-44,46,Open,Australia,57:26,4:44,4:47:53,4:34,3:30:15,9:24:53
206,1902,Michael Scully,M35-39,44,Open,Ireland,1:07:35,4:22,4:50:29,3:41,3:18:49,9:24:56
207,2067,James Eacott,M35-39,45,Open,United Kingdom,1:02:24,2:56,4:44:20,4:28,3:31:01,9:25:09
208,2027,David Grosspietsch,M35-39,46,Open,Germany,1:01:30,2:49,4:46:03,4:23,3:30:32,9:25:17
209,1824,Urs Mueller,M35-39,47,Open,Switzerland,59:40,2:47,4:49:51,3:21,3:29:40,9:25:18
210,2335,Max-Otto Griesam,M30-34,59,Open,Germany,1:10:29,2:45,4:53:11,2:56,3:16:11,9:25:31
211,1858,Thomas Blaha,M35-39,48,Open,Austria,1:00:39,3:46,4:43:02,2:59,3:35:08,9:25:33
212,2042,Dirk Oswald,M35-39,49,Open,Germany,1:01:31,3:21,4:50:26,3:04,3:27:16,9:25:38
213,1015,Jörg Scheiderbauer,M45-49,12,Open,Germany,59:43,3:17,4:35:27,3:56,3:43:15,9:25:38
214,1848,Ruso Yakimovic,M35-39,50,Open,Turkey,59:15,3:11,5:00:26,3:24,3:19:27,9:25:43
215,1484,Jose Ponce,M40-44,47,Open,Ecuador,57:42,4:00,4:48:13,3:47,3:32:09,9:25:52
216,1819,Aldo Zgraggen,M35-39,51,Open,Switzerland,1:04:03,3:56,4:46:28,3:14,3:28:13,9:25:53
217,2247,Conrad Goeringer,M30-34,60,Open,United States,1:06:19,4:03,4:44:34,3:05,3:28:02,9:26:03
218,2180,Salvador Ruiz,M35-39,52,Open,Peru,1:00:59,3:40,4:57:51,4:39,3:18:57,9:26:08
219,1946,Steven Lowenthal,M35-39,53,Open,Guatemala,1:00:29,4:43,5:00:16,5:12,3:15:39,9:26:18
220,2654,Karl Mell,M18-24,5,Open,Estonia,55:57,3:13,4:57:56,3:00,3:26:17,9:26:22
221,589,Stuart Anderson,M45-49,13,Open,United Kingdom,1:04:23,3:34,4:53:37,3:26,3:21:41,9:26:41
222,2463,Igor Franko,M30-34,61,Open,Ukraine,57:27,5:08,4:45:47,6:19,3:32:05,9:26:47
223,2338,Clément Giteau,M30-34,62,Open,France,58:07,4:11,5:04:03,3:29,3:17:05,9:26:56
224,2492,Christopher Schwab,M30-34,63,Open,Austria,1:05:42,3:19,4:50:17,2:49,3:25:08,9:27:15
225,2280,Francesco Cauz,M30-34,64,Open,Italy,52:51,3:21,4:58:08,3:25,3:29:33,9:27:18
226,2115,Laurent Nobels,M35-39,54,Open,Belgium,1:00:45,4:38,4:45:50,3:20,3:32:49,9:27:22
227,2585,Bernie Mcdowell,M30-34,65,Open,Australia,59:58,5:10,4:51:40,4:11,3:26:29,9:27:28
228,1862,Manuel Huerta,M35-39,55,Open,Puerto Rico,54:21,4:04,4:48:56,5:21,3:34:58,9:27:39
229,2494,Jack Ray,M30-34,66,Open,Australia,1:11:42,4:15,4:50:07,2:59,3:18:37,9:27:41
230,2090,Harald Maderthaner,M35-39,56,Open,Austria,1:00:59,3:43,4:48:45,4:56,3:29:21,9:27:45
231,2460,Kasper Rebenstorf,M30-34,67,Open,Denmark,59:25,3:55,4:44:22,3:23,3:36:49,9:27:54
232,994,Bert Verbeke,M45-49,14,Open,Belgium,57:06,3:25,4:49:20,3:56,3:34:11,9:27:58
233,1543,Bernardo Cadeiras,M40-44,48,Open,Portugal,1:02:28,3:59,5:00:34,5:32,3:15:32,9:28:06
234,2183,Amir Alfie,M35-39,57,Open,Israel,1:07:19,4:07,4:50:43,4:05,3:21:55,9:28:09
235,1897,Damien Smith,M35-39,58,Open,Australia,1:02:37,4:48,5:00:21,4:07,3:16:24,9:28:17
236,2502,Jose Vela Pulido,M30-34,68,Open,Spain,54:49,3:29,4:53:29,4:29,3:32:11,9:28:28
237,1788,Manuel Sporri,M35-39,59,Open,Switzerland,1:07:28,4:24,4:46:16,3:22,3:26:59,9:28:29
238,1641,Johannes Franzky,M40-44,49,Open,Germany,1:04:11,3:29,5:06:38,4:39,3:09:38,9:28:34
239,2179,Greg Black,M35-39,60,Open,South Africa,54:33,3:05,4:52:01,2:57,3:36:00,9:28:35
240,605,Petr Vabrousek,M45-49,15,Open,Czechia,1:01:51,3:16,4:52:18,4:06,3:27:13,9:28:45
241,921,James Harrington,M45-49,16,Open,United States,1:10:45,5:07,4:52:52,4:07,3:16:07,9:28:58
242,2036,Joel David Liebi,M35-39,61,Open,Switzerland,1:07:09,4:25,4:43:09,5:51,3:28:55,9:29:30
243,2603,Oliver Fischer,M18-24,6,Open,Germany,1:05:09,3:03,5:00:20,2:38,3:18:30,9:29:40
244,2607,Jeremie Martin,M18-24,7,Open,Canada,55:58,3:13,4:52:05,3:06,3:35:20,9:29:42
245,2375,Wesley De Does,M30-34,69,Open,Netherlands,1:11:20,3:38,4:52:22,3:31,3:19:01,9:29:53
246,2003,Pawel Reszke,M35-39,62,Open,Poland,1:04:35,4:40,5:01:28,3:34,3:16:13,9:30:30
247,1682,Sascha Vetter,M40-44,50,Open,Germany,55:04,3:48,4:46:13,3:04,3:42:33,9:30:41
248,2385,Sergi Rubio Garrido,M30-34,70,Open,Spain,1:05:37,3:54,4:59:44,4:31,3:16:57,9:30:43
249,1924,Luc Grolière,M35-39,63,Open,France,58:34,3:21,4:51:23,3:28,3:34:00,9:30:45
250,1282,Antonio Ferreiradasilvaneto,M40-44,51,Open,Brazil,55:35,3:15,4:55:25,4:31,3:32:00,9:30:47
251,2459,Moritz Flader,M30-34,71,Open,Germany,1:04:02,4:18,4:57:52,3:13,3:21:35,9:31:00
252,2050,Jerome Ewen,M35-39,64,Open,Luxembourg,59:53,3:28,4:47:30,3:07,3:37:07,9:31:05
253,1699,Lee Williams,M40-44,52,Open,United Kingdom,58:13,3:12,4:48:39,2:53,3:38:11,9:31:09
254,2112,Elliot-Olivier Pellerin,M35-39,65,Open,Canada,1:05:07,4:26,4:48:57,3:13,3:29:27,9:31:10
255,2662,Peyton Thompson,M18-24,8,Open,United States,1:04:58,3:43,4:50:55,3:04,3:28:42,9:31:21
256,1780,Daniel Lanigan,M35-39,66,Open,United Kingdom,1:11:00,3:35,4:45:47,3:54,3:27:07,9:31:24
257,2195,Todd Teren,M35-39,67,Open,United States,54:28,3:53,4:49:25,3:57,3:39:44,9:31:27
258,1625,Frédéric Lureau,M40-44,53,Open,France,1:13:27,4:44,4:36:54,6:23,3:30:11,9:31:38
259,2623,James Crosby,M18-24,9,Open,United States,53:43,3:34,5:03:49,3:24,3:27:09,9:31:39
260,2142,Mark Capek,M35-39,68,Open,Austria,1:01:28,3:44,4:52:26,3:03,3:31:11,9:31:52
261,2530,Diego Blanton,M30-34,72,Open,United States,1:05:15,3:44,4:52:30,3:35,3:26:48,9:31:52
262,1535,Steve Ledger,M40-44,54,Open,Australia,1:18:04,4:05,4:39:49,3:54,3:26:09,9:32:02
263,2030,Sam Shepherd,M35-39,69,Open,United Kingdom,1:03:16,2:58,4:52:01,3:28,3:30:22,9:32:05
264,2037,Florian Kaiser,M35-39,70,Open,Germany,1:00:41,2:42,4:48:39,2:59,3:37:09,9:32:10
265,1731,Patrick De Meyer,M40-44,55,Open,Belgium,1:00:40,3:02,4:46:57,7:03,3:34:32,9:32:14
266,596,Eric Roy,M45-49,17,Open,Canada,59:50,4:13,4:52:10,5:17,3:30:44,9:32:14
267,1927,Ryan Giuliano,M35-39,71,Open,United States,1:06:36,4:45,5:04:41,6:14,3:10:03,9:32:19
268,2465,Massimiliano Marsilli,M30-34,73,Open,Italy,1:04:24,4:01,4:41:02,3:05,3:39:48,9:32:20
269,2404,Alec Tripp,M30-34,74,Open,United States,59:12,4:27,5:04:15,4:23,3:20:06,9:32:24
270,2436,Jorge Madera Falcón,M30-34,75,Open,Spain,1:02:24,4:52,5:02:29,3:28,3:19:12,9:32:25
271,2472,Matthew Nussbaum,M30-34,76,Open,United States,54:20,4:05,4:49:41,5:08,3:39:17,9:32:31
272,1099,Steven Debaere,M45-49,18,Open,Belgium,1:07:45,4:21,4:56:36,4:09,3:19:45,9:32:36
273,2505,Trevor Scott,M30-34,77,Open,United States,1:07:58,4:56,4:50:39,4:41,3:24:23,9:32:37
274,1611,Alexandre Bacili,M40-44,56,Open,Monaco,1:04:08,4:20,4:49:07,7:08,3:28:02,9:32:45
275,2068,Tim Koniarski,M35-39,72,Open,Germany,1:03:40,3:28,4:44:50,3:21,3:37:27,9:32:47
276,2499,Pablo Marcos Pazos,M30-34,78,Open,Spain,59:34,3:17,4:42:05,3:44,3:44:13,9:32:52
277,1221,Gabriele Indraccolo,M40-44,57,Open,Italy,1:00:27,4:14,4:55:39,5:48,3:26:46,9:32:55
278,547,Jesper Rygaard Hansen,M45-49,19,Open,Denmark,1:20:48,4:03,4:39:41,6:02,3:22:41,9:33:15
279,1806,Florian Boll,M35-39,73,Open,Germany,1:07:48,4:08,4:44:17,4:56,3:32:18,9:33:27
280,1953,Roel De Smet,M35-39,74,Open,Belgium,1:17:15,3:38,4:53:06,3:22,3:16:17,9:33:39
281,2517,Sanele Shange,M30-34,79,Open,South Africa,1:01:54,3:50,5:00:19,3:10,3:24:30,9:33:43
282,2534,Rhys Corbishley,M30-34,80,Open,Australia,1:06:15,5:22,5:00:31,3:55,3:17:43,9:33:46
283,2287,Alfredo Ramirez Pinho,M30-34,81,Open,Paraguay,1:03:32,3:38,4:51:11,4:16,3:31:25,9:34:02
284,1420,Henrik Apel,M40-44,58,Open,Germany,1:03:26,3:35,4:54:21,4:32,3:28:14,9:34:08
285,2318,Frederik Andersen,M30-34,82,Open,Denmark,1:02:27,3:10,4:54:10,4:36,3:29:58,9:34:22
286,2598,Nicolas Durif,M18-24,10,Open,France,58:41,3:50,4:47:40,4:18,3:39:54,9:34:23
287,2402,Matthew Qiao,M30-34,83,Open,United States,1:01:14,4:38,5:04:47,4:14,3:19:35,9:34:28
288,1332,Adam Treschow,M40-44,59,Open,Sweden,1:11:44,4:55,4:51:24,4:09,3:22:17,9:34:29
289,1627,Ludovic Yonnet,M40-44,60,Open,France,1:04:05,5:33,4:49:52,5:28,3:29:41,9:34:37
290,2343,Felipe Echeverri,M30-34,84,Open,Colombia,1:10:30,4:39,4:47:14,5:43,3:26:32,9:34:38
291,2004,Reinhard Marl,M35-39,75,Open,Austria,1:10:05,4:19,4:41:56,3:30,3:34:56,9:34:45
292,2158,Francois Schoenaers,M35-39,76,Open,Belgium,1:09:02,4:02,4:56:56,4:14,3:20:32,9:34:46
293,1671,Joshua Monda,M40-44,61,Open,United States,1:06:37,3:36,4:47:30,4:07,3:32:59,9:34:48
294,1886,Oleksandr Dovzhenko,M35-39,77,Open,Ukraine,1:08:37,4:09,4:59:49,3:32,3:18:42,9:34:49
295,1455,Luis Ruiz Pérez,M40-44,62,Open,Spain,1:07:02,3:41,5:01:06,4:23,3:18:42,9:34:53
296,1984,Craig Llewellyn,M35-39,78,Open,United Kingdom,1:10:13,4:40,5:07:21,3:48,3:08:52,9:34:54
297,2105,Hannes Bonami,M35-39,79,Open,Belgium,1:03:09,3:17,4:57:18,3:35,3:27:38,9:34:57
298,1970,Scott Tonder,M35-39,80,Open,United States,1:01:07,4:12,5:05:11,5:24,3:19:19,9:35:14
299,1911,Jaakko Rantala,M35-39,81,Open,Finland,1:06:20,3:32,5:01:14,5:23,3:18:51,9:35:21
300,1676,Petr Lukosz,M40-44,63,Open,Czechia,1:03:33,6:26,4:46:34,4:41,3:34:19,9:35:34
301,2147,Jan Rozek,M35-39,82,Open,Czechia,1:02:27,3:29,4:49:20,4:09,3:36:08,9:35:34
302,1955,Joakim Persson,M35-39,83,Open,Sweden,1:11:23,4:18,5:02:42,3:36,3:13:39,9:35:39
303,1260,LUIS FELIZ CEPEDAL,M40-44,64,Open,Spain,1:04:06,3:03,4:48:35,4:31,3:35:24,9:35:39
304,575,Miguel Miniño,M45-49,20,Open,Spain,1:12:11,2:55,4:54:50,6:46,3:19:00,9:35:42
305,1720,Gregory Lindquist,M40-44,65,Open,United States,1:03:39,3:57,4:56:33,3:25,3:28:23,9:35:57
306,2470,Andreas Lenz,M30-34,85,Open,Germany,1:09:42,3:42,4:48:54,3:48,3:29:56,9:36:01
307,1690,Didac Domingo Carrascosa,M40-44,66,Open,Spain,59:36,4:31,5:00:17,4:21,3:27:20,9:36:04
308,1501,Asaf Porat,M40-44,67,Open,Israel,1:00:35,3:04,5:02:00,3:23,3:27:09,9:36:12
309,2025,Stefano Prandini,M35-39,84,Open,Italy,58:28,4:13,4:54:40,4:43,3:34:16,9:36:19
310,2192,Guilherme Queiroz Portilho,M35-39,85,Open,Brazil,1:07:32,4:00,4:50:03,4:44,3:30:18,9:36:37
311,2188,Brian Reynolds,M35-39,86,Open,United States,1:00:43,3:42,4:54:59,3:06,3:34:14,9:36:44
312,1945,Mathieu Paolillo,M35-39,87,Open,France,58:32,4:12,4:55:14,4:27,3:34:24,9:36:50
313,2051,Lukasz Lis,M35-39,88,Open,Poland,54:37,2:23,4:44:26,3:15,3:52:22,9:37:03
314,1377,Thomas Lamprecht,M40-44,68,Open,Austria,1:07:04,3:57,5:00:30,5:26,3:20:21,9:37:18
315,2237,Guy Pearl,M30-34,86,Open,Israel,1:02:11,4:16,5:06:13,3:45,3:21:02,9:37:27
316,2304,John Matson,M30-34,87,Open,United States,57:54,4:12,4:54:15,5:50,3:35:19,9:37:30
317,913,Florent Dautel,M45-49,21,Open,France,1:01:47,4:00,4:56:29,3:05,3:32:15,9:37:36
318,2104,Matt Macpherson,M35-39,89,Open,Australia,1:06:31,7:07,4:59:30,4:44,3:19:50,9:37:42
319,2553,Dylan Delacruz,M30-34,88,Open,United States,57:32,5:09,4:48:04,6:02,3:40:59,9:37:47
320,1751,Erik Van Den Haak,M35-39,90,Open,Netherlands,1:00:57,3:52,4:59:19,3:53,3:29:48,9:37:48
321,2430,Rhys Palmer,M30-34,89,Open,United Kingdom,1:02:27,5:35,5:09:38,3:23,3:16:57,9:38:00
322,1776,Joao Barnewitz,M35-39,91,Open,Brazil,1:07:36,3:39,4:57:59,3:39,3:25:11,9:38:04
323,2364,David Sanchez Calixto,M30-34,90,Open,Spain,1:05:00,6:25,5:07:57,4:02,3:14:41,9:38:05
324,1804,François-Xavier Chevallier,M35-39,92,Open,France,1:07:13,3:41,4:51:47,4:23,3:31:13,9:38:18
325,887,Daniel Fontana,M45-49,22,Open,Italy,54:12,3:18,4:46:23,3:28,3:50:58,9:38:19
326,587,Mike Schifferle,M45-49,23,Open,Switzerland,1:02:04,4:42,4:42:30,5:41,3:43:29,9:38:26
327,2420,John Brenteson,M30-34,91,Open,United States,57:08,4:34,5:05:09,4:40,3:26:59,9:38:29
328,1845,Christopher Dirito,M35-39,93,Open,United States,59:30,4:12,5:03:21,3:05,3:28:23,9:38:31
329,1744,Fabian Felix,M40-44,69,Open,Germany,1:10:39,4:04,5:00:54,4:51,3:18:06,9:38:33
330,1815,Robert Roth,M35-39,94,Open,Canada,58:48,3:56,5:05:19,3:26,3:27:14,9:38:42
331,1515,Joseba Arana Escalada,M40-44,70,Open,Spain,1:03:19,3:31,4:54:08,3:57,3:33:47,9:38:43
332,1914,James Curran,M35-39,95,Open,Ireland,1:07:58,4:14,4:58:26,3:53,3:24:13,9:38:44
333,2295,Victor Navarro Castello Branco,M30-34,92,Open,Brazil,1:10:54,5:01,4:50:29,3:34,3:28:46,9:38:44
334,2168,Oliver Kolodseike,M35-39,96,Open,Germany,1:09:34,4:03,4:49:44,3:28,3:31:58,9:38:47
335,1157,Alejandro Torre,M40-44,71,Open,Mexico,1:02:17,4:24,5:01:33,3:48,3:26:50,9:38:52
336,1011,Oliver Spurzem,M45-49,24,Open,Germany,1:01:32,3:05,5:06:29,3:27,3:24:19,9:38:53
337,977,Rodrigo Souza,M45-49,25,Open,Brazil,1:09:46,4:19,4:59:34,2:57,3:22:21,9:38:57
338,1882,Tanel Taal,M35-39,97,Open,Estonia,1:11:17,5:25,4:51:49,3:36,3:26:59,9:39:05
339,2352,Cosie Goudesone,M30-34,93,Open,Belgium,1:02:05,9:36,4:51:57,4:10,3:31:38,9:39:26
340,1962,Michael Hess,M35-39,98,Open,Germany,1:06:23,3:53,4:56:56,3:16,3:28:59,9:39:28
341,1432,Torben Kostiuk,M40-44,72,Open,Germany,1:06:15,4:01,4:54:39,3:45,3:30:47,9:39:28
342,1844,Lieven Breemeersch,M35-39,99,Open,Belgium,1:06:42,4:03,4:59:57,3:19,3:25:36,9:39:36
343,2429,Robert Thorborg,M30-34,94,Open,United States,58:15,4:17,5:00:48,4:25,3:32:10,9:39:54
344,2593,Lucas Herzog,M18-24,11,Open,France,1:11:46,4:30,4:58:50,2:53,3:21:57,9:39:55
345,2303,Andres Zimeri,M30-34,95,Open,United States,1:06:10,3:31,4:57:19,2:57,3:30:02,9:39:58
346,1263,Matthieu Journot,M40-44,73,Open,France,52:56,4:35,5:02:45,4:52,3:34:55,9:40:03
347,2167,Karl Jacob,M35-39,100,Open,Germany,57:02,3:57,5:09:57,5:03,3:24:07,9:40:06
348,1204,Graeme Stewart,M40-44,74,Open,United Kingdom,57:35,4:08,4:48:51,3:14,3:46:19,9:40:07
349,1090,Patrick Roos,M45-49,26,Open,Germany,1:04:41,3:24,5:09:08,3:41,3:19:17,9:40:11
350,2583,Oliver Hewitt,M30-34,96,Open,United Kingdom,1:07:46,4:34,5:03:09,3:23,3:21:21,9:40:14
351,2014,Romain Serveaux,M35-39,101,Open,France,1:00:40,3:22,4:59:37,2:48,3:33:47,9:40:14
352,2261,Nicolas Boivin,M30-34,97,Open,France,58:28,3:14,5:01:23,3:44,3:33:25,9:40:15
353,1451,Luis Vega Romero,M40-44,75,Open,Spain,1:05:49,4:08,4:55:48,3:52,3:30:43,9:40:21
354,2153,Art Chasovskykh,M35-39,102,Open,Ukraine,56:48,3:41,5:11:59,3:04,3:24:49,9:40:21
355,2047,Nicolas Sapieha,M35-39,103,Open,Belgium,54:35,5:01,4:43:49,4:59,3:52:03,9:40:27
356,1907,Johannes Jolmes,M35-39,104,Open,Germany,1:18:08,4:17,4:55:46,4:43,3:17:38,9:40:32
357,2114,Paulo Gustavo Cardoso,M35-39,105,Open,Brazil,58:36,2:48,5:01:42,4:07,3:33:23,9:40:36
358,2309,Alessandro Conzatti,M30-34,98,Open,Italy,57:05,3:52,4:48:23,3:44,3:47:32,9:40:38
359,1414,Christian Bruckner,M40-44,76,Open,Austria,1:03:21,4:07,4:52:28,4:59,3:35:45,9:40:40
360,2604,Finn Von Schmeling,M18-24,12,Open,Germany,59:35,3:25,4:46:41,3:31,3:47:29,9:40:41
361,1175,Richard Bruce,M40-44,77,Open,United Kingdom,1:00:18,5:41,5:03:56,5:15,3:25:38,9:40:47
362,1528,Jacob Lademann,M40-44,78,Open,Denmark,1:04:10,3:15,4:33:39,4:53,3:54:54,9:40:50
363,2243,Antonio Eterovic,M30-34,99,Open,Croatia,1:05:24,4:17,4:52:33,3:40,3:35:08,9:41:02
364,2586,Alex Girard,M30-34,100,Open,Canada,1:07:51,4:18,4:58:58,4:41,3:25:17,9:41:05
365,2415,Philip Pasch,M30-34,101,Open,Germany,1:06:21,4:08,5:08:29,3:26,3:18:50,9:41:15
366,1433,Brice Dolle,M40-44,79,Open,France,1:07:17,4:45,5:00:44,4:13,3:24:24,9:41:22
367,1004,Josep Castello Balague,M45-49,27,Open,Spain,1:01:34,4:23,5:01:39,4:41,3:29:11,9:41:29
368,1470,Steven Glorieux,M40-44,80,Open,Belgium,1:07:26,4:51,4:49:17,4:38,3:35:18,9:41:31
369,1883,David Kiesel,M35-39,106,Open,Germany,1:01:00,4:19,4:54:32,3:06,3:38:36,9:41:32
370,1681,Holger Link,M40-44,81,Open,Germany,1:06:45,4:57,4:55:34,5:35,3:28:48,9:41:39
371,1995,Duarte Pais,M35-39,107,Open,Portugal,1:00:40,4:51,5:06:59,5:32,3:23:41,9:41:42
372,1325,Joeri Gouwkens,M40-44,82,Open,Belgium,59:56,3:41,4:56:45,5:51,3:35:38,9:41:51
373,1463,Ronny Seidel,M40-44,83,Open,Germany,1:03:20,3:54,4:53:59,4:28,3:36:13,9:41:55
374,1340,Anatolijs Macuks,M40-44,84,Open,Latvia,1:16:44,4:15,4:59:54,5:40,3:15:34,9:42:06
375,2010,Kiel Bur,M35-39,108,Open,United States,56:54,4:01,4:51:12,3:10,3:47:12,9:42:29
376,2098,Edo Bogman,M35-39,109,Open,Netherlands,1:10:22,4:07,5:03:34,5:44,3:18:47,9:42:33
377,2574,Alexandre Fortin,M30-34,102,Open,Canada,1:10:22,4:37,4:55:20,4:17,3:28:11,9:42:47
378,961,Claes Wikdahl,M45-49,28,Open,Sweden,1:10:11,4:27,4:58:04,5:18,3:24:56,9:42:55
379,1809,Cédric Pache,M35-39,110,Open,Switzerland,1:07:33,4:04,4:49:38,4:21,3:37:37,9:43:13
380,1488,Tim Gould,M40-44,85,Open,New Zealand,1:11:03,4:19,4:51:31,4:39,3:31:43,9:43:15
381,2321,Péter Szilágyi,M30-34,103,Open,Hungary,53:03,3:38,4:55:20,5:04,3:46:13,9:43:19
382,871,Jeroen Korstanje,M45-49,29,Open,Netherlands,55:25,3:36,4:56:18,5:20,3:42:40,9:43:19
383,2033,Emmanuel Lopez,M35-39,111,Open,United States,1:15:44,4:17,4:56:56,3:32,3:22:50,9:43:19
384,2297,Derik Afornali,M30-34,104,Open,Brazil,57:39,3:15,5:02:31,7:03,3:32:52,9:43:20
385,1716,Matthew Raske,M40-44,86,Open,United States,57:05,3:08,5:04:00,4:36,3:34:35,9:43:23
386,2069,Tom Davey,M35-39,112,Open,United Kingdom,1:06:10,3:15,4:53:52,7:31,3:32:38,9:43:27
387,600,Lucas Antonetti,M45-49,30,Open,Argentina,59:47,3:17,5:13:46,4:20,3:22:19,9:43:29
388,2565,Bill Harkawik,M30-34,105,Open,United States,1:10:18,4:35,5:01:25,5:18,3:22:02,9:43:38
389,985,Arnaitz Burgoa,M45-49,31,Open,Spain,1:01:46,3:59,5:01:05,3:07,3:33:42,9:43:39
390,1952,Eduardo Buscacio,M35-39,113,Open,Brazil,1:07:28,5:39,4:52:51,4:57,3:32:54,9:43:48
391,795,Cameron Arnold,M45-49,32,Open,Australia,1:11:43,3:31,5:04:09,3:20,3:21:15,9:43:58
392,2655,Mathias Hansen,M18-24,13,Open,Denmark,1:05:37,3:40,4:48:32,4:59,3:41:18,9:44:06
393,2255,Lukasz Jeglinski,M30-34,106,Open,Poland,1:03:34,4:16,4:49:49,5:04,3:41:42,9:44:24
394,2149,Guilherme Goncalves,M35-39,114,Open,Portugal,1:07:03,4:52,4:55:20,4:07,3:33:08,9:44:30
395,1767,Jarle Wermskog,M35-39,115,Open,Norway,1:08:24,4:02,4:39:44,3:21,3:49:01,9:44:33
396,2072,Raido Luuk,M35-39,116,Open,Estonia,1:06:03,4:31,5:06:31,3:10,3:24:21,9:44:36
397,2400,Gareth Dias,M30-34,107,Open,South Africa,48:39,3:35,5:06:18,3:33,3:42:39,9:44:44
398,2015,Darren Hewitson,M35-39,117,Open,United States,1:01:10,4:17,5:05:35,3:49,3:29:55,9:44:46
399,4,Chris Leiferman,MPRO,44,Open,United States,52:47,2:28,4:37:17,4:01,4:08:15,9:44:48
400,2448,Samuel Durmuller,M30-34,108,Open,Switzerland,1:06:26,4:55,5:04:47,3:58,3:24:45,9:44:52
401,1794,Shun-Jen Hsueh,M35-39,118,Open,Taiwan,1:10:30,3:14,5:07:34,4:29,3:19:05,9:44:52
402,2281,Federico Alvarez,M30-34,109,Open,Argentina,1:00:40,4:58,4:59:11,3:22,3:36:48,9:44:58
403,1766,Stefan Schulz,M35-39,119,Open,Germany,1:00:45,5:40,5:11:55,3:37,3:23:01,9:44:59
404,2488,Maurice Wagner,M30-34,110,Open,Germany,1:04:09,3:32,4:45:38,4:03,3:47:42,9:45:04
405,567,Luis Nunes,M45-49,33,Open,Portugal,1:13:35,2:58,4:56:15,4:32,3:27:45,9:45:05
406,2362,Raphael Schertenleib,M30-34,111,Open,Switzerland,1:06:02,2:41,5:08:12,3:15,3:24:59,9:45:09
407,2371,Yaniv Fatal,M30-34,112,Open,Israel,1:08:29,3:02,4:55:04,3:16,3:35:34,9:45:24
408,1985,Peter Dahlmann,M35-39,120,Open,Germany,1:08:48,3:37,4:58:07,5:11,3:29:46,9:45:28
409,634,Jose Rivera Gonzalez,M45-49,34,Open,Mexico,1:05:57,4:30,5:06:54,5:39,3:22:35,9:45:34
410,2526,Stijn Noens,M30-34,113,Open,Belgium,59:47,7:07,5:05:41,9:16,3:23:43,9:45:35
411,2548,Manuel Schräder,M30-34,114,Open,Germany,1:06:31,4:16,4:46:25,4:29,3:43:56,9:45:36
412,1178,Georg Swoboda,M40-44,87,Open,Austria,1:01:48,4:14,4:46:22,5:01,3:48:20,9:45:44
413,743,Damien Lanee,M45-49,35,Open,France,1:01:35,3:44,5:03:40,4:02,3:32:44,9:45:46
414,1326,Piotr Szczesniak,M40-44,88,Open,Poland,1:10:51,3:56,4:58:37,3:38,3:28:47,9:45:49
415,1390,Ralph Buckingham,M40-44,89,Open,United States,1:11:18,3:11,4:48:39,4:16,3:38:30,9:45:54
416,1737,Leonardo Braz,M40-44,90,Open,Brazil,59:25,4:25,5:00:58,5:57,3:35:21,9:46:04
417,1167,Michal Sroka,M40-44,91,Open,Poland,1:11:09,4:39,4:58:51,3:57,3:27:29,9:46:06
418,2141,Taihei Kamiya,M35-39,121,Open,Japan,1:02:20,5:07,4:57:00,7:03,3:34:50,9:46:19
419,1213,Przemyslaw Szuder,M40-44,92,Open,Poland,1:06:41,3:49,4:48:18,4:41,3:42:56,9:46:25
420,2133,James Alexander,M35-39,122,Open,Australia,1:01:45,6:32,4:48:31,3:25,3:46:13,9:46:26
421,738,Ricardo Garcia,M45-49,36,Open,Argentina,1:00:58,3:14,5:05:36,4:37,3:32:08,9:46:33
422,2601,James Gerber,M18-24,14,Open,South Africa,59:27,3:37,5:01:11,4:01,3:38:27,9:46:43
423,1977,Reinke Eiben,M35-39,123,Open,Germany,54:32,4:12,5:11:25,4:42,3:31:52,9:46:44
424,1823,Benjamin Williams,M35-39,124,Open,United States,59:27,4:02,5:17:14,3:01,3:23:17,9:47:00
425,1734,Maarten Vermeulen,M40-44,93,Open,Belgium,1:02:42,4:53,5:08:54,5:39,3:24:54,9:47:01
426,933,Antoine Gonon,M45-49,37,Open,France,57:42,3:47,5:08:52,5:49,3:30:52,9:47:03
427,592,Mauricio Borges Cunha,M45-49,38,Open,Brazil,1:10:01,4:15,5:00:02,4:24,3:28:23,9:47:05
428,2577,Aj Reid,M30-34,115,Open,United States,54:55,4:19,4:58:16,5:14,3:44:23,9:47:06
429,2518,Chris Beckmans,M30-34,116,Open,Australia,57:50,2:53,4:49:40,2:51,3:53:55,9:47:10
430,1816,Dieter Maes,M35-39,125,Open,Belgium,1:06:51,3:43,4:57:08,2:44,3:36:47,9:47:12
431,1151,Vasilis Michos,M45-49,39,Open,Greece,1:09:29,5:17,4:49:37,5:52,3:37:09,9:47:23
432,1416,Rene Gruner,M40-44,94,Open,Germany,1:04:39,3:32,4:58:03,6:23,3:34:52,9:47:28
433,2190,Ruben Aragón Gutiérrez,M35-39,126,Open,Spain,56:22,3:20,5:11:52,5:29,3:30:27,9:47:31
434,1132,Ales Suhadolnik,M45-49,40,Open,Slovenia,1:04:13,3:04,5:06:26,3:13,3:30:38,9:47:34
435,2471,Felix Michl,M30-34,117,Open,Germany,1:08:34,5:54,5:14:39,5:16,3:13:27,9:47:50
436,2507,Jordan Tropf,M30-34,118,Open,United States,1:14:54,5:00,5:11:19,5:41,3:10:59,9:47:53
437,1238,Tiago Almeida,M40-44,95,Open,Portugal,1:10:18,5:11,4:42:24,5:20,3:44:47,9:47:59
438,1319,Mattias Hofacker,M40-44,96,Open,Germany,1:07:03,5:45,4:52:23,5:49,3:37:06,9:48:05
439,1843,Bryan Swanson,M35-39,127,Open,United States,1:04:18,4:12,4:53:45,5:24,3:40:28,9:48:07
440,2331,Sam Chapman,M30-34,119,Open,United Kingdom,1:07:03,3:47,4:53:04,3:55,3:40:20,9:48:09
441,1762,Erez Aisenberg,M35-39,128,Open,Israel,58:35,3:31,5:02:49,5:33,3:37:51,9:48:19
442,1193,Bruno Lapendry,M40-44,97,Open,France,1:06:53,4:10,4:54:04,4:42,3:38:39,9:48:28
443,2511,Armin Reif,M30-34,120,Open,Germany,1:09:47,2:46,4:57:00,3:17,3:35:49,9:48:38
444,2070,Marc Wenzel,M35-39,129,Open,Germany,1:00:49,2:48,4:55:50,3:07,3:46:05,9:48:39
445,1556,Joao Fragoso,M40-44,98,Open,Portugal,1:09:45,4:11,5:05:07,5:16,3:24:20,9:48:39
446,811,Alfred Ledermann,M45-49,41,Open,Germany,1:06:34,3:24,5:12:04,4:06,3:22:32,9:48:40
447,1740,Nicolas Gerbaux,M40-44,99,Open,France,59:25,3:33,5:04:30,5:15,3:36:02,9:48:45
448,1214,Maximiliano Passadore,M40-44,100,Open,Argentina,1:01:57,4:15,5:07:14,4:20,3:31:03,9:48:49
449,902,Cedrick Loue,M45-49,42,Open,France,1:12:35,5:26,4:49:31,5:59,3:35:23,9:48:54
450,1317,David Diaz,M40-44,101,Open,Venezuela,1:04:07,3:24,4:56:26,4:13,3:40:46,9:48:56
451,2535,Christian Jensen,M30-34,121,Open,Denmark,1:02:19,3:59,4:56:25,3:54,3:42:19,9:48:57
452,2351,Nicolas Uribe,M30-34,122,Open,Colombia,56:43,3:22,4:37:02,3:39,4:08:17,9:49:03
453,2063,Sebastian Hutterer,M35-39,130,Open,Austria,1:08:08,4:07,4:44:02,3:12,3:49:43,9:49:12
454,1759,Mert Onaran,M35-39,131,Open,Turkey,56:18,3:20,5:01:40,4:06,3:43:49,9:49:14
455,2444,Alessandro D'Agnano,M30-34,123,Open,Italy,57:25,3:41,5:00:40,3:15,3:44:15,9:49:15
456,1941,James Hoare,M35-39,132,Open,Ireland,1:00:48,3:35,4:59:31,5:06,3:40:18,9:49:18
457,1576,David Herrera,M40-44,102,Open,Spain,59:38,3:08,4:56:26,4:18,3:45:51,9:49:21
458,1456,Marcus Araujo,M40-44,103,Open,Brazil,1:02:03,4:34,5:10:34,4:02,3:28:10,9:49:22
459,1835,Christopher Arnold,M35-39,133,Open,United States,1:01:43,6:28,4:52:54,5:57,3:42:25,9:49:27
460,1940,Tim Fievez,M35-39,134,Open,Belgium,57:54,3:59,5:06:52,5:12,3:35:32,9:49:29
461,1640,Philipp Rauch,M40-44,104,Open,Germany,1:01:48,4:31,5:01:50,8:16,3:33:06,9:49:30
462,2028,Michael Vanacora,M35-39,135,Open,United States,57:01,3:36,4:55:53,3:50,3:49:20,9:49:40
463,2418,Simon Rambaud,M30-34,124,Open,France,1:07:34,3:50,5:07:46,2:47,3:27:44,9:49:41
464,2563,Fabrizio Giovannini Filho,M30-34,125,Open,United States,1:05:08,3:58,4:53:54,3:16,3:43:28,9:49:43
465,1105,Jen Hsu,M45-49,43,Open,Taiwan,1:14:25,3:15,5:01:51,3:37,3:26:49,9:49:57
466,2173,Ian Vargas,M35-39,136,Open,Chile,1:00:35,4:30,5:07:27,4:44,3:32:46,9:50:02
467,2123,Jack Westhorpe,M35-39,137,Open,Australia,1:01:24,4:38,5:00:05,3:45,3:40:12,9:50:03
468,2266,Philip Billikopf,M30-34,126,Open,United States,1:06:17,4:31,5:05:51,4:24,3:29:07,9:50:09
469,2134,Davide Viale,M35-39,138,Open,Italy,1:04:22,3:56,4:59:52,3:43,3:38:20,9:50:13
470,1103,Christoffer Olkvist,M45-49,44,Open,Sweden,1:05:48,3:06,4:51:53,4:06,3:45:38,9:50:31
471,1473,Michael Mccarron,M40-44,105,Open,Ireland,59:41,4:08,4:52:58,4:01,3:49:46,9:50:34
472,1875,Jérôme Marechal,M35-39,139,Open,Belgium,1:07:19,4:02,4:58:50,5:00,3:35:24,9:50:36
473,639,Paolo La Placa,M45-49,45,Open,Italy,1:09:14,3:49,5:05:18,4:32,3:27:49,9:50:42
474,2474,Jan Streblow,M30-34,127,Open,Germany,1:11:31,3:51,4:53:41,4:55,3:36:48,9:50:47
475,2683,Gregor Hengst,M45-49,46,Open,Germany,1:05:58,4:36,4:51:46,3:45,3:44:45,9:50:49
476,1092,Xander Schelfhout,M45-49,47,Open,Netherlands,1:05:52,4:42,5:00:25,4:29,3:35:24,9:50:54
477,2109,Oliver Whitby,M35-39,140,Open,United Kingdom,1:04:10,3:46,4:56:23,4:28,3:42:10,9:50:57
478,1230,Yassir Janah,M40-44,106,Open,United States,1:14:32,4:28,5:07:40,4:32,3:19:45,9:50:58
479,1817,Matthew Davis,M35-39,141,Open,United States,1:11:16,3:50,4:57:48,4:32,3:33:35,9:51:00
480,895,Ralf Preissl,M45-49,48,Open,Germany,1:02:23,4:08,5:02:27,6:21,3:35:49,9:51:09
481,1430,Jan De Clercq,M40-44,107,Open,Belgium,1:01:44,4:15,4:59:03,5:22,3:40:57,9:51:21
482,339,Anton Elie,M55-59,1,Open,Netherlands,1:07:28,4:18,5:00:02,4:28,3:35:06,9:51:23
483,2496,Oliver Stringer,M30-34,128,Open,United Kingdom,1:06:20,4:06,4:58:59,3:21,3:38:38,9:51:24
484,1138,Sergio Dias,M45-49,49,Open,Portugal,1:03:52,4:11,4:58:44,5:38,3:39:00,9:51:26
485,2392,Alexandre Paiva Vieira Dos Santos,M30-34,129,Open,Brazil,57:37,5:31,4:57:53,5:45,3:44:46,9:51:32
486,2040,Jeffrey Angelini,M35-39,142,Open,United States,1:01:46,3:55,5:07:24,3:35,3:34:55,9:51:35
487,722,Rait Pallo,M45-49,50,Open,Estonia,1:12:23,3:53,4:45:55,3:46,3:45:41,9:51:39
488,2466,Matthew Morabito,M30-34,130,Open,United States,1:08:16,5:30,5:07:30,4:54,3:25:37,9:51:48
489,957,Davide Merlin,M45-49,51,Open,Italy,1:04:44,4:26,5:02:49,4:36,3:35:14,9:51:50
490,2231,Erik Momats,M30-34,131,Open,Sweden,1:08:01,5:13,5:01:47,4:51,3:32:00,9:51:51
491,1472,Chih-Yuan Wang,M40-44,108,Open,Taiwan,1:13:58,3:17,5:04:46,4:04,3:25:48,9:51:53
492,807,Hendrik Meth,M45-49,52,Open,Germany,1:07:06,5:51,5:08:19,5:03,3:25:39,9:51:58
493,2144,Diego Velarde,M35-39,143,Open,Peru,1:03:18,4:53,5:06:04,3:54,3:33:54,9:52:04
494,782,Daniel Bartelle,M45-49,53,Open,Brazil,1:09:11,3:48,5:05:38,5:43,3:27:56,9:52:16
495,1831,Leon Naude,M35-39,144,Open,South Africa,1:06:01,5:30,5:09:16,4:53,3:26:44,9:52:24
496,2299,Anastasios Moustakis,M30-34,132,Open,Greece,1:03:25,3:31,5:10:14,3:23,3:31:54,9:52:28
497,2241,Chris Middelhede,M30-34,133,Open,Denmark,1:06:50,4:07,5:05:09,5:29,3:30:54,9:52:28
498,599,Christiano Abreu Barbosa,M45-49,54,Open,Brazil,1:03:39,4:14,5:15:16,3:17,3:26:05,9:52:31
499,1659,Jose Arranz,M40-44,109,Open,Spain,59:48,3:33,4:54:06,4:23,3:50:42,9:52:31
500,2446,William Tyrrell-Moore,M30-34,134,Open,United Kingdom,58:39,4:05,5:04:40,6:24,3:38:45,9:52:33
501,2031,Aaron Acuna,M35-39,145,Open,United States,59:11,4:19,5:09:11,3:22,3:36:31,9:52:34
502,2616,Daniel Paulsen,M18-24,15,Open,Denmark,58:03,3:05,4:57:48,3:41,3:50:02,9:52:39
503,1492,Felipe Manalich,M40-44,110,Open,Chile,57:11,5:24,4:51:34,4:45,3:53:46,9:52:40
504,1642,James Viles,M40-44,111,Open,Australia,1:06:51,2:54,5:06:54,4:14,3:31:57,9:52:50
505,792,Fabien Grego,M45-49,55,Open,France,1:04:46,5:29,5:11:02,4:00,3:27:35,9:52:51
506,2075,Gareth Fuller,M35-39,146,Open,Australia,1:07:58,6:55,4:53:13,3:40,3:41:05,9:52:52
507,850,simon olivier,M45-49,56,Open,Canada,1:09:08,5:08,4:58:14,4:08,3:36:14,9:52:52
508,1590,David Colgan,M40-44,112,Open,Italy,1:23:48,4:10,4:55:53,6:43,3:22:22,9:52:57
509,1855,Stephen Magrath,M35-39,147,Open,United Kingdom,1:16:09,4:09,4:52:24,5:40,3:34:41,9:53:03
510,2447,Benoit Tottoli,M30-34,135,Open,France,1:00:02,3:58,4:59:58,5:30,3:43:39,9:53:06
511,1246,Craig Robinson,M40-44,113,Open,Australia,1:06:58,5:36,5:00:55,3:45,3:35:54,9:53:09
512,1107,Stefano Luciani,M45-49,57,Open,Italy,1:14:09,3:41,4:54:01,4:10,3:37:09,9:53:10
513,2445,Michael Schnare,M30-34,136,Open,Canada,59:29,3:26,5:01:58,4:33,3:43:50,9:53:16
514,1136,Aaron Lean,M45-49,58,Open,Australia,55:29,3:11,5:03:53,4:37,3:46:11,9:53:21
515,1467,Dennis Schröer,M40-44,114,Open,Germany,59:21,3:20,4:54:24,3:46,3:52:50,9:53:42
516,1752,Ramon Siljade,M35-39,148,Open,Netherlands,1:09:57,4:58,4:54:08,3:21,3:41:21,9:53:45
517,2639,Christian Reichelt,M18-24,16,Open,Germany,1:09:53,3:01,4:52:29,2:57,3:45:29,9:53:49
518,1277,Juri Feltrin,M40-44,115,Open,Italy,1:14:01,5:07,5:01:05,6:29,3:27:19,9:54:01
519,1413,Jan-Morten Ra,M40-44,116,Open,Norway,59:07,4:11,4:55:48,5:52,3:49:05,9:54:03
520,2514,Lars Dahlkemper,M30-34,137,Open,Germany,1:02:17,6:09,5:09:18,5:41,3:30:41,9:54:06
521,1328,Gary Roberts,M40-44,117,Open,United Kingdom,1:10:22,3:00,4:54:04,4:05,3:42:37,9:54:07
522,1982,Bryan Lundquist,M35-39,149,Open,United States,51:15,3:17,5:12:37,5:04,3:41:59,9:54:14
523,2007,Alvaro Velez,M35-39,150,Open,Colombia,1:02:13,5:31,5:02:22,5:45,3:38:34,9:54:26
524,1066,Rodrigo Loiola,M45-49,59,Open,Brazil,1:07:49,3:10,4:53:15,3:50,3:46:24,9:54:28
525,1507,Alan Kenny,M40-44,118,Open,Ireland,1:16:53,4:29,5:03:54,4:54,3:24:17,9:54:28
526,1822,Dorian Larriere,M35-39,151,Open,France,1:12:08,3:59,5:04:04,3:06,3:31:23,9:54:39
527,2393,Anthony Reverberi,M30-34,138,Open,France,1:06:58,4:31,5:03:06,4:01,3:36:04,9:54:40
528,1284,Cesar Dalquano,M40-44,119,Open,Brazil,1:00:20,3:00,5:09:08,3:16,3:39:01,9:54:44
529,1814,Alden Basmajian,M35-39,152,Open,United States,1:06:45,4:24,4:58:05,4:43,3:40:53,9:54:50
530,1527,Jiri Kaplan,M40-44,120,Open,Czechia,1:11:26,6:03,5:01:47,5:17,3:30:19,9:54:53
531,2212,David Cole,M30-34,139,Open,United Kingdom,1:19:13,4:27,5:04:49,4:08,3:22:16,9:54:53
532,2332,Andreas Adler,M30-34,140,Open,Germany,1:05:27,4:28,4:58:10,3:40,3:43:09,9:54:54
533,848,Bartlomiej Trzebinski,M45-49,60,Open,Poland,1:08:41,3:46,5:03:01,4:37,3:34:50,9:54:55
534,626,Phillip Becker,M45-49,61,Open,Germany,1:07:52,3:54,4:46:31,3:25,3:53:23,9:55:05
535,1885,Christian Krug,M35-39,153,Open,Germany,1:06:34,4:13,4:57:09,4:40,3:42:31,9:55:07
536,2646,Trevor Spence,M18-24,17,Open,United States,1:02:56,4:46,5:10:33,4:31,3:32:23,9:55:09
537,1285,Felipe Alvarez,M40-44,121,Open,Brazil,1:03:36,4:14,4:59:01,4:19,3:43:59,9:55:09
538,2139,John Savage,M35-39,154,Open,United States,54:38,4:48,5:03:03,7:52,3:44:55,9:55:15
539,1562,Jeffrey Fier,M40-44,122,Open,United States,1:06:51,4:24,4:54:08,3:58,3:45:58,9:55:18
540,2582,Luke Sullivan,M30-34,141,Open,United Kingdom,1:10:29,5:34,5:12:21,6:24,3:20:37,9:55:24
541,2000,Simon Schlichenmaier,M35-39,155,Open,Germany,1:03:18,2:52,5:07:37,3:39,3:38:02,9:55:28
542,323,Mathieu Aguerre,M55-59,2,Open,France,1:02:30,4:52,5:16:13,4:06,3:27:48,9:55:29
543,1291,Stefan Truog,M40-44,123,Open,Switzerland,1:06:54,5:00,4:49:23,3:43,3:50:37,9:55:36
544,1978,Cirer Bartomeu Francesc,M35-39,156,Open,Spain,1:12:30,5:14,5:00:42,6:42,3:30:33,9:55:40
545,1723,Mike Dumas,M40-44,124,Open,United States,1:09:27,6:04,5:09:46,4:49,3:25:41,9:55:47
546,1909,Matthew Bender,M35-39,157,Open,United States,1:00:51,5:26,5:01:05,6:45,3:41:45,9:55:52
547,1918,Andrew Williams,M35-39,158,Open,United Kingdom,58:20,3:31,4:53:37,4:01,3:56:41,9:56:10
548,2627,James Baran,M18-24,18,Open,United States,1:12:28,3:38,5:01:59,4:12,3:33:58,9:56:15
549,1675,Fabrice Bost,M40-44,125,Open,France,1:16:40,3:57,4:57:49,4:21,3:33:29,9:56:16
550,2541,Michael Mueller,M30-34,142,Open,United States,1:02:06,3:04,5:16:01,3:23,3:31:42,9:56:16
551,2156,Adam Rich,M35-39,159,Open,United States,1:04:15,4:00,5:03:35,4:59,3:39:28,9:56:19
552,2189,Alex Sharp,M35-39,160,Open,United States,1:07:26,3:56,4:56:21,5:12,3:43:31,9:56:25
553,1755,Jon Morton,M35-39,161,Open,Canada,1:01:01,4:16,4:55:54,13:09,3:42:07,9:56:27
554,1923,Laurent Marcilloux,M35-39,162,Open,France,1:04:53,3:29,5:27:44,4:33,3:15:49,9:56:28
555,1874,Thomas Garvey,M35-39,163,Open,United States,1:09:36,4:38,5:15:34,4:57,3:21:45,9:56:30
556,1435,Diego Loaiza,M40-44,126,Open,Costa Rica,55:15,4:11,4:59:13,4:05,3:53:47,9:56:31
557,1408,Andre Booyens,M40-44,127,Open,South Africa,59:04,3:20,5:06:41,4:38,3:42:48,9:56:31
558,1544,Ruben Vandevoorde,M40-44,128,Open,Belgium,1:03:46,2:52,4:59:24,4:19,3:46:13,9:56:35
559,629,Michal Twarowski,M45-49,62,Open,Poland,1:07:48,3:34,4:59:14,2:38,3:43:25,9:56:38
560,1273,Victor Osokin,M40-44,129,Open,Germany,1:09:18,4:27,4:52:24,5:36,3:45:03,9:56:47
561,1600,Ievgen Smirnov,M40-44,130,Open,Ukraine,1:04:14,3:28,4:56:10,4:27,3:48:34,9:56:53
562,1990,Mark Tomlinson,M35-39,164,Open,United Kingdom,1:03:48,3:46,5:10:10,4:13,3:34:59,9:56:55
563,1522,Andreas Westling,M40-44,131,Open,Sweden,1:07:23,4:18,4:55:29,3:18,3:46:31,9:56:58
564,2272,Marius Gloßmann,M30-34,143,Open,Germany,1:04:13,4:09,4:53:32,2:38,3:52:29,9:57:01
565,1261,Luke Worthington,M40-44,132,Open,United Kingdom,1:08:08,3:41,5:02:02,4:01,3:39:16,9:57:07
566,1514,Andres Gomez Junquera,M40-44,133,Open,Spain,1:09:49,5:11,5:11:01,6:07,3:25:01,9:57:09
567,1215,Timo Kanninen,M40-44,134,Open,Finland,1:09:29,4:51,4:59:38,5:06,3:38:10,9:57:15
568,914,Sebastien Stalder,M45-49,63,Open,France,1:06:42,3:32,5:08:20,4:33,3:34:11,9:57:18
569,1375,Markus Rink,M40-44,135,Open,Germany,1:07:06,5:19,5:00:21,4:26,3:40:09,9:57:19
570,2426,Patrick Schilz,M30-34,144,Open,Germany,1:28:32,6:04,4:45:14,8:32,3:29:09,9:57:30
571,1306,Andrew Morrison,M40-44,136,Open,Australia,1:03:40,3:43,4:59:30,3:52,3:46:55,9:57:40
572,987,Rui Narigueta,M45-49,64,Open,Portugal,1:18:45,3:54,4:42:19,4:45,3:47:59,9:57:42
573,2628,Marti Alt,M18-24,19,Open,Estonia,58:44,4:50,5:12:04,4:54,3:37:13,9:57:46
574,1028,Fredrik Ekström,M45-49,65,Open,Sweden,1:11:30,5:02,5:09:30,4:20,3:27:32,9:57:54
575,1182,Bruno Navarro,M40-44,137,Open,France,1:04:41,3:53,5:03:11,5:35,3:40:37,9:57:57
576,1511,Sergio Sobrino Sierra,M40-44,138,Open,Spain,59:02,5:46,5:02:58,8:08,3:42:11,9:58:03
577,1849,Renaud Brunet,M35-39,165,Open,France,1:14:14,4:03,5:19:46,4:37,3:15:25,9:58:06
578,1980,Claudio Di Pietro,M35-39,166,Open,Italy,1:18:02,4:05,5:06:31,4:29,3:25:04,9:58:11
579,2079,Alex Duce,M35-39,167,Open,United Kingdom,1:01:16,4:23,4:56:14,5:25,3:50:54,9:58:11
580,1636,Benjamin Leicht,M40-44,139,Open,Germany,1:10:20,3:02,5:00:47,3:50,3:40:13,9:58:13
581,831,Luis Barbudo Herrera,M45-49,66,Open,Spain,59:40,3:51,5:09:55,5:22,3:39:27,9:58:14
582,1750,Eric Smithback,M35-39,168,Open,United States,1:04:17,5:27,5:16:41,4:51,3:27:02,9:58:18
583,662,Sebastien Feschet,M45-49,67,Open,France,1:15:22,6:57,5:00:07,5:27,3:30:26,9:58:18
584,2085,Patrick Geyer,M35-39,169,Open,Switzerland,1:08:23,3:34,4:54:16,3:58,3:48:09,9:58:20
585,1943,Erik Vanhove,M35-39,170,Open,Belgium,1:07:17,5:17,5:01:05,3:52,3:40:52,9:58:23
586,1431,Andrei Dudu,M40-44,140,Open,Romania,1:06:26,4:47,5:10:18,3:59,3:32:56,9:58:27
587,2265,Maximilian Breitkreuz,M30-34,145,Open,Germany,1:02:50,4:32,4:55:22,3:25,3:52:21,9:58:31
588,709,Thomas Egiziano,M45-49,68,Open,France,1:02:26,3:53,5:13:48,5:27,3:32:57,9:58:31
589,1559,Boris Hueber,M40-44,141,Open,Switzerland,1:15:37,3:05,4:40:35,3:35,3:55:43,9:58:36
590,2431,Nicholas Allen,M30-34,146,Open,United States,1:11:22,6:09,5:03:57,4:59,3:32:12,9:58:39
591,2634,Randy Dobler,M18-24,20,Open,Switzerland,1:12:20,3:57,4:51:08,3:30,3:47:52,9:58:48
592,2370,Greg Dundas,M30-34,147,Open,United States,1:02:15,4:42,5:09:01,5:05,3:37:50,9:58:52
593,1423,Regis Bonnans,M40-44,142,Open,France,1:12:16,3:59,5:00:55,5:09,3:36:36,9:58:55
594,1678,Escola Fasseur Sebastien,M40-44,143,Open,France,1:04:08,3:59,4:55:07,3:43,3:52:00,9:58:56
595,880,Alexey Bukleev,M45-49,69,Open,Cyprus,1:06:34,4:27,5:08:04,5:01,3:34:53,9:58:59
596,2058,Benjamin Gatte,M35-39,171,Open,United States,1:07:42,7:09,5:04:47,4:34,3:34:46,9:58:59
597,2637,Andrew La Valle,M18-24,21,Open,United States,56:01,7:27,5:08:59,6:39,3:39:59,9:59:04
598,1310,Amit Shaked,M40-44,144,Open,Israel,1:00:35,3:13,4:59:03,3:57,3:52:18,9:59:07
599,1981,Filipe Marques,M35-39,172,Open,Portugal,56:28,4:10,5:04:16,4:31,3:49:42,9:59:07
600,824,Janne Kallio,M45-49,70,Open,Finland,1:04:00,3:43,5:05:29,4:39,3:41:18,9:59:08
601,1422,Enrique Gongora,M40-44,145,Open,Mexico,1:10:19,4:35,5:03:03,4:14,3:36:58,9:59:09
602,1223,François Fouss,M40-44,146,Open,Belgium,1:04:44,4:47,4:54:46,3:40,3:51:13,9:59:10
603,636,Romain Christe,M45-49,71,Open,Switzerland,1:06:05,5:39,4:52:53,4:54,3:49:51,9:59:22
604,1935,Jp Bergeron,M35-39,173,Open,Canada,1:03:42,3:54,4:58:21,3:50,3:49:38,9:59:25
605,2550,Greg Laxton,M30-34,148,Open,South Africa,1:10:33,6:20,4:57:30,4:45,3:40:18,9:59:27
606,859,Donnacha Holmes,M45-49,72,Open,Ireland,1:07:42,4:01,5:16:01,6:34,3:25:14,9:59:32
607,1582,Peter Fitzweijers,M40-44,147,Open,New Zealand,1:08:20,3:58,5:09:31,5:46,3:32:01,9:59:35
608,2080,Gerard Hubbard,M35-39,174,Open,United States,1:00:39,4:15,4:53:55,5:24,3:55:24,9:59:37
609,1782,Jeffrey Bradley,M35-39,175,Open,Canada,1:11:12,3:58,5:09:43,5:44,3:29:01,9:59:38
610,2076,Philipp Pospisil,M35-39,176,Open,Austria,1:04:16,2:50,5:07:56,4:47,3:40:01,9:59:51
611,1446,Stephan Nittel,M40-44,148,Open,Germany,1:02:11,3:23,5:08:32,4:36,3:41:10,9:59:52
612,1748,Jorge De Amorim Filho,M35-39,177,Open,Brazil,1:01:19,4:35,5:04:23,7:18,3:42:17,9:59:53
613,2406,Jan Vyhnánek,M30-34,149,Open,Czechia,1:10:24,6:05,5:06:08,6:21,3:30:59,9:59:56
614,1032,Seamus Woods,M45-49,73,Open,United States,1:09:41,5:12,5:10:18,4:57,3:29:50,9:59:59
615,1205,Clodoaldo Jose De Ooiveira,M40-44,149,Open,Brazil,1:10:46,4:56,5:22:26,4:26,3:17:28,10:00:02
616,1951,Sean Burke,M35-39,178,Open,United Kingdom,1:11:58,8:06,4:59:20,5:39,3:35:02,10:00:06
617,2516,Alexey Vshivtsev,M30-34,150,Open,Kazakhstan,1:02:23,4:52,4:51:28,4:12,3:57:11,10:00:06
618,751,Thijs Gipmans,M45-49,74,Open,Netherlands,1:08:36,4:38,5:04:02,5:23,3:37:32,10:00:11
619,2186,Michael Stanek,M35-39,179,Open,United States,1:01:08,4:18,4:50:19,3:39,4:00:47,10:00:11
620,2096,Christian Albert,M35-39,180,Open,Germany,1:01:46,4:40,5:12:36,4:09,3:37:03,10:00:14
621,2008,Elliot Kawaoka,M35-39,181,Open,United States,1:00:41,4:03,5:13:34,5:33,3:36:34,10:00:24
622,2523,Fabian Nienhaus,M30-34,151,Open,Germany,1:06:53,2:54,4:53:16,3:19,3:54:03,10:00:26
623,2305,Elewout Maes,M30-34,152,Open,Belgium,1:06:29,3:30,4:56:07,5:03,3:49:22,10:00:30
624,2092,Rodrigo Memmo,M35-39,182,Open,Argentina,1:01:35,3:48,4:54:31,4:35,3:56:03,10:00:32
625,1121,Max Kornhofer,M45-49,75,Open,Austria,55:44,3:20,4:55:24,3:53,4:02:12,10:00:33
626,495,Jean-Christophe Guinchard,M55-59,3,Open,Switzerland,1:02:00,3:02,4:50:07,3:59,4:01:27,10:00:34
627,611,Felix Leonhardt,M45-49,76,Open,Germany,1:10:29,5:12,5:14:00,6:11,3:24:45,10:00:37
628,1525,Alexandre Florimond,M40-44,150,Open,France,1:04:34,4:46,4:58:10,4:12,3:48:59,10:00:41
629,1346,Oliver Simon,M40-44,151,Open,United Kingdom,52:52,4:10,4:41:02,4:37,4:18:01,10:00:42
630,693,Giles Brook,M45-49,77,Open,United Kingdom,1:07:19,3:22,4:59:50,3:56,3:46:19,10:00:46
631,2576,Richie Szeliga,M30-34,153,Open,United States,1:10:57,4:22,5:19:06,4:39,3:21:48,10:00:52
632,852,Stephane Lenoir,M45-49,78,Open,Saint Barthlemy,1:14:10,5:01,4:57:16,5:16,3:39:19,10:01:02
633,1729,Michael Phinney,M40-44,152,Open,United States,54:59,4:56,4:56:46,7:11,3:57:15,10:01:06
634,2602,Benjamin Leblanc,M18-24,22,Open,Canada,1:06:25,4:18,5:06:55,3:41,3:39:57,10:01:16
635,1584,Chris Nerli,M40-44,153,Open,Norway,1:05:43,3:59,5:08:09,3:35,3:40:08,10:01:33
636,1869,Georg Fellner,M35-39,183,Open,Germany,1:08:04,4:22,5:03:12,6:17,3:39:40,10:01:35
637,347,Renaud De Pury,M55-59,4,Open,Switzerland,1:03:24,4:28,5:04:14,5:25,3:44:05,10:01:36
638,2108,Elias Hamalainen,M35-39,184,Open,Finland,1:20:02,7:00,4:53:21,6:13,3:35:01,10:01:37
639,1972,Geoffrey Baldet,M35-39,185,Open,France,1:10:54,4:58,5:16:20,6:28,3:23:00,10:01:41
640,1504,Ueli Bieler,M40-44,154,Open,Switzerland,1:12:36,4:54,5:05:41,4:27,3:34:14,10:01:51
641,331,Kevin Cutjar,M55-59,5,Open,Australia,1:05:03,3:07,5:21:29,3:59,3:28:14,10:01:52
642,2162,Gavan Cruise,M35-39,186,Open,Australia,1:04:18,4:32,5:10:20,4:31,3:38:13,10:01:54
643,344,Martin Foster,M55-59,6,Open,United Kingdom,57:43,4:39,5:13:04,4:22,3:42:07,10:01:55
644,2697,Michael Henly,M18-24,23,Open,Australia,56:09,4:58,4:58:02,4:52,3:57:57,10:01:57
645,509,Alexander Lang,M55-59,7,Open,Germany,1:04:59,3:03,4:58:52,4:08,3:51:02,10:02:04
646,1095,Jonas Rodriguez,M45-49,79,Open,Sweden,1:03:54,4:14,4:54:53,4:41,3:54:25,10:02:07
647,2094,Eric Prilipp,M35-39,187,Open,United States,1:07:25,3:47,5:01:58,5:40,3:43:24,10:02:15
648,1770,Fabio Fernandes Goncalves,M35-39,188,Open,Portugal,1:07:06,3:40,4:59:29,5:14,3:46:55,10:02:24
649,2199,Jevin Hoeper,M30-34,154,Open,United States,1:15:56,4:35,5:01:30,4:12,3:36:11,10:02:25
650,1248,Juan Damasceno Llorca Barberá,M40-44,155,Open,Spain,1:01:57,5:34,4:57:34,6:07,3:51:19,10:02:30
651,1262,Shawn Johnson,M40-44,156,Open,United States,1:00:23,3:24,5:12:28,3:48,3:42:28,10:02:31
652,1901,Craig Hoogerwerf,M35-39,189,Open,United States,1:00:42,5:50,5:11:56,3:32,3:40:30,10:02:31
653,2482,Alexander Bleffgen,M30-34,155,Open,Germany,1:12:01,5:50,5:17:40,4:05,3:22:59,10:02:34
654,723,Vicente Bobadilla,M45-49,80,Open,Chile,58:22,4:37,5:02:57,6:37,3:50:07,10:02:40
655,1685,Brent Herring,M40-44,157,Open,United States,1:03:58,4:51,5:12:15,3:54,3:37:42,10:02:40
656,2251,Jacob Keehan,M30-34,156,Open,United States,1:02:35,4:35,5:08:45,3:59,3:42:52,10:02:45
657,2382,Andres Eljuri,M30-34,157,Open,Ecuador,1:15:17,5:15,5:14:33,4:22,3:23:21,10:02:47
658,1197,Nicolas Debons,M40-44,158,Open,Switzerland,1:10:25,3:35,4:54:06,3:06,3:51:36,10:02:48
659,1499,Nicholas Collier,M40-44,159,Open,United States,59:46,4:38,5:11:16,6:19,3:41:03,10:03:03
660,1254,Timo Rinne,M40-44,160,Open,Finland,1:11:09,3:49,5:07:29,4:06,3:36:35,10:03:09
661,2121,Philipp Sand,M35-39,190,Open,Germany,1:05:41,4:54,5:10:47,4:00,3:37:51,10:03:13
662,582,Pierre Romanens,M45-49,81,Open,Switzerland,1:10:57,4:46,5:07:13,4:36,3:35:47,10:03:19
663,581,Patrice Lilloni,M45-49,82,Open,France,1:02:05,3:51,4:58:11,3:38,3:55:37,10:03:23
664,1694,Justin Moyer,M40-44,161,Open,United States,57:36,5:28,4:59:35,3:55,3:56:53,10:03:27
665,1067,Richard Vincent,M45-49,83,Open,United States,1:02:20,4:36,5:12:38,5:02,3:38:53,10:03:27
666,845,Marco Santana Perera,M45-49,84,Open,Spain,1:00:05,5:26,5:15:09,5:00,3:37:52,10:03:31
667,1386,John Cline,M40-44,162,Open,United States,1:03:52,5:23,5:15:25,4:07,3:34:55,10:03:42
668,1468,Arto Sorvoja,M40-44,163,Open,Finland,1:11:38,5:38,4:48:26,6:10,3:51:53,10:03:46
669,2457,Sebastian Hensel,M30-34,158,Open,Germany,1:02:08,5:17,5:11:02,4:35,3:40:46,10:03:48
670,1961,Daniel Groß,M35-39,191,Open,Germany,1:11:21,3:15,4:57:31,4:01,3:47:40,10:03:48
671,717,Jan Köhler,M45-49,85,Open,Germany,1:11:06,4:50,5:12:04,5:11,3:30:38,10:03:49
672,2325,Joseph Emmerling,M30-34,159,Open,United States,1:18:50,5:44,4:50:34,6:05,3:42:45,10:03:58
673,1360,Bert Arnauts,M40-44,164,Open,Belgium,59:51,4:08,4:53:13,3:50,4:02:57,10:03:59
674,948,Philipp Strolz,M45-49,86,Open,Austria,1:02:46,4:24,4:55:55,4:00,3:56:56,10:04:02
675,2344,Sven Kiene,M30-34,160,Open,Germany,57:27,4:00,5:25:55,3:38,3:33:04,10:04:04
676,2035,Pedro Passarella,M35-39,192,Open,Brazil,1:06:53,4:32,4:50:14,4:28,3:57:58,10:04:04
677,1691,Nicholas Brown,M40-44,165,Open,United States,57:09,4:48,5:06:31,5:16,3:50:27,10:04:11
678,1196,Andy Brodziak,M40-44,166,Open,United Kingdom,1:03:17,4:04,5:07:03,4:53,3:44:56,10:04:13
679,2308,David Haunschmidt,M30-34,161,Open,New Zealand,1:10:10,4:35,5:00:28,5:29,3:43:34,10:04:16
680,1856,Jacob Ferrer Tejera,M35-39,193,Open,Spain,1:01:32,3:06,5:00:05,4:16,3:55:26,10:04:25
681,1280,Antoni Perez Comas,M40-44,167,Open,Spain,1:07:33,5:15,4:59:21,5:39,3:46:42,10:04:29
682,1300,Will Morris,M40-44,168,Open,United States,1:21:57,5:15,4:58:06,4:58,3:34:23,10:04:38
683,965,Jan Strangmuller,M45-49,87,Open,Czechia,1:00:30,3:39,5:00:13,6:17,3:54:01,10:04:41
684,1910,Thiago Mohana,M35-39,194,Open,Brazil,56:57,3:58,5:07:18,7:01,3:49:28,10:04:42
685,1742,Javier Embid Roman,M40-44,169,Open,Spain,1:02:30,5:24,5:18:24,5:44,3:32:50,10:04:52
686,1787,Johannes Kuhn,M35-39,195,Open,Germany,1:07:11,5:58,5:06:36,4:54,3:40:17,10:04:56
687,1013,Dan Bronstein,M45-49,88,Open,Switzerland,1:08:58,4:06,5:10:24,3:57,3:37:35,10:05:01
688,1033,Matthew Segal,M45-49,89,Open,Canada,1:18:28,5:14,5:09:33,6:34,3:25:14,10:05:03
689,2432,Joost Verhoeye,M30-34,162,Open,Belgium,1:13:33,4:41,5:05:29,3:59,3:37:27,10:05:09
690,2638,Andrew Buchanan,M18-24,24,Open,United States,1:04:19,4:58,4:59:59,3:39,3:52:15,10:05:09
691,1892,Jort Van Zutphen,M35-39,196,Open,Netherlands,1:11:06,4:48,5:15:17,5:35,3:28:24,10:05:10
692,937,Matt Brook,M45-49,90,Open,New Zealand,1:02:42,3:21,5:11:21,3:41,3:44:08,10:05:13
693,1290,Mateus Vidigal,M40-44,170,Open,Brazil,55:09,5:34,4:58:33,7:15,3:58:47,10:05:18
694,1131,David Benard,M45-49,91,Open,France,1:07:55,5:02,5:14:21,4:13,3:33:46,10:05:18
695,1464,Stefan Kramer,M40-44,171,Open,Germany,1:04:31,5:06,5:07:07,7:45,3:40:55,10:05:24
696,1234,David Munro,M40-44,172,Open,Australia,57:34,4:32,4:57:50,4:30,4:00:59,10:05:24
697,2091,Jonas De Araujo Rocha,M35-39,197,Open,Brazil,1:06:15,3:37,4:59:00,3:04,3:53:32,10:05:29
698,2376,Kyle Williams,M30-34,163,Open,United States,52:54,5:33,4:51:53,4:06,4:11:04,10:05:30
699,832,Sean Tully,M45-49,92,Open,Australia,1:14:03,4:01,5:05:27,3:56,3:38:20,10:05:47
700,2155,Maximilien Von Berg,M35-39,198,Open,France,59:39,4:44,5:04:44,3:17,3:53:29,10:05:53
701,1680,Aurimas Sabulis,M40-44,173,Open,United States,1:10:08,3:30,4:59:43,3:32,3:49:05,10:05:58
702,2159,Paul Hoffmann,M35-39,199,Open,Germany,1:01:11,4:48,4:54:16,5:57,3:59:48,10:06:00
703,1857,Geoffrey King,M35-39,200,Open,Australia,1:01:53,5:45,5:13:13,4:22,3:40:48,10:06:02
704,1969,Thomas Scappaticci,M35-39,201,Open,United States,1:00:32,4:50,5:12:18,6:00,3:42:27,10:06:06
705,441,Georg Schweighofer,M55-59,8,Open,Austria,1:11:55,5:29,5:12:31,6:39,3:29:35,10:06:09
706,1580,Koen Janssen,M40-44,174,Open,Belgium,1:04:11,5:19,5:00:47,5:48,3:50:11,10:06:16
707,1775,Andreas Aschenbrenner,M35-39,202,Open,Germany,1:06:30,3:53,4:50:41,4:59,4:00:18,10:06:21
708,671,Frode Jermstad,M45-49,93,Open,Norway,1:06:06,4:16,5:11:36,4:11,3:40:12,10:06:21
709,2411,Or Eshkar,M30-34,164,Open,Israel,1:01:04,5:53,5:18:52,4:33,3:36:03,10:06:26
710,1900,Scott Laytham,M35-39,203,Open,United States,1:23:57,4:10,4:58:22,5:36,3:34:33,10:06:38
711,1686,Jimmy Fort,M40-44,175,Open,France,1:05:37,4:04,5:24:21,3:16,3:29:31,10:06:49
712,2632,Lachlan Clinch,M18-24,25,Open,Australia,56:04,4:13,5:16:18,5:30,3:44:47,10:06:52
713,271,Anselm Groda,M55-59,9,Open,Germany,1:01:06,4:10,5:01:39,4:13,3:55:46,10:06:54
714,1209,Jorge Gonzalez Alvarez,M40-44,176,Open,Spain,59:48,3:46,5:03:44,3:52,3:55:46,10:06:55
715,789,Alessandro Sciarrone,M45-49,94,Open,Italy,1:01:25,3:32,5:11:34,5:00,3:45:24,10:06:55
716,2060,Jared Averbuch,M35-39,204,Open,United States,58:26,4:16,5:11:33,7:12,3:45:35,10:07:03
717,893,Giuseppe Anatriello,M45-49,95,Open,Italy,1:05:31,5:00,5:08:29,5:05,3:42:59,10:07:03
718,2106,Cyril Lecompt,M35-39,205,Open,France,59:44,3:25,4:57:59,3:42,4:02:29,10:07:18
719,1158,Eduardo Gonzalez,M40-44,177,Open,Brazil,55:16,4:12,5:14:16,5:55,3:47:38,10:07:18
720,1014,Brad Raco,M45-49,96,Open,Australia,1:14:37,4:23,5:07:03,3:43,3:37:36,10:07:21
721,1362,Jesus Angulo,M40-44,178,Open,Venezuela,1:11:16,5:07,5:06:03,6:00,3:38:56,10:07:23
722,2296,Patrick Amendoeira,M30-34,165,Open,France,1:10:20,5:51,5:15:01,5:32,3:30:49,10:07:32
723,610,Roman Prochazka,M45-49,97,Open,Czechia,1:07:30,3:33,4:53:57,5:51,3:56:44,10:07:34
724,982,Matthew Han,M45-49,98,Open,United States,1:07:44,5:29,4:53:17,5:14,3:55:52,10:07:37
725,1888,Dave Smith,M35-39,206,Open,United States,1:05:38,3:21,5:13:04,3:39,3:42:03,10:07:45
726,1669,Trond Atle Smedsrud,M40-44,179,Open,Norway,1:18:40,5:04,5:22:19,5:02,3:16:40,10:07:45
727,2045,Adam Labbett,M35-39,207,Open,United Kingdom,59:22,3:13,4:59:27,3:55,4:01:52,10:07:49
728,2302,James Hall,M30-34,166,Open,United Kingdom,1:04:12,4:30,5:09:10,4:47,3:45:33,10:08:12
729,2314,Martin Paez,M30-34,167,Open,Ecuador,1:13:56,3:45,4:59:55,5:55,3:44:50,10:08:20
730,1198,Kim Herremans,M40-44,180,Open,Belgium,1:12:19,6:01,5:01:41,6:03,3:42:25,10:08:29
731,386,Ivan Jones,M55-59,10,Open,United Kingdom,1:12:19,3:23,5:18:36,3:43,3:30:29,10:08:31
732,1383,Manuel Reimer,M40-44,181,Open,Germany,1:07:11,3:43,5:06:37,6:54,3:44:06,10:08:31
733,1811,Philipp Albert,M35-39,208,Open,Australia,1:04:24,5:03,5:10:41,4:09,3:44:22,10:08:38
734,714,Stephen Anderson,M45-49,99,Open,United Kingdom,1:12:41,5:29,5:06:54,4:15,3:39:23,10:08:42
735,1657,Balint Sztaroszta,M40-44,182,Open,Hungary,1:14:01,4:02,5:15:47,4:36,3:30:18,10:08:43
736,1836,Matthew Tatum,M35-39,209,Open,United States,1:05:16,4:02,5:02:20,2:53,3:54:13,10:08:43
737,535,Rodrigo Cuccaro,M45-49,100,Open,Argentina,1:02:46,4:18,5:13:43,3:21,3:44:39,10:08:46
738,1145,Mathias Burgstaller,M45-49,101,Open,Germany,1:11:10,4:32,5:07:08,4:02,3:41:55,10:08:48
739,1624,Richard Whitfield,M40-44,183,Open,United Kingdom,1:01:11,4:19,4:54:03,4:04,4:05:18,10:08:54
740,976,Tim Weiskat,M45-49,102,Open,Germany,1:01:23,4:10,5:11:19,4:50,3:47:17,10:08:59
741,580,Markku Parkkonen,M45-49,103,Open,Finland,59:58,4:19,5:15:40,3:40,3:45:23,10:09:01
742,1045,Matteo Sclosa,M45-49,104,Open,Italy,1:13:24,4:04,5:06:44,5:30,3:39:20,10:09:02
743,1536,Kevin Nickel,M40-44,184,Open,United States,1:08:07,3:21,5:18:11,3:24,3:36:11,10:09:14
744,1406,Bertrand Monneau,M40-44,185,Open,France,1:10:47,4:08,5:10:36,5:03,3:38:41,10:09:16
745,1639,Johannes Egelseer,M40-44,186,Open,Germany,1:01:59,3:58,5:01:06,4:59,3:57:19,10:09:21
746,546,Markus Kempf,M45-49,105,Open,Germany,1:12:50,6:12,5:11:58,4:28,3:33:56,10:09:24
747,2122,João Pacheco,M35-39,210,Open,Portugal,1:03:55,3:26,5:10:23,5:41,3:46:06,10:09:31
748,763,Keith Murray,M45-49,106,Open,United Kingdom,1:09:51,3:17,4:49:06,4:37,4:02:42,10:09:32
749,520,Owen Martin,M45-49,107,Open,Ireland,1:15:41,6:36,4:59:42,6:48,3:40:46,10:09:33
750,1128,Levi Nelissen,M45-49,108,Open,Netherlands,59:54,5:09,5:14:54,6:02,3:43:35,10:09:34
751,1610,John Warberg,M40-44,187,Open,Denmark,1:11:30,5:25,5:10:31,5:27,3:36:45,10:09:37
752,1368,Dag Störmer,M40-44,188,Open,Germany,57:31,4:41,4:49:40,6:15,4:11:32,10:09:38
753,2368,Jon Hammond,M30-34,168,Open,United States,1:02:45,6:41,5:13:09,6:27,3:40:53,10:09:54
754,742,Rui Costa,M45-49,109,Open,Portugal,1:14:49,5:16,5:08:31,6:25,3:34:54,10:09:56
755,2215,Aaron Von Felbert,M30-34,169,Open,Germany,1:09:38,4:28,5:19:17,4:00,3:32:34,10:09:57
756,644,Yaron Littan,M45-49,110,Open,Israel,1:09:50,4:06,4:58:32,4:44,3:52:47,10:09:59
757,2451,Lukas Odstrcil,M30-34,170,Open,Czechia,1:02:26,5:30,4:52:31,4:31,4:05:23,10:10:20
758,2249,Yanlong Kai,M30-34,171,Open,China,1:10:29,3:57,5:11:04,4:48,3:40:08,10:10:26
759,1382,Oliver Heil,M40-44,189,Open,Germany,1:00:30,4:02,5:03:38,4:14,3:58:08,10:10:33
760,1757,Pieter De Jongh,M35-39,211,Open,Belgium,1:14:35,5:33,5:24:09,4:54,3:21:21,10:10:33
761,2564,Mervin Santiago,M30-34,172,Open,Philippines,1:12:03,3:18,5:06:07,4:28,3:44:40,10:10:36
762,1311,Philip Morel,M40-44,190,Open,Switzerland,1:03:52,5:24,4:54:19,4:43,4:02:20,10:10:37
763,2097,Matthew Higgins,M35-39,212,Open,United States,1:16:12,4:40,5:12:08,5:00,3:32:44,10:10:44
764,1778,Michael Ohara,M35-39,213,Open,United States,1:11:22,3:59,5:06:58,3:55,3:44:35,10:10:48
765,1612,Holger Wiedermann,M40-44,191,Open,Germany,1:07:45,4:52,5:10:22,4:34,3:43:16,10:10:49
766,474,Sean Lewis,M55-59,11,Open,United States,1:08:08,4:13,4:54:32,4:30,3:59:25,10:10:49
767,981,Patrick Longhin,M45-49,111,Open,Germany,1:12:18,4:07,5:14:15,3:16,3:37:07,10:11:02
768,2256,JOSÉ FERNÁNDEZ MAESTRE,M30-34,173,Open,Spain,1:17:04,4:52,5:03:14,6:04,3:39:50,10:11:04
769,1322,Diego Gelos,M40-44,192,Open,Argentina,1:06:27,4:35,5:09:33,3:20,3:47:12,10:11:07
770,2661,Will Watson,M18-24,26,Open,United States,1:07:20,3:21,4:59:15,3:50,3:57:22,10:11:08
771,2229,Michael Schäfler,M30-34,174,Open,Switzerland,1:10:03,4:57,4:55:41,3:59,3:56:29,10:11:09
772,1736,Ruslan Erzhanov,M40-44,193,Open,Kazakhstan,1:04:22,3:54,5:21:43,3:57,3:37:14,10:11:11
773,1821,Sebastian Agudelo,M35-39,214,Open,Colombia,1:04:30,4:17,5:24:49,7:10,3:30:27,10:11:13
774,2575,Jan Susicky,M30-34,175,Open,Czechia,1:06:59,4:43,5:02:19,3:13,3:53:59,10:11:14
775,1064,Ishi Steiner,M45-49,112,Open,Switzerland,1:22:14,3:55,5:24:59,4:01,3:16:07,10:11:15
776,1760,Brian Willing,M35-39,215,Open,United States,1:14:22,4:29,5:07:58,5:33,3:39:02,10:11:24
777,2453,Thomas Keusch,M30-34,176,Open,Switzerland,58:30,3:09,5:08:01,4:33,3:57:14,10:11:27
778,1615,Damien Barbour,M40-44,194,Open,Australia,1:08:45,5:10,5:13:47,4:53,3:38:51,10:11:27
779,2185,Joe Adriaens,M35-39,216,Open,United States,59:10,3:54,4:53:27,8:33,4:06:32,10:11:36
780,1774,Carlos Moncada,M35-39,217,Open,Costa Rica,1:00:41,4:27,5:18:36,4:09,3:43:46,10:11:39
781,1761,Sam Thompson,M35-39,218,Open,United Kingdom,1:06:37,4:14,5:05:39,3:54,3:51:29,10:11:53
782,1276,Frederick David,M40-44,195,Open,France,1:25:02,5:36,5:10:41,4:36,3:26:02,10:11:57
783,1538,Pekka Ylitalo,M40-44,196,Open,Finland,1:12:10,4:09,5:04:39,5:38,3:45:22,10:11:57
784,1361,Nicolas Cougot,M40-44,197,Open,France,1:03:57,4:27,5:05:42,5:26,3:52:30,10:12:02
785,815,Folker Hanusch,M45-49,113,Open,Australia,1:08:48,3:57,5:10:30,5:00,3:43:53,10:12:08
786,579,Taisuke Wakayama,M45-49,114,Open,Japan,1:01:00,3:45,5:21:55,4:08,3:41:25,10:12:13
787,1569,Alessio Morellato,M40-44,198,Open,Italy,51:23,4:00,5:03:31,5:34,4:07:53,10:12:21
788,2578,Lee Mccarron,M30-34,177,Open,United Kingdom,59:03,5:26,5:17:49,7:14,3:42:54,10:12:26
789,2617,Diego Yazigi Arantes,M18-24,27,Open,Brazil,1:01:57,3:27,5:21:23,4:47,3:40:53,10:12:28
790,2210,Bruno Lira,M30-34,178,Open,Brazil,1:10:45,3:33,5:07:00,4:04,3:47:08,10:12:30
791,1846,Yannick Ampoulie,M35-39,219,Open,France,1:17:03,3:23,5:00:14,5:22,3:46:30,10:12:32
792,1838,Will Pascarella,M35-39,220,Open,United States,1:05:54,4:12,5:25:37,4:17,3:32:34,10:12:35
793,1747,Julien Déom,M35-39,221,Open,Belgium,59:39,2:47,5:06:07,4:16,3:59:53,10:12:42
794,1133,Torben Detlefsen,M45-49,115,Open,Germany,1:20:43,4:57,5:03:25,5:57,3:37:42,10:12:43
795,2373,Trevor Cotsworth,M30-34,179,Open,Australia,1:05:22,4:59,5:05:00,4:36,3:52:49,10:12:45
796,754,Michael Paradisis,M45-49,116,Open,Australia,1:03:57,6:14,5:13:29,3:43,3:45:25,10:12:50
797,1724,Cedric Callebaut,M40-44,199,Open,Belgium,1:03:25,5:21,5:27:52,6:16,3:29:57,10:12:51
798,1421,Jan Vobecky,M40-44,200,Open,United States,1:03:22,3:50,5:07:22,5:05,3:53:13,10:12:53
799,2500,Chris Lee,M30-34,180,Open,Australia,57:20,4:30,4:57:11,4:05,4:09:55,10:13:01
800,2154,Loic Lemaitre,M35-39,222,Open,Belgium,1:02:14,3:06,5:00:04,4:52,4:02:45,10:13:01
801,2088,Kory Gray,M35-39,223,Open,United States,1:00:37,4:11,5:13:01,4:00,3:51:31,10:13:21
802,2342,Michael Frantzeskou,M30-34,181,Open,South Africa,1:12:37,4:17,5:10:49,4:04,3:41:35,10:13:22
803,2214,Joan Manzetto,M30-34,182,Open,Argentina,58:13,4:29,5:07:38,3:56,3:59:06,10:13:22
804,2503,Kai Hesterwerth,M30-34,183,Open,Germany,57:46,4:11,5:12:03,3:55,3:55:28,10:13:23
805,2596,Kevin Prunty,M18-24,28,Open,United States,1:10:12,5:44,5:11:15,5:48,3:40:25,10:13:25
806,1693,Han Dauw,M40-44,201,Open,Switzerland,1:14:40,4:12,5:09:41,4:40,3:40:13,10:13:25
807,2013,Thomas Lykke Sorensen,M35-39,224,Open,Denmark,1:12:58,6:02,5:06:51,5:30,3:42:07,10:13:29
808,904,Jiri Havrlant,M45-49,117,Open,Czechia,1:08:20,3:54,5:05:05,5:05,3:51:08,10:13:32
809,2283,Ben Leedham,M30-34,184,Open,Australia,1:06:03,5:25,4:59:06,4:37,3:58:23,10:13:34
810,1964,Mark Van Mechelen,M35-39,225,Open,United States,58:23,3:44,5:11:22,3:31,3:56:42,10:13:42
811,658,Steven Dick,M45-49,118,Open,Belgium,1:22:21,4:00,5:12:38,4:40,3:30:07,10:13:45
812,1957,Francisco Ceron,M35-39,226,Open,Colombia,1:10:17,4:52,5:19:42,6:17,3:33:03,10:14:11
813,1867,Bob Larue,M35-39,227,Open,United States,1:23:00,4:09,5:06:42,4:47,3:35:37,10:14:15
814,1050,Tobias Zibold,M45-49,119,Open,Germany,1:18:30,4:14,5:15:32,4:11,3:31:53,10:14:18
815,2521,Gabriel Chavanne,M30-34,185,Open,Switzerland,1:03:43,3:23,4:42:11,4:50,4:20:17,10:14:24
816,1274,David Martin,M40-44,202,Open,France,1:03:18,4:07,5:15:05,5:52,3:46:06,10:14:28
817,1176,Adam Morgan,M40-44,203,Open,United States,1:07:13,5:51,4:59:06,6:15,3:56:04,10:14:30
818,1555,Scott Shumate,M40-44,204,Open,United States,1:03:12,2:58,5:06:10,4:04,3:58:11,10:14:36
819,1999,Kevin Reagin,M35-39,228,Open,United States,1:08:09,4:53,5:02:13,4:18,3:55:08,10:14:41
820,1350,Juan Guerrero Ochoa,M40-44,205,Open,Spain,1:06:25,4:58,5:18:52,4:53,3:39:31,10:14:41
821,1161,Daniel Godino,M40-44,206,Open,Australia,1:12:08,5:54,5:18:10,4:32,3:34:00,10:14:44
822,1465,David Cruz,M40-44,207,Open,United States,1:11:00,4:27,5:05:37,4:11,3:49:34,10:14:49
823,1399,Jeff Scarella,M40-44,208,Open,United States,1:03:07,4:58,4:56:04,5:16,4:05:27,10:14:52
824,1730,David Jouy,M40-44,209,Open,France,1:05:31,3:59,5:21:16,5:17,3:38:50,10:14:53
825,1010,Cesar Borges Alvarez,M45-49,120,Open,Spain,1:09:41,3:36,5:33:25,6:17,3:21:55,10:14:54
826,1895,Octavio Conte Martinez,M35-39,229,Open,Spain,1:03:29,5:26,5:05:26,4:32,3:56:04,10:14:56
827,2009,Ruurd-Jan Zwarts,M35-39,230,Open,Netherlands,1:08:08,4:24,4:55:29,6:00,4:00:58,10:15:00
828,2145,Thomas Walsh,M35-39,231,Open,Ireland,1:12:29,6:47,5:09:16,5:39,3:40:53,10:15:03
829,1324,Vicente Palones Llopis,M40-44,210,Open,Spain,1:10:25,4:57,5:14:06,5:25,3:40:17,10:15:10
830,2374,David Van Oosten,M30-34,186,Open,Netherlands,1:06:30,4:37,5:11:51,4:51,3:47:27,10:15:16
831,826,Casey Kershner,M45-49,121,Open,United States,1:08:51,5:51,5:17:24,5:04,3:38:15,10:15:26
832,1505,Martin Stam,M40-44,211,Open,United States,1:03:15,4:47,5:09:07,4:36,3:53:44,10:15:29
833,667,Niall Behan,M45-49,122,Open,Ireland,1:06:08,3:54,5:13:16,4:30,3:47:50,10:15:38
834,1437,Timo Ruohoalho,M40-44,212,Open,Finland,1:07:38,4:50,5:28:59,4:56,3:29:28,10:15:50
835,1583,Kenny Mcdaniel,M40-44,213,Open,United States,1:13:09,5:10,5:14:23,4:19,3:38:52,10:15:53
836,983,Pierre Dos Santos,M45-49,123,Open,France,1:12:11,5:19,5:17:25,4:02,3:37:00,10:15:56
837,462,Tim Rowley,M55-59,12,Open,Canada,1:06:10,4:18,5:19:22,7:44,3:38:23,10:15:57
838,1376,Mark Deagan,M40-44,214,Open,Australia,1:10:28,5:21,5:05:18,5:41,3:49:12,10:16:00
839,1459,Aubrey Aldy,M40-44,215,Open,United States,1:10:21,5:11,5:16:33,4:06,3:39:54,10:16:05
840,1008,José Lago Cives,M45-49,124,Open,Spain,1:12:16,6:48,5:17:45,7:51,3:31:28,10:16:07
841,528,Jens Lundberg,M45-49,125,Open,Sweden,1:09:06,4:55,5:19:07,4:48,3:38:28,10:16:24
842,1558,Artem Sitnikov,M40-44,216,Open,Latvia,1:11:38,3:46,5:04:45,2:53,3:53:27,10:16:28
843,866,Fernando Andrade,M45-49,126,Open,Brazil,1:07:23,3:45,5:02:09,3:22,3:59:55,10:16:34
844,1259,Ronald Hotter,M40-44,217,Open,Austria,1:00:36,3:54,5:16:58,5:02,3:50:06,10:16:35
845,1588,Jordan Nichols,M40-44,218,Open,United States,1:00:36,3:41,5:01:30,3:43,4:07:08,10:16:38
846,829,Andreas Fuchs,M45-49,127,Open,Austria,1:01:29,2:53,4:52:56,4:55,4:14:27,10:16:41
847,2082,Ian Minster,M35-39,232,Open,United States,1:05:50,5:29,5:24:09,6:03,3:35:11,10:16:42
848,2220,Leon Van Hamersveld,M30-34,187,Open,Netherlands,57:17,4:19,5:08:36,5:27,4:01:10,10:16:49
849,1490,Anthony Toth,M40-44,219,Open,Canada,1:02:40,2:47,5:00:53,4:40,4:05:50,10:16:51
850,2650,Magnus Funder,M18-24,29,Open,Denmark,1:02:09,3:58,5:08:43,4:53,3:57:09,10:16:54
851,2043,Sören Borcherding,M35-39,233,Open,Germany,1:00:55,4:55,4:59:13,5:48,4:06:06,10:16:56
852,1595,Bryan Schleppy,M40-44,220,Open,United States,1:07:44,6:56,5:17:46,7:20,3:37:11,10:16:58
853,891,Pawel Targoni,M45-49,128,Open,Poland,1:02:28,3:32,5:30:37,4:21,3:36:12,10:17:12
854,1741,Nicholas Modrzejewski,M40-44,221,Open,United States,1:02:49,3:10,5:16:20,5:12,3:49:41,10:17:13
855,959,Juan Moreno Rivert,M45-49,129,Open,Spain,1:09:16,4:48,5:26:38,6:28,3:30:08,10:17:17
856,1859,Jason Lentzke,M35-39,234,Open,United States,59:25,4:13,4:52:37,5:24,4:15:47,10:17:25
857,1119,Jürgen Stefke,M45-49,130,Open,Germany,1:10:12,5:46,4:58:29,5:16,3:57:47,10:17:30
858,2501,Matt Kerr,M30-34,188,Open,New Zealand,52:24,4:06,5:07:41,8:46,4:04:37,10:17:35
859,909,Greg Stewart,M45-49,131,Open,United States,1:02:52,4:37,5:09:35,6:10,3:54:23,10:17:37
860,657,Rainer Schuff,M45-49,132,Open,Germany,1:02:46,4:19,5:08:10,8:44,3:53:40,10:17:39
861,2259,Javier Valle,M30-34,189,Open,Spain,1:13:56,3:56,5:16:21,4:03,3:39:27,10:17:44
862,1872,Kristjan Silvet,M35-39,235,Open,Estonia,1:14:51,3:52,5:11:24,3:17,3:44:25,10:17:49
863,595,Damien Lefevre,M45-49,133,Open,France,1:01:41,7:41,5:23:34,5:23,3:39:31,10:17:51
864,1834,Florian Hubrich,M35-39,236,Open,Germany,1:18:07,3:27,4:56:40,4:06,3:55:33,10:17:54
865,615,Bernardo Liguori,M45-49,134,Open,Argentina,1:10:13,5:27,5:20:57,4:13,3:37:07,10:17:57
866,1281,Daniel Galandr,M40-44,222,Open,Czechia,1:16:56,4:30,5:13:21,4:40,3:38:31,10:17:59
867,1186,Jurgen Vierstraete,M40-44,223,Open,Belgium,1:06:11,5:29,5:04:41,5:25,3:56:17,10:18:03
868,1005,Christian Perreira,M45-49,135,Open,United States,1:05:05,4:05,5:10:41,6:53,3:51:29,10:18:12
869,2537,Aron Reitz,M30-34,190,Open,Germany,1:08:09,4:49,5:03:04,5:41,3:56:34,10:18:16
870,2562,Pietro Santini,M30-34,191,Open,Italy,1:05:00,3:31,4:59:59,8:02,4:01:52,10:18:24
871,1229,Nuno Fernandes,M40-44,224,Open,Portugal,1:17:33,5:28,5:17:09,5:58,3:32:18,10:18:26
872,2469,Carlos Eduardo Kroth,M30-34,192,Open,Brazil,1:05:50,4:29,5:17:00,4:24,3:46:43,10:18:26
873,1929,Thomas Knittel,M35-39,237,Open,Germany,1:18:33,4:20,5:15:14,4:52,3:35:37,10:18:36
874,2059,Miguel Netto,M35-39,238,Open,South Africa,1:09:41,3:37,5:18:30,5:27,3:41:23,10:18:38
875,732,Tim Hola,M45-49,136,Open,United States,54:11,3:54,4:58:59,5:43,4:15:57,10:18:44
876,2207,Julian Schöfer,M30-34,193,Open,Germany,1:08:27,4:50,4:59:37,3:31,4:02:20,10:18:45
877,2340,Bram De Bruyckere,M30-34,194,Open,Belgium,1:12:42,4:36,5:04:58,4:59,3:51:32,10:18:48
878,2588,Tyler Tsubota,M30-34,195,Open,United States,1:18:35,7:27,4:54:12,8:28,3:50:30,10:19:12
879,1124,Brice Faucheux,M45-49,137,Open,France,1:08:01,4:46,5:20:47,3:52,3:41:47,10:19:13
880,660,Michael Zantelid,M45-49,138,Open,Sweden,1:05:59,5:47,5:11:49,5:38,3:50:02,10:19:15
881,1534,Michaël Charton,M40-44,225,Open,France,1:04:12,4:16,5:08:02,5:08,3:57:39,10:19:17
882,752,Marcus Meyer-Bertram,M45-49,139,Open,Germany,1:19:59,4:27,5:00:31,4:14,3:50:12,10:19:24
883,2416,Shayne Lewis,M30-34,196,Open,United States,1:04:40,4:30,5:17:23,5:00,3:47:53,10:19:25
884,2089,Dominik Neumann,M35-39,239,Open,Germany,1:00:35,3:40,5:04:00,4:05,4:07:07,10:19:27
885,674,Gentry Yost,M45-49,140,Open,United States,1:11:08,4:57,4:57:38,6:21,3:59:39,10:19:43
886,1267,Daren Davies,M40-44,226,Open,United Kingdom,1:14:25,4:50,5:21:42,5:23,3:33:26,10:19:45
887,1812,James Knipe,M35-39,240,Open,Ireland,1:12:54,5:27,5:13:33,2:34,3:45:19,10:19:48
888,1557,Thomas Collins,M40-44,227,Open,Ireland,1:11:00,8:00,5:23:08,6:20,3:31:26,10:19:53
889,551,Klaus Arnold,M45-49,141,Open,Germany,1:16:59,4:05,5:18:56,4:05,3:35:56,10:20:01
890,701,Jose Camacho Fernandez,M45-49,142,Open,Spain,1:13:47,4:57,5:03:06,4:23,3:53:53,10:20:06
891,2691,Rodrigo Gabriel,M35-39,241,Open,Guatemala,1:07:03,5:01,5:34:44,5:05,3:28:15,10:20:07
892,1645,Dariusz Walkowiak,M40-44,228,Open,Poland,1:06:37,5:20,4:59:23,4:50,4:03:58,10:20:08
893,1696,Nick Kenny,M40-44,229,Open,Australia,1:09:22,5:19,5:21:50,4:15,3:39:29,10:20:16
894,548,Mark Follett,M45-49,143,Open,Australia,1:11:07,4:11,5:07:28,4:18,3:53:14,10:20:19
895,1828,Johan Nyberg,M35-39,242,Open,Sweden,1:04:05,3:49,5:04:15,3:49,4:04:30,10:20:28
896,630,Benjamin Saunders,M45-49,144,Open,United States,1:01:37,3:59,5:21:04,5:19,3:48:29,10:20:28
897,2300,Joe Lanser,M30-34,197,Open,United States,1:15:21,5:06,5:09:06,7:04,3:43:59,10:20:37
898,1594,Balazs Szalo,M40-44,230,Open,Hungary,1:12:28,4:03,5:13:30,4:52,3:45:49,10:20:41
899,1402,Belmiro Milvo Tesser Junior,M40-44,231,Open,Brazil,1:11:06,4:42,5:01:01,4:13,3:59:40,10:20:42
900,1920,Mario Santos,M35-39,243,Open,Portugal,1:07:22,6:39,5:14:03,5:37,3:47:06,10:20:46
901,801,Luca Macchi,M45-49,145,Open,Italy,1:09:45,4:25,4:51:59,6:26,4:08:14,10:20:49
902,622,Eric Drolet,M45-49,146,Open,Canada,1:04:30,4:54,5:14:51,5:21,3:51:18,10:20:53
903,1148,Paul Timms,M45-49,147,Open,United Kingdom,1:12:06,6:11,5:21:53,7:06,3:33:39,10:20:55
904,2462,Giovanni Renó,M30-34,198,Open,Italy,1:04:06,4:02,5:06:50,4:27,4:01:34,10:20:59
905,1712,Cristian Nae,M40-44,232,Open,Sweden,1:03:14,4:32,5:12:34,5:07,3:55:35,10:21:01
906,737,Swen Rabe,M45-49,148,Open,Germany,1:06:10,5:53,5:03:56,8:05,3:56:58,10:21:02
907,1605,Baizhan Kanafin,M40-44,233,Open,Kazakhstan,1:04:46,3:36,4:50:38,4:50,4:17:14,10:21:04
908,523,Chris Maxwell,M45-49,149,Open,United Kingdom,1:07:53,4:45,5:17:49,4:01,3:46:43,10:21:10
909,1769,Ryan Coppola,M35-39,244,Open,Australia,58:43,4:37,4:50:36,4:28,4:22:48,10:21:12
910,2201,Sascha Nittel,M30-34,199,Open,Germany,1:14:55,3:05,5:41:46,4:49,3:16:39,10:21:13
911,601,Olaf Bartz,M45-49,150,Open,Germany,1:21:29,5:44,5:15:55,7:14,3:31:01,10:21:22
912,949,Samuel Gully,M45-49,151,Open,France,1:19:07,9:26,5:18:31,4:26,3:29:56,10:21:26
913,1784,David Hansen,M35-39,245,Open,United States,1:05:25,4:43,4:54:31,6:47,4:10:09,10:21:33
914,1830,Daniel Howitt,M35-39,246,Open,Australia,56:59,5:23,5:43:26,6:11,3:29:41,10:21:40
915,1210,Jean-Franҫois Hannard,M40-44,234,Open,Belgium,1:10:55,3:41,5:03:58,8:30,3:54:55,10:21:59
916,2584,Dan Johnston,M30-34,200,Open,United States,1:02:39,6:47,5:11:42,5:06,3:55:48,10:22:01
917,602,Marc Capobianco,M45-49,152,Open,United States,1:09:53,5:54,5:30:31,4:33,3:31:10,10:22:01
918,858,Jesse Czelusta,M45-49,153,Open,United States,1:01:53,4:18,5:00:57,4:17,4:10:39,10:22:05
919,1713,John Condon,M40-44,235,Open,United States,1:04:31,4:42,4:53:58,5:03,4:13:54,10:22:08
920,2262,Chen Yahalom,M30-34,201,Open,Israel,1:12:19,4:36,5:13:49,5:21,3:46:03,10:22:09
921,676,Marcin Chojnacki,M45-49,154,Open,Poland,1:11:04,3:11,5:03:22,4:05,4:00:29,10:22:10
922,808,Sauli Haahtela,M45-49,155,Open,Finland,1:02:15,3:29,5:00:54,4:58,4:10:36,10:22:11
923,606,Claes Ivenborg,M45-49,156,Open,Sweden,1:06:43,6:06,5:11:43,6:21,3:51:22,10:22:14
924,1141,Mark Coyle,M45-49,157,Open,United States,1:14:27,6:10,5:19:40,6:18,3:35:45,10:22:19
925,1702,Ward Goethals,M40-44,236,Open,Belgium,1:07:37,5:21,5:08:43,6:39,3:54:04,10:22:23
926,1921,James O’sullivan,M35-39,247,Open,United States,1:00:36,3:43,5:09:15,3:37,4:05:17,10:22:28
927,2005,Felix Menn,M35-39,248,Open,Germany,1:07:05,3:19,5:08:11,4:27,3:59:32,10:22:34
928,1808,Bradley Symons,M35-39,249,Open,South Africa,1:01:52,4:03,5:09:57,3:21,4:03:24,10:22:36
929,1991,Fabian Greiß,M35-39,250,Open,Germany,1:08:03,3:32,5:17:27,5:39,3:47:59,10:22:40
930,688,Allan Jakobsen,M45-49,158,Open,Denmark,1:01:57,4:20,5:11:58,6:38,3:57:55,10:22:47
931,1228,Brian Andzejewicz,M40-44,237,Open,United States,1:16:38,6:02,5:01:07,6:40,3:52:19,10:22:47
932,2125,Brendan White,M35-39,251,Open,Canada,1:03:53,5:01,5:11:15,5:03,3:57:42,10:22:53
933,1098,Rino Bresolin,M45-49,159,Open,Italy,1:17:58,5:28,5:09:55,5:17,3:44:18,10:22:56
934,607,Hideaki Hoshi,M45-49,160,Open,Japan,1:14:19,3:32,5:21:08,5:30,3:38:35,10:23:04
935,1662,Jason Ream,M40-44,238,Open,United States,1:05:12,4:31,5:14:45,3:03,3:55:35,10:23:06
936,1493,Lawrence Herold,M40-44,239,Open,United States,1:09:20,3:10,5:16:53,3:35,3:50:09,10:23:07
937,2520,Pavel Noever,M30-34,202,Open,Germany,1:10:54,5:20,5:18:58,4:56,3:43:00,10:23:07
938,1631,Adam Melonas,M40-44,240,Open,Australia,1:07:07,5:48,5:08:00,6:59,3:55:15,10:23:10
939,150,Franck Vangraas,M55-59,13,Open,Netherlands,59:44,4:03,4:57:13,6:00,4:16:13,10:23:13
940,1925,Rodolfo Zeledon,M35-39,252,Open,Costa Rica,1:02:52,4:44,5:10:11,5:40,3:59:50,10:23:17
941,1621,Carlos Vives Gaseni,M40-44,241,Open,Spain,1:01:56,3:14,5:19:04,6:42,3:52:22,10:23:18
942,2649,Myles Taylor,M18-24,30,Open,United States,1:05:43,4:12,5:14:24,4:11,3:54:51,10:23:21
943,935,Grégory Namer,M45-49,161,Open,France,1:11:39,4:50,5:18:09,4:11,3:44:34,10:23:23
944,2282,Ritvars Traidass,M30-34,203,Open,Latvia,1:10:52,4:00,5:04:09,4:20,4:00:05,10:23:26
945,1071,Luca Mainardi,M45-49,162,Open,Italy,1:18:01,7:09,5:11:34,6:07,3:40:35,10:23:27
946,1275,Kenneth Jones,M40-44,242,Open,United States,1:22:02,4:40,5:18:20,4:47,3:33:37,10:23:27
947,1053,Walter Kaspirowitsch,M45-49,163,Open,Germany,1:11:59,4:11,5:07:01,4:01,3:56:16,10:23:28
948,892,Justin Dutton,M45-49,164,Open,Ireland,1:06:02,5:16,5:21:50,5:37,3:44:46,10:23:31
949,2270,Mikk Mets,M30-34,204,Open,Estonia,1:12:45,6:42,5:14:49,6:10,3:43:08,10:23:33
950,1299,Leonardo Corio,M40-44,243,Open,Brazil,1:09:06,4:28,5:23:43,3:54,3:42:23,10:23:34
951,1581,Antoine Cenci,M40-44,244,Open,France,1:03:42,4:38,5:12:33,3:51,3:58:52,10:23:36
952,2006,Robert Ordish,M35-39,253,Open,United States,1:10:52,6:12,5:30:09,7:02,3:29:29,10:23:45
953,549,Paul James,M45-49,165,Open,United Kingdom,1:02:15,6:54,5:16:35,6:10,3:51:51,10:23:45
954,686,Paulo Martins,M45-49,166,Open,Portugal,1:15:35,4:58,5:16:06,6:50,3:40:21,10:23:49
955,2310,Nick Van Der Haegen,M30-34,205,Open,Belgium,1:06:56,6:48,5:14:52,7:19,3:47:55,10:23:50
956,753,Morten Stokholm,M45-49,167,Open,Denmark,55:50,4:20,5:01:41,4:11,4:17:51,10:23:53
957,952,Dwayne Kemp,M45-49,168,Open,South Africa,1:10:07,4:18,5:16:10,5:50,3:47:29,10:23:54
958,1269,Robert Kathan,M40-44,245,Open,Austria,1:09:55,6:50,5:20:53,7:26,3:38:51,10:23:55
959,1102,Sören Wallmen,M45-49,169,Open,Germany,1:03:34,4:04,5:13:48,5:26,3:57:07,10:23:59
960,1709,Gareth Parr,M40-44,246,Open,United Kingdom,1:04:47,5:54,5:10:55,6:41,3:55:44,10:24:02
961,2696,Esa Heinonen,M55-59,14,Open,Finland,1:05:55,4:38,5:07:31,6:01,3:59:57,10:24:02
962,1564,Conor Quinn,M40-44,247,Open,Ireland,1:06:30,4:27,5:05:49,4:10,4:03:07,10:24:03
963,2567,Nicolas Rohde,M30-34,206,Open,Germany,1:02:10,2:20,5:09:09,2:30,4:08:00,10:24:10
964,1356,Tomer Sebagh,M40-44,248,Open,Israel,1:04:59,5:11,5:12:19,4:46,3:56:57,10:24:12
965,215,Albert Boyce,M55-59,15,Open,United States,57:29,3:42,5:15:47,3:55,4:03:23,10:24:16
966,1803,Matthew Greer,M35-39,254,Open,United States,1:06:36,5:58,5:14:19,5:40,3:51:43,10:24:16
967,2020,Abay Ussenov,M35-39,255,Open,Kazakhstan,1:06:49,4:32,5:14:53,3:16,3:54:50,10:24:19
968,1715,James Platt,M40-44,249,Open,United Kingdom,1:10:54,5:19,5:21:19,4:47,3:42:04,10:24:23
969,2620,Tom Holland,M18-24,31,Open,Australia,1:00:53,3:58,5:39:28,5:34,3:34:34,10:24:26
970,1708,Michael Nabb,M40-44,250,Open,Sweden,1:06:20,4:57,5:17:01,3:42,3:52:26,10:24:26
971,951,Pawel Helak,M45-49,170,Open,Poland,1:13:29,4:55,5:14:04,3:29,3:48:31,10:24:28
972,1391,Nick Langer,M40-44,251,Open,United States,1:05:05,4:39,5:12:53,6:37,3:55:24,10:24:38
973,2647,Gael Taillandier,M18-24,32,Open,France,58:03,4:21,5:07:17,3:42,4:11:17,10:24:40
974,1171,Olivier Lange,M40-44,252,Open,Belgium,1:13:24,3:48,5:07:37,4:45,3:55:10,10:24:44
975,964,Cornelius Wermann,M45-49,171,Open,Germany,1:04:32,4:09,5:03:35,4:26,4:08:06,10:24:48
976,849,Simon Day,M45-49,172,Open,United Kingdom,1:02:42,4:23,5:14:07,5:16,3:58:22,10:24:50
977,1447,Massimo Leonardi,M40-44,253,Open,Italy,1:04:44,5:44,5:00:34,7:08,4:06:44,10:24:54
978,1000,Adam Heiser,M45-49,173,Open,United States,1:09:19,5:17,5:22:06,7:06,3:41:08,10:24:55
979,1818,Christian Holmer,M35-39,256,Open,Denmark,1:12:27,5:03,5:06:58,4:42,3:55:52,10:25:02
980,590,Thomas Maag,M45-49,174,Open,Germany,1:11:59,5:57,5:20:20,6:35,3:40:12,10:25:02
981,773,Alfonso Monclus,M45-49,175,Open,Spain,1:10:08,4:39,5:16:51,5:29,3:48:06,10:25:13
982,2487,Zachary Turner,M30-34,207,Open,Australia,1:09:21,3:50,5:08:16,3:32,4:00:15,10:25:14
983,945,Björn Schuldt,M45-49,176,Open,Germany,1:06:33,5:49,5:22:26,4:47,3:45:42,10:25:16
984,1369,Ivan Diaz Chacon,M40-44,254,Open,Spain,1:04:42,4:30,5:06:19,5:20,4:04:32,10:25:24
985,1810,Jonathan Cordiner,M35-39,257,Open,United Kingdom,1:07:06,3:45,5:08:43,6:54,3:59:11,10:25:39
986,326,Paulo Cezar Da Costa Leite,M55-59,16,Open,Brazil,1:08:24,4:35,5:01:52,4:26,4:06:22,10:25:40
987,736,Matias Santos,M45-49,177,Open,Argentina,59:57,3:52,5:18:27,4:52,3:58:34,10:25:42
988,2224,Takayuki Tadokoro,M30-34,208,Open,Japan,1:10:21,3:41,5:16:47,4:40,3:50:16,10:25:46
989,1701,Jimmy Sosinski,M40-44,255,Open,United States,1:08:42,3:34,4:46:35,3:08,4:23:54,10:25:53
990,1163,Mikael Nelker,M40-44,256,Open,Sweden,1:05:45,4:06,4:57:37,4:38,4:13:46,10:25:53
991,2081,Jaromir Szurlej,M35-39,258,Open,Poland,1:23:48,7:25,5:02:27,6:21,3:45:56,10:25:58
992,2401,Pavel Pešek,M30-34,209,Open,Czechia,1:07:20,3:53,5:23:56,7:13,3:43:38,10:26:00
993,707,Garrett Bowers,M45-49,178,Open,United States,1:24:39,4:57,5:15:16,4:52,3:36:19,10:26:03
994,1614,Tomáš Racek,M40-44,257,Open,Czechia,1:04:17,3:34,5:00:06,4:07,4:14:03,10:26:06
995,990,Michael Matak,M45-49,179,Open,Canada,1:19:46,5:21,5:09:13,7:16,3:44:37,10:26:12
996,1554,Danie Kruger,M40-44,258,Open,South Africa,1:18:06,5:43,5:14:35,4:16,3:43:32,10:26:13
997,2213,Daniel Smith,M30-34,210,Open,Australia,54:28,3:07,5:21:21,3:34,4:03:46,10:26:16
998,1626,Markus Reiter,M40-44,259,Open,Austria,1:04:29,4:37,4:57:15,5:35,4:14:22,10:26:19
999,851,Claudio Oriana,M45-49,180,Open,Italy,54:12,5:46,5:18:26,5:20,4:02:38,10:26:21
1000,2284,Timur Iglikov,M30-34,211,Open,Kazakhstan,1:12:12,4:55,5:08:52,4:05,3:56:20,10:26:25
1001,715,Nils Ohlendorf,M45-49,181,Open,Germany,1:12:59,3:02,5:02:12,3:48,4:04:25,10:26:26
1002,1180,Timo Ruokonen,M40-44,260,Open,Finland,1:21:51,3:33,5:30:11,4:35,3:26:17,10:26:26
1003,885,Chris Janics,M45-49,182,Open,Austria,1:13:00,7:23,5:27:30,4:00,3:34:35,10:26:28
1004,368,Carsten Steenberg,M55-59,17,Open,Denmark,1:10:19,5:04,5:30:04,4:34,3:36:29,10:26:31
1005,1355,João Silva,M40-44,261,Open,Portugal,1:11:41,5:18,5:18:42,5:16,3:45:39,10:26:35
1006,593,Jared Wilson,M45-49,183,Open,United States,1:02:57,4:57,5:16:01,7:09,3:55:39,10:26:43
1007,1573,Federico Marques,M40-44,262,Open,Brazil,59:03,6:05,5:09:13,7:24,4:05:15,10:27:00
1008,1475,Benedikt Kuestermann,M40-44,263,Open,Germany,1:03:38,4:25,5:04:33,5:40,4:08:49,10:27:05
1009,1047,Matthew Crave,M45-49,184,Open,United States,1:12:47,3:34,5:08:38,5:46,3:56:22,10:27:08
1010,2512,Cody Caissie,M30-34,212,Open,Canada,1:05:32,3:37,5:07:56,4:02,4:06:04,10:27:12
1011,531,Paul Walton,M45-49,185,Open,Australia,59:32,4:39,5:10:19,3:49,4:08:55,10:27:14
1012,2132,Kurt Mcdonnell,M35-39,259,Open,United Kingdom,1:13:46,4:52,5:08:34,3:50,3:56:14,10:27:15
1013,1123,Denny Hodbod,M45-49,186,Open,Germany,1:12:39,6:46,5:12:08,7:10,3:48:40,10:27:24
1014,1189,Mike Ley,M40-44,264,Open,Belgium,1:10:10,4:11,5:17:17,4:59,3:50:47,10:27:25
1015,491,Vincenzo Zofrea,M55-59,18,Open,Australia,1:03:55,3:44,5:17:37,3:25,3:58:43,10:27:25
1016,2694,Youssef Sebban,M30-34,213,Open,Morocco,1:15:49,4:02,5:14:41,4:19,3:48:43,10:27:35
1017,1043,Kieron Paterson,M45-49,187,Open,Australia,1:09:31,4:42,5:27:58,3:26,3:41:58,10:27:35
1018,2659,Nicolas Longo,M18-24,33,Open,United States,1:08:09,3:57,5:07:15,7:14,4:01:01,10:27:36
1019,2118,Geraint Lewis,M35-39,260,Open,United Kingdom,1:10:57,4:04,5:15:14,6:48,3:50:34,10:27:38
1020,2053,Daniel Hartong,M35-39,261,Open,United States,1:07:08,4:53,5:24:04,7:01,3:44:40,10:27:46
1021,744,Dimitri Gelders,M45-49,188,Open,Belgium,1:13:05,4:49,5:20:57,6:54,3:42:06,10:27:50
1022,1415,Filip Sheridan,M40-44,265,Open,Belgium,1:06:04,8:04,5:16:06,7:41,3:50:10,10:28:05
1023,680,Steven Miller,M45-49,189,Open,New Zealand,1:14:48,3:25,5:13:00,3:44,3:53:20,10:28:17
1024,1061,Neil Dighton,M45-49,190,Open,United Kingdom,1:07:32,4:25,5:11:31,4:30,4:00:22,10:28:19
1025,963,Todd Jackson,M45-49,191,Open,United States,1:01:03,4:58,5:18:15,4:45,3:59:19,10:28:20
1026,1575,Douglas Rocha,M40-44,266,Open,Brazil,1:10:30,4:12,5:10:50,4:36,3:58:20,10:28:29
1027,2086,Jason Sabio,M35-39,262,Open,United States,1:06:05,5:20,5:11:12,3:52,4:02:01,10:28:30
1028,1829,Sean Maclaurin,M35-39,263,Open,United States,1:04:13,4:49,5:03:17,5:31,4:10:47,10:28:37
1029,1153,Gilbert Pinard,M45-49,192,Open,Canada,1:05:43,4:06,5:07:40,3:53,4:07:15,10:28:38
1030,2423,Joe Day,M30-34,214,Open,United States,58:37,5:49,4:55:53,4:31,4:23:52,10:28:41
1031,1370,Robert Gouley,M40-44,267,Open,Canada,55:06,5:14,5:14:56,5:11,4:08:15,10:28:41
1032,930,Artur Czerwiec,M45-49,193,Open,Poland,55:36,3:23,5:19:13,4:47,4:05:46,10:28:45
1033,2240,Sean Mahoney,M30-34,215,Open,United States,48:22,14:28,4:56:23,12:50,4:16:50,10:28:52
1034,2685,Francisco Castillo,M45-49,194,Open,Guatemala,1:03:54,4:10,5:11:17,5:14,4:04:24,10:29:00
1035,434,Chris Tomkinson,M55-59,19,Open,Canada,1:07:58,3:45,5:14:39,4:28,3:58:11,10:29:01
1036,1628,Hervé Dion,M40-44,268,Open,Belgium,1:11:53,2:59,4:58:52,3:35,4:11:43,10:29:01
1037,1746,Yves Simonet,M40-44,269,Open,Belgium,1:05:30,10:32,5:08:55,4:33,3:59:32,10:29:03
1038,1974,Aaron Bognar,M35-39,264,Open,Australia,1:07:21,4:49,5:05:35,3:47,4:07:41,10:29:13
1039,540,Jaime Abalos Garcia,M45-49,195,Open,Spain,1:04:52,5:47,5:25:20,6:19,3:46:56,10:29:14
1040,2252,Harvis Mill,M30-34,216,Open,Estonia,1:16:19,4:30,5:10:16,5:03,3:53:10,10:29:19
1041,2333,Joan Basseda Peradalta,M30-34,217,Open,Spain,1:02:23,2:58,5:24:09,3:07,3:56:49,10:29:26
1042,1689,Mattia Anesa,M40-44,270,Open,Italy,1:00:38,5:18,5:15:10,6:01,4:02:19,10:29:27
1043,1635,Marco Wegmann,M40-44,271,Open,Switzerland,1:18:01,3:35,4:50:05,5:32,4:12:15,10:29:28
1044,797,Genjiro Wakayama,M45-49,196,Open,Japan,55:48,7:09,5:28:18,6:03,3:52:15,10:29:33
1045,1393,Christopher Tung,M40-44,272,Open,United States,1:05:56,4:23,5:19:32,7:50,3:51:54,10:29:34
1046,360,Paul Hill,M55-59,20,Open,New Zealand,1:06:02,3:42,5:16:49,5:05,3:57:59,10:29:36
1047,1880,Matt Meredith,M35-39,265,Open,United States,1:18:28,3:54,5:16:06,4:14,3:46:55,10:29:36
1048,862,Giles Heaman,M45-49,197,Open,United Kingdom,1:19:13,4:39,5:09:33,5:15,3:50:58,10:29:38
1049,1936,Eric Perry,M35-39,266,Open,United States,1:06:08,3:19,5:20:53,3:52,3:55:27,10:29:39
1050,653,Walter Lima,M45-49,198,Open,Austria,1:09:03,4:04,5:14:53,6:08,3:55:36,10:29:44
1051,1040,Jeffrey Schleppy,M45-49,199,Open,United States,1:09:16,5:58,5:12:24,3:39,3:58:33,10:29:51
1052,932,Mark Webb,M45-49,200,Open,United States,1:15:12,3:57,5:17:42,4:10,3:48:52,10:29:53
1053,1135,Paulo Manzini,M45-49,201,Open,Brazil,1:08:02,5:44,5:13:35,4:29,3:58:07,10:29:56
1054,1666,Warren Terry,M40-44,273,Open,Ireland,1:18:21,5:25,5:21:24,6:37,3:38:10,10:29:57
1055,1155,Michael Fitzpatrick,M40-44,274,Open,United States,1:05:10,4:19,5:01:48,4:28,4:14:17,10:30:02
1056,239,Peter Ljungberg,M55-59,21,Open,Sweden,1:00:56,4:44,5:24:06,5:05,3:55:15,10:30:07
1057,729,Carl Desruisseaux,M45-49,202,Open,Canada,1:05:04,4:32,5:24:16,5:44,3:50:32,10:30:07
1058,1212,Ofir Demlin,M40-44,275,Open,Israel,57:08,7:05,5:11:22,7:39,4:06:57,10:30:11
1059,873,Oliver Harkin,M45-49,203,Open,Ireland,1:09:37,4:18,5:15:18,5:48,3:55:10,10:30:11
1060,1031,Jay Cougnet,M45-49,204,Open,United States,1:05:35,5:49,5:17:25,6:56,3:54:31,10:30:15
1061,1203,Francis Boivin,M40-44,276,Open,Canada,1:11:34,4:38,5:13:09,4:24,3:56:30,10:30:16
1062,2172,Luigi Robles,M35-39,267,Open,Philippines,1:07:46,5:21,5:21:40,6:58,3:48:36,10:30:21
1063,1542,Pieter Sacré,M40-44,277,Open,Belgium,1:03:28,3:42,5:19:52,11:07,3:52:18,10:30:28
1064,1169,Matthew Von Bibra,M40-44,278,Open,Australia,1:10:06,4:12,5:07:28,6:08,4:02:47,10:30:41
1065,1278,Vojtech Kacena,M40-44,279,Open,Czechia,1:17:48,3:39,5:11:26,4:49,3:53:01,10:30:43
1066,1106,Chris Ellett,M45-49,205,Open,United Kingdom,1:09:13,4:47,5:01:25,4:22,4:10:56,10:30:43
1067,1052,Yu Liang,M45-49,206,Open,Taiwan,58:18,4:47,5:15:51,5:07,4:06:56,10:30:59
1068,920,Jaime Pavon,M45-49,207,Open,Ecuador,1:05:43,6:11,5:15:48,5:50,3:57:28,10:31:00
1069,1958,Tim Sonnenburg,M35-39,268,Open,Germany,1:10:09,4:42,5:21:19,3:16,3:51:37,10:31:04
1070,823,Stephen Mott,M45-49,208,Open,United Kingdom,54:30,4:27,5:05:02,4:32,4:22:35,10:31:06
1071,755,Christian Svanström,M45-49,209,Open,Sweden,1:12:58,4:23,5:04:30,5:56,4:03:23,10:31:10
1072,1704,Christian Autenrieth,M40-44,280,Open,Germany,1:10:53,3:40,5:30:19,6:46,3:39:37,10:31:16
1073,1672,Gustavo Slaib Cruz Pereira,M40-44,281,Open,Brazil,57:22,4:45,4:52:22,4:35,4:32:12,10:31:16
1074,1441,Andrew Stasinos,M40-44,282,Open,United States,1:06:56,3:25,5:25:48,5:48,3:49:23,10:31:20
1075,2208,Diego Infante,M30-34,218,Open,Spain,1:02:41,5:03,5:10:06,5:32,4:08:00,10:31:23
1076,1381,Shawn Lehmann,M40-44,283,Open,United States,1:13:07,4:06,5:16:24,3:26,3:54:22,10:31:24
1077,1443,Greg Sainz Pardo,M40-44,284,Open,Spain,59:12,4:59,5:02:49,8:23,4:16:08,10:31:31
1078,175,Anton Smit,M55-59,22,Open,Netherlands,1:14:59,4:52,5:12:31,6:00,3:53:12,10:31:33
1079,1268,Mark Higgins,M40-44,285,Open,Ireland,57:35,4:53,5:03:28,8:45,4:16:54,10:31:35
1080,2545,Xabier Tijero,M30-34,219,Open,Spain,58:36,4:55,5:16:55,6:51,4:04:26,10:31:43
1081,2464,Alec Wetcher,M30-34,220,Open,United States,1:09:37,3:47,5:18:05,5:24,3:54:55,10:31:48
1082,2389,Robin Williams,M30-34,221,Open,United Kingdom,52:49,7:34,5:20:42,7:14,4:03:34,10:31:54
1083,2345,Mitchel Jankowski,M30-34,222,Open,United States,1:20:36,4:00,5:16:20,7:55,3:43:06,10:31:57
1084,764,Brian Nesbitt,M45-49,210,Open,United States,1:09:02,7:12,5:36:12,6:26,3:33:25,10:32:18
1085,809,Marius Bock,M45-49,211,Open,Austria,1:11:31,5:42,5:34:43,7:10,3:33:18,10:32:24
1086,2078,Michael Garantie,M35-39,269,Open,France,1:06:07,5:31,4:45:40,4:27,4:30:41,10:32:27
1087,1255,Rj Montes,M40-44,286,Open,United States,1:08:36,4:44,5:21:40,6:02,3:51:25,10:32:27
1088,1679,Siyabulela Mpengesi,M40-44,287,Open,South Africa,1:18:29,3:08,5:17:44,6:13,3:46:56,10:32:30
1089,2130,Alexander Fuller,M35-39,270,Open,United States,1:08:25,4:58,5:10:42,6:41,4:01:44,10:32:31
1090,1987,Nick Carling,M35-39,271,Open,Australia,1:19:50,5:34,5:39:47,3:26,3:23:58,10:32:34
1091,1331,Dylan Jennings,M40-44,288,Open,South Africa,1:20:58,5:02,5:03:05,5:18,3:58:19,10:32:41
1092,1876,Gustav Långbacka,M35-39,272,Open,Finland,1:08:19,4:16,5:18:45,5:27,3:55:54,10:32:41
1093,1247,Pablo Ureta,M40-44,289,Open,Argentina,59:06,2:31,5:01:28,4:43,4:24:55,10:32:43
1094,1097,Robin Clegg,M45-49,212,Open,Canada,1:04:15,4:40,4:55:51,5:58,4:22:07,10:32:50
1095,2327,Francisco Javier Heras Martin,M30-34,223,Open,Spain,1:07:31,4:27,5:12:33,6:00,4:02:21,10:32:52
1096,1077,Yong Zhao,M45-49,213,Open,China,54:18,5:41,5:38:38,6:15,3:48:05,10:32:56
1097,2039,Brad Radkoski,M35-39,273,Open,United States,1:08:55,4:59,5:18:33,4:03,3:56:44,10:33:14
1098,1301,Ner Albiol Bernal,M40-44,290,Open,Spain,1:08:44,4:54,5:32:50,6:40,3:40:08,10:33:15
1099,1177,Michael Girard,M40-44,291,Open,United States,1:06:49,3:32,5:09:44,3:17,4:09:57,10:33:18
1100,846,Carlos Cosoli,M45-49,214,Open,Argentina,1:05:53,3:02,5:20:00,7:15,3:57:11,10:33:21
1101,973,Alexander Outhier,M45-49,215,Open,France,1:07:16,7:08,5:18:58,7:08,3:52:55,10:33:25
1102,704,Peter Kniz,M45-49,216,Open,Slovakia,1:01:19,5:25,5:25:19,4:53,3:56:31,10:33:26
1103,1839,Sebastian Koschel,M35-39,274,Open,Germany,1:01:38,3:53,4:55:53,4:07,4:28:11,10:33:42
1104,1144,Sebastian Borowik,M45-49,217,Open,Poland,1:10:01,4:26,4:50:03,4:27,4:24:47,10:33:44
1105,2046,Scott Remond,M35-39,275,Open,Australia,1:00:48,4:32,4:55:20,4:33,4:28:34,10:33:47
1106,1560,Alexander Zeiner,M40-44,292,Open,Germany,1:03:53,4:36,5:39:23,4:30,3:41:32,10:33:53
1107,577,Adam Hicken,M45-49,218,Open,United States,1:17:45,5:04,5:08:08,8:04,3:54:55,10:33:56
1108,1800,Nick Weiler,M35-39,276,Open,United States,1:10:40,4:55,5:20:28,4:50,3:53:05,10:33:58
1109,1336,Andrew Zabel,M40-44,293,Open,United States,1:18:08,5:56,4:55:31,4:41,4:09:42,10:33:58
1110,1847,Oleksandr Mordasov,M35-39,277,Open,Ukraine,1:02:33,3:38,4:58:00,2:53,4:26:59,10:34:02
1111,1942,Tobias Andersson,M35-39,278,Open,Sweden,56:57,3:16,5:01:08,4:20,4:28:21,10:34:03
1112,2191,Nick Harger,M35-39,279,Open,Ireland,1:07:25,5:03,5:30:46,4:29,3:46:23,10:34:06
1113,2355,Piotr Myslak,M30-34,224,Open,Poland,1:15:10,3:50,5:19:39,3:23,3:52:14,10:34:17
1114,1024,Gabriel Brinkman,M45-49,219,Open,Mexico,1:08:23,4:43,5:29:18,4:42,3:47:12,10:34:17
1115,1520,Jildaz Colléaux,M40-44,294,Open,France,1:16:58,6:48,5:19:46,5:12,3:45:49,10:34:32
1116,1342,Josh Shea,M40-44,295,Open,United States,1:17:35,4:38,5:15:50,5:16,3:51:18,10:34:38
1117,1303,Bavo Sierens,M40-44,296,Open,Belgium,1:24:32,5:56,5:06:24,6:30,3:51:27,10:34:48
1118,837,Alejandro Casanova,M45-49,220,Open,Chile,1:05:36,4:22,5:26:06,3:48,3:55:06,10:34:58
1119,2486,Alash Mendybayev,M30-34,225,Open,Kazakhstan,1:11:03,3:34,5:11:30,5:44,4:03:10,10:35:02
1120,511,Jurgen De Boever,M55-59,23,Open,Belgium,1:18:54,3:40,5:27:36,5:19,3:39:38,10:35:07
1121,1905,Felipe Vicuna,M35-39,280,Open,Chile,1:13:55,7:20,5:10:40,8:19,3:54:55,10:35:08
1122,1076,Davide Labanti,M45-49,221,Open,Italy,57:45,7:52,5:17:27,8:32,4:03:33,10:35:10
1123,2064,Gildebran Gil,M35-39,281,Open,Colombia,1:22:15,6:57,5:13:00,6:55,3:46:09,10:35:17
1124,2409,Edoardo Mazzocchi,M30-34,226,Open,Italy,59:26,4:25,5:11:46,5:33,4:14:12,10:35:21
1125,1971,Piotr Ciemielewski,M35-39,282,Open,Poland,1:04:13,5:08,5:04:24,3:12,4:18:27,10:35:24
1126,2234,Ian Wenkenbach,M30-34,227,Open,Netherlands,1:16:34,5:31,5:14:05,10:58,3:48:18,10:35:27
1127,1022,Jacek Marciniak,M45-49,222,Open,Poland,1:05:32,4:33,5:13:02,4:22,4:07:59,10:35:28
1128,1749,Matt Fallon,M35-39,283,Open,Australia,1:05:41,4:37,5:15:38,4:24,4:05:10,10:35:29
1129,192,Juan Garcia,M55-59,24,Open,Spain,1:19:55,4:44,5:18:26,5:54,3:46:30,10:35:29
1130,2629,Ezra Swell,M18-24,34,Open,United States,59:30,3:39,5:05:32,2:58,4:23:56,10:35:35
1131,2165,Aaron Kent,M35-39,284,Open,United States,1:09:03,3:36,5:15:48,4:38,4:02:37,10:35:41
1132,1586,Jet Ramos,M40-44,297,Open,Philippines,1:04:11,3:36,5:19:04,4:17,4:04:37,10:35:45
1133,640,Sebastian Weigel,M45-49,223,Open,Germany,1:18:52,6:29,5:11:26,5:11,3:53:53,10:35:51
1134,1315,Chris Meuleman,M40-44,298,Open,Canada,1:17:41,4:14,5:25:28,3:57,3:44:32,10:35:51
1135,2066,Ramsey Sybel,M35-39,285,Open,United States,1:08:43,3:30,5:02:55,6:09,4:14:39,10:35:57
1136,104,Menno Iedema,M55-59,25,Open,Netherlands,59:40,4:40,5:30:47,5:43,3:55:11,10:36:01
1137,665,Marc Ritter,M45-49,224,Open,United States,1:02:17,3:59,5:22:51,4:59,4:01:56,10:36:02
1138,1654,Tony Macias,M40-44,299,Open,United States,1:09:23,4:49,5:21:05,6:05,3:54:51,10:36:14
1139,766,Miguel Barrero Duran,M45-49,225,Open,Spain,1:06:07,4:13,5:21:45,6:30,3:57:40,10:36:16
1140,689,James Lambert,M45-49,226,Open,Australia,1:00:55,3:24,5:19:24,4:05,4:08:39,10:36:28
1141,800,David Procházka,M45-49,227,Open,Czechia,1:01:36,4:16,5:15:26,6:15,4:08:57,10:36:30
1142,2032,Brent Ellabarger,M35-39,286,Open,United States,58:48,4:46,5:09:27,4:23,4:19:08,10:36:32
1143,608,Hannu Junkkaala,M45-49,228,Open,Finland,1:12:12,5:15,5:35:36,5:43,3:37:50,10:36:37
1144,731,Petr Zajicek,M45-49,229,Open,Czechia,1:13:32,4:15,5:23:32,4:35,3:50:45,10:36:39
1145,2200,Justin Weiner,M30-34,228,Open,United States,1:01:58,4:10,5:17:37,8:04,4:05:02,10:36:52
1146,1873,Matt Tobey,M35-39,287,Open,United States,1:12:30,7:30,5:10:30,8:34,3:57:50,10:36:55
1147,643,J.P. Dowd,M45-49,230,Open,United States,1:02:15,3:49,5:15:55,4:34,4:10:24,10:36:58
1148,2019,Gerardo Ramirez,M35-39,288,Open,Mexico,1:32:16,3:52,5:30:09,4:40,3:26:04,10:37:01
1149,2640,Brett Saunders,M18-24,35,Open,United States,1:11:14,3:10,5:27:19,2:47,3:52:44,10:37:14
1150,1115,Frank Lünemann,M45-49,231,Open,Germany,1:07:50,3:23,5:12:18,4:12,4:09:44,10:37:26
1151,2292,Gustav Axelson,M30-34,229,Open,Sweden,1:17:45,4:43,5:21:58,6:12,3:46:49,10:37:27
1152,2383,David Devine,M30-34,230,Open,United Kingdom,1:02:28,4:56,5:13:00,5:19,4:11:45,10:37:28
1153,1791,Luca Cossarini,M35-39,289,Open,Italy,1:03:22,3:46,4:58:57,6:22,4:25:04,10:37:31
1154,129,Mauro Ciarrocchi,M55-59,26,Open,Italy,1:06:08,6:10,5:36:45,6:02,3:42:29,10:37:35
1155,897,Tim Berkman,M45-49,232,Open,Australia,1:07:07,4:23,5:23:20,5:57,3:56:49,10:37:37
1156,2248,Yohann Miglis,M30-34,231,Open,United States,1:01:52,5:45,5:12:18,6:24,4:11:23,10:37:42
1157,2111,Björn Migas,M35-39,290,Open,Germany,1:02:42,7:50,5:14:56,8:12,4:04:07,10:37:46
1158,619,Sebastien Bousquet,M45-49,233,Open,France,1:09:51,3:46,5:20:11,4:49,3:59:11,10:37:48
1159,1896,Charlie Nathan,M35-39,291,Open,Australia,58:58,5:49,5:03:07,4:12,4:25:43,10:37:50
1160,243,Peter Algert,M55-59,27,Open,United States,1:02:59,4:50,5:08:23,4:43,4:17:12,10:38:07
1161,1321,Daniel Barrett,M40-44,300,Open,United States,1:09:21,9:20,5:28:41,8:37,3:42:09,10:38:08
1162,612,Danek Aerden,M45-49,234,Open,Belgium,1:07:53,4:19,5:02:11,4:07,4:19:39,10:38:09
1163,348,Richard Genans Boiteux,M55-59,28,Open,France,58:09,4:25,5:33:43,3:53,3:58:10,10:38:19
1164,603,Bill Kessler,M45-49,235,Open,United States,1:08:32,7:17,5:24:34,6:44,3:51:16,10:38:22
1165,820,Sotirios Dedes,M45-49,236,Open,Greece,1:19:55,4:23,5:22:06,5:29,3:46:38,10:38:31
1166,1461,Carl-Philippe Delbeke,M40-44,301,Open,Belgium,1:09:19,5:29,5:09:46,5:57,4:08:25,10:38:56
1167,664,Frederic Martin-Guibert,M45-49,237,Open,France,1:06:25,4:24,5:07:57,5:24,4:14:46,10:38:56
1168,427,Juha Auvinen,M55-59,29,Open,Finland,1:24:10,4:12,5:24:12,5:09,3:41:18,10:39:00
1169,1513,Leigh Gunn,M40-44,302,Open,Philippines,1:16:24,3:27,5:07:13,4:47,4:07:14,10:39:06
1170,1466,Christian Klöppel,M40-44,303,Open,Germany,1:12:28,4:08,5:16:32,6:17,3:59:44,10:39:09
1171,2250,Lloyd Canham,M30-34,232,Open,United Kingdom,1:09:03,5:47,5:13:51,4:40,4:05:48,10:39:10
1172,2359,Daniele Marco Calvi,M30-34,233,Open,Italy,1:17:44,5:51,4:45:14,5:09,4:25:14,10:39:12
1173,1994,Matthew Brownlie,M35-39,292,Open,Australia,1:06:45,6:28,5:27:13,7:19,3:51:28,10:39:13
1174,2276,Janusz Mucha,M30-34,234,Open,Poland,1:06:01,6:42,5:09:42,7:47,4:09:01,10:39:14
1175,1394,Fabio Pessoa,M40-44,304,Open,Brazil,1:10:00,5:06,5:13:44,5:30,4:05:00,10:39:19
1176,864,Juan Torres,M45-49,238,Open,Australia,1:23:20,6:43,5:26:03,8:59,3:34:25,10:39:30
1177,1270,Christopher Mizener,M40-44,305,Open,United States,1:02:26,6:37,5:15:30,6:02,4:08:59,10:39:35
1178,2093,Steven Waites,M35-39,293,Open,United States,1:08:18,4:45,5:01:53,4:24,4:20:15,10:39:35
1179,673,Damien Leonardi,M45-49,239,Open,France,54:25,4:18,5:09:06,6:49,4:24:57,10:39:35
1180,2544,Laurent Soufflet,M30-34,235,Open,France,1:05:46,3:02,5:13:09,4:43,4:12:58,10:39:37
1181,180,Helmut Ness,M55-59,30,Open,Germany,1:11:41,3:45,5:14:44,4:10,4:05:20,10:39:41
1182,827,Marcus Cox,M45-49,240,Open,United Kingdom,1:06:15,6:46,5:09:25,4:56,4:12:24,10:39:45
1183,872,Felipe Matos,M45-49,241,Open,Brazil,1:01:37,5:32,5:23:11,5:43,4:03:46,10:39:50
1184,756,Giovanni Duran,M45-49,242,Open,United States,1:04:18,8:29,5:19:59,9:32,3:57:38,10:39:56
1185,1236,Gunnar Anger,M40-44,306,Open,Germany,1:08:29,4:18,5:12:10,3:17,4:12:07,10:40:20
1186,1926,Dave Condon,M35-39,294,Open,United States,1:14:36,3:47,5:05:40,4:25,4:12:04,10:40:31
1187,1644,Mathieu Marfisi,M40-44,307,Open,France,1:01:56,6:16,5:12:02,6:36,4:13:48,10:40:37
1188,1339,Duncan Penfold,M40-44,308,Open,Australia,58:07,7:26,5:10:10,9:39,4:15:17,10:40:39
1189,1318,Stuart New,M40-44,309,Open,United Kingdom,1:10:00,6:44,5:20:30,5:19,3:58:07,10:40:41
1190,1703,John Seddon,M40-44,310,Open,United States,57:26,4:12,5:09:11,6:45,4:23:12,10:40:47
1191,2398,James Adamson,M30-34,236,Open,United Kingdom,59:12,4:55,5:25:51,7:05,4:03:46,10:40:48
1192,1367,Stefan Sulser,M40-44,311,Open,Switzerland,1:02:06,4:15,4:59:54,6:21,4:28:22,10:40:59
1193,1647,Matt Barcus,M40-44,312,Open,United States,1:07:05,3:11,5:03:49,4:58,4:21:56,10:41:00
1194,1316,David Prunier,M40-44,313,Open,France,1:12:24,5:50,5:15:39,4:39,4:02:33,10:41:04
1195,2341,Jurriaan Sieben,M30-34,237,Open,Netherlands,1:12:28,6:54,5:03:52,5:54,4:12:03,10:41:12
1196,2107,Simon Harding,M35-39,295,Open,Sweden,1:20:26,5:36,5:05:57,6:56,4:02:25,10:41:20
1197,1852,Jelle Van Der Eijk,M35-39,296,Open,Netherlands,1:42:12,8:12,5:17:29,4:33,3:29:01,10:41:27
1198,1072,Fernando Stern,M45-49,243,Open,Argentina,1:11:58,3:54,5:19:26,3:29,4:02:42,10:41:29
1199,1296,Stefan Evers,M40-44,314,Open,Belgium,1:07:19,5:04,5:08:08,5:51,4:15:16,10:41:38
1200,2630,Benoit Drouin,M18-24,36,Open,Canada,55:07,3:13,5:13:25,7:16,4:22:42,10:41:43
1201,998,Jeffrey Fejfar,M45-49,244,Open,United States,58:16,3:38,4:51:20,3:22,4:45:10,10:41:46
1202,2435,Tom Laser,M30-34,238,Open,United States,1:08:24,6:54,5:09:58,4:52,4:11:49,10:41:57
1203,2513,Charles Lambert,M30-34,239,Open,United Kingdom,1:03:08,3:49,5:21:11,3:45,4:10:17,10:42:11
1204,1889,Brandon Mailhot,M35-39,297,Open,United States,1:18:52,5:13,5:06:30,6:32,4:05:05,10:42:11
1205,682,Niklas Arndt,M45-49,245,Open,Germany,1:15:38,3:13,5:35:00,6:26,3:41:54,10:42:11
1206,2254,Corey Best,M30-34,240,Open,United States,57:49,5:43,5:30:17,6:44,4:01:41,10:42:14
1207,1372,Sergej Kunz,M40-44,315,Open,Germany,1:19:37,4:23,5:10:30,4:30,4:03:26,10:42:26
1208,939,Ryan Tomlinson,M45-49,246,Open,United Kingdom,1:16:10,5:56,5:30:25,7:08,3:42:52,10:42:32
1209,2605,Cooper Kwok,M18-24,37,Open,Australia,1:08:04,3:24,5:04:12,4:44,4:22:10,10:42:34
1210,1684,Alexandre Takenaka,M40-44,316,Open,Brazil,57:14,3:54,4:51:04,5:16,4:45:13,10:42:41
1211,2615,Paul Lennart Siemers,M18-24,38,Open,Germany,53:47,3:20,4:41:28,5:14,4:59:02,10:42:51
1212,1894,Jonas Ganzemueller,M35-39,298,Open,Germany,1:10:08,3:38,5:31:35,5:40,3:51:55,10:42:56
1213,938,Klaus Dorner,M45-49,247,Open,Germany,1:08:15,6:05,5:08:30,6:35,4:13:35,10:42:59
1214,1104,German Garrote Borrull,M45-49,248,Open,Spain,1:00:13,4:02,5:18:11,4:09,4:16:26,10:43:01
1215,1531,Andrei Tserednik,M40-44,317,Open,Estonia,1:08:40,3:53,5:25:26,4:18,4:00:49,10:43:06
1216,444,Steven Chaid,M55-59,31,Open,Austria,1:06:49,4:51,5:29:41,4:50,3:56:59,10:43:10
1217,2540,Roman Fedosieiev,M30-34,241,Open,Ukraine,1:00:11,4:06,5:09:28,8:42,4:20:55,10:43:22
1218,234,Scott Jones,M55-59,32,Open,United States,1:02:55,3:24,5:38:20,4:12,3:54:34,10:43:26
1219,450,Tony Schröder,M55-59,33,Open,Sweden,1:04:37,4:08,5:17:48,5:32,4:11:27,10:43:32
1220,2227,Mohammed Almarzouki,M30-34,242,Open,Saudi Arabia,1:15:24,4:39,5:14:26,7:01,4:02:09,10:43:39
1221,720,Christopher Schmidt,M45-49,249,Open,United States,1:09:40,6:31,5:08:51,5:59,4:12:41,10:43:41
1222,2568,Pieter-Jan Neetens,M30-34,243,Open,Belgium,1:02:00,5:53,5:22:05,7:14,4:06:30,10:43:42
1223,2613,Ignacio Chico Fuentes,M18-24,39,Open,Spain,1:04:15,5:03,5:29:32,3:56,4:00:58,10:43:43
1224,2525,Cillian Moffat,M30-34,244,Open,Ireland,1:05:29,3:29,5:05:39,4:40,4:24:27,10:43:44
1225,881,Nick Potter,M45-49,250,Open,Australia,1:09:58,4:13,5:05:23,7:16,4:16:53,10:43:44
1226,618,Bancroft Mcmurphy,M45-49,251,Open,United States,1:12:02,6:10,5:29:35,7:35,3:48:28,10:43:50
1227,591,Massimo Viviani,M45-49,252,Open,Italy,1:12:51,4:54,5:28:14,6:29,3:51:24,10:43:52
1228,1411,David Vieira,M40-44,318,Open,Colombia,1:08:57,5:10,5:15:31,5:12,4:09:04,10:43:54
1229,1854,Tamas Trella,M35-39,299,Open,Romania,1:07:46,4:22,5:23:47,3:45,4:04:14,10:43:54
1230,2316,Nils Segers,M30-34,245,Open,Belgium,1:14:16,5:28,5:39:08,7:40,3:37:23,10:43:55
1231,1397,Jason Crisp,M40-44,319,Open,United States,1:10:27,4:48,5:08:48,7:43,4:12:11,10:43:58
1232,1912,Matthew Decker,M35-39,300,Open,United States,1:09:00,3:22,5:03:14,4:23,4:23:58,10:43:58
1233,2181,Galym Chuashev,M35-39,301,Open,Kazakhstan,1:18:27,5:26,5:25:45,4:46,3:49:37,10:44:00
1234,2095,Alex Whetman,M35-39,302,Open,United States,1:08:26,5:31,5:08:17,6:41,4:15:07,10:44:03
1235,2455,Federico Aradillas,M30-34,246,Open,Mexico,1:17:10,3:56,5:11:44,7:52,4:03:32,10:44:14
1236,1338,Jan Wolff,M40-44,320,Open,Denmark,1:13:20,3:50,4:51:52,5:13,4:30:06,10:44:21
1237,598,Jacinto Fernandez Rojas,M45-49,253,Open,Spain,1:05:54,4:30,5:23:27,5:24,4:05:14,10:44:28
1238,1084,Benoit Valla,M45-49,254,Open,France,1:08:22,3:59,5:31:52,5:16,3:55:01,10:44:30
1239,1054,Jason Redenius,M45-49,255,Open,United States,1:06:06,5:14,5:23:36,5:42,4:04:04,10:44:42
1240,542,Audun Berg,M45-49,256,Open,Norway,1:06:35,5:00,5:28:23,5:08,3:59:37,10:44:43
1241,524,Martin Kirwan,M45-49,257,Open,Ireland,1:27:14,6:52,5:20:18,6:35,3:43:45,10:44:44
1242,2641,Mario Villar Sanz,M18-24,40,Open,Spain,1:06:30,5:32,5:55:24,7:33,3:29:48,10:44:47
1243,659,Paolo Franzoso,M45-49,258,Open,Italy,1:06:29,6:12,5:15:35,6:48,4:09:46,10:44:50
1244,290,Roberto Guidarelli,M55-59,34,Open,Italy,1:10:32,6:10,5:28:19,4:41,3:55:12,10:44:54
1245,768,Sagi Sardal,M45-49,259,Open,Israel,1:15:17,5:00,5:21:09,5:19,3:58:11,10:44:55
1246,2424,Tom Marriage,M30-34,247,Open,United Kingdom,1:19:54,8:07,5:22:05,5:09,3:49:42,10:44:56
1247,486,Hannes Aichholzer,M55-59,35,Open,Austria,1:12:23,4:58,5:33:29,3:58,3:50:10,10:44:58
1248,2146,Lucas Pardew,M35-39,303,Open,United States,1:09:28,5:46,5:20:20,6:17,4:03:08,10:44:59
1249,1242,David Fietz,M40-44,321,Open,Australia,1:07:12,5:29,5:16:28,6:55,4:08:59,10:45:03
1250,1256,Joseph Sullivan,M40-44,322,Open,United States,1:18:48,7:36,5:17:18,6:50,3:54:31,10:45:05
1251,1963,John Clark,M35-39,304,Open,Australia,1:07:43,3:58,5:29:20,3:01,4:01:05,10:45:06
1252,2397,Panos Georgiades,M30-34,248,Open,Cyprus,1:08:21,4:08,5:20:52,4:19,4:07:33,10:45:14
1253,1494,Luke Kritzeck,M40-44,323,Open,United States,1:07:30,5:20,5:14:31,7:30,4:10:41,10:45:33
1254,2522,Lloyd Osborne,M30-34,249,Open,Australia,1:02:47,5:27,5:21:58,4:41,4:10:43,10:45:37
1255,2461,Federico Ghelli,M30-34,250,Open,Italy,57:09,4:19,5:11:48,3:25,4:28:57,10:45:37
1256,942,Colin Lewis,M45-49,260,Open,Australia,1:13:34,5:52,5:21:08,6:29,3:58:35,10:45:38
1257,2174,Curtis Huynh,M35-39,305,Open,United Kingdom,1:36:04,4:38,5:11:32,4:42,3:48:43,10:45:38
1258,1592,Josef Bonavia,M40-44,324,Open,Malta,1:09:17,3:19,5:16:46,4:33,4:11:47,10:45:41
1259,148,David Brunner,M55-59,36,Open,United States,1:15:38,8:12,5:37:35,8:14,3:36:06,10:45:44
1260,1526,Lewis Anderson,M40-44,325,Open,United States,1:02:14,4:19,5:11:36,4:06,4:23:31,10:45:47
1261,2024,Alain Van Der Putten,M35-39,306,Open,Netherlands,1:11:18,5:12,5:07:05,5:35,4:16:41,10:45:51
1262,1540,Erik Doornbos,M40-44,326,Open,Netherlands,1:02:15,4:39,4:53:51,5:04,4:40:06,10:45:55
1263,2572,Lukasz Szmidt,M30-34,251,Open,Poland,1:00:00,6:54,5:26:42,6:47,4:05:38,10:46:00
1264,1265,Neal Bailey,M40-44,327,Open,United Kingdom,1:22:02,4:00,5:08:19,5:41,4:05:58,10:46:01
1265,1352,Lukasz Wagemann,M40-44,328,Open,Poland,1:05:29,5:43,5:17:53,10:08,4:06:48,10:46:02
1266,1697,Tom Fleck,M40-44,329,Open,United States,1:21:15,4:37,5:13:23,4:07,4:02:40,10:46:03
1267,2311,Marcos Perez Vazquez,M30-34,252,Open,Spain,1:04:13,2:55,5:22:01,4:19,4:12:36,10:46:04
1268,345,Bruno De Decker,M55-59,37,Open,Belgium,1:10:19,4:49,5:11:21,7:04,4:12:33,10:46:06
1269,2689,Adil Gourari,M40-44,330,Open,Morocco,1:16:55,6:11,5:32:40,4:41,3:45:43,10:46:10
1270,477,Gonzalo Valenzuela,M55-59,38,Open,Chile,1:11:12,4:06,5:41:43,5:57,3:43:12,10:46:10
1271,1476,Sebastian Stahlkopf,M40-44,331,Open,Germany,1:05:42,4:49,5:18:24,6:03,4:11:11,10:46:10
1272,2493,Max Jaffe,M30-34,253,Open,United States,1:14:00,6:00,5:20:10,7:46,3:58:20,10:46:16
1273,2084,Jesse Veenstra,M35-39,307,Open,United States,1:22:23,4:19,5:28:10,5:19,3:46:07,10:46:18
1274,1379,Tales Camargo,M40-44,332,Open,Brazil,1:13:12,4:08,4:37:28,4:47,4:46:49,10:46:24
1275,1790,Andrew Schmidt,M35-39,308,Open,Australia,1:06:32,4:51,5:25:00,6:02,4:03:59,10:46:24
1276,1396,Kim Hatton,M40-44,333,Open,Australia,1:07:27,6:37,5:22:28,5:53,4:04:02,10:46:27
1277,1996,Dominik Marek,M35-39,309,Open,Austria,1:05:50,3:00,5:08:33,4:47,4:24:22,10:46:32
1278,1479,Martin Malik,M40-44,334,Open,Slovakia,1:20:12,6:30,5:32:28,8:51,3:38:32,10:46:32
1279,2395,Borja Plaza Medrano,M30-34,254,Open,Spain,1:02:27,5:22,5:36:27,7:11,3:55:08,10:46:35
1280,1312,Benoit Thirot,M40-44,335,Open,Belgium,1:04:01,3:59,5:08:04,5:38,4:24:56,10:46:38
1281,1667,Carl-Johan Leinoff,M40-44,336,Open,Sweden,1:05:55,6:37,5:03:59,6:08,4:23:59,10:46:39
1282,2136,Justin Herrick,M35-39,310,Open,United States,1:00:37,6:37,5:18:38,5:41,4:15:14,10:46:47
1283,333,John Potter,M55-59,39,Open,United States,1:00:42,5:31,5:28:31,5:38,4:06:30,10:46:52
1284,1429,John Middlewick,M40-44,337,Open,South Africa,1:01:07,5:54,5:35:01,6:01,3:58:50,10:46:54
1285,1055,Anthony Zarra,M45-49,261,Open,France,1:18:16,5:32,5:23:33,6:04,3:53:30,10:46:56
1286,2041,Josef Bexell,M35-39,311,Open,Sweden,1:24:54,5:09,5:10:52,5:58,4:00:03,10:46:56
1287,343,Mark Pietrofesa,M55-59,40,Open,United States,1:01:12,6:56,5:20:46,5:56,4:12:06,10:46:56
1288,2579,Troy Castle,M30-34,255,Open,United States,1:16:42,5:46,5:05:33,5:38,4:13:27,10:47:06
1289,1027,Josh Treter,M45-49,262,Open,United States,1:03:49,5:08,5:14:39,4:26,4:19:09,10:47:10
1290,1243,Emiliano Battista,M40-44,338,Open,Argentina,1:01:39,3:33,5:50:17,6:07,3:45:35,10:47:12
1291,536,Kevin Smith,M45-49,263,Open,United States,1:07:13,6:13,5:05:05,5:42,4:23:08,10:47:21
1292,2599,Robin Hermann,M18-24,41,Open,Switzerland,1:02:12,3:13,5:00:24,6:52,4:34:41,10:47:23
1293,2245,Scott Mingay,M30-34,256,Open,United States,58:43,3:51,4:48:00,4:17,4:52:38,10:47:30
1294,710,Sébastien Leuvrey,M45-49,264,Open,France,1:09:59,5:14,5:17:04,4:21,4:10:52,10:47:30
1295,1863,Bryan Rivera,M35-39,312,Open,United States,56:21,6:46,5:18:23,7:37,4:18:24,10:47:31
1296,1266,Robert Quandt,M40-44,339,Open,Germany,1:24:56,3:09,5:08:59,3:27,4:07:07,10:47:38
1297,784,Michael Meier,M45-49,265,Open,Switzerland,1:14:53,3:40,5:32:37,4:06,3:52:25,10:47:41
1298,2209,David Macknet,M30-34,257,Open,United States,1:10:40,5:24,4:57:56,6:13,4:27:32,10:47:45
1299,678,Brian Lovett,M45-49,266,Open,United States,55:38,4:20,5:28:58,5:07,4:13:42,10:47:45
1300,931,Dirk Ross,M45-49,267,Open,United States,1:18:12,4:44,5:22:34,5:44,3:56:34,10:47:48
1301,465,Shingo Tani,M55-59,41,Open,Japan,1:12:17,4:58,5:20:22,6:42,4:03:33,10:47:52
1302,2163,Ryan Beaird,M35-39,313,Open,United States,1:23:50,3:55,5:09:55,3:15,4:07:02,10:47:57
1303,1491,Ping Liao,M40-44,340,Open,Taiwan,1:18:44,4:27,5:18:22,6:14,4:00:19,10:48:05
1304,1305,Magnus Nyberg,M40-44,341,Open,Sweden,1:01:23,4:46,5:05:30,5:21,4:31:14,10:48:14
1305,882,Bill Beecher,M45-49,268,Open,United States,55:43,4:29,5:04:23,4:14,4:39:27,10:48:15
1306,1707,Florian Ganz,M40-44,342,Open,Germany,1:14:15,4:14,5:24:05,4:18,4:01:27,10:48:19
1307,1866,Franck Martinez,M35-39,314,Open,France,1:09:19,4:33,5:09:57,5:09,4:19:26,10:48:25
1308,1070,Marco Koblitz,M45-49,269,Open,Germany,1:12:05,5:25,5:20:01,4:55,4:06:02,10:48:29
1309,110,David Jones,M55-59,42,Open,United States,1:13:35,4:42,5:22:08,5:34,4:02:30,10:48:29
1310,1530,Matthew Mcdonough,M40-44,343,Open,United States,1:14:18,4:00,5:15:14,5:35,4:09:31,10:48:39
1311,2150,Ferdi Cam,M35-39,315,Open,Germany,1:27:36,12:26,5:06:31,9:41,3:52:25,10:48:40
1312,174,Erik Thijs,M55-59,43,Open,Belgium,1:06:11,4:14,5:23:27,6:25,4:08:25,10:48:42
1313,1288,Jorge Lasen,M40-44,344,Open,Chile,1:20:31,4:39,5:26:08,4:25,3:53:01,10:48:43
1314,830,Luis Herrero Alvarez,M45-49,270,Open,Spain,1:18:36,6:39,5:27:00,4:55,3:51:46,10:48:57
1315,2357,Stefan Graf,M30-34,258,Open,Switzerland,1:01:55,3:47,5:11:25,4:56,4:27:05,10:49:08
1316,1069,Kalle Peltonen,M45-49,271,Open,Finland,1:14:44,5:21,5:23:32,8:05,3:57:27,10:49:08
1317,2061,Javier Cano,M35-39,316,Open,Spain,1:05:08,5:16,5:15:21,4:23,4:19:00,10:49:08
1318,362,Alexander-Maximilian Ernst,M55-59,44,Open,Germany,1:01:12,7:58,5:18:04,6:19,4:15:49,10:49:23
1319,670,Ged Mcgrath,M45-49,272,Open,United Kingdom,1:06:56,7:11,5:44:07,8:58,3:42:21,10:49:32
1320,655,Todd Hawkins,M45-49,273,Open,United States,58:14,3:50,5:10:27,4:39,4:32:25,10:49:35
1321,1357,Ryan Sanderson,M40-44,345,Open,Canada,1:11:07,9:20,5:29:07,6:02,3:54:05,10:49:42
1322,1063,Tobias Gäbler,M45-49,274,Open,Germany,59:37,5:47,5:29:06,6:49,4:08:24,10:49:44
1323,1904,Bart Elderenbosch,M35-39,317,Open,Netherlands,1:00:54,7:03,4:58:57,6:40,4:36:15,10:49:50
1324,534,Valenzuela Rodrigo,M45-49,275,Open,Chile,1:10:18,4:51,5:33:48,4:04,3:56:51,10:49:52
1325,1122,Vincenzo Marchione,M45-49,276,Open,United States,1:14:21,3:15,5:09:48,5:04,4:17:35,10:50:03
1326,684,Sean Trotter,M45-49,277,Open,Australia,1:14:29,6:02,5:20:34,7:05,4:01:53,10:50:04
1327,1954,Jérôme Baud,M35-39,318,Open,France,1:09:01,4:45,5:24:51,5:49,4:05:39,10:50:05
1328,2128,Dickon Morris,M35-39,319,Open,United Kingdom,1:18:19,5:34,5:19:37,3:52,4:02:51,10:50:13
1329,1477,Ryan Rau,M40-44,346,Open,United States,1:00:52,2:59,5:07:10,3:42,4:35:35,10:50:18
1330,1049,Till Ziegler,M45-49,278,Open,Germany,1:10:14,3:23,5:28:03,4:23,4:04:33,10:50:36
1331,341,Mario Karcher,M55-59,45,Open,Germany,1:17:04,4:36,5:29:17,7:11,3:52:34,10:50:41
1332,694,David Gas Panisello,M45-49,279,Open,Spain,1:08:47,7:53,5:18:12,6:18,4:09:37,10:50:46
1333,1439,Thomas Shaw,M40-44,347,Open,South Africa,1:17:55,10:44,5:41:27,10:28,3:30:14,10:50:48
1334,2621,Payne Pachuda,M18-24,42,Open,United States,58:35,3:30,5:16:31,3:40,4:28:38,10:50:53
1335,1825,Guillermo Morbelli,M35-39,320,Open,Argentina,1:10:37,4:49,5:27:36,4:56,4:02:59,10:50:58
1336,749,Andrew Castaldi,M45-49,280,Open,United States,1:14:12,5:21,5:35:43,3:58,3:51:50,10:51:04
1337,651,Andreas Schoenherr,M45-49,281,Open,Switzerland,1:06:40,5:05,5:18:47,5:10,4:15:26,10:51:07
1338,791,Darren Crowther,M45-49,282,Open,Australia,1:08:31,3:42,5:19:52,4:29,4:14:37,10:51:11
1339,1384,Ernesto Elorduy López De Lacalle,M40-44,348,Open,Spain,1:21:59,4:58,5:11:38,7:09,4:05:40,10:51:24
1340,1418,Roberto Weichelt,M40-44,349,Open,Switzerland,1:11:19,8:11,5:14:29,6:02,4:11:33,10:51:34
1341,648,Brad Hale,M45-49,283,Open,Canada,1:19:34,6:03,5:27:02,7:21,3:51:35,10:51:35
1342,2029,Matthias Grosser,M35-39,321,Open,Germany,1:01:26,3:22,5:29:09,4:27,4:13:13,10:51:36
1343,1216,Nate Cook,M40-44,350,Open,United States,1:08:45,5:31,5:19:22,4:40,4:13:24,10:51:43
1344,2412,Jack Dickens,M30-34,259,Open,Australia,1:12:45,4:15,5:16:24,7:53,4:10:26,10:51:44
1345,570,Dimas Marchi,M45-49,284,Open,Brazil,1:09:58,6:25,5:24:54,9:50,4:00:45,10:51:52
1346,1371,Claudio Montejo,M40-44,351,Open,Chile,1:08:42,5:18,5:06:21,4:20,4:27:15,10:51:55
1347,2566,Maxime Mouquet,M30-34,260,Open,France,1:16:26,4:30,5:32:14,5:09,3:53:49,10:52:07
1348,1392,David Griffin,M40-44,352,Open,Ireland,1:25:58,5:32,5:49:28,5:37,3:25:45,10:52:20
1349,1073,Dean O'Brien,M45-49,285,Open,Australia,1:04:40,5:43,5:23:39,7:01,4:11:23,10:52:26
1350,986,Marcos Bragado Meana,M45-49,286,Open,Spain,1:12:05,5:21,5:18:39,5:35,4:10:49,10:52:29
1351,672,Michael Mulcahy,M45-49,287,Open,Ireland,1:10:12,4:45,5:07:47,10:06,4:19:42,10:52:32
1352,1789,Tom Dillard,M35-39,322,Open,United States,1:08:59,4:48,5:31:36,5:02,4:02:11,10:52:37
1353,1271,Tomasz Rudnik,M40-44,353,Open,Poland,1:17:43,5:37,5:09:50,5:50,4:13:44,10:52:44
1354,1899,Anders Eriksen,M35-39,323,Open,Denmark,1:32:50,5:16,5:28:55,3:42,3:42:03,10:52:46
1355,1739,Alvaro Martin Hernandez,M40-44,354,Open,Spain,1:12:47,10:09,4:52:39,6:00,4:31:14,10:52:49
1356,817,Jonathan Wilking,M45-49,288,Open,United States,1:04:28,5:18,5:33:16,7:13,4:02:39,10:52:54
1357,2002,Didier Van Rompaey,M35-39,324,Open,Belgium,1:08:58,7:45,4:59:56,5:17,4:30:59,10:52:56
1358,411,Mark Raphael,M55-59,46,Open,Australia,1:14:49,4:19,5:33:12,7:55,3:52:43,10:52:57
1359,538,Juan Carlos Colin Fiche,M45-49,289,Open,Mexico,1:09:46,4:31,5:46:08,7:44,3:44:49,10:52:58
1360,517,Andreas Bund,M55-59,47,Open,Germany,1:15:58,4:55,5:36:41,5:00,3:50:33,10:53:08
1361,1890,Jorge Marin Cano,M35-39,325,Open,Colombia,1:10:02,3:47,5:32:22,3:54,4:03:10,10:53:15
1362,2361,Luis Fabricioavilafuentes,M30-34,261,Open,Ecuador,1:06:25,4:16,5:25:21,5:39,4:11:45,10:53:27
1363,1913,Chris Harrisson,M35-39,326,Open,Peru,1:04:09,4:08,5:42:13,5:47,3:57:14,10:53:31
1364,2219,Raghul Sankaranarayanan,M30-34,262,Open,India,1:28:37,5:10,5:24:54,4:43,3:50:11,10:53:36
1365,2100,Richard Gösmann,M35-39,327,Open,Germany,1:00:45,4:11,5:23:30,3:54,4:21:17,10:53:37
1366,1030,Chris Fruehwirth,M45-49,290,Open,United States,1:02:26,5:57,5:43:54,4:26,3:56:54,10:53:38
1367,563,Jason Davidson,M45-49,291,Open,United States,1:14:34,5:51,5:37:04,7:04,3:49:07,10:53:39
1368,1184,Anthony Lintern,M40-44,355,Open,Australia,1:08:34,4:45,5:25:20,7:13,4:07:52,10:53:44
1369,406,Michael Soppelsa,M55-59,48,Open,United States,1:14:07,4:59,5:38:09,5:19,3:51:11,10:53:44
1370,917,Andrew Hynes,M45-49,292,Open,United Kingdom,1:05:54,7:16,5:05:51,9:32,4:25:23,10:53:56
1371,336,Steve Pratt,M55-59,49,Open,Australia,1:01:08,4:01,5:18:16,4:08,4:26:43,10:54:17
1372,1850,Jimmy Karlsson,M35-39,328,Open,Sweden,1:11:10,4:43,5:14:18,4:27,4:19:39,10:54:17
1373,306,Morten Hastrup,M55-59,50,Open,Denmark,1:19:11,7:12,5:35:14,6:38,3:46:05,10:54:20
1374,839,Lee Weatherhead,M45-49,293,Open,United States,1:09:05,4:26,5:08:49,5:41,4:26:24,10:54:25
1375,562,Marcus Stigler,M45-49,294,Open,Germany,1:01:58,4:19,5:09:50,5:33,4:32:49,10:54:29
1376,1458,Lars Hildebrand,M40-44,356,Open,Germany,1:11:48,8:40,5:22:25,9:21,4:02:18,10:54:32
1377,922,Gunther Desmedt,M45-49,295,Open,Belgium,1:19:33,7:37,5:18:23,8:31,4:00:31,10:54:36
1378,865,Tom Wagner,M45-49,296,Open,United States,1:09:31,4:16,5:21:39,3:23,4:15:50,10:54:39
1379,1436,Sascha Christiansen,M40-44,357,Open,Germany,1:17:37,3:51,5:34:00,4:27,3:54:44,10:54:39
1380,1665,Teng-Yu Liang,M40-44,358,Open,Taiwan,1:02:09,5:27,5:40:00,5:40,4:01:35,10:54:50
1381,853,Olaf Borsutzky,M45-49,297,Open,Germany,1:01:31,4:15,5:22:51,4:53,4:21:23,10:54:53
1382,2381,Mikkel Kæmsgaard,M30-34,263,Open,Denmark,1:18:56,4:48,5:23:21,5:09,4:02:47,10:55:00
1383,303,Daniel Fasanelli,M55-59,51,Open,France,1:08:07,5:23,5:29:58,5:11,4:06:22,10:55:02
1384,1389,Moises Torres Rojas,M40-44,359,Open,Chile,1:04:16,6:01,5:20:08,6:55,4:17:42,10:55:03
1385,286,Ihsan Cen,M55-59,52,Open,Germany,1:08:02,3:20,5:18:13,5:41,4:19:48,10:55:04
1386,1495,Rafal Sawicki,M40-44,360,Open,Poland,1:15:52,5:33,5:16:37,4:57,4:12:08,10:55:07
1387,1012,Francois Clément,M45-49,298,Open,Belgium,1:01:50,4:33,5:15:26,5:15,4:28:18,10:55:22
1388,568,Todd Robinson,M45-49,299,Open,United States,1:08:13,4:37,5:34:08,4:11,4:04:15,10:55:24
1389,573,Antti Tiri,M45-49,300,Open,Finland,1:12:51,5:25,5:39:53,6:51,3:50:24,10:55:24
1390,1125,Iain Banks,M45-49,301,Open,United Kingdom,1:06:39,5:18,5:18:16,7:07,4:18:10,10:55:29
1391,1075,Elvis Alvarez Carnero,M45-49,302,Open,United States,1:21:11,6:26,5:38:16,9:44,3:39:53,10:55:30
1392,1607,Brian Taylor,M40-44,361,Open,United States,1:11:29,6:42,5:35:51,5:41,3:55:52,10:55:35
1393,403,Pierre Heynemand,M55-59,53,Open,Canada,1:03:44,3:35,5:21:55,5:01,4:21:26,10:55:41
1394,2346,Brett Hazelwood,M30-34,264,Open,United Kingdom,1:19:54,6:40,5:20:58,5:53,4:02:20,10:55:45
1395,1373,Dennis Retzlaff,M40-44,362,Open,Germany,1:11:25,5:05,5:20:14,6:32,4:12:30,10:55:47
1396,2560,Matt Ostbloom,M30-34,265,Open,United States,1:02:23,7:09,5:29:46,10:44,4:05:54,10:55:56
1397,274,Steven Gailliaert,M55-59,54,Open,Belgium,1:06:46,4:29,5:21:14,13:08,4:10:20,10:55:57
1398,2294,Markus Faulhaber,M30-34,266,Open,Germany,1:02:44,4:36,4:56:32,5:24,4:47:04,10:56:21
1399,2489,Skylar Morrill,M30-34,267,Open,United States,1:17:11,5:58,5:22:00,7:25,4:03:48,10:56:22
1400,1917,Roland Muehlbacher,M35-39,329,Open,Austria,1:07:31,4:11,5:46:59,4:52,3:52:55,10:56:27
1401,2347,Thomas Van Dop,M30-34,268,Open,Netherlands,1:05:17,5:02,5:10:29,6:35,4:29:07,10:56:31
1402,2597,Joseph Cook,M18-24,43,Open,United Kingdom,1:18:22,4:58,5:34:11,5:52,3:53:10,10:56:33
1403,844,Lars Erik Ness,M45-49,303,Open,Norway,1:06:32,4:14,5:41:38,3:19,4:00:51,10:56:34
1404,1217,Keith Kennedy,M40-44,363,Open,United States,1:11:43,4:17,5:25:13,4:28,4:10:54,10:56:36
1405,1574,Paul Barrett,M40-44,364,Open,United Kingdom,1:16:49,6:10,5:28:22,5:00,4:00:17,10:56:39
1406,2485,Anthony Mason,M30-34,269,Open,Ireland,1:18:44,6:24,5:18:46,6:05,4:06:39,10:56:39
1407,943,Jason Kenney,M45-49,304,Open,United States,1:14:23,5:04,5:13:49,11:47,4:11:40,10:56:43
1408,2223,Ryley Kleinschmidt,M30-34,270,Open,Australia,1:01:11,5:50,5:28:11,6:09,4:15:22,10:56:44
1409,2127,Andrew Strickland,M35-39,330,Open,Australia,1:16:06,5:32,5:14:30,5:45,4:14:56,10:56:49
1410,2289,Oliver Mountstephens,M30-34,271,Open,United Kingdom,1:06:27,5:40,5:26:50,7:08,4:10:53,10:56:58
1411,1802,Daniel Rosquete,M35-39,331,Open,United States,1:05:19,8:16,5:10:26,5:47,4:27:11,10:56:59
1412,2551,Momchil Dimitrov,M30-34,272,Open,Bulgaria,1:06:10,3:56,5:30:03,4:57,4:12:01,10:57:06
1413,997,Dave Smith,M45-49,305,Open,United Kingdom,1:20:54,6:51,5:28:35,8:50,3:52:02,10:57:12
1414,1481,Thomas Curran,M40-44,365,Open,Ireland,1:18:37,4:24,5:21:46,5:41,4:06:49,10:57:18
1415,443,Paul Slone,M55-59,55,Open,United Kingdom,1:14:53,5:49,5:16:34,6:22,4:13:51,10:57:29
1416,1508,Andreas Kocsis,M40-44,366,Open,Austria,1:11:07,4:26,5:17:13,5:00,4:19:44,10:57:30
1417,1629,Dustin Leutenegger,M40-44,367,Open,United States,1:24:00,5:08,4:54:25,4:03,4:30:03,10:57:39
1418,213,Tom Lehr,M55-59,56,Open,United States,1:14:39,6:38,5:30:56,3:59,4:01:30,10:57:42
1419,974,Ahmed Iraky,M45-49,306,Open,Egypt,1:12:19,5:49,5:37:38,6:30,3:55:25,10:57:42
1420,687,Franck Guirriec,M45-49,307,Open,France,1:05:40,6:21,5:23:37,7:37,4:14:29,10:57:44
1421,287,Andrea Ugazio,M55-59,57,Open,United States,56:24,4:27,5:26:39,7:26,4:22:54,10:57:51
1422,329,Carlo Romagnano,M55-59,58,Open,Italy,1:07:32,4:07,5:53:42,5:11,3:47:24,10:57:55
1423,395,Brian Temple,M55-59,59,Open,United States,1:15:24,7:04,5:52:18,9:36,3:33:41,10:58:02
1424,2687,Jared Janeczko,M45-49,308,Open,United States,57:49,5:37,5:34:40,8:22,4:11:53,10:58:21
1425,2439,Jelle Lugten,M30-34,273,Open,Netherlands,1:06:27,5:44,4:37:59,5:00,5:03:18,10:58:28
1426,1786,James Anderson,M35-39,332,Open,United Kingdom,1:14:35,5:16,5:44:28,8:54,3:45:15,10:58:28
1427,1561,Adam Weeks,M40-44,368,Open,United States,1:08:35,7:14,5:26:30,9:08,4:07:07,10:58:33
1428,2065,David Sheridan,M35-39,333,Open,Ireland,54:23,3:33,5:19:43,5:09,4:35:48,10:58:36
1429,958,Arkadiusz Sienica,M45-49,309,Open,United States,1:44:06,6:41,5:24:33,6:31,3:36:54,10:58:44
1430,429,Jeffrey Sankoff,M55-59,60,Open,Canada,1:09:15,3:33,5:23:52,5:09,4:16:59,10:58:48
1431,1190,Jason Mcnamara,M40-44,369,Open,Australia,1:11:06,5:00,5:23:50,5:07,4:13:46,10:58:49
1432,2203,Grigoris Souvatzoglou,M30-34,274,Open,Greece,52:58,3:50,5:03:51,3:50,4:54:21,10:58:50
1433,2286,Maksim Grebenchuk,M30-34,275,Open,United States,59:36,2:56,5:03:15,3:41,4:49:23,10:58:52
1434,697,Teemu Makiniemi,M45-49,310,Open,Finland,1:26:50,4:39,5:22:21,6:24,3:58:38,10:58:53
1435,2561,Wesley David,M30-34,276,Open,France,1:08:00,4:10,5:03:39,3:55,4:39:15,10:58:59
1436,539,Sylvain Richoud-Bizet,M45-49,311,Open,France,1:06:57,4:35,5:20:15,8:24,4:19:08,10:59:19
1437,2290,James Hotson,M30-34,277,Open,United States,58:41,3:45,5:31:20,6:39,4:18:56,10:59:21
1438,748,Michal Hanzl,M45-49,312,Open,Czechia,1:12:19,3:30,5:25:06,6:02,4:12:31,10:59:29
1439,1251,Borja Ballarin Gonzalez,M40-44,370,Open,Spain,1:17:21,5:52,5:37:02,8:13,3:51:01,10:59:30
1440,1117,Robert Green,M45-49,313,Open,United States,1:02:40,6:04,5:16:44,5:14,4:28:50,10:59:31
1441,245,Dougin Walker,M55-59,61,Open,United States,56:09,6:13,5:38:28,7:01,4:11:45,10:59:36
1442,1503,Shaun Berard,M40-44,371,Open,United States,1:14:37,7:22,5:40:07,7:37,3:49:54,10:59:37
1443,978,Christian Schnell,M45-49,314,Open,Germany,1:12:33,5:42,5:26:43,7:00,4:07:39,10:59:37
1444,248,Peter Lohmann,M55-59,62,Open,Germany,1:11:24,3:16,5:32:23,5:57,4:06:37,10:59:38
1445,1758,Christopher Grundberg,M35-39,334,Open,United Kingdom,1:17:56,8:02,4:55:12,6:00,4:32:31,10:59:40
1446,1604,Jeff Hinds,M40-44,372,Open,Canada,1:19:13,6:45,5:19:31,7:49,4:06:28,10:59:47
1447,1286,Piotr Gryber,M40-44,373,Open,Poland,1:14:09,6:31,5:29:08,6:27,4:03:32,10:59:47
1448,559,Leopoldo Lopez,M45-49,315,Open,Spain,1:25:09,4:28,5:41:43,5:06,3:43:28,10:59:54
1449,1253,Richard Bruton,M40-44,374,Open,Ireland,1:12:06,3:36,5:09:40,6:30,4:28:11,11:00:04
1450,1179,Urtzi Barandiaran Aguirre,M40-44,375,Open,Spain,1:07:36,5:09,6:00:20,5:30,3:41:30,11:00:05
1451,512,Stephane Ollier,M55-59,63,Open,France,1:30:18,4:41,5:30:11,6:29,3:48:33,11:00:12
1452,1009,Tadashi Iida,M45-49,316,Open,Japan,1:01:24,4:18,5:38:33,6:48,4:09:09,11:00:12
1453,1016,Björn Nahnsen,M45-49,317,Open,Germany,1:24:52,4:19,5:38:45,4:38,3:47:57,11:00:31
1454,1057,Javier Cepeda Navarro,M45-49,318,Open,Colombia,1:01:39,5:02,4:58:46,8:54,4:46:15,11:00:36
1455,919,Kristian Budde,M45-49,319,Open,Denmark,1:16:53,7:53,5:20:43,5:33,4:09:35,11:00:37
1456,507,Beno Krasovec,M55-59,64,Open,Slovenia,1:19:37,6:52,5:37:42,3:29,3:53:02,11:00:41
1457,2052,Eigen Rara,M35-39,335,Open,Philippines,1:17:24,4:26,5:20:35,4:45,4:13:33,11:00:43
1458,267,Philippe Martin,M55-59,65,Open,France,1:17:31,6:04,5:23:45,6:39,4:06:50,11:00:49
1459,2329,Steven Halewski,M30-34,278,Open,United States,1:00:21,5:20,5:14:21,7:34,4:33:17,11:00:51
1460,2226,David Roocroft,M30-34,279,Open,United Kingdom,1:20:57,4:10,5:11:07,4:16,4:20:42,11:01:11
1461,2688,Paulo Moreira,M40-44,376,Open,Brazil,1:11:24,5:03,5:32:59,5:08,4:06:47,11:01:21
1462,1949,Gary Richards,M35-39,336,Open,United Kingdom,1:06:38,4:15,5:25:50,7:13,4:17:27,11:01:23
1463,221,Michael Tenzer,M55-59,66,Open,Germany,1:18:09,6:02,5:32:11,4:57,4:00:08,11:01:26
1464,502,Robert Peyerl,M55-59,67,Open,Australia,1:14:19,4:49,5:52:36,7:36,3:42:49,11:02:09
1465,1551,Nathan Poland,M40-44,377,Open,United States,1:07:09,5:07,5:10:22,6:44,4:32:50,11:02:13
1466,1038,Christian Vordermayer,M45-49,320,Open,Germany,1:18:18,5:21,5:24:40,5:28,4:08:42,11:02:29
1467,2239,Edgar Deduchov,M30-34,280,Open,Lithuania,1:11:36,4:49,5:51:49,6:29,3:47:57,11:02:39
1468,896,Teemu Paatela,M45-49,321,Open,Finland,59:49,4:53,5:24:24,6:26,4:27:13,11:02:45
1469,1388,Danny Verdoorn,M40-44,378,Open,Netherlands,1:15:44,7:36,5:35:51,6:35,3:57:07,11:02:52
1470,1387,Daniel Muniz,M40-44,379,Open,Costa Rica,1:15:54,7:04,5:20:57,6:18,4:12:41,11:02:55
1471,209,Thierry Depolla,M55-59,68,Open,Lebanon,1:06:43,7:19,5:36:56,7:02,4:04:58,11:02:57
1472,901,Ming Tsai,M45-49,322,Open,Taiwan,1:22:26,4:13,5:38:25,5:25,3:52:35,11:03:04
1473,1363,Edgar Lopez,M40-44,380,Open,Mexico,52:58,4:06,4:48:09,5:31,5:12:23,11:03:07
1474,1087,Sølve Skogland,M45-49,323,Open,Norway,1:17:49,5:44,4:58:59,4:57,4:35:52,11:03:21
1475,316,Gary Greib,M55-59,69,Open,United States,1:15:58,3:35,5:26:07,3:34,4:14:07,11:03:21
1476,810,Paul Smith,M45-49,324,Open,United Kingdom,1:00:54,5:45,5:39:40,4:46,4:12:20,11:03:25
1477,2048,Henrik Samdal,M35-39,337,Open,Norway,1:08:12,5:39,5:15:54,7:21,4:26:24,11:03:30
1478,171,Summers Jeff,M55-59,70,Open,United States,1:10:16,7:37,5:40:19,5:56,3:59:28,11:03:35
1479,833,Matt Wartian,M45-49,325,Open,United States,1:04:33,5:37,5:20:06,8:04,4:25:20,11:03:41
1480,1832,Sören Johannes Nell,M35-39,338,Open,Germany,1:11:34,4:14,5:15:07,5:04,4:28:05,11:04:04
1481,2056,Kellan True,M35-39,339,Open,United States,1:22:24,6:46,5:14:02,5:58,4:14:57,11:04:07
1482,2074,Riley Vandyke,M35-39,340,Open,United States,1:04:14,5:09,5:17:27,7:34,4:29:51,11:04:15
1483,1483,Geert Reyniers,M40-44,381,Open,Belgium,1:04:23,5:09,5:28:24,4:15,4:22:09,11:04:20
1484,2408,Bo Strandmark,M30-34,281,Open,Denmark,1:05:28,4:15,4:57:57,6:16,4:50:26,11:04:22
1485,1618,Reinout Maes,M40-44,382,Open,Belgium,1:11:31,4:37,5:19:46,5:34,4:22:59,11:04:27
1486,2532,Andrew kelly,M30-34,282,Open,United Kingdom,1:12:16,3:22,5:07:24,4:03,4:37:22,11:04:27
1487,1330,Ross Stewart,M40-44,383,Open,Hong Kong,1:11:09,6:37,5:22:23,7:18,4:17:02,11:04:29
1488,1034,Michel Lamtink,M45-49,326,Open,Netherlands,1:09:48,6:00,5:07:48,4:56,4:36:01,11:04:32
1489,706,Brendan Wills,M45-49,327,Open,United States,1:05:46,4:14,5:19:59,6:23,4:28:15,11:04:37
1490,841,Andy Edwards,M45-49,328,Open,United Kingdom,1:01:05,4:06,5:11:10,4:42,4:43:38,11:04:42
1491,836,Scott Goodrich,M45-49,329,Open,United States,1:25:56,6:05,5:16:42,5:19,4:10:53,11:04:54
1492,569,Christian Schmidt,M45-49,330,Open,Germany,1:14:26,5:07,5:29:13,5:18,4:10:54,11:04:57
1493,1292,Maciej Wolski,M40-44,384,Open,Poland,1:15:07,4:44,5:08:56,9:36,4:26:35,11:04:59
1494,305,Stephan Bole,M55-59,71,Open,France,1:11:26,4:07,5:38:04,4:21,4:07:05,11:05:03
1495,545,Rafa Garcia Arenas,M45-49,331,Open,Spain,1:12:50,6:01,5:54:20,7:57,3:43:55,11:05:04
1496,2279,Malcolm Rudolph,M30-34,283,Open,Australia,1:01:53,4:51,4:44:46,4:21,5:09:14,11:05:06
1497,2611,Arne Flothmann,M18-24,44,Open,Belgium,1:10:28,6:12,5:19:46,4:32,4:24:06,11:05:06
1498,1500,Torsten Geissler,M40-44,385,Open,Germany,1:11:14,4:44,5:12:50,4:09,4:32:24,11:05:20
1499,2356,Sergio Soares,M30-34,284,Open,Brazil,1:11:17,4:38,5:20:45,5:15,4:23:31,11:05:25
1500,2336,Santiago Del Puerto,M30-34,285,Open,Uruguay,1:15:42,5:14,5:52:10,8:00,3:44:31,11:05:36
1501,625,David Carney,M45-49,332,Open,United States,1:24:35,4:45,5:27:05,5:54,4:03:20,11:05:39
1502,515,Thorsten Schröder,M55-59,72,Open,Germany,1:18:44,5:21,5:33:26,7:18,4:00:56,11:05:45
1503,1108,Eduard Sadurni De La Torre,M45-49,333,Open,Spain,1:18:03,4:32,5:29:55,5:07,4:08:08,11:05:46
1504,328,Yasuo Shinozuka,M55-59,73,Open,Japan,1:13:04,5:20,5:36:56,7:12,4:03:16,11:05:49
1505,724,Jonathan Pesansky,M45-49,334,Open,United States,59:33,7:35,5:39:10,9:16,4:10:29,11:06:03
1506,970,Ricardo Martinez,M45-49,335,Open,Spain,58:14,3:30,5:04:15,5:18,4:55:12,11:06:30
1507,905,Brian Hemmeløff,M45-49,336,Open,Denmark,1:09:19,4:00,5:16:41,3:39,4:32:57,11:06:35
1508,1609,Frederic Nolin,M40-44,386,Open,Canada,1:21:05,4:11,5:08:05,6:00,4:27:16,11:06:38
1509,1714,Joey Schultz,M40-44,387,Open,Sweden,1:10:36,5:41,5:20:29,7:31,4:22:23,11:06:41
1510,1417,Krzysztof Leki,M40-44,388,Open,Poland,1:24:10,6:27,5:47:26,7:14,3:41:27,11:06:44
1511,2363,Brian Lozes,M30-34,286,Open,United States,1:04:04,7:25,5:36:37,7:44,4:10:59,11:06:49
1512,1783,Michael Baba,M35-39,341,Open,United States,1:08:19,6:23,5:18:36,6:50,4:26:54,11:07:03
1513,2171,Kyle Lehman,M35-39,342,Open,United States,1:07:47,3:46,5:27:48,5:29,4:22:30,11:07:21
1514,1567,Joao Marcello Novaes Do Nascimento Baptista,M40-44,389,Open,Brazil,1:04:24,4:03,5:46:14,4:15,4:08:34,11:07:30
1515,1078,Luca Molteni,M45-49,337,Open,Italy,1:08:37,4:21,5:41:24,4:29,4:09:00,11:07:50
1516,2569,Antoine Bezault,M30-34,287,Open,France,1:08:28,4:02,5:14:37,4:49,4:35:59,11:07:55
1517,372,Chris Keysor,M55-59,74,Open,United States,1:17:15,6:51,5:39:26,5:36,3:58:49,11:07:56
1518,1602,Trent Dawson,M40-44,390,Open,Australia,58:50,4:27,4:57:14,3:30,5:04:32,11:08:32
1519,702,Ryan Barnett,M45-49,338,Open,United States,1:07:39,4:13,5:27:11,6:42,4:22:48,11:08:33
1520,1395,Lukasz Trzeciak,M40-44,391,Open,Poland,1:16:58,4:14,5:24:24,5:48,4:17:18,11:08:42
1521,327,Scott Sucher,M55-59,75,Open,United States,1:11:32,4:20,5:42:25,6:24,4:04:04,11:08:44
1522,781,Robert Siwirski,M45-49,339,Open,Poland,1:18:13,5:07,5:22:43,5:35,4:17:10,11:08:48
1523,2658,Jack Schwartz,M18-24,45,Open,United States,1:18:27,5:16,5:55:06,4:50,3:45:09,11:08:48
1524,2656,Magnus Pedersen,M18-24,46,Open,Denmark,1:13:48,5:29,5:19:36,5:48,4:24:14,11:08:56
1525,455,Tobias Oelmaier,M55-59,76,Open,Germany,1:01:29,2:50,5:18:09,3:34,4:42:55,11:08:57
1526,529,Hans Larsson,M45-49,340,Open,United States,1:17:27,4:12,5:47:51,6:04,3:53:26,11:09:00
1527,2194,Daniyar Zhanabekov,M35-39,343,Open,Kazakhstan,1:09:55,4:32,5:24:04,6:12,4:24:26,11:09:09
1528,1930,Jason Brown,M35-39,344,Open,United States,1:11:10,5:58,5:28:39,6:08,4:17:16,11:09:11
1529,1457,Troels Kaspersen,M40-44,392,Open,Denmark,1:07:37,6:34,5:04:08,6:00,4:44:59,11:09:17
1530,136,Thierry Debrun,M55-59,77,Open,France,1:13:49,7:37,5:29:52,6:12,4:11:48,11:09:19
1531,1165,Timo Kubach,M40-44,393,Open,Germany,1:25:47,8:12,5:26:50,8:31,4:00:08,11:09:28
1532,1029,Jakub Sobolewski,M45-49,341,Open,Poland,1:16:03,7:07,5:32:16,6:23,4:07:46,11:09:35
1533,2366,Peter Jaray,M30-34,288,Open,Sweden,1:09:43,4:31,5:43:58,5:51,4:05:44,11:09:47
1534,412,Pedro Rocha,M55-59,78,Open,Portugal,1:09:56,5:18,5:56:10,6:14,3:52:12,11:09:49
1535,968,Eugenio Reales,M45-49,342,Open,Spain,1:13:20,5:33,5:49:50,6:05,3:55:01,11:09:50
1536,2396,Jan Welberg,M30-34,289,Open,Netherlands,1:20:42,6:31,5:21:32,5:48,4:15:33,11:10:05
1537,124,Jonathan Minto,M55-59,79,Open,Canada,1:22:58,4:07,5:38:45,5:54,3:58:39,11:10:22
1538,1617,Daniel Wile,M40-44,394,Open,United States,1:10:32,8:26,5:46:21,9:36,3:55:29,11:10:23
1539,584,Harri Karvonen,M45-49,343,Open,Finland,1:12:26,4:22,5:27:23,3:56,4:22:16,11:10:23
1540,410,David Wilcock,M55-59,80,Open,United Kingdom,1:18:58,4:50,5:30:44,5:40,4:10:15,11:10:28
1541,342,Pierre Guillaume,M55-59,81,Open,France,1:18:51,5:38,5:36:59,6:30,4:02:34,11:10:33
1542,1550,Dennis Santa Paula,M40-44,395,Open,Brazil,1:11:50,4:20,5:26:13,6:01,4:22:15,11:10:38
1543,1922,Christian Nindl,M35-39,345,Open,Austria,1:21:02,4:51,5:22:19,7:54,4:14:37,11:10:43
1544,712,Geoffrey Richards,M45-49,344,Open,Canada,1:15:56,6:07,5:48:07,7:09,3:53:31,11:10:50
1545,1478,Christopher Veilleux,M40-44,396,Open,United States,1:11:01,6:58,5:22:06,5:20,4:25:34,11:10:59
1546,1743,Nicolas Segers,M40-44,397,Open,Belgium,1:09:24,5:31,5:48:44,6:34,4:01:03,11:11:16
1547,451,Stuart Campbell,M55-59,82,Open,United Kingdom,1:26:14,4:43,5:27:22,5:19,4:07:42,11:11:20
1548,401,Doron Reuveni,M55-59,83,Open,United States,1:26:28,6:38,5:36:20,5:53,3:56:06,11:11:25
1549,533,John Cowan,M45-49,345,Open,United States,1:02:25,7:57,5:31:38,10:09,4:19:26,11:11:35
1550,560,Kenneth Mckenzie,M45-49,346,Open,United Kingdom,1:09:45,5:45,5:33:16,4:19,4:18:31,11:11:36
1551,237,Thomas Andersen,M55-59,84,Open,Denmark,1:16:30,4:43,5:10:56,8:10,4:31:18,11:11:37
1552,641,Sebastian Ludolfs,M45-49,347,Open,Germany,1:05:16,3:35,5:14:43,5:15,4:42:59,11:11:48
1553,2671,David Mullaney,M55-59,85,Open,United States,1:12:21,7:02,5:20:01,9:28,4:23:02,11:11:55
1554,541,Mait Miller,M45-49,348,Open,Estonia,1:14:39,5:03,5:24:45,5:29,4:22:01,11:11:56
1555,231,Kurt Bowers,M55-59,86,Open,United States,1:10:24,6:42,5:54:04,6:27,3:54:27,11:12:03
1556,854,Ryann Mills,M45-49,349,Open,Australia,1:04:08,4:05,5:22:07,5:46,4:36:02,11:12:09
1557,661,Todd Scheidt,M45-49,350,Open,Canada,1:16:00,4:56,5:30:42,5:34,4:15:02,11:12:14
1558,1086,João Carlos De Almeida,M45-49,351,Open,Brazil,54:17,4:16,5:11:15,5:22,4:57:15,11:12:25
1559,1094,Robert Pritchett,M45-49,352,Open,South Africa,1:10:03,6:09,5:40:43,5:50,4:09:42,11:12:27
1560,452,Jörg Kult,M55-59,87,Open,Germany,1:21:52,6:06,5:37:33,5:35,4:01:26,11:12:31
1561,1227,Laurentiu Grigore,M40-44,398,Open,United States,1:19:03,5:52,5:35:09,6:57,4:05:49,11:12:49
1562,508,Lionel Lafarge,M55-59,88,Open,France,1:23:21,4:08,5:51:40,3:18,3:50:25,11:12:52
1563,2269,Bruno Caetano,M30-34,290,Open,Portugal,1:12:46,4:18,5:53:27,10:36,3:51:56,11:13:02
1564,1017,Paolo Leano,M45-49,353,Open,Philippines,1:16:23,7:19,5:51:16,7:04,3:51:07,11:13:09
1565,2323,Robert Budaj,M30-34,291,Open,Slovakia,1:09:05,4:03,5:57:06,4:49,3:58:10,11:13:14
1566,1756,Simon Smith,M35-39,346,Open,United Kingdom,1:10:00,5:00,5:20:00,7:26,4:30:57,11:13:24
1567,346,Pierre Durif,M55-59,89,Open,France,1:10:44,5:28,5:17:27,4:05,4:35:45,11:13:28
1568,2391,Robert Taylor,M30-34,292,Open,United States,1:20:18,6:21,5:27:31,8:11,4:11:18,11:13:39
1569,646,Nilton César F. Leite,M45-49,354,Open,Brazil,1:38:33,6:29,5:49:55,6:08,3:32:44,11:13:49
1570,2011,Nikki De Cauwer,M35-39,347,Open,Belgium,1:04:09,5:46,5:24:11,8:34,4:31:29,11:14:08
1571,1366,Thomas Morley,M40-44,399,Open,United Kingdom,1:12:36,7:58,5:30:13,6:18,4:17:20,11:14:24
1572,2438,Joep Bischoff,M30-34,293,Open,Netherlands,1:05:45,5:09,5:14:15,6:20,4:42:56,11:14:24
1573,780,John Patterson,M45-49,355,Open,United States,1:15:47,5:49,5:11:34,5:48,4:35:26,11:14:24
1574,1109,Per E. Häll,M45-49,356,Open,Sweden,1:01:48,7:00,5:32:14,9:14,4:24:09,11:14:25
1575,324,Taro Shirato,M55-59,90,Open,Japan,1:04:17,4:29,5:46:56,7:24,4:11:25,11:14:32
1576,1906,Przemysaw Paszek,M35-39,348,Open,Poland,1:09:09,5:15,5:35:41,7:13,4:17:15,11:14:33
1577,936,Josue Diaz Diez,M45-49,357,Open,Spain,1:30:02,6:31,5:34:02,4:59,3:59:14,11:14:48
1578,2228,Travis Fitzgerald,M30-34,294,Open,United States,1:24:44,4:55,5:39:46,6:58,3:58:28,11:14:51
1579,716,Arto Helovuo,M45-49,358,Open,Finland,1:16:55,5:15,5:28:11,4:19,4:20:14,11:14:54
1580,311,Harald Schrenk,M55-59,91,Open,Austria,1:16:25,3:43,5:41:19,5:01,4:08:30,11:14:58
1581,1658,David Descamps,M40-44,400,Open,France,1:05:20,5:08,4:59:24,6:50,4:58:26,11:15:08
1582,656,Chad Lund,M45-49,359,Open,United States,1:06:56,5:09,5:33:28,5:51,4:23:46,11:15:10
1583,2581,Philip Van Der Ven,M30-34,295,Open,Netherlands,1:07:29,5:54,5:02:53,7:02,4:52:00,11:15:17
1584,675,Jacobus Kruger,M45-49,360,Open,South Africa,1:11:16,4:38,5:26:40,4:12,4:28:46,11:15:31
1585,785,Florian Bahrdt,M45-49,361,Open,Germany,1:19:55,5:11,5:41:09,4:39,4:04:42,11:15:35
1586,1745,Pete Bacon,M40-44,401,Open,Ireland,1:07:28,5:28,5:50:06,5:16,4:07:22,11:15:40
1587,2458,Brian Levine,M30-34,296,Open,United States,1:10:31,4:35,5:22:05,12:19,4:26:26,11:15:55
1588,834,Jose Lomonaco,M45-49,362,Open,Canada,1:12:17,4:41,5:55:07,5:50,3:58:02,11:15:56
1589,217,Rick Phelan,M55-59,92,Open,United States,1:21:54,5:40,5:40:49,5:32,4:02:06,11:16:00
1590,1335,Tomasz Mika,M40-44,402,Open,Poland,1:21:23,4:02,5:25:58,5:39,4:19:02,11:16:04
1591,2135,Carlos Castillo Faundez,M35-39,349,Open,Chile,1:15:58,6:06,5:12:34,4:54,4:36:40,11:16:13
1592,877,Marc Saunders,M45-49,363,Open,Canada,1:17:42,8:08,5:32:17,8:31,4:09:52,11:16:31
1593,264,Dominique Michel,M55-59,93,Open,France,1:24:36,5:54,5:25:06,5:30,4:15:29,11:16:36
1594,2057,Trent Harding,M35-39,350,Open,Australia,57:00,4:36,5:38:09,7:14,4:29:38,11:16:37
1595,1232,Rudolph Agius,M40-44,403,Open,Malta,1:03:57,4:03,5:22:32,4:27,4:41:40,11:16:39
1596,1732,Ondrej Sedlácek,M40-44,404,Open,Czechia,1:16:14,3:59,5:27:59,6:52,4:22:02,11:17:05
1597,2367,Jeremy Fenech,M30-34,297,Open,Malta,1:12:55,3:30,5:31:44,3:29,4:25:29,11:17:07
1598,1442,Kevin Proszek,M40-44,405,Open,Germany,1:08:51,5:03,5:43:37,6:53,4:13:00,11:17:24
1599,835,Danny Rensch,M45-49,364,Open,Germany,1:08:30,7:21,5:28:27,8:05,4:25:04,11:17:27
1600,1632,Chris Mcfall,M40-44,406,Open,United States,1:01:10,5:28,5:43:28,6:44,4:20:42,11:17:32
1601,2119,Mark Castrovinci,M35-39,351,Open,United States,1:04:11,9:39,5:25:37,9:23,4:28:44,11:17:34
1602,283,Heimdall Geyer,M55-59,94,Open,Austria,1:17:10,4:53,5:34:41,5:19,4:15:32,11:17:35
1603,1738,Timmy Waldon,M40-44,407,Open,Australia,1:10:12,5:31,5:18:27,7:19,4:36:09,11:17:38
1604,860,Aho Augasmägi,M45-49,365,Open,Estonia,1:17:23,6:12,5:38:17,4:21,4:11:35,11:17:48
1605,2044,Michal Lukasiewicz,M35-39,352,Open,Poland,1:23:37,6:08,5:28:23,5:53,4:14:01,11:18:02
1606,1001,Gabriel Pereira,M45-49,366,Open,Brazil,1:03:59,3:38,5:22:26,6:21,4:41:42,11:18:05
1607,467,Hans Schmid,M55-59,95,Open,Germany,1:10:22,5:24,5:33:52,4:11,4:24:19,11:18:08
1608,1295,Mikko Tepponen,M40-44,408,Open,Finland,1:05:46,4:41,5:13:24,3:54,4:50:25,11:18:09
1609,2399,Jason Trautman,M30-34,298,Open,South Africa,57:33,3:40,5:07:23,6:16,5:03:23,11:18:15
1610,2164,Austin Davis,M35-39,353,Open,United States,1:07:17,6:53,5:27:01,9:28,4:27:36,11:18:15
1611,654,Derek Crump,M45-49,367,Open,United States,1:07:52,5:03,5:23:57,5:48,4:35:47,11:18:27
1612,297,Warren Forbes,M55-59,96,Open,Australia,1:09:16,9:13,5:40:57,9:31,4:09:30,11:18:27
1613,137,Wayne Mac Farlane,M55-59,97,Open,South Africa,1:04:29,5:07,5:57:03,7:37,4:04:16,11:18:33
1614,2388,Eric Anderson,M30-34,299,Open,United States,1:26:15,5:58,5:34:21,6:45,4:05:30,11:18:49
1615,1407,Sven De Cock,M40-44,409,Open,Belgium,1:03:12,4:25,5:14:34,7:22,4:49:20,11:18:53
1616,1518,Sven Körbs,M40-44,410,Open,Germany,1:07:31,5:21,5:20:51,6:16,4:39:08,11:19:08
1617,787,Sam Storer,M45-49,368,Open,United Kingdom,1:11:00,5:35,5:14:11,5:36,4:42:53,11:19:15
1618,2635,Tim Reinke,M18-24,47,Open,Germany,1:08:54,4:37,5:12:20,6:20,4:47:05,11:19:16
1619,883,Kane Towns,M45-49,369,Open,Australia,1:04:00,6:38,4:59:16,6:56,5:02:28,11:19:18
1620,2016,Joshua Mitchell,M35-39,354,Open,United States,58:25,6:15,5:10:12,4:06,5:00:26,11:19:24
1621,1208,Eero Heiskanen,M40-44,411,Open,Finland,1:33:58,4:54,5:23:47,4:23,4:12:22,11:19:24
1622,1233,David Bradshaw,M40-44,412,Open,United States,1:07:32,7:28,5:39:21,9:09,4:16:01,11:19:31
1623,1728,Ronald Molit,M40-44,413,Open,Philippines,59:59,4:43,5:32:26,4:47,4:37:44,11:19:40
1624,460,Fernando Carmo,M55-59,98,Open,Portugal,1:19:14,4:28,5:49:09,5:05,4:01:51,11:19:47
1625,609,Razvan Ene,M45-49,370,Open,Romania,1:09:09,4:59,5:03:46,6:39,4:55:15,11:19:48
1626,1353,Ghislain Revillard,M40-44,414,Open,France,1:15:46,8:10,5:26:10,6:19,4:23:27,11:19:52
1627,1797,Clint Magg,M35-39,355,Open,Germany,1:16:16,4:21,5:26:46,5:00,4:27:52,11:20:14
1628,1833,Ian Parnell,M35-39,356,Open,Australia,1:05:33,5:35,5:31:50,5:54,4:31:27,11:20:20
1629,1688,Thijs Peeters,M40-44,415,Open,Netherlands,1:13:03,6:22,5:42:38,6:33,4:11:47,11:20:22
1630,556,Allen Lopez,M45-49,371,Open,United States,1:13:13,7:15,5:32:00,7:51,4:20:07,11:20:26
1631,488,Mattias Törnqvist,M55-59,99,Open,Sweden,1:07:54,5:04,5:23:22,5:16,4:39:04,11:20:39
1632,233,Joakim Stenman,M55-59,100,Open,Sweden,1:14:48,5:19,5:31:03,7:37,4:21:52,11:20:39
1633,583,Yannick Antoine,M45-49,372,Open,Belgium,1:07:05,2:55,5:13:02,4:01,4:53:52,11:20:54
1634,1877,Alexander Williams,M35-39,357,Open,United States,1:12:35,6:28,5:20:51,6:16,4:34:46,11:20:55
1635,804,Jerome Le Bitter,M45-49,373,Open,France,1:27:40,4:02,5:30:05,3:45,4:15:32,11:21:04
1636,926,Kai Schroeder,M45-49,374,Open,Germany,1:20:00,4:03,5:39:34,6:01,4:11:33,11:21:12
1637,740,Bernardo Straube,M45-49,375,Open,Bolivia,1:04:32,5:36,5:43:15,5:20,4:22:42,11:21:25
1638,160,Gert Van Vliet,M55-59,101,Open,Aruba,1:10:06,4:57,5:21:47,5:37,4:39:22,11:21:50
1639,691,Mathew Goddard,M45-49,376,Open,United Kingdom,1:19:22,5:09,5:33:22,6:20,4:17:37,11:21:50
1640,1754,Adil Syzdykov,M35-39,358,Open,Kazakhstan,1:30:52,3:34,5:37:04,5:03,4:05:31,11:22:05
1641,1225,Peter Rudolph,M40-44,416,Open,Germany,1:17:35,3:50,5:01:16,7:11,4:52:15,11:22:07
1642,236,Heinrich Travnicek,M55-59,102,Open,Austria,1:05:57,4:48,5:43:18,4:05,4:24:22,11:22:31
1643,2017,Tomasz Kmuk,M35-39,359,Open,Poland,1:34:15,3:55,5:36:36,5:22,4:02:23,11:22:32
1644,886,Kurt Heunis,M45-49,377,Open,South Africa,1:06:56,4:24,5:14:45,5:38,4:50:52,11:22:35
1645,2263,Marco Accardo,M30-34,300,Open,Italy,1:06:48,5:35,5:02:17,6:20,5:01:38,11:22:39
1646,1765,Lothar Birkenfeld,M35-39,360,Open,United States,1:08:50,5:48,5:28:37,8:24,4:31:07,11:22:45
1647,423,Salim Mohamed,M55-59,103,Open,United Kingdom,1:18:03,3:45,5:57:29,4:56,3:58:45,11:22:57
1648,1127,Teck Tan,M45-49,378,Open,Singapore,1:10:04,6:57,5:49:07,5:23,4:11:27,11:22:58
1649,993,Jörg Augustin,M45-49,379,Open,Germany,1:29:05,7:30,5:19:35,12:21,4:14:31,11:23:02
1650,1705,Jonas Holmkvist,M40-44,417,Open,Sweden,1:06:36,5:46,5:14:46,9:05,4:46:51,11:23:05
1651,988,Alvaro Velez,M45-49,380,Open,Colombia,59:38,5:24,5:32:21,5:48,4:40:09,11:23:20
1652,496,Thierry Chardin,M55-59,104,Open,France,1:25:05,6:43,5:28:34,8:39,4:14:32,11:23:33
1653,394,Daniel Dejong,M55-59,105,Open,Belgium,1:10:31,5:19,5:26:30,5:34,4:35:46,11:23:40
1654,1323,Mariusz Klatka,M40-44,418,Open,Poland,1:14:25,4:28,5:16:40,6:57,4:41:28,11:23:59
1655,2222,Renel Brecenio,M30-34,301,Open,Philippines,1:29:55,5:53,5:48:24,5:05,3:54:46,11:24:03
1656,2477,Julien Bletterie,M30-34,302,Open,France,1:19:26,4:57,5:53:32,7:53,3:58:21,11:24:09
1657,1181,Raz Shabtay,M40-44,419,Open,Israel,1:23:56,4:57,5:51:41,5:48,3:58:09,11:24:32
1658,946,Asher Kuper,M45-49,381,Open,Israel,1:08:30,3:15,5:29:42,7:53,4:35:26,11:24:46
1659,1283,Jason Smith,M40-44,420,Open,United States,55:26,3:27,5:09:14,3:36,5:13:33,11:25:16
1660,1195,Jamie Haggar,M40-44,421,Open,United States,1:07:06,4:13,5:48:23,3:50,4:21:45,11:25:17
1661,2001,Andrew West,M35-39,361,Open,United States,1:12:33,4:43,5:45:29,5:54,4:16:39,11:25:19
1662,2427,Edmund Keferstein,M30-34,303,Open,Germany,1:09:58,7:01,5:27:18,6:58,4:34:04,11:25:20
1663,2117,Bainiyazov Nurlan,M35-39,362,Open,Kazakhstan,1:27:53,5:37,5:43:05,5:45,4:03:00,11:25:20
1664,134,Jerome Guionnet,M55-59,106,Open,France,1:11:45,6:39,5:22:07,6:40,4:38:10,11:25:22
1665,107,Jeff Crosby,M55-59,107,Open,United States,1:11:28,4:21,5:16:29,6:20,4:46:54,11:25:31
1666,1764,Matthew Shaffer,M35-39,363,Open,United States,1:10:24,4:35,5:25:45,6:18,4:38:34,11:25:35
1667,2339,Patrick Talbott,M30-34,304,Open,United States,52:36,6:45,5:18:04,7:06,5:01:11,11:25:43
1668,259,Steffen Fleischer,M55-59,108,Open,Germany,1:25:47,4:54,5:44:38,6:14,4:04:19,11:25:51
1669,955,Josh Madsen,M45-49,382,Open,United States,58:20,5:43,5:23:55,8:14,4:49:40,11:25:52
1670,2571,Falco Zeekaf,M30-34,305,Open,Netherlands,1:11:01,5:46,5:37:53,8:14,4:22:59,11:25:53
1671,649,Michael Cassineri,M45-49,383,Open,United States,1:20:12,6:37,6:00:05,7:05,3:51:59,11:25:59
1672,2651,Blake Eshelman,M18-24,48,Open,United States,1:02:02,3:40,5:25:32,4:06,4:50:46,11:26:06
1673,650,Simon Smith,M45-49,384,Open,United Kingdom,1:15:44,6:17,5:47:14,6:00,4:11:16,11:26:31
1674,2495,Jan Stepinski,M30-34,306,Open,United States,50:09,3:37,4:33:54,4:07,5:55:13,11:27:00
1675,1434,Jeremy Hund,M40-44,422,Open,France,1:06:09,4:25,5:23:02,5:26,4:48:01,11:27:03
1676,698,Roman Lacko,M45-49,385,Open,United Kingdom,1:18:19,3:21,5:07:09,4:58,4:53:22,11:27:10
1677,876,Krystian Domino,M45-49,386,Open,Poland,1:15:42,5:37,5:24:48,5:47,4:35:21,11:27:15
1678,1007,Pekka Lehtinen,M45-49,387,Open,Finland,1:07:55,4:08,5:21:26,6:49,4:46:58,11:27:17
1679,1051,Michael Faustmann,M45-49,388,Open,Australia,1:01:16,5:41,5:14:59,5:48,4:59:50,11:27:34
1680,2258,David Blitzer,M30-34,307,Open,United States,1:16:00,6:26,5:34:19,7:58,4:22:51,11:27:34
1681,838,Andrew Walters,M45-49,389,Open,United States,1:03:36,3:33,5:26:25,7:37,4:46:23,11:27:34
1682,436,Sylvain Laur,M55-59,109,Open,Portugal,1:10:25,7:29,5:39:05,7:08,4:23:33,11:27:40
1683,1140,Casey Arbenz,M45-49,390,Open,United States,1:09:36,4:00,5:11:44,6:45,4:55:35,11:27:41
1684,1643,Chia Chang,M40-44,423,Open,Taiwan,1:18:31,6:24,5:37:21,7:54,4:17:45,11:27:55
1685,884,Pawel Blazowski,M45-49,391,Open,Poland,1:21:51,4:51,5:46:27,6:44,4:08:07,11:28:00
1686,2394,Christopher Ashton,M30-34,308,Open,United Kingdom,52:56,5:10,4:55:15,4:34,5:30:09,11:28:04
1687,332,Juan Estrella,M55-59,110,Open,United States,1:26:10,7:27,5:37:36,10:28,4:06:24,11:28:05
1688,642,Vincent Legere,M45-49,392,Open,Canada,1:16:21,6:50,5:47:18,8:53,4:08:46,11:28:09
1689,1279,Jacob Brøndum,M40-44,424,Open,Denmark,1:06:39,4:03,5:14:32,4:45,4:58:23,11:28:22
1690,485,Scott Intveld,M55-59,111,Open,Australia,1:06:57,6:09,5:42:41,8:28,4:24:08,11:28:23
1691,760,Tarmo Lillsoo,M45-49,393,Open,Estonia,1:22:18,3:35,5:34:29,5:14,4:22:49,11:28:25
1692,420,Marc Siejo,M55-59,112,Open,France,1:11:42,6:40,5:23:38,8:32,4:38:14,11:28:46
1693,1661,Adam Johnson,M40-44,425,Open,United States,1:06:08,3:30,5:05:26,4:26,5:09:39,11:29:10
1694,2573,Nicholas Kerr,M30-34,309,Open,Canada,1:13:17,6:06,5:41:40,7:14,4:20:54,11:29:10
1695,1648,Anthony Leigl,M40-44,426,Open,United States,1:00:43,5:51,5:13:27,7:22,5:01:50,11:29:14
1696,1587,Rodrigo Tome,M40-44,427,Open,Brazil,1:03:23,5:36,5:14:49,7:19,4:58:08,11:29:14
1697,1289,Dana Gravina,M40-44,428,Open,United States,1:05:15,6:07,5:06:45,7:33,5:03:34,11:29:15
1698,1112,Benjamin Stuart,M45-49,394,Open,United States,1:08:34,6:14,5:32:19,8:42,4:33:26,11:29:17
1699,1068,Jason Raffill,M45-49,395,Open,United Kingdom,1:18:39,8:59,5:28:01,10:53,4:22:44,11:29:17
1700,1351,Mark Moloney,M40-44,429,Open,Ireland,1:10:11,6:32,5:32:16,11:07,4:29:12,11:29:19
1701,506,Holger Therre,M55-59,113,Open,Germany,1:32:41,5:18,5:50:27,5:36,3:55:20,11:29:22
1702,1294,Anders Hinn,M40-44,430,Open,Sweden,1:27:49,9:00,5:27:54,11:30,4:13:10,11:29:23
1703,2608,Alfie Mcintosh,M18-24,49,Open,United Kingdom,1:19:01,5:46,5:36:57,6:06,4:21:48,11:29:39
1704,868,Darko Savic,M45-49,396,Open,Serbia,1:05:55,5:16,5:42:10,8:44,4:27:36,11:29:42
1705,879,Tsungchu Hsieh,M45-49,397,Open,Taiwan,1:27:10,5:37,5:41:30,6:57,4:08:30,11:29:44
1706,814,Simon Larsson,M45-49,398,Open,Sweden,1:14:39,5:07,5:40:26,5:52,4:23:46,11:29:49
1707,1489,Andrew Alexander,M40-44,431,Open,United Kingdom,1:11:36,6:59,5:21:27,7:00,4:42:49,11:29:50
1708,309,Raimond Schikhof,M55-59,114,Open,Netherlands,1:19:31,7:29,5:26:53,7:29,4:28:32,11:29:54
1709,2612,Julian Sponner,M18-24,50,Open,Austria,1:01:33,4:13,5:28:58,9:35,4:45:37,11:29:55
1710,819,Mark Higginbotham,M45-49,399,Open,United Kingdom,1:00:48,4:31,5:23:45,9:11,4:51:55,11:30:09
1711,1960,Nick Gregory,M35-39,364,Open,Greece,1:11:26,7:16,5:22:11,9:35,4:39:45,11:30:13
1712,454,Oliver Fromentin,M55-59,115,Open,Switzerland,1:15:10,4:47,5:46:31,5:12,4:18:44,11:30:25
1713,408,Jeff Shawhan,M55-59,116,Open,United States,1:23:21,7:24,5:51:57,8:38,3:59:31,11:30:50
1714,2152,Aly Hadfield,M35-39,365,Open,United Kingdom,1:11:28,6:57,5:56:43,6:20,4:09:26,11:30:54
1715,1079,Antonio José Pérez Narciso,M45-49,400,Open,Spain,1:08:01,5:07,5:25:01,9:34,4:43:13,11:30:55
1716,191,Ed Nicoll,M55-59,117,Open,United Kingdom,1:38:48,6:01,5:39:15,5:17,4:01:41,11:31:03
1717,912,Jon Gessner,M45-49,401,Open,United States,1:12:21,5:30,5:51:16,4:44,4:17:15,11:31:07
1718,1083,Artur Bury,M45-49,402,Open,Germany,1:05:38,4:10,5:30:00,6:56,4:44:45,11:31:30
1719,2073,Anders Christofferson,M35-39,366,Open,United States,1:03:17,4:35,5:08:29,3:49,5:11:20,11:31:30
1720,300,Dana Dobbs,M55-59,118,Open,United States,1:11:19,5:03,5:30:37,9:52,4:34:39,11:31:30
1721,812,Damien Porter,M45-49,403,Open,Australia,1:04:20,6:28,5:55:15,5:46,4:19:53,11:31:42
1722,241,Andreas Fuchs,M55-59,119,Open,Austria,1:34:58,4:17,5:42:42,6:10,4:03:53,11:32:00
1723,1519,Rene Redelberger,M40-44,432,Open,Germany,1:18:10,6:09,5:08:08,4:03,4:55:36,11:32:06
1724,365,Robert Mueller,M55-59,120,Open,United States,1:03:20,5:11,5:53:48,9:00,4:20:51,11:32:10
1725,1717,Lorenzo Zanetti,M40-44,433,Open,Italy,1:05:33,5:32,5:26:42,5:30,4:49:04,11:32:22
1726,1412,Russell Wright,M40-44,434,Open,United Kingdom,1:25:02,5:19,5:29:24,5:49,4:26:59,11:32:34
1727,663,Anibal Juncal,M45-49,404,Open,Australia,1:06:08,4:14,5:19:18,6:15,4:56:44,11:32:39
1728,335,Paul Svendsen,M55-59,121,Open,Norway,1:30:59,5:12,5:40:33,6:58,4:09:14,11:32:56
1729,843,Murat Kassimov,M45-49,405,Open,Kazakhstan,1:13:01,6:39,5:47:17,6:24,4:19:38,11:33:00
1730,1598,Ivan Rybarík,M40-44,435,Open,Czechia,1:19:26,5:51,5:01:04,8:42,4:58:06,11:33:10
1731,261,Wolf-Hendrik Kaps,M55-59,122,Open,Germany,1:19:59,7:37,5:38:53,4:53,4:21:48,11:33:10
1732,1805,Vaidas Velutis,M35-39,367,Open,Lithuania,1:11:24,6:17,5:44:11,5:09,4:26:12,11:33:13
1733,1807,Mantas Marcinkevicius,M35-39,368,Open,Lithuania,1:11:40,6:06,5:43:50,4:36,4:27:00,11:33:13
1734,566,Ted Basile,M45-49,406,Open,United States,1:06:37,6:39,5:28:53,6:40,4:44:24,11:33:14
1735,181,Dale Londos,M55-59,123,Open,United States,1:06:21,4:57,5:55:52,9:55,4:16:13,11:33:17
1736,1589,Jan Kucera,M40-44,436,Open,Czechia,58:20,4:23,5:30:00,6:50,4:53:45,11:33:18
1737,1096,Thomas Nteliopoulos,M45-49,407,Open,Greece,1:27:29,5:31,5:53:56,5:24,4:01:13,11:33:34
1738,1773,Golwen Kauffmann,M35-39,369,Open,France,1:01:52,3:44,4:58:41,4:58,5:24:21,11:33:37
1739,126,Christopher Doyle,M55-59,124,Open,Canada,1:19:23,5:13,5:29:03,7:13,4:32:49,11:33:42
1740,765,Morten Halkjær,M45-49,408,Open,Denmark,1:15:39,5:09,5:25:35,5:05,4:42:15,11:33:42
1741,1903,Jakub Mazur,M35-39,370,Open,Poland,1:12:18,5:44,5:42:45,3:46,4:29:11,11:33:44
1742,1692,Noel Zafra Raya,M40-44,437,Open,Spain,1:04:16,4:18,5:01:50,4:35,5:18:46,11:33:44
1743,1695,Chris Lemke,M40-44,438,Open,Germany,1:11:39,3:23,5:26:20,5:24,4:47:04,11:33:51
1744,668,Paco Gonzalez Marcos,M45-49,409,Open,Spain,1:03:52,6:34,5:49:20,4:57,4:29:09,11:33:54
1745,645,Stephen Pepper,M45-49,410,Open,Ireland,1:19:43,7:25,6:00:09,9:11,3:57:27,11:33:55
1746,2443,Kelvin Steyn,M30-34,310,Open,South Africa,56:58,5:46,6:06:33,7:02,4:17:42,11:34:01
1747,1634,Jonathan Smith,M40-44,439,Open,United States,1:08:54,8:19,5:28:54,12:44,4:35:17,11:34:09
1748,242,Thomas Jakobler,M55-59,125,Open,Germany,1:18:46,4:39,5:56:55,7:36,4:06:27,11:34:22
1749,1025,Rafael Angel Carralero Garcia,M45-49,411,Open,Spain,1:02:01,3:00,5:36:15,6:14,4:46:58,11:34:28
1750,624,Stefaan Devliegere,M45-49,412,Open,Belgium,1:10:28,6:01,5:37:54,7:36,4:32:44,11:34:42
1751,1035,Philippe Jacques,M45-49,413,Open,Canada,1:22:33,7:07,5:56:37,7:41,4:00:54,11:34:51
1752,298,Yvan Vekemans,M55-59,126,Open,Belgium,1:19:25,5:16,5:47:00,8:18,4:14:52,11:34:53
1753,1398,Edwin Vane,M40-44,440,Open,Canada,1:04:03,5:26,5:19:38,10:49,4:55:01,11:34:58
1754,481,Kuwamoto Tadaaki,M55-59,127,Open,Japan,1:17:14,8:37,5:39:06,8:55,4:21:22,11:35:14
1755,1616,Stephen Loughnane,M40-44,441,Open,Ireland,1:07:12,4:59,5:45:31,11:14,4:26:22,11:35:18
1756,2476,Ludovic Circelli,M30-34,311,Open,Switzerland,1:10:55,3:51,5:15:47,3:49,5:00:57,11:35:19
1757,190,Gary Goldstein,M55-59,128,Open,United States,1:11:13,8:25,5:55:48,5:36,4:14:19,11:35:22
1758,1444,Kyle Lewis,M40-44,442,Open,United States,1:03:50,6:43,5:29:58,8:58,4:45:55,11:35:25
1759,490,William Owsley,M55-59,129,Open,United States,1:11:30,6:18,5:18:07,7:09,4:52:35,11:35:39
1760,419,Mark Swart,M55-59,130,Open,United States,1:19:42,5:58,5:41:20,5:09,4:23:37,11:35:45
1761,1046,Georges Reding,M45-49,414,Open,Luxembourg,1:24:32,5:28,5:33:41,4:46,4:27:24,11:35:51
1762,1440,Ionut Olariu,M40-44,443,Open,Romania,1:31:09,4:53,5:44:32,6:19,4:09:04,11:35:56
1763,143,Michael Grosse,M55-59,131,Open,Germany,1:27:31,4:53,5:47:43,6:29,4:09:21,11:35:56
1764,1997,Jetson Swayze,M35-39,371,Open,United States,1:00:50,4:21,5:26:37,6:07,4:58:34,11:36:28
1765,2652,Hugo Evebring,M18-24,51,Open,Sweden,1:16:39,4:57,5:42:24,7:42,4:24:53,11:36:35
1766,1428,Josep Esteve,M40-44,444,Open,Spain,1:22:03,5:51,5:35:16,8:06,4:25:27,11:36:42
1767,2390,Joakim Frisk,M30-34,312,Open,Sweden,1:12:06,4:06,4:49:52,3:55,5:27:03,11:37:03
1768,1552,Martin Petersson,M40-44,445,Open,Sweden,1:19:57,7:23,5:51:02,7:55,4:10:48,11:37:06
1769,1722,Luke Gillmer,M40-44,446,Open,Australia,58:17,4:14,5:47:21,5:06,4:42:16,11:37:15
1770,226,Ludolf Reijntjes,M55-59,132,Open,Netherlands,1:27:48,7:41,6:07:47,6:53,3:47:20,11:37:28
1771,910,Michele Nicastri,M45-49,415,Open,Malta,1:10:16,6:01,6:00:05,4:57,4:16:16,11:37:35
1772,1111,Jerome Bareth,M45-49,416,Open,France,1:27:07,4:11,5:38:49,4:04,4:23:25,11:37:36
1773,1082,Holger Lüders,M45-49,417,Open,Germany,1:16:46,4:30,5:23:04,3:49,4:49:37,11:37:46
1774,1549,Brett Mcphedran,M40-44,447,Open,Canada,1:14:56,16:44,5:37:58,10:40,4:17:29,11:37:47
1775,461,Kevin Freeman,M55-59,133,Open,United Kingdom,1:07:24,5:54,5:36:53,10:26,4:37:11,11:37:48
1776,2480,Vincent Röthemeyer,M30-34,313,Open,Germany,1:12:09,3:11,4:56:28,3:33,5:23:11,11:38:31
1777,918,Michael Orsulak,M45-49,418,Open,Denmark,1:19:21,4:37,5:17:41,7:08,4:49:45,11:38:32
1778,1570,Angelo Bonacci,M40-44,448,Open,Australia,1:04:44,5:44,5:27:46,6:59,4:53:21,11:38:33
1779,1545,Travis Beckley,M40-44,449,Open,Australia,1:07:07,5:41,5:22:37,6:33,4:56:41,11:38:40
1780,537,Antonio Marquez Luque,M45-49,419,Open,Spain,1:15:48,5:52,5:39:46,7:20,4:30:08,11:38:53
1781,158,Adam Kuklinski,M55-59,134,Open,Poland,1:18:47,5:04,6:19:55,7:16,3:48:08,11:39:10
1782,870,Craig Cassidy,M45-49,420,Open,Australia,1:24:14,5:03,5:56:03,9:36,4:04:23,11:39:19
1783,916,Anthony Landers,M45-49,421,Open,Australia,1:11:27,6:00,5:29:47,6:52,4:45:17,11:39:22
1784,790,Matt Dana,M45-49,422,Open,United States,1:15:05,5:32,5:43:06,8:03,4:27:46,11:39:32
1785,1410,Richard Ledain Santiago,M40-44,450,Open,Spain,1:07:21,4:14,5:27:16,4:16,4:56:32,11:39:39
1786,695,Philip Tiffin,M45-49,423,Open,Australia,1:09:32,5:38,5:39:11,5:55,4:39:25,11:39:41
1787,184,Dave Lundberg,M55-59,135,Open,United States,1:11:38,5:22,5:39:41,4:53,4:38:24,11:39:59
1788,521,Christian Raspanti,M45-49,424,Open,Argentina,1:09:09,3:58,5:32:10,5:53,4:49:01,11:40:10
1789,334,Brian Draganic,M55-59,136,Open,Australia,1:10:12,5:31,5:47:40,4:26,4:32:27,11:40:16
1790,105,Norbert Bieler,M55-59,137,Open,Switzerland,1:15:11,4:42,5:40:24,5:42,4:34:19,11:40:17
1791,1706,Bashkim Zaganjori,M40-44,451,Open,United States,1:31:19,6:27,5:36:08,10:34,4:15:57,11:40:24
1792,166,Juergen Fritsch,M55-59,138,Open,Germany,1:09:05,4:53,5:46:44,5:55,4:34:10,11:40:48
1793,1591,Andrew Philp,M40-44,452,Open,Australia,1:35:17,4:46,5:33:23,6:58,4:20:25,11:40:49
1794,159,David Ramsay,M55-59,139,Open,Canada,1:03:34,5:54,5:32:18,9:49,4:49:21,11:40:57
1795,1183,David Stibr,M40-44,453,Open,Czechia,1:11:35,4:53,5:22:45,6:25,4:55:30,11:41:08
1796,2328,Evan Streng,M30-34,314,Open,United States,1:01:08,7:08,5:27:53,5:47,4:59:14,11:41:10
1797,776,Roberto Garcia,M45-49,425,Open,Spain,1:18:14,7:18,5:47:01,7:47,4:20:55,11:41:15
1798,475,Andrey Chopen,M55-59,140,Open,Israel,1:15:00,10:04,6:01:49,13:56,4:00:28,11:41:17
1799,433,Stephen Page,M55-59,141,Open,United Kingdom,1:35:09,4:39,5:50:14,6:18,4:05:01,11:41:21
1800,1187,Ciprian Albu,M40-44,454,Open,Romania,59:50,7:41,5:41:03,7:45,4:45:23,11:41:41
1801,197,Alain Rousseau,M55-59,142,Open,France,1:38:00,7:56,5:34:15,7:15,4:14:16,11:41:41
1802,2166,Liran Lahav,M35-39,372,Open,Israel,1:10:01,5:05,5:44:57,6:07,4:35:39,11:41:48
1803,906,Jorge Camacho Fernandez,M45-49,426,Open,Spain,1:30:07,6:25,5:28:29,5:25,4:31:23,11:41:49
1804,1264,Dave Williamson,M40-44,455,Open,Australia,1:12:30,6:04,5:54:34,8:12,4:20:41,11:42:00
1805,353,Bart Coone,M55-59,143,Open,Belgium,1:21:19,6:01,5:58:19,6:46,4:09:44,11:42:09
1806,1733,Shane Castle,M40-44,456,Open,South Africa,1:01:43,3:22,5:44:55,5:11,4:46:59,11:42:10
1807,1089,Jarkko Pakarinen,M45-49,427,Open,Finland,1:16:27,6:06,5:40:48,9:12,4:29:55,11:42:29
1808,278,Gavin Slater,M55-59,144,Open,Australia,1:12:44,7:46,5:51:46,7:06,4:23:08,11:42:30
1809,1344,Daniel Leon,M40-44,457,Open,Venezuela,1:24:31,11:48,5:40:27,12:08,4:13:39,11:42:33
1810,516,John Ejnik,M55-59,145,Open,United States,1:13:39,4:35,5:33:31,5:02,4:45:50,11:42:37
1811,2387,Wojciech Szyp,M30-34,315,Open,Poland,1:31:57,4:53,5:19:18,7:25,4:39:05,11:42:38
1812,464,John Potter,M55-59,146,Open,United States,1:11:17,4:51,5:17:10,5:25,5:03:59,11:42:42
1813,1400,Adam Upshaw,M40-44,458,Open,Canada,1:12:32,6:08,5:38:09,5:57,4:40:09,11:42:56
1814,312,Bob Schaller,M55-59,147,Open,United States,1:25:43,7:57,5:51:38,7:46,4:09:55,11:42:59
1815,1162,Rad Kotowski,M40-44,459,Open,Australia,1:05:05,8:12,5:31:45,8:47,4:49:15,11:43:02
1816,216,Gilles Prestat,M55-59,148,Open,France,1:11:29,4:55,5:21:11,4:42,5:00:55,11:43:12
1817,2177,Jacek Gorniak,M35-39,373,Open,Poland,1:20:44,8:36,5:46:03,9:12,4:18:38,11:43:13
1818,479,Brett Hayes,M55-59,149,Open,Australia,1:08:28,6:28,5:48:55,6:50,4:32:42,11:43:24
1819,1093,Elmar Fladischer,M45-49,428,Open,Austria,1:28:18,5:40,5:53:26,8:01,4:08:05,11:43:30
1820,1795,Jeff Dugan,M35-39,374,Open,United States,1:26:20,4:57,5:36:15,5:20,4:30:38,11:43:30
1821,1864,Aidyn Maiussov,M35-39,375,Open,Kazakhstan,1:30:23,9:00,6:12:21,10:46,3:41:07,11:43:38
1822,2642,Justin Grossarth,M18-24,52,Open,United States,1:10:05,6:00,5:33:35,6:26,4:47:56,11:44:02
1823,2657,Ben Tolliday,M18-24,53,Open,United States,53:32,2:38,6:00:12,4:40,4:43:01,11:44:02
1824,1932,Mark Henry,M35-39,376,Open,United States,1:19:34,5:27,5:17:35,6:21,4:55:06,11:44:03
1825,1308,Simon Hempel,M40-44,460,Open,Australia,1:19:09,6:53,5:51:28,8:39,4:17:56,11:44:04
1826,525,Bj Gumkowski,M45-49,429,Open,United States,1:14:47,6:39,6:00:54,9:25,4:12:20,11:44:05
1827,1081,Miguel Lopez,M45-49,430,Open,Philippines,1:22:15,5:31,5:56:35,3:49,4:16:03,11:44:14
1828,376,Terry Crocker,M55-59,150,Open,United States,1:15:53,6:08,5:32:01,6:54,4:43:30,11:44:25
1829,189,Jermin Chou,M55-59,151,Open,United States,1:17:01,8:00,6:10:35,7:46,4:01:03,11:44:25
1830,1698,Norbert Kocsis,M40-44,461,Open,Hungary,1:04:26,3:10,4:53:38,5:31,5:37:42,11:44:27
1831,2386,Rory Weston,M30-34,316,Open,United Kingdom,1:11:37,7:50,5:51:41,10:22,4:22:58,11:44:29
1832,700,Antonio Jose Adell Reverter,M45-49,431,Open,Spain,59:35,3:59,5:04:40,6:16,5:30:11,11:44:41
1833,713,Adam Hunt,M45-49,432,Open,Australia,1:09:46,7:33,6:04:12,7:43,4:15:41,11:44:55
1834,432,Barry Berg,M55-59,152,Open,Canada,57:21,3:51,5:25:24,5:13,5:13:10,11:44:58
1835,487,Klaus Huss,M55-59,153,Open,Germany,1:16:54,6:02,5:27:52,7:01,4:47:09,11:44:59
1836,1937,Justin Hollman,M35-39,377,Open,United States,1:12:36,6:06,5:42:49,10:39,4:32:49,11:44:59
1837,1424,Przemyslaw Lugiewicz,M40-44,462,Open,Poland,1:07:14,3:30,5:43:25,4:39,4:46:13,11:45:00
1838,380,Bret Goodpaster,M55-59,154,Open,United States,1:39:22,8:20,5:41:59,10:41,4:05:01,11:45:23
1839,1192,Stephen Kettley,M40-44,463,Open,Australia,1:16:01,4:43,5:39:26,5:53,4:39:39,11:45:42
1840,398,Joerg Schuetz,M55-59,155,Open,Germany,1:24:47,6:29,5:34:56,5:40,4:33:58,11:45:49
1841,1796,Henning Deitmer,M35-39,378,Open,Germany,1:16:01,12:15,5:21:25,13:14,4:42:55,11:45:50
1842,182,Darren Hinds,M55-59,156,Open,Australia,1:11:49,7:18,5:52:55,9:32,4:24:21,11:45:54
1843,2205,Aiken Ting,M30-34,317,Open,Philippines,1:30:26,4:21,5:43:14,5:28,4:22:29,11:45:58
1844,2624,Logan Webb,M18-24,54,Open,United States,1:11:06,3:27,5:40:57,4:29,4:46:04,11:46:03
1845,1553,Andrew Luscombe,M40-44,464,Open,Australia,1:18:42,5:01,5:38:36,7:51,4:35:52,11:46:03
1846,288,Michael Brell,M55-59,157,Open,Germany,1:06:38,6:49,5:26:03,5:29,5:01:07,11:46:06
1847,117,James Keeley,M55-59,158,Open,United Kingdom,1:17:54,6:34,5:55:10,10:09,4:16:22,11:46:09
1848,962,Gene Severtson,M45-49,433,Open,United States,1:18:26,6:15,5:44:52,9:26,4:27:10,11:46:10
1849,969,Thomas Ruggia,M45-49,434,Open,United States,1:10:08,9:52,5:29:49,10:08,4:46:19,11:46:17
1850,1509,Thomas Lösche,M40-44,465,Open,Germany,59:41,6:08,5:39:23,10:24,4:50:50,11:46:25
1851,2449,Matt Shwed,M30-34,318,Open,Canada,1:28:02,9:08,5:34:21,6:29,4:28:38,11:46:37
1852,2554,Daniel Reardon,M30-34,319,Open,Australia,1:11:41,8:09,5:39:43,9:00,4:38:13,11:46:45
1853,999,Jan Ruff,M45-49,435,Open,Germany,1:13:27,3:45,5:48:28,6:00,4:35:27,11:47:07
1854,1002,Brendan Bloom,M45-49,436,Open,United States,1:10:06,7:15,5:54:18,8:07,4:27:30,11:47:16
1855,735,Kevin Smith,M45-49,437,Open,United States,1:13:08,6:15,5:40:08,7:12,4:40:45,11:47:27
1856,2307,Marcus Fitts,M30-34,320,Open,United States,1:10:59,6:36,5:19:13,4:03,5:06:38,11:47:30
1857,2204,Kevin Bouedron,M30-34,321,Open,France,1:08:11,8:09,5:51:30,9:41,4:30:09,11:47:40
1858,428,Erik Johnson,M55-59,159,Open,United States,1:14:57,5:17,5:52:36,5:38,4:29:17,11:47:45
1859,1302,Pat Hudson,M40-44,466,Open,United Kingdom,1:21:03,8:08,5:51:31,5:00,4:22:09,11:47:51
1860,389,Ashley Lawrence,M55-59,160,Open,Australia,1:32:35,9:40,5:58:49,7:42,3:59:37,11:48:22
1861,1512,Shou Pan,M40-44,467,Open,Taiwan,1:17:20,5:40,5:52:45,7:13,4:25:27,11:48:25
1862,1364,Shyngys Riakhanov,M40-44,468,Open,Kazakhstan,1:12:35,12:46,5:52:05,8:44,4:22:31,11:48:41
1863,1426,Vitek Toman,M40-44,469,Open,New Zealand,1:09:32,5:58,5:25:11,10:02,4:58:14,11:48:56
1864,281,Mark Adams,M55-59,161,Open,United States,1:17:00,5:08,5:34:42,5:30,4:46:40,11:48:59
1865,1521,Alexis Giroux,M40-44,470,Open,Canada,1:37:07,7:22,5:25:08,7:58,4:31:43,11:49:18
1866,1101,Neil Reid,M45-49,438,Open,United Kingdom,1:24:40,4:17,5:30:30,7:07,4:43:09,11:49:43
1867,2428,Rodrigo Gonzalez,M30-34,322,Open,Chile,1:04:07,5:20,5:27:38,6:15,5:06:25,11:49:44
1868,1620,Jason Shilliday,M40-44,471,Open,Ireland,1:18:33,6:15,5:51:02,5:26,4:29:00,11:50:15
1869,1452,Eric Glow,M40-44,472,Open,United States,1:02:37,6:16,5:34:35,10:38,4:56:11,11:50:17
1870,279,Marinho Barcellos,M55-59,162,Open,Brazil,1:35:05,6:29,5:36:50,9:45,4:22:13,11:50:22
1871,1409,Pedro Echevarria,M40-44,473,Open,Spain,1:12:39,3:42,6:09:11,12:10,4:12:40,11:50:22
1872,2643,Evan Roshak,M18-24,55,Open,United States,1:11:07,9:25,5:49:08,15:33,4:25:33,11:50:46
1873,1327,David Sek,M40-44,474,Open,United States,1:05:38,6:47,5:59:52,7:35,4:31:16,11:51:08
1874,2124,Mark Dawson,M35-39,379,Open,Australia,1:19:14,5:19,5:14:34,10:08,5:02:02,11:51:16
1875,803,David Carter,M45-49,439,Open,United States,1:14:08,6:22,5:50:41,8:45,4:31:29,11:51:25
1876,1329,Retzel Orquiza,M40-44,475,Open,Philippines,1:26:13,5:18,6:03:22,5:19,4:11:19,11:51:31
1877,205,Philippe Rambert,M55-59,163,Open,France,1:37:46,6:43,5:58:47,8:35,3:59:47,11:51:39
1878,793,Adam Pron,M45-49,440,Open,Poland,1:27:12,3:46,5:52:13,3:36,4:25:20,11:52:08
1879,2610,Frasier Williamson,M18-24,56,Open,United States,1:13:48,8:36,5:41:56,8:02,4:39:47,11:52:08
1880,633,Rob Debney,M45-49,441,Open,United Kingdom,1:26:46,5:29,5:29:34,7:24,4:42:58,11:52:11
1881,201,Bruce Holmes,M55-59,164,Open,United States,1:21:18,5:12,6:11:06,9:53,4:04:43,11:52:12
1882,430,Andrew Kilshaw,M55-59,165,Open,Australia,1:08:00,5:35,6:09:56,5:32,4:23:18,11:52:21
1883,971,Joel Stevens,M45-49,442,Open,United States,1:08:03,14:21,6:03:39,13:41,4:12:52,11:52:36
1884,2595,Oliver Hailes,M18-24,57,Open,United Kingdom,1:02:59,5:46,6:05:15,7:53,4:30:44,11:52:37
1885,746,Ricardo Aguilar Laudo,M45-49,443,Open,Spain,1:11:13,6:25,5:57:16,8:02,4:30:00,11:52:55
1886,1142,Anthony Lefaucheur,M45-49,444,Open,France,1:28:42,5:18,5:53:01,5:27,4:20:36,11:53:05
1887,1023,Jaime Aranda Martin,M45-49,445,Open,Spain,1:14:24,4:55,6:07:50,6:39,4:19:43,11:53:32
1888,2619,Jantzen Hing,M18-24,58,Open,United States,1:35:24,8:34,5:57:05,5:01,4:07:31,11:53:34
1889,1826,Raymond Ordoveza,M35-39,380,Open,Philippines,1:07:40,5:40,5:50:48,6:38,4:43:21,11:54:06
1890,1448,Raul Lopez-Grueso,M40-44,476,Open,Spain,1:13:59,5:39,5:39:37,6:15,4:48:39,11:54:09
1891,2334,Paddy Walsh,M30-34,323,Open,Ireland,1:29:13,7:58,6:44:56,11:14,3:20:50,11:54:11
1892,414,Joey Rivera,M55-59,166,Open,United States,1:27:25,6:58,6:15:35,7:51,3:56:28,11:54:17
1893,2549,Blake Dickenson,M30-34,324,Open,United States,1:19:10,7:09,5:51:23,8:08,4:28:35,11:54:24
1894,586,Christian Schuh,M45-49,446,Open,Germany,1:07:22,5:10,5:29:51,7:34,5:04:31,11:54:26
1895,774,Gabriele Grassi,M45-49,447,Open,Italy,1:17:01,4:55,5:31:56,6:27,4:54:09,11:54:28
1896,270,Alex Souza,M55-59,167,Open,Brazil,59:30,6:09,5:57:55,5:23,4:45:35,11:54:32
1897,741,Jonathan Umlor,M45-49,448,Open,United States,1:06:05,4:23,5:51:39,6:06,4:46:27,11:54:41
1898,383,Rob Boyce,M55-59,168,Open,Australia,1:24:59,8:39,5:40:58,7:28,4:32:41,11:54:45
1899,1799,Chris Medaris,M35-39,381,Open,United States,1:35:27,6:35,5:42:04,9:11,4:22:12,11:55:28
1900,588,Jason Kuhlemeier,M45-49,449,Open,United States,1:22:17,10:38,5:49:55,7:20,4:25:23,11:55:33
1901,426,Alain Filippi,M55-59,169,Open,France,1:16:53,7:09,6:07:29,6:58,4:17:28,11:55:56
1902,1293,Jeisson Mendez,M40-44,477,Open,Colombia,1:18:14,5:17,5:11:53,10:06,5:10:34,11:56:03
1903,1623,Tom Moore,M40-44,478,Open,United Kingdom,1:30:27,6:05,5:54:07,4:58,4:21:05,11:56:41
1904,361,Henrik Bonnerup,M55-59,170,Open,Denmark,1:16:53,5:38,6:01:31,8:37,4:24:17,11:56:57
1905,975,Javier Muela Herrera,M45-49,450,Open,Spain,1:37:57,5:18,5:28:03,5:34,4:40:32,11:57:25
1906,370,Liam Mifsud,M55-59,171,Open,Malta,1:28:11,7:15,5:57:32,8:25,4:16:04,11:57:28
1907,1088,Erik Larson,M45-49,451,Open,United States,1:18:31,5:34,6:03:50,9:35,4:20:02,11:57:33
1908,1841,Marcin Michalewicz,M35-39,382,Open,Poland,1:07:40,4:14,5:58:54,5:02,4:41:54,11:57:44
1909,1146,Ming-Chun Chen,M45-49,452,Open,Taiwan,1:12:36,6:13,5:34:38,7:12,4:57:14,11:57:53
1910,315,Milan Pekarek,M55-59,172,Open,Czechia,1:15:00,4:32,5:58:02,7:30,4:32:49,11:57:54
1911,146,John Bursell,M55-59,173,Open,United States,1:11:35,7:55,5:50:56,7:14,4:40:20,11:58:00
1912,2625,Lennart Schweser,M18-24,59,Open,Germany,1:08:55,8:23,5:55:16,11:46,4:33:41,11:58:00
1913,2113,Joseph Kennedy Salcedo,M35-39,383,Open,Philippines,1:26:58,4:58,6:05:32,6:08,4:14:34,11:58:09
1914,1837,Yu-Tung Ko,M35-39,384,Open,Taiwan,1:32:50,5:06,4:47:33,5:54,5:26:51,11:58:14
1915,200,Makoto Sakaguchi,M55-59,174,Open,Japan,1:27:32,5:42,5:51:00,7:05,4:27:00,11:58:19
1916,212,Laurent Delannoy,M55-59,175,Open,France,1:24:41,7:35,5:55:27,9:17,4:21:25,11:58:24
1917,1074,Georgi Zaitsev,M45-49,453,Open,Denmark,1:17:03,4:42,5:59:08,5:27,4:32:09,11:58:28
1918,1860,Fernando Acaso,M35-39,385,Open,Mexico,1:04:28,3:10,5:28:32,5:14,5:17:11,11:58:34
1919,225,Vladimir Mikhailov,M55-59,176,Open,Kazakhstan,1:26:54,7:24,6:22:54,8:29,3:53:05,11:58:47
1920,544,Cam Kerr,M45-49,454,Open,New Zealand,1:14:42,7:04,6:09:03,6:12,4:21:49,11:58:51
1921,276,Anton Du Plessis,M55-59,177,Open,South Africa,1:11:22,5:26,5:39:37,6:01,4:56:25,11:58:52
1922,1652,Yi Wen Bi,M40-44,479,Open,Taiwan,1:18:23,4:40,5:56:54,5:34,4:33:24,11:58:54
1923,2546,Jiri Sterba,M30-34,325,Open,Czechia,1:09:56,5:14,5:57:25,4:33,4:41:52,11:59:01
1924,1498,Rob Rohel,M40-44,480,Open,United States,1:07:36,10:17,5:36:03,8:24,4:56:50,11:59:09
1925,1194,Aleksandrs Lobanovskis,M40-44,481,Open,Latvia,1:18:06,8:09,5:49:39,7:03,4:36:21,11:59:18
1926,1956,Marc Lloret Cabot,M35-39,386,Open,Spain,1:05:37,5:41,5:19:48,9:59,5:18:18,11:59:23
1927,821,Joel Rutledge,M45-49,455,Open,United States,1:07:58,5:53,5:39:25,6:55,4:59:26,11:59:36
1928,310,Christoph Hugenberg,M55-59,178,Open,Germany,1:06:03,4:36,5:51:51,5:22,4:52:35,12:00:27
1929,280,Peter Remmlinger,M55-59,179,Open,Germany,1:12:17,5:36,5:46:09,5:08,4:51:19,12:00:29
1930,2012,Arnau Lloret Cabot,M35-39,387,Open,Spain,1:06:22,5:08,5:19:42,9:51,5:19:35,12:00:38
1931,471,Benoit Labreche,M55-59,180,Open,Canada,1:24:24,5:26,6:03:25,4:14,4:23:35,12:01:05
1932,874,Jeff Vanpeenen,M45-49,456,Open,United States,1:26:38,8:08,5:50:50,7:45,4:27:54,12:01:14
1933,1687,Yousef Alshatti,M40-44,482,Open,Kuwait,1:27:32,7:01,5:29:59,9:24,4:47:54,12:01:51
1934,992,Fran Cuevas Egea,M45-49,457,Open,Spain,1:07:04,4:15,5:31:14,6:33,5:12:46,12:01:51
1935,1080,Stuart Cleworth,M45-49,458,Open,United Kingdom,1:16:53,8:33,5:56:36,6:39,4:33:19,12:02:00
1936,769,Nurzhan Nurmaganov,M45-49,459,Open,Kazakhstan,1:09:13,8:31,5:48:28,6:47,4:49:03,12:02:02
1937,2686,Lars Dieckmann,M45-49,460,Open,Germany,1:23:57,5:37,5:37:34,4:38,4:50:18,12:02:05
1938,940,Toby Bennett,M45-49,461,Open,United States,1:20:04,7:28,5:43:49,8:22,4:42:39,12:02:22
1939,377,David Swindells,M55-59,181,Open,United Kingdom,1:22:37,7:05,6:09:59,10:51,4:12:04,12:02:35
1940,338,Lars Hummelmose,M55-59,182,Open,Denmark,1:43:28,5:23,5:37:53,7:43,4:28:15,12:02:41
1941,2676,Ivan Gomez,M55-59,183,Open,Venezuela,1:16:50,5:20,5:45:50,11:38,4:43:05,12:02:43
1942,1649,Pierre-Vincent Daigle,M40-44,483,Open,Canada,1:25:01,5:26,5:32:13,10:01,4:50:19,12:03:00
1943,257,Cameron Mcgill,M55-59,184,Open,Australia,1:09:10,9:23,5:35:11,8:48,5:00:32,12:03:05
1944,199,Andreas Will,M55-59,185,Open,Germany,1:19:34,6:14,5:36:46,4:36,4:56:05,12:03:14
1945,923,Steven Keller,M45-49,462,Open,United States,1:21:04,6:40,5:40:37,5:52,4:49:05,12:03:18
1946,504,Alberto Fazi,M55-59,186,Open,Italy,1:12:33,6:50,5:51:36,8:40,4:43:53,12:03:33
1947,203,Kenneth Downer,M55-59,187,Open,United States,1:13:17,4:12,5:48:50,5:36,4:51:51,12:03:46
1948,256,Frederic Bureau,M55-59,188,Open,United States,1:19:35,6:14,6:11:14,6:48,4:19:59,12:03:50
1949,1249,성필 김,M40-44,484,Open,Korea,1:28:16,6:12,5:53:23,5:09,4:30:56,12:03:56
1950,1147,John Staunton,M45-49,463,Open,Ireland,1:22:26,6:35,6:16:56,6:01,4:12:33,12:04:32
1951,1772,Kuan Yi Yeh,M35-39,388,Open,Taiwan,1:30:51,5:39,5:27:04,8:47,4:52:11,12:04:32
1952,898,Rickard Lindholm,M45-49,464,Open,Sweden,1:16:31,6:16,5:32:05,7:55,5:02:00,12:04:48
1953,1976,Marco Tarquini,M35-39,389,Open,Italy,1:29:08,5:14,5:54:04,5:44,4:30:53,12:05:03
1954,308,Vincent De Cleer,M55-59,189,Open,Belgium,1:13:08,5:00,5:55:44,6:15,4:44:56,12:05:03
1955,422,Michel Gusbin,M55-59,190,Open,Belgium,1:21:38,7:13,5:46:42,7:16,4:42:26,12:05:15
1956,847,Diego Eugenio Rosique Moya,M45-49,465,Open,Spain,1:12:54,13:09,6:07:05,10:30,4:22:05,12:05:44
1957,381,Mark Wharton,M55-59,191,Open,United Kingdom,1:13:20,4:46,6:08:22,9:06,4:31:14,12:06:48
1958,1637,Mark Hatton,M40-44,485,Open,United Kingdom,1:14:29,8:34,5:58:46,9:09,4:36:25,12:07:22
1959,472,Guido Van De Velde,M55-59,192,Open,Belgium,1:37:30,6:28,6:09:26,7:50,4:06:46,12:08:01
1960,855,Matthew Davidson,M45-49,466,Open,United States,1:24:28,4:59,5:33:39,5:40,4:59:25,12:08:11
1961,1168,Christopher Mole,M40-44,486,Open,United Kingdom,1:29:05,4:35,5:50:33,5:08,4:39:31,12:08:52
1962,647,Alejandro Arias,M45-49,467,Open,United States,1:06:52,5:24,6:00:24,12:01,4:44:17,12:08:58
1963,340,Joel Kinnunen,M55-59,193,Open,United States,1:21:43,7:21,5:44:21,11:03,4:44:51,12:09:18
1964,227,Ken Mclaughlin,M55-59,194,Open,United States,1:34:26,6:40,5:59:13,9:28,4:19:34,12:09:21
1965,2440,Korey Tsubota,M30-34,326,Open,United States,1:11:09,7:27,5:16:34,8:46,5:25:37,12:09:33
1966,1986,Kuang-Wu Liu,M35-39,390,Open,Taiwan,1:09:59,3:31,5:49:03,8:22,4:58:48,12:09:44
1967,1345,Matias Honnen,M40-44,487,Open,Bolivia,1:17:11,6:01,5:27:09,9:32,5:10:09,12:10:02
1968,292,Carsten Schneider,M55-59,195,Open,Germany,1:36:01,9:49,6:22:15,14:54,3:47:19,12:10:18
1969,435,Robert Kec,M55-59,196,Open,United States,1:06:56,7:37,6:19:50,11:16,4:25:09,12:10:48
1970,2273,Ryan Zelinski,M30-34,327,Open,United States,1:24:30,5:31,5:59:15,4:56,4:36:41,12:10:52
1971,1348,Tai Jung Kao,M40-44,488,Open,Taiwan,1:16:27,5:57,6:02:42,6:06,4:39:50,12:11:03
1972,1385,Se Kim,M40-44,489,Open,Korea,1:18:09,8:23,5:49:48,9:00,4:45:52,12:11:12
1973,153,Donald Merhaut,M55-59,197,Open,United States,1:17:15,6:01,6:04:45,6:15,4:36:58,12:11:14
1974,2668,Joe Terry,M55-59,198,Open,United States,1:23:28,7:56,5:56:52,8:48,4:34:23,12:11:27
1975,1898,Pao Weng,M35-39,391,Open,Taiwan,1:25:03,8:53,5:37:04,9:13,4:51:44,12:11:58
1976,2268,Pono Hanson,M30-34,328,Open,United States,1:05:41,4:36,5:36:38,5:50,5:19:28,12:12:13
1977,364,Toralf Sigle,M55-59,199,Open,Germany,1:21:46,5:41,6:00:55,7:01,4:37:07,12:12:30
1978,1865,Scott Batula,M35-39,392,Open,United States,1:22:57,4:52,5:50:03,5:18,4:49:33,12:12:42
1979,2433,Hermann Simon,M30-34,329,Open,France,1:10:22,3:48,4:58:02,3:08,5:57:33,12:12:52
1980,418,Kevin Elwood,M55-59,200,Open,United States,1:21:55,5:35,6:24:50,7:41,4:12:55,12:12:57
1981,799,Lee Postlethwaite,M45-49,468,Open,Australia,1:19:30,5:18,5:56:47,5:48,4:47:18,12:14:41
1982,285,Andrew Fox,M55-59,201,Open,Australia,1:21:13,9:15,5:59:41,7:17,4:37:26,12:14:51
1983,492,Jt Gonzales,M55-59,202,Open,Philippines,1:37:39,4:46,6:03:34,8:40,4:20:31,12:15:11
1984,861,Peter Schultz,M45-49,469,Open,United States,1:15:15,8:10,5:53:45,6:43,4:51:27,12:15:20
1985,1059,Igor Labaka Lizarazu,M45-49,470,Open,Spain,1:26:51,4:35,5:25:21,5:48,5:13:56,12:16:32
1986,772,Wei Ling Huang,M45-49,471,Open,Taiwan,1:41:24,6:59,5:57:05,6:43,4:24:39,12:16:50
1987,2506,David Born,M30-34,330,Open,United States,1:02:52,4:27,4:58:17,4:13,6:07:13,12:17:01
1988,2536,Keith Jackson,M30-34,331,Open,United States,1:03:36,3:20,4:46:37,6:29,6:17:00,12:17:01
1989,320,Patrick Bayeux,M55-59,203,Open,France,1:18:11,5:15,5:54:46,8:18,4:50:36,12:17:06
1990,1725,Pawel Grabarski,M40-44,490,Open,Poland,1:19:06,6:48,6:24:54,8:08,4:18:16,12:17:12
1991,1613,-Redacted-,M40-44,491,Open,-Redacted-,1:03:21,5:53,5:43:38,11:05,5:13:30,12:17:27
1992,1711,Vincent Alcanzare,M40-44,492,Open,Philippines,1:11:21,7:26,6:09:51,10:15,4:39:05,12:17:58
1993,409,John Hannan,M55-59,204,Open,United States,1:17:13,7:20,6:20:26,7:31,4:25:53,12:18:23
1994,254,Roland Hermens,M55-59,205,Open,Netherlands,1:15:08,6:01,6:20:36,6:33,4:30:16,12:18:34
1995,1820,Reagan Diaz,M35-39,393,Open,Philippines,1:27:59,5:10,5:53:39,9:58,4:41:48,12:18:35
1996,1445,Eric Peters,M40-44,493,Open,United States,1:08:37,6:23,5:55:53,6:13,5:01:49,12:18:55
1997,1664,Christopher Brown,M40-44,494,Open,United States,1:13:05,7:17,5:59:03,7:32,4:52:10,12:19:07
1998,2348,Roland Stepulov,M30-34,332,Open,Estonia,1:10:35,3:53,5:35:20,6:15,5:23:06,12:19:09
1999,1763,Kai Lo,M35-39,394,Open,Taiwan,1:23:10,4:39,5:57:32,5:49,4:48:36,12:19:46
2000,1916,Von Shenefelt,M35-39,395,Open,United States,1:28:54,6:14,5:53:02,6:54,4:44:48,12:19:52
2001,183,Ad Kempen,M55-59,206,Open,Netherlands,1:09:28,5:57,6:07:14,8:02,4:49:28,12:20:08
2002,359,Ryan Majoria,M55-59,207,Open,United States,1:10:30,5:16,5:09:22,6:42,5:48:42,12:20:32
2003,384,William Daley,M55-59,208,Open,United States,1:12:04,7:07,6:05:50,7:56,4:47:40,12:20:38
2004,777,Ray Brenkus,M45-49,472,Open,United States,1:12:45,10:52,5:46:24,10:18,5:00:31,12:20:49
2005,2606,Krzysztof Liszka,M18-24,60,Open,Poland,1:37:23,11:25,5:55:28,4:39,4:31:58,12:20:53
2006,604,Jason Ford,M45-49,473,Open,United States,1:30:05,8:30,6:23:17,9:30,4:09:45,12:21:09
2007,726,Mark Grady,M45-49,474,Open,Australia,1:04:14,7:35,5:40:59,9:17,5:19:12,12:21:17
2008,681,Jeff Phillips,M45-49,475,Open,United States,1:16:45,9:23,6:22:04,8:16,4:25:02,12:21:30
2009,2148,David Gramer,M35-39,396,Open,United States,1:11:41,7:18,5:59:13,10:28,4:52:52,12:21:32
2010,207,Ricardo Fariña,M55-59,209,Open,Argentina,1:10:12,4:42,6:10:31,5:25,4:50:47,12:21:37
2011,1967,Luisma Kittlein,M35-39,397,Open,Argentina,1:06:00,3:31,5:31:56,6:10,5:34:00,12:21:38
2012,453,Carlos Molina,M55-59,210,Open,Spain,1:27:45,4:55,6:10:04,5:32,4:33:25,12:21:41
2013,2669,Rob Tucker,M55-59,211,Open,United States,1:17:02,7:14,5:47:41,9:25,5:00:28,12:21:50
2014,442,Louis Mancuso,M55-59,212,Open,United States,1:15:04,8:46,6:28:34,8:39,4:21:12,12:22:15
2015,761,Jose Graca,M45-49,476,Open,Unknown,1:00:07,3:54,4:44:02,4:33,6:29:42,12:22:19
2016,1129,Brad Albus,M45-49,477,Open,United States,1:11:35,11:09,5:47:57,8:31,5:03:15,12:22:27
2017,944,Benjamin Vella,M45-49,478,Open,Singapore,1:10:03,7:40,6:08:58,11:00,4:45:14,12:22:55
2018,984,David Knowles,M45-49,479,Open,United States,1:07:06,9:10,5:56:22,10:06,5:00:16,12:22:59
2019,2454,Ryan Davis,M30-34,333,Open,United States,1:01:12,4:06,6:12:39,7:58,4:57:23,12:23:18
2020,2670,Thomas Fox,M55-59,213,Open,Germany,1:17:45,7:04,5:42:34,7:11,5:09:16,12:23:50
2021,778,David Zimmet,M45-49,480,Open,United States,1:02:09,7:24,5:35:05,7:51,5:31:28,12:23:57
2022,295,Simon Boag,M55-59,214,Open,United States,1:25:27,7:48,6:49:11,8:54,3:52:54,12:24:13
2023,705,Sean Gurney,M45-49,481,Open,United States,1:14:50,4:33,6:09:15,7:19,4:48:35,12:24:32
2024,480,Lars Bønløkke,M55-59,215,Open,Denmark,1:32:09,5:45,5:38:18,4:00,5:04:31,12:24:43
2025,1018,Elmer Santiago,M45-49,482,Open,Philippines,1:14:30,4:28,6:01:27,5:49,4:58:31,12:24:45
2026,802,Rafal Grzanecki,M45-49,483,Open,Poland,1:39:20,4:06,5:43:43,9:08,4:48:33,12:24:49
2027,734,Gustavo Ibarra,M45-49,484,Open,Argentina,1:06:36,4:54,5:42:43,5:58,5:25:01,12:25:12
2028,417,Barry Thomas,M55-59,216,Open,United Kingdom,1:20:14,8:50,6:08:50,10:04,4:37:20,12:25:19
2029,501,Vincent Sivirine,M55-59,217,Open,France,1:12:18,8:26,6:02:42,6:26,4:55:35,12:25:26
2030,1159,Regis Saint Georges,M40-44,495,Open,France,1:21:13,6:27,5:28:38,7:25,5:21:55,12:25:38
2031,771,Alan Gulledge,M45-49,485,Open,United States,1:18:22,5:40,6:15:04,8:53,4:37:52,12:25:51
2032,1036,Edward O'Malley,M45-49,486,Open,United States,1:03:55,4:57,5:19:18,5:35,5:52:13,12:25:59
2033,497,Kevin Capasso,M55-59,218,Open,United States,1:25:32,7:01,5:47:49,8:34,4:57:18,12:26:15
2034,1405,Vincent Rochat,M40-44,496,Open,Switzerland,1:11:27,3:59,5:26:11,9:23,5:35:21,12:26:20
2035,2682,Greg Schaefer,M45-49,487,Open,United States,1:11:20,6:12,6:18:42,7:20,4:43:09,12:26:42
2036,828,David De Paula,M45-49,488,Open,France,1:43:44,6:29,5:32:21,6:31,4:57:59,12:27:04
2037,557,Paolo Barbera,M45-49,489,Open,Italy,1:18:16,10:35,6:09:59,13:05,4:35:10,12:27:05
2038,2478,Brett Musco,M30-34,334,Open,United States,1:18:19,6:08,5:15:16,7:16,5:40:08,12:27:08
2039,484,Helge-Christian Dr. Rehmann,M55-59,219,Open,Germany,1:15:36,6:33,6:18:36,4:45,4:41:45,12:27:16
2040,223,Darren Cowell,M55-59,220,Open,Australia,1:32:59,4:18,5:46:59,6:18,4:57:10,12:27:44
2041,235,Trevor Millen,M55-59,221,Open,New Zealand,1:12:08,9:15,6:11:42,13:06,4:41:41,12:27:51
2042,399,John Mulcahy,M55-59,222,Open,United States,1:24:03,4:11,6:23:12,6:29,4:30:13,12:28:08
2043,690,Dave Hunnius,M45-49,490,Open,United States,1:12:52,8:56,5:29:52,17:03,5:19:34,12:28:16
2044,1211,Matt Bader,M40-44,497,Open,United States,1:13:19,6:51,6:35:05,12:23,4:20:48,12:28:27
2045,350,Ronald Reynolds,M55-59,223,Open,United States,1:50:02,6:17,6:00:13,6:23,4:26:04,12:28:59
2046,794,Tim Reynolds,M45-49,491,Open,United States,1:06:16,4:18,6:08:04,5:10,5:05:12,12:29:00
2047,101,Martin Mcgready,M55-59,224,Open,Australia,1:17:18,6:39,6:27:26,8:04,4:29:56,12:29:23
2048,330,Robin Sarner,M55-59,225,Open,United States,1:17:40,8:49,5:57:17,10:57,4:54:46,12:29:30
2049,1931,Tobias Schelle,M35-39,398,Open,Denmark,1:13:04,5:15,5:16:32,6:37,5:48:41,12:30:09
2050,1633,Justin Grissom,M40-44,498,Open,United States,1:13:56,6:16,5:33:08,6:59,5:30:03,12:30:22
2051,2631,Gatsby Fitzgerald,M18-24,61,Open,United Kingdom,1:28:49,8:56,6:41:40,8:20,4:02:38,12:30:22
2052,1726,Thomas Berger,M40-44,499,Open,Germany,1:11:44,6:24,5:31:45,9:14,5:31:28,12:30:35
2053,322,Jonathan Tay,M55-59,226,Open,United States,1:30:05,5:23,6:25:38,6:21,4:24:36,12:32:02
2054,2543,Maciej Mawlichanów,M30-34,335,Open,Poland,1:23:23,6:43,6:08:19,5:17,4:49:28,12:33:10
2055,1218,Jörg Scheithauer,M40-44,500,Open,Germany,1:22:54,4:23,5:16:51,5:37,5:44:16,12:34:01
2056,1313,Luis Carballo,M40-44,501,Open,Philippines,1:17:03,5:47,5:48:50,8:13,5:14:19,12:34:12
2057,1019,Hiroshi Sanda,M45-49,492,Open,Japan,1:17:52,7:08,5:49:25,8:10,5:11:45,12:34:19
2058,258,Jacek Stradomski,M55-59,227,Open,Poland,1:21:38,7:03,6:16:28,9:00,4:40:15,12:34:24
2059,2699,Xylon Van Eyck,M35-39,399,Open,Unknown,1:33:48,5:00,6:18:44,5:11,4:31:50,12:34:33
2060,1139,Tsung Lai,M45-49,493,Open,Taiwan,1:27:30,4:48,6:01:39,5:35,4:55:16,12:34:47
2061,1160,Stefano Profumo,M40-44,502,Open,United States,1:11:12,6:11,5:12:01,5:00,6:00:27,12:34:51
2062,238,Scott Dinhofer,M55-59,228,Open,United States,1:27:38,5:59,6:10:02,6:45,4:44:53,12:35:17
2063,514,Dupuis Eric,M55-59,229,Open,Canada,1:17:32,8:03,6:17:54,8:08,4:43:52,12:35:28
2064,840,Joe Wilson,M45-49,494,Open,United States,1:12:57,6:07,5:27:55,5:56,5:42:49,12:35:45
2065,228,David Scott,M55-59,230,Open,United States,1:08:37,7:31,5:56:26,9:29,5:14:16,12:36:19
2066,699,Corey Teahan,M45-49,495,Open,New Zealand,1:17:56,6:52,6:11:58,8:00,4:52:07,12:36:53
2067,503,Toshihiro Minami,M55-59,231,Open,Japan,1:15:18,6:35,6:09:30,9:30,4:56:06,12:37:00
2068,786,Jason Mccaffrey,M45-49,496,Open,United States,1:19:59,7:22,6:04:49,8:57,4:55:54,12:37:01
2069,263,Duncan Ball,M55-59,232,Open,Canada,1:16:53,4:45,6:08:02,10:02,4:57:30,12:37:13
2070,2490,Peng-Hsin Ko,M30-34,336,Open,Taiwan,1:12:22,4:42,5:58:44,4:54,5:17:09,12:37:50
2071,162,Phil Stoneman,M55-59,233,Open,Australia,1:15:27,7:22,6:10:12,6:14,4:58:37,12:37:52
2072,1983,Carlos Varas Ibarra,M35-39,400,Open,Mexico,1:15:59,3:19,5:35:12,7:03,5:37:06,12:38:40
2073,317,Yair Raman,M55-59,234,Open,Israel,1:28:55,4:18,6:03:42,7:29,4:54:23,12:38:47
2074,302,Theodore Casterline,M55-59,235,Open,United States,1:08:41,6:53,5:54:05,9:55,5:19:20,12:38:53
2075,2664,Juan Raffo,M55-59,236,Open,Peru,1:11:33,9:54,6:26:47,8:15,4:42:34,12:39:02
2076,924,Luigi Ferrante,M45-49,497,Open,Italy,1:21:06,6:01,6:39:23,9:06,4:23:35,12:39:11
2077,2379,German Real,M30-34,337,Open,United States,1:20:44,8:12,6:18:47,6:41,4:45:01,12:39:25
2078,1170,Michael Marqua,M40-44,503,Open,United States,1:21:35,9:02,6:07:08,7:38,4:54:16,12:39:39
2079,1710,Mark Hoffman,M40-44,504,Open,United States,1:11:41,7:02,5:44:58,6:07,5:29:52,12:39:39
2080,456,Ricardo Ruiz,M55-59,237,Open,Spain,1:11:13,4:34,6:08:30,8:54,5:06:34,12:39:46
2081,757,Tony Kanaan,M45-49,498,Open,Brazil,1:22:36,9:33,5:57:46,5:58,5:03:59,12:39:53
2082,155,Martyn Birch,M55-59,238,Open,New Zealand,1:01:29,5:00,6:27:53,7:53,4:58:11,12:40:25
2083,1619,Madiyar Shakhmetov,M40-44,505,Open,Kazakhstan,1:22:24,5:59,6:51:37,9:24,4:11:05,12:40:30
2084,211,Bryan Vanmeveren,M55-59,239,Open,United States,1:17:44,5:57,5:52:03,9:13,5:15:44,12:40:40
2085,373,Lawrence Gray,M55-59,240,Open,United States,1:12:04,5:09,6:18:20,14:07,4:52:04,12:41:43
2086,779,Arthur Leiz,M45-49,499,Open,United States,1:26:40,6:21,6:03:12,7:26,4:58:10,12:41:50
2087,152,Paul Gompers,M55-59,241,Open,United States,1:15:29,5:34,5:41:27,9:48,5:29:40,12:41:58
2088,2531,Julien Ravinel,M30-34,338,Open,France,1:23:13,8:31,6:31:33,11:03,4:27:52,12:42:13
2089,2110,Mitchell Hines,M35-39,401,Open,United States,1:07:30,5:22,5:51:52,7:55,5:31:17,12:43:56
2090,206,Douglas Adamson,M55-59,242,Open,United Kingdom,1:21:01,8:06,6:31:30,8:02,4:35:20,12:43:59
2091,1928,Morgan Billings,M35-39,402,Open,Australia,1:04:39,7:21,5:20:11,11:06,6:00:57,12:44:14
2092,1354,Fabio Vieira,M40-44,506,Open,Brazil,1:14:28,5:54,5:37:14,7:36,5:40:13,12:45:24
2093,863,Michael Briggs,M45-49,500,Open,United Kingdom,1:14:59,4:52,5:14:24,4:54,6:06:17,12:45:25
2094,2413,Keith Crouch,M30-34,339,Open,United States,1:14:32,6:04,5:20:43,7:38,5:56:28,12:45:26
2095,2675,Stefano Massa,M55-59,243,Open,Italy,1:10:23,4:30,6:20:22,5:45,5:04:53,12:45:54
2096,2182,Stefan Schairer,M35-39,403,Open,Germany,1:11:27,5:07,5:15:46,5:18,6:08:23,12:46:02
2097,552,Tony Mills,M45-49,501,Open,Australia,1:16:35,4:26,5:51:50,6:16,5:26:58,12:46:05
2098,251,Manuel Cabrera,M55-59,244,Open,Spain,1:44:20,4:48,6:38:00,4:46,4:14:13,12:46:07
2099,400,Uwe Förster,M55-59,245,Open,Germany,1:38:10,5:22,6:14:50,5:30,4:42:34,12:46:26
2100,119,Gert Blumenstock,M55-59,246,Open,Germany,1:23:13,5:26,6:10:32,7:08,5:02:03,12:48:22
2101,351,Jerome Prigent,M55-59,247,Open,France,1:03:53,5:56,5:19:05,7:10,6:12:42,12:48:47
2102,363,Marc De Ren,M55-59,248,Open,Belgium,1:39:53,7:22,5:57:32,9:32,4:54:49,12:49:09
2103,421,Pär Junwijken,M55-59,249,Open,Sweden,1:15:12,6:51,6:35:11,6:18,4:45:46,12:49:18
2104,1450,Trevor Dixon,M40-44,507,Open,United Kingdom,1:35:51,9:44,6:21:34,11:12,4:34:12,12:52:33
2105,1572,Tommy Corelli,M40-44,508,Open,United States,59:13,10:50,5:51:45,14:14,5:37:41,12:53:42
2106,908,Wallace Mayer,M45-49,502,Open,United States,1:14:38,12:08,6:13:51,13:05,5:00:03,12:53:44
2107,314,Randy Taniguchi,M55-59,250,Open,United States,1:19:06,8:34,6:53:55,6:03,4:26:12,12:53:50
2108,1191,Kia Kamauu,M40-44,509,Open,United States,1:06:59,8:21,5:36:07,8:59,5:53:41,12:54:07
2109,1240,Jürgen Wagner,M40-44,510,Open,Germany,1:22:04,7:03,6:08:33,10:18,5:07:08,12:55:07
2110,187,Luis Miguel Gomez De Andres,M55-59,251,Open,Spain,1:17:09,9:44,6:19:40,7:25,5:01:58,12:55:56
2111,1881,Kyung Bo Kim,M35-39,404,Open,Unknown,1:18:16,11:40,6:10:00,7:42,5:08:19,12:55:56
2112,468,Jung Cheng,M55-59,252,Open,Taiwan,1:48:43,8:47,6:22:39,10:50,4:25:47,12:56:45
2113,989,Douglas Mcdowell,M45-49,503,Open,United States,1:09:09,3:55,6:35:06,8:14,5:00:47,12:57:11
2114,188,Pascal Cochard,M55-59,253,Open,France,1:50:46,7:23,6:12:46,6:26,4:40:24,12:57:45
2115,1224,Tom Walters,M40-44,511,Open,United States,1:35:29,6:26,6:13:11,6:36,4:56:11,12:57:53
2116,2591,Aidan Cowles,M18-24,62,Open,United States,1:12:20,5:53,5:39:21,5:25,5:55:08,12:58:07
2117,711,Stephen Horan,M45-49,504,Open,United States,1:26:50,5:57,6:13:10,9:06,5:03:06,12:58:09
2118,1134,Patrick Harfield,M45-49,505,Open,Cayman Islands,59:37,4:05,4:53:35,5:04,6:56:21,12:58:42
2119,173,Andy Dines,M55-59,254,Open,United Kingdom,1:05:59,7:48,6:50:20,9:29,4:45:11,12:58:47
2120,318,Andreas Philipp,M55-59,255,Open,Germany,1:26:53,6:43,6:05:52,8:51,5:10:50,12:59:08
2121,102,Marc Emde,M55-59,256,Open,Germany,1:41:29,7:17,5:47:04,8:13,5:16:31,13:00:34
2122,390,Larry Brede,M55-59,257,Open,United States,1:06:05,5:49,5:54:44,8:25,5:45:41,13:00:45
2123,385,Eli Nir,M55-59,258,Open,Israel,1:15:27,7:02,5:55:16,10:25,5:33:16,13:01:25
2124,1039,Mark Hilton,M45-49,506,Open,United Kingdom,1:20:10,7:43,6:21:10,8:02,5:04:29,13:01:34
2125,170,Chris Nagel,M55-59,259,Open,Australia,1:17:49,4:51,6:17:47,8:18,5:13:33,13:02:17
2126,269,Peter Steciuk,M55-59,260,Open,United States,1:19:16,7:39,6:10:16,8:01,5:17:34,13:02:46
2127,1603,Johann Hepner,M40-44,512,Open,United States,1:11:32,6:54,6:11:11,7:35,5:25:40,13:02:52
2128,120,Edwin Croucher,M55-59,261,Open,United States,1:29:01,5:16,6:29:05,11:28,4:48:31,13:03:22
2129,109,Steve Roulier,M55-59,262,Open,United States,1:19:49,8:01,6:20:45,7:58,5:07:19,13:03:52
2130,463,Marco Paggiaro,M55-59,263,Open,Italy,1:15:20,6:18,6:44:16,9:07,4:49:41,13:04:41
2131,413,Marion Herring,M55-59,264,Open,United States,1:02:37,7:27,6:15:12,8:26,5:31:15,13:04:56
2132,1469,Matt Batchelor,M40-44,513,Open,United Kingdom,1:36:11,12:01,6:49:40,8:27,4:19:32,13:05:51
2133,505,Gunther Himbrecht,M55-59,265,Open,Belgium,1:07:14,6:55,5:52:59,9:21,5:50:36,13:07:05
2134,543,Umberto Luchini,M45-49,507,Open,United States,2:03:27,5:11,6:11:16,7:20,4:39:59,13:07:13
2135,112,Timothy Ferguson,M55-59,266,Open,Canada,1:31:04,7:53,6:42:28,7:15,4:38:59,13:07:39
2136,255,Michael Ryan,M55-59,267,Open,United States,1:25:04,6:21,6:00:11,10:03,5:26:14,13:07:53
2137,2594,Albert Lee,M18-24,63,Open,United States,59:23,6:32,6:19:19,9:43,5:34:16,13:09:13
2138,775,Eric Baylon,M45-49,508,Open,Philippines,1:44:09,7:49,6:54:44,10:49,4:12:29,13:09:59
2139,499,Jocelyn Normandin,M55-59,268,Open,Canada,1:35:49,9:07,6:26:36,10:29,4:48:01,13:10:02
2140,967,Przemysaw Guchowski,M45-49,509,Open,Poland,1:50:28,7:41,6:17:46,5:16,4:49:16,13:10:28
2141,1577,Michael Emmons,M40-44,514,Open,United States,55:07,5:37,5:37:42,12:09,6:20:00,13:10:35
2142,130,Doug Guertin,M55-59,269,Open,United States,1:20:19,7:14,6:21:31,8:31,5:13:12,13:10:48
2143,493,Ching-Cheng Wu,M55-59,270,Open,Taiwan,1:39:57,9:02,7:05:18,10:01,4:07:16,13:11:33
2144,284,David Quinn,M55-59,271,Open,United States,1:14:49,4:10,6:08:22,9:41,5:35:21,13:12:24
2145,1524,John Corpus,M40-44,515,Open,Philippines,1:23:59,9:15,6:34:34,13:31,4:51:15,13:12:34
2146,728,Tyler Vance,M45-49,510,Open,United States,1:30:09,5:37,6:14:57,7:39,5:14:45,13:13:07
2147,2673,Mark Alderman,M55-59,272,Open,United States,1:19:27,8:39,5:55:59,8:56,5:40:09,13:13:10
2148,204,Stan Hopkins,M55-59,273,Open,United States,1:11:26,6:52,6:26:20,9:57,5:19:24,13:13:59
2149,219,Erik Søe-Pedersen,M55-59,274,Open,Denmark,1:23:12,8:48,5:41:58,8:32,5:51:31,13:14:02
2150,132,Derek Macminn,M55-59,275,Open,Australia,1:12:08,5:40,5:40:28,8:33,6:07:26,13:14:14
2151,1060,Seungjin Ahn,M45-49,511,Open,Korea,1:31:14,11:25,6:51:51,11:35,4:28:41,13:14:45
2152,154,Tom Cartelli,M55-59,276,Open,United States,1:01:14,10:52,6:27:46,10:19,5:25:30,13:15:41
2153,2677,Shawn Talbott,M55-59,277,Open,United States,1:14:53,10:31,6:26:48,11:39,5:11:58,13:15:50
2154,357,Michael Bennett,M55-59,278,Open,United States,1:00:57,6:32,5:32:19,10:45,6:27:36,13:18:09
2155,253,Doug Guthrie,M55-59,279,Open,United States,1:26:48,10:43,6:54:05,10:38,4:36:11,13:18:24
2156,816,Henrik Lundqvist,M45-49,512,Open,Sweden,1:12:46,4:47,5:35:13,10:58,6:14:50,13:18:34
2157,857,Marek Nemcik,M45-49,513,Open,Slovakia,1:14:40,6:37,6:21:54,6:36,5:29:24,13:19:11
2158,1358,Jason Byrd,M40-44,516,Open,United States,1:21:43,5:58,6:41:52,6:28,5:03:47,13:19:48
2159,1202,Riccardo Cacioli,M40-44,517,Open,Italy,1:24:29,10:08,6:27:14,11:40,5:07:08,13:20:39
2160,1893,Eduardo De La Garza,M35-39,405,Open,Mexico,1:27:19,15:32,6:09:28,11:32,5:17:38,13:21:28
2161,139,Marcus Jores,M55-59,280,Open,Germany,1:11:36,5:03,5:21:22,6:55,6:37:33,13:22:29
2162,1048,Justin Spencer,M45-49,514,Open,United States,1:31:08,8:31,5:53:44,8:05,5:41:06,13:22:34
2163,1172,Tyler Long,M40-44,518,Open,United States,57:49,7:06,5:40:50,10:35,6:26:14,13:22:35
2164,685,Ryan Schneider,M45-49,515,Open,United States,1:17:30,12:47,6:21:32,11:07,5:19:49,13:22:44
2165,1727,Simon Powner,M40-44,519,Open,United Kingdom,1:16:34,8:30,6:02:42,9:41,5:47:21,13:24:47
2166,1113,Junghoon Kang,M45-49,516,Open,Korea,1:31:07,12:28,6:19:40,9:04,5:13:37,13:25:56
2167,1546,Andrew Killinger,M40-44,520,Open,United States,1:07:08,4:52,6:10:31,7:47,5:55:47,13:26:05
2168,1539,Stefano Signo,M40-44,521,Open,Italy,1:19:24,5:55,6:27:11,8:40,5:25:06,13:26:16
2169,1934,Iain Gilbert,M35-39,406,Open,United Kingdom,1:05:46,9:18,6:33:39,9:25,5:28:12,13:26:19
2170,168,Robert Dundervill,M55-59,281,Open,United States,1:21:57,7:56,6:14:00,7:21,5:35:07,13:26:22
2171,745,Ryan Rehmeier,M45-49,517,Open,United States,1:16:12,8:19,6:11:40,8:49,5:41:36,13:26:36
2172,186,Tim Deer,M55-59,282,Open,United States,1:44:34,7:46,6:45:43,11:46,4:38:26,13:28:13
2173,564,Erwin Orthaber,M45-49,518,Open,Austria,1:23:45,4:32,6:30:33,5:12,5:24:21,13:28:22
2174,355,Clive Granger,M55-59,283,Open,United Kingdom,1:17:31,5:48,6:07:45,8:56,5:48:31,13:28:31
2175,337,Per Jonasson,M55-59,284,Open,Sweden,1:39:24,12:20,6:51:08,8:27,4:37:47,13:29:05
2176,250,Jonathan Jokiel,M55-59,285,Open,United States,1:23:15,6:57,6:50:15,5:59,5:03:26,13:29:51
2177,1166,Scott Mitchell,M40-44,522,Open,United States,1:25:33,11:05,6:25:08,9:51,5:18:30,13:30:07
2178,1219,Mark Philips,M40-44,523,Open,United States,1:04:20,7:26,6:12:37,8:38,5:57:21,13:30:22
2179,2354,Casey Skelton,M30-34,340,Open,United States,1:16:09,8:34,6:12:24,8:24,5:44:57,13:30:28
2180,293,Marc D'Hooge,M55-59,286,Open,Luxembourg,1:42:10,6:13,6:23:31,10:21,5:09:14,13:31:29
2181,900,Gustav Karlsson,M45-49,519,Open,Sweden,1:08:48,10:52,6:53:42,11:45,5:06:35,13:31:42
2182,1298,Ryan Lastimosa,M40-44,524,Open,United States,1:18:41,6:04,6:17:05,9:37,5:40:25,13:31:52
2183,210,Roger Light,M55-59,287,Open,United States,1:32:16,7:54,6:06:49,8:06,5:37:34,13:32:39
2184,498,Simon Gootjes,M55-59,288,Open,Netherlands,1:23:46,6:37,6:33:08,8:55,5:20:17,13:32:42
2185,2667,Marc O'Dwyer,M55-59,289,Open,Ireland,1:37:04,7:04,6:39:43,9:58,4:59:23,13:33:12
2186,554,Ming Lien,M45-49,520,Open,Taiwan,1:30:21,7:02,6:38:50,12:25,5:04:34,13:33:13
2187,1006,Marianito Cuaresma,M45-49,521,Open,United States,1:42:40,10:31,6:18:25,7:51,5:13:57,13:33:23
2188,1257,Lorenzo Ruiz,M40-44,525,Open,United States,1:31:01,7:08,6:21:40,9:41,5:24:03,13:33:34
2189,156,Holger Hennecke,M55-59,290,Open,Germany,1:32:32,8:05,6:29:09,8:56,5:15:03,13:33:44
2190,437,Patrick Gilis,M55-59,291,Open,Belgium,1:08:34,8:22,6:25:04,8:29,5:43:35,13:34:05
2191,367,Conrad Schaffer,M55-59,292,Open,United States,1:23:10,8:40,6:26:05,14:56,5:22:10,13:35:01
2192,1118,Christian Miki,M45-49,522,Open,United States,1:23:49,8:57,6:28:52,12:11,5:21:19,13:35:07
2193,202,Mark Gornall,M55-59,293,Open,United Kingdom,1:44:29,9:57,6:07:40,10:49,5:22:14,13:35:09
2194,1462,Joshua Pay,M40-44,526,Open,United States,1:10:29,4:07,5:13:38,10:05,6:57:53,13:36:12
2195,391,Larry Somma,M55-59,294,Open,United States,1:07:28,10:14,6:27:41,9:56,5:41:03,13:36:23
2196,1950,Paul Leonard,M35-39,407,Open,Canada,1:26:18,7:10,6:46:35,9:10,5:08:25,13:37:38
2197,448,Paul Shore,M55-59,295,Open,Canada,1:31:44,7:55,6:17:04,8:07,5:33:08,13:37:59
2198,478,Nathan Dang,M55-59,296,Open,Vietnam,1:27:45,10:22,6:25:43,8:03,5:26:22,13:38:14
2199,121,James Chriss,M55-59,297,Open,United States,1:12:40,6:37,6:05:21,7:06,6:07:24,13:39:08
2200,2700,Matt Gant,M35-39,408,Open,United States,1:34:29,10:02,6:38:58,10:24,5:05:32,13:39:25
2201,614,John Palermo,M45-49,523,Open,United States,1:39:20,5:28,6:32:01,9:47,5:13:00,13:39:35
2202,2481,Kevin Foley,M30-34,341,Open,Ireland,1:07:26,8:27,6:16:43,6:00,6:01:21,13:39:57
2203,157,Christophe Conte,M55-59,298,Open,France,1:30:01,6:31,6:08:42,7:33,5:48:06,13:40:54
2204,1378,Karl Reformina,M40-44,527,Open,Philippines,1:49:03,8:34,6:26:15,8:55,5:10:05,13:42:51
2205,2592,Pol David Buencamino,M18-24,64,Open,Philippines,1:33:59,5:23,5:59:29,9:41,5:54:37,13:43:08
2206,2698,Jon Dorn,M55-59,299,Open,United States,1:26:16,8:52,6:54:09,9:02,5:05:56,13:44:16
2207,1206,Marcin Zelewski,M40-44,528,Open,Poland,1:27:29,14:55,6:35:16,12:35,5:14:12,13:44:26
2208,2645,Megh Shivalkar,M18-24,65,Open,India,1:36:54,5:12,7:05:01,4:15,4:53:13,13:44:35
2209,266,David Pritchard,M55-59,300,Open,United Kingdom,1:57:35,7:22,6:33:13,9:03,4:58:48,13:46:01
2210,954,Zachary Collins,M45-49,524,Open,United States,1:24:58,8:05,6:34:54,9:20,5:28:56,13:46:12
2211,1419,Pieter Claessen,M40-44,529,Open,Belgium,1:15:22,9:10,6:23:29,8:22,5:50:15,13:46:37
2212,1496,Chris Gosselin,M40-44,530,Open,United States,1:15:50,8:51,6:58:54,13:38,5:09:27,13:46:39
2213,597,Harald Jarnig,M45-49,525,Open,Austria,1:26:59,9:41,6:26:32,11:05,5:33:38,13:47:54
2214,127,Anthony Tremayne,M55-59,301,Open,Australia,1:35:31,9:22,6:32:29,9:44,5:21:11,13:48:18
2215,1563,Gary Schoenhals,M40-44,531,Open,United States,1:31:05,6:16,6:32:20,11:41,5:27:18,13:48:40
2216,1304,Dallas Clark,M40-44,532,Open,United States,1:25:03,12:00,6:13:15,13:59,5:46:22,13:50:40
2217,178,Wolfgang Weinmann,M55-59,302,Open,Germany,1:12:36,4:11,6:04:57,10:11,6:18:47,13:50:41
2218,115,Raphael Lorraim,M55-59,303,Open,France,1:11:58,5:52,7:22:49,21:50,4:49:30,13:51:57
2219,325,Robert Toth,M55-59,304,Open,United States,1:18:19,8:53,6:25:50,8:15,5:51:21,13:52:39
2220,431,Gary Lancaster,M55-59,305,Open,United Kingdom,1:16:42,5:55,5:59:21,6:49,6:25:31,13:54:18
2221,1585,James Wahl,M40-44,533,Open,United States,1:18:44,7:57,5:35:37,11:18,6:41:33,13:55:09
2222,2018,Daniel Allemond,M35-39,409,Open,United States,1:33:36,9:26,6:28:42,11:41,5:31:52,13:55:17
2223,733,Vern Wagner,M45-49,526,Open,United States,1:40:00,10:00,6:47:52,11:49,5:05:53,13:55:35
2224,2555,Pierre Cantarutti,M30-34,342,Open,France,1:12:59,5:10,6:13:41,9:15,6:15:44,13:56:49
2225,1347,Jorge Urrutia,M40-44,534,Open,Spain,1:24:21,6:17,6:09:41,8:17,6:08:15,13:56:50
2226,1979,Joshua Strickland,M35-39,410,Open,Australia,1:14:26,9:29,6:20:13,10:31,6:02:52,13:57:32
2227,1768,Fariz Mammdov,M35-39,411,Open,Azerbaijan,1:34:43,12:21,7:03:18,12:29,4:54:47,13:57:39
2228,177,Bart Vangeel,M55-59,306,Open,Belgium,1:29:47,7:44,6:31:04,10:28,5:38:36,13:57:40
2229,252,Allen Reed,M55-59,307,Open,United States,1:35:41,8:08,6:04:42,9:25,6:00:13,13:58:09
2230,2238,Ryan Kinder,M30-34,343,Open,United States,1:36:23,7:00,6:15:13,8:11,5:54:04,14:00:51
2231,151,Thomas Kellner,M55-59,308,Open,United States,1:38:40,6:49,7:36:59,6:28,4:32:17,14:01:13
2232,307,Claudio Fanucchi,M55-59,309,Open,Argentina,1:37:12,6:56,6:41:48,6:32,5:29:05,14:01:33
2233,438,Dominique Wieckowiak,M55-59,310,Open,France,1:41:34,4:51,5:58:23,6:41,6:10:16,14:01:45
2234,947,Mark Carruthers,M45-49,527,Open,United Kingdom,1:48:41,6:03,6:29:18,6:33,5:32:14,14:02:49
2235,313,Rebby Gregg,M55-59,311,Open,United States,1:23:38,12:19,6:51:16,12:41,5:23:46,14:03:41
2236,1100,Kenneth Parisi,M45-49,528,Open,United States,1:06:01,4:34,6:00:39,18:14,6:35:11,14:04:40
2237,446,Michael Hull,M55-59,312,Open,Australia,1:11:36,4:52,7:00:09,7:33,5:41:06,14:05:16
2238,138,Luis Mendez,M55-59,313,Open,Dominican Republic,1:22:00,7:36,6:28:36,7:33,6:00:28,14:06:13
2239,273,Tsutomu Ishida,M55-59,314,Open,Japan,1:19:01,6:43,5:57:12,8:55,6:34:55,14:06:46
2240,2674,Sven Voelcker,M55-59,315,Open,Germany,1:48:08,8:08,6:41:39,7:32,5:21:57,14:07:24
2241,133,Uwe Fritz,M55-59,316,Open,Unknown,1:40:48,9:30,6:44:40,9:24,5:23:22,14:07:44
2242,483,Nathan Stewart,M55-59,317,Open,United States,1:29:45,11:22,7:08:37,8:35,5:10:12,14:08:31
2243,527,William Kent,M45-49,529,Open,United States,1:16:39,6:35,7:05:52,8:25,5:31:22,14:08:53
2244,375,John Grieco,M55-59,318,Open,United States,1:16:49,13:31,6:13:41,14:05,6:10:53,14:08:59
2245,2315,Matt Duffy,M30-34,344,Open,United States,1:09:29,5:56,6:05:28,8:44,6:40:04,14:09:42
2246,2665,Quentin Broad,M55-59,319,Open,Canada,1:23:40,11:45,6:14:11,15:54,6:04:35,14:10:04
2247,374,Matthew Akins,M55-59,320,Open,United States,1:22:07,11:54,6:45:26,10:23,5:42:10,14:12:00
2248,193,Kevin Gee,M55-59,321,Open,United States,1:52:35,10:28,6:37:59,11:57,5:19:13,14:12:13
2249,631,Anthony Di Mauro,M45-49,530,Open,United States,1:48:19,9:12,6:45:19,13:20,5:17:26,14:13:37
2250,1143,Jeff Parulan,M45-49,531,Open,United States,1:33:26,8:20,6:56:22,11:37,5:24:03,14:13:48
2251,118,Jim Ustasiewski,M55-59,322,Open,United States,1:29:53,7:50,6:21:48,10:33,6:03:50,14:13:54
2252,195,Phil Sumner,M55-59,323,Open,United Kingdom,1:31:58,12:13,6:49:28,16:22,5:24:21,14:14:21
2253,349,Rob Turnbull,M55-59,324,Open,Canada,1:25:28,7:14,6:56:19,9:50,5:35:33,14:14:24
2254,416,Ronald Lakitsch,M55-59,325,Open,Austria,1:23:43,9:13,7:00:57,10:09,5:31:10,14:15:13
2255,262,Jeffrey Hill,M55-59,326,Open,United States,1:30:04,10:28,7:07:38,11:13,5:16:00,14:15:23
2256,1062,Jimmy Van Den Eynden,M45-49,532,Open,Belgium,1:16:16,5:58,6:11:14,10:23,6:31:44,14:15:35
2257,1630,Krystian Czajka,M40-44,535,Open,Poland,1:45:46,10:29,6:44:48,12:04,5:22:34,14:15:41
2258,899,David Bobb,M45-49,533,Open,United States,1:30:22,7:39,6:21:14,7:11,6:09:56,14:16:23
2259,2264,Fabien Husson,M30-34,345,Open,France,1:02:13,5:46,5:32:16,9:37,7:26:48,14:16:39
2260,230,Samuel Calavitta,M55-59,327,Open,United States,1:28:37,6:35,7:02:31,7:45,5:32:06,14:17:34
2261,2365,Benjamin Cohen,M30-34,346,Open,Canada,1:19:36,7:58,6:23:31,9:23,6:17:19,14:17:48
2262,727,Andrea Polito,M45-49,534,Open,Italy,1:40:37,10:49,6:43:34,13:16,5:29:53,14:18:09
2263,378,Doug Gardner,M55-59,328,Open,United States,1:45:39,10:54,6:32:00,11:18,5:38:19,14:18:09
2264,1813,Fahd Abo El Azm,M35-39,412,Open,Egypt,1:28:36,5:34,7:03:51,9:40,5:30:54,14:18:35
2265,934,Anthony Moore,M45-49,535,Open,Australia,1:19:44,7:19,6:38:48,9:18,6:04:34,14:19:43
2266,2693,Yusuf Qasim,M35-39,413,Open,United States,1:11:44,7:24,6:10:59,8:07,6:41:31,14:19:45
2267,466,Christoph Averdiek-Bolwin,M55-59,329,Open,Germany,1:32:09,7:29,6:42:25,9:34,5:48:31,14:20:08
2268,2695,Edward Sullivan,M55-59,330,Open,United States,1:22:31,10:35,7:06:13,11:40,5:30:09,14:21:08
2269,470,Marcel Losier,M55-59,331,Open,Canada,1:32:33,5:33,6:19:11,8:18,6:15:41,14:21:16
2270,822,Peter Gruber,M45-49,536,Open,Austria,1:24:00,4:38,6:46:25,8:06,5:59:44,14:22:52
2271,1120,Milan Tomaska,M45-49,537,Open,United States,1:18:01,5:16,6:10:38,9:20,6:39:41,14:22:55
2272,783,John Savill,M45-49,538,Open,United States,1:42:20,12:30,6:11:39,13:49,6:02:51,14:23:09
2273,220,Dan Jaworski,M55-59,332,Open,United States,1:31:15,11:46,6:53:31,10:27,5:36:57,14:23:55
2274,246,Joachim Reiter,M55-59,333,Open,Germany,1:44:51,4:51,6:23:27,8:04,6:03:20,14:24:33
2275,1529,David Formanski,M40-44,536,Open,United States,1:18:45,12:51,7:02:12,16:45,5:35:50,14:26:23
2276,366,Marco Podlasly,M55-59,334,Open,Germany,1:27:13,10:08,7:10:56,8:44,5:29:59,14:27:00
2277,1272,Joshua Cole,M40-44,537,Open,United States,1:20:52,11:03,6:49:58,10:22,5:57:30,14:29:45
2278,1258,Daniel Weidenbruch,M40-44,538,Open,United States,1:27:50,13:04,7:10:14,10:50,5:29:33,14:31:30
2279,379,David Tarkington,M55-59,335,Open,United States,1:32:19,8:32,6:44:28,7:41,5:59:26,14:32:27
2280,222,Rob Schimek,M55-59,336,Open,United States,2:05:18,9:47,6:22:27,12:51,5:43:28,14:33:51
2281,249,Zouheir Louhaichy,M55-59,337,Open,Morocco,1:35:20,10:43,7:11:35,16:02,5:21:23,14:35:03
2282,473,Douglas Mactaggart,M55-59,338,Open,United Kingdom,1:34:22,7:44,6:23:54,8:48,6:22:11,14:36:59
2283,1343,Timothy Finn,M40-44,539,Open,United States,1:29:28,8:01,6:59:03,7:54,5:53:50,14:38:16
2284,1188,Sebastien Bellin,M40-44,540,Open,Belgium,1:26:22,12:07,6:39:29,14:25,6:07:15,14:39:38
2285,167,Price Marr,M55-59,339,Open,United States,1:28:31,15:09,6:51:07,13:22,5:52:12,14:40:22
2286,123,David Doughty,M55-59,340,Open,United States,1:26:02,9:50,6:32:25,13:31,6:19:03,14:40:53
2287,2681,Laszlo Varga,M45-49,539,Open,Hungary,1:15:11,5:43,6:09:37,12:04,6:59:05,14:41:40
2288,147,Sam Sunshine,M55-59,341,Open,United States,1:18:06,7:14,6:28:35,9:03,6:39:23,14:42:21
2289,1042,Aaron Clousing,M45-49,540,Open,United States,1:27:20,7:32,6:48:15,11:08,6:08:15,14:42:31
2290,2666,Martin Schefter,M55-59,342,Open,Germany,1:38:29,9:10,6:56:12,14:52,5:44:40,14:43:23
2291,176,Scott Hodder,M55-59,343,Open,Australia,1:38:27,10:45,6:39:23,10:10,6:05:37,14:44:23
2292,1110,Le Hong Minh,M45-49,541,Open,Vietnam,1:31:04,8:59,6:53:09,12:39,5:59:18,14:45:09
2293,1998,Hang Kei Simon Wong,M35-39,414,Open,United States,1:38:49,12:14,7:26:46,13:56,5:13:25,14:45:11
2294,135,Nic Johnson,M55-59,344,Open,United Kingdom,1:24:15,6:52,6:50:29,8:59,6:15:01,14:45:36
2295,1840,Chad Davis,M35-39,415,Open,United States,1:26:41,5:59,6:51:26,9:03,6:13:23,14:46:32
2296,996,Anson Stephens,M45-49,542,Open,United States,1:18:55,6:09,6:32:04,11:33,6:40:24,14:49:05
2297,247,David Schwartz,M55-59,345,Open,United States,1:56:41,8:53,6:43:53,10:32,5:50:01,14:49:59
2298,179,Kelly Patrick Malone,M55-59,346,Open,United States,1:43:04,9:32,7:00:00,15:08,5:42:32,14:50:15
2299,806,Daniel Loder,M45-49,543,Open,United States,1:15:51,11:04,7:27:16,9:11,5:47:56,14:51:18
2300,208,Francis Alueta,M55-59,347,Open,United States,1:20:22,9:36,7:18:17,10:25,5:53:21,14:52:01
2301,875,Dennis Fitzgerald,M45-49,544,Open,United States,1:25:58,9:48,7:08:27,14:17,5:53:33,14:52:02
2302,617,Camilo Kejner,M45-49,545,Open,Argentina,2:01:31,7:54,6:56:49,8:34,5:37:26,14:52:15
2303,232,Nathan Winslow,M55-59,348,Open,United States,1:12:09,8:59,7:35:36,10:45,5:49:56,14:57:25
2304,396,Curtis Whitney,M55-59,349,Open,United States,1:20:01,9:23,6:41:10,8:52,6:38:23,14:57:49
2305,405,Todd Crandell,M55-59,350,Open,United States,1:29:31,6:49,6:56:39,6:24,6:19:21,14:58:43
2306,522,Pete Gill,M45-49,546,Open,Australia,1:12:42,8:46,6:19:28,6:42,7:11:17,14:58:54
2307,1919,Søren Rosted Hansen,M35-39,416,Open,Denmark,1:18:26,10:42,6:27:56,10:13,6:52:45,15:00:04
2308,1020,Denten Robinson,M45-49,547,Open,United States,1:35:24,9:12,6:35:17,12:14,6:29:14,15:01:21
2309,439,George Ferris,M55-59,351,Open,United States,1:25:52,7:19,7:11:14,8:03,6:09:31,15:01:59
2310,2679,Scott Gronek,M45-49,548,Open,United States,1:34:37,7:59,6:55:29,6:31,6:21:23,15:05:59
2311,392,Nicolas Norton,M55-59,352,Open,France,1:57:52,6:20,6:36:34,10:36,6:14:42,15:06:03
2312,856,David Russo,M45-49,549,Open,United States,1:46:00,8:41,7:26:44,9:14,5:37:33,15:08:13
2313,482,Mark Kearney,M55-59,353,Open,United Kingdom,1:34:58,10:28,6:50:50,9:35,6:23:36,15:09:27
2314,165,David Lee,M55-59,354,Open,United States,1:35:52,10:53,7:21:25,10:22,5:53:10,15:11:43
2315,489,Joachim Janle,M55-59,355,Open,Germany,1:32:21,10:34,7:00:27,11:12,6:19:17,15:13:51
2316,476,Axel Weichel,M55-59,356,Open,Germany,1:47:28,7:02,6:45:14,6:33,6:28:52,15:15:09
2317,979,Caesar Lastimosa,M45-49,550,Open,United States,1:33:17,13:49,7:24:55,10:04,5:54:36,15:16:40
2318,122,Robert Spina Jr,M55-59,357,Open,United States,1:07:41,6:35,6:02:00,10:29,7:50:10,15:16:55
2319,1571,Brian Wolfe,M40-44,541,Open,United States,1:14:44,12:11,6:58:20,13:33,6:38:07,15:16:56
2320,393,David Patton,M55-59,358,Open,United States,1:34:39,9:46,7:12:02,8:47,6:12:35,15:17:48
2321,2678,Jerome Le Jamtel,M55-59,359,Open,France,1:29:57,9:04,6:26:25,17:51,6:54:54,15:18:11
2322,319,Enrico Varella,M55-59,360,Open,Singapore,1:55:34,6:28,7:09:07,9:53,5:58:17,15:19:19
2323,1200,Mike Brown,M40-44,542,Open,United States,1:16:41,6:29,5:54:04,8:20,7:54:57,15:20:31
2324,440,Fernando Ortiz Rubio,M55-59,361,Open,Mexico,1:39:10,11:17,7:45:02,13:43,5:31:23,15:20:34
2325,145,Marc Harrison,M55-59,362,Open,United States,1:19:41,7:49,6:49:44,7:04,6:59:36,15:23:53
2326,2701,Steve Neeleman,M50-54,1,Open,United States,1:19:01,9:01,6:52:33,6:27,6:56:50,15:23:53
2327,301,Stefan Persson,M55-59,363,Open,Sweden,1:15:20,12:14,6:45:42,15:36,6:55:10,15:24:02
2328,459,Phillip Theodore,M55-59,364,Open,United States,1:44:58,9:56,7:10:52,10:53,6:07:52,15:24:32
2329,2690,David Huang,M40-44,543,Open,United States,1:24:14,11:47,7:24:26,9:43,6:14:29,15:24:39
2330,2672,Michael Schumacher,M55-59,365,Open,Germany,2:04:24,7:37,7:02:18,7:30,6:03:02,15:24:51
2331,128,Brian Zeidman,M55-59,366,Open,United States,1:41:25,7:26,7:41:08,12:56,5:42:02,15:24:57
2332,621,Joseph Bucher,M45-49,551,Open,United States,1:51:55,12:47,7:17:02,9:43,5:54:28,15:25:55
2333,703,Rene Tayag,M45-49,552,Open,Philippines,1:19:02,5:36,6:28:00,7:53,7:27:14,15:27:45
2334,1879,Zachary Papas,M35-39,417,Open,United States,1:25:57,8:13,6:56:47,6:07,6:58:38,15:35:41
2335,576,Faizel Sunderji,M45-49,553,Open,Canada,1:15:32,6:49,6:43:15,10:37,7:19:40,15:35:52
2336,445,Andreas Butz,M55-59,367,Open,Germany,1:32:13,13:54,7:33:26,9:12,6:09:28,15:38:14
2337,131,Paul Chard,M55-59,368,Open,United States,1:37:53,11:57,7:16:33,14:52,6:20:06,15:41:20
2338,725,Youngbok Sung,M45-49,554,Open,Korea,1:30:33,15:27,7:54:24,7:28,5:55:25,15:43:16
2339,928,James Mowbray,M45-49,555,Open,United Kingdom,1:33:28,11:11,6:45:45,14:01,6:59:14,15:43:38
2340,867,Robert Rivera,M45-49,556,Open,Philippines,1:43:56,6:50,7:28:56,8:57,6:22:30,15:51:09
2341,1868,Steven Harben,M35-39,418,Open,United States,1:18:41,9:29,6:15:06,14:07,7:54:57,15:52:20
2342,558,Mark Talaski,M45-49,557,Open,United States,1:35:49,11:12,7:19:54,13:28,6:33:49,15:54:13
2343,457,Fred Litz,M55-59,369,Open,New Zealand,1:27:20,13:30,6:53:03,14:57,7:07:09,15:55:59
2344,144,Steve Govier,M55-59,370,Open,Canada,2:03:41,12:12,7:16:46,12:03,6:11:43,15:56:26
2345,585,Gianluca Sbarzagli,M45-49,558,Open,Italy,1:26:43,7:18,6:59:42,14:41,7:08:42,15:57:07
2346,2692,Michael Scholz,M35-39,419,Open,Australia,1:30:51,6:14,7:27:15,7:49,6:47:21,15:59:31
2347,1646,Aaron Pendergraft,M40-44,544,Open,United States,2:19:04,9:19,7:30:34,10:36,5:51:53,16:01:26
2348,388,Randall Cooper,M55-59,371,Open,United States,1:22:27,10:05,7:17:27,15:15,6:56:32,16:01:46
2349,925,Jose Magsalin,M45-49,559,Open,Philippines,1:56:09,7:29,7:07:59,10:07,6:41:11,16:02:55
2350,1199,Bruce Jue,M40-44,545,Open,United States,1:35:25,9:01,7:44:50,7:38,6:27:46,16:04:40
2351,513,Harold Garner,M55-59,372,Open,United States,1:32:06,6:15,7:22:12,10:09,6:56:31,16:07:13
2352,196,Ronald Moe,M55-59,373,Open,United States,1:44:40,7:50,7:19:27,10:52,6:44:42,16:07:32
2353,635,Paul Mangual,M45-49,560,Open,United States,1:34:14,12:09,7:14:39,17:06,6:49:40,16:07:47
2354,111,Terry Curley,M55-59,374,Open,Canada,1:43:18,13:36,6:57:58,12:01,7:01:17,16:08:10
2355,229,Kevin Rens,M55-59,375,Open,United States,1:48:31,9:45,7:26:11,9:55,6:35:06,16:09:28
2356,2614,Ryan Wilson,M25-29,1,Open,United States,1:38:53,26:02,7:28:25,12:08,6:24:06,16:09:34
2357,550,Giovanni Pierandrea,M45-49,561,Open,Italy,1:29:52,9:55,7:55:01,12:16,6:23:07,16:10:11
2358,214,James Da Terra,M55-59,376,Open,Canada,1:50:38,5:47,7:25:17,12:30,6:38:43,16:12:57
2359,572,Paxton Fritsch,M45-49,562,Open,Canada,1:34:18,17:01,6:53:30,20:23,7:07:53,16:13:05
2360,103,Chuck Cates,M55-59,377,Open,United States,1:22:25,15:53,7:17:50,11:32,7:08:21,16:16:01
2361,818,John Slone,M45-49,563,Open,United States,1:37:13,7:13,7:42:51,9:31,6:46:12,16:23:00
2362,530,Chad Cartwright,M45-49,564,Open,United States,1:42:50,8:17,7:00:17,14:58,7:17:53,16:24:16
2363,623,Thomas Britton,M45-49,565,Open,Ireland,1:59:07,11:57,7:24:58,14:34,6:35:15,16:25:51
2364,185,Stefano Conti,M55-59,378,Open,Italy,2:06:22,9:05,7:22:58,11:51,6:38:39,16:28:54
2365,397,Scott Duffy,M55-59,379,Open,United States,1:37:48,7:27,7:49:46,9:07,6:46:49,16:30:58
2366,1359,Vu Nguyen,M40-44,546,Open,United States,1:12:38,7:37,7:05:38,10:39,7:56:04,16:32:36
2367,382,Damien Mesepa Tanoai,M55-59,380,Open,United States,1:29:33,11:52,8:20:34,9:35,6:24:03,16:35:37
2368,352,Frank Cherne,M55-59,381,Open,United States,1:49:01,9:42,7:32:48,11:20,6:53:56,16:36:46
2369,2626,Garrett Wilson,M18-24,66,Open,United States,1:44:41,20:15,7:29:12,0:30,7:05:07,16:39:45
2370,960,Laurent Tran,M45-49,566,Open,United States,1:31:24,17:42,7:56:41,17:47,6:38:44,16:42:17
2371,1670,Jeffry Vargas,M40-44,547,Open,Mexico,1:34:58,9:13,8:17:17,8:35,6:37:09,16:47:12
2372,164,Tod Hagan,M55-59,382,Open,United States,1:32:51,12:30,8:07:24,10:02,6:45:55,16:48:42
2373,358,Michael Stowers,M55-59,383,Open,New Zealand,2:01:57,14:46,8:06:19,15:11,6:11:05,16:49:17
2374,149,Paul Ernst,M55-59,384,Open,United States,1:39:49,12:33,7:10:59,14:46,7:33:23,16:51:30
2375,2663,Pat Chin,M55-59,385,Open,United States,1:17:20,17:40,7:59:58,17:01,7:02:18,16:54:17
2376,172,John Ordonez,M55-59,386,Open,United States,1:37:47,12:33,7:35:16,19:05,7:11:12,16:55:54
,632,David Toro,M45-49,,Open,Spain,,,,,,
,299,Greg Mcauley,M55-59,,Open,United States,2:26:05,,,,,
,2680,Michael Schouwaerts,M45-49,,Open,Belgium,,,,,,
,1333,Colin O'shea,M40-44,,Open,Ireland,,,,,,
,31,Ivan Tutukin,MPRO,,Open,Kazakhstan,,,,,,
,415,Emmanuel Griffon,M55-59,,Open,United States,1:19:06,14:27,,,,
,2151,Sven Wies,M35-39,,Open,Germany,,,,,,
,526,Glyn Tallon,M45-49,,Open,Ireland,1:27:29,6:44,,,,
,304,Kai Fuegel,M55-59,,Open,Germany,,,,,,
,8002,Randall Macdaniel,M35-39,,Open,United States,,,,,,
,1173,Mark Lavin,M40-44,,Open,United States,,,,,,
,995,Massimiliano Radi,M45-49,,Open,Italy,,,,,,
,1871,Wouter Visch,M35-39,,Open,Netherlands,,,,,,
,2175,Vandenbroele Niels,M35-39,,Open,Belgium,,,,,,
,1965,Oskars Cimermanis,M35-39,,Open,Latvia,,,,,,
,8001,Sylvan Smyth,M40-44,,Open,Canada,,,,,,
,2510,Jin Oshima,M30-34,,Open,Japan,,,,,,
,244,Arie Scheurkogel,M55-59,,Open,United States,,,,,,
,2211,Jonathan Alzate Ramirez,M30-34,,Open,Colombia,58:29,3:24,,,,
,268,Michael Glover,M55-59,,Open,United States,1:37:50,9:41,,,,
,272,Jens Fiedler,M55-59,,Open,Germany,,,,,,
,767,Luciano Gomes,M45-49,,Open,Brazil,,,,,,
,240,Gary Thiel,M55-59,,Open,Canada,,,,,,
,903,Richard Alcock,M45-49,,Open,Australia,,,,,,
,1663,Bradley Fleming,M40-44,,Open,South Africa,,,,,,
,1566,Joel Homan,M40-44,,Open,United States,,,,,,
,1878,Abdullah Alrefae,M35-39,,Open,Kuwait,,,,,,
,652,David Boquet,M45-49,,Open,France,,,,,,
,1231,Christian Weyland,M40-44,,Open,Luxembourg,,,,,,
,447,Greg Morgan,M55-59,,Open,United Kingdom,2:09:36,8:12,,,,
,1130,Rowan Vorster,M45-49,,Open,South Africa,,,,,,
,1041,Samuel Burkett,M45-49,,Open,United States,,,,,,
,289,John Giguere,M55-59,,Open,Canada,1:21:32,11:08,,,,
,18,Alistair Brownlee,MPRO,,Open,United Kingdom,,,,,,
,692,Jonathan Pascual,M45-49,,Open,United States,,,,,,
,669,Frederic Pasnon,M45-49,,Open,France,,,,,,
,1174,Ricard Balagué Cava,M40-44,,Open,Spain,,,,,,
,953,Christian Örum,M45-49,,Open,Sweden,,,,,,
,1915,Garry Dorr,M35-39,,Open,France,1:29:40,8:10,,,,
,2684,Mark Samuel,M45-49,,Open,United States,1:10:20,7:25,6:53:33,55:55,,
,402,Thomas Vetter,M55-59,,Open,Germany,,,,,,
,277,Graham Baxter,M55-59,,Open,United Kingdom,,,,,,
,2267,Tom Kopolovich,M30-34,,Open,Israel,,,,,,
,1487,David Connolly,M40-44,,Open,Ireland,,,,,,
,1777,Nicolás Domínguez García,M35-39,,Open,Spain,,,,,,
,510,Andreas Niedrig,M55-59,,Open,Unknown,,,,,,
,2038,Michal Holub,M35-39,,Open,Slovakia,1:07:14,4:05,,,,
,941,Sebastian Felix Dr. Girg,M45-49,,Open,Germany,,,,,,
,282,Forest Hansen,M55-59,,Open,United States,1:43:37,11:06,,,,
,553,Robert Maar,M45-49,,Open,United States,,,,,,
,718,Patrick Donovan,M45-49,,Open,United States,,,,,,
,169,Steven Brooks,M55-59,,Open,Canada,2:02:04,6:38,,,,
,950,Søren Kongsted,M45-49,,Open,Denmark,,,,,,
,1944,Kris Pyper,M35-39,,Open,Australia,,,,,,
,114,Bill Begg,M55-59,,Open,United States,1:52:34,15:56,8:05:15,16:35,,
,2126,Lee Clare,M35-39,,Open,United Kingdom,,,,,,
,8006,Brooke Test Chip,FUNKNOWN,,Female,Unknown,,,,,,
,8004,Jake Test Chip,MUNKNOWN,,Open,Unknown,,,,,,
,54,Matt Burton,MPRO,,Open,Australia,56:05,2:32,,,,
,2022,Andrew Hall,M35-39,,Open,United States,,,,,,
,24,Cody Beals,MPRO,,Open,Canada,,,,,,
,878,Todd Israel,M45-49,,Open,Australia,,,,,,
,2157,Bruno Monteiro,M35-39,,Open,Brazil,,,,,,
,2556,Kevin Mckenna,M30-34,,Open,United States,,,,,,
,2288,Kevin Wright,M30-34,,Open,United States,,,,,,
,1307,Steve Mau,M40-44,,Open,United States,,,,,,
,750,Darren Cole,M45-49,,Open,Canada,,,,,,
,869,Benoit Fourmont,M45-49,,Open,France,,,,,,
,677,Andreas Kröner,M45-49,,Open,Austria,,,,,,
,424,Steve Wilson,M55-59,,Open,United States,2:10:02,10:33,,,,
,1593,Dermot Costello,M40-44,,Open,Ireland,,,,,,
,1058,Matt Mccurdy,M45-49,,Open,United States,1:10:15,5:54,5:49:30,6:59,,
,2271,Joseph Baghioni,M30-34,,Open,France,57:10,3:06,5:03:49,4:54,,
,1485,Min Dai,M40-44,,Open,United States,,,,,,
,1245,Sergey Shakirov,M40-44,,Open,Uzbekistan,,,,,,
,2317,Guillermo Garcia,M30-34,,Open,Argentina,,,,,,
,696,George Baber,M45-49,,Open,United States,,,,,,
,1252,Derek Sheridan,M40-44,,Open,Ireland,,,,,,
,683,Mark Rohde,M45-49,,Open,Australia,,,,,,
,2160,Christopher Alt,M35-39,,Open,United States,,,,,,
,1827,Dave Cresswell,M35-39,,Open,United Kingdom,,,,,,
,1044,Toshinao Wada,M45-49,,Open,Japan,,,,,,
,260,Thomas Gavin,M55-59,,Open,United States,2:00:33,13:43,8:08:37,15:40,,
,1861,Peter Pichnoff,M35-39,,Open,Brazil,56:25,3:19,,,,
,275,Neil Mcloughlin,M55-59,,Open,United Kingdom,,,,,,
,14,Daniel Bakkegard,MPRO,,Open,Denmark,48:20,2:23,4:19:19,6:33:03,,
,2491,George Hoffman,M30-34,,Open,United States,,,,,,
,1565,Beres Hunor,M40-44,,Open,Romania,,,,,,
,2414,Klaas Taecke,M30-34,,Open,Belgium,,,,,,
,2570,Robert Mears,M30-34,,Open,New Zealand,,,,,,
,16,David Mcnamee,MPRO,,Open,United Kingdom,51:46,2:28,4:35:40,3:45,,
,1425,Dan Blake,M40-44,,Open,United Kingdom,,,,,,
,1771,Tom Van Rossum,M35-39,,Open,United Kingdom,,,,,,
,8005,Plata Test Chip,MUNKNOWN,,Open,Unknown,,,,,,
,565,Colin Morrison,M45-49,,Open,Canada,,,,,,
,2442,Hayato Osaka,M30-34,,Open,Japan,,,,,,
,116,Jeffrey Kriner,M55-59,,Open,United States,1:39:58,15:39,,,,
,2648,Jakob Mast,M18-24,,Open,Germany,,,,,,
,1510,Robert Taferner,M40-44,,Open,Austria,,,,,,
,354,Michael von Wolff,M55-59,,Open,Germany,,,,,,
,1085,Khuong Tran,M45-49,,Open,United States,,,,,,
,356,Robert Arruda,M55-59,,Open,United States,1:38:53,10:37,,,,
,46,Paul Schuster,MPRO,,Open,Germany,,,,,,
,1578,Christian Tölg,M40-44,,Open,Germany,,,,,,
,578,David Mcgregor,M45-49,,Open,Canada,,,,,,
,2547,Jared Lenner,M30-34,,Open,United States,,,,,,
,1482,Roberto Badilla,M40-44,,Open,Costa Rica,,,,,,
,34,Kyle Smith,MPRO,,Open,New Zealand,48:27,2:22,4:34:35,,,
,265,James Pinchback,M55-59,,Open,United States,1:48:46,10:48,,,,
,1975,Florian Deibl,M35-39,,Open,Germany,,,,,,
,1988,Justin Scarvaci,M35-39,,Open,Australia,,,,,,
,1220,Rauno Pikkor,M40-44,,Open,Estonia,,,,,,
,1622,Yu Jen Lee,M40-44,,Open,Taiwan,,,,,,
,2293,Tom Danter,M30-34,,Open,United Kingdom,,,,,,
,1365,Brendan Loehr,M40-44,,Open,United States,,,,,,
,1798,Pablo Arce Diaz,M35-39,,Open,Costa Rica,1:10:27,4:26,5:13:30,,,
,218,Charlie Elders,M55-59,,Open,Ireland,,,,,,
,161,Christoph Sudfeld,M55-59,,Open,Germany,1:17:28,,,,,
,2216,Samuel Wenger,M30-34,,Open,Switzerland,,,,,,
,113,Kojiro Nojiri,M55-59,,Open,Japan,,,,,,
,125,Louis Goldberg,M55-59,,Open,United States,2:04:59,13:31,,,,
,561,Jerry Bartolome,M45-49,,Open,United States,,,,,,
,894,Lilian Jegou,M45-49,,Open,France,,,,,,
,469,Samuel Yiu,M55-59,,Open,Hong Kong,,,,,,
,1237,Javier Hidalgo,M40-44,,Open,Spain,,,,,,
,224,Armin Lombardo,M55-59,,Open,Germany,,,,,,
,555,Anton Van Zyl,M45-49,,Open,United States,,,,,,
,966,Mike Suing,M45-49,,Open,United States,,,,,,
,1870,Luke Henderson,M35-39,,Open,Australia,58:31,2:47,5:02:14,6:10,,
,2202,Tyler Le Roy,M30-34,,Open,United States,,,,,,
,108,Kenneth Nelson,M55-59,,Open,United States,1:12:03,15:20,,,,
,2233,Jordan Bailey,M30-34,,Open,United States,,,,,,
,2475,Dominique Meier,M30-34,,Open,Switzerland,,,,,,
,2349,Chris Carter,M30-34,,Open,United States,1:10:57,3:32,,,,
,813,Gabor Lengyel,M45-49,,Open,Germany,,,,,,
,2380,Nicklas Henriksen,M30-34,,Open,Denmark,,,,,,
,1674,Martin Bickley,M40-44,,Open,United Kingdom,,,,,,
,2660,Loris Millot,M18-24,,Open,France,1:05:20,3:11,4:58:02,3:59,,
,1884,Guy Evans,M35-39,,Open,United Kingdom,,,,,,
,2559,Nikolay Makhnenko,M30-34,,Open,United States,,,,,,
,291,David Richmond,M55-59,,Open,Philippines,,,,,,
,571,Patrick Wallimann,M45-49,,Open,Switzerland,,,,,,
,142,Je-Eon Kim,M55-59,,Open,Korea,,,,,,
,404,Frank Dombek,M55-59,,Open,Germany,,,,,,
,2702,Kyungnam Kim,M50-54,,Open,Korea,1:57:43,11:06,,,,
,2358,James Smith,M30-34,,Open,United Kingdom,1:01:02,4:20,5:51:45,13:02,,
,1021,Kieran Mcshane,M45-49,,Open,Ireland,1:26:16,6:48,,,,
,890,Daniel Brown,M45-49,,Open,Australia,,,,,,
,1239,Kfir Maimon,M40-44,,Open,Israel,,,,,,
,2519,Andreas Dietrich,M30-34,,Open,Germany,1:08:13,3:17,4:58:28,3:39,,
,2055,Marco Parrinello,M35-39,,Open,Italy,56:59,3:19,5:12:31,4:03,,
,1065,Chris Thompson,M45-49,,Open,United States,,,,,,
,2539,Benjamin Besse,M30-34,,Open,United States,,,,,,
,2557,Robin Wild,M30-34,,Open,Switzerland,,,,,,
,1939,Dennis Laerte,M35-39,,Open,Belgium,1:00:30,3:23,4:48:46,5:07,,
,679,Adam Krommenhoek,M45-49,,Open,United States,,,,,,
,972,Jamie Hoyt,M45-49,,Open,United States,,,,,,
,194,Hugo Lemmen,M55-59,,Open,South Africa,,,,,,
,1185,Aaron Jones,M40-44,,Open,United States,1:25:10,14:24,,,,
,1891,Ronaldo Serpa Ferreira,M35-39,,Open,Brazil,,,,,,
,2169,Kris Spoth,M35-39,,Open,United States,,,,,,
,613,Keld Thomsen,M45-49,,Open,Denmark,,,,,,
,2580,Chang Tai Li,M30-34,,Open,Taiwan,,,,,,
,747,Hiroaki Yamasaki,M45-49,,Open,Japan,,,,,,
,425,Keith Garbutt,M55-59,,Open,United Kingdom,,,,,,
,1241,Sergio Andre Vargas,M40-44,,Open,Brazil,,,,,,
,3,Braden Currie,MPRO,,Open,New Zealand,48:25,2:15,,,,
,296,Rudolf Langsteiner,M55-59,,Open,Austria,1:23:52,4:15,,,,
,532,Mark Jansen,M45-49,,Open,Singapore,,,,,,
,796,Rudy Depret,M45-49,,Open,Belgium,,,,,,
,1486,Greg Irving,M40-44,,Open,United Kingdom,2:16:47,6:39,,,,
,1201,Paul Throgmorton,M40-44,,Open,United States,1:22:01,6:03,8:07:24,8:29,,
,1597,Li Sheng,M40-44,,Open,China,,,,,,
,2230,Daniel Weber,M30-34,,Open,Germany,,,,,,
,2468,Ben Briggs,M30-34,,Open,Australia,,,,,,
,2087,Steve Jackson,M35-39,,Open,United States,,,,,,
,628,Fernando Garrocho Orellana,M45-49,,Open,Spain,,,,,,
,1785,Brian Lambert,M35-39,,Open,United States,1:05:17,4:34,,,,
,594,Scott Flewellen,M45-49,,Open,New Zealand,1:21:10,6:35,,,,
,915,Ben Suddaby,M45-49,,Open,Australia,,,,,,
,620,Raynard Tissink,M45-49,,Open,South Africa,,,,,,
,1471,Alexey Sidorenko,M40-44,,Open,Kazakhstan,1:17:42,5:20,5:21:21,7:01,,
,2324,Olivier Gerbron,M30-34,,Open,France,,,,,,
,369,Roger Stucki,M55-59,,Open,Eswatini,,,,,,
,1638,Scott Yamada,M40-44,,Open,United States,1:00:46,4:38,5:36:51,5:10,,
,1235,Leonardo Bobadilla Chavez,M40-44,,Open,Chile,1:06:13,5:21,4:59:53,7:32,,
,1989,Leigh Deissenroth,M35-39,,Open,Germany,,,,,,
,494,Runar Höiom,M55-59,,Open,Sweden,1:06:35,4:14,5:32:14,10:19,,
,2377,Victor Lemasson,M30-34,,Open,France,1:04:38,6:42,4:33:48,,,
,2618,Ion Bermejo,M18-24,,Open,Spain,58:05,2:43,,,,
,730,Brent Sylvester,M45-49,,Open,United States,,,,,,
,2410,Nacho Dominguez Martinez,M30-34,,Open,Spain,,,,,,
,2257,Wouter Gryp,M30-34,,Open,Belgium,,,,,,
,35,Pieter Heemeryck,MPRO,,Open,Belgium,49:34,2:16,4:25:55,5:26,,
,1568,Tony Rolof,M40-44,,Open,United States,,,,,,
,980,Islam El Laithy,M45-49,,Open,Egypt,1:24:46,7:18,,,,
,991,Todd Curtis,M45-49,,Open,United States,,,,,,
,387,Sean Snow,M55-59,,Open,United States,,,,,,
,805,Benoit Deragon,M45-49,,Open,Canada,1:20:08,4:29,,,,
,1003,Jean-Philippe Dechristé,M45-49,,Open,France,,,,,,
,1334,Greg Adam,M40-44,,Open,United Kingdom,1:10:03,8:03,,,,
,2600,Adam Joyner,M18-24,,Open,United States,1:19:35,5:22,,,,
,106,Beat Schertenleib,M55-59,,Open,Switzerland,1:24:19,7:02,6:54:21,8:04,,
,574,Stelian Larga,M45-49,,Open,Romania,,,,,,
,2232,Sam Thom,M30-34,,Open,New Zealand,,,,,,
,2131,Tobias Meckl,M35-39,,Open,Germany,,,,,,
,2313,Christoph Peitz,M30-34,,Open,Germany,,,,,,
,1126,Ivan O'Gorman,M45-49,,Open,Ireland,,,,,,
,371,Brian Murdoch,M55-59,,Open,Canada,1:27:29,12:08,,,,
,1250,Dany Papi,M40-44,,Open,Luxembourg,,,,,,
,294,Peter Jonsson,M55-59,,Open,Sweden,,,,,,
,1947,Alejandro Cabedo Garcia,M35-39,,Open,Spain,,,,,,
,762,Timo Ronkainen,M45-49,,Open,Finland,,,,,,
,2644,Harrison Dudley-Rode,M18-24,,Open,New Zealand,1:07:22,4:55,5:46:02,9:02,,
,500,Frank Weber,M55-59,,Open,Germany,,,,,,
,2137,Andreas Tschishakowski,M35-39,,Open,Germany,58:45,3:47,4:42:35,2:56,,
,449,Ludovic Meheust,M55-59,,Open,France,1:10:43,4:38,7:03:58,11:22,,
,788,Fernando Perez Cantillo,M45-49,,Open,Mexico,1:22:15,14:21,7:51:10,11:26,,
,1453,Jörgen Agerbjer,M40-44,,Open,Sweden,,,,,,
,2246,Mark Lamonby,M30-34,,Open,United Kingdom,,,,,,
,1026,Kristian Karacic,M45-49,,Open,Germany,,,,,,
,458,William Capune,M55-59,,Open,United States,,,,,,
,1449,Niel Parco,M40-44,,Open,Philippines,,,,,,
,163,Kai Gilbert,M55-59,,Open,Germany,,,,,,
,927,Garron Mosley,M45-49,,Open,South Africa,,,,,,
,1207,Dominik-Paul Thiel,M40-44,,Open,Germany,,,,,,
,2236,Harrison Belfield,M30-34,,Open,United Kingdom,,,,,,
,721,Alex Svetlitski,M45-49,,Open,United States,1:08:05,4:54,,,,
,1114,Alberto Rivera,M45-49,,Open,United States,,,,,,
,770,Ben Bell,M45-49,,Open,Australia,,,,,,
,739,Fernando Alfaro,M45-49,,Open,Panama,,,,,,
,2484,Peng Cheng Li,M30-34,,Open,China,,,,,,
,1222,Tom Bills,M40-44,,Open,Australia,1:09:46,6:15,5:48:34,8:41,,
,2196,Christopher Salas,M35-39,,Open,United States,,,,,,
,907,Oke Büll,M45-49,,Open,Germany,,,,,,
,719,Cristian Salazar,M45-49,,Open,Costa Rica,1:26:54,18:00,,,,
,2653,Magnus Bargholz,M18-24,,Open,Denmark,1:10:14,,,,,
,2260,Gian-Marco Lacher,M30-34,,Open,Switzerland,,,,,,
,1309,Alexander Brauneis,M40-44,,Open,Austria,,,,,,
