Place,Bib,Name,Age_Group,Group_Rank,Class,Club,Swim,T1,Bike,T2,Run,Finish
1,104,Thomas Frühwirth,MHC,,Open,Austria,1:03:01,2:53,5:01:23,2:24,2:05:58,8:15:39
2,24,Chelsea Sodaro,FPRO,1,Female,United States,54:48,2:36,4:42:08,2:30,2:51:45,8:33:46
3,2646,Matthew Marquardt,M25-29,1,Open,United States,49:58,2:33,4:38:22,3:20,3:01:35,8:35:49
4,6,Lucy Charles-Barclay,FPRO,2,Female,United Kingdom,50:57,2:31,4:43:12,2:07,3:02:49,8:41:37
5,3,Anne Haug,FPRO,3,Female,Germany,57:58,2:12,4:41:49,2:25,2:57:57,8:42:22
6,2532,Devin Volk,M25-29,2,Open,United States,56:32,2:43,4:48:47,2:42,2:57:35,8:48:18
7,2468,Timmo Jeret,M25-29,3,Open,Estonia,1:02:39,3:49,4:41:39,2:48,2:58:20,8:49:16
8,8,Laura Philipp,FPRO,4,Female,Germany,57:54,2:17,4:45:27,3:19,3:01:33,8:50:31
9,10,Lisa Norden,FPRO,5,Female,Sweden,54:42,2:23,4:42:25,2:32,3:12:41,8:54:43
10,12,Fenella Langridge,FPRO,6,Female,United Kingdom,51:42,2:15,4:43:25,2:35,3:16:30,8:56:26
11,2556,Pierre Balty,M25-29,4,Open,Belgium,55:21,2:38,5:01:12,5:05,2:52:19,8:56:34
12,7,Sarah Crowley,FPRO,7,Female,Australia,54:50,2:19,4:55:03,2:49,3:06:56,9:01:58
13,1,Daniela Ryf,FPRO,8,Female,Switzerland,57:52,2:20,4:36:11,2:18,3:23:45,9:02:26
14,2509,Justin Riele,M25-29,5,Open,United States,52:46,3:24,4:46:31,3:24,3:17:52,9:03:58
15,2595,Fernando Maluf,M25-29,6,Open,Brazil,58:44,2:44,4:55:19,2:50,3:04:47,9:04:23
16,4,Skye Moench,FPRO,9,Female,United States,54:52,2:33,4:44:36,2:51,3:19:38,9:04:31
17,2455,Roman Bravo,M25-29,7,Open,Ecuador,1:01:30,3:51,4:51:03,5:25,3:03:47,9:05:36
18,2477,Tom Defoort,M25-29,8,Open,Belgium,59:39,3:38,4:50:53,2:59,3:08:45,9:05:55
19,11,Laura Siddall,FPRO,10,Female,United Kingdom,58:09,2:42,4:46:58,2:27,3:17:34,9:07:49
20,2592,Timo Schaffeld,M25-29,9,Open,Germany,57:09,2:36,4:50:07,2:28,3:15:40,9:08:00
21,51,Susie Cheetham,FPRO,11,Female,United Kingdom,58:05,2:26,4:55:22,3:24,3:11:47,9:11:03
22,2633,Vincent Größer,M25-29,10,Open,Germany,59:09,3:42,4:37:16,3:08,3:28:07,9:11:21
23,2607,Pascal Tischler,M25-29,11,Open,Germany,51:25,3:10,4:50:08,2:44,3:24:26,9:11:54
24,2577,Jardy Van Den Heuvel,M25-29,12,Open,Netherlands,54:17,3:18,4:58:58,3:09,3:12:18,9:12:00
25,2611,Paul Senger,M25-29,13,Open,Germany,57:24,4:09,4:55:56,4:01,3:11:36,9:13:05
26,2618,Patrick Cometta,M25-29,14,Open,Switzerland,55:14,3:23,4:48:16,3:22,3:23:44,9:14:00
27,15,Maja Stage Nielsen,FPRO,12,Female,Denmark,57:50,2:22,4:55:30,2:20,3:16:03,9:14:04
28,2493,Florent Ferrara,M25-29,15,Open,Switzerland,1:00:44,4:03,4:50:51,4:48,3:14:38,9:15:04
29,2490,Fabian Schaffert,M25-29,16,Open,Germany,59:53,3:28,4:49:25,3:02,3:19:25,9:15:12
30,2632,Fabian Bub,M25-29,17,Open,Germany,56:27,3:30,4:48:44,2:53,3:24:50,9:16:25
31,22,Haley Chura,FPRO,13,Female,United States,54:39,2:33,5:02:07,3:11,3:17:18,9:19:49
32,2528,Chad Bykerk,M25-29,18,Open,United States,53:11,5:04,4:55:58,5:29,3:20:45,9:20:26
33,5,Ruth Astle,FPRO,14,Female,United Kingdom,1:01:28,2:29,4:51:56,2:27,3:22:17,9:20:37
34,14,Gurutze Frades Larralde,FPRO,15,Female,Spain,1:04:56,2:36,5:10:00,2:54,3:00:31,9:20:58
35,9,Heather Jackson,FPRO,16,Female,United States,1:04:46,2:20,4:56:01,2:19,3:16:51,9:22:17
36,2597,Zorán Nikolics,M25-29,19,Open,Hungary,57:14,5:20,4:45:31,2:41,3:33:07,9:23:53
37,28,Rebecca Clarke,FPRO,17,Female,New Zealand,51:41,2:25,5:03:48,2:56,3:23:31,9:24:21
38,2502,Jacob Lemholt,M25-29,20,Open,Denmark,55:29,4:07,4:48:31,3:45,3:33:53,9:25:44
39,48,Jodie Robertson,FPRO,18,Female,United States,1:04:14,2:45,5:05:32,3:32,3:09:53,9:25:57
40,2510,Hagen Bierlich,M25-29,21,Open,Germany,1:03:23,5:52,4:59:11,5:58,3:12:46,9:27:11
41,2462,Raphael Leroy,M25-29,22,Open,France,1:09:06,4:53,4:58:58,5:16,3:09:00,9:27:13
42,2593,Martin Gallardo,M25-29,23,Open,Argentina,1:01:20,4:15,5:05:41,4:06,3:12:16,9:27:38
43,2582,Harry Wiles,M25-29,24,Open,Australia,52:48,3:43,4:52:32,4:08,3:34:38,9:27:48
44,2564,Jonas Weller,M25-29,25,Open,Germany,1:00:47,3:02,4:50:18,5:05,3:28:38,9:27:51
45,2588,Simon Müller,M25-29,26,Open,Germany,1:03:24,3:55,5:12:26,5:53,3:02:42,9:28:20
46,2496,João Rebelo,M25-29,27,Open,Portugal,59:54,4:57,5:05:28,3:05,3:14:56,9:28:20
47,2088,Ulrik Jespersen,M50-54,1,Open,Denmark,1:03:40,4:23,4:50:34,3:10,3:26:38,9:28:24
48,2463,Livio Bieler,M25-29,28,Open,Switzerland,59:34,4:09,4:55:08,4:56,3:24:43,9:28:30
49,2576,José Jiménez Del Caño,M25-29,29,Open,Spain,1:02:55,3:20,5:13:37,5:11,3:03:40,9:28:44
50,36,Jen Annett,FPRO,19,Female,Canada,1:04:53,2:33,4:52:53,2:25,3:26:31,9:29:15
51,2475,Matt Jackson,M25-29,30,Open,United States,1:00:13,3:19,5:07:32,3:08,3:15:29,9:29:42
52,29,Justine Mathieux,FPRO,20,Female,France,59:46,2:48,5:00:11,2:47,3:25:53,9:31:25
53,2561,Ty Gill,M25-29,31,Open,United States,1:07:40,4:08,5:08:05,4:12,3:07:56,9:32:01
54,31,Elisabetta Curridori,FPRO,21,Female,Italy,1:01:27,2:39,4:59:34,2:30,3:26:48,9:32:58
55,2616,Tsukasa Kuyama,M25-29,32,Open,Japan,1:03:25,6:18,5:07:53,5:08,3:12:25,9:35:09
56,46,Kylie Simpson,FPRO,22,Female,Australia,1:19:47,2:26,4:57:49,2:22,3:12:48,9:35:13
57,2411,Marcin Konieczny,M50-54,2,Open,Poland,1:03:41,3:16,5:02:40,3:50,3:22:55,9:36:22
58,25,Laura Zimmermann,FPRO,23,Female,Germany,1:04:51,3:01,5:05:30,3:23,3:20:39,9:37:23
59,1138,Magdalena Lenz,F30-34,1,Female,Poland,1:04:17,3:34,5:05:14,2:55,3:21:29,9:37:29
60,2124,Stefano Bortolami,M50-54,3,Open,Italy,54:21,3:45,5:12:17,4:00,3:23:40,9:38:04
61,2491,Ugo Lovera,M25-29,33,Open,France,1:00:19,5:16,5:12:40,3:56,3:16:18,9:38:29
62,2601,Daniel König,M25-29,34,Open,Germany,57:25,4:39,4:59:36,3:50,3:33:17,9:38:46
63,2492,Jack Schofield,M25-29,35,Open,United Kingdom,1:04:13,3:35,4:59:09,4:11,3:28:04,9:39:12
64,2388,Olaf Kasten,M50-54,4,Open,Germany,1:00:22,3:54,5:01:40,2:41,3:30:48,9:39:25
65,44,Penny Slater,FPRO,24,Female,Australia,58:08,2:32,4:57:09,2:51,3:38:51,9:39:31
66,1286,Henrike Güber,F25-29,1,Female,Germany,1:09:54,2:55,4:59:03,3:27,3:24:56,9:40:14
67,2506,Ian Hidebrandt,M25-29,36,Open,United States,59:13,2:38,5:13:40,3:05,3:21:44,9:40:20
68,2600,Chris Harris,M25-29,37,Open,United Kingdom,52:49,4:07,5:10:16,4:04,3:29:13,9:40:29
69,2485,Marcelo Fenerich,M25-29,38,Open,Brazil,57:54,4:14,5:04:41,3:37,3:30:21,9:40:48
70,1208,Annamarie Strehlow,F30-34,2,Female,United States,1:03:08,3:29,5:15:09,3:31,3:16:59,9:42:17
71,2549,André Duarte,M25-29,39,Open,Portugal,1:05:38,4:02,5:20:59,2:57,3:08:46,9:42:23
72,2244,John Hughes,M50-54,5,Open,Australia,1:08:37,3:28,5:09:26,4:00,3:17:14,9:42:45
73,2641,Matthew Doyle,M25-29,40,Open,United States,1:16:22,3:27,4:48:09,4:02,3:30:47,9:42:47
74,2454,Matthias Heinken,M25-29,41,Open,Germany,1:03:35,5:21,5:07:19,3:31,3:23:08,9:42:54
75,2628,Gaétan Marquilly,M25-29,42,Open,France,57:26,4:31,5:08:36,6:36,3:25:57,9:43:07
76,2605,Alex Matesanz Salvado,M25-29,43,Open,Spain,1:01:49,2:59,5:05:58,3:44,3:28:45,9:43:14
77,2294,Michael Kirch,M50-54,6,Open,Belgium,1:11:17,5:08,5:05:32,3:17,3:18:58,9:44:12
78,38,kelly fillnow,FPRO,25,Female,United States,1:07:16,2:49,5:11:53,2:16,3:20:06,9:44:19
79,2489,Robert Swan,M25-29,44,Open,United States,52:42,4:24,5:05:26,5:05,3:37:29,9:45:05
80,2497,Thibault Montmeat,M25-29,45,Open,France,53:09,3:48,5:16:50,5:05,3:28:07,9:46:59
81,2384,Robert Harrison,M50-54,7,Open,United Kingdom,1:04:11,5:21,5:06:51,5:23,3:25:15,9:47:00
82,2529,Janik Ortanderl,M25-29,46,Open,Germany,1:01:53,3:45,5:08:57,3:29,3:29:07,9:47:10
83,40,Elena Illeditsch,FPRO,26,Female,Germany,1:04:08,3:20,5:19:18,2:48,3:18:02,9:47:36
84,2471,Sam Carr,M25-29,47,Open,United States,1:03:31,6:27,4:54:58,5:38,3:37:32,9:48:05
85,2648,Hotaka Yamagishi,M25-29,48,Open,Japan,1:00:23,4:57,5:11:10,4:49,3:26:56,9:48:15
86,2484,Michael Tong,M25-29,49,Open,New Zealand,55:11,3:01,5:13:27,3:36,3:33:07,9:48:22
87,2446,Ben Stone,M25-29,50,Open,Australia,59:42,4:38,5:14:25,3:31,3:26:17,9:48:32
88,2115,Nigel Gray,M50-54,8,Open,Canada,1:03:14,3:33,4:59:34,3:21,3:40:27,9:50:09
89,2579,Mark Schefter,M25-29,51,Open,Germany,1:09:55,6:27,4:56:51,4:34,3:33:38,9:51:25
90,2546,Moritz Bickel,M25-29,52,Open,Germany,56:29,3:17,5:12:22,4:36,3:35:54,9:52:38
91,2476,Noury Vanmanshoven,M25-29,53,Open,Belgium,1:01:14,4:35,5:12:12,4:12,3:30:42,9:52:55
92,2448,Denis Bennecke,M25-29,54,Open,Germany,1:07:53,3:53,4:46:14,3:40,3:51:50,9:53:30
93,1085,Ana Augusta Lima Soares Barbosa,F35-39,1,Female,Brazil,1:05:40,4:48,5:08:30,3:24,3:31:12,9:53:34
94,2511,Olaf Van Den Bergh,M25-29,55,Open,Netherlands,1:03:35,4:23,5:09:02,3:55,3:33:43,9:54:38
95,2620,Billy Bowman,M25-29,56,Open,New Zealand,52:51,3:49,5:11:16,4:01,3:43:02,9:54:58
96,2495,Klaas Eecloo,M25-29,57,Open,Belgium,1:06:06,6:07,5:07:44,9:04,3:26:04,9:55:05
97,39,Kristin Liepold,FPRO,27,Female,Germany,1:15:03,2:43,5:24:55,3:15,3:09:26,9:55:23
98,2017,Eric Harr,M50-54,9,Open,United States,1:00:28,4:03,5:05:11,3:33,3:42:11,9:55:26
99,2585,Diogo Coelho,M25-29,58,Open,Portugal,1:05:30,5:05,5:02:32,3:42,3:38:42,9:55:31
100,2451,Patrik Curila,M25-29,59,Open,Slovakia,1:03:22,5:26,5:03:49,4:47,3:38:18,9:55:41
101,2560,Colton Douda,M25-29,60,Open,United States,55:13,4:51,5:14:59,2:47,3:38:16,9:56:06
102,2589,Cody Kalinowski,M25-29,61,Open,United States,58:10,4:18,5:08:41,6:02,3:39:24,9:56:35
103,1325,Anna Lawson,F25-29,2,Female,United Kingdom,1:07:24,3:25,5:23:19,3:09,3:19:39,9:56:55
104,35,Renee Kiley,FPRO,28,Female,Australia,58:07,2:39,5:02:15,4:36,3:49:20,9:56:57
105,2268,Steven Scherpereel,M50-54,10,Open,Belgium,1:04:10,6:38,5:13:03,5:11,3:28:20,9:57:21
106,2580,Thomas Champigny,M25-29,62,Open,France,1:02:52,3:11,5:04:16,3:31,3:43:37,9:57:27
107,2009,Tom Russell,M50-54,11,Open,United States,58:24,5:02,5:24:56,5:40,3:23:47,9:57:49
108,2609,Imanol Recalde Esnoz,M25-29,63,Open,Spain,1:14:25,6:06,5:03:44,6:11,3:27:43,9:58:08
109,1096,Pierangela Dezerega,F35-39,2,Female,Chile,1:09:58,4:36,5:16:16,3:24,3:24:09,9:58:24
110,2541,Aaron Mahoney,M25-29,64,Open,United States,1:01:20,4:31,5:18:51,5:09,3:28:46,9:58:37
111,2048,Christophe Leray,M50-54,12,Open,France,1:00:22,3:29,5:09:04,4:55,3:41:03,9:58:54
112,1151,Mena Suter,F30-34,3,Female,Switzerland,1:01:48,4:02,5:17:12,3:33,3:32:23,9:58:57
113,2574,Théo Lonchamp,M25-29,65,Open,France,1:02:59,4:03,4:58:50,3:44,3:49:34,9:59:10
114,2594,Mikkel Mortensen,M25-29,66,Open,Denmark,1:10:24,4:55,4:58:04,6:32,3:39:57,9:59:52
115,2526,Tuur Depoortere,M25-29,67,Open,Belgium,1:08:17,5:11,5:15:28,5:10,3:25:48,9:59:54
116,2219,Kurt Lichtkoppler,M50-54,13,Open,Austria,1:06:10,5:08,5:19:48,6:33,3:22:31,10:00:10
117,2321,Rainer Fuhrmann,M50-54,14,Open,Austria,1:15:51,5:07,5:05:54,3:20,3:30:02,10:00:14
118,2631,Reilly Walsh,M25-29,68,Open,United States,55:40,4:22,5:05:55,5:48,3:49:11,10:00:57
119,2602,Aivaz Omorkanov,M25-29,69,Open,Kyrgyzstan,1:00:28,3:40,5:15:39,4:15,3:37:02,10:01:04
120,1199,Cindy Friebel,F30-34,4,Female,Germany,1:06:29,3:39,5:01:27,3:10,3:46:57,10:01:43
121,2195,Martin Felber,M50-54,15,Open,Germany,1:19:14,7:53,5:10:11,5:27,3:19:05,10:01:49
122,2387,Arkadiusz Podziewski,M50-54,16,Open,Poland,1:07:36,3:36,5:05:38,2:55,3:42:11,10:01:57
123,43,Chantal Sainter,FPRO,29,Female,United Kingdom,57:56,2:24,5:10:35,3:00,3:48:10,10:02:04
124,869,Jana Richtrova,F40-44,1,Female,United States,1:13:50,4:22,5:06:48,3:51,3:33:39,10:02:31
125,1322,Fabia Maramotti,F25-29,3,Female,Italy,57:17,5:40,5:10:14,5:12,3:46:10,10:04:34
126,1953,Anthony Philippe,M50-54,17,Open,France,1:08:36,5:20,5:08:54,4:24,3:37:34,10:04:49
127,1256,Sera Sayar,F30-34,5,Female,Turkey,59:34,3:36,5:35:29,4:04,3:22:08,10:04:50
128,980,Alina Hanschke,F35-39,3,Female,Mexico,1:01:14,4:06,5:38:32,4:05,3:17:40,10:05:37
129,2256,Matti Punkari,M50-54,18,Open,Finland,1:06:59,5:03,5:03:12,3:49,3:47:03,10:06:05
130,2619,Tom Dreyer,M25-29,70,Open,Germany,1:03:19,3:24,5:16:46,4:40,3:38:06,10:06:15
131,2535,Valentin Fleury,M25-29,71,Open,France,1:09:00,4:19,5:10:49,5:24,3:36:50,10:06:23
132,2610,Dan Elliot,M25-29,72,Open,United Kingdom,56:07,4:01,5:06:58,4:55,3:54:27,10:06:28
133,1896,Jeff Fieldhack,M50-54,19,Open,United States,1:03:42,4:28,5:25:43,3:50,3:28:51,10:06:35
134,2629,Felix Buck-Gramcko,M25-29,73,Open,Germany,1:05:21,4:14,4:55:43,3:15,3:58:37,10:07:10
135,2419,Thomas Goetz,M50-54,20,Open,Switzerland,1:09:02,7:06,5:15:51,6:39,3:28:52,10:07:30
136,1164,Kayla Bowker,F30-34,6,Female,United States,1:06:29,3:46,5:24:46,3:12,3:29:32,10:07:44
137,2575,Tristan PAWLAK,M25-29,74,Open,France,58:57,3:38,5:16:59,6:04,3:43:03,10:08:41
138,2278,Federico Schneeberger,M50-54,21,Open,Argentina,1:03:26,4:09,5:15:19,5:39,3:40:33,10:09:07
139,1063,Jenny Boulmeti,F35-39,4,Female,Greece,1:04:54,3:24,5:24:18,2:58,3:33:36,10:09:10
140,2197,Reon Park,M50-54,22,Open,New Zealand,57:50,3:48,5:02:20,3:47,4:01:33,10:09:17
141,2640,Baptiste Seguela,M25-29,75,Open,France,1:07:36,4:58,5:17:43,5:31,3:33:50,10:09:38
142,1040,Eulali Gouws,F35-39,5,Female,South Africa,1:10:07,4:17,5:22:22,3:04,3:29:50,10:09:40
143,2583,Ryan Snee,M25-29,76,Open,United Kingdom,1:12:00,4:10,5:17:22,4:16,3:31:56,10:09:43
144,2276,Gord Henderson,M50-54,23,Open,Canada,59:19,5:36,5:17:57,5:53,3:41:09,10:09:55
145,2185,Tobias Behle,M50-54,24,Open,Germany,1:00:38,4:16,5:27:26,7:01,3:30:39,10:10:01
146,2325,Alain Schutjes,M50-54,25,Open,Belgium,1:07:41,7:40,5:12:59,7:38,3:34:42,10:10:41
147,2253,Jerome Claeys,M50-54,26,Open,Belgium,1:21:12,9:38,5:19:58,4:21,3:15:47,10:10:57
148,2647,Josh Emory,M25-29,77,Open,United States,1:03:56,5:55,5:22:36,4:05,3:34:25,10:10:57
149,2520,Pierre-Karl Houle,M25-29,78,Open,Canada,1:11:33,6:31,5:11:00,3:49,3:38:17,10:11:10
150,2522,Lasse Høj Christensen,M25-29,79,Open,Denmark,58:16,2:54,5:15:40,3:18,3:51:13,10:11:20
151,2272,Fernando López Navarro,M50-54,27,Open,Spain,1:08:38,5:47,5:31:10,5:38,3:20:14,10:11:27
152,2039,Frank Gimenez,M50-54,28,Open,France,1:03:56,8:20,5:20:52,6:01,3:32:23,10:11:33
153,2488,Matthias Türk,M25-29,80,Open,Germany,59:16,3:48,5:04:52,3:26,4:00:17,10:11:39
154,2341,Carlos Cruz,M50-54,29,Open,Portugal,58:49,3:29,5:12:02,6:40,3:50:55,10:11:55
155,2514,Philipp Lamprecht,M25-29,81,Open,Austria,1:03:59,3:55,5:03:39,4:52,3:55:31,10:11:55
156,2281,Fernando Barahona De Andres,M50-54,30,Open,Spain,1:08:49,6:10,5:28:18,7:09,3:21:40,10:12:06
157,1955,Hanno Nuesslein,M50-54,31,Open,Germany,1:05:15,5:25,5:11:22,6:52,3:43:14,10:12:07
158,2591,Patrik Birkle,M25-29,82,Open,Germany,1:02:00,3:48,5:23:03,5:44,3:37:39,10:12:14
159,2259,Peter Weiss,M50-54,32,Open,Denmark,59:15,3:17,5:12:24,3:46,3:53:40,10:12:22
160,2224,Mal Joseland,M50-54,33,Open,Australia,1:07:13,3:51,5:14:29,4:11,3:42:57,10:12:42
161,769,Valerie Van Hauwaert,F40-44,2,Female,Belgium,1:06:44,3:57,5:33:20,3:12,3:26:09,10:13:22
162,2565,Anthony Didion,M25-29,83,Open,United States,1:07:47,4:44,5:13:53,2:39,3:44:27,10:13:30
163,1178,Johanna Lahikainen,F30-34,7,Female,Finland,1:12:04,3:54,5:28:13,3:04,3:26:39,10:13:53
164,971,Meghan Fillnow,F35-39,6,Female,United States,1:08:21,4:42,5:27:31,2:56,3:30:26,10:13:56
165,2401,Nicolas Barthe,M50-54,34,Open,France,1:00:18,4:02,5:18:33,4:40,3:46:26,10:14:00
166,1116,Maggie Rusch,F35-39,7,Female,United States,1:01:01,2:53,5:33:53,3:23,3:32:52,10:14:02
167,2461,Philip Esseiva,M25-29,84,Open,Switzerland,59:17,4:40,5:18:19,3:14,3:48:44,10:14:14
168,2498,Sven Altermatt,M25-29,85,Open,Switzerland,1:02:34,4:29,5:10:05,3:55,3:53:40,10:14:43
169,32,Joanna Ryter,FPRO,30,Female,Switzerland,1:11:20,2:24,5:36:31,2:21,3:22:12,10:14:48
170,2572,Batuhan Kaya,M25-29,86,Open,Turkey,59:17,3:39,5:10:33,4:28,3:57:25,10:15:22
171,1860,Renault Christophe,M50-54,35,Open,France,1:07:16,5:12,5:27:46,4:09,3:31:06,10:15:29
172,2519,Darcy Taylor,M25-29,87,Open,Australia,56:33,4:26,5:20:47,3:43,3:50:04,10:15:33
173,2192,Steven Forrest,M50-54,36,Open,United Kingdom,1:11:55,5:55,5:20:56,3:22,3:33:29,10:15:36
174,2064,Marco Cote,M50-54,37,Open,Canada,1:27:21,5:57,5:07:37,6:04,3:28:41,10:15:40
175,2447,Owen Lane,M25-29,88,Open,Canada,1:02:01,3:49,5:20:12,4:08,3:45:39,10:15:49
176,2322,Alexander Mccrohan,M50-54,38,Open,United States,54:51,4:11,5:20:08,3:44,3:53:02,10:15:57
177,2106,Thomas Grünberg,M50-54,39,Open,Germany,1:14:48,4:05,5:26:16,5:51,3:24:58,10:15:58
178,1308,Laura Kjær,F25-29,4,Female,Denmark,1:11:33,3:38,5:23:23,3:49,3:33:35,10:15:58
179,2504,Hamish Robertson,M25-29,89,Open,New Zealand,1:00:50,5:30,5:09:49,4:46,3:55:36,10:16:30
180,2171,Robert Shypitka,M50-54,40,Open,Canada,1:07:14,3:46,5:14:42,5:29,3:45:36,10:16:47
181,2547,Lucus Au,M25-29,90,Open,Australia,1:10:52,4:47,5:19:55,3:48,3:37:39,10:17:00
182,2581,Romain Aymon,M25-29,91,Open,Switzerland,57:27,3:52,5:06:11,5:18,4:04:25,10:17:13
183,1071,Mirka Vahtera,F35-39,8,Female,Finland,1:04:28,3:52,5:22:29,3:22,3:43:15,10:17:26
184,770,Laura Jalasto,F40-44,3,Female,Finland,1:06:23,4:15,5:33:20,3:31,3:30:03,10:17:31
185,1093,Deborah Eckhouse,F35-39,9,Female,Canada,1:25:42,3:49,5:23:27,3:42,3:20:59,10:17:39
186,2154,Welber Barbuio,M50-54,41,Open,Brazil,1:07:48,4:10,5:24:27,4:11,3:37:41,10:18:17
187,2536,Twain De Hondt,M25-29,92,Open,Belgium,1:09:14,5:22,5:12:34,4:42,3:46:39,10:18:32
188,782,Jessica Jones Lasley,F40-44,4,Female,United States,1:02:49,5:01,5:26:28,2:55,3:41:33,10:18:46
189,1117,Elyse Gallegos,F35-39,10,Female,United States,1:01:01,3:53,5:37:32,3:46,3:32:43,10:18:55
190,2482,Ryan Paxton,M25-29,93,Open,United States,1:03:11,4:35,5:03:16,6:13,4:01:47,10:19:03
191,2057,Markus Kemetter,M50-54,42,Open,Finland,1:03:03,3:17,5:17:36,4:08,3:51:03,10:19:07
192,1183,Lizi Brooke,F30-34,8,Female,United Kingdom,1:22:10,10:35,5:04:00,5:54,3:37:07,10:19:46
193,2236,Ian Lack,M50-54,43,Open,Australia,1:02:47,3:47,5:27:21,3:31,3:42:24,10:19:50
194,930,Satu Suuronen,F40-44,5,Female,Finland,1:18:22,2:54,5:28:50,4:37,3:25:07,10:19:51
195,2368,Matthew Spooner,M50-54,44,Open,United Kingdom,1:19:01,5:07,5:06:43,4:59,3:44:20,10:20:10
196,1225,Katie Colville,F30-34,9,Female,United States,1:06:22,3:39,5:39:10,3:26,3:28:03,10:20:40
197,1169,Nicole Walker,F30-34,10,Female,Canada,1:03:56,2:56,5:34:23,2:57,3:37:00,10:21:12
198,1152,Jamie Albert,F30-34,11,Female,Switzerland,1:09:07,2:56,5:41:03,3:43,3:24:42,10:21:32
199,2037,Luk Tijsmans,M50-54,45,Open,Belgium,1:04:18,6:47,5:26:57,6:55,3:36:54,10:21:52
200,927,Samantha Harrington,F40-44,6,Female,South Africa,1:05:43,3:42,5:22:50,3:45,3:45:59,10:21:59
201,1229,Amalia Sanchez Albo,F30-34,12,Female,Mexico,59:41,2:57,5:37:34,3:42,3:38:16,10:22:09
202,2544,Carlos Nunes Ferreira,M25-29,94,Open,Brazil,1:02:57,4:04,5:31:31,5:29,3:38:26,10:22:28
203,2059,Jukka-Pekka Liukkonen,M50-54,46,Open,Finland,1:15:28,4:21,5:25:07,3:39,3:33:57,10:22:32
204,1917,Riccardo Riolfatti,M50-54,47,Open,Italy,1:12:52,5:50,5:24:15,4:48,3:35:38,10:23:24
205,603,Liza Rachetto,F45-49,1,Female,United States,1:02:44,4:07,5:37:32,3:21,3:35:52,10:23:36
206,2226,Harald Schall,M50-54,48,Open,Germany,1:09:15,8:50,5:18:44,5:52,3:41:09,10:23:50
207,2413,Magnus Andersson,M50-54,49,Open,Sweden,1:05:12,4:24,5:19:54,5:49,3:48:32,10:23:53
208,47,Magda Nieuwoudt,FPRO,31,Female,South Africa,1:02:57,2:40,5:08:14,2:41,4:07:33,10:24:05
209,791,Katharina Grölz,F40-44,7,Female,Germany,1:15:32,3:38,5:29:17,3:38,3:32:03,10:24:08
210,1230,Anja Schwegler,F30-34,13,Female,Switzerland,1:17:37,4:31,5:26:55,4:47,3:30:33,10:24:23
211,2539,Noel Mulkey,M25-29,95,Open,United States,55:00,4:10,5:02:05,4:43,4:19:03,10:25:01
212,2089,Chad Albright,M50-54,50,Open,United States,1:09:51,6:14,5:21:26,5:12,3:42:46,10:25:28
213,1051,Miranda Tomenson,F35-39,11,Female,Canada,56:35,3:20,5:28:32,3:51,3:53:37,10:25:54
214,2374,Ronan Pavoni,M50-54,51,Open,Panama,1:01:03,3:18,5:24:30,3:05,3:53:59,10:25:55
215,916,Elin Genneby,F40-44,8,Female,Sweden,1:16:58,4:42,5:13:21,3:45,3:47:15,10:26:01
216,2639,Max Ziegler,M25-29,96,Open,Germany,1:01:57,5:55,5:20:33,6:27,3:51:10,10:26:03
217,794,Silvia Weishaeupl,F40-44,9,Female,Germany,1:07:26,3:30,5:43:07,3:53,3:28:12,10:26:08
218,2568,Lucas Almeida,M25-29,97,Open,Ecuador,1:02:55,5:47,5:14:42,7:35,3:55:10,10:26:09
219,739,Amy Farrell,F45-49,2,Female,United States,1:09:38,3:48,5:27:08,3:17,3:42:29,10:26:21
220,1397,Julia Iglesias,F18-24,1,Female,Brazil,1:04:28,3:45,5:27:37,3:22,3:47:18,10:26:30
221,2630,Luke Evans,M25-29,98,Open,Canada,56:46,5:16,5:20:25,5:28,3:58:49,10:26:44
222,2472,Matthew Wood,M25-29,99,Open,United Kingdom,1:07:43,4:31,5:27:17,3:56,3:43:35,10:27:01
223,1144,Kayla Pokorny,F30-34,14,Female,United States,57:01,2:52,5:33:47,2:43,3:50:42,10:27:07
224,1087,Catherine Leblanc,F35-39,12,Female,Canada,1:12:23,5:26,5:39:18,4:31,3:25:47,10:27:26
225,2353,Andrea Luberti,M50-54,52,Open,Switzerland,1:04:52,5:39,5:19:29,6:10,3:51:16,10:27:27
226,2606,Thomas Galindez,M25-29,100,Open,Brazil,53:44,3:30,4:45:31,2:51,4:42:04,10:27:39
227,1210,Jana Binninger,F30-34,15,Female,Germany,1:06:25,2:58,5:20:20,3:00,3:55:12,10:27:55
228,2562,Jeffrey Sanders,M25-29,101,Open,Belgium,1:02:33,3:53,5:05:19,5:42,4:10:51,10:28:19
229,1130,Larissa Fabrini,F30-34,16,Female,Brazil,1:15:51,3:24,5:28:36,3:41,3:36:53,10:28:25
230,2357,Kristoffer Ahlin,M50-54,53,Open,Sweden,1:22:16,5:06,5:10:31,3:41,3:46:54,10:28:28
231,2643,Felipe Castrillon,M25-29,102,Open,Colombia,1:03:59,4:07,5:24:46,4:28,3:51:21,10:28:41
232,2308,Anthony Cowan,M50-54,54,Open,New Zealand,1:03:23,3:52,5:29:38,4:29,3:47:21,10:28:43
233,2608,Jose Andres Paiz Berger,M25-29,103,Open,Guatemala,1:04:08,4:45,5:33:00,3:15,3:43:39,10:28:48
234,1030,Holly Smith,F35-39,13,Female,United States,1:08:20,4:07,5:31:14,4:23,3:40:47,10:28:51
235,1269,Anna Weinhardt,F25-29,5,Female,Hungary,1:01:42,3:27,5:31:45,3:55,3:48:07,10:28:56
236,1365,Sophie Schmitz,F25-29,6,Female,Germany,1:05:01,3:20,5:36:19,3:55,3:40:24,10:29:00
237,2258,Thomas Fritsch,M50-54,55,Open,Germany,1:11:59,4:07,5:01:22,3:32,4:08:14,10:29:13
238,2442,Jordi Molins Romero,M50-54,56,Open,Spain,1:03:31,5:57,5:43:33,6:37,3:29:40,10:29:18
239,669,Sharon Schmidt-Mongrain,F45-49,3,Female,United States,1:05:58,3:29,5:38:58,4:04,3:37:39,10:30:08
240,1699,Tim Bradley,M60-64,1,Open,United States,1:17:44,6:52,5:17:05,5:28,3:43:04,10:30:14
241,828,Georgina Gadient,F40-44,10,Female,Switzerland,1:06:42,4:09,5:19:32,4:24,3:55:48,10:30:35
242,2613,Christoffer Heick,M25-29,104,Open,Denmark,1:01:45,2:44,4:49:57,4:23,4:31:50,10:30:38
243,2332,Vadim Suraev,M50-54,57,Open,Canada,1:07:15,4:48,5:07:30,4:13,4:07:01,10:30:46
244,2313,Guido Telli,M50-54,58,Open,Switzerland,1:08:54,3:51,5:19:25,4:53,3:53:48,10:30:52
245,2552,Stef Van Meel,M25-29,105,Open,Belgium,1:06:55,3:40,5:38:19,5:08,3:37:02,10:31:04
246,1295,Kyra Meulenberg,F25-29,7,Female,Netherlands,1:11:33,3:39,5:39:24,5:16,3:31:35,10:31:26
247,996,Danielle Fauteux,F35-39,14,Female,Canada,1:04:26,3:59,5:29:04,2:46,3:51:15,10:31:29
248,2554,Mike Ferreiro,M25-29,106,Open,United States,1:09:13,5:30,5:16:04,7:59,3:53:01,10:31:46
249,2438,Stefan Eng,M50-54,59,Open,Switzerland,1:12:06,5:39,5:19:35,4:11,3:50:18,10:31:49
250,2449,Lukas Bieber,M25-29,107,Open,Germany,1:23:18,5:05,5:12:00,5:59,3:45:33,10:31:55
251,2358,Patrick Schuster,M50-54,60,Open,United States,1:07:46,4:45,5:08:34,3:48,4:07:04,10:31:57
252,2590,Tyler Sullivan,M25-29,108,Open,United States,49:22,3:10,5:07:28,7:56,4:24:12,10:32:08
253,1025,Sanna Paavilainen,F35-39,15,Female,Finland,1:07:52,3:59,5:34:17,4:38,3:41:23,10:32:08
254,2304,Brian Lowman,M50-54,61,Open,United States,1:08:56,6:28,5:20:31,4:55,3:51:26,10:32:16
255,2004,Ulrich Haupt,M50-54,62,Open,Germany,1:00:44,4:43,5:13:18,4:33,4:09:02,10:32:20
256,1182,Bronwyn Steele,F30-34,17,Female,Australia,1:09:15,4:15,5:32:45,2:49,3:43:24,10:32:27
257,2270,Thierry Majerus,M50-54,63,Open,Luxembourg,1:16:17,5:19,5:38:49,4:01,3:28:05,10:32:30
258,1825,José Rui Galvao,M50-54,64,Open,Portugal,1:08:57,5:01,5:18:57,6:26,3:53:12,10:32:33
259,957,Katrin Esefeld,F40-44,11,Female,Germany,1:09:43,3:35,5:40:30,3:14,3:35:39,10:32:40
260,2070,Stuart Harsley,M50-54,65,Open,Australia,1:08:47,5:33,5:13:25,5:22,3:59:44,10:32:51
261,2531,Theo Lachat,M25-29,109,Open,France,52:43,3:01,5:22:36,2:51,4:11:45,10:32:56
262,1006,Peta Cutler,F35-39,16,Female,Australia,1:06:02,4:28,5:30:48,4:17,3:47:32,10:33:06
263,2016,Pablo Durante,M50-54,66,Open,Argentina,1:08:46,6:22,5:37:51,5:18,3:34:55,10:33:12
264,1072,Mariana Penatti,F35-39,17,Female,Brazil,1:02:54,4:11,5:27:11,3:54,3:55:25,10:33:34
265,1232,Alice Meignié,F30-34,18,Female,France,1:16:56,4:31,5:35:33,2:28,3:34:22,10:33:50
266,1033,Alison Mcinturff,F35-39,18,Female,United States,58:28,5:06,5:30:08,4:19,3:55:55,10:33:57
267,1880,Wes Dupont,M50-54,67,Open,United States,1:01:30,4:04,5:21:15,5:52,4:01:29,10:34:11
268,1372,Amber Rombaut,F18-24,2,Female,Belgium,56:59,2:43,5:31:49,3:17,3:59:24,10:34:12
269,2436,Roman Seigmann,M50-54,68,Open,Austria,57:46,3:59,5:18:23,6:55,4:07:21,10:34:24
270,1091,Anna Schaefer,F35-39,19,Female,Germany,1:09:48,6:40,5:26:57,3:42,3:47:17,10:34:25
271,1052,Jenni Paglia,F35-39,20,Female,Italy,1:07:29,4:08,5:38:50,3:19,3:40:56,10:34:41
272,1303,Carolin Schaffert,F25-29,8,Female,Germany,1:06:58,4:16,5:45:22,3:44,3:34:36,10:34:56
273,2558,Matthew Benstead,M25-29,110,Open,United Kingdom,1:07:56,5:45,5:23:37,5:26,3:52:13,10:34:57
274,2125,Sébastien Granié,M50-54,69,Open,France,1:09:18,6:24,5:13:52,5:32,4:00:13,10:35:18
275,1135,Ines Joelly,F30-34,19,Female,Austria,1:12:17,7:57,5:29:54,5:01,3:40:47,10:35:56
276,2144,Barry Breffle,M50-54,70,Open,United States,1:04:59,4:51,5:31:50,3:16,3:51:01,10:35:57
277,2359,Freddy Brüll,M50-54,71,Open,Belgium,1:13:07,4:27,5:19:03,4:48,3:54:37,10:36:01
278,1218,Anna Harrison,F30-34,20,Female,United Kingdom,1:04:02,3:57,5:31:51,3:17,3:53:27,10:36:34
279,1946,Amir Bachar,M50-54,72,Open,Israel,1:00:32,4:48,5:24:05,5:28,4:01:42,10:36:35
280,1948,Doug Covington,M50-54,73,Open,United States,1:14:36,6:27,5:20:35,7:23,3:47:35,10:36:36
281,2399,Gonzalo Dulanto,M50-54,74,Open,Chile,1:03:21,3:34,5:28:06,5:48,3:55:53,10:36:42
282,2288,Tomaz Kovac,M50-54,75,Open,Slovenia,1:01:37,4:08,5:39:25,5:46,3:45:49,10:36:45
283,1080,Karen Schultheiss,F35-39,21,Female,Switzerland,1:11:58,3:31,5:31:57,3:18,3:46:11,10:36:56
284,1244,Henna Junnila,F30-34,21,Female,Finland,1:15:17,3:51,5:40:47,3:06,3:33:58,10:36:59
285,2129,Odd Larson,M50-54,76,Open,Sweden,1:19:25,5:05,5:14:11,5:33,3:52:50,10:37:04
286,2533,Manuel Heilmann,M25-29,111,Open,Germany,56:18,2:53,5:25:59,5:11,4:06:44,10:37:05
287,2627,Pierre Deck,M25-29,112,Open,France,1:00:54,2:52,5:06:25,3:50,4:23:10,10:37:11
288,730,Constance Mochar,F45-49,4,Female,Austria,1:11:48,4:08,5:28:27,4:19,3:48:43,10:37:25
289,765,Hanna de Sousa,F40-44,12,Female,Portugal,1:12:12,3:43,5:37:28,3:12,3:40:57,10:37:32
290,1855,Franco Prezzi,M50-54,77,Open,Italy,1:06:38,4:48,5:14:30,5:54,4:05:46,10:37:36
291,1048,Ashley Dellosa,F35-39,22,Female,United States,1:01:10,4:17,5:28:26,3:08,4:00:40,10:37:41
292,2063,Mitch West,M50-54,78,Open,United States,1:04:01,4:36,5:28:52,5:32,3:54:41,10:37:42
293,897,Deanna Lynn Fuller,F40-44,13,Female,Australia,1:08:46,4:40,5:34:39,4:10,3:45:53,10:38:09
294,2175,Andy Wooding,M50-54,79,Open,United States,1:02:16,5:52,5:29:36,7:22,3:53:19,10:38:26
295,2028,Darren Rentch,M50-54,80,Open,United States,1:06:42,6:42,5:27:18,8:01,3:49:51,10:38:33
296,1364,Nikoline Haugen,F25-29,9,Female,Norway,1:11:38,3:53,5:27:46,3:05,3:52:15,10:38:37
297,2182,Aitzol Arregi,M50-54,81,Open,Spain,1:16:50,4:31,5:17:51,3:51,3:55:43,10:38:47
298,50,Beatriz Neres,FPRO,32,Female,Brazil,1:01:14,3:11,5:27:31,4:29,4:02:27,10:38:52
299,2168,Janne Lumia,M50-54,82,Open,Finland,1:15:15,5:18,5:36:20,4:56,3:37:14,10:39:03
300,1786,Jason George,M60-64,2,Open,Switzerland,1:09:23,7:12,5:22:50,6:30,3:53:41,10:39:38
301,1312,Devon Dabney,F25-29,10,Female,United States,52:40,3:28,5:38:17,4:12,4:01:17,10:39:54
302,1940,Ben Weaver,M50-54,83,Open,United States,1:07:38,5:43,5:15:00,6:31,4:05:04,10:39:55
303,2267,Arve Vaernes,M50-54,84,Open,Norway,1:20:33,6:02,5:31:11,6:43,3:35:37,10:40:06
304,1110,Carolyn Olsen,F35-39,23,Female,United States,1:06:58,4:20,5:28:28,4:15,3:56:33,10:40:33
305,2261,Paul Cullen,M50-54,85,Open,United Kingdom,1:14:49,6:18,5:15:21,7:23,3:56:59,10:40:50
306,2395,Markus Ganser,M50-54,86,Open,Germany,1:07:48,5:46,5:08:58,5:48,4:12:33,10:40:53
307,2524,Michael Botyarov,M25-29,113,Open,United States,55:01,6:43,6:06:01,7:15,3:25:58,10:40:58
308,1910,Barto Lopera Ramirez,M50-54,87,Open,Spain,1:16:15,4:58,5:37:07,4:47,3:37:54,10:41:00
309,1114,Salla Viitikko,F35-39,24,Female,Finland,1:08:30,4:03,5:34:35,4:22,3:49:37,10:41:06
310,578,Beate Zschorlich,F45-49,5,Female,Germany,1:14:49,3:29,5:29:32,4:29,3:48:49,10:41:09
311,1994,Brad Rollins,M50-54,88,Open,United States,1:03:28,4:57,5:26:14,5:12,4:01:23,10:41:14
312,2557,Patrick Mcdeed,M25-29,114,Open,United States,1:04:07,7:03,5:35:54,6:29,3:47:47,10:41:19
313,2142,Martin Hisgen,M50-54,89,Open,Germany,1:13:37,5:58,5:21:26,5:23,3:55:02,10:41:27
314,2404,Carlos Molera Busoms,M50-54,90,Open,Spain,1:07:31,5:17,5:39:45,6:10,3:42:47,10:41:29
315,2649,Augustin Fabre,M25-29,115,Open,France,1:01:47,3:50,5:12:17,6:26,4:17:29,10:41:49
316,2566,Hudson Pitt,M25-29,116,Open,Australia,1:01:51,3:33,5:15:29,4:00,4:17:04,10:41:57
317,1356,Sophia Trenz,F25-29,11,Female,Germany,1:13:07,3:44,5:40:52,3:51,3:40:23,10:41:57
318,992,Katja Stoecker,F35-39,25,Female,Germany,1:21:55,4:43,5:31:56,7:11,3:36:20,10:42:07
319,824,Sarah Aly,F40-44,14,Female,Sweden,1:12:57,4:26,5:26:29,3:40,3:54:42,10:42:16
320,2092,David Presas,M50-54,91,Open,Spain,58:29,4:00,5:39:19,7:24,3:53:22,10:42:33
321,2637,Samuel Cusworth,M25-29,117,Open,United Kingdom,1:07:29,5:22,5:37:07,4:18,3:48:26,10:42:43
322,1979,Hagay Anaby,M50-54,92,Open,Israel,1:07:43,5:52,5:27:01,4:33,3:57:35,10:42:44
323,1280,Erika Danckers,F25-29,12,Female,United States,1:07:02,4:02,5:41:07,5:32,3:45:03,10:42:46
324,1991,Andreas Trondl,M50-54,93,Open,Austria,1:09:19,5:47,5:34:36,4:42,3:48:46,10:43:10
325,860,Gudrun Steiner,F40-44,15,Female,Austria,1:08:04,3:12,5:38:28,3:24,3:50:08,10:43:16
326,1283,Mikelle Coelho,F25-29,13,Female,Brazil,1:05:53,4:17,5:53:11,3:14,3:36:44,10:43:19
327,1084,Mallory Schafer,F35-39,26,Female,United States,1:14:36,4:03,5:38:42,4:01,3:42:07,10:43:29
328,956,Leah Roberts,F40-44,16,Female,United States,1:06:14,4:52,5:46:35,4:18,3:41:34,10:43:34
329,2473,Joshua Brock,M25-29,118,Open,Australia,1:02:07,5:51,5:29:37,8:15,3:57:46,10:43:36
330,1068,Tara Mcwilliams,F35-39,27,Female,United States,58:29,4:38,5:46:43,4:36,3:49:11,10:43:37
331,2074,Håvard Olden,M50-54,94,Open,Norway,1:04:48,4:44,5:18:04,4:26,4:11:46,10:43:49
332,1638,Wilhelm Schweiger,M60-64,3,Open,Germany,1:14:20,4:58,5:33:57,5:06,3:45:29,10:43:50
333,2202,Andreas Drosdowski,M50-54,95,Open,Germany,1:09:00,3:37,5:33:03,8:58,3:49:50,10:44:29
334,943,Flavia Meyer,F40-44,17,Female,Brazil,1:06:44,4:38,5:29:27,4:55,3:58:45,10:44:30
335,2293,Filip Lievens,M50-54,96,Open,Belgium,1:00:25,5:57,5:49:35,7:43,3:40:52,10:44:32
336,2423,Marshall Kronewitt,M50-54,97,Open,Canada,1:03:55,3:01,5:31:46,6:43,3:59:12,10:44:37
337,2545,Rasmus Hach,M25-29,119,Open,Denmark,1:05:39,3:47,5:15:32,3:52,4:16:07,10:44:57
338,1043,Annette Rogers,F35-39,28,Female,United States,1:01:05,4:07,5:50:19,3:29,3:46:02,10:45:03
339,543,Sandra Dänzer,F50-54,1,Female,Switzerland,1:10:42,4:46,5:30:45,4:52,3:54:00,10:45:05
340,966,Rebecca Hayes,F40-44,18,Female,United States,1:09:37,4:39,5:42:44,5:31,3:42:35,10:45:06
341,114,Daniel Arrom,MPC,,Open,Spain,1:09:30,4:39,5:32:55,3:19,3:54:43,10:45:07
342,2430,Sebastien Calle,M50-54,98,Open,France,1:08:42,5:25,5:26:52,5:04,3:59:09,10:45:14
343,2621,Charles Punter,M25-29,120,Open,United Kingdom,1:04:50,5:29,5:15:09,5:36,4:14:11,10:45:15
344,847,Kelly Miller,F40-44,19,Female,Australia,1:07:20,4:22,5:32:24,4:05,3:57:16,10:45:27
345,1354,Hollee Simons,F25-29,14,Female,Australia,1:03:43,4:51,5:40:36,3:56,3:52:34,10:45:41
346,1237,Brianna Stubbs,F30-34,22,Female,United Kingdom,1:08:51,5:19,5:36:33,5:39,3:49:31,10:45:53
347,2158,Garrett Moss,M50-54,99,Open,United States,1:18:53,7:27,5:33:47,6:38,3:39:20,10:46:04
348,2624,Tim Bluhm,M25-29,121,Open,Germany,58:14,4:49,5:21:37,6:24,4:15:02,10:46:07
349,2469,Thomas GUEUDRE,M25-29,122,Open,France,1:10:44,4:35,5:12:46,5:01,4:13:02,10:46:08
350,1930,Hans Munk,M50-54,100,Open,Denmark,1:16:32,6:10,5:19:02,7:49,3:56:41,10:46:15
351,904,Desirée Germann,F40-44,20,Female,Switzerland,1:09:33,4:33,5:40:34,4:32,3:47:13,10:46:24
352,2104,Brian August,M50-54,101,Open,United States,56:09,4:49,5:30:31,6:47,4:08:12,10:46:28
353,1124,Liesbeth Verbiest,F35-39,29,Female,Belgium,1:08:27,5:13,5:16:22,3:52,4:12:45,10:46:40
354,709,Beatrix Cser,F45-49,6,Female,Hungary,1:16:02,5:14,5:24:05,4:55,3:56:28,10:46:44
355,491,Trine Brask,F50-54,2,Female,Denmark,1:19:50,3:47,5:33:20,6:15,3:43:36,10:46:48
356,2377,Frédéric Magana,M50-54,102,Open,France,1:03:16,4:37,5:25:22,5:54,4:07:40,10:46:50
357,2260,Carsten Dr. Possenriede,M50-54,103,Open,Germany,1:19:56,4:33,5:41:29,5:35,3:35:36,10:47:08
358,1046,Laura Cameron,F35-39,30,Female,New Zealand,1:16:39,3:22,5:31:38,3:09,3:52:27,10:47:15
359,1125,Meaghan Praznik,F35-39,31,Female,United States,1:03:32,3:28,5:39:22,3:38,3:57:21,10:47:20
360,1108,Anja Fachbach,F35-39,32,Female,Germany,1:08:01,4:27,5:45:49,4:22,3:44:52,10:47:32
361,2559,Gregory Godley,M25-29,123,Open,United Kingdom,1:10:37,4:39,5:47:48,4:56,3:39:47,10:47:47
362,2220,Christian Vaillancourt,M50-54,104,Open,Canada,1:00:43,5:04,5:16:45,6:19,4:19:19,10:48:10
363,2537,Florian Mestdagh,M25-29,124,Open,France,1:08:01,4:33,5:47:31,6:06,3:42:04,10:48:14
364,799,Tanja Vinther-Bjerg,F40-44,21,Female,Denmark,1:18:27,5:28,5:45:30,6:33,3:32:18,10:48:16
365,1348,Carla Dahan,F25-29,15,Female,France,1:03:48,4:52,5:37:48,4:52,3:56:59,10:48:18
366,629,Angela Ballerini,F45-49,7,Female,Australia,1:07:32,4:00,5:42:24,3:39,3:50:44,10:48:19
367,1841,Knud Schneider,M50-54,105,Open,Germany,1:08:42,6:51,5:22:22,6:30,4:04:33,10:48:58
368,1875,Jim Burdett,M50-54,106,Open,United Kingdom,1:13:23,6:38,5:28:50,7:44,3:52:30,10:49:05
369,507,Edina Jung,F50-54,3,Female,Switzerland,1:12:58,4:07,5:44:16,3:50,3:43:56,10:49:08
370,1224,Isabella Christensen,F30-34,23,Female,Denmark,1:10:18,4:10,5:47:05,5:03,3:42:38,10:49:13
371,2289,Nicky Detry,M50-54,107,Open,Belgium,1:09:38,5:48,5:47:01,4:49,3:42:03,10:49:19
372,2612,Daniel Smallbone,M25-29,125,Open,United Kingdom,1:09:10,4:23,5:26:57,5:29,4:03:23,10:49:22
373,2604,Nolan Weinstein,M25-29,126,Open,United States,55:28,6:30,5:06:28,6:29,4:34:42,10:49:36
374,2211,Dirk Janz,M50-54,108,Open,Germany,1:11:54,4:49,5:24:38,5:05,4:03:22,10:49:48
375,544,Tanja Tschech,F50-54,4,Female,Germany,1:05:18,3:51,5:38:13,4:25,3:58:24,10:50:10
376,909,Steffi Steinberg,F40-44,22,Female,Germany,1:07:22,3:41,5:30:57,3:40,4:04:46,10:50:27
377,1017,Chantel Coetzer,F35-39,33,Female,South Africa,1:15:25,6:22,5:37:39,5:36,3:45:32,10:50:33
378,842,Terry Casey,F40-44,23,Female,United States,1:02:10,5:20,5:29:02,4:46,4:09:28,10:50:46
379,2054,Dirk Siewert,M50-54,109,Open,Germany,1:20:50,5:21,5:31:42,9:09,3:43:52,10:50:54
380,891,Sarah Cameto,F40-44,24,Female,United States,1:02:01,4:48,5:48:57,4:25,3:50:46,10:50:57
381,1357,Carla Johnson,F25-29,16,Female,South Africa,1:15:30,5:20,5:41:49,4:33,3:44:00,10:51:11
382,2587,James Bailey,M25-29,127,Open,Australia,59:25,4:28,5:40:12,4:46,4:02:29,10:51:20
383,1053,Anna Lechowicz,F35-39,34,Female,Poland,1:08:41,2:40,5:35:20,6:14,3:58:37,10:51:31
384,1965,Jens Bitsch-Norhave,M50-54,110,Open,Denmark,1:05:54,4:22,5:47:14,4:26,3:49:36,10:51:32
385,2250,Achim Borgmann,M50-54,111,Open,Germany,1:08:45,5:27,5:22:58,4:23,4:10:15,10:51:48
386,1011,Rebecca Sack,F35-39,35,Female,Germany,1:10:04,5:01,5:49:44,4:19,3:42:41,10:51:49
387,1307,Enikö Molnar,F25-29,17,Female,Hungary,1:05:28,3:58,5:46:45,4:13,3:51:26,10:51:51
388,819,Stephanie Louppe,F40-44,25,Female,Belgium,1:06:26,4:31,5:38:49,3:16,3:58:49,10:51:51
389,1859,Geoffrey Steffens,M50-54,112,Open,United States,1:00:30,4:52,5:43:45,5:31,3:57:16,10:51:54
390,932,Vicky Van Niekerk,F40-44,26,Female,Australia,1:08:32,5:14,5:33:45,4:03,4:00:26,10:52:00
391,1342,Luisa Moroff,F25-29,18,Female,Germany,1:01:58,3:08,5:42:17,3:50,4:00:48,10:52:01
392,2444,Eric Moser,M25-29,128,Open,United States,59:37,4:21,5:14:41,4:17,4:29:07,10:52:03
393,1000,Shyanne Mcgregor,F35-39,36,Female,United States,1:05:01,6:58,5:23:32,7:12,4:09:21,10:52:03
394,1189,Allison Merlo,F30-34,24,Female,United States,1:03:48,4:40,5:46:57,3:54,3:52:55,10:52:14
395,2043,Ludovic THIBAULT,M50-54,113,Open,France,1:24:42,6:20,5:28:11,6:03,3:46:59,10:52:15
396,877,Trude Stormo,F40-44,27,Female,Norway,1:11:34,4:54,5:38:19,4:40,3:53:09,10:52:36
397,2517,Timon Dreher,M25-29,129,Open,Germany,1:02:57,6:55,5:44:59,6:19,3:51:30,10:52:40
398,903,Maria Florencia Fraga,F40-44,28,Female,Argentina,1:04:22,4:47,5:52:51,3:28,3:47:16,10:52:45
399,1278,Jess Belcher,F25-29,19,Female,United Kingdom,1:01:05,4:47,5:40:23,4:13,4:02:30,10:52:58
400,1113,Anja Dziadek,F35-39,37,Female,Luxembourg,1:05:02,5:00,5:42:11,6:04,3:54:42,10:52:58
401,2078,Henrik Francke,M50-54,114,Open,Denmark,1:15:01,5:42,5:30:49,9:14,3:52:14,10:53:00
402,969,Michelle Menzi,F35-39,38,Female,Switzerland,1:11:10,3:46,5:35:23,3:37,3:59:07,10:53:03
403,2363,Stephane St Cyr,M50-54,115,Open,Canada,1:09:19,5:59,5:24:20,4:26,4:09:06,10:53:09
404,2480,Michael Gannon,M25-29,130,Open,United States,1:04:40,6:13,5:44:54,6:39,3:50:48,10:53:13
405,1843,Jan David Ljungcrantz,M50-54,116,Open,Sweden,1:15:59,4:55,5:32:39,6:23,3:53:25,10:53:21
406,866,Jane Fardell,F40-44,29,Female,Australia,1:02:26,3:28,5:58:35,6:08,3:42:46,10:53:23
407,2100,Laurent Bellet,M50-54,117,Open,France,1:25:38,5:00,5:34:55,8:14,3:39:47,10:53:34
408,1062,Veronique Ranger,F35-39,39,Female,Canada,1:08:19,5:26,5:38:56,9:35,3:51:43,10:53:59
409,1209,Emily Reynolds,F30-34,25,Female,United States,59:26,4:54,5:50:19,4:48,3:54:34,10:54:01
410,1942,Bjørn Nøstvik,M50-54,118,Open,Norway,1:00:36,5:28,5:24:00,5:18,4:18:39,10:54:01
411,1905,Adrian Garvey,M50-54,119,Open,Ireland,1:38:50,7:31,5:17:59,7:16,3:42:48,10:54:25
412,1767,Wolfgang Schmatz,M60-64,4,Open,Germany,1:06:44,4:01,5:26:28,4:32,4:12:48,10:54:33
413,949,Brenda Schaupp,F40-44,30,Female,Dominican Republic,1:04:29,3:33,5:53:54,4:59,3:47:51,10:54:46
414,1868,Fabrizio Terrinoni,M50-54,120,Open,Italy,1:09:39,3:58,5:34:48,5:28,4:00:57,10:54:50
415,1630,Alan Bremner,M60-64,5,Open,United Kingdom,1:20:21,4:16,5:33:53,4:58,3:51:21,10:54:50
416,928,Livia Bustamante Da Rocha Mendes,F40-44,31,Female,Brazil,1:17:20,3:05,5:44:11,3:11,3:47:05,10:54:52
417,1207,Dana Glodek,F30-34,26,Female,United States,59:09,4:35,5:50:54,4:22,3:56:11,10:55:12
418,2230,Benny Peeters,M50-54,121,Open,Belgium,1:12:22,6:04,5:34:44,5:38,3:56:28,10:55:16
419,1570,Martin Gannon,M65-69,1,Open,United Kingdom,1:18:45,5:18,5:24:06,4:53,4:02:18,10:55:21
420,1160,Caitlin Standifer,F30-34,27,Female,United States,1:14:49,4:18,5:41:43,7:30,3:47:14,10:55:34
421,2203,Paul Mcaneney,M50-54,122,Open,Canada,1:07:21,4:29,5:39:57,7:45,3:56:22,10:55:54
422,559,Linda Guinoiseau,F45-49,8,Female,France,1:09:30,5:25,5:57:17,5:43,3:38:01,10:55:57
423,2035,Hamish Deery,M50-54,123,Open,Australia,1:15:54,5:50,5:41:29,4:26,3:48:18,10:55:58
424,1678,Philip Madonia,M60-64,6,Open,Canada,1:21:28,7:10,5:34:26,5:37,3:47:22,10:56:02
425,973,Jennifer Santoyo,F35-39,40,Female,Puerto Rico,1:03:34,6:07,5:50:54,7:19,3:48:11,10:56:04
426,933,Heather Hamilton,F40-44,32,Female,United States,1:11:24,6:02,5:38:25,5:17,3:55:15,10:56:22
427,1973,Joerg Jung,M50-54,124,Open,Germany,1:07:01,4:44,5:31:40,4:57,4:08:13,10:56:36
428,2303,Villafana Mario,M50-54,125,Open,Mexico,1:12:06,6:53,5:22:08,6:35,4:08:59,10:56:41
429,1974,Juan Mondragon,M50-54,126,Open,Colombia,1:07:16,7:26,5:30:27,5:37,4:06:00,10:56:46
430,2186,Martin Törnqvist,M50-54,127,Open,Sweden,1:10:11,4:03,5:46:45,4:32,3:51:25,10:56:55
431,458,Jennifer Smith,F50-54,5,Female,United States,1:15:19,4:59,5:36:28,6:07,3:54:04,10:56:57
432,834,Cristine Lopes,F40-44,33,Female,Brazil,1:27:10,3:42,5:40:55,5:55,3:39:15,10:56:57
433,1709,Tapio Piesanen,M60-64,7,Open,Finland,1:17:58,3:55,5:22:54,4:17,4:08:04,10:57:09
434,2474,Matteo Parise,M25-29,131,Open,Italy,1:03:38,3:51,5:09:52,5:50,4:34:03,10:57:15
435,1849,Rick Sivertson,M50-54,128,Open,United States,57:59,4:32,5:39:06,3:47,4:11:54,10:57:18
436,913,Jess Perry,F40-44,34,Female,United States,1:12:02,4:00,5:46:14,4:29,3:50:37,10:57:22
437,1249,Anna Purcell,F30-34,28,Female,United States,1:16:44,7:09,5:49:00,5:00,3:39:30,10:57:23
438,2470,Simon Paquette,M25-29,132,Open,Canada,1:21:38,5:53,5:37:44,7:04,3:45:04,10:57:24
439,1222,Katie Remond,F30-34,29,Female,Australia,1:06:17,3:51,5:47:23,3:19,3:56:38,10:57:29
440,2277,Friedrich Dietz,M50-54,129,Open,Germany,1:08:41,7:32,5:33:32,4:49,4:03:02,10:57:36
441,1122,Lauren Palmer,F35-39,41,Female,United States,1:07:00,4:11,5:35:35,3:26,4:07:42,10:57:55
442,2053,Dwayne Smith,M50-54,130,Open,United States,1:13:52,10:13,5:58:05,7:52,3:27:54,10:57:55
443,1019,Sarah Roth,F35-39,42,Female,Canada,1:17:13,5:28,5:55:00,5:44,3:34:33,10:57:58
444,1956,Edoardo Bernaschi,M50-54,131,Open,Italy,1:02:20,4:36,5:18:36,7:08,4:25:21,10:58:01
445,978,Manue Hooper-Bue,F35-39,43,Female,Australia,1:05:57,4:36,5:54:55,4:24,3:48:11,10:58:03
446,2617,Tristin Devincenzo,M25-29,133,Open,United States,1:12:35,6:56,5:38:16,8:17,3:52:09,10:58:12
447,1088,Sabine Treffner,F35-39,44,Female,Austria,1:19:42,3:38,5:48:45,4:58,3:41:09,10:58:13
448,867,Audrey Nalin,F40-44,35,Female,France,1:20:17,4:53,5:37:46,4:35,3:50:43,10:58:14
449,2443,Garrett Nelson,M25-29,134,Open,United States,1:11:00,5:39,5:34:29,9:19,3:57:48,10:58:16
450,948,Zoe Smith,F40-44,36,Female,United Kingdom,1:08:54,4:27,5:42:33,6:04,3:56:28,10:58:26
451,2427,Angelo Radice,M50-54,132,Open,Italy,1:10:20,5:11,5:34:25,4:59,4:03:39,10:58:33
452,1368,Erin Oliphant,F18-24,3,Female,United States,53:53,4:14,5:56:19,4:49,3:59:21,10:58:36
453,2081,Alexander Panknin,M50-54,133,Open,Germany,1:09:17,4:54,5:48:03,5:58,3:50:29,10:58:41
454,2194,Roberto Carfagno,M50-54,134,Open,Croatia,1:07:12,5:24,5:47:55,6:36,3:51:41,10:58:48
455,2138,Geoff Miller,M50-54,135,Open,Australia,1:03:07,5:33,5:21:28,6:24,4:22:21,10:58:52
456,2429,Chris Mcleod,M50-54,136,Open,United States,54:53,5:02,5:40:26,5:00,4:13:33,10:58:54
457,2240,Brad Pruim,M50-54,137,Open,United States,1:21:20,5:31,5:36:34,5:37,3:49:55,10:58:56
458,2292,Stefan Van Dijk,M50-54,138,Open,Netherlands,1:05:20,6:51,5:30:52,7:14,4:08:57,10:59:14
459,1898,Ingolf Zschockelt,M50-54,139,Open,Germany,1:10:37,5:16,5:27:45,7:09,4:08:32,10:59:19
460,668,Pamela Espinoza Dans,F45-49,9,Female,Chile,1:10:45,4:08,5:55:22,5:36,3:43:32,10:59:21
461,481,Beni Gras-Thompson,F50-54,6,Female,United States,1:12:57,4:51,5:24:05,5:08,4:12:21,10:59:22
462,875,Anna-Kaisa Pietilainen,F40-44,37,Female,Finland,1:07:25,4:06,5:47:08,4:23,3:56:21,10:59:22
463,2225,Steve Zanutto,M50-54,140,Open,United States,1:06:12,5:45,5:43:18,7:12,3:56:59,10:59:25
464,1254,Allison Jacob,F30-34,30,Female,Canada,1:09:06,3:55,6:03:04,5:04,3:38:20,10:59:29
465,2426,Eddie Fishman,M50-54,141,Open,United States,1:07:11,5:41,5:42:24,4:09,4:00:07,10:59:33
466,1389,Clara Debiassi,F18-24,4,Female,Argentina,1:03:48,3:41,6:14:42,3:16,3:34:09,10:59:35
467,2001,Goetz Lipinsky,M50-54,142,Open,Germany,1:13:26,7:30,5:41:48,4:41,3:52:22,10:59:46
468,2233,Carlos Mora Sagues,M50-54,143,Open,Andorra,1:13:35,7:49,5:38:54,7:52,3:51:48,10:59:59
469,2234,Angel Vidal Boldu,M50-54,144,Open,Spain,1:16:42,9:31,6:00:37,7:09,3:26:02,11:00:00
470,2516,Nicolas Smeyers,M25-29,135,Open,Belgium,1:05:56,5:49,5:25:23,7:41,4:15:21,11:00:10
471,1658,Joern Lauk,M60-64,8,Open,Germany,1:06:45,8:30,5:35:24,7:45,4:01:46,11:00:10
472,2499,Mateusz Marek Siekierski,M25-29,136,Open,Poland,1:10:55,5:13,5:11:13,4:11,4:28:40,11:00:12
473,921,Felicity Joyce,F40-44,38,Female,Australia,1:07:20,4:04,5:14:32,3:40,4:30:40,11:00:15
474,2273,Brendan Keates,M50-54,145,Open,Australia,1:09:14,8:00,5:43:11,6:53,3:53:04,11:00:22
475,1846,Craig Bean,M50-54,146,Open,Canada,1:01:42,6:17,5:32:54,6:45,4:12:44,11:00:22
476,772,Christelle Romanens,F40-44,39,Female,Switzerland,1:09:36,4:27,5:46:20,5:02,3:54:58,11:00:22
477,2615,Nicholas Delmonico,M25-29,137,Open,United States,1:04:06,4:59,5:34:09,3:11,4:13:59,11:00:24
478,746,Jenny Close,F45-49,10,Female,United Kingdom,1:22:17,4:17,5:38:25,5:07,3:50:29,11:00:34
479,1878,Mike Roberts,M50-54,147,Open,United States,1:09:11,4:18,5:39:08,4:53,4:03:07,11:00:37
480,1902,Marco Goeckus,M50-54,148,Open,Germany,1:05:41,2:59,5:37:43,5:11,4:09:15,11:00:49
481,2204,Mark Robson,M50-54,149,Open,United Kingdom,1:08:39,4:43,5:25:54,4:27,4:17:09,11:00:52
482,2515,Dominic Birch,M25-29,138,Open,United Kingdom,1:14:06,9:54,5:34:25,9:15,3:53:13,11:00:54
483,537,Maggie Rettelle,F50-54,7,Female,United States,1:33:07,4:56,5:39:05,4:22,3:39:25,11:00:55
484,1260,Christine Harding,F30-34,31,Female,South Africa,1:04:11,3:57,5:41:36,4:44,4:06:31,11:00:58
485,1262,Chi Pham,F30-34,32,Female,United States,59:11,4:24,5:58:32,4:30,3:54:24,11:01:01
486,1754,Mark Mumford,M60-64,9,Open,United States,1:15:44,6:25,5:38:14,5:28,3:55:33,11:01:24
487,1167,Laura Hermann,F30-34,33,Female,United States,1:10:03,5:06,5:51:52,4:43,3:49:42,11:01:26
488,1078,Giulia Bedorin,F35-39,45,Female,Italy,1:03:13,3:37,5:51:20,4:59,3:58:23,11:01:33
489,2518,Peter Wikman,M25-29,139,Open,United States,1:09:33,5:53,5:29:55,6:07,4:10:10,11:01:39
490,636,Victoria Hill,F45-49,11,Female,United Kingdom,1:14:01,4:58,5:50:25,4:17,3:47:59,11:01:41
491,2671,Dan Funk,M50-54,150,Open,United States,1:09:10,6:06,5:43:55,5:41,3:56:51,11:01:43
492,1175,Isabel Gomez Fargas,F30-34,34,Female,Spain,1:03:59,4:21,6:10:11,4:30,3:38:44,11:01:47
493,2428,Alessandro Valenti,M50-54,151,Open,Italy,1:03:29,7:06,5:47:19,6:53,3:57:14,11:02:01
494,1255,Kayla Kjellman,F30-34,35,Female,Canada,1:04:07,5:12,5:38:13,4:15,4:10:33,11:02:20
495,2389,Paul Argall,M50-54,152,Open,Australia,1:01:22,4:04,5:27:43,4:54,4:24:18,11:02:21
496,653,Emma Bexson,F45-49,12,Female,United Kingdom,1:14:27,7:55,5:49:05,7:11,3:43:57,11:02:35
497,2467,Jordan Broschard,M25-29,140,Open,United States,1:01:18,4:04,5:51:43,4:04,4:01:32,11:02:42
498,1402,Chelsea Seymour,F18-24,5,Female,Australia,1:00:09,5:26,5:44:49,3:36,4:08:49,11:02:50
499,2553,Jack Matthews,M25-29,141,Open,Australia,1:05:56,5:13,5:22:15,6:09,4:23:30,11:03:03
500,2396,Matt Pahnke,M50-54,153,Open,United States,1:19:37,8:12,5:31:19,7:57,3:55:58,11:03:03
501,2005,Thomas Wolf,M50-54,154,Open,Germany,1:16:39,4:58,5:41:26,8:29,3:51:39,11:03:12
502,2238,Nicolo Vergani,M50-54,155,Open,Italy,1:13:01,7:31,5:26:40,4:05,4:12:02,11:03:19
503,649,Tiina Sarparanta,F45-49,13,Female,Finland,58:47,4:30,5:36:27,4:09,4:19:50,11:03:43
504,1176,Jolien Lewyllie,F30-34,36,Female,Belgium,59:31,3:06,5:50:27,4:35,4:06:03,11:03:43
505,1911,Tim Pierce,M50-54,156,Open,Canada,1:09:54,4:58,5:19:38,6:34,4:22:40,11:03:45
506,982,Marie Dore,F35-39,46,Female,Bermuda,1:07:02,4:58,5:42:41,6:53,4:02:15,11:03:48
507,2356,Stéphane Petit,M50-54,157,Open,France,1:08:34,8:12,5:39:22,8:02,3:59:53,11:04:04
508,854,Maria Florencia Diaz Philippi,F40-44,40,Female,Argentina,1:08:53,5:22,5:53:39,3:31,3:52:41,11:04:07
509,2678,Joachim Gemmel,M50-54,158,Open,Germany,1:12:17,4:35,5:40:17,5:49,4:01:14,11:04:13
510,820,Ana Naranjo,F40-44,41,Female,Colombia,1:08:39,5:17,5:37:52,4:51,4:07:44,11:04:22
511,1057,Sarah Widder,F35-39,47,Female,United States,1:13:30,3:45,5:25:58,3:50,4:17:30,11:04:32
512,2264,Peter Jönsson,M50-54,159,Open,Sweden,1:05:51,6:09,5:12:24,5:40,4:34:42,11:04:47
513,789,HADAS MAZAR,F40-44,42,Female,Israel,1:11:41,5:58,5:48:34,8:55,3:49:51,11:04:59
514,1184,Angela Quick,F30-34,37,Female,Canada,59:15,3:21,5:45:01,4:47,4:12:40,11:05:05
515,2249,Henri Rüüsak,M50-54,160,Open,Estonia,1:05:33,6:28,6:10:01,6:35,3:36:37,11:05:14
516,849,Susan Fanning,F40-44,43,Female,United States,1:04:31,4:34,5:59:10,4:38,3:52:22,11:05:15
517,1264,Andrea Madrid,F30-34,38,Female,Colombia,1:12:45,7:04,5:31:28,6:42,4:07:27,11:05:26
518,1104,Casey Adams,F35-39,48,Female,United States,1:09:48,5:01,5:36:03,3:02,4:11:34,11:05:27
519,1142,Li Yun Chen,F30-34,39,Female,Taiwan,1:21:55,5:17,5:45:29,6:05,3:47:02,11:05:47
520,858,Beate Van Loo-Born,F40-44,44,Female,Germany,1:15:58,6:10,5:43:05,4:34,3:56:06,11:05:53
521,1920,Fredrik Hallsten,M50-54,161,Open,Sweden,1:14:37,3:52,5:40:01,6:27,4:01:11,11:06:07
522,2674,Brian Hamilton,M50-54,162,Open,United States,1:09:36,8:28,5:45:24,8:39,3:54:02,11:06:08
523,1944,Jason Sandquist,M50-54,163,Open,Canada,1:02:53,4:26,5:26:18,5:07,4:27:25,11:06:08
524,1309,Paige Mcclung,F25-29,20,Female,United States,1:01:02,5:04,5:35:45,5:43,4:18:39,11:06:13
525,1984,Todd Rau,M50-54,164,Open,United States,1:07:29,5:40,5:31:22,5:31,4:16:18,11:06:19
526,536,Carolina Ponce,F50-54,8,Female,United States,1:10:45,5:24,5:48:03,4:17,3:57:53,11:06:22
527,1778,Ronald Sammut,M60-64,10,Open,Australia,1:07:08,5:07,5:34:49,6:41,4:12:42,11:06:26
528,2239,David Exposito Muñoz,M50-54,165,Open,Spain,1:18:50,7:58,5:42:47,8:44,3:48:11,11:06:30
529,1894,Jacques Trottier,M50-54,166,Open,France,1:17:19,5:25,5:52:06,3:58,3:47:45,11:06:33
530,2343,Heiko Hünnefeld,M50-54,167,Open,Germany,59:01,4:58,5:25:03,4:18,4:33:41,11:07:01
531,801,Annick De Pooter,F40-44,45,Female,Belgium,1:11:17,5:18,5:40:06,9:00,4:01:35,11:07:16
532,385,Yvonne Timewell,F55-59,1,Female,Canada,1:09:48,4:41,5:46:35,5:33,4:00:43,11:07:19
533,2534,Jonas Gründler,M25-29,142,Open,Switzerland,1:11:00,3:29,5:21:54,4:25,4:26:31,11:07:19
534,898,Barbara Kiener,F40-44,46,Female,Austria,1:23:27,5:34,5:58:04,6:42,3:33:48,11:07:35
535,2328,Timo Ristolainen,M50-54,168,Open,Finland,1:03:18,4:09,6:06:51,5:12,3:48:07,11:07:38
536,1133,Bieke Trenson,F30-34,40,Female,Belgium,1:11:37,5:15,5:48:35,4:18,3:57:57,11:07:43
537,1832,Uwe Kemmer,M50-54,169,Open,Germany,1:19:13,6:55,5:46:53,8:35,3:46:09,11:07:44
538,1842,Matti Ropponen,M50-54,170,Open,Finland,1:06:19,5:22,5:47:28,5:46,4:02:54,11:07:49
539,2379,Andres Amione,M50-54,171,Open,Argentina,1:04:26,3:19,6:02:18,5:05,3:52:45,11:07:54
540,531,Alexandra Rechel,F50-54,9,Female,Germany,1:14:55,5:06,5:46:53,5:48,3:55:18,11:08:00
541,1797,Mike Trees,M60-64,11,Open,United Kingdom,1:02:43,5:43,5:58:20,5:11,3:56:06,11:08:03
542,2680,Fred Vandeschoor,M50-54,172,Open,Belgium,1:12:27,6:35,5:25:49,5:59,4:17:14,11:08:04
543,1001,Lesley West,F35-39,49,Female,Australia,1:10:06,4:17,5:47:12,4:02,4:02:29,11:08:06
544,1893,Tomasz Socha,M50-54,173,Open,Poland,1:21:51,6:00,5:35:06,4:14,4:00:57,11:08:07
545,1191,Megan Hebda,F30-34,41,Female,United States,1:04:04,7:03,6:05:54,6:30,3:44:46,11:08:17
546,1156,Caitlin Alexander,F30-34,42,Female,United States,1:04:18,3:55,5:44:57,3:43,4:11:28,11:08:21
547,1064,Laura Heinonen,F35-39,50,Female,Finland,1:15:04,3:44,5:24:01,4:17,4:21:19,11:08:24
548,1892,Tony Clarke,M50-54,174,Open,United Kingdom,1:08:27,4:59,5:44:46,6:06,4:04:22,11:08:39
549,476,Jo Gorrod,F50-54,10,Female,Jersey,1:05:15,7:06,5:56:39,6:13,3:53:27,11:08:41
550,556,Gro Hege Jermstad,F50-54,11,Female,Norway,1:09:45,4:56,5:47:22,4:37,4:02:12,11:08:52
551,2036,Karsten Kannenberg,M50-54,175,Open,Germany,1:06:41,5:10,5:35:31,7:02,4:14:37,11:09:01
552,1907,David Janvier,M50-54,176,Open,France,1:01:28,4:42,5:52:55,4:39,4:05:19,11:09:03
553,1674,Rémy Strat,M60-64,12,Open,France,1:20:36,4:51,5:30:12,4:19,4:09:13,11:09:10
554,1656,Alain Aubuchon,M60-64,13,Open,Canada,1:15:45,5:59,5:41:11,7:56,3:58:22,11:09:13
555,1960,Brandon Whitby,M50-54,177,Open,Canada,1:00:05,4:51,5:35:36,5:08,4:23:48,11:09:28
556,1250,Jo Wright,F30-34,43,Female,United Kingdom,1:06:41,3:00,5:27:15,3:06,4:30:00,11:10:02
557,2415,Jason Hollander,M50-54,178,Open,United States,1:08:23,6:38,5:08:53,6:15,4:40:05,11:10:14
558,1758,Paul Strong,M60-64,14,Open,United States,1:06:33,5:07,5:32:27,7:45,4:18:24,11:10:16
559,1976,Greg Patterson,M50-54,179,Open,United States,1:01:13,6:38,5:34:25,6:12,4:22:00,11:10:28
560,1172,Melanie Altenbeck-Zorn,F30-34,44,Female,Germany,1:12:47,4:48,5:41:06,4:26,4:07:22,11:10:30
561,2243,Curtis Voss,M50-54,180,Open,United States,1:05:36,3:40,5:52:51,4:02,4:04:21,11:10:30
562,1083,Marina Jacob,F35-39,51,Female,Brazil,1:26:32,4:23,5:40:03,5:32,3:54:16,11:10:45
563,1009,Nicole Sierra,F35-39,52,Female,United States,1:15:01,4:13,5:45:42,6:33,3:59:29,11:10:57
564,2407,Ronan Bolé,M50-54,181,Open,France,1:20:28,5:38,5:25:54,5:42,4:13:22,11:11:05
565,1324,Rebecca Yunginger,F25-29,21,Female,United States,1:06:59,3:28,5:22:46,3:39,4:34:38,11:11:29
566,879,Hailey Manning,F40-44,47,Female,United States,1:01:58,3:57,6:02:11,5:10,3:58:17,11:11:33
567,1856,Marc Arseneau,M50-54,182,Open,Canada,1:04:30,4:12,5:20:32,4:27,4:38:08,11:11:48
568,2222,Franck Champagne,M50-54,183,Open,France,1:05:42,5:48,5:47:08,6:10,4:07:09,11:11:57
569,2355,Marcin Borycki,M50-54,184,Open,Poland,1:16:41,4:54,5:37:03,5:01,4:08:24,11:12:02
570,2084,Patrick Ellison,M50-54,185,Open,United States,1:07:42,7:32,5:59:02,9:52,3:47:59,11:12:07
571,1147,Victoria Best,F30-34,45,Female,Germany,1:12:30,4:42,6:04:58,6:03,3:44:12,11:12:26
572,2160,Clint Patterson,M50-54,186,Open,United States,1:03:41,6:43,5:43:14,6:04,4:12:44,11:12:26
573,734,Teresa Webb,F45-49,14,Female,United States,58:32,4:07,5:45:32,5:08,4:19:21,11:12:40
574,260,Donna Kay-Ness,F55-59,2,Female,United States,1:08:15,4:46,5:43:30,4:13,4:12:18,11:13:02
575,762,Silvia Helena Barbosa Prado,F40-44,48,Female,Brazil,1:12:25,3:59,5:52:24,8:12,3:56:07,11:13:07
576,2314,Mark Mccabe,M50-54,187,Open,Ireland,1:07:33,4:19,5:26:30,5:06,4:29:48,11:13:16
577,750,Emily Rollins,F45-49,15,Female,United States,1:12:32,5:55,5:52:29,6:42,3:55:55,11:13:33
578,1284,Roxanne Jeavons,F25-29,22,Female,Australia,1:07:52,6:57,5:42:52,5:14,4:10:39,11:13:33
579,2023,André Petzold,M50-54,188,Open,Germany,1:12:20,5:21,5:52:57,5:31,3:57:43,11:13:52
580,893,Carrie Heidrich,F40-44,49,Female,United States,1:09:48,5:10,6:06:26,7:12,3:45:21,11:13:58
581,1626,David Clark,M60-64,15,Open,United States,1:01:54,6:33,5:49:16,5:50,4:10:38,11:14:12
582,1889,Walter Mccormack,M50-54,189,Open,United States,1:08:56,6:15,5:30:54,6:11,4:22:02,11:14:19
583,2126,Benoit Racadot,M50-54,190,Open,France,1:04:08,4:35,5:25:00,5:16,4:35:29,11:14:28
584,839,Julie Doublier,F40-44,50,Female,France,1:29:58,4:55,5:48:06,4:16,3:47:13,11:14:28
585,2200,Chris Wild,M50-54,191,Open,United Kingdom,1:11:30,4:02,5:49:14,4:44,4:05:12,11:14:42
586,1171,Kara Mosteller,F30-34,46,Female,United States,1:14:32,5:21,5:53:40,5:51,3:55:20,11:14:45
587,784,Sarah Pearce-Gieck,F40-44,51,Female,Canada,1:08:42,5:01,5:59:30,3:48,3:57:57,11:14:59
588,2105,Frank Vasterling,M50-54,192,Open,Germany,1:17:52,6:45,5:40:20,5:35,4:04:29,11:15:01
589,2538,Nigel Baummer,M25-29,143,Open,United States,1:07:39,7:27,5:33:08,6:33,4:20:20,11:15:07
590,1274,Beril Polat,F25-29,23,Female,Turkey,57:14,4:30,5:44:12,3:50,4:25:26,11:15:11
591,979,Jennifer Simmerman,F35-39,53,Female,United States,1:16:21,6:13,6:00:36,7:14,3:44:53,11:15:17
592,1852,Suni Lamhauge,M50-54,193,Open,Faroe Islands,1:19:24,5:51,5:56:42,4:50,3:48:31,11:15:18
593,2530,Álvaro Navalpotro Rodríguez,M25-29,144,Open,Spain,54:10,3:39,5:13:24,5:57,4:58:17,11:15:27
594,1884,Harri Riutta,M50-54,194,Open,Finland,1:12:15,8:21,5:38:34,7:56,4:08:38,11:15:43
595,1879,Paul Ater,M50-54,195,Open,United States,1:01:45,4:43,5:25:41,7:35,4:36:00,11:15:44
596,2327,Francisco Javier Hernández Alonso,M50-54,196,Open,Spain,1:14:42,7:39,5:54:31,7:49,3:51:10,11:15:50
597,937,Mele DeMille,F40-44,52,Female,United States,1:15:05,3:45,6:00:23,4:11,3:52:32,11:15:55
598,1870,Joerg Arpke,M50-54,197,Open,Switzerland,1:09:03,4:33,5:32:09,6:23,4:23:49,11:15:57
599,486,Becky Paige,F50-54,12,Female,United States,1:00:19,4:51,6:00:45,6:00,4:04:08,11:16:03
600,102,Pier Alberto Buccoliero,MHC,,Open,Italy,1:06:22,2:51,6:53:25,1:59,3:11:26,11:16:03
601,1204,Caryn Herrick,F30-34,47,Female,United States,1:04:29,3:51,5:49:22,4:16,4:14:17,11:16:15
602,2031,Michael Hagenacker,M50-54,198,Open,United States,1:14:11,3:58,5:14:21,6:46,4:37:02,11:16:18
603,889,Kate Looney,F40-44,53,Female,United States,1:16:49,6:47,5:50:52,7:10,3:54:59,11:16:37
604,944,Neeltje Adriana Baldé,F40-44,54,Female,Netherlands,1:15:48,3:25,5:44:56,5:07,4:07:24,11:16:40
605,2364,Troy Collins,M50-54,199,Open,Australia,54:44,3:48,5:23:06,5:35,4:49:28,11:16:41
606,983,Rocio Rodriguez Vallejo,F35-39,54,Female,Spain,1:13:01,4:21,6:17:26,4:00,3:38:15,11:17:04
607,2458,Boll Pascal,M25-29,145,Open,Switzerland,1:10:04,4:02,5:05:08,9:42,4:48:37,11:17:34
608,365,Genelle Van Der Riet,F55-59,3,Female,South Africa,1:09:29,5:29,5:55:02,4:16,4:03:23,11:17:39
609,2578,Jason Basaur,M25-29,146,Open,Canada,1:13:24,4:05,5:16:20,4:23,4:39:29,11:17:42
610,1313,Jessie Swift,F25-29,24,Female,United Kingdom,1:20:39,4:38,5:44:35,6:24,4:01:32,11:17:49
611,1037,Maiko Ota,F35-39,55,Female,Japan,1:01:00,3:24,6:04:34,4:55,4:04:09,11:18:02
612,283,Caroline Anderson,F55-59,4,Female,Australia,1:15:08,4:43,6:02:28,5:05,3:50:38,11:18:02
613,2299,Jeffrey Capobianco,M50-54,200,Open,United States,1:28:20,8:25,5:46:20,7:34,3:47:25,11:18:04
614,371,Margareth van den Boogert,F55-59,5,Female,Netherlands,1:18:26,5:37,6:00:00,4:11,3:50:13,11:18:27
615,741,Sarah Graves,F45-49,16,Female,United States,1:21:23,7:20,5:48:30,6:54,3:54:26,11:18:34
616,2156,Flavio De Simone,M50-54,201,Open,United States,1:20:50,5:15,6:07:55,5:02,3:39:41,11:18:42
617,399,Peggy Yetman,F50-54,13,Female,United States,1:14:21,4:00,5:55:40,6:00,3:58:44,11:18:44
618,1247,Camilla Lyttle,F30-34,48,Female,United Kingdom,1:16:36,4:24,5:55:27,4:33,3:57:49,11:18:49
619,572,Kristen Lamb,F45-49,17,Female,United States,1:18:47,5:25,5:45:10,4:21,4:05:08,11:18:51
620,2548,Daniel Højen Nielsen,M25-29,147,Open,Denmark,1:00:08,3:21,5:54:37,8:38,4:12:07,11:18:51
621,1170,Kinga Kimbrel,F30-34,49,Female,Poland,1:10:36,4:45,5:47:09,5:10,4:11:25,11:19:04
622,955,Marta Burgues Ros,F40-44,55,Female,Spain,1:23:26,4:34,5:59:27,7:51,3:43:59,11:19:17
623,617,Maryanne Octave,F45-49,18,Female,Belgium,1:18:04,5:18,5:44:05,5:16,4:06:42,11:19:25
624,2184,Roberto Florencia,M50-54,202,Open,Mexico,1:08:31,4:22,5:50:16,6:50,4:09:30,11:19:29
625,1148,Alexandra Benda,F30-34,50,Female,United States,1:19:50,6:14,5:40:35,6:13,4:07:01,11:19:53
626,1866,Steffen Brocks,M50-54,203,Open,United States,1:04:49,5:59,5:34:55,5:34,4:28:44,11:20:01
627,1990,Arthus Del Rio,M50-54,204,Open,United States,1:20:46,3:37,5:39:41,6:31,4:09:40,11:20:15
628,853,Ingrid Eelkema,F40-44,56,Female,Netherlands,1:00:00,3:12,5:45:33,2:50,4:28:51,11:20:26
629,1056,Claudia Maria Henneken,F35-39,56,Female,Germany,1:13:07,4:32,6:08:58,4:00,3:50:00,11:20:36
630,606,Linda Blakely,F45-49,19,Female,United Kingdom,1:13:46,4:27,6:06:26,3:51,3:52:15,11:20:45
631,806,Nadine Maier,F40-44,57,Female,Germany,1:17:34,5:03,5:45:43,7:22,4:05:04,11:20:46
632,2555,Justin Ehring,M25-29,148,Open,United States,1:06:55,5:39,5:49:09,6:55,4:12:09,11:20:47
633,2345,Francisco Fariñas,M50-54,205,Open,Spain,1:13:57,8:22,5:55:51,7:42,3:55:11,11:21:03
634,2178,Matthew Duke,M50-54,206,Open,United States,1:07:33,7:37,5:16:49,9:54,4:39:12,11:21:05
635,670,Sarah Richmond,F45-49,20,Female,Australia,1:15:51,6:56,5:44:07,7:53,4:06:23,11:21:09
636,1004,Kelly Scates,F35-39,57,Female,South Africa,1:19:01,5:11,5:51:09,5:27,4:00:29,11:21:18
637,2412,Roderz Hill,M50-54,207,Open,United Kingdom,1:13:09,8:12,5:32:53,8:25,4:18:41,11:21:20
638,2501,Jens Boxstaele,M25-29,149,Open,Belgium,1:08:04,6:18,5:32:40,7:45,4:26:39,11:21:26
639,2302,Martin Reichert,M50-54,208,Open,Germany,1:08:35,5:35,5:33:39,5:01,4:28:36,11:21:26
640,2207,Olivier Henz,M50-54,209,Open,Belgium,1:13:43,4:55,5:35:16,5:34,4:21:58,11:21:26
641,2006,Hermann Holst,M50-54,210,Open,Germany,1:04:30,5:12,5:34:43,10:22,4:26:56,11:21:43
642,2212,Robert Loeff,M50-54,211,Open,Netherlands,1:14:07,6:20,5:46:49,7:55,4:06:33,11:21:43
643,1725,John Tuttle,M60-64,16,Open,United States,1:01:06,4:38,5:36:28,5:00,4:34:40,11:21:52
644,2310,Christophe Certain,M50-54,212,Open,France,1:13:52,5:09,5:50:56,5:53,4:06:10,11:21:59
645,1120,Marisol Franco Acevedo,F35-39,58,Female,Mexico,1:10:04,4:39,6:13:50,7:00,3:46:27,11:22:00
646,2282,Ken Demiddel,M50-54,213,Open,Belgium,1:07:46,9:04,5:41:08,9:08,4:15:05,11:22:11
647,2045,Patrick Sirois,M50-54,214,Open,Canada,1:03:30,5:23,5:55:59,6:28,4:11:10,11:22:30
648,775,Elizabeth Weidling,F40-44,58,Female,United States,58:02,6:37,6:02:22,8:29,4:07:04,11:22:34
649,2425,Eric Gutknecht,M50-54,215,Open,United States,1:07:03,7:11,5:39:29,5:13,4:23:39,11:22:35
650,2320,Kenneth Roed,M50-54,216,Open,Denmark,1:17:36,6:28,5:32:17,7:22,4:19:07,11:22:49
651,1323,Marie Travers,F25-29,25,Female,France,1:13:10,4:08,5:54:00,7:08,4:04:23,11:22:50
652,1201,Aline Knechtli,F30-34,51,Female,Switzerland,1:20:52,4:28,6:00:02,3:45,3:53:47,11:22:54
653,737,Melina Guedes,F45-49,21,Female,Brazil,1:15:11,5:30,5:54:58,5:20,4:01:56,11:22:55
654,2245,Derek Clarke,M50-54,217,Open,United Kingdom,1:16:59,8:25,5:42:45,8:08,4:06:41,11:22:57
655,1086,Kerry Girona,F35-39,59,Female,United States,1:08:09,6:41,5:45:28,6:34,4:16:15,11:23:06
656,2189,Niall Campbell,M50-54,218,Open,Ireland,1:16:58,7:13,5:58:27,8:29,3:52:02,11:23:09
657,1986,Andres Alfaro,M50-54,219,Open,Costa Rica,1:09:06,8:44,5:54:06,6:18,4:04:55,11:23:10
658,1065,Sandra Wolf,F35-39,60,Female,Switzerland,1:18:53,4:25,5:58:55,5:24,3:55:47,11:23:24
659,721,Lorena Farina,F45-49,22,Female,Argentina,1:17:50,5:47,5:53:46,5:19,4:00:51,11:23:33
660,1924,Uros Kepic,M50-54,220,Open,Slovenia,1:08:29,4:07,5:38:39,3:53,4:28:29,11:23:37
661,2309,Miguel Tovar,M50-54,221,Open,Venezuela,1:30:16,4:29,5:44:50,7:08,3:57:11,11:23:54
662,1999,Antonio Ribeiro,M50-54,222,Open,Portugal,1:11:06,7:43,5:56:43,7:22,4:01:07,11:24:01
663,1321,Natalie Green,F25-29,26,Female,United Kingdom,1:05:50,4:21,6:10:47,5:18,3:57:49,11:24:07
664,1985,Dirk Pauley,M50-54,223,Open,United States,1:03:18,6:18,5:40:43,6:16,4:27:33,11:24:08
665,2174,Pascal Zimmermann,M50-54,224,Open,Switzerland,1:09:22,4:13,5:34:11,8:01,4:28:32,11:24:19
666,2032,Matthias Elskamp,M50-54,225,Open,Germany,57:57,5:16,5:47:42,7:14,4:26:12,11:24:21
667,810,Yekaterina Shatnaya,F40-44,59,Female,Kazakhstan,1:11:30,3:36,5:47:14,4:50,4:17:15,11:24:24
668,2418,Adrian Toland,M50-54,226,Open,Ireland,1:14:42,4:41,5:58:41,4:32,4:01:48,11:24:24
669,1592,John Wilson,M60-64,17,Open,United States,1:15:29,5:01,5:43:57,6:11,4:13:51,11:24:30
670,525,Rebecca McKee,F50-54,14,Female,United States,1:14:19,4:14,5:50:18,5:15,4:10:29,11:24:35
671,1258,Elizabeth Lieberman,F30-34,52,Female,United States,1:03:58,4:19,5:56:53,5:23,4:14:06,11:24:38
672,802,Eithne McGorman,F40-44,60,Female,Ireland,1:28:28,5:38,6:01:26,5:20,3:43:52,11:24:44
673,1351,Sally Emerson,F25-29,27,Female,United Kingdom,1:17:59,5:20,6:04:02,4:44,3:52:47,11:24:52
674,2044,Jason Hayden,M50-54,227,Open,Australia,1:04:48,5:47,5:38:25,6:42,4:29:16,11:24:58
675,902,Liz Cullen,F40-44,61,Female,Canada,1:05:30,5:19,5:48:32,8:23,4:17:14,11:24:59
676,1153,Lindsay Henderson,F30-34,53,Female,Canada,1:08:38,4:18,5:55:05,6:16,4:10:48,11:25:04
677,1173,Josefine Rutkowski,F30-34,54,Female,Germany,1:11:52,4:33,5:58:25,3:53,4:06:30,11:25:11
678,269,Kaisa Jakobsen,F55-59,6,Female,Finland,1:17:02,6:03,5:57:50,4:47,3:59:31,11:25:14
679,1839,Graham Wilcock,M50-54,228,Open,United Kingdom,1:26:19,7:41,5:51:02,7:01,3:53:31,11:25:34
680,686,Heather Schuh,F45-49,23,Female,United States,1:15:04,4:34,5:43:10,5:10,4:17:37,11:25:35
681,1215,Tanja Spielberger,F30-34,55,Female,Germany,1:04:20,4:23,5:37:40,6:14,4:33:00,11:25:36
682,1831,Emerich Koudelka,M50-54,229,Open,Czechia,1:20:12,5:52,5:40:56,4:51,4:13:51,11:25:42
683,1903,Gotz Kreisel,M50-54,230,Open,Germany,1:02:29,7:35,5:52:10,10:16,4:13:13,11:25:44
684,724,Mieko Ochsner,F45-49,24,Female,United States,1:22:22,2:46,5:55:06,4:23,4:01:10,11:25:46
685,1109,Elaine young,F35-39,61,Female,Canada,1:11:19,4:33,6:00:26,5:29,4:04:12,11:25:59
686,1186,Pauline Selleslagh,F30-34,56,Female,Belgium,1:07:41,3:35,6:17:07,4:27,3:53:11,11:26:01
687,2132,Hank Mees,M50-54,231,Open,Belgium,1:31:08,6:32,5:30:08,4:48,4:13:28,11:26:04
688,1190,Carolina Granfors,F30-34,57,Female,Finland,1:08:54,3:25,5:56:39,3:59,4:13:16,11:26:13
689,1377,Joeanna Moesgaard Nielsen,F18-24,6,Female,Denmark,1:06:25,3:39,5:47:36,3:45,4:24:56,11:26:22
690,2218,Darrell Legault,M50-54,232,Open,United States,1:16:37,5:46,5:48:19,7:21,4:08:24,11:26:28
691,465,Karen Pompay,F50-54,15,Female,United States,1:09:42,9:10,6:06:04,6:06,3:55:27,11:26:28
692,568,Tina Buttner,F45-49,25,Female,United States,1:12:50,5:05,5:47:28,5:35,4:15:35,11:26:32
693,681,Renee White,F45-49,26,Female,Australia,1:18:51,4:42,6:10:51,5:56,3:46:26,11:26:45
694,2333,Michael Müller,M50-54,233,Open,Denmark,1:25:38,4:48,5:38:19,7:04,4:11:02,11:26:51
695,2392,Miguel Angel Lobato Sotillo,M50-54,234,Open,Spain,1:09:56,7:34,5:41:07,9:59,4:18:21,11:26:58
696,2300,Teddy Pedersen,M50-54,235,Open,Denmark,1:35:35,8:53,5:27:57,9:03,4:05:34,11:27:02
697,1891,Nick Hadwen,M50-54,236,Open,United Kingdom,1:06:39,6:32,5:47:58,8:36,4:17:21,11:27:05
698,2086,Derek Flood,M50-54,237,Open,Ireland,1:04:32,7:01,5:57:10,9:22,4:09:08,11:27:14
699,2107,Martin Moroff,M50-54,238,Open,Germany,1:00:33,3:37,5:43:15,4:00,4:35:51,11:27:15
700,723,Bury Grazyna,F45-49,27,Female,Germany,1:30:34,4:16,5:34:07,5:59,4:12:22,11:27:18
701,2460,Bertrand Hulo,M25-29,150,Open,France,1:15:50,5:12,5:44:55,5:03,4:16:19,11:27:19
702,1016,Lauren Vallee,F35-39,62,Female,United States,1:02:46,3:28,5:47:01,4:26,4:29:39,11:27:20
703,1362,Jess Raupach,F25-29,28,Female,Australia,1:05:03,4:28,6:11:37,4:48,4:01:27,11:27:23
704,2340,Kris Decaestecker,M50-54,239,Open,Belgium,1:18:02,6:54,5:46:06,5:03,4:11:26,11:27:32
705,754,Catiana Brayton,F45-49,28,Female,United States,1:15:38,4:37,6:05:04,4:40,3:57:43,11:27:42
706,2478,Sean Blazier,M25-29,151,Open,United States,1:02:58,4:31,5:56:14,5:11,4:18:55,11:27:48
707,733,Lauren Davies,F45-49,29,Female,United Kingdom,1:07:27,4:32,5:48:44,6:54,4:20:13,11:27:50
708,2665,Ralf Schön,M50-54,240,Open,Germany,1:02:56,5:46,5:44:11,6:40,4:28:17,11:27:51
709,1311,Gina Myers,F25-29,29,Female,United States,1:06:35,3:40,5:56:42,4:52,4:16:08,11:27:57
710,910,Sunee Pretorius,F40-44,62,Female,South Africa,1:00:01,4:10,5:58:12,10:57,4:14:41,11:28:02
711,447,Nicola Beck,F50-54,16,Female,United Kingdom,1:14:47,5:00,5:53:04,6:18,4:08:58,11:28:07
712,2025,Graham Cooper,M50-54,241,Open,United States,1:04:24,5:52,5:50:40,7:49,4:19:27,11:28:12
713,1131,Lena Heinrich,F30-34,58,Female,Germany,1:21:28,5:29,5:39:40,4:40,4:17:00,11:28:17
714,1276,Isabela Cuartas,F25-29,30,Female,Colombia,1:17:23,5:04,5:50:36,6:11,4:09:07,11:28:21
715,689,Laurence Koehler,F45-49,30,Female,France,1:17:49,5:16,6:01:31,6:04,3:57:46,11:28:26
716,657,Petra Paule,F45-49,31,Female,Germany,1:24:15,3:36,5:48:22,4:42,4:07:46,11:28:41
717,1934,Svende Mikkelsen,M50-54,242,Open,Denmark,1:13:36,5:32,5:32:44,5:28,4:31:23,11:28:43
718,2014,Oleg Nossov,M50-54,243,Open,Kazakhstan,1:05:43,4:14,5:58:30,5:29,4:14:54,11:28:50
719,1686,Christian Masera,M60-64,18,Open,France,1:26:59,7:36,5:53:04,4:29,3:56:44,11:28:52
720,1885,Johan Wyckaert,M50-54,244,Open,Belgium,1:19:23,6:08,5:31:19,4:15,4:27:51,11:28:56
721,1134,Nina Ain El Fitre,F30-34,59,Female,Switzerland,1:15:39,3:39,5:55:17,5:04,4:09:19,11:28:59
722,2487,Logan Briggs,M25-29,152,Open,United States,54:07,6:26,5:35:08,7:55,4:45:30,11:29:06
723,1374,Aline Barre,F18-24,7,Female,Germany,1:18:22,4:54,5:41:12,8:32,4:16:07,11:29:07
724,1217,Kristen Larue,F30-34,60,Female,United States,1:23:03,4:42,6:02:54,5:23,3:53:04,11:29:07
725,564,Camilla Steenberg,F45-49,32,Female,Denmark,1:09:15,5:38,6:02:31,6:36,4:05:10,11:29:11
726,2201,Ari Jurvanen,M50-54,245,Open,Finland,1:20:42,4:18,5:30:30,11:57,4:21:47,11:29:14
727,990,Liz Miller,F35-39,63,Female,United States,1:13:08,5:29,5:41:54,5:08,4:23:45,11:29:25
728,2481,George Bonnick,M25-29,153,Open,United Kingdom,57:22,9:06,5:41:30,10:05,4:31:28,11:29:30
729,918,Melanie Müller-Reichert,F40-44,63,Female,Germany,1:14:02,5:33,5:49:03,4:53,4:16:02,11:29:32
730,760,Camilla Runfors,F45-49,33,Female,Sweden,1:26:41,5:04,5:51:43,5:23,4:00:50,11:29:41
731,2373,Fu-Hsiang Yang,M50-54,246,Open,Taiwan,1:21:24,9:05,5:53:04,6:12,3:59:56,11:29:43
732,1234,Liisi Alamaa,F30-34,61,Female,Estonia,1:16:41,5:49,5:33:58,4:23,4:28:54,11:29:46
733,1827,Scheffer Matthias,M50-54,247,Open,Switzerland,1:14:04,5:41,5:35:49,8:33,4:25:40,11:29:47
734,711,Cristina Sironi,F45-49,34,Female,Italy,1:09:40,6:30,5:49:54,6:38,4:17:15,11:29:57
735,1732,Karsten Weyland,M60-64,19,Open,Germany,1:18:15,5:40,6:07:27,4:46,3:53:55,11:30:03
736,864,Lilly Zednikova,F40-44,64,Female,Czechia,1:13:00,3:50,5:58:42,5:22,4:09:13,11:30:06
737,1616,Dennis Cruff,M60-64,20,Open,United States,1:10:09,5:02,5:43:17,6:19,4:25:28,11:30:15
738,1735,Ken Raupach,M60-64,21,Open,Australia,1:29:42,3:56,5:46:27,8:08,4:02:02,11:30:15
739,2079,Laurent De Sousa,M50-54,248,Open,France,1:16:44,4:20,5:52:46,5:05,4:11:37,11:30:32
740,2050,Jon Elosegui,M50-54,249,Open,Spain,1:08:50,5:58,6:17:23,5:37,3:52:45,11:30:34
741,950,Jude Millard,F40-44,65,Female,Australia,1:24:45,5:03,5:53:33,5:14,4:02:08,11:30:42
742,851,Claire Fudge,F40-44,66,Female,United Kingdom,1:12:32,4:44,5:51:24,5:30,4:16:37,11:30:47
743,926,Eleonora Bado,F40-44,67,Female,Italy,1:13:03,4:53,5:52:33,5:16,4:15:05,11:30:49
744,777,Carrie Grant,F40-44,68,Female,United States,1:21:36,4:12,5:56:51,4:56,4:03:16,11:30:52
745,1112,Valentina Danna,F35-39,64,Female,Colombia,1:10:06,5:49,6:01:16,5:01,4:08:46,11:30:59
746,2570,Mike Marshall,M25-29,154,Open,Canada,1:07:52,6:12,5:38:07,6:51,4:32:06,11:31:08
747,2047,Rodney Howard,M50-54,250,Open,Australia,1:24:49,5:40,5:35:20,6:43,4:18:51,11:31:22
748,1982,Pedro Luiz Cerize,M50-54,251,Open,Brazil,1:10:25,4:42,5:28:09,6:47,4:41:23,11:31:27
749,2409,Frédéric Verstrepen,M50-54,252,Open,Belgium,1:16:08,6:31,5:39:09,9:32,4:20:15,11:31:35
750,393,Kim Bowling,F50-54,17,Female,Australia,1:00:16,4:24,6:18:14,4:52,4:03:53,11:31:39
751,1914,Scott Tompkins,M50-54,253,Open,United States,1:08:48,5:55,5:38:32,6:36,4:31:52,11:31:44
752,454,Stacey Stern,F50-54,18,Female,United States,1:12:20,5:55,6:10:06,4:08,3:59:22,11:31:51
753,2235,Jacek Podoba,M50-54,254,Open,Poland,1:00:59,5:38,5:58:42,8:38,4:17:59,11:31:55
754,1013,Jennifer Zopp,F35-39,65,Female,United States,1:16:45,5:05,6:01:55,4:06,4:04:34,11:32:25
755,1863,Olivier Jakob,M50-54,255,Open,Switzerland,1:20:56,7:12,5:43:32,7:28,4:13:25,11:32:32
756,1028,Julia Wilkes,F35-39,66,Female,Canada,1:19:59,4:40,5:51:14,7:55,4:08:52,11:32:41
757,1177,Veronika Pruekler,F30-34,62,Female,Austria,1:13:08,5:23,5:56:28,7:26,4:10:16,11:32:42
758,1302,Julie Pichard,F25-29,31,Female,France,1:10:01,6:41,5:58:43,7:02,4:10:19,11:32:47
759,773,Myia Miller,F40-44,69,Female,United States,1:12:03,4:43,5:50:52,4:37,4:20:36,11:32:52
760,1995,Jeff Turner,M50-54,256,Open,United States,1:17:35,7:49,5:47:56,7:35,4:12:03,11:32:57
761,720,Kiram Ait Kabboura,F45-49,35,Female,Belgium,1:16:26,5:24,5:50:01,6:38,4:14:33,11:33:03
762,1248,Emily Arcuri,F30-34,63,Female,United States,59:06,5:22,6:13:47,8:04,4:06:46,11:33:04
763,1341,Shai O’brien,F25-29,32,Female,Australia,1:07:05,4:15,6:04:13,4:38,4:12:55,11:33:07
764,580,Andrea Möllerberg,F45-49,36,Female,Sweden,58:45,4:30,5:53:49,6:18,4:29:46,11:33:09
765,2551,Rutger Van Der Staak,M25-29,155,Open,Netherlands,1:14:15,6:51,5:55:12,8:33,4:08:22,11:33:14
766,994,Gemma Vezzani,F35-39,67,Female,Italy,1:13:43,4:49,5:56:51,5:21,4:12:30,11:33:14
767,1221,Daniela Montiel,F30-34,64,Female,Venezuela,1:02:57,3:28,6:02:06,6:16,4:18:26,11:33:14
768,2405,Lee Anderton,M50-54,257,Open,United Kingdom,1:22:32,6:11,5:45:12,6:49,4:12:53,11:33:37
769,974,Annabeth Dean,F35-39,68,Female,United States,1:16:44,6:31,5:45:13,6:06,4:19:09,11:33:43
770,380,Diana Hassel,F55-59,7,Female,United States,1:08:44,4:01,5:39:12,7:07,4:34:53,11:33:57
771,878,Denita Hammond,F40-44,70,Female,Canada,1:13:07,4:47,6:16:42,12:17,3:47:20,11:34:13
772,1003,Stephanie Hess,F35-39,69,Female,Switzerland,1:11:23,4:29,6:09:56,5:03,4:03:22,11:34:14
773,1347,Giada Cananzi,F25-29,33,Female,Italy,1:12:29,6:18,6:12:24,6:30,3:56:40,11:34:21
774,1077,Anna Latva-Pukkila,F35-39,70,Female,Finland,1:06:37,5:11,6:09:17,4:35,4:08:43,11:34:23
775,1395,Alexandra Anchina,F18-24,8,Female,Kyrgyzstan,1:06:49,2:48,6:30:19,3:17,3:51:24,11:34:36
776,2459,Willyam Fachinelli,M25-29,156,Open,Brazil,1:09:04,4:54,5:51:10,4:57,4:24:35,11:34:39
777,1079,Jacqui Giuliano,F35-39,71,Female,United States,1:15:57,23:55,6:02:41,23:46,3:28:22,11:34:42
778,2131,John Ryan,M50-54,258,Open,United States,1:24:07,7:03,5:52:41,7:31,4:03:27,11:34:50
779,793,Ana Andrade,F40-44,71,Female,Brazil,1:11:33,5:59,5:50:03,7:50,4:19:35,11:34:59
780,908,Olga Purroy,F40-44,72,Female,Venezuela,1:30:00,5:40,5:58:13,4:33,3:56:51,11:35:17
781,1119,Nicola Wadey,F35-39,72,Female,Australia,1:02:45,6:54,5:53:54,7:27,4:24:20,11:35:21
782,2176,Francis Jodoin,M50-54,259,Open,Canada,1:10:38,4:40,6:01:39,4:02,4:14:24,11:35:22
783,2280,Emmanuel Darne,M50-54,260,Open,France,1:16:05,9:38,5:42:05,7:58,4:19:50,11:35:36
784,2525,Richard Gootjes,M25-29,157,Open,Germany,1:00:28,5:09,6:05:55,11:35,4:12:29,11:35:36
785,1041,Anika Laing,F35-39,73,Female,Germany,1:15:23,4:40,6:10:27,7:11,3:57:57,11:35:38
786,1058,Anja Rehlinger,F35-39,74,Female,Luxembourg,1:26:46,5:49,6:00:26,6:54,3:55:43,11:35:38
787,2121,Wojciech Orzech,M50-54,261,Open,Poland,1:16:30,7:14,6:09:58,6:44,3:55:21,11:35:48
788,2102,Javier Serrano,M50-54,262,Open,Spain,1:12:55,4:54,5:32:56,6:55,4:38:09,11:35:50
789,2127,Christian Storzer,M50-54,263,Open,Germany,1:07:23,5:44,6:01:27,6:53,4:14:28,11:35:54
790,745,Renata Bencova,F45-49,37,Female,Czechia,1:10:41,4:36,6:08:09,5:24,4:07:08,11:35:57
791,520,Robin White,F50-54,19,Female,United States,1:04:10,5:04,6:11:17,5:31,4:10:00,11:36:01
792,1901,Hagen Wenzek,M50-54,264,Open,Germany,1:09:15,5:57,5:47:37,5:16,4:28:00,11:36:05
793,475,Betina Schmidt,F50-54,20,Female,Denmark,1:12:55,3:50,5:50:46,5:10,4:23:39,11:36:20
794,2018,Fco Corrales Diaz,M50-54,265,Open,Spain,1:16:16,4:55,6:01:02,5:47,4:08:21,11:36:21
795,1168,Jessica Anderson,F30-34,65,Female,United States,1:21:02,5:29,5:52:26,7:23,4:10:07,11:36:27
796,1731,Franck Vuaillat,M60-64,22,Open,France,1:11:41,7:49,5:58:02,10:07,4:08:51,11:36:29
797,1724,Arjen Langbroek,M60-64,23,Open,Netherlands,1:20:29,4:42,6:14:45,6:37,3:50:08,11:36:41
798,2069,Thomas Knudsen,M50-54,266,Open,Denmark,58:27,5:48,6:03:03,7:51,4:21:33,11:36:43
799,1219,Morgane Armiroli,F30-34,66,Female,France,1:07:09,3:57,5:52:51,9:04,4:23:58,11:36:59
800,2038,Sascha Siekmann,M50-54,267,Open,Germany,1:10:42,4:57,5:33:53,6:15,4:41:27,11:37:14
801,2329,Michael Turch,M50-54,268,Open,United States,1:22:31,6:11,5:42:53,7:13,4:18:50,11:37:37
802,1636,Perry Nation,M60-64,24,Open,Australia,1:05:10,9:05,5:46:49,6:53,4:29:43,11:37:41
803,2642,Matthew Galle,M25-29,158,Open,United States,1:20:30,8:06,6:07:49,5:16,3:56:00,11:37:41
804,1257,Chelsea Hollingsworth,F30-34,67,Female,United States,1:02:54,3:57,6:03:53,4:11,4:22:53,11:37:48
805,463,Sophie Whitworth,F50-54,21,Female,United Kingdom,1:08:34,5:53,6:01:20,6:46,4:15:16,11:37:49
806,414,Emma Yates,F50-54,22,Female,United Kingdom,1:21:13,7:00,6:16:23,8:06,3:45:10,11:37:52
807,2208,Michiel Battheu,M50-54,269,Open,Belgium,1:14:06,5:22,5:51:40,8:14,4:18:39,11:38:02
808,1281,Karen Monuszko,F25-29,34,Female,United States,1:06:17,5:11,6:08:59,8:34,4:09:04,11:38:04
809,654,Ines Kneubuhler,F45-49,38,Female,Switzerland,1:18:54,5:24,5:59:27,4:51,4:09:30,11:38:06
810,2339,Christian Ernst,M50-54,270,Open,Germany,1:04:07,5:22,6:08:12,7:32,4:12:58,11:38:11
811,1708,Ralf Lorenz,M60-64,25,Open,Germany,1:13:49,3:42,6:15:57,7:17,3:57:30,11:38:15
812,685,Sharon Gallant,F45-49,39,Female,Canada,1:08:58,6:26,6:00:57,4:40,4:17:20,11:38:21
813,947,Michelle Erwin,F40-44,73,Female,United States,1:20:49,4:41,5:49:50,5:57,4:17:07,11:38:25
814,2318,Pablo Conti,M50-54,271,Open,Argentina,1:24:04,6:54,5:51:47,9:55,4:05:51,11:38:32
815,622,Ines Sandbote,F45-49,40,Female,Germany,1:12:29,5:12,6:06:28,6:24,4:08:09,11:38:42
816,2172,Rob Chapman,M50-54,272,Open,Australia,1:07:45,7:44,5:55:29,9:15,4:18:32,11:38:45
817,1275,Olivia Dietzel,F25-29,35,Female,United States,1:08:34,6:53,6:10:29,9:37,4:03:17,11:38:50
818,1844,Andre Dwehus,M50-54,273,Open,Germany,1:14:08,5:05,6:15:34,6:44,3:57:22,11:38:54
819,396,Kirsten Wieditz,F50-54,23,Female,Germany,1:29:54,7:03,6:02:51,4:31,3:54:36,11:38:54
820,2073,Slawomir Nowak,M50-54,274,Open,Poland,1:06:57,5:02,5:52:19,8:08,4:26:35,11:39:02
821,1926,Olav Niedieck,M50-54,275,Open,Germany,1:11:58,7:53,5:25:23,10:20,4:43:31,11:39:05
822,2002,Jim Hebert,M50-54,276,Open,Canada,1:23:22,6:57,5:56:50,8:23,4:03:34,11:39:07
823,825,Ines Najvirt,F40-44,74,Female,Slovenia,1:23:23,4:39,6:03:42,3:31,4:03:54,11:39:10
824,1339,Sierra Ponthier,F25-29,36,Female,United States,1:06:25,5:16,6:28:57,6:38,3:52:03,11:39:20
825,1214,Andrea Mitchell-Pasquale,F30-34,68,Female,United States,1:04:46,4:11,6:07:11,4:10,4:19:01,11:39:20
826,2433,Patrick Perrin,M50-54,277,Open,France,1:00:29,6:11,5:39:15,6:53,4:46:46,11:39:34
827,2179,Andreas Miersch,M50-54,278,Open,Germany,1:29:06,3:52,5:52:34,4:31,4:09:42,11:39:44
828,2513,Nikolaj Koors Hoff,M25-29,159,Open,Denmark,1:05:00,3:57,5:19:58,3:09,5:07:41,11:39:45
829,2494,Hieronim Czarnecki,M25-29,160,Open,Poland,1:08:24,4:24,5:48:36,4:25,4:34:02,11:39:51
830,1379,Marie-Maud Côté-Rouleau,F18-24,9,Female,Canada,1:15:47,5:21,6:06:48,10:27,4:01:29,11:39:52
831,822,Lisa Ivaska,F40-44,75,Female,United States,1:11:49,4:39,6:02:51,5:02,4:15:44,11:40:05
832,1233,Amanda Marek,F30-34,69,Female,United States,1:03:03,5:12,5:55:11,6:00,4:30:42,11:40:07
833,1583,John Hill,M65-69,2,Open,Australia,1:13:37,6:49,5:56:54,7:38,4:15:13,11:40:11
834,1285,Casey Wesson,F25-29,37,Female,United States,1:12:51,6:03,6:00:29,8:00,4:12:54,11:40:17
835,673,Anna Mcrae,F45-49,41,Female,New Zealand,1:18:21,5:01,6:17:47,8:36,3:50:33,11:40:17
836,763,Rie Nagayama,F40-44,76,Female,Japan,1:05:16,5:42,6:13:54,7:23,4:08:07,11:40:22
837,742,Shannon Florea,F45-49,42,Female,United States,1:06:07,3:55,6:11:51,8:39,4:10:08,11:40:41
838,1155,Louise Bentley,F30-34,70,Female,South Africa,1:10:04,7:26,6:19:23,4:26,3:59:22,11:40:41
839,360,Susan Arnold,F55-59,8,Female,Canada,1:12:02,5:00,6:00:54,6:25,4:16:25,11:40:46
840,485,Rachma Scheffer - Van Woerden,F50-54,24,Female,Netherlands,1:26:05,10:38,6:02:59,7:19,3:54:00,11:41:02
841,2228,Anthony Renda,M50-54,279,Open,United States,1:16:46,7:30,5:50:22,7:10,4:19:36,11:41:24
842,919,Julie Hemar,F40-44,77,Female,France,1:27:58,7:24,5:47:52,5:45,4:12:27,11:41:27
843,2096,Marten Nilsson,M50-54,280,Open,Sweden,1:05:03,8:25,5:53:04,7:55,4:27:05,11:41:32
844,1962,Glenn Olsen,M50-54,281,Open,United States,1:10:52,8:59,5:24:20,10:37,4:46:50,11:41:38
845,1569,Carlo Meier,M65-69,3,Open,Switzerland,1:28:20,6:04,5:40:32,5:37,4:21:16,11:41:48
846,1992,Stéphane Diamond,M50-54,282,Open,Canada,1:20:34,5:20,6:00:10,5:26,4:10:20,11:41:50
847,2434,Hiroshi Takei,M50-54,283,Open,Japan,1:00:30,5:06,6:18:27,7:03,4:10:50,11:41:56
848,514,Charlotte Berner,F50-54,25,Female,Denmark,1:03:25,6:28,6:20:51,9:17,4:01:56,11:41:56
849,1757,Scott Black,M60-64,26,Open,United States,1:14:41,9:53,5:35:55,9:24,4:32:22,11:42:14
850,1192,Kimberly Alcorn,F30-34,71,Female,Australia,1:16:46,4:47,5:43:46,8:55,4:28:11,11:42:25
851,2344,David Dechamps,M50-54,284,Open,France,1:08:14,9:19,5:44:05,8:40,4:32:23,11:42:40
852,1049,Rebecca Cladingboel,F35-39,75,Female,Australia,1:15:00,5:44,6:01:49,6:07,4:14:03,11:42:43
853,2209,Dushan Veljovic,M50-54,285,Open,Canada,1:16:33,9:51,5:44:13,10:32,4:21:36,11:42:44
854,1705,Jürg Eggler,M60-64,27,Open,Switzerland,1:17:00,7:04,5:48:09,7:06,4:23:32,11:42:50
855,2417,Santiago Jaramillo,M50-54,286,Open,Colombia,1:05:38,4:42,5:36:19,9:35,4:46:47,11:43:01
856,2335,Bruno Lavidalle,M50-54,287,Open,France,1:12:24,5:45,5:52:59,7:56,4:24:00,11:43:05
857,1792,Mark Burke,M60-64,28,Open,New Zealand,1:10:15,5:04,5:44:04,5:32,4:38:21,11:43:15
858,1923,Damon Little,M50-54,288,Open,United States,1:21:35,6:56,5:45:30,8:26,4:20:55,11:43:22
859,535,Karen Ayse Salih,F50-54,26,Female,Denmark,1:16:59,5:50,6:00:04,4:11,4:16:20,11:43:25
860,958,Melissa Norcross,F40-44,78,Female,United States,1:12:06,6:10,6:03:21,6:01,4:15:48,11:43:27
861,1073,Cassandre Kimberley,F35-39,76,Female,France,1:20:51,4:35,5:56:32,4:44,4:16:46,11:43:28
862,738,Marketa Tvrda,F45-49,43,Female,Czechia,1:18:35,5:23,6:03:37,4:18,4:11:36,11:43:29
863,1336,Claudia Fernanda Arguijo Aguirre,F25-29,38,Female,Mexico,1:07:46,7:04,6:14:11,6:50,4:07:40,11:43:32
864,516,Valeria Mooney,F50-54,27,Female,Argentina,1:05:13,3:25,6:30:06,4:17,4:00:31,11:43:32
865,1338,Kristin Jenny,F25-29,39,Female,United States,1:06:36,5:11,6:02:41,7:03,4:22:04,11:43:36
866,855,Virginie Perrin,F40-44,79,Female,France,1:15:56,3:57,6:02:29,5:00,4:16:17,11:43:40
867,2007,Satish Punna,M50-54,289,Open,Canada,1:19:17,7:34,6:03:38,7:31,4:05:41,11:43:41
868,895,Laura Rotter,F40-44,80,Female,Germany,1:08:41,5:52,6:04:09,9:26,4:15:38,11:43:47
869,1200,Helen Perry,F30-34,72,Female,United Kingdom,1:12:24,5:22,6:17:24,9:49,3:59:00,11:44:00
870,1158,Valérie Dirren,F30-34,73,Female,Switzerland,1:10:15,4:02,5:51:15,4:20,4:34:23,11:44:16
871,1196,Sally Wood,F30-34,74,Female,United Kingdom,57:21,4:10,6:15:29,5:37,4:21:41,11:44:19
872,835,Alison Miller,F40-44,81,Female,United States,1:23:18,6:11,5:51:01,11:26,4:12:24,11:44:19
873,981,Jessica Van Beek-King,F35-39,77,Female,United States,1:25:26,6:28,5:59:50,7:57,4:04:56,11:44:37
874,2483,Dube Francois,M25-29,161,Open,Canada,1:21:00,7:08,5:46:37,6:42,4:23:12,11:44:39
875,1358,Sierra Avery,F25-29,40,Female,United States,59:57,4:23,6:20:11,3:52,4:16:26,11:44:48
876,2196,Erich Tüll,M50-54,290,Open,Austria,1:21:26,7:31,5:55:57,6:16,4:13:48,11:44:56
877,1101,Kate Lahart,F35-39,78,Female,Ireland,1:08:15,4:11,5:49:42,7:14,4:35:53,11:45:15
878,2383,Henri Morales,M50-54,291,Open,United States,1:02:23,4:05,5:50:21,4:41,4:43:49,11:45:19
879,1698,Stephane Bensaid,M60-64,29,Open,Guadeloupe,1:20:03,8:37,5:37:26,8:04,4:31:10,11:45:19
880,788,Heather Jasontek,F40-44,82,Female,United States,1:12:11,5:29,6:17:04,6:51,4:03:51,11:45:26
881,2041,Julio Alvarez Aristu,M50-54,292,Open,Spain,1:12:04,6:29,6:21:46,7:27,3:57:47,11:45:33
882,2311,Jens Harvig,M50-54,293,Open,Denmark,1:31:42,6:06,5:33:40,7:22,4:26:59,11:45:48
883,678,Kathryn Aguilar,F45-49,44,Female,United States,1:09:15,6:37,5:59:07,9:09,4:21:45,11:45:53
884,999,Katherine Hardy,F35-39,79,Female,South Africa,1:06:14,6:50,6:20:32,11:33,4:00:44,11:45:54
885,837,Susanne Ehnbåge,F40-44,83,Female,Sweden,1:18:03,5:15,6:09:54,5:45,4:06:56,11:45:54
886,470,Christine Kachinsky,F50-54,28,Female,United States,1:19:07,5:27,5:59:55,9:02,4:12:23,11:45:54
887,892,Abby Ammerman,F40-44,84,Female,United States,59:35,4:18,6:12:01,5:34,4:24:34,11:46:02
888,1820,Arndt Hufendiek,M50-54,294,Open,Switzerland,1:20:02,7:36,6:09:03,7:25,4:01:57,11:46:03
889,633,Marie-Christine Lavoie,F45-49,45,Female,Canada,1:27:23,4:07,5:58:47,4:00,4:11:46,11:46:04
890,961,Pernille Linnerup Kristensen,F40-44,85,Female,Denmark,1:13:07,6:54,5:49:19,8:29,4:28:15,11:46:04
891,2034,Michael Stout,M50-54,295,Open,United States,1:22:54,8:26,5:48:59,9:34,4:16:15,11:46:08
892,787,Angela Fogarolli,F40-44,86,Female,Italy,1:15:54,3:32,6:01:04,7:57,4:17:45,11:46:11
893,836,Molly Zahr,F40-44,87,Female,United States,1:10:06,5:35,5:36:21,7:44,4:46:26,11:46:12
894,1241,Katie Sutherland,F30-34,75,Female,United States,1:12:20,5:31,5:57:37,5:52,4:24:58,11:46:18
895,1881,dan casey,M50-54,296,Open,Australia,1:21:19,9:24,5:24:56,11:39,4:39:00,11:46:19
896,1707,Bill Sage,M60-64,30,Open,Canada,1:16:52,7:13,5:49:26,5:41,4:27:10,11:46:22
897,1154,Rachel Breslin,F30-34,76,Female,Ireland,1:04:08,4:15,6:21:33,8:02,4:08:25,11:46:23
898,872,Lyndsey Foster,F40-44,88,Female,Australia,1:21:22,5:52,5:51:12,6:12,4:21:49,11:46:27
899,413,Sanet Griesel,F50-54,29,Female,South Africa,1:27:04,6:41,6:08:08,5:14,3:59:30,11:46:36
900,2382,Antonio Gomez Gonzalez,M50-54,297,Open,Spain,1:16:21,5:11,6:13:17,5:22,4:06:28,11:46:39
901,1273,Ella Pearce,F25-29,41,Female,United Kingdom,1:16:47,5:22,6:17:35,9:18,3:57:42,11:46:43
902,2439,Leonardo Benito Brutti,M50-54,298,Open,Paraguay,1:02:43,5:48,5:53:40,8:30,4:36:03,11:46:44
903,1977,Alex Manson,M50-54,299,Open,France,1:10:51,6:49,5:49:58,5:59,4:33:20,11:46:56
904,1751,Marcus Richardson,M60-64,31,Open,United Kingdom,1:03:42,4:39,5:40:52,6:00,4:51:44,11:46:57
905,925,Ines Santiago,F40-44,89,Female,Philippines,1:08:07,4:55,6:24:07,5:11,4:04:42,11:47:02
906,2177,Chuck Engle,M50-54,300,Open,United States,1:19:02,7:07,6:09:39,9:42,4:01:36,11:47:06
907,590,Simone Boehm,F45-49,46,Female,Germany,1:18:11,4:42,6:06:39,5:23,4:12:11,11:47:07
908,2116,Nathan Lawyer,M50-54,301,Open,United States,1:14:01,6:52,5:48:48,5:45,4:31:50,11:47:16
909,687,Annabelle Hartigan,F45-49,47,Female,Australia,1:18:21,6:08,6:13:59,5:25,4:03:26,11:47:20
910,1858,Alessandro Gattamorta,M50-54,302,Open,Italy,1:18:40,6:00,5:54:21,5:22,4:22:56,11:47:20
911,683,Karen Woodward,F45-49,48,Female,United States,1:24:46,6:48,5:57:51,6:20,4:11:37,11:47:21
912,598,Louise Wells,F45-49,49,Female,Bermuda,1:20:30,4:38,5:55:24,7:05,4:19:56,11:47:33
913,870,Lindsay Cole,F40-44,90,Female,Canada,1:12:00,4:00,6:02:43,6:14,4:22:39,11:47:36
914,2465,Kent Cross,M25-29,162,Open,Australia,1:16:45,5:49,6:24:09,9:51,3:51:04,11:47:38
915,2402,Roberto Rasal Cabreto,M50-54,303,Open,Spain,1:10:41,6:23,5:34:14,8:39,4:47:57,11:47:54
916,1763,David Carter,M60-64,32,Open,Australia,1:27:57,11:01,6:04:52,10:41,3:53:23,11:47:54
917,963,Irina Roppelt,F40-44,91,Female,Germany,1:23:21,6:18,6:00:31,5:45,4:12:02,11:47:57
918,1105,Anna Wile,F35-39,80,Female,United States,1:04:52,5:52,6:11:19,10:03,4:15:53,11:47:58
919,2596,Mantas Jablonskis,M25-29,163,Open,Lithuania,1:14:39,5:18,5:42:09,4:07,4:41:44,11:47:58
920,2324,Mark Pacey,M50-54,304,Open,Australia,1:09:50,5:18,5:36:46,7:41,4:48:26,11:48:01
921,1193,Melissa Lapp,F30-34,77,Female,France,1:03:55,5:17,5:52:01,5:28,4:41:21,11:48:02
922,1572,Simon Mckee,M65-69,4,Open,Australia,1:15:03,8:45,5:53:48,13:50,4:16:41,11:48:07
923,1288,Shizuka Ippommatsu,F25-29,42,Female,Japan,1:05:12,5:43,6:09:32,13:28,4:14:12,11:48:07
924,1383,Renata Autrique,F18-24,10,Female,Mexico,1:11:34,6:20,6:10:50,10:21,4:09:07,11:48:12
925,1014,Chun Jie Li,F35-39,81,Female,Taiwan,1:10:18,5:56,6:02:41,8:09,4:21:11,11:48:15
926,2066,Scott Morrison,M50-54,305,Open,United States,1:19:48,5:00,5:30:34,7:03,4:46:00,11:48:25
927,2352,Bas Groothedde,M50-54,306,Open,Netherlands,1:14:30,7:19,5:53:00,6:06,4:27:34,11:48:29
928,452,Sarah Gott,F50-54,30,Female,United States,1:06:52,7:14,6:00:40,7:53,4:25:58,11:48:36
929,2146,Matthew Mccutchen,M50-54,307,Open,United States,1:03:57,5:49,5:38:56,5:45,4:54:10,11:48:37
930,2450,Jameson Squilla,M25-29,164,Open,United States,1:11:07,7:06,6:00:57,6:08,4:23:20,11:48:38
931,905,Annette Eastwood,F40-44,92,Female,Australia,1:01:22,5:25,6:35:02,5:36,4:01:13,11:48:39
932,614,Marisa Rastetter,F45-49,50,Female,United States,1:06:05,4:37,6:01:06,9:34,4:27:20,11:48:42
933,693,Adel Koter,F45-49,51,Female,Romania,1:24:25,6:15,6:15:55,7:11,3:54:59,11:48:45
934,1391,Waverly Schnetzler,F18-24,11,Female,United States,1:05:02,5:03,6:21:48,4:32,4:13:03,11:49:28
935,644,Sabine Steinscherer,F45-49,52,Female,Austria,1:30:07,5:59,5:54:09,6:42,4:12:34,11:49:30
936,798,Elizabeth Dansie,F40-44,93,Female,United States,1:26:02,5:18,6:04:51,10:40,4:02:45,11:49:37
937,795,Hind Saint Georges,F40-44,94,Female,France,1:23:23,4:14,6:14:52,3:51,4:03:25,11:49:45
938,911,Alice Burden,F40-44,95,Female,United States,1:16:20,4:43,6:14:43,7:38,4:06:22,11:49:46
939,1712,Jeffrey Warshaw,M60-64,33,Open,United States,1:29:56,8:00,5:47:31,8:25,4:16:13,11:50:05
940,2614,Sebastian Busto,M25-29,165,Open,Guatemala,1:00:51,5:15,6:00:17,6:06,4:37:37,11:50:06
941,2187,Alexander Beer,M50-54,308,Open,Germany,1:29:15,6:14,5:32:35,7:05,4:35:02,11:50:12
942,302,Janeen Finke,F55-59,9,Female,United States,1:00:06,5:18,5:58:51,4:45,4:41:51,11:50:50
943,2275,Werner Verheyen,M50-54,309,Open,Belgium,1:20:44,7:09,5:32:57,9:30,4:40:34,11:50:54
944,565,Wendy Mader,F45-49,53,Female,United States,58:40,4:27,5:54:40,7:32,4:45:46,11:51:05
945,411,Dawn Forbes,F50-54,31,Female,United States,1:11:21,5:42,6:22:13,7:18,4:04:43,11:51:17
946,2111,Jose Alvarado,M50-54,310,Open,Honduras,1:05:32,7:06,5:48:39,8:42,4:41:29,11:51:29
947,1337,Jeanne Tondut,F25-29,43,Female,France,1:00:19,4:03,6:04:26,4:48,4:37:56,11:51:31
948,462,Ines Maria,F50-54,32,Female,Argentina,1:33:24,6:23,6:00:53,7:08,4:03:44,11:51:32
949,1235,Daniëlle Vermeulen,F30-34,78,Female,Netherlands,1:01:59,4:53,6:32:19,8:02,4:04:22,11:51:34
950,1294,Caro Soussigne,F25-29,44,Female,Belgium,1:23:32,5:03,6:05:37,5:51,4:11:34,11:51:37
951,375,Loubna Freih,F55-59,10,Female,Switzerland,1:36:06,4:17,6:01:24,5:43,4:04:10,11:51:40
952,1118,Stacey Hogan,F35-39,82,Female,Australia,1:05:54,4:10,5:55:11,6:43,4:39:43,11:51:41
953,2221,Christophe Vancoillie,M50-54,311,Open,Belgium,1:08:22,6:32,6:08:39,5:59,4:22:17,11:51:49
954,862,Alfonsina Peppa,F40-44,96,Female,Argentina,1:23:19,4:09,6:20:17,3:41,4:00:52,11:52:19
955,585,Tanya Brown,F45-49,54,Female,Australia,1:09:10,7:53,6:15:12,8:45,4:11:24,11:52:24
956,1833,Robert Loveridge,M50-54,312,Open,New Zealand,1:10:17,4:58,5:39:59,4:54,4:52:17,11:52:25
957,2540,Andrew Anderson,M25-29,166,Open,United States,1:24:49,6:55,6:13:07,9:04,3:58:33,11:52:28
958,815,Tricia Brown,F40-44,97,Female,Australia,1:11:19,5:12,6:04:56,4:20,4:26:40,11:52:28
959,959,Claire Ferguson,F40-44,98,Female,Australia,1:09:52,5:24,5:56:19,6:40,4:34:16,11:52:30
960,1123,Katie deRegnier,F35-39,83,Female,United States,1:06:02,5:00,6:12:40,4:05,4:24:46,11:52:34
961,2029,Phillip Falkner,M50-54,313,Open,United States,1:07:40,6:22,5:24:41,8:36,5:05:21,11:52:39
962,1020,Ursela Knezevic,F35-39,84,Female,United States,1:11:18,4:54,6:17:05,7:42,4:12:05,11:53:04
963,1851,Montegu Jorge,M50-54,314,Open,Chile,1:28:19,6:28,6:08:53,7:14,4:02:21,11:53:15
964,2252,Brian McKinney,M50-54,315,Open,United States,1:07:09,6:06,6:24:23,8:15,4:07:33,11:53:26
965,962,Birgit Metzler,F40-44,99,Female,Germany,1:06:39,3:56,6:04:20,5:26,4:33:05,11:53:27
966,2486,Björn Haist,M25-29,167,Open,Germany,1:18:15,5:41,6:11:35,5:24,4:12:33,11:53:28
967,1629,Alain Perroteau,M60-64,34,Open,France,1:14:33,5:46,5:30:36,8:43,4:54:13,11:53:51
968,1141,Lisa Holt,F30-34,79,Female,United States,1:13:03,6:21,6:07:15,4:03,4:23:12,11:53:54
969,1021,Gillian Micoli,F35-39,85,Female,United States,1:01:07,3:58,6:24:34,6:53,4:17:30,11:54:01
970,642,Debra Young,F45-49,55,Female,United States,1:06:15,4:54,6:13:33,6:50,4:22:28,11:54:01
971,1163,Rachel Edwards,F30-34,80,Female,United Kingdom,1:12:45,5:40,6:24:54,6:13,4:04:29,11:54:02
972,2011,Conrad Boerman,M50-54,316,Open,Netherlands,1:14:52,9:12,5:43:07,7:40,4:39:12,11:54:03
973,477,Katja Kronschnabl,F50-54,33,Female,Germany,1:25:16,5:24,5:58:51,5:44,4:18:54,11:54:10
974,2147,Matti Schroderus,M50-54,317,Open,Canada,1:09:15,6:15,5:59:38,5:56,4:33:14,11:54:18
975,372,Leslie Sanderson,F55-59,11,Female,Canada,1:00:22,5:08,6:15:58,8:38,4:24:16,11:54:22
976,731,Brooke Nicol,F45-49,56,Female,Australia,1:28:05,6:11,5:53:27,5:42,4:21:01,11:54:26
977,1937,Mike Johnson,M50-54,318,Open,United States,1:16:47,10:23,5:40:36,9:10,4:37:32,11:54:27
978,1343,Elina Antraygue,F25-29,45,Female,Réunion,1:05:07,5:46,5:58:01,10:09,4:35:25,11:54:28
979,2140,Charles Perry,M50-54,319,Open,United States,1:07:28,6:21,5:38:52,5:20,4:56:29,11:54:30
980,1871,Volker Marks,M50-54,320,Open,Germany,1:09:08,6:03,5:47:15,6:21,4:45:50,11:54:38
981,1287,Carla Du Toit,F25-29,46,Female,South Africa,1:11:15,4:08,6:04:45,5:38,4:28:52,11:54:38
982,1895,Torben Foged,M50-54,321,Open,Denmark,1:10:47,9:26,6:13:19,8:28,4:12:41,11:54:40
983,1740,Thomas Demann,M60-64,35,Open,Germany,1:31:36,6:22,5:48:31,7:17,4:20:56,11:54:42
984,2027,Masaki Kusunoki,M50-54,322,Open,Japan,1:19:21,9:12,6:24:34,6:44,3:55:00,11:54:51
985,2283,Markus Nobbe,M50-54,323,Open,Germany,1:24:56,6:03,5:45:15,5:42,4:32:57,11:54:54
986,1060,Jen Keith,F35-39,86,Female,United States,1:01:04,3:39,6:11:27,6:25,4:32:25,11:55:00
987,558,Leah Jantzen,F45-49,57,Female,United States,1:15:36,7:51,6:22:55,5:53,4:02:49,11:55:04
988,1702,John Scruggs,M60-64,36,Open,United States,1:11:52,6:30,6:01:20,6:33,4:28:52,11:55:07
989,1586,Ned Daily,M65-69,5,Open,United States,1:21:55,7:30,5:58:25,6:23,4:21:02,11:55:15
990,2049,Miguel Cabrera Fdez,M50-54,324,Open,Spain,1:13:33,5:03,5:37:01,11:54,4:47:47,11:55:17
991,383,Nancy Agrillo,F55-59,12,Female,United States,1:42:29,8:22,6:07:35,7:07,3:49:48,11:55:22
992,2286,Marc Rosello,M50-54,325,Open,United States,1:08:50,7:38,5:46:45,9:46,4:42:41,11:55:39
993,664,Viktoria Brown,F45-49,58,Female,Canada,1:24:47,5:50,6:01:13,4:11,4:19:53,11:55:53
994,439,Paula Maria Moadeb,F50-54,34,Female,Argentina,1:24:23,6:48,6:05:14,6:22,4:13:07,11:55:53
995,1954,Steven Bang,M50-54,326,Open,United States,1:07:27,7:43,5:40:13,9:44,4:50:47,11:55:55
996,1998,Nick Wenban-Smith,M50-54,327,Open,United Kingdom,1:21:52,6:47,5:47:18,6:16,4:33:48,11:56:00
997,2214,Luca Valerio,M50-54,328,Open,Italy,1:14:19,7:33,6:20:47,6:48,4:07:03,11:56:29
998,1238,Erica Hinchcliffe,F30-34,81,Female,United States,1:11:58,6:46,6:27:29,7:08,4:03:22,11:56:43
999,1332,Maria Pia Raffo,F25-29,47,Female,Peru,1:08:37,6:02,6:18:26,9:39,4:14:01,11:56:44
1000,1916,Rafael Sanchez Nazariega,M50-54,329,Open,Mexico,1:18:00,8:05,6:07:58,11:53,4:10:49,11:56:46
1001,1360,Brooke Koehn,F25-29,48,Female,United States,1:16:18,6:22,6:12:18,6:54,4:14:59,11:56:52
1002,1929,Darren Farlow,M50-54,330,Open,Australia,1:04:43,5:01,5:38:22,4:41,5:04:19,11:57:08
1003,1272,Charlotte Molenda,F25-29,49,Female,United States,59:00,5:05,6:19:04,5:40,4:28:22,11:57:12
1004,497,Diane Haensel,F50-54,35,Female,United States,1:13:01,5:39,6:10:41,6:36,4:21:16,11:57:12
1005,473,Alessia Bertolino,F50-54,36,Female,Italy,1:16:27,6:33,6:10:07,6:19,4:17:50,11:57:16
1006,1762,Dan Falke,M60-64,37,Open,United States,1:16:44,5:42,5:41:11,10:24,4:43:21,11:57:21
1007,1047,Jessica Näf,F35-39,87,Female,Switzerland,1:17:21,6:38,6:09:31,11:14,4:12:47,11:57:32
1008,2385,Tassilo Scherle,M50-54,331,Open,Germany,1:19:20,10:25,6:00:35,11:36,4:15:39,11:57:33
1009,1195,Chelsea Wolfe,F30-34,82,Female,United States,1:04:03,5:13,6:18:03,6:02,4:24:17,11:57:38
1010,951,Samantha Cochrane,F40-44,100,Female,United States,1:13:49,5:01,6:03:14,4:48,4:30:56,11:57:48
1011,650,Sonja Barth,F45-49,59,Female,Germany,1:22:44,3:24,5:39:42,3:44,4:48:29,11:58:03
1012,1645,Thierry Reghem,M60-64,38,Open,France,1:15:22,6:29,5:54:50,5:09,4:36:14,11:58:04
1013,647,Mariana Lara Albert,F45-49,60,Female,United States,1:19:14,4:52,6:13:06,3:56,4:16:58,11:58:06
1014,987,Jennifer Vollmann,F35-39,88,Female,United States,1:15:09,6:43,5:56:08,7:50,4:32:18,11:58:08
1015,1602,Philip Rybecky,M60-64,39,Open,United States,1:25:00,11:16,5:59:25,8:16,4:14:21,11:58:17
1016,936,Meghan Dirito,F40-44,101,Female,United States,59:40,3:47,6:10:58,6:17,4:37:43,11:58:25
1017,1024,Cristy Kennedy,F35-39,89,Female,United States,1:13:53,8:06,6:10:35,6:18,4:19:38,11:58:30
1018,719,Rosa Isela Sagrero Rodriguez,F45-49,61,Female,Mexico,1:13:11,4:23,6:35:04,6:46,3:59:12,11:58:36
1019,561,Julita Sikora,F45-49,62,Female,Poland,1:19:50,3:52,6:10:40,5:51,4:18:29,11:58:41
1020,1651,Pickering Bruce,M60-64,40,Open,United States,1:03:48,6:00,6:01:45,7:06,4:40:03,11:58:43
1021,809,Angela Vinnicombe,F40-44,102,Female,Australia,1:12:25,4:28,6:21:47,6:05,4:13:58,11:58:43
1022,1791,Georges Videau,M60-64,41,Open,France,1:13:31,4:03,5:58:30,7:42,4:34:59,11:58:46
1023,2508,Christopher Pelz,M25-29,168,Open,United States,1:21:05,7:16,6:24:33,7:00,3:58:58,11:58:53
1024,868,Ann Hammer,F40-44,103,Female,United States,1:01:51,4:55,5:50:05,8:42,4:53:21,11:58:53
1025,503,Fatima Fernandez,F50-54,37,Female,Mexico,1:24:19,7:12,6:07:20,6:04,4:13:59,11:58:54
1026,2237,Libor Vanicek,M50-54,332,Open,Czechia,1:20:00,7:35,6:06:12,6:54,4:18:17,11:58:59
1027,1213,Holly Goodman,F30-34,83,Female,United States,1:09:15,4:17,6:10:50,3:58,4:30:41,11:59:00
1028,542,Kelly Phuah,F50-54,38,Female,Australia,1:09:47,3:46,5:47:01,3:52,4:54:33,11:59:00
1029,1803,Thomas Martins,M60-64,42,Open,Germany,1:01:07,6:59,6:00:35,6:36,4:43:50,11:59:06
1030,1399,Aubrie Yarbrough,F18-24,12,Female,United States,1:06:05,8:20,6:29:41,11:13,4:03:49,11:59:08
1031,2137,Stéphane Macadré,M50-54,333,Open,France,1:03:37,5:37,5:57:09,7:27,4:45:25,11:59:15
1032,1761,Peter Uhl,M60-64,43,Open,Germany,1:20:39,6:44,5:57:32,4:37,4:29:48,11:59:20
1033,1714,Andreas Büttner,M60-64,44,Open,Germany,1:10:04,5:34,6:09:36,3:59,4:30:10,11:59:23
1034,1061,Nele Siegmeier,F35-39,90,Female,Germany,1:09:52,3:59,5:55:21,7:41,4:42:34,11:59:26
1035,643,Simone Mayer,F45-49,63,Female,Germany,1:06:02,5:28,6:18:25,5:40,4:23:52,11:59:27
1036,2681,Rick Steele,M50-54,334,Open,United States,1:13:29,7:31,6:09:22,8:27,4:20:39,11:59:29
1037,1136,Andrea Hom Díaz,F30-34,84,Female,Spain,1:20:39,7:02,5:52:24,7:44,4:31:40,11:59:30
1038,989,Helen Wikmar,F35-39,91,Female,Sweden,1:08:06,20:44,6:14:48,5:17,4:10:52,11:59:47
1039,695,Sara Randolph,F45-49,64,Female,United States,1:08:49,6:21,6:20:18,5:20,4:18:59,11:59:47
1040,1304,Alejandra Roman Zamudio,F25-29,50,Female,Mexico,1:22:10,6:29,6:07:57,16:19,4:06:58,11:59:53
1041,2403,Joao Marcelo Faiad E Silva,M50-54,335,Open,Brazil,1:12:01,6:20,5:53:22,7:01,4:41:21,12:00:06
1042,2424,Joe Rogalski,M50-54,336,Open,United States,1:09:01,9:35,6:01:57,6:50,4:32:56,12:00:19
1043,1115,Antoinette Niehaus,F35-39,92,Female,South Africa,1:12:30,7:47,6:27:46,8:17,4:04:01,12:00:22
1044,493,Shelley Wickenheiser,F50-54,39,Female,Canada,1:19:04,7:44,6:06:16,9:38,4:17:52,12:00:34
1045,690,Viridiana Olmos,F35-39,93,Female,Mexico,1:04:58,4:00,5:45:13,3:25,5:03:04,12:00:39
1046,501,Ute Nestler,F50-54,40,Female,Germany,1:19:07,4:58,5:56:14,3:38,4:37:00,12:00:56
1047,1798,Scott Williams,M60-64,45,Open,New Zealand,1:13:39,7:21,5:56:51,8:25,4:34:46,12:01:02
1048,811,Gina Bencivenga,F40-44,104,Female,United States,1:12:05,4:31,6:09:05,4:15,4:31:26,12:01:23
1049,517,Veronica Arriagada,F50-54,41,Female,Chile,1:09:44,6:09,6:01:45,8:15,4:35:35,12:01:29
1050,326,Petra Voegeli-Weibel,F55-59,13,Female,Switzerland,1:18:09,5:10,6:17:26,5:00,4:15:46,12:01:30
1051,816,Sarah Wolfe,F40-44,105,Female,United States,1:22:47,5:23,5:58:25,4:59,4:30:06,12:01:41
1052,1212,Alexandra Vano,F30-34,85,Female,France,1:10:27,5:55,6:24:33,7:15,4:13:31,12:01:41
1053,426,Metka Jug,F50-54,42,Female,Slovenia,1:19:19,4:39,6:14:09,4:52,4:18:53,12:01:52
1054,965,Laura Carolan,F40-44,106,Female,United Kingdom,1:12:45,6:32,6:31:35,5:55,4:05:11,12:01:59
1055,881,Melyssa Brochu,F40-44,107,Female,Canada,1:12:41,6:50,6:15:14,7:31,4:19:49,12:02:05
1056,2123,Edser Kuiper,M50-54,337,Open,Netherlands,1:03:35,8:35,5:34:44,10:43,5:04:28,12:02:05
1057,968,Sarah Thorsen Streit,F40-44,108,Female,Denmark,1:13:22,4:54,6:06:49,8:50,4:28:23,12:02:17
1058,2150,Mike Swan,M50-54,338,Open,United States,1:02:25,7:06,5:38:58,6:46,5:07:09,12:02:25
1059,1082,Lena Chretien,F35-39,94,Female,Germany,1:18:08,5:04,6:04:17,7:35,4:27:25,12:02:29
1060,1502,Greg Taylor,M65-69,6,Open,United States,1:11:37,5:34,6:24:56,6:39,4:14:08,12:02:53
1061,511,Sara Duchesne,F50-54,43,Female,United States,1:17:56,6:27,6:11:07,8:54,4:18:44,12:03:09
1062,764,Amber Stull,F40-44,109,Female,United States,1:08:53,3:20,6:08:49,5:03,4:37:09,12:03:14
1063,702,Adele De La Rey,F45-49,65,Female,Namibia,1:19:03,5:56,6:15:33,6:20,4:16:32,12:03:24
1064,2227,John Chandler,M50-54,339,Open,United States,1:31:12,9:53,5:56:16,15:51,4:10:13,12:03:25
1065,2644,Paul-Emmanuel Entraygues,M25-29,169,Open,France,1:10:30,5:38,5:40:19,7:19,4:59:51,12:03:38
1066,768,Laura Birse,F40-44,110,Female,United States,1:23:12,6:01,5:47:55,8:46,4:37:58,12:03:51
1067,1277,Aina Ussenova,F25-29,51,Female,Kazakhstan,1:37:21,5:53,6:18:39,5:37,3:57:03,12:04:33
1068,409,Tanya Houghton,F50-54,44,Female,United States,1:20:49,4:17,5:50:11,6:07,4:43:12,12:04:35
1069,752,Sarah Peltier,F45-49,66,Female,United States,1:20:00,7:30,6:07:26,7:23,4:22:16,12:04:35
1070,504,Birgit Wessel,F50-54,45,Female,Germany,1:07:15,3:56,6:14:23,3:49,4:35:16,12:04:39
1071,2452,Lincoln Schmidt,M25-29,170,Open,United States,1:19:04,5:56,6:07:45,10:13,4:22:00,12:04:58
1072,817,Liza Burgess,F40-44,111,Female,Canada,1:20:03,4:34,6:16:07,5:49,4:18:32,12:05:06
1073,1869,Christoph Müller,M50-54,340,Open,Germany,1:34:38,5:00,5:55:31,7:59,4:22:01,12:05:09
1074,394,Dora Heller,F50-54,46,Female,Israel,1:35:32,7:07,5:50:00,9:00,4:23:44,12:05:22
1075,1809,Paul Marouschek,M60-64,46,Open,Austria,1:12:53,6:58,6:03:02,8:35,4:33:55,12:05:23
1076,2149,Olov Berg,M50-54,341,Open,Sweden,1:15:30,4:15,6:30:23,5:09,4:10:14,12:05:32
1077,2210,David Brown,M50-54,342,Open,United Kingdom,1:21:35,4:18,6:10:46,6:14,4:22:57,12:05:49
1078,852,Kelly Adamshick,F40-44,112,Female,United States,1:19:29,4:58,6:03:56,7:10,4:30:36,12:06:09
1079,429,Anita Wiesli,F50-54,47,Female,Switzerland,1:25:16,6:12,6:04:04,8:01,4:22:36,12:06:10
1080,2255,Cyrille Collard,M50-54,343,Open,United States,1:13:16,8:17,5:59:51,13:06,4:31:50,12:06:20
1081,2675,Glenn Wastyn,M50-54,344,Open,Belgium,1:08:45,6:45,6:00:19,4:24,4:46:22,12:06:35
1082,1023,Katharina Roer,F35-39,95,Female,Germany,1:10:42,5:08,5:58:51,7:06,4:44:51,12:06:38
1083,2406,Andy Shibata,M50-54,345,Open,Canada,1:06:16,7:27,6:27:39,7:09,4:18:13,12:06:44
1084,1359,Katherine Yenko,F25-29,52,Female,United States,1:09:53,5:01,6:45:33,8:35,3:57:45,12:06:46
1085,2082,Nam Lam,M50-54,346,Open,United States,1:20:08,5:21,6:24:37,7:00,4:09:49,12:06:55
1086,1289,Emily Klug,F25-29,53,Female,United Kingdom,1:11:45,5:43,6:11:24,9:35,4:28:31,12:06:58
1087,2269,Jörg Kaiser,M50-54,347,Open,Germany,1:05:18,5:03,5:53:55,7:13,4:55:30,12:07:00
1088,1352,Laetitia Corbett,F25-29,54,Female,United Kingdom,1:01:53,4:36,6:14:04,5:37,4:40:52,12:07:02
1089,2008,Shaun Paddison,M50-54,348,Open,United Kingdom,1:21:52,7:18,5:49:34,9:40,4:38:43,12:07:08
1090,977,Conny Sander,F35-39,96,Female,Germany,1:24:38,4:51,6:32:07,4:09,4:01:37,12:07:22
1091,483,Olasagasti Nathalie,F50-54,48,Female,France,1:15:21,4:26,6:17:44,6:27,4:23:24,12:07:22
1092,272,Bodil Arlander,F55-59,14,Female,United States,1:20:30,6:34,6:08:03,7:23,4:24:55,12:07:25
1093,1949,Olaf Krüger,M50-54,349,Open,Germany,1:09:26,4:37,5:44:58,7:18,5:01:06,12:07:25
1094,1094,Kc Northup,F35-39,97,Female,United States,1:10:03,4:51,6:20:00,6:26,4:26:25,12:07:45
1095,1680,Roger Hooke,M60-64,47,Open,South Africa,1:11:38,5:25,6:04:42,7:07,4:38:59,12:07:50
1096,771,Ana Miller,F40-44,113,Female,United States,1:27:27,5:19,6:00:54,4:33,4:29:44,12:07:58
1097,1228,Katherine Thompson,F30-34,86,Female,United States,1:16:52,5:13,6:02:49,5:39,4:37:30,12:08:04
1098,972,Eva Varani,F35-39,98,Female,Germany,1:24:33,7:55,6:22:11,8:07,4:05:24,12:08:10
1099,995,Géraldine Le Merrer,F35-39,99,Female,Réunion,1:18:16,5:47,6:18:04,8:22,4:17:48,12:08:16
1100,567,Katja Kallioinen,F45-49,67,Female,Finland,1:17:59,4:52,6:24:39,5:57,4:14:51,12:08:18
1101,774,Kayla Segal,F40-44,114,Female,Canada,1:19:07,4:18,6:01:12,6:07,4:38:00,12:08:43
1102,696,Joanna Borowik,F45-49,68,Female,Poland,1:31:05,7:52,5:57:03,11:11,4:21:36,12:08:47
1103,699,Sharon Styles,F45-49,69,Female,Canada,1:07:53,3:56,6:08:47,6:00,4:42:14,12:08:49
1104,786,Sara Carlson,F40-44,115,Female,United States,1:12:21,3:48,5:57:39,4:54,4:50:24,12:09:06
1105,2094,Cal Cotter,M50-54,350,Open,Australia,1:03:32,4:52,5:49:16,7:01,5:04:43,12:09:23
1106,1755,Eric Frouin,M60-64,48,Open,France,1:16:33,7:27,5:59:24,11:38,4:34:27,12:09:29
1107,713,Kristen Giles,F45-49,70,Female,Canada,1:14:26,5:01,6:10:31,11:54,4:27:44,12:09:36
1108,1941,Holom Mans,M50-54,351,Open,Sweden,1:20:15,6:18,6:06:02,6:44,4:30:20,12:09:39
1109,1795,Andrew Garrett,M60-64,49,Open,Australia,1:11:29,5:08,6:13:26,6:21,4:33:18,12:09:42
1110,2635,Hans Emiliano Meiners Zamora,M25-29,171,Open,Mexico,1:11:37,7:24,5:42:20,5:09,5:03:19,12:09:49
1111,495,Tara-Jay Lapstra,F50-54,49,Female,Canada,1:44:11,12:47,6:11:27,10:38,3:50:51,12:09:54
1112,403,Lora Rigutto Vigliatore,F50-54,50,Female,Canada,1:13:55,5:36,6:34:43,4:46,4:11:05,12:10:05
1113,1106,Hendrika Blackwell,F35-39,100,Female,Netherlands,1:08:51,5:21,5:52:17,7:52,4:55:58,12:10:18
1114,1363,Ophelie Saussus,F25-29,55,Female,Belgium,1:13:05,3:45,6:09:58,4:02,4:39:34,12:10:25
1115,829,Melanie Chapman,F40-44,116,Female,Canada,1:21:32,4:55,6:12:05,6:11,4:25:47,12:10:30
1116,964,Cristine Stahlschmidt,F40-44,117,Female,Brazil,1:12:17,5:57,6:19:45,8:29,4:24:05,12:10:34
1117,1819,Harald Schmiedel,M50-54,352,Open,Germany,1:14:05,4:00,5:18:22,5:39,5:28:32,12:10:38
1118,1746,Jaroslaw Grzelec,M60-64,50,Open,Poland,1:14:48,5:03,5:58:07,5:20,4:47:20,12:10:38
1119,1242,Patricia Fröhlich,F30-34,87,Female,Germany,1:19:40,5:04,6:06:41,4:33,4:35:14,12:11:13
1120,2120,Charles Gluckstein,M50-54,353,Open,Canada,1:13:55,8:26,6:14:41,11:50,4:22:25,12:11:17
1121,922,Ally Oconnell,F40-44,118,Female,United States,59:44,4:40,6:16:25,7:41,4:42:46,12:11:17
1122,1777,ENRIQUE ARTURO De Alba De Alba,M60-64,51,Open,Mexico,1:24:24,5:59,6:00:08,8:07,4:32:42,12:11:20
1123,356,Cicilia Idland,F55-59,15,Female,Norway,1:22:52,5:59,6:26:45,6:21,4:09:24,12:11:22
1124,715,Mary Thorneloe,F45-49,71,Female,United Kingdom,1:20:38,5:40,6:51:55,8:04,3:45:06,12:11:22
1125,1306,Beth Fitzpatrick,F25-29,56,Female,United Kingdom,1:11:40,4:17,6:42:06,3:41,4:09:47,12:11:31
1126,2571,Florian Pierru,M25-29,172,Open,France,1:23:10,6:25,6:02:11,5:00,4:34:50,12:11:36
1127,726,Skye Tavares,F45-49,72,Female,New Zealand,1:09:19,6:02,6:00:15,6:48,4:49:21,12:11:45
1128,2347,David Edelstein,M50-54,354,Open,United States,1:30:04,9:06,6:04:44,8:04,4:20:06,12:12:04
1129,1146,Samantha Weinberg,F30-34,88,Female,United States,1:21:35,7:55,6:26:24,6:54,4:09:18,12:12:07
1130,804,Fernanda Nobrega,F40-44,119,Female,Brazil,1:12:17,5:32,6:07:41,9:32,4:37:27,12:12:29
1131,2108,Juo Hsun Chung,M50-54,355,Open,Taiwan,1:32:05,4:40,5:52:50,7:46,4:35:27,12:12:48
1132,665,Valentina Sestan,F45-49,73,Female,Italy,1:19:48,4:29,6:11:09,3:19,4:34:03,12:12:48
1133,2026,Hirofumi Ohshima,M50-54,356,Open,Japan,1:09:00,6:18,6:04:48,7:07,4:45:45,12:12:58
1134,861,Claire Eckert,F40-44,120,Female,United Kingdom,1:21:45,5:03,6:27:46,4:45,4:13:42,12:13:01
1135,1137,Isabel Geerardyn,F30-34,89,Female,Belgium,1:14:54,6:34,6:11:26,9:49,4:30:20,12:13:04
1136,1198,Tamara Vazquez,F30-34,90,Female,Spain,1:29:58,7:01,6:43:18,6:25,3:46:23,12:13:05
1137,1044,Lawrence Elliott,F35-39,101,Female,United States,1:16:32,7:35,6:25:14,7:04,4:16:45,12:13:09
1138,2350,Bang Trinh,M50-54,357,Open,Vietnam,1:13:01,4:52,5:54:33,6:25,4:54:19,12:13:11
1139,850,Sara Bennett,F40-44,121,Female,United States,1:01:56,6:49,6:18:23,11:15,4:35:06,12:13:30
1140,510,Tiziana Squizzato,F50-54,51,Female,Italy,1:21:05,9:19,6:05:57,22:43,4:14:37,12:13:41
1141,1723,Sergio Peretti,M60-64,52,Open,Argentina,1:18:55,6:52,5:49:09,5:17,4:53:28,12:13:42
1142,1980,Oliver Krecek,M50-54,358,Open,Germany,1:24:29,4:55,6:29:58,4:49,4:09:39,12:13:49
1143,914,Julie Hallé,F40-44,122,Female,Canada,1:25:01,5:36,6:42:29,9:11,3:51:32,12:13:49
1144,1642,Douglas Robertson,M60-64,53,Open,Australia,1:11:42,5:59,6:22:24,7:56,4:25:48,12:13:49
1145,1787,Koji Muroya,M60-64,54,Open,Japan,1:13:33,7:37,6:14:44,9:46,4:28:14,12:13:53
1146,714,Isabel Bleyen,F45-49,74,Female,Belgium,1:30:23,5:01,6:32:13,5:00,4:01:21,12:13:58
1147,1070,Saltanat Kazybayeva,F35-39,102,Female,Kazakhstan,1:16:26,4:53,6:22:05,9:21,4:21:17,12:14:02
1148,1624,Jesus Aureo Martinez Rubio,M60-64,55,Open,Spain,1:28:26,7:24,6:15:40,7:25,4:15:16,12:14:11
1149,2248,Rob Coltman,M50-54,359,Open,United States,1:03:51,4:56,6:02:37,5:14,4:57:34,12:14:11
1150,1883,Lance Heroldt,M50-54,360,Open,South Africa,1:10:35,5:38,6:09:00,8:37,4:40:40,12:14:30
1151,310,Kathy Grady,F55-59,16,Female,United States,1:16:04,5:37,5:59:24,8:44,4:44:42,12:14:31
1152,915,Aimee Perreira,F40-44,123,Female,United States,1:24:11,6:48,6:25:11,3:55,4:14:27,12:14:31
1153,2169,Takashi Makino,M50-54,361,Open,Japan,1:29:34,5:43,6:32:46,9:56,3:56:48,12:14:47
1154,725,Michele Cameron,F45-49,75,Female,South Africa,1:07:37,10:41,6:23:20,9:40,4:23:34,12:14:52
1155,1022,Julie Kozlowski,F35-39,103,Female,United States,1:19:51,3:37,6:13:52,3:46,4:33:52,12:14:58
1156,1639,Andrew Kirk,M60-64,56,Open,United States,1:10:07,5:26,6:06:48,6:08,4:46:32,12:15:01
1157,331,Iris Tiedeken,F55-59,17,Female,Germany,1:09:32,4:12,6:17:23,5:53,4:38:13,12:15:13
1158,1667,Dan Burris,M60-64,57,Open,United States,1:06:47,8:12,6:13:21,10:23,4:36:32,12:15:15
1159,1126,Laura Marcoux,F35-39,104,Female,United States,1:08:13,5:43,6:35:45,6:19,4:19:37,12:15:38
1160,2317,Alexandre Proulx,M50-54,362,Open,Canada,1:16:11,9:02,6:39:41,10:39,4:00:09,12:15:42
1161,2636,Callum Stewart,M25-29,173,Open,United Kingdom,1:22:40,5:53,5:37:05,5:23,5:04:42,12:15:44
1162,2263,Frederic Severino,M50-54,363,Open,France,1:09:21,7:17,5:49:47,8:25,5:01:02,12:15:52
1163,942,Sarah Ryan,F40-44,124,Female,Australia,1:16:31,4:05,6:20:25,6:27,4:28:26,12:15:54
1164,1728,Bojan Skocir,M60-64,58,Open,Slovenia,1:19:59,5:20,5:52:08,3:53,4:54:35,12:15:55
1165,1165,Raquel Nuvolini Wajngarten,F30-34,91,Female,Brazil,1:09:05,4:13,6:03:26,7:57,4:51:16,12:15:57
1166,785,Tamera Finley,F40-44,125,Female,United States,1:22:57,8:04,6:08:03,11:46,4:25:13,12:16:03
1167,812,Sandy O'Keefe,F40-44,126,Female,United States,1:10:02,4:38,6:18:15,5:59,4:37:13,12:16:05
1168,2097,Eusebio Paradinas,M50-54,364,Open,Spain,1:19:10,9:00,5:59:34,7:31,4:40:52,12:16:07
1169,1282,Hailey Hillebrand,F25-29,57,Female,United States,1:04:42,4:20,6:27:34,5:55,4:33:40,12:16:11
1170,1205,Lauren Bourke,F30-34,92,Female,Australia,1:03:16,6:09,6:07:53,8:06,4:50:52,12:16:17
1171,443,Filomena Gomes,F50-54,52,Female,Portugal,1:25:37,6:48,6:09:35,10:09,4:24:12,12:16:21
1172,1625,Peter Beck,M60-64,59,Open,Germany,1:10:29,6:34,6:03:52,6:01,4:49:26,12:16:22
1173,387,Nadia Leach,F55-59,18,Female,Canada,1:32:02,4:41,6:10:14,7:01,4:22:30,12:16:28
1174,2163,Walter Silbert,M50-54,365,Open,United States,1:11:04,7:15,5:54:16,7:23,4:56:32,12:16:30
1175,440,Rita Midthaug,F50-54,53,Female,Norway,1:09:34,5:46,5:58:46,9:40,4:52:45,12:16:31
1176,1697,Phil Saussus,M60-64,60,Open,Belgium,1:21:47,5:41,6:03:54,6:59,4:38:22,12:16:43
1177,970,Angela Cuaresma,F35-39,105,Female,United States,1:15:28,7:57,6:34:17,12:49,4:06:22,12:16:53
1178,563,Bettina Steiger,F45-49,76,Female,Switzerland,1:15:12,5:26,6:39:16,6:52,4:10:08,12:16:55
1179,515,Petra Bleimann,F50-54,54,Female,Germany,1:23:01,4:48,5:59:48,4:59,4:44:21,12:16:57
1180,805,Gwendolyn Steves,F40-44,127,Female,United States,1:14:07,5:14,5:44:09,8:00,5:05:45,12:17:14
1181,300,Brenda Avery,F55-59,19,Female,United States,1:00:58,6:27,6:09:06,7:05,4:53:49,12:17:24
1182,1711,Marc Dunnewijk,M60-64,61,Open,Netherlands,1:13:26,9:25,6:28:12,10:11,4:16:15,12:17:28
1183,776,Shantel Pack,F40-44,128,Female,United States,1:23:48,5:14,6:12:45,5:07,4:30:35,12:17:29
1184,1334,Pauline Ferrand,F25-29,58,Female,France,1:11:44,5:28,6:04:58,3:58,4:51:28,12:17:36
1185,1246,Grace Gilbert,F30-34,93,Female,United Kingdom,1:12:47,6:49,5:55:42,7:29,4:55:05,12:17:52
1186,546,Cinzia Bertoldi,F50-54,55,Female,Italy,1:26:25,5:39,5:56:39,7:04,4:42:19,12:18:06
1187,437,Michelle Brost,F50-54,56,Female,United States,1:15:12,4:55,6:18:52,5:00,4:34:20,12:18:19
1188,321,Alicia Schultz,F55-59,20,Female,United States,1:20:34,4:04,6:16:06,4:06,4:33:32,12:18:22
1189,2093,Dean Bruno,M50-54,366,Open,United States,1:28:28,8:45,5:58:48,8:44,4:33:42,12:18:27
1190,2213,Nestor Salvado,M50-54,367,Open,United States,1:20:35,4:56,6:27:45,6:00,4:19:17,12:18:32
1191,1145,Nicole Heininger,F30-34,94,Female,United States,1:06:27,4:37,6:03:48,7:28,4:56:37,12:18:57
1192,459,Nancy Lynch,F50-54,57,Female,Canada,1:20:24,6:00,6:09:59,6:15,4:36:25,12:19:03
1193,2378,Carter Jackson,M50-54,368,Open,Australia,1:04:10,6:21,5:28:36,7:02,5:33:06,12:19:14
1194,2173,Cem Dagdelen,M50-54,369,Open,Turkey,1:20:13,5:32,6:17:13,7:27,4:28:52,12:19:18
1195,1161,Katie Cistola,F30-34,95,Female,United States,1:12:22,5:37,6:13:16,5:57,4:42:08,12:19:19
1196,672,Ana Karina Rodriguez Rivera,F45-49,77,Female,Mexico,1:25:13,7:30,6:11:03,7:43,4:27:50,12:19:20
1197,1327,Brianna Hudson,F25-29,59,Female,United States,1:12:50,5:17,6:10:39,4:44,4:45:55,12:19:25
1198,813,Lauren Groppi,F40-44,129,Female,United States,1:29:16,6:58,6:28:24,8:10,4:06:39,12:19:28
1199,1623,Gilles Cuenat,M60-64,62,Open,Switzerland,1:16:42,9:02,6:17:56,8:34,4:27:21,12:19:36
1200,688,Amy Hite,F45-49,78,Female,United States,1:14:51,5:25,6:12:47,5:22,4:41:15,12:19:39
1201,830,Caroline Delplanque,F40-44,130,Female,France,1:09:16,4:22,6:00:39,5:35,4:59:54,12:19:46
1202,1921,David Mattson,M50-54,370,Open,New Zealand,1:05:26,6:34,6:05:22,6:06,4:56:30,12:19:58
1203,885,Beth Halford,F40-44,131,Female,Canada,58:07,3:54,6:03:42,5:32,5:08:48,12:20:03
1204,1648,Andrew Short,M60-64,63,Open,Australia,1:21:42,5:06,5:58:17,4:54,4:50:11,12:20:08
1205,448,Heidi Schmitt,F50-54,58,Female,United States,1:13:34,4:54,6:24:14,5:07,4:32:25,12:20:14
1206,2271,Michael Hanson,M50-54,371,Open,New Zealand,1:19:02,5:18,6:00:01,5:43,4:50:13,12:20:18
1207,1909,Rolf Bender,M50-54,372,Open,United States,1:13:12,5:52,6:31:22,4:58,4:25:00,12:20:24
1208,831,Emma Lindgren,F40-44,132,Female,Sweden,1:13:15,5:49,6:14:01,6:46,4:40:36,12:20:26
1209,103,Lauren Parker,FHC,,Female,Australia,1:03:01,6:20,7:14:10,8:26,3:48:38,12:20:35
1210,2362,Morten Andersen,M50-54,373,Open,Norway,1:16:28,5:48,5:36:52,5:53,5:15:35,12:20:36
1211,884,Marta Sroka,F40-44,133,Female,Poland,1:32:22,6:03,6:09:49,7:13,4:25:11,12:20:38
1212,953,Jennifer Hayes,F40-44,134,Female,United States,1:23:57,8:00,6:23:35,10:17,4:15:05,12:20:54
1213,671,Carmen Daou,F45-49,79,Female,Australia,1:19:22,8:53,6:24:08,6:38,4:21:53,12:20:55
1214,282,Kris Stolmeier,F55-59,21,Female,United States,1:19:46,4:36,5:51:37,6:12,4:58:49,12:21:00
1215,530,Fiona Whitby,F50-54,59,Female,Canada,1:13:42,5:22,6:05:48,8:35,4:47:46,12:21:14
1216,1038,Melanie Ott,F35-39,106,Female,United States,1:13:51,5:27,6:02:23,11:26,4:48:15,12:21:23
1217,2668,Jed Vanichkachorn,M50-54,374,Open,United States,1:18:28,8:24,6:17:17,7:07,4:30:13,12:21:29
1218,2291,Erik Dellasanta,M50-54,375,Open,United States,1:10:48,5:54,6:10:17,8:21,4:46:11,12:21:30
1219,553,Marykate Mclaughlin,F50-54,60,Female,United States,1:33:54,6:04,6:11:46,7:56,4:21:54,12:21:35
1220,1346,Ewa Susmarska,F25-29,60,Female,Poland,1:26:46,5:56,6:14:26,11:28,4:23:01,12:21:37
1221,940,Rike Westermann,F40-44,135,Female,Germany,1:20:08,6:06,6:06:11,10:48,4:38:31,12:21:44
1222,2349,Jon Orr,M50-54,376,Open,United States,1:23:51,7:03,6:08:19,11:03,4:31:52,12:22:07
1223,1290,Khloe Healy,F25-29,61,Female,Australia,1:00:00,4:31,5:34:49,3:43,5:39:16,12:22:19
1224,172,Donna Smyers,F65-69,1,Female,United States,1:20:52,5:22,6:16:42,8:09,4:31:33,12:22:38
1225,2136,Tim Starets,M50-54,377,Open,United States,1:06:21,4:11,5:25:42,4:48,5:41:37,12:22:39
1226,792,Heather Glynn,F40-44,136,Female,United States,1:19:46,4:57,6:04:47,8:22,4:44:49,12:22:40
1227,1166,Victoria Lederer,F30-34,96,Female,United States,1:02:03,4:31,6:12:27,4:31,4:59:20,12:22:53
1228,350,Valérie Graziani,F55-59,22,Female,France,1:31:03,4:26,6:35:50,5:16,4:06:22,12:22:57
1229,325,Heidi O'shea,F55-59,23,Female,United States,1:12:21,5:33,6:20:33,8:59,4:35:44,12:23:10
1230,1039,Shao-Ping Lo,F35-39,107,Female,Taiwan,1:33:04,8:20,6:06:04,11:17,4:24:32,12:23:17
1231,2246,Chris Catullo,M50-54,378,Open,United States,1:17:48,9:27,6:32:26,8:33,4:15:10,12:23:24
1232,1055,Paola Gamboa,F35-39,108,Female,Ecuador,1:09:46,6:33,6:13:13,9:22,4:44:44,12:23:39
1233,1666,Rico Romagnoli,M60-64,64,Open,Switzerland,1:28:29,6:53,6:15:13,7:58,4:25:10,12:23:44
1234,467,Huong Britto,F50-54,61,Female,United States,1:18:17,5:53,5:56:18,5:37,4:57:41,12:23:45
1235,832,Julie Gagnon,F40-44,137,Female,Canada,1:12:20,6:43,6:11:42,6:18,4:46:42,12:23:47
1236,479,Maria Yarur Terre,F50-54,62,Female,Chile,1:19:11,4:14,6:09:34,4:55,4:45:58,12:23:52
1237,1692,Volker Sonnenburg,M60-64,65,Open,Germany,1:31:32,5:32,5:41:03,4:49,5:01:04,12:24:01
1238,1174,Katrine Gottlieb,F30-34,97,Female,Denmark,1:16:20,4:24,6:20:52,5:02,4:37:31,12:24:09
1239,684,Suzy Hawkins,F45-49,80,Female,United Kingdom,1:19:20,6:37,6:17:27,10:24,4:30:30,12:24:19
1240,717,Danielle Sullivan,F45-49,81,Female,United States,1:10:35,4:45,6:16:05,5:54,4:47:06,12:24:25
1241,333,Ellen Meyer-Rogge,F55-59,24,Female,Germany,1:34:00,4:57,6:31:01,4:01,4:10:27,12:24:25
1242,1243,Gabriela Cerda,F30-34,98,Female,Chile,1:12:43,5:45,6:10:17,7:05,4:48:43,12:24:33
1243,2231,Chad Mcmahon,M50-54,379,Open,United States,1:08:40,6:32,5:46:11,8:03,5:15:10,12:24:36
1244,712,Angie Defilippi,F45-49,82,Female,United States,1:17:17,5:23,6:43:00,4:48,4:14:17,12:24:44
1245,301,Heike Risse,F55-59,25,Female,Germany,1:36:23,9:09,6:06:04,6:06,4:27:17,12:24:59
1246,2346,Toby Miller,M50-54,380,Open,United States,1:19:18,9:39,5:45:07,6:29,5:04:33,12:25:05
1247,2453,Valentin Ramez,M25-29,174,Open,France,1:16:57,7:24,5:31:56,8:04,5:21:04,12:25:26
1248,1823,Greg Spierings,M50-54,381,Open,Australia,1:09:44,8:05,5:58:51,8:17,5:00:30,12:25:26
1249,2297,Daniel Hill,M50-54,382,Open,United States,1:50:25,7:36,5:27:44,7:55,4:51:50,12:25:30
1250,599,Jane Oidekivi,F45-49,83,Female,Estonia,1:15:58,4:49,6:10:49,6:20,4:47:44,12:25:39
1251,240,Sharon Mackinnon,F60-64,1,Female,Canada,1:15:07,7:14,6:17:19,9:23,4:36:45,12:25:47
1252,1035,Sonja Blumenberg,F35-39,109,Female,Germany,1:14:38,6:09,6:14:24,6:58,4:44:00,12:26:08
1253,573,Tomoko Gnodtke,F45-49,84,Female,Japan,1:19:55,5:44,6:30:22,7:45,4:22:29,12:26:16
1254,2391,Marian Pletea,M50-54,383,Open,Romania,1:21:04,6:57,6:07:31,6:32,4:44:13,12:26:16
1255,474,Holly Balogh,F50-54,63,Female,United States,1:18:58,7:06,6:06:40,5:47,4:47:52,12:26:24
1256,2376,Scott Hamilton,M50-54,384,Open,Canada,1:07:23,6:52,5:56:00,6:30,5:09:42,12:26:26
1257,499,Ellen Kuhl,F50-54,64,Female,United States,1:17:32,5:28,6:29:17,6:54,4:27:24,12:26:35
1258,1259,Eva Frieden,F30-34,99,Female,United States,1:25:40,6:48,6:22:27,7:17,4:24:32,12:26:44
1259,631,Nicolle Weir,F45-49,85,Female,South Africa,1:20:30,11:03,6:09:57,8:07,4:37:12,12:26:49
1260,551,Joanna Tywczynski,F50-54,65,Female,Germany,1:28:12,4:56,6:26:46,6:15,4:20:44,12:26:53
1261,2162,Manuel Alcázar,M50-54,385,Open,Spain,1:16:27,6:09,6:05:36,6:01,4:52:42,12:26:56
1262,199,Sharon Mcdowell-Larsen,F60-64,2,Female,Canada,1:09:38,5:56,6:26:44,6:51,4:37:48,12:26:57
1263,781,Cynthia Bartus,F40-44,138,Female,United States,1:27:19,10:24,6:09:36,6:57,4:32:54,12:27:11
1264,783,Ursel Velve,F40-44,139,Female,Estonia,1:08:10,5:54,6:11:19,7:10,4:54:45,12:27:18
1265,582,Raquel Sampson,F45-49,86,Female,United States,1:16:17,5:23,6:15:47,8:14,4:41:42,12:27:22
1266,297,Melanie Loomis,F55-59,26,Female,United States,1:15:06,6:21,6:37:24,8:37,4:20:11,12:27:38
1267,2199,Benjamin Lloyd,M50-54,386,Open,United Kingdom,1:04:22,6:11,5:51:01,5:38,5:20:42,12:27:54
1268,1099,Melissa Derickx,F35-39,110,Female,Australia,1:09:56,7:06,6:24:16,7:44,4:39:03,12:28:05
1269,1018,Jaquelin Hubbard,F35-39,111,Female,United States,1:20:13,6:43,6:00:15,12:28,4:48:32,12:28:10
1270,2257,Glen Osmond,M50-54,387,Open,Poland,1:00:26,3:40,5:54:15,10:25,5:19:39,12:28:25
1271,2143,Cheng-Tso Tsai,M50-54,388,Open,Taiwan,1:19:09,6:08,6:16:52,6:11,4:40:10,12:28:30
1272,1097,Mariana Wingood,F35-39,112,Female,United States,1:23:07,5:08,6:21:05,7:07,4:32:12,12:28:38
1273,1263,Kelsey Liu,F30-34,100,Female,United States,56:57,3:56,6:14:56,5:41,5:07:17,12:28:47
1274,1726,Vincent Ortiz,M60-64,66,Open,United States,1:20:38,6:39,5:48:25,8:25,5:04:45,12:28:51
1275,871,Lauren Van Allen,F40-44,140,Female,United States,1:12:04,4:42,6:17:50,4:58,4:49:22,12:28:56
1276,1227,Marie Kalkusová,F30-34,101,Female,Czechia,1:22:38,7:56,6:35:19,5:56,4:17:12,12:28:59
1277,931,Rebecca Coughlan,F40-44,141,Female,Ireland,1:16:23,5:41,6:12:54,10:35,4:43:30,12:29:03
1278,357,Britni Bakk,F55-59,27,Female,United States,1:13:55,4:23,6:03:16,4:08,5:03:29,12:29:10
1279,946,Laura Aykroyd,F40-44,142,Female,United States,1:18:50,5:07,5:42:24,9:32,5:13:34,12:29:27
1280,1293,Sierra Skoropada,F25-29,62,Female,Canada,1:12:43,7:49,6:29:38,10:20,4:28:59,12:29:29
1281,2284,Louis-Philippe Mcgraw,M50-54,389,Open,Canada,1:14:32,8:27,6:18:21,10:44,4:37:29,12:29:34
1282,1622,Uwe Reitz,M60-64,67,Open,Germany,1:29:48,6:55,6:17:05,5:55,4:29:52,12:29:35
1283,1605,Peter Hermes,M60-64,68,Open,Germany,1:18:18,7:44,6:05:23,7:23,4:50:51,12:29:39
1284,388,Lisa Neubauer,F50-54,66,Female,United States,1:12:48,5:21,6:12:50,7:59,4:50:49,12:29:47
1285,405,Emma-Jane Bradfield,F50-54,67,Female,United Kingdom,1:28:01,6:22,5:59:38,8:59,4:46:52,12:29:51
1286,1384,Sabrina Klotz,F18-24,13,Female,Germany,1:00:47,5:56,6:10:35,5:50,5:06:43,12:29:51
1287,1952,Jean-Marc Outil,M50-54,390,Open,France,54:43,4:30,6:18:52,5:52,5:06:42,12:30:40
1288,386,Stefanie Nowak,F55-59,28,Female,Germany,1:28:47,5:22,6:38:59,8:46,4:08:50,12:30:44
1289,1877,Darren Griffiths,M50-54,391,Open,Australia,1:35:35,13:04,6:06:08,8:25,4:27:39,12:30:50
1290,1565,Dariusz Drapella,M65-69,7,Open,Poland,1:17:08,5:14,6:01:20,4:34,5:02:40,12:30:56
1291,1317,Eloise Carroll,F25-29,63,Female,Australia,1:21:05,5:24,6:35:41,6:05,4:22:43,12:30:58
1292,2161,Thomas Jäger,M50-54,392,Open,Germany,1:08:37,4:35,5:34:26,5:24,5:38:02,12:31:04
1293,586,Fiona Lawrence,F45-49,87,Female,Australia,1:17:33,6:47,6:20:30,6:42,4:39:41,12:31:12
1294,1906,Cid Cardoso Jr,M50-54,393,Open,Brazil,1:11:07,6:10,5:34:15,6:46,5:32:57,12:31:15
1295,780,Tiencia James,F40-44,143,Female,United States,1:33:04,4:47,6:10:19,7:00,4:36:26,12:31:36
1296,1394,Corinne Mouw,F18-24,14,Female,United States,1:11:35,7:57,6:29:58,5:27,4:36:39,12:31:37
1297,818,Lotte Høj Thomsen,F40-44,144,Female,Denmark,1:10:13,4:44,5:48:47,5:33,5:22:23,12:31:40
1298,610,Mirka Lumia,F45-49,88,Female,Finland,1:33:03,6:21,6:08:41,8:33,4:35:05,12:31:43
1299,646,Lotta Alexandersson,F45-49,89,Female,Sweden,1:26:41,5:46,6:15:27,9:16,4:35:02,12:32:13
1300,923,Cendrine Gerosa,F40-44,145,Female,Switzerland,1:09:37,5:43,6:27:49,8:06,4:40:59,12:32:14
1301,1226,Julia De Leeuw,F30-34,102,Female,Netherlands,1:04:13,4:14,5:40:00,5:58,5:37:52,12:32:17
1302,692,Melissa Schad,F45-49,90,Female,United States,1:12:12,6:53,5:57:14,9:40,5:06:29,12:32:27
1303,1847,Mark Lund,M50-54,394,Open,United States,1:19:30,6:32,5:56:02,9:17,5:01:12,12:32:32
1304,1824,Scott Rice,M50-54,395,Open,United States,1:28:04,9:34,5:44:45,6:43,5:03:26,12:32:32
1305,1854,Enrico Braglia,M50-54,396,Open,Italy,1:14:24,6:34,5:47:49,7:55,5:15:52,12:32:34
1306,464,Rachel Crunk,F50-54,68,Female,United States,1:25:04,4:44,6:04:16,6:59,4:51:41,12:32:44
1307,1066,Jessie Stevens,F35-39,113,Female,United States,1:19:10,4:51,6:23:07,8:33,4:37:08,12:32:48
1308,532,Rochelle Arko,F50-54,69,Female,United States,1:20:09,6:58,6:15:23,8:13,4:42:07,12:32:50
1309,2152,Oliver Cerbo,M50-54,397,Open,Guam,1:24:31,5:46,6:05:06,4:41,4:52:59,12:33:02
1310,626,Mieke Hemstreet,F45-49,91,Female,United States,1:22:23,7:20,6:14:52,12:01,4:36:28,12:33:03
1311,115,Scott Woolsey,MPC,,Open,United States,1:09:08,4:11,6:36:07,4:21,4:39:24,12:33:11
1312,623,Jennifer Milton,F45-49,92,Female,Canada,1:12:55,7:36,6:30:51,7:25,4:34:25,12:33:12
1313,2265,Christian De Watteville,M50-54,398,Open,Switzerland,1:16:34,10:05,6:18:21,7:35,4:40:40,12:33:16
1314,2167,Christian Campbell,M50-54,399,Open,Australia,1:11:55,5:58,6:06:52,4:41,5:03:54,12:33:20
1315,2371,C. Chaney,M50-54,400,Open,United States,59:24,3:31,6:08:25,3:47,5:18:15,12:33:22
1316,281,Durdica Orepic,F55-59,29,Female,Croatia,1:28:33,7:14,6:11:39,7:00,4:39:00,12:33:26
1317,284,Judy Anderson,F55-59,30,Female,United States,1:10:58,7:40,6:32:13,7:33,4:35:16,12:33:41
1318,761,Kristen Wilson,F45-49,93,Female,United States,1:13:06,4:33,6:15:18,5:35,4:55:13,12:33:44
1319,952,Magda Warzybok,F40-44,146,Female,Poland,1:21:26,7:10,6:19:00,6:35,4:39:37,12:33:48
1320,1162,Kerstin Buchzik,F30-34,103,Female,Germany,1:18:39,3:44,6:10:23,8:44,4:52:18,12:33:48
1321,732,Rebecca Bader,F45-49,94,Female,United States,1:25:11,5:18,6:06:04,5:53,4:51:39,12:34:04
1322,655,Juliana Amaral,F45-49,95,Female,Brazil,1:19:07,6:31,7:03:01,9:19,3:56:14,12:34:12
1323,1717,Tom Glynn,M60-64,69,Open,United States,1:28:52,9:15,6:09:11,7:52,4:39:06,12:34:17
1324,744,Catherine Glenister,F45-49,96,Female,United Kingdom,1:19:06,5:33,6:12:57,8:24,4:48:41,12:34:40
1325,1525,Kurt Madden,M65-69,8,Open,United States,1:05:07,4:49,6:05:10,5:44,5:13:56,12:34:46
1326,1180,Katharine Hopping,F30-34,104,Female,Australia,1:08:59,10:59,6:57:01,14:33,4:03:21,12:34:53
1327,171,Jane Macleod,F65-69,2,Female,Canada,1:29:57,6:00,6:23:49,9:55,4:25:29,12:35:09
1328,490,Sanne Nissen Moller,F50-54,70,Female,Denmark,1:31:48,6:00,6:06:28,8:57,4:42:10,12:35:23
1329,292,Jackie Hatherly,F55-59,31,Female,Canada,1:02:10,5:57,6:00:26,6:15,5:20:39,12:35:27
1330,848,Jess Barrett,F40-44,147,Female,United States,1:03:24,6:17,6:02:12,7:06,5:16:31,12:35:28
1331,108,Andrés Gutierrez Brandt,MPC,,Open,Costa Rica,1:28:58,8:40,6:39:17,11:43,4:06:56,12:35:33
1332,2087,Tarmo Kalviste,M50-54,401,Open,Estonia,1:02:39,6:24,6:13:00,8:34,5:05:02,12:35:39
1333,1657,Erik Van Meel,M60-64,70,Open,Belgium,1:19:40,5:35,6:24:04,7:45,4:38:51,12:35:55
1334,1029,Mary Swayze,F35-39,114,Female,United States,1:07:57,4:09,6:09:17,6:31,5:08:04,12:35:58
1335,2507,Alexander Woodward,M25-29,175,Open,United Kingdom,1:26:58,13:00,6:52:01,9:09,3:54:52,12:36:00
1336,549,Katherine Kay,F50-54,71,Female,Canada,1:09:47,8:11,6:16:24,7:00,4:54:38,12:36:00
1337,2307,MAGNUS FORSS,M50-54,402,Open,Sweden,1:08:44,7:49,6:40:30,10:55,4:28:05,12:36:03
1338,1628,Kris Warszawski,M60-64,71,Open,United States,1:30:10,7:57,5:50:56,6:45,5:00:16,12:36:03
1339,1599,Istvan Makk,M60-64,72,Open,United States,1:28:49,6:39,6:10:54,8:17,4:41:30,12:36:09
1340,698,Tracy Morrison,F45-49,97,Female,United States,1:23:20,8:15,6:39:13,10:55,4:14:47,12:36:29
1341,993,Maria Andreas,F35-39,115,Female,Germany,1:11:16,5:22,6:01:59,7:59,5:10:02,12:36:38
1342,624,Sagit Kaufman,F45-49,98,Female,Israel,1:20:45,9:01,6:39:46,6:49,4:20:20,12:36:41
1343,863,Hanna Törnqvist,F40-44,148,Female,Sweden,1:32:15,4:04,6:03:10,5:57,4:51:37,12:37:03
1344,1203,Aleksandra Sienicka,F30-34,105,Female,Poland,1:09:18,5:01,6:18:12,11:24,4:53:11,12:37:05
1345,651,Renee Swinson,F45-49,99,Female,United States,1:16:32,4:28,5:41:25,4:52,5:30:02,12:37:19
1346,844,Belen Valdovinos,F40-44,149,Female,Paraguay,1:21:13,4:56,6:28:45,7:09,4:35:25,12:37:28
1347,278,Kate Stebbings,F55-59,32,Female,Canada,1:38:57,4:26,6:01:07,5:38,4:47:21,12:37:29
1348,252,Siobhan Kennedy,F60-64,3,Female,Ireland,1:35:39,8:53,6:31:41,9:55,4:11:27,12:37:35
1349,347,Julie Dunkle,F55-59,33,Female,United States,1:02:08,5:20,5:50:08,9:46,5:30:16,12:37:38
1350,1245,Laura Milone,F30-34,106,Female,United Kingdom,1:26:51,8:18,6:41:37,5:44,4:15:13,12:37:44
1351,1603,Thomas Herget,M60-64,73,Open,United States,1:17:15,6:28,5:44:34,5:24,5:24:10,12:37:50
1352,1989,Joris Vrij,M50-54,403,Open,Netherlands,1:21:05,6:03,5:39:53,7:57,5:23:04,12:38:03
1353,1002,Ekaterina Hardin,F35-39,116,Female,United States,1:18:50,6:03,6:13:26,8:55,4:50:56,12:38:09
1354,384,Autilia Stapper Brummelink,F55-59,34,Female,Netherlands,1:20:44,6:25,6:19:13,5:22,4:46:27,12:38:11
1355,246,Marie-Josee Cossette,F60-64,4,Female,Canada,1:05:47,5:56,6:22:05,7:21,4:57:07,12:38:15
1356,270,Izumi Yamashita,F55-59,35,Female,Japan,1:16:19,8:31,6:25:45,7:42,4:40:01,12:38:17
1357,1568,Darryl Smith,M65-69,9,Open,Australia,1:23:33,6:11,6:13:06,5:04,4:50:33,12:38:26
1358,1720,Huy Nguyen,M60-64,74,Open,United States,1:36:18,6:06,6:13:31,6:58,4:35:37,12:38:30
1359,1959,DAVID ISTVAN,M50-54,404,Open,United States,1:19:01,12:23,6:40:05,9:38,4:17:31,12:38:39
1360,2390,Robert Morales,M50-54,405,Open,United States,1:19:11,7:17,6:30:52,7:50,4:33:44,12:38:55
1361,1350,Anaïs Horckmans,F25-29,64,Female,France,1:19:50,4:26,6:34:16,7:56,4:32:50,12:39:17
1362,1519,Guy Hachey,M65-69,10,Open,Canada,1:15:12,7:31,6:05:51,8:20,5:02:24,12:39:19
1363,1050,Michelle Reeves,F35-39,117,Female,United Kingdom,1:16:20,6:11,6:27:18,12:10,4:37:21,12:39:20
1364,378,Petra Krallmann-Brüll,F55-59,36,Female,Germany,1:10:49,4:29,6:20:54,7:39,4:55:28,12:39:20
1365,674,Chantal Künzli,F45-49,100,Female,Switzerland,1:09:09,4:26,6:21:31,6:29,4:57:52,12:39:27
1366,509,Jennifer Martone,F50-54,72,Female,United States,1:19:41,5:35,6:32:04,5:14,4:36:55,12:39:28
1367,1789,Marc Rheingold,M60-64,75,Open,United States,1:15:01,7:37,6:16:16,10:30,4:50:05,12:39:30
1368,1961,Henry Van Den Bedem,M50-54,406,Open,United States,1:20:32,8:12,5:45:18,7:42,5:17:47,12:39:32
1369,1672,Klaus Haller,M60-64,76,Open,Denmark,1:44:43,8:57,6:09:23,11:09,4:25:22,12:39:35
1370,954,Kristin Martin,F40-44,150,Female,United States,1:21:26,5:00,6:19:06,3:54,4:50:09,12:39:35
1371,1700,Paul Burrows,M60-64,77,Open,New Zealand,1:12:13,7:18,6:16:52,9:11,4:54:11,12:39:44
1372,101,Alexandre Paviza,MHC,,Open,France,1:12:49,4:47,8:03:59,3:23,3:14:53,12:39:52
1373,2500,Nicholas Ladas,M25-29,176,Open,United States,1:06:16,3:57,5:39:32,4:18,5:45:51,12:39:54
1374,1007,Åsa Miemois,F35-39,118,Female,Sweden,1:33:26,5:05,6:21:49,4:56,4:34:41,12:39:57
1375,1095,Aida Yesterekova,F35-39,119,Female,Kazakhstan,1:31:32,6:20,6:45:41,7:03,4:09:27,12:40:03
1376,759,Krista Lapan,F45-49,101,Female,United States,1:17:36,7:36,6:24:22,8:51,4:41:40,12:40:05
1377,1197,Daphne Schoenmakers,F30-34,107,Female,Netherlands,1:16:28,4:52,6:04:14,6:34,5:07:57,12:40:06
1378,2216,Paul Colucci,M50-54,407,Open,United States,1:20:19,8:42,5:52:08,9:58,5:09:22,12:40:30
1379,434,Ruth Murdie,F50-54,73,Female,United Kingdom,1:26:16,6:17,5:59:37,7:53,5:00:47,12:40:50
1380,1045,Stephanie Reinhold,F35-39,120,Female,United States,1:15:18,6:00,6:09:47,10:58,4:58:51,12:40:54
1381,1861,Joan Salvador Escala Arnau,M50-54,408,Open,Spain,1:27:39,6:07,6:08:37,5:16,4:53:18,12:40:56
1382,311,Cynthia Carr,F55-59,37,Female,United States,1:22:06,5:05,6:17:10,6:23,4:50:22,12:41:07
1383,1373,Mia Keller,F18-24,15,Female,United States,1:05:30,4:34,6:23:22,9:30,4:58:12,12:41:09
1384,2573,Fraser Minnican,M25-29,177,Open,United Kingdom,47:45,2:44,6:28:38,6:38,5:15:28,12:41:12
1385,478,Claudine Jansen,F50-54,74,Female,Netherlands,1:31:59,5:23,6:18:07,10:13,4:35:58,12:41:41
1386,2670,Dave Carvajal,M50-54,409,Open,United States,1:08:44,9:42,6:31:27,9:09,4:42:39,12:41:41
1387,342,Jane Cole,F55-59,38,Female,Australia,1:13:14,4:27,6:15:20,6:52,5:01:51,12:41:44
1388,2445,U Ian Lo,M25-29,178,Open,Macao,1:19:15,6:14,6:12:27,9:04,4:55:02,12:42:03
1389,1654,Zbigniew Glinkowski,M60-64,78,Open,Poland,1:31:43,7:38,6:17:05,6:20,4:39:26,12:42:12
1390,1718,Iain Campbell,M60-64,79,Open,United States,1:06:54,4:26,6:18:42,6:30,5:05:53,12:42:25
1391,1913,Marco Micheli,M50-54,410,Open,Italy,1:24:53,6:59,5:53:58,6:09,5:10:40,12:42:40
1392,1770,Howard Konicov,M60-64,80,Open,United States,1:19:03,8:29,6:07:40,10:44,4:56:47,12:42:44
1393,566,Luisa Miguens,F45-49,102,Female,Argentina,1:19:46,5:03,6:25:03,14:24,4:38:31,12:42:47
1394,728,Maja Haastrup Ishøi,F45-49,103,Female,Denmark,1:18:07,6:01,6:03:06,7:43,5:07:55,12:42:52
1395,2013,Juan Martin Mendez,M50-54,411,Open,Spain,1:05:37,7:32,6:34:50,6:33,4:48:33,12:43:04
1396,407,Caroline Wilson,F50-54,75,Female,United States,1:36:02,4:57,6:12:21,4:01,4:45:55,12:43:16
1397,2076,Chris Howson,M50-54,412,Open,United States,1:25:31,7:27,6:13:28,10:37,4:46:23,12:43:27
1398,327,Julia Weisbecker,F55-59,39,Female,United States,1:05:48,9:11,6:19:16,14:00,4:55:18,12:43:33
1399,1390,Julia Shouse,F18-24,16,Female,France,1:17:24,6:02,6:33:05,5:47,4:41:18,12:43:36
1400,1121,Camellia Hill,F35-39,121,Female,Canada,1:29:57,8:02,6:37:39,8:49,4:19:19,12:43:46
1401,1400,Elizabeth Stewart,F18-24,17,Female,United Kingdom,1:03:37,5:47,6:39:44,8:12,4:46:28,12:43:48
1402,419,Stacey Campeau,F50-54,76,Female,Canada,1:28:46,6:19,5:54:08,11:10,5:03:36,12:43:59
1403,797,Rachel Majors,F40-44,151,Female,United States,1:23:22,8:33,6:27:22,8:23,4:36:30,12:44:09
1404,2296,Todd Giardinelli,M50-54,413,Open,United States,56:38,4:19,5:47:02,6:09,5:50:03,12:44:13
1405,2369,Jon Moher,M50-54,414,Open,Canada,1:19:26,12:20,5:46:01,11:01,5:15:31,12:44:19
1406,749,Cindy Mercier,F45-49,104,Female,Canada,1:12:18,5:38,6:25:44,6:40,4:54:02,12:44:22
1407,2091,Nuno Sousa,M50-54,415,Open,Portugal,1:17:31,7:21,6:30:14,7:03,4:42:30,12:44:39
1408,984,Eliza Dorn,F35-39,122,Female,United States,1:17:14,9:24,6:14:44,11:49,4:51:38,12:44:48
1409,557,Bonnie Ritchotte,F50-54,77,Female,United States,1:31:17,10:17,6:46:53,11:31,4:05:11,12:45:10
1410,1107,Nurmaganova Dana,F35-39,123,Female,Kazakhstan,1:43:36,8:10,6:20:19,9:30,4:23:41,12:45:16
1411,2134,Oscar Zuleta,M50-54,416,Open,Colombia,1:17:09,7:54,6:19:53,7:53,4:52:30,12:45:19
1412,1271,Bethany Gollin,F25-29,65,Female,United States,1:28:43,8:20,6:43:11,10:48,4:14:16,12:45:19
1413,1220,Aleksandra Kieda,F30-34,108,Female,Poland,1:30:32,5:17,6:30:25,7:09,4:32:03,12:45:27
1414,1067,Mary Jane Baluyot,F35-39,124,Female,Philippines,1:25:52,12:40,6:11:55,9:52,4:45:09,12:45:28
1415,2090,David Ahrens,M50-54,417,Open,United States,1:10:48,7:17,6:27:40,12:33,4:47:23,12:45:39
1416,1558,Bodo Schröter,M65-69,11,Open,Germany,1:31:26,6:10,6:44:28,7:17,4:16:30,12:45:51
1417,597,Elizabeth Johnson,F45-49,105,Female,United States,1:17:36,10:58,6:26:59,6:50,4:43:27,12:45:51
1418,332,Angela Clarke-O'Connor,F55-59,40,Female,Australia,1:11:01,6:11,6:27:46,5:27,4:55:45,12:46:11
1419,161,Michele Allison,F65-69,3,Female,New Zealand,1:15:49,5:35,6:33:41,5:20,4:45:48,12:46:14
1420,425,Heike Schmidt,F50-54,78,Female,Germany,1:28:44,4:41,6:31:19,5:20,4:36:18,12:46:21
1421,2682,Jason Fowler,MHC,,Open,United States,1:28:34,4:31,8:03:58,8:08,3:01:15,12:46:27
1422,488,Jeanette Mucha,F50-54,79,Female,United States,1:09:43,4:42,6:20:36,4:25,5:07:03,12:46:28
1423,1206,Emily Freeman,F30-34,109,Female,United Kingdom,55:39,4:50,5:33:59,3:17,6:08:56,12:46:40
1424,1673,Stewart Mcrobie,M60-64,81,Open,New Zealand,1:19:45,6:53,5:52:26,5:52,5:21:53,12:46:49
1425,796,Karen Rasmussen,F40-44,152,Female,New Zealand,1:12:05,6:39,6:30:09,7:30,4:50:27,12:46:50
1426,484,Liselott Håkansson,F50-54,80,Female,Sweden,1:26:25,5:33,6:17:15,7:01,4:50:40,12:46:54
1427,1890,David Smith,M50-54,418,Open,United States,1:04:16,7:39,6:43:08,11:23,4:40:29,12:46:55
1428,512,Roslyn Mcginty,F50-54,81,Female,United Kingdom,1:19:18,7:43,6:13:35,13:06,4:53:22,12:47:04
1429,767,Lynsey Carpenter,F40-44,153,Female,United Kingdom,1:26:19,5:24,6:25:06,11:12,4:39:13,12:47:13
1430,758,Kirstin Beedie,F45-49,106,Female,Bermuda,1:06:06,4:06,6:22:03,8:28,5:06:38,12:47:20
1431,865,Andrea Foianini,F40-44,154,Female,Bolivia,1:32:41,6:47,6:16:48,6:44,4:44:33,12:47:33
1432,637,Alexandra Dreu,F45-49,107,Female,Germany,1:10:39,5:38,6:00:43,7:40,5:22:58,12:47:38
1433,2431,Tsu Huang,M50-54,419,Open,Taiwan,1:30:29,6:16,5:52:30,5:39,5:13:02,12:47:56
1434,423,Heather Lafreniere,F50-54,82,Female,United States,1:08:51,4:24,6:39:20,5:34,4:49:54,12:48:04
1435,1918,Stephen Warriner,M50-54,420,Open,United Kingdom,1:23:44,6:18,6:11:38,10:32,4:55:55,12:48:07
1436,526,An Ravestijn,F50-54,83,Female,Belgium,1:30:19,7:23,6:01:14,4:51,5:04:48,12:48:35
1437,1349,Ayu Ichikawa,F25-29,66,Female,Japan,1:17:20,5:22,6:33:37,8:31,4:43:46,12:48:37
1438,2435,Christoph Hussmann,M50-54,421,Open,Germany,1:24:02,6:46,6:14:09,8:30,4:55:13,12:48:40
1439,1403,Lauren Hogg,F18-24,18,Female,Canada,1:13:19,6:31,6:42:43,9:03,4:37:12,12:48:49
1440,1129,Heather Koning,F30-34,110,Female,United States,1:13:53,7:09,5:49:51,13:07,5:24:49,12:48:50
1441,1444,Fred Skinner,M70-74,1,Open,United States,1:27:49,9:52,6:04:04,7:36,4:59:33,12:48:54
1442,621,Michelle Nunez,F45-49,108,Female,United States,1:28:03,8:27,6:23:02,9:39,4:39:48,12:48:59
1443,808,Jamie Lake,F40-44,155,Female,United States,1:15:15,5:57,6:29:15,7:00,4:51:39,12:49:06
1444,2380,Kilian Spitzner,M50-54,422,Open,Germany,1:25:29,4:02,5:51:44,6:10,5:21:42,12:49:08
1445,694,Alisa Dicaprio,F45-49,109,Female,United States,1:11:06,6:20,6:44:14,7:19,4:40:10,12:49:10
1446,1830,Regis Brun,M50-54,423,Open,France,1:23:18,4:07,6:19:34,5:51,4:56:22,12:49:13
1447,2285,Shawn Bernardi,M50-54,424,Open,United States,1:09:57,7:30,6:15:08,15:23,5:01:25,12:49:21
1448,706,Keele Kozak,F45-49,110,Female,Canada,1:11:57,5:21,6:41:12,5:54,4:45:04,12:49:29
1449,1689,Pekka Aijasaho,M60-64,82,Open,Finland,1:23:05,5:35,6:45:17,7:40,4:27:54,12:49:30
1450,2071,Marco Ugherani,M50-54,425,Open,Italy,1:14:45,5:21,6:08:39,4:40,5:16:08,12:49:32
1451,1749,Garrett Brown,M60-64,83,Open,United States,1:25:03,9:45,5:54:54,10:34,5:09:24,12:49:40
1452,1074,Samantha Knapp,F35-39,125,Female,United States,1:14:46,8:20,6:09:53,10:38,5:06:07,12:49:44
1453,708,Elizabeth Brennell,F45-49,111,Female,United States,1:05:58,9:37,6:23:22,14:23,4:56:45,12:50:05
1454,355,Catherine Gance,F55-59,41,Female,France,1:25:23,6:29,6:18:35,7:55,4:51:48,12:50:10
1455,707,Kami Banks,F45-49,112,Female,United States,1:20:03,5:15,6:36:28,11:21,4:37:07,12:50:13
1456,2118,Anthony Lucas,M50-54,426,Open,Australia,1:17:15,10:03,6:43:54,9:48,4:29:17,12:50:18
1457,604,Robin Soares,F45-49,113,Female,United States,1:14:06,8:32,6:46:45,7:48,4:33:12,12:50:22
1458,1779,David Virden,M60-64,84,Open,United Kingdom,1:19:15,6:23,6:30:35,6:00,4:48:21,12:50:34
1459,1646,Mike Theis,M60-64,85,Open,Germany,1:12:53,5:36,6:24:29,5:24,5:02:22,12:50:45
1460,2058,Rod Mosier,M50-54,427,Open,United States,1:05:56,5:48,6:30:26,9:03,4:59:43,12:50:55
1461,1236,Madalene Cleary,F30-34,111,Female,Australia,1:06:26,6:05,6:24:43,8:16,5:05:34,12:51:05
1462,882,Rebecca Kirvan-Rodgers,F40-44,156,Female,United Kingdom,1:23:13,4:43,6:36:49,7:34,4:39:08,12:51:28
1463,2065,Brendan Doyle,M50-54,428,Open,Ireland,1:16:34,9:30,6:29:25,7:01,4:48:59,12:51:28
1464,1059,Andreea Calugaru,F35-39,126,Female,Romania,1:20:20,6:47,6:43:14,7:47,4:33:52,12:52:01
1465,941,Josée Demers,F40-44,157,Female,Canada,1:32:28,3:08,6:34:03,7:53,4:34:34,12:52:06
1466,757,Hallie Labrador,F45-49,114,Female,United States,1:16:55,7:08,6:24:09,9:00,4:55:00,12:52:13
1467,299,Anja Ilse Breitfeld,F55-59,42,Female,Germany,1:20:46,6:50,6:21:44,11:20,4:51:41,12:52:20
1468,1369,Tess Hughes,F18-24,19,Female,United Kingdom,1:15:19,4:46,6:16:26,4:06,5:11:47,12:52:24
1469,111,Peter Herstrøm,MPC,,Open,Denmark,1:29:37,10:27,5:56:44,9:24,5:06:19,12:52:32
1470,2075,Tom Spencer,M50-54,429,Open,United States,1:25:17,12:17,5:59:32,11:02,5:04:28,12:52:36
1471,2122,Gene Kelly,M50-54,430,Open,United States,1:24:10,8:53,6:35:12,8:40,4:35:42,12:52:37
1472,934,Cortney Divito,F40-44,158,Female,United States,1:21:30,9:58,6:23:48,7:54,4:49:30,12:52:40
1473,2466,Andrew Donofrio,M25-29,179,Open,United States,1:31:16,6:56,6:07:15,8:37,4:58:51,12:52:55
1474,1899,Emmanuel Mondero,M50-54,431,Open,Philippines,1:35:44,5:49,6:17:55,8:25,4:45:11,12:53:03
1475,527,Christiane Wermann,F50-54,84,Female,Germany,1:29:56,6:25,6:29:38,9:11,4:37:57,12:53:07
1476,1793,Michael Passinger,M60-64,86,Open,Germany,1:21:40,4:25,6:28:13,5:31,4:53:47,12:53:35
1477,722,Sally Poole,F45-49,115,Female,Australia,1:25:38,13:31,6:32:16,13:08,4:29:10,12:53:43
1478,410,Julia Spark,F50-54,85,Female,New Zealand,1:28:00,7:49,6:13:53,9:54,4:54:10,12:53:47
1479,887,Lauren Murphy,F40-44,159,Female,Australia,1:09:57,5:15,6:10:33,7:37,5:20:25,12:53:47
1480,2521,James Jenkins,M25-29,180,Open,United States,1:30:21,3:58,6:33:40,4:41,4:41:06,12:53:47
1481,2326,Christopher Riley,M50-54,432,Open,United Kingdom,1:32:02,8:28,6:01:43,9:59,5:01:49,12:54:01
1482,461,Rachel Taylor,F50-54,86,Female,Canada,1:09:39,5:07,6:56:24,5:53,4:37:05,12:54:07
1483,1328,Hannah Hartlieb,F25-29,67,Female,Germany,1:03:45,4:35,6:20:36,5:32,5:19:48,12:54:16
1484,305,Christine Aurigemma,F55-59,43,Female,United States,1:19:12,8:07,6:23:39,10:44,4:52:37,12:54:19
1485,2145,Steven Vanbergen,M50-54,433,Open,Belgium,1:32:05,7:06,6:37:27,7:19,4:30:22,12:54:19
1486,304,Mariella Bighelli,F55-59,44,Female,Italy,1:20:12,4:59,6:30:21,3:30,4:55:17,12:54:21
1487,352,Pernille Kinnunen,F55-59,45,Female,Denmark,1:35:28,6:18,5:57:58,11:07,5:03:32,12:54:23
1488,554,Charlotte Farrant,F50-54,87,Female,Canada,1:14:47,4:53,6:41:14,8:38,4:45:03,12:54:34
1489,1690,Norman Kim,M60-64,87,Open,United States,1:15:40,9:59,6:30:11,11:46,4:47:03,12:54:39
1490,1801,Rudy Hoskens,M60-64,88,Open,Belgium,1:20:55,7:13,6:33:23,7:50,4:45:22,12:54:43
1491,1578,Alistair Abbott,M65-69,12,Open,United Kingdom,1:17:44,6:13,6:16:45,7:54,5:06:12,12:54:48
1492,740,Tarryn Gordon-Bennett,F45-49,116,Female,South Africa,1:29:38,6:08,6:42:20,9:15,4:27:32,12:54:53
1493,967,Barbara Rieger,F40-44,160,Female,Germany,1:23:13,4:08,5:59:48,7:32,5:20:42,12:55:23
1494,337,Brigitte Malgrange,F55-59,46,Female,Belgium,1:29:39,6:31,6:41:19,6:10,4:31:57,12:55:36
1495,1495,Oliver Mellet,M65-69,13,Open,United States,1:20:48,9:56,6:33:39,12:39,4:38:35,12:55:36
1496,1817,Alex Begg,M60-64,89,Open,United States,1:13:24,7:43,5:33:13,8:01,5:53:17,12:55:38
1497,2159,Greg Lummis,M50-54,434,Open,Canada,1:17:05,6:43,5:36:42,8:57,5:46:28,12:55:56
1498,1744,Robert Taylor,M60-64,90,Open,United States,1:38:10,7:25,6:10:00,12:15,4:48:10,12:56:01
1499,374,Stefanie Otte,F55-59,47,Female,Germany,1:20:26,8:28,6:18:00,9:29,4:59:45,12:56:08
1500,907,Melanie Walker,F40-44,161,Female,United Kingdom,1:28:46,7:56,6:25:12,7:54,4:46:28,12:56:16
1501,755,Baker Adele,F45-49,117,Female,United Kingdom,1:15:59,6:03,6:35:27,7:47,4:51:21,12:56:37
1502,547,Jeannine Mahoney,F50-54,88,Female,United States,1:19:36,5:47,6:51:21,7:32,4:32:36,12:56:52
1503,2550,Chris Carter,M25-29,181,Open,United States,1:07:46,6:51,6:58:55,12:06,4:31:21,12:56:59
1504,420,Sandra Byrne,F50-54,89,Female,United States,1:05:13,8:29,6:40:47,10:19,4:52:12,12:57:00
1505,303,Susanne Ebersbach,F55-59,48,Female,United States,1:25:27,8:03,6:15:25,8:39,4:59:43,12:57:16
1506,986,Elissa Commins,F35-39,127,Female,Australia,1:13:31,5:49,5:52:55,7:26,5:37:45,12:57:25
1507,508,Nicole Duback,F50-54,90,Female,United States,1:20:12,11:13,6:26:50,8:35,4:50:39,12:57:28
1508,743,Heidi Wouters,F45-49,118,Female,Belgium,1:31:15,11:26,6:22:51,5:31,4:47:00,12:58:03
1509,803,Monica Falgueras Velazquez,F40-44,162,Female,Spain,1:13:58,4:13,6:24:56,6:19,5:08:39,12:58:03
1510,395,Anna Guy,F50-54,91,Female,New Zealand,1:26:54,6:23,6:39:56,8:45,4:36:09,12:58:08
1511,1551,Jörg Popke,M65-69,14,Open,Germany,1:13:16,7:22,6:34:28,6:43,4:56:32,12:58:20
1512,1734,Don Gallagher,M60-64,91,Open,Canada,1:27:09,13:48,6:58:39,12:08,4:06:37,12:58:22
1513,883,Jessica Rangel,F40-44,163,Female,United States,1:19:53,10:55,6:56:50,12:07,4:18:42,12:58:27
1514,901,Kristi Mccracken,F40-44,164,Female,Canada,1:08:02,9:12,6:21:15,10:35,5:09:33,12:58:37
1515,541,Andrea Fisher,F50-54,92,Female,United States,1:02:34,4:15,6:09:25,7:37,5:34:51,12:58:42
1516,406,Kelly Collins,F50-54,93,Female,United States,1:20:40,5:16,6:59:55,6:20,4:26:37,12:58:48
1517,433,Louella O'Herlihy,F50-54,94,Female,United Kingdom,1:21:13,5:03,6:08:38,31:24,4:52:32,12:58:50
1518,2247,Stephen Ripley,M50-54,435,Open,United Kingdom,1:16:14,10:04,6:16:12,12:37,5:03:45,12:58:52
1519,366,Dominique Matteau,F55-59,49,Female,Canada,1:30:15,3:57,6:25:25,5:08,4:54:12,12:58:56
1520,790,Ana Gabriela Obregon,F40-44,165,Female,Mexico,1:20:33,6:52,7:17:02,7:19,4:07:16,12:59:01
1521,718,Monika Frank,F45-49,119,Female,Switzerland,1:14:02,4:37,6:30:44,7:20,5:02:26,12:59:09
1522,676,Henrietta Farrell,F45-49,120,Female,Australia,1:25:11,8:47,6:40:34,13:00,4:31:40,12:59:12
1523,2503,John Niño Monte,M25-29,182,Open,Philippines,1:33:10,5:46,6:10:47,6:32,5:02:57,12:59:12
1524,2367,Jürgen Kröber,M50-54,436,Open,Germany,1:15:16,8:15,6:30:43,8:08,4:57:03,12:59:25
1525,328,Eva-Lott Elefant,F55-59,50,Female,Sweden,1:22:51,6:37,6:43:00,9:38,4:37:22,12:59:27
1526,523,Carrie Van Quathem,F50-54,95,Female,United States,1:17:13,7:57,6:37:36,9:35,4:47:08,12:59:29
1527,1491,Hans-Joachim Weissflog,M65-69,15,Open,Germany,1:31:38,8:37,6:26:16,8:37,4:44:30,12:59:37
1528,1015,Lydia Blackburn,F35-39,128,Female,United States,1:34:06,6:19,6:46:27,8:17,4:24:32,12:59:39
1529,279,Claudia  Elena Paez,F55-59,51,Female,Argentina,1:26:40,8:00,6:32:38,14:30,4:38:00,12:59:48
1530,1736,Roger Jacobsson,M60-64,92,Open,Sweden,1:08:03,6:38,6:07:28,8:01,5:29:55,13:00:04
1531,1970,Chip Hawkins,M50-54,437,Open,United States,1:28:48,11:35,6:25:18,10:13,4:44:21,13:00:15
1532,2157,Rick Malo,M50-54,438,Open,United States,1:16:53,11:14,6:13:02,9:21,5:10:10,13:00:40
1533,2190,David Orchard,M50-54,439,Open,Canada,1:03:28,6:15,5:32:43,8:36,6:09:48,13:00:50
1534,1951,Garrick Peters,M50-54,440,Open,United States,1:14:40,7:16,6:41:04,11:11,4:46:43,13:00:54
1535,207,Elizabeth Gannon,F60-64,5,Female,United Kingdom,1:33:37,5:35,6:27:18,8:30,4:45:57,13:00:57
1536,716,Silke Roßkopf,F45-49,121,Female,Germany,1:38:17,5:32,6:32:27,5:59,4:39:01,13:01:16
1537,1330,Caroline Chartier,F25-29,68,Female,Canada,1:17:24,6:19,6:18:09,5:41,5:13:59,13:01:32
1538,1900,David Light,M50-54,441,Open,United States,1:03:54,5:41,5:47:54,10:34,5:53:56,13:01:58
1539,316,Julie Bedford,F55-59,52,Female,United States,1:20:41,5:32,6:32:13,8:21,4:55:14,13:02:00
1540,249,Linda Potts,F60-64,6,Female,South Africa,1:13:18,4:32,6:42:52,9:10,4:52:11,13:02:03
1541,1404,Jordan Ambrose,F18-24,20,Female,United States,1:06:26,6:13,6:39:29,6:31,5:03:31,13:02:09
1542,540,Kimberly Funasaki,F50-54,96,Female,United States,1:12:14,7:07,7:02:06,7:53,4:32:52,13:02:12
1543,307,Line Ste-Marie,F55-59,53,Female,Canada,1:29:36,4:42,6:52:00,17:54,4:19:05,13:03:17
1544,521,Dawn English,F50-54,97,Female,United States,1:10:25,6:35,6:45:16,9:27,4:51:38,13:03:21
1545,843,Kerry Hickson,F40-44,166,Female,United Kingdom,58:02,3:53,5:39:06,4:06,6:18:30,13:03:36
1546,1588,Bernhard Krummenacher,M65-69,16,Open,Switzerland,2:00:20,6:11,6:04:00,7:35,4:45:35,13:03:41
1547,1882,Privacy_Request_1443056 Privacy_Request_1443056,M50-54,442,Open,Peru,1:13:32,6:49,6:24:20,8:25,5:10:35,13:03:41
1548,1996,Christophe Chouteau,M50-54,443,Open,France,1:17:13,4:41,6:13:48,9:39,5:18:29,13:03:51
1549,2067,Murray Bruce,M50-54,444,Open,Australia,1:03:49,4:33,6:00:44,7:42,5:47:19,13:04:06
1550,2331,James Tyler,M50-54,445,Open,Australia,1:24:45,9:26,6:35:52,11:58,4:42:19,13:04:20
1551,1393,Jessica Parker-Edwards,F18-24,21,Female,United Kingdom,1:26:47,6:10,6:56:42,9:10,4:25:45,13:04:33
1552,2479,Matthew Palombo,M25-29,183,Open,United States,1:11:21,8:37,6:47:35,9:54,4:47:15,13:04:42
1553,588,Frances Recchia,F45-49,122,Female,United Kingdom,1:17:12,6:10,6:20:40,8:46,5:12:03,13:04:51
1554,1549,Wolfram Rapp,M65-69,17,Open,Germany,1:31:48,7:59,6:37:01,8:00,4:40:11,13:05:00
1555,340,Linda Newman,F55-59,54,Female,United States,1:03:59,5:32,6:25:10,9:19,5:21:06,13:05:06
1556,1010,Heather Prochnow,F35-39,129,Female,United States,1:05:16,7:00,6:21:44,12:34,5:18:33,13:05:08
1557,935,Mirjana Rankovic,F40-44,167,Female,Serbia,1:09:01,5:20,6:55:26,8:53,4:46:35,13:05:15
1558,975,Kristin Kurokawa,F35-39,130,Female,United States,1:14:51,5:13,6:09:18,8:08,5:28:10,13:05:41
1559,2457,Sam Holness,M25-29,184,Open,United Kingdom,1:18:05,7:55,6:21:05,9:29,5:09:09,13:05:44
1560,609,Elaine Griffin,F45-49,123,Female,United States,1:18:12,6:25,6:06:30,6:33,5:28:13,13:05:55
1561,2019,Richard Kane,M50-54,446,Open,United Kingdom,1:10:06,12:33,6:13:07,14:27,5:15:48,13:06:01
1562,286,Jacquie Allgire,F55-59,55,Female,United States,1:29:45,5:32,6:42:49,8:11,4:39:45,13:06:01
1563,1564,Oscar Gallo,M65-69,18,Open,Argentina,1:21:05,4:00,6:30:19,4:30,5:06:15,13:06:08
1564,2386,Bryan Shiflett,M50-54,447,Open,United States,1:05:40,4:20,5:53:27,7:12,5:55:42,13:06:21
1565,1687,Michael Stacey,M60-64,93,Open,United Kingdom,1:27:28,4:30,6:16:55,9:24,5:08:09,13:06:26
1566,1559,Wolf-Peter Sollmann,M65-69,19,Open,Germany,1:23:48,7:15,6:43:33,8:21,4:43:35,13:06:32
1567,677,Jane Pilger,F45-49,124,Female,United States,1:06:02,5:39,6:31:36,8:39,5:14:37,13:06:34
1568,2653,Elizabeth Fitzsullivan,F40-44,168,Female,United States,1:25:58,8:02,6:47:15,8:29,4:36:52,13:06:36
1569,346,Sue Rubens,F55-59,56,Female,United States,1:20:42,5:41,6:13:35,6:01,5:20:37,13:06:37
1570,1931,David Holden,M50-54,448,Open,United States,56:19,5:16,6:11:01,7:15,5:46:51,13:06:42
1571,265,Karen Tamson,F55-59,57,Female,United States,1:10:51,5:36,6:45:49,7:18,4:57:24,13:06:59
1572,2623,Ryan Fleischer,M25-29,185,Open,United States,1:03:16,6:04,6:27:04,5:20,5:25:33,13:07:17
1573,236,Julie Kaczor,F60-64,7,Female,United States,1:28:04,7:37,6:30:36,8:40,4:52:20,13:07:17
1574,522,Corinna Fenzl,F50-54,98,Female,Austria,1:19:42,4:38,6:37:47,6:43,4:58:40,13:07:30
1575,1695,Mark Allen,M60-64,94,Open,United States,1:42:16,8:09,6:25:03,7:18,4:44:44,13:07:31
1576,280,Jane Baldwin,F55-59,58,Female,New Zealand,1:16:44,5:50,6:14:48,11:41,5:18:55,13:07:57
1577,1668,Scott Mcintyre,M60-64,95,Open,United States,1:15:09,9:49,6:21:24,10:26,5:11:12,13:08:01
1578,319,Vanessa Ince,F55-59,59,Female,United States,1:15:17,6:28,6:14:53,6:49,5:25:03,13:08:29
1579,1747,Timo Turpeinen,M60-64,96,Open,Finland,1:28:05,5:59,6:27:58,8:58,4:57:41,13:08:41
1580,2024,Scott Gende,M50-54,449,Open,United States,1:21:30,13:19,6:30:57,12:31,4:50:36,13:08:54
1581,1727,Gerardo Guerra,M60-64,97,Open,Mexico,1:15:53,8:38,6:46:25,5:05,4:52:57,13:08:58
1582,2229,Troy Roussel,M50-54,450,Open,United States,1:16:27,11:40,6:28:17,13:30,4:59:07,13:09:02
1583,1595,David Mcleod,M60-64,98,Open,Australia,1:18:44,7:46,6:49:52,6:58,4:45:48,13:09:08
1584,2666,Matthew Wong,M50-54,451,Open,United States,1:25:23,7:11,6:40:38,10:18,4:45:39,13:09:09
1585,1739,Gustavo Iriarte,M60-64,99,Open,Argentina,1:14:14,9:04,6:23:49,11:03,5:11:27,13:09:37
1586,1939,Giorgio Conte,M50-54,452,Open,Italy,1:25:00,5:58,6:24:48,8:33,5:05:20,13:09:39
1587,1239,Sarah Poskitt,F30-34,112,Female,United Kingdom,1:27:25,7:16,6:36:55,6:44,4:51:29,13:09:50
1588,373,Britta Falkenstein,F55-59,60,Female,Germany,1:30:57,4:08,6:42:08,4:28,4:48:18,13:10:00
1589,1669,Robert Derick,M60-64,100,Open,United States,1:36:32,9:25,6:55:49,9:29,4:19:13,13:10:28
1590,1012,Emma Cooke,F35-39,131,Female,United Kingdom,1:12:55,5:13,6:27:47,7:28,5:17:13,13:10:37
1591,494,Laura Mcgill,F50-54,99,Female,United Kingdom,1:25:48,6:58,6:19:26,10:36,5:08:01,13:10:48
1592,807,Aida Koshabayeva,F40-44,169,Female,Kazakhstan,1:35:33,11:36,6:47:17,13:15,4:23:23,13:11:05
1593,1836,Andrew Vrees,M50-54,453,Open,United States,1:29:02,9:50,6:37:25,9:46,4:45:05,13:11:08
1594,876,Ching Yi Hsu,F40-44,170,Female,Taiwan,1:31:14,7:10,6:38:06,8:07,4:46:32,13:11:09
1595,418,Michele Schlesser,F50-54,100,Female,United States,1:29:00,10:25,6:30:16,10:59,4:50:33,13:11:13
1596,917,Carolina Lanza,F40-44,171,Female,Spain,1:30:56,10:30,6:45:38,11:51,4:32:24,13:11:19
1597,349,A B,F55-59,61,Female,United States,1:18:22,6:11,6:58:07,8:06,4:40:33,13:11:20
1598,2254,Philip Mcglade,M50-54,454,Open,Australia,1:08:39,8:26,5:43:42,11:40,5:58:53,13:11:21
1599,1760,Andreas Backes,M60-64,101,Open,Germany,1:17:36,13:59,7:10:11,9:29,4:20:21,13:11:36
1600,336,Lesley Burke,F55-59,62,Female,United States,1:24:51,5:29,6:40:19,8:24,4:53:02,13:12:05
1601,1688,Thierry Maffre,M60-64,102,Open,France,1:20:08,6:16,6:25:39,9:02,5:11:07,13:12:11
1602,814,Anastasia Mckay,F40-44,172,Female,United States,1:38:40,11:44,6:38:19,10:20,4:33:14,13:12:17
1603,244,Jackie Davidson,F60-64,8,Female,Canada,1:31:11,5:24,7:08:30,5:23,4:22:08,13:12:35
1604,619,Jen Bohen,F45-49,125,Female,United States,1:17:45,7:58,7:06:37,11:37,4:28:42,13:12:39
1605,2586,Alistair Garfoot,M25-29,186,Open,United Kingdom,1:20:14,5:57,6:18:09,9:34,5:18:48,13:12:42
1606,469,Elizabeth Mahoney,F50-54,101,Female,United States,1:13:30,10:20,6:25:35,12:51,5:10:26,13:12:42
1607,938,Bex Fink,F40-44,173,Female,United States,1:24:28,4:28,6:17:17,4:35,5:21:57,13:12:45
1608,534,Claudia Platzek,F50-54,102,Female,Germany,1:17:32,6:10,6:46:18,10:35,4:52:14,13:12:48
1609,341,Katie Parr,F55-59,63,Female,United States,1:20:32,7:17,6:48:41,17:31,4:38:55,13:12:57
1610,487,Charlotte Carver,F50-54,103,Female,United Kingdom,1:35:26,8:50,6:52:36,8:17,4:27:55,13:13:04
1611,1936,Shannon Pritchard,M50-54,455,Open,United States,1:12:23,7:30,5:57:41,10:56,5:44:44,13:13:14
1612,206,Mimi Ford,F60-64,9,Female,United States,1:18:07,8:06,6:32:00,9:54,5:05:15,13:13:21
1613,215,Cindy Register,F60-64,10,Female,United States,1:23:08,8:20,6:31:31,9:17,5:01:21,13:13:37
1614,2151,Marc Roy,M50-54,456,Open,Canada,1:00:28,4:57,6:12:16,11:20,5:44:36,13:13:38
1615,2046,Kevin Hause,M50-54,457,Open,United States,1:05:24,4:56,6:23:01,9:39,5:31:08,13:14:09
1616,1683,Jen Hui Fu,M60-64,103,Open,Taiwan,1:23:54,8:21,6:58:24,6:16,4:37:30,13:14:24
1617,2180,Phillip Cox,M50-54,458,Open,United States,1:20:49,7:08,6:29:24,9:41,5:07:35,13:14:37
1618,552,Nickie Scriven,F50-54,104,Female,Australia,1:13:31,6:20,6:28:53,14:40,5:11:23,13:14:47
1619,634,Kristina Beckendorf,F45-49,126,Female,Denmark,1:25:44,6:14,6:23:26,8:24,5:10:58,13:14:47
1620,1179,Jayne Edwards,F30-34,113,Female,United Kingdom,1:12:58,6:12,6:48:56,5:21,5:01:21,13:14:48
1621,703,Susan Reimer,F45-49,127,Female,Denmark,1:19:51,8:04,6:26:20,7:09,5:13:49,13:15:12
1622,500,Rose Shabet,F50-54,105,Female,United States,1:23:28,6:08,6:22:04,8:23,5:15:20,13:15:24
1623,1329,Emily Jakob,F25-29,69,Female,United States,1:13:46,7:28,7:26:48,9:39,4:17:49,13:15:31
1624,2295,Mark Arbib,M50-54,459,Open,Australia,1:46:39,9:06,6:24:00,7:28,4:48:45,13:15:58
1625,2279,Gareth Holebrook,M50-54,460,Open,New Zealand,1:22:17,10:19,5:51:29,9:32,5:42:37,13:16:14
1626,1590,Georg Birkeneder,M65-69,20,Open,Germany,1:17:16,5:01,5:58:51,5:21,5:49:56,13:16:25
1627,2114,Arlo Skowyra,M50-54,461,Open,United States,1:45:38,14:30,6:11:53,9:13,4:55:33,13:16:47
1628,1704,Mario Dr. Marsch,M60-64,104,Open,Germany,1:40:11,7:39,6:16:19,8:00,5:04:51,13:17:00
1629,1031,Meredith Gardner,F35-39,132,Female,United States,1:03:40,3:48,6:16:29,6:29,5:46:43,13:17:10
1630,1580,Lorival Amaro  Barbosa,M65-69,21,Open,Brazil,1:40:03,5:49,6:37:32,6:36,4:47:16,13:17:16
1631,593,Kim Lewis,F45-49,128,Female,Canada,1:34:30,10:11,6:02:24,9:15,5:21:06,13:17:27
1632,2033,Pablo Rubio-Ponce,M50-54,462,Open,Honduras,1:05:45,7:04,5:45:59,9:11,6:09:32,13:17:31
1633,1398,Smilla Skarstind,F18-24,22,Female,Sweden,1:15:46,4:51,6:35:18,8:25,5:13:13,13:17:34
1634,377,Patti Lawrence,F55-59,64,Female,United States,1:24:55,8:15,6:11:26,8:51,5:24:09,13:17:35
1635,2119,Attila Meretei,M50-54,463,Open,United States,1:14:51,7:56,6:16:04,10:37,5:28:42,13:18:10
1636,1143,Lies Vermont,F30-34,114,Female,Belgium,1:09:35,6:17,6:34:23,6:20,5:21:50,13:18:26
1637,195,Barbara Holmes,F60-64,11,Female,United Kingdom,1:05:46,6:20,6:53:44,13:19,4:59:21,13:18:31
1638,1908,Mark Durno,M50-54,464,Open,United States,1:12:12,7:23,6:45:06,8:12,5:05:49,13:18:43
1639,575,Marcella Rietz,F45-49,129,Female,United States,1:19:24,4:39,6:05:04,4:14,5:45:50,13:19:10
1640,472,Christine Jansen,F50-54,106,Female,Canada,1:20:59,8:05,6:44:00,13:12,4:53:02,13:19:18
1641,1139,Corrie Weikle,F30-34,115,Female,United States,1:09:56,7:16,6:36:35,6:56,5:18:36,13:19:18
1642,1202,Audrey Maheu,F30-34,116,Female,United States,1:28:24,4:48,6:57:22,8:20,4:40:44,13:19:38
1643,2206,Meng Hua Chiu,M50-54,465,Open,Taiwan,1:30:27,6:40,6:26:00,8:59,5:07:41,13:19:48
1644,363,Cristina Andonegui,F55-59,65,Female,Chile,1:24:41,6:42,6:36:23,7:58,5:04:09,13:19:52
1645,701,Amy Engel,F45-49,130,Female,United States,1:08:53,10:34,6:33:54,9:55,5:16:36,13:19:53
1646,1679,Brian Smith,M60-64,105,Open,United States,1:14:43,8:05,6:02:26,5:52,5:48:59,13:20:05
1647,358,Louise Taylor,F55-59,66,Female,Canada,1:19:30,6:22,7:06:49,8:39,4:38:50,13:20:09
1648,1975,Brian Burton,M50-54,466,Open,United States,1:14:27,8:00,6:13:54,10:42,5:33:14,13:20:18
1649,1471,Rick Simpson,M70-74,2,Open,United States,1:11:13,3:48,6:08:20,4:12,5:53:01,13:20:34
1650,334,Marilza Saldanha,F55-59,67,Female,Brazil,1:26:03,6:27,6:49:48,4:45,4:53:40,13:20:43
1651,2148,John Schlosser,M50-54,467,Open,United States,1:08:31,5:02,5:25:19,6:06,6:36:14,13:21:12
1652,1822,Martin Brans,M50-54,468,Open,United States,1:11:29,10:31,5:30:56,14:38,6:13:38,13:21:12
1653,188,Joanne Collins,F60-64,12,Female,United States,1:26:57,7:18,6:40:08,5:26,5:01:23,13:21:12
1654,2060,Gabriel Lopez,M50-54,469,Open,Guatemala,1:25:53,5:48,6:11:19,9:23,5:28:53,13:21:16
1655,424,Chiemi Muroi,F50-54,107,Female,Japan,1:48:25,5:26,6:46:16,4:23,4:36:55,13:21:26
1656,412,Stephanie Rose,F50-54,108,Female,Canada,1:20:30,7:25,6:37:21,10:06,5:06:06,13:21:27
1657,2103,Carlos Montenegro,M50-54,470,Open,Mexico,1:21:02,6:04,7:05:16,7:29,4:41:39,13:21:30
1658,312,Aline Schlosser,F55-59,68,Female,France,1:28:16,7:47,6:48:50,8:16,4:48:25,13:21:35
1659,1518,George Funk,M65-69,22,Open,Australia,1:18:21,8:24,6:10:41,8:37,5:35:43,13:21:46
1660,1396,Grace Lindell,F18-24,23,Female,United States,1:06:57,5:46,6:50:21,6:33,5:12:22,13:21:58
1661,641,Peggy Kleidon,F45-49,131,Female,Germany,1:09:28,4:57,7:07:32,9:41,4:50:22,13:21:59
1662,2191,Ted Sowle,M50-54,471,Open,United States,1:23:48,14:51,6:53:17,9:16,4:40:55,13:22:07
1663,471,Carmen Remien,F50-54,109,Female,Germany,1:22:04,6:29,6:28:05,10:09,5:15:24,13:22:12
1664,1818,Jordi Zabaleta Gasco,M60-64,106,Open,Spain,1:18:41,8:40,6:35:44,9:32,5:09:41,13:22:18
1665,221,Pamela Baller,F60-64,13,Female,United States,1:26:51,9:48,6:28:29,14:17,5:03:11,13:22:37
1666,1743,Graham Tedoldi,M60-64,107,Open,Australia,1:10:35,18:43,6:58:19,11:18,4:43:42,13:22:37
1667,663,Alexia Bouthiaux Chapey,F45-49,132,Female,France,1:18:16,6:28,7:12:31,9:54,4:35:33,13:22:41
1668,894,Michelle Batchelor,F40-44,174,Female,United Kingdom,1:13:23,9:19,6:43:54,19:02,4:57:10,13:22:49
1669,611,Wendy Lyall,F45-49,133,Female,United States,1:27:39,6:26,6:31:44,5:41,5:11:20,13:22:51
1670,1026,Tanyi Chao,F35-39,133,Female,Taiwan,1:33:01,7:09,6:19:52,10:37,5:12:13,13:22:52
1671,929,Kelly Szklany,F40-44,175,Female,United States,1:23:14,6:41,6:47:09,9:46,4:56:06,13:22:56
1672,330,Megan Moa,F55-59,69,Female,Australia,1:20:28,6:18,6:42:01,5:57,5:08:21,13:23:05
1673,1520,Jean-Marc Bertolo,M65-69,23,Open,France,1:12:41,5:45,6:34:46,7:34,5:22:27,13:23:13
1674,550,Akiko Ito,F50-54,110,Female,Japan,1:27:08,9:12,6:53:29,8:58,4:44:34,13:23:22
1675,1140,Karah Osterberg,F30-34,117,Female,United States,1:09:25,7:42,6:58:33,9:59,4:57:43,13:23:23
1676,256,Mary Reed,F60-64,14,Female,United States,1:04:23,7:30,7:08:42,9:49,4:53:00,13:23:23
1677,1796,Mark Strasser,M60-64,108,Open,United States,1:16:45,13:02,6:26:36,11:29,5:15:36,13:23:28
1678,1776,Daniel Kolopp,M60-64,109,Open,France,1:16:08,6:46,6:31:00,8:01,5:21:59,13:23:54
1679,680,Masami Suzuki,F45-49,134,Female,Japan,1:19:56,7:14,6:56:23,10:53,4:50:00,13:24:26
1680,2164,Zufar Serazhiyev,M50-54,472,Open,Unknown,1:40:44,10:44,6:40:08,12:48,4:40:26,13:24:50
1681,656,Rhiannon Farrell,F45-49,135,Female,South Africa,1:13:53,5:13,6:34:29,9:37,5:22:02,13:25:15
1682,2677,Kenitiro Muto,M50-54,473,Open,Japan,1:21:52,11:47,7:10:22,9:16,4:32:01,13:25:18
1683,589,Emma Edworthy,F45-49,136,Female,United Kingdom,1:21:45,7:29,6:42:04,7:45,5:06:22,13:25:25
1684,1296,Marta Drozdz,F25-29,70,Female,Poland,1:18:01,5:03,6:46:32,4:34,5:11:37,13:25:47
1685,1693,Steven Kohler,M60-64,110,Open,United States,1:12:29,7:21,6:30:19,8:52,5:26:51,13:25:50
1686,1034,Christyn Gaa,F35-39,134,Female,United States,1:09:44,6:03,6:02:38,9:36,5:58:20,13:26:21
1687,242,Veronique Bellon,F60-64,15,Female,France,2:00:02,8:03,6:30:24,8:34,4:39:58,13:27:00
1688,1089,Eva Maria Elvira Arias,F35-39,135,Female,Spain,1:09:55,4:37,6:36:42,6:35,5:29:15,13:27:02
1689,2170,Peter Groth,M50-54,474,Open,Sweden,1:22:40,8:52,6:20:02,12:28,5:23:19,13:27:21
1690,1211,Lynn Harvey,F30-34,118,Female,United Kingdom,1:24:47,9:44,7:10:13,6:54,4:36:30,13:28:07
1691,1857,Dan Beaver,M50-54,475,Open,United States,1:09:34,7:29,6:20:33,9:36,5:40:57,13:28:09
1692,2334,James Frith,M50-54,476,Open,Australia,1:44:53,6:04,5:59:55,9:57,5:27:30,13:28:19
1693,1376,Makayla Ward,F18-24,24,Female,United States,1:04:08,4:43,6:13:42,6:07,6:00:07,13:28:46
1694,293,Celma Hitalia,F55-59,70,Female,Philippines,1:30:56,6:59,7:01:52,11:58,4:37:13,13:28:59
1695,2603,Daan Van Der Linden,M25-29,187,Open,Netherlands,1:07:54,5:42,5:12:30,4:57,6:58:06,13:29:09
1696,2598,Franklin Rice,M25-29,188,Open,United States,1:08:19,5:00,5:40:14,7:11,6:28:25,13:29:09
1697,162,Ellen Camp,F65-69,4,Female,United States,1:39:28,8:25,6:58:45,8:26,4:34:09,13:29:13
1698,1886,Antonio Caracciolo,M50-54,477,Open,Switzerland,1:09:35,6:45,6:29:17,7:52,5:36:02,13:29:31
1699,1268,Patricia Circelli-Rauber,F25-29,71,Female,Switzerland,1:09:58,4:44,6:11:45,10:20,5:53:00,13:29:46
1700,2056,Kyle Stone,M50-54,478,Open,United States,1:17:35,8:13,6:11:32,11:48,5:40:53,13:30:02
1701,1478,Bobby Smale,M70-74,3,Open,Australia,1:17:32,7:10,6:19:47,10:33,5:35:00,13:30:02
1702,1662,Gerhard Weiland,M60-64,111,Open,Germany,1:16:31,7:09,6:24:19,8:06,5:34:00,13:30:06
1703,1223,Alex Demien,F30-34,119,Female,United States,1:12:24,6:57,6:50:09,7:42,5:12:55,13:30:07
1704,285,Eileen Merken,F55-59,71,Female,United States,1:19:06,7:17,6:24:13,12:08,5:27:24,13:30:09
1705,339,Susanne Milowsky,F55-59,72,Female,Germany,1:31:19,7:59,6:42:37,12:20,4:56:02,13:30:16
1706,939,Jurgita Paulauskiene,F40-44,176,Female,Lithuania,1:24:52,6:51,7:06:14,13:27,4:38:53,13:30:17
1707,1943,Patrick O'Connell,M50-54,479,Open,United States,1:21:19,9:25,6:13:48,8:46,5:37:54,13:31:12
1708,524,Elisabet Bellander,F50-54,111,Female,Sweden,1:10:21,5:01,6:46:37,9:14,5:20:06,13:31:19
1709,1585,Tom Monica,M65-69,24,Open,United States,1:04:09,5:55,6:38:22,8:14,5:34:41,13:31:21
1710,309,Kris Plant,F55-59,73,Female,Canada,1:16:40,9:47,6:34:17,11:02,5:19:38,13:31:24
1711,2323,Cheng Hsiung Chien,M50-54,480,Open,Taiwan,1:25:21,7:43,6:50:21,9:52,4:58:13,13:31:30
1712,579,Danielle Santucci,F45-49,137,Female,United States,1:14:37,4:44,6:34:43,6:15,5:31:12,13:31:30
1713,1361,Charlotte Lang,F25-29,72,Female,Germany,1:00:37,5:33,8:03:02,7:12,4:15:10,13:31:33
1714,570,Paula Roberts,F45-49,138,Female,Ireland,1:20:34,13:51,6:46:16,12:29,4:58:33,13:31:44
1715,2133,Jeremy Tiley,M50-54,481,Open,United Kingdom,1:31:07,13:07,6:24:49,10:52,5:12:04,13:31:59
1716,438,Heidi Underwood,F50-54,112,Female,United States,1:26:15,5:40,6:43:02,8:31,5:08:40,13:32:07
1717,397,Diane Peterson,F50-54,113,Female,United States,1:19:54,6:39,6:51:58,10:12,5:03:33,13:32:16
1718,652,Melissa Mcfarlane,F45-49,139,Female,Australia,1:16:03,7:54,6:52:42,12:51,5:02:54,13:32:24
1719,1482,Roberto Sena,M70-74,4,Open,Brazil,1:30:22,11:25,6:54:52,10:35,4:45:28,13:32:42
1720,1075,Tanya Vengrinova,F35-39,136,Female,United Kingdom,1:29:24,9:15,6:33:33,11:58,5:08:38,13:32:47
1721,432,Maggie Freeman,F50-54,114,Female,United States,1:51:24,6:12,7:05:57,6:10,4:23:05,13:32:48
1722,587,Lee Marchionna,F45-49,140,Female,United States,1:25:23,12:53,6:29:26,17:12,5:08:34,13:33:28
1723,1837,Bradley Baumunk,M50-54,482,Open,United States,1:30:27,5:04,6:23:14,6:51,5:27:57,13:33:33
1724,1845,Andrew Prestney,M50-54,483,Open,Australia,1:17:44,8:22,6:16:50,6:46,5:44:38,13:34:20
1725,1252,Olivia Lyon,F30-34,120,Female,Canada,1:16:30,13:46,6:22:31,17:42,5:24:06,13:34:36
1726,2408,William Rickards,M50-54,484,Open,United States,1:12:09,6:50,6:29:22,10:28,5:36:03,13:34:52
1727,1587,Garrett Dalessandro,M65-69,25,Open,United States,1:22:51,9:19,6:12:09,11:04,5:39:33,13:34:55
1728,1799,Gregory Petryk,M60-64,112,Open,United States,1:26:28,10:38,6:42:02,15:44,5:00:19,13:35:11
1729,1159,Julie Pham,F30-34,121,Female,Australia,1:39:26,8:09,6:25:49,17:01,5:04:52,13:35:17
1730,1261,Maria Szmidt,F30-34,122,Female,Poland,1:24:17,5:08,6:36:15,11:08,5:18:49,13:35:38
1731,255,Jamie Bursell,F60-64,16,Female,United States,1:24:51,7:09,6:49:01,7:46,5:07:07,13:35:55
1732,456,Kyoko Saito,F50-54,115,Female,Japan,1:36:54,12:55,6:50:54,9:41,4:45:37,13:36:02
1733,2319,Jeff Mahuta,M50-54,485,Open,United States,1:24:35,10:43,6:41:01,12:24,5:07:28,13:36:12
1734,1521,Niels Madsen,M65-69,26,Open,New Zealand,1:18:07,7:11,6:20:02,9:24,5:41:49,13:36:34
1735,1644,Uwe Späth,M60-64,113,Open,Germany,1:22:48,9:21,6:33:49,9:43,5:21:01,13:36:42
1736,1314,Lauren Minnican,F25-29,73,Female,United Kingdom,1:00:45,4:44,7:10:47,6:39,5:14:18,13:37:12
1737,632,Maggie O Mahony,F45-49,141,Female,Ireland,1:20:13,7:57,7:24:48,9:34,4:34:46,13:37:18
1738,362,Pamela Pemberton,F55-59,74,Female,Australia,1:29:16,5:51,6:39:17,14:26,5:08:39,13:37:30
1739,1729,Ireneusz Szpot,M60-64,114,Open,Poland,1:25:55,7:34,6:21:30,10:09,5:32:29,13:37:38
1740,823,Rochelle Youngson,F40-44,177,Female,New Zealand,1:25:41,10:47,6:55:49,10:04,4:56:05,13:38:27
1741,601,Carolyn Soules,F45-49,142,Female,United States,1:19:28,6:34,6:49:31,9:28,5:13:31,13:38:31
1742,224,Ewa Wójcik,F60-64,17,Female,Poland,1:30:40,7:34,6:39:21,12:53,5:08:09,13:38:37
1743,1188,Anne Condon,F60-64,18,Female,Canada,1:44:29,7:28,6:36:22,11:26,4:59:04,13:38:50
1744,430,Birgit Fuegel,F50-54,116,Female,Germany,1:29:53,6:03,6:57:48,9:54,4:56:06,13:39:45
1745,233,Frances Vincent,F60-64,19,Female,United States,1:18:16,6:06,6:10:30,7:48,5:58:08,13:40:49
1746,228,Kim Raine,F60-64,20,Female,Canada,1:35:33,7:47,6:38:05,11:21,5:08:05,13:40:53
1747,219,Ingrid Birkeneder,F60-64,21,Female,Germany,1:32:53,6:02,6:16:02,7:43,5:38:46,13:41:26
1748,2354,Roberto Gamberini,M50-54,486,Open,Italy,1:07:39,5:48,6:25:55,7:16,5:55:00,13:41:38
1749,442,Kim Bramblett,F50-54,117,Female,United States,1:31:56,5:23,6:15:47,13:27,5:35:13,13:41:45
1750,1481,Charlie Cowan,M70-74,5,Open,United States,1:15:40,9:28,7:09:24,17:32,4:49:53,13:41:57
1751,662,Ashley Lasalle,F45-49,143,Female,United States,1:03:27,5:15,5:51:44,5:26,6:36:14,13:42:06
1752,1448,Arthur Halttunen,M70-74,6,Open,United States,1:08:33,5:38,6:54:46,4:57,5:28:20,13:42:14
1753,596,Roberta Liguori,F45-49,144,Female,Italy,1:25:31,5:36,6:23:11,6:40,5:41:16,13:42:15
1754,638,Sara Andersson,F45-49,145,Female,Sweden,1:34:15,7:05,6:43:38,8:02,5:09:22,13:42:21
1755,574,Julie-Ann Dillon,F45-49,146,Female,Australia,1:17:27,6:25,6:47:21,10:01,5:21:28,13:42:42
1756,618,Louise Brandon,F45-49,147,Female,United Kingdom,1:30:40,6:31,7:14:27,9:15,4:41:50,13:42:43
1757,335,Polly Harris,F55-59,75,Female,United States,1:22:59,6:04,6:40:47,12:13,5:20:54,13:42:57
1758,2662,Elkhalil Binebine,M60-64,115,Open,Morocco,1:41:24,10:36,6:38:00,9:55,5:03:16,13:43:12
1759,778,Petra Neff,F40-44,178,Female,Germany,1:41:40,7:39,6:59:08,7:14,4:47:51,13:43:32
1760,2361,Rick Rivera,M50-54,487,Open,United States,1:16:06,7:19,6:43:56,12:19,5:24:03,13:43:43
1761,1788,Andy Jones,M60-64,116,Open,United States,1:09:56,7:29,6:36:31,10:14,5:39:41,13:43:51
1762,1316,Stéphanie Picot,F25-29,74,Female,France,1:31:11,5:15,6:55:14,11:46,5:00:27,13:43:52
1763,250,Lynne Fiedler,F60-64,22,Female,United States,1:25:14,5:18,7:06:20,6:17,5:00:53,13:44:01
1764,1932,John Bye,M50-54,488,Open,United States,1:07:18,5:07,5:50:58,11:04,6:29:54,13:44:22
1765,1524,Curtis Mcwilliams,M65-69,27,Open,United States,1:13:35,8:48,6:21:56,9:18,5:50:53,13:44:29
1766,1782,Todd Cooper,M60-64,117,Open,United States,1:20:48,10:22,6:39:00,8:22,5:26:20,13:44:52
1767,2274,Simon Saunders,M50-54,489,Open,United Kingdom,1:19:36,5:24,6:16:07,6:04,5:57:51,13:45:01
1768,899,Megan Mickelson,F40-44,179,Female,United States,1:27:48,6:17,6:38:49,8:47,5:23:35,13:45:16
1769,1510,Eric Johnson,M65-69,28,Open,United States,1:15:28,7:22,6:54:33,7:27,5:20:48,13:45:38
1770,2117,Penn Ketchum,M50-54,490,Open,United States,1:20:24,5:26,6:53:32,6:24,5:20:03,13:45:48
1771,1612,Steve Schindler,M60-64,118,Open,United States,1:10:48,10:45,6:56:42,10:55,5:17:36,13:46:46
1772,729,Kumi Todo,F45-49,148,Female,Japan,1:19:44,9:03,7:04:14,9:10,5:05:00,13:47:11
1773,2135,Cristian Deud,M50-54,491,Open,Argentina,1:45:43,7:55,7:08:28,6:52,4:38:41,13:47:39
1774,748,Jodie Owen,F45-49,149,Female,United States,1:22:02,8:45,6:40:34,8:46,5:27:33,13:47:41
1775,1958,Shawn Oneill,M50-54,492,Open,United States,1:33:09,9:41,6:15:13,10:07,5:39:41,13:47:51
1776,1344,Skye Ombac,F25-29,75,Female,United States,1:23:59,5:47,7:09:13,6:05,5:02:52,13:47:55
1777,400,Vicki Updike,F50-54,118,Female,United States,1:15:32,5:14,6:07:56,10:58,6:08:33,13:48:12
1778,1800,Michel Ralite,M60-64,119,Open,France,1:16:33,9:27,6:23:40,9:36,5:49:03,13:48:18
1779,2370,Jens Peter Elton Gransæther,M50-54,493,Open,Norway,1:26:01,5:33,5:36:05,9:54,6:30:47,13:48:20
1780,1494,Dave Dwan,M65-69,29,Open,New Zealand,1:19:55,8:07,6:15:23,8:34,5:56:21,13:48:20
1781,180,Glee Jewell,F60-64,23,Female,United States,1:04:40,10:03,7:19:21,9:23,5:04:58,13:48:25
1782,1509,Ray Shane,M65-69,30,Open,United States,1:18:13,11:49,6:37:46,12:28,5:28:20,13:48:36
1783,1774,Mike Marks,M60-64,120,Open,United States,1:08:09,8:53,7:04:10,14:13,5:13:33,13:48:59
1784,896,Joana Riddick,F40-44,180,Female,Brazil,1:18:41,7:32,7:13:46,8:10,5:01:20,13:49:28
1785,1593,Michael Koutsoukis,M60-64,121,Open,Australia,1:35:46,10:55,6:37:34,11:24,5:14:01,13:49:39
1786,1922,J. Mccarter,M50-54,494,Open,United States,1:47:23,9:17,6:46:50,8:03,4:58:08,13:49:41
1787,630,Annarose Pandey,F45-49,150,Female,United States,1:45:48,8:27,6:45:16,9:32,5:00:39,13:49:42
1788,1764,Erik Berntson,M60-64,122,Open,Sweden,1:29:04,10:03,6:40:34,9:48,5:20:38,13:50:07
1789,318,Debbie Vanner,F55-59,76,Female,United Kingdom,1:14:33,6:27,6:42:30,9:15,5:37:33,13:50:18
1790,359,Beth Lakier,F55-59,77,Female,United States,1:28:13,6:52,7:03:27,9:34,5:02:28,13:50:34
1791,846,Magdalena Fast,F40-44,181,Female,Poland,1:23:09,4:48,6:27:13,11:07,5:44:25,13:50:42
1792,1733,John Caffrey,M60-64,123,Open,United States,1:16:42,10:15,6:22:05,7:59,5:53:49,13:50:50
1793,2205,Ricardo Cunha,M50-54,495,Open,Brazil,1:35:20,18:27,7:01:29,12:05,4:43:50,13:51:10
1794,1506,John James,M65-69,31,Open,United States,1:14:00,4:48,6:27:51,7:49,5:56:46,13:51:14
1795,257,Tami Ralston,F55-59,78,Female,United States,1:26:36,9:32,6:30:49,14:23,5:30:04,13:51:24
1796,324,Laurie Smith,F55-59,79,Female,United States,1:19:45,16:23,6:30:51,14:20,5:30:08,13:51:26
1797,1431,Hermann Hefti,M70-74,7,Open,Switzerland,1:30:22,9:33,6:26:57,10:05,5:35:00,13:51:56
1798,241,Monica Rinne,F60-64,24,Female,Germany,1:19:00,7:08,6:48:15,9:45,5:28:03,13:52:12
1799,277,Sandy Thompson,F55-59,80,Female,United States,1:30:19,9:50,6:44:28,9:39,5:18:11,13:52:27
1800,2661,Jeff Dorrill,M60-64,124,Open,United States,1:51:28,7:09,6:56:46,13:11,4:44:06,13:52:40
1801,2512,Brooks Royster,M25-29,189,Open,United States,1:18:37,9:47,5:44:57,8:22,6:31:04,13:52:47
1802,857,Bree Wee,F40-44,182,Female,United States,59:45,2:52,5:47:38,1:05:57,5:56:43,13:52:55
1803,201,Colleen Capper,F60-64,25,Female,United States,1:25:30,6:27,6:48:56,8:00,5:24:30,13:53:23
1804,753,Rachel Fox,F45-49,151,Female,Canada,1:15:56,7:19,6:17:22,9:18,6:03:33,13:53:27
1805,779,Sanchez Munoz Yeshika,F40-44,183,Female,Mexico,1:32:54,11:48,7:15:08,20:10,4:33:33,13:53:34
1806,2336,Alberto Grande,M50-54,496,Open,Spain,1:30:07,21:36,7:04:15,9:14,4:48:41,13:53:53
1807,322,Pam Buxton,F55-59,81,Female,Canada,1:27:51,8:39,7:00:38,12:44,5:04:07,13:53:58
1808,1794,Anders Gunnarsson,M60-64,125,Open,Sweden,1:26:58,7:18,7:02:20,9:13,5:08:27,13:54:15
1809,137,Missy Lestrange,F70-74,1,Female,United States,1:18:09,5:27,6:55:30,10:49,5:24:27,13:54:22
1810,888,Sara Bund,F40-44,184,Female,Germany,1:09:12,8:55,6:47:12,7:32,5:41:44,13:54:35
1811,155,Patrica Harris,F65-69,5,Female,Canada,1:24:17,10:18,7:00:45,9:45,5:09:34,13:54:38
1812,376,Patricia Kolias,F55-59,82,Female,United States,1:44:56,8:30,6:50:52,13:47,4:57:12,13:55:16
1813,1465,Mike Wien,M70-74,8,Open,United States,1:25:43,9:34,6:52:51,7:34,5:19:39,13:55:21
1814,2567,Alexander Agudelo,M25-29,190,Open,United States,1:08:39,6:13,5:53:56,7:01,6:39:38,13:55:27
1815,2052,Michael Wilkner,M50-54,497,Open,United Kingdom,1:05:12,8:55,6:34:07,10:55,5:56:20,13:55:28
1816,976,Christina Pitchford,F35-39,137,Female,United States,1:19:46,7:24,7:20:29,10:52,4:57:58,13:56:28
1817,1752,John Birkelo,M60-64,126,Open,United States,1:36:34,8:48,6:15:19,7:15,5:49:02,13:56:58
1818,1773,Michael Fisch,M60-64,127,Open,United States,1:28:26,7:58,7:17:27,9:14,4:54:00,13:57:05
1819,1486,John Austin,M70-74,9,Open,United States,1:40:16,8:32,6:53:24,8:07,5:07:05,13:57:24
1820,1802,Henri Monira,M60-64,128,Open,France,1:29:52,15:04,6:25:11,13:13,5:34:05,13:57:25
1821,1477,Stewart Vogstad,M70-74,10,Open,Canada,1:26:38,7:04,6:21:26,9:01,5:53:22,13:57:31
1822,1470,Greg Rosin,M70-74,11,Open,United States,1:25:23,9:04,6:32:54,8:40,5:41:34,13:57:35
1823,682,Misun Kim,F45-49,152,Female,Korea,1:37:12,10:23,7:22:22,10:32,4:38:00,13:58:30
1824,1781,Mark Forward,M60-64,129,Open,Australia,1:16:03,7:06,7:04:37,8:57,5:22:16,13:58:59
1825,401,Jennifer Poepoe,F50-54,119,Female,United States,1:26:50,10:03,6:54:30,8:44,5:18:55,13:59:02
1826,1660,Dean Raasch,M60-64,130,Open,United States,1:12:24,5:54,5:53:56,8:16,6:38:44,13:59:13
1827,1696,Julián Sánchez Sal,M60-64,131,Open,Spain,1:52:28,7:21,6:52:07,8:26,4:59:06,13:59:27
1828,320,Mary Guertin,F55-59,83,Female,United States,1:48:20,6:16,6:27:09,8:46,5:29:01,13:59:32
1829,581,Mathilde Boisson,F45-49,153,Female,France,1:19:46,6:43,7:19:36,7:44,5:06:11,14:00:01
1830,1548,Reggie Bruhn,M65-69,32,Open,United States,1:32:43,8:35,6:37:12,12:04,5:29:34,14:00:07
1831,1938,Andrew Hopper,M50-54,498,Open,Canada,1:05:40,6:47,7:32:39,,,14:00:09
1832,826,Naomi Fliflet,F40-44,185,Female,United States,1:43:12,8:19,6:35:12,8:10,5:25:21,14:00:12
1833,1528,Tom Deluca,M65-69,33,Open,United States,1:36:27,9:40,6:54:15,11:13,5:08:51,14:00:26
1834,1370,Emese Timmermans,F18-24,25,Female,Netherlands,1:23:09,6:16,7:20:06,7:11,5:04:19,14:01:01
1835,1534,Adam Sutcliffe,M65-69,34,Open,United States,1:25:41,10:05,6:57:20,9:53,5:18:24,14:01:23
1836,1560,Howard Nemetz,M65-69,35,Open,Canada,1:51:04,9:09,6:57:46,9:00,4:54:47,14:01:47
1837,528,Laura Horwitz,F50-54,120,Female,Canada,1:43:32,9:15,7:00:22,12:23,4:57:15,14:02:46
1838,1340,Elizabeth Koswara-Simms,F25-29,76,Female,Indonesia,1:20:49,6:18,6:33:44,7:23,5:54:46,14:03:01
1839,404,Liz Jackson,F50-54,121,Female,United States,1:21:45,7:19,6:32:58,7:47,5:53:54,14:03:43
1840,216,Barbara Kuster,F60-64,26,Female,Switzerland,1:26:46,5:19,6:32:10,7:16,5:52:24,14:03:56
1841,391,Marjo Kekki,F50-54,122,Female,Finland,1:28:37,9:50,7:18:55,11:50,4:55:01,14:04:12
1842,1811,Ralph Bower,M60-64,132,Open,United States,1:06:50,9:29,6:31:49,9:20,6:07:03,14:04:31
1843,912,Tracy Nelson,F40-44,186,Female,United States,1:20:40,9:56,6:56:43,13:09,5:24:11,14:04:39
1844,1005,Bianca Fernandez Vasquez,F35-39,138,Female,Dominican Republic,1:49:43,9:53,6:56:41,9:02,4:59:27,14:04:46
1845,555,Karen Moy,F50-54,123,Female,Australia,1:17:40,9:10,7:11:50,8:53,5:17:22,14:04:55
1846,315,Gisele Lajoie,F55-59,84,Female,Canada,1:31:43,8:22,7:05:51,10:36,5:08:34,14:05:07
1847,329,Linda Johnson,F55-59,85,Female,United States,1:19:16,10:18,6:55:31,15:47,5:24:27,14:05:18
1848,2569,Brady Bergeron,M25-29,191,Open,United States,1:21:15,6:44,6:35:07,5:48,5:56:47,14:05:42
1849,625,Lisa Altman,F45-49,154,Female,United States,1:40:17,6:43,6:55:47,10:37,5:12:32,14:05:55
1850,193,Natalie Mort,F60-64,27,Female,Australia,1:35:35,6:38,7:18:40,9:41,4:55:32,14:06:05
1851,2372,Stefan Groschl,M50-54,499,Open,Germany,1:19:44,4:55,6:11:51,9:08,6:20:28,14:06:06
1852,1527,Finn Borg,M65-69,36,Open,Sweden,1:17:49,7:22,6:21:47,8:00,6:11:41,14:06:39
1853,1484,Greg Bush,M70-74,12,Open,Australia,1:01:33,5:25,6:28:37,8:56,6:22:24,14:06:55
1854,1574,David Swanson,M65-69,37,Open,United States,1:22:10,9:37,6:49:32,8:02,5:37:47,14:07:08
1855,1512,Steve Scott,M65-69,38,Open,United States,1:22:16,9:27,6:53:58,9:44,5:32:24,14:07:49
1856,441,Carolyn Dews,F50-54,124,Female,Australia,1:20:28,3:52,6:28:45,8:01,6:07:23,14:08:28
1857,1862,Richard Schad,M50-54,500,Open,United States,1:12:54,9:14,6:33:07,8:29,6:05:12,14:08:56
1858,264,Lisa Martin,F55-59,86,Female,United States,1:30:24,7:58,6:48:10,10:54,5:31:34,14:08:59
1859,149,Laurelee Nelson,F65-69,6,Female,Canada,1:35:58,6:56,7:11:05,12:28,5:02:37,14:09:05
1860,1456,Bob Jordan,M70-74,13,Open,United States,1:43:56,10:47,6:39:56,9:38,5:25:25,14:09:42
1861,179,Judy Daggett,F60-64,28,Female,United States,1:21:35,5:49,6:50:28,7:52,5:44:30,14:10:14
1862,1547,Thierry Foulounoux,M65-69,39,Open,France,1:21:14,9:17,6:29:59,11:03,5:58:51,14:10:23
1863,710,Sayer Gunn,F45-49,155,Female,United States,1:40:37,10:11,6:47:07,13:48,5:19:12,14:10:54
1864,489,Terri Stone,F50-54,125,Female,United States,1:24:32,7:24,6:48:58,9:17,5:40:51,14:11:01
1865,1664,Kenneth Smith,M60-64,133,Open,Switzerland,1:15:57,8:59,6:19:36,12:52,6:13:46,14:11:11
1866,1492,Len Ireland,M65-69,40,Open,Canada,1:48:13,8:52,6:21:04,12:19,5:41:12,14:11:41
1867,1514,Shalom Levi,M65-69,41,Open,Israel,1:45:20,11:05,7:27:22,10:50,4:37:07,14:11:44
1868,259,Randa Patrick,F55-59,87,Female,United States,1:30:49,7:40,6:45:17,11:15,5:36:56,14:11:57
1869,2128,Martin Evangelista,M50-54,501,Open,United States,1:33:18,13:07,6:57:02,11:35,5:17:09,14:12:12
1870,1426,Max Hochstrasser,M75-79,1,Open,Switzerland,1:28:32,10:01,6:40:39,8:53,5:44:18,14:12:22
1871,480,Lisa Bries,F50-54,126,Female,United States,1:24:24,5:37,7:01:38,9:00,5:31:52,14:12:31
1872,453,Sylvi Lehmann,F50-54,127,Female,Germany,1:29:03,8:52,6:34:26,6:24,5:53:59,14:12:43
1873,1611,Steve Robinson,M60-64,134,Open,Australia,1:10:00,10:24,6:32:20,10:32,6:09:40,14:12:57
1874,317,Danielle Mcgregor,F55-59,88,Female,United States,1:25:22,11:19,7:04:07,7:28,5:24:42,14:12:58
1875,1807,Greg Hallman,M60-64,135,Open,Canada,1:10:07,10:20,6:17:01,15:35,6:20:01,14:13:05
1876,1582,Louis Mejias,M65-69,42,Open,France,1:43:39,9:27,6:37:27,10:03,5:32:44,14:13:20
1877,2667,Michael Rudy Horn,M50-54,502,Open,Germany,1:24:19,6:31,6:06:27,10:25,6:25:51,14:13:33
1878,1381,Erika Murofushi,F18-24,26,Female,Japan,1:27:18,12:55,7:22:58,16:34,4:54:00,14:13:45
1879,2676,David Morton,M50-54,503,Open,United States,1:07:29,5:25,6:25:02,8:48,6:27:05,14:13:49
1880,287,Aurelia Vasino,F55-59,89,Female,Italy,1:25:34,7:19,7:16:18,11:17,5:13:46,14:14:13
1881,2366,Felix Silvagnoli,M50-54,504,Open,Puerto Rico,1:07:37,10:39,6:47:04,11:11,5:57:43,14:14:14
1882,920,Astrid Novelo,F40-44,187,Female,Mexico,1:06:21,6:27,7:14:54,7:54,5:38:54,14:14:30
1883,1933,Andrew Rosenman,M50-54,505,Open,United States,1:28:03,8:47,7:05:01,9:18,5:23:43,14:14:52
1884,506,Cindy Cook,F50-54,128,Female,United States,1:26:04,6:25,7:04:20,10:13,5:28:00,14:15:03
1885,577,Caty Plançon,F45-49,156,Female,France,1:33:57,8:35,6:52:32,8:35,5:31:27,14:15:07
1886,1769,Jeffrey Zellner,M60-64,136,Open,United States,1:30:39,10:30,6:47:35,11:41,5:34:46,14:15:12
1887,308,Elizabeth Wood,F55-59,90,Female,United States,1:19:27,9:07,6:58:02,14:48,5:34:05,14:15:29
1888,1517,Thomas Selter,M65-69,43,Open,Germany,1:37:24,10:15,6:58:38,10:24,5:19:44,14:16:25
1889,2030,Carl Buckland,M50-54,506,Open,Australia,1:13:31,12:32,6:59:32,12:43,5:38:08,14:16:27
1890,496,Maria Seferoglou,F50-54,129,Female,United States,1:18:30,9:39,6:41:04,12:09,5:55:28,14:16:49
1891,2659,Alain Benzaken,M60-64,137,Open,United States,1:15:08,7:41,6:52:09,9:48,5:52:39,14:17:24
1892,660,Joanna Nami,F45-49,157,Female,United States,1:18:46,7:39,7:07:11,9:44,5:34:06,14:17:25
1893,545,Laure Arvois,F50-54,130,Female,France,1:26:44,7:08,7:17:22,13:12,5:13:10,14:17:36
1894,1300,Margaret Mclaughlin,F25-29,77,Female,United States,1:14:58,5:55,6:24:29,5:51,6:26:24,14:17:37
1895,169,Gabriele Celette,F65-69,7,Female,Germany,1:25:27,7:01,7:33:17,8:22,5:03:51,14:17:59
1896,231,Margaret King,F60-64,29,Female,Canada,1:16:13,5:17,6:51:09,13:55,5:52:35,14:19:08
1897,562,Heidi Hogan,F45-49,158,Female,United States,1:14:46,8:26,7:07:47,10:31,5:37:43,14:19:13
1898,700,Mary Kapsa,F45-49,159,Female,United States,1:16:07,7:51,7:20:08,8:10,5:27:01,14:19:17
1899,2393,Jason Szczypien,M50-54,507,Open,United States,1:16:04,9:39,6:28:00,15:15,6:10:26,14:19:24
1900,1619,Shaun Mccarthy,M60-64,138,Open,New Zealand,1:22:21,8:46,6:56:35,7:52,5:44:10,14:19:45
1901,1653,Mark Malone,M60-64,139,Open,United States,1:25:28,7:52,6:39:01,11:39,5:55:51,14:19:50
1902,1805,Parker Wiggin,M60-64,140,Open,United States,1:22:59,7:19,6:36:32,10:19,6:02:46,14:19:56
1903,2673,Mark Ruggeri,M50-54,508,Open,United States,1:24:17,10:26,6:45:30,14:59,5:44:44,14:19:56
1904,273,Elina Laitinen,F55-59,91,Female,Finland,1:33:01,9:23,7:11:25,9:40,5:16:49,14:20:18
1905,1887,David Gile,M50-54,509,Open,United States,1:12:11,4:26,6:14:29,6:42,6:42:34,14:20:22
1906,2342,Hernan Suarez,M50-54,510,Open,Bolivia,1:36:13,8:17,6:46:04,11:02,5:38:51,14:20:26
1907,1305,Tuc Ngan Lam,F25-29,78,Female,Vietnam,1:20:32,8:15,7:29:28,6:16,5:16:42,14:21:13
1908,615,Carrie Caeton,F45-49,160,Female,United States,1:23:37,7:07,7:11:55,8:57,5:29:40,14:21:17
1909,1715,Joe Flanagan,M60-64,141,Open,United States,2:11:35,11:31,6:52:35,10:47,4:54:58,14:21:26
1910,431,Corinna Atkinson,F50-54,131,Female,Germany,1:14:25,5:50,6:44:07,8:42,6:08:23,14:21:27
1911,583,Lynn Mcdaniel,F45-49,161,Female,United States,1:44:36,11:41,6:55:20,9:27,5:20:50,14:21:54
1912,450,Imke Höfling,F50-54,132,Female,Finland,1:21:25,6:24,7:27:58,10:33,5:16:42,14:23:01
1913,1508,Johannes Schumacher,M65-69,44,Open,Germany,1:33:57,7:54,7:09:41,7:45,5:23:47,14:23:04
1914,924,Caroline Duncan,F40-44,188,Female,United Kingdom,1:20:23,8:10,6:19:47,11:55,6:22:59,14:23:12
1915,2351,Randy Swift,M50-54,511,Open,United States,1:16:56,12:40,6:57:12,13:49,5:42:52,14:23:29
1916,266,Yolanda Iribarren,F55-59,92,Female,Mexico,1:39:48,8:40,6:45:46,11:49,5:37:28,14:23:31
1917,271,Lorena Giurissa,F55-59,93,Female,Italy,1:24:15,7:01,7:31:34,12:36,5:08:07,14:23:33
1918,1768,John Connell,M60-64,142,Open,Australia,1:19:00,10:52,6:32:34,15:19,6:05:51,14:23:35
1919,766,Gabi Widhalm,F40-44,189,Female,Austria,1:29:54,8:23,6:48:05,9:28,5:48:23,14:24:12
1920,1575,Hans-Eberhard Wolff,M65-69,45,Open,Germany,1:03:53,5:44,6:41:31,9:09,6:24:21,14:24:39
1921,248,Rosie Stark,F60-64,30,Female,United States,1:17:37,8:41,6:47:15,11:22,5:59:50,14:24:45
1922,427,Shannon Truman,F50-54,133,Female,United States,1:17:28,9:40,7:28:40,15:55,5:13:12,14:24:56
1923,1741,Tommy Hanekom,M60-64,143,Open,South Africa,1:51:47,14:14,6:26:42,8:43,5:43:48,14:25:13
1924,658,Tracy Campbell,F45-49,162,Female,United States,1:10:28,5:28,6:19:24,7:05,6:44:12,14:26:36
1925,1968,Reujenson Lista,M50-54,512,Open,Philippines,1:28:37,5:18,6:24:34,7:28,6:20:44,14:26:41
1926,415,Dora Jih,F50-54,134,Female,United States,1:22:24,5:43,6:36:15,14:09,6:08:38,14:27:09
1927,1790,Felix Laboy,M60-64,144,Open,United States,1:31:28,12:25,7:16:28,11:12,5:15:36,14:27:09
1928,1813,Peter Daleiden,M60-64,145,Open,United States,1:21:57,7:17,6:38:56,9:22,6:09:40,14:27:12
1929,243,Ines Kersten,F60-64,31,Female,Germany,1:21:39,5:39,7:08:19,7:40,5:44:16,14:27:33
1930,1815,Peter Dirksmeier,M60-64,146,Open,United States,1:17:42,8:30,7:06:58,13:00,5:41:35,14:27:45
1931,620,Veronica Hã¶iom,F45-49,163,Female,Sweden,1:25:31,8:16,7:43:40,8:33,5:01:59,14:27:59
1932,1677,Craig Stoller,M60-64,147,Open,United States,1:29:32,9:30,6:36:51,9:25,6:02:50,14:28:08
1933,519,Michelle Petsky,F50-54,135,Female,Australia,1:30:32,7:05,6:46:31,13:22,5:51:18,14:28:49
1934,1635,Park Dongin,M60-64,148,Open,Korea,1:52:10,10:24,6:46:03,9:33,5:30:40,14:28:51
1935,1090,Vanssa Foerster,F35-39,139,Female,United States,1:10:01,5:57,6:19:09,1:27:17,5:26:40,14:29:04
1936,314,Mimi Winsberg,F55-59,94,Female,United States,1:21:32,5:38,6:44:59,12:40,6:04:46,14:29:35
1937,253,Magdalena Petryk,F60-64,32,Female,United States,2:01:13,8:26,7:08:34,9:29,5:01:56,14:29:38
1938,1925,Todd Lytle,M50-54,513,Open,United States,1:21:46,9:26,6:50:44,10:37,5:57:14,14:29:47
1939,1745,John Van Heyst,M60-64,149,Open,Canada,1:14:52,6:05,6:04:03,9:45,6:55:05,14:29:50
1940,354,Gayle Young,F55-59,95,Female,Australia,1:26:37,6:34,7:20:01,9:43,5:27:16,14:30:12
1941,1826,Andreas Weymann,M50-54,514,Open,Germany,1:45:48,7:07,6:32:25,10:07,5:54:51,14:30:17
1942,1157,Catharina Schmalfuss,F30-34,123,Female,Germany,1:22:50,7:06,7:01:50,13:24,5:45:08,14:30:18
1943,344,Jennifer Rentch,F55-59,96,Female,United States,1:20:35,7:42,6:37:09,10:47,6:14:10,14:30:23
1944,600,Valérie Leroy,F45-49,164,Female,Belgium,1:16:24,7:37,7:35:58,17:06,5:13:47,14:30:51
1945,254,Lynette Borup,F60-64,33,Female,United States,1:23:19,6:51,6:50:38,8:49,6:01:18,14:30:54
1946,421,Stacey Nieder,F50-54,136,Female,United States,1:23:00,5:55,6:52:53,11:44,5:57:40,14:31:13
1947,1526,David Auge,M65-69,46,Open,United States,1:30:36,8:09,7:06:44,8:01,5:38:30,14:32:00
1948,2000,Mickael Lecomte,M50-54,515,Open,France,1:50:19,6:26,7:02:11,10:36,5:22:39,14:32:10
1949,138,Francine Comeau,F70-74,2,Female,Canada,1:42:40,8:20,7:28:01,8:12,5:05:47,14:32:59
1950,1487,Rob Ellis,M70-74,14,Open,Canada,1:35:24,12:49,6:52:14,17:11,5:35:26,14:33:05
1951,194,Judy Januschka Murray,F60-64,34,Female,United States,1:24:46,13:14,7:05:39,13:43,5:35:50,14:33:12
1952,204,Eva Kiss-Kraft,F60-64,35,Female,Germany,1:16:09,6:10,6:39:10,12:26,6:19:43,14:33:38
1953,468,Lisa Andersen,F50-54,137,Female,Canada,1:30:13,9:33,7:09:20,12:24,5:32:09,14:33:39
1954,1542,Franz Wolkowitsch,M65-69,47,Open,Austria,1:29:17,7:07,6:03:01,7:02,6:47:16,14:33:42
1955,198,Theresa Miller,F60-64,36,Female,United States,1:22:35,7:05,7:12:33,9:18,5:42:44,14:34:15
1956,1772,Stephen Farrell,M60-64,150,Open,New Zealand,1:01:51,3:48,5:56:02,6:23,7:26:15,14:34:19
1957,176,Penny Rother,F60-64,37,Female,United Kingdom,1:05:11,4:03,7:08:59,10:22,6:05:58,14:34:32
1958,628,Kimberly Lerman,F45-49,165,Female,United States,1:19:55,10:59,7:29:21,16:31,5:18:29,14:35:14
1959,859,Kelli Benton,F40-44,190,Female,United States,1:06:41,6:56,7:00:35,10:28,6:11:06,14:35:46
1960,261,Cynthia Hutchings,F55-59,97,Female,United States,1:11:12,6:46,6:47:50,18:16,6:12:13,14:36:18
1961,1541,Joe Lopresto,M65-69,48,Open,United States,1:45:37,13:06,7:16:06,8:14,5:13:27,14:36:30
1962,258,Miki Sasaki,F55-59,98,Female,Japan,1:17:42,11:06,7:11:03,13:34,5:43:10,14:36:36
1963,1775,Klas Wallström,M60-64,151,Open,Sweden,1:25:33,7:20,7:01:22,9:51,5:53:50,14:37:56
1964,247,Gilla Sauerbeck,F60-64,38,Female,Germany,1:26:24,6:35,7:05:21,11:59,5:47:36,14:37:56
1965,343,Nancy Goodnight,F55-59,99,Female,United States,1:38:12,7:11,7:03:49,8:04,5:40:49,14:38:05
1966,1647,Dan Lutkenhouse,M60-64,152,Open,United States,1:36:20,15:20,6:59:27,12:17,5:35:07,14:38:30
1967,1814,Trevor Ward,M60-64,153,Open,Sweden,1:21:51,9:27,7:00:12,9:56,5:57:46,14:39:13
1968,275,Minsun Kim,F55-59,100,Female,Korea,1:47:02,11:24,7:14:29,12:11,5:14:19,14:39:25
1969,1765,Elwyn Owen,M60-64,154,Open,United States,1:30:51,11:30,6:41:54,11:36,6:03:40,14:39:32
1970,1503,Michael John Kimpton,M65-69,49,Open,Australia,1:20:05,8:59,7:12:47,15:26,5:42:42,14:39:59
1971,608,Nora Buergin Brunner,F45-49,166,Female,Switzerland,1:19:22,6:55,7:20:23,9:57,5:43:56,14:40:33
1972,126,Cullen Goodyear,F70-74,3,Female,Canada,1:26:32,9:32,7:11:42,19:17,5:33:44,14:40:46
1973,1703,Jean François Ruiz,M60-64,155,Open,France,1:22:55,8:15,7:31:24,9:16,5:29:11,14:41:01
1974,230,Valérie Houeix,F60-64,39,Female,France,1:28:28,6:03,7:34:11,9:23,5:23:16,14:41:20
1975,1766,Ed Vescovi,M60-64,156,Open,United States,1:17:20,7:56,6:23:39,11:14,6:41:33,14:41:42
1976,168,Kimberly Theiss,F65-69,8,Female,United States,1:33:46,7:38,7:10:42,12:18,5:37:56,14:42:19
1977,298,Margo Gregory,F55-59,101,Female,United States,1:51:51,12:10,6:44:55,16:31,5:36:54,14:42:21
1978,1443,Monte Hitchcock,M70-74,15,Open,United States,1:31:52,6:19,7:17:54,9:57,5:36:50,14:42:52
1979,2099,Scott Williams,M50-54,516,Open,United States,1:34:58,10:44,7:07:46,14:07,5:35:17,14:42:53
1980,1897,Andis Brucis,M50-54,517,Open,Latvia,1:39:03,8:22,6:44:09,7:53,6:03:28,14:42:55
1981,390,Darcia Kmet,F50-54,138,Female,Canada,1:28:20,7:38,7:14:03,9:02,5:44:04,14:43:06
1982,232,Denee Madamba,F60-64,40,Female,United States,1:36:03,8:18,7:02:01,12:13,5:44:32,14:43:07
1983,184,Michele Sorensen,F60-64,41,Female,United States,1:35:25,7:58,7:03:17,12:01,5:44:25,14:43:08
1984,2139,Simone Baldelli,M50-54,518,Open,Italy,1:08:53,10:01,6:17:22,10:26,6:56:27,14:43:09
1985,991,Katie Pawelski,F35-39,140,Female,United States,1:18:23,7:03,6:50:56,9:12,6:18:05,14:43:38
1986,457,Lesley Maisey,F50-54,139,Female,Canada,1:33:19,7:49,7:12:53,15:18,5:34:23,14:43:42
1987,595,Natalie Trevithick,F45-49,167,Female,United States,1:24:58,9:46,6:50:21,7:38,6:11:36,14:44:19
1988,616,Sinta Troccoli,F45-49,168,Female,United States,1:25:18,9:53,7:21:05,12:45,5:36:41,14:45:42
1989,1355,Carly Silvernale,F25-29,79,Female,United States,1:35:39,8:04,6:37:24,9:19,6:15:24,14:45:50
1990,1240,Ashleigh Hunter,F30-34,124,Female,Australia,1:11:52,4:19,6:48:07,5:32,6:36:38,14:46:27
1991,2055,George Novo,M50-54,519,Open,United States,1:31:49,11:51,6:48:38,20:23,5:54:14,14:46:55
1992,1719,Dave Sloan,M60-64,157,Open,United States,1:16:42,9:28,6:33:22,8:14,6:39:10,14:46:56
1993,2657,David Daggett,M60-64,158,Open,United States,1:10:42,6:09,6:28:39,8:07,6:53:31,14:47:09
1994,1596,Alan Brown,M60-64,159,Open,United States,1:07:01,10:12,6:59:30,15:21,6:15:24,14:47:28
1995,239,Kaori Terada,F60-64,42,Female,Japan,1:27:57,9:52,7:39:17,8:30,5:22:12,14:47:48
1996,1557,Sam Lawrence,M65-69,50,Open,United States,1:35:19,9:15,7:25:15,9:46,5:28:46,14:48:20
1997,1501,Paul Jurczuk,M65-69,51,Open,United Kingdom,1:31:40,4:43,7:22:22,7:38,5:42:01,14:48:24
1998,1865,Joachim Palmé,M50-54,520,Open,Sweden,1:20:52,5:46,7:51:46,18:03,5:12:07,14:48:33
1999,1181,Alice Foster,F30-34,125,Female,United Kingdom,1:27:28,5:37,7:10:03,10:31,5:54:59,14:48:39
2000,1566,Peter Overvoorde,M65-69,52,Open,United Kingdom,1:28:20,11:17,6:41:27,12:29,6:15:17,14:48:50
2001,645,Kuan Ling Chou,F45-49,169,Female,Taiwan,1:33:21,10:17,7:44:55,12:42,5:09:35,14:50:51
2002,191,Alison Simmons,F60-64,43,Female,United States,1:09:50,11:25,7:36:10,14:17,5:39:19,14:51:02
2003,174,Nadia Teixeira De Siqueira,F65-69,9,Female,Brazil,1:42:43,12:01,7:54:46,10:43,4:50:49,14:51:02
2004,1515,Quay Snyder,M65-69,53,Open,United States,1:12:50,8:42,6:59:07,11:50,6:19:05,14:51:34
2005,2110,Lance Durst,M50-54,521,Open,United States,1:05:43,6:30,7:04:31,9:16,6:26:07,14:52:08
2006,1983,Ted Shue,M50-54,522,Open,United States,1:15:59,15:05,6:45:32,19:25,6:16:59,14:53:01
2007,2421,John Black,M50-54,523,Open,United States,1:29:25,10:26,6:55:15,12:13,6:05:59,14:53:18
2008,1367,Cian-You Wang,F18-24,27,Female,Taiwan,1:00:38,6:53,7:38:49,8:58,5:58:06,14:53:24
2009,351,Cynthia Newton,F55-59,102,Female,United States,1:24:42,8:00,6:49:10,11:50,6:20:36,14:54:18
2010,1701,James Rolette,M60-64,160,Open,United States,1:20:54,8:37,6:12:53,12:08,6:59:50,14:54:22
2011,838,Carina Hinn,F40-44,191,Female,Sweden,1:34:16,12:06,6:33:17,15:03,6:19:52,14:54:34
2012,594,Yi-Chun Huang,F45-49,170,Female,Taiwan,1:33:09,17:04,7:39:06,20:50,5:05:12,14:55:21
2013,1523,Ting Pin Tseng,M65-69,54,Open,Taiwan,1:54:17,13:07,6:57:07,14:53,5:36:00,14:55:24
2014,873,Erin Green,F40-44,192,Female,United States,1:16:41,10:21,7:10:13,15:18,6:02:51,14:55:24
2015,1950,Gary Robertson,M50-54,524,Open,United Kingdom,1:30:43,7:03,7:12:32,7:18,5:57:55,14:55:31
2016,1969,Ulf Rosen,M50-54,525,Open,Estonia,1:38:03,7:07,7:19:29,11:56,5:39:16,14:55:51
2017,1092,Mckenzie Wilson,F35-39,141,Female,United States,1:41:36,7:23,6:41:09,13:55,6:11:50,14:55:54
2018,222,Pam Reed,F60-64,44,Female,United States,1:29:56,7:22,6:57:46,8:57,6:11:56,14:55:58
2019,156,Barb Carson,F65-69,10,Female,New Zealand,1:39:49,6:25,7:21:27,9:59,5:38:44,14:56:24
2020,1149,Ayumi Sanda,F30-34,126,Female,Japan,1:23:05,14:14,7:43:37,13:53,5:21:48,14:56:37
2021,1081,Diana Mariño Lourenço,F35-39,142,Female,Portugal,1:05:20,5:33,7:50:51,7:45,5:47:32,14:57:02
2022,1710,Henry Novell,M60-64,161,Open,United States,1:29:51,11:08,6:53:11,15:21,6:07:40,14:57:10
2023,1270,Mathilde Alster,F25-29,80,Female,Denmark,1:14:02,4:20,6:18:20,11:28,7:09:02,14:57:11
2024,735,Onnie Retkofsky,F45-49,171,Female,United States,1:28:10,8:48,6:53:00,20:15,6:07:25,14:57:38
2025,267,Kathleen Mccullough,F55-59,103,Female,United States,1:44:09,9:47,7:16:01,10:13,5:38:27,14:58:37
2026,592,Russet Morrow,F45-49,172,Female,United States,1:14:54,5:00,6:40:53,5:46,6:52:34,14:59:09
2027,139,Patricia Rosen,F65-69,11,Female,United States,1:35:23,9:02,7:34:45,12:41,5:27:21,14:59:12
2028,2080,Jan De Maesschalck,M50-54,526,Open,Belgium,1:42:27,7:37,6:46:58,8:52,6:13:21,14:59:16
2029,323,Juda Mcgannon,F55-59,104,Female,United States,1:23:39,11:07,7:28:17,13:17,5:43:15,14:59:34
2030,1957,Daniel Klein,M50-54,527,Open,United States,1:26:30,14:56,7:17:11,6:00,5:55:16,14:59:53
2031,381,Cassie Winter,F55-59,105,Female,United States,1:32:20,9:23,6:23:26,20:02,6:34:48,14:59:59
2032,2638,Evan Wetzel,M25-29,192,Open,United States,1:09:42,5:25,5:58:29,10:00,7:36:29,15:00:05
2033,997,Emilie Gripewall,F35-39,143,Female,Sweden,1:21:59,5:24,7:26:34,16:10,5:50:04,15:00:11
2034,1947,Wolfgang Landerl,M50-54,528,Open,Austria,1:30:25,7:16,6:41:00,8:27,6:33:42,15:00:49
2035,2651,Dina Altayeb,F50-54,140,Female,Saudi Arabia,1:35:49,9:09,7:07:32,11:17,5:57:19,15:01:06
2036,1808,Dan Lehman,M60-64,162,Open,United States,1:27:51,10:55,6:51:29,14:44,6:17:51,15:02:49
2037,1571,Paul Popovich,M65-69,55,Open,Canada,1:22:46,9:57,6:59:50,8:11,6:22:25,15:03:10
2038,113,Mériam Amara,FPC,,Female,France,1:22:56,5:07,6:37:22,10:27,6:47:31,15:03:22
2039,1756,Kevin Damanda,M60-64,163,Open,United States,1:53:42,8:40,7:10:18,10:49,5:39:56,15:03:25
2040,1821,Michael Martin,M50-54,529,Open,United States,1:23:02,16:14,7:25:25,16:09,5:43:10,15:04:01
2041,203,Charlotte Laughlin,F60-64,45,Female,United States,1:26:43,6:50,7:07:35,17:04,6:07:01,15:05:11
2042,2394,Kevin Hunter,M50-54,530,Open,United States,1:21:33,11:38,6:50:25,12:56,6:28:55,15:05:27
2043,151,Cathy Tibbetts,F65-69,12,Female,United States,1:19:24,8:07,7:22:01,13:31,6:03:55,15:06:59
2044,189,Laura Hudson,F60-64,46,Female,United States,1:40:51,6:55,7:36:13,6:42,5:36:39,15:07:20
2045,2626,Andre Pretorius,M25-29,193,Open,South Africa,1:35:40,5:54,6:31:27,8:10,6:46:31,15:07:42
2046,251,Angelika Fanai-Nimmesgern,F60-64,47,Female,Germany,1:40:01,8:29,7:47:47,8:37,5:22:57,15:07:50
2047,348,Marion Krecek,F55-59,106,Female,Germany,1:26:45,11:35,7:48:26,15:53,5:25:28,15:08:07
2048,2198,Greg Almond,M50-54,531,Open,United States,1:13:00,6:01,6:39:31,7:24,7:02:15,15:08:10
2049,1511,Tom Nickels,M65-69,56,Open,New Zealand,1:51:18,11:37,6:34:00,14:19,6:17:03,15:08:16
2050,800,Yi Fang Lee,F40-44,193,Female,Taiwan,1:31:06,11:42,7:34:04,16:17,5:35:11,15:08:19
2051,2287,Stephan Huber,M50-54,532,Open,Germany,1:09:15,7:50,5:57:51,13:52,7:39:54,15:08:42
2052,1864,Simon Horton,M50-54,533,Open,United States,1:16:07,7:26,7:23:30,6:22,6:15:48,15:09:12
2053,1438,Steve Marshall,M70-74,16,Open,United States,2:12:18,10:04,7:12:07,9:40,5:25:15,15:09:24
2054,2365,Honkai Chang,M50-54,534,Open,United States,1:37:50,11:00,7:24:53,9:30,5:46:22,15:09:35
2055,1538,Frederic Teboul,M65-69,57,Open,France,1:27:19,6:02,7:24:35,5:30,6:06:10,15:09:37
2056,364,Ivy Mcgowan,F55-59,107,Female,United States,1:26:08,11:32,7:03:23,12:51,6:15:58,15:09:52
2057,727,Yekaterina Karpitskaya,F45-49,173,Female,United States,1:20:54,14:50,7:10:18,12:33,6:11:50,15:10:24
2058,605,Rebecca Maccaroni,F45-49,174,Female,United States,1:17:26,17:16,7:22:15,14:55,5:58:39,15:10:31
2059,1353,Amelia Decarie,F25-29,81,Female,Canada,1:38:31,8:57,7:26:48,9:40,5:46:43,15:10:38
2060,382,Jodi Zajac,F55-59,108,Female,United States,1:48:45,11:17,7:01:20,12:52,5:56:27,15:10:42
2061,890,Vera Efimova,F40-44,194,Female,United Kingdom,1:32:43,8:48,7:12:11,19:00,5:58:03,15:10:45
2062,1682,Nick Taylor,M60-64,164,Open,Australia,1:39:37,6:43,7:25:38,9:04,5:49:56,15:10:58
2063,2306,Jim Deruby,M50-54,535,Open,United States,1:36:42,9:02,6:47:02,12:22,6:25:53,15:11:01
2064,1473,Uwe Schinz,M70-74,17,Open,Germany,1:43:40,8:39,7:08:54,8:02,6:01:53,15:11:07
2065,218,Marcia Regina Da Rios,F60-64,48,Female,Brazil,2:03:50,9:06,7:35:01,10:03,5:13:26,15:11:26
2066,2348,Marvin Darnell,M50-54,536,Open,United States,1:29:50,9:45,6:16:08,11:30,7:05:22,15:12:36
2067,1472,Hisashi Wakasa,M70-74,18,Open,Japan,1:41:04,24:48,7:02:03,14:42,5:50:31,15:13:08
2068,1474,Yuichi Okazaki,M70-74,19,Open,Japan,1:51:18,9:32,7:35:45,7:21,5:29:23,15:13:18
2069,1454,Thomas Nagy,M70-74,20,Open,United States,1:22:00,10:19,7:14:06,10:26,6:17:23,15:14:13
2070,1550,Yuji Kirihara,M65-69,58,Open,Japan,1:28:22,13:38,7:25:53,11:25,5:55:04,15:14:21
2071,751,Nylah Bautista,F45-49,175,Female,Philippines,1:23:31,6:44,7:40:11,11:23,5:52:51,15:14:41
2072,1488,Volker Fischer,M70-74,21,Open,United States,1:53:03,14:04,6:27:59,13:41,6:26:01,15:14:48
2073,1613,Mike Murray,M60-64,165,Open,United States,1:36:53,13:32,7:23:24,10:32,5:50:32,15:14:54
2074,2095,Kim Swift,M50-54,537,Open,United States,2:02:50,8:19,6:46:16,7:57,6:10:58,15:16:20
2075,225,Chacha Ramon,F60-64,49,Female,United States,1:42:37,8:19,7:09:45,12:42,6:03:20,15:16:44
2076,612,Sofie Lantto,F45-49,176,Female,Sweden,1:27:24,7:55,7:23:13,10:54,6:07:33,15:16:59
2077,1406,Rachel Welsford,F18-24,28,Female,Canada,1:20:30,6:34,7:24:50,9:21,6:15:46,15:17:00
2078,1615,Ross Thompson,M60-64,166,Open,Canada,1:43:35,12:36,7:06:58,11:11,6:03:23,15:17:43
2079,367,Jill Walker,F55-59,109,Female,United States,1:22:48,5:36,7:06:28,8:23,6:34:46,15:18:01
2080,1555,John Maloney,M65-69,59,Open,United States,1:23:51,12:03,7:09:22,14:48,6:18:24,15:18:27
2081,398,Tamira Meyer,F50-54,141,Female,United States,1:41:48,10:36,7:05:05,10:38,6:10:27,15:18:34
2082,2437,Gilberto Hernandez,M50-54,538,Open,United States,2:03:47,9:13,7:42:31,8:43,5:14:32,15:18:46
2083,296,karin sanders,F55-59,110,Female,United States,1:27:05,14:10,7:24:39,14:15,5:59:13,15:19:21
2084,2262,Daniel Donlevie,M50-54,539,Open,United States,1:22:26,15:07,6:52:59,15:26,6:33:37,15:19:35
2085,106,Rodger Krause,MHC,,Open,United States,1:36:22,11:23,8:49:37,10:28,4:31:47,15:19:37
2086,1816,Sangsu Jang,M60-64,167,Open,Korea,1:33:19,13:25,7:02:08,12:03,6:18:43,15:19:37
2087,1375,Eleanor Reynolds,F18-24,29,Female,United Kingdom,1:27:35,9:26,7:01:23,15:05,6:26:47,15:20:16
2088,338,Jami Callahan-Brill,F55-59,111,Female,United States,1:19:47,6:06,7:38:44,11:05,6:05:18,15:20:59
2089,1298,Daisy Huxtable,F25-29,82,Female,United Kingdom,1:14:19,8:20,7:58:08,18:03,5:42:32,15:21:24
2090,209,Pattie Wallner,F60-64,50,Female,United States,1:32:19,10:06,7:32:26,9:12,5:58:19,15:22:22
2091,288,Keiko Hara,F55-59,112,Female,Japan,1:39:49,10:08,7:14:47,16:56,6:00:46,15:22:26
2092,1432,Bob Sanderson,M70-74,22,Open,United States,1:47:39,7:05,7:15:44,11:50,6:00:17,15:22:35
2093,2223,Scott Sporer,M50-54,540,Open,United States,1:53:03,7:24,7:05:31,8:41,6:08:12,15:22:51
2094,274,Ingrid Lindelöw Berntson,F55-59,113,Female,Sweden,1:08:37,7:44,7:25:33,12:14,6:28:57,15:23:05
2095,368,Susane' Belkhiati,F55-59,114,Female,Australia,1:42:05,10:31,7:39:20,11:29,5:40:16,15:23:41
2096,1463,Vrastil Miroslav,M70-74,23,Open,Czechia,1:48:24,7:40,6:44:50,11:52,6:31:00,15:23:46
2097,539,Ma Evangeline Endaya,F50-54,142,Female,Philippines,1:44:31,9:31,7:35:29,8:48,5:46:53,15:25:11
2098,1466,David Hill,M70-74,24,Open,United Kingdom,1:43:34,12:13,6:54:00,10:05,6:25:25,15:25:16
2099,2330,Craig Mauger,M50-54,541,Open,Australia,1:19:14,8:28,6:54:11,10:40,6:53:06,15:25:39
2100,1475,Bruce Cook,M70-74,25,Open,United States,1:26:43,15:03,6:24:58,15:04,7:03:53,15:25:41
2101,1641,Jerzy Florek,M60-64,168,Open,United States,1:31:53,16:12,7:22:39,23:26,5:52:14,15:26:26
2102,1545,Wolfgang Rubarth,M65-69,60,Open,Germany,1:32:49,5:41,7:38:23,9:28,6:00:17,15:26:38
2103,116,Keiron Mccammon,MPC,,Open,United States,1:35:06,10:53,7:04:45,8:00,6:27:58,15:26:42
2104,446,Stefanie Eigen,F50-54,143,Female,United States,1:08:37,8:37,7:00:45,13:38,6:55:18,15:26:55
2105,697,Emily Thompson,F45-49,177,Female,United States,1:18:10,12:48,7:53:00,12:52,5:50:12,15:27:01
2106,1867,Fredrik Tjernstrom,M50-54,542,Open,Sweden,1:41:31,11:12,6:39:53,9:24,6:45:30,15:27:30
2107,135,Diane Tracy,F70-74,4,Female,United States,1:43:08,7:50,7:02:42,11:24,6:22:47,15:27:52
2108,1100,Greta Dufour,F35-39,144,Female,United States,1:28:31,10:20,7:40:29,13:02,5:56:03,15:28:25
2109,1382,Amy Hanley,F18-24,30,Female,United States,1:11:57,7:49,7:16:08,8:34,6:43:59,15:28:28
2110,294,Susanne Kadri,F55-59,115,Female,Germany,1:28:44,7:13,7:09:34,7:56,6:36:08,15:29:35
2111,591,Colleen Murray,F45-49,178,Female,United States,1:35:46,8:23,6:39:12,16:00,6:51:07,15:30:28
2112,2360,Anton Hinton-Bayre,M50-54,543,Open,Australia,1:09:34,9:53,6:48:51,14:11,7:08:10,15:30:39
2113,1838,Hung Pham,M50-54,544,Open,United States,1:32:01,12:13,6:54:01,10:14,6:42:32,15:31:01
2114,1716,Andy Pidduck,M60-64,169,Open,United Kingdom,1:28:52,8:58,7:22:37,14:22,6:16:30,15:31:20
2115,1536,Michael Doyle,M65-69,61,Open,United States,1:26:51,9:24,6:32:47,10:59,7:11:49,15:31:49
2116,1451,Branko Breznikar,M70-74,26,Open,Slovenia,1:06:50,6:47,7:14:47,6:50,6:56:44,15:31:58
2117,661,Ronelle Carman,F45-49,179,Female,United States,1:27:56,7:58,7:37:30,8:59,6:09:45,15:32:07
2118,906,Maria Nordström Lundberg,F40-44,195,Female,Sweden,1:34:27,10:18,7:22:36,29:22,5:55:37,15:32:20
2119,841,Jen Gibbins,F40-44,196,Female,United States,1:26:25,6:41,7:21:17,12:16,6:26:18,15:32:57
2120,234,Cornelia Gassner Bentz,F60-64,51,Female,Germany,1:39:50,8:05,7:43:07,8:59,5:52:56,15:32:58
2121,1441,Gilles Samyn,M70-74,27,Open,Belgium,1:51:08,13:54,7:11:43,19:45,5:56:49,15:33:19
2122,1405,Sarah Sawaya,F18-24,31,Female,United States,1:24:54,4:50,7:10:22,11:36,6:42:36,15:34:19
2123,1964,Brian Risley,M50-54,545,Open,United States,1:16:11,6:47,7:19:20,10:00,6:42:49,15:35:07
2124,1567,Louis Berman,M65-69,62,Open,Israel,1:23:09,11:31,7:09:46,12:51,6:37:52,15:35:10
2125,505,Melani Hays,F50-54,144,Female,Australia,1:30:05,10:51,7:03:43,14:33,6:36:02,15:35:15
2126,2563,Rahul Turan,M25-29,194,Open,India,1:36:19,11:17,7:20:31,9:18,6:20:29,15:37:54
2127,2440,Tony Alger,M50-54,546,Open,United States,1:31:10,8:28,6:52:38,9:22,6:56:44,15:38:20
2128,2012,John Searing,M50-54,547,Open,United States,1:24:14,9:34,7:27:14,11:59,6:26:43,15:39:43
2129,1544,Josef Gueta,M65-69,63,Open,Israel,1:42:02,10:39,7:27:06,11:38,6:08:36,15:40:00
2130,1442,Reinhard Drogla,M70-74,28,Open,Germany,1:31:12,8:59,6:44:10,10:14,7:05:30,15:40:06
2131,1850,Michael Begg,M50-54,548,Open,United States,1:32:15,21:46,6:51:00,18:17,6:36:58,15:40:16
2132,1493,Shuichi Nishimaki,M65-69,64,Open,Japan,1:26:14,10:55,7:31:35,8:43,6:22:53,15:40:20
2133,1455,William Troy,M70-74,29,Open,United States,1:23:44,15:50,7:39:45,0:21,6:20:47,15:40:27
2134,1485,Tauno Koskinen,M70-74,30,Open,Sweden,1:25:13,7:30,7:09:20,9:41,6:49:24,15:41:07
2135,141,Karen Price,F65-69,13,Female,United States,1:28:41,5:10,7:40:27,8:51,6:18:13,15:41:22
2136,2232,Jeffrey Miller,M50-54,549,Open,United States,1:31:03,9:12,8:03:38,9:11,5:48:46,15:41:50
2137,1412,Hiroshi Nakata,M80-84,1,Open,Japan,1:20:48,10:37,8:16:43,13:24,5:40:18,15:41:51
2138,1507,Kevin Lancer,M65-69,65,Open,United States,1:09:19,4:56,7:13:00,18:09,6:56:30,15:41:54
2139,200,Terri Bower,F60-64,52,Female,United States,1:28:51,5:17,8:01:28,14:00,5:53:08,15:42:44
2140,492,Phuong Vuong,F50-54,145,Female,United States,1:50:46,8:10,7:17:56,13:17,6:12:50,15:42:59
2141,165,Pam Grzybowski,F65-69,14,Female,United States,1:59:16,7:41,7:22:44,7:56,6:05:31,15:43:07
2142,1981,Steven Pivnik,M50-54,550,Open,United States,1:53:31,8:57,7:39:17,8:04,5:53:45,15:43:34
2143,560,Marsha Wessels,F45-49,180,Female,South Africa,1:22:48,6:59,7:44:45,15:57,6:14:32,15:45:01
2144,2654,Ghita Sebban,F35-39,145,Female,Morocco,1:31:43,9:17,8:04:18,10:35,5:49:49,15:45:42
2145,1292,Kelli Wosick,F25-29,83,Female,United States,1:31:55,8:55,8:14:42,9:38,5:40:38,15:45:49
2146,1498,Nobuyuki Tanaka,M65-69,66,Open,Japan,1:22:48,6:03,6:29:42,7:13,7:40:08,15:45:55
2147,1594,Greg Nugent,M60-64,170,Open,Australia,1:34:38,11:12,7:30:40,10:39,6:18:56,15:46:06
2148,1670,Greg Kelly,M60-64,171,Open,Australia,1:06:57,9:30,6:55:52,11:51,7:22:52,15:47:01
2149,1848,David Desser,M50-54,551,Open,United States,1:38:27,14:05,6:52:18,10:37,6:51:43,15:47:10
2150,306,Lisa Smith Cimino,F55-59,116,Female,United States,1:20:46,14:16,7:22:38,1:31:27,5:18:12,15:47:19
2151,584,Ann Kurtenbach,F45-49,181,Female,United States,1:23:14,14:25,7:50:38,10:39,6:08:37,15:47:34
2152,1874,Benjamin Rosenberg,M50-54,552,Open,United States,1:30:32,10:36,8:02:55,7:36,5:55:56,15:47:35
2153,1425,Roger Freeman,M75-79,2,Open,United States,2:06:56,13:37,7:24:28,13:01,5:49:35,15:47:36
2154,874,Elda Carreon,F40-44,197,Female,United States,2:12:43,8:46,7:31:46,11:04,5:43:19,15:47:38
2155,2290,David Seres,M50-54,553,Open,United States,1:27:27,8:51,7:34:07,10:42,6:27:09,15:48:16
2156,1522,Michael Kendall,M65-69,67,Open,United Kingdom,1:42:20,10:38,7:42:29,10:30,6:02:37,15:48:34
2157,2010,Jim Harris,M50-54,554,Open,United States,1:28:43,9:46,6:58:59,10:19,7:00:54,15:48:41
2158,213,Crystal Pomeroy,F60-64,53,Female,United States,1:43:05,10:37,7:17:10,12:57,6:24:54,15:48:42
2159,1042,Carolyn Spence,F35-39,146,Female,Canada,1:20:01,12:13,7:07:41,13:07,6:55:48,15:48:49
2160,190,Sharon Hobbs,F60-64,54,Female,United States,1:30:15,14:02,7:25:15,16:49,6:23:31,15:49:52
2161,1461,Leonid Boguslavsky,M70-74,31,Open,Canada,1:35:07,9:51,7:30:59,9:34,6:25:05,15:50:35
2162,1479,Anthony Gaborit,M70-74,32,Open,Australia,1:30:53,9:49,7:05:28,9:34,6:55:18,15:51:01
2163,455,Siobhan Forman,F50-54,146,Female,Ireland,1:27:56,13:34,7:04:23,20:41,6:44:42,15:51:15
2164,143,carol BLATTSPIELER,F65-69,15,Female,United States,1:35:39,8:55,7:28:19,13:23,6:25:09,15:51:24
2165,1618,John Amundson,M60-64,172,Open,United States,1:29:58,10:19,7:39:42,7:52,6:24:56,15:52:46
2166,1553,Paul Dorsa,M65-69,68,Open,United States,1:18:48,13:04,7:39:38,8:38,6:32:40,15:52:48
2167,1449,Tom Fitch,M70-74,33,Open,United States,1:44:33,13:18,7:24:35,13:33,6:17:03,15:53:03
2168,289,Karen Smith,F55-59,117,Female,United States,1:28:01,13:36,7:16:31,21:43,6:33:51,15:53:42
2169,2432,David Wilson,M50-54,555,Open,United States,1:20:36,8:29,6:44:36,25:22,7:14:52,15:53:55
2170,226,Anna Lipniacka,F60-64,55,Female,Switzerland,1:35:19,8:43,7:53:31,14:27,6:02:02,15:54:02
2171,1563,Brian Moran,M65-69,69,Open,United States,1:41:56,9:13,7:19:45,8:20,6:34:58,15:54:12
2172,529,Rose Doyle,F50-54,147,Female,United States,1:28:52,9:05,8:07:37,5:38,6:03:10,15:54:21
2173,227,Maren Riedel,F60-64,56,Female,Germany,1:39:59,8:33,7:18:23,12:20,6:35:19,15:54:33
2174,1971,Juan Aguirre,M50-54,556,Open,United States,1:22:59,12:41,7:56:59,11:35,6:10:40,15:54:54
2175,1606,Tom Rice,M60-64,173,Open,United States,1:32:11,12:33,7:45:35,13:16,6:11:44,15:55:19
2176,482,Wendy Hammerman,F50-54,148,Female,United States,1:30:11,10:08,7:02:12,13:53,6:59:20,15:55:44
2177,1446,Perry Heath,M70-74,34,Open,United States,1:34:01,8:54,7:49:26,9:27,6:14:00,15:55:48
2178,290,Dorothee Klasen,F55-59,118,Female,Germany,1:24:08,6:40,7:04:39,10:38,7:09:57,15:56:03
2179,170,Anne Wilkie,F65-69,16,Female,Canada,1:12:09,7:40,7:39:22,30:51,6:26:33,15:56:34
2180,1476,Tom Rizk,M70-74,35,Open,United States,1:16:22,8:13,7:17:11,9:26,7:05:33,15:56:44
2181,163,Liss Kerstin Sylvén,F65-69,17,Female,Sweden,1:39:38,9:15,7:25:44,11:00,6:31:39,15:57:17
2182,1829,Tim Waguespack,M50-54,557,Open,United States,1:33:57,10:45,7:05:42,10:41,6:56:12,15:57:17
2183,268,Carolyn Wyborney,F55-59,119,Female,United States,1:43:08,10:22,7:31:21,9:34,6:24:13,15:58:37
2184,2298,Bob Gitsham,M50-54,558,Open,United States,1:55:08,24:38,6:58:48,8:40,6:31:36,15:58:50
2185,1111,Stacey Mendez,F35-39,147,Female,United States,1:25:59,7:51,7:01:45,17:01,7:06:37,15:59:11
2186,1331,Shelby Hummel,F25-29,84,Female,United States,1:25:03,5:59,7:49:13,7:04,6:32:04,15:59:24
2187,245,Hildegarde Miyashiro,F60-64,57,Female,United States,1:47:22,10:43,7:46:26,10:54,6:05:23,16:00:47
2188,1529,Uwe Haaker,M65-69,70,Open,Germany,1:50:51,14:13,7:11:56,15:21,6:29:02,16:01:22
2189,177,Michaela Gräsbeck,F60-64,58,Female,Finland,1:16:25,7:57,8:17:02,11:34,6:08:31,16:01:31
2190,1676,Chris Ammann,M60-64,174,Open,United States,1:26:03,11:18,7:30:38,18:01,6:35:41,16:01:42
2191,1430,Shinichi Muranaka,M70-74,36,Open,Japan,1:45:55,8:06,7:25:11,10:43,6:31:50,16:01:44
2192,345,Aliicia Furrer,F55-59,120,Female,United States,1:20:51,12:37,7:56:43,9:09,6:22:50,16:02:09
2193,185,Brenda Bettencourt,F60-64,59,Female,United States,1:20:44,8:12,7:40:29,21:01,6:32:35,16:03:01
2194,2077,Matt Craft,M50-54,559,Open,Australia,1:09:22,6:46,7:13:35,10:31,7:23:26,16:03:40
2195,2015,Lars Pedersen,M50-54,560,Open,Sweden,1:44:43,8:35,6:51:14,10:57,7:09:42,16:05:10
2196,466,Iwona Latanska,F50-54,149,Female,Poland,1:52:31,11:03,8:25:28,8:03,5:28:09,16:05:13
2197,1385,Tomiris Tulegenova,F18-24,32,Female,Kazakhstan,1:25:37,6:51,7:29:27,7:09,6:56:19,16:05:23
2198,2658,Jim Cunha,M60-64,175,Open,United States,1:26:41,12:39,6:59:18,13:22,7:13:28,16:05:29
2199,129,Sunny Mckee,F70-74,5,Female,United States,1:23:51,10:24,7:52:50,14:16,6:24:58,16:06:19
2200,238,Fran Grady,F60-64,60,Female,Australia,1:24:35,7:12,8:17:56,11:53,6:04:53,16:06:29
2201,1840,Stephen Taraniuk,M50-54,561,Open,United States,1:40:52,9:49,7:11:12,13:46,6:51:04,16:06:43
2202,460,Mette Harrison,F50-54,150,Female,United States,1:27:17,10:05,7:08:50,10:27,7:11:07,16:07:46
2203,353,Jill Hansen,F55-59,121,Female,United States,1:23:02,13:07,8:00:29,11:25,6:19:43,16:07:46
2204,197,Patricia Szriftgiser,F60-64,61,Female,Argentina,1:43:50,11:21,8:16:09,14:54,5:41:38,16:07:53
2205,1928,Reid Hamilton,M50-54,562,Open,New Zealand,1:26:40,7:28,7:04:31,7:13,7:22:31,16:08:23
2206,635,Stacy Hughes,F45-49,182,Female,United States,1:27:04,7:15,7:54:23,14:44,6:25:09,16:08:35
2207,1452,Arthur Westphal,M70-74,37,Open,United States,1:38:11,15:06,7:31:50,14:48,6:29:11,16:09:06
2208,1671,Bret Hooppaw,M60-64,176,Open,United States,1:28:18,15:27,7:24:32,17:02,6:43:53,16:09:11
2209,211,Beth Poore,F60-64,62,Female,United States,1:16:38,16:04,7:26:45,17:07,6:53:02,16:09:37
2210,1610,Frank Riedel,M60-64,177,Open,Germany,1:55:26,9:30,7:43:56,8:41,6:12:12,16:09:45
2211,1008,Kaitlin Kenny,F35-39,148,Female,United States,1:29:14,8:37,7:56:41,17:49,6:17:27,16:09:47
2212,1428,Even Evensen,M75-79,3,Open,United States,1:22:57,12:59,7:06:05,15:03,7:13:04,16:10:08
2213,1997,Paul Dawe,M50-54,563,Open,Canada,1:13:08,14:02,7:31:45,10:16,7:01:23,16:10:34
2214,1650,Rebeca Castañeda,M60-64,178,Open,Mexico,1:23:40,6:30,7:49:08,11:33,6:40:11,16:11:01
2215,602,Ruth Bloom,F45-49,183,Female,Australia,1:19:30,9:18,7:57:01,11:09,6:34:48,16:11:46
2216,192,Shizuko Uzuki,F60-64,63,Female,Japan,1:33:54,11:58,7:30:12,14:24,6:41:25,16:11:54
2217,1576,Keith Woods,M65-69,71,Open,United States,1:13:47,10:32,7:51:01,15:08,6:41:35,16:12:03
2218,821,Lorna Hopkin,F40-44,198,Female,United Kingdom,1:27:07,9:11,7:04:33,13:33,7:17:42,16:12:06
2219,444,Jeanette Grigoris,F50-54,151,Female,Australia,1:29:08,12:54,7:56:53,7:29,6:26:19,16:12:43
2220,1631,Mark Lulling,M60-64,179,Open,United States,1:29:09,12:25,7:42:33,12:37,6:36:47,16:13:31
2221,1467,Nick Pomponio,M70-74,38,Open,United States,1:33:53,10:39,7:57:39,14:36,6:16:57,16:13:44
2222,2650,Amy Shelly,F50-54,152,Female,United States,1:25:36,6:56,8:14:39,12:24,6:14:39,16:14:14
2223,1607,William Koloseike,M60-64,180,Open,United States,1:29:47,15:31,7:36:21,16:48,6:36:17,16:14:44
2224,1539,John Sanders,M65-69,72,Open,United States,1:54:20,9:43,7:27:52,8:18,6:34:38,16:14:50
2225,1750,Michael Johnson,M60-64,181,Open,United States,1:12:28,7:46,7:03:03,9:14,7:43:11,16:15:42
2226,369,Laura Mercer,F55-59,122,Female,Canada,1:26:45,10:56,7:48:38,13:29,6:36:34,16:16:22
2227,1407,Warren Hill,M80-84,2,Open,New Zealand,1:51:58,14:04,7:35:18,9:50,6:25:14,16:16:25
2228,1103,Alex Anasson,F35-39,149,Female,Australia,1:13:58,9:54,7:29:31,12:12,7:11:09,16:16:45
2229,1783,Leszek Koziol,M60-64,182,Open,Poland,1:40:41,11:38,7:21:29,10:06,6:53:15,16:17:09
2230,153,Sheila Leard,F65-69,18,Female,United States,1:44:58,8:50,7:43:11,12:03,6:28:18,16:17:20
2231,1643,Jeffrey Koh,M60-64,183,Open,United States,1:46:14,12:12,7:42:41,11:01,6:25:15,16:17:22
2232,154,Ingrid De Boer,F65-69,19,Female,Belgium,1:32:32,6:21,7:31:25,12:40,6:54:37,16:17:35
2233,2410,Mike Estevez,M50-54,564,Open,United States,1:42:05,8:55,8:10:01,6:17,6:10:53,16:18:10
2234,2375,Arnez Nisperos,M50-54,565,Open,United States,1:58:42,10:17,7:41:03,11:53,6:17:10,16:19:05
2235,1561,Craig Clow,M65-69,73,Open,Canada,1:54:23,12:05,7:50:46,13:12,6:08:50,16:19:17
2236,1972,Shane Mc Gale,M50-54,566,Open,Ireland,1:15:54,11:56,7:56:53,10:19,6:44:43,16:19:45
2237,2312,Jamey Mcewen,M50-54,567,Open,United States,1:28:20,8:46,7:26:36,8:25,7:07:43,16:19:49
2238,1401,Ava Wheatley,F18-24,33,Female,Australia,1:26:36,11:05,7:48:43,12:50,6:40:40,16:19:54
2239,122,Gruenfeld Cherie,F75-79,1,Female,United States,1:30:20,6:25,7:36:04,9:25,6:57:53,16:20:07
2240,1267,Themis Mendonça Brandão Vilela,F60-64,64,Female,Brazil,1:48:53,12:06,8:17:04,15:55,5:47:27,16:21:25
2241,451,Myrna Hooper,F50-54,153,Female,United States,1:36:29,10:15,8:36:53,7:03,5:50:50,16:21:29
2242,1691,David Marin,M60-64,184,Open,United States,1:17:19,7:51,7:15:27,13:47,7:27:53,16:22:16
2243,1608,Bart Krotik,M60-64,185,Open,United States,1:18:41,13:36,7:42:49,10:46,6:56:44,16:22:37
2244,1480,Ian Macfawn,M70-74,39,Open,United States,1:22:45,11:27,7:15:33,20:02,7:13:05,16:22:52
2245,2188,Kim Daihyun,M50-54,568,Open,Korea,2:02:00,16:12,7:08:00,14:07,6:42:33,16:22:53
2246,704,Brittany Stodden,F45-49,184,Female,United States,1:19:52,7:26,7:28:42,12:25,7:14:39,16:23:04
2247,1335,Emily Wheelhouse,F25-29,85,Female,United Kingdom,1:42:07,10:51,8:18:28,13:14,6:00:10,16:24:50
2248,263,Cathy Belhaouane,F55-59,123,Female,France,1:59:06,9:44,7:46:15,9:29,6:20:23,16:24:58
2249,1447,Jean-Pierre Mastnak,M70-74,40,Open,France,1:42:12,16:15,7:24:32,12:22,6:49:48,16:25:09
2250,1543,Darrell Myrick,M65-69,74,Open,United States,1:12:29,6:48,7:30:59,15:56,7:19:00,16:25:12
2251,1888,Simon Shurey,M50-54,569,Open,United States,2:06:28,11:06,8:06:00,6:51,5:55:09,16:25:33
2252,1721,David Townsend,M60-64,186,Open,United States,1:22:55,11:45,7:26:52,7:10,7:17:27,16:26:09
2253,183,Pat Ketcham,F60-64,65,Female,United States,1:19:16,12:18,7:07:32,13:52,7:33:21,16:26:19
2254,1421,Fred Lambright,M75-79,4,Open,Canada,2:09:50,12:16,8:00:03,9:48,5:54:50,16:26:47
2255,2193,Edu Domènech,M50-54,570,Open,Spain,1:31:55,6:29,7:17:34,12:33,7:18:23,16:26:55
2256,1614,John Francis,M60-64,187,Open,Australia,1:21:52,11:24,7:27:56,13:52,7:12:07,16:27:12
2257,146,Lorraine Gersitz,F65-69,20,Female,United States,1:30:34,13:31,7:47:48,12:11,6:43:09,16:27:14
2258,1598,David Adams,M60-64,188,Open,United States,1:37:55,18:02,7:58:16,18:11,6:14:58,16:27:22
2259,1753,Ian Ross,M60-64,189,Open,Australia,2:17:39,13:56,7:05:43,14:52,6:35:26,16:27:37
2260,229,Sharon Lay,F60-64,66,Female,United States,1:24:21,8:59,7:35:22,17:42,7:01:26,16:27:50
2261,576,Jane Counsell,F45-49,185,Female,United Kingdom,1:54:29,11:20,7:40:41,16:27,6:25:14,16:28:10
2262,262,Lindsay Hobbs,F55-59,124,Female,United Kingdom,1:26:48,9:51,8:15:46,11:52,6:24:06,16:28:23
2263,1927,Dean Demetropoulos,M50-54,571,Open,United States,1:58:07,12:53,7:27:27,16:48,6:33:32,16:28:47
2264,1675,John O'Brien,M60-64,190,Open,United States,1:27:37,13:57,7:20:33,12:55,7:14:00,16:29:03
2265,998,Ruth Clymor,F35-39,150,Female,United States,1:34:05,12:26,7:42:15,12:18,6:48:11,16:29:15
2266,1490,Bob Whitman,M65-69,75,Open,United States,1:35:33,11:28,8:15:56,15:08,6:12:31,16:30:36
2267,1806,David Pearson,M60-64,191,Open,United States,1:45:54,11:02,7:38:02,14:44,6:40:54,16:30:37
2268,1681,Vaughn Dinnage,M60-64,192,Open,United Kingdom,1:23:50,16:02,8:11:14,17:22,6:22:42,16:31:10
2269,117,Dan Grieb,MPC,,Open,United States,1:42:41,8:15,8:05:37,5:54,6:29:01,16:31:27
2270,1581,Ray Arroyo,M65-69,76,Open,United States,1:23:49,10:57,7:51:09,17:23,6:49:12,16:32:30
2271,1706,Mike Pirnat,M60-64,193,Open,United States,1:35:42,10:55,7:38:37,10:44,6:56:46,16:32:44
2272,1387,Sofia Naranjo,F18-24,34,Female,Colombia,1:32:00,9:57,7:56:59,11:40,6:42:18,16:32:52
2273,235,Risa Wight,F60-64,67,Female,United States,1:40:52,12:31,8:06:55,9:24,6:23:16,16:32:58
2274,1663,Tim Lewis,M60-64,194,Open,United States,1:16:53,12:17,7:40:55,22:42,7:00:36,16:33:23
2275,1499,Jim Orr,M65-69,77,Open,United States,1:32:46,10:52,7:29:05,11:00,7:09:55,16:33:39
2276,1556,James Riga,M65-69,78,Open,United States,1:30:18,9:35,7:51:23,14:19,6:49:18,16:34:52
2277,2217,Edward Apolinar,M50-54,572,Open,United States,1:47:21,9:23,7:01:23,20:14,7:16:59,16:35:20
2278,1665,Jim Gorske,M60-64,195,Open,United States,1:27:39,17:15,8:15:56,12:29,6:22:54,16:36:13
2279,1634,William Jankowski,M60-64,196,Open,United States,1:28:20,7:30,7:42:09,15:22,7:03:53,16:37:14
2280,1604,Manfred Schmidt,M60-64,197,Open,Germany,1:21:05,7:46,7:24:17,19:02,7:25:06,16:37:15
2281,133,Deborah Hankens,F70-74,6,Female,United States,1:48:20,9:01,7:41:31,14:21,6:45:05,16:38:18
2282,945,Angela Millet,F40-44,199,Female,United States,1:42:47,6:23,7:51:06,6:43,6:52:05,16:39:03
2283,370,Nancy Mckim,F55-59,125,Female,United States,1:46:03,12:56,8:12:25,12:51,6:14:51,16:39:05
2284,1945,Kitpong Chawaldit,M50-54,573,Open,Thailand,2:11:02,11:50,7:35:29,7:30,6:33:16,16:39:07
2285,2315,Ryan Carr,M50-54,574,Open,Australia,1:38:41,6:54,8:34:34,13:04,6:07:34,16:40:47
2286,1462,David Rosenfeld,M70-74,41,Open,United States,1:51:37,9:31,7:25:30,19:16,6:55:17,16:41:12
2287,187,Mary Cavnar Johnson,F60-64,68,Female,United States,1:30:51,13:18,8:16:10,9:32,6:31:23,16:41:13
2288,1579,Danny Arnold,M65-69,79,Open,United States,1:46:43,13:32,8:22:04,15:28,6:03:45,16:41:32
2289,130,Cande Olsen,F70-74,7,Female,United States,1:41:11,10:05,8:03:16,23:00,6:24:23,16:41:55
2290,1713,Tom Navasero,M60-64,198,Open,Philippines,1:58:39,13:38,7:58:06,20:04,6:12:35,16:43:03
2291,1423,Christopher George,M75-79,5,Open,United Kingdom,2:09:04,10:11,8:01:21,7:09,6:15:55,16:43:41
2292,2656,Tom Kennedy,M60-64,199,Open,United States,1:39:47,9:15,8:03:16,12:58,6:38:25,16:43:41
2293,164,Sandra Brown,F65-69,21,Female,United States,1:41:31,10:20,7:55:06,18:09,6:39:59,16:45:05
2294,212,Marianne Sutra,F60-64,69,Female,France,1:19:22,7:50,7:45:41,14:00,7:19:32,16:46:27
2295,1722,Jorge Baldasso,M60-64,200,Open,Brazil,1:39:11,12:27,7:44:34,15:37,6:54:40,16:46:30
2296,2083,Robert Horsley,M50-54,575,Open,United States,1:37:59,11:45,7:00:41,14:32,7:42:40,16:47:38
2297,988,Jessica Dymond,F35-39,151,Female,United States,1:45:27,10:13,8:21:34,12:09,6:18:56,16:48:18
2298,691,Lauren Darienzo,F45-49,186,Female,United States,1:44:18,6:29,8:12:24,11:40,6:33:39,16:48:29
2299,1546,Henry skip Slade,M65-69,80,Open,United States,1:15:27,10:33,7:48:29,12:47,7:21:37,16:48:52
2300,123,Natalie Grabow,F75-79,2,Female,United States,1:33:41,10:38,7:44:46,12:58,7:06:50,16:48:53
2301,613,Kristen Cummins,F45-49,187,Female,United States,1:37:49,10:46,8:09:46,13:20,6:38:02,16:49:43
2302,1435,Al Truscott,M70-74,42,Open,United States,1:26:20,12:20,7:52:26,11:37,7:07:17,16:50:00
2303,408,Dr. Meena Gwalani,F50-54,154,Female,India,1:49:55,12:36,9:03:57,9:38,5:34:08,16:50:14
2304,1419,Patrick Bourdillon,M75-79,6,Open,United States,1:42:36,13:33,8:08:26,11:09,6:37:46,16:53:31
2305,1505,Peter Van Diepen,M65-69,81,Open,Canada,1:42:55,12:34,7:50:41,11:52,6:55:53,16:53:55
2306,402,Sarah Hamilton,F50-54,155,Female,United States,1:28:42,10:18,8:04:43,11:33,6:59:42,16:54:58
2307,1411,George Hudson,M80-84,3,Open,United States,2:09:47,7:40,8:01:40,9:49,6:27:27,16:56:23
2308,140,Margaret Phillips,F65-69,22,Female,United States,1:21:03,7:56,8:05:43,25:30,6:56:21,16:56:33
2309,1771,Perry Larson,M60-64,201,Open,United States,1:27:54,18:00,7:21:34,20:08,7:29:25,16:57:00
2310,145,Leslie Mellet,F65-69,23,Female,United States,1:19:15,7:38,7:59:45,15:26,7:15:14,16:57:19
2311,1497,Joon Hwan Kang,M65-69,82,Open,Korea,1:44:01,17:26,8:04:20,18:03,6:34:23,16:58:14
2312,1422,Bob Crawford,M75-79,7,Open,United States,1:27:50,10:37,7:39:43,13:34,7:29:39,17:01:23
2313,134,Ann Hayes,F70-74,8,Female,Canada,1:31:05,9:13,8:26:55,12:58,6:44:31,17:04:42
2314,208,Patricia Clifford,F60-64,70,Female,United States,1:19:21,9:09,8:41:14,14:31,6:41:32,17:05:46
2315,435,Trudy Simmons,F50-54,156,Female,United States,1:35:23,9:49,8:41:44,6:27,6:34:12,17:07:35
2316,205,Petra Sieber Brinkschulte,F60-64,71,Female,Switzerland,1:34:38,6:37,8:33:46,9:12,6:44:59,17:09:12
2317,1297,Celia Lerideau,F25-29,86,Female,France,1:30:27,5:54,7:54:27,7:17,7:45:07,17:23:12
2318,449,Susan Stevens,F50-54,157,Female,United States,1:36:01,6:09,8:54:12,5:09,6:57:24,17:38:55
2319,112,Liza James,FPC,,Female,United States,1:41:38,4:42,9:26:40,7:01,6:38:50,17:58:50
,1032,Davina Greenwell,F35-39,,Female,United Kingdom,,,,,,
,1784,Michael Angel,M60-64,,Open,United States,1:31:11,12:25,,,,
,1516,Robert Kazar,M65-69,,Open,United States,,,,,,
,136,Gail Hughes,F70-74,,Female,United States,1:34:49,16:44,,,,
,107,Matt Brumby,MHC,,Open,Australia,,,,,,
,34,Jade Roberts,FPRO,,Female,South Africa,,,,,,
,2266,Chris Demarchi,M50-54,,Open,United States,1:13:20,5:12,5:45:58,,,
,985,Maria Concepción Ballesta Navarro,F35-39,,Female,Spain,,,,,,
,1810,Roger Haybittle,M60-64,,Open,Brazil,,,,,,
,148,Carey Cribbs,F65-69,,Female,United States,1:21:55,9:00,8:16:32,18:38,,
,2072,Richard Wallace,M50-54,,Open,United States,,,,,,
,1562,Nelson Rodriguez,M65-69,,Open,United States,1:40:37,13:03,8:05:28,,,
,173,Mary Mcdonald,F65-69,,Female,United States,,,,,,
,49,Jenny Schulz,FPRO,,Female,Germany,1:08:39,3:04,5:32:54,2:59,,
,1694,Ian Fabian,M60-64,,Open,Australia,,,,,,
,2181,maxime hamon,M50-54,,Open,France,59:22,3:42,,,,
,1601,Richard Ridao,M60-64,,Open,United States,,,,,,
,1333,Jessica Paynter,F25-29,,Female,Australia,,,,,,
,2672,Todd Newnam,M50-54,,Open,United States,,,,,,
,1437,Alan Mccartney,M70-74,,Open,United Kingdom,1:26:11,10:41,,,,
,1609,Rory Gumina,M60-64,,Open,United States,1:10:10,7:28,7:09:54,9:54,,
,1320,Rebecca Duxbury,F25-29,,Female,United Kingdom,1:07:55,4:42,5:15:45,8:07,,
,27,Els Visser,FPRO,,Female,Netherlands,,,,,,
,1853,Lennie Kristensen,M50-54,,Open,Denmark,,,,,,
,23,Simone Mitchell,FPRO,,Female,United Kingdom,1:03:14,2:38,,,,
,886,Nikkola Matthews,F40-44,,Female,New Zealand,,,,,,
,147,Marianne Moore,F65-69,,Female,United States,,,,,,
,1537,Willi Zimmermann,M65-69,,Open,Germany,,,,,,
,960,Nolwenn Daniel,F40-44,,Female,France,,,,,,
,157,Joyce Burch,F65-69,,Female,United States,2:12:48,6:52,8:36:19,6:34,,
,1102,Li Xiaoping,F35-39,,Female,China,,,,,,
,1429,Andrew Loeb,M70-74,,Open,United States,1:24:51,9:21,,,,
,223,Sharon Callister,F60-64,,Female,Australia,1:32:50,10:10,8:40:04,7:46,,
,2301,Christian Lato,M50-54,,Open,Italy,,,,,,
,167,Rhiannon O'Connor,F65-69,,Female,United States,1:25:52,15:28,8:38:13,14:05,,
,845,Rebecca Preston,F40-44,,Female,Australia,1:03:19,3:41,,,,
,2464,Edoardo Felici,M25-29,,Open,Italy,,,,,,
,2141,Richard Holden,M50-54,,Open,United States,1:27:56,26:32,,,,
,2414,Paul Lunn,M50-54,,Open,United Kingdom,1:03:59,3:00,5:09:18,3:25,,
,1427,Michal Mogrovics,M75-79,,Open,Czechia,2:30:20,,,,,
,313,Karin Peters,F55-59,,Female,United States,,,,,,
,1804,Miguel Lopez Alfaraz,M60-64,,Open,Spain,1:08:03,5:04,6:20:27,9:06,,
,1132,Olga Kowalska,F30-34,,Female,Poland,,,,,,
,880,Anna Matthews,F40-44,,Female,Australia,1:17:10,6:59,7:40:27,11:53,,
,1633,Thomas Dowd,M60-64,,Open,United States,,,,,,
,2022,Cesar Suzuki,M50-54,,Open,Brazil,2:01:08,6:12,7:58:44,6:02,,
,1299,Stephanie Clutterbuck,F25-29,,Female,United Kingdom,52:38,3:31,5:09:45,7:40,,
,548,Sandra Zaugg,F50-54,,Female,Switzerland,,,,,,
,1076,Dieuwertje Bax,F35-39,,Female,Netherlands,,,,,,
,1436,Rob Watson,M70-74,,Open,United States,1:09:48,14:52,7:50:20,,,
,2130,Joel Volterra,M50-54,,Open,United States,,,,,,
,17,Sarah True,FPRO,,Female,United States,54:46,3:02,,,,
,110,Kevin Rhinehart,MPC,,Open,United States,1:28:08,9:15,10:16:10,2:14,,
,2113,James Stromberg,M50-54,,Open,United States,,,,,,
,1513,Richard Shaw,M65-69,,Open,United States,1:56:48,10:31,8:36:43,11:25,,
,30,Lauren Brandon,FPRO,,Female,United States,51:38,2:26,5:03:45,2:41,,
,827,Judy-Ann Parke,F40-44,,Female,Canada,,,,,,
,181,Gail Norman,F60-64,,Female,United States,1:50:08,,,,,
,533,Åsa Larson,F50-54,,Female,Sweden,1:25:39,5:49,7:19:36,,,
,1150,De Boer Marlene Helen,F30-34,,Female,Netherlands,59:14,2:55,5:11:52,3:14,,
,1785,Paul Adams,M60-64,,Open,United Kingdom,,,,,,
,166,Yuko Hayashi,F65-69,,Female,Japan,1:35:34,16:18,,,,
,1627,Richard Sutherland,M60-64,,Open,United States,1:17:25,9:51,,,,
,1371,Karoline Johansen,F18-24,,Female,Norway,,,,,,
,20,Sara Svensk,FPRO,,Female,Sweden,58:10,2:28,4:39:13,2:18,,
,1577,Barry Sullivan,M65-69,,Open,United States,,,,,,
,2338,Alexander Auer,M50-54,,Open,Germany,,,,,,
,1416,Richard Weinbrandt,M75-79,,Open,United States,1:33:17,10:39,8:39:15,7:54,,
,16,Linsey Corbin,FPRO,,Female,United States,,,,,,
,1620,Kuniaki Koizumi,M60-64,,Open,Japan,1:40:08,12:14,7:50:49,13:05,,
,1378,Chiara Marita Szolderits,F18-24,,Female,Austria,,,,,,
,2634,Warren Eshpeter,M25-29,,Open,United States,,,,,,
,1069,Karrie Stewart,F35-39,,Female,United States,,,,,,
,217,Lisa Wayerski,F60-64,,Female,United States,,,,,,
,667,Daniela Jakobler,F45-49,,Female,Germany,1:14:38,4:40,,,,
,1326,Katie Yoder,F25-29,,Female,United States,1:00:47,5:08,,,,
,1433,J Nathan Leech,M70-74,,Open,United States,1:06:32,9:37,,,,
,1584,Dan Mccluskey,M65-69,,Open,United States,1:16:46,6:48,6:52:26,20:03,,
,1418,Griffiths Weste,M75-79,,Open,Australia,,,,,,
,1413,James Davis,M75-79,,Open,United States,1:59:00,15:56,7:46:12,13:22,,
,1027,Jennifer Frei,F35-39,,Female,Switzerland,,,,,,
,1632,Dermot Connolly,M60-64,,Open,Ireland,2:33:43,,,,,
,1417,タツオ ハマグチ,M75-79,,Open,Japan,1:40:08,11:06,,,,
,1617,Blake Sajonia,M60-64,,Open,United States,,,,,,
,26,Manon Genet,FPRO,,Female,France,57:55,2:27,4:55:30,3:46,,
,1640,Timothy Zywicki,M60-64,,Open,United States,1:44:27,14:57,6:36:36,13:15,,
,2655,Randy Christofferson,M65-69,,Open,United States,1:25:31,10:00,6:54:20,10:03,,
,1978,Raul Leorex Gaerlan,M50-54,,Open,Philippines,,,,,,
,1684,Aaron Ramirez,M60-64,,Open,United States,2:33:46,,,,,
,2183,Marek Svoboda,M50-54,,Open,Czechia,1:06:28,3:49,,,,
,1876,Timothy Connelly,M50-54,,Open,United States,,,,,,
,659,Alison Davies,F45-49,,Female,Canada,,,,,,
,196,Mary Mitchell,F60-64,,Female,Australia,,,,,,
,1265,Haley Turner,F30-34,,Female,United States,,,,,,
,1600,Larry Black,M60-64,,Open,United States,,,,,,
,1730,Todd Archibald,M60-64,,Open,United States,1:24:32,10:53,8:26:58,9:26,,
,1988,Peter Ronco,M50-54,,Open,United States,1:11:03,4:56,6:32:54,17:21,,
,1500,Charles Cholet,M65-69,,Open,United States,,,,,,
,2,Kat Matthews,FPRO,,Female,United Kingdom,,,,,,
,648,Laura Yost,F45-49,,Female,United States,1:19:53,4:30,,,,
,295,Lynn Keane,F55-59,,Female,United States,,,,,,
,1904,Kris Pinnow,M50-54,,Open,United States,,,,,,
,2337,Jose Marcos Reyes,M50-54,,Open,Mexico,,,,,,
,2040,Warren Anderson,M50-54,,Open,New Zealand,,,,,,
,389,Theresa Small,F50-54,,Female,Australia,,,,,,
,105,Rob Balucas,MHC,,Open,United States,1:52:33,16:08,9:37:47,6:24,,
,1457,Don Yohman,M70-74,,Open,United States,2:07:32,12:34,,,,
,513,Shima Suzuki,F50-54,,Female,Japan,,,,,,
,1738,Criag Vaness,M60-64,,Open,United States,1:29:41,13:38,7:55:40,18:33,,
,1345,Fernanda De La Vega,F25-29,,Female,Mexico,,,,,,
,1737,Kyle Welch,M60-64,,Open,United States,1:02:06,4:43,5:54:27,21:44,,
,1301,Marielle Lacroix,F25-29,,Female,Belgium,1:09:15,4:47,,,,
,1098,Jenna Rings,F35-39,,Female,United States,,,,,,
,2527,Aaron Scheets,M25-29,,Open,United States,1:07:33,7:41,5:46:17,6:29,,
,1253,Ellie Garrett,F30-34,,Female,United Kingdom,1:15:37,3:34,7:16:40,9:07,,
,1279,Ishida Nagiho,F25-29,,Female,Japan,,,,,,
,33,Rachel Zilinskas,FPRO,,Female,United States,,,,,,
,1408,Roger Little,M80-84,,Open,United States,,,,,,
,1458,Asbjoern Bakken,M70-74,,Open,Norway,,,,,,
,1621,Stuart Porter,M60-64,,Open,United States,,,,,,
,1652,Katsuhiko Yoshida,M60-64,,Open,Japan,,,,,,
,1661,Rick Van Kirk,M60-64,,Open,United States,1:58:49,17:14,,,,
,175,Joanne Bezzubetz,F65-69,,Female,Canada,1:45:05,7:31,,,,
,2215,Grant Hankinson,M50-54,,Open,Australia,,,,,,
,1489,Laurence Kutler,M65-69,,Open,United States,2:04:01,10:35,,,,
,1318,Annika Lindstrom,F25-29,,Female,United States,1:03:28,4:25,6:12:38,16:59,,
,361,Jody Dushay,F55-59,,Female,United States,,,,,,
,2061,Kelly Brown,M50-54,,Open,United States,,,,,,
,1987,Barry Ogden,M50-54,,Open,United States,,,,,,
,41,Dimity-Lee Duke,FPRO,,Female,Australia,1:04:52,2:52,5:18:38,2:55,,
,1439,Robert Scott,M70-74,,Open,United States,,,,,,
,2420,Renaud Cormier,M50-54,,Open,France,1:08:24,6:35,,,,
,2663,Andre Graff,M60-64,,Open,Germany,,,,,,
,833,Haddad Luciana,F40-44,,Female,Brazil,,,,,,
,1036,Petra Krause,F35-39,,Female,Germany,,,,,,
,1434,Mike Leahy,M70-74,,Open,United States,,,,,,
,2241,Alessandro Robustelli,M50-54,,Open,Italy,,,,,,
,1834,Mark Rushby,M50-54,,Open,Ireland,,,,,,
,1468,Josep Colome-Somoza,M70-74,,Open,Spain,1:36:45,10:03,,,,
,1216,Monika Szikszai,F30-34,,Female,Hungary,,,,,,
,131,Sandi Wiebe,F70-74,,Female,United States,1:27:16,8:15,8:13:22,9:49,,
,1414,Ken Hola,M75-79,,Open,United States,1:37:19,20:51,7:24:59,13:26,,
,1915,Lars Gustafsson,M50-54,,Open,Sweden,,,,,,
,538,Elisabetta Villa,F50-54,,Female,Italy,1:15:16,4:22,5:59:59,,,
,1453,Thierry Poynard,M70-74,,Open,France,1:27:06,11:29,6:40:42,,,
,52,Kate Bevilaqua,FPRO,,Female,Australia,58:02,2:38,5:26:36,6:21,,
,1469,Herve Griffon,M70-74,,Open,France,1:27:30,12:19,8:21:48,15:57,,
,428,Fiona Buckland,F50-54,,Female,Australia,1:43:28,9:42,9:17:40,9:09,,
,124,Dexter Yeats,F75-79,,Female,United States,1:48:39,13:55,,,,
,1415,Dieter Reithmeier,M75-79,,Open,Australia,2:13:12,15:04,8:02:22,12:57,,
,2660,Elliot Block,M60-64,,Open,United States,1:20:29,9:58,6:39:10,12:10,,
,1420,Fouad Saliba,M75-79,,Open,Lebanon,2:13:36,17:25,,,,
,128,Shirley Rolston,F70-74,,Female,New Zealand,1:51:15,9:57,8:46:35,10:10,,
,756,Gabriela Egli,F45-49,,Female,Switzerland,1:24:32,5:47,,,,
,1532,Eli Tepperberg,M65-69,,Open,United States,1:25:36,6:30,6:54:42,7:26,,
,2316,Anthony Lucas,M50-54,,Open,United States,1:07:32,15:23,5:55:21,13:48,,
,21,Pamella Oliveira,FPRO,,Female,Brazil,51:42,2:36,,,,
,392,Petra Schmiedel,F50-54,,Female,Germany,1:19:17,4:22,5:46:50,6:13,,
,2003,Andrew Hall,M50-54,,Open,United States,,,,,,
,182,Kate Samuelson,F60-64,,Female,United States,1:30:08,8:18,,,,
,2112,Patrick Detzel,M50-54,,Open,Switzerland,,,,,,
,436,Kiyomi Saito,F50-54,,Female,Japan,,,,,,
,2422,Daniel Brostella,M50-54,,Open,Panama,1:10:54,7:05,,,,
,127,Catharine Daly,F70-74,,Female,Canada,1:47:15,9:19,9:24:31,,,
,675,Nicole Gaillard,F45-49,,Female,Switzerland,1:07:28,4:09,5:34:54,3:39,,
,1748,Tosh Ueda,M60-64,,Open,Japan,,,,,,
,2625,Tobias Hallebach,M25-29,,Open,Germany,,,,,,
,2397,Oscar Rosingana Caballero,M50-54,,Open,Spain,1:03:51,5:04,5:44:33,6:06,,
,178,Ellen Hart,F60-64,,Female,United States,1:24:48,6:07,6:43:08,8:47,,
,2584,Raoul Rodriguez,M25-29,,Open,United States,,,,,,
,2679,Nobuyuki Kikuchi,M50-54,,Open,Japan,1:25:36,11:24,,,,
,1530,Nils Holmström,M65-69,,Open,Sweden,1:58:39,9:57,6:54:58,16:27,,
,1872,Eric Block,M50-54,,Open,United States,1:25:34,15:27,6:50:42,13:40,,
,1966,Stefano Carletti,M50-54,,Open,United States,1:28:02,10:23,8:02:18,8:45,,
,37,Heini Hartikainen,FPRO,,Female,Finland,,,,,,
,186,Janet Chappell,F60-64,,Female,United States,1:10:36,8:26,,,,
,1450,John Wragg,M70-74,,Open,Canada,1:25:46,10:11,,,,
,1685,Michael Kane,M60-64,,Open,United States,1:34:15,10:56,,,,
,125,Linda Ashmore,F75-79,,Female,United Kingdom,1:23:15,5:18,8:52:07,7:07,,
,2305,Sune Steiniche Kjaer,M50-54,,Open,Denmark,,,,,,
,1659,Peter Buehlow,M60-64,,Open,Canada,1:15:11,8:16,,,,
,416,Lynn Barlik,F50-54,,Female,United States,1:14:42,4:47,,,,
,2155,Gary Squires,M50-54,,Open,United Kingdom,,,,,,
,132,Kathleen Peck,F70-74,,Female,United States,,,,,,
,1483,Myeong Su Kim,M70-74,,Open,Korea,,,,,,
,150,Kathy Polon,F65-69,,Female,United States,2:04:08,12:08,9:01:03,,,
,1540,Sangin Nam,M65-69,,Open,Korea,1:25:06,12:53,8:30:47,15:05,,
,422,Jessica Bibza,F50-54,,Female,United States,,,,,,
,158,Laura Rossetti,F65-69,,Female,United States,1:12:34,8:40,6:55:22,12:27,,
,502,Karen Driver,F50-54,,Female,United Kingdom,,,,,,
,1742,Roger Marolt,M60-64,,Open,Switzerland,1:15:52,7:42,,,,
,1380,Emma Prip Holm,F18-24,,Female,Denmark,,,,,,
,627,Lynn Henderson,F45-49,,Female,United States,,,,,,
,518,Leslie Andrews,F50-54,,Female,United States,1:51:39,8:23,,,,
,1054,Stacy Mercer,F35-39,,Female,United States,,,,,,
,152,Karin Kaulmann,F65-69,,Female,Germany,,,,,,
,1967,Bryan Crispin,M50-54,,Open,Australia,,,,,,
,1187,Laura Ungarova,F30-34,,Female,Kazakhstan,,,,,,
,1912,Darrell Stott,M50-54,,Open,United States,,,,,,
,2062,Patrick Plouffe,M50-54,,Open,Canada,1:05:17,4:21,5:46:43,4:52,,
,900,Brooke Poynter,F40-44,,Female,Australia,,,,,,
,1919,Tony Orrico,M50-54,,Open,United States,1:30:42,8:24,,,,
,2523,James Hayes,M25-29,,Open,United States,,,,,,
,220,Brigitte Berod,F60-64,,Female,France,,,,,,
,1554,Thierry Girard,M65-69,,Open,France,,,,,,
,379,Kylie Bath,F55-59,,Female,Australia,,,,,,
,607,Michelle Simmons,F45-49,,Female,United States,,,,,,
,1185,Claire Badenhorst,F30-34,,Female,New Zealand,,,,,,
,2153,Stephen Day,M50-54,,Open,United Kingdom,1:07:24,4:19,,,,
,1573,Klaus Dieter Schlegel,M65-69,,Open,Germany,,,,,,
,840,Luisina Viletto,F40-44,,Female,Argentina,,,,,,
,1315,Laura Addie,F25-29,,Female,United Kingdom,,,,,,
,214,Anne-Christine Calvel,F60-64,,Female,France,1:30:57,7:39,6:49:43,16:47,,
,2622,Christopher Zutter,M25-29,,Open,France,56:24,3:37,5:36:38,17:32,,
,109,Bryce Wooten,MPC,,Open,United States,1:16:58,5:51,,,,
,2042,Bernd Schnabel,M50-54,,Open,Germany,1:12:03,7:02,6:23:20,8:36,,
,1552,Kevin Zepp,M65-69,,Open,United States,1:30:23,11:11,6:51:19,,,
,2669,Holger Pollmeier,M50-54,,Open,Germany,1:12:57,9:06,,,,
,2599,Benjamin Stone,M25-29,,Open,United States,,,,,,
,210,Juliana Nievergelt,F60-64,,Female,United States,1:01:16,7:05,6:04:39,10:22,,
,1386,Jasmine Holmes,F18-24,,Female,United Kingdom,58:18,4:55,5:56:41,,,
,1637,Tom Partipilo,M60-64,,Open,United States,1:35:34,8:04,9:20:13,,,
,856,Hillary Schmitt,F40-44,,Female,United States,,,,,,
,144,Diane Delf,F65-69,,Female,United States,2:27:22,,,,,
,1535,Christian Meuser,M65-69,,Open,Belgium,,,,,,
,1251,Isabelle Hüsken,F30-34,,Female,Germany,,,,,,
,2098,Michael Paul,M50-54,,Open,United States,1:48:32,13:41,8:29:01,10:01,,
,2652,Veronica Vara,F45-49,,Female,Argentina,,,,,,
,142,Laurie Perlberg,F65-69,,Female,United States,1:47:06,11:55,,,,
,1591,Brian Gaffin,M60-64,,Open,United States,,,,,,
,1589,Robert Barel,M65-69,,Open,Netherlands,1:03:35,3:44,5:48:34,5:19,,
,1388,Bridget Foote,F18-24,,Female,United States,,,,,,
,1812,Michael Thorén,M60-64,,Open,Sweden,,,,,,
,1194,Stefanie Zelt,F30-34,,Female,Germany,,,,,,
,1531,Hennie Van Eck,M65-69,,Open,South Africa,,,,,,
,1993,Andrew Gault,M50-54,,Open,Australia,,,,,,
,1392,Kloe Gibson,F18-24,,Female,United Kingdom,1:33:41,4:45,7:09:39,7:59,,
,18,Jocelyn Mccauley,FPRO,,Female,United States,54:41,2:22,4:44:59,2:41,,
,2416,Wayne Armitage,M50-54,,Open,Australia,1:25:51,8:27,7:41:12,8:58,,
,736,Manuela Suess,F45-49,,Female,Germany,1:09:07,3:55,5:37:47,4:55,,
,2068,Paulo Santos,M50-54,,Open,Brazil,2:20:28,,,,,
,569,Alicja Medak,F45-49,,Female,Poland,,,,,,
,1460,Ed Rymer,M70-74,,Open,United States,,,,,,
,2251,Bradley Kehm,M50-54,,Open,United States,,,,,,
,2398,Pedro Del Campo Camara,M50-54,,Open,Spain,,,,,,
,1410,Fidel Rotondaro,M80-84,,Open,Venezuela,1:25:16,7:27,7:40:51,11:00,,
,159,Elinor Krock,F65-69,,Female,Sweden,,,,,,
,445,Nicky Skinner,F50-54,,Female,New Zealand,,,,,,
,1655,Walter Schrading,M60-64,,Open,United States,2:01:51,9:17,8:17:02,17:11,,
,1445,Serge Deluy,M70-74,,Open,France,2:25:39,,,,,
,1504,Turby Wright,M65-69,,Open,United States,,,,,,
,2645,Dieter Comhair,M25-29,,Open,Belgium,56:30,3:42,4:47:46,2:35,,
,1780,Christoph Mannheims,M60-64,,Open,Germany,,,,,,
,1963,Kevin Cashatt,M50-54,,Open,United States,1:08:38,4:46,6:35:15,,,
,1459,Masaru Suzuki,M70-74,,Open,Unknown,1:18:28,11:08,8:24:20,18:25,,
,1409,Tadashi Horiuchi,M80-84,,Open,Japan,,,,,,
,2400,Brian Miller,M50-54,,Open,United States,57:52,6:27,5:52:59,8:38,,
,1231,Emilia Graban,F30-34,,Female,Poland,,,,,,
,2051,Denis Legouge,M50-54,,Open,France,,,,,,
,2242,Robert Johansson,M50-54,,Open,Sweden,,,,,,
,1496,Jürg Mallepell,M65-69,,Open,Switzerland,1:11:19,9:11,,,,
,1873,Geoff Zubay,M50-54,,Open,United States,,,,,,
,276,Thury Gudmundsdottir,F55-59,,Female,Iceland,1:29:42,5:38,,,,
,705,Helen Talbot,F45-49,,Female,United Kingdom,,,,,,
,417,Stephanie Boutilier,F50-54,,Female,United States,1:15:24,8:59,,,,
,1597,Ken Adriaansen,M60-64,,Open,Australia,,,,,,
,1464,Tony Johnson,M70-74,,Open,United Kingdom,1:28:28,11:30,8:21:24,15:40,,
,2505,Kento Niimi,M25-29,,Open,Japan,1:13:58,4:16,6:02:02,,,
,19,Daniela Bleymehl,FPRO,,Female,Germany,58:12,2:21,4:43:07,2:21,,
,1935,Christophe Bastie,M50-54,,Open,France,,,,,,
