Place,Bib,Name,Age_Group,Group_Rank,Class,Club,Swim,T1,Bike,T2,Run,Finish
1,2,Patrick Lange,MPRO,1,Open,Germany,47:09,2:19,4:06:22,2:29,2:37:34,7:35:53
2,3,Magnus Ditlev,MPRO,2,Open,Denmark,48:18,2:32,4:02:52,3:47,2:46:10,7:43:39
3,6,Rudy Von Berg,MPRO,3,Open,United States,47:18,2:41,4:05:49,2:01,2:48:11,7:46:00
4,7,Leon Chevalier,MPRO,4,Open,France,50:43,2:22,4:01:38,2:15,2:49:56,7:46:54
5,48,Menno Koolhaas,MPRO,5,Open,Netherlands,47:02,2:48,4:05:02,2:27,2:50:02,7:47:22
6,10,Gregory Barnaby,MPRO,6,Open,Italy,47:12,2:22,4:06:08,2:08,2:50:33,7:48:22
7,54,Cameron Wurf,MPRO,7,Open,Australia,52:25,2:33,4:03:59,2:18,2:50:11,7:51:26
8,47,Kieran Lindars,MPRO,8,Open,United Kingdom,47:12,2:03,4:08:28,2:23,2:51:49,7:51:55
9,35,Kristian Høgenhaug,MPRO,9,Open,Denmark,48:24,2:10,4:03:32,2:22,2:57:09,7:53:37
10,27,Matt Hanson,MPRO,10,Open,United States,50:37,2:24,4:14:11,2:13,2:45:25,7:54:50
11,9,Bradley Weiss,MPRO,11,Open,South Africa,48:28,2:33,4:06:38,2:59,2:54:59,7:55:37
12,38,Mathias Petersen,MPRO,12,Open,Denmark,48:54,2:22,4:10:35,2:22,2:52:37,7:56:50
13,46,David Mcnamee,MPRO,13,Open,United Kingdom,47:28,2:30,4:18:10,2:31,2:47:09,7:57:48
14,49,Kacper Stepniak,MPRO,14,Open,Poland,47:20,2:24,4:06:01,2:46,2:59:38,7:58:08
15,32,Matthew Marquardt,MPRO,15,Open,United States,47:18,2:18,4:04:55,2:29,3:01:43,7:58:43
16,34,Jonas Hoffmann,MPRO,16,Open,Germany,50:39,2:18,4:18:30,2:17,2:45:46,7:59:31
17,43,Mike Phillips,MPRO,17,Open,New Zealand,50:38,2:49,4:10:30,2:40,2:54:35,8:01:11
18,1,Sam Laidlow,MPRO,18,Open,France,47:06,2:16,3:57:22,2:28,3:12:49,8:02:01
19,33,Paul Schuster,MPRO,19,Open,Germany,47:17,2:12,4:14:22,2:19,2:55:56,8:02:06
20,18,Antonio Benito López,MPRO,20,Open,Spain,47:08,2:12,4:06:32,2:41,3:04:33,8:03:06
21,41,Nick Thompson,MPRO,21,Open,Australia,47:26,2:41,4:05:28,3:28,3:06:01,8:05:04
22,42,Tristan Olij,MPRO,22,Open,Netherlands,52:15,3:02,4:08:33,2:27,3:00:25,8:06:41
23,31,Robert Kallin,MPRO,23,Open,Sweden,48:22,2:32,4:01:44,2:34,3:12:13,8:07:25
24,20,Sam Appleton,MPRO,24,Open,Australia,47:16,2:16,4:10:54,2:33,3:05:06,8:08:05
25,51,Ben Hamilton,MPRO,25,Open,New Zealand,50:44,3:21,4:13:08,2:06,3:00:15,8:09:35
26,16,Stenn Goetstouwers,MPRO,26,Open,Belgium,50:36,2:30,4:15:44,2:49,2:59:23,8:11:01
27,55,Dylan Magnien,MPRO,27,Open,France,48:24,2:23,4:28:11,3:10,2:49:49,8:11:57
28,37,Braden Currie,MPRO,28,Open,New Zealand,47:22,2:41,4:25:51,2:15,2:54:25,8:12:33
29,50,Finn Große-Freese,MPRO,29,Open,Germany,47:16,2:08,4:10:20,2:24,3:12:40,8:14:48
30,19,Michael Weiss,MPRO,30,Open,Austria,55:08,2:42,4:11:20,2:41,3:04:17,8:16:08
31,53,Ben Kanute,MPRO,31,Open,United States,47:15,2:11,4:08:29,2:44,3:18:29,8:19:08
32,39,Lionel Sanders,MPRO,32,Open,Canada,52:21,2:34,4:08:55,2:10,3:16:05,8:22:06
33,1083,Timmo Jeret,M30-34,1,Open,Estonia,1:02:33,3:18,4:26:00,3:02,2:52:08,8:27:01
34,15,Rasmus Svenningsson,MPRO,33,Open,Sweden,52:29,2:38,4:33:18,3:44,2:54:59,8:27:08
35,23,Daniel Bækkegård,MPRO,34,Open,Denmark,47:23,2:34,4:19:45,2:58,3:15:45,8:28:24
36,5,Kristian Blummenfelt,MPRO,35,Open,Norway,47:21,2:33,4:05:47,2:15,3:32:04,8:29:58
37,505,Miao Hao,M35-39,1,Open,China,51:45,3:18,4:31:23,3:42,3:00:02,8:30:10
38,994,Fellipe Santos,M30-34,2,Open,Brazil,49:39,3:23,4:23:13,2:51,3:12:58,8:32:03
39,153,Frederik Wester,M18-24,1,Open,Denmark,52:06,2:42,4:30:28,2:36,3:06:23,8:34:15
40,240,Nicola Christiaens,M25-29,1,Open,Belgium,54:52,3:05,4:37:15,3:27,2:56:00,8:34:39
41,1696,Donald Brooks,M45-49,1,Open,United Kingdom,52:20,3:26,4:35:51,2:30,3:00:48,8:34:56
42,394,Neil Eddy,M35-39,2,Open,United Kingdom,51:06,2:43,4:32:34,3:53,3:04:56,8:35:12
43,1126,Olaf Van Den Bergh,M30-34,3,Open,Netherlands,1:00:41,4:56,4:26:22,3:24,2:59:52,8:35:15
44,423,Lars Wichert,M35-39,3,Open,Germany,1:00:32,4:06,4:21:13,3:18,3:07:08,8:36:17
45,364,Andrew Hall,M35-39,4,Open,United States,55:48,3:51,4:34:25,2:39,3:01:05,8:37:46
46,360,Fernando Santander De La Muñoza,M35-39,5,Open,Spain,51:41,3:09,4:36:44,3:08,3:04:02,8:38:43
47,332,Tom De Bruyn,M35-39,6,Open,Belgium,59:41,9:00,4:22:38,3:13,3:05:27,8:39:58
48,299,Daniel Winek,M25-29,2,Open,United States,1:03:17,3:45,4:35:39,3:33,2:54:21,8:40:36
49,45,Tomasz Szala,MPRO,36,Open,Poland,50:42,2:29,4:22:27,2:37,3:23:07,8:41:23
50,437,Andreas Tschishakowski,M35-39,7,Open,Germany,54:38,4:14,4:37:31,3:21,3:02:00,8:41:44
51,254,Vincent Größer,M25-29,3,Open,Germany,55:40,3:44,4:26:03,2:54,3:14:34,8:42:55
52,1145,Chad Bykerk,M30-34,4,Open,United States,52:06,4:27,4:35:25,4:14,3:07:23,8:43:36
53,491,Alex Stuart,M35-39,8,Open,Australia,1:01:03,3:39,4:29:40,3:12,3:06:15,8:43:50
54,997,Peng Li,M30-34,5,Open,China,56:39,5:00,4:42:29,2:47,2:56:59,8:43:54
55,1052,Jonathan Koos,M30-34,6,Open,Hungary,56:43,3:04,4:24:35,4:32,3:15:28,8:44:23
56,1187,Christian Haupt,M40-44,1,Open,Germany,57:22,4:10,4:40:34,2:48,3:01:16,8:46:09
57,281,Finn Von Schmeling,M25-29,4,Open,Germany,55:39,3:19,4:34:17,2:53,3:10:08,8:46:17
58,422,Simon De Cuyper,M35-39,9,Open,Belgium,51:07,4:05,4:44:59,3:29,3:02:46,8:46:25
59,1284,Nicholas Peter Koniarska Ward,M40-44,2,Open,Spain,58:53,3:48,4:40:13,6:19,2:57:24,8:46:37
60,1032,Gonzalo Garvey,M30-34,7,Open,Spain,54:32,4:22,4:31:10,4:26,3:12:09,8:46:39
61,354,Kiel Bur,M35-39,10,Open,United States,54:35,4:54,4:41:44,2:55,3:02:46,8:46:54
62,44,Jason Pohl,MPRO,37,Open,Canada,52:23,2:32,4:17:38,2:41,3:31:45,8:46:59
63,385,Jaryd De Mooij,M35-39,11,Open,Belgium,54:52,4:31,4:35:18,3:34,3:09:33,8:47:47
64,263,Sam Musgrove,M25-29,5,Open,Australia,54:40,3:33,4:34:59,3:54,3:10:51,8:47:55
65,1150,Michael Wegricht,M30-34,8,Open,Germany,51:44,3:09,4:46:16,3:46,3:03:13,8:48:08
66,29,Jackson Laundry,MPRO,38,Open,Canada,50:48,2:38,4:12:03,2:26,3:40:32,8:48:26
67,532,Leon Kriszeleit,M35-39,12,Open,Germany,1:00:54,2:48,4:39:24,3:25,3:02:16,8:48:47
68,1070,Pierre Gouault,M30-34,9,Open,France,1:02:32,4:14,4:21:40,3:41,3:16:49,8:48:55
69,129,Julian Becker,M18-24,2,Open,Germany,52:07,3:14,4:36:25,3:40,3:13:44,8:49:11
70,556,Dale Taylor,M35-39,13,Open,South Africa,54:53,3:39,4:31:21,2:49,3:16:32,8:49:13
71,430,Alexis Krug,M35-39,14,Open,Belgium,50:51,3:42,4:44:37,2:57,3:07:48,8:49:54
72,1220,Ryan Miller,M40-44,3,Open,Australia,59:05,3:30,4:39:01,4:03,3:04:51,8:50:30
73,1151,Florian Mestdagh,M30-34,10,Open,France,1:01:16,3:36,4:31:53,3:14,3:10:40,8:50:39
74,504,Daniel Erdelyi,M35-39,15,Open,Hungary,56:42,3:29,4:33:55,3:07,3:13:42,8:50:55
75,183,Mitch Wismans,M18-24,3,Open,Netherlands,56:15,4:06,4:36:50,2:59,3:10:46,8:50:56
76,448,Matt Jackson,M35-39,16,Open,Australia,54:32,4:46,4:36:54,2:35,3:12:12,8:50:58
77,294,Angel De Lope Cobo,M25-29,6,Open,Mexico,1:03:59,4:50,4:34:50,4:15,3:03:13,8:51:06
78,224,Bryan Mooney,M25-29,7,Open,United States,55:44,4:07,4:44:47,3:26,3:04:04,8:52:07
79,1212,Eduardo Della Maggiora,M40-44,4,Open,Chile,1:01:11,3:13,4:37:53,3:26,3:06:36,8:52:20
80,1368,Julien Déom,M40-44,5,Open,Belgium,57:28,3:18,4:38:01,2:51,3:11:07,8:52:45
81,262,Thomas Mcmanners,M25-29,8,Open,Finland,58:36,3:16,4:42:16,4:13,3:05:03,8:53:24
82,1014,Sergiusz Sobczyk,M30-34,11,Open,Poland,56:36,3:40,4:37:32,4:10,3:11:30,8:53:28
83,1056,Joshua Holman,M30-34,12,Open,United Kingdom,54:57,5:13,4:42:39,3:39,3:07:09,8:53:37
84,345,Jeremy Ferrari,M35-39,17,Open,France,59:59,4:04,4:36:33,2:47,3:10:52,8:54:15
85,192,Jonas De Wachter,M25-29,9,Open,Belgium,51:57,3:47,4:43:58,3:40,3:11:03,8:54:25
86,1000,Nathan Jacobs,M30-34,13,Open,Belgium,1:03:03,4:40,4:34:49,4:18,3:07:45,8:54:33
87,285,Andoni Valencia,M25-29,10,Open,Mexico,54:44,3:20,4:38:20,3:13,3:15:54,8:55:32
88,36,Andre Lopes,MPRO,39,Open,Brazil,50:35,2:27,4:42:28,2:59,3:17:10,8:55:38
89,529,Tom Mets,M35-39,18,Open,Belgium,53:38,3:59,4:41:30,2:58,3:13:49,8:55:54
90,1051,Timothy Rigby,M30-34,14,Open,Australia,52:09,3:48,4:42:29,4:28,3:13:09,8:56:03
91,135,Nicola Buchs,M18-24,4,Open,Switzerland,1:04:07,3:42,4:38:18,2:49,3:07:51,8:56:46
92,1175,Raynard Picard,M40-44,6,Open,Mexico,1:05:51,3:35,4:34:07,4:34,3:08:49,8:56:56
93,425,Roberto Ruiz,M35-39,19,Open,Spain,1:01:08,4:58,4:33:04,4:32,3:13:20,8:57:03
94,242,Jack Whaley,M25-29,11,Open,Australia,54:41,3:43,4:50:17,3:44,3:04:40,8:57:06
95,414,Thiago Bianchini,M35-39,20,Open,United States,56:47,3:19,4:55:22,3:23,2:58:18,8:57:09
96,1116,Sven Bams,M30-34,15,Open,Netherlands,49:28,4:07,4:33:20,3:51,3:26:30,8:57:16
97,565,Daniel Barry,M35-39,21,Open,Australia,1:04:55,2:58,4:33:21,3:08,3:13:06,8:57:28
98,1041,Steven Galibert,M30-34,16,Open,France,57:26,5:26,4:41:06,3:37,3:10:14,8:57:49
99,447,Joost Brok,M35-39,22,Open,Netherlands,1:00:12,4:45,4:40:26,3:51,3:08:58,8:58:12
100,1023,Francisco Javier Cabrero Company,M30-34,17,Open,Spain,1:01:07,3:51,4:52:41,3:26,2:57:22,8:58:27
101,1346,Bradley Gionet,M40-44,7,Open,Canada,51:37,4:52,4:57:57,3:19,3:00:45,8:58:30
102,1525,Roberto C Fonseca,M45-49,2,Open,Brazil,54:54,2:59,4:52:10,3:18,3:05:11,8:58:32
103,2185,Mike Schifferle,M50-54,1,Open,Switzerland,1:02:02,4:31,4:35:40,4:08,3:12:13,8:58:35
104,176,Baptiste Delmas,M18-24,5,Open,France,55:38,3:41,4:51:33,2:55,3:05:06,8:58:52
105,309,Andalo Raphael,M25-29,12,Open,France,1:03:57,4:25,4:28:08,3:15,3:19:16,8:59:01
106,461,Borja Estomba Nieto,M35-39,23,Open,Spain,1:03:12,3:54,4:44:09,3:18,3:04:39,8:59:11
107,1236,Marc Seiterle,M40-44,8,Open,Germany,1:02:39,3:57,4:41:07,4:09,3:07:31,8:59:22
108,972,Kazuki Kubono,M30-34,18,Open,Japan,49:31,4:33,4:50:43,4:07,3:12:03,9:00:57
109,1053,Yannick Schori,M30-34,19,Open,Switzerland,1:03:14,4:12,4:44:40,2:56,3:06:11,9:01:13
110,519,Benjamin Bouchet,M35-39,24,Open,France,56:49,5:52,4:45:32,4:10,3:08:59,9:01:22
111,1247,Boris Hueber,M40-44,9,Open,Switzerland,1:07:38,3:47,4:40:13,2:59,3:06:47,9:01:25
112,1299,Colin Cook,M40-44,10,Open,United States,1:03:44,4:14,4:36:23,4:03,3:13:14,9:01:38
113,1802,Rune Strøm Jensen,M45-49,3,Open,Denmark,51:50,3:22,4:39:04,3:25,3:24:18,9:01:59
114,1528,Olivier Godart,M45-49,4,Open,United Arab Emirates,56:45,5:00,4:41:11,4:31,3:14:46,9:02:13
115,1119,Matej Jukic,M30-34,20,Open,Croatia,57:20,3:14,4:44:55,3:02,3:14:40,9:03:13
116,1104,John Butcher,M30-34,21,Open,United States,1:01:30,4:50,4:48:02,2:59,3:06:05,9:03:26
117,528,Alfredo Ramirez Pinho,M35-39,25,Open,Paraguay,1:04:15,4:48,4:41:05,3:30,3:10:06,9:03:45
118,1031,Andrew Jordan,M30-34,22,Open,United States,58:40,3:57,4:34:37,2:52,3:24:04,9:04:10
119,171,Marcio Machado,M18-24,6,Open,Brazil,1:00:10,4:13,4:43:23,3:02,3:13:28,9:04:16
120,508,Sean Mahoney,M35-39,26,Open,United States,50:53,3:47,4:31:48,3:39,3:34:21,9:04:29
121,1015,Christoph Aigner,M30-34,23,Open,Austria,1:03:36,4:00,4:44:34,3:29,3:08:50,9:04:29
122,273,Lucas Herzog,M25-29,13,Open,France,1:10:10,4:22,4:42:40,3:00,3:04:50,9:05:02
123,250,Oliver Frandsen,M25-29,14,Open,Denmark,59:12,5:16,4:35:15,3:09,3:22:29,9:05:22
124,1093,Jesus Jaro Molina,M30-34,24,Open,Spain,1:04:30,3:21,4:54:12,5:06,2:58:28,9:05:36
125,1211,Han Lucas,M40-44,11,Open,Netherlands,54:25,4:52,4:40:10,4:30,3:21:44,9:05:41
126,1019,Ricardo Marquez Monzo,M30-34,25,Open,Spain,56:22,3:49,4:36:12,2:43,3:26:41,9:05:47
127,939,Markus Klinder,M30-34,26,Open,Germany,49:24,3:19,4:56:35,3:05,3:13:52,9:06:15
128,1712,Michael Lik,M45-49,5,Open,Germany,1:00:38,4:32,4:40:17,3:24,3:17:30,9:06:20
129,1428,Ruso Yakimovic,M40-44,12,Open,Turkey,55:20,4:03,4:54:52,2:42,3:10:02,9:06:59
130,170,Lucas Voets,M18-24,7,Open,Netherlands,1:02:09,4:40,4:32:05,4:14,3:23:52,9:07:00
131,1715,German Alcala Ordonez,M45-49,6,Open,Spain,57:13,2:59,4:51:04,4:38,3:11:17,9:07:11
132,380,Dirk Oswald,M35-39,27,Open,Germany,1:00:52,4:04,4:46:23,3:54,3:12:04,9:07:18
133,1209,Sergio Marques,M40-44,13,Open,Portugal,59:28,3:43,4:45:33,3:15,3:15:32,9:07:32
134,992,Igor Franko,M30-34,27,Open,Ukraine,57:41,3:19,4:36:06,6:37,3:23:49,9:07:32
135,1112,Ugo Lovera,M30-34,28,Open,France,59:10,4:16,4:51:30,3:19,3:09:37,9:07:53
136,531,Victor Navarro Castello Branco,M35-39,28,Open,Brazil,1:04:40,3:55,4:40:35,4:03,3:15:06,9:08:19
137,1641,Bruno Khouri,M45-49,7,Open,Brazil,56:29,2:53,4:39:58,3:27,3:25:42,9:08:30
138,1255,Javier Carroto Barrojo,M40-44,14,Open,Spain,57:47,3:20,4:50:27,4:13,3:12:49,9:08:36
139,201,Johnny Mcbeth,M25-29,15,Open,United Kingdom,1:03:59,5:12,4:50:33,4:15,3:05:05,9:09:04
140,316,Eric Perry,M35-39,29,Open,United States,1:01:03,3:53,4:48:27,3:47,3:11:54,9:09:04
141,141,Arno Meeusen,M18-24,8,Open,Belgium,57:37,5:59,4:36:07,3:37,3:26:01,9:09:21
142,1027,Nicholas Thomas,M30-34,29,Open,Canada,58:39,4:07,4:38:48,2:29,3:25:26,9:09:28
143,449,André Montibeller,M35-39,30,Open,Brazil,54:42,3:11,4:51:23,3:45,3:16:44,9:09:46
144,1325,Villu Vakra,M40-44,15,Open,Estonia,58:40,6:00,4:31:00,3:19,3:30:53,9:09:52
145,1708,Vicente Saraiva Junior,M45-49,8,Open,Brazil,54:49,4:06,4:45:44,5:24,3:20:10,9:10:12
146,1127,Conrad Sanders,M30-34,30,Open,United States,59:25,5:21,4:33:40,3:49,3:28:05,9:10:19
147,1647,Carsten Demant Sørensen,M45-49,9,Open,Denmark,52:17,4:02,4:50:27,4:07,3:19:31,9:10:24
148,302,Jack Nye,M25-29,16,Open,Spain,1:06:24,4:33,4:49:38,3:33,3:06:19,9:10:28
149,1075,Matheus Salto Martini,M30-34,31,Open,Brazil,49:34,3:19,4:34:41,3:33,3:39:23,9:10:30
150,209,Frederik Bang,M25-29,17,Open,Denmark,1:09:32,4:02,4:54:18,3:26,2:59:14,9:10:31
151,446,Jan Slabý,M35-39,31,Open,Czechia,1:15:54,4:31,4:35:12,3:50,3:11:13,9:10:41
152,126,Jose Tomas Torres,M18-24,9,Open,Chile,59:11,5:20,4:51:06,3:15,3:11:54,9:10:46
153,1091,Andy Nash,M30-34,32,Open,United Kingdom,55:07,3:04,4:47:37,3:09,3:21:56,9:10:53
154,337,Travis Johnston,M35-39,32,Open,South Africa,1:01:03,4:14,4:45:38,4:02,3:15:55,9:10:54
155,1107,Pierre Stieremans,M30-34,33,Open,France,56:42,3:44,4:40:16,3:05,3:27:08,9:10:54
156,1033,Anton Vanhee,M30-34,34,Open,Belgium,57:24,4:24,4:45:52,2:57,3:20:21,9:10:57
157,1120,Ian Hildebrandt,M30-34,35,Open,United States,58:33,3:03,4:54:59,3:00,3:11:27,9:11:02
158,382,Bastien Goueytes,M35-39,33,Open,France,51:42,4:25,4:42:32,2:42,3:29:52,9:11:12
159,506,Michael Lindeback,M35-39,34,Open,Australia,1:00:27,4:49,4:40:55,2:55,3:22:09,9:11:14
160,954,Mike Davies,M30-34,36,Open,United Kingdom,1:03:16,3:55,4:52:37,3:42,3:08:02,9:11:32
161,443,Danny Isaacs,M35-39,35,Open,United Kingdom,1:01:00,3:14,4:51:23,3:26,3:12:32,9:11:35
162,516,Sören Michelsburg,M35-39,36,Open,Germany,1:00:38,4:24,4:39:47,3:45,3:23:06,9:11:40
163,291,Parker Kerth,M25-29,18,Open,United States,59:51,6:22,4:32:51,3:40,3:28:58,9:11:43
164,548,Olivier Gerbron,M35-39,37,Open,France,57:02,4:06,4:50:25,4:11,3:16:16,9:12:00
165,458,Joao Felipe De Campos Costa,M35-39,38,Open,Brazil,1:04:53,5:28,4:39:14,5:23,3:17:12,9:12:11
166,1324,Frank Silvestrin,M40-44,16,Open,Brazil,51:30,4:19,4:50:53,5:26,3:20:05,9:12:13
167,161,Felix Schiller,M18-24,10,Open,Germany,54:56,5:40,4:49:26,4:42,3:17:40,9:12:23
168,136,Nick Dorn,M18-24,11,Open,United States,54:30,3:57,5:04:23,3:13,3:06:29,9:12:31
169,1030,Joey Van De Beek,M30-34,37,Open,Netherlands,1:10:50,5:23,4:52:44,3:24,3:00:13,9:12:35
170,1469,Vanrisch Mclean,M40-44,17,Open,United Kingdom,58:12,3:27,4:39:12,3:10,3:28:40,9:12:42
171,2314,Jose Graca,M50-54,2,Open,Brazil,1:01:28,4:25,4:46:40,4:26,3:15:48,9:12:47
172,962,Qisheng Li,M30-34,38,Open,China,1:01:46,5:16,4:49:57,4:22,3:11:27,9:12:48
173,200,Javier Zamorano,M25-29,19,Open,Chile,1:01:28,4:23,4:51:57,4:59,3:10:02,9:12:48
174,40,Thor Bendix Madsen,MPRO,40,Open,Denmark,50:41,2:57,4:08:09,2:14,4:08:52,9:12:53
175,1345,Stephan Schwarz,M40-44,18,Open,Germany,1:06:35,3:33,4:48:54,2:50,3:11:18,9:13:10
176,1454,Dincer Yilmaz,M40-44,19,Open,Turkey,1:07:04,4:46,4:48:35,3:55,3:08:56,9:13:15
177,1008,Jamie Woodbury,M30-34,39,Open,Canada,56:33,6:46,4:39:09,4:25,3:26:30,9:13:23
178,424,Andrea Mauri,M35-39,39,Open,Italy,1:02:27,4:55,4:41:46,4:15,3:20:24,9:13:48
179,474,Guilherme Queiroz Portilho,M35-39,40,Open,Brazil,1:04:42,4:19,4:42:16,5:15,3:17:47,9:14:19
180,478,Brett King,M35-39,41,Open,United States,54:36,4:04,4:41:21,4:43,3:29:56,9:14:41
181,523,Federico Alvarez,M35-39,42,Open,Argentina,59:39,4:49,4:53:25,3:33,3:13:19,9:14:44
182,1258,Jesse Bruce,M40-44,20,Open,Canada,1:07:30,5:03,4:49:20,3:08,3:10:09,9:15:09
183,501,Tim Zudrop,M35-39,43,Open,Germany,1:00:00,3:44,4:51:04,4:30,3:15:54,9:15:13
184,1354,Jo Zwaenepoel,M40-44,21,Open,Belgium,1:05:54,3:41,4:45:01,3:36,3:17:04,9:15:16
185,1242,Tahsin Özgür,M40-44,22,Open,Turkey,1:06:51,4:59,4:53:46,4:33,3:05:12,9:15:21
186,524,Juan Gomez Gonzalez,M35-39,44,Open,Spain,1:00:30,3:19,4:44:23,4:59,3:22:16,9:15:26
187,1791,Victor Osokin,M45-49,10,Open,Germany,1:06:09,4:42,4:42:42,5:37,3:16:24,9:15:35
188,468,Pierre Barbier,M35-39,45,Open,France,59:58,6:10,4:50:05,7:15,3:12:08,9:15:37
189,189,Daniel Martinez,M25-29,20,Open,Mexico,1:00:26,3:53,4:54:34,3:20,3:13:25,9:15:38
190,204,Jack Troake,M25-29,21,Open,United Kingdom,1:00:11,4:09,4:28:53,4:00,3:38:43,9:15:56
191,1207,Steven Glorieux,M40-44,23,Open,Belgium,1:04:06,5:25,4:42:48,4:26,3:19:13,9:15:58
192,2325,Fernando Aiello Cañas,M50-54,3,Open,Spain,1:08:38,3:06,4:52:30,4:20,3:07:29,9:16:04
193,155,Noé Chaufferin,M18-24,12,Open,France,59:31,4:41,4:51:47,3:12,3:16:55,9:16:06
194,1100,Matt Jackson,M30-34,40,Open,United States,59:23,3:52,4:50:53,2:55,3:19:12,9:16:14
195,977,Jorge Madera,M30-34,41,Open,Spain,59:35,4:03,4:53:02,3:22,3:16:16,9:16:18
196,1006,George Hoffmann,M30-34,42,Open,United States,59:21,3:40,4:44:54,3:24,3:25:06,9:16:26
197,952,Robin Lecoeur-Chesne,M30-34,43,Open,France,1:03:18,4:30,4:46:50,3:03,3:18:50,9:16:31
198,233,Samu Hanhela,M25-29,22,Open,Finland,58:11,4:13,4:53:10,2:55,3:18:10,9:16:37
199,399,Fritz Ferner,M35-39,46,Open,Germany,1:07:30,6:29,4:40:30,5:03,3:17:08,9:16:39
200,1274,David Morris,M40-44,24,Open,United States,1:00:37,3:56,4:48:49,3:32,3:19:48,9:16:42
201,1086,Brandon Caprara,M30-34,44,Open,Australia,1:00:14,3:36,4:52:27,2:29,3:18:06,9:16:51
202,459,Guillaume Bas,M35-39,47,Open,France,1:03:10,3:46,4:45:41,3:19,3:20:56,9:16:52
203,1401,François-Xavier Chevallier,M40-44,25,Open,France,1:03:34,4:26,4:43:38,4:33,3:20:45,9:16:55
204,197,Charles Van Tiggelen,M25-29,23,Open,Belgium,1:22:00,6:45,4:44:51,4:37,2:58:43,9:16:55
205,307,Jurriaan Schuring,M25-29,24,Open,Netherlands,59:18,2:32,4:36:59,3:48,3:34:23,9:17:01
206,966,Daniel Anderbury,M30-34,45,Open,United Kingdom,1:04:21,3:47,4:53:22,4:05,3:11:41,9:17:15
207,387,James Graham,M35-39,48,Open,Ireland,1:05:36,4:20,4:54:42,2:46,3:10:03,9:17:27
208,439,Bruno Pinheiro Manzoni,M35-39,49,Open,Brazil,1:02:18,3:31,4:48:00,5:03,3:18:41,9:17:32
209,1719,Stephane Boissenin,M45-49,11,Open,France,59:21,4:54,4:50:16,5:39,3:17:29,9:17:39
210,1822,Christopher Naimoli,M45-49,12,Open,United States,1:04:10,4:09,4:54:06,4:48,3:10:43,9:17:56
211,1699,Marcel Muñoz,M45-49,13,Open,Spain,58:14,3:35,5:09:26,4:04,3:02:42,9:18:02
212,433,Kristof Van Gemert,M35-39,50,Open,Belgium,1:04:44,5:07,4:42:34,4:34,3:21:05,9:18:04
213,1705,Benoit Marcolini,M45-49,14,Open,France,1:03:52,4:13,4:50:46,5:38,3:13:37,9:18:05
214,1095,Tyler Itzstein,M30-34,46,Open,Australia,55:14,4:03,4:48:47,4:43,3:25:21,9:18:07
215,570,Filipe Bisuti,M35-39,51,Open,Brazil,1:01:07,5:35,4:49:33,3:19,3:18:50,9:18:24
216,245,Curtis Holloway,M25-29,25,Open,Canada,55:49,3:50,4:44:12,4:33,3:30:05,9:18:29
217,261,Dylan Thissen,M25-29,26,Open,Netherlands,57:56,4:07,4:23:15,3:17,3:49:55,9:18:30
218,296,Randy Dobler,M25-29,27,Open,Switzerland,1:04:40,3:51,4:34:58,2:54,3:32:09,9:18:33
219,2107,Edouard Entraygues,M50-54,4,Open,France,55:40,3:47,5:03:22,3:42,3:12:11,9:18:43
220,1085,Joshua Jones,M30-34,47,Open,United States,1:02:58,3:50,4:57:18,4:12,3:10:27,9:18:46
221,467,Eric Engel,M35-39,52,Open,United States,1:00:32,3:55,4:46:41,4:07,3:23:39,9:18:55
222,460,Ralf Scholten,M35-39,53,Open,Netherlands,1:04:39,4:18,4:38:14,3:40,3:28:30,9:19:20
223,961,James Lewin,M30-34,48,Open,Australia,56:31,4:39,4:54:50,3:48,3:19:41,9:19:28
224,1432,Gerhard De Bruin,M40-44,26,Open,South Africa,59:43,3:43,4:40:36,4:26,3:31:15,9:19:42
225,959,Fabian Lotter,M30-34,49,Open,Germany,1:06:37,4:50,4:45:05,3:45,3:19:30,9:19:47
226,1407,Christiaan Zandbergen,M40-44,27,Open,Netherlands,1:00:50,5:53,4:47:50,3:43,3:21:33,9:19:48
227,1148,Tom Daborn,M30-34,50,Open,United Kingdom,1:04:22,4:41,4:34:14,2:54,3:33:39,9:19:51
228,147,Gavin Ketola,M18-24,13,Open,United States,1:03:55,3:38,4:41:26,3:33,3:27:21,9:19:54
229,2306,Ricardo Garcia,M50-54,5,Open,Argentina,1:01:42,3:37,4:56:50,5:19,3:12:30,9:19:58
230,1065,Lasse Koch,M30-34,51,Open,Germany,55:16,4:49,4:39:28,4:57,3:35:49,9:20:18
231,1369,Jorge De Amorim Filho,M40-44,28,Open,Brazil,55:18,3:38,4:42:45,4:00,3:34:38,9:20:20
232,260,Conor Sherriff,M25-29,28,Open,Ireland,57:27,5:22,4:51:27,4:03,3:22:04,9:20:24
233,2008,John Hughes,M50-54,6,Open,Australia,1:12:50,3:54,4:47:48,4:00,3:11:58,9:20:31
234,1703,Ales Suhadolnik,M45-49,15,Open,Slovenia,1:06:41,3:00,4:57:03,3:01,3:10:57,9:20:42
235,420,Jens Schumann,M35-39,54,Open,Germany,59:30,5:15,4:57:13,4:26,3:14:24,9:20:47
236,987,Todd Wakefield,M30-34,52,Open,Australia,56:34,3:23,4:37:30,3:24,3:40:08,9:20:59
237,993,Toma Alexandru,M30-34,53,Open,Romania,49:33,4:50,4:43:01,5:12,3:38:56,9:21:31
238,934,Philipp Schick,M30-34,54,Open,Germany,1:01:00,3:40,4:42:19,3:33,3:31:09,9:21:41
239,1106,Cheng Tai Wu,M30-34,55,Open,Taiwan,55:15,3:56,4:48:20,6:29,3:27:48,9:21:49
240,56,Igor Amorelli,MPRO,41,Open,Brazil,48:15,2:51,4:39:50,3:17,3:47:37,9:21:50
241,282,Owen Sheather,M25-29,29,Open,Australia,55:00,3:27,4:58:17,3:37,3:21:46,9:22:06
242,971,Eduard Pujades Llombart,M30-34,56,Open,Spain,58:51,3:37,4:45:29,3:25,3:30:47,9:22:10
243,1800,Juan Valencia,M45-49,16,Open,Colombia,56:17,4:47,5:04:32,2:54,3:13:43,9:22:13
244,1102,Henri Decauchy,M30-34,57,Open,France,58:55,4:10,4:38:38,3:16,3:37:13,9:22:13
245,1087,Kyle Wicks,M30-34,58,Open,United States,54:39,5:53,4:59:38,4:38,3:17:32,9:22:20
246,2181,Sanghwan Oh,M50-54,7,Open,Korea,1:13:18,5:31,4:43:03,3:56,3:16:45,9:22:34
247,980,Adrian Lainez,M30-34,59,Open,Spain,59:13,3:21,4:47:03,5:17,3:27:44,9:22:39
248,142,Maksymilian Glapinski,M18-24,14,Open,Poland,57:24,5:55,4:33:12,4:21,3:41:49,9:22:40
249,541,Christoph Peitz,M35-39,55,Open,Germany,59:39,4:48,4:47:05,3:47,3:27:29,9:22:47
250,1149,Tino Warnecke,M30-34,60,Open,Germany,56:26,4:49,4:48:27,7:48,3:25:25,9:22:54
251,1807,Stefan Truog,M45-49,17,Open,Switzerland,1:06:44,5:12,4:43:40,3:16,3:24:02,9:22:54
252,1695,Daniel Gonzalez Alvarez,M45-49,18,Open,Spain,1:03:25,3:53,4:51:28,4:40,3:19:30,9:22:57
253,584,Kai Yanlong,M35-39,56,Open,China,1:08:12,4:47,4:47:55,3:21,3:18:57,9:23:11
254,1055,Niels Grote Beverborg,M30-34,61,Open,Netherlands,1:00:36,4:01,5:03:44,2:48,3:12:09,9:23:18
255,350,Reinhard Marl,M35-39,57,Open,Austria,1:06:51,5:43,4:36:58,4:19,3:29:38,9:23:29
256,290,Quinn Desrochers,M25-29,30,Open,Canada,54:48,3:48,5:04:10,2:37,3:18:05,9:23:29
257,1733,Thomas Durey,M45-49,19,Open,France,54:53,3:50,4:50:32,5:14,3:29:17,9:23:46
258,533,Adrien Leroux,M35-39,58,Open,France,51:48,3:58,4:56:58,4:52,3:26:25,9:24:01
259,1157,Diego Blanton,M30-34,62,Open,United States,1:04:20,4:18,4:57:07,3:22,3:15:01,9:24:08
260,1009,Jack Ray,M30-34,63,Open,Australia,1:03:15,3:26,4:39:44,2:52,3:34:56,9:24:12
261,951,Ross Harper,M30-34,64,Open,United Kingdom,1:01:01,2:37,4:55:19,2:54,3:22:24,9:24:15
262,1066,Henk-Jan Verkaik,M30-34,65,Open,Netherlands,54:34,4:33,4:45:45,3:42,3:35:41,9:24:16
263,1004,Jasper Keijzer,M30-34,66,Open,Netherlands,1:02:28,4:27,4:55:45,3:52,3:17:51,9:24:24
264,359,Laurent Fudvoye,M35-39,59,Open,Belgium,1:06:31,4:47,4:47:34,5:29,3:20:17,9:24:38
265,2307,Fernando Marian De Diego,M50-54,8,Open,Spain,53:12,4:35,4:49:16,4:28,3:33:34,9:25:05
266,537,Maximilian Zbocna,M35-39,60,Open,Germany,54:45,3:08,5:03:08,4:08,3:20:12,9:25:21
267,938,Tobias Beibl,M30-34,67,Open,Germany,1:12:29,4:52,5:01:42,3:59,3:02:21,9:25:23
268,1166,Younghwan Oh,M40-44,29,Open,Korea,1:01:33,3:05,5:01:05,3:50,3:15:52,9:25:26
269,1411,Urs Mueller,M40-44,30,Open,Switzerland,59:37,3:01,4:49:26,4:47,3:28:38,9:25:29
270,542,Joachim Krauth,M35-39,61,Open,Germany,1:01:10,5:11,4:59:16,3:51,3:16:02,9:25:31
271,1129,Nikolaj Koors Hoff,M30-34,68,Open,Denmark,1:01:07,4:40,4:46:23,3:39,3:29:45,9:25:35
272,174,Maxence Dion,M18-24,15,Open,France,55:39,4:04,5:03:12,3:22,3:19:24,9:25:41
273,247,Tobias Hallebach,M25-29,31,Open,Germany,56:49,3:55,4:59:14,5:16,3:20:40,9:25:53
274,138,Gwendal Devenat Delile,M18-24,16,Open,France,55:46,3:58,4:44:22,3:32,3:38:45,9:26:24
275,181,Sam Askey-Doran,M18-24,17,Open,Australia,45:43,7:23,4:40:29,5:52,3:47:03,9:26:29
276,417,Matt Hughes,M35-39,62,Open,United States,1:08:14,5:54,4:54:41,4:29,3:13:17,9:26:35
277,228,Logan Siebert,M25-29,32,Open,Belgium,1:01:07,9:30,4:58:16,4:31,3:13:18,9:26:41
278,492,Eduardo Mourato,M35-39,63,Open,Portugal,1:00:57,4:32,5:04:15,2:54,3:14:12,9:26:49
279,202,Corentin Cousin,M25-29,33,Open,France,54:54,4:07,5:14:55,3:37,3:09:32,9:27:06
280,1626,Lino Barruncho,M45-49,20,Open,Portugal,1:06:12,3:57,4:56:35,4:03,3:16:19,9:27:06
281,257,Paul Kim,M25-29,34,Open,United States,57:21,3:39,5:05:21,3:18,3:17:30,9:27:09
282,1298,Ryosuke Ohata,M40-44,31,Open,Japan,55:46,4:41,4:58:32,4:06,3:24:06,9:27:11
283,462,Rudy Husson,M35-39,64,Open,France,1:04:18,5:39,5:04:34,4:20,3:08:25,9:27:17
284,1403,Julien Boulain,M40-44,32,Open,France,1:03:52,3:13,4:49:50,3:41,3:26:46,9:27:23
285,1405,Matthew Quibell,M40-44,33,Open,United Kingdom,1:03:45,5:06,5:06:53,3:54,3:07:48,9:27:25
286,1438,Anton Bereznyak,M40-44,34,Open,Kazakhstan,1:06:30,3:18,4:56:23,2:55,3:18:22,9:27:28
287,981,Senen Perez,M30-34,69,Open,Spain,1:03:24,2:58,4:51:53,3:56,3:25:30,9:27:42
288,215,Marco Pavani,M25-29,35,Open,Italy,52:04,4:19,4:48:58,4:00,3:38:23,9:27:44
289,2210,Bekim Christensen,M50-54,9,Open,Denmark,1:03:56,3:21,4:44:42,4:02,3:31:48,9:27:49
290,1036,Benjamin Besse,M30-34,70,Open,United States,55:18,4:07,4:40:22,4:24,3:43:44,9:27:54
291,1128,Lino Henrique Magalhaes Nardin,M30-34,71,Open,Brazil,1:03:12,3:46,4:59:04,4:21,3:17:40,9:28:02
292,1141,Shawn O'Malley,M30-34,72,Open,United States,59:09,4:03,4:59:23,3:25,3:22:10,9:28:09
293,162,Tadas Lukauskis,M18-24,18,Open,Lithuania,1:02:56,4:46,4:51:44,4:07,3:24:40,9:28:13
294,455,David Wild,M35-39,65,Open,United States,59:25,7:05,4:40:51,7:14,3:33:39,9:28:14
295,1319,Alexandre Takenaka,M40-44,35,Open,Brazil,55:51,3:15,4:50:11,4:30,3:34:42,9:28:30
296,958,Alain Paradis,M30-34,73,Open,Canada,1:06:18,4:59,4:54:26,4:29,3:18:26,9:28:38
297,1140,Fabian Schubert,M30-34,74,Open,Germany,1:01:56,4:12,4:38:32,2:34,3:41:30,9:28:45
298,271,Mael Guillermin,M25-29,36,Open,France,58:16,3:45,4:55:10,3:42,3:27:53,9:28:46
299,1421,Matthew Tatum,M40-44,36,Open,United States,1:03:57,5:41,5:04:53,3:14,3:11:06,9:28:50
300,540,Eric Gonderinger,M35-39,66,Open,Luxembourg,1:03:40,5:05,4:51:06,5:01,3:24:04,9:28:55
301,1553,Hidekazu Takahashi,M45-49,21,Open,Japan,58:11,3:05,5:07:28,3:46,3:16:28,9:28:58
302,1710,Allan Villanueva,M45-49,22,Open,Mexico,59:26,4:41,4:56:22,6:46,3:21:47,9:29:02
303,984,Matus Mirossay,M30-34,75,Open,Slovakia,1:04:46,4:07,4:48:27,4:40,3:27:04,9:29:04
304,148,Gaël Taillandier,M18-24,19,Open,France,55:45,4:23,4:42:26,4:56,3:41:34,9:29:05
305,157,Kenny Dobler,M18-24,20,Open,Switzerland,1:10:09,5:29,4:42:25,4:36,3:26:27,9:29:05
306,363,Arnaud Epp,M35-39,67,Open,France,1:04:01,3:49,4:37:29,3:28,3:40:18,9:29:05
307,1063,Brian Arnold,M30-34,76,Open,United States,1:02:31,3:53,4:48:48,3:26,3:30:32,9:29:10
308,1147,Alexander Graf,M30-34,77,Open,Germany,1:01:23,3:25,4:53:57,3:15,3:27:23,9:29:24
309,2310,Kai Witzlack-Makarevich,M50-54,10,Open,Germany,1:10:45,7:04,4:58:11,3:43,3:09:45,9:29:28
310,1072,Lasse Neukirch,M30-34,78,Open,Germany,1:02:26,3:25,4:59:57,3:55,3:19:52,9:29:36
311,1714,Juan Delgado Valbuena,M45-49,23,Open,Colombia,1:01:43,5:14,5:01:03,4:17,3:17:22,9:29:39
312,1349,Alex Arrieta Quintana,M40-44,37,Open,Spain,1:03:38,5:44,4:56:22,3:08,3:20:52,9:29:43
313,358,Clemens Rich,M35-39,68,Open,Switzerland,1:19:21,4:23,4:50:25,4:34,3:11:18,9:30:01
314,554,Benedikt Steinheuer,M35-39,69,Open,Germany,1:03:27,4:22,4:57:13,3:24,3:21:40,9:30:06
315,270,Stefan De Jong,M25-29,37,Open,Netherlands,1:00:14,4:36,4:43:14,4:18,3:37:50,9:30:12
316,2520,Lennie Lange Kristensen,M55-59,1,Open,Denmark,1:17:48,5:03,4:44:54,4:11,3:18:29,9:30:25
317,1020,Renan Papareli,M30-34,79,Open,Brazil,59:24,4:27,4:55:45,4:05,3:26:48,9:30:28
318,1444,Luke Henderson,M40-44,38,Open,Australia,58:01,3:11,4:41:24,5:03,3:42:58,9:30:38
319,1064,Simon Fredensborg,M30-34,80,Open,Denmark,58:44,4:07,4:53:05,4:51,3:30:01,9:30:48
320,1798,Timo Juntunen,M45-49,24,Open,Finland,1:01:01,3:34,4:50:51,4:35,3:30:47,9:30:49
321,445,Maximilian Weber,M35-39,70,Open,Germany,59:09,4:28,4:38:27,4:09,3:44:47,9:30:59
322,180,Jack Roels,M18-24,21,Open,Belgium,1:05:51,5:32,4:49:33,7:28,3:22:36,9:31:00
323,421,Mateusz Grzybek,M35-39,71,Open,Poland,1:11:36,4:30,5:03:15,3:10,3:08:31,9:31:01
324,1228,Valdur Jaht,M40-44,39,Open,Estonia,1:08:47,5:03,4:51:47,4:02,3:21:25,9:31:03
325,356,Nat Heath,M35-39,72,Open,Australia,1:01:15,6:28,4:51:10,4:21,3:28:02,9:31:16
326,373,Maximilian Von Koch,M35-39,73,Open,Germany,51:46,5:08,4:58:23,6:14,3:29:45,9:31:16
327,429,Juan M. Aguilar,M35-39,74,Open,Mexico,1:07:21,3:18,5:16:35,3:42,3:00:20,9:31:16
328,988,Joshua Hall,M30-34,81,Open,Philippines,51:26,4:21,5:00:25,4:09,3:31:06,9:31:26
329,1371,Ramon Siljade,M40-44,40,Open,Netherlands,1:08:58,5:07,4:51:23,3:33,3:22:27,9:31:28
330,1383,Mikael Gaudin,M40-44,41,Open,Switzerland,56:11,4:54,5:09:08,3:45,3:17:36,9:31:34
331,431,Sven Gerhards,M35-39,75,Open,Germany,56:38,3:17,5:01:58,4:24,3:25:23,9:31:40
332,566,Luke Williams,M35-39,76,Open,Australia,54:41,3:52,4:46:25,3:36,3:43:09,9:31:42
333,375,Damian Falcone,M35-39,77,Open,Argentina,57:50,4:12,5:09:02,4:52,3:15:47,9:31:43
334,438,Jesse Massez,M35-39,78,Open,Belgium,1:11:29,6:11,4:51:10,4:50,3:18:07,9:31:46
335,1111,Frank Smith,M30-34,82,Open,New Zealand,1:03:33,4:13,5:09:03,3:40,3:11:21,9:31:49
336,1323,Luiz Pereda,M40-44,42,Open,Brazil,51:27,5:05,4:51:43,4:03,3:40:01,9:32:19
337,978,Thibault Legrand,M30-34,83,Open,Australia,1:09:45,4:40,4:53:18,4:09,3:20:30,9:32:21
338,1451,Matt Meredith,M40-44,43,Open,United States,1:09:54,4:51,4:55:59,5:03,3:16:41,9:32:28
339,450,Dr. Boeddinghaus,M35-39,79,Open,Germany,57:49,4:43,4:51:53,4:14,3:33:59,9:32:38
340,130,Tom Moneghetti,M18-24,22,Open,France,1:00:53,4:39,4:52:47,5:29,3:28:53,9:32:41
341,1062,Bastien Jornod,M30-34,84,Open,Switzerland,1:05:25,4:02,5:01:57,3:04,3:18:14,9:32:42
342,243,Yann Massyn,M25-29,38,Open,France,1:01:21,3:40,4:46:47,2:55,3:38:10,9:32:53
343,154,Alexander Shwe,M18-24,23,Open,United States,52:49,4:45,4:57:41,4:26,3:33:17,9:32:58
344,1205,Eloy Benito González Mariscal,M40-44,44,Open,Spain,1:12:47,3:17,4:58:04,4:11,3:14:46,9:33:05
345,991,Max Gordon,M30-34,85,Open,New Zealand,1:01:22,3:52,5:05:16,4:08,3:18:30,9:33:08
346,1005,João Reis,M30-34,86,Open,Brazil,1:02:31,6:39,4:59:09,4:55,3:19:58,9:33:12
347,392,Gareth Fuller,M35-39,80,Open,Australia,1:04:57,6:41,4:50:08,3:15,3:28:12,9:33:13
348,1221,Marti Quer,M40-44,45,Open,Spain,57:45,3:15,5:04:01,3:55,3:24:18,9:33:14
349,280,Sean Ozyazgan,M25-29,39,Open,United States,1:03:44,4:31,4:56:03,5:25,3:23:38,9:33:20
350,989,Jordan Rabely,M30-34,87,Open,France,1:02:28,6:45,4:57:54,5:04,3:21:22,9:33:32
351,1521,Ambroz Rozman,M45-49,25,Open,Slovenia,1:07:02,4:18,4:57:36,4:34,3:20:05,9:33:35
352,2045,Sune Steiniche Kjaer,M50-54,11,Open,Denmark,1:07:01,6:32,4:55:06,3:57,3:21:07,9:33:43
353,1488,Kevin Piriou,M40-44,46,Open,France,1:08:25,5:09,4:50:08,5:23,3:24:38,9:33:44
354,1068,Ben Stone,M30-34,88,Open,Australia,1:00:36,3:07,4:59:03,4:23,3:26:38,9:33:47
355,545,Matt Rollason,M35-39,81,Open,New Zealand,1:03:22,4:23,4:44:46,4:29,3:36:49,9:33:50
356,513,Daniel Ruman Rodrigues,M35-39,82,Open,Brazil,51:43,3:59,4:40:39,4:55,3:52:35,9:33:51
357,349,Sebastian Ostertag,M35-39,83,Open,Argentina,1:00:25,3:41,5:00:22,2:22,3:27:04,9:33:55
358,1761,Cheyenne Barraez,M45-49,26,Open,United States,1:04:31,5:37,4:53:57,4:00,3:26:06,9:34:10
359,552,Parker Watt,M35-39,84,Open,United States,53:35,3:48,5:00:37,5:16,3:30:57,9:34:12
360,1586,Andres Darricau,M45-49,27,Open,Argentina,56:41,3:50,5:07:01,4:45,3:22:05,9:34:21
361,347,Nicholas Gough,M35-39,85,Open,United States,1:16:49,5:30,4:49:59,4:26,3:17:38,9:34:22
362,482,Gabriel Carvalho,M35-39,86,Open,Brazil,1:04:54,5:40,4:51:46,6:25,3:25:39,9:34:25
363,328,Jelle Vanbiervliet,M35-39,87,Open,Belgium,1:07:24,4:36,4:59:22,3:40,3:19:32,9:34:34
364,2142,Dean Kirkham,M50-54,12,Open,United Kingdom,1:06:05,4:24,4:58:13,4:38,3:21:16,9:34:35
365,298,Alexandre Stocco,M25-29,40,Open,Brazil,59:28,5:35,5:03:30,4:37,3:21:25,9:34:35
366,1320,Guus Reurink,M40-44,47,Open,Netherlands,1:15:00,4:10,5:10:46,4:13,3:00:29,9:34:38
367,1283,Marcus Vinicius Macedo Dos Santos,M40-44,48,Open,Brazil,1:03:59,4:23,5:05:53,5:10,3:15:25,9:34:51
368,1134,Sebastian Reinhard,M30-34,89,Open,Germany,51:50,4:09,5:08:32,3:16,3:27:05,9:34:52
369,25,Steven Mckenna,MPRO,42,Open,Australia,47:29,2:12,4:15:37,2:40,4:27:14,9:35:13
370,1025,Maximilian Braun,M30-34,90,Open,Austria,58:47,4:31,4:52:05,2:56,3:36:56,9:35:15
371,561,Benoit Regnier,M35-39,88,Open,France,59:43,4:27,5:11:13,5:11,3:14:52,9:35:25
372,1479,Roland Mühlbacher,M40-44,49,Open,Austria,1:04:53,4:14,4:52:10,4:04,3:30:21,9:35:41
373,1034,Luke Spiteri,M30-34,91,Open,Australia,1:06:43,8:14,5:03:52,4:54,3:12:06,9:35:47
374,514,Mark Lamonby,M35-39,89,Open,United Kingdom,58:16,3:19,4:48:02,4:14,3:42:00,9:35:51
375,1317,Sascha Vetter,M40-44,50,Open,Germany,54:39,4:26,4:54:29,3:43,3:38:53,9:36:11
376,196,Yannick Van Hoof,M25-29,41,Open,Belgium,1:01:52,4:44,4:55:41,3:42,3:30:24,9:36:23
377,535,John Matson,M35-39,90,Open,United States,59:44,4:08,4:54:17,3:15,3:35:02,9:36:25
378,178,Kiyan Sunderji,M18-24,24,Open,Canada,57:20,4:10,4:52:36,4:51,3:37:40,9:36:36
379,246,Enzo Stival,M25-29,42,Open,France,1:09:36,4:23,4:56:15,3:47,3:22:41,9:36:41
380,1741,Graeme Stewart,M45-49,28,Open,United Kingdom,59:38,4:01,5:00:38,3:47,3:28:48,9:36:51
381,960,Nacho Dominguez Martinez,M30-34,92,Open,Spain,58:42,3:34,4:54:57,3:39,3:36:07,9:36:59
382,1003,Aiden Cuff,M30-34,93,Open,Australia,1:04:58,3:20,4:49:46,3:46,3:35:28,9:37:18
383,1335,David Schmid,M40-44,51,Open,Switzerland,1:10:17,4:51,4:52:41,5:18,3:24:15,9:37:22
384,1043,Florian Kaufmann,M30-34,94,Open,Switzerland,1:03:15,3:19,4:53:07,2:44,3:35:18,9:37:43
385,522,Philip Billikopf,M35-39,91,Open,Chile,1:10:06,4:30,4:57:45,4:25,3:21:15,9:38:00
386,198,Cody Williams,M25-29,43,Open,United States,1:00:22,3:54,4:34:35,2:43,3:56:31,9:38:04
387,393,Marc Morgan,M35-39,92,Open,United States,1:09:35,7:01,4:55:56,8:20,3:17:15,9:38:07
388,1103,Ruben Ghyselinck,M30-34,95,Open,Belgium,1:02:37,4:36,4:46:55,4:56,3:39:04,9:38:08
389,2155,Peter Christensen,M50-54,13,Open,United States,1:02:26,5:25,4:59:20,3:54,3:27:14,9:38:19
390,1253,Jon Albizuri Izaguirre,M40-44,52,Open,Spain,1:03:53,4:35,4:57:19,3:09,3:29:26,9:38:23
391,145,Nicolai Helledie Brix,M18-24,25,Open,Denmark,1:07:17,3:02,4:43:52,3:48,3:40:25,9:38:25
392,1339,Jimmy Sosinski,M40-44,53,Open,United States,1:11:10,4:02,4:53:34,4:10,3:25:33,9:38:30
393,2604,Kim Skotte,M55-59,2,Open,Norway,1:06:51,4:27,4:54:47,3:54,3:28:33,9:38:31
394,1218,Nicholas Collier,M40-44,54,Open,United States,55:22,5:10,4:56:59,5:42,3:35:25,9:38:38
395,191,Daniel Readman,M25-29,44,Open,United Kingdom,1:01:53,5:37,4:57:22,4:10,3:29:43,9:38:45
396,1038,Pawel Mitrus,M30-34,96,Open,Poland,1:03:07,3:57,4:49:12,4:41,3:37:50,9:38:47
397,1131,Tom Pignatello,M30-34,97,Open,United States,1:08:44,7:01,4:53:58,6:08,3:23:00,9:38:50
398,553,Dylan Salotti,M35-39,93,Open,Australia,59:30,5:17,4:59:49,5:05,3:29:11,9:38:52
399,2662,Will Watson,M18-24,26,Open,United States,1:01:56,4:52,4:53:50,4:45,3:33:34,9:38:57
400,2184,Yannick Antoine,M50-54,14,Open,Luxembourg,1:04:12,4:07,5:01:06,3:49,3:25:43,9:38:57
401,326,Eduardo Buscacio,M35-39,94,Open,Brazil,1:06:34,5:15,5:04:57,3:41,3:18:32,9:39:00
402,1044,Maximilian Janke,M30-34,98,Open,Germany,56:41,3:50,4:51:14,3:45,3:44:00,9:39:32
403,265,Bryce Morison,M25-29,45,Open,United States,1:02:36,4:34,4:46:46,3:04,3:42:43,9:39:42
404,1356,Stuart De Freyne,M40-44,55,Open,United Kingdom,59:49,4:21,4:57:10,4:32,3:33:51,9:39:44
405,415,Julien Buffe,M35-39,95,Open,France,54:20,4:21,5:04:08,5:26,3:31:35,9:39:50
406,986,Thomas Keusch,M30-34,99,Open,Switzerland,59:50,3:40,5:13:12,5:25,3:17:48,9:39:55
407,538,Jef Swinnen,M35-39,96,Open,Belgium,1:04:22,3:36,5:09:46,4:03,3:18:19,9:40:05
408,1611,Tim Weiskat,M45-49,29,Open,Germany,59:12,3:54,4:55:08,4:04,3:37:48,9:40:05
409,1373,Michael Rundio,M40-44,56,Open,Germany,1:00:44,6:21,4:47:39,6:31,3:38:54,9:40:09
410,275,Arthur Bertholomé,M25-29,46,Open,Belgium,54:58,3:34,5:04:21,4:13,3:33:02,9:40:09
411,1372,Benjamin Janse Van Rensburg,M40-44,57,Open,South Africa,1:07:45,4:52,4:34:41,4:42,3:48:10,9:40:10
412,1278,Richard Whitfield,M40-44,58,Open,United Kingdom,1:01:47,3:56,4:51:44,3:51,3:39:09,9:40:27
413,559,Vincent Lete,M35-39,97,Open,Belgium,1:05:55,4:50,4:56:31,6:02,3:27:09,9:40:28
414,1130,Nathan Josefski,M30-34,100,Open,Australia,59:07,3:57,5:11:17,2:44,3:23:26,9:40:31
415,457,Joshua Gordon,M35-39,98,Open,United States,1:04:48,4:27,4:53:49,4:00,3:33:34,9:40:38
416,132,Cortney Weintz,M18-24,27,Open,United States,1:11:32,5:24,4:49:28,3:17,3:31:20,9:41:01
417,1434,Jonas Fredberg,M40-44,59,Open,Denmark,1:05:36,5:07,4:55:57,4:30,3:30:03,9:41:14
418,221,Peng Liu,M25-29,47,Open,China,1:03:03,5:17,4:52:49,4:09,3:36:00,9:41:18
419,1164,Daniel Guimaraes Ramalho,M40-44,60,Open,Brazil,51:31,5:06,5:02:59,3:41,3:38:06,9:41:24
420,1540,Asier Etxezarreta Aiertza,M45-49,30,Open,Spain,1:12:20,3:52,4:53:33,8:15,3:23:24,9:41:25
421,1576,James Harrington,M45-49,31,Open,United States,1:09:10,5:46,5:00:44,3:55,3:21:59,9:41:35
422,2231,Phillip Becker,M50-54,15,Open,Germany,1:05:18,3:44,4:49:07,3:18,3:40:08,9:41:36
423,495,Theodoros Kazis,M35-39,99,Open,Greece,1:07:27,2:57,4:52:30,4:20,3:34:25,9:41:39
424,1071,Adrien Rossignon,M30-34,101,Open,Luxembourg,1:00:36,3:40,4:54:51,4:06,3:38:35,9:41:46
425,127,Peter Wenzelhuemer,M18-24,28,Open,Austria,54:49,3:59,4:32:40,3:44,4:06:36,9:41:49
426,133,Zachary Smith,M18-24,29,Open,United States,51:59,5:15,4:57:12,4:45,3:42:41,9:41:52
427,167,Phil Scheuring,M18-24,30,Open,Germany,55:04,3:43,5:05:35,4:13,3:33:30,9:42:06
428,311,Josh Emory,M25-29,48,Open,United States,1:03:58,3:43,5:00:58,3:20,3:30:11,9:42:11
429,477,Rob Dendle,M35-39,100,Open,Australia,1:05:15,5:39,4:57:53,3:52,3:29:41,9:42:21
430,2288,Stuart Pass,M50-54,16,Open,Australia,1:03:51,4:37,5:04:11,3:50,3:25:54,9:42:24
431,1378,Dan Polansky,M40-44,61,Open,Czechia,55:09,5:19,4:56:24,4:28,3:41:05,9:42:25
432,488,Simon Ludwig,M35-39,101,Open,Germany,1:18:03,5:58,4:48:58,4:25,3:25:04,9:42:28
433,1426,Alexander Maier,M40-44,62,Open,Germany,59:54,5:13,5:00:41,5:25,3:31:45,9:42:58
434,496,Francesc Pujades,M35-39,102,Open,Spain,1:00:20,4:05,4:52:24,4:10,3:42:03,9:43:01
435,1114,Alexander Verweij,M30-34,102,Open,Netherlands,1:02:45,6:15,5:04:22,4:26,3:25:15,9:43:03
436,2196,Eric Roy,M50-54,17,Open,Canada,1:00:50,6:16,5:00:32,5:46,3:29:48,9:43:12
437,369,Emmanuel Lopez,M35-39,103,Open,United States,1:16:42,5:17,4:57:12,4:43,3:19:19,9:43:13
438,1726,Rich Bruce,M45-49,32,Open,United Kingdom,56:48,5:26,4:59:48,4:13,3:37:01,9:43:16
439,475,Florian Adami,M35-39,104,Open,Germany,54:48,3:18,5:05:55,3:36,3:35:45,9:43:23
440,1039,Greg Laxton,M30-34,103,Open,South Africa,1:07:40,5:05,4:49:10,4:50,3:36:46,9:43:31
441,1333,Alessio Piccioni,M40-44,63,Open,Italy,1:07:31,3:34,5:08:47,3:55,3:19:53,9:43:40
442,510,Christian Kallus,M35-39,105,Open,Germany,1:10:26,5:06,5:06:35,4:14,3:17:22,9:43:42
443,1001,Fabian Karst,M30-34,104,Open,Germany,1:00:40,3:37,5:02:51,6:25,3:30:45,9:44:17
444,1028,Benjamin Saccenti,M30-34,105,Open,France,58:48,3:43,5:00:47,3:34,3:37:31,9:44:22
445,567,Alessandro Panato,M35-39,106,Open,Italy,56:42,4:23,4:49:26,4:53,3:49:06,9:44:31
446,568,Mathieu Noblet,M35-39,107,Open,France,1:21:13,4:35,5:00:55,2:52,3:15:00,9:44:35
447,941,Mihkel Sarv,M30-34,106,Open,Estonia,1:04:08,4:03,4:47:33,3:54,3:44:57,9:44:36
448,1281,Ludovic Yonnet,M40-44,64,Open,France,1:03:30,4:36,5:09:37,5:32,3:21:26,9:44:41
449,336,Daniel Cruz Bardera,M35-39,108,Open,Spain,59:33,5:54,5:06:52,6:15,3:26:12,9:44:47
450,1334,Murat Güney,M40-44,65,Open,Turkey,1:07:10,4:05,5:00:49,4:00,3:28:54,9:44:58
451,331,Luisma Kittlein,M35-39,109,Open,Argentina,1:05:03,5:06,5:04:40,3:23,3:26:57,9:45:08
452,2270,C.J. Castle,M50-54,18,Open,United States,1:01:37,4:37,5:00:55,5:53,3:32:09,9:45:11
453,1310,Petr Lukosz,M40-44,66,Open,Czechia,1:00:23,6:11,4:50:03,3:48,3:44:48,9:45:13
454,1707,Javier Peiretti,M45-49,33,Open,Argentina,1:02:35,4:31,5:04:51,4:23,3:29:10,9:45:30
455,1806,Mateus Vidigal,M45-49,34,Open,Brazil,56:37,3:30,4:54:20,8:06,3:43:15,9:45:49
456,2401,Paul Hill,M55-59,3,Open,New Zealand,1:09:57,4:16,4:53:30,5:43,3:32:28,9:45:53
457,1122,Vincent Felix Bartscher,M30-34,107,Open,Germany,1:02:20,6:51,5:01:58,4:08,3:30:42,9:46:00
458,2214,Petr Vabrousek,M50-54,19,Open,Czechia,1:02:48,4:08,4:57:20,4:47,3:37:00,9:46:03
459,186,Lars Van Der Meulen,M18-24,31,Open,Netherlands,57:55,4:26,5:02:25,3:55,3:37:26,9:46:08
460,1376,Felix Swiczinsky,M40-44,67,Open,Germany,57:51,3:24,5:10:43,3:31,3:30:44,9:46:13
461,253,Alex Ewart,M25-29,49,Open,United States,54:38,4:19,5:04:05,4:55,3:38:16,9:46:14
462,1655,Filippo Raffaelli,M45-49,35,Open,Italy,1:15:15,6:12,4:53:45,4:08,3:26:59,9:46:19
463,1844,Nicolas Delgado,M45-49,36,Open,Colombia,56:47,4:37,5:07:39,6:19,3:30:57,9:46:19
464,2632,Kenji Takeya,M55-59,4,Open,Japan,1:11:16,5:16,4:46:02,4:06,3:39:45,9:46:26
465,1215,Demian Barrenstein,M40-44,68,Open,Germany,56:05,4:31,4:48:55,4:41,3:52:16,9:46:27
466,173,Magnus Vestergaard,M18-24,32,Open,Denmark,1:11:41,3:28,4:43:28,4:04,3:43:51,9:46:32
467,500,Niklas Geiß,M35-39,110,Open,Germany,1:07:47,4:26,4:51:07,3:59,3:39:13,9:46:32
468,213,Daniel Robson,M25-29,50,Open,Australia,1:09:58,3:35,5:06:37,2:23,3:24:01,9:46:35
469,1186,Jeroen De Meester,M40-44,69,Open,Belgium,1:12:32,4:21,4:53:29,5:31,3:30:45,9:46:37
470,188,Luis Bandrés Mériz,M25-29,51,Open,Spain,1:09:41,5:07,5:12:58,4:38,3:14:18,9:46:42
471,1304,Guillaume Caudron,M40-44,70,Open,Réunion,1:03:50,4:18,5:03:21,8:07,3:27:08,9:46:45
472,983,Simon Jakob,M30-34,108,Open,Germany,59:46,3:00,4:39:27,4:56,3:59:36,9:46:45
473,366,Mariusz Pirek,M35-39,111,Open,Poland,1:00:26,2:54,4:57:55,3:08,3:42:40,9:47:03
474,1769,Colin Ramp,M45-49,37,Open,Switzerland,1:03:22,4:16,4:59:37,4:14,3:35:40,9:47:07
475,471,Mathias Jaouen,M35-39,112,Open,France,1:03:17,5:23,4:56:24,4:55,3:37:19,9:47:18
476,1573,Rich Uliana,M45-49,38,Open,United States,1:07:18,5:36,4:51:32,4:57,3:38:05,9:47:28
477,416,Brent Knight,M35-39,113,Open,New Zealand,1:04:04,5:23,4:52:33,5:55,3:39:36,9:47:31
478,1579,Aleksander Gavrilov,M45-49,39,Open,Turkey,1:10:20,5:42,5:06:18,5:17,3:19:56,9:47:32
479,1079,Dario Chitti,M30-34,109,Open,Italy,52:08,3:44,4:52:38,5:02,3:54:03,9:47:35
480,390,Jonas Thuerig,M35-39,114,Open,Switzerland,1:05:24,4:16,5:05:03,4:33,3:28:19,9:47:35
481,1143,Benjamin Willey,M30-34,110,Open,United States,58:46,5:03,4:58:23,5:31,3:39:57,9:47:41
482,451,Simon Demeunier,M35-39,115,Open,Belgium,1:05:02,3:38,4:48:50,4:18,3:45:53,9:47:41
483,400,Meng Yang,M35-39,116,Open,China,1:04:13,4:38,5:07:52,5:29,3:25:32,9:47:43
484,1341,Rafael Gomes,M40-44,71,Open,Portugal,1:03:36,4:29,5:02:30,3:47,3:33:24,9:47:45
485,1837,Vicente Palones Llopis,M45-49,40,Open,Spain,1:05:29,5:40,5:09:11,5:52,3:21:36,9:47:48
486,255,Tim Freitag,M25-29,52,Open,Germany,58:03,4:27,4:56:49,4:31,3:44:05,9:47:55
487,2052,Alain Schutjes,M50-54,20,Open,Belgium,1:08:10,6:30,4:53:31,6:31,3:33:15,9:47:58
488,2243,Hata Kenzaburo,M50-54,21,Open,Japan,1:06:29,4:47,5:10:48,4:48,3:21:09,9:48:02
489,476,Markus Beck,M35-39,117,Open,Germany,1:04:19,4:30,4:53:11,6:01,3:40:00,9:48:02
490,1338,Joao Marcelo Thomazi,M40-44,72,Open,Brazil,1:03:31,4:58,5:08:56,3:53,3:26:45,9:48:03
491,1406,Matthew Davis,M40-44,73,Open,United States,1:10:17,4:28,4:55:42,4:17,3:33:29,9:48:13
492,573,Anastasio Moustakis,M35-39,118,Open,Greece,1:00:17,2:52,5:11:30,3:33,3:30:02,9:48:15
493,943,Trevor Cotsworth,M30-34,111,Open,Australia,59:20,5:03,4:57:51,4:20,3:41:41,9:48:15
494,1002,Tristan Fabre,M30-34,112,Open,France,1:03:05,4:17,5:12:42,4:53,3:23:22,9:48:19
495,402,Cheng Lin,M35-39,119,Open,China,1:16:57,4:51,4:44:22,3:28,3:38:47,9:48:25
496,1408,Matt Stewart,M40-44,74,Open,Canada,1:12:33,5:04,4:58:47,4:33,3:27:35,9:48:32
497,1846,Victor Doronin,M45-49,41,Open,Spain,1:15:50,4:24,5:00:52,3:56,3:23:36,9:48:39
498,999,Stewart Jepson,M30-34,113,Open,United Kingdom,55:21,5:00,5:09:15,4:50,3:34:18,9:48:43
499,1675,Jorge Lopez Palenzuela,M45-49,42,Open,Spain,1:01:37,3:18,5:13:30,3:56,3:26:24,9:48:44
500,2199,Christiano Abreu Barbosa,M50-54,22,Open,Brazil,1:02:56,5:07,5:06:15,4:01,3:30:31,9:48:50
501,1417,Scott Bradley,M40-44,75,Open,United States,59:52,4:23,4:46:22,4:43,3:53:32,9:48:53
502,1818,Wim Van Linden,M45-49,43,Open,Belgium,59:19,3:32,5:18:50,4:19,3:22:54,9:48:54
503,1092,Chris Cartwright,M30-34,114,Open,Canada,1:00:38,3:39,4:59:56,4:53,3:39:48,9:48:55
504,1016,Romain Vanhaesebrouck,M30-34,115,Open,France,1:02:16,5:36,5:01:36,5:04,3:34:26,9:48:58
505,1835,Diego Gelos,M45-49,44,Open,Argentina,1:07:30,3:31,5:01:08,2:30,3:34:24,9:49:02
506,2264,Marcin Chojnacki,M50-54,23,Open,Poland,1:09:32,3:25,4:57:55,3:32,3:34:40,9:49:03
507,1634,Salah Tanlay,M45-49,45,Open,Turkey,1:00:45,5:06,5:11:49,3:38,3:27:47,9:49:04
508,2585,Christophe Bastie,M55-59,5,Open,France,1:01:38,3:42,4:55:47,3:20,3:44:47,9:49:14
509,975,Ben Carter,M30-34,116,Open,United Kingdom,1:00:32,4:21,4:54:03,4:25,3:45:55,9:49:17
510,1292,David Lebrat,M40-44,76,Open,France,1:01:35,4:55,5:08:07,6:36,3:28:05,9:49:18
511,1294,Jose Arranz,M40-44,77,Open,Spain,1:01:32,3:48,5:04:59,5:44,3:33:19,9:49:22
512,1709,Olof Dallner,M45-49,46,Open,Sweden,1:13:30,5:06,4:58:05,3:54,3:28:47,9:49:22
513,1263,David Colgan,M40-44,78,Open,Italy,1:21:41,5:32,5:07:15,6:44,3:08:11,9:49:23
514,353,Ruurd-Jan Zwarts,M35-39,120,Open,Netherlands,1:05:39,5:31,4:54:35,5:50,3:37:49,9:49:24
515,1717,David Walsh,M45-49,47,Open,Australia,1:03:24,4:44,5:03:06,4:18,3:33:54,9:49:24
516,1090,Kristoffer Weber Larsen,M30-34,117,Open,Denmark,52:04,4:42,4:59:07,3:47,3:49:46,9:49:27
517,223,Simon Schedl,M25-29,53,Open,Austria,1:05:01,4:42,4:58:09,4:13,3:37:23,9:49:29
518,1431,Mihai Vigariu,M40-44,79,Open,Romania,1:03:28,4:46,4:49:22,5:06,3:46:54,9:49:35
519,1293,Jaime Azpeleta Vicario,M40-44,80,Open,Spain,56:21,3:06,5:07:47,7:54,3:34:28,9:49:35
520,1803,Alejandro Jose Boschian Romero,M45-49,48,Open,Venezuela,58:32,4:15,5:10:55,4:22,3:31:35,9:49:40
521,525,Marco Vicini,M35-39,121,Open,Italy,1:00:28,4:06,4:59:18,4:32,3:41:17,9:49:41
522,1264,David Washbrook,M40-44,81,Open,United Kingdom,57:59,4:50,4:57:38,4:07,3:45:20,9:49:53
523,2238,Jose Rivera Gonzalez,M50-54,24,Open,Mexico,1:07:02,5:20,4:59:57,6:15,3:31:20,9:49:54
524,1223,Ruslan Uja,M40-44,82,Open,Moldova,1:10:21,4:26,5:15:21,4:39,3:15:08,9:49:55
525,160,Tom Rajchenbach,M18-24,33,Open,France,1:03:55,4:56,4:43:43,3:38,3:53:49,9:50:01
526,1067,Christian Schiwek,M30-34,118,Open,Germany,1:02:39,7:02,5:01:35,8:00,3:30:48,9:50:04
527,1170,Dominik Renninger,M40-44,83,Open,Germany,1:00:23,5:48,5:01:23,4:57,3:37:48,9:50:19
528,530,Hendrik Althoff,M35-39,122,Open,Germany,57:33,4:36,4:52:20,4:28,3:51:27,9:50:23
529,942,Jon Hammond,M30-34,119,Open,United States,1:00:05,4:30,5:02:29,3:34,3:39:47,9:50:24
530,1318,Christian Decker,M40-44,84,Open,Germany,1:04:00,5:03,4:58:30,4:29,3:38:23,9:50:25
531,526,Mathias Waldschmitt,M35-39,123,Open,Germany,1:03:13,4:19,4:46:58,4:38,3:51:19,9:50:27
532,362,Alexander Sokolov,M35-39,124,Open,United Arab Emirates,1:10:43,3:09,5:00:59,4:57,3:30:44,9:50:32
533,1121,Jake Swinglehurst,M30-34,120,Open,Australia,1:00:38,5:05,4:56:04,4:52,3:43:59,9:50:38
534,2242,Sergio Costa,M50-54,25,Open,Portugal,1:08:28,5:36,4:54:39,5:33,3:36:25,9:50:42
535,159,Anders Buur,M18-24,34,Open,Denmark,1:05:39,5:37,4:53:32,4:07,3:41:47,9:50:42
536,1482,Laurent Marcilloux,M40-44,85,Open,France,1:03:51,3:50,4:47:41,3:38,3:51:44,9:50:45
537,979,Jules Bouvet,M30-34,121,Open,France,1:07:24,5:06,4:57:23,4:53,3:36:09,9:50:55
538,503,Kevin Roberge,M35-39,125,Open,Canada,1:00:09,5:29,4:57:40,5:19,3:42:21,9:50:57
539,1329,Timmy Deman,M40-44,86,Open,Belgium,1:02:35,4:16,5:03:39,3:26,3:37:05,9:51:02
540,1280,Piotr Kulbicki,M40-44,87,Open,Poland,1:09:35,4:00,5:05:08,3:07,3:29:32,9:51:21
541,428,Andrew Theron,M35-39,126,Open,South Africa,59:55,5:37,4:56:16,3:55,3:45:40,9:51:23
542,1081,Kyle Martinelli,M30-34,122,Open,United States,1:02:49,4:16,4:44:35,4:17,3:55:30,9:51:28
543,1661,Erik Müller,M45-49,49,Open,Germany,1:03:22,3:37,5:08:52,3:18,3:32:23,9:51:32
544,249,Cédric Dumont,M25-29,54,Open,France,1:06:54,4:18,4:58:32,4:13,3:37:38,9:51:35
545,998,Kevin Canavan,M30-34,123,Open,United States,1:03:14,4:41,5:05:52,5:45,3:32:06,9:51:37
546,1074,James Martin,M30-34,124,Open,Australia,58:45,5:43,4:51:05,4:15,3:51:52,9:51:39
547,1625,Massimiliano Radi,M45-49,50,Open,Italy,56:43,5:11,4:49:02,3:29,3:57:15,9:51:40
548,2183,Patrice Lilloni,M50-54,26,Open,France,1:01:37,4:45,5:04:32,4:14,3:36:34,9:51:42
549,2145,Daniel Evans Marke,M50-54,27,Open,United Kingdom,1:09:27,5:47,5:07:36,3:24,3:25:28,9:51:43
550,1314,Aurimas Sabulis,M40-44,88,Open,United States,1:07:12,4:37,4:55:56,4:14,3:39:45,9:51:44
551,258,Jonas Petersen,M25-29,55,Open,Denmark,1:16:01,6:02,4:41:29,5:52,3:42:21,9:51:44
552,1435,Juan Pablo Ibanez,M40-44,89,Open,Argentina,1:09:35,6:43,5:19:23,4:16,3:11:51,9:51:48
553,251,Brian Tsau,M25-29,56,Open,United States,50:43,5:10,5:03:39,6:08,3:46:26,9:52:05
554,1061,Bernie Mcdowell,M30-34,125,Open,Australia,59:15,5:07,4:43:43,3:30,4:00:37,9:52:12
555,1357,Michael Phinney,M40-44,90,Open,United States,54:15,4:38,5:10:06,4:55,3:38:21,9:52:16
556,539,Andrea Gallina,M35-39,127,Open,Italy,1:04:52,5:21,5:03:53,6:10,3:32:04,9:52:20
557,2168,Luís Mira Nunes,M50-54,28,Open,Portugal,1:06:27,3:19,5:08:00,3:25,3:31:12,9:52:23
558,1365,Sascha Rohner,M40-44,91,Open,Switzerland,1:02:49,4:29,5:10:05,5:46,3:29:18,9:52:27
559,1427,Daniel Grobmeier,M40-44,92,Open,Germany,1:05:57,3:47,5:07:45,4:54,3:30:12,9:52:33
560,1214,Ben Pattie,M40-44,93,Open,New Zealand,1:09:52,4:14,5:03:22,4:51,3:30:16,9:52:35
561,166,Kyle Gabbard,M18-24,35,Open,United States,1:13:23,6:59,4:47:13,4:29,3:40:32,9:52:36
562,1985,Sean Nicolle,M50-54,29,Open,United Kingdom,1:01:31,5:54,5:01:32,4:42,3:38:57,9:52:36
563,1322,Rick Lapinski,M40-44,94,Open,United States,1:03:38,4:12,5:02:57,4:13,3:37:39,9:52:38
564,1042,Vincent Uytdewilligen,M30-34,126,Open,Belgium,59:47,4:30,4:48:49,4:38,3:55:05,9:52:49
565,1202,Ronny Seidel,M40-44,95,Open,Germany,1:03:33,4:00,5:04:24,4:48,3:36:05,9:52:50
566,352,Andrey Zabinsky,M35-39,128,Open,United States,1:09:18,3:06,5:02:43,4:51,3:32:54,9:52:52
567,323,Andreas Veeret,M35-39,129,Open,Estonia,1:10:20,5:22,5:08:17,5:01,3:24:00,9:53:00
568,2137,Christophe Halleumieux,M50-54,30,Open,France,1:19:14,4:09,4:56:14,4:13,3:29:10,9:53:00
569,1125,Alexander Lamouri,M30-34,127,Open,France,1:12:52,4:26,5:03:57,4:21,3:27:26,9:53:03
570,1010,Max Jaffe,M30-34,128,Open,United States,1:08:41,6:57,5:01:26,9:04,3:26:57,9:53:05
571,1452,Jurrie Van Waeyenberghe,M40-44,96,Open,Belgium,1:00:25,3:38,5:13:37,4:34,3:30:56,9:53:09
572,427,William Khachadourian,M35-39,130,Open,United States,1:11:56,4:20,4:56:11,6:06,3:34:37,9:53:10
573,1185,Brendan Flaherty,M40-44,97,Open,Ireland,1:15:54,5:51,5:01:31,4:51,3:25:07,9:53:14
574,749,Adrian Santonastaso,M60-64,1,Open,Switzerland,1:07:53,4:04,4:58:00,4:22,3:38:57,9:53:16
575,419,Mathieu Plante,M35-39,131,Open,Canada,1:07:26,5:29,5:02:24,6:24,3:31:35,9:53:17
576,1485,Rodolfo Zeledon,M40-44,98,Open,Costa Rica,1:00:28,4:35,5:04:31,4:29,3:39:21,9:53:24
577,203,Mateusz Zawadzki,M25-29,57,Open,Poland,1:09:47,5:12,4:42:47,3:52,3:51:48,9:53:27
578,128,Samuel Lock,M18-24,36,Open,Australia,1:01:37,5:21,5:14:29,4:02,3:28:04,9:53:33
579,230,Glenn Strutt,M25-29,58,Open,Australia,52:11,4:03,4:40:54,3:48,4:12:42,9:53:39
580,226,Adam Holz,M25-29,59,Open,United States,1:01:58,5:28,4:52:57,3:55,3:49:24,9:53:42
581,1856,Carsten Niederberger,M45-49,51,Open,Germany,51:44,6:52,5:09:48,7:56,3:37:34,9:53:53
582,466,Yihui Wang,M35-39,132,Open,China,1:00:21,6:17,5:00:26,4:22,3:42:36,9:54:02
583,967,Géry Thérer,M30-34,129,Open,Belgium,1:04:37,5:18,5:02:53,5:29,3:35:51,9:54:08
584,1362,Nahuel Aldape,M40-44,99,Open,Argentina,1:12:35,4:04,5:05:02,2:47,3:29:53,9:54:20
585,990,Luca Antonio Giammona Indaco,M30-34,130,Open,Italy,1:00:24,3:22,4:56:06,4:06,3:50:28,9:54:27
586,1099,Matteo Parise,M30-34,131,Open,Italy,1:02:10,4:15,4:45:56,3:17,3:58:51,9:54:29
587,1208,Eric Hanson,M40-44,100,Open,United States,1:07:31,4:33,5:09:08,3:37,3:29:42,9:54:32
588,210,Filip Jonsson,M25-29,60,Open,Sweden,1:12:29,6:13,4:54:36,5:24,3:35:55,9:54:37
589,2187,Christian Schuh,M50-54,31,Open,Germany,1:05:02,5:14,5:08:24,4:33,3:31:25,9:54:38
590,1182,Henrik Apel,M40-44,101,Open,Germany,1:00:26,4:55,4:58:39,4:48,3:45:51,9:54:39
591,2217,Hideaki Hoshi,M50-54,32,Open,Japan,1:11:13,4:34,5:14:24,4:56,3:19:36,9:54:42
592,432,Tobias Meckl,M35-39,133,Open,Germany,1:08:30,4:06,5:14:00,4:51,3:23:20,9:54:47
593,1105,Ryan Sippel,M30-34,132,Open,United States,1:00:24,4:34,4:49:03,4:26,3:56:20,9:54:47
594,1758,Christian Weyland,M45-49,52,Open,Luxembourg,1:08:20,3:52,4:43:57,4:18,3:54:35,9:55:02
595,469,Juan Calle,M35-39,134,Open,Colombia,54:38,3:48,4:50:13,6:18,4:00:09,9:55:07
596,386,Vadim Kovalenko,M35-39,135,Open,Ukraine,59:35,3:25,5:07:46,4:52,3:39:33,9:55:12
597,1118,Nicholas Lam,M30-34,133,Open,Hong Kong,59:21,5:17,4:54:55,6:29,3:49:25,9:55:27
598,1422,Alexey Oreshin,M40-44,102,Open,Armenia,1:07:37,3:45,4:51:56,3:35,3:48:43,9:55:35
599,165,Nicolas Longo,M18-24,37,Open,United States,1:03:33,4:21,5:01:02,3:57,3:42:46,9:55:40
600,137,Sean Fenoff,M18-24,38,Open,United States,55:36,4:51,4:49:42,6:27,3:59:07,9:55:43
601,995,Stefan Ging,M30-34,134,Open,Switzerland,1:00:42,4:47,5:07:32,6:16,3:36:30,9:55:47
602,1409,Michal Marciniak,M40-44,103,Open,Poland,1:04:45,3:50,5:13:02,4:30,3:29:43,9:55:50
603,1248,Garvin Krug,M40-44,104,Open,Germany,58:56,5:03,5:06:21,5:49,3:39:58,9:56:07
604,168,Jacob Weller,M18-24,39,Open,United States,57:24,4:31,4:58:27,4:58,3:50:52,9:56:11
605,1285,Debin Liu,M40-44,105,Open,China,1:09:38,4:42,5:11:03,3:59,3:26:49,9:56:12
606,1859,Bert Arnauts,M45-49,53,Open,Belgium,58:16,3:51,4:51:53,5:01,3:57:13,9:56:13
607,1109,Tommy Smith,M30-34,135,Open,Australia,1:04:41,3:45,5:10:29,4:32,3:32:52,9:56:18
608,555,Pere Bifet Vergé,M35-39,136,Open,Spain,1:01:41,5:11,4:54:45,4:12,3:50:31,9:56:19
609,2398,Markus Kriege,M55-59,6,Open,Germany,59:58,3:19,5:26:12,5:39,3:21:16,9:56:24
610,1210,Sascha Harbecke,M40-44,106,Open,Germany,57:50,3:45,5:09:14,6:20,3:39:22,9:56:32
611,1780,Blake White,M45-49,54,Open,Australia,56:49,3:21,5:08:04,4:53,3:43:37,9:56:44
612,2559,Bob Mcrae,M55-59,7,Open,United States,1:08:28,4:32,4:59:28,4:50,3:39:26,9:56:44
613,936,Romain Capdeville,M30-34,136,Open,France,56:31,5:56,5:11:34,5:55,3:36:51,9:56:46
614,1132,Gabriel Prolik Schuchovski,M30-34,137,Open,Brazil,59:06,3:34,5:11:01,2:53,3:40:14,9:56:48
615,220,Andrew Burke,M25-29,61,Open,Australia,1:04:51,6:51,5:01:37,6:54,3:36:41,9:56:52
616,494,Thibault Bultheel,M35-39,137,Open,Belgium,1:07:16,6:19,4:59:46,8:00,3:35:35,9:56:55
617,1172,Jeff Scarella,M40-44,107,Open,United States,1:01:47,4:35,4:53:45,4:13,3:52:41,9:57:01
618,1691,Tom D'Hoossche,M45-49,55,Open,Belgium,1:10:49,5:16,5:09:58,4:40,3:26:21,9:57:04
619,286,Adriaan Keurhorst,M25-29,62,Open,Netherlands,1:01:58,5:16,4:40:04,3:12,4:06:36,9:57:05
620,969,Pietro Schiaffino,M30-34,138,Open,Italy,59:06,3:58,5:13:28,4:11,3:36:24,9:57:06
621,1059,Fabian Permentier,M30-34,139,Open,Belgium,1:15:13,4:48,5:13:32,4:13,3:19:22,9:57:08
622,1649,Frank Van Roekel,M45-49,56,Open,Netherlands,1:02:07,4:58,5:02:36,5:00,3:42:28,9:57:10
623,1584,Bertrand Le Mancq,M45-49,57,Open,France,1:01:03,4:04,5:20:36,4:06,3:27:27,9:57:17
624,949,Emile Manni,M30-34,140,Open,Netherlands,55:45,8:02,4:49:44,4:48,3:59:02,9:57:19
625,935,Julien Limballe,M30-34,141,Open,France,1:01:25,5:28,5:11:36,4:47,3:34:11,9:57:26
626,371,Sebastian Häge,M35-39,138,Open,Germany,1:20:25,6:15,5:04:48,4:35,3:21:32,9:57:33
627,2642,Eric Harr,M55-59,8,Open,United States,1:01:44,5:32,5:01:09,3:46,3:45:36,9:57:47
628,305,Alberto Marqueta Izquierdo,M25-29,63,Open,Spain,59:06,3:04,5:07:19,3:39,3:44:42,9:57:49
629,1607,Andrew Keegan,M45-49,58,Open,Jamaica,52:24,4:24,4:59:33,5:58,3:55:31,9:57:51
630,1203,Ignacio Vilas Eguileta,M40-44,108,Open,Spain,1:10:55,4:11,5:13:47,3:39,3:25:20,9:57:52
631,1011,Julien Leroux,M30-34,142,Open,France,1:09:41,3:43,5:07:31,3:55,3:33:02,9:57:53
632,1622,Domen Denša,M45-49,59,Open,Slovenia,1:00:39,6:14,5:14:56,8:17,3:27:47,9:57:53
633,436,Harry Pickering,M35-39,139,Open,United Kingdom,1:12:23,5:08,5:20:39,4:31,3:15:14,9:57:55
634,1024,Xavier Dezamy,M30-34,143,Open,France,1:07:44,4:47,5:11:47,4:27,3:29:10,9:57:57
635,2598,Anthony Philippe,M55-59,9,Open,France,1:06:24,5:14,5:09:40,4:15,3:32:27,9:58:00
636,131,Roman Hopp,M18-24,40,Open,Germany,1:19:48,4:21,5:02:26,3:18,3:28:08,9:58:02
637,2298,Salvador Alarcon Alacia,M50-54,33,Open,Spain,1:05:29,5:14,5:16:08,4:52,3:26:20,9:58:04
638,2219,Roman Prochazka,M50-54,34,Open,Czechia,1:06:31,5:06,4:57:44,4:26,3:44:19,9:58:05
639,1251,Dan Anderson,M40-44,109,Open,United States,1:00:21,4:22,5:13:00,4:14,3:36:08,9:58:05
640,2203,Lucas Antonetti,M50-54,35,Open,Argentina,1:01:25,4:00,5:19:01,4:04,3:29:38,9:58:09
641,2205,Mathias Pfähler,M50-54,36,Open,Germany,1:20:22,4:26,5:05:19,5:33,3:22:33,9:58:12
642,182,Kaiden Lieto,M18-24,41,Open,United States,52:17,4:00,4:48:47,5:47,4:07:24,9:58:15
643,521,Lukasz Jeglinski,M35-39,140,Open,Poland,1:01:21,4:37,5:09:54,4:04,3:38:24,9:58:19
644,463,Benjamin Vincent,M35-39,141,Open,United Kingdom,1:01:12,6:10,5:03:24,5:10,3:42:38,9:58:33
645,426,James Wilkinson,M35-39,142,Open,United Kingdom,1:13:46,7:29,5:07:30,7:05,3:22:49,9:58:39
646,1013,Lucas Caron,M30-34,144,Open,United States,1:02:46,5:03,4:53:55,4:47,3:52:08,9:58:39
647,1784,Boris Hanser,M45-49,60,Open,France,1:09:07,3:59,5:12:58,5:19,3:27:17,9:58:40
648,1239,Juan Coll Cuello,M40-44,110,Open,Spain,1:02:46,4:26,5:09:51,6:01,3:35:39,9:58:43
649,1250,Matt Dine,M40-44,111,Open,United Kingdom,1:17:04,7:58,5:15:25,7:12,3:11:08,9:58:47
650,1235,Chris Johnston,M40-44,112,Open,New Zealand,1:02:40,3:56,5:21:42,3:22,3:27:13,9:58:52
651,267,Hamish Lewis,M25-29,64,Open,Australia,59:11,3:23,5:00:43,4:14,3:51:26,9:58:57
652,1295,Andreas Tischler,M40-44,113,Open,Austria,1:09:19,6:21,5:09:44,5:12,3:28:22,9:58:57
653,1073,Liam Ryan,M30-34,145,Open,Australia,49:22,6:12,5:11:23,3:31,3:48:32,9:59:02
654,1237,Benoit Myaux,M40-44,114,Open,Belgium,57:32,5:48,5:12:10,5:34,3:38:01,9:59:04
655,1194,Ricardo Menendez,M40-44,115,Open,Guatemala,1:00:34,5:46,5:10:02,5:25,3:37:20,9:59:07
656,1530,Sebastian Blecke,M45-49,61,Open,Germany,1:02:10,5:00,5:00:07,4:04,3:47:57,9:59:18
657,2594,Doug Covington,M55-59,10,Open,United States,1:12:11,6:32,5:18:35,5:09,3:16:55,9:59:21
658,968,Marc Kourie,M30-34,146,Open,South Africa,1:07:59,4:29,5:00:28,4:09,3:42:39,9:59:44
659,1366,Nicholas Modrzejewski,M40-44,116,Open,United States,1:01:15,4:59,5:16:52,5:07,3:31:38,9:59:51
660,340,Eric Hemmer,M35-39,143,Open,Belgium,53:39,3:25,5:04:16,3:35,3:55:06,10:00:01
661,1190,Miklos Vatai,M40-44,117,Open,Hungary,1:00:33,4:51,5:00:39,5:40,3:48:19,10:00:03
662,397,Rhys Owen,M35-39,144,Open,United Kingdom,1:05:14,7:16,5:08:35,5:07,3:34:00,10:00:13
663,1286,Dariusz Walkowiak,M40-44,118,Open,Poland,1:00:29,6:57,4:55:55,4:34,3:52:19,10:00:14
664,1858,Travis Thompson,M45-49,62,Open,United States,1:07:27,5:04,5:15:34,4:18,3:28:00,10:00:23
665,1288,Tom Hellemans,M40-44,119,Open,Belgium,1:03:41,4:30,5:17:58,5:54,3:28:28,10:00:30
666,2021,Thomas Fritsch,M50-54,37,Open,Germany,1:12:44,4:05,5:00:22,3:21,3:40:40,10:01:13
667,1084,Thomas Gueudre,M30-34,147,Open,France,1:03:11,7:29,5:03:04,8:59,3:38:30,10:01:13
668,208,Ruben De Ruiter,M25-29,65,Open,Netherlands,57:24,3:44,5:03:32,4:33,3:52:01,10:01:14
669,1567,Jerome Nolette,M45-49,63,Open,Canada,1:13:02,5:21,5:19:58,6:05,3:16:48,10:01:14
670,1447,Ben Walker,M40-44,120,Open,Australia,59:33,5:45,5:05:14,5:01,3:45:52,10:01:25
671,1830,Ezequiel Benvenuto,M45-49,64,Open,Argentina,59:00,2:30,5:24:46,2:47,3:32:32,10:01:34
672,1189,Joakim Lagmyr,M40-44,121,Open,Sweden,1:12:41,7:00,4:56:07,6:00,3:39:58,10:01:46
673,1629,Cesar Borges Alvarez,M45-49,65,Open,Spain,1:07:31,4:10,5:25:55,6:07,3:18:03,10:01:47
674,368,Brent Ellabarger,M35-39,145,Open,United States,59:53,5:28,5:11:01,5:00,3:40:28,10:01:51
675,1664,Rodrigo Loiola,M45-49,66,Open,Brazil,1:09:32,3:30,5:04:21,3:59,3:40:29,10:01:51
676,1029,Fredy Acevedo,M30-34,148,Open,Chile,1:03:06,4:41,4:59:55,5:21,3:48:51,10:01:54
677,238,Terumasa Matsuda,M25-29,66,Open,Japan,1:04:47,3:52,5:09:36,5:25,3:38:19,10:01:59
678,1643,Kristian Karacic,M45-49,67,Open,Germany,1:01:34,6:29,5:07:58,4:23,3:41:45,10:02:10
679,1193,Simon Schober,M40-44,122,Open,Germany,1:18:55,4:01,4:58:54,3:01,3:37:25,10:02:16
680,388,Ramsey Sybel,M35-39,146,Open,United States,1:08:14,5:39,4:46:48,4:40,3:56:56,10:02:18
681,259,Connor Scott,M25-29,67,Open,Australia,52:06,5:24,5:04:53,3:50,3:56:10,10:02:24
682,547,Sebastian Fröhlich,M35-39,147,Open,Germany,1:02:25,4:55,5:17:19,3:57,3:33:54,10:02:30
683,2474,Sean Lewis,M55-59,11,Open,United States,1:07:15,5:42,4:57:09,5:34,3:46:56,10:02:36
684,498,William Brunt,M35-39,148,Open,United Kingdom,1:03:44,4:33,5:07:04,4:28,3:42:50,10:02:39
685,1773,Andrew Holland,M45-49,68,Open,United States,55:39,5:51,5:24:46,6:15,3:30:11,10:02:41
686,405,Gerardo Delvillar,M35-39,149,Open,Mexico,1:07:32,4:38,5:00:11,3:42,3:46:42,10:02:45
687,965,Stephen Lewtas,M30-34,149,Open,Canada,1:04:27,5:15,5:09:23,7:03,3:36:50,10:02:58
688,1135,Victor Augusto Gibertoni,M30-34,150,Open,Brazil,1:02:48,4:27,5:05:38,3:07,3:47:04,10:03:05
689,2260,Ivan Albano,M50-54,38,Open,Brazil,1:06:01,4:11,5:01:28,5:42,3:45:45,10:03:07
690,1200,Ivan Zhukov,M40-44,123,Open,Kazakhstan,1:03:49,4:02,5:14:14,5:05,3:35:58,10:03:07
691,444,Mike Consolini,M35-39,150,Open,United States,1:12:32,5:16,5:00:43,3:46,3:40:52,10:03:10
692,283,James Grauel,M25-29,68,Open,United States,59:57,4:51,4:58:17,4:32,3:55:33,10:03:10
693,276,Christian Bosa,M25-29,69,Open,Canada,1:04:16,6:08,4:55:21,6:05,3:51:27,10:03:17
694,1430,Alexander Bogdanov,M40-44,124,Open,Spain,1:04:43,3:35,5:16:30,3:28,3:35:01,10:03:17
695,1254,Jeroen Van Der Horst,M40-44,125,Open,Netherlands,1:06:54,5:49,5:09:43,4:15,3:36:44,10:03:24
696,569,John Holley,M35-39,151,Open,Jamaica,1:03:25,6:05,5:05:05,4:54,3:43:56,10:03:25
697,2312,Mathew Elliston,M50-54,39,Open,United Kingdom,1:12:39,6:27,4:59:46,4:38,3:39:57,10:03:27
698,453,Michal Bal,M35-39,152,Open,United States,1:05:27,5:57,5:07:02,5:20,3:39:56,10:03:41
699,1305,Kevin Shaw,M40-44,126,Open,United States,1:06:18,4:06,5:13:30,4:14,3:35:35,10:03:44
700,1716,Brent Mckinnon,M45-49,69,Open,Australia,51:44,3:56,5:07:38,5:16,3:55:29,10:04:04
701,527,Michael Dressler,M35-39,153,Open,Germany,1:05:35,7:00,5:05:50,4:54,3:40:49,10:04:07
702,1987,Robert Pirnbacher,M50-54,40,Open,Austria,1:08:15,5:35,5:03:34,6:08,3:40:37,10:04:09
703,306,Joel Edholm,M25-29,70,Open,Sweden,1:07:42,5:08,5:06:21,3:26,3:41:35,10:04:12
704,1736,Brodie Madgwick,M45-49,70,Open,New Zealand,56:46,4:09,5:10:00,4:27,3:48:53,10:04:16
705,1261,Graeme Buscke,M40-44,127,Open,New Zealand,1:04:57,3:55,5:20:32,3:42,3:31:19,10:04:24
706,329,Aaron Ashdown,M35-39,154,Open,Australia,56:32,4:45,5:14:42,4:40,3:44:02,10:04:42
707,2090,Arek Podziewski,M50-54,41,Open,Poland,1:08:06,4:35,4:46:32,4:47,4:00:43,10:04:43
708,1101,Joao Moraes,M30-34,151,Open,Brazil,59:16,4:39,4:54:28,3:36,4:02:44,10:04:43
709,2060,Gilberto Dos Santos Marcos,M50-54,42,Open,Brazil,1:02:30,5:53,5:35:46,4:41,3:15:55,10:04:46
710,2271,Paulo Martins,M50-54,43,Open,Portugal,1:12:52,6:33,4:58:25,7:03,3:39:55,10:04:49
711,134,Timur Couture,M18-24,42,Open,United States,57:26,3:48,5:02:18,4:43,3:56:35,10:04:50
712,481,Tristan Flages,M35-39,155,Open,France,1:01:00,5:01,5:13:21,4:04,3:41:29,10:04:55
713,1391,Jeremie Runel,M40-44,128,Open,France,1:10:21,5:26,5:24:08,3:41,3:21:40,10:05:15
714,1450,Luigi Tedesco,M40-44,129,Open,Italy,1:07:43,4:08,5:15:40,4:14,3:33:51,10:05:35
715,1564,Valery Fabre,M45-49,71,Open,France,1:20:16,4:21,5:01:35,4:25,3:35:00,10:05:37
716,947,Leandro Laino,M30-34,152,Open,Argentina,1:04:19,3:57,5:16:49,3:40,3:36:55,10:05:39
717,361,Kevin Kiser,M35-39,156,Open,United States,1:10:55,3:43,4:55:51,4:06,3:51:33,10:06:07
718,1414,Oliver Ozsvari,M40-44,130,Open,Hungary,1:12:58,5:20,5:13:51,6:02,3:27:56,10:06:08
719,1633,Domenico Finocchiaro,M45-49,72,Open,Switzerland,1:07:25,6:19,5:21:59,7:22,3:23:10,10:06:16
720,1267,Ruben Farre,M40-44,131,Open,Spain,1:10:03,5:28,5:09:00,3:40,3:38:09,10:06:20
721,1315,Yasutaka Hiraki,M40-44,132,Open,Japan,55:48,5:31,5:06:58,4:28,3:53:45,10:06:30
722,1777,Sergio Dacuña López,M45-49,73,Open,Spain,1:06:59,5:46,5:13:41,4:43,3:35:22,10:06:32
723,2117,Bevan Nicholson,M50-54,44,Open,Australia,1:06:31,5:33,5:11:39,5:09,3:37:57,10:06:49
724,1265,Sébastien Delannoy,M40-44,133,Open,Belgium,1:17:08,4:35,5:08:13,4:46,3:32:09,10:06:52
725,1478,Aleksas Vaitkunas,M40-44,134,Open,Brazil,1:00:31,6:16,5:24:02,4:31,3:31:35,10:06:56
726,1226,Darwin Galviz,M40-44,135,Open,Venezuela,1:14:09,3:25,5:06:30,5:40,3:37:18,10:07:02
727,948,Matthias Sprenger,M30-34,153,Open,Switzerland,59:20,4:42,5:01:56,5:53,3:55:22,10:07:13
728,1439,Victor Ryman,M40-44,136,Open,Sweden,1:15:31,4:55,5:01:36,4:30,3:40:42,10:07:13
729,2634,Tom Russell,M55-59,12,Open,United States,57:38,5:30,5:09:17,4:35,3:50:18,10:07:18
730,2608,Simo Juvaste,M55-59,13,Open,Finland,1:11:22,5:10,5:12:11,3:26,3:35:10,10:07:18
731,1262,Jordan Nichols,M40-44,137,Open,United States,57:55,4:33,5:04:47,3:39,3:56:36,10:07:29
732,1968,Aitzol Arregi,M50-54,45,Open,Spain,1:12:45,5:20,5:02:36,5:47,3:41:07,10:07:36
733,1418,Florian Baetke,M40-44,138,Open,Germany,59:42,4:30,5:17:03,4:45,3:41:52,10:07:53
734,2036,Fernando Barahona De Andres,M50-54,46,Open,Spain,1:08:43,5:09,5:21:20,5:30,3:27:14,10:07:56
735,1555,Emmanuel Bruyneel,M45-49,74,Open,Belgium,1:15:11,5:35,4:57:18,6:41,3:43:17,10:08:02
736,1471,Mateus Van Der Hulst,M40-44,139,Open,Brazil,1:01:53,5:10,5:02:47,5:48,3:52:31,10:08:08
737,1572,Daniel Stubleski,M45-49,75,Open,United States,1:07:51,4:10,5:03:24,4:29,3:48:15,10:08:08
738,1348,Paolo Douillet,M40-44,140,Open,France,1:19:08,5:47,5:10:27,3:24,3:29:29,10:08:13
739,225,Pawel Chamera,M25-29,71,Open,Poland,1:08:14,5:06,5:21:03,4:10,3:29:44,10:08:17
740,344,Martin Tresca,M35-39,157,Open,Portugal,1:10:43,4:20,5:11:07,7:27,3:34:43,10:08:21
741,1724,Ricard Balagué Cava,M45-49,76,Open,Spain,1:01:48,4:07,5:06:32,4:19,3:51:36,10:08:21
742,1047,Maximus Allansen,M30-34,154,Open,Australia,1:11:55,5:42,5:14:32,3:09,3:33:14,10:08:32
743,1546,Juan Serrano Navarro,M45-49,77,Open,Spain,1:04:24,5:19,5:09:11,4:43,3:44:56,10:08:34
744,1642,Oscar Sanchez Gallego,M45-49,78,Open,Spain,1:07:56,4:39,5:15:48,5:40,3:34:34,10:08:38
745,2035,Federico Schneeberger,M50-54,47,Open,Argentina,1:02:51,4:16,5:08:19,5:28,3:47:51,10:08:45
746,1653,Francois Guiho,M45-49,79,Open,France,1:01:02,7:51,5:17:06,6:45,3:36:03,10:08:46
747,1358,David Jouy,M40-44,141,Open,France,1:07:24,5:00,5:24:00,5:26,3:27:13,10:09:03
748,184,Pierre Martig,M18-24,43,Open,Germany,57:58,4:14,4:58:27,6:51,4:01:34,10:09:04
749,2207,Steffen Schlecht,M50-54,48,Open,Germany,1:12:52,5:38,4:57:47,4:08,3:48:40,10:09:05
750,1082,Jannick Niessner,M30-34,155,Open,Germany,1:08:33,3:33,5:15:29,3:23,3:38:14,10:09:12
751,1201,Matt Sloan,M40-44,142,Open,Australia,1:04:51,4:55,5:08:41,3:28,3:47:27,10:09:22
752,2591,Brett Dunstan,M55-59,14,Open,Australia,1:11:38,3:34,5:11:15,4:23,3:38:43,10:09:34
753,509,Lee Thomas,M35-39,158,Open,United Kingdom,56:46,5:23,4:56:16,4:15,4:06:56,10:09:36
754,292,Mitchell Child,M25-29,72,Open,United States,57:34,4:11,5:06:03,4:09,3:57:46,10:09:44
755,1416,Ben Exley,M40-44,143,Open,Australia,1:02:45,4:59,4:49:16,4:58,4:07:47,10:09:45
756,2176,Thierry Guertin,M50-54,49,Open,Canada,1:05:43,4:14,4:48:17,5:42,4:05:51,10:09:47
757,355,Andres Sandoval,M35-39,159,Open,Ecuador,1:10:30,5:10,5:17:21,6:50,3:29:57,10:09:49
758,1462,Dylan Gleeson,M40-44,144,Open,Canada,59:50,3:52,4:43:45,3:49,4:18:53,10:10:09
759,1313,Anan Duangsopa,M40-44,145,Open,Thailand,1:10:24,6:31,5:06:14,4:13,3:42:55,10:10:17
760,1171,George Gray,M40-44,146,Open,United Kingdom,1:00:41,5:43,5:08:47,4:56,3:50:22,10:10:29
761,205,Leo Hubert,M25-29,73,Open,France,1:04:06,4:59,4:57:50,4:03,3:59:33,10:10:30
762,1152,Jacob Engström,M30-34,156,Open,Sweden,1:13:18,6:59,5:13:29,4:31,3:32:21,10:10:39
763,1468,Maxime Carillo,M40-44,147,Open,France,1:04:00,5:46,5:22:34,6:01,3:32:21,10:10:41
764,752,Barry Edwards,M60-64,2,Open,United States,1:03:12,7:16,5:18:26,6:03,3:35:54,10:10:50
765,1232,Ian Farrell,M40-44,148,Open,Ireland,1:14:08,5:06,4:57:40,5:11,3:48:47,10:10:53
766,2496,Alexander Lang,M55-59,15,Open,Germany,1:04:57,3:42,5:11:41,4:13,3:46:20,10:10:54
767,1399,Roger Menta,M40-44,149,Open,Canada,1:06:15,5:41,5:06:03,5:00,3:48:08,10:11:07
768,2191,Yann Stephan,M50-54,50,Open,France,1:36:44,4:20,4:55:26,5:56,3:28:45,10:11:11
769,2280,Alexander Mackert,M50-54,51,Open,Germany,1:06:55,4:39,5:13:42,3:39,3:42:17,10:11:12
770,1827,Gabriel Callies,M45-49,80,Open,France,1:08:08,5:42,5:03:26,6:45,3:47:14,10:11:15
771,2118,Hans Gallmeier,M50-54,52,Open,Germany,1:16:31,4:43,5:18:51,5:14,3:25:58,10:11:17
772,1748,Przemyslaw Szuder,M45-49,81,Open,Poland,1:04:12,3:29,5:05:58,6:35,3:51:10,10:11:24
773,1415,Johan Nyberg,M40-44,150,Open,Sweden,1:04:57,5:53,5:24:48,7:21,3:28:32,10:11:31
774,1275,Lukasz Szalkowski,M40-44,151,Open,Poland,1:07:17,5:19,5:16:33,4:35,3:37:48,10:11:32
775,308,Abel Buurma,M25-29,74,Open,Switzerland,1:02:01,4:17,5:09:29,4:50,3:50:57,10:11:33
776,1628,Sylvain Chanséaume,M45-49,82,Open,France,1:04:43,6:51,5:07:53,4:40,3:47:31,10:11:39
777,1621,Ed Donner,M45-49,83,Open,United States,59:35,5:36,5:06:07,5:02,3:55:22,10:11:42
778,1650,Kieron Paterson,M45-49,84,Open,Australia,1:07:45,4:45,5:17:56,3:42,3:37:44,10:11:52
779,1796,Antonio Ferreira Da Silva Neto,M45-49,85,Open,United States,55:40,3:27,5:14:47,14:09,3:44:03,10:12:06
780,1257,Daniel Royce,M40-44,152,Open,United States,57:48,6:34,4:55:40,6:00,4:06:05,10:12:07
781,762,Albert Boyce,M60-64,3,Open,United States,56:51,3:01,5:19:35,5:04,3:47:39,10:12:10
782,1256,Ignacio De La Iglesia Palacios,M40-44,153,Open,Spain,1:06:29,11:43,5:02:00,5:40,3:46:22,10:12:14
783,1651,Matteo Sclosa,M45-49,86,Open,Italy,1:11:14,5:45,5:12:56,5:02,3:37:36,10:12:33
784,248,Jan Oechler,M25-29,75,Open,Germany,1:11:39,5:52,5:01:39,7:20,3:46:06,10:12:36
785,1809,Nick Auditore,M45-49,87,Open,Australia,59:33,4:54,5:04:35,4:36,3:58:59,10:12:36
786,1706,Mathias Burgstaller,M45-49,88,Open,Germany,1:05:40,5:04,5:13:06,2:51,3:45:56,10:12:37
787,1273,Brandon Lee,M40-44,154,Open,United States,1:11:58,4:58,4:57:20,5:11,3:53:18,10:12:45
788,1364,Nicolas Gerbaux,M40-44,155,Open,France,1:01:11,4:25,5:19:37,6:34,3:41:00,10:12:46
789,381,Malcolm Swney,M35-39,160,Open,New Zealand,1:07:20,5:19,5:31:56,4:29,3:23:45,10:12:49
790,1885,Luk Tijsmans,M50-54,53,Open,Belgium,1:05:03,6:20,5:20:15,7:41,3:33:45,10:13:05
791,239,Jonas Adam,M25-29,76,Open,Germany,1:19:24,6:10,4:54:18,7:21,3:45:53,10:13:06
792,963,Philip Pasch,M30-34,157,Open,Germany,1:07:56,3:26,5:14:58,3:36,3:43:19,10:13:16
793,2222,Bernardo Liguori,M50-54,54,Open,Argentina,1:10:47,5:23,5:13:13,6:02,3:37:52,10:13:18
794,1669,Guido Kwakkel,M45-49,89,Open,Netherlands,1:00:20,5:16,5:11:37,5:53,3:50:18,10:13:24
795,1593,Giovanni Carriere,M45-49,90,Open,Italy,1:10:46,4:46,5:08:13,4:00,3:45:41,10:13:25
796,550,Lishan Sharples,M35-39,161,Open,Canada,1:12:39,5:28,5:14:16,5:12,3:35:52,10:13:27
797,1198,Olivier Cornelis,M40-44,156,Open,Belgium,1:04:50,4:41,5:12:35,4:37,3:46:51,10:13:34
798,1012,Joeri Deleener,M30-34,158,Open,Belgium,1:18:40,5:10,5:23:03,3:45,3:23:02,10:13:40
799,440,Adam Sarumi,M35-39,162,Open,Canada,1:10:53,5:30,5:13:29,5:15,3:38:34,10:13:41
800,2022,Jean-Yves Delarge,M50-54,55,Open,Belgium,1:06:24,6:00,5:15:15,6:57,3:39:14,10:13:51
801,406,John Bardenheier,M35-39,163,Open,Germany,1:07:27,5:40,4:58:07,5:46,3:56:54,10:13:54
802,738,Anton Smit,M60-64,4,Open,Netherlands,1:13:27,5:44,5:10:52,5:22,3:38:42,10:14:06
803,2597,Paul Thomas,M55-59,16,Open,United Kingdom,1:05:02,4:57,5:27:36,4:54,3:31:43,10:14:12
804,333,Filippo Capitani,M35-39,164,Open,Italy,1:04:39,4:17,5:13:40,2:51,3:48:46,10:14:14
805,546,Robert Budaj,M35-39,165,Open,Slovakia,1:07:19,5:15,4:44:24,4:59,4:12:19,10:14:16
806,1732,Sebastian Schreiber,M45-49,91,Open,Germany,1:13:35,5:21,5:09:00,3:53,3:42:29,10:14:17
807,274,Daniel Ratner,M25-29,77,Open,United States,1:09:16,5:02,5:17:04,6:21,3:36:39,10:14:21
808,1768,Ardjan Swerink,M45-49,92,Open,Netherlands,1:09:53,5:08,5:10:56,5:47,3:42:46,10:14:30
809,2108,Alexander Gröbli,M50-54,56,Open,Switzerland,1:11:15,5:05,4:56:24,5:21,3:56:28,10:14:32
810,146,Christian Adamsen,M18-24,44,Open,Denmark,1:02:07,5:01,4:55:43,5:54,4:05:48,10:14:33
811,1788,Guy Crichton,M45-49,93,Open,South Africa,59:01,4:09,5:07:15,4:16,3:59:58,10:14:39
812,1287,Hugh Pascoe,M40-44,157,Open,United Kingdom,1:07:51,6:09,5:09:35,3:23,3:47:45,10:14:43
813,1813,Eduardo De Carvalho Amantini,M45-49,94,Open,Brazil,1:01:49,5:43,5:09:40,5:43,3:51:58,10:14:52
814,1328,Nemenoff Matan,M40-44,158,Open,Israel,55:17,3:27,5:20:46,5:15,3:50:14,10:14:59
815,1787,Ronald Hotter,M45-49,95,Open,Austria,58:28,4:32,5:23:35,4:09,3:44:17,10:15:01
816,1240,Fabian Mottl,M40-44,159,Open,Germany,1:09:04,6:22,4:59:56,5:05,3:54:38,10:15:05
817,2229,Ed Buckley,M50-54,57,Open,United Kingdom,59:54,4:55,5:18:58,5:12,3:46:10,10:15:10
818,234,Marc Relat Ventura,M25-29,78,Open,Spain,1:01:48,4:11,4:50:53,2:44,4:15:40,10:15:17
819,339,Claudio Di Pietro,M35-39,166,Open,Italy,1:17:37,4:32,5:12:17,6:24,3:34:34,10:15:24
820,2126,Adrien Boullier,M50-54,58,Open,France,1:07:19,3:51,5:30:49,6:55,3:26:33,10:15:28
821,563,Michael Frantzeskou,M35-39,167,Open,South Africa,1:10:11,4:40,5:16:24,4:29,3:39:45,10:15:28
822,1486,John Richardson,M40-44,160,Open,United States,57:19,6:20,5:13:51,7:24,3:50:38,10:15:32
823,456,Kevin Stumpf,M35-39,168,Open,Germany,1:04:19,6:53,4:45:55,6:21,4:12:05,10:15:32
824,1363,Richard Callow,M40-44,161,Open,Isle of Man,1:17:07,6:15,5:00:43,6:18,3:45:17,10:15:40
825,151,Tim Seitz,M18-24,45,Open,Germany,1:05:25,4:51,5:22:51,7:50,3:34:53,10:15:50
826,1330,Antoine Caron,M40-44,162,Open,France,1:13:10,5:01,5:14:51,4:59,3:37:51,10:15:52
827,1243,Andreas Lunden,M40-44,163,Open,Estonia,1:05:58,4:01,5:14:56,4:23,3:46:39,10:15:57
828,395,Markus Becker,M35-39,169,Open,Germany,54:44,3:51,4:57:12,4:13,4:16:10,10:16:08
829,1793,Martin Hanisch,M45-49,96,Open,Austria,1:12:04,4:13,5:16:40,4:50,3:38:21,10:16:09
830,564,Mitchel Jankowski,M35-39,170,Open,United States,1:09:42,4:55,5:18:01,5:53,3:37:48,10:16:19
831,2028,Peter Jönsson,M50-54,59,Open,Sweden,1:05:17,5:21,4:59:35,5:13,4:00:58,10:16:23
832,1060,Gregor Davidheiser,M30-34,159,Open,United States,1:06:00,4:44,4:48:29,3:40,4:13:36,10:16:29
833,2639,Pablo Durante,M55-59,17,Open,Argentina,1:07:07,5:29,5:24:21,5:09,3:34:27,10:16:34
834,2011,Javier Garcés Blanco,M50-54,60,Open,Spain,1:16:07,6:49,5:14:06,5:12,3:34:23,10:16:37
835,1022,Lucas Maréchet,M30-34,160,Open,France,56:00,4:09,5:25:30,3:32,3:47:26,10:16:37
836,1217,Przemyslaw Olkowski,M40-44,164,Open,Poland,1:10:13,4:37,5:12:19,4:18,3:45:14,10:16:40
837,2024,Pekka Juntunen,M50-54,61,Open,Finland,1:12:58,3:47,5:15:00,5:12,3:39:50,10:16:47
838,1453,Oleksandr Dovzhenko,M40-44,165,Open,Ukraine,1:11:24,3:56,4:50:52,3:56,4:06:43,10:16:50
839,2465,Shinichiro Arai,M55-59,18,Open,Japan,1:05:07,7:47,5:19:21,6:57,3:37:38,10:16:50
840,407,Steffen Graetsch,M35-39,171,Open,Germany,1:07:16,4:57,5:06:57,6:41,3:51:01,10:16:52
841,1616,Bob Maudie,M45-49,97,Open,Canada,1:06:40,4:59,5:11:03,4:38,3:49:34,10:16:54
842,252,Luke Evans,M25-29,79,Open,Canada,52:08,4:09,4:45:27,3:52,4:31:20,10:16:55
843,1814,Will Morris,M45-49,98,Open,United States,1:13:43,5:34,5:22:18,4:20,3:31:08,10:17:03
844,410,Masaki Morikawa,M35-39,172,Open,Japan,1:04:33,5:50,5:21:47,5:50,3:39:09,10:17:10
845,404,Yong Yu,M35-39,173,Open,China,1:21:18,7:13,5:14:35,4:28,3:29:45,10:17:20
846,1563,Daniel Bartsch,M45-49,99,Open,Germany,1:13:28,5:34,5:10:45,4:11,3:43:30,10:17:28
847,507,Edgar Deduchov,M35-39,174,Open,Lithuania,1:08:08,5:01,5:16:08,4:54,3:43:36,10:17:47
848,1429,Matt Schuster,M40-44,166,Open,United States,1:03:47,4:28,5:05:28,5:42,3:58:32,10:17:56
849,1612,Alejandro Piñeiro,M45-49,100,Open,Spain,1:15:17,4:41,5:15:22,4:52,3:37:55,10:18:08
850,2173,Olivier Castres,M50-54,62,Open,France,1:15:55,5:44,5:08:06,4:31,3:43:54,10:18:09
851,2083,Bernhard Spindler,M50-54,63,Open,Austria,1:07:06,4:08,5:14:17,4:50,3:47:51,10:18:12
852,1260,Pablo Herrero Tomas,M40-44,167,Open,Germany,1:03:44,5:57,5:08:34,8:17,3:51:44,10:18:15
853,279,Benjamin Leblanc,M25-29,80,Open,Canada,1:09:47,4:25,5:02:40,3:21,3:58:06,10:18:19
854,1851,Stephen Rowlands,M45-49,101,Open,United Kingdom,1:00:41,4:21,5:12:12,6:14,3:54:56,10:18:24
855,2122,Marco Schleyer,M50-54,64,Open,Germany,1:11:26,5:44,5:10:49,4:51,3:45:35,10:18:26
856,2156,Dieter Hauwaerts,M50-54,65,Open,Belgium,1:09:50,6:31,5:18:03,5:15,3:38:54,10:18:33
857,1539,Jorge Martinez,M45-49,102,Open,United States,1:06:55,6:11,5:18:10,6:23,3:41:07,10:18:45
858,676,Menno Iedema,M60-64,5,Open,Netherlands,59:10,4:16,5:21:59,5:37,3:47:47,10:18:49
859,1524,Reinhard Winter,M45-49,103,Open,Austria,1:07:35,3:55,5:14:31,4:11,3:48:40,10:18:52
860,953,René Rothenbücher,M30-34,161,Open,Germany,59:44,6:14,5:05:17,5:50,4:01:54,10:18:58
861,1527,Gabor Lengyel,M45-49,104,Open,Germany,1:06:54,6:34,5:12:04,6:18,3:47:09,10:18:59
862,551,Thibaut Franceschi,M35-39,175,Open,France,1:14:52,5:08,5:10:32,4:17,3:44:37,10:19:26
863,1812,Leonardo Corio,M45-49,105,Open,Brazil,1:03:40,5:32,5:10:50,4:55,3:54:50,10:19:47
864,502,Sven Weidner,M35-39,176,Open,Germany,1:13:07,6:56,5:05:54,7:04,3:46:50,10:19:50
865,1690,Rafa Ibañez Cercos,M45-49,106,Open,Spain,1:10:25,5:37,5:10:05,4:51,3:48:58,10:19:56
866,1532,Sotirios Dedes,M45-49,107,Open,Greece,1:12:15,3:30,5:00:48,4:50,3:58:48,10:20:11
867,2105,Carlos Molera Busoms,M50-54,66,Open,Spain,1:05:21,5:11,5:26:35,4:58,3:38:07,10:20:12
868,2263,Damien Leonardi,M50-54,67,Open,France,53:08,5:30,5:14:27,4:54,4:02:12,10:20:12
869,2065,Neil Collins,M50-54,68,Open,United Kingdom,1:03:07,6:11,5:17:04,4:27,3:49:27,10:20:16
870,338,Florian Deibl,M35-39,177,Open,Germany,1:05:34,7:57,5:07:21,7:19,3:52:07,10:20:18
871,1727,Artur Zawadzki,M45-49,108,Open,Poland,1:09:03,4:16,4:56:20,6:33,4:04:21,10:20:34
872,1374,Paul Linton,M40-44,168,Open,Australia,59:35,4:18,5:10:30,4:31,4:01:41,10:20:35
873,1445,Wouter Visch,M40-44,169,Open,Netherlands,1:12:38,3:32,5:22:36,4:44,3:37:30,10:21:00
874,1713,Jose Ricardo Ruela Rodrigues,M45-49,109,Open,Brazil,1:07:43,3:57,5:18:44,5:39,3:45:06,10:21:10
875,301,Oliver Hobson,M25-29,81,Open,United Kingdom,54:26,4:03,4:55:30,5:32,4:21:40,10:21:11
876,1077,Pascal Boll,M30-34,162,Open,Switzerland,1:11:33,3:30,5:08:57,5:11,3:52:16,10:21:26
877,2304,Radek Zacal,M50-54,69,Open,Czechia,55:05,6:26,5:35:22,6:01,3:38:46,10:21:40
878,1174,Ryan Lalonde,M40-44,170,Open,Canada,1:07:47,3:31,5:19:55,3:55,3:46:36,10:21:44
879,1389,Mick Curran,M40-44,171,Open,Australia,1:10:29,5:39,4:45:57,4:51,4:14:51,10:21:46
880,1049,Michal Wlazlak,M30-34,163,Open,Poland,1:12:32,4:03,4:55:45,3:02,4:06:37,10:22:00
881,222,Jack-David Bechthold,M25-29,82,Open,France,1:22:41,7:42,5:20:04,4:25,3:27:13,10:22:04
882,1682,Adriano Godoi,M45-49,110,Open,Brazil,1:23:03,6:12,5:19:54,5:24,3:27:36,10:22:10
883,1476,Martin Gabler,M40-44,172,Open,Germany,1:05:43,5:13,5:08:47,5:26,3:57:05,10:22:15
884,1817,Nathan Heaney,M45-49,111,Open,Australia,55:22,5:23,5:06:44,8:13,4:06:42,10:22:24
885,1637,Nicolas Palmero,M45-49,112,Open,France,1:24:40,12:32,5:01:25,5:05,3:38:59,10:22:42
886,520,Zachary Danowit,M35-39,178,Open,United States,1:05:19,5:03,5:26:41,5:48,3:39:52,10:22:44
887,1244,William Martin,M40-44,173,Open,Brazil,1:13:56,4:06,5:09:26,4:08,3:51:17,10:22:52
888,2192,Mauricio Borges,M50-54,70,Open,Brazil,1:06:28,4:43,5:15:36,6:26,3:49:53,10:23:06
889,464,Eduardo Guerrero-Strachan,M35-39,179,Open,Spain,1:05:05,3:29,5:08:28,4:21,4:01:45,10:23:09
890,2050,Jonas Eriksson,M50-54,71,Open,Sweden,1:05:00,4:07,5:22:00,4:18,3:47:49,10:23:13
891,1385,Tristan Margot,M40-44,174,Open,United States,59:37,4:11,5:07:36,3:01,4:08:51,10:23:16
892,2316,Giacomo Giovenali,M50-54,72,Open,Italy,1:16:05,7:06,5:11:06,5:14,3:43:51,10:23:22
893,1018,Bas De Man,M30-34,164,Open,Netherlands,1:04:52,5:17,5:30:14,5:12,3:37:55,10:23:31
894,194,Michael Mcvea,M25-29,83,Open,United States,1:18:57,6:01,4:53:24,5:16,3:59:54,10:23:33
895,1903,Stig Buch-Sørensen,M50-54,73,Open,Denmark,1:27:56,5:51,5:14:12,6:40,3:29:04,10:23:42
896,2058,Phil Boyd,M50-54,74,Open,United Kingdom,1:04:41,4:38,5:14:58,4:44,3:54:44,10:23:46
897,2169,Eduardo Rueda,M50-54,75,Open,Mexico,1:12:58,7:23,5:22:27,8:17,3:33:03,10:24:07
898,1505,Timo Ronkainen,M45-49,113,Open,Finland,1:15:47,8:29,5:07:20,8:03,3:44:37,10:24:15
899,1781,Derek Sheridan,M45-49,114,Open,Ireland,1:03:40,5:35,5:12:00,7:50,3:55:12,10:24:18
900,1994,Ian Lack,M50-54,76,Open,Australia,1:04:38,3:45,5:29:57,3:53,3:42:09,10:24:22
901,1096,Cooper Rogers,M30-34,165,Open,Australia,53:28,4:30,5:03:33,4:42,4:18:10,10:24:23
902,1843,Yoshihiro Wada,M45-49,115,Open,Japan,1:09:35,6:10,5:25:20,6:25,3:36:57,10:24:26
903,1737,Iñaky Berzal,M45-49,116,Open,Spain,1:01:00,5:07,5:18:00,4:18,3:56:05,10:24:30
904,982,Troy Geltch,M30-34,166,Open,Australia,1:07:05,4:41,4:57:50,3:32,4:11:27,10:24:35
905,2245,Jaime Menendez De Luarca,M50-54,77,Open,Spain,1:01:30,4:09,5:00:11,5:29,4:13:19,10:24:38
906,1746,Gene Thomas,M45-49,117,Open,New Zealand,1:19:33,4:04,5:12:17,3:38,3:45:20,10:24:52
907,2615,Pedro Luiz Cerize,M55-59,19,Open,Brazil,1:06:44,4:30,5:11:45,4:11,3:57:43,10:24:53
908,2081,Laurent Delayre,M50-54,78,Open,France,1:13:13,6:35,5:13:22,4:43,3:47:05,10:24:58
909,1216,Rafal Sawicki,M40-44,175,Open,Poland,1:11:23,4:21,4:57:28,5:08,4:06:41,10:25:02
910,195,Corey Nygaard,M25-29,84,Open,United States,1:02:10,4:11,4:52:08,6:40,4:19:56,10:25:05
911,2127,Michael Hartweg,M50-54,79,Open,Switzerland,1:08:18,5:03,5:25:09,4:24,3:42:31,10:25:25
912,2206,Marc Capobianco,M50-54,80,Open,United States,1:11:09,5:58,5:27:36,4:19,3:36:25,10:25:27
913,1636,Michael Kulac,M45-49,118,Open,Austria,1:06:27,6:12,5:10:00,5:01,3:57:50,10:25:29
914,536,Michael Conroy,M35-39,180,Open,Australia,55:46,5:18,5:12:56,6:03,4:05:34,10:25:36
915,1744,Benjamin Proux,M45-49,119,Open,France,58:23,4:52,5:24:22,6:38,3:51:26,10:25:42
916,1347,Holger Steinhardt,M40-44,176,Open,Germany,1:02:44,6:02,5:12:13,5:02,3:59:44,10:25:44
917,1694,Paolo Giorgio Consolandi,M45-49,120,Open,Italy,1:09:00,9:48,5:22:46,6:15,3:37:57,10:25:46
918,1137,Connor Reynolds,M30-34,167,Open,United States,58:31,3:16,4:54:29,3:54,4:25:44,10:25:53
919,2578,Fredrik Hallsten,M55-59,20,Open,Sweden,1:18:57,3:48,5:21:43,4:19,3:37:13,10:26:00
920,1271,Jan Philipp Eifler,M40-44,177,Open,Germany,1:01:32,7:07,5:05:51,5:55,4:05:39,10:26:04
921,1370,Sebastian Nieberg,M40-44,178,Open,Germany,1:14:02,7:20,5:28:48,6:22,3:29:46,10:26:17
922,2099,Claudio Fabbri,M50-54,81,Open,Monaco,1:01:35,5:13,5:08:40,5:07,4:05:46,10:26:21
923,1449,Patrick Gonschorek,M40-44,179,Open,Germany,1:13:43,4:23,5:19:31,5:15,3:43:31,10:26:23
924,1785,Benjamin Spence,M45-49,121,Open,United States,56:57,5:07,5:27:43,5:30,3:51:09,10:26:25
925,1398,Sergiy Yeroshov,M40-44,180,Open,Ukraine,1:12:43,3:17,5:25:09,4:09,3:41:09,10:26:27
926,2455,Rod Marton,M55-59,21,Open,Australia,1:04:56,3:33,5:19:54,4:19,3:53:50,10:26:31
927,418,Romain Browaeys,M35-39,181,Open,France,1:05:01,4:56,4:56:29,4:28,4:15:37,10:26:32
928,334,Dominic Engelhoven,M35-39,182,Open,Germany,1:16:29,4:04,5:13:39,4:25,3:47:56,10:26:33
929,1460,Christoph Klipp,M40-44,181,Open,Germany,1:00:47,4:51,5:08:45,5:53,4:06:18,10:26:35
930,1997,Massimo Manenti,M50-54,82,Open,Italy,1:03:46,5:06,5:20:52,4:36,3:52:15,10:26:36
931,479,Rene Stockhammer,M35-39,183,Open,Austria,1:03:51,5:08,5:23:52,4:42,3:49:15,10:26:47
932,1419,Craig Marsh,M40-44,182,Open,New Zealand,58:00,5:16,5:14:31,4:34,4:04:32,10:26:53
933,1386,Piotr Lepka,M40-44,183,Open,Poland,1:11:06,4:56,5:19:37,4:51,3:46:36,10:27:06
934,946,Vitali Leikin,M30-34,168,Open,Israel,55:54,2:56,5:25:39,5:23,3:57:14,10:27:06
935,1229,Paul Skipper,M40-44,184,Open,United Kingdom,1:00:04,6:59,5:07:52,5:57,4:06:19,10:27:12
936,384,Igor Nicolau Pinto,M35-39,184,Open,Brazil,1:07:51,5:09,5:20:40,4:50,3:48:49,10:27:20
937,1743,Tim De Cremer,M45-49,122,Open,Belgium,1:01:40,5:05,5:42:47,6:20,3:31:40,10:27:33
938,1249,Dennis Möller,M40-44,185,Open,Germany,59:26,4:11,4:44:53,6:41,4:32:28,10:27:40
939,342,Leigh Deissenroth,M35-39,185,Open,Germany,1:15:50,5:14,5:07:40,4:32,3:54:25,10:27:42
940,1663,Shay Mcleod,M45-49,123,Open,New Zealand,1:12:10,4:17,5:11:27,4:26,3:55:25,10:27:45
941,687,Marco Antonio Fernandez Diez,M60-64,6,Open,Chile,1:14:15,4:51,5:18:53,3:51,3:45:59,10:27:49
942,1646,Gaspar Iván Fernández Mayo,M45-49,124,Open,Spain,1:13:26,6:16,5:13:05,3:43,3:51:24,10:27:54
943,1660,Jiri Pospisil,M45-49,125,Open,Czechia,1:10:22,5:48,5:25:10,6:24,3:40:17,10:28:01
944,1620,Mauricio Vega Farina,M45-49,126,Open,Argentina,59:03,4:29,5:00:17,4:43,4:19:31,10:28:03
945,2012,Achim Borgmann,M50-54,83,Open,Germany,1:11:21,5:57,5:19:58,7:49,3:43:03,10:28:08
946,2039,Todd Giardinelli,M50-54,84,Open,United States,53:55,5:34,5:16:54,5:09,4:06:40,10:28:12
947,266,Or Shpitzen,M25-29,85,Open,Israel,1:03:14,5:13,5:02:31,4:40,4:12:38,10:28:16
948,2249,David Boquet,M50-54,85,Open,France,1:09:55,7:38,5:21:11,5:27,3:44:09,10:28:19
949,1766,Johan Hasselmark,M45-49,127,Open,Sweden,1:19:36,5:19,4:46:05,7:32,4:10:04,10:28:35
950,1581,Dalibor Zrnic,M45-49,128,Open,Switzerland,1:10:34,6:50,5:13:59,4:26,3:52:51,10:28:41
951,1580,Ademar White,M45-49,129,Open,Argentina,1:05:36,4:32,5:30:47,3:21,3:44:30,10:28:47
952,357,Masayuki Fujii,M35-39,186,Open,Japan,1:09:45,4:57,5:25:24,5:14,3:43:29,10:28:49
953,1395,Mathieu Szalamacha,M40-44,186,Open,France,1:00:52,5:17,5:19:07,8:56,3:54:50,10:29:01
954,1680,Joe Calandro,M45-49,130,Open,United States,1:15:36,5:12,5:15:04,6:25,3:46:47,10:29:04
955,187,David Scheffer,M25-29,86,Open,Netherlands,55:42,3:48,4:57:17,8:11,4:24:19,10:29:17
956,1380,Scott Burriss,M40-44,187,Open,Australia,1:07:26,5:49,5:28:03,4:44,3:43:16,10:29:18
957,1632,Dan Bronstein,M45-49,131,Open,Switzerland,1:11:52,3:56,5:26:50,4:02,3:42:45,10:29:25
958,2244,Wojciech Sliwa,M50-54,86,Open,Poland,1:12:57,4:46,5:16:39,4:52,3:50:13,10:29:27
959,193,Felix Janson,M25-29,87,Open,Germany,1:03:34,4:50,5:05:27,4:02,4:11:39,10:29:32
960,1554,Sergi Bermejo Barnils,M45-49,132,Open,Spain,1:01:54,4:28,5:20:47,6:02,3:56:25,10:29:36
961,330,Ryan Carrion,M35-39,187,Open,United States,1:09:10,7:19,4:53:59,10:15,4:08:53,10:29:37
962,391,Altino Machado D'Oliveira Neto,M35-39,188,Open,Brazil,1:02:19,6:15,5:11:06,7:09,4:02:59,10:29:47
963,763,Graham Bruce,M60-64,7,Open,Australia,55:55,4:34,5:34:36,3:27,3:51:17,10:29:49
964,1511,John Dwight,M45-49,133,Open,United States,59:23,6:36,5:21:02,6:56,3:56:12,10:30:09
965,1459,Takamine Hiroki,M40-44,188,Open,Japan,59:24,5:13,5:04:44,6:18,4:14:43,10:30:22
966,2613,Juan Felipe Mondragon,M55-59,22,Open,Colombia,1:06:28,6:02,5:14:57,5:44,3:57:20,10:30:31
967,1671,Mark Huber,M45-49,134,Open,Australia,1:03:57,4:10,5:10:17,4:07,4:08:03,10:30:34
968,2125,Josh Goldner,M50-54,87,Open,Israel,1:07:53,5:26,5:22:09,3:19,3:52:06,10:30:53
969,1659,Jose Belarmino,M45-49,135,Open,Brazil,51:44,4:09,4:44:52,5:31,4:44:45,10:31:00
970,2329,John Schlosser,M50-54,88,Open,United States,1:09:32,4:33,5:14:27,4:26,3:58:05,10:31:03
971,1839,Guillaume Bous,M45-49,136,Open,France,59:43,5:21,5:23:26,4:25,3:58:13,10:31:08
972,1463,Anders Eriksen,M40-44,189,Open,Denmark,1:34:05,6:16,5:26:00,4:00,3:20:52,10:31:12
973,1178,David Healy,M40-44,190,Open,New Zealand,1:06:45,5:25,5:15:42,3:44,3:59:41,10:31:17
974,177,Luis Di Iorio,M18-24,46,Open,Australia,1:00:53,7:30,5:08:40,3:35,4:10:45,10:31:23
975,1501,Samuel De Araujo Silva,M40-44,191,Open,Brazil,1:04:05,3:44,5:28:48,18:56,3:35:59,10:31:32
976,581,Takeshi Ishibashi,M35-39,189,Open,Japan,54:51,3:48,5:27:42,5:54,3:59:17,10:31:32
977,1765,Christophe Gay,M45-49,137,Open,France,1:22:48,5:25,5:28:17,6:04,3:29:06,10:31:39
978,1877,Vojtech Kacena,M45-49,138,Open,Czechia,1:17:04,4:57,5:15:23,4:20,3:50:03,10:31:46
979,2318,Allan Jakobsen,M50-54,89,Open,Denmark,1:01:21,4:56,5:17:49,7:13,4:00:29,10:31:47
980,1739,Francis Boivin,M45-49,139,Open,Canada,1:13:44,5:24,5:23:50,5:14,3:43:41,10:31:52
981,1861,James Farrant,M45-49,140,Open,United Kingdom,1:07:29,5:11,5:04:38,4:20,4:10:29,10:32:07
982,1932,Michael Middleton,M50-54,90,Open,United States,1:04:52,6:12,5:15:50,4:53,4:00:24,10:32:11
983,2499,Stephane Ollier,M55-59,23,Open,France,1:15:59,7:17,5:22:34,6:24,3:40:03,10:32:17
984,2464,Shingo Tani,M55-59,24,Open,Japan,1:10:26,5:28,5:35:15,5:28,3:35:54,10:32:30
985,2154,Kipsan Beck,M50-54,91,Open,Thailand,1:10:21,6:15,5:20:00,5:14,3:50:55,10:32:45
986,1115,Hamish Robertson,M30-34,169,Open,New Zealand,58:55,6:04,5:01:52,8:49,4:17:09,10:32:49
987,1686,Jonathan Carrick,M45-49,141,Open,United Kingdom,1:14:54,7:04,5:16:43,7:48,3:46:32,10:33:02
988,1458,David Almeida,M40-44,192,Open,Brazil,1:09:34,5:25,5:03:06,5:49,4:09:14,10:33:07
989,1412,Georg Glavanovits,M40-44,193,Open,Austria,1:22:37,4:34,5:17:44,6:15,3:41:58,10:33:08
990,823,Hermann Scheiring,M65-69,1,Open,Germany,1:07:16,4:01,5:30:38,4:32,3:46:43,10:33:11
991,1582,Marco Vieira,M45-49,142,Open,Portugal,1:06:26,4:22,5:14:20,4:09,4:04:02,10:33:18
992,744,Mark Dooley,M60-64,8,Open,United States,1:09:50,5:28,5:31:32,7:38,3:38:55,10:33:23
993,377,Markus Lukacs,M35-39,190,Open,Austria,1:03:22,4:54,5:19:28,4:39,4:01:06,10:33:29
994,1592,Toni Kilpinen,M45-49,143,Open,Finland,1:16:23,5:38,5:13:10,4:59,3:53:39,10:33:48
995,497,Anthony Gritton,M35-39,191,Open,United Kingdom,56:41,3:42,4:46:54,5:16,4:41:20,10:33:53
996,1448,Abdullah Alrefae,M40-44,194,Open,Kuwait,1:00:44,6:20,5:14:08,7:04,4:05:45,10:34:00
997,1375,Christopher Grundberg,M40-44,195,Open,Sweden,1:17:58,7:46,5:01:25,7:23,3:59:33,10:34:04
998,1308,Oscar Duvigneau,M40-44,196,Open,Mexico,1:09:40,8:14,5:36:15,5:08,3:34:52,10:34:09
999,2289,Patrick Thoma,M50-54,92,Open,Germany,1:12:38,4:23,5:16:12,4:55,3:56:01,10:34:09
1000,1078,Sam Michel,M30-34,170,Open,Australia,1:00:43,6:42,5:31:55,7:06,3:48:01,10:34:27
1001,218,Raoul Rodriguez,M25-29,88,Open,United States,54:56,6:42,5:16:34,4:58,4:11:37,10:34:48
1002,143,Ryota Konno,M18-24,47,Open,Japan,1:09:35,5:34,5:23:02,6:41,3:50:01,10:34:53
1003,1795,Ivo Schupp,M45-49,144,Open,Switzerland,1:13:36,5:58,5:16:34,6:15,3:52:42,10:35:06
1004,679,David Labouchere,M60-64,9,Open,United Kingdom,1:12:12,5:03,5:15:12,4:49,3:57:54,10:35:09
1005,1117,Olivier Van Den Bent-Kelly,M30-34,171,Open,United Kingdom,1:04:57,5:16,5:25:04,4:36,3:55:17,10:35:10
1006,2139,Josef Pöchtrager,M50-54,93,Open,Austria,1:15:32,5:53,5:22:08,4:28,3:47:19,10:35:20
1007,2545,Bryan Dunn,M55-59,25,Open,United States,1:03:38,6:06,5:25:40,5:07,3:54:52,10:35:23
1008,2277,Mark Julier,M50-54,94,Open,United Kingdom,57:02,5:10,5:16:01,6:40,4:10:37,10:35:30
1009,2240,Alexander Schindel,M50-54,95,Open,Germany,1:01:33,7:01,5:29:01,5:51,3:52:17,10:35:43
1010,1974,Daniel Pires,M50-54,96,Open,France,1:05:33,4:20,5:33:59,5:52,3:46:24,10:36:09
1011,2180,Taisuke Wakayama,M50-54,97,Open,Japan,1:03:38,4:09,5:31:08,5:17,3:52:04,10:36:16
1012,2517,Rick Sivertson,M55-59,26,Open,United States,59:22,4:51,5:33:43,3:39,3:55:05,10:36:41
1013,374,Matthieu Vanpeteghem,M35-39,192,Open,Belgium,1:06:47,5:29,5:16:34,7:28,4:00:30,10:36:49
1014,1595,Maxim Zotov,M45-49,145,Open,Canada,1:15:41,4:59,5:39:14,4:14,3:32:41,10:36:50
1015,1896,Mitch West,M50-54,98,Open,United States,1:04:54,5:12,5:26:46,5:14,3:54:45,10:36:50
1016,2015,Miguel Perez,M50-54,99,Open,Spain,1:19:17,5:13,5:18:30,3:52,3:50:04,10:36:55
1017,751,Alain Rousseau,M60-64,10,Open,France,1:28:56,6:28,5:21:32,5:29,3:34:34,10:36:59
1018,2276,Antonio Adell Reverter,M50-54,100,Open,Spain,1:01:32,4:51,5:05:30,5:13,4:20:02,10:37:07
1019,2146,Piotr Rozwora,M50-54,101,Open,Poland,1:11:04,5:32,5:22:58,4:28,3:53:07,10:37:09
1020,2265,Gentry Yost,M50-54,102,Open,United States,1:17:22,4:29,4:55:43,4:21,4:15:17,10:37:11
1021,150,Antonio Escallon,M18-24,48,Open,Colombia,1:15:04,7:56,5:13:34,6:14,3:54:40,10:37:30
1022,661,Jason George,M60-64,11,Open,United States,1:12:06,6:33,5:18:43,6:17,3:53:57,10:37:37
1023,2427,Omar Naciri,M55-59,27,Open,Morocco,1:05:04,9:02,5:01:17,5:19,4:17:06,10:37:49
1024,2558,Stefan Judex,M55-59,28,Open,United States,1:07:03,5:40,5:22:50,7:05,3:55:26,10:38:03
1025,2489,Thierry Chardin,M55-59,29,Open,France,1:22:05,5:45,5:32:19,5:29,3:32:29,10:38:07
1026,1402,Alexey Golubykh,M40-44,197,Open,Kyrgyzstan,1:06:43,4:41,5:38:51,5:20,3:42:44,10:38:19
1027,1829,Brian Connors,M45-49,146,Open,United States,1:13:05,7:01,5:14:05,5:11,3:59:02,10:38:24
1028,1810,Craig Stewart,M45-49,147,Open,Australia,1:04:38,7:01,5:40:51,6:21,3:39:37,10:38:29
1029,1923,Graziano Bortolotto,M50-54,103,Open,Italy,1:06:32,5:00,5:24:44,4:48,3:57:31,10:38:34
1030,2419,Eric Millard,M55-59,30,Open,France,1:07:49,5:40,5:04:54,5:11,4:15:01,10:38:35
1031,1168,Richard Roxin,M40-44,198,Open,Australia,1:02:45,4:20,5:18:42,3:58,4:09:07,10:38:52
1032,1740,Christian Jopt,M45-49,148,Open,Germany,1:10:03,5:36,5:27:06,5:37,3:50:34,10:38:56
1033,1446,Henning Heimann,M40-44,199,Open,Germany,1:19:02,6:02,5:14:26,5:53,3:53:48,10:39:10
1034,1605,Ian Shaw,M45-49,149,Open,United Kingdom,1:02:09,6:26,5:23:54,5:34,4:01:11,10:39:14
1035,1276,Peter Šimún,M40-44,200,Open,Slovakia,1:07:33,5:16,5:28:31,4:46,3:53:11,10:39:18
1036,1751,Alexander Funk,M45-49,150,Open,Germany,1:15:58,6:42,5:09:14,5:38,4:02:09,10:39:41
1037,144,Flynn Wood,M18-24,49,Open,Australia,1:06:39,7:46,5:28:10,7:14,3:50:08,10:39:57
1038,759,Peter Younghusband,M60-64,12,Open,United Kingdom,1:06:16,4:35,5:25:15,6:56,3:56:58,10:39:59
1039,1897,Marco Cote,M50-54,104,Open,Canada,1:22:04,8:00,5:19:43,8:02,3:42:18,10:40:07
1040,1790,Dongmyoung Kim,M45-49,151,Open,Korea,1:13:14,4:35,5:34:02,6:16,3:42:10,10:40:17
1041,2625,Andreas Trondl,M55-59,31,Open,Austria,1:09:08,5:12,5:24:34,4:20,3:57:04,10:40:18
1042,1860,Matthew Lamont,M45-49,152,Open,Australia,58:06,4:34,5:33:07,5:50,3:58:47,10:40:24
1043,1515,Sungjin Park,M45-49,153,Open,Korea,1:08:53,4:04,5:27:20,4:16,3:56:00,10:40:34
1044,1819,Kai-Uwe Lehmann,M45-49,154,Open,Germany,1:23:28,6:58,5:21:43,6:44,3:41:45,10:40:38
1045,2525,Christoph Beumelburg,M55-59,32,Open,Germany,1:06:08,5:27,5:12:44,5:37,4:10:49,10:40:45
1046,268,Kasper Jæchel Villumsen,M25-29,89,Open,Denmark,1:14:53,6:14,5:26:11,4:36,3:48:54,10:40:49
1047,701,Takeshi Tanaka,M60-64,13,Open,Japan,1:06:24,4:13,5:45:32,5:19,3:39:25,10:40:54
1048,2053,Vadim Suraev,M50-54,105,Open,Israel,1:09:18,5:46,5:03:31,4:24,4:17:57,10:40:56
1049,2514,John Inge Pettersen,M55-59,33,Open,Norway,1:19:20,6:26,5:17:49,5:30,3:51:58,10:41:03
1050,2281,Michael Johnson,M50-54,106,Open,United States,1:11:15,5:16,5:24:25,4:49,3:55:21,10:41:05
1051,480,Kyle Faerber,M35-39,193,Open,United States,1:03:08,3:31,5:30:52,6:10,3:57:46,10:41:26
1052,1282,Adam Melonas,M40-44,201,Open,Australia,1:07:35,6:14,5:23:39,5:48,3:58:10,10:41:27
1053,2292,Alex Svetlitski,M50-54,107,Open,United States,1:09:54,4:51,5:16:08,7:43,4:02:51,10:41:27
1054,1510,Luiz Rodrigues Lopes,M45-49,155,Open,Brazil,1:07:05,4:34,5:40:05,5:25,3:44:18,10:41:27
1055,272,Pat Wallis,M25-29,90,Open,Australia,1:06:32,5:18,5:32:27,4:54,3:52:16,10:41:28
1056,1396,Chris Cox,M40-44,202,Open,United Kingdom,1:10:25,8:21,5:20:57,6:15,3:55:31,10:41:29
1057,1988,Gustavo Leite Monteiro,M50-54,108,Open,Brazil,57:04,4:49,5:36:10,4:58,3:58:29,10:41:31
1058,2051,Pablo Conti,M50-54,109,Open,Argentina,1:23:13,6:09,5:22:32,5:12,3:44:33,10:41:39
1059,442,Wesley Savell,M35-39,194,Open,United States,1:08:14,4:49,5:27:06,5:49,3:55:43,10:41:41
1060,1088,Robby Wade,M30-34,172,Open,Australia,1:07:41,5:26,5:47:00,5:49,3:35:45,10:41:42
1061,2068,Jimmy Berrios,M50-54,110,Open,Israel,1:09:41,6:38,5:20:32,6:50,3:58:05,10:41:46
1062,1021,Maximilian Willer,M30-34,173,Open,Germany,1:11:15,4:28,5:16:30,7:12,4:02:25,10:41:49
1063,2178,Sergio Saavedra,M50-54,111,Open,Mexico,1:30:02,10:40,5:30:47,9:58,3:20:22,10:41:50
1064,1233,Hayden Corkin,M40-44,203,Open,New Zealand,52:39,6:12,5:26:43,6:10,4:10:21,10:42:04
1065,1984,Steven Laureys,M50-54,112,Open,Belgium,1:12:20,4:21,5:43:39,11:02,3:30:44,10:42:06
1066,2093,Minggang Lu,M50-54,113,Open,China,1:26:24,5:00,5:30:39,5:34,3:34:31,10:42:08
1067,1353,Pavel Zubarev,M40-44,204,Open,Bulgaria,1:15:25,4:36,5:08:03,4:42,4:09:24,10:42:10
1068,2087,Russ Brandt,M50-54,114,Open,United States,1:04:27,4:37,5:19:02,3:42,4:10:25,10:42:14
1069,473,Tobias Lendenmann,M35-39,195,Open,Switzerland,1:04:44,4:39,4:54:43,5:27,4:32:44,10:42:16
1070,1684,Kevin Mcdonnell,M45-49,156,Open,United States,1:03:35,4:11,5:32:55,5:26,3:56:13,10:42:20
1071,1234,Andrew Rayner,M40-44,205,Open,United States,1:00:34,9:49,5:21:16,9:19,4:01:31,10:42:29
1072,2044,Dermot Mccabe,M50-54,115,Open,Ireland,1:17:37,6:46,5:27:53,8:05,3:42:11,10:42:32
1073,1355,Gregory Lindquist,M40-44,206,Open,United States,1:03:42,4:55,5:19:27,5:52,4:08:45,10:42:41
1074,1113,Matthias Simoen,M30-34,174,Open,Belgium,1:01:25,5:53,5:33:21,9:16,3:52:47,10:42:42
1075,1268,Stanislav Holicek,M40-44,207,Open,Czechia,1:08:22,5:48,5:18:22,5:08,4:05:08,10:42:47
1076,2193,Jade Costen,M50-54,116,Open,United States,1:05:26,5:51,5:05:57,4:58,4:20:38,10:42:49
1077,1627,Brent Weber,M45-49,157,Open,United States,1:18:43,6:31,5:22:59,5:40,3:49:00,10:42:53
1078,732,Bruno Philippot,M60-64,14,Open,France,1:11:06,5:09,5:29:06,5:36,3:52:06,10:43:04
1079,1196,Mike Fuduric,M40-44,208,Open,Australia,1:12:00,5:12,5:22:08,6:35,3:57:35,10:43:30
1080,2291,Rich Brady,M50-54,117,Open,Ireland,1:02:52,4:09,5:10:28,3:19,4:22:44,10:43:33
1081,2119,Alberto Cabanas Nistal,M50-54,118,Open,Spain,1:04:13,5:02,5:42:49,6:12,3:45:22,10:43:37
1082,1652,Graham Brewster,M45-49,158,Open,New Zealand,1:13:46,5:29,5:20:13,5:42,3:58:41,10:43:50
1083,2295,Koji Furuya,M50-54,119,Open,Japan,1:04:20,6:06,5:09:24,5:42,4:18:33,10:44:06
1084,1782,Justin Strout,M45-49,159,Open,Australia,1:03:59,5:05,5:22:01,4:15,4:08:52,10:44:12
1085,846,Juan Vergara,M65-69,2,Open,Brazil,1:19:36,4:32,5:28:04,4:59,3:47:02,10:44:13
1086,1745,Tod Vollrath,M45-49,160,Open,United States,1:02:58,5:51,5:13:20,9:33,4:12:39,10:44:20
1087,319,Lincoln Atkinson,M35-39,196,Open,United States,1:13:44,6:58,5:11:49,5:43,4:06:07,10:44:22
1088,1721,Xavier Danloy,M45-49,161,Open,Belgium,1:13:33,4:56,5:23:15,6:11,3:56:28,10:44:23
1089,378,Josef Bexell,M35-39,197,Open,Sweden,1:21:02,4:21,5:25:16,6:33,3:47:12,10:44:24
1090,1222,Stefan Uhl,M40-44,209,Open,Germany,1:13:19,4:53,5:22:00,6:17,3:58:00,10:44:28
1091,396,Gerard Hubbard,M35-39,198,Open,United States,56:03,4:34,4:48:31,7:33,4:48:22,10:45:03
1092,2138,Brad Macleod,M50-54,120,Open,Canada,1:01:21,4:35,5:23:23,4:47,4:11:19,10:45:26
1093,2106,Laurent Desideri,M50-54,121,Open,France,1:05:08,5:24,5:44:56,4:46,3:45:18,10:45:31
1094,2658,Scott Sucher,M55-59,34,Open,United States,1:12:11,5:50,5:16:03,5:52,4:05:38,10:45:34
1095,1771,Frank Ziewers,M45-49,162,Open,Germany,1:06:17,4:26,5:00:39,9:35,4:24:39,10:45:36
1096,2526,Franco Prezzi,M55-59,35,Open,Italy,1:06:29,4:13,5:33:48,5:40,3:55:33,10:45:42
1097,2577,Hans Peter Wolff,M55-59,36,Open,Germany,1:06:12,5:47,5:16:07,4:03,4:13:33,10:45:42
1098,996,Anthony Wilson,M30-34,175,Open,Australia,55:16,4:30,5:20:06,4:25,4:21:29,10:45:46
1099,1352,Raúl Cameo,M40-44,210,Open,Spain,1:12:23,5:58,5:37:18,7:29,3:42:44,10:45:52
1100,2032,Olaf Stroeble,M50-54,122,Open,Germany,1:05:19,4:08,5:15:50,4:27,4:16:09,10:45:52
1101,1531,Alexey Eroshenko,M45-49,163,Open,Kazakhstan,1:08:55,5:01,5:34:13,7:43,3:50:01,10:45:53
1102,1037,Josh Hunter,M30-34,176,Open,United States,1:13:01,7:13,5:20:06,8:06,3:57:30,10:45:55
1103,1026,Simon Watt,M30-34,177,Open,Australia,1:13:24,5:33,5:25:54,6:20,3:54:56,10:46:07
1104,1666,Thiago Cardoso,M45-49,164,Open,Brazil,1:20:06,5:00,5:08:11,4:59,4:07:53,10:46:08
1105,2315,Giacomo Feltre,M50-54,123,Open,Italy,1:10:52,7:24,5:29:43,6:19,3:51:51,10:46:10
1106,2166,Cae Tolman,M50-54,124,Open,Australia,1:04:41,9:37,5:34:10,6:26,3:51:18,10:46:12
1107,2285,Jochen Müller,M50-54,125,Open,Germany,1:04:19,4:25,5:31:02,6:04,4:00:47,10:46:37
1108,2546,Roberto Tedde,M55-59,37,Open,Italy,1:08:12,2:55,5:32:30,4:06,3:58:57,10:46:39
1109,1549,Juan Sebastian Sereno,M45-49,165,Open,Argentina,1:16:22,5:18,5:23:51,3:51,3:57:21,10:46:43
1110,2519,Peter Hobmair,M55-59,38,Open,Germany,1:10:08,4:47,5:15:18,6:02,4:10:28,10:46:43
1111,1176,Kevin Tze Ho Chow,M40-44,211,Open,Hong Kong,55:15,4:17,5:36:27,5:49,4:04:56,10:46:44
1112,216,Anthony Creed,M25-29,91,Open,Ireland,57:47,6:05,5:40:51,8:19,3:53:43,10:46:45
1113,2047,David Matheson,M50-54,126,Open,Canada,58:54,4:36,5:24:18,5:14,4:13:52,10:46:54
1114,2152,Jason Sams,M50-54,127,Open,Australia,1:00:08,5:03,5:25:06,5:27,4:11:19,10:47:04
1115,1848,Marek Dobrzycki,M45-49,166,Open,Poland,1:03:40,4:42,5:14:37,6:20,4:17:55,10:47:14
1116,1981,Hans-Peter Ziob,M50-54,128,Open,Germany,1:09:56,4:05,5:27:58,5:36,3:59:50,10:47:26
1117,726,Josef Diepold,M60-64,15,Open,Germany,1:08:56,3:59,5:18:09,8:04,4:08:29,10:47:37
1118,185,Wojciech Poparda,M18-24,50,Open,Poland,1:03:05,3:48,5:48:55,3:49,3:48:02,10:47:38
1119,1541,Marco Mangiarotti,M45-49,167,Open,Italy,1:03:16,9:01,5:24:43,6:06,4:04:35,10:47:41
1120,2453,Paolo Massarenti,M55-59,39,Open,Italy,1:19:24,4:50,5:19:08,4:58,3:59:22,10:47:42
1121,1470,Ildis Teofic,M40-44,212,Open,Romania,1:11:35,5:37,5:11:07,6:15,4:13:14,10:47:49
1122,2592,Bernard Alix,M55-59,40,Open,Canada,1:09:00,3:14,5:12:05,4:25,4:19:11,10:47:54
1123,2073,Kevin Barton,M50-54,129,Open,United States,1:09:29,8:26,5:23:22,8:56,3:57:49,10:48:02
1124,1277,Hiroki Sugimoto,M40-44,213,Open,Japan,55:24,4:32,5:57:17,17:26,3:33:32,10:48:11
1125,1779,Tomás Horák,M45-49,168,Open,Czechia,1:15:24,5:04,5:30:45,5:49,3:51:24,10:48:25
1126,2029,Michael Richter,M50-54,130,Open,Germany,1:04:24,5:30,5:17:48,4:14,4:16:29,10:48:25
1127,2487,Vincenzo Zofrea,M55-59,41,Open,Australia,1:05:07,4:38,5:25:14,5:12,4:08:16,10:48:27
1128,2150,David Caldeirao,M50-54,131,Open,Portugal,1:03:03,3:59,5:16:28,4:25,4:20:42,10:48:38
1129,169,Benno-Lutz Van Der Merwe,M18-24,51,Open,South Africa,54:42,4:53,5:18:50,4:53,4:25:20,10:48:38
1130,2171,Michael Lawrie,M50-54,132,Open,Canada,1:17:32,7:59,5:17:31,5:54,3:59:47,10:48:42
1131,1169,Krzysztof Urban,M40-44,214,Open,Poland,1:06:55,3:43,5:40:03,4:53,3:53:13,10:48:47
1132,413,Hyunjin Kim,M35-39,199,Open,Korea,1:18:13,6:26,5:28:46,7:49,3:47:41,10:48:56
1133,665,Glenn Wright,M60-64,16,Open,New Zealand,1:05:20,6:02,5:34:39,5:20,3:57:36,10:48:57
1134,2399,Zsolt Szunyog,M55-59,42,Open,Hungary,59:13,4:48,5:54:30,5:45,3:44:41,10:48:58
1135,1904,Lars Kock,M50-54,133,Open,Germany,1:10:49,4:05,5:22:58,5:33,4:05:34,10:48:59
1136,1529,Eddie Hirst,M45-49,169,Open,United Kingdom,1:07:42,6:06,5:34:47,5:37,3:54:55,10:49:08
1137,1227,Jose Ignacio Castro,M40-44,215,Open,Chile,1:05:00,4:09,5:33:57,8:53,3:57:09,10:49:09
1138,2425,Thomas Vetter,M55-59,43,Open,Germany,1:18:09,5:56,5:31:24,5:26,3:48:18,10:49:12
1139,1094,Aldo Tranquillo,M30-34,178,Open,Italy,1:00:25,5:10,5:13:56,4:40,4:25:02,10:49:14
1140,748,Juan Garcia,M60-64,17,Open,Spain,1:26:22,5:14,5:28:06,3:34,3:46:16,10:49:31
1141,1080,Matthew Sandford,M30-34,179,Open,Australia,1:03:49,5:01,5:21:21,5:02,4:14:25,10:49:38
1142,1673,Adam Elderfield,M45-49,170,Open,United Kingdom,1:09:04,7:38,5:31:14,6:17,3:55:38,10:49:50
1143,1270,Conrad Rodas,M40-44,216,Open,Guatemala,55:28,6:27,5:11:23,7:28,4:29:08,10:49:54
1144,295,Christian Linden,M25-29,92,Open,Germany,1:04:54,5:32,5:21:46,5:10,4:12:36,10:49:59
1145,1747,Marius Cimpean,M45-49,171,Open,Romania,1:06:16,3:07,5:21:48,7:01,4:11:54,10:50:06
1146,766,Luc Smet,M60-64,18,Open,Belgium,1:06:55,4:50,5:30:59,6:13,4:01:14,10:50:10
1147,2112,Giulio Eletti,M50-54,134,Open,Italy,57:03,4:53,5:37:05,7:36,4:03:53,10:50:31
1148,1142,Matthieu Charlot,M30-34,180,Open,Switzerland,1:02:55,6:58,5:16:50,4:37,4:19:26,10:50:46
1149,1950,Matt Mccutchen,M50-54,135,Open,United States,1:03:52,5:52,5:24:55,5:34,4:10:35,10:50:48
1150,2148,Mark Follett,M50-54,136,Open,Australia,1:09:38,4:23,5:16:33,5:00,4:15:23,10:50:57
1151,2113,Christophe Laporte,M50-54,137,Open,France,1:06:34,8:09,5:38:49,6:17,3:51:12,10:51:01
1152,2237,Patrick Smulders,M50-54,138,Open,Netherlands,1:04:34,5:49,5:27:03,6:26,4:07:19,10:51:12
1153,2377,Thomas Peter Tzschentke,M55-59,44,Open,Germany,1:20:35,9:16,5:34:57,6:56,3:39:48,10:51:32
1154,1195,Kodo Hiramatsu,M40-44,217,Open,Japan,59:37,3:52,5:39:47,4:25,4:03:56,10:51:38
1155,1989,Henrik Cloos Skov,M50-54,139,Open,Denmark,1:27:44,7:24,5:27:25,6:13,3:43:02,10:51:48
1156,2165,Cesar Cañellas Climent,M50-54,140,Open,Spain,1:15:39,7:48,5:26:16,7:16,3:54:50,10:51:50
1157,1729,Anthony Lintern,M45-49,172,Open,Australia,1:09:35,4:53,5:27:00,7:18,4:03:10,10:51:57
1158,217,Jan Niklas Lindtner,M25-29,93,Open,Germany,1:18:57,5:01,5:27:54,5:05,3:55:14,10:52:11
1159,1756,Scott Mckinnon,M45-49,173,Open,Australia,1:00:00,5:31,5:23:02,5:04,4:18:37,10:52:13
1160,1441,Christoph Kreutzenbeck,M40-44,218,Open,Germany,55:21,3:05,5:31:43,4:16,4:17:49,10:52:14
1161,1854,Mark Moloney,M45-49,174,Open,Ireland,1:06:03,4:58,5:36:16,7:55,3:57:04,10:52:15
1162,1676,Mathew Hunnicutt,M45-49,175,Open,United States,1:00:52,5:03,5:53:56,6:41,3:45:48,10:52:19
1163,1045,Christoph Barth,M30-34,181,Open,Switzerland,1:09:36,5:31,5:24:56,4:56,4:07:36,10:52:35
1164,2600,Edoardo Bernaschi,M55-59,45,Open,Italy,1:05:31,3:23,5:31:53,4:12,4:07:43,10:52:42
1165,206,Caleb Cheng,M25-29,94,Open,United States,59:12,6:05,5:04:06,4:39,4:38:43,10:52:45
1166,671,Horst Heier,M60-64,19,Open,Germany,1:03:06,4:50,5:33:38,5:18,4:06:00,10:52:52
1167,1562,Scott Cresswell,M45-49,176,Open,New Zealand,59:13,4:47,5:38:12,5:23,4:05:25,10:53:00
1168,2234,Benjamin Saunders,M50-54,141,Open,United States,1:03:39,4:57,5:42:15,6:15,3:55:57,10:53:03
1169,1674,Vadim Popov,M45-49,177,Open,Latvia,1:03:34,5:32,5:11:12,5:37,4:27:30,10:53:25
1170,944,Phillip Graeter,M30-34,182,Open,United States,49:36,3:39,5:05:05,3:35,4:51:31,10:53:26
1171,1575,Gracjan Topczewski,M45-49,178,Open,Poland,1:14:58,5:13,5:29:49,5:25,3:58:12,10:53:36
1172,1778,Sergei Shakirov,M45-49,179,Open,Uzbekistan,58:08,4:39,5:18:35,6:21,4:26:05,10:53:49
1173,1755,Carles Rodriguez,M45-49,180,Open,Spain,56:26,4:49,5:37:47,4:09,4:10:38,10:53:49
1174,1731,Scotty Yang,M45-49,181,Open,New Zealand,1:10:27,7:20,5:46:50,5:16,3:44:03,10:53:56
1175,1776,Emiliano Battista,M45-49,182,Open,Argentina,1:02:19,4:08,6:01:59,5:36,3:39:57,10:53:59
1176,1938,Odd Larson,M50-54,142,Open,Sweden,1:23:55,4:55,5:14:43,6:49,4:03:40,10:54:02
1177,2583,Gerald Zogl,M55-59,46,Open,Austria,1:13:27,4:21,5:24:12,5:26,4:06:37,10:54:02
1178,2153,Daragh Crowley,M50-54,143,Open,Ireland,1:21:06,5:42,5:35:37,6:03,3:45:39,10:54:08
1179,1728,Nicolas Philippe,M45-49,183,Open,France,1:05:12,4:36,5:44:10,9:53,3:50:17,10:54:09
1180,1760,Rudolph Agius,M45-49,184,Open,Malta,1:02:43,4:27,5:31:20,5:03,4:10:39,10:54:13
1181,1423,Brian Fogarty,M40-44,219,Open,United Kingdom,1:10:06,5:33,4:40:59,6:14,4:51:27,10:54:19
1182,730,Henrik Larsen,M60-64,20,Open,Denmark,1:25:07,5:09,5:18:34,3:56,4:01:35,10:54:21
1183,2251,Martin Schaar,M50-54,144,Open,Germany,1:13:32,5:41,5:20:43,5:53,4:08:36,10:54:25
1184,557,Oliver Reinicke,M35-39,200,Open,Germany,1:01:15,2:53,4:46:29,6:41,4:57:07,10:54:25
1185,231,Edward Twinn,M25-29,95,Open,United Kingdom,1:10:44,4:56,5:27:32,6:32,4:04:45,10:54:30
1186,2509,Robert Loveridge,M55-59,47,Open,New Zealand,1:14:37,4:59,5:26:28,4:37,4:03:53,10:54:34
1187,2076,Michihiro Watanabe,M50-54,145,Open,Japan,1:17:23,5:39,5:41:30,6:10,3:43:53,10:54:35
1188,733,Andres Torres,M60-64,21,Open,Colombia,1:06:20,8:48,5:18:22,5:58,4:15:17,10:54:44
1189,1942,Geoff Miller,M50-54,146,Open,Australia,1:05:29,5:20,5:09:02,6:21,4:28:37,10:54:50
1190,1749,Ian Kelly,M45-49,185,Open,United Kingdom,1:09:31,6:21,5:30:33,8:54,3:59:47,10:55:07
1191,1336,Tristian Manning,M40-44,220,Open,United Kingdom,1:24:44,5:21,5:05:47,6:33,4:12:47,10:55:11
1192,2512,Knud Schneider,M55-59,48,Open,Germany,1:08:29,7:14,5:23:34,8:44,4:07:16,10:55:16
1193,1533,Joan Capdevila,M45-49,186,Open,Spain,1:01:40,4:56,5:10:26,4:17,4:33:57,10:55:17
1194,1804,Christian Faessler,M45-49,187,Open,Switzerland,54:41,3:53,5:13:49,4:44,4:38:21,10:55:28
1195,158,Trevor Lanigan,M18-24,52,Open,United States,1:14:58,9:45,5:24:58,9:13,3:56:37,10:55:32
1196,1922,Ewan Cameron,M50-54,147,Open,United Kingdom,1:09:42,6:06,5:24:49,6:59,4:08:00,10:55:36
1197,625,Luc Dieteren,M60-64,22,Open,Germany,1:11:45,6:09,5:25:34,6:15,4:05:59,10:55:41
1198,725,Phil Stoneman,M60-64,23,Open,Australia,1:12:04,5:47,5:29:45,5:41,4:02:26,10:55:43
1199,1720,Marco Guarino,M45-49,188,Open,Switzerland,1:01:38,4:57,5:14:20,7:19,4:27:30,10:55:45
1200,2136,Adam Spaul,M50-54,148,Open,United Kingdom,1:14:47,4:16,5:27:28,7:02,4:02:18,10:55:52
1201,2524,Peter Weiss,M55-59,49,Open,Germany,1:16:23,7:25,5:27:23,7:19,3:57:26,10:55:55
1202,1598,Andrew Smith,M45-49,189,Open,New Zealand,1:05:27,4:56,5:55:36,5:28,3:44:30,10:55:57
1203,1568,Giuseppe Anatriello,M45-49,190,Open,Italy,1:03:33,5:50,5:59:30,5:34,3:41:48,10:56:15
1204,1770,Andy Mullin,M45-49,191,Open,Canada,1:13:16,5:41,5:34:30,5:51,3:56:58,10:56:16
1205,1289,Tony Leigl,M40-44,221,Open,United States,1:01:57,8:18,5:12:51,7:58,4:25:15,10:56:19
1206,2062,Richard Jefferies,M50-54,149,Open,United Kingdom,1:04:21,5:18,5:31:25,7:04,4:08:22,10:56:30
1207,1718,Olivier Lange,M45-49,192,Open,Belgium,1:12:07,3:39,5:16:50,8:10,4:15:47,10:56:34
1208,398,Luke Beirl,M35-39,201,Open,United States,1:07:43,5:44,5:01:14,6:54,4:35:03,10:56:39
1209,241,Maciej Skórnicki,M25-29,96,Open,Poland,1:03:53,4:41,5:06:51,6:34,4:34:41,10:56:40
1210,1884,Hamish Deery,M50-54,150,Open,Australia,1:18:40,5:18,5:40:29,5:04,3:47:18,10:56:49
1211,715,Mauro Ciarrocchi,M60-64,24,Open,Italy,1:03:20,6:36,5:41:18,7:06,3:58:29,10:56:49
1212,2070,Darren Alchin,M50-54,151,Open,Australia,1:16:08,7:35,5:36:50,7:31,3:48:59,10:57:02
1213,1337,Bruce Jenkins,M40-44,222,Open,United States,1:11:28,9:15,5:20:34,7:56,4:07:51,10:57:05
1214,1799,Felipe Silva Alvarez,M45-49,193,Open,Brazil,1:03:34,4:13,5:06:14,4:43,4:38:40,10:57:24
1215,232,Matthew Rabasco,M25-29,97,Open,United States,1:18:27,3:37,5:21:57,4:32,4:08:55,10:57:28
1216,318,Mike Payne,M35-39,202,Open,United States,1:04:45,5:02,5:15:58,4:51,4:26:52,10:57:29
1217,1855,Boris Goutkin,M45-49,194,Open,Israel,1:13:12,6:01,5:54:36,3:40,3:40:01,10:57:30
1218,1615,Robert Buzanczyk,M45-49,195,Open,France,1:11:05,4:27,5:55:44,3:40,3:42:38,10:57:34
1219,1300,Christophe Greiner,M40-44,223,Open,France,1:26:58,4:34,5:40:19,3:44,3:42:02,10:57:37
1220,940,Lukás Plocek,M30-34,183,Open,Czechia,1:03:10,4:32,5:34:19,5:42,4:09:56,10:57:39
1221,483,Michael Peacock,M35-39,203,Open,United States,1:15:59,7:52,5:29:53,5:20,3:58:40,10:57:45
1222,1794,Paul Auton,M45-49,196,Open,Canada,1:19:34,8:57,5:36:44,6:11,3:46:24,10:57:49
1223,1609,Elton Verran,M45-49,197,Open,New Zealand,1:14:16,5:02,5:33:28,4:40,4:00:23,10:57:49
1224,1754,Laurentiu Grigore,M45-49,198,Open,United States,1:18:36,5:48,5:33:46,6:14,3:53:31,10:57:55
1225,1725,Nicolas Violland,M45-49,199,Open,France,1:03:37,4:32,5:00:15,4:40,4:44:56,10:57:59
1226,1893,René Frølund,M50-54,152,Open,Denmark,1:16:47,6:39,5:13:03,6:47,4:14:48,10:58:05
1227,1863,Armand Coustarot,M45-49,200,Open,France,1:13:26,3:45,5:10:05,5:31,4:25:38,10:58:25
1228,2606,Carsten König,M55-59,50,Open,Germany,1:04:52,3:38,5:19:33,3:54,4:26:31,10:58:28
1229,1850,Shusaku Nakamura,M45-49,201,Open,Japan,1:14:57,5:58,5:26:01,5:38,4:05:55,10:58:29
1230,1750,Gaku Ito,M45-49,202,Open,Japan,1:24:18,4:53,5:24:20,5:41,3:59:20,10:58:33
1231,1973,Ueda Ikuo,M50-54,153,Open,Japan,1:26:05,8:51,5:36:20,8:22,3:38:58,10:58:36
1232,1321,James Stephens,M40-44,224,Open,Australia,1:04:00,5:55,5:01:19,4:49,4:42:45,10:58:47
1233,2258,Grzegorz Pindur,M50-54,154,Open,Poland,1:05:12,5:44,5:24:12,4:08,4:19:32,10:58:48
1234,2612,Joerg Jung,M55-59,51,Open,Germany,1:08:20,5:21,5:32:43,5:35,4:06:56,10:58:54
1235,411,Michael Louys,M35-39,204,Open,Belgium,1:04:14,4:27,5:04:30,5:56,4:39:49,10:58:56
1236,606,Andreas Meyer,M60-64,25,Open,Germany,1:24:34,5:53,5:34:59,4:44,3:48:47,10:58:57
1237,1679,David Taylor,M45-49,203,Open,United States,1:34:16,8:31,5:34:10,8:07,3:33:58,10:59:02
1238,2170,Eduardo Manrique,M50-54,155,Open,Argentina,1:06:48,5:10,5:34:26,4:20,4:08:21,10:59:05
1239,2157,Charles Pasquis,M50-54,156,Open,France,1:21:00,5:00,5:30:38,5:58,3:56:32,10:59:08
1240,1825,Shahrom Abdullah,M45-49,204,Open,Malaysia,1:12:37,4:24,5:33:22,7:08,4:01:47,10:59:17
1241,1657,Walter Kaspirowitsch,M45-49,205,Open,Germany,1:13:32,4:48,5:51:03,5:23,3:44:47,10:59:32
1242,2631,Goetz Lipinsky,M55-59,52,Open,Germany,1:10:52,6:02,5:40:14,4:50,3:57:38,10:59:36
1243,1578,Hendrik Fiedler,M45-49,206,Open,Germany,58:19,6:39,5:39:54,5:01,4:09:44,10:59:37
1244,1998,Brad Pruim,M50-54,157,Open,United States,1:23:11,5:16,5:32:35,5:39,3:53:15,10:59:57
1245,1367,Jason Avery,M40-44,225,Open,Australia,1:10:10,5:49,5:34:42,5:12,4:04:09,11:00:02
1246,2616,Moi Gonzalez,M55-59,53,Open,Spain,1:12:41,6:52,5:27:55,6:24,4:06:13,11:00:06
1247,365,Eduardo Viloria,M35-39,205,Open,Philippines,1:16:56,5:39,5:25:05,4:05,4:08:40,11:00:25
1248,2299,André Alie,M50-54,158,Open,Canada,1:04:59,5:41,5:07:24,5:02,4:37:40,11:00:45
1249,1645,Christian Fontanive,M45-49,207,Open,Switzerland,1:31:09,5:18,5:15:22,4:22,4:04:56,11:01:06
1250,1167,Andrew Greif,M40-44,226,Open,United States,1:04:02,5:49,5:33:57,4:04,4:13:16,11:01:08
1251,2537,Peter Scherer,M55-59,54,Open,Australia,1:14:36,7:51,5:39:39,6:32,3:52:32,11:01:10
1252,1964,Mauro Alexandre Azevedo,M50-54,159,Open,Portugal,1:23:10,6:24,5:51:51,4:48,3:35:03,11:01:16
1253,1433,Daniel Klauer,M40-44,227,Open,United States,59:53,4:44,5:17:50,7:59,4:30:54,11:01:19
1254,1552,John Macnamara,M45-49,208,Open,United Kingdom,1:16:19,10:32,5:34:29,7:50,3:52:21,11:01:32
1255,2589,Tom Van Renterghem,M55-59,55,Open,Belgium,1:02:50,5:59,5:26:30,6:25,4:20:03,11:01:48
1256,512,Scott Mingay,M35-39,206,Open,United States,1:00:24,3:42,4:44:33,4:03,5:09:18,11:01:59
1257,2518,Bernd Wester,M55-59,56,Open,Germany,1:17:02,7:03,5:38:13,6:49,3:52:56,11:02:03
1258,1949,Shay Shalom,M50-54,160,Open,Israel,1:09:17,5:29,5:38:33,6:10,4:02:38,11:02:08
1259,848,Alan Bremner,M65-69,3,Open,United Kingdom,1:23:35,7:58,5:22:20,5:14,4:03:12,11:02:19
1260,1838,Mauricio Beinat,M45-49,209,Open,Argentina,1:14:44,4:42,5:27:08,5:35,4:10:15,11:02:25
1261,2618,Kenny Neison,M55-59,57,Open,Unknown,1:31:02,6:03,5:24:48,7:39,3:53:02,11:02:33
1262,2447,Jeffrey Thompson,M55-59,58,Open,United States,1:08:29,4:19,5:28:06,4:14,4:17:32,11:02:40
1263,1342,Cyril Bedat,M40-44,228,Open,Singapore,1:06:17,5:58,5:46:24,5:10,3:59:07,11:02:57
1264,1123,Grant Keaffaber,M30-34,184,Open,United States,1:01:57,4:54,5:59:58,9:31,3:46:39,11:03:00
1265,2567,Stephan Stiegler,M55-59,59,Open,Austria,1:14:14,6:30,5:16:16,7:59,4:18:22,11:03:21
1266,1097,Matthew Ansell,M30-34,185,Open,New Zealand,1:16:34,6:11,5:32:19,4:56,4:03:25,11:03:26
1267,2311,Timo Heine,M50-54,161,Open,Germany,1:02:57,4:24,5:11:24,6:15,4:38:39,11:03:39
1268,2161,Mike Bigwood,M50-54,162,Open,Australia,1:06:17,8:02,5:47:42,5:15,3:56:43,11:03:59
1269,2220,Keld Thomsen,M50-54,163,Open,Denmark,1:17:36,8:33,5:21:21,6:08,4:10:54,11:04:31
1270,985,William Lagreca,M30-34,186,Open,United States,1:12:37,5:20,5:14:07,6:20,4:26:21,11:04:44
1271,2221,Jonathan Bottoms,M50-54,164,Open,United States,1:05:06,8:11,5:33:06,7:35,4:10:55,11:04:53
1272,1192,Marcin Okuniewski,M40-44,229,Open,Poland,1:10:43,8:20,5:39:02,7:24,3:59:31,11:05:01
1273,2627,Jorge Vieira,M55-59,60,Open,Portugal,1:28:50,6:01,5:40:52,4:42,3:44:56,11:05:22
1274,486,Russell Jackson,M35-39,207,Open,United Kingdom,1:10:30,6:37,5:21:59,11:10,4:15:19,11:05:35
1275,1722,Craig Nieper,M45-49,210,Open,New Zealand,1:05:20,6:17,5:27:50,5:43,4:20:41,11:05:51
1276,1764,Thomas Mettler,M45-49,211,Open,Switzerland,1:03:36,6:55,5:41:25,7:26,4:06:30,11:05:52
1277,2614,Carlos Maia,M55-59,61,Open,Portugal,1:20:57,6:03,5:29:48,5:57,4:03:09,11:05:53
1278,838,Kevin Fergusson,M65-69,4,Open,Australia,1:03:11,3:44,5:31:07,4:23,4:23:52,11:06:17
1279,699,Dan Contant,M60-64,26,Open,Canada,1:11:36,6:46,5:41:44,7:37,3:58:34,11:06:18
1280,2505,Dion Leman,M55-59,62,Open,United States,1:08:56,6:37,5:55:53,6:37,3:48:18,11:06:21
1281,1183,Richard Brownhill,M40-44,230,Open,Australia,1:22:33,6:19,5:26:53,6:57,4:03:40,11:06:22
1282,1316,Wyatt Kuntz,M40-44,231,Open,Canada,1:10:05,5:23,5:35:59,13:05,4:02:08,11:06:40
1283,1834,Dennis Dankowski,M45-49,212,Open,Germany,1:23:53,7:37,5:29:21,6:12,3:59:55,11:06:58
1284,1301,Adam Johnson,M40-44,232,Open,United States,1:10:12,6:24,5:20:28,6:05,4:23:52,11:07:01
1285,1224,Hamish Wall,M40-44,233,Open,New Zealand,1:12:34,5:25,5:30:45,4:53,4:13:31,11:07:08
1286,1557,Markus Engler,M45-49,213,Open,Switzerland,1:24:03,8:09,5:29:20,8:16,3:57:33,11:07:21
1287,1883,Laurent Dion,M50-54,165,Open,France,1:10:29,5:13,5:23:12,6:47,4:21:43,11:07:24
1288,2216,Konstantinos Kostimpas,M50-54,166,Open,Greece,1:06:26,7:21,5:29:40,7:51,4:16:19,11:07:37
1289,2430,Keish Doi,M55-59,63,Open,United States,1:11:59,3:29,5:27:43,3:35,4:21:06,11:07:52
1290,1424,Sergei Alchebaev,M40-44,234,Open,Kazakhstan,55:53,3:33,5:40:29,5:04,4:22:54,11:07:53
1291,1836,Laurent Wintermantel,M45-49,214,Open,France,1:04:50,6:06,5:29:46,4:40,4:22:33,11:07:56
1292,1410,Kevin Siah,M40-44,235,Open,Malaysia,1:08:15,5:30,5:35:57,4:38,4:13:36,11:07:56
1293,549,Lasse Martinussen,M35-39,208,Open,Norway,1:11:46,5:12,5:01:23,4:38,4:45:22,11:08:21
1294,2078,Darren Vorster,M50-54,167,Open,Australia,1:07:05,9:58,5:36:28,6:59,4:07:53,11:08:23
1295,2368,Neil Mcloughlin,M55-59,64,Open,United Kingdom,1:32:22,4:29,5:29:06,6:04,3:56:23,11:08:24
1296,1941,Tim Starets,M50-54,168,Open,United States,1:08:23,5:36,5:13:09,3:39,4:37:44,11:08:31
1297,595,Rémy Strat,M60-64,27,Open,France,1:20:02,5:55,5:46:45,4:23,3:51:31,11:08:35
1298,2085,Kilian Spitzner,M50-54,169,Open,Germany,1:23:47,10:17,5:35:40,5:10,3:53:47,11:08:40
1299,2529,Vecchini Eugenio,M55-59,65,Open,Italy,1:02:43,5:22,5:25:37,7:06,4:27:55,11:08:43
1300,1665,Fabio Carneiro,M45-49,215,Open,Brazil,1:09:33,3:32,5:09:53,4:46,4:41:01,11:08:45
1301,2500,Alfredo Forlani,M55-59,66,Open,Argentina,1:09:11,5:07,6:00:54,5:11,3:49:19,11:09:41
1302,1272,Greg Chaganos,M40-44,236,Open,United States,1:11:31,3:53,5:37:06,5:49,4:11:24,11:09:43
1303,1957,Clint Patterson,M50-54,170,Open,United States,1:06:57,6:44,5:33:43,7:37,4:15:00,11:10:00
1304,175,Avnish Rembhotkar,M18-24,53,Open,United States,1:06:35,5:38,5:09:22,7:13,4:41:15,11:10:03
1305,1436,Jason Gambill,M40-44,237,Open,United States,1:10:01,6:45,5:20:46,7:16,4:25:23,11:10:11
1306,1046,Nikolay Makhnenko,M30-34,187,Open,United States,1:12:43,5:38,5:38:34,7:35,4:05:43,11:10:13
1307,1752,Christian Jais,M45-49,216,Open,Germany,1:00:10,3:50,4:54:38,7:43,5:04:04,11:10:24
1308,793,Martin Gannon,M65-69,5,Open,United Kingdom,1:22:57,5:52,5:31:09,6:00,4:04:28,11:10:26
1309,1594,Adam Holmes,M45-49,217,Open,New Zealand,1:09:41,6:31,5:48:51,5:20,4:00:06,11:10:28
1310,2538,Olivier Jakob,M55-59,67,Open,Switzerland,1:22:49,7:00,5:25:15,5:44,4:09:41,11:10:29
1311,493,Landon Jacobsen,M35-39,209,Open,United States,1:04:00,8:45,5:28:19,7:49,4:21:41,11:10:34
1312,1635,Ricardo Garza,M45-49,218,Open,Mexico,1:18:31,8:27,6:00:19,9:01,3:34:34,11:10:52
1313,1947,Changbeom Han,M50-54,171,Open,Korea,1:20:40,5:05,5:33:56,7:01,4:04:14,11:10:55
1314,2189,Thomas Maag,M50-54,172,Open,Germany,1:12:34,6:27,5:31:00,6:25,4:14:31,11:10:57
1315,1610,Jamie Hoyt,M45-49,219,Open,United States,1:16:06,9:32,5:01:33,7:16,4:36:35,11:11:03
1316,199,Florian Richeux,M25-29,98,Open,France,1:12:31,5:04,4:57:08,4:41,4:51:49,11:11:13
1317,2573,Lars Gustafsson,M55-59,68,Open,Sweden,1:14:23,6:03,5:29:09,6:51,4:14:47,11:11:14
1318,1662,Rob Dallimore,M45-49,220,Open,New Zealand,1:03:46,5:08,5:19:42,6:38,4:36:07,11:11:20
1319,1225,Francois Chavet,M40-44,238,Open,France,1:10:25,8:32,5:32:34,6:34,4:13:17,11:11:24
1320,2247,Andreas Schoenherr,M50-54,173,Open,Switzerland,1:06:46,7:31,5:45:47,4:17,4:07:06,11:11:26
1321,721,Ludger Gerdesmeyer,M60-64,28,Open,Germany,1:15:05,6:33,5:25:29,6:34,4:17:49,11:11:30
1322,544,Eric Tippy,M35-39,210,Open,United States,1:13:52,6:07,5:35:18,7:02,4:09:16,11:11:36
1323,723,Adam Kuklinski,M60-64,29,Open,Poland,1:17:41,5:21,5:55:35,7:01,3:46:00,11:11:38
1324,2268,Adam Krommenhoek,M50-54,174,Open,United States,1:09:37,7:29,5:32:17,11:20,4:11:10,11:11:52
1325,2131,Franz Leitner,M50-54,175,Open,Austria,1:09:39,4:40,5:23:34,5:38,4:28:27,11:11:58
1326,472,Chris Florscher,M35-39,211,Open,United States,1:15:54,6:22,5:30:45,7:46,4:11:14,11:12:01
1327,2246,Yannick Henry,M50-54,176,Open,France,1:05:42,4:27,5:25:58,16:52,4:19:12,11:12:10
1328,1772,Andrey Ivanchikhin,M45-49,221,Open,Cyprus,1:28:55,7:34,5:33:04,8:30,3:54:20,11:12:22
1329,1910,Brian Condron,M50-54,177,Open,United States,1:09:36,8:20,5:39:29,8:26,4:06:44,11:12:35
1330,119,Dale Grant,MPC/ID,,Open,Australia,1:09:43,3:56,5:38:12,5:09,4:15:40,11:12:40
1331,1909,Chad Albright,M50-54,178,Open,United States,1:15:29,10:26,5:31:57,8:49,4:06:04,11:12:45
1332,572,Nick Fragnito,M35-39,212,Open,United States,1:01:08,4:28,5:17:05,7:24,4:42:53,11:12:58
1333,1513,Cesar Ruiz,M45-49,222,Open,Spain,1:14:16,7:08,5:33:51,7:13,4:10:34,11:13:03
1334,1608,Dan Arlandson,M45-49,223,Open,United States,1:05:19,5:27,5:00:50,8:43,4:53:02,11:13:21
1335,1542,Sota Hara,M45-49,224,Open,Japan,1:13:29,7:10,5:39:34,7:17,4:05:54,11:13:23
1336,237,Bryce Burchi,M25-29,99,Open,United States,54:54,4:56,5:17:21,4:34,4:51:41,11:13:26
1337,2049,Huw Jones,M50-54,179,Open,United Kingdom,1:16:01,3:42,5:12:45,4:29,4:36:30,11:13:28
1338,1543,Laurent Travers,M45-49,225,Open,France,1:04:39,4:29,5:23:48,7:08,4:33:42,11:13:46
1339,2541,Fabrizio Terrinoni,M55-59,69,Open,Italy,1:11:44,5:22,5:36:23,4:26,4:16:29,11:14:23
1340,1245,Tomohiro Onishi,M40-44,239,Open,Japan,1:19:02,10:49,5:56:57,9:32,3:38:05,11:14:26
1341,833,Dennis Cruff,M65-69,6,Open,United States,1:10:55,5:26,5:46:17,5:04,4:06:57,11:14:38
1342,1956,Shawn Kyle,M50-54,180,Open,United States,1:19:19,6:04,5:43:35,4:35,4:01:05,11:14:38
1343,1898,David Sanglas Puntí,M50-54,181,Open,Spain,1:15:12,6:14,5:58:45,7:03,3:47:38,11:14:52
1344,1668,Gilbert Pinard,M45-49,226,Open,Canada,1:05:45,3:44,5:21:56,4:12,4:39:20,11:14:57
1345,2397,David Mullaney,M55-59,70,Open,United States,1:15:09,8:59,5:20:01,8:46,4:22:05,11:15:00
1346,1309,Gregory Galloway,M40-44,240,Open,Canada,1:04:02,6:07,5:11:53,6:11,4:47:04,11:15:16
1347,2560,Uwe Schnell,M55-59,71,Open,Germany,1:07:26,9:13,5:49:16,8:00,4:01:22,11:15:17
1348,586,Alain Aubuchon,M60-64,30,Open,Canada,1:18:18,5:16,5:33:46,7:47,4:10:32,11:15:38
1349,1058,Johannes Mai-Martin,M30-34,188,Open,Germany,1:07:15,4:48,5:07:52,6:33,4:49:13,11:15:41
1350,1617,Walter De Wet,M45-49,227,Open,Canada,1:10:59,5:07,5:34:14,6:15,4:19:08,11:15:42
1351,1971,Roberto Carfagno,M50-54,182,Open,Croatia,1:06:19,6:07,5:25:59,6:51,4:30:27,11:15:44
1352,722,Olivier Guri,M60-64,31,Open,France,1:23:56,6:23,5:23:27,7:29,4:14:32,11:15:47
1353,2504,Alan Halliday-Taylor,M55-59,72,Open,United Kingdom,1:19:48,5:06,5:35:53,4:42,4:10:17,11:15:47
1354,1630,Thomas Stark,M45-49,228,Open,Germany,1:05:29,5:20,5:35:56,10:19,4:18:42,11:15:47
1355,2638,Herbert Michael De Vries,M55-59,73,Open,Germany,1:14:47,6:08,5:39:47,5:13,4:09:55,11:15:50
1356,2082,Ronan Pavoni,M50-54,183,Open,Panama,1:01:41,3:36,5:20:42,3:15,4:46:46,11:16:01
1357,1312,Zilong Zhang,M40-44,241,Open,China,1:22:28,5:46,5:37:07,6:16,4:04:27,11:16:04
1358,1623,Lucas Smelser,M45-49,229,Open,United States,1:32:24,9:38,5:31:13,5:27,3:57:29,11:16:11
1359,139,Nolan Pearce,M18-24,54,Open,United States,1:03:49,7:14,5:52:51,7:23,4:05:05,11:16:22
1360,401,Tom Simms,M35-39,213,Open,United Kingdom,1:24:26,5:25,5:28:48,6:10,4:11:33,11:16:22
1361,1076,Amaury Parrot,M30-34,189,Open,France,1:19:53,7:48,5:38:04,9:09,4:01:33,11:16:28
1362,2141,Mauricio Lehoczki,M50-54,184,Open,Brazil,1:09:19,5:02,5:33:06,5:50,4:23:14,11:16:31
1363,1390,Nigel Quaye,M40-44,242,Open,Isle of Man,1:01:05,4:33,5:24:54,7:47,4:38:21,11:16:40
1364,950,Steven Galens,M30-34,190,Open,Belgium,1:06:32,4:33,5:08:26,7:37,4:49:47,11:16:54
1365,2283,Hyungwon Moon,M50-54,185,Open,Korea,1:22:52,4:58,6:07:39,5:21,3:36:17,11:17:06
1366,845,Dominique Chalencon,M65-69,7,Open,France,1:06:36,4:47,5:11:28,4:58,4:49:22,11:17:11
1367,517,William Fortin,M35-39,214,Open,Canada,1:20:01,5:04,5:29:43,6:55,4:15:32,11:17:15
1368,1990,Allard Holthaus,M50-54,186,Open,Netherlands,1:21:09,6:46,5:33:19,7:42,4:08:19,11:17:15
1369,317,Justin Butler,M35-39,215,Open,United States,1:18:45,8:06,5:31:15,7:00,4:12:19,11:17:25
1370,1480,John Palmer,M40-44,243,Open,United States,1:13:33,7:19,5:24:50,6:42,4:25:04,11:17:28
1371,2343,Alejandro Armemdariz,M55-59,74,Open,Argentina,1:07:44,5:07,5:50:24,4:07,4:10:15,11:17:37
1372,2535,Alessandro Gattamorta,M55-59,75,Open,Italy,1:18:49,4:11,5:28:59,7:57,4:17:42,11:17:37
1373,2494,Alberto Fazi,M55-59,76,Open,Italy,1:06:57,7:49,5:31:46,5:11,4:25:59,11:17:41
1374,1269,Eric Cappell,M40-44,244,Open,United States,1:15:01,11:54,5:24:37,8:30,4:17:44,11:17:46
1375,1808,Jeff Dolan,M45-49,230,Open,United States,1:25:28,5:09,5:28:47,6:53,4:11:46,11:18:03
1376,705,Bernhard Bambas,M60-64,32,Open,Germany,1:08:19,6:37,5:30:00,6:13,4:26:59,11:18:08
1377,2132,Glyn Tallon,M50-54,187,Open,Ireland,1:22:06,7:25,5:36:21,8:51,4:03:26,11:18:08
1378,1792,Darren Dalton,M45-49,231,Open,United Kingdom,1:19:27,4:47,5:05:38,8:52,4:39:26,11:18:10
1379,2248,Patrick Argi,M50-54,188,Open,Monaco,1:16:05,6:01,5:30:11,6:24,4:19:38,11:18:19
1380,1889,Dwayne Smith,M50-54,189,Open,United States,1:10:09,7:57,6:03:24,10:07,3:46:49,11:18:26
1381,852,Juergen Klindworth,M65-69,8,Open,Germany,1:07:23,4:59,5:50:05,5:56,4:10:06,11:18:29
1382,2621,Katsuaki Nagai,M55-59,77,Open,Japan,1:14:26,6:17,5:23:47,6:57,4:27:18,11:18:45
1383,1574,Anthony Landers,M45-49,232,Open,Australia,1:12:12,4:56,5:30:12,9:36,4:21:51,11:18:46
1384,2386,Taro Shirato,M55-59,78,Open,Japan,1:05:00,5:52,6:03:55,6:52,3:57:12,11:18:52
1385,2233,Fernando Garrocho Orellana,M50-54,190,Open,Spain,57:11,3:21,5:20:20,6:26,4:51:57,11:19:16
1386,1697,Aleksey Shloyda,M45-49,233,Open,Kyrgyzstan,1:24:07,5:42,5:32:11,4:01,4:13:23,11:19:24
1387,689,Norbert Schroeder,M60-64,33,Open,Germany,1:13:34,5:13,5:29:16,5:32,4:25:50,11:19:25
1388,1880,Masaki Kusunoki,M50-54,191,Open,Japan,1:19:38,7:07,5:47:49,5:54,3:58:58,11:19:25
1389,214,Patrick Jones,M25-29,100,Open,United Kingdom,1:12:45,6:35,5:40:52,8:35,4:10:48,11:19:34
1390,1849,Fernando Sampaio,M45-49,234,Open,Brazil,1:08:22,4:19,5:20:23,6:08,4:40:25,11:19:37
1391,1344,Marc-Andre Theriault,M40-44,245,Open,Canada,1:12:46,5:11,5:22:28,6:34,4:32:44,11:19:43
1392,644,Phil Lynch,M60-64,34,Open,Australia,1:14:31,5:44,5:29:17,5:52,4:24:20,11:19:44
1393,755,Heiko Grimme,M60-64,35,Open,Germany,1:33:51,5:05,5:37:06,7:14,3:56:31,11:19:47
1394,2476,David Ahlert,M55-59,79,Open,United States,1:25:15,8:32,5:46:49,5:32,3:54:04,11:20:13
1395,435,Andy Stetzler,M35-39,216,Open,United States,1:00:30,5:30,5:39:29,6:12,4:28:33,11:20:15
1396,543,Edward Quartly,M35-39,217,Open,Australia,59:35,5:28,5:40:25,6:53,4:28:03,11:20:24
1397,229,Lee Mount,M25-29,101,Open,United States,1:03:22,5:07,5:15:33,6:57,4:49:33,11:20:32
1398,2609,Oleg Franko,M55-59,80,Open,Ukraine,1:25:10,7:19,5:30:42,6:19,4:11:31,11:21:00
1399,754,Makoto Sakaguchi,M60-64,36,Open,Japan,1:17:16,4:36,5:37:29,4:38,4:17:04,11:21:03
1400,1246,Luke Aldrich,M40-44,246,Open,United States,1:10:50,6:20,5:37:40,5:38,4:20:39,11:21:07
1401,1179,Richard Ledain Santiago,M40-44,247,Open,Spain,1:05:54,4:56,5:25:29,5:09,4:39:47,11:21:15
1402,1601,John Crossland,M45-49,235,Open,United Kingdom,1:23:25,10:23,5:25:34,10:03,4:11:51,11:21:16
1403,1734,Nicolas Charrier,M45-49,236,Open,France,1:15:23,6:18,5:25:22,8:31,4:25:50,11:21:24
1404,2490,German Cabos,M55-59,81,Open,Argentina,1:31:08,6:10,5:50:49,5:51,3:47:34,11:21:32
1405,571,Beverd R King Jr,M35-39,218,Open,United States,1:11:11,7:18,5:33:07,9:13,4:20:46,11:21:37
1406,1477,Javier Ruiz,M40-44,248,Open,Mexico,1:21:45,7:24,5:32:59,7:26,4:12:08,11:21:42
1407,140,Arno Bruneel,M18-24,55,Open,Belgium,1:14:30,8:13,5:22:44,9:34,4:27:16,11:22:17
1408,1871,Fran Sur,M45-49,237,Open,United States,1:15:44,9:54,5:21:47,10:12,4:24:45,11:22:22
1409,1146,A Qiang Mao,M30-34,191,Open,China,1:18:21,7:01,5:34:47,6:15,4:16:05,11:22:29
1410,452,Wade Kammel,M35-39,219,Open,United States,1:10:04,10:36,5:34:12,8:36,4:19:03,11:22:31
1411,367,Martin Mahringer,M35-39,220,Open,Austria,1:01:16,5:00,5:38:21,7:15,4:30:43,11:22:34
1412,710,Andrass Joensen,M60-64,37,Open,Faroe Islands,1:12:27,4:52,5:20:05,4:55,4:40:20,11:22:39
1413,341,Sergei Klimov,M35-39,221,Open,United States,1:15:58,6:52,5:37:41,6:07,4:16:05,11:22:43
1414,2444,Andrew Kilshaw,M55-59,82,Open,Australia,1:06:16,5:12,6:01:42,5:25,4:04:10,11:22:46
1415,484,Kumar Kishlay Rai,M35-39,222,Open,India,1:17:19,7:00,5:49:27,7:39,4:01:31,11:22:56
1416,1302,Jeremy Rogers,M40-44,249,Open,United States,1:17:01,5:01,5:20:58,4:23,4:35:36,11:22:59
1417,534,Gabor Zsinor,M35-39,223,Open,Hungary,1:01:53,2:45,4:44:55,3:38,5:29:53,11:23:03
1418,1326,Glenn Barltrop,M40-44,250,Open,Australia,57:57,4:01,5:22:11,4:04,4:54:54,11:23:07
1419,2346,Gary Thiel,M55-59,83,Open,Canada,1:19:26,10:05,5:46:30,7:41,3:59:33,11:23:16
1420,1969,Matthew Wilson,M50-54,192,Open,United Kingdom,1:33:22,5:32,5:40:40,5:03,3:59:01,11:23:37
1421,1360,Akmal Malayev,M40-44,251,Open,Kazakhstan,1:14:04,8:26,5:40:22,6:49,4:14:34,11:24:14
1422,300,Jonah Simmons,M25-29,102,Open,United States,1:03:04,6:46,6:08:14,7:23,3:58:53,11:24:19
1423,1921,Keith Schumann,M50-54,193,Open,United States,1:04:50,6:23,5:56:57,9:07,4:07:23,11:24:41
1424,2543,Joerg Arpke,M55-59,84,Open,Switzerland,1:08:34,5:55,5:36:29,7:06,4:26:52,11:24:56
1425,694,David Jones,M60-64,38,Open,United States,1:16:31,6:16,5:28:40,7:36,4:25:55,11:24:57
1426,2467,Ivan Gomez,M55-59,85,Open,Venezuela,1:20:47,6:31,5:38:48,7:18,4:11:46,11:25:10
1427,2385,Norbert Rinnen,M55-59,86,Open,Germany,1:14:45,6:38,5:38:23,8:01,4:17:30,11:25:18
1428,2088,Matthew Pemberton,M50-54,194,Open,United Kingdom,1:11:42,9:46,5:35:03,9:51,4:18:59,11:25:21
1429,1466,Matthew Low,M40-44,252,Open,Australia,1:01:25,4:49,5:30:29,4:45,4:43:59,11:25:27
1430,2124,Christian Salcher,M50-54,195,Open,Austria,1:19:46,7:16,5:40:30,6:11,4:12:16,11:25:58
1431,511,Nicholas De Bouillane,M35-39,224,Open,France,57:07,5:52,5:25:43,7:23,4:50:07,11:26:11
1432,1577,Marc Fisher,M45-49,238,Open,United States,1:09:08,9:52,5:48:13,8:07,4:11:19,11:26:38
1433,284,Lucas Mohr,M25-29,103,Open,France,58:01,4:28,6:21:51,4:54,3:57:29,11:26:42
1434,1591,Carsten Dyhrberg Sørensen,M45-49,239,Open,Denmark,1:17:56,7:05,5:28:40,6:27,4:26:48,11:26:56
1435,1986,Jonty Summers,M50-54,196,Open,United Kingdom,1:10:06,4:46,5:23:50,6:42,4:41:41,11:27:04
1436,2027,Markus Zehnder,M50-54,197,Open,Switzerland,1:03:40,7:41,5:38:54,6:38,4:30:31,11:27:23
1437,2437,Gary Walden,M55-59,87,Open,New Zealand,1:16:38,10:34,6:06:55,5:58,3:47:33,11:27:38
1438,1359,Shaun Richardson,M40-44,253,Open,South Africa,1:11:08,5:01,5:33:58,4:18,4:33:15,11:27:40
1439,1392,Jan Ehrlich,M40-44,254,Open,Germany,1:13:55,7:04,5:36:43,12:55,4:17:12,11:27:49
1440,1437,Mario Bartolome Buil,M40-44,255,Open,Spain,54:24,6:00,6:09:02,8:46,4:09:43,11:27:55
1441,2375,Bob Rekkers,M55-59,88,Open,Netherlands,1:12:16,7:02,5:33:29,7:46,4:27:23,11:27:56
1442,2534,Jean-Marie Mozzon,M55-59,89,Open,Switzerland,1:05:02,4:35,5:27:53,3:56,4:46:39,11:28:06
1443,746,Mario Staffieri,M60-64,39,Open,Australia,1:29:30,6:04,6:04:46,6:21,3:41:25,11:28:07
1444,2555,Wayne Foster,M55-59,90,Open,Australia,1:09:04,8:24,5:40:29,6:34,4:23:51,11:28:22
1445,1514,Charles Althey,M45-49,240,Open,France,1:26:50,3:40,5:47:40,3:54,4:06:25,11:28:29
1446,2540,Steffen Brocks,M55-59,91,Open,United States,1:07:39,8:40,5:37:56,4:45,4:29:28,11:28:30
1447,370,Marco Viappiani,M35-39,225,Open,Italy,1:02:06,3:46,4:59:57,8:41,5:14:00,11:28:30
1448,2301,David Daffey,M50-54,198,Open,Australia,1:23:37,5:20,5:46:13,6:09,4:07:36,11:28:55
1449,2478,Raido Kiipsaar,M55-59,92,Open,Estonia,1:26:16,10:50,5:32:50,6:16,4:12:51,11:29:03
1450,822,Paul Huyer,M65-69,9,Open,Canada,1:38:35,7:39,5:42:42,7:23,3:52:48,11:29:08
1451,2059,James Dion,M50-54,199,Open,United States,1:20:41,7:04,5:47:21,6:06,4:07:59,11:29:11
1452,1926,Alain Gauthey,M50-54,200,Open,France,1:28:51,6:48,5:55:58,5:02,3:53:03,11:29:42
1453,1982,Paul Colucci,M50-54,201,Open,United States,1:18:50,8:02,5:15:36,5:28,4:41:56,11:29:51
1454,2436,Rainer Koschke,M55-59,93,Open,Germany,1:12:06,5:45,5:20:11,4:21,4:47:36,11:29:59
1455,2450,Andreas Bund,M55-59,94,Open,Germany,1:14:28,4:56,5:36:18,4:43,4:29:41,11:30:06
1456,1977,Grant Clifton,M50-54,202,Open,New Zealand,1:08:18,4:16,5:47:53,7:31,4:22:10,11:30:07
1457,2341,Armin Lombardo,M55-59,95,Open,Germany,1:18:48,6:52,5:53:53,7:33,4:03:18,11:30:25
1458,1783,Shawn Finnicum,M45-49,241,Open,United States,1:18:42,6:16,5:25:30,8:20,4:31:38,11:30:27
1459,490,Chris Cheeseman,M35-39,226,Open,Canada,1:00:29,5:33,5:05:02,6:56,5:12:31,11:30:31
1460,2575,Craig Gruber,M55-59,96,Open,Australia,1:06:45,7:33,5:58:06,7:41,4:10:40,11:30:45
1461,789,Carlo Meier,M65-69,10,Open,Switzerland,1:34:38,4:48,5:40:26,5:43,4:05:31,11:31:06
1462,1040,Sven Pollert,M30-34,192,Open,Germany,54:28,2:38,4:52:15,5:38,5:36:15,11:31:14
1463,2018,Glen Osmond,M50-54,203,Open,Poland,1:01:35,3:52,5:22:46,6:33,4:56:29,11:31:15
1464,2066,Bang Trinh,M50-54,204,Open,Vietnam,1:18:51,5:02,5:53:26,6:20,4:07:40,11:31:18
1465,1153,Noel Mulkey,M30-34,193,Open,United States,54:33,4:28,5:18:53,9:52,5:03:36,11:31:22
1466,1596,Ross Skelton,M45-49,242,Open,Australia,1:10:03,6:19,6:07:14,6:52,4:00:58,11:31:26
1467,2441,Franz Kalla,M55-59,97,Open,Austria,1:08:21,7:09,6:10:48,8:44,3:56:43,11:31:45
1468,2042,Steffen Schuhmann,M50-54,205,Open,Germany,1:24:18,5:04,5:42:27,4:57,4:15:00,11:31:46
1469,1882,Dave Williams,M50-54,206,Open,United Kingdom,1:17:59,8:11,5:24:57,7:19,4:33:35,11:32:00
1470,2037,Gene Lecuyer,M50-54,207,Open,Canada,1:16:38,5:39,5:32:53,5:12,4:32:06,11:32:28
1471,1890,Juan Pablo Dussaillant,M50-54,208,Open,Chile,1:22:59,6:49,6:19:38,5:48,3:37:21,11:32:34
1472,818,Philip Rybecky,M65-69,11,Open,United States,1:20:50,8:57,5:38:35,5:47,4:18:58,11:33:06
1473,1230,Guilherme Albani,M40-44,256,Open,Brazil,57:48,5:32,5:13:20,6:46,5:09:46,11:33:13
1474,2511,Davor Pavicic,M55-59,98,Open,Croatia,1:20:44,6:34,5:38:27,6:25,4:21:32,11:33:43
1475,264,Valentin Bailleux,M25-29,104,Open,France,1:04:46,4:14,4:49:03,3:09,5:32:36,11:33:48
1476,2296,Paul O'shea,M50-54,209,Open,Australia,53:55,7:12,5:55:33,7:06,4:30:26,11:34:11
1477,465,Colin Mitchell,M35-39,227,Open,Germany,1:24:22,5:46,5:32:07,7:48,4:24:13,11:34:16
1478,2098,Santiago Morixe,M50-54,210,Open,Argentina,1:09:43,5:44,5:50:08,5:50,4:22:55,11:34:20
1479,756,Kenneth Downer,M60-64,40,Open,United States,1:12:10,4:31,5:53:47,7:01,4:17:18,11:34:47
1480,2452,Masashi Machida,M55-59,99,Open,Japan,1:27:14,7:36,6:08:15,7:21,3:44:40,11:35:06
1481,2352,Dougin Walker,M55-59,100,Open,United States,56:12,7:10,5:52:07,8:58,4:30:43,11:35:11
1482,1491,Cláudio Macatrão,M40-44,257,Open,Portugal,1:20:36,5:33,5:54:41,8:21,4:06:06,11:35:15
1483,2259,Markku Poikolainen,M50-54,211,Open,Finland,1:09:03,6:02,5:19:07,7:13,4:54:04,11:35:29
1484,1455,Kawaiho`ola Curnan,M40-44,258,Open,United States,1:10:33,5:46,5:48:30,6:03,4:24:45,11:35:37
1485,219,Janek Fischer,M25-29,105,Open,Germany,1:03:05,4:10,5:17:14,6:49,5:04:31,11:35:48
1486,2599,Rajan Thananayagam,M55-59,101,Open,Sri Lanka,1:19:42,6:47,5:53:25,6:14,4:10:03,11:36:11
1487,2563,Matthias Berulla,M55-59,102,Open,Germany,1:24:07,6:33,5:48:43,12:29,4:04:22,11:36:14
1488,1815,Magnus Nyberg,M45-49,243,Open,Sweden,1:03:32,5:36,5:30:55,0:21,4:56:00,11:36:24
1489,1382,Clinton Millar,M40-44,259,Open,Australia,1:08:06,4:09,5:49:08,3:55,4:31:08,11:36:26
1490,2057,Alexander Auer,M50-54,212,Open,Germany,1:23:28,7:20,5:57:08,5:23,4:03:12,11:36:31
1491,2475,Mark Esselink,M55-59,103,Open,New Zealand,1:20:16,7:05,5:57:46,7:20,4:04:06,11:36:32
1492,2040,Daniel Hill,M50-54,213,Open,United States,1:31:08,7:31,5:26:27,6:27,4:25:00,11:36:33
1493,1484,Matt Le Maitre,M40-44,260,Open,Australia,1:08:59,4:14,5:36:18,5:38,4:41:39,11:36:49
1494,1139,Matt Brigstock,M30-34,194,Open,United States,1:24:59,5:10,5:27:36,5:32,4:33:53,11:37:10
1495,1350,Stephan Schwandke,M40-44,261,Open,Germany,1:19:18,6:30,6:02:26,4:35,4:04:36,11:37:25
1496,2002,Yannick Guillemer,M50-54,214,Open,France,1:21:00,5:18,6:04:57,8:19,3:57:58,11:37:31
1497,2092,Oliver Marsell,M50-54,215,Open,Germany,1:19:24,4:55,5:41:23,6:24,4:25:43,11:37:50
1498,376,Anderson Schreiner,M35-39,228,Open,Brazil,1:04:15,5:12,5:22:14,4:26,5:01:50,11:37:57
1499,1520,Jonathan Gray,M45-49,244,Open,New Zealand,1:13:43,6:42,5:41:47,7:40,4:28:12,11:38:03
1500,2064,Hyungnam Kim,M50-54,216,Open,Korea,1:18:31,6:27,6:05:46,9:34,3:58:15,11:38:33
1501,1895,Kelly Brown,M50-54,217,Open,United States,1:08:44,5:12,5:46:31,8:23,4:29:53,11:38:43
1502,2513,Stefan Schöbel,M55-59,104,Open,Germany,1:27:01,6:05,5:36:28,5:24,4:23:54,11:38:52
1503,518,Jonathan Benson,M35-39,229,Open,United States,1:14:19,6:22,5:27:54,7:35,4:42:45,11:38:56
1504,1241,Gary Barnes,M40-44,262,Open,Australia,1:05:51,4:38,5:16:15,5:43,5:06:33,11:39:00
1505,2595,Olaf Krueger,M55-59,105,Open,Germany,1:08:24,3:41,5:38:22,6:52,4:41:42,11:39:01
1506,708,Carsten Stahn,M60-64,41,Open,Germany,1:11:09,5:09,5:09:35,6:26,5:06:42,11:39:01
1507,2521,Filip Klein,M55-59,106,Open,Denmark,1:22:53,5:02,5:10:29,6:21,4:54:27,11:39:11
1508,348,Steven Bacon,M35-39,230,Open,United States,1:11:27,8:59,5:38:29,6:40,4:33:55,11:39:30
1509,1569,Marcel Bossog,M45-49,245,Open,Germany,1:13:24,8:37,5:36:06,7:45,4:33:48,11:39:41
1510,2463,Antonio Perez-Manglano Ordovas,M55-59,107,Open,Spain,1:13:37,7:17,6:16:53,8:32,3:53:24,11:39:43
1511,2507,Wayne Ross,M55-59,108,Open,New Zealand,1:15:21,7:21,5:39:14,3:36,4:34:44,11:40:16
1512,2025,John Uribe,M50-54,218,Open,Colombia,1:33:07,7:52,5:49:52,7:26,4:02:10,11:40:27
1513,2428,Stephen Dummett,M55-59,109,Open,Australia,1:19:46,9:04,5:56:22,5:37,4:09:48,11:40:37
1514,2358,Heinrich Becker,M55-59,110,Open,Germany,1:18:41,6:24,5:57:58,7:02,4:10:43,11:40:49
1515,2551,David Martin,M55-59,111,Open,United States,1:22:17,6:30,5:47:26,4:59,4:19:36,11:40:49
1516,1413,Marc Putzke,M40-44,263,Open,Germany,1:09:50,6:10,5:35:01,6:57,4:42:54,11:40:52
1517,2101,Sergio Sanchez,M50-54,219,Open,Peru,1:01:32,7:35,5:41:56,7:28,4:42:57,11:41:28
1518,2224,Roberto Muò,M50-54,220,Open,Italy,1:08:19,9:16,6:07:05,7:59,4:08:56,11:41:35
1519,2568,Tommy Karlsson,M55-59,112,Open,Sweden,1:27:58,8:40,5:59:21,6:58,3:58:45,11:41:42
1520,745,Boaz Dinte,M60-64,42,Open,Israel,1:07:52,6:47,5:46:22,9:20,4:31:28,11:41:49
1521,372,Takuya Hishinuma,M35-39,231,Open,Japan,1:12:59,9:39,6:14:24,9:07,3:55:46,11:41:55
1522,857,Jim Larrieu,M65-69,12,Open,United States,1:19:35,5:16,6:00:18,6:22,4:10:37,11:42:08
1523,2603,Frank Erle,M55-59,113,Open,Germany,1:20:36,4:22,5:33:37,4:51,4:38:50,11:42:16
1524,303,Andrew Shen,M25-29,106,Open,United States,1:25:00,4:44,5:27:50,5:02,4:39:43,11:42:19
1525,499,Jaap Koetsier,M35-39,232,Open,Netherlands,1:08:09,3:29,6:07:40,8:30,4:15:09,11:42:57
1526,629,Murray Walls,M60-64,43,Open,Australia,1:22:51,9:08,5:43:47,6:52,4:20:24,11:43:03
1527,343,Andrew Haigh,M35-39,233,Open,United Kingdom,1:16:10,5:32,6:14:19,8:31,3:58:31,11:43:04
1528,2355,Cameron Mcgill,M55-59,114,Open,Australia,1:08:08,9:31,5:37:05,7:18,4:41:28,11:43:30
1529,2442,Oliver Weber,M55-59,115,Open,United States,1:09:16,7:01,5:30:42,7:58,4:48:37,11:43:33
1530,1954,Carl Barrett,M50-54,221,Open,Canada,1:09:15,8:43,5:38:26,4:27,4:43:01,11:43:52
1531,2000,Ian Dickens,M50-54,222,Open,United Kingdom,1:29:12,6:48,5:34:51,7:57,4:26:31,11:45:19
1532,1631,Oliver Spurzem,M45-49,246,Open,Germany,1:04:03,6:14,5:31:45,6:08,4:57:09,11:45:19
1533,293,Alden Grimes,M25-29,107,Open,United States,1:02:00,5:46,5:37:53,6:38,4:53:22,11:45:40
1534,590,Gerrit Soetman,M60-64,44,Open,Netherlands,1:21:53,5:56,5:24:01,3:29,4:50:27,11:45:46
1535,1820,Cody Leibel,M45-49,247,Open,Canada,1:07:18,7:42,5:32:00,7:13,4:51:52,11:46:05
1536,1332,Ralph Francistino Arche,M40-44,264,Open,Philippines,1:08:17,5:36,5:56:55,6:36,4:29:06,11:46:30
1537,2086,Henri Morales,M50-54,223,Open,United States,1:01:56,5:54,5:56:04,4:42,4:38:13,11:46:49
1538,2239,Oliver Klaus,M50-54,224,Open,Switzerland,1:13:22,4:46,5:17:17,4:03,5:07:23,11:46:52
1539,489,Matt Andrews,M35-39,234,Open,United States,56:43,6:07,5:31:57,8:40,5:03:46,11:47:13
1540,660,John Hornsby,M60-64,45,Open,Australia,1:14:18,4:26,5:46:27,4:36,4:37:32,11:47:19
1541,2144,Fernando Lopez,M50-54,225,Open,Uruguay,1:16:15,5:13,5:53:05,7:02,4:25:47,11:47:22
1542,2302,Patrick Brotons,M50-54,226,Open,France,1:18:03,4:52,5:49:40,5:42,4:29:10,11:47:27
1543,717,Marcus Jores,M60-64,46,Open,Germany,1:11:02,6:22,5:18:17,9:09,5:02:47,11:47:37
1544,647,Thomas Geiger,M60-64,47,Open,Germany,1:08:53,5:39,5:34:43,5:09,4:53:20,11:47:45
1545,1935,Sébastien Granié,M50-54,227,Open,France,1:12:56,7:25,5:21:52,8:20,4:57:21,11:47:54
1546,1948,David Sands,M50-54,228,Open,United Kingdom,1:11:12,5:59,6:12:51,7:12,4:10:44,11:47:58
1547,1124,Scott Helgeson,M30-34,195,Open,United States,1:18:35,8:44,5:11:16,8:42,5:00:41,11:47:59
1548,1559,Olek Lakomski,M45-49,248,Open,Poland,1:16:41,5:49,6:07:17,6:54,4:11:19,11:48:01
1549,2048,Andreas Müller,M50-54,229,Open,Germany,1:12:56,5:32,6:22:14,6:22,4:01:00,11:48:05
1550,847,Kris Warszawski,M65-69,13,Open,United States,1:31:41,8:16,5:41:39,5:21,4:21:11,11:48:08
1551,700,Jonathan Whitehead,M60-64,48,Open,United States,59:15,5:51,5:21:18,4:52,5:17:59,11:49:16
1552,2303,Craig Jackson,M50-54,230,Open,New Zealand,1:11:36,6:53,5:45:41,7:41,4:37:36,11:49:27
1553,2365,Jay Lagrone,M55-59,116,Open,United States,1:32:37,6:27,6:03:08,5:05,4:02:26,11:49:43
1554,2477,Peter Dodd,M55-59,117,Open,Canada,1:17:41,7:12,5:38:57,6:17,4:39:47,11:49:54
1555,1206,Ethan Bassett,M40-44,265,Open,United States,55:44,5:18,5:36:39,5:04,5:07:17,11:50:02
1556,1583,Charlie Reading,M45-49,249,Open,United Kingdom,1:14:08,8:01,5:39:31,6:07,4:42:28,11:50:16
1557,2498,Nikolaus Ferstl,M55-59,118,Open,Germany,1:28:09,9:59,5:50:27,8:06,4:13:34,11:50:16
1558,2460,Jörg Kult,M55-59,119,Open,Germany,1:18:38,5:36,5:46:54,5:50,4:33:21,11:50:18
1559,2454,Christoph Reimold,M55-59,120,Open,Germany,1:14:48,5:09,5:42:41,7:08,4:40:40,11:50:26
1560,1887,Kevin Hill,M50-54,231,Open,Canada,1:12:57,9:40,5:55:54,9:56,4:22:01,11:50:29
1561,2391,Thomas Fox,M55-59,121,Open,Germany,1:22:29,10:47,5:40:09,9:16,4:27:52,11:50:34
1562,2439,Kurt Mellick,M55-59,122,Open,United States,1:25:11,9:44,6:12:04,7:18,3:56:22,11:50:40
1563,1929,Sebastian Sucari,M50-54,232,Open,Argentina,1:03:48,4:39,6:02:28,5:47,4:34:02,11:50:44
1564,2389,Jeff Jacobs,M55-59,123,Open,United States,1:09:07,6:46,5:29:34,7:15,5:00:09,11:52:50
1565,713,Graham Tye,M60-64,49,Open,United Kingdom,1:16:24,5:57,5:57:55,6:57,4:25:41,11:52:54
1566,2539,Craig Brighouse,M55-59,124,Open,New Zealand,1:09:54,4:30,6:14:05,5:17,4:19:09,11:52:55
1567,1618,Glenn Merkel,M45-49,250,Open,United States,1:17:07,6:49,5:33:26,6:53,4:48:43,11:52:59
1568,1975,Soeren Philipps,M50-54,233,Open,Germany,1:17:00,7:03,6:11:21,5:15,4:12:36,11:53:15
1569,1565,Joel Mcfarland,M45-49,251,Open,United States,58:24,6:19,5:47:30,5:11,4:55:59,11:53:22
1570,1475,Francesco Frova,M40-44,266,Open,Italy,1:13:44,11:33,6:02:51,15:31,4:09:58,11:53:37
1571,1331,Ryan Long,M40-44,267,Open,United States,59:55,5:33,5:20:47,5:30,5:21:56,11:53:41
1572,1999,Jakob Nielsen,M50-54,234,Open,Denmark,1:26:58,4:54,5:58:31,8:25,4:15:02,11:53:50
1573,2565,Tony Lavesson,M55-59,125,Open,Sweden,1:32:26,5:45,6:09:13,4:28,4:02:01,11:53:54
1574,1763,Angelo Barone,M45-49,252,Open,Italy,58:43,5:12,5:29:39,6:10,5:14:16,11:54:00
1575,1912,Darren Young,M50-54,235,Open,Samoa,1:13:03,8:17,5:34:04,7:44,4:50:54,11:54:03
1576,2208,Lewis Waterworth,M50-54,236,Open,Ireland,1:13:22,9:13,5:48:38,5:38,4:37:16,11:54:07
1577,408,Joshua Baker,M35-39,235,Open,United States,1:02:26,8:54,5:51:36,7:16,4:44:02,11:54:13
1578,1980,Dirk Janz,M50-54,237,Open,Germany,1:31:08,6:05,5:30:53,4:58,4:41:09,11:54:13
1579,1327,Charles Tull,M40-44,268,Open,United Kingdom,1:27:26,5:38,6:00:34,4:10,4:16:35,11:54:23
1580,1487,Jimmy Jacobs,M40-44,269,Open,Belgium,59:48,5:51,5:00:34,4:27,5:43:49,11:54:29
1581,1547,Eitan Segev,M45-49,253,Open,Israel,1:17:44,5:13,5:38:18,7:00,4:46:22,11:54:35
1582,2174,Brendan Heal,M50-54,238,Open,New Zealand,1:09:08,5:02,5:33:14,5:27,5:01:47,11:54:38
1583,850,Perry Nation,M65-69,14,Open,Australia,1:07:24,5:26,5:49:22,8:39,4:43:55,11:54:45
1584,1723,Jun Kanazawa,M45-49,254,Open,Japan,1:16:16,5:29,5:39:25,7:28,4:46:09,11:54:46
1585,2080,Daniel Henggeler,M50-54,239,Open,Switzerland,1:17:37,9:45,5:58:03,6:35,4:22:49,11:54:49
1586,974,Loïc Boschi,M30-34,196,Open,France,1:17:59,6:16,5:21:44,6:01,5:02:50,11:54:50
1587,2297,Andrey Antipinskiy,M50-54,240,Open,Cyprus,1:26:37,3:49,5:50:45,6:29,4:27:15,11:54:55
1588,1394,Paul Barth,M40-44,270,Open,Germany,1:17:14,5:43,6:18:49,8:30,4:04:44,11:55:01
1589,2435,Michael Riley,M55-59,126,Open,United States,1:09:30,7:55,5:36:46,5:34,4:55:22,11:55:07
1590,821,Tim Brown,M65-69,15,Open,United States,1:19:03,7:43,5:49:21,6:41,4:32:26,11:55:13
1591,2376,Jan Von Recum,M55-59,127,Open,Germany,1:06:18,8:16,5:51:26,6:01,4:43:20,11:55:22
1592,2317,Patrick Mcmanamny,M50-54,241,Open,Australia,1:06:10,5:16,6:01:12,5:19,4:37:28,11:55:25
1593,2523,Pete Cornwell,M55-59,128,Open,United Kingdom,1:11:03,5:37,6:03:47,6:51,4:28:17,11:55:35
1594,2038,Toshikazu Imada,M50-54,242,Open,Japan,1:10:43,6:49,6:04:16,6:08,4:28:06,11:56:03
1595,2479,Colin Teevan,M55-59,129,Open,Ireland,1:16:34,6:43,6:04:55,6:19,4:21:49,11:56:20
1596,560,Aik Tia,M35-39,236,Open,Malaysia,1:29:31,4:32,6:22:14,4:19,3:56:13,11:56:51
1597,235,Julian Teves,M25-29,108,Open,Philippines,1:03:32,4:17,5:34:04,4:25,5:11:16,11:57:34
1598,784,Thierry Foulounoux,M65-69,16,Open,France,1:22:15,7:49,5:52:22,7:39,4:27:35,11:57:40
1599,589,Les Fisher,M60-64,50,Open,Canada,1:12:05,10:06,5:40:01,10:27,4:45:05,11:57:44
1600,2279,Finbarr Collins,M50-54,243,Open,Ireland,1:09:48,4:23,5:56:43,6:41,4:40:10,11:57:44
1601,737,Frank Dietrich,M60-64,51,Open,Germany,1:15:07,5:24,6:02:00,8:50,4:27:01,11:58:22
1602,2416,Sean Snow,M55-59,130,Open,United States,1:12:13,7:12,5:57:15,10:05,4:31:41,11:58:26
1603,2481,Waldo Duin,M55-59,131,Open,Netherlands,1:16:17,6:12,5:43:20,5:13,4:47:31,11:58:33
1604,1571,Stefaan De Clercq,M45-49,255,Open,Belgium,1:20:14,8:17,6:16:10,9:05,4:04:59,11:58:45
1605,2278,Gilles Bittau,M50-54,244,Open,France,1:28:45,6:50,6:09:45,5:57,4:07:30,11:58:46
1606,1842,Kris Roesken,M45-49,256,Open,United States,1:16:33,5:36,5:48:18,7:29,4:40:59,11:58:56
1607,827,Ib Erik Jensen,M65-69,17,Open,Denmark,1:25:16,6:05,5:55:20,9:21,4:23:29,11:59:31
1608,1509,Hiromoto Taguchi,M45-49,257,Open,Japan,1:16:23,10:48,6:14:28,9:02,4:09:07,11:59:48
1609,743,Dave Lundberg,M60-64,52,Open,United States,1:09:56,7:37,5:47:38,5:54,4:48:45,11:59:50
1610,2434,Tomas Latorre Rubio,M55-59,132,Open,Spain,1:17:39,5:01,6:00:05,4:48,4:32:24,11:59:57
1611,2077,Mark Witkiewicz,M50-54,245,Open,United States,1:07:24,7:37,5:27:54,7:08,5:09:55,11:59:58
1612,515,Josue Borja Mancheno,M35-39,237,Open,Ecuador,1:08:07,6:27,6:09:04,9:47,4:26:39,12:00:04
1613,2602,Tatsuya Imai,M55-59,133,Open,Japan,1:07:51,5:44,6:19:13,4:34,4:22:44,12:00:05
1614,787,Pierre Berlie,M65-69,18,Open,Switzerland,1:06:55,4:15,5:39:54,4:22,5:04:40,12:00:06
1615,2581,Olav Niedieck,M55-59,134,Open,Germany,1:15:10,6:31,5:27:47,8:28,5:02:13,12:00:08
1616,1197,Frederick Adams,M40-44,271,Open,United States,1:12:05,7:03,5:32:50,9:54,4:58:34,12:00:25
1617,1875,Marcin Winiarski,M45-49,258,Open,United States,1:17:39,6:08,5:33:44,5:20,4:57:37,12:00:28
1618,2293,Michael Lecuivre,M50-54,246,Open,France,1:11:30,5:24,5:36:30,6:06,5:01:03,12:00:33
1619,2630,Fernando Gil,M55-59,135,Open,Spain,1:18:47,6:38,5:57:32,7:37,4:30:01,12:00:36
1620,858,Thierry Reghem,M65-69,19,Open,France,1:15:58,6:18,5:56:41,5:43,4:36:04,12:00:45
1621,2628,Derek Bouwer,M55-59,136,Open,South Africa,1:06:29,9:27,5:57:19,8:28,4:39:10,12:00:54
1622,2449,Sylvain Laur,M55-59,137,Open,France,1:12:18,6:12,5:55:58,7:04,4:39:38,12:01:11
1623,1098,Jan Vojtisek,M30-34,197,Open,Czechia,1:15:46,6:41,5:24:01,6:40,5:08:13,12:01:21
1624,686,Steve Sherling,M60-64,53,Open,United States,1:19:59,7:00,6:18:15,7:59,4:08:19,12:01:31
1625,2480,Kuwamoto Tadaaki,M55-59,138,Open,Japan,1:23:52,8:42,5:50:09,9:53,4:29:41,12:02:18
1626,2527,Michael Endl,M55-59,139,Open,Austria,1:21:05,5:58,5:47:01,8:36,4:39:42,12:02:21
1627,2542,Richard Hine,M55-59,140,Open,New Zealand,1:21:26,6:54,5:47:01,5:29,4:41:38,12:02:28
1628,1420,Mark Styles,M40-44,272,Open,United Kingdom,1:12:06,4:58,5:26:40,5:10,5:13:54,12:02:47
1629,244,Leonard Schwier,M25-29,109,Open,Germany,1:27:53,9:28,5:57:19,10:27,4:17:54,12:03:00
1630,776,Koji Akahama,M65-69,20,Open,Japan,1:28:11,8:36,6:14:29,7:14,4:04:40,12:03:11
1631,841,Ghislain Grandisson,M65-69,21,Open,Canada,1:11:47,6:16,6:01:27,6:20,4:37:45,12:03:35
1632,1698,Beimal Patel,M45-49,259,Open,United States,1:26:07,7:35,5:51:13,11:57,4:27:17,12:04:09
1633,2486,William Owsley,M55-59,141,Open,United States,1:08:25,7:33,5:26:17,15:05,5:07:37,12:04:56
1634,2414,William Daley,M55-59,142,Open,United States,1:10:38,7:02,6:10:44,6:55,4:30:17,12:05:37
1635,2056,Daniel Richter,M50-54,247,Open,Germany,1:33:35,6:14,5:52:57,5:53,4:27:12,12:05:51
1636,2350,Arie Scheurkogel,M55-59,143,Open,United States,1:12:21,11:32,5:56:29,10:49,4:34:48,12:06:00
1637,2230,Sukhi Muker,M50-54,248,Open,Canada,1:17:54,4:58,5:51:00,5:00,4:47:19,12:06:12
1638,2503,Lars Thomsen,M55-59,144,Open,Denmark,1:44:45,5:17,6:07:57,7:40,4:00:44,12:06:23
1639,587,Michael Bennett,M60-64,54,Open,United States,1:04:50,5:32,5:55:12,6:48,4:54:11,12:06:33
1640,662,Mark Burke,M60-64,55,Open,New Zealand,1:10:55,5:18,5:30:22,7:56,5:12:19,12:06:50
1641,1279,Tomasz Tarski,M40-44,273,Open,Poland,1:23:32,4:08,6:01:02,7:19,4:30:59,12:07:00
1642,2253,Shoji Iwabuchi,M50-54,249,Open,Japan,1:05:55,7:20,6:07:46,10:53,4:35:08,12:07:01
1643,1797,Leonard Clemens,M45-49,260,Open,Austria,1:06:13,5:03,5:16:38,5:03,5:34:28,12:07:25
1644,2128,Hikaru Suda,M50-54,250,Open,Japan,1:08:13,13:14,6:36:29,6:45,4:03:08,12:07:50
1645,1343,Florian Ganz,M40-44,274,Open,Germany,1:13:30,5:22,5:25:18,7:15,5:16:37,12:08:01
1646,2374,Marcelo Raices,M55-59,145,Open,Argentina,1:24:51,6:54,6:05:10,7:28,4:24:36,12:08:59
1647,277,Bryce Devine,M25-29,110,Open,United States,1:19:33,6:43,5:44:11,9:36,4:49:06,12:09:09
1648,1828,Arthur Ferraz,M45-49,261,Open,Brazil,56:28,3:24,4:59:34,4:09,6:05:42,12:09:17
1649,2055,Sylvain Prenel,M50-54,251,Open,France,1:13:32,5:13,5:48:20,7:27,4:55:02,12:09:34
1650,297,Nolan Vondracek,M25-29,111,Open,United States,1:09:29,7:14,6:04:53,6:15,4:42:09,12:10:01
1651,1204,Mark Fusler,M40-44,275,Open,United States,1:12:09,8:21,5:57:45,7:12,4:44:53,12:10:19
1652,1311,Michael Clark,M40-44,276,Open,Canada,1:13:07,5:19,5:54:57,5:02,4:52:38,12:11:03
1653,724,Marc Ware,M60-64,56,Open,Australia,1:09:32,6:19,5:50:50,6:21,4:58:07,12:11:10
1654,657,Simon Glastonbury,M60-64,57,Open,Australia,1:17:38,7:07,5:57:40,6:41,4:42:04,12:11:11
1655,2227,Sebastien Bousquet,M50-54,252,Open,France,1:09:42,4:00,6:07:16,7:06,4:43:26,12:11:31
1656,1550,Kim Jacobsen,M45-49,262,Open,Denmark,1:15:27,11:14,6:03:31,7:48,4:33:44,12:11:44
1657,2359,Steffen Fleischer,M55-59,146,Open,Germany,1:25:10,6:01,6:05:52,5:11,4:30:09,12:12:24
1658,389,Julio Radesca,M35-39,238,Open,Brazil,1:12:48,6:19,6:35:32,11:21,4:07:38,12:13:39
1659,1789,Junichi Ishizuka,M45-49,263,Open,Japan,1:09:29,6:23,5:43:12,9:40,5:05:05,12:13:50
1660,2403,Alexander-Maximilian Ernst,M55-59,147,Open,Germany,1:02:49,8:13,5:39:41,9:05,5:14:29,12:14:16
1661,2020,Ian Smith,M50-54,253,Open,United Kingdom,1:11:27,7:16,6:02:31,8:54,4:44:19,12:14:28
1662,1958,Håkan Andersson,M50-54,254,Open,Sweden,1:17:05,9:21,5:58:10,9:48,4:40:10,12:14:33
1663,1519,John Patterson,M45-49,264,Open,United States,1:19:45,8:22,5:43:12,8:59,4:54:20,12:14:38
1664,623,Dougal Gow,M60-64,58,Open,United Kingdom,1:10:08,4:37,5:52:13,5:36,5:02:09,12:14:42
1665,105,Jan Tomanek,MHC,,Open,Czechia,1:16:07,9:49,7:53:49,5:08,2:50:17,12:15:11
1666,2596,Jeffrey Grinkovitch,M55-59,148,Open,United States,1:37:37,9:59,6:12:39,7:43,4:07:46,12:15:43
1667,2115,Paul Lunn,M50-54,255,Open,United Kingdom,1:07:39,4:36,4:50:52,4:54,6:08:02,12:16:03
1668,1983,Chad Jarrett,M50-54,256,Open,United States,1:13:07,7:35,5:29:20,7:32,5:18:44,12:16:17
1669,2491,Hideki Toyokawa,M55-59,149,Open,Japan,1:19:16,5:31,5:52:47,8:53,4:49:52,12:16:19
1670,1685,Gareth Selway,M45-49,265,Open,United Kingdom,1:07:29,6:29,5:28:41,6:41,5:27:03,12:16:24
1671,2371,Mark Adams,M55-59,150,Open,United Kingdom,1:17:58,7:14,6:03:30,6:51,4:40:52,12:16:26
1672,278,Werner Malan,M25-29,112,Open,New Zealand,1:00:16,5:10,5:17:26,4:30,5:50:22,12:17:44
1673,1377,Leandro Grippo,M40-44,277,Open,Brazil,59:55,5:51,5:41:18,8:55,5:21:50,12:17:48
1674,2255,Jose Lebron,M50-54,257,Open,Puerto Rico,1:21:46,6:59,6:07:01,9:52,4:32:22,12:18:00
1675,718,Michael Tse,M60-64,59,Open,Hong Kong,1:28:49,5:51,5:39:10,9:56,4:54:27,12:18:15
1676,2497,John Renken,M55-59,151,Open,United States,1:19:17,8:54,5:44:11,9:11,4:57:05,12:18:38
1677,2001,Jochen Berbner,M50-54,258,Open,Germany,1:13:02,9:41,6:17:42,8:40,4:30:26,12:19:32
1678,2550,Juan Carlos Diaz Bernard,M55-59,152,Open,Mexico,1:20:32,6:09,6:40:31,5:38,4:06:55,12:19:44
1679,1991,Rogelio Castaneda,M50-54,259,Open,United States,1:13:06,9:42,6:29:55,10:35,4:16:42,12:20:00
1680,1944,Aziz Mimouni,M50-54,260,Open,France,1:25:41,7:42,6:06:14,6:52,4:33:56,12:20:24
1681,2160,Karl Smith,M50-54,261,Open,United States,1:23:28,7:08,6:00:13,6:47,4:42:51,12:20:28
1682,2635,Tim Montague-Jones,M55-59,153,Open,Australia,1:17:42,9:39,6:00:56,8:58,4:43:21,12:20:36
1683,2163,James Knight,M50-54,262,Open,Australia,1:19:31,5:27,5:32:54,7:46,5:15:14,12:20:50
1684,1307,Adam Speer,M40-44,278,Open,Ireland,1:06:36,5:44,5:16:43,5:39,5:46:11,12:20:54
1685,1681,Justin Bauer,M45-49,266,Open,United States,1:13:54,8:41,5:44:51,9:55,5:03:35,12:20:57
1686,104,Jason Fowler,MHC,,Open,United States,1:28:35,5:33,8:07:50,3:50,2:35:19,12:21:07
1687,773,Fernando Feijão,M65-69,22,Open,Portugal,1:37:47,4:42,6:34:07,7:00,3:57:43,12:21:19
1688,1917,Ernie Broennle,M50-54,263,Open,United States,1:13:05,8:36,6:03:18,9:26,4:47:06,12:21:29
1689,844,Kugcheol Lee,M65-69,23,Open,Korea,1:39:17,8:51,5:46:37,7:43,4:39:02,12:21:30
1690,2485,David Presland,M55-59,154,Open,New Zealand,1:14:50,7:54,5:58:18,8:06,4:52:44,12:21:51
1691,1133,Auttapol Charungwut,M30-34,198,Open,Thailand,1:06:30,6:36,5:42:23,10:23,5:16:25,12:22:17
1692,1759,Aaron Kuntz,M45-49,267,Open,United States,1:13:32,7:06,5:59:38,9:17,4:53:01,12:22:35
1693,795,Steven Chavez,M65-69,24,Open,United States,1:11:53,6:25,6:35:43,6:21,4:22:13,12:22:35
1694,1678,Ian Gerritsen,M45-49,268,Open,United States,1:26:40,7:10,5:54:59,6:28,4:47:27,12:22:44
1695,1506,Todd Ridge,M45-49,269,Open,Australia,1:13:51,4:39,5:54:29,4:58,5:05:04,12:23:02
1696,1560,Toi Wong,M45-49,270,Open,Malaysia,1:35:49,5:24,5:56:24,5:44,4:39:47,12:23:09
1697,1953,Tom Scherger,M50-54,264,Open,United States,1:25:24,7:40,6:26:15,7:42,4:16:27,12:23:28
1698,2438,Ronn Clark,M55-59,155,Open,United States,1:19:02,4:22,5:35:21,7:31,5:17:34,12:23:49
1699,1219,Cristian Logofatu,M40-44,279,Open,Romania,1:09:29,11:09,5:55:27,8:19,4:59:58,12:24:21
1700,1522,Miroslav Gottlieb,M45-49,271,Open,Czechia,1:03:31,4:49,6:09:00,6:57,5:00:06,12:24:23
1701,287,Anton Arvidson,M25-29,113,Open,Sweden,1:13:13,3:40,5:47:59,4:30,5:15:43,12:25:05
1702,1775,Rodrigo Tosta Goncalves,M45-49,272,Open,Brazil,1:05:47,7:31,5:51:49,7:19,5:12:42,12:25:08
1703,1965,Doron Gutstadt,M50-54,265,Open,Israel,1:12:52,10:04,5:53:21,11:27,4:57:55,12:25:38
1704,842,Andrew Mcleod,M65-69,25,Open,New Zealand,1:16:06,6:26,5:54:52,6:53,5:01:34,12:25:51
1705,729,Daniel Bullis,M60-64,60,Open,United States,1:02:21,9:10,6:05:39,9:01,5:00:06,12:26:17
1706,636,Paul Strong,M60-64,61,Open,United States,1:02:45,6:02,5:29:30,5:21,5:43:16,12:26:54
1707,1361,Ivan Chumachenko,M40-44,280,Open,United States,1:14:01,6:56,6:19:57,7:36,4:38:28,12:26:57
1708,1738,Jason Ming,M45-49,273,Open,United States,1:14:10,7:40,5:06:22,10:11,5:48:36,12:26:58
1709,645,Scott Powell,M60-64,62,Open,United States,1:06:36,7:40,5:34:49,5:26,5:32:29,12:27:00
1710,1604,Stephen Sweet,M45-49,274,Open,United States,1:11:24,6:20,5:59:16,7:35,5:02:29,12:27:05
1711,1962,Luiz Henrique De Faria Leite,M50-54,266,Open,Brazil,1:20:53,6:30,6:10:40,6:03,4:43:03,12:27:09
1712,2440,Emilio Previtali,M55-59,156,Open,Italy,1:11:38,5:26,5:31:11,7:12,5:31:47,12:27:15
1713,866,Arthur Halttunen,M70-74,1,Open,United States,1:09:26,7:12,6:30:38,5:50,4:34:13,12:27:19
1714,1939,Joel Volterra,M50-54,267,Open,United States,1:05:58,6:14,6:07:24,5:19,5:02:23,12:27:19
1715,2607,Arne Dyck,M55-59,157,Open,Germany,1:17:05,4:44,5:20:11,5:26,5:40:12,12:27:37
1716,2564,Reiner Hildbrand,M55-59,158,Open,Germany,1:20:31,8:52,5:24:57,8:40,5:24:40,12:27:40
1717,1774,James Drake,M45-49,275,Open,United Kingdom,1:19:24,5:55,5:36:18,19:21,5:07:14,12:28:10
1718,2483,Maciej Nosek,M55-59,159,Open,Poland,1:25:50,5:05,5:24:18,6:37,5:26:25,12:28:15
1719,1393,Mehmet Dasiyici,M40-44,281,Open,Turkey,1:31:57,8:01,6:13:59,11:03,4:23:45,12:28:45
1720,2554,Wolfgang Beez,M55-59,160,Open,United States,1:14:56,10:03,6:15:09,8:44,4:40:03,12:28:55
1721,320,Benjamin Keller,M35-39,239,Open,United States,1:31:13,6:17,5:47:53,8:55,4:54:38,12:28:56
1722,1404,Nathaniel Hyde,M40-44,282,Open,United States,1:12:03,6:46,5:50:10,10:23,5:09:52,12:29:14
1723,1852,Lloyd Gillespie,M45-49,276,Open,United States,1:09:17,6:13,6:09:07,6:49,4:57:54,12:29:19
1724,2587,Anthony Kotas,M55-59,161,Open,United States,1:23:31,5:37,6:04:23,4:49,4:51:05,12:29:24
1725,2623,Arthus Del Rio,M55-59,162,Open,United States,1:19:08,4:57,5:46:42,5:17,5:13:48,12:29:51
1726,212,Cooper Green,M25-29,114,Open,United States,54:49,9:05,5:07:35,5:31,6:12:59,12:29:59
1727,1894,Andrej Bivic,M50-54,268,Open,Slovenia,1:13:01,5:47,5:58:12,9:02,5:03:59,12:30:01
1728,615,Sergio Herrada,M60-64,63,Open,United States,1:22:04,6:46,6:11:46,7:51,4:41:44,12:30:11
1729,2593,Mikael Kristensen,M55-59,163,Open,Denmark,1:22:20,9:10,6:22:51,10:12,4:25:47,12:30:20
1730,2254,Tobias Larsson,M50-54,269,Open,Sweden,1:16:35,5:04,6:45:44,5:49,4:17:11,12:30:23
1731,692,Dean Sprague,M60-64,64,Open,United States,1:14:05,5:21,6:22:28,6:06,4:42:34,12:30:33
1732,322,Michael Gardiner,M35-39,240,Open,Australia,1:02:14,6:59,5:47:41,9:50,5:24:07,12:30:52
1733,1886,Sean Mc Cabe,M50-54,270,Open,Ireland,1:37:10,9:02,6:12:06,9:11,4:23:29,12:30:58
1734,1821,Clement Qaqish,M45-49,277,Open,United States,1:30:37,13:29,6:23:06,7:29,4:16:57,12:31:39
1735,2257,Mike Atkinson,M50-54,271,Open,South Africa,1:13:02,8:14,6:10:12,11:35,4:48:59,12:32:04
1736,2431,Joey Rivera,M55-59,164,Open,United States,1:21:11,8:07,6:24:05,7:31,4:31:22,12:32:17
1737,179,Kyle Davis,M18-24,56,Open,Australia,1:04:40,5:39,5:25:38,4:25,5:52:04,12:32:26
1738,1891,David Dosier,M50-54,272,Open,United States,1:18:58,10:46,6:03:53,7:42,4:51:32,12:32:51
1739,1587,David Garza,M45-49,278,Open,United States,1:19:54,5:47,6:06:59,7:57,4:53:04,12:33:41
1740,622,Richard Jansik,M60-64,65,Open,United States,1:25:13,9:11,5:40:24,7:01,5:12:15,12:34:04
1741,2557,Peter Hyland,M55-59,165,Open,United States,1:21:34,6:55,5:40:25,4:46,5:20:34,12:34:13
1742,1162,Cheyne Willebrands,M40-44,283,Open,Australia,1:27:51,7:41,6:28:54,7:38,4:22:28,12:34:32
1743,2286,Kennet Hammerby,M50-54,273,Open,Denmark,1:34:33,8:51,6:05:20,8:09,4:37:40,12:34:33
1744,897,Joel Kriger,M70-74,2,Open,Brazil,1:08:06,10:46,6:50:34,8:08,4:17:50,12:35:24
1745,2387,Bob Stocks,M55-59,166,Open,United States,59:50,7:33,5:54:33,11:53,5:21:36,12:35:24
1746,803,Tom Monica,M65-69,26,Open,United States,1:07:01,6:10,6:08:15,7:42,5:06:48,12:35:56
1747,1823,Peng Liu,M45-49,279,Open,China,1:24:22,6:52,6:07:37,9:03,4:48:18,12:36:11
1748,2396,Michael Von Wolff,M55-59,167,Open,Germany,1:32:36,13:16,6:16:53,7:43,4:26:11,12:36:40
1749,2339,Michael Breen,M50-54,274,Open,United States,1:12:51,6:44,5:56:25,7:38,5:13:29,12:37:07
1750,1351,Joohyung Jung,M40-44,284,Open,Korea,1:22:18,6:25,6:17:10,5:59,4:45:45,12:37:36
1751,2120,Tim Hutchins,M50-54,275,Open,United Kingdom,1:41:15,8:03,6:22:17,8:32,4:18:29,12:38:35
1752,703,Oscar Capistrano Magalhaes,M60-64,66,Open,Brazil,1:15:27,5:17,6:20:01,6:28,4:51:41,12:38:53
1753,2488,Mike Cherry,M55-59,168,Open,United States,1:29:04,7:52,6:26:07,8:30,4:27:49,12:39:23
1754,1928,Dan Funk,M50-54,276,Open,United States,1:12:11,8:39,5:59:48,7:28,5:11:52,12:39:58
1755,764,Sam Karliner,M60-64,67,Open,United States,1:20:07,7:08,5:48:45,7:06,5:17:01,12:40:07
1756,2552,Mark Livingston,M55-59,169,Open,United Kingdom,1:14:20,11:32,6:16:06,8:40,4:49:32,12:40:11
1757,707,Markus Schlosser,M60-64,68,Open,Germany,1:32:30,8:25,6:29:33,11:00,4:19:07,12:40:36
1758,2194,Morten Siem Lynge,M50-54,277,Open,Denmark,1:14:51,7:32,5:05:20,5:32,6:07:40,12:40:55
1759,614,Franck Vuaillat,M60-64,69,Open,France,1:16:42,8:44,6:13:47,12:38,4:49:52,12:41:43
1760,487,Shray Kandhari,M35-39,241,Open,India,1:22:54,5:03,6:02:06,8:45,5:03:11,12:41:59
1761,620,Hiroshi Iwabuchi,M60-64,70,Open,Japan,1:21:24,8:56,6:10:23,8:49,4:52:32,12:42:03
1762,907,Ray Shane,M70-74,3,Open,United States,1:14:00,8:56,6:23:16,8:49,4:47:03,12:42:04
1763,682,Constantine Dasios,M60-64,71,Open,Australia,1:21:09,5:30,6:07:42,5:54,5:02:20,12:42:35
1764,2013,Dom Capel,M50-54,278,Open,United Kingdom,1:20:08,9:31,6:12:29,8:53,4:51:37,12:42:38
1765,207,Jamie Tyerman,M25-29,115,Open,United Kingdom,1:13:56,6:18,6:11:12,8:53,5:02:32,12:42:51
1766,2089,Jun Yamamoto,M50-54,279,Open,Japan,1:40:36,11:03,6:20:14,5:16,4:25:44,12:42:52
1767,2182,Karsten Luecke,M50-54,280,Open,Germany,1:14:55,6:29,6:23:59,4:22,4:53:16,12:43:01
1768,2484,Kenneth Riess,M55-59,170,Open,Canada,1:08:18,8:15,5:34:00,10:44,5:42:07,12:43:23
1769,655,Henry Clark,M60-64,72,Open,United Kingdom,1:19:38,6:56,6:24:59,7:38,4:44:31,12:43:42
1770,2381,Vincent De Cleer,M55-59,171,Open,Belgium,1:11:44,6:48,5:58:07,5:13,5:21:53,12:43:45
1771,2508,Tim Richardson,M55-59,172,Open,United Kingdom,1:31:21,7:03,6:26:33,8:28,4:31:01,12:44:27
1772,106,Dennis Devereaux,MPC/ID,,Open,Australia,1:29:50,3:44,7:15:52,6:42,3:48:29,12:44:36
1773,1599,Scott Iott,M45-49,280,Open,United States,1:14:05,11:20,6:15:29,7:59,4:55:49,12:44:42
1774,2110,Daniel Monahan,M50-54,281,Open,United States,1:12:58,11:03,6:36:28,9:35,4:34:42,12:44:47
1775,1693,Chuck Knuth,M45-49,281,Open,United States,1:15:53,8:05,6:22:13,8:26,4:50:17,12:44:54
1776,656,Akio Yamauchi,M60-64,73,Open,Japan,1:43:41,12:09,6:15:28,10:37,4:23:35,12:45:31
1777,2582,Andy Rosenman,M55-59,173,Open,United States,1:26:00,10:15,6:27:06,8:30,4:34:34,12:46:26
1778,624,Elkhalil Binebine,M60-64,74,Open,Morocco,1:21:52,8:24,6:11:11,10:02,4:55:23,12:46:51
1779,1050,Bruno Artacho,M30-34,199,Open,Italy,1:01:46,4:41,5:46:51,5:04,5:48:37,12:46:58
1780,2458,Lorenz Jung,M55-59,174,Open,Switzerland,1:22:06,5:33,5:55:05,9:25,5:15:03,12:47:12
1781,2383,Marty Deason,M55-59,175,Open,United States,1:13:46,8:00,6:34:11,9:08,4:42:29,12:47:35
1782,1340,Mark Harrison,M40-44,285,Open,Canada,1:05:53,6:33,6:20:19,5:39,5:10:03,12:48:27
1783,156,Jakob Mast,M18-24,57,Open,Germany,1:28:24,5:18,6:05:45,4:50,5:04:40,12:48:57
1784,824,Youngdug Cho,M65-69,27,Open,Korea,1:31:33,10:05,5:51:54,9:14,5:06:44,12:49:30
1785,828,Eduardo Chipoco,M65-69,28,Open,Peru,1:26:56,9:48,6:24:00,9:00,4:40:36,12:50:20
1786,631,Jose Manuel Fernandez Ruiz,M60-64,75,Open,Spain,1:09:03,6:51,5:54:22,8:56,5:31:21,12:50:33
1787,1566,Raymond Tam,M45-49,282,Open,United States,1:22:12,11:07,6:58:25,8:44,4:10:21,12:50:49
1788,632,Frank Schubert,M60-64,76,Open,Germany,1:25:01,9:13,6:20:50,6:19,4:49:27,12:50:50
1789,1644,Darren Monti,M45-49,283,Open,United States,1:19:34,9:10,6:31:33,10:32,4:40:10,12:51:00
1790,2351,Andreas Haberl,M55-59,176,Open,Austria,1:34:25,7:31,6:02:23,8:34,4:58:34,12:51:27
1791,2515,Brian Schmitt,M55-59,177,Open,United States,1:16:01,11:23,6:11:14,8:39,5:04:36,12:51:53
1792,797,Edward Morgan,M65-69,29,Open,United Kingdom,1:27:21,7:20,6:37:37,6:58,4:32:45,12:52:00
1793,855,Werner Nussbaumer,M65-69,30,Open,Germany,1:35:35,5:02,6:02:30,9:13,4:59:41,12:52:02
1794,2079,Kenitiro Muto,M50-54,282,Open,Japan,1:19:45,10:12,6:34:02,7:38,4:40:27,12:52:04
1795,2406,Luc Gorostiza,M55-59,178,Open,Saint Martin,1:21:48,9:14,6:13:05,8:28,5:00:26,12:53:01
1796,2016,Ali Al-Tek,M50-54,283,Open,United Kingdom,1:19:39,8:03,5:42:00,9:32,5:34:05,12:53:18
1797,2433,Stefan Fransson,M55-59,179,Open,Sweden,1:16:33,10:14,6:38:56,9:51,4:38:20,12:53:53
1798,711,Volkmar Roth,M60-64,77,Open,Germany,1:08:37,10:00,5:37:38,8:46,5:48:53,12:53:55
1799,2574,Daniel Mastella,M55-59,180,Open,United States,1:15:18,7:43,6:13:19,12:19,5:05:51,12:54:30
1800,1512,Wei Ling Huang,M45-49,284,Open,Taiwan,1:42:25,6:26,6:02:03,5:46,4:58:27,12:55:07
1801,325,Glen Voss,M35-39,242,Open,Denmark,1:30:52,7:06,5:36:26,11:43,5:30:49,12:56:56
1802,678,Jaanus Kaur,M60-64,78,Open,Estonia,1:36:05,11:15,6:00:10,8:18,5:01:27,12:57:15
1803,1535,Tim Guttormson,M45-49,285,Open,Canada,1:16:21,6:46,5:54:49,5:58,5:33:44,12:57:38
1804,840,Hanoch Navri,M65-69,31,Open,Israel,1:44:21,8:55,6:28:43,10:14,4:25:43,12:57:56
1805,812,Daniel Berg,M65-69,32,Open,United States,1:38:28,8:44,5:54:17,8:27,5:08:24,12:58:20
1806,1619,Eric Borger,M45-49,286,Open,Germany,1:28:45,8:39,5:53:14,6:02,5:21:40,12:58:20
1807,1805,Trevor Outman,M45-49,287,Open,United States,1:16:35,6:52,6:26:41,7:20,5:01:46,12:59:14
1808,1924,Bret Dougherty,M50-54,284,Open,United States,1:23:08,8:03,6:20:30,8:17,4:59:51,12:59:49
1809,798,Doug Mackenzie,M65-69,33,Open,Canada,1:19:21,7:11,5:58:01,11:00,5:24:36,13:00:09
1810,1481,Bobbie Ashman,M40-44,286,Open,Australia,1:10:39,5:10,5:44:21,6:07,5:53:58,13:00:16
1811,603,Ian Parker,M60-64,79,Open,United Kingdom,1:25:07,7:28,6:09:27,5:46,5:12:44,13:00:33
1812,1918,Rob Phillips,M50-54,285,Open,United States,1:27:01,7:33,6:11:22,8:21,5:07:42,13:02:00
1813,2241,William Wright,M50-54,286,Open,United States,1:20:48,6:51,6:27:36,12:25,4:54:43,13:02:24
1814,2372,Serge Riviere,M55-59,181,Open,France,1:08:26,4:43,5:49:58,7:40,5:51:55,13:02:42
1815,2422,Lawrence Biacan,M55-59,182,Open,Philippines,1:31:33,7:08,6:15:39,7:36,5:01:05,13:03:01
1816,1905,Curt Ehlinger,M50-54,287,Open,United States,1:22:58,7:45,6:15:22,10:41,5:06:16,13:03:02
1817,757,Brian Blatter,M60-64,80,Open,United States,1:02:27,12:34,6:27:38,13:26,5:07:01,13:03:07
1818,2261,Toshiyuki Marui,M50-54,288,Open,Japan,1:23:00,3:42,6:10:24,7:26,5:18:51,13:03:23
1819,777,Kurt Madden,M65-69,34,Open,United States,1:09:57,6:32,5:57:02,8:42,5:41:25,13:03:38
1820,1483,Michael Tate,M40-44,287,Open,United States,1:04:54,7:24,5:17:37,6:25,6:27:41,13:04:01
1821,454,Mikhail Krasilnikov,M35-39,243,Open,Bulgaria,1:46:06,8:19,6:56:46,5:27,4:08:11,13:04:49
1822,765,Alejandro Cosentino,M60-64,81,Open,Argentina,1:30:11,7:35,6:36:26,5:13,4:45:59,13:05:23
1823,2151,Mariusz Wira,M50-54,289,Open,Poland,1:24:40,7:02,6:13:36,7:26,5:13:21,13:06:05
1824,612,Kenji Doya,M60-64,82,Open,Japan,1:25:26,7:04,6:25:12,15:11,4:53:26,13:06:19
1825,289,Thomas Bastien,M25-29,116,Open,France,1:29:47,9:52,6:05:20,9:27,5:12:19,13:06:44
1826,782,Roman Leder,M65-69,35,Open,Switzerland,1:35:28,6:27,6:17:42,6:18,5:01:15,13:07:10
1827,1534,Benjamin Ward,M45-49,288,Open,United States,1:09:27,7:15,5:48:16,10:37,5:51:49,13:07:24
1828,853,Omar Jimenez,M65-69,36,Open,Costa Rica,1:31:36,7:25,6:03:21,11:16,5:13:50,13:07:28
1829,685,Jeff Crosby,M60-64,83,Open,United States,1:11:39,6:16,5:45:34,6:45,5:57:30,13:07:45
1830,2006,Roland Pisch,M50-54,290,Open,Germany,1:30:14,8:05,6:31:01,9:39,4:49:30,13:08:28
1831,785,Kenro Kobayashi,M65-69,37,Open,Japan,1:27:39,8:31,6:25:55,8:24,4:58:00,13:08:29
1832,2468,Jim Delaurelle Ii,M55-59,183,Open,United States,1:34:01,13:10,6:20:35,9:54,4:51:11,13:08:50
1833,2417,Richard Rainey,M55-59,184,Open,United States,1:15:16,10:44,6:04:12,9:30,5:29:31,13:09:14
1834,1688,Jeff Van Sickle,M45-49,289,Open,United States,1:21:07,13:11,6:02:45,14:36,5:18:26,13:10:05
1835,601,Laurie Purcell,M60-64,84,Open,Australia,1:19:11,6:40,6:18:20,10:15,5:17:06,13:11:33
1836,1853,John Markiewicz,M45-49,290,Open,United States,1:30:05,9:44,6:36:48,7:43,4:47:25,13:11:45
1837,802,John Hill,M65-69,38,Open,Australia,1:16:00,6:20,6:19:42,8:55,5:21:03,13:12:00
1838,2549,Timothy Connelly,M55-59,185,Open,United States,1:07:41,6:32,5:55:33,7:38,5:54:43,13:12:06
1839,2309,Bryan Benshoof,M50-54,291,Open,Australia,1:13:27,8:23,6:05:29,10:57,5:34:06,13:12:22
1840,1919,Dario Rosini,M50-54,292,Open,Italy,1:41:43,12:37,6:31:54,5:15,4:41:00,13:12:30
1841,2448,Destry Gourlay,M55-59,186,Open,New Zealand,1:19:48,10:15,6:20:21,10:52,5:11:34,13:12:50
1842,2172,Paul Wraight,M50-54,293,Open,New Zealand,1:15:16,6:17,6:22:22,7:24,5:22:03,13:13:22
1843,1590,Mark Mcintosh,M45-49,291,Open,United Kingdom,1:03:41,6:26,6:03:40,11:26,5:48:36,13:13:49
1844,706,Nils Norskov-Erichsen,M60-64,85,Open,Denmark,1:17:32,7:01,5:51:36,9:22,5:48:41,13:14:11
1845,1537,Ignacio Shaw Morales,M45-49,292,Open,Spain,1:03:48,5:22,6:24:28,8:11,5:32:32,13:14:21
1846,2641,Mike Williamson,M55-59,187,Open,New Zealand,1:18:08,7:39,6:07:53,7:14,5:34:22,13:15:17
1847,117,Jeff Mata,MPC/ID,,Open,United States,1:27:22,4:28,6:00:32,5:39,5:37:36,13:15:37
1848,118,Andrew Stasinos,MPC/ID,,Open,United States,1:27:21,4:29,6:00:32,5:39,5:37:36,13:15:37
1849,2232,Stefano Angelini,M50-54,294,Open,Italy,1:37:07,12:39,6:35:06,10:40,4:40:59,13:16:30
1850,2493,Ennis Young,M55-59,188,Open,New Zealand,1:09:52,6:42,6:16:49,7:25,5:35:58,13:16:47
1851,639,Dirk Lonnemann,M60-64,86,Open,Germany,1:19:51,8:13,6:01:37,7:41,5:39:28,13:16:51
1852,843,Garry Itzstein,M65-69,39,Open,Australia,1:07:19,6:40,6:18:34,7:11,5:37:15,13:16:59
1853,2584,Drake Tollenaar,M55-59,189,Open,United States,1:49:06,10:29,6:21:17,8:54,4:47:30,13:17:15
1854,2579,David Mattson,M55-59,190,Open,New Zealand,1:06:55,6:02,5:50:31,5:04,6:08:53,13:17:24
1855,2610,Martin Hankins,M55-59,191,Open,South Africa,1:20:51,15:51,6:17:29,10:14,5:13:09,13:17:35
1856,1845,Elliot Marks,M45-49,293,Open,United States,1:15:12,3:59,6:14:28,5:45,5:38:27,13:17:52
1857,1213,Curtis Spragg,M40-44,288,Open,United States,1:31:49,9:38,6:03:07,9:29,5:23:53,13:17:57
1858,2601,Stefano Pavan,M55-59,192,Open,Italy,1:18:02,6:26,6:12:54,7:33,5:33:08,13:18:04
1859,1927,Mark Kwartowitz,M50-54,295,Open,United States,1:30:41,7:21,6:22:26,7:28,5:10:17,13:18:13
1860,2198,Chris Green,M50-54,296,Open,United States,1:31:29,9:45,6:20:38,9:01,5:07:25,13:18:18
1861,839,Laurent Bastard,M65-69,40,Open,France,1:23:27,9:05,6:26:47,9:04,5:10:13,13:18:36
1862,630,John Birkelo,M60-64,87,Open,United States,1:50:37,7:21,6:16:12,8:03,4:56:56,13:19:09
1863,680,Mike Ball,M60-64,88,Open,New Zealand,1:34:06,9:48,5:58:51,6:38,5:29:57,13:19:21
1864,2459,Paul Banister,M55-59,193,Open,Australia,1:04:59,12:55,6:29:33,12:26,5:19:42,13:19:35
1865,826,Michael Vrbanac,M65-69,41,Open,United States,1:16:05,5:03,5:41:52,8:25,6:08:19,13:19:44
1866,2409,Bruce Meister,M55-59,194,Open,United States,1:20:45,7:22,6:40:00,10:38,5:01:05,13:19:50
1867,835,Peter Hoefer,M65-69,42,Open,Australia,1:20:49,5:44,6:46:32,11:16,4:55:32,13:19:52
1868,1397,Alexander Badajos,M40-44,289,Open,Philippines,1:15:30,7:46,6:12:40,8:16,5:35:45,13:19:57
1869,2167,Brent Ragas,M50-54,297,Open,United States,1:25:45,9:26,6:08:28,9:58,5:26:33,13:20:10
1870,791,Michael Davis,M65-69,43,Open,United States,1:38:12,7:31,6:26:03,8:44,5:00:02,13:20:32
1871,861,Martin Leat,M65-69,44,Open,United Kingdom,1:25:07,9:15,6:37:12,7:48,5:02:03,13:21:26
1872,634,Gilles Pilette,M60-64,89,Open,France,1:31:12,6:34,6:24:19,6:57,5:12:28,13:21:28
1873,2572,Darin Miller,M55-59,195,Open,United States,1:13:49,10:32,6:18:51,16:19,5:22:11,13:21:42
1874,2492,David Sharp,M55-59,196,Open,United States,1:13:10,9:33,6:04:32,13:14,5:41:41,13:22:11
1875,1110,Michael Kemp,M30-34,200,Open,United States,1:06:17,11:24,6:13:46,10:23,5:41:24,13:23:13
1876,2104,Vaden Padgett,M50-54,298,Open,United States,1:06:32,6:47,6:14:52,6:30,5:48:33,13:23:14
1877,735,Kayvon Agahnia,M60-64,90,Open,United States,1:25:19,9:25,5:58:54,10:10,5:40:04,13:23:52
1878,1878,Ron Aidikonis,M45-49,294,Open,United States,1:04:25,7:12,7:12:06,8:04,4:52:14,13:24:02
1879,683,Caesar Cepeda,M60-64,91,Open,United States,1:44:47,7:50,6:09:06,12:01,5:10:21,13:24:05
1880,2379,Michael Haus,M55-59,197,Open,United States,1:31:00,7:06,6:23:17,10:33,5:12:18,13:24:15
1881,2215,Scott Grace,M50-54,299,Open,United States,1:25:42,7:50,6:07:47,9:25,5:33:39,13:24:22
1882,2054,Peter Coombe,M50-54,300,Open,Australia,57:17,9:04,6:14:23,10:03,5:53:46,13:24:34
1883,2620,Mike Alvarado,M55-59,198,Open,United States,1:28:24,8:20,6:11:29,9:42,5:26:40,13:24:35
1884,2347,Nicholas Welch,M55-59,199,Open,United Kingdom,1:34:21,11:46,6:18:39,8:30,5:12:06,13:25:22
1885,2327,Jay Wilgar,M50-54,301,Open,Canada,1:30:50,6:57,6:22:14,7:53,5:17:47,13:25:41
1886,304,John Athan,M25-29,117,Open,Australia,1:17:18,8:48,6:26:27,8:53,5:24:23,13:25:48
1887,1992,Richard Purcell,M50-54,302,Open,Ireland,1:36:08,4:37,6:20:49,6:29,5:18:28,13:26:32
1888,2569,Edward Rupp,M55-59,200,Open,United States,1:12:51,9:50,6:47:10,10:04,5:06:49,13:26:44
1889,1658,Christian Witte,M45-49,295,Open,Germany,1:20:04,9:29,5:16:54,4:12,6:36:35,13:27:14
1890,1996,Steve Barth,M50-54,303,Open,United States,1:05:38,9:05,6:46:17,7:42,5:18:37,13:27:18
1891,2202,Mike Roigard,M50-54,304,Open,New Zealand,1:15:46,5:30,5:30:55,3:59,6:31:14,13:27:25
1892,2553,Scott Parkinson,M55-59,201,Open,United States,1:19:30,7:38,6:13:06,7:01,5:41:30,13:28:46
1893,2622,Durrin Hynes,M55-59,202,Open,Denmark,1:31:30,9:28,6:46:35,8:28,4:53:01,13:29:02
1894,2619,Jan Dannehl,M55-59,203,Open,Germany,1:35:34,4:54,5:46:20,8:21,5:53:56,13:29:05
1895,2225,Daryl Williams,M50-54,305,Open,United States,1:14:59,10:52,6:26:35,13:42,5:23:15,13:29:22
1896,728,Anthony James,M60-64,92,Open,Australia,1:14:17,10:18,6:23:41,12:08,5:29:19,13:29:44
1897,1400,Nathan Otte,M40-44,290,Open,United States,1:11:21,9:14,6:18:53,10:54,5:39:46,13:30:07
1898,633,Jon Wilkinson,M60-64,93,Open,United Kingdom,1:19:24,7:09,6:04:01,9:45,5:50:01,13:30:19
1899,102,Robert Costa,MHC,,Open,United States,1:45:00,6:52,8:10:10,5:12,3:24:04,13:31:19
1900,1057,Gabe Krebs,M30-34,201,Open,United States,1:40:12,8:31,6:22:17,7:47,5:12:37,13:31:23
1901,324,Shane Peed,M35-39,244,Open,United States,1:37:50,6:03,6:03:58,5:54,5:38:12,13:31:57
1902,1467,Piero Capponi,M40-44,291,Open,Chile,1:13:54,8:54,6:36:03,7:56,5:26:24,13:33:11
1903,1188,Andreas Sparer,M40-44,292,Open,Italy,1:17:26,7:40,6:25:38,8:39,5:33:53,13:33:16
1904,2102,Ben Mccormick,M50-54,306,Open,Australia,1:08:08,6:37,6:28:09,7:02,5:43:25,13:33:22
1905,659,Tom Greenwald,M60-64,94,Open,United States,1:32:55,11:42,6:23:57,11:26,5:13:24,13:33:26
1906,1538,Oldrich Vastl,M45-49,296,Open,Czechia,1:12:35,5:43,6:31:24,6:07,5:37:59,13:33:47
1907,691,Sandro Vallini,M60-64,95,Open,Italy,1:44:59,6:19,6:23:40,13:13,5:07:38,13:35:49
1908,2109,Vicente Francisco Granero Navarro,M50-54,307,Open,Spain,1:15:29,8:09,6:25:04,12:02,5:35:07,13:35:52
1909,714,Olivier Bernard,M60-64,96,Open,France,1:30:16,9:56,6:50:47,6:50,4:58:05,13:35:53
1910,2356,Phil Elms,M55-59,204,Open,United Kingdom,1:41:48,10:48,6:06:59,13:02,5:23:22,13:35:59
1911,2532,Jared Graening,M55-59,205,Open,United States,1:29:09,7:48,6:25:15,10:06,5:24:19,13:36:37
1912,890,Hans-Joachim Weißflog,M70-74,4,Open,Germany,1:29:52,10:37,6:49:49,8:41,4:57:41,13:36:41
1913,2637,Tim Myers,M55-59,206,Open,United States,1:26:55,10:58,6:11:32,14:25,5:33:00,13:36:49
1914,2177,Daniel Parkman,M50-54,308,Open,New Zealand,1:22:20,10:09,6:02:51,9:14,5:52:40,13:37:14
1915,1959,Hugh Hughes,M50-54,309,Open,United Kingdom,1:06:13,6:30,6:14:49,11:03,5:59:17,13:37:52
1916,2204,Storme Marques,M50-54,310,Open,Zimbabwe,1:12:47,8:23,6:26:47,13:53,5:36:10,13:38:00
1917,1711,Tim Davies,M45-49,297,Open,United Kingdom,1:17:23,8:29,6:24:08,11:15,5:36:58,13:38:14
1918,1963,Simone Centemero,M50-54,311,Open,Italy,1:13:17,6:08,6:36:46,6:43,5:36:01,13:38:54
1919,2580,Matthew Howard,M55-59,207,Open,Australia,1:37:35,11:28,6:20:11,9:03,5:20:38,13:38:55
1920,2091,Lance Purdon,M50-54,312,Open,Australia,1:40:09,11:39,6:45:27,8:23,4:54:52,13:40:30
1921,607,Marek Nowakowski,M60-64,97,Open,Canada,1:48:16,13:44,5:48:11,8:41,5:42:07,13:40:58
1922,628,Konrad Schürmert,M60-64,98,Open,Germany,1:19:58,7:16,6:20:01,16:11,5:37:36,13:41:01
1923,2590,Tony Lillios,M55-59,208,Open,United States,1:14:30,7:40,6:55:03,6:11,5:17:51,13:41:14
1924,2404,Eusebio Allende,M55-59,209,Open,Argentina,1:47:40,5:17,6:32:48,3:42,5:11:54,13:41:21
1925,1916,Markus Denz,M50-54,313,Open,Germany,1:25:48,6:54,7:00:36,6:50,5:01:19,13:41:28
1926,103,Francisco Postlethwaite Muñoz,MHC,,Open,Mexico,1:10:14,4:06,8:53:27,10:11,3:24:07,13:42:04
1927,642,Tom Aaker,M60-64,99,Open,United States,1:18:13,10:16,6:47:18,9:46,5:16:35,13:42:07
1928,1523,Jim Harwood,M45-49,298,Open,United States,1:26:54,13:29,6:42:36,9:13,5:10:21,13:42:32
1929,1900,Andrew Goss,M50-54,314,Open,Canada,1:25:33,10:17,7:09:33,7:42,4:49:54,13:42:59
1930,2522,Kelly Boulom,M55-59,210,Open,United States,1:39:41,9:53,6:51:26,13:12,4:49:44,13:43:55
1931,1165,Brandon Weiss,M40-44,293,Open,United States,1:10:48,7:31,5:41:33,9:16,6:34:54,13:44:02
1932,2140,Mark Strathern,M50-54,315,Open,Australia,1:12:46,16:40,6:12:18,9:41,5:53:18,13:44:44
1933,888,Jean-Claude Fontaine,M70-74,5,Open,Canada,1:43:27,9:23,6:08:51,7:41,5:35:27,13:44:49
1934,2633,Christopher Soranno,M55-59,211,Open,United States,1:24:12,12:47,6:28:07,10:38,5:29:22,13:45:05
1935,2269,Pascal Morissette,M50-54,316,Open,Canada,1:25:05,9:53,6:27:31,9:28,5:33:21,13:45:18
1936,2200,Daryl Hattier,M50-54,317,Open,United States,1:20:37,10:19,6:47:41,10:59,5:16:22,13:45:58
1937,1831,Troy Catalovski,M45-49,299,Open,Australia,1:09:25,5:15,6:13:25,7:58,6:10:29,13:46:32
1938,865,Fred Skinner,M70-74,6,Open,United States,1:38:24,8:35,6:19:04,10:27,5:30:27,13:46:57
1939,2412,Huw Dolphin,M55-59,212,Open,United Kingdom,1:19:22,10:34,6:56:25,9:31,5:11:11,13:47:03
1940,2530,Niels Christian,M55-59,213,Open,Denmark,1:24:50,7:44,5:31:21,9:51,6:33:31,13:47:16
1941,2097,Ivan Mcgowan,M50-54,318,Open,Ireland,1:29:07,11:59,6:32:04,11:09,5:23:44,13:48:03
1942,640,Toshio Furuhata,M60-64,100,Open,Japan,1:13:05,6:46,7:05:46,14:04,5:08:24,13:48:05
1943,1826,Timothy Scott,M45-49,300,Open,United States,1:20:46,7:43,6:38:41,9:33,5:32:11,13:48:55
1944,902,Francisco Salgado,M70-74,7,Open,Portugal,1:38:19,7:43,6:45:46,12:08,5:05:01,13:48:58
1945,2149,Cory Brown,M50-54,319,Open,United States,1:21:08,8:07,6:26:06,7:48,5:46:52,13:50:00
1946,2072,Chris Punter,M50-54,320,Open,Netherlands,1:22:36,7:53,6:15:40,6:02,5:58:26,13:50:37
1947,627,Mark Hansen,M60-64,101,Open,Australia,1:14:02,9:15,6:32:56,8:09,5:46:25,13:50:46
1948,2469,Tobias Weber,M55-59,214,Open,Germany,1:43:03,16:19,7:19:11,8:39,4:23:40,13:50:52
1949,2190,David King,M50-54,321,Open,United States,1:26:59,7:28,7:18:01,8:26,4:50:07,13:51:01
1950,2640,Christopher Salisbury,M55-59,215,Open,United States,1:39:45,9:29,6:15:37,9:48,5:36:52,13:51:31
1951,1786,Que Son Vu,M45-49,301,Open,Denmark,1:29:15,8:42,7:15:58,7:44,4:50:19,13:51:58
1952,650,Michael Fisch,M60-64,102,Open,United States,1:26:30,9:22,7:03:41,8:16,5:04:13,13:52:02
1953,2394,Chris Crever,M55-59,216,Open,United States,1:21:01,9:07,6:27:33,10:58,5:43:27,13:52:05
1954,599,Alexander Mcpherson,M60-64,103,Open,United States,1:37:38,11:12,6:25:50,11:53,5:25:50,13:52:23
1955,856,Giles Boland,M65-69,45,Open,United States,1:30:39,6:11,6:51:03,7:08,5:17:34,13:52:35
1956,2014,Jason Pretty,M50-54,322,Open,Canada,1:17:35,7:10,6:34:23,9:33,5:44:38,13:53:19
1957,675,Steve Knoploh,M60-64,104,Open,United States,1:29:32,7:34,6:27:55,8:40,5:40:04,13:53:45
1958,621,Roger Marolt,M60-64,105,Open,Switzerland,1:16:27,7:49,6:14:19,8:51,6:07:59,13:55:24
1959,816,Alfredo Aguado,M65-69,46,Open,United States,1:30:53,9:18,6:53:55,6:40,5:14:56,13:55:42
1960,1943,Doug Griffiths,M50-54,323,Open,Australia,1:09:56,7:07,6:44:28,8:25,5:45:51,13:55:46
1961,616,Gareth Gratton,M60-64,106,Open,Australia,1:10:16,9:08,6:47:21,17:41,5:31:30,13:55:56
1962,883,Patrick Poulet,M70-74,8,Open,France,1:21:08,9:09,6:56:15,10:10,5:19:28,13:56:11
1963,2536,Jeffrey Barrow,M55-59,217,Open,United States,1:27:00,7:19,6:50:40,6:47,5:24:49,13:56:35
1964,2369,Antony Parker,M55-59,218,Open,Australia,1:19:08,11:54,6:11:43,13:15,6:00:43,13:56:42
1965,2005,Dino Sclavounos,M50-54,324,Open,United States,1:20:51,9:48,6:19:51,9:35,5:58:03,13:58:07
1966,2636,Derek Schappert,M55-59,219,Open,United States,1:23:44,8:18,6:54:09,8:17,5:23:48,13:58:16
1967,2121,Rick Douglas,M50-54,325,Open,United States,1:13:42,9:54,6:15:15,12:00,6:07:33,13:58:24
1968,2195,Jj Schuster,M50-54,326,Open,United States,1:23:44,12:32,6:38:01,8:42,5:35:29,13:58:29
1969,1180,Jason Millsaps,M40-44,294,Open,United States,1:30:35,8:27,6:53:23,9:23,5:16:46,13:58:34
1970,1303,Derek Sorensen,M40-44,295,Open,United States,1:21:45,9:23,6:39:06,6:58,5:41:33,13:58:46
1971,2218,Higuchi Koji,M50-54,327,Open,Japan,1:23:42,6:42,6:23:41,7:13,5:57:34,13:58:52
1972,881,Roberto Sena,M70-74,9,Open,Brazil,1:33:49,11:38,6:38:52,18:24,5:16:17,13:59:00
1973,1902,Richard Wallace,M50-54,328,Open,United States,1:30:57,12:17,5:58:38,15:26,6:02:08,13:59:25
1974,1970,Vladimir Naranjo,M50-54,329,Open,Colombia,1:31:52,10:23,6:55:07,9:01,5:13:18,13:59:41
1975,2267,Scott Fridy,M50-54,330,Open,United States,1:46:02,11:06,6:33:57,9:37,5:19:07,13:59:49
1976,1888,Alexander Torres,M50-54,331,Open,United States,1:30:51,9:10,6:36:52,9:54,5:33:34,14:00:21
1977,2457,Todd Losee,M55-59,220,Open,United States,1:15:13,7:24,6:34:54,6:22,5:57:03,14:00:57
1978,211,Niall Mccarthy,M25-29,118,Open,Ireland,1:25:16,7:35,6:06:09,10:54,6:11:50,14:01:44
1979,605,Augusto De Menezes Vaz,M60-64,107,Open,Brazil,2:02:34,11:55,6:32:23,10:04,5:05:48,14:02:43
1980,1945,David Hinch,M50-54,332,Open,United Kingdom,1:27:28,10:57,6:07:14,22:59,5:54:07,14:02:45
1981,2284,Tony Feiter,M50-54,333,Open,United States,1:17:08,7:29,6:56:09,7:22,5:35:06,14:03:14
1982,2129,Matt Harmatuk,M50-54,334,Open,United States,1:33:05,9:13,7:01:02,4:12,5:15:49,14:03:21
1983,895,Jean Nicolleau,M70-74,10,Open,France,1:49:58,9:58,7:06:07,8:31,4:49:41,14:04:15
1984,2629,Scott Brooks,M55-59,221,Open,United States,1:24:37,9:05,7:00:11,12:46,5:19:10,14:05:49
1985,2395,Kangsub Song,M55-59,222,Open,Korea,1:15:47,7:17,6:38:17,10:35,5:54:10,14:06:05
1986,109,Kyle Pease,MPC/ID,,Open,United States,1:09:56,8:42,8:10:13,10:23,4:28:49,14:08:03
1987,110,Brent Pease,MPC/ID,,Open,United States,1:09:58,8:40,8:10:16,10:21,4:28:48,14:08:04
1988,885,Roberto Azevedo Azevedo Jr,M70-74,11,Open,Brazil,1:37:27,10:14,6:29:38,8:28,5:42:47,14:08:33
1989,2031,Derek Rivers,M50-54,335,Open,Canada,1:23:20,7:23,6:30:40,7:13,6:00:15,14:08:50
1990,832,David Miller,M65-69,47,Open,United States,1:29:58,17:51,6:26:44,18:19,5:36:15,14:09:08
1991,2566,Lars Manberger,M55-59,223,Open,Sweden,1:12:17,7:52,6:46:57,8:48,5:54:45,14:10:38
1992,2009,Matthew Gill,M50-54,336,Open,Australia,1:20:31,12:08,6:47:00,15:38,5:36:40,14:11:57
1993,1639,Patrick Mc Laughlin,M45-49,302,Open,Ireland,1:25:32,9:25,7:32:12,11:13,4:54:17,14:12:38
1994,2164,Jason Rabinowitz,M50-54,337,Open,United States,1:24:23,8:02,7:09:33,6:18,5:26:06,14:14:22
1995,1967,Manuel Cue Mora,M50-54,338,Open,Mexico,1:15:59,10:33,6:57:41,11:32,5:39:10,14:14:55
1996,613,Brian Kennett,M60-64,108,Open,United States,1:25:06,10:13,6:29:33,11:17,5:59:37,14:15:46
1997,734,Scott Kossoudji,M60-64,109,Open,United States,1:33:29,11:50,6:37:27,6:20,5:46:48,14:15:54
1998,1689,Brent Williams,M45-49,303,Open,United States,1:29:33,14:28,6:47:16,9:28,5:37:27,14:18:12
1999,810,Alejandro Rodriguez Comas,M65-69,48,Open,Brazil,1:27:50,6:40,6:21:58,10:09,6:12:17,14:18:53
2000,2133,Andrew Jones,M50-54,339,Open,United Kingdom,1:08:37,7:08,7:01:19,8:58,5:52:54,14:18:55
2001,2111,Todd Guilford,M50-54,340,Open,United States,1:25:06,7:52,6:40:58,10:14,5:54:48,14:18:59
2002,945,Sander Van Kammen,M30-34,202,Open,Netherlands,1:09:47,5:54,6:50:21,8:19,6:04:45,14:19:05
2003,602,Claus Wiegand Larsen,M60-64,110,Open,Denmark,1:42:46,10:40,6:40:49,11:31,5:33:49,14:19:35
2004,2426,Paul Gray,M55-59,224,Open,United States,1:39:03,9:14,6:54:20,9:01,5:28:12,14:19:49
2005,2663,Pawel Bugajny,M60-64,111,Open,Poland,1:41:15,9:57,6:52:06,9:49,5:27:01,14:20:08
2006,2420,Daniel Moran,M55-59,225,Open,United States,1:27:55,7:02,7:10:34,8:50,5:25:53,14:20:15
2007,1801,Mark Graff,M45-49,304,Open,United States,1:17:13,9:22,6:35:27,9:40,6:08:45,14:20:27
2008,709,Andrew Messick,M60-64,112,Open,United States,1:25:33,11:41,6:38:29,7:46,5:56:58,14:20:27
2009,2114,Marco Zappi,M50-54,341,Open,Italy,1:31:49,5:40,6:15:07,6:54,6:21:17,14:20:46
2010,2624,Jon Woodford,M55-59,226,Open,United States,1:28:56,7:28,6:21:11,8:27,6:14:45,14:20:47
2011,1993,Bruno Nini,M50-54,342,Open,Austria,1:40:54,9:23,6:52:17,12:01,5:27:27,14:22:02
2012,731,Philippe Blatter,M60-64,113,Open,Switzerland,1:05:29,11:45,6:55:00,16:57,5:53:10,14:22:21
2013,808,William Connelly,M65-69,49,Open,France,1:33:44,7:23,6:51:05,9:00,5:41:25,14:22:36
2014,830,Uwe Drechsel,M65-69,50,Open,Germany,1:28:52,8:20,6:33:45,9:27,6:02:20,14:22:44
2015,2364,Rick Thibodeaux,M55-59,227,Open,United States,1:28:03,8:59,7:00:34,12:27,5:33:41,14:23:44
2016,771,Mark Fiore,M60-64,114,Open,Australia,1:25:16,7:34,6:56:07,10:15,5:44:40,14:23:51
2017,111,Billy Monger,MPC/ID,,Open,United Kingdom,1:07:29,11:56,7:26:50,11:16,5:26:26,14:23:56
2018,652,Ian Hersey,M60-64,115,Open,United States,1:22:42,10:03,7:20:11,9:31,5:21:50,14:24:17
2019,594,George Jordan,M60-64,116,Open,United States,1:08:51,8:55,6:29:54,10:54,6:26:15,14:24:48
2020,877,Ken Rae,M70-74,12,Open,Australia,1:20:11,9:21,7:14:30,8:07,5:33:01,14:25:10
2021,658,Paul Adams,M60-64,117,Open,United Kingdom,1:16:43,6:41,6:23:52,13:44,6:24:44,14:25:44
2022,2473,Francisco Sempere,M55-59,228,Open,Spain,1:37:55,11:40,7:07:45,10:44,5:17:41,14:25:45
2023,1526,Monten Sedlacek,M45-49,305,Open,Germany,56:39,7:03,7:02:53,6:01,6:14:01,14:26:38
2024,684,Clemens Lothaller,M60-64,118,Open,Austria,1:19:32,9:05,6:27:34,8:51,6:21:58,14:27:00
2025,2188,Matthew Clancy,M50-54,343,Open,United States,1:09:44,6:29,6:22:13,10:12,6:38:27,14:27:05
2026,1440,Paul Miller,M40-44,296,Open,United States,1:17:46,8:09,6:03:53,8:17,6:49:23,14:27:28
2027,2502,Volker Stadler,M55-59,229,Open,Germany,1:22:47,10:43,5:43:21,8:04,7:03:08,14:28:04
2028,1089,Daniel Ball,M30-34,203,Open,United Kingdom,1:18:30,8:57,7:37:22,7:49,5:15:44,14:28:22
2029,2094,Joe Costa,M50-54,344,Open,United States,1:11:43,7:53,6:55:11,10:10,6:03:34,14:28:32
2030,2495,Rob Collins,M55-59,230,Open,United States,1:11:15,9:35,7:12:08,9:39,5:46:22,14:28:59
2031,736,Geoffrey Gray,M60-64,119,Open,Canada,1:10:52,12:47,6:37:33,11:20,6:16:55,14:29:27
2032,677,Jörg Alex,M60-64,120,Open,Germany,1:25:36,7:29,7:22:23,10:32,5:24:14,14:30:15
2033,2096,Gonzalo Portas-Hernandez,M50-54,345,Open,United States,1:28:01,7:05,7:10:15,7:40,5:37:26,14:30:27
2034,101,Rodger Krause,MHC,,Open,United States,1:42:39,8:49,8:27:30,9:22,4:02:34,14:30:54
2035,646,Bruce Tidrick,M60-64,121,Open,United States,1:43:09,12:36,7:06:50,11:14,5:17:07,14:30:57
2036,2423,Michael Crook,M55-59,231,Open,United States,1:59:47,10:02,6:50:10,11:38,5:19:31,14:31:09
2037,1184,Aaron Anderson,M40-44,297,Open,United States,1:29:59,10:13,6:56:00,10:07,5:45:00,14:31:19
2038,2429,Ron Kalich,M55-59,232,Open,United States,1:31:54,9:04,7:11:07,12:14,5:27:12,14:31:31
2039,904,Michael John Kimpton,M70-74,13,Open,Australia,1:29:08,8:38,6:45:40,13:43,5:54:50,14:31:59
2040,892,Reinhard Nitsche,M70-74,14,Open,Germany,1:48:37,15:07,6:35:48,14:12,5:38:39,14:32:23
2041,2382,Kenneth Lane,M55-59,233,Open,United States,1:38:58,10:25,7:05:11,9:38,5:29:57,14:34:09
2042,698,Lionel Flin,M60-64,122,Open,France,1:37:26,9:01,6:41:15,10:03,5:56:25,14:34:10
2043,1048,Jeffrey Rosebaugh,M30-34,204,Open,United States,1:39:30,8:58,6:46:50,9:09,5:50:26,14:34:53
2044,2100,Gregory Smith,M50-54,346,Open,United States,1:24:56,13:07,6:21:40,11:43,6:24:04,14:35:30
2045,2570,Eduardo Pasten,M55-59,234,Open,Chile,1:36:19,5:29,7:11:01,7:00,5:35:50,14:35:39
2046,114,Curtis Miner,MPC/ID,,Open,United States,1:28:34,7:23,6:57:09,7:35,5:54:58,14:35:40
2047,1588,Brian Abraham,M45-49,306,Open,United States,1:27:50,7:43,6:29:49,13:12,6:17:25,14:35:58
2048,792,R Anderson,M65-69,51,Open,United States,1:25:19,8:56,6:49:30,8:01,6:04:43,14:36:29
2049,2360,Rob Forsyth,M55-59,235,Open,Australia,1:07:08,9:34,6:51:40,12:13,6:16:09,14:36:44
2050,688,Juan Rivelo,M60-64,123,Open,United States,1:49:47,8:15,7:00:41,11:27,5:27:23,14:37:33
2051,2506,Gerhard Viljoen,M55-59,236,Open,Australia,1:39:52,8:50,6:41:30,10:17,5:57:27,14:37:56
2052,2228,Renny Ling,M50-54,347,Open,Taiwan,1:25:25,12:08,6:54:01,9:27,5:57:08,14:38:09
2053,1297,Jeff Devries,M40-44,298,Open,United States,1:38:57,13:44,6:40:16,7:36,5:57:36,14:38:09
2054,2026,Alex Heil,M50-54,348,Open,Germany,1:27:36,16:27,7:24:48,9:21,5:20:19,14:38:31
2055,2061,James Lynch,M50-54,349,Open,Australia,1:29:01,16:24,6:51:29,15:31,5:46:12,14:38:37
2056,1735,Matt Mcclone,M45-49,307,Open,United States,1:39:54,12:35,6:38:41,8:03,5:59:55,14:39:08
2057,908,Eric Johnson,M70-74,15,Open,United States,1:14:36,7:17,6:44:00,11:59,6:21:26,14:39:18
2058,1518,Dave Schifo,M45-49,308,Open,United States,1:37:18,8:58,6:56:48,12:56,5:43:33,14:39:34
2059,1952,Brett Dyke,M50-54,350,Open,United States,1:21:29,10:51,6:48:35,11:21,6:07:29,14:39:45
2060,588,Stephen Mackey,M60-64,124,Open,United States,1:20:11,14:46,6:35:55,20:36,6:08:34,14:40:02
2061,2393,Andrew Cosgrave,M55-59,237,Open,Australia,1:01:37,7:57,6:35:52,13:17,6:42:47,14:41:30
2062,901,Jeffrey Essakow,M70-74,16,Open,United States,1:12:31,9:58,6:35:23,10:00,6:33:45,14:41:37
2063,820,Bruce Willerton,M65-69,52,Open,United Kingdom,1:26:14,9:12,6:54:11,10:37,6:01:38,14:41:53
2064,585,Darrel Neal,M60-64,125,Open,United States,1:26:44,14:04,6:42:15,11:38,6:07:45,14:42:27
2065,1995,Craig Fry,M50-54,351,Open,Australia,1:12:42,5:08,7:05:20,8:42,6:11:09,14:43:01
2066,2223,Toby Young,M50-54,352,Open,United States,1:35:54,12:19,7:03:52,10:27,5:41:07,14:43:39
2067,2349,Michael Elizondo,M55-59,238,Open,United States,1:24:47,10:24,6:31:43,10:27,6:26:39,14:44:00
2068,873,Rick Simpson,M70-74,17,Open,United States,1:11:20,4:29,6:25:00,6:01,6:58:30,14:45:19
2069,922,Marek Musial,M75-79,1,Open,Poland,1:59:38,9:06,6:53:17,9:07,5:34:38,14:45:46
2070,112,Willie Stewart,MPC/ID,,Open,United States,1:48:56,7:14,6:41:38,7:01,6:01:25,14:46:14
2071,2003,Aaron Felsheim,M50-54,353,Open,United States,1:10:59,8:10,6:30:06,8:27,6:48:53,14:46:35
2072,2075,Jason Mcinally,M50-54,354,Open,Unknown,1:44:23,7:54,7:03:34,11:12,5:39:51,14:46:53
2073,591,David Daggett,M60-64,126,Open,United States,1:14:58,7:12,6:31:32,7:18,6:46:45,14:47:45
2074,2275,Gary Thomas,M50-54,355,Open,United States,1:24:13,8:57,6:50:30,10:28,6:14:07,14:48:15
2075,113,Michael Andreasen,MPC/ID,,Open,United States,1:29:45,3:59,7:18:09,8:47,5:47:43,14:48:23
2076,638,Richard Gomes,M60-64,127,Open,Brazil,1:23:06,10:04,7:10:03,10:47,5:55:53,14:49:52
2077,2294,Bill Stearman,M50-54,356,Open,United States,1:29:11,8:52,7:07:17,10:10,5:54:25,14:49:54
2078,2266,Justin Smith,M50-54,357,Open,United States,1:20:43,16:14,6:13:22,19:10,6:40:48,14:50:18
2079,2353,Doug Guthrie,M55-59,239,Open,United States,1:20:47,14:34,7:04:25,16:25,5:54:40,14:50:50
2080,2561,Moik Moshe Barmack,M55-59,240,Open,Israel,1:32:14,11:39,6:29:46,15:32,6:22:44,14:51:55
2081,786,Mark Macfarlane,M65-69,53,Open,United States,1:39:39,8:09,7:02:08,10:29,5:52:19,14:52:44
2082,1879,Bruno Laniez,M50-54,358,Open,France,1:23:00,7:24,7:04:22,9:11,6:09:07,14:53:03
2083,779,Thomas Deluca,M65-69,54,Open,United States,1:39:57,7:37,6:50:51,8:41,6:06:22,14:53:26
2084,1654,Joshua Mietelski,M45-49,309,Open,United States,1:38:00,9:41,7:08:34,10:03,5:47:39,14:53:56
2085,1667,Andreco Primero,M45-49,310,Open,Philippines,1:25:58,9:23,7:05:50,11:22,6:02:09,14:54:43
2086,2361,James Pinchback,M55-59,241,Open,United States,1:37:24,11:14,6:59:54,9:20,5:57:07,14:55:00
2087,1914,Edwin Gonzales,M50-54,359,Open,United States,1:27:54,6:52,6:57:43,9:29,6:14:26,14:56:25
2088,485,Dong Gil Yoon,M35-39,245,Open,Korea,1:12:30,15:09,7:54:28,8:56,5:26:38,14:57:42
2089,2456,Roy Perkins,M55-59,242,Open,United States,1:20:08,10:00,6:58:22,8:10,6:21:17,14:57:57
2090,2159,Jens Linge,M50-54,360,Open,Germany,1:42:57,8:46,7:17:51,8:06,5:41:36,14:59:16
2091,809,Thomas Schubert,M65-69,55,Open,Germany,1:22:13,12:30,7:20:30,9:18,5:54:51,14:59:21
2092,673,Michael Cohen,M60-64,128,Open,United States,1:36:04,10:29,7:07:37,9:30,5:55:52,14:59:32
2093,804,Doug-Ben Herr,M65-69,56,Open,United States,1:26:17,11:43,7:12:55,10:00,5:59:29,15:00:23
2094,2390,Thomas Cometa,M55-59,243,Open,United States,1:39:04,10:57,7:29:14,9:14,5:33:41,15:02:12
2095,1946,David Couture,M50-54,361,Open,United States,1:19:42,7:40,6:35:30,13:13,6:46:45,15:02:49
2096,2408,Ron Tran,M55-59,244,Open,United States,1:55:01,7:08,7:21:58,6:41,5:32:07,15:02:55
2097,2544,Frank Haun,M55-59,245,Open,United States,1:15:05,12:17,6:24:58,10:04,7:01:01,15:03:25
2098,664,Scott Moore,M60-64,129,Open,United States,1:22:23,13:33,7:47:42,8:30,5:31:43,15:03:52
2099,669,Jeff Wandschneider,M60-64,130,Open,United States,1:13:33,13:27,7:13:11,16:00,6:08:02,15:04:13
2100,834,Randy Schmitz,M65-69,57,Open,United States,1:33:32,14:19,7:15:45,13:22,5:47:28,15:04:25
2101,1892,Alfonso Espejo,M50-54,362,Open,Mexico,1:22:08,10:53,6:49:52,13:39,6:29:20,15:05:51
2102,1701,Karl Mangino,M45-49,311,Open,United States,1:34:57,9:42,6:51:04,7:21,6:23:05,15:06:09
2103,321,Scott Ellis,M35-39,246,Open,United States,1:14:26,7:14,6:17:01,11:45,7:16:00,15:06:26
2104,1966,Peter Abbatangelo,M50-54,363,Open,Canada,1:15:36,8:04,6:51:14,8:19,6:44:00,15:07:12
2105,1672,Michael Hirsch,M45-49,312,Open,United States,1:23:36,9:16,6:52:57,8:18,6:33:09,15:07:15
2106,891,Fritz Haller,M70-74,18,Open,Switzerland,1:45:28,10:19,6:54:01,7:57,6:09:57,15:07:43
2107,811,Moe Al-Hafian,M65-69,58,Open,Libya,1:55:54,12:34,7:10:44,7:43,5:41:07,15:08:02
2108,775,Toshikazu Kobayashi,M65-69,59,Open,Japan,1:35:09,11:57,7:37:58,9:16,5:33:50,15:08:10
2109,2411,Tim Stageberg,M55-59,246,Open,United States,1:38:23,9:45,6:45:43,12:05,6:22:38,15:08:34
2110,1907,Nicholas Plaxton,M50-54,364,Open,United States,1:10:18,9:33,6:48:08,17:43,6:43:15,15:08:57
2111,905,Dave Mcgillivray,M70-74,19,Open,United States,1:42:24,14:12,7:23:58,11:40,5:37:07,15:09:21
2112,2366,Johnny Johnson,M55-59,247,Open,United States,1:45:41,10:49,6:42:11,7:10,6:24:27,15:10:17
2113,778,Jean-Pierre Treguier,M65-69,60,Open,France,1:37:36,13:06,7:27:47,10:41,5:41:08,15:10:18
2114,1551,Jose Mari Cagurangan,M45-49,313,Open,Philippines,1:42:43,7:46,7:01:21,10:09,6:08:25,15:10:25
2115,740,Kevin Strydom,M60-64,131,Open,United States,1:22:47,12:12,7:06:36,10:23,6:19:12,15:11:10
2116,860,Paul Hemson,M65-69,61,Open,United Kingdom,1:49:21,9:28,7:18:01,7:48,5:47:55,15:12:33
2117,1456,Richard Dyrkacz,M40-44,299,Open,Canada,1:52:07,10:01,7:25:03,10:44,5:35:22,15:13:17
2118,2462,Victor Garcia,M55-59,248,Open,Mexico,1:38:49,9:43,7:07:58,10:42,6:07:22,15:14:34
2119,2482,Thomas Müller,M55-59,249,Open,Germany,1:33:57,7:53,7:17:28,7:45,6:07:47,15:14:49
2120,2380,Hoo Ching Cheong,M55-59,250,Open,Malaysia,1:38:33,9:08,7:23:08,8:07,5:56:50,15:15:46
2121,869,Oscar Fricke,M70-74,20,Open,United States,1:28:18,8:18,7:11:33,9:31,6:18:18,15:15:58
2122,2282,Shane Boxrz,M50-54,365,Open,United States,1:23:16,11:15,6:51:33,16:09,6:35:26,15:17:38
2123,116,Jeremy Diguer,MPC/ID,,Open,France,1:29:23,3:13,8:05:00,6:28,5:33:45,15:17:49
2124,115,Thomas Maillard,MPC/ID,,Open,France,1:29:41,2:56,8:05:00,6:26,5:33:47,15:17:49
2125,668,Nicolas Santander,M60-64,132,Open,United States,1:42:32,7:57,6:37:43,16:01,6:34:00,15:18:12
2126,2342,Wayne Graham,M55-59,251,Open,South Africa,1:45:55,11:35,6:59:33,11:35,6:11:12,15:19:50
2127,2197,Troy Lowrey,M50-54,366,Open,Australia,1:09:48,6:00,7:22:01,7:21,6:34:44,15:19:55
2128,611,Craig Pulido,M60-64,133,Open,United States,1:35:35,10:04,7:05:29,11:01,6:18:08,15:20:18
2129,2418,Richard Watling,M55-59,252,Open,United Kingdom,1:17:37,11:40,7:11:51,9:15,6:30:06,15:20:29
2130,2308,Vern Gingerich,M50-54,367,Open,United States,1:26:54,7:50,7:20:49,8:48,6:17:47,15:22:08
2131,434,Michael Laverty,M35-39,247,Open,United States,1:35:34,13:45,7:50:42,12:35,5:29:38,15:22:13
2132,1906,Vlad Shneyder,M50-54,368,Open,United States,1:38:18,13:05,7:24:01,12:33,5:54:21,15:22:18
2133,801,Jim Lewis,M65-69,62,Open,United States,1:44:00,13:45,6:46:59,11:30,6:26:18,15:22:33
2134,1930,Gregory Sekiya,M50-54,369,Open,United States,1:33:42,10:08,7:13:30,8:51,6:17:04,15:23:16
2135,2354,Tam Pham,M55-59,253,Open,United States,1:43:06,11:47,7:12:25,7:54,6:08:05,15:23:18
2136,2071,Michael Blankenship,M50-54,370,Open,United States,1:22:04,8:10,6:53:37,9:10,6:50:22,15:23:23
2137,1730,Aaron Jones,M45-49,314,Open,United States,1:28:39,18:13,7:27:01,11:36,5:58:00,15:23:30
2138,1936,Martin Ernst,M50-54,371,Open,Germany,1:09:08,6:01,7:28:28,8:24,6:31:31,15:23:31
2139,780,Kevin Andrews,M65-69,63,Open,Australia,1:24:30,9:49,7:12:00,9:53,6:27:18,15:23:31
2140,825,David Procaccia,M65-69,64,Open,Brazil,1:47:24,11:58,6:50:50,9:50,6:24:28,15:24:29
2141,609,Thomas Greczmiel,M60-64,134,Open,Germany,1:29:58,9:17,6:22:32,7:52,7:18:14,15:27:53
2142,2272,Andrey Martovitskiy,M50-54,372,Open,United Kingdom,1:54:11,5:15,7:28:22,7:29,5:52:37,15:27:54
2143,597,Charles Schweikert,M60-64,135,Open,United States,1:49:57,10:17,7:05:58,10:17,6:11:31,15:28:00
2144,924,Michael Dwyer,M75-79,2,Open,United States,1:37:16,7:02,7:21:55,8:22,6:13:31,15:28:06
2145,2547,Joachim Häcker,M55-59,254,Open,Germany,1:29:00,8:51,7:25:12,10:00,6:15:53,15:28:56
2146,1677,Adam Endsley,M45-49,315,Open,United States,1:57:48,9:49,7:12:30,11:59,5:58:04,15:30:11
2147,670,George Detake,M60-64,136,Open,Japan,1:50:57,12:35,7:54:15,7:01,5:26:26,15:31:14
2148,693,Robert Pisciotta,M60-64,137,Open,United States,1:37:17,10:09,6:51:25,8:30,6:44:11,15:31:32
2149,2443,Gilles De Reyff,M55-59,255,Open,Switzerland,1:17:46,8:10,7:11:46,13:07,6:40:50,15:31:38
2150,2135,Aaron Ferrell,M50-54,373,Open,United States,1:50:09,4:24,7:40:14,8:12,5:49:07,15:32:06
2151,788,Sidney Hoyt,M65-69,65,Open,United States,1:40:50,17:06,7:19:22,12:12,6:02:43,15:32:13
2152,760,John Campbell,M60-64,138,Open,United States,1:26:59,11:58,6:41:24,8:49,7:03:31,15:32:40
2153,2084,Erik Greenfield,M50-54,374,Open,United States,1:35:29,10:17,6:10:58,11:47,7:24:13,15:32:44
2154,2017,Brandon Reimer,M50-54,375,Open,United States,1:19:28,8:16,7:24:16,5:11,6:35:43,15:32:55
2155,1306,Joshua Colter,M40-44,300,Open,United States,1:19:24,16:32,6:34:46,15:40,7:06:44,15:33:06
2156,2213,Julius Fuentebella,M50-54,376,Open,United States,1:35:06,10:56,7:15:47,6:44,6:26:06,15:34:39
2157,1692,Christopher Lenihan,M45-49,316,Open,United States,1:15:08,7:43,6:21:55,9:27,7:40:58,15:35:12
2158,2471,Robert Dill,M55-59,256,Open,United States,1:34:59,16:41,7:26:33,13:44,6:03:43,15:35:39
2159,695,Kevin Mcclelland,M60-64,139,Open,Canada,1:38:46,9:54,6:46:13,12:20,6:48:28,15:35:40
2160,651,Dave Tomes,M60-64,140,Open,United States,1:36:49,9:43,7:25:53,8:56,6:14:51,15:36:13
2161,654,Marco Enrico Zaffaroni,M60-64,141,Open,Italy,1:36:40,8:23,7:52:30,8:45,5:50:33,15:36:52
2162,674,Bryan Bowles,M60-64,142,Open,United States,1:39:13,15:00,7:09:23,12:03,6:21:29,15:37:09
2163,2348,Stuart Hazell,M55-59,257,Open,United Kingdom,1:17:52,7:57,7:24:22,11:57,6:36:53,15:39:01
2164,1840,Dan Wilson,M45-49,317,Open,United States,1:33:17,12:02,7:25:06,9:27,6:19:14,15:39:06
2165,403,Beau Jones,M35-39,248,Open,Australia,1:10:57,10:31,6:48:51,11:03,7:17:48,15:39:11
2166,2617,Michael Braham,M55-59,258,Open,United States,1:34:02,11:31,7:17:50,10:47,6:25:30,15:39:41
2167,1753,Flo Schweri,M45-49,318,Open,Switzerland,1:23:11,10:33,6:40:42,12:11,7:13:18,15:39:56
2168,681,Neil Anderson,M60-64,143,Open,United Kingdom,1:40:35,11:04,7:53:20,6:01,5:49:21,15:40:21
2169,899,Shigeki Sakamoto,M70-74,21,Open,Japan,1:41:41,11:45,8:09:18,10:19,5:27:20,15:40:23
2170,1940,Luis Gonzalez,M50-54,377,Open,Puerto Rico,1:28:58,9:00,7:00:39,9:23,6:52:43,15:40:43
2171,2287,Patrick Donovan,M50-54,378,Open,United States,1:33:30,12:22,7:28:12,8:55,6:18:27,15:41:26
2172,872,Tetsuo Inaba,M70-74,22,Open,Japan,1:55:26,16:09,7:55:20,10:38,5:24:48,15:42:20
2173,643,Gerhard Reichelt,M60-64,144,Open,Germany,1:39:32,10:26,7:14:58,8:17,6:29:26,15:42:40
2174,2175,Brian Dunn,M50-54,379,Open,United States,1:29:50,16:21,7:34:54,14:58,6:06:57,15:43:00
2175,923,Bob Sanderson,M75-79,3,Open,United States,2:01:57,8:58,7:26:31,8:06,5:57:41,15:43:13
2176,2516,David Desser,M55-59,259,Open,United States,1:26:25,15:51,7:11:27,15:36,6:34:10,15:43:30
2177,696,David Richman,M60-64,145,Open,United States,1:24:30,8:24,7:54:49,9:35,6:06:19,15:43:37
2178,702,Russ Voecks,M60-64,146,Open,United States,1:31:48,15:36,6:41:26,16:53,6:58:17,15:44:00
2179,794,Terry Gross,M65-69,66,Open,United States,1:33:39,13:57,6:43:55,13:48,6:58:45,15:44:04
2180,2402,Randy Swanson,M55-59,260,Open,United States,1:18:40,11:51,7:54:22,12:27,6:06:57,15:44:16
2181,1934,Sascha Greiner,M50-54,380,Open,Germany,1:15:45,14:06,7:26:38,10:08,6:38:27,15:45:05
2182,2362,Justus Derx,M55-59,261,Open,United States,1:15:31,8:54,7:04:55,12:25,7:03:34,15:45:19
2183,2067,Piotr Kosno,M50-54,381,Open,Poland,1:42:13,8:00,7:44:39,6:58,6:04:41,15:46:31
2184,712,Thomas Peterson,M60-64,147,Open,United States,1:25:35,15:35,7:37:04,11:21,6:18:59,15:48:34
2185,2235,Christian Holzheu,M50-54,382,Open,United States,1:46:36,14:17,7:23:47,14:02,6:10:09,15:48:50
2186,1585,Richard Alamo,M45-49,319,Open,United States,1:22:36,5:50,7:32:48,7:36,6:41:05,15:49:55
2187,1978,Michael Norman,M50-54,383,Open,United States,1:44:55,17:33,7:16:10,11:12,6:20:11,15:50:01
2188,1931,Bjoern Scheferling,M50-54,384,Open,Germany,1:42:10,21:39,7:00:10,17:13,6:29:23,15:50:35
2189,1638,Jamie Graff,M45-49,320,Open,United States,1:26:23,9:20,6:51:30,7:47,7:17:18,15:52:18
2190,719,Sergey Chernikov,M60-64,148,Open,Switzerland,1:28:11,11:56,7:10:28,34:54,6:27:00,15:52:30
2191,288,Matyas Szegi,M25-29,119,Open,Hungary,1:33:59,9:11,6:55:04,10:38,7:04:21,15:53:13
2192,2424,Scott Heintzelman,M55-59,262,Open,United States,1:19:26,8:10,7:13:12,9:13,7:03:27,15:53:29
2193,894,Michael Waldau,M70-74,23,Open,United States,1:38:56,10:42,7:54:20,12:41,5:57:27,15:54:07
2194,814,Ken Adriaansen,M65-69,67,Open,Australia,1:45:32,10:34,7:16:17,13:53,6:28:00,15:54:17
2195,649,Scott Grosse,M60-64,149,Open,United States,1:46:56,8:08,6:47:52,11:47,7:00:20,15:55:04
2196,2290,Will Smith,M50-54,385,Open,United States,1:35:26,10:23,7:17:48,9:22,6:42:20,15:55:19
2197,2226,Andy Martincic,M50-54,386,Open,United States,1:27:36,9:50,7:14:37,11:57,6:51:24,15:55:24
2198,2023,Eric Stevens,M50-54,387,Open,United States,1:28:05,8:07,7:24:02,8:49,6:46:34,15:55:36
2199,741,Colin Mcmullan,M60-64,150,Open,United Kingdom,1:46:30,14:43,7:29:16,9:15,6:17:02,15:56:46
2200,2186,Nacha Wongthaworn,M50-54,388,Open,Thailand,1:24:02,13:27,7:35:17,14:21,6:31:01,15:58:09
2201,928,Hiroshi Nakata,M80-84,1,Open,Japan,1:19:55,10:02,8:05:18,11:16,6:12:36,15:59:08
2202,2069,Andy Doran,M50-54,389,Open,Australia,1:24:58,11:01,7:48:07,6:46,6:28:38,15:59:30
2203,2236,Mariano Moreno Garcia,M50-54,390,Open,Mexico,1:27:54,16:41,7:21:08,14:24,6:40:19,16:00:25
2204,1742,Gerald Salcido,M45-49,321,Open,United States,1:35:01,12:08,7:28:48,7:23,6:37:09,16:00:29
2205,805,Dashrath Jadhav,M65-69,68,Open,India,1:38:58,11:39,7:41:17,11:27,6:17:08,16:00:29
2206,1388,Quinton Keaton,M40-44,301,Open,United States,1:35:21,7:34,7:42:15,10:08,6:26:36,16:01:54
2207,2262,David Szczepanski,M50-54,391,Open,United States,1:27:59,12:08,6:52:30,8:02,7:22:22,16:03:02
2208,2466,Martin Van Heeswijk,M55-59,263,Open,United States,1:20:48,7:17,7:02:17,9:29,7:23:23,16:03:14
2209,2158,Justin Derry,M50-54,392,Open,United States,1:48:49,13:02,7:23:28,10:57,6:27:21,16:03:37
2210,2367,Peter Rösemann,M55-59,264,Open,Germany,1:40:06,10:45,6:52:27,9:48,7:10:53,16:03:59
2211,774,Tom Atsalis,M65-69,69,Open,United States,1:37:42,15:04,7:53:07,13:56,6:05:12,16:05:02
2212,2384,Andreas Philipp,M55-59,265,Open,Germany,1:27:54,11:39,6:03:07,8:14,8:14:49,16:05:43
2213,618,William Mcpherson,M60-64,151,Open,United States,1:21:35,12:37,7:25:46,13:02,6:52:55,16:05:55
2214,1857,Henry Forrest,M45-49,322,Open,United States,1:16:15,14:10,7:19:18,12:34,7:03:42,16:05:59
2215,1443,Clint Light,M40-44,302,Open,United States,1:36:27,9:01,7:47:21,10:12,6:23:14,16:06:15
2216,875,Dieter Fickert,M70-74,24,Open,Germany,1:26:41,10:07,8:12:52,9:39,6:07:20,16:06:39
2217,2548,Ron Zappendorf,M55-59,266,Open,United States,1:44:32,8:29,7:37:27,7:12,6:29:03,16:06:43
2218,742,Alexander Hsia,M60-64,152,Open,United States,1:56:45,12:02,6:58:59,14:50,6:45:36,16:08:13
2219,1517,Timothy Pittman,M45-49,323,Open,United States,1:16:16,8:24,6:59:03,9:06,7:36:29,16:09:18
2220,648,Steffen Steiner,M60-64,153,Open,Germany,1:40:34,16:10,6:52:19,22:37,6:57:49,16:09:28
2221,2415,Shane Wilkinson,M55-59,267,Open,New Zealand,1:42:17,10:39,7:12:16,12:35,6:51:42,16:09:29
2222,2130,Bj Gumkowski,M50-54,393,Open,United States,1:15:52,12:06,6:13:10,14:17,8:15:22,16:10:49
2223,1908,Philipp Alhusen,M50-54,394,Open,United States,1:32:14,12:29,7:18:52,8:36,6:58:55,16:11:06
2224,2274,Jonathan Pascual,M50-54,395,Open,United States,2:17:52,8:13,7:09:28,6:41,6:30:33,16:12:46
2225,879,Shuhei Sato,M70-74,25,Open,Japan,1:27:51,11:46,7:33:33,13:31,6:46:12,16:12:53
2226,1570,Vincent Sheehan,M45-49,324,Open,United States,1:26:42,13:17,7:26:31,11:55,6:55:00,16:13:25
2227,2212,Mack Babcock,M50-54,396,Open,United States,1:39:43,7:34,7:44:14,8:08,6:34:27,16:14:06
2228,2211,Gary Collins,M50-54,397,Open,United States,1:31:59,16:00,7:34:42,10:59,6:40:41,16:14:21
2229,2588,David Hynan,M55-59,268,Open,United States,1:14:59,9:17,7:55:13,8:00,6:46:55,16:14:25
2230,1960,Andy Budgen,M50-54,398,Open,Australia,1:23:50,16:16,7:03:28,11:16,7:20:46,16:15:36
2231,1961,Chris Schmidt,M50-54,399,Open,United States,1:52:46,11:43,6:51:05,13:02,7:08:44,16:17:20
2232,2586,David Shoulberg,M55-59,269,Open,United States,1:28:22,12:41,7:18:28,11:14,7:08:07,16:18:52
2233,2007,Falko Toetzke,M50-54,400,Open,Germany,1:22:29,10:31,7:57:29,9:34,6:39:02,16:19:06
2234,2201,Nathan Aina,M50-54,401,Open,United States,1:42:59,17:03,7:14:09,13:39,6:51:51,16:19:41
2235,817,Ron Brown,M65-69,70,Open,United States,1:47:08,9:18,7:55:32,7:28,6:20:28,16:19:54
2236,893,Johannes Lutz,M70-74,26,Open,Germany,1:35:56,7:43,7:36:59,8:17,6:51:28,16:20:24
2237,2033,Mats Englund,M50-54,402,Open,Sweden,1:41:35,10:19,7:06:45,12:48,7:10:18,16:21:45
2238,921,Bill Braun,M75-79,4,Open,United States,1:33:31,7:15,7:17:01,7:16,7:17:51,16:22:54
2239,2074,Stanislaw Klek,M50-54,403,Open,Poland,1:33:46,12:09,7:35:04,11:33,6:51:06,16:23:38
2240,930,Gennaro Magliulo,M80-84,2,Open,United States,2:01:54,21:06,7:14:19,8:10,6:38:52,16:24:21
2241,800,Dan Trawicki,M65-69,71,Open,United States,1:51:07,11:14,7:54:41,9:26,6:18:26,16:24:54
2242,1474,Garry Dorr,M40-44,303,Open,France,1:30:00,8:55,7:48:05,10:49,6:48:19,16:26:08
2243,929,Bob Plant,M80-84,3,Open,United States,1:45:00,6:34,7:45:32,7:13,6:42:28,16:26:47
2244,2531,Ozzy Ian Hosmer,M55-59,270,Open,United Kingdom,1:27:35,10:41,7:21:24,14:17,7:13:09,16:27:06
2245,859,Mats Olson,M65-69,72,Open,Sweden,1:45:09,11:44,8:16:26,13:51,6:01:59,16:29:10
2246,2252,Chris Cotton,M50-54,404,Open,United States,2:03:25,9:52,7:25:51,12:22,6:38:08,16:29:37
2247,1589,Robert Cristman,M45-49,325,Open,United States,1:17:38,8:03,8:23:14,11:01,6:31:25,16:31:21
2248,1933,Andrew Cartwright,M50-54,405,Open,United States,1:55:14,13:06,8:02:05,9:40,6:11:46,16:31:52
2249,799,Stephen Blum,M65-69,73,Open,New Zealand,1:55:15,12:58,7:57:07,13:44,6:12:54,16:31:57
2250,868,Steve Mccormick,M70-74,27,Open,United States,2:01:07,7:52,7:32:22,10:06,6:40:34,16:32:00
2251,781,John Mozena,M65-69,74,Open,United States,1:28:16,14:40,7:28:57,29:28,6:51:13,16:32:34
2252,2363,Roberto Castro,M55-59,271,Open,Mexico,1:24:44,8:36,7:53:21,8:44,6:58:03,16:33:27
2253,806,Bill Rushing,M65-69,75,Open,United States,1:22:02,8:39,7:22:29,10:26,7:30:43,16:34:19
2254,1507,Bryan Scott,M45-49,326,Open,United States,1:34:09,9:05,7:28:39,13:50,7:09:52,16:35:35
2255,2472,Tim Tobin,M55-59,272,Open,United States,1:25:31,11:09,7:36:55,15:26,7:06:47,16:35:48
2256,889,Bob Whitman,M70-74,28,Open,United States,1:47:54,13:59,7:39:33,12:58,6:41:33,16:35:58
2257,2010,Fernando Balmaceda,M50-54,406,Open,United States,1:48:31,9:52,7:39:33,8:33,6:49:54,16:36:22
2258,909,Greg Rosin,M70-74,29,Open,United States,1:30:57,8:28,7:21:28,10:39,7:25:45,16:37:17
2259,470,Julian Rangel,M35-39,249,Open,United States,1:40:45,11:07,6:58:14,14:04,7:33:40,16:37:50
2260,849,Thomas Dowd,M65-69,76,Open,United States,1:39:52,13:01,7:21:51,9:16,7:14:08,16:38:09
2261,896,Paul Johnson,M70-74,30,Open,United States,1:19:40,7:36,7:40:32,16:11,7:14:23,16:38:21
2262,1920,Gregg Mckenzie,M50-54,407,Open,United States,1:31:44,13:12,8:07:30,12:10,6:34:27,16:39:03
2263,1811,William Johnson,M45-49,327,Open,United States,1:40:38,7:30,7:29:00,9:36,7:12:44,16:39:28
2264,2576,Anthony Orrico,M55-59,273,Open,United States,1:42:45,15:11,7:07:52,11:46,7:22:11,16:39:46
2265,1600,Paul Bradford,M45-49,328,Open,United Kingdom,1:31:38,14:16,7:06:56,16:00,7:31:00,16:39:49
2266,906,Michael Whetstone,M70-74,31,Open,United States,1:28:38,12:23,8:18:15,12:34,6:28:18,16:40:08
2267,871,Leonid Boguslavsky,M70-74,32,Open,Canada,1:29:48,11:11,7:48:22,11:12,6:59:48,16:40:21
2268,880,John Snelling,M70-74,33,Open,United States,2:03:12,22:24,7:33:24,11:15,6:31:32,16:41:47
2269,598,Cole Braun,M60-64,154,Open,United States,1:27:50,15:52,7:35:43,11:26,7:11:33,16:42:24
2270,1670,Cliff Smirl,M45-49,329,Open,Canada,1:21:19,6:22,8:01:16,7:41,7:07:04,16:43:42
2271,898,Don Little,M70-74,34,Open,United States,1:27:16,13:45,8:01:38,15:05,6:46:01,16:43:45
2272,663,Brian Bautch,M60-64,155,Open,United States,1:51:52,16:30,7:38:03,12:20,6:45:31,16:44:16
2273,2405,Dennis Duria,M55-59,274,Open,Philippines,1:44:40,10:08,7:25:29,14:39,7:09:26,16:44:22
2274,882,Daniele Pelessone,M70-74,35,Open,United States,1:56:56,10:41,8:02:06,9:52,6:25:00,16:44:34
2275,932,Gene Peters,M80-84,4,Open,United States,1:40:28,15:03,8:03:29,13:45,6:32:07,16:44:52
2276,1561,Dave Kellermanns,M45-49,330,Open,Germany,1:20:01,9:58,7:50:01,14:38,7:13:23,16:48:02
2277,2357,James Lyons,M55-59,275,Open,United States,1:31:00,9:59,7:11:28,17:18,7:40:08,16:49:54
2278,2041,Bob Gitsham,M50-54,408,Open,United States,1:54:25,10:50,7:11:33,9:49,7:23:56,16:50:33
2279,870,Daniel Mallory,M70-74,36,Open,Canada,1:58:00,16:32,7:35:41,12:18,6:52:36,16:55:07
2280,1606,Ryan Stokes,M45-49,331,Open,United States,1:06:55,8:01,7:44:12,9:40,7:46:52,16:55:40
2281,690,Miguel De Las Casas,M60-64,156,Open,Peru,1:28:06,8:13,8:11:02,7:45,7:02:25,16:57:32
2282,2313,Tom Camp,M50-54,409,Open,United States,1:42:19,13:51,8:04:49,9:03,6:48:52,16:58:56
2283,807,Michael Mitchell,M65-69,77,Open,United States,1:39:07,13:47,8:08:00,9:56,7:24:30,17:35:19
2284,617,Craig Vaness,M60-64,157,Open,United States,1:49:29,14:02,7:39:15,11:33,7:42:23,17:36:43
2285,884,Takashi Hitomi,M70-74,37,Open,Japan,1:40:52,11:11,7:57:00,11:53,7:42:03,17:42:59
2286,593,Gerard Donnelly,M60-64,158,Open,United States,1:33:27,13:02,7:40:52,16:08,8:00:35,17:44:05
2287,619,Mitch Evans,M60-64,159,Open,United States,1:55:05,12:04,8:22:22,6:58,7:13:02,17:49:32
,1687,Anton Kort,M45-49,,Open,United States,,,,,,
,641,Wolfgang Schmatz,M60-64,,Open,Germany,,,,,,
,2250,Mike Greenberg,M50-54,,Open,Canada,53:50,4:13,5:22:44,5:57,,
,1017,Darren Huang,M30-34,,Open,Taiwan,,,,,,
,172,Filippos Vokos,M18-24,,Open,Greece,58:01,3:28,4:46:57,3:39,,
,1465,Hyewoong Kim,M40-44,,Open,Korea,,,,,,
,1461,Jeffrey Wei,M40-44,,Open,Hong Kong,,,,,,
,2407,Dave Mortensen,M55-59,,Open,United States,1:09:47,9:51,6:48:20,9:18,,
,819,David Ashley,M65-69,,Open,Canada,,,,,,
,1832,Daniel Norton,M45-49,,Open,United Kingdom,,,,,,
,829,Steve Miller,M65-69,,Open,United States,1:35:59,16:11,6:57:50,30:48,,
,8,Arthur Horseau,MPRO,,Open,France,56:30,3:17,,,,
,4,Gustav Iden,MPRO,,Open,Norway,50:34,3:03,4:12:59,3:25,,
,12,Clément Mignon,MPRO,,Open,France,47:28,2:33,,,,
,2030,Fernando López Navarro,M50-54,,Open,Spain,,,,,,
,1841,Adil Gourari,M45-49,,Open,Morocco,,,,,,
,753,Martin Franklin,M60-64,,Open,United States,,,,,,
,1937,Benoit Racadot,M50-54,,Open,France,,,,,,
,2571,Marc Heizmann,M55-59,,Open,Switzerland,1:06:17,7:12,5:06:02,8:01,,
,1379,Sebastien Sahyoun,M40-44,,Open,Morocco,1:01:13,6:04,4:51:42,7:38,,
,604,Tim Bradley,M60-64,,Open,United States,1:20:32,5:26,5:15:35,,,
,52,Leonard Arnold,MPRO,,Open,Germany,50:45,2:29,4:17:20,2:20,,
,727,Gregory Banzon,M60-64,,Open,Philippines,2:03:58,11:43,,,,
,626,Lawrence Luepschen,M60-64,,Open,United States,1:50:22,17:09,8:24:20,,,
,1136,Tristan Johns,M30-34,,Open,United States,,,,,,
,1640,Andy Clark,M45-49,,Open,United States,,,,,,
,592,Scott Mcintyre,M60-64,,Open,United States,,,,,,
,17,Trevor Foley,MPRO,,Open,United States,55:14,2:43,4:03:11,,,
,1007,Richard Fineman,M30-34,,Open,United States,,,,,,
,964,Campbell Schmidt,M30-34,,Open,Australia,,,,,,
,2300,Joost Van Rens,M50-54,,Open,Netherlands,,,,,,
,2501,Marc Vermill,M55-59,,Open,United States,2:00:25,14:46,,,,
,2461,Fernando Carmo,M55-59,,Open,Portugal,1:23:10,4:58,,,,
,2446,Barry Berg,M55-59,,Open,Canada,,,,,,
,1603,Ivan Grablev,M45-49,,Open,Bulgaria,54:43,4:09,4:52:37,3:23,,
,1702,Rowan Vorster,M45-49,,Open,South Africa,,,,,,
,2643,Gustavo Perez,M55-59,,Open,Chile,,,,,,
,1548,Andreas Gruetter,M45-49,,Open,Switzerland,59:23,4:48,4:51:02,4:16,,
,2103,Desmond Jones,M50-54,,Open,United Kingdom,,,,,,
,2510,Mark Rushby,M55-59,,Open,Ireland,,,,,,
,1899,Paulo Santos,M50-54,,Open,Brazil,,,,,,
,976,Patrick Ciquera,M30-34,,Open,United States,,,,,,
,1648,Zdeno Chara,M45-49,,Open,Slovakia,,,,,,
,1035,Ivo Janssen,M30-34,,Open,Netherlands,1:06:33,6:20,4:47:03,4:27,,
,190,Jan Ettema,M25-29,,Open,Netherlands,,,,,,
,1252,Albert Jose Gonzalvo,M40-44,,Open,Spain,,,,,,
,2147,Lee Charles,M50-54,,Open,United Kingdom,,,,,,
,957,Rhys Jones,M30-34,,Open,Australia,1:00:27,4:42,5:17:54,5:21,,
,346,Jan-Ole Gerschefski,M35-39,,Open,Germany,,,,,,
,327,Jonathan Noon,M35-39,,Open,United States,,,,,,
,1163,Dag Störmer,M40-44,,Open,Germany,58:37,5:08,5:14:46,9:33,,
,1704,Patrick Harfield,M45-49,,Open,Cayman Islands,1:01:34,4:32,,,,
,610,Peter Westlake,M60-64,,Open,United States,,,,,,
,1951,Gary Squires,M50-54,,Open,United Kingdom,,,,,,
,21,Denis Chevrot,MPRO,,Open,France,47:29,2:27,,,,
,878,Paul Schaber,M70-74,,Open,Germany,1:50:25,8:12,8:06:39,,,
,2034,Benjamin Haithcock,M50-54,,Open,United States,1:33:41,9:12,8:15:45,6:40,,
,1442,Mattia Bianchi,M40-44,,Open,Switzerland,,,,,,
,2345,Rick Dunaway,M55-59,,Open,United States,1:34:51,12:13,7:37:53,16:05,6:01:52,
,1865,Brian Rivera,M45-49,,Open,United States,1:44:47,5:11,7:51:45,12:08,,
,236,Dan Brownstein,M25-29,,Open,United States,,,,,,
,2063,Sam Sareh,M50-54,,Open,United States,1:25:50,5:33,6:21:08,17:55,,
,1597,Jason Linscott,M45-49,,Open,United States,1:10:49,13:01,6:08:07,11:59,,
,2305,Loris Gerini,M50-54,,Open,Italy,,,,,,
,1767,Michael Cerny,M45-49,,Open,Australia,,,,,,
,2179,Su Yun,M50-54,,Open,China,,,,,,
,1824,Amit Shaked,M45-49,,Open,Israel,,,,,,
,1976,James Chappell,M50-54,,Open,United Kingdom,,,,,,
,1656,Craig Dummer,M45-49,,Open,United Kingdom,,,,,,
,1757,Christian Bartoelke,M45-49,,Open,Germany,,,,,,
,1387,Mike Ergo,M40-44,,Open,United States,,,,,,
,1177,Michal Kosmowski,M40-44,,Open,Poland,,,,,,
,1911,Mike Andrews,M50-54,,Open,United States,,,,,,
,1381,Steve Clark,M40-44,,Open,United Kingdom,,,,,,
,1259,Jethro Karl Ramos,M40-44,,Open,Philippines,,,,,,
,927,Warren Hill,M85-89,,Open,New Zealand,,,,,,
,1291,Federico Szuchet,M40-44,,Open,Argentina,1:04:51,4:16,,,,
,2209,Alexandre Vinokurov,M50-54,,Open,Kazakhstan,,,,,,
,1545,Luigi Grullon,M45-49,,Open,Dominican Republic,1:13:11,6:33,,,,
,1915,Tomaz Sink,M50-54,,Open,Slovenia,,,,,,
,558,Folkert Oostra,M35-39,,Open,Netherlands,,,,,,
,2451,Chris Gerber,M55-59,,Open,Switzerland,1:09:12,7:18,5:53:46,6:52,,
,1231,Jiri Kaplan,M40-44,,Open,Czechia,,,,,,
,2605,Nils Baanstra,M55-59,,Open,Netherlands,1:18:53,3:51,5:09:23,7:03,,
,2344,Uwe Moeller,M55-59,,Open,Germany,1:10:01,5:03,,,,
,383,Oleksandr Kovalchuk,M35-39,,Open,Ukraine,,,,,,
,149,Alexander Milne,M18-24,,Open,United Kingdom,,,,,,
,1816,Vesa Koskinen,M45-49,,Open,Finland,,,,,,
,1473,James Curran,M40-44,,Open,Ireland,,,,,,
,1762,David Munro,M45-49,,Open,Australia,,,,,,
,854,Adrian Morris,M65-69,,Open,South Africa,,,,,,
,747,Craig Alexander,M60-64,,Open,New Zealand,1:46:30,8:29,,,,
,2421,Colin Smith,M55-59,,Open,Australia,,,,,,
,562,Thomas Schneider,M35-39,,Open,Germany,,,,,,
,2043,Lee Mather,M50-54,,Open,United Kingdom,,,,,,
,1173,Stephen Glowrey,M40-44,,Open,Australia,1:18:06,7:24,6:43:31,9:22,,
,596,John O'Brien,M60-64,,Open,United States,1:29:18,8:49,7:09:13,8:21,,
,914,Luiz Renato Ragazzo Machado Gomes,M75-79,,Open,Brazil,,,,,,
,1457,Alexandre Borsatto,M40-44,,Open,Brazil,,,,,,
,2528,Marc Arseneau,M55-59,,Open,Canada,,,,,,
,2556,Pascal Cassez,M55-59,,Open,France,1:15:51,6:29,5:51:38,4:09,3:18:57,
,1425,Alex Ferrario,M40-44,,Open,Italy,,,,,,
,1238,Markus Goldinger,M40-44,,Open,Switzerland,,,,,,
,836,Kurt Lindorfer,M65-69,,Open,United States,2:15:48,8:55,8:06:47,,,
,758,Frank Bareuther,M60-64,,Open,Germany,,,,,,
,1181,Michael Mcevoy,M40-44,,Open,Australia,,,,,,
,886,Volker Fischer,M70-74,,Open,United States,,,,,,
,608,Jeffrey Warshaw,M60-64,,Open,United States,1:22:58,7:08,5:51:18,19:17,,
,956,Youssef Sebban,M30-34,,Open,Morocco,,,,,,
,913,Brad Kirley,M75-79,,Open,United States,1:49:17,10:20,8:13:51,11:14,7:19:42,
,2533,Ferdinand Nonnenbroich,M55-59,,Open,Germany,,,,,,
,1069,Fabian Bannwart,M30-34,,Open,Switzerland,56:20,3:48,4:48:59,3:46,,
,831,Bernd-Rudiger Worm,M65-69,,Open,Germany,,,,,,
,851,Wilhelm Schweiger,M65-69,,Open,Germany,,,,,,
,2019,David Piper,M50-54,,Open,United States,1:29:37,11:45,7:29:21,10:03,,
,1191,Anthony Adam,M40-44,,Open,France,1:06:49,5:35,5:33:07,6:07,,
,837,Todd Brown,M65-69,,Open,United States,1:44:02,10:47,8:03:40,11:25,,
,11,Robert Wilkowiecki,MPRO,,Open,Poland,47:23,2:48,4:51:57,,,
,637,Robert Higgins,M60-64,,Open,Canada,,,,,,
,227,Fernando Maluf,M25-29,,Open,Brazil,59:04,2:40,4:33:21,2:32,,
,1881,James Noriega,M50-54,,Open,United States,1:47:43,10:39,8:14:24,11:00,,
,1955,Todd Newnam,M50-54,,Open,United States,,,,,,
,1384,Marcus Sobering,M40-44,,Open,United States,,,,,,
,931,Robert Butler,M80-84,,Open,Albania,2:08:57,11:53,8:40:37,,,
,2162,Declan Doyle,M50-54,,Open,Ireland,,,,,,
,1624,Waldemar Grichting,M45-49,,Open,Switzerland,,,,,,
,920,Shinichi Muranaka,M75-79,,Open,Japan,1:46:24,8:33,8:00:48,9:26,,
,107,Johnny Agar,MPC/ID,,Open,United States,1:45:06,13:38,,,,
,876,Yuichi Okazaki,M70-74,,Open,Japan,2:09:45,12:51,8:43:11,,,
,790,Jose Mugica Izagirre,M65-69,,Open,Spain,,,,,,
,1144,Luis Benitez,M30-34,,Open,Mexico,,,,,,
,2388,Guido Pasqualini,M55-59,,Open,Italy,,,,,,
,1508,Luciano Gomes,M45-49,,Open,Brazil,,,,,,
,916,Yoshihito Munemasa,M75-79,,Open,Japan,2:10:55,13:17,,,,
,1979,Miguel Escribano Giraldo,M50-54,,Open,Spain,,,,,,
,2400,Brooks Amiot,M55-59,,Open,United States,,,,,,
,1108,Mike Weston,M30-34,,Open,United Kingdom,1:36:31,9:39,9:13:21,,,
,915,John Little,M75-79,,Open,United States,1:52:35,13:43,7:49:26,14:21,,
,379,Joseph Shields,M35-39,,Open,United States,,,,,,
,955,Hector Haussen,M30-34,,Open,Brazil,,,,,,
,2004,John Nelson,M50-54,,Open,Australia,,,,,,
,164,Sam Mckenzie,M18-24,,Open,Australia,57:24,2:40,,,,
,2256,André Niederberghaus,M50-54,,Open,Germany,,,,,,
,783,Michael Roudabush,M65-69,,Open,United States,1:27:58,11:56,8:09:10,8:36,,
,937,Matteo Garino,M30-34,,Open,Italy,1:12:22,6:13,,,,
,2116,Jason Hollander,M50-54,,Open,United States,,,,,,
,14,Matt Burton,MPRO,,Open,Australia,55:16,2:35,,,,
,24,Reinaldo Colucci,MPRO,,Open,Brazil,50:42,2:32,4:51:04,,,
,1544,Aaron Church,M45-49,,Open,United States,,,,,,
,2046,Armando Menesses,M50-54,,Open,Mexico,,,,,,
,30,Chris Leiferman,MPRO,,Open,United States,52:17,2:11,4:12:00,5:14,,
,1558,Van Fletcher,M45-49,,Open,United States,,,,,,
,1901,David Truong,M50-54,,Open,United States,1:32:22,12:02,,,,
,2445,Kristian Röhl,M55-59,,Open,Denmark,1:33:56,8:01,7:38:12,,,
,2611,Matthew Koorey,M55-59,,Open,Australia,,,,,,
,1614,John Beckstrand,M45-49,,Open,United States,1:32:48,11:07,6:39:26,16:09,,
,1266,Mathew Feldmar,M40-44,,Open,United States,,,,,,
,874,Lonnie Lepore,M70-74,,Open,United States,,,,,,
,2373,David Haight,M55-59,,Open,United States,,,,,,
,2562,Laurent Jalabert,M55-59,,Open,France,,,,,,
,1296,Ross Welton,M40-44,,Open,United Kingdom,59:27,5:04,4:37:54,,,
,1290,Onur Ozahioglu,M40-44,,Open,Canada,,,,,,
,1700,Eran Siloni,M45-49,,Open,Israel,1:03:09,4:13,5:15:43,5:05,,
,2123,Chris Brewer,M50-54,,Open,United States,,,,,,
,1472,Benjamin Winke,M40-44,,Open,Germany,59:12,4:36,,,,
,1683,Chris Ellet,M45-49,,Open,United Kingdom,,,,,,
,2392,Nicolas Viala,M55-59,,Open,France,,,,,,
,2470,Alan Dionson,M55-59,,Open,Philippines,2:16:22,10:32,,,,
,269,Jim Doornbosch,M25-29,,Open,Netherlands,1:03:42,6:30,,,,
,1913,Olivier Dulat,M50-54,,Open,France,,,,,,
,919,Jean-Francois Gaillard,M75-79,,Open,France,1:45:06,15:07,9:09:58,,,
,163,Ben Tolliday,M18-24,,Open,United States,,,,,,
,256,Mikel Gomez Martinez De Manso,M25-29,,Open,Spain,58:00,4:03,4:58:40,,,
,973,Patrick Schilz,M30-34,,Open,Germany,1:25:15,,,,,
,903,Gregory Taylor,M70-74,,Open,United States,,,,,,
,2410,Andrew Charles,M55-59,,Open,Australia,,,,,,
,2273,Werner Überbacher,M50-54,,Open,Italy,1:07:29,6:55,5:41:12,7:09,,
,441,Michael Lewandowski,M35-39,,Open,Australia,,,,,,
,22,Pieter Heemeryck,MPRO,,Open,Belgium,50:49,2:42,,,,
,796,Barry Sullivan,M65-69,,Open,United States,,,,,,
,635,Peter Lynch,M60-64,,Open,Australia,2:09:38,17:53,,,,
,1925,Jay Holland,M50-54,,Open,United States,1:33:26,12:12,8:17:07,8:01,,
,2660,Pierre Durif,M55-59,,Open,France,1:11:25,5:53,5:53:50,8:51,,
,933,Richard Weinbrandt,M80-84,,Open,United States,1:55:56,15:19,,,,
,925,Robert Scott,M75-79,,Open,United States,,,,,,
,1833,Russell Boulton,M45-49,,Open,Australia,,,,,,
,653,Felix Patton,M60-64,,Open,Australia,1:34:16,11:10,,,,
,1199,Joey Gotowko,M40-44,,Open,United States,,,,,,
,761,Slawomir Kakol,M60-64,,Open,Poland,1:19:30,4:17,5:06:37,5:15,,
,1156,Benjamin Ueltschi,M30-34,,Open,Switzerland,58:58,3:36,4:31:16,4:57,,
,1556,Andy Higginbotham,M45-49,,Open,New Zealand,,,,,,
,917,George Demetrulias,M75-79,,Open,United States,1:49:34,13:12,,,,
,1138,Luke Powell,M30-34,,Open,United Kingdom,59:00,5:17,5:13:16,5:45,,
,815,Michael Roe,M65-69,,Open,Denmark,,,,,,
,28,Arnaud Guilloux,MPRO,,Open,France,50:33,3:12,4:42:38,,,
,108,Jeff Agar,MPC/ID,,Open,United States,1:44:31,14:11,,,,
,867,Mark Song,M70-74,,Open,United States,1:29:05,11:46,7:45:38,14:23,,
,739,Mark Edwards,M60-64,,Open,United Kingdom,,,,,,
,1847,Matthew Evans,M45-49,,Open,United States,1:29:35,10:07,,,,
,1972,Reon Park,M50-54,,Open,New Zealand,59:12,5:30,5:08:14,,,
,1536,Marshall Scott,M45-49,,Open,Australia,,,,,,
,2432,Chris Tye,M55-59,,Open,United Kingdom,,,,,,
,716,Simon Taylor,M60-64,,Open,United Kingdom,,,,,,
,918,Andrew Loeb,M75-79,,Open,United States,1:38:26,12:52,7:24:50,9:37,,
