Place,Bib,Name,Age_Group,Group_Rank,Class,Club,Swim,T1,Bike,T2,Run,Finish
1,4,"Frodeno, Jan",MPRO,1,Open,Germany,47:31,1:58,4:16:02,2:59,2:42:43,7:51:13
2,6,"O'donnell, Tim",MPRO,2,Open,United States,47:38,2:01,4:18:11,2:06,2:49:45,7:59:41
3,5,"Kienle, Sebastian",MPRO,3,Open,Germany,52:17,2:12,4:15:04,2:35,2:49:56,8:02:04
4,14,"Hoffman, Ben",MPRO,4,Open,United States,51:01,2:25,4:24:01,2:17,2:43:08,8:02:52
5,11,"Wurf, Cameron",MPRO,5,Open,Australia,52:25,2:07,4:14:44,2:22,2:55:03,8:06:41
6,9,"Skipper, Joe",MPRO,6,Open,United Kingdom,52:28,2:29,4:16:18,3:01,2:53:30,8:07:46
7,7,"Currie, Braden",MPRO,7,Open,New Zealand,47:41,1:56,4:30:30,2:16,2:46:25,8:08:48
8,47,"Koutny, Philipp",MPRO,8,Open,Switzerland,52:20,2:06,4:15:14,2:59,2:57:50,8:10:29
9,2,"Aernouts, Bart",MPRO,9,Open,Belgium,57:03,2:05,4:19:47,2:24,2:51:08,8:12:27
10,28,"Leiferman, Chris",MPRO,10,Open,United States,52:29,2:15,4:24:20,2:14,2:52:19,8:13:37
11,34,"Van berkel, Jan",MPRO,11,Open,Switzerland,50:53,2:15,4:32:09,2:26,2:47:36,8:15:19
12,16,"Reed, Tim",MPRO,12,Open,Australia,51:02,2:19,4:25:53,2:32,2:55:51,8:17:37
13,12,"Weiss, Michael",MPRO,13,Open,Austria,57:05,2:24,4:21:37,2:22,2:54:34,8:18:02
14,10,"Potts, Andy",MPRO,14,Open,United States,50:57,2:16,4:24:16,3:03,2:58:58,8:19:30
15,21,"Bakkegard, Daniel",MPRO,15,Open,Denmark,47:35,2:12,4:37:18,2:43,2:49:50,8:19:38
16,56,"Van berkel, Tim",MPRO,16,Open,Australia,51:44,2:26,4:31:01,2:28,2:52:37,8:20:16
17,8,"Russell, Matthew",MPRO,17,Open,United States,52:23,2:18,4:17:25,2:50,3:07:22,8:22:18
18,27,"Hogenhaug, Kristian",MPRO,18,Open,Denmark,52:21,2:12,4:15:21,3:14,3:10:28,8:23:36
19,57,"Viennot, Cyril",MPRO,19,Open,France,52:18,2:12,4:29:08,2:27,2:57:48,8:23:53
20,45,"Frommhold, Nils",MPRO,20,Open,Germany,50:47,2:08,4:24:29,2:22,3:05:10,8:24:56
21,24,"Brownlee, Alistair",MPRO,21,Open,United Kingdom,47:33,2:07,4:19:58,2:25,3:13:00,8:25:03
22,17,"Sanders, Lionel",MPRO,22,Open,Canada,52:22,2:14,4:15:22,2:14,3:13:42,8:25:54
23,44,"Duelsen, Marc",MPRO,23,Open,Germany,52:21,2:07,4:28:26,2:27,3:01:14,8:26:35
24,30,"Sapunov, Daniil",MPRO,24,Open,Ukraine,50:55,2:25,4:33:57,2:58,2:58:07,8:28:22
25,38,"Clarke, Will",MPRO,25,Open,United Kingdom,52:20,2:25,4:30:29,2:33,3:01:13,8:29:00
26,51,"Plese, David",MPRO,26,Open,Slovenia,52:28,2:33,4:31:56,3:10,2:59:56,8:30:03
27,40,"De elias, Mario",MPRO,27,Open,Argentinia,56:59,2:11,4:36:06,2:32,2:53:11,8:30:59
28,33,"Trautman, Matt",MPRO,28,Open,South Africa,52:14,1:58,4:25:06,2:22,3:11:25,8:33:05
29,22,"Llanos, Eneko",MPRO,29,Open,Spain,51:03,2:13,4:40:18,3:34,2:56:21,8:33:29
30,1855,"Marques, Sergio",M35-39,1,Open,Portugal,58:51,2:39,4:37:54,2:29,2:53:19,8:35:12
31,53,"Silvestrin souza, Frank",MPRO,30,Open,Brazil,50:55,2:24,4:41:52,2:51,2:59:04,8:37:06
32,3003,"Haug, Anne",FPRO,1,Female,Germany,54:09,2:02,4:50:17,2:35,2:51:07,8:40:10
33,42,"Drachler, Tobias",MPRO,31,Open,Germany,52:08,2:16,4:41:40,2:41,3:01:59,8:40:44
34,18,"Cunnama, James",MPRO,32,Open,South Africa,52:12,2:35,4:27:59,2:14,3:16:19,8:41:19
35,1793,"Dels, Christopher",M35-39,2,Open,Germany,59:08,3:19,4:40:50,4:00,2:56:55,8:44:12
36,36,"Amberger, Josh",MPRO,33,Open,Australia,47:28,2:00,4:27:16,2:20,3:25:25,8:44:29
37,1814,"Geldenhuys, Donovan",M35-39,3,Open,South Africa,55:03,3:46,4:40:36,2:58,3:02:54,8:45:17
38,35,"Alonso-mckernan, Clemente",MPRO,34,Open,Spain,51:41,2:27,4:43:10,4:28,3:03:54,8:45:40
39,3002,"Charles-barclay, Lucy",FPRO,2,Female,United Kingdom,49:02,2:05,4:47:20,2:18,3:05:59,8:46:44
40,2026,"Caceres lopez, Ivan",M30-34,1,Open,Spain,54:41,3:30,4:50:03,3:12,2:55:42,8:47:08
41,2318,"Tomasz, Aaron",M25-29,1,Open,United Kingdom,52:52,3:49,4:42:44,2:58,3:05:15,8:47:38
42,3006,"Crowley, Sarah",FPRO,3,Female,Australia,54:05,2:11,4:50:13,2:24,2:59:20,8:48:13
43,1318,"Vinokurov, Alexandre",M45-49,1,Open,Kazakhstan,1:09:06,2:42,4:21:06,3:13,3:12:17,8:48:24
44,1884,"Picard, Raynard",M35-39,4,Open,Mexico,1:04:32,2:43,4:36:36,4:11,3:00:31,8:48:33
45,2035,"Eddy, Neil",M30-34,2,Open,United Kingdom,51:55,2:18,4:49:49,3:27,3:02:20,8:49:49
46,25,"Fontana, Daniel",MPRO,35,Open,Italy,51:01,2:17,4:41:59,2:43,3:13:17,8:51:17
47,1815,"Giuliano, Ryan",M35-39,5,Open,United States,1:00:02,2:28,4:44:50,2:56,3:01:18,8:51:34
48,3021,"Philipp, Laura",FPRO,4,Female,Germany,59:03,2:27,4:45:04,2:57,3:02:11,8:51:42
49,1789,"De korver, Derk",M35-39,6,Open,Netherlands,1:01:42,2:53,4:33:38,3:34,3:11:07,8:52:54
50,2116,"Perez garcia, Javier",M30-34,3,Open,Spain,1:01:38,2:11,4:51:31,2:37,2:55:55,8:53:52
51,46,"Gambles, Joe",MPRO,36,Open,Australia,51:47,2:15,4:31:01,2:53,3:26:18,8:54:14
52,3011,"Jackson, Heather",FPRO,5,Female,United States,59:12,2:17,4:46:45,2:13,3:04:17,8:54:44
53,2060,"Herber, Philipp",M30-34,4,Open,Germany,59:07,2:48,4:44:15,3:11,3:05:54,8:55:15
54,2165,"Wies, Sven",M30-34,5,Open,Germany,52:46,2:04,4:46:23,2:32,3:11:41,8:55:26
55,3007,"Sali, Kaisa",FPRO,6,Female,Finland,59:14,2:11,4:53:53,2:57,2:57:18,8:55:33
56,1936,"Winkler, Benjamin",M35-39,7,Open,Germany,53:08,2:27,4:42:07,3:31,3:15:14,8:56:27
57,1623,"Sorensen, Carsten Demant",M40-44,1,Open,Denmark,53:58,3:17,4:46:01,3:29,3:10:04,8:56:49
58,2250,"Enzenberger, Georg",M25-29,2,Open,Austria,57:35,2:40,4:38:39,3:02,3:14:55,8:56:51
59,1816,"Gleeson, Dylan",M35-39,8,Open,Canada,56:52,2:48,4:38:14,3:19,3:15:45,8:56:58
60,2055,"Hauwert, Levi",M30-34,6,Open,Australia,56:11,2:52,4:39:45,2:53,3:15:25,8:57:06
61,2249,"Eccleston, Lewis",M25-29,3,Open,United Kingdom,58:55,3:01,4:44:08,3:29,3:08:16,8:57:49
62,2066,"Jackson, Steve",M30-34,7,Open,United States,51:02,2:09,4:46:19,3:09,3:15:21,8:58:00
63,3008,"Abraham, Corinne",FPRO,7,Female,United Kingdom,1:02:46,2:31,4:51:15,2:38,2:59:28,8:58:38
64,3012,"Lester, Carrie",FPRO,8,Female,Australia,54:15,2:22,4:50:01,2:25,3:09:37,8:58:40
65,1879,"Perche, Antoine",M35-39,9,Open,France,54:52,2:20,4:43:49,2:44,3:15:34,8:59:19
66,2303,"Schmidbauer, Florian",M25-29,4,Open,Germany,54:48,3:21,4:49:56,2:59,3:08:21,8:59:25
67,1164,"Galindez, Oscar",M45-49,2,Open,Argentinia,57:29,4:29,4:45:24,3:18,3:08:47,8:59:27
68,1562,"Madsen, Jesper Sundstrup",M40-44,2,Open,Denmark,1:04:00,3:10,4:46:14,2:46,3:04:04,9:00:14
69,1504,"Godart, Olivier",M40-44,3,Open,Luxembourg,1:03:48,3:51,4:53:32,3:42,2:55:31,9:00:24
70,2156,"Vandenbroele, Niels",M30-34,8,Open,Belgium,55:58,2:45,4:44:57,4:28,3:12:35,9:00:43
71,1903,"Storzer, Christian",M35-39,10,Open,Germany,59:16,2:51,4:37:37,2:57,3:18:11,9:00:52
72,32,"Svensson, Jesper",MPRO,37,Open,Sweden,47:42,2:00,4:27:33,2:16,3:41:22,9:00:53
73,39,"Clavel, Maurice",MPRO,38,Open,Germany,47:40,1:58,4:38:33,4:15,3:28:39,9:01:05
74,2280,"Li, Peng Cheng",M25-29,5,Open,China,58:47,2:17,4:51:03,3:26,3:05:56,9:01:29
75,1817,"Gohner, Michael Tobias",M35-39,11,Open,Germany,59:45,2:50,4:36:54,3:10,3:19:28,9:02:07
76,1808,"Fogarty, Brian William",M35-39,12,Open,United Kingdom,1:06:16,3:00,4:33:50,4:14,3:15:06,9:02:26
77,1909,"Takenaka, Alexandre",M35-39,13,Open,Brazil,54:43,2:29,4:50:13,3:21,3:11:59,9:02:45
78,2095,"Mattner, Christoph",M30-34,9,Open,Germany,59:16,2:35,4:53:00,2:43,3:05:28,9:03:02
79,2088,"Malone, Matthew",M30-34,10,Open,United States,58:42,2:52,4:57:07,3:59,3:01:40,9:04:20
80,1607,"Scheiderbauer, Jorg",M40-44,4,Open,Germany,59:02,2:47,4:42:10,3:35,3:16:51,9:04:25
81,1799,"Elliott, Thomas",M35-39,14,Open,United Kingdom,1:06:11,3:31,4:44:07,3:27,3:07:11,9:04:27
82,1658,"Williams, Brice",M40-44,5,Open,United States,56:18,2:55,4:56:08,2:53,3:07:12,9:05:26
83,29,"Phillips, Mike",MPRO,39,Open,New Zealand,50:55,2:03,4:33:55,2:34,3:36:02,9:05:29
84,1882,"Perget, Mathieu",M35-39,15,Open,France,1:04:11,4:18,4:40:03,3:17,3:13:58,9:05:47
85,1898,"Seewald, Jan Simon",M35-39,16,Open,Germany,59:19,3:23,4:43:34,3:09,3:16:53,9:06:18
86,2028,"Changeon, Gwenael",M30-34,11,Open,France,1:00:30,2:53,4:49:41,2:55,3:10:33,9:06:32
87,1287,"Schifferle, Mike",M45-49,3,Open,Switzerland,1:02:32,4:12,4:50:11,4:48,3:05:06,9:06:49
88,2080,"Kriszeleit, Leon",M30-34,12,Open,Germany,59:14,2:17,4:55:48,3:27,3:06:25,9:07:11
89,2153,"Uribe, Nicolas",M30-34,13,Open,Colombia,54:46,3:09,4:41:31,2:39,3:25:33,9:07:38
90,1265,"Pellew, Mark",M45-49,4,Open,South Africa,57:00,3:44,4:55:13,4:16,3:07:53,9:08:06
91,2407,"Palm-henriksen, Gustav",M18-24,1,Open,Denmark,54:48,2:12,4:42:36,2:35,3:26:02,9:08:13
92,3023,"Bleymehl, Daniela",FPRO,9,Female,Germany,59:06,2:06,4:45:08,2:38,3:19:32,9:08:30
93,52,"Schumacher, Stefan",MPRO,40,Open,Germany,1:04:31,3:42,4:30:16,3:27,3:26:58,9:08:54
94,3009,"Corbin, Linsey",FPRO,10,Female,United States,59:09,2:55,5:00:25,2:47,3:03:50,9:09:06
95,1809,"Furnschuss, Thomas",M35-39,17,Open,Austria,1:01:39,2:22,4:47:44,3:17,3:14:07,9:09:09
96,1824,"Hummel, Timo",M35-39,18,Open,Germany,58:45,2:33,4:57:12,3:05,3:07:53,9:09:28
97,2239,"Braun, Maximilian",M25-29,6,Open,Austria,58:54,2:29,4:54:36,4:01,3:09:32,9:09:32
98,2057,"Heining, Tobias",M30-34,14,Open,Germany,54:51,2:46,4:45:14,3:19,3:23:45,9:09:55
99,2278,"Leblanc, Simon",M25-29,7,Open,Canada,57:44,3:42,4:58:24,3:21,3:06:51,9:10:02
100,1605,"Saraiva junior, Vicente",M40-44,6,Open,Brazil,54:52,4:07,4:53:11,5:16,3:12:57,9:10:23
101,3041,"Stage-nielsen, Maja",FPRO,11,Female,Denmark,59:04,2:27,5:00:47,2:23,3:05:47,9:10:28
102,2293,"Petrasek, Pavel",M25-29,8,Open,Czech Republic,58:01,3:06,4:55:03,3:38,3:10:55,9:10:43
103,2081,"Kruse, Dennis",M30-34,15,Open,Germany,54:53,2:54,4:53:39,4:21,3:15:05,9:10:52
104,1851,"Maley, Joel",M35-39,19,Open,Canada,1:12:10,3:31,4:48:10,3:20,3:03:52,9:11:03
105,2017,"Banick, Norman",M30-34,16,Open,Germany,59:43,3:25,4:49:16,3:36,3:15:09,9:11:09
106,2071,"Junod, Joel",M30-34,17,Open,Switzerland,1:01:39,2:32,4:47:24,3:14,3:16:38,9:11:27
107,2029,"Chapman, Nicholas",M30-34,18,Open,South Africa,1:08:00,4:48,4:42:37,3:31,3:12:53,9:11:49
108,2110,"O'loughlin, Brendan",M30-34,19,Open,Australia,54:15,3:48,4:47:50,2:50,3:23:21,9:12:04
109,2079,"Kosov, Ilya",M30-34,20,Open,Russian Federation,54:38,3:42,4:58:57,4:20,3:10:31,9:12:08
110,2322,"Wolpert, Hannes",M25-29,9,Open,Germany,51:55,2:24,4:57:23,3:31,3:17:00,9:12:13
111,2276,"Largo flores, Miguel",M25-29,10,Open,Spain,1:01:12,2:32,4:54:59,3:40,3:10:05,9:12:28
112,2302,"Schipperges, Elias",M25-29,11,Open,Germany,53:05,3:10,5:03:08,3:18,3:09:56,9:12:37
113,2321,"Winbrock, Bren",M25-29,12,Open,United States,1:03:59,3:20,4:59:59,2:42,3:03:00,9:13:00
114,2415,"Terrier, Vincent",M18-24,2,Open,France,56:31,2:24,4:53:19,3:25,3:17:31,9:13:10
115,3039,"Simmonds, Imogen",FPRO,12,Female,Switzerland,54:10,2:10,4:53:25,2:35,3:21:00,9:13:20
116,2394,"Holzmann, Tom",M18-24,3,Open,Germany,59:09,3:23,4:55:01,3:03,3:12:59,9:13:35
117,1581,"Ortega, Francisco",M40-44,7,Open,Spain,59:01,2:55,4:51:50,5:12,3:14:41,9:13:39
118,2034,"Donofrio, Vince",M30-34,21,Open,United States,59:34,3:29,5:05:02,2:57,3:02:45,9:13:47
119,1641,"Valencia, Juan",M40-44,8,Open,Colombia,53:15,3:57,4:52:09,2:46,3:21:45,9:13:52
120,2241,"Calmann, Aleksej",M25-29,13,Open,Denmark,1:08:56,3:15,4:31:12,3:43,3:26:47,9:13:53
121,1865,"Miller, Ryan",M35-39,20,Open,Australia,1:03:53,2:41,4:59:17,4:10,3:03:57,9:13:58
122,2032,"Criado, Romain",M30-34,22,Open,France,57:13,2:57,4:55:18,2:52,3:15:48,9:14:08
123,3001,"Ryf, Daniela",FPRO,13,Female,Switzerland,54:20,2:33,4:54:19,2:38,3:20:36,9:14:26
124,2131,"Saroni, Mark",M30-34,23,Open,United States,57:14,2:38,4:54:05,2:53,3:17:40,9:14:30
125,2283,"Marcantonio, Nicholas",M25-29,14,Open,United States,59:04,4:57,4:50:26,6:20,3:14:01,9:14:48
126,1173,"Graca, Jose",M45-49,5,Open,Brazil,58:52,3:26,4:56:33,4:29,3:11:39,9:14:59
127,1513,"Gyde, Sam",M40-44,9,Open,Belgium,1:07:47,3:51,4:43:57,3:59,3:15:53,9:15:27
128,1543,"Kunath, Sven",M40-44,10,Open,Germany,1:04:20,3:59,4:52:22,4:28,3:10:50,9:15:59
129,2014,"Arce, Andres",M30-34,24,Open,Paraguay,59:14,4:34,4:55:00,4:04,3:13:25,9:16:17
130,2235,"Besse, Benjamin",M25-29,15,Open,United States,59:23,3:15,4:57:44,3:36,3:12:21,9:16:19
131,3022,"Piampiano, Sarah",FPRO,14,Female,United States,1:04:36,2:51,4:57:04,3:04,3:08:54,9:16:29
132,2089,"Marin, Thomas",M30-34,25,Open,France,54:37,2:58,4:59:46,2:47,3:16:24,9:16:32
133,1759,"Bergamo, Enzo",M35-39,21,Open,Italy,1:01:43,3:09,4:52:46,3:54,3:15:01,9:16:33
134,3030,"Frades, Gurutze",FPRO,15,Female,Spain,1:04:38,2:27,5:08:07,2:53,2:58:45,9:16:50
135,2036,"Ek, Kristian",M30-34,26,Open,Sweden,1:03:03,2:42,4:52:38,3:16,3:15:14,9:16:53
136,2123,"Rigby, Tom",M30-34,27,Open,United Kingdom,1:02:51,2:56,4:45:52,2:50,3:22:49,9:17:18
137,2253,"Flynn, Jake",M25-29,16,Open,Australia,1:08:15,5:08,4:43:20,3:59,3:16:43,9:17:25
138,974,"Philippe, Anthony",M50-54,1,Open,France,1:02:47,3:28,4:58:55,4:09,3:08:10,9:17:29
139,1916,"Thomas, Jay",M35-39,22,Open,Australia,54:55,2:49,4:55:16,2:38,3:21:56,9:17:34
140,1751,"Arranz, Jose",M35-39,23,Open,Spain,1:03:28,3:53,4:52:23,4:15,3:14:01,9:18:00
141,1628,"St-pierre, Ernest",M40-44,11,Open,Canada,1:05:11,4:35,4:43:30,4:14,3:20:32,9:18:02
142,1913,"Taylor, Michael",M35-39,24,Open,United Kingdom,1:00:15,2:58,5:10:18,4:29,3:00:12,9:18:12
143,2232,"Barnes, Jacob",M25-29,17,Open,United States,1:02:22,3:13,4:54:45,3:36,3:14:22,9:18:18
144,1860,"Mayr, Mathias",M35-39,25,Open,Germany,1:03:06,4:16,4:53:56,4:12,3:12:51,9:18:21
145,3043,"Visser, Els",FPRO,16,Female,Netherlands,1:02:44,2:07,4:51:43,2:26,3:19:42,9:18:42
146,2159,"Venema, Tjebbe",M30-34,28,Open,Netherlands,1:03:36,2:45,4:48:55,3:36,3:19:50,9:18:42
147,1557,"Lopes, Marcelo",M40-44,12,Open,Brazil,1:04:13,3:49,4:57:53,4:12,3:08:49,9:18:56
148,1887,"Raske, Matt",M35-39,26,Open,United States,55:57,2:15,5:06:44,4:21,3:09:55,9:19:12
149,1856,"Marquez balta, Oscar",M35-39,27,Open,Spain,1:04:38,2:22,4:55:10,3:23,3:13:43,9:19:16
150,1462,"Dalquano, Cesar",M40-44,13,Open,Brazil,59:55,3:01,4:55:38,3:16,3:17:35,9:19:25
151,1311,"Tomaiuolo, Alessandro",M45-49,6,Open,Italy,58:27,3:18,4:59:36,3:30,3:14:34,9:19:25
152,2150,"Taylor, Craig",M30-34,29,Open,United States,56:57,3:47,4:51:36,3:02,3:24:16,9:19:38
153,2312,"Sprentall, Shaun",M25-29,18,Open,United States,58:36,3:03,5:00:14,4:08,3:13:40,9:19:41
154,1450,"Cardoen, Olivier",M40-44,14,Open,Belgium,55:57,2:59,4:43:07,4:55,3:32:44,9:19:42
155,2217,"Purbrook, Ruth",F30-34,1,Female,United Kingdom,1:01:22,2:35,4:55:27,2:57,3:17:45,9:20:06
156,2082,"Kundrat, Jan",M30-34,30,Open,Czech Republic,1:06:12,2:35,4:51:03,3:14,3:17:06,9:20:10
157,1768,"Burkhardt, Christian",M35-39,28,Open,Germany,1:05:31,3:09,4:53:19,3:14,3:14:58,9:20:11
158,1813,"Geitonas, Christos",M35-39,29,Open,Greece,1:02:46,3:56,5:01:22,3:39,3:08:30,9:20:13
159,1101,"Antonetti, Lucas",M45-49,7,Open,Argentinia,58:12,2:23,5:02:58,2:58,3:13:53,9:20:24
160,2121,"Pysto, Toni",M30-34,31,Open,Finland,57:16,2:17,4:59:05,2:55,3:19:37,9:21:10
161,1524,"Horanyi, Gabor",M40-44,15,Open,Hungary,1:03:56,3:38,5:03:09,3:53,3:06:54,9:21:30
162,1934,"Williams, Jason",M35-39,30,Open,United Kingdom,1:01:41,4:15,5:04:53,4:32,3:06:20,9:21:41
163,1902,"Stormo, Lars Petter",M35-39,31,Open,Norway,58:39,2:42,5:00:43,3:33,3:16:09,9:21:46
164,2297,"Portugal reibel, Christopher",M25-29,19,Open,Peru,53:07,3:37,5:02:00,5:43,3:17:20,9:21:47
165,2021,"Bianchini, Thiago",M30-34,32,Open,Brazil,58:45,2:44,5:08:00,3:15,3:09:14,9:21:58
166,1444,"Brown, Simon",M40-44,16,Open,New Zealand,1:14:54,3:21,4:49:51,3:51,3:10:12,9:22:09
167,2146,"Stansfield, Sion",M30-34,33,Open,United Kingdom,1:08:50,4:11,4:41:01,2:54,3:25:13,9:22:09
168,2135,"Schmitt, Edward",M30-34,34,Open,United States,59:11,2:48,4:47:51,2:42,3:29:46,9:22:18
169,1451,"Caron, Martin",M40-44,17,Open,Canada,1:08:37,3:10,4:52:28,3:12,3:14:59,9:22:26
170,1743,"Aguirreche, Alexander",M35-39,32,Open,Spain,1:02:47,2:49,4:49:52,4:18,3:22:50,9:22:36
171,1874,"Oh, Young Hwan",M35-39,33,Open,Korea,1:03:18,2:37,4:51:14,3:34,3:22:04,9:22:47
172,1806,"Faria, Marcos",M35-39,34,Open,Brazil,53:06,3:28,5:04:33,5:35,3:16:17,9:22:59
173,3033,"Liepold, Kristin",FPRO,17,Female,Germany,1:15:24,2:07,5:02:21,2:57,3:00:24,9:23:13
174,2020,"Betancort corujo, Roberto",M30-34,35,Open,Spain,59:03,3:39,4:59:55,3:37,3:17:21,9:23:35
175,2030,"Chedburn, Duncan",M30-34,36,Open,United Kingdom,1:05:44,3:33,4:56:54,4:47,3:12:41,9:23:39
176,1175,"Greist, Revere",M45-49,8,Open,United States,56:36,4:09,4:37:21,4:41,3:40:55,9:23:42
177,2075,"Kerdel, Niels",M30-34,37,Open,Netherlands,1:06:22,3:12,5:08:22,3:05,3:02:41,9:23:42
178,2137,"Schnell, Manuel",M30-34,38,Open,Austria,59:17,3:59,4:48:29,4:10,3:27:49,9:23:44
179,1840,"Lawler, Rhys",M35-39,35,Open,Australia,1:01:37,4:15,4:55:14,3:38,3:19:09,9:23:53
180,2127,"Roth, Christian",M30-34,39,Open,Germany,1:08:55,4:41,5:02:47,3:28,3:04:04,9:23:55
181,1894,"Ross, Duncan",M35-39,36,Open,Canada,1:03:58,3:13,5:02:05,3:38,3:11:05,9:23:59
182,2237,"Born, David",M25-29,20,Open,United States,58:57,4:33,4:38:57,2:30,3:39:14,9:24:11
183,1831,"Kelly, Emmet",M35-39,37,Open,Ireland,1:03:17,4:27,5:09:09,3:06,3:04:16,9:24:15
184,1456,"Close, Pierre",M40-44,18,Open,Belgium,1:00:09,4:39,5:03:38,4:22,3:11:41,9:24:29
185,2248,"Dortmann, Nathan",M25-29,21,Open,France,1:01:32,3:04,4:52:58,3:53,3:23:03,9:24:30
186,1564,"Marcolini, Benoit",M40-44,19,Open,France,1:03:44,2:57,4:57:15,5:09,3:15:28,9:24:33
187,1750,"Arce diaz, Pablo",M35-39,38,Open,Costa Rica,1:06:32,2:53,4:49:45,3:56,3:21:27,9:24:33
188,1615,"Setola, Tero Juhani",M40-44,20,Open,Finland,1:00:21,2:53,4:52:58,4:53,3:23:29,9:24:34
189,2311,"Sorensen, Lasse Strandet",M25-29,22,Open,Denmark,1:04:42,3:16,4:43:25,3:34,3:29:38,9:24:35
190,2149,"Tamm, Pirmin",M30-34,40,Open,Estonia,56:01,2:21,4:46:15,3:26,3:36:35,9:24:38
191,2275,"Kubono, Kazuki",M25-29,23,Open,Japan,55:50,2:39,4:58:57,3:54,3:23:23,9:24:43
192,2151,"Teren, Todd",M30-34,41,Open,United States,54:47,3:22,4:53:55,2:56,3:29:48,9:24:48
193,2412,"Schnodewind, Lukas",M18-24,4,Open,Germany,53:20,2:33,4:49:10,3:38,3:36:13,9:24:54
194,1620,"Simon, Oliver",M40-44,21,Open,United Kingdom,52:51,2:35,4:42:36,3:35,3:43:26,9:25:03
195,2051,"Gottsche, Soren",M30-34,42,Open,Germany,1:01:38,4:19,4:48:28,5:38,3:25:13,9:25:16
196,1891,"Risbey, Nathan",M35-39,39,Open,United Kingdom,1:03:12,3:25,5:05:14,4:18,3:09:18,9:25:27
197,2395,"Humby, Robert William",M18-24,5,Open,New Zealand,58:44,3:45,5:00:59,2:37,3:19:23,9:25:28
198,1927,"Vigariu, Mihai",M35-39,40,Open,Romania,1:00:13,2:41,4:51:00,2:54,3:28:49,9:25:37
199,1761,"Birke, Christian",M35-39,41,Open,Germany,1:02:06,3:21,4:54:26,5:26,3:20:31,9:25:50
200,927,"Jalabert, Laurent",M50-54,2,Open,France,1:10:59,3:15,4:45:46,2:57,3:22:56,9:25:53
201,1582,"Osokin, Victor",M40-44,22,Open,Russian Federation,1:12:01,2:53,4:52:36,5:29,3:12:56,9:25:55
202,1578,"Oakshott, Mark",M40-44,23,Open,Australia,1:05:13,3:26,5:01:42,3:03,3:12:35,9:25:59
203,3044,"Watkinson, Annah",FPRO,18,Female,South Africa,59:14,2:29,5:05:19,2:52,3:16:09,9:26:03
204,2047,"Gazit, Omri",M30-34,43,Open,Israel,54:52,3:07,5:02:33,4:10,3:21:36,9:26:18
205,1863,"Mcparland, Daniel",M35-39,42,Open,United Kingdom,1:03:15,4:28,4:45:19,3:38,3:29:44,9:26:24
206,1794,"Deman, Timmy",M35-39,43,Open,Belgium,1:00:27,3:50,4:55:22,4:37,3:22:12,9:26:28
207,2169,"Zudrop, Tim",M30-34,44,Open,Germany,1:00:09,2:57,4:58:50,5:27,3:19:22,9:26:45
208,955,"Meinecke, Stephan",M50-54,3,Open,Switzerland,57:06,2:50,4:57:07,3:03,3:26:51,9:26:57
209,2103,"Morosini, Marcel",M30-34,45,Open,Brazil,1:02:41,3:05,4:53:30,3:24,3:24:25,9:27:05
210,1773,"Casado, Alejandro",M35-39,44,Open,Spain,1:09:02,3:52,4:55:20,3:24,3:15:33,9:27:11
211,1779,"Cook, Colin",M35-39,45,Open,United States,1:03:01,2:59,5:04:24,3:20,3:13:31,9:27:15
212,1764,"Bradley, Jeffrey",M35-39,46,Open,Canada,1:09:37,3:46,5:09:18,5:22,2:59:16,9:27:19
213,3017,"Cheetham, Susie",FPRO,19,Female,United Kingdom,59:02,2:25,5:00:17,2:56,3:22:41,9:27:21
214,2042,"Flod, Jonathan",M30-34,46,Open,Sweden,1:06:53,2:33,4:59:46,3:25,3:14:50,9:27:27
215,2301,"Sanders, Conrad",M25-29,24,Open,United States,58:06,3:56,4:45:45,4:23,3:35:22,9:27:32
216,2282,"Manninen, Juuso",M25-29,25,Open,Finland,57:18,2:27,4:50:44,2:35,3:34:35,9:27:39
217,1627,"Stewart, Graeme",M40-44,24,Open,United Kingdom,56:39,3:15,5:16:30,3:23,3:07:54,9:27:41
218,2251,"Ernst, Jacob Aagaard",M25-29,26,Open,Denmark,58:53,3:59,5:00:04,3:20,3:21:29,9:27:45
219,1785,"Curran, James T.",M35-39,47,Open,Ireland,1:05:06,3:16,4:58:45,3:58,3:16:44,9:27:49
220,2112,"Palfreyman, Chris",M30-34,47,Open,United Kingdom,1:00:24,3:26,5:02:49,4:10,3:17:03,9:27:52
221,2104,"Mort, Tom",M30-34,48,Open,Australia,58:20,2:43,5:00:01,2:56,3:23:53,9:27:53
222,2115,"Penguilly, Hugo",M30-34,49,Open,France,1:04:04,5:35,5:04:38,4:13,3:09:34,9:28:04
223,2389,"Galindez, Thomas",M18-24,6,Open,Argentinia,52:59,3:48,4:44:24,3:18,3:43:40,9:28:09
224,1906,"Sutton, Edwin",M35-39,48,Open,Ireland,1:05:32,4:07,5:06:30,3:09,3:08:52,9:28:10
225,2289,"Oosterdijk, Tom",M25-29,27,Open,Netherlands,1:04:34,2:43,4:44:17,3:35,3:33:10,9:28:19
226,1881,"Perez, Javier",M35-39,49,Open,Spain,1:06:18,2:49,5:00:18,3:22,3:15:35,9:28:22
227,1853,"Marcilloux, Laurent",M35-39,50,Open,France,1:03:19,3:18,4:54:11,2:58,3:24:41,9:28:27
228,2164,"Widmann, Philipp",M30-34,50,Open,Germany,58:47,3:01,4:51:55,2:51,3:32:06,9:28:40
229,1310,"Toiviainen, Markku",M45-49,9,Open,Finland,1:02:04,2:47,4:59:07,4:31,3:20:16,9:28:45
230,2044,"Friess, Thibaud",M30-34,51,Open,Switzerland,59:15,3:26,4:57:05,3:44,3:25:18,9:28:48
231,1780,"Cope, Chris",M35-39,51,Open,United Kingdom,1:15:08,4:16,4:59:27,3:39,3:06:22,9:28:52
232,1580,"Oriana, Claudio",M40-44,25,Open,Italy,53:33,4:05,4:59:12,5:32,3:26:38,9:29:00
233,1616,"Shaked, Amit",M40-44,26,Open,Israel,1:01:05,3:03,5:00:00,3:33,3:21:30,9:29:11
234,2024,"Bonami, Hannes",M30-34,52,Open,Belgium,1:03:05,2:32,5:00:56,4:17,3:18:46,9:29:36
235,2128,"Rowlings, Clinton",M30-34,53,Open,Australia,56:08,3:49,5:04:50,3:07,3:21:46,9:29:40
236,1165,"Garcia, Ricardo",M45-49,10,Open,Argentinia,59:12,2:53,5:04:39,3:34,3:19:34,9:29:52
237,2387,"Eriks, Keith",M18-24,7,Open,Canada,50:27,3:24,4:49:25,5:31,3:41:10,9:29:57
238,1792,"De sousa, Andy",M35-39,52,Open,Venezuela,1:02:59,4:00,4:55:45,5:00,3:22:27,9:30:11
239,2385,"Dias lima turtera, Rafael",M18-24,8,Open,Brazil,58:52,4:45,5:02:59,5:26,3:18:36,9:30:38
240,1517,"Harrington, James",M40-44,27,Open,United States,1:11:52,4:05,4:58:50,3:15,3:12:45,9:30:47
241,3027,"Thoes, Svenja",FPRO,20,Female,Germany,59:07,2:23,5:02:16,3:15,3:23:49,9:30:50
242,3018,"Hufe, Mareen",FPRO,21,Female,Germany,59:12,2:19,5:03:28,3:00,3:22:52,9:30:51
243,2069,"Johnston, Travis",M30-34,54,Open,South Africa,59:18,4:10,4:51:48,2:57,3:32:39,9:30:52
244,2100,"Moller, Mikael",M30-34,55,Open,Denmark,1:06:54,3:44,4:47:03,4:16,3:29:09,9:31:06
245,2284,"Mccormack, Joshua",M25-29,28,Open,Australia,56:07,3:13,4:50:40,2:48,3:38:29,9:31:17
246,1822,"Horton, Alan",M35-39,53,Open,United States,1:02:30,4:16,5:06:07,4:18,3:14:09,9:31:20
247,2291,"Pastor, Julio",M25-29,29,Open,Spain,56:13,4:12,5:04:55,3:48,3:22:14,9:31:22
248,2285,"Mcpeek-bechtold, Nolan",M25-29,30,Open,United States,1:03:48,3:21,5:09:48,2:51,3:11:37,9:31:25
249,1890,"Richardson, Sean",M35-39,54,Open,Australia,58:47,3:49,5:00:08,4:50,3:23:59,9:31:33
250,3040,"Smith, Lesley",FPRO,22,Female,United States,59:03,2:13,5:14:16,4:28,3:11:40,9:31:40
251,1459,"Cordovez, Pedro",M40-44,28,Open,Panama,59:44,2:28,4:53:26,3:29,3:32:39,9:31:46
252,914,"Harr, Eric",M50-54,4,Open,United States,59:41,2:30,5:03:09,3:38,3:22:56,9:31:54
253,2033,"De smet, Roel",M30-34,56,Open,Belgium,1:09:40,3:06,5:05:33,3:15,3:10:30,9:32:04
254,2125,"Rose, Travis",M30-34,57,Open,United States,58:43,3:57,5:04:19,4:52,3:20:21,9:32:12
255,2287,"Mitri, Klodian",M25-29,31,Open,United States,1:02:56,3:03,4:57:10,4:18,3:24:57,9:32:24
256,1418,"Armstrong, Hayden",M40-44,29,Open,Australia,54:45,4:30,4:46:49,4:20,3:42:03,9:32:27
257,2315,"Tennent, William",M25-29,32,Open,New Zealand,1:03:03,2:11,5:14:10,3:00,3:10:12,9:32:36
258,774,"Sweet, Richard",M55-59,1,Open,United States,59:37,4:33,5:03:15,5:40,3:19:34,9:32:39
259,2094,"Matthews, Mark",M30-34,58,Open,United Kingdom,56:04,2:41,4:39:34,3:37,3:50:46,9:32:42
260,2122,"Reynolds, Brian",M30-34,59,Open,United States,1:00:54,3:28,5:06:12,3:35,3:18:46,9:32:55
261,1850,"Lukosz, Petr",M35-39,55,Open,Czech Republic,1:02:51,5:44,4:55:55,3:52,3:24:46,9:33:08
262,1744,"Aldy, Aubrey",M35-39,56,Open,United States,1:08:02,6:09,5:08:08,3:14,3:07:41,9:33:14
263,1929,"Vives, Carlos",M35-39,57,Open,Spain,59:39,2:38,5:14:37,5:50,3:10:39,9:33:23
264,934,"Kristensen, Lennie",M50-54,5,Open,Denmark,1:24:47,3:32,4:46:37,3:09,3:15:29,9:33:34
265,2109,"Noon, Jonathan",M30-34,60,Open,United States,1:01:43,2:37,4:44:38,3:33,3:41:07,9:33:38
266,1231,"Lunn, Paul",M45-49,11,Open,United Kingdom,1:03:09,3:08,4:43:57,3:03,3:40:31,9:33:48
267,3014,"Bartlett, Nikki",FPRO,23,Female,United Kingdom,59:14,2:24,4:58:09,2:53,3:31:24,9:34:04
268,2222,"Schut, Kirsten",F30-34,2,Female,South Africa,1:03:24,3:45,5:09:46,3:43,3:14:09,9:34:47
269,1917,"Thompson, Matthew",M35-39,58,Open,Australia,1:05:11,5:28,5:02:42,7:12,3:14:20,9:34:53
270,1501,"Garcia, Oscar",M40-44,30,Open,Argentinia,56:17,3:19,5:09:05,3:41,3:22:36,9:34:58
271,1802,"Eriksen, Oystein",M35-39,59,Open,Norway,1:03:08,3:50,4:58:21,3:05,3:26:37,9:35:01
272,2061,"Holub, Michal",M30-34,61,Open,Slovakia,1:05:53,2:55,5:05:36,4:36,3:16:20,9:35:20
273,1003,"Soderdahl, Kai",M50-54,6,Open,Finland,1:01:18,2:54,4:56:26,3:36,3:31:14,9:35:28
274,1486,"Ferreira da silva neto, Antonio",M40-44,31,Open,Brazil,56:15,2:36,4:53:59,4:31,3:38:21,9:35:42
275,1786,"Davis, Matthew",M35-39,60,Open,United States,1:09:01,2:59,4:49:48,3:10,3:30:45,9:35:43
276,1574,"Narigueta, Rui",M40-44,32,Open,Portugal,1:12:39,4:56,4:54:52,3:31,3:19:54,9:35:52
277,1295,"Seigmann, Roman",M45-49,12,Open,Austria,58:10,3:48,5:01:12,3:55,3:28:50,9:35:55
278,2065,"Jablonski, Kamil",M30-34,62,Open,Germany,1:05:46,5:45,4:48:54,5:48,3:29:50,9:36:03
279,2086,"Legget, Charles",M30-34,63,Open,United Kingdom,56:53,2:25,4:50:00,4:00,3:43:03,9:36:21
280,1803,"Evans, Guy",M35-39,61,Open,United Kingdom,1:05:37,4:09,5:09:26,3:16,3:13:56,9:36:24
281,1645,"Vermeiren, Kris",M40-44,33,Open,Belgium,1:01:32,3:48,4:59:00,4:54,3:27:16,9:36:30
282,1875,"Oliveira, Rodolfo",M35-39,62,Open,Brazil,1:02:44,3:47,4:50:45,3:00,3:36:19,9:36:35
283,419,"Kimmer, Jakub",M30-34,64,Open,Poland,1:03:31,2:27,5:00:08,2:44,3:27:49,9:36:39
284,1139,"Dabrowski, Dariusz",M45-49,13,Open,Poland,1:02:25,2:30,5:00:11,3:21,3:28:14,9:36:41
285,2304,"Scott, Mitchell",M25-29,33,Open,Australia,1:00:25,3:17,5:00:04,4:39,3:28:19,9:36:44
286,2158,"Velez, Alvaro",M30-34,65,Open,Colombia,59:16,4:09,4:56:59,4:25,3:32:08,9:36:57
287,1437,"Bosl, Michael",M40-44,34,Open,United States,1:03:23,3:31,5:12:10,3:43,3:14:14,9:37:01
288,1189,"Henderson, Gordon",M45-49,14,Open,Canada,56:54,4:05,5:06:37,5:31,3:24:04,9:37:11
289,3026,"Steffen, Caroline",FPRO,24,Female,Switzerland,59:01,2:26,5:08:44,3:07,3:23:53,9:37:11
290,1796,"Dhooge, David",M35-39,63,Open,Belgium,59:15,3:47,4:57:04,4:11,3:32:54,9:37:11
291,2313,"Stepinski, Jan",M25-29,34,Open,United States,50:49,3:17,4:45:47,3:33,3:53:50,9:37:16
292,1432,"Beyne, Anthony",M40-44,35,Open,France,58:41,4:09,4:59:50,3:15,3:31:24,9:37:19
293,1425,"Barraez, Cheyenne",M40-44,36,Open,United States,1:04:27,5:34,5:05:40,4:39,3:17:04,9:37:24
294,1747,"Alvim, Thiago",M35-39,64,Open,Brazil,59:29,4:12,5:08:04,4:42,3:21:07,9:37:34
295,1292,"Schuster, Patrick",M45-49,15,Open,United States,1:09:48,3:33,4:57:04,3:11,3:24:01,9:37:37
296,2256,"Goodman, Zack",M25-29,35,Open,United States,54:47,4:02,4:56:22,5:18,3:37:19,9:37:48
297,2064,"Ibrahim, Tobias",M30-34,66,Open,Germany,1:03:53,2:38,5:01:12,4:06,3:26:12,9:38:01
298,2264,"Himpelmann, Tim",M25-29,36,Open,Germany,1:05:43,2:19,4:55:25,3:09,3:31:30,9:38:06
299,2138,"Schwesinger, Folker",M30-34,67,Open,Germany,54:45,3:13,4:56:17,5:45,3:38:08,9:38:08
300,2147,"Stenman, Adam",M30-34,68,Open,Sweden,1:05:04,4:01,5:01:38,2:56,3:24:31,9:38:10
301,1915,"Thiel, Manuel",M35-39,65,Open,Germany,1:05:39,3:36,4:57:48,6:04,3:25:10,9:38:17
302,2117,"Pirek, Mariusz",M30-34,69,Open,Poland,1:05:06,2:24,5:02:43,2:51,3:25:25,9:38:29
303,1268,"Picq, Mathieu",M45-49,16,Open,France,56:06,6:09,5:10:13,5:04,3:20:59,9:38:31
304,1237,"Matheson, David",M45-49,17,Open,Canada,56:09,3:30,5:08:35,4:04,3:26:32,9:38:50
305,2160,"Vuegen, Ludovic",M30-34,70,Open,Belgium,1:05:56,3:14,4:57:12,2:56,3:29:36,9:38:54
306,1742,"Achcar, Andrei",M35-39,66,Open,Brazil,58:48,4:12,5:15:09,4:04,3:16:45,9:38:58
307,2018,"Ben al lal, Ismael",M30-34,71,Open,Belgium,1:13:41,3:21,5:07:55,4:26,3:09:53,9:39:16
308,1479,"Eglin, Marco",M40-44,37,Open,Switzerland,1:08:33,3:37,4:55:32,4:15,3:27:20,9:39:17
309,1114,"Bobadilla, Vicente",M45-49,18,Open,Chile,58:33,3:51,5:05:46,7:26,3:23:42,9:39:18
310,2371,"Van heerden, Natia",F25-29,1,Female,South Africa,1:00:15,3:32,5:10:22,2:31,3:22:40,9:39:20
311,1559,"Lozano, Manuel",M40-44,38,Open,Mexico,59:41,4:46,5:00:50,3:38,3:30:30,9:39:25
312,2257,"Graf, Stefan",M25-29,37,Open,Switzerland,1:01:44,3:54,5:14:16,6:27,3:13:07,9:39:28
313,1638,"Thorisson, Sigurdur Tomas",M40-44,39,Open,Iceland,1:11:39,3:14,5:10:17,3:18,3:11:01,9:39:29
314,2255,"Frease, Davis",M25-29,38,Open,United States,53:25,2:50,4:47:51,4:46,3:50:37,9:39:29
315,2016,"Baker, Mitch",M30-34,72,Open,Australia,1:01:40,4:42,4:56:28,3:58,3:32:41,9:39:29
316,2040,"Fellows, Joe",M30-34,73,Open,United Kingdom,1:08:51,2:55,5:06:56,3:28,3:17:20,9:39:30
317,1812,"Gassert, Christopher",M35-39,67,Open,Germany,59:12,3:02,4:57:47,5:37,3:34:12,9:39:50
318,2105,"Muller, Gary",M30-34,74,Open,South Africa,1:00:22,3:07,5:03:10,4:43,3:28:44,9:40:06
319,2410,"Sakariassen, Hakon",M18-24,9,Open,Norway,1:06:25,2:21,4:59:20,3:30,3:28:57,9:40:33
320,2244,"Claeyssen, Adrien",M25-29,39,Open,France,1:12:08,3:10,5:05:06,3:43,3:16:39,9:40:46
321,1473,"Dien, Frederic",M40-44,40,Open,France,1:08:15,2:51,5:01:14,3:24,3:25:04,9:40:48
322,1138,"Cuipers, Fabrice Georges R",M45-49,19,Open,Belgium,57:02,3:16,5:14:24,3:43,3:22:24,9:40:49
323,2240,"Brautigam, Tim",M25-29,40,Open,Germany,50:23,2:40,4:59:08,4:27,3:44:13,9:40:51
324,2273,"Koller, Lutz",M25-29,41,Open,Germany,53:15,3:00,4:51:52,3:52,3:48:52,9:40:51
325,1777,"Coll nogue, Raul",M35-39,68,Open,Andorra,1:01:25,2:48,5:01:16,3:52,3:31:37,9:40:58
326,2140,"Sheppard, Graham",M30-34,75,Open,United States,1:03:51,3:24,4:56:11,3:04,3:34:39,9:41:09
327,1892,"Rodas, Conrad",M35-39,69,Open,Guatemala,52:53,4:44,5:01:02,5:15,3:37:18,9:41:12
328,1528,"Israel, Todd",M40-44,41,Open,Australia,56:35,3:21,4:47:59,4:10,3:49:31,9:41:36
329,1843,"Lehmann, Jochen",M35-39,70,Open,Germany,1:11:18,3:19,4:46:39,6:38,3:33:42,9:41:36
330,2084,"Lagerburg, Roy",M30-34,76,Open,Netherlands,58:31,2:10,4:45:25,2:55,3:52:37,9:41:38
331,2119,"Pommier, Freddy",M30-34,77,Open,France,1:03:54,3:00,4:53:53,3:19,3:37:43,9:41:49
332,1795,"Desmedt, Kristof",M35-39,71,Open,Belgium,1:16:36,3:55,5:07:29,3:51,3:10:03,9:41:54
333,2025,"Borton, John",M30-34,78,Open,United Kingdom,1:06:38,4:21,5:16:05,6:15,3:08:41,9:42:00
334,2167,"Yatskov, Andrey",M30-34,79,Open,Russian Federation,54:33,3:47,5:04:20,4:52,3:34:32,9:42:04
335,1474,"Dobbelaere, Geoffrey",M40-44,42,Open,Belgium,1:00:20,3:43,4:59:13,4:12,3:34:37,9:42:05
336,2038,"Erdelyi, Daniel",M30-34,80,Open,Hungary,1:02:56,2:55,4:57:12,3:15,3:35:51,9:42:09
337,937,"Kyle, Dave",M50-54,7,Open,United States,59:42,2:51,5:03:43,3:55,3:32:13,9:42:24
338,1330,"Zieman, Chris",M45-49,20,Open,United States,1:22:57,4:32,4:48:13,5:05,3:21:41,9:42:28
339,2052,"Grain, Michael",M30-34,81,Open,New Zealand,59:11,3:50,4:58:14,7:19,3:34:01,9:42:35
340,2133,"Schaefer, Till-Robin",M30-34,82,Open,Germany,58:40,3:27,4:58:03,4:53,3:37:32,9:42:35
341,2260,"Halden, Sondre",M25-29,42,Open,Norway,59:29,3:20,5:05:42,4:46,3:29:31,9:42:48
342,3024,"Siddall, Laura",FPRO,25,Female,United Kingdom,1:04:34,2:40,5:04:43,2:35,3:28:20,9:42:52
343,2259,"Haggmark, Fredrik",M25-29,43,Open,Sweden,1:11:32,3:22,5:08:17,4:17,3:15:35,9:43:03
344,2300,"Roby, Jordan",M25-29,44,Open,United States,1:02:37,3:56,5:08:05,4:30,3:24:02,9:43:10
345,1873,"Nyberg, Johan",M35-39,72,Open,Sweden,1:04:40,3:11,5:16:58,5:26,3:12:57,9:43:12
346,2058,"Heldt, Jarryd",M30-34,83,Open,Australia,58:52,4:18,5:09:44,3:19,3:27:32,9:43:45
347,432,"Van wyk, Ryno",M25-29,45,Open,South Africa,1:03:54,3:00,4:58:06,3:50,3:35:03,9:43:53
348,1933,"Weiler, Georg",M35-39,73,Open,Germany,1:03:09,3:07,5:06:40,3:30,3:27:31,9:43:57
349,1754,"Baccili, Alexandre",M35-39,74,Open,Brazil,1:04:15,3:54,5:04:22,6:25,3:25:02,9:43:58
350,2113,"Pascal, Adrien",M30-34,84,Open,France,1:06:09,3:31,5:00:49,3:39,3:29:53,9:44:01
351,2296,"Pocock, Christopher",M25-29,46,Open,United Kingdom,1:01:15,3:16,5:03:35,3:55,3:32:03,9:44:04
352,1746,"Allison, Cody",M35-39,75,Open,Australia,53:00,4:06,5:09:34,5:40,3:31:52,9:44:12
353,1938,"Wright, Mike",M35-39,76,Open,New Zealand,58:57,4:29,5:01:06,4:30,3:35:15,9:44:17
354,3035,"Morrison, Kimberley",FPRO,26,Female,United Kingdom,58:58,2:20,4:54:22,3:16,3:45:23,9:44:19
355,1436,"Borowik, Sebastian",M40-44,43,Open,Poland,1:14:55,4:30,4:56:56,4:11,3:23:50,9:44:22
356,897,"Fieldhack, Jeff",M50-54,8,Open,United States,1:04:45,3:42,5:08:50,3:15,3:23:55,9:44:27
357,2245,"Crosbie, Sam",M25-29,47,Open,New Zealand,59:33,4:07,5:02:15,3:20,3:35:32,9:44:47
358,2393,"Haubner, Stefan",M18-24,10,Open,Germany,1:03:36,3:40,5:01:41,4:28,3:31:23,9:44:48
359,2268,"Karlsen, Marius",M25-29,48,Open,Norway,1:03:15,4:13,5:01:38,4:11,3:31:31,9:44:48
360,1180,"Hagen, Bernd",M45-49,21,Open,Germany,1:07:07,3:17,5:02:30,5:45,3:26:10,9:44:49
361,1116,"Bonazzi, Luca",M45-49,22,Open,Italy,58:03,3:07,5:10:36,4:11,3:28:54,9:44:51
362,1791,"De quadros silvestrin, Vinicius",M35-39,77,Open,Brazil,59:10,3:34,5:02:45,4:15,3:35:26,9:45:10
363,1830,"Jolmes, Johannes",M35-39,78,Open,Germany,1:20:42,3:13,4:58:49,4:41,3:17:50,9:45:15
364,1211,"Kirch, Michael",M45-49,23,Open,Belgium,1:09:53,2:58,5:13:06,3:17,3:16:04,9:45:18
365,1621,"Simon, Patrick",M40-44,44,Open,Brazil,1:03:50,3:53,5:07:29,3:33,3:26:35,9:45:20
366,2132,"Scarvaci, Justin",M30-34,85,Open,Australia,1:16:18,4:55,5:14:33,5:20,3:04:18,9:45:24
367,1661,"Xamena vidal, Bernat",M40-44,45,Open,Spain,1:13:52,4:58,5:11:03,4:41,3:10:59,9:45:33
368,2267,"Jensch, Simon",M25-29,49,Open,Germany,1:00:53,3:30,5:04:06,4:14,3:32:50,9:45:33
369,1852,"Manalich, Felipe",M35-39,79,Open,Chile,58:49,3:17,5:07:15,8:44,3:27:35,9:45:40
370,1613,"Serda, Diego",M40-44,46,Open,Argentinia,53:27,3:23,5:08:32,3:16,3:37:05,9:45:43
371,1790,"De meester, Jeroen",M35-39,80,Open,Belgium,1:22:50,2:58,4:53:03,4:56,3:21:57,9:45:44
372,1345,"Dommer, Janette",F45-49,1,Female,Denmark,1:02:45,3:02,5:11:32,2:58,3:25:27,9:45:44
373,1897,"Schoenborn, Julien",M35-39,81,Open,Canada,1:17:26,4:35,4:58:52,2:58,3:22:10,9:46:01
374,1053,"Goertz, Beate",F50-54,1,Female,Germany,1:09:05,2:58,5:02:31,3:00,3:28:28,9:46:02
375,2243,"Chipping, Matt",M25-29,50,Open,United Kingdom,1:04:23,4:25,5:06:47,5:00,3:25:33,9:46:08
376,1242,"Middlewick, Julian",M45-49,24,Open,United Kingdom,1:04:22,3:00,5:11:18,3:37,3:23:55,9:46:12
377,3029,"Derron, Nina",FPRO,27,Female,Switzerland,59:05,2:16,5:11:48,2:26,3:30:52,9:46:27
378,1807,"Fedinger, Thomas",M35-39,82,Open,Germany,1:02:54,2:54,5:13:21,3:23,3:23:55,9:46:27
379,1485,"Ferraz, Arthur",M40-44,47,Open,Brazil,56:09,2:38,4:46:53,3:00,3:57:55,9:46:35
380,1646,"Vidigal, Mateus",M40-44,48,Open,Brazil,54:38,4:00,5:10:41,5:54,3:31:25,9:46:38
381,1157,"Enevoldsen, John",M45-49,25,Open,Denmark,57:10,4:09,4:46:14,4:03,3:55:07,9:46:43
382,2107,"Netto, Miguel",M30-34,86,Open,South Africa,1:10:25,3:59,5:08:45,3:48,3:19:47,9:46:44
383,3038,"Seymour, Jeanni",FPRO,28,Female,South Africa,54:07,2:54,5:08:17,3:41,3:37:55,9:46:54
384,1914,"Thery, Romain",M35-39,83,Open,France,1:01:46,3:22,5:15:30,3:47,3:22:48,9:47:13
385,49,"Kramer, Lukas",MPRO,41,Open,Germany,57:50,2:00,4:48:40,3:53,3:54:52,9:47:15
386,1273,"Reid, Eric",M45-49,26,Open,United States,1:01:10,3:30,5:15:43,4:09,3:22:47,9:47:19
387,1920,"Tormala, Teemu",M35-39,84,Open,Finland,1:04:42,3:53,5:01:44,5:03,3:32:03,9:47:25
388,1466,"De caluwe, Dominic",M40-44,49,Open,Belgium,1:02:24,4:37,5:14:49,3:27,3:22:35,9:47:52
389,1179,"Gutierrez, Joby",M45-49,27,Open,United States,1:11:23,4:38,5:10:43,5:35,3:15:40,9:47:59
390,2411,"Schaffeld, Timo",M18-24,11,Open,Germany,59:16,1:59,4:42:40,2:40,4:01:25,9:48:00
391,2265,"Hubbert, Sascha",M25-29,51,Open,Germany,1:10:41,3:35,4:43:15,3:24,3:47:06,9:48:01
392,1904,"Sultzer, Chad",M35-39,85,Open,United States,59:04,4:43,5:07:22,5:41,3:31:11,9:48:01
393,1225,"Lewis, Paul",M45-49,28,Open,United Kingdom,1:07:43,3:53,5:17:42,4:16,3:14:32,9:48:06
394,1872,"Nindl, Christian",M35-39,86,Open,Austria,1:07:15,3:41,4:58:10,4:46,3:34:14,9:48:06
395,1185,"Harlow, Trent",M45-49,29,Open,Australia,1:08:24,5:20,5:17:20,7:10,3:09:56,9:48:10
396,682,"Andersen, Bent",M55-59,2,Open,Denmark,59:46,2:48,5:13:13,5:00,3:27:26,9:48:13
397,1554,"Littlewood, John",M40-44,50,Open,United Kingdom,1:06:14,3:40,5:13:25,3:44,3:21:11,9:48:14
398,1592,"Pikkor, Rauno",M40-44,51,Open,Estonia,1:04:51,3:57,4:59:44,3:50,3:35:55,9:48:17
399,3032,"Kunz, Martina",FPRO,29,Female,Switzerland,1:09:17,2:22,5:08:43,3:35,3:24:20,9:48:17
400,2023,"Birch, Kieran",M30-34,87,Open,Australia,58:42,2:35,5:12:26,3:41,3:30:58,9:48:22
401,1194,"Hrabowski, Maximilian",M45-49,30,Open,Germany,1:15:30,4:24,5:06:40,3:46,3:18:06,9:48:26
402,889,"Dunstan, Brett",M50-54,9,Open,Australia,1:08:05,2:36,5:10:01,3:48,3:23:56,9:48:26
403,1422,"Baldacci, Matteo",M40-44,52,Open,Italy,1:02:35,4:37,5:14:29,3:02,3:23:46,9:48:29
404,1155,"Ellingsen, Per Morten",M45-49,31,Open,Norway,1:08:32,2:38,4:56:46,3:18,3:37:18,9:48:32
405,2166,"Wild, David",M30-34,88,Open,United States,58:30,4:39,5:04:41,7:58,3:32:50,9:48:38
406,1657,"Wikdahl, Claes",M40-44,53,Open,Sweden,1:04:51,5:28,5:06:44,5:45,3:25:53,9:48:41
407,2076,"Knier, Max",M30-34,89,Open,Germany,1:13:00,2:56,5:28:53,6:45,2:57:09,9:48:43
408,1471,"Diaz, David",M40-44,54,Open,Venezuela,1:03:30,3:47,5:07:51,4:01,3:29:35,9:48:44
409,1536,"Kallio, Janne",M40-44,55,Open,Finland,1:00:58,2:39,5:06:57,4:18,3:33:56,9:48:48
410,1563,"Marangoni, Gabriel",M40-44,56,Open,Argentinia,1:02:28,3:48,4:58:09,5:01,3:39:28,9:48:54
411,1829,"Johnson, Adam",M35-39,87,Open,United States,1:00:25,4:05,4:53:30,2:44,3:48:10,9:48:54
412,2201,"Luoma, Aino",F30-34,3,Female,Finland,1:06:57,2:44,5:03:48,3:09,3:32:18,9:48:56
413,2234,"Bergamini, Felipe",M25-29,52,Open,Brazil,54:51,2:45,4:51:16,4:49,3:55:16,9:48:57
414,1177,"Grobli, Alexander",M45-49,32,Open,Switzerland,1:17:38,4:35,4:55:28,4:49,3:26:29,9:48:59
415,1871,"Nerli, Chris",M35-39,88,Open,Norway,1:05:01,3:27,5:05:50,4:10,3:30:32,9:49:00
416,1312,"Trzensiok, Martin",M45-49,33,Open,Germany,1:16:05,3:19,5:08:04,5:04,3:16:31,9:49:03
417,1631,"Sumbal, Karel",M40-44,57,Open,Czech Republic,1:03:14,2:41,5:23:11,5:02,3:15:04,9:49:12
418,909,"Gray, Mark",M50-54,10,Open,United Kingdom,1:00:41,3:33,5:01:24,6:52,3:36:42,9:49:12
419,2247,"De smet, Laurens",M25-29,53,Open,Belgium,55:59,3:42,5:08:21,4:02,3:37:10,9:49:14
420,1924,"Van der meulen, Shawn",M35-39,89,Open,South Africa,59:27,4:31,5:17:16,5:15,3:22:50,9:49:19
421,884,"De pury, Renaud",M50-54,11,Open,Switzerland,1:01:33,3:59,5:03:23,4:40,3:35:53,9:49:28
422,1901,"Sporri, Manuel",M35-39,90,Open,Switzerland,1:13:49,4:07,5:08:00,4:22,3:19:27,9:49:45
423,1497,"Furbo, Soren",M40-44,58,Open,Denmark,1:15:22,4:20,5:04:47,5:05,3:20:19,9:49:53
424,1749,"Anfimov, Maksim",M35-39,91,Open,Russian Federation,1:06:40,2:52,5:16:10,4:48,3:19:26,9:49:56
425,1533,"Johnson, Shawn",M40-44,59,Open,United States,1:00:47,3:49,5:21:31,6:07,3:17:45,9:49:59
426,952,"Mcguigan, Craig",M50-54,12,Open,Australia,57:21,3:05,5:13:49,3:23,3:32:23,9:50:01
427,1291,"Schneeberger, Federico",M45-49,34,Open,Argentinia,1:03:29,3:28,5:10:39,6:02,3:26:31,9:50:09
428,2184,"Giuliano, Jacqui",F30-34,4,Female,United States,1:06:35,2:53,5:27:25,4:13,3:09:04,9:50:10
429,2210,"Nishimura, Chino",F30-34,5,Female,Japan,1:02:17,2:53,5:27:10,2:27,3:15:24,9:50:11
430,2087,"Lowenthal, Steven",M30-34,90,Open,Guatemala,1:03:50,4:30,5:22:03,10:51,3:08:57,9:50:11
431,1821,"Heimisson, Haukur",M35-39,92,Open,United Kingdom,54:36,2:33,5:03:01,3:09,3:47:09,9:50:28
432,2382,"Cappelli, Ivan",M18-24,12,Open,Italy,54:44,4:53,5:10:53,3:29,3:36:30,9:50:29
433,1431,"Beechey, Tom",M40-44,60,Open,Australia,1:15:34,2:41,5:10:58,3:28,3:17:48,9:50:29
434,2093,"Matson, John",M30-34,91,Open,United States,58:46,3:48,5:03:26,5:33,3:38:56,9:50:29
435,1240,"Mcgrath, Jeff",M45-49,35,Open,New Zealand,1:00:42,4:06,5:12:16,4:17,3:29:13,9:50:34
436,1745,"Algera, Sjoerd",M35-39,93,Open,Netherlands,1:03:08,5:01,5:03:44,2:53,3:35:51,9:50:37
437,1869,"Mork, Josh",M35-39,94,Open,United States,56:01,3:49,5:01:07,5:19,3:44:24,9:50:40
438,1893,"Rogers, Taylor",M35-39,95,Open,United States,1:04:22,3:25,5:06:02,4:20,3:32:52,9:51:01
439,1598,"Rauch, James",M40-44,61,Open,United States,56:20,4:04,5:05:36,9:49,3:35:50,9:51:39
440,1757,"Barnewitz, Joao",M35-39,96,Open,Brazil,1:03:44,2:45,5:17:41,3:32,3:24:03,9:51:45
441,1778,"Concha, Fernando",M35-39,97,Open,Spain,1:08:08,2:54,5:08:31,4:01,3:28:15,9:51:49
442,2261,"Harper, Ross",M25-29,54,Open,United Kingdom,58:56,2:24,5:09:18,3:29,3:37:44,9:51:51
443,1663,"Combaluzier, Fabien",M40-44,62,Open,France,59:05,2:50,5:07:29,4:47,3:37:43,9:51:54
444,1588,"Parr, John",M40-44,63,Open,United Kingdom,1:09:11,3:07,5:09:26,5:05,3:25:08,9:51:57
445,2019,"Bergeron, Jp",M30-34,92,Open,Canada,1:02:26,3:04,5:05:00,3:37,3:37:50,9:51:57
446,1467,"De la fuente, Oliver",M40-44,64,Open,Spain,1:03:43,3:09,5:03:13,4:06,3:37:49,9:52:00
447,1940,"Gonzalo, Pardo",M35-39,98,Open,Unknown,1:07:37,3:39,5:14:06,4:43,3:21:59,9:52:04
448,1835,"Kofoed, Soren",M35-39,99,Open,Denmark,1:08:06,7:32,4:54:44,4:17,3:37:26,9:52:05
449,1198,"Irgens, Jens",M45-49,36,Open,Denmark,1:11:58,4:06,4:53:05,5:03,3:37:56,9:52:08
450,2027,"Castello branco, Gil",M30-34,93,Open,Brazil,1:03:00,4:13,5:11:02,3:57,3:30:02,9:52:14
451,2377,"Andersen, Simon Gustav Nymann",M18-24,13,Open,Denmark,1:03:55,4:05,4:51:32,4:42,3:48:02,9:52:16
452,2299,"Riele, Justin",M25-29,55,Open,United States,54:54,3:23,5:10:20,4:13,3:39:28,9:52:18
453,1142,"De pury, Herve",M45-49,37,Open,Switzerland,1:14:39,3:58,5:10:08,4:22,3:19:16,9:52:23
454,1203,"Jermstad, Frode",M45-49,38,Open,Norway,1:13:04,2:49,4:51:56,3:09,3:41:32,9:52:30
455,1239,"Mccrann, Patrick",M45-49,39,Open,United States,1:08:33,3:06,5:08:34,5:27,3:26:51,9:52:31
456,2335,"De baey-ruszin, Kirsten",F25-29,2,Female,Germany,1:12:38,4:17,5:15:52,4:34,3:15:16,9:52:37
457,2294,"Pignede, Thomas",M25-29,56,Open,France,53:01,4:07,5:20:09,4:04,3:31:18,9:52:39
458,2096,"Meade, Nathan",M30-34,94,Open,Australia,1:01:45,3:26,5:07:21,4:44,3:35:27,9:52:43
459,2406,"Nizio, Adam",M18-24,14,Open,Poland,1:01:31,2:39,5:03:30,3:06,3:42:02,9:52:48
460,2130,"Sandberg, David",M30-34,95,Open,Sweden,1:03:03,3:15,5:04:46,3:38,3:38:28,9:53:10
461,1908,"Swanson, Bryan",M35-39,100,Open,United States,1:07:09,4:29,5:03:42,4:15,3:33:47,9:53:22
462,1510,"Greenhalgh, Bruce",M40-44,65,Open,United Kingdom,1:02:39,3:48,4:55:58,3:00,3:48:02,9:53:27
463,2142,"Sinodinos, Raphael",M30-34,96,Open,France,1:02:48,3:15,5:07:30,3:47,3:36:19,9:53:39
464,1758,"Bartlett, David",M35-39,101,Open,United Kingdom,50:29,2:35,5:15:07,3:36,3:41:56,9:53:43
465,1124,"Burkart, Jochen Uwe",M45-49,40,Open,Germany,1:04:20,4:38,5:18:21,4:11,3:22:17,9:53:47
466,1656,"Whitehouse, Michael",M40-44,66,Open,Australia,1:04:00,4:32,5:14:13,4:43,3:26:20,9:53:48
467,1609,"Schutt, Martin",M40-44,67,Open,Germany,1:07:56,2:27,5:11:38,4:33,3:27:34,9:54:08
468,1004,"Solla, Giuseppe",M50-54,13,Open,Italy,1:00:14,2:34,5:15:53,2:54,3:32:39,9:54:14
469,1208,"Kasten, Olaf",M45-49,41,Open,Hong Kong,1:01:59,2:48,5:09:18,3:35,3:36:37,9:54:17
470,2046,"Garcia, Guillermo",M30-34,97,Open,Argentinia,59:19,2:29,5:22:29,4:28,3:25:36,9:54:21
471,2229,"Archer, Joshua",M25-29,57,Open,United States,53:08,3:21,5:15:13,4:35,3:38:07,9:54:24
472,1102,"Arndt, Mark",M45-49,42,Open,United Kingdom,1:03:20,3:30,5:15:20,3:18,3:29:14,9:54:42
473,1560,"Luciani, Stefano",M40-44,68,Open,Italy,1:19:29,3:41,5:05:11,4:19,3:22:10,9:54:50
474,2409,"Romain-laroche, Francois",M18-24,15,Open,France,59:21,5:05,5:18:29,4:07,3:27:52,9:54:54
475,1263,"Pavoni, Ronan",M45-49,43,Open,Panama,58:58,2:38,4:57:08,3:42,3:52:30,9:54:56
476,2163,"Westphal, Karl Magnus",M30-34,98,Open,Germany,1:01:04,5:46,5:12:57,3:59,3:31:10,9:54:56
477,1507,"Gouwkens, Joeri",M40-44,69,Open,Belgium,59:03,3:35,5:17:50,6:04,3:28:30,9:55:02
478,1608,"Schulte, Christian",M40-44,70,Open,Germany,1:06:08,2:43,5:01:25,3:40,3:41:11,9:55:07
479,2193,"Kuhnert, Stefanie",F30-34,6,Female,Germany,55:22,2:17,5:28:31,2:47,3:26:13,9:55:10
480,2379,"Arentz, Finn",M18-24,16,Open,United Kingdom,58:59,3:36,5:27:24,4:26,3:20:46,9:55:11
481,1937,"Wolf, Josh",M35-39,102,Open,United States,1:01:47,17:18,5:09:01,4:14,3:22:51,9:55:11
482,1222,"Laine, Mikko",M45-49,44,Open,Finland,1:01:39,2:55,5:12:19,3:40,3:34:48,9:55:21
483,1565,"Marini, Roberto",M40-44,71,Open,Italy,1:00:07,3:22,5:14:04,3:38,3:34:12,9:55:23
484,1926,"Venkatesh, Subramani",M35-39,103,Open,India,1:06:46,6:04,5:08:31,3:49,3:30:15,9:55:25
485,1825,"Ibanez, Daniel",M35-39,104,Open,Spain,58:04,2:54,5:09:34,4:24,3:40:33,9:55:29
486,2254,"Foster, Nick",M25-29,58,Open,Australia,1:09:22,4:38,5:06:10,3:10,3:32:10,9:55:30
487,1478,"Eden, Jed",M40-44,72,Open,New Zealand,1:00:14,4:19,5:18:03,4:08,3:28:50,9:55:34
488,1762,"Boheman, Robin",M35-39,105,Open,Sweden,1:02:32,5:11,5:20:48,4:53,3:22:10,9:55:34
489,1428,"Beaufort, Pierre",M40-44,73,Open,Belgium,1:09:11,4:06,5:08:48,4:52,3:28:42,9:55:39
490,2292,"Pedersen, Jesper",M25-29,59,Open,Denmark,58:50,5:14,4:52:09,5:03,3:54:24,9:55:40
491,1990,"Richtrova, Jana",F35-39,1,Female,Czech Republic,1:16:02,3:17,4:58:41,3:53,3:33:52,9:55:45
492,1519,"Herruzo fernandez, Ivan",M40-44,74,Open,Spain,1:03:53,3:03,5:15:42,3:44,3:29:25,9:55:47
493,1406,"Villa, Elisabetta",F45-49,2,Female,Italy,1:13:07,3:14,5:19:45,2:49,3:16:56,9:55:51
494,2185,"Grinaker, Hanna",F30-34,7,Female,United States,1:05:07,2:54,5:11:42,3:40,3:32:35,9:55:58
495,871,"Cano, Jose",M50-54,14,Open,Spain,1:05:22,3:10,5:12:01,3:25,3:32:02,9:56:00
496,1643,"Vazquez diaz, Pablo",M40-44,75,Open,Spain,1:04:09,4:47,5:08:03,6:19,3:32:43,9:56:01
497,1899,"Semprebom, Rodrigo",M35-39,106,Open,Brazil,1:12:52,3:26,5:12:36,4:14,3:22:54,9:56:02
498,2129,"Sacchetto, Adriano",M30-34,99,Open,Brazil,57:09,2:25,5:12:50,3:54,3:39:44,9:56:02
499,2298,"Pretz, Fabian",M25-29,60,Open,Germany,1:01:41,3:58,5:17:23,6:20,3:26:48,9:56:10
500,2050,"Gosebrink, Jens",M30-34,100,Open,Germany,57:10,2:46,5:20:43,2:55,3:32:40,9:56:14
501,1009,"Tani, Shingo",M50-54,15,Open,Japan,1:06:18,3:22,5:19:49,3:47,3:23:05,9:56:21
502,1644,"Vega farina, Mauricio",M40-44,76,Open,Argentinia,59:58,3:14,5:01:10,5:33,3:46:31,9:56:26
503,1577,"Newbery, William John",M40-44,77,Open,United Kingdom,1:00:36,2:40,5:29:03,4:26,3:19:45,9:56:30
504,1805,"Falk, Martin",M35-39,107,Open,Germany,1:05:13,2:54,4:56:39,3:30,3:48:15,9:56:31
505,2246,"Cymanski, Matt",M25-29,61,Open,United States,56:10,2:30,4:47:17,3:57,4:06:40,9:56:34
506,1184,"Hanakam, Florian",M45-49,45,Open,Germany,1:07:42,2:42,5:12:47,4:10,3:29:28,9:56:49
507,1021,"Vetter, Thomas",M50-54,16,Open,Germany,1:13:32,4:40,5:16:28,4:24,3:17:53,9:56:57
508,2236,"Blais, Vincent",M25-29,62,Open,Canada,1:04:58,4:14,5:05:01,3:36,3:39:10,9:56:59
509,1636,"Taylor, Alex",M40-44,78,Open,United Kingdom,1:11:43,3:53,5:03:30,3:56,3:33:58,9:57:00
510,2310,"Smith, Jordan",M25-29,63,Open,Australia,1:04:59,4:00,5:00:03,5:01,3:43:07,9:57:10
511,1098,"Anderson, Stuart",M45-49,46,Open,United Kingdom,1:04:21,2:40,5:02:16,4:19,3:43:39,9:57:15
512,1434,"Bilbao, Ovidio",M40-44,79,Open,United States,1:10:31,4:17,5:15:09,7:12,3:20:11,9:57:20
513,1260,"Busquets gil, Pau",M45-49,47,Open,Andorra,59:23,3:34,5:17:02,4:14,3:33:15,9:57:28
514,2015,"Baghioni, Joseph",M30-34,101,Open,France,56:49,2:58,5:11:25,4:03,3:42:24,9:57:39
515,2196,"Lechowicz, Anna",F30-34,8,Female,Poland,1:07:10,2:16,5:15:35,2:46,3:29:53,9:57:40
516,1465,"De bouw, Tim",M40-44,80,Open,Belgium,1:06:11,3:19,5:16:46,3:38,3:27:49,9:57:43
517,2216,"Pohjalainen, Tiina",F30-34,9,Female,Finland,1:03:25,2:52,5:25:44,3:15,3:22:39,9:57:55
518,1315,"Valenti, Alessandro",M45-49,48,Open,Italy,59:20,3:28,5:18:59,4:23,3:31:52,9:58:02
519,2141,"Sicard, Alexis",M30-34,102,Open,France,58:54,4:12,5:02:53,4:16,3:47:47,9:58:02
520,2085,"Le roy, Tyler",M30-34,103,Open,United States,1:03:51,2:51,4:57:02,3:47,3:50:41,9:58:12
521,874,"Casimir, Dirk",M50-54,17,Open,Germany,1:01:23,3:13,5:16:58,3:31,3:33:11,9:58:16
522,1326,"Wilson, Jared",M45-49,49,Open,United States,1:02:25,4:42,5:17:13,5:26,3:28:34,9:58:20
523,1842,"Lebrat, David",M35-39,108,Open,France,1:04:28,3:55,5:05:01,4:58,3:40:07,9:58:29
524,1419,"Artyushenko, Pavel",M40-44,81,Open,Kazakhstan,1:00:23,3:06,5:08:27,4:47,3:41:48,9:58:31
525,1870,"Mudek, David",M35-39,109,Open,United States,1:10:35,3:16,5:16:18,3:11,3:25:12,9:58:32
526,1448,"Callegari, Massimo",M40-44,82,Open,Italy,1:01:39,2:27,5:11:09,4:12,3:39:15,9:58:42
527,1205,"Joseland, Malcolm",M45-49,50,Open,Australia,1:05:35,3:56,5:13:37,3:52,3:31:42,9:58:42
528,784,"Van hamme, Hugo",M55-59,3,Open,Belgium,1:05:19,4:14,5:19:05,4:30,3:25:38,9:58:46
529,1096,"Allen, Richard",M45-49,51,Open,United Kingdom,1:09:18,3:47,5:18:06,4:42,3:22:55,9:58:48
530,2365,"Renouf, Katherine",F25-29,3,Female,United Kingdom,53:40,2:58,5:32:42,2:39,3:27:08,9:59:07
531,1755,"Backstrom, Richard",M35-39,110,Open,Sweden,1:07:06,4:01,5:04:36,4:16,3:39:18,9:59:17
532,1590,"Peiretti, Javier",M40-44,83,Open,Argentinia,1:00:05,2:49,5:06:09,4:05,3:46:16,9:59:24
533,1269,"Podziewski, Arkadiusz",M45-49,52,Open,Poland,1:11:14,3:40,5:00:18,3:59,3:40:18,9:59:29
534,2114,"Pellerin, Elliot-Olivier",M30-34,104,Open,Canada,1:02:25,4:31,4:59:39,4:56,3:48:00,9:59:31
535,1516,"Harding, Wayne",M40-44,84,Open,Australia,54:28,4:53,5:13:39,4:31,3:42:02,9:59:33
536,2098,"Miranda, Jordi",M30-34,105,Open,Spain,1:03:05,3:53,5:36:11,5:47,3:10:46,9:59:42
537,1255,"Otavio ribeiro cruz filho, Jose",M45-49,53,Open,Brazil,1:08:33,4:55,5:15:04,4:50,3:26:24,9:59:46
538,1366,"Kukrus, Valentina",F45-49,3,Female,Russian Federation,1:06:25,3:34,5:28:09,3:40,3:17:58,9:59:46
539,996,"Schulz, Hans Peter",M50-54,18,Open,Germany,1:01:17,3:33,5:10:37,3:24,3:40:58,9:59:49
540,2073,"Kawaoka, Elliot",M30-34,106,Open,Japan,1:01:31,3:13,5:23:00,5:41,3:26:25,9:59:50
541,1868,"Moratiel, Cristian",M35-39,111,Open,Spain,52:58,3:42,5:27:08,5:00,3:31:12,10:00:00
542,1253,"Okyay, Mustafa",M45-49,54,Open,Germany,1:05:46,5:10,5:09:06,4:52,3:35:10,10:00:04
543,2013,"Aguilar bustillos, Juan Manuel",M30-34,107,Open,Mexico,1:12:12,3:12,5:28:50,3:57,3:11:55,10:00:06
544,778,"Trauger, Thomas",M55-59,4,Open,United States,1:02:33,3:35,5:09:00,3:20,3:41:39,10:00:07
545,1748,"Andrea, Miasciarelli",M35-39,112,Open,Italy,1:07:02,4:13,4:58:43,3:47,3:46:41,10:00:26
546,1494,"Fuchs, Andreas",M40-44,85,Open,Austria,59:19,2:29,4:44:27,3:15,4:11:00,10:00:30
547,1635,"Targoni, Pawel",M40-44,86,Open,Poland,1:03:54,3:39,5:20:23,6:23,3:26:16,10:00:35
548,1163,"Furuya, Koji",M45-49,55,Open,Japan,1:03:30,4:07,5:07:56,5:51,3:39:11,10:00:35
549,1317,"Vesty, Brendon",M45-49,56,Open,New Zealand,1:06:11,3:31,4:55:21,4:48,3:50:59,10:00:50
550,1488,"Fogarty, Quentin",M40-44,87,Open,New Zealand,59:08,4:37,5:04:52,5:10,3:47:23,10:01:10
551,2281,"Lukoschek, Leonhard",M25-29,64,Open,Germany,57:21,2:14,5:27:49,7:51,3:25:56,10:01:11
552,1686,"Gadient, Georgina",F40-44,1,Female,Switzerland,1:07:07,4:12,5:10:50,3:36,3:35:29,10:01:14
553,2207,"Morgan, Helen",F30-34,10,Female,Australia,1:16:51,3:47,5:22:47,2:56,3:14:56,10:01:17
554,1782,"Corredor, David",M35-39,113,Open,Spain,1:01:40,4:20,5:10:17,11:11,3:33:58,10:01:26
555,2381,"Blanchart, Daniel",M18-24,17,Open,Spain,1:01:00,3:04,5:16:11,5:22,3:36:00,10:01:37
556,1629,"Strobel, Otto",M40-44,88,Open,Germany,1:00:25,4:01,5:04:00,5:07,3:48:05,10:01:38
557,2272,"Khalamanov, Alexander",M25-29,65,Open,Russian Federation,53:02,2:37,4:55:52,2:56,4:07:16,10:01:43
558,1435,"Bonnet, Rudy",M40-44,89,Open,France,1:24:54,5:55,4:58:48,4:40,3:27:26,10:01:43
559,2417,"Vogt, Philippe",M18-24,18,Open,Switzerland,1:04:35,2:30,5:03:39,4:26,3:46:36,10:01:46
560,1788,"De cuyper, Leslie",M35-39,114,Open,Belgium,1:14:49,4:34,5:09:09,3:49,3:29:29,10:01:50
561,1284,"Salentin, Uli",M45-49,57,Open,Germany,57:10,5:19,5:10:36,5:42,3:43:04,10:01:51
562,1019,"Vandamme, Stephane",M50-54,19,Open,Belgium,1:08:16,3:34,5:19:35,3:06,3:27:41,10:02:12
563,1556,"Loiola, Rodrigo",M40-44,90,Open,Brazil,1:10:33,2:59,5:12:00,5:10,3:31:39,10:02:21
564,2388,"Frandsen, Oliver",M18-24,19,Open,Denmark,1:05:55,2:42,5:17:54,3:28,3:32:27,10:02:26
565,1278,"Rodriguez paez, Sergio",M45-49,58,Open,Spain,1:07:39,2:55,5:17:50,5:20,3:28:45,10:02:29
566,978,"Prevost, Erwan",M50-54,20,Open,South Africa,1:02:08,3:14,5:04:05,4:00,3:49:10,10:02:37
567,1555,"Llorca barbera, Juan Damasceno",M40-44,91,Open,Spain,1:05:07,3:35,5:06:32,4:51,3:42:34,10:02:39
568,1220,"Lack, Ian",M45-49,59,Open,Australia,1:03:28,3:24,5:15:11,4:00,3:36:37,10:02:40
569,2144,"Sousa, Lisandro",M30-34,108,Open,Brazil,1:09:55,2:41,5:07:38,3:28,3:39:04,10:02:46
570,1261,"Paul, Carlo",M45-49,60,Open,United Kingdom,1:03:01,5:20,5:26:53,4:05,3:23:33,10:02:52
571,1781,"Cordle, Robert",M35-39,115,Open,Australia,1:01:38,3:47,5:07:12,4:37,3:45:47,10:03:01
572,1319,"Wallimann, Patrick",M45-49,61,Open,Switzerland,1:02:36,3:21,5:18:21,8:32,3:30:20,10:03:10
573,1140,"Daily, Michael",M45-49,62,Open,United States,1:09:41,4:31,5:13:24,4:15,3:31:21,10:03:12
574,1129,"Chu, Tobias",M45-49,63,Open,Hong Kong,55:03,3:24,5:18:40,5:01,3:41:08,10:03:16
575,950,"Mcclarnon, Paul",M50-54,21,Open,Australia,1:13:21,5:27,5:08:34,4:16,3:31:44,10:03:22
576,2397,"Lang, Peter",M18-24,20,Open,Germany,59:33,4:13,5:15:22,3:55,3:40:21,10:03:24
577,2007,"Walsh, Maggie",F35-39,2,Female,United States,56:12,3:50,5:16:29,3:58,3:42:56,10:03:25
578,892,"Durif, Pierre",M50-54,22,Open,France,1:09:48,3:51,5:11:43,2:49,3:35:15,10:03:26
579,992,"Rushby, Mark",M50-54,23,Open,Ireland,1:20:55,5:02,5:16:47,4:35,3:16:10,10:03:29
580,2118,"Pla, Bastien",M30-34,109,Open,France,1:06:48,3:57,4:58:23,3:07,3:51:14,10:03:29
581,1625,"Spurzem, Oliver",M40-44,92,Open,Germany,1:03:20,3:19,5:28:14,5:43,3:22:58,10:03:34
582,1633,"Swinarski, Maciej",M40-44,93,Open,Poland,1:15:33,3:40,5:04:32,4:34,3:35:17,10:03:36
583,421,"Matuschka, Ash",M30-34,110,Open,New Zealand,1:01:25,3:12,5:11:00,3:15,3:44:45,10:03:37
584,1521,"Hobi, Sam",M40-44,94,Open,United States,1:06:16,3:29,5:12:40,6:19,3:35:04,10:03:48
585,1227,"Lilloni, Patrice",M45-49,64,Open,France,1:02:00,3:44,5:03:45,3:49,3:50:36,10:03:54
586,1826,"Izzard, Kephren",M35-39,116,Open,Australia,1:00:03,3:32,5:23:07,5:08,3:32:07,10:03:57
587,1756,"Barcus, Matt",M35-39,117,Open,United States,1:09:43,2:25,5:25:56,4:00,3:22:05,10:04:09
588,1586,"Papi, Dany",M40-44,95,Open,Luxembourg,1:12:01,4:55,5:07:53,4:40,3:34:53,10:04:22
589,1106,"Barahona de andres, Fernando",M45-49,65,Open,Spain,1:09:44,4:19,5:19:46,6:26,3:24:09,10:04:24
590,1957,"Esefeld, Katrin",F35-39,3,Female,Germany,1:08:41,3:06,5:24:05,3:19,3:25:14,10:04:25
591,1818,"Hale, Sean",M35-39,118,Open,United States,59:20,3:15,5:06:17,3:59,3:51:37,10:04:28
592,1880,"Pereira iglesias, Ivan",M35-39,119,Open,Spain,1:08:04,4:11,5:01:03,5:06,3:46:04,10:04:28
593,1234,"Malivanek, Roman",M45-49,66,Open,Czech Republic,1:09:56,2:54,5:17:25,5:48,3:28:26,10:04:29
594,1103,"Arregi, Aitzol",M45-49,67,Open,Spain,1:08:44,3:30,5:19:47,5:40,3:26:56,10:04:37
595,1415,"Andzejewicz, Brian",M40-44,96,Open,United States,1:16:57,4:41,5:11:01,6:49,3:25:14,10:04:42
596,1544,"Kuvvet, Muzaffer",M40-44,97,Open,Turkey,1:05:34,4:16,5:09:58,6:13,3:38:41,10:04:42
597,1654,"Weber, Michael",M40-44,98,Open,Germany,1:13:15,3:34,5:21:30,3:41,3:22:44,10:04:44
598,1012,"Tomkinson, Chris",M50-54,24,Open,Canada,1:02:11,4:03,5:13:05,4:58,3:40:30,10:04:47
599,2124,"Ros, Niels",M30-34,111,Open,Netherlands,1:13:20,6:04,4:58:22,5:20,3:41:44,10:04:50
600,1652,"Waniewski, Marcin",M40-44,99,Open,Poland,1:03:40,3:00,5:18:33,4:43,3:35:12,10:05:08
601,1752,"Ascani, Jorge",M35-39,120,Open,Argentinia,1:06:30,3:17,5:04:37,6:12,3:44:42,10:05:18
602,856,"Bachar, Amir",M50-54,25,Open,Israel,59:01,3:55,5:14:04,3:18,3:45:04,10:05:22
603,1162,"Francke, Henrik",M45-49,68,Open,Denmark,1:10:12,5:54,5:10:28,5:43,3:33:16,10:05:33
604,1819,"Hansen, David",M35-39,121,Open,United States,1:02:20,3:59,4:58:54,5:45,3:54:43,10:05:41
605,2271,"Kellerer, Niklas",M25-29,66,Open,Germany,1:06:45,4:07,5:12:00,5:05,3:37:47,10:05:44
606,1847,"Lenehan, John",M35-39,122,Open,Ireland,1:02:45,6:38,5:24:26,4:41,3:27:16,10:05:46
607,2168,"Zsinor, Gabor",M30-34,112,Open,Hungary,1:04:36,3:03,5:13:56,4:50,3:39:25,10:05:50
608,1551,"Lima, Alan",M40-44,100,Open,Brazil,1:04:03,3:43,5:02:26,3:27,3:52:16,10:05:55
609,1293,"Schutjes, Alain",M45-49,69,Open,Belgium,1:07:17,5:55,5:14:00,7:08,3:31:55,10:06:15
610,1336,"Barclay, Natasja",F45-49,4,Female,New Zealand,59:36,3:51,5:27:01,4:06,3:31:49,10:06:23
611,1836,"Kosmowski, Michal",M35-39,123,Open,Poland,1:08:35,2:56,5:18:49,2:39,3:33:29,10:06:28
612,3042,"Steurer, Bianca",FPRO,30,Female,Austria,1:04:32,2:11,5:19:49,4:16,3:35:43,10:06:31
613,1243,"Migliore, Michael",M45-49,70,Open,France,1:06:27,2:54,5:02:13,4:20,3:50:37,10:06:31
614,1854,"Marcolino, Eduardo",M35-39,124,Open,Brazil,58:52,3:16,5:15:34,4:49,3:44:07,10:06:38
615,1614,"Serebryakov, Andrey",M40-44,101,Open,Russian Federation,1:04:45,4:16,5:25:56,3:59,3:27:45,10:06:41
616,915,"Hayes, Bill",M50-54,26,Open,Australia,1:12:22,2:49,5:12:05,3:58,3:35:42,10:06:56
617,2355,"Mcculloch, Kaileen",F25-29,4,Female,Canada,1:01:49,3:17,5:30:25,4:18,3:27:09,10:06:58
618,1482,"Facey, Tim",M40-44,102,Open,Australia,1:01:41,5:13,5:21:34,4:57,3:33:41,10:07:06
619,1176,"Greschner, Ronny",M45-49,71,Open,Germany,1:14:16,3:15,5:23:42,3:26,3:22:28,10:07:07
620,592,"Fergusson, Kevin",M60-64,1,Open,Australia,1:00:56,3:13,5:13:27,3:53,3:45:39,10:07:08
621,990,"Rowley, Tim",M50-54,27,Open,Canada,1:04:30,5:19,5:21:55,6:39,3:28:49,10:07:12
622,749,"Mumford, Mark",M55-59,5,Open,United States,1:11:57,5:50,5:07:09,5:44,3:36:36,10:07:16
623,1460,"Corff, Brian",M40-44,103,Open,United States,1:03:25,3:18,5:19:59,4:09,3:36:27,10:07:18
624,1421,"Balague cava, Ricard",M40-44,104,Open,Spain,1:04:05,3:31,5:19:15,7:35,3:33:00,10:07:26
625,775,"Tanaka, Takeshi",M55-59,6,Open,Japan,1:04:35,3:08,5:40:15,4:29,3:15:03,10:07:30
626,2136,"Schneider, Robin",M30-34,113,Open,Germany,51:58,2:27,4:54:12,6:35,4:12:20,10:07:32
627,1235,"Martin, Owen",M45-49,72,Open,Ireland,1:08:07,5:09,5:02:11,7:36,3:44:42,10:07:45
628,2134,"Schertel, Thomas",M30-34,114,Open,Germany,59:05,3:31,5:05:40,5:13,3:54:16,10:07:45
629,1541,"Kovalovsky, Jan",M40-44,105,Open,Czech Republic,1:02:30,2:42,5:04:14,3:46,3:54:38,10:07:50
630,986,"Rojas calvo, Pascal",M50-54,28,Open,France,1:01:15,4:15,5:25:43,5:09,3:31:40,10:08:02
631,1152,"Drosdowski, Andreas",M45-49,73,Open,Germany,1:07:49,3:31,5:21:01,6:11,3:29:34,10:08:06
632,2053,"Grala, Nicholas",M30-34,115,Open,United States,1:09:18,4:02,5:13:57,4:08,3:36:42,10:08:07
633,1573,"Nagel, Daniel",M40-44,106,Open,Netherlands,1:00:42,3:47,5:06:58,6:32,3:50:22,10:08:21
634,1584,"Overfjord, Daniel",M40-44,107,Open,Sweden,1:13:30,4:23,5:31:49,7:00,3:11:54,10:08:36
635,1832,"Kepka, Marcin",M35-39,125,Open,Poland,1:12:59,3:09,5:08:09,3:43,3:40:36,10:08:36
636,1446,"Byram, Scott",M40-44,108,Open,United States,1:09:11,6:34,4:59:12,5:43,3:47:57,10:08:37
637,860,"Breault, Ted",M50-54,29,Open,United States,1:05:08,3:57,5:32:27,5:52,3:21:19,10:08:43
638,1236,"Martin-guibert, Frederic",M45-49,74,Open,France,1:03:24,4:10,5:24:28,5:37,3:31:09,10:08:48
639,1216,"Kovac, Tomaz",M45-49,75,Open,Slovenia,1:02:55,3:41,5:28:03,6:01,3:28:25,10:09:05
640,2288,"O'neil, Brian",M25-29,67,Open,United States,51:01,2:31,5:10:54,4:43,3:59:57,10:09:06
641,1979,"Mathews, Nikkola",F35-39,4,Female,New Zealand,1:01:57,4:07,5:16:56,2:49,3:43:18,10:09:07
642,2111,"Pacholak, Marcin",M30-34,116,Open,Poland,1:04:07,4:03,5:18:04,4:08,3:38:46,10:09:08
643,1862,"Mccollum, Kane",M35-39,126,Open,New Zealand,1:01:50,4:39,5:17:38,6:55,3:38:08,10:09:10
644,1229,"Gerini, Loris",M45-49,76,Open,Italy,1:05:58,4:39,5:10:51,3:31,3:44:17,10:09:16
645,1491,"Forster, Marco",M40-44,109,Open,Germany,1:10:12,5:19,4:58:51,4:58,3:50:01,10:09:21
646,1104,"Asquinazi, Sebastian",M45-49,77,Open,Argentinia,58:18,3:37,5:13:52,3:34,3:50:11,10:09:32
647,1254,"Orrit, David",M45-49,78,Open,Switzerland,1:02:05,4:07,5:20:42,5:18,3:37:23,10:09:35
648,1300,"Smith, Craig",M45-49,79,Open,Australia,1:08:07,3:55,5:12:52,5:09,3:39:32,10:09:35
649,1028,"Wittmershaus, Horst",M50-54,30,Open,Germany,1:08:18,3:00,5:06:15,4:18,3:47:44,10:09:35
650,2386,"Dillon, Lachie",M18-24,21,Open,Australia,1:06:04,3:38,5:11:16,2:46,3:45:53,10:09:37
651,2012,"Acuna, Aaron",M30-34,117,Open,United States,58:48,5:29,5:24:33,3:45,3:37:04,10:09:39
652,1655,"Weschler, Marco",M40-44,110,Open,Germany,1:00:45,2:58,5:14:50,5:29,3:45:41,10:09:43
653,1221,"Lacko, Roman",M45-49,80,Open,United Kingdom,1:16:31,3:18,5:04:02,6:02,3:40:19,10:10:12
654,1503,"Gennari, Gustavo",M40-44,111,Open,Brazil,1:04:17,3:22,5:30:15,4:16,3:28:06,10:10:16
655,1952,"Clark, Corrine",F35-39,5,Female,United Kingdom,1:03:01,2:39,5:25:14,3:12,3:36:24,10:10:30
656,1426,"Barrero duran, Miguel",M40-44,112,Open,Spain,1:10:36,3:25,5:14:10,3:44,3:38:37,10:10:32
657,1186,"Hauger, Tobias",M45-49,81,Open,Germany,1:11:42,4:47,5:13:40,3:28,3:36:57,10:10:34
658,1585,"Palmer, Stephen",M40-44,113,Open,United Kingdom,1:09:45,2:46,5:13:24,7:10,3:37:33,10:10:38
659,1443,"Bronstein, Dan",M40-44,114,Open,Russian Federation,1:09:08,3:47,5:21:47,4:49,3:31:08,10:10:39
660,2205,"Mcinturff, Alison",F30-34,11,Female,United States,55:22,3:37,5:20:12,3:24,3:48:04,10:10:39
661,1107,"Barthe, Nicolas",M45-49,82,Open,France,1:00:46,4:36,5:23:28,4:58,3:37:00,10:10:48
662,1549,"Leder, Felix",M40-44,115,Open,Germany,1:07:47,2:30,5:03:55,6:01,3:50:44,10:10:57
663,1515,"Han, Matthew",M40-44,116,Open,United States,1:08:05,8:02,5:07:42,5:27,3:41:43,10:10:59
664,895,"Faas, Oliver",M50-54,31,Open,Germany,1:11:29,5:16,5:24:05,6:10,3:23:59,10:10:59
665,1542,"Kronbuegel, Martin",M40-44,117,Open,Germany,1:10:20,6:12,5:09:59,6:41,3:37:53,10:11:05
666,2043,"Fox, Kyle",M30-34,118,Open,United States,1:03:16,3:33,4:55:56,2:36,4:05:46,10:11:07
667,1105,"Ayestaran, Imanol",M45-49,83,Open,Spain,1:11:08,5:44,5:22:00,3:42,3:28:47,10:11:21
668,2286,"Mears, Rob",M25-29,68,Open,New Zealand,1:06:59,4:01,5:02:36,4:30,3:53:18,10:11:24
669,1113,"Blomberg, Erik B:son",M45-49,84,Open,Sweden,1:02:31,3:04,5:21:28,3:01,3:41:27,10:11:31
670,1841,"Lawrence, Matt",M35-39,127,Open,United Kingdom,59:21,3:37,5:07:12,5:31,3:55:51,10:11:32
671,1603,"Rozalski, Piotr",M40-44,118,Open,Poland,1:04:47,2:58,5:17:24,3:33,3:42:51,10:11:33
672,1579,"Oliveira, Flavio",M40-44,119,Open,Brazil,1:06:15,2:30,5:20:07,3:27,3:39:21,10:11:40
673,1427,"Bastos, Adriano",M40-44,120,Open,Brazil,1:08:18,4:02,5:36:26,4:01,3:18:57,10:11:44
674,1283,"Rutherford, Paul",M45-49,85,Open,Ireland,1:07:56,4:20,5:04:08,4:19,3:51:08,10:11:51
675,1569,"Mcleod, Shay",M40-44,121,Open,New Zealand,1:10:36,4:09,5:15:57,4:45,3:36:29,10:11:56
676,1146,"Desruisseaux, Carl",M45-49,86,Open,Canada,1:02:54,2:47,5:14:08,4:04,3:48:12,10:12:05
677,851,"Antoniak, Marek",M50-54,32,Open,Estonia,1:18:10,4:08,5:12:13,4:24,3:33:16,10:12:11
678,2022,"Billikopf, Philip",M30-34,119,Open,Chile,1:06:52,4:23,5:21:45,5:36,3:33:40,10:12:16
679,1476,"Dondlinger, Thierry",M40-44,122,Open,Luxembourg,1:15:05,4:53,5:22:38,5:06,3:24:35,10:12:17
680,1232,"Mackert, Alexander",M45-49,87,Open,Germany,1:04:56,3:55,5:27:13,3:27,3:32:50,10:12:21
681,1011,"Thomas, Paul",M50-54,33,Open,United Kingdom,1:03:30,4:30,5:22:58,4:43,3:36:50,10:12:31
682,1600,"Ridge, Todd",M40-44,123,Open,Australia,1:04:18,3:43,5:22:22,3:50,3:38:20,10:12:33
683,2295,"Pini, Nicola",M25-29,69,Open,Switzerland,1:06:44,4:38,5:02:09,3:53,3:55:11,10:12:35
684,1984,"Ottevaere, Charlene",F35-39,6,Female,Belgium,1:04:05,4:24,5:35:39,5:00,3:23:36,10:12:44
685,867,"Burke, Rich",M50-54,34,Open,United States,1:09:37,5:03,5:14:32,4:59,3:38:39,10:12:50
686,1274,"Reyes arciga, Jose Marcos",M45-49,88,Open,Mexico,1:03:10,7:04,5:21:13,5:48,3:35:37,10:12:52
687,431,"Vajda, Viktor",M25-29,70,Open,United States,1:16:26,5:40,5:24:47,6:21,3:19:41,10:12:55
688,2001,"Thomas, Sarah",F35-39,7,Female,Australia,1:06:45,2:16,5:32:42,2:27,3:28:53,10:13:03
689,1632,"Svensson, Jonas",M40-44,124,Open,Sweden,1:11:26,3:52,5:25:55,3:30,3:28:27,10:13:10
690,1838,"Krugener, Frank",M35-39,128,Open,Germany,1:09:07,4:41,4:53:28,5:32,4:00:44,10:13:32
691,1440,"Brassel, Jorg",M40-44,125,Open,Switzerland,1:10:51,3:36,5:13:37,6:18,3:39:12,10:13:34
692,1912,"Tavares, Rodrigo",M35-39,129,Open,Brazil,57:20,3:38,5:09:32,5:21,3:57:43,10:13:34
693,1128,"Christen, Pirmin",M45-49,89,Open,Switzerland,1:04:12,2:24,4:53:15,2:56,4:10:51,10:13:38
694,1475,"Donaldson, Scott",M40-44,126,Open,Australia,58:38,5:55,5:30:37,4:36,3:33:56,10:13:42
695,2031,"Conejeros, Manuel",M30-34,120,Open,Chile,1:01:34,3:02,5:10:01,4:34,3:54:32,10:13:43
696,1989,"Rametta, Liis",F35-39,8,Female,Estonia,1:15:37,4:03,5:26:12,2:52,3:25:01,10:13:45
697,2228,"Ando, Noriyuki",M25-29,71,Open,Japan,57:02,3:49,5:36:20,4:05,3:32:43,10:13:59
698,1784,"Cunha, Daniel",M35-39,130,Open,Brazil,1:13:15,3:28,5:08:24,3:15,3:45:40,10:14:02
699,1469,"Densa, Domen",M40-44,127,Open,Slovenia,1:00:21,3:38,5:19:26,6:25,3:44:15,10:14:05
700,1518,"Hautle, Michael",M40-44,128,Open,Switzerland,1:03:52,3:01,5:03:56,4:09,3:59:15,10:14:13
701,1202,"Jaros, Zbysek",M45-49,90,Open,Czech Republic,1:03:00,3:30,5:13:33,4:05,3:50:16,10:14:24
702,1271,"Prochazka, Roman",M45-49,91,Open,Czech Republic,1:15:23,3:13,5:03:36,5:20,3:46:52,10:14:24
703,1618,"Silva, Pedro Rui Almeida",M40-44,129,Open,Portugal,1:17:37,4:50,5:08:10,3:58,3:39:52,10:14:27
704,1567,"Matonti, Mathew",M40-44,130,Open,United Kingdom,1:21:24,3:01,5:19:24,3:08,3:27:39,10:14:36
705,1257,"Pasnon, Frederic",M45-49,92,Open,France,1:07:37,3:37,5:26:45,3:30,3:33:17,10:14:46
706,1201,"Jansson, Tobias",M45-49,93,Open,Sweden,1:09:56,3:57,5:23:33,4:24,3:32:59,10:14:49
707,1896,"Sajulga, Felipe Iii",M35-39,131,Open,Philippines,1:14:16,3:54,5:21:28,4:18,3:31:06,10:15:02
708,628,"Schweiger, Wilhelm",M60-64,2,Open,Germany,1:12:12,3:33,5:15:26,4:28,3:39:26,10:15:05
709,703,"Diepold, Josef",M55-59,7,Open,Germany,1:09:22,4:19,5:12:33,5:30,3:43:29,10:15:13
710,919,"Hill, Paul",M50-54,35,Open,New Zealand,1:05:54,4:31,5:18:35,3:55,3:42:23,10:15:18
711,1245,"Miller, Brian",M45-49,94,Open,United States,56:13,3:42,5:24:37,3:11,3:47:42,10:15:25
712,1552,"Linder, Magnus",M40-44,131,Open,Sweden,1:09:01,3:40,5:13:27,4:57,3:44:21,10:15:26
713,906,"Glazbrook, Michael",M50-54,36,Open,Australia,1:02:39,4:08,5:20:52,6:10,3:41:46,10:15:35
714,2152,"Thelwell, John",M30-34,121,Open,United Kingdom,59:15,3:11,4:45:32,5:06,4:22:38,10:15:42
715,2211,"Obmann, Gabriele Maria",F30-34,12,Female,Austria,1:07:15,3:14,5:18:13,3:00,3:44:01,10:15:43
716,1285,"Santos, Matias",M45-49,95,Open,Argentinia,1:02:29,4:22,5:19:08,3:34,3:46:12,10:15:45
717,1966,"Hachmeister, Ericka",F35-39,9,Female,United States,1:06:45,4:07,5:26:17,2:53,3:35:44,10:15:46
718,2270,"Keene, Jessop",M25-29,72,Open,United States,1:15:26,5:14,5:11:36,6:03,3:37:30,10:15:49
719,605,"Kogoj, Igor",M60-64,3,Open,Slovenia,59:44,3:22,5:35:26,3:55,3:33:22,10:15:49
720,1763,"Bowe, Phil",M35-39,132,Open,Australia,1:08:01,3:04,5:25:31,3:33,3:35:54,10:16:03
721,998,"Selukov, Arnaud",M50-54,37,Open,France,1:01:43,3:42,5:21:28,4:17,3:44:56,10:16:06
722,3016,"Brandon, Lauren",FPRO,31,Female,United States,49:08,2:14,5:11:20,3:15,4:10:13,10:16:10
723,2320,"Wernecke, Connor",M25-29,73,Open,United States,55:10,3:06,5:00:24,5:05,4:12:26,10:16:11
724,1281,"Roigard, mike",M45-49,96,Open,New Zealand,1:10:42,4:45,5:11:17,2:49,3:46:38,10:16:11
725,2145,"Souza, William",M30-34,122,Open,Brazil,1:00:50,3:15,5:13:09,5:00,3:54:05,10:16:19
726,2067,"Jedrasiewicz, Pawel",M30-34,123,Open,Poland,1:23:18,2:46,5:15:29,7:01,3:27:48,10:16:22
727,2339,"Freeman, Emily",F25-29,5,Female,United Kingdom,58:00,3:34,5:40:26,3:13,3:31:09,10:16:22
728,1429,"Beby, Daniel",M40-44,132,Open,Australia,1:06:45,3:23,5:18:42,4:07,3:43:36,10:16:33
729,1174,"Graham, Ian",M45-49,97,Open,New Zealand,1:05:54,4:23,5:26:23,5:54,3:34:11,10:16:45
730,1219,"La placa, Paolo",M45-49,98,Open,Italy,1:08:55,3:22,5:29:05,5:34,3:29:53,10:16:49
731,1487,"Fitzakerley, Nathan",M40-44,133,Open,Australia,56:42,3:30,5:01:20,4:16,4:11:04,10:16:52
732,1531,"Jervis, Haydn",M40-44,134,Open,Australia,1:00:18,4:55,5:15:15,6:23,3:50:01,10:16:52
733,1217,"Kropat, Eckart",M45-49,99,Open,Germany,1:11:13,4:15,5:02:23,4:27,3:54:37,10:16:55
734,2041,"Figueroa, Jose",M30-34,124,Open,Mexico,1:05:56,4:52,5:37:01,5:17,3:23:52,10:16:58
735,1249,"Nagatsuji, Hajime",M45-49,100,Open,Japan,1:05:27,3:58,5:26:17,3:57,3:37:30,10:17:09
736,2384,"Cerezuela, Francisco",M18-24,22,Open,Argentinia,58:53,3:45,5:18:01,3:37,3:53:04,10:17:20
737,958,"Minardi, Michael",M50-54,38,Open,United States,1:18:21,3:46,5:09:33,5:12,3:40:33,10:17:25
738,1409,"Willis, Janine",F45-49,5,Female,Canada,1:02:37,3:10,5:28:41,2:31,3:40:27,10:17:26
739,1986,"Peel, Hannah",F35-39,10,Female,United Kingdom,1:09:34,3:27,5:21:29,3:01,3:40:09,10:17:40
740,1161,"Fernandez martinez, David",M45-49,101,Open,Spain,1:14:22,3:19,5:20:19,3:24,3:36:19,10:17:43
741,1775,"Clark, David",M35-39,133,Open,Australia,1:13:22,4:02,5:14:45,3:38,3:42:04,10:17:51
742,1290,"Schmaehling, Frank",M45-49,102,Open,Germany,1:05:40,4:58,5:15:19,6:04,3:45:53,10:17:54
743,965,"Nubel, Markus",M50-54,39,Open,Germany,1:09:58,5:22,5:18:28,4:07,3:40:02,10:17:57
744,2416,"Toland, Jack",M18-24,23,Open,United States,56:20,2:45,4:44:57,3:05,4:30:57,10:18:04
745,1178,"Guertin, Thierry",M45-49,103,Open,Canada,1:05:16,3:22,5:03:38,4:17,4:01:38,10:18:11
746,2369,"Trads, Anna",F25-29,6,Female,Denmark,1:06:20,3:30,5:23:10,2:49,3:42:33,10:18:22
747,1247,"Mutchie, Jeff",M45-49,104,Open,United States,1:25:29,3:21,5:23:48,3:04,3:22:43,10:18:25
748,917,"Heynemand, Pierre",M50-54,40,Open,Canada,1:01:32,2:49,5:23:45,3:59,3:46:22,10:18:27
749,1258,"Pasquarella, Alberto",M45-49,105,Open,Italy,56:31,4:06,5:30:46,6:34,3:40:40,10:18:37
750,2070,"Johnstone, Jarrod",M30-34,125,Open,Australia,1:09:14,5:18,5:09:40,5:49,3:48:44,10:18:45
751,2242,"Cheli, Jocelyn",M25-29,74,Open,United Kingdom,1:07:40,4:10,5:25:42,4:25,3:36:48,10:18:45
752,2401,"Martin, Jeremie",M18-24,24,Open,Canada,57:58,3:14,5:14:00,4:49,3:58:47,10:18:48
753,772,"Stiller, Frank",M55-59,8,Open,Germany,1:03:16,3:26,5:19:14,3:49,3:49:08,10:18:53
754,1477,"Dowthwaite, Samuel",M40-44,135,Open,Australia,1:04:24,3:57,5:10:49,6:00,3:53:45,10:18:55
755,1463,"Dang, Qi",M40-44,136,Open,China,53:36,3:28,5:33:34,7:58,3:40:26,10:19:02
756,1181,"Hagenacker, Michael",M45-49,106,Open,Germany,1:09:59,3:28,5:01:06,3:48,4:00:41,10:19:02
757,1660,"Wyllo, Ferreira",M40-44,137,Open,Brazil,1:15:10,6:20,5:18:17,4:30,3:35:16,10:19:33
758,1351,"Fletcher, Christine",F45-49,6,Female,Canada,1:02:49,3:37,5:28:46,5:43,3:38:43,10:19:38
759,1935,"Wilson, Craig",M35-39,134,Open,Australia,1:10:22,3:36,5:10:21,4:30,3:50:51,10:19:40
760,2039,"Felici, Lorenzo",M30-34,126,Open,Italy,1:05:11,3:55,5:05:37,4:16,4:00:54,10:19:53
761,1587,"Papst, Patrick",M40-44,138,Open,Austria,1:20:06,4:02,5:13:47,5:58,3:36:03,10:19:56
762,1505,"Godoi, Adriano",M40-44,139,Open,Brazil,1:20:41,4:33,5:14:03,5:54,3:35:02,10:20:13
763,1206,"Julier, Mark",M45-49,107,Open,United Kingdom,1:01:48,3:49,5:18:15,5:38,3:50:54,10:20:24
764,1313,"Tutsch, Felix",M45-49,108,Open,Germany,1:11:37,4:16,5:17:15,4:55,3:42:26,10:20:29
765,1252,"Oh, Il Hwan",M45-49,109,Open,Korea,1:10:14,5:45,5:14:08,7:13,3:43:14,10:20:34
766,757,"Piesanen, Tapio",M55-59,9,Open,Finland,1:15:04,3:36,5:09:38,3:46,3:48:46,10:20:50
767,903,"Geissler, Wolfgang",M50-54,41,Open,Germany,1:07:39,3:22,5:25:12,5:14,3:39:27,10:20:54
768,1844,"Leigl, Tony",M35-39,135,Open,United States,1:03:54,4:05,5:13:06,6:40,3:53:09,10:20:54
769,1112,"Blasius, Jochen",M45-49,110,Open,Germany,1:14:34,3:12,5:05:38,3:40,3:53:51,10:20:55
770,2334,"Colville, Katie",F25-29,7,Female,United States,1:03:10,3:24,5:38:00,3:14,3:33:08,10:20:56
771,1196,"Hunt, Andrew",M45-49,111,Open,Australia,1:07:32,3:40,5:16:57,3:19,3:49:35,10:21:03
772,1867,"Mooney, Kyle",M35-39,136,Open,Australia,59:24,3:03,5:20:33,3:52,3:54:11,10:21:03
773,1974,"Lanter, Emily",F35-39,11,Female,United States,1:08:02,4:02,5:23:59,3:42,3:41:22,10:21:07
774,1091,"Abeln, Hendrik",M45-49,112,Open,Germany,1:02:07,3:35,5:12:53,4:52,3:57:41,10:21:08
775,967,"Ollier, Stephane",M50-54,42,Open,France,1:19:59,4:23,5:22:43,8:06,3:26:00,10:21:11
776,1801,"Emilsson, Thomas",M35-39,137,Open,Sweden,57:19,4:52,5:14:07,7:08,3:57:48,10:21:14
777,1323,"Wiehahn, Manfred",M45-49,113,Open,South Africa,1:06:13,6:50,5:23:48,8:08,3:36:17,10:21:16
778,2148,"Sudy, Markus",M30-34,127,Open,Germany,1:08:05,3:09,4:52:32,5:06,4:12:35,10:21:27
779,1885,"Pike, Chris",M35-39,138,Open,United Kingdom,1:05:50,3:20,5:10:43,4:42,3:56:54,10:21:29
780,1611,"Seele, Robert",M40-44,140,Open,Germany,1:04:17,4:32,5:34:03,3:56,3:34:54,10:21:42
781,2408,"Patterson, George",M18-24,25,Open,United Kingdom,1:14:22,3:22,5:22:05,5:48,3:36:10,10:21:47
782,1502,"Gartner, Steffen",M40-44,141,Open,Germany,1:16:57,4:10,5:25:56,4:15,3:30:29,10:21:47
783,2120,"Pozzetta, Lucas",M30-34,128,Open,United States,53:04,3:41,5:02:23,5:50,4:16:52,10:21:50
784,1007,"Takeya, Kenji",M50-54,43,Open,Japan,1:08:59,2:26,5:00:12,5:26,4:04:57,10:22:00
785,1545,"Laguna, Carlos",M40-44,142,Open,Spain,1:03:39,4:16,5:24:45,4:35,3:44:46,10:22:01
786,697,"Ciocia, Massimo",M55-59,10,Open,Italy,57:18,3:22,5:29:25,3:43,3:48:22,10:22:10
787,1215,"Klopsch, Bernd",M45-49,114,Open,Germany,1:06:17,4:04,4:59:58,3:25,4:08:31,10:22:15
788,3034,"Mack, Danielle",FPRO,32,Female,United States,1:08:16,2:25,5:33:15,3:23,3:35:16,10:22:35
789,767,"Smit, Anton",M55-59,11,Open,Netherlands,1:11:17,3:47,5:14:41,4:51,3:48:03,10:22:39
790,1931,"Walker, Shelden",M35-39,139,Open,Australia,1:11:37,6:06,5:10:44,5:37,3:48:36,10:22:40
791,2126,"Rosenzweig, Martin",M30-34,129,Open,Germany,1:05:45,3:39,5:09:37,4:47,3:58:58,10:22:46
792,1589,"Pawlowski, Radek",M40-44,143,Open,Poland,1:00:18,3:02,5:13:54,4:42,4:00:56,10:22:52
793,1158,"Engstrom, Patric",M45-49,115,Open,Sweden,1:18:41,4:14,5:15:46,4:13,3:39:58,10:22:52
794,2349,"Lacroix, Marielle Marilyne",F25-29,8,Female,Belgium,1:00:05,3:51,5:29:15,2:54,3:46:51,10:22:56
795,2383,"Carson, Matthew",M18-24,26,Open,United States,58:17,4:04,5:39:50,8:14,3:32:52,10:23:17
796,1928,"Vitraganov, Viktor",M35-39,140,Open,Russian Federation,1:16:02,3:11,5:40:06,3:08,3:21:09,10:23:36
797,2227,"Wardall, Emma",F30-34,13,Female,United Kingdom,1:06:11,2:52,5:37:39,3:28,3:33:27,10:23:37
798,1100,"Andersson, Tony",M45-49,116,Open,Sweden,57:03,3:39,5:28:05,3:32,3:51:20,10:23:39
799,1634,"Tanguy, Nicolas Jean-Marie",M40-44,144,Open,France,59:02,3:28,5:39:17,4:49,3:37:04,10:23:40
800,2090,"Martin, Francis",M30-34,130,Open,Canada,1:04:52,3:33,4:39:25,3:32,4:32:19,10:23:41
801,1123,"Brutti, Leonardo",M45-49,117,Open,Paraguay,1:00:20,3:25,5:17:42,3:41,3:58:33,10:23:41
802,2068,"Johansen, Martin",M30-34,131,Open,Denmark,1:10:32,3:44,5:26:37,5:48,3:37:08,10:23:49
803,1687,"Gaillard, Nicole",F40-44,2,Female,Switzerland,1:09:09,3:24,5:27:36,2:53,3:40:48,10:23:50
804,1412,"Zschorlich, Beate",F45-49,7,Female,Germany,1:15:21,2:43,5:21:29,3:00,3:41:21,10:23:54
805,1591,"Perreira, Christian",M40-44,145,Open,United States,1:09:03,4:52,5:25:12,5:57,3:39:00,10:24:04
806,1648,"Viklund, Patrik",M40-44,146,Open,Sweden,1:11:30,4:38,5:32:41,5:10,3:30:07,10:24:06
807,426,"Chubukov, Nikita",M25-29,75,Open,Russian Federation,1:10:24,4:12,5:34:12,3:58,3:31:44,10:24:30
808,1457,"Cockman, Buck",M40-44,147,Open,Australia,1:03:11,6:13,5:20:19,5:44,3:49:03,10:24:30
809,1774,"Clam, Simon",M35-39,141,Open,Belgium,1:02:50,3:16,5:11:10,3:16,4:04:03,10:24:35
810,1192,"Hollander, Jason",M45-49,118,Open,United States,1:10:25,5:12,5:24:58,6:28,3:37:38,10:24:41
811,946,"Malleier, Martin",M50-54,44,Open,Austria,1:07:18,3:05,5:15:29,6:11,3:52:39,10:24:42
812,1601,"Rodel, Christian",M40-44,148,Open,Germany,1:07:51,2:42,5:20:14,4:04,3:49:55,10:24:46
813,977,"Potter, John",M50-54,45,Open,United States,58:14,4:23,5:28:55,4:31,3:48:48,10:24:51
814,1547,"Larsson, Benjamin",M40-44,149,Open,Australia,1:04:24,4:44,5:24:26,4:18,3:46:59,10:24:51
815,2045,"Galdeano, Raul",M30-34,132,Open,Spain,1:12:16,4:52,5:07:19,5:13,3:55:13,10:24:53
816,2054,"Grandjean, Lukas",M30-34,133,Open,Germany,1:06:20,4:37,5:43:04,4:38,3:26:19,10:24:58
817,2274,"Krauter, Felix",M25-29,76,Open,Germany,1:16:38,3:08,4:50:05,3:49,4:11:21,10:25:01
818,1136,"Cruz, Carlos",M45-49,119,Open,Portugal,56:53,4:18,5:13:18,7:45,4:02:51,10:25:05
819,1886,"Poehls, Karl",M35-39,142,Open,United States,1:14:12,6:05,5:09:48,6:26,3:48:38,10:25:09
820,1359,"Hill, Victoria",F45-49,8,Female,United Kingdom,1:11:31,4:16,5:31:59,3:28,3:34:00,10:25:14
821,717,"Gro e, Wulff Holm",M55-59,12,Open,Germany,1:14:33,4:08,5:17:35,4:13,3:45:07,10:25:36
822,1325,"Wilson, Craig",M45-49,120,Open,South Africa,55:14,4:18,5:15:33,4:47,4:05:54,10:25:46
823,1149,"Djuric, Bojan",M45-49,121,Open,Serbia,1:03:18,6:36,5:24:20,5:05,3:46:30,10:25:49
824,1883,"Phinney, Michael",M35-39,143,Open,United States,54:52,3:12,4:57:23,3:42,4:27:04,10:26:13
825,1525,"Horiuchi, Makoto",M40-44,150,Open,Japan,1:18:04,4:18,5:27:49,4:18,3:31:51,10:26:20
826,966,"Ogden, Barry",M50-54,46,Open,United States,1:05:11,3:26,5:15:22,6:35,3:55:50,10:26:24
827,1666,"Aly, Sarah",F40-44,3,Female,Sweden,1:15:16,6:20,5:26:43,4:20,3:33:46,10:26:25
828,1447,"Caetano, Raul",M40-44,151,Open,Uruguay,1:03:43,4:46,4:57:59,4:14,4:15:50,10:26:32
829,1783,"Coyle, Kevin",M35-39,144,Open,United States,1:03:03,4:52,5:15:24,6:26,3:56:53,10:26:38
830,1708,"Mochar, Constance",F40-44,4,Female,Austria,1:08:40,3:52,5:32:06,3:04,3:38:58,10:26:40
831,2177,"Dellosa, Ashley",F30-34,14,Female,United States,57:28,3:03,5:30:00,5:13,3:51:12,10:26:56
832,875,"Cerize, Pedro",M50-54,47,Open,Brazil,1:02:54,4:58,5:17:01,3:45,3:58:26,10:27:04
833,1910,"Tanaka, Noriyuki",M35-39,145,Open,Japan,1:02:58,4:42,5:24:02,4:30,3:50:53,10:27:05
834,1119,"Breadsell, Peter",M45-49,122,Open,Australia,1:09:23,5:11,5:08:25,5:51,3:58:37,10:27:27
835,1097,"Amione, Andrse",M45-49,123,Open,Argentinia,1:05:17,3:12,5:37:24,3:59,3:37:40,10:27:32
836,719,"Halkier, Lars",M55-59,13,Open,Denmark,1:15:14,4:40,5:05:53,5:05,3:56:46,10:27:38
837,1921,"Triick, Matt",M35-39,146,Open,United States,1:03:13,3:22,5:07:51,5:40,4:07:32,10:27:38
838,1187,"Hawkins, Todd",M45-49,124,Open,United States,57:05,3:29,5:31:44,6:15,3:49:10,10:27:43
839,1530,"Janah, Yassir",M40-44,152,Open,United States,1:11:41,3:25,5:29:12,4:38,3:38:48,10:27:44
840,1682,"Cser, Beatrix",F40-44,5,Female,Hungary,1:11:16,4:15,5:16:40,4:34,3:51:16,10:28:01
841,879,"Claeson, Torbjorn",M50-54,48,Open,Sweden,1:08:41,4:07,5:08:45,5:55,4:00:33,10:28:01
842,1707,"Miller, Kelly",F40-44,6,Female,Australia,1:09:14,4:04,5:30:16,4:43,3:39:50,10:28:07
843,901,"Garvey, Adrian",M50-54,49,Open,Ireland,1:22:06,4:54,5:15:53,4:56,3:40:24,10:28:13
844,2221,"Schultheiss, Karen",F30-34,15,Female,Switzerland,1:17:27,2:32,5:31:48,2:36,3:33:50,10:28:13
845,2179,"Dezerega, Pierangela",F30-34,16,Female,Chile,1:09:12,3:18,5:29:21,3:02,3:43:27,10:28:20
846,2398,"Li, Songen",M18-24,27,Open,China,1:12:02,3:09,5:16:55,4:39,3:51:59,10:28:44
847,1145,"Descamps, Pascal",M45-49,125,Open,France,1:04:10,4:30,5:22:32,8:55,3:48:39,10:28:46
848,1151,"Dowd, Jp",M45-49,126,Open,United States,1:03:37,3:37,5:11:07,5:13,4:05:18,10:28:52
849,2106,"Neguelouart, Eric",M30-34,134,Open,Mexico,1:03:13,3:41,5:12:51,6:02,4:03:12,10:28:59
850,748,"Mulyukov, Azat",M55-59,14,Open,Russian Federation,1:14:24,4:45,5:19:22,6:11,3:44:18,10:29:00
851,2097,"Mellgren, Oskar",M30-34,135,Open,Sweden,1:12:44,4:05,5:22:33,4:43,3:44:56,10:29:01
852,1649,"Wachtendonk, Michael",M40-44,153,Open,Germany,1:01:35,3:25,5:02:14,4:44,4:17:05,10:29:03
853,1911,"Tatum, Matthew",M35-39,147,Open,United States,1:03:05,3:34,5:22:36,3:26,3:56:22,10:29:03
854,2277,"Laser, Tom",M25-29,77,Open,United States,1:06:52,3:55,5:14:11,4:42,3:59:35,10:29:15
855,1787,"Dawson, Trent",M35-39,148,Open,Australia,59:18,4:06,5:39:26,7:03,3:39:27,10:29:20
856,910,"Guerra, Silvio",M50-54,50,Open,Ecuador,1:17:40,4:31,5:37:54,8:07,3:21:15,10:29:27
857,898,"Fiorentino, Riccardo",M50-54,51,Open,United States,1:03:59,3:42,5:25:16,4:38,3:51:53,10:29:28
858,881,"Covington, Doug",M50-54,52,Open,United States,1:22:53,4:22,5:28:23,7:08,3:26:48,10:29:34
859,2108,"Neukamp, Christoph",M30-34,136,Open,Austria,1:16:24,4:00,5:23:14,3:19,3:42:42,10:29:39
860,1526,"Hoyt, Jamie",M40-44,154,Open,United States,1:12:23,6:20,5:11:08,6:56,3:52:53,10:29:40
861,1767,"Buckingham, Ralph",M35-39,149,Open,United States,1:16:19,3:15,5:28:11,3:44,3:38:14,10:29:43
862,1286,"Saunders, Benjamin",M45-49,127,Open,United States,1:00:35,4:06,5:40:49,7:33,3:36:50,10:29:53
863,1204,"Jonsson, Peter",M45-49,128,Open,Sweden,1:07:46,4:37,5:03:44,5:29,4:08:33,10:30:09
864,2358,"Mikelle coelho lima, Thais",F25-29,9,Female,Brazil,1:05:05,4:16,5:37:09,3:20,3:40:20,10:30:10
865,891,"Durante, Pablo Alejandro",M50-54,53,Open,Argentinia,1:06:33,3:30,5:37:27,5:37,3:37:20,10:30:27
866,1610,"Sclosa, Matteo",M40-44,155,Open,Italy,1:08:06,3:59,5:30:27,6:17,3:41:39,10:30:28
867,1523,"Honicker, Michael",M40-44,156,Open,United States,1:13:42,2:34,5:40:13,4:42,3:29:22,10:30:33
868,1512,"Guy, Steve",M40-44,157,Open,Australia,1:05:21,5:41,5:25:42,6:56,3:46:54,10:30:34
869,1740,"Yost, Laura",F40-44,7,Female,United States,1:15:22,2:48,5:31:18,3:08,3:38:00,10:30:36
870,1833,"Keranen, Ville",M35-39,150,Open,Finland,1:19:08,4:46,5:08:56,5:08,3:52:49,10:30:47
871,2258,"Haeggstrom, Andreas",M25-29,78,Open,Sweden,1:12:28,3:40,5:28:41,3:49,3:42:10,10:30:48
872,1960,"Foley, Stella",F35-39,12,Female,Australia,1:09:09,3:51,5:31:27,3:17,3:43:12,10:30:56
873,1753,"Auverdin, Nicolas",M35-39,151,Open,Belgium,1:02:41,3:27,4:59:34,3:25,4:21:58,10:31:05
874,1322,"Whittlestone, Scott",M45-49,129,Open,United Kingdom,1:10:07,4:45,5:14:03,5:12,3:57:29,10:31:36
875,1020,"Varga, Zoltan",M50-54,54,Open,Hungary,1:02:03,4:06,5:14:35,4:30,4:06:28,10:31:42
876,1047,"Enslin, Michelle",F50-54,2,Female,South Africa,1:10:00,3:53,5:33:50,3:17,3:40:51,10:31:51
877,1846,"Lemaitre, Thomas",M35-39,152,Open,France,1:03:11,2:50,4:46:43,3:09,4:36:01,10:31:54
878,1771,"Carman, Matt",M35-39,153,Open,Australia,1:09:13,2:28,5:17:37,4:12,3:58:29,10:31:59
879,2180,"Duncombe, Elizabeth",F30-34,17,Female,United Kingdom,1:20:40,6:00,5:16:37,4:41,3:44:03,10:32:01
880,1566,"Martins, Denis",M40-44,158,Open,Brazil,1:04:45,5:38,5:41:04,8:05,3:32:42,10:32:14
881,1709,"Morales, Florencia",F40-44,8,Female,Argentinia,1:09:48,3:33,5:54:20,2:53,3:21:42,10:32:16
882,1452,"Chapochnikoff, Martin",M40-44,159,Open,Argentinia,59:26,2:44,5:01:50,3:14,4:25:04,10:32:18
883,1143,"De rijck, Ringo",M45-49,130,Open,Belgium,1:21:01,5:25,5:14:41,5:30,3:45:42,10:32:19
884,1861,"Mccarthy, Brendan",M35-39,154,Open,United States,1:16:22,5:43,5:34:49,7:29,3:28:10,10:32:33
885,2332,"Chernenko, Anastasiia",F25-29,10,Female,Ukraine,56:12,2:46,5:45:53,3:39,3:44:18,10:32:48
886,1182,"Halvorsen, Kim Orb k",M45-49,131,Open,Denmark,1:13:57,3:51,5:08:33,4:23,4:02:12,10:32:56
887,1637,"Thomas, Nathaniel",M40-44,160,Open,United States,1:12:50,5:36,5:05:13,5:29,4:03:49,10:32:57
888,1424,"Barr, Dave",M40-44,161,Open,Australia,1:02:39,4:11,5:07:37,5:47,4:12:45,10:32:59
889,725,"Hill, Rob",M55-59,15,Open,Australia,1:13:34,3:25,5:36:02,3:57,3:36:16,10:33:14
890,1939,"Zarlengo, Nathan",M35-39,155,Open,United States,1:14:05,6:11,5:17:25,6:08,3:49:27,10:33:16
891,1230,"Lower, Dirk",M45-49,132,Open,Germany,1:09:14,3:18,5:27:04,5:29,3:48:17,10:33:22
892,1495,"Fuentes, Fernando",M40-44,162,Open,Spain,1:01:42,3:24,5:30:09,6:48,3:51:20,10:33:23
893,1949,"Cameto, Sarah",F35-39,13,Female,United States,56:21,3:55,5:41:31,6:21,3:45:19,10:33:27
894,1399,"Strehl, Bettina",F45-49,9,Female,Germany,1:10:47,2:48,5:18:41,2:59,3:58:16,10:33:31
895,1900,"Sidorenko, Alex",M35-39,156,Open,Kazakhstan,1:18:42,4:03,5:24:28,3:54,3:42:26,10:33:33
896,1329,"Yost, Gentry",M45-49,133,Open,United States,1:11:09,2:47,5:05:10,5:20,4:09:12,10:33:38
897,2337,"Eggler, Livia",F25-29,11,Female,Switzerland,1:18:02,3:01,5:48:20,3:24,3:21:00,10:33:47
898,993,"Scherer, Peter",M50-54,55,Open,Australia,1:14:10,6:38,5:30:58,6:23,3:35:43,10:33:52
899,1172,"Goodyear, Tony",M45-49,134,Open,United Kingdom,1:17:18,4:21,5:25:53,5:38,3:40:42,10:33:52
900,2162,"Waters, Beau",M30-34,137,Open,Australia,1:18:27,3:46,4:55:32,6:40,4:09:43,10:34:08
901,1968,"Hermansson, Lisa",F35-39,14,Female,Sweden,1:06:14,3:11,5:39:08,2:35,3:43:03,10:34:11
902,865,"Burford, Gregory",M50-54,56,Open,Australia,1:12:29,3:50,5:37:35,4:13,3:36:24,10:34:31
903,886,"Dean, Steve",M50-54,57,Open,New Zealand,1:04:57,3:19,5:10:57,4:34,4:10:49,10:34:36
904,758,"Purtell, Michael",M55-59,16,Open,United States,1:01:38,6:25,5:32:46,4:41,3:49:07,10:34:37
905,1327,"Wilson, Luke",M45-49,135,Open,United States,1:04:47,4:00,5:22:11,6:29,3:57:26,10:34:53
906,970,"Papanikolaou, Konstantinos",M50-54,58,Open,Greece,1:13:01,3:11,5:24:24,6:01,3:48:22,10:34:59
907,1150,"Doucette, Fred",M45-49,136,Open,United States,1:13:01,5:56,5:21:58,6:39,3:47:28,10:35:02
908,2202,"Maher, Alison",F30-34,18,Female,Australia,1:04:40,3:34,5:27:13,2:49,3:56:50,10:35:06
909,1672,"Browning, Jodie",F40-44,9,Female,Australia,1:03:30,3:56,5:30:37,3:36,3:53:34,10:35:13
910,1535,"Kacena, Vojtech",M40-44,163,Open,Czech Republic,1:16:31,4:10,5:35:01,3:39,3:36:00,10:35:21
911,1732,"Suess, Manuela",F40-44,10,Female,Germany,1:09:30,3:08,5:31:29,4:17,3:46:58,10:35:22
912,1316,"Vanderbeke, Koen",M45-49,137,Open,Belgium,1:00:30,2:29,5:27:49,3:23,4:01:12,10:35:23
913,900,"Freiland, Dirk",M50-54,59,Open,Germany,1:13:33,3:46,5:26:23,3:43,3:47:59,10:35:24
914,1701,"King, Camille",F40-44,11,Female,United Kingdom,1:17:52,2:22,5:38:24,3:01,3:33:51,10:35:30
915,863,"Brocks, Steffen",M50-54,60,Open,United States,1:03:41,4:51,5:26:56,4:24,3:55:45,10:35:37
916,2206,"Miller, Kimberly",F30-34,19,Female,Germany,1:09:11,4:28,5:17:17,2:46,4:01:56,10:35:38
917,2345,"Johansson, Moya",F25-29,12,Female,Australia,1:01:38,3:08,5:49:36,2:38,3:38:42,10:35:42
918,1288,"Schleidt, Mikael",M45-49,138,Open,Denmark,1:22:33,4:22,5:15:23,5:58,3:47:26,10:35:42
919,687,"Bareuther, Frank",M55-59,17,Open,Germany,1:11:29,4:45,5:25:10,5:02,3:49:19,10:35:45
920,1548,"Le duvehat, Alexandre",M40-44,164,Open,France,1:03:32,3:54,5:33:07,3:49,3:51:27,10:35:49
921,283,"Lehmann, Walter",M45-49,139,Open,Switzerland,1:15:58,4:49,5:16:57,4:01,3:54:04,10:35:49
922,1596,"Radevic, Mario",M40-44,165,Open,Germany,1:07:43,2:56,5:22:24,4:12,3:58:37,10:35:52
923,2317,"Tobin, Jake",M25-29,79,Open,Australia,1:08:28,5:40,5:51:02,3:54,3:26:56,10:36:00
924,1126,"Caiuby, Ricardo",M45-49,140,Open,Brazil,1:06:23,3:46,5:49:24,4:45,3:31:43,10:36:01
925,852,"Arai, Shinichiro",M50-54,61,Open,Japan,1:03:32,5:19,5:27:10,5:23,3:54:38,10:36:02
926,2161,"Wallace, Matthew",M30-34,138,Open,Australia,1:05:15,5:21,5:31:51,5:01,3:48:48,10:36:16
927,1905,"Suominen, Teemu",M35-39,157,Open,Finland,1:12:19,2:49,5:31:34,4:23,3:45:22,10:36:27
928,940,"Lensdorf, Lars",M50-54,62,Open,Germany,1:07:48,5:12,5:29:29,6:05,3:47:59,10:36:33
929,945,"Lynch, Stephen",M50-54,63,Open,United States,1:15:03,3:58,5:20:34,5:37,3:51:25,10:36:37
930,2252,"Farina, Paulo",M25-29,80,Open,Brazil,1:02:17,5:12,5:28:59,5:55,3:54:15,10:36:38
931,1583,"Outmanns, Martin",M40-44,166,Open,Belgium,1:12:22,3:31,5:11:46,7:22,4:01:50,10:36:51
932,1321,"West, Mitch",M45-49,141,Open,United States,1:05:28,4:27,5:29:39,5:50,3:51:28,10:36:52
933,1095,"Allain, Jerome",M45-49,142,Open,France,1:01:30,3:34,5:14:23,4:59,4:12:35,10:37:01
934,2197,"Legaria menendez, Ursula",F30-34,20,Female,Mexico,1:09:11,4:26,5:52:25,3:04,3:27:56,10:37:02
935,1845,"Leinoff, Carl-Johan",M35-39,158,Open,Sweden,1:07:04,4:22,5:18:12,4:27,4:03:00,10:37:05
936,963,"Mullaney, David",M50-54,64,Open,United States,1:13:26,5:55,5:27:42,7:37,3:42:33,10:37:13
937,1010,"Tennant, Aubone",M50-54,65,Open,United Kingdom,1:11:00,4:54,5:26:34,4:21,3:50:26,10:37:15
938,1679,"Close, Jenny",F40-44,12,Female,United Kingdom,1:16:20,4:16,5:36:28,4:01,3:36:11,10:37:16
939,890,"Dupont, Wes",M50-54,66,Open,United States,1:01:47,3:59,5:25:49,7:09,3:58:52,10:37:36
940,985,"Roberto, Tedde",M50-54,67,Open,Italy,1:08:35,2:31,5:16:23,4:35,4:05:42,10:37:46
941,1737,"Weishaeupl, Silvia",F40-44,13,Female,Germany,1:09:19,4:00,5:42:37,4:26,3:37:26,10:37:48
942,2378,"Aoki, Koji",M18-24,28,Open,United States,53:03,3:35,5:33:59,5:18,4:01:56,10:37:51
943,1132,"Cooper, Graham",M45-49,143,Open,United States,1:02:53,5:31,5:38:13,6:51,3:44:31,10:37:59
944,1922,"Turnbull, Robert",M35-39,159,Open,Hong Kong,1:16:32,4:33,5:15:53,3:41,3:57:26,10:38:05
945,1214,"Kleinjan, Martin",M45-49,144,Open,Netherlands,1:20:23,4:58,5:25:02,4:21,3:43:55,10:38:39
946,1522,"Hoffmann, Lukas",M40-44,167,Open,Germany,1:04:49,4:38,5:36:38,5:18,3:47:17,10:38:40
947,1653,"Webb, Mark",M40-44,168,Open,United States,1:15:24,4:48,5:31:23,3:54,3:43:13,10:38:42
948,1250,"Nel, Peter",M45-49,145,Open,Australia,1:04:05,4:48,5:28:05,4:35,3:57:09,10:38:42
949,595,"Gannon, Martin",M60-64,4,Open,United Kingdom,1:14:54,4:39,5:19:35,7:37,3:52:05,10:38:50
950,2010,"Weber, Simone",F35-39,15,Female,Switzerland,1:05:19,3:11,5:25:29,4:07,4:00:50,10:38:56
951,2326,"Burge, Tani",F25-29,13,Female,Australia,1:08:56,2:52,5:41:34,3:02,3:42:40,10:39:04
952,1191,"Henry, Yannick",M45-49,146,Open,France,1:06:07,4:20,5:12:48,5:54,4:09:58,10:39:07
953,2314,"Strandmark, Bo",M25-29,81,Open,Denmark,1:05:51,3:46,5:14:34,4:21,4:10:36,10:39:08
954,1858,"Marshman, Bryan",M35-39,160,Open,Australia,1:01:41,4:43,5:18:47,4:09,4:09:58,10:39:18
955,1923,"Vakhmin, Stepan",M35-39,161,Open,Russian Federation,52:55,2:12,5:03:13,4:28,4:36:35,10:39:23
956,2307,"Serreyn, Kyle",M25-29,82,Open,United States,58:48,2:20,5:54:40,2:14,3:41:27,10:39:29
957,1122,"Brostella, Daniel",M45-49,147,Open,Panama,1:11:33,3:32,5:24:46,4:32,3:55:18,10:39:41
958,632,"Vergara, Juan",M60-64,5,Open,Brazil,1:14:30,3:14,5:30:26,3:11,3:48:20,10:39:41
959,1108,"Bauer, Stefan",M45-49,148,Open,Germany,1:18:36,5:20,5:20:27,7:57,3:47:29,10:39:49
960,953,"Mckellar, Stephen",M50-54,68,Open,Australia,1:09:16,4:43,5:38:26,3:31,3:43:54,10:39:50
961,1141,"De araujo paes, Fabiano",M45-49,149,Open,Brazil,1:09:30,5:49,5:38:09,5:11,3:41:26,10:40:05
962,1130,"Cole, Darren",M45-49,150,Open,Canada,57:04,4:50,5:27:51,4:59,4:05:23,10:40:07
963,1967,"Heidrich, Cat",F35-39,16,Female,United States,1:07:25,4:21,5:53:33,4:42,3:30:11,10:40:12
964,1561,"Macchi, Luca",M40-44,169,Open,Italy,1:07:55,4:30,5:08:35,10:00,4:09:21,10:40:21
965,1454,"Choi, Hoon",M40-44,170,Open,Korea,1:09:26,3:43,5:27:05,7:09,3:53:09,10:40:32
966,2175,"Choo, Ling Er",F30-34,21,Female,Singapore,1:10:24,3:09,5:34:06,4:25,3:48:29,10:40:33
967,1280,"Rohde, Mark",M45-49,151,Open,Australia,1:17:15,5:28,5:16:54,4:46,3:56:12,10:40:35
968,1306,"Suraev, Vadim",M45-49,152,Open,Canada,1:03:16,3:53,4:55:41,5:07,4:32:42,10:40:39
969,1082,"Timewell, Yvonne",F50-54,3,Female,Canada,1:09:03,4:05,5:34:40,4:19,3:48:38,10:40:45
970,1372,"Mckee, Rebecca",F45-49,10,Female,United States,1:15:44,3:42,5:27:39,3:49,3:49:59,10:40:53
971,960,"Mochida, Masashi",M50-54,69,Open,Japan,1:20:00,5:26,5:38:22,4:40,3:32:25,10:40:53
972,2309,"Simon, Hermann",M25-29,83,Open,France,1:07:33,3:07,4:57:27,4:22,4:28:26,10:40:55
973,765,"Seeberg, Tommy",M55-59,18,Open,Denmark,1:09:36,3:51,5:21:15,4:10,4:02:15,10:41:07
974,705,"Dooley, Mark",M55-59,19,Open,United States,1:05:28,4:37,5:37:21,6:50,3:47:07,10:41:23
975,2399,"Lippert, Justin",M18-24,29,Open,United States,59:19,2:10,5:03:39,3:06,4:33:18,10:41:32
976,1193,"Hollemans, Bart",M45-49,153,Open,Netherlands,1:10:47,4:21,5:06:18,4:22,4:15:57,10:41:45
977,916,"Heinonen, Esa",M50-54,70,Open,Finland,1:02:31,5:09,5:22:27,5:53,4:05:47,10:41:47
978,2351,"Lieberman, Elizabeth",F25-29,14,Female,United States,1:01:55,4:27,5:45:56,5:28,3:44:04,10:41:50
979,1996,"Stormo, Trude",F35-39,17,Female,Norway,1:12:06,3:46,5:40:48,4:00,3:41:11,10:41:51
980,1693,"Haile, Cortney",F40-44,14,Female,United States,1:06:46,3:23,5:54:43,2:58,3:34:04,10:41:54
981,1117,"Botten, Kjell Richard",M45-49,154,Open,Norway,1:03:01,3:31,5:15:36,5:47,4:14:01,10:41:56
982,709,"F altemani, Amilcar",M55-59,20,Open,Brazil,1:09:52,4:12,5:23:31,3:14,4:01:10,10:41:59
983,1299,"Simkins, Russell",M45-49,155,Open,United States,1:35:47,7:23,5:33:37,5:46,3:19:33,10:42:06
984,1328,"Woods, John",M45-49,156,Open,Ireland,1:02:51,4:30,5:42:43,5:25,3:46:48,10:42:17
985,1534,"Johnsson, Dan",M40-44,171,Open,Sweden,1:11:31,4:02,5:18:46,4:19,4:03:49,10:42:27
986,2319,"Umeda, Kohei",M25-29,84,Open,Japan,1:10:11,6:33,6:09:21,7:33,3:09:12,10:42:50
987,1079,"Smith, Karen",F50-54,4,Female,Bermuda,1:06:48,4:26,5:37:19,6:54,3:47:27,10:42:54
988,320,"Ballerini, Angela",F45-49,11,Female,Australia,1:06:37,4:11,5:34:15,3:36,3:54:20,10:42:59
989,1546,"Lange, Olivier",M40-44,172,Open,Belgium,1:09:15,2:37,5:49:46,6:20,3:35:07,10:43:05
990,1248,"Myers, James",M45-49,157,Open,United States,1:19:17,5:00,5:28:13,5:51,3:45:02,10:43:23
991,1416,"Anttonen, Brian",M40-44,173,Open,United States,1:10:20,4:35,5:37:01,3:47,3:47:43,10:43:26
992,1144,"Deery, Hamish",M45-49,158,Open,Australia,1:14:41,4:20,5:36:53,4:12,3:43:27,10:43:33
993,777,"Traub, Winfried",M55-59,21,Open,Germany,57:34,4:33,5:15:35,4:12,4:21:42,10:43:36
994,1267,"Philippe, Jerome",M45-49,159,Open,Belgium,1:07:55,4:09,5:13:23,6:13,4:11:57,10:43:37
995,1985,"Padlewska, Anna",F35-39,18,Female,Poland,1:04:01,4:47,5:38:26,3:15,3:53:12,10:43:41
996,1866,"Miyamura, Kazuhiro",M35-39,162,Open,Japan,1:07:27,3:54,5:39:24,3:36,3:49:37,10:43:58
997,1889,"Reding, Francois",M35-39,163,Open,Belgium,1:04:36,4:10,5:19:57,10:18,4:04:57,10:43:58
998,2157,"Vargo, Steven",M30-34,139,Open,United States,1:09:49,4:47,5:43:03,6:20,3:40:07,10:44:06
999,1000,"Sivertson, Rick",M50-54,71,Open,United States,57:37,4:57,5:33:00,4:53,4:03:40,10:44:07
1000,1455,"Church, Aaron",M40-44,174,Open,United States,1:10:48,4:23,5:41:42,6:27,3:40:48,10:44:08
1001,741,"Matthys, Marc",M55-59,22,Open,Belgium,1:08:33,6:00,5:24:37,4:36,4:00:24,10:44:10
1002,2194,"Labalec, Anais",F30-34,22,Female,France,1:02:39,3:10,5:39:54,3:15,3:55:26,10:44:24
1003,1282,"Romanato, Philip",M45-49,160,Open,France,1:06:17,3:05,5:29:02,5:16,4:00:45,10:44:25
1004,1626,"Stevenson, Andrew",M40-44,175,Open,China,59:00,3:58,5:17:00,6:05,4:18:24,10:44:27
1005,1008,"Tallo, David",M50-54,72,Open,Canada,1:07:12,3:13,5:15:16,4:43,4:14:10,10:44:34
1006,2418,"Addie, Laura",F18-24,1,Female,United Kingdom,1:04:45,2:58,5:33:33,3:18,4:00:15,10:44:49
1007,877,"Chardin, Thierry",M50-54,73,Open,France,1:27:32,3:31,5:34:40,5:25,3:33:42,10:44:50
1008,1218,"Kuhn, Fabrice",M45-49,161,Open,France,1:08:35,3:05,5:28:13,5:52,3:59:06,10:44:51
1009,1470,"Devita, Gerardo",M40-44,176,Open,Argentinia,1:10:52,4:31,5:17:20,6:09,4:06:00,10:44:52
1010,2400,"Maas, Benjamin",M18-24,30,Open,United States,1:08:27,4:23,5:56:24,5:56,3:29:47,10:44:57
1011,864,"Bund, Andreas",M50-54,74,Open,Germany,1:19:47,4:08,5:37:16,4:12,3:39:37,10:45:00
1012,1537,"Kalnins, Dzintars",M40-44,177,Open,Latvia,1:15:44,5:24,5:14:44,6:24,4:02:44,10:45:00
1013,925,"Hutinet, Olivier",M50-54,75,Open,France,1:09:15,5:02,5:31:57,7:48,3:51:03,10:45:05
1014,1962,"Fuhrmann, Amy",F35-39,19,Female,United States,58:18,4:08,5:47:59,4:16,3:50:24,10:45:05
1015,806,"Fullen, Gillian",F55-59,1,Female,United Kingdom,1:15:40,3:30,5:41:40,3:51,3:40:30,10:45:11
1016,905,"Gill, Darren",M50-54,76,Open,United States,1:03:38,3:28,5:05:02,5:34,4:27:32,10:45:14
1017,2316,"Tlaija de souza, Tales",M25-29,85,Open,Brazil,1:05:27,3:24,4:52:09,2:49,4:41:27,10:45:16
1018,1810,"Galbier, Tales",M35-39,164,Open,Brazil,1:11:17,3:19,5:10:20,3:49,4:16:32,10:45:17
1019,1289,"Schleis, Andrew",M45-49,162,Open,United States,56:35,3:36,5:41:16,4:54,3:59:09,10:45:30
1020,257,"Bostrom, Ben",M45-49,163,Open,United States,1:18:08,4:07,5:06:34,6:34,4:10:18,10:45:41
1021,1414,"Absous, Olivier",M40-44,178,Open,France,59:00,4:06,5:35:32,6:39,4:00:25,10:45:42
1022,1348,"Edelmann, Friederike",F45-49,12,Female,Germany,1:05:16,3:35,5:51:38,2:40,3:42:37,10:45:46
1023,1593,"Powell, Andrew",M40-44,179,Open,Canada,1:04:18,3:04,5:27:30,8:51,4:02:07,10:45:50
1024,878,"Paron franceschini, Christian",M50-54,77,Open,France,1:06:29,5:28,5:24:42,6:55,4:02:30,10:46:04
1025,1691,"Grossrieder, Monique",F40-44,15,Female,Switzerland,1:11:39,3:46,5:44:35,4:02,3:42:20,10:46:22
1026,1169,"Giles, Andy",M45-49,164,Open,United Kingdom,1:11:18,3:13,5:25:57,5:16,4:00:52,10:46:36
1027,2218,"Rec, Natalie",F30-34,23,Female,Sweden,1:03:47,2:37,5:36:58,4:22,3:58:54,10:46:38
1028,2343,"Inaba, Akiko",F25-29,15,Female,Japan,58:45,3:21,5:43:40,3:48,3:57:14,10:46:48
1029,2004,"Uji, Kimiko",F35-39,20,Female,Japan,1:05:26,3:41,5:57:35,4:05,3:36:09,10:46:56
1030,786,"Van laar, Henk",M55-59,23,Open,Netherlands,1:12:01,4:09,5:20:06,5:35,4:05:06,10:46:57
1031,744,"Meurer, Jurgen",M55-59,24,Open,Germany,1:08:26,3:21,5:18:31,3:54,4:12:52,10:47:04
1032,1849,"Luca, Daledo",M35-39,165,Open,Italy,1:08:29,3:41,5:21:08,3:28,4:10:32,10:47:18
1033,1988,"Piri, Silke",F35-39,21,Female,Germany,1:21:42,3:24,5:50:18,4:00,3:27:55,10:47:19
1034,1309,"Tetley, Stephen",M45-49,165,Open,Australia,1:06:14,4:20,5:20:42,6:12,4:09:53,10:47:21
1035,1197,"Im brahm, Carsten",M45-49,166,Open,Germany,1:01:34,5:46,5:42:31,9:36,3:47:58,10:47:25
1036,1228,"Lin, Chin Tsai",M45-49,167,Open,Taiwan,1:11:03,4:06,5:32:09,6:06,3:54:04,10:47:28
1037,935,"Kruger, Olaf",M50-54,78,Open,Germany,1:09:16,2:55,5:31:47,4:38,3:58:53,10:47:29
1038,1864,"Meier, Alexander",M35-39,166,Open,Switzerland,1:05:42,3:57,5:26:43,5:19,4:05:50,10:47:31
1039,340,"Florian, Sergio",M40-44,180,Open,Argentinia,1:04:02,3:40,5:30:18,8:55,4:00:37,10:47:32
1040,1423,"Barker, Sean",M40-44,181,Open,Australia,1:09:18,5:20,5:37:32,4:10,3:51:21,10:47:41
1041,1246,"Miller, Geoffrey",M45-49,168,Open,Australia,1:08:11,5:34,5:34:58,6:47,3:52:20,10:47:50
1042,1506,"Gosselin, Jf",M40-44,182,Open,Canada,1:15:06,4:44,5:35:10,6:12,3:46:45,10:47:57
1043,414,"Dostal, Tomas",M30-34,140,Open,Czech Republic,1:13:26,4:52,5:43:25,5:26,3:40:50,10:47:59
1044,1997,"Sumbal, Marni",F35-39,22,Female,United States,59:36,4:12,5:27:49,3:47,4:12:38,10:48:02
1045,1262,"Pavlik, Josef",M45-49,169,Open,Czech Republic,1:15:22,5:44,5:44:22,4:56,3:37:40,10:48:04
1046,1493,"Freitas, Felipe",M40-44,183,Open,Brazil,1:04:06,5:21,5:46:59,8:01,3:43:47,10:48:14
1047,887,"Doi, Keish",M50-54,79,Open,United States,1:10:56,2:40,5:21:30,3:06,4:10:06,10:48:18
1048,692,"Buchanan, Trevor",M55-59,25,Open,Australia,1:16:07,4:51,5:28:12,4:37,3:54:32,10:48:19
1049,2226,"Vocke, Brittany",F30-34,24,Female,United States,56:20,3:48,6:00:31,3:27,3:44:16,10:48:22
1050,1224,"Leherisse, Laurent",M45-49,170,Open,France,1:13:32,5:02,5:25:45,5:22,3:58:44,10:48:25
1051,708,"Englert, Christoph",M55-59,26,Open,Germany,1:06:13,5:00,5:23:24,5:05,4:08:50,10:48:32
1052,943,"Loveridge, Robert",M50-54,80,Open,New Zealand,1:09:59,4:05,5:34:48,4:55,3:54:51,10:48:38
1053,1650,"Wakayama, Genjiro",M40-44,184,Open,Japan,59:05,4:32,5:48:50,3:57,3:52:17,10:48:41
1054,1726,"Sheehan, Kirsty",F40-44,16,Female,Australia,1:02:42,3:27,5:55:13,3:25,3:44:09,10:48:56
1055,1374,"Messinger-walek, Margit",F45-49,13,Female,Austria,1:21:15,3:20,5:33:27,5:18,3:45:39,10:48:59
1056,1209,"Kelly, Matt Joel",M45-49,171,Open,Australia,1:03:27,4:33,5:44:22,6:31,3:50:06,10:48:59
1057,1153,"Dwyer, Patrick",M45-49,172,Open,United States,1:07:45,4:22,5:43:14,4:58,3:48:41,10:49:00
1058,913,"Hagenow, Eric",M50-54,81,Open,Germany,59:41,3:12,5:17:17,4:03,4:24:58,10:49:11
1059,2363,"Parmentelat, Alizee",F25-29,16,Female,France,59:54,3:54,5:47:06,6:36,3:51:46,10:49:16
1060,1244,"Mihata, Kean",M45-49,173,Open,United States,1:19:45,3:13,5:43:38,3:40,3:39:00,10:49:16
1061,332,"Clifton, Troy",M40-44,185,Open,United States,1:05:08,5:15,5:28:04,6:29,4:04:29,10:49:25
1062,792,"Wilmsmann, Holger",M55-59,27,Open,Germany,1:22:32,3:29,5:31:29,4:09,3:47:48,10:49:27
1063,2002,"Tschudi, Monika",F35-39,23,Female,Switzerland,1:20:47,4:58,5:40:33,5:48,3:37:29,10:49:35
1064,1277,"Rocha, Flavio",M45-49,174,Open,Brazil,1:07:15,4:15,5:30:42,5:58,4:01:31,10:49:41
1065,1301,"Smith, Dwayne",M45-49,175,Open,United States,1:10:10,5:00,5:51:29,6:36,3:36:28,10:49:43
1066,1001,"Smith, Daryl",M50-54,82,Open,United States,1:06:25,4:33,5:43:11,4:52,3:50:49,10:49:50
1067,1015,"Tzschentke, Thomas",M50-54,83,Open,Germany,1:21:15,6:06,5:30:35,6:55,3:45:07,10:49:58
1068,1828,"Jeong, Wonseok",M35-39,167,Open,Korea,1:09:44,3:52,5:26:33,4:55,4:05:09,10:50:13
1069,2212,"Olsen, Carolyn",F30-34,25,Female,United States,1:11:04,3:30,5:37:30,2:50,3:55:22,10:50:16
1070,1483,"Fennessy, Kevin",M40-44,186,Open,Ireland,1:19:33,4:46,5:20:06,6:40,3:59:13,10:50:18
1071,1156,"Elskamp, Gregor",M45-49,176,Open,Germany,55:40,4:43,5:34:03,5:48,4:10:05,10:50:19
1072,1508,"Gravina, Dana",M40-44,187,Open,United States,1:03:58,5:59,5:36:43,7:32,3:56:10,10:50:22
1073,1121,"Briquez, Stephane",M45-49,177,Open,France,1:10:02,3:34,5:29:04,6:27,4:01:31,10:50:38
1074,1675,"Cavallasca, Elena",F40-44,17,Female,Switzerland,1:12:21,4:10,5:38:03,4:40,3:51:28,10:50:42
1075,1994,"Stewart, Jennifer",F35-39,24,Female,United Kingdom,1:00:04,3:40,5:44:18,5:06,3:57:39,10:50:47
1076,1973,"Killam, Carly",F35-39,25,Female,United States,1:04:19,3:20,5:38:13,4:45,4:00:14,10:50:51
1077,747,"Mueller, Gerhard",M55-59,28,Open,Austria,1:24:08,3:55,5:24:33,5:43,3:52:42,10:51:01
1078,1115,"Bolling, Stefan",M45-49,178,Open,Sweden,1:02:50,4:00,5:40:58,5:01,3:58:14,10:51:03
1079,1056,"Hebding, Marion",F50-54,5,Female,Germany,1:12:32,3:56,5:32:54,3:56,3:57:45,10:51:03
1080,957,"Michel, Oliver",M50-54,84,Open,Germany,1:18:04,4:16,5:49:23,4:12,3:35:19,10:51:14
1081,1719,"Rameder, Karin",F40-44,18,Female,Austria,1:15:21,3:50,5:39:35,5:25,3:47:12,10:51:23
1082,1800,"Ellow, Anders",M35-39,168,Open,Sweden,1:07:55,4:37,5:29:57,8:35,4:00:23,10:51:27
1083,2380,"Artmayr, Mathias",M18-24,31,Open,Austria,1:02:39,2:43,5:07:36,4:02,4:34:35,10:51:35
1084,791,"Weinmann, Udo",M55-59,29,Open,Germany,59:38,3:01,5:24:59,5:13,4:18:55,10:51:46
1085,1039,"Bellinga, Rahel",F50-54,6,Female,Netherlands,1:06:48,4:31,5:23:56,6:49,4:09:42,10:51:46
1086,902,"Garvey, Jeffrey",M50-54,85,Open,United States,1:08:21,3:08,5:35:13,5:21,3:59:46,10:51:49
1087,2356,"Mercer, Amanda",F25-29,17,Female,United States,1:09:02,3:40,5:47:17,3:28,3:48:35,10:52:02
1088,924,"Hundertmarck, Kai Thorsten",M50-54,86,Open,Germany,1:14:30,4:03,5:14:43,8:41,4:10:18,10:52:15
1089,613,"Morret, Michel",M60-64,6,Open,France,1:10:31,4:29,5:43:04,5:06,3:49:07,10:52:17
1090,1099,"Andersson, Magnus",M45-49,179,Open,Sweden,1:09:58,3:46,5:27:10,6:05,4:05:23,10:52:22
1091,760,"Ross, Doug",M55-59,30,Open,United States,1:09:13,4:25,5:41:35,3:40,3:53:34,10:52:27
1092,1270,"Praun, Artur",M45-49,180,Open,Estonia,1:09:53,6:17,5:46:21,7:39,3:42:26,10:52:36
1093,1955,"Demille, Mele",F35-39,26,Female,United States,1:08:07,3:20,5:58:13,3:19,3:39:38,10:52:37
1094,885,"De vries, Herbert Michael",M50-54,87,Open,Germany,1:14:27,5:42,5:37:38,6:23,3:48:27,10:52:37
1095,1599,"Raunholt, Soren",M40-44,188,Open,Denmark,1:25:32,4:51,5:34:32,5:00,3:42:47,10:52:42
1096,1417,"Arbenz, Casey",M40-44,189,Open,United States,1:09:46,4:30,5:26:19,6:23,4:05:47,10:52:45
1097,1275,"Ring, Con",M45-49,181,Open,Ireland,1:13:41,3:36,5:31:00,4:03,4:00:27,10:52:47
1098,1970,"Iannarelli, Carla",F35-39,27,Female,Argentinia,1:09:12,2:40,5:38:42,4:59,3:57:15,10:52:48
1099,1094,"Albright, Chad",M45-49,182,Open,United States,1:09:58,6:30,5:36:00,7:01,3:53:21,10:52:50
1100,1025,"Wei, Peter Paul",M50-54,88,Open,Germany,1:07:24,4:20,5:31:42,9:27,4:00:13,10:53:06
1101,1464,"Davi roca, Pau",M40-44,190,Open,Spain,1:10:24,3:24,5:57:24,4:49,3:37:12,10:53:13
1102,2170,"Abel, Elizabeth",F30-34,26,Female,United States,59:42,4:15,5:46:44,4:57,3:57:44,10:53:22
1103,1741,"Hosokawa, Eriko",F40-44,19,Female,Unknown,1:10:31,4:12,6:07:53,2:32,3:28:19,10:53:27
1104,396,"Pinho, Rafael",M35-39,169,Open,Brazil,1:05:27,4:22,5:22:31,5:28,4:15:39,10:53:27
1105,1302,"Smith, Marcus",M45-49,183,Open,Australia,1:07:57,4:03,5:15:08,6:09,4:20:12,10:53:29
1106,866,"Burger, David",M50-54,89,Open,United States,1:11:59,3:36,5:25:46,8:09,4:04:28,10:53:58
1107,1037,"Bakk, Britni",F50-54,7,Female,United States,1:05:17,3:04,5:47:09,2:47,3:56:15,10:54:32
1108,2173,"Brendemuhl, Heike",F30-34,27,Female,Germany,1:09:01,3:27,5:27:41,4:09,4:10:18,10:54:36
1109,1034,"Zubay, Geoffrey",M50-54,90,Open,United States,1:03:34,4:50,5:24:29,5:05,4:16:40,10:54:38
1110,733,"Knudsen, Knud Erik",M55-59,31,Open,Denmark,1:12:03,4:58,5:27:36,4:00,4:06:04,10:54:41
1111,612,"Mergler, John",M60-64,7,Open,Australia,1:15:05,4:59,5:38:58,7:13,3:48:54,10:55:09
1112,1468,"De weerdt, Koen",M40-44,191,Open,Belgium,54:54,2:53,4:59:33,4:52,4:52:57,10:55:09
1113,1264,"Payen, Yann",M45-49,184,Open,Monaco,1:18:10,4:38,5:29:26,6:25,3:56:35,10:55:14
1114,1233,"Madsen, Henrik Toftegaard",M45-49,185,Open,Denmark,1:26:36,3:42,5:17:38,4:02,4:03:27,10:55:25
1115,1314,"Utsumi, Yoshitomo",M45-49,186,Open,Japan,1:18:37,5:15,5:42:02,6:18,3:43:13,10:55:25
1116,1213,"Klaus, Oliver",M45-49,187,Open,Switzerland,1:19:50,3:02,5:28:12,3:15,4:01:14,10:55:33
1117,690,"Blazynski, Bjorn",M55-59,32,Open,Germany,1:14:33,5:22,5:37:59,7:32,3:50:08,10:55:34
1118,2306,"Selde, Erko",M25-29,86,Open,Estonia,1:14:43,5:25,5:29:43,7:29,3:58:19,10:55:39
1119,1480,"Ellison, Philip",M40-44,192,Open,United Kingdom,1:04:10,4:00,5:19:03,6:11,4:22:23,10:55:47
1120,1550,"Lee, In Sik",M40-44,193,Open,Korea,1:20:22,3:09,5:22:47,5:18,4:04:13,10:55:49
1121,2187,"Hedman, Frida",F30-34,28,Female,Sweden,1:07:02,4:25,5:47:51,2:53,3:53:42,10:55:53
1122,596,"Grandisson, Ghislain",M60-64,8,Open,Canada,1:04:28,4:24,5:43:21,5:36,3:58:06,10:55:55
1123,942,"Ley, Andrew",M50-54,91,Open,United Kingdom,1:17:59,4:59,5:33:05,3:17,3:56:35,10:55:55
1124,1093,"Akiba, Noriyuki",M45-49,188,Open,Japan,1:01:06,5:24,5:41:47,6:17,4:01:23,10:55:57
1125,883,"Cymanski, John",M50-54,92,Open,United States,1:16:30,4:34,5:24:06,6:07,4:04:46,10:56:03
1126,2223,"Schwarz, Daniela",F30-34,29,Female,Switzerland,1:16:21,4:01,5:44:49,5:15,3:45:42,10:56:08
1127,1461,"Cumings, Nicholas",M40-44,194,Open,United States,1:11:13,3:16,5:38:05,5:32,3:58:03,10:56:09
1128,1131,"Colin fiche, Juan Carlos",M45-49,189,Open,Mexico,1:10:51,7:18,5:52:53,7:10,3:37:57,10:56:09
1129,961,"Mohamed, Salim",M50-54,93,Open,United Kingdom,1:15:33,4:46,5:51:12,6:08,3:38:34,10:56:13
1130,1716,"Overbeek, Haitske",F40-44,20,Female,Netherlands,1:12:30,3:18,5:34:44,4:21,4:01:24,10:56:17
1131,365,"Sadurni de la torre, Eduard",M40-44,195,Open,Spain,1:18:42,4:03,5:40:33,4:30,3:48:34,10:56:22
1132,693,"Busko, Billy",M55-59,33,Open,United States,1:12:01,3:50,5:35:50,3:28,4:01:30,10:56:39
1133,1876,"Oriet, Gilian",M35-39,170,Open,Switzerland,58:49,4:26,5:21:57,6:50,4:25:09,10:57:11
1134,770,"Stacey, Richard",M55-59,34,Open,Australia,1:17:31,4:06,5:51:32,4:24,3:39:41,10:57:14
1135,991,"Rubey, Michael",M50-54,94,Open,Germany,1:13:42,5:16,5:35:31,6:17,3:56:29,10:57:15
1136,1207,"Kaisaka, Jiro",M45-49,190,Open,Japan,1:12:50,4:05,5:45:52,3:10,3:51:20,10:57:17
1137,2396,"Kern, Ralf",M50-54,95,Open,Germany,1:10:49,2:47,5:50:17,4:34,3:48:51,10:57:18
1138,2346,"Kallina, Jacqueline",F25-29,18,Female,Austria,1:05:41,4:06,5:37:42,5:53,4:04:07,10:57:29
1139,2263,"Herrero, Ignacio",M25-29,87,Open,Spain,59:21,2:35,5:06:14,4:42,4:44:46,10:57:38
1140,1995,"Stoecker, Katja",F35-39,28,Female,Germany,1:24:30,5:03,5:38:26,6:39,3:43:04,10:57:42
1141,1766,"Brown, Nicholas",M35-39,171,Open,United States,59:10,2:49,5:01:34,4:36,4:49:33,10:57:42
1142,1433,"Bigand, Mathieu",M40-44,196,Open,France,1:13:24,4:47,5:36:47,4:57,3:57:54,10:57:49
1143,2421,"Berger, Eva",F18-24,2,Female,Austria,1:07:11,2:42,5:47:58,3:18,3:56:46,10:57:55
1144,769,"Spina jr., Robert",M55-59,35,Open,United States,1:04:52,4:57,5:34:52,11:31,4:01:45,10:57:57
1145,2006,"Wallimann - geier, Andrea",F35-39,29,Female,Austria,1:02:15,3:19,5:54:54,3:16,3:54:15,10:57:59
1146,1837,"Kragh, Morten",M35-39,172,Open,Denmark,1:17:50,3:36,5:31:13,5:35,3:59:52,10:58:06
1147,2330,"Charles, Christina",F25-29,19,Female,Canada,1:00:01,4:22,6:08:30,6:30,3:38:48,10:58:11
1148,698,"Crosby, Jeffrey",M55-59,36,Open,United States,1:10:39,4:38,5:32:02,6:04,4:04:53,10:58:16
1149,2182,"Finneren, Holli",F30-34,30,Female,United States,1:17:36,5:13,5:31:51,4:39,3:59:04,10:58:23
1150,2443,"Robinson, Claire",F18-24,3,Female,Canada,1:02:04,4:50,5:36:35,3:24,4:11:35,10:58:28
1151,2219,"Rutkowski, Josefine",F30-34,31,Female,Germany,1:10:53,3:20,5:55:51,2:59,3:45:26,10:58:29
1152,1717,"Paule, Petra",F40-44,21,Female,Germany,1:23:59,2:42,5:45:28,3:22,3:43:06,10:58:37
1153,894,"Edwards, Roy",M50-54,96,Open,Australia,1:05:56,5:35,5:30:39,5:21,4:11:09,10:58:40
1154,2426,"Diaz sebriano, Guadalupe",F18-24,4,Female,Argentinia,1:05:56,2:20,5:49:36,3:18,3:57:31,10:58:41
1155,1690,"Gooding, Penelope",F40-44,22,Female,Australia,1:11:50,4:11,5:51:58,3:36,3:47:10,10:58:45
1156,854,"Ashwanden, Charles",M50-54,97,Open,United Kingdom,1:16:09,6:54,5:27:42,10:17,3:58:01,10:59:03
1157,2143,"Smith, Matthew",M30-34,141,Open,United Kingdom,1:03:55,6:21,5:34:41,8:03,4:06:05,10:59:05
1158,1137,"Cuccaro, Rodrigo",M45-49,191,Open,Argentinia,58:59,3:10,5:17:11,5:23,4:34:22,10:59:05
1159,2062,"Holz, Torsten",M30-34,142,Open,Germany,1:03:37,4:10,5:28:06,4:53,4:18:20,10:59:06
1160,1597,"Ramos, Luciano",M40-44,197,Open,Brazil,1:18:12,5:17,5:31:29,4:30,3:59:46,10:59:14
1161,1167,"Gerry, Tim",M45-49,192,Open,United States,1:09:15,4:39,5:45:10,8:02,3:52:16,10:59:22
1162,2352,"Lischka geb. dettmar, Sabine",F25-29,20,Female,Germany,1:03:46,3:23,5:38:21,3:12,4:10:57,10:59:39
1163,869,"Byttebier, Geert",M50-54,98,Open,Belgium,1:12:08,4:10,5:17:48,4:14,4:21:40,11:00:00
1164,1298,"Simkins, Adrian",M45-49,193,Open,Australia,1:16:30,4:09,6:12:23,4:10,3:22:51,11:00:03
1165,1617,"Shloyda, Aleksey",M40-44,198,Open,Russian Federation,1:23:20,4:55,5:35:57,5:43,3:50:12,11:00:07
1166,2203,"Mata, Cristina",F30-34,32,Female,Panama,1:08:11,3:01,5:30:48,3:25,4:14:44,11:00:09
1167,1489,"Folmer, Ben",M40-44,199,Open,Australia,1:05:10,5:43,5:52:29,7:26,3:49:23,11:00:11
1168,930,"Kim, Ojin",M50-54,99,Open,Korea,1:17:00,6:23,5:43:07,5:30,3:48:15,11:00:15
1169,1671,"Bourchier, Kathleen",F40-44,23,Female,Australia,1:05:29,5:01,5:44:56,5:48,3:59:05,11:00:19
1170,2262,"Haussen, Hector",M25-29,88,Open,Brazil,1:08:06,4:01,5:29:56,4:20,4:13:56,11:00:19
1171,2362,"Ortega, Belinda",F25-29,21,Female,Venezuela,1:16:00,4:47,5:49:29,4:47,3:45:19,11:00:22
1172,2370,"Turner, Georgia",F25-29,22,Female,United Kingdom,1:16:08,4:57,5:57:38,3:49,3:37:58,11:00:30
1173,858,"Bottcher, Jens",M50-54,100,Open,Germany,1:11:18,3:56,5:43:46,3:24,3:58:14,11:00:38
1174,1877,"O'sullivan, James",M35-39,173,Open,United Kingdom,59:38,3:24,5:18:12,4:05,4:35:22,11:00:41
1175,2139,"Serratore, Nick",M30-34,143,Open,United States,1:09:21,4:48,5:13:05,5:29,4:28:07,11:00:50
1176,1978,"Mann, Alexandra",F35-39,30,Female,United States,1:22:10,4:19,5:31:33,3:09,3:59:43,11:00:54
1177,2350,"Larsson, Ida",F25-29,23,Female,Sweden,1:17:40,4:06,5:44:51,5:41,3:48:54,11:01:12
1178,931,"Koenig, Carsten",M50-54,101,Open,Germany,1:06:16,3:08,5:22:37,5:17,4:23:55,11:01:13
1179,1380,"Patterson, Cailla",F45-49,14,Female,Canada,1:12:49,5:01,5:55:10,3:58,3:44:17,11:01:15
1180,1700,"Karlsson, Mirella",F40-44,24,Female,Sweden,1:07:17,3:16,5:50:13,7:02,3:53:31,11:01:19
1181,973,"Pflamitzer, Wolfgang",M50-54,102,Open,Austria,1:14:39,3:17,5:39:29,5:17,3:58:43,11:01:25
1182,983,"Ricouart, Alain",M50-54,103,Open,France,1:23:03,5:12,5:39:32,6:20,3:47:34,11:01:41
1183,1689,"Gollotto, Katie",F40-44,25,Female,United States,1:27:41,5:42,5:41:43,5:04,3:41:34,11:01:44
1184,2204,"Mathorne, Cecilie",F30-34,33,Female,Denmark,1:01:09,2:43,5:38:43,3:28,4:16:02,11:02:05
1185,788,"Volz, Udo",M55-59,37,Open,Germany,1:10:54,3:48,5:31:23,3:52,4:12:33,11:02:30
1186,1279,"Rogan, Leighton",M45-49,194,Open,Australia,1:03:22,6:23,5:31:26,7:38,4:13:43,11:02:32
1187,1458,"Corbett, Jason",M40-44,200,Open,Ireland,1:15:00,4:46,5:29:47,5:09,4:08:00,11:02:42
1188,624,"Reinhart, Manfred",M60-64,9,Open,South Africa,1:14:14,3:47,5:33:33,4:35,4:06:38,11:02:47
1189,1029,"Wood, Ken",M50-54,104,Open,United States,1:03:05,6:32,5:30:47,4:32,4:17:56,11:02:52
1190,933,"Kriechbaum, Kurt",M50-54,105,Open,Austria,1:08:45,3:04,5:38:28,5:41,4:06:59,11:02:57
1191,982,"Richter, Olaf",M50-54,106,Open,Germany,1:09:30,4:01,5:23:53,6:42,4:18:57,11:03:03
1192,1820,"Hartley, Craig",M35-39,174,Open,United Kingdom,1:11:47,3:06,5:38:36,3:43,4:05:51,11:03:03
1193,2199,"Livingston, Shari",F30-34,34,Female,Australia,1:04:57,4:39,5:51:52,6:29,3:55:09,11:03:06
1194,1859,"May, Tobias",M35-39,175,Open,Germany,59:34,3:27,5:03:43,5:35,4:50:58,11:03:17
1195,980,"Raczkowski, Guillermo",M50-54,107,Open,Argentinia,1:11:47,5:12,5:31:54,6:45,4:07:47,11:03:25
1196,753,"Penert, Juergen",M55-59,38,Open,Germany,1:09:24,4:48,5:37:10,5:49,4:06:26,11:03:37
1197,2215,"Perkins, Barbara",F30-34,35,Female,United States,59:57,3:24,6:08:49,3:22,3:48:10,11:03:42
1198,2195,"Lahikainen, Johanna",F30-34,36,Female,Finland,1:14:17,5:36,5:34:18,14:52,3:54:44,11:03:47
1199,1171,"Goodlad, Martin",M45-49,195,Open,United Kingdom,58:14,3:20,5:33:45,8:56,4:19:32,11:03:47
1200,1674,"Campbell, Tracy",F40-44,26,Female,United States,1:10:53,3:55,5:50:51,3:24,3:54:46,11:03:49
1201,1946,"Bongard, Judith",F35-39,31,Female,Switzerland,1:12:18,4:28,5:41:09,5:45,4:00:32,11:04:12
1202,2192,"Krall, Alysha",F30-34,37,Female,United States,1:16:32,4:00,5:35:44,3:41,4:04:20,11:04:17
1203,1606,"Schaefer, Gregory",M40-44,201,Open,United States,1:11:00,4:34,5:52:46,3:45,3:52:16,11:04:21
1204,2420,"Arguijo aguirre, Claudia",F18-24,5,Female,Mexico,1:03:01,3:28,5:55:55,3:46,3:58:17,11:04:27
1205,1727,"Sherlock, Lori",F40-44,27,Female,United States,1:03:20,3:54,5:39:06,3:13,4:14:55,11:04:28
1206,790,"Warshaw, Jeffrey",M55-59,39,Open,United States,1:24:55,6:14,5:47:59,7:52,3:37:44,11:04:44
1207,762,"Sabo, Robert",M55-59,40,Open,United States,1:16:43,6:45,6:04:23,5:22,3:31:36,11:04:49
1208,1033,"Zschockelt, Ingolf",M50-54,108,Open,Germany,1:09:33,3:01,5:46:44,4:41,4:00:56,11:04:55
1209,710,"Falke, Daniel",M55-59,41,Open,United States,1:11:51,4:33,5:38:55,5:26,4:04:18,11:05:03
1210,1918,"Thompson, Sam",M35-39,176,Open,United Kingdom,1:05:50,3:11,5:39:22,4:52,4:11:48,11:05:03
1211,1166,"Garrocho orellana, Fernando",M45-49,196,Open,Spain,59:04,2:21,5:39:33,11:46,4:12:23,11:05:07
1212,1730,"Sonnemann, Christine",F40-44,28,Female,United States,1:11:54,4:06,5:32:14,5:30,4:11:30,11:05:14
1213,1954,"De la torre, Maria",F35-39,32,Female,Spain,1:04:53,4:05,6:01:24,3:21,3:51:32,11:05:15
1214,766,"Sinclair, Warwick",M55-59,42,Open,Australia,1:09:14,4:30,5:53:59,4:59,3:52:34,11:05:16
1215,1200,"Jacobus, Lisandro",M45-49,197,Open,Brazil,1:09:06,5:23,5:33:07,5:52,4:12:01,11:05:29
1216,1472,"Didham, Michael",M40-44,202,Open,Canada,1:12:14,3:35,5:21:03,5:40,4:23:00,11:05:32
1217,1324,"Wilkinson, Peter",M45-49,198,Open,New Zealand,1:07:43,4:12,5:42:54,5:39,4:05:17,11:05:45
1218,1668,"Banks, Kami",F40-44,29,Female,United States,1:14:25,4:11,5:52:30,5:19,3:49:26,11:05:51
1219,1022,"Vosloo, Christopher",M50-54,109,Open,South Africa,1:08:41,4:39,5:17:22,6:48,4:28:22,11:05:52
1220,1183,"Hamilton, Brian",M45-49,199,Open,United States,1:09:19,7:13,5:36:09,8:18,4:04:57,11:05:56
1221,850,"Alchimowicz, Krzysztof",M50-54,110,Open,Poland,1:22:14,4:31,6:02:32,5:31,3:31:11,11:05:59
1222,2074,"Kelso, Logan",M30-34,144,Open,United States,1:03:07,5:57,5:54:26,7:44,3:55:17,11:06:31
1223,1238,"Mayr, Stefan",M45-49,200,Open,Austria,1:02:06,2:55,5:34:19,5:19,4:21:53,11:06:32
1224,323,"Phelan, Donna",F45-49,15,Female,Canada,1:02:29,3:52,5:46:58,5:41,4:07:34,11:06:34
1225,1695,"Harrison, Lauren",F40-44,30,Female,United States,1:05:22,4:40,5:45:08,4:30,4:07:04,11:06:44
1226,2359,"Muller, Imelda",F25-29,24,Female,United States,1:08:01,3:45,5:47:18,3:04,4:04:44,11:06:52
1227,2091,"Marzen, Ryan",M30-34,145,Open,United States,1:17:58,5:49,6:03:22,7:49,3:31:55,11:06:53
1228,979,"Rabelo lima verde, Saulo",M50-54,111,Open,Brazil,1:12:51,5:09,5:33:37,4:53,4:10:23,11:06:53
1229,267,"Dermody, Stephen",M45-49,201,Open,Ireland,1:10:05,4:54,5:38:23,6:22,4:07:11,11:06:55
1230,2402,"Martin, Patrick",M18-24,32,Open,Canada,1:20:40,6:25,6:00:33,7:20,3:31:58,11:06:56
1231,923,"Howie, Martin",M50-54,112,Open,United Kingdom,1:06:09,3:34,5:44:47,4:07,4:08:23,11:07:00
1232,1647,"Vigneault, Steeve",M40-44,203,Open,Canada,1:16:51,5:46,5:21:39,5:34,4:17:22,11:07:12
1233,2214,"Pepin, Edith",F30-34,38,Female,Canada,1:20:18,4:26,5:52:44,3:49,3:45:56,11:07:13
1234,1251,"Nguyen, Quang",M45-49,202,Open,United States,1:06:03,4:18,5:40:29,5:36,4:10:48,11:07:14
1235,1511,"Grontvedt, Hans Ove",M40-44,204,Open,Norway,1:28:24,3:41,5:07:57,6:06,4:21:12,11:07:20
1236,2011,"Wilkes, Julia",F35-39,33,Female,Canada,1:18:59,3:56,5:36:04,3:44,4:04:47,11:07:30
1237,1943,"Ballou, Laura",F35-39,34,Female,United States,1:10:56,5:43,5:44:34,9:16,3:57:14,11:07:43
1238,1640,"Ureta, Pablo",M40-44,205,Open,Argentinia,59:26,2:25,5:24:46,5:39,4:35:34,11:07:50
1239,2325,"Bergwitz-larsen, Kaja Wright",F25-29,25,Female,Norway,1:09:03,3:10,5:54:25,4:14,3:57:05,11:07:57
1240,2200,"Lourens, Shannon",F30-34,39,Female,South Africa,1:10:27,4:09,5:40:21,4:31,4:08:39,11:08:07
1241,1294,"Segard, Charles",M45-49,203,Open,France,1:26:56,8:17,5:48:12,5:56,3:38:48,11:08:09
1242,782,"Van der meer, Dennis",M55-59,43,Open,Netherlands,1:14:20,4:42,5:45:58,3:40,3:59:41,11:08:21
1243,1499,"Gaffney, Justin",M40-44,206,Open,South Africa,1:11:40,4:15,5:30:37,4:41,4:17:09,11:08:22
1244,1706,"Miller, Alison",F40-44,31,Female,United States,1:19:08,5:04,5:51:02,5:21,3:47:48,11:08:23
1245,711,"Ferguson, Graeme",M55-59,44,Open,New Zealand,1:21:26,4:03,5:39:18,4:23,3:59:14,11:08:24
1246,969,"Owsley, William",M50-54,113,Open,United States,1:08:36,4:58,5:20:21,6:36,4:28:02,11:08:33
1247,2348,"Krosch, Kathryn",F25-29,26,Female,Australia,1:14:30,4:10,5:37:17,3:00,4:09:47,11:08:44
1248,2390,"Goda, Tomohiro",M18-24,33,Open,Japan,1:09:32,4:18,5:25:52,3:17,4:25:55,11:08:54
1249,1397,"Sowerby, Heidi",F45-49,16,Female,Australia,1:10:06,3:36,5:42:53,4:32,4:08:29,11:09:36
1250,968,"Olsen, Glenn",M50-54,114,Open,United States,1:08:28,4:47,5:13:21,6:45,4:36:26,11:09:47
1251,857,"Barker, John",M50-54,115,Open,United States,1:14:21,8:28,5:29:58,7:25,4:09:40,11:09:52
1252,1694,"Harris, Louise",F40-44,32,Female,United Kingdom,1:13:57,5:05,5:40:46,5:15,4:04:52,11:09:55
1253,922,"Holwill, Dean",M50-54,116,Open,Australia,1:11:00,5:50,5:41:20,6:07,4:05:39,11:09:56
1254,1964,"Gingras, Lynda",F35-39,35,Female,Canada,1:12:33,2:58,6:06:13,4:05,3:44:08,11:09:57
1255,1170,"Gillard, Damian",M45-49,204,Open,Australia,1:01:58,4:12,5:37:27,5:09,4:21:16,11:10:02
1256,1226,"Liguori, Bernardo",M45-49,205,Open,Argentinia,1:09:34,4:29,5:22:31,4:05,4:29:29,11:10:08
1257,1395,"Smith, Jennifer",F45-49,17,Female,United States,1:12:25,5:17,5:52:23,6:25,3:53:41,11:10:11
1258,1387,"Rigo, Francesca",F45-49,18,Female,Italy,1:21:03,5:32,6:02:15,6:13,3:35:24,11:10:27
1259,622,"Perroteau, Alain",M60-64,10,Open,France,1:17:47,3:44,5:24:05,8:03,4:16:51,11:10:30
1260,736,"Langbroek, Arjen",M55-59,45,Open,Netherlands,1:26:04,4:37,5:56:43,5:35,3:37:33,11:10:32
1261,944,"Ludington, William",M50-54,117,Open,United States,1:18:45,4:15,5:34:51,6:32,4:06:10,11:10:33
1262,995,"Schuler, Henning",M50-54,118,Open,Germany,1:00:08,4:09,5:56:23,4:52,4:05:02,11:10:34
1263,2338,"Frederick, Annie",F25-29,27,Female,United Kingdom,1:12:36,4:56,5:51:31,2:42,3:58:53,11:10:38
1264,400,"Zitta, Duane",M35-39,177,Open,United States,1:07:55,3:35,5:50:49,4:56,4:03:28,11:10:43
1265,1304,"Stucki, Michael",M45-49,206,Open,Switzerland,1:28:31,5:09,5:35:52,4:24,3:57:18,11:11:14
1266,2372,"Villasante, Juliana",F25-29,28,Female,Mexico,1:01:18,2:53,5:55:50,3:48,4:07:28,11:11:17
1267,1043,"Coote, Alison",F50-54,8,Female,Australia,1:11:58,4:09,5:59:46,3:37,3:51:55,11:11:25
1268,1266,"Pesich, Darren",M45-49,207,Open,Australia,1:10:27,5:48,5:54:22,4:17,3:56:51,11:11:45
1269,1430,"Beck, Josh",M40-44,207,Open,United States,1:37:29,10:53,5:07:16,8:45,4:07:32,11:11:55
1270,745,"Minto, Jonathan",M55-59,46,Open,Canada,1:17:28,3:41,5:48:47,4:16,3:57:56,11:12:08
1271,815,"Jakobsen, Kaisa",F55-59,2,Female,Finland,1:13:10,4:07,5:53:33,4:49,3:56:40,11:12:19
1272,1987,"Perry, Jess",F35-39,36,Female,United States,1:12:41,3:28,5:59:37,4:33,3:52:19,11:12:38
1273,938,"Lampela, Marko",M50-54,119,Open,Finland,1:09:30,4:50,5:38:34,6:12,4:13:35,11:12:41
1274,294,"Niederberghaus, Andre",M45-49,208,Open,Germany,1:15:22,5:16,5:47:31,6:49,3:57:43,11:12:41
1275,2323,"Andrassy, Judit",F25-29,29,Female,Germany,1:07:03,4:04,5:54:53,3:47,4:03:07,11:12:54
1276,194,"Dillon, Darren",M50-54,120,Open,Australia,1:16:31,3:22,5:52:51,4:47,3:55:24,11:12:55
1277,626,"Richthammer, Lothar Karl",M60-64,11,Open,Germany,1:23:23,4:04,5:37:17,5:15,4:03:05,11:13:04
1278,1662,"Zimmet, David",M40-44,208,Open,United States,59:17,4:38,5:28:45,6:48,4:33:50,11:13:18
1279,351,"Jones, Kenneth",M40-44,209,Open,United States,1:21:01,6:25,5:35:46,5:32,4:04:44,11:13:28
1280,2102,"Mora, Felipe",M30-34,146,Open,Colombia,1:01:49,3:16,5:03:14,3:26,5:01:48,11:13:33
1281,1714,"O'hare, Eve",F40-44,33,Female,Australia,1:16:18,3:32,5:55:08,3:38,3:55:19,11:13:55
1282,1453,"Chene, David",M40-44,210,Open,United States,1:13:13,3:29,5:36:56,4:23,4:16:22,11:14:23
1283,1297,"Shiflett, Bryan",M45-49,209,Open,United States,1:03:50,4:01,5:31:56,5:55,4:28:43,11:14:25
1284,1496,"Fukushi, Tomotaka",M40-44,211,Open,Japan,1:14:03,5:00,5:55:01,5:26,3:55:01,11:14:31
1285,1594,"Preissl, Ralf",M40-44,212,Open,Germany,1:05:18,5:11,5:32:10,5:30,4:26:29,11:14:38
1286,1241,"Mcintyre-brown, Jamie",M45-49,210,Open,United Kingdom,1:12:41,3:50,5:47:38,4:16,4:06:34,11:14:59
1287,1024,"Weber, Frank",M50-54,121,Open,Germany,1:21:58,4:45,5:46:49,3:59,3:57:33,11:15:04
1288,1981,"Nasser, Jaclyn",F35-39,37,Female,United States,1:02:53,3:26,5:54:58,6:41,4:07:10,11:15:08
1289,685,"Bachmann, Gerald",M55-59,47,Open,Switzerland,1:09:09,4:19,5:22:33,4:11,4:34:57,11:15:09
1290,1738,"Westman, Lena",F40-44,34,Female,Sweden,1:16:35,4:02,5:48:43,3:56,4:01:54,11:15:10
1291,349,"Hsu, Kia",M40-44,213,Open,Germany,1:16:48,7:55,5:47:17,5:46,3:57:28,11:15:14
1292,997,"Schulz, Martin",M50-54,122,Open,Germany,1:16:00,4:26,5:36:03,7:35,4:11:13,11:15:17
1293,1553,"Lipski, Witold",M40-44,214,Open,United States,1:12:34,4:40,5:47:07,7:02,4:03:54,11:15:17
1294,876,"Champoux, Jean-Francois",M50-54,123,Open,Canada,1:12:07,5:05,5:50:44,6:37,4:01:06,11:15:39
1295,361,"Millstone, David",M40-44,215,Open,United States,1:05:49,9:52,5:53:51,7:38,3:58:34,11:15:44
1296,2361,"Norman, Mackenzie",F25-29,30,Female,United States,1:07:53,5:19,5:52:20,6:55,4:03:35,11:16:02
1297,1259,"Patterson, Mark",M45-49,211,Open,United Kingdom,1:16:07,5:17,5:46:31,4:57,4:03:13,11:16:05
1298,607,"Loumann, Ole",M60-64,12,Open,Denmark,1:22:31,4:56,5:51:02,6:26,3:51:17,11:16:12
1299,2340,"Hanuise, Mathilde",F25-29,31,Female,Belgium,1:08:40,4:49,5:56:28,4:06,4:02:15,11:16:18
1300,1343,"Carrasco tavero, Maria Remedios",F45-49,19,Female,Spain,1:12:43,4:21,6:14:18,5:11,3:39:48,11:16:21
1301,853,"Arseneau, Marc",M50-54,124,Open,Canada,1:05:56,3:49,5:18:39,4:52,4:43:09,11:16:25
1302,1413,"Zucht, Marla",F45-49,20,Female,Canada,1:21:27,4:48,5:52:12,4:02,3:53:57,11:16:26
1303,1703,"Latini, Mandi",M60-64,13,Open,Austria,1:27:07,3:14,5:51:02,4:40,3:50:26,11:16:29
1304,1190,"Hendley, Daragh",M45-49,212,Open,Ireland,1:18:31,7:09,5:26:59,8:39,4:15:13,11:16:31
1305,2233,"Bayvel, Scott",M25-29,89,Open,South Africa,53:03,2:54,4:53:06,3:44,5:24:05,11:16:52
1306,793,"Wroblewski, Michael",M55-59,48,Open,United States,1:03:01,3:58,5:45:33,5:28,4:19:06,11:17:06
1307,972,"Perez san miguel, Aurelio",M50-54,125,Open,Spain,1:24:36,4:41,5:59:20,6:29,3:42:07,11:17:13
1308,1895,"Roux, Jean-Baptiste",M35-39,178,Open,France,1:13:14,5:35,5:32:44,5:23,4:20:23,11:17:19
1309,1772,"Carter-moore, Grant",M35-39,179,Open,United Kingdom,1:13:21,3:38,5:29:54,4:49,4:25:42,11:17:24
1310,636,"Yamamuro, Kazuya",M60-64,14,Open,Japan,1:16:59,6:45,5:57:21,6:52,3:49:38,11:17:35
1311,1276,"Robertson, Andrew",M45-49,213,Open,South Africa,1:21:27,7:06,5:50:19,6:17,3:52:57,11:18:06
1312,1731,"Steves, Gwendolyn",F40-44,35,Female,United States,1:10:12,4:34,5:34:51,6:01,4:22:35,11:18:13
1313,1118,"Bottoms, Jonathan",M45-49,214,Open,United States,1:03:12,4:18,5:44:36,7:49,4:18:20,11:18:15
1314,1394,"Smallcombe, Katherine",F45-49,21,Female,Australia,1:11:00,3:27,5:44:43,4:37,4:14:43,11:18:30
1315,1368,"Lamb, Kristen",F45-49,22,Female,United States,1:17:58,4:49,6:02:33,4:14,3:49:00,11:18:34
1316,635,"Wilson, John",M60-64,15,Open,United States,1:13:40,3:47,5:38:09,4:37,4:18:26,11:18:39
1317,2336,"De boer, Rosanne",F25-29,32,Female,Netherlands,1:01:39,3:00,5:47:30,3:36,4:23:00,11:18:45
1318,1147,"Detry, Nicky",M45-49,215,Open,Belgium,1:10:37,4:23,5:57:41,4:19,4:01:47,11:18:47
1319,2439,"Maramotti, Fabia",F18-24,6,Female,Italy,56:53,3:17,5:25:57,4:59,4:48:17,11:19:23
1320,954,"Mcskimming, Glen",M50-54,126,Open,New Zealand,1:06:15,3:59,5:33:33,4:03,4:31:47,11:19:37
1321,862,"Brewer, Daniel",M50-54,127,Open,United States,1:22:02,6:43,5:59:07,7:11,3:44:38,11:19:41
1322,1710,"Nagayama, Rie",F40-44,36,Female,Japan,1:04:35,5:05,5:51:39,8:41,4:09:48,11:19:48
1323,2059,"Henderson, Sean",M30-34,147,Open,Canada,1:09:11,6:08,5:27:26,7:18,4:29:49,11:19:52
1324,814,"Houseaux, Catherine",F55-59,3,Female,France,1:15:40,4:05,6:01:41,5:09,3:53:27,11:20:02
1325,1665,"Adair, Audra",F40-44,37,Female,United States,1:23:50,4:14,5:46:40,4:31,4:01:00,11:20:15
1326,2413,"Shepard, Thatcher",M18-24,34,Open,United States,52:37,3:40,6:18:40,6:56,3:58:41,11:20:34
1327,2392,"Hansson, Gustav",M18-24,35,Open,Sweden,1:09:26,4:12,5:27:40,5:06,4:34:16,11:20:40
1328,929,"Karlsson, Peter",M50-54,128,Open,Sweden,1:22:11,7:29,5:36:43,7:50,4:06:28,11:20:41
1329,2155,"Vance, Travis",M30-34,148,Open,United States,1:00:16,3:23,5:00:45,4:21,5:12:15,11:21:00
1330,1339,"Blakely, Linda",F45-49,23,Female,United Kingdom,1:11:11,4:00,5:52:42,3:37,4:09:33,11:21:03
1331,1023,"Walker, Edward",M50-54,129,Open,United States,1:01:45,4:17,5:27:28,4:43,4:42:52,11:21:05
1332,418,"Hill, Graham",M30-34,149,Open,United Kingdom,1:11:36,4:45,6:07:32,6:04,3:51:16,11:21:13
1333,606,"Lechtenfeld, Olaf Klaus",M60-64,16,Open,Germany,1:35:49,5:20,5:54:08,6:39,3:39:19,11:21:15
1334,713,"Friedrich, Thoralf",M55-59,49,Open,Germany,1:15:36,4:42,5:31:44,4:23,4:25:02,11:21:27
1335,1347,"Eakin, Tina",F45-49,24,Female,United States,1:10:56,4:49,5:42:19,6:27,4:17:03,11:21:34
1336,789,"Waechter, Rudolf",M55-59,50,Open,Germany,1:02:31,3:38,5:32:02,4:59,4:38:32,11:21:42
1337,840,"Stebbings, Kate",F55-59,4,Female,Canada,1:22:42,3:18,6:01:57,3:58,3:49:49,11:21:44
1338,976,"Postel, Martin",M50-54,130,Open,Germany,1:14:05,5:35,5:52:32,5:43,4:03:52,11:21:47
1339,828,"Pierson, Sue",F55-59,5,Female,United States,1:19:49,6:01,6:02:16,6:25,3:47:23,11:21:54
1340,1389,"Sandbote, Ines",F45-49,25,Female,Germany,1:13:49,4:05,6:02:17,3:57,3:57:47,11:21:55
1341,1961,"Forsyth, Ashley",F35-39,38,Female,United States,1:09:07,3:31,6:06:49,6:13,3:56:21,11:22:01
1342,1520,"Hirst, Eddie",M40-44,216,Open,United Kingdom,1:08:15,5:58,5:47:58,8:17,4:11:44,11:22:12
1343,1728,"Simmons, Jaime",F40-44,38,Female,United States,1:14:00,3:10,5:53:30,6:16,4:05:18,11:22:14
1344,2171,"Barbour, Jennifer",F30-34,40,Female,United Kingdom,1:02:49,3:23,6:10:18,3:50,4:01:56,11:22:16
1345,1333,"Arko, Rochelle",F45-49,26,Female,United States,1:14:58,4:02,5:51:33,5:02,4:06:47,11:22:22
1346,1334,"Arriagada, Veronica",F45-49,27,Female,Chile,1:08:36,4:09,5:45:38,4:12,4:19:50,11:22:25
1347,872,"Capellari, Rogerio",M50-54,131,Open,Brazil,1:13:03,4:14,5:27:55,6:15,4:30:58,11:22:25
1348,1642,"Van wees, Marcel",M40-44,217,Open,Netherlands,1:11:22,5:34,5:37:33,8:41,4:19:24,11:22:34
1349,1977,"Lehmler, Jennifer",F35-39,39,Female,Germany,1:02:05,3:27,5:41:11,3:30,4:32:49,11:23:02
1350,1223,"Larsson, Hans",M45-49,216,Open,United States,1:20:55,6:47,6:16:54,6:52,3:31:39,11:23:07
1351,1688,"Gei ler-domgorgen, Silke",F40-44,39,Female,Germany,1:24:12,4:55,6:02:31,6:57,3:44:53,11:23:28
1352,695,"Cartelli, Tom",M55-59,51,Open,United States,59:31,4:34,5:48:12,5:45,4:25:39,11:23:41
1353,908,"Gratzer, Michael",M50-54,132,Open,Austria,1:05:44,4:39,5:47:12,7:19,4:18:54,11:23:48
1354,1991,"Ritchie, Tami",F35-39,40,Female,United States,59:26,4:58,6:11:00,4:23,4:04:04,11:23:51
1355,2224,"Seefried, Jenna-Caer",F30-34,41,Female,Canada,1:21:38,4:22,6:11:26,3:41,3:42:56,11:24:03
1356,962,"Moore, Paul",M50-54,133,Open,Australia,1:00:27,3:18,5:37:42,4:31,4:38:13,11:24:11
1357,424,"Bloom, Sara",F30-34,42,Female,United States,1:07:02,4:25,6:01:11,4:47,4:06:49,11:24:14
1358,732,"Klose, Michael",M55-59,52,Open,Germany,1:13:48,3:30,5:48:48,5:34,4:12:35,11:24:15
1359,1527,"Hunter, Mark",M40-44,218,Open,Australia,1:08:20,3:51,5:37:50,2:45,4:31:51,11:24:37
1360,888,"Dolbeck, Jason",M50-54,134,Open,United States,1:04:38,4:45,5:39:26,7:31,4:28:17,11:24:37
1361,1449,"Cano, Fernando",M40-44,219,Open,Spain,1:00:29,2:53,5:44:23,5:57,4:31:19,11:25:01
1362,1725,"Sestan, Valentina",F40-44,40,Female,Italy,1:17:25,3:50,6:15:33,3:37,3:44:44,11:25:09
1363,751,"Openshaw, Peter",M55-59,53,Open,United Kingdom,1:05:57,6:59,5:53:22,5:47,4:13:06,11:25:11
1364,726,"Huber, Markus",M55-59,54,Open,Switzerland,1:08:47,4:47,5:24:40,6:46,4:40:33,11:25:33
1365,1386,"Rietz, Marcella",F45-49,28,Female,United States,1:17:10,3:33,5:54:31,3:43,4:06:38,11:25:35
1366,2269,"Kebbell, Thomas",M25-29,90,Open,United Kingdom,59:11,5:50,5:28:18,5:34,4:46:53,11:25:46
1367,1092,"Adams, Joshua",M45-49,217,Open,United States,1:20:51,6:21,5:36:01,8:35,4:14:03,11:25:51
1368,1729,"Sliz, Lucyna",F40-44,41,Female,Poland,1:19:26,4:42,5:56:27,9:19,3:56:15,11:26:09
1369,896,"Farlow, Darren",M50-54,135,Open,Australia,1:06:21,4:37,5:54:01,4:35,4:16:40,11:26:14
1370,354,"Kummer, Michael",M40-44,220,Open,Germany,1:09:05,5:14,6:04:06,5:47,4:02:04,11:26:16
1371,1692,"Haddad, Luciana",F40-44,42,Female,Brazil,1:18:02,2:37,6:25:26,2:18,3:37:56,11:26:19
1372,2213,"Paris, Maia",F30-34,43,Female,United States,58:23,7:15,5:37:00,5:40,4:38:16,11:26:34
1373,771,"Stenin, Yuru",M55-59,55,Open,Russian Federation,1:15:07,3:20,6:02:10,5:55,4:00:14,11:26:46
1374,689,"Birkelo, John",M55-59,56,Open,Japan,1:35:23,4:04,6:02:01,7:02,3:38:17,11:26:47
1375,764,"Schroeder, Norbert",M55-59,57,Open,Germany,1:12:05,4:21,5:42:30,5:01,4:23:04,11:27:01
1376,1127,"Capobianco, Jeffrey",M45-49,218,Open,United States,1:23:06,5:33,5:47:49,6:17,4:04:24,11:27:09
1377,1945,"Barrett, Melissa",F35-39,41,Female,United States,1:11:41,4:02,6:23:15,4:38,3:43:42,11:27:18
1378,2005,"Wachter, Nadja",F35-39,42,Female,Germany,1:01:14,4:40,5:38:53,4:09,4:38:24,11:27:20
1379,1490,"Fontanive, Christian",M40-44,221,Open,Switzerland,1:28:14,4:57,5:28:34,3:38,4:22:03,11:27:26
1380,2209,"Needham, Sophie",F30-34,44,Female,United Kingdom,1:15:51,5:04,5:52:02,5:38,4:08:58,11:27:33
1381,2353,"Lorenzini, Clarice",F25-29,33,Female,United States,1:13:10,5:19,6:02:18,5:40,4:01:17,11:27:44
1382,3031,"Kessler, Meredith",FPRO,33,Female,United States,54:21,2:38,5:28:47,4:23,4:57:36,11:27:45
1383,1195,"Hugo ariel, Camargo",M45-49,219,Open,Argentinia,1:13:46,4:07,5:23:37,5:12,4:41:14,11:27:56
1384,604,"Klindworth, Jurgen",M60-64,17,Open,Germany,1:06:55,3:43,6:00:32,5:00,4:11:49,11:27:59
1385,1959,"Flynn, Stefanie",F35-39,43,Female,United States,1:01:56,4:38,6:08:10,6:37,4:06:38,11:27:59
1386,1965,"Grant, Meghan",F35-39,44,Female,United States,1:03:46,4:15,5:55:22,3:31,4:21:05,11:27:59
1387,234,"White, Stephen",M50-54,136,Open,Australia,1:05:30,4:05,5:21:34,6:35,4:50:37,11:28:21
1388,3025,"Spieldenner, Jennifer",FPRO,34,Female,United States,54:00,2:15,5:22:41,5:50,5:03:36,11:28:22
1389,1839,"Lambert, Brian",M35-39,180,Open,United States,1:02:58,3:28,5:04:17,4:04,5:13:49,11:28:36
1390,999,"Sillanpaa, Mikko",M50-54,137,Open,Finland,1:14:36,5:01,5:38:02,4:56,4:26:05,11:28:40
1391,1798,"Dubberley, Adam",M35-39,181,Open,Australia,59:35,3:22,5:16:48,7:50,5:01:09,11:28:44
1392,1349,"Edwards, Nadine Terese",F45-49,29,Female,Australia,1:13:06,4:49,5:50:46,5:49,4:14:15,11:28:45
1393,2437,"Lawson, Anna",F18-24,7,Female,United Kingdom,1:16:10,5:35,6:02:36,3:12,4:01:19,11:28:52
1394,1673,"Bullard, Dana",F40-44,43,Female,United States,1:13:07,3:24,6:14:15,3:46,3:54:43,11:29:15
1395,1685,"Fogarolli, Angela",F40-44,44,Female,Italy,1:23:41,3:00,6:00:52,3:59,3:58:20,11:29:52
1396,1500,"Galindo rooney, John Manuel",M40-44,222,Open,Spain,54:37,3:14,5:01:37,4:38,5:25:46,11:29:52
1397,600,"Huyer, Paul",M60-64,18,Open,Canada,1:28:23,5:41,5:37:23,4:34,4:14:03,11:30:04
1398,2056,"Hein, Markus",M30-34,150,Open,Germany,54:58,2:40,4:46:46,4:12,5:41:31,11:30:07
1399,1696,"Hite, Amy",F40-44,45,Female,United States,1:14:23,4:04,5:51:58,4:04,4:15:43,11:30:12
1400,1969,"Heule, Claudia",F35-39,45,Female,Switzerland,1:16:35,4:07,5:46:51,3:15,4:19:39,11:30:27
1401,785,"Van heyst, John",M55-59,58,Open,Canada,1:14:12,5:05,5:24:44,5:53,4:40:37,11:30:31
1402,2083,"Kuzminskyi, Andrii",M30-34,151,Open,Ukraine,1:03:03,3:17,5:19:00,9:54,4:55:31,11:30:45
1403,1683,"Davolio, Barbara",F40-44,46,Female,Italy,1:17:22,3:51,5:49:32,5:20,4:14:40,11:30:45
1404,1212,"Kirchenmajer, Stefan",M45-49,220,Open,Germany,1:29:21,3:25,5:29:21,5:53,4:22:56,11:30:56
1405,610,"Madden, Kurt",M60-64,19,Open,United States,1:02:10,3:19,5:48:02,4:59,4:32:27,11:30:57
1406,585,"Brown, Tim",M60-64,20,Open,United States,1:16:08,5:48,5:59:34,6:05,4:03:49,11:31:24
1407,299,"Rivard, Francois",M45-49,221,Open,Canada,1:00:57,4:49,5:57:12,8:48,4:19:42,11:31:28
1408,358,"Martin, Richard",M40-44,223,Open,United States,1:04:21,4:11,6:16:16,5:41,4:01:01,11:31:30
1409,129,"Anderson, Tracy",M55-59,59,Open,United States,1:08:35,9:07,5:57:43,9:38,4:06:35,11:31:38
1410,763,"Schreiner, Frank",M55-59,60,Open,Germany,1:15:47,4:33,6:01:05,5:38,4:04:37,11:31:40
1411,1739,"Woodward, Karen",F40-44,47,Female,United States,1:20:52,5:47,5:58:35,5:22,4:01:05,11:31:41
1412,1391,"Shubina, Victoria",F45-49,30,Female,Russian Federation,1:17:49,3:45,5:58:44,4:56,4:06:32,11:31:46
1413,1982,"Oikawa, Joyce",F35-39,46,Female,Brazil,1:17:39,5:22,6:08:16,5:53,3:54:42,11:31:52
1414,911,"Guidarelli, Roberto",M50-54,138,Open,Italy,1:08:33,5:42,5:43:30,5:13,4:28:58,11:31:56
1415,1612,"Sek, David",M40-44,224,Open,United States,1:01:17,6:47,6:13:23,6:20,4:04:20,11:32:07
1416,2354,"Maheu, Audrey",F25-29,34,Female,United States,1:23:38,3:37,5:35:44,5:22,4:23:58,11:32:19
1417,1498,"Gabilondo, Ibon",M40-44,225,Open,Spain,1:00:50,4:02,5:38:07,7:26,4:42:00,11:32:25
1418,2427,"Hayashimoto, Kae",F18-24,8,Female,Japan,1:02:27,3:46,6:09:27,4:55,4:12:19,11:32:54
1419,1975,"Leavold, Nic",F35-39,47,Female,Australia,1:18:36,4:25,6:02:01,5:58,4:02:00,11:33:00
1420,936,"Kult, Jorg",M50-54,139,Open,Germany,1:22:02,4:05,5:41:06,6:58,4:18:58,11:33:09
1421,2000,"Tecklenburg, Lisa",F35-39,48,Female,United States,1:21:46,4:16,6:18:56,9:49,3:38:23,11:33:10
1422,1006,"Stein, Heiko",M50-54,140,Open,Germany,1:04:34,9:20,5:44:08,8:32,4:26:57,11:33:31
1423,284,"Lopez, Fernando",M45-49,222,Open,Uruguay,1:18:59,5:27,5:56:57,5:44,4:06:25,11:33:32
1424,956,"Messinger, Karl",M50-54,141,Open,Austria,1:30:34,4:03,5:56:15,8:00,3:54:53,11:33:45
1425,773,"Strong, Paul",M55-59,61,Open,United States,1:08:53,5:37,5:49:26,5:45,4:24:25,11:34:06
1426,2279,"Lenz, Andreas Johannes",M25-29,91,Open,Germany,1:22:28,3:20,4:50:04,4:45,5:13:41,11:34:18
1427,721,"Harriss, Barry",M55-59,62,Open,United Kingdom,1:17:34,7:21,5:39:18,7:07,4:23:01,11:34:21
1428,1109,"Becker, Gregory",M45-49,223,Open,South Africa,1:19:37,2:49,5:46:22,3:40,4:21:55,11:34:23
1429,723,"Hausschmid, Gunter Anton",M55-59,63,Open,Germany,1:22:21,6:36,5:32:34,7:10,4:25:53,11:34:34
1430,734,"Kraft, Manfred",M55-59,64,Open,Germany,1:15:15,4:36,5:54:51,4:00,4:16:01,11:34:43
1431,1950,"Campbell, Annette",F35-39,49,Female,United States,1:26:16,4:24,5:54:40,5:26,4:03:58,11:34:44
1432,1390,"Scalise-marinofsky, Jennifer",F45-49,31,Female,United States,59:40,3:45,6:24:28,3:33,4:03:20,11:34:46
1433,926,"Hyzl, Jaroslav",M50-54,142,Open,Czech Republic,1:00:31,4:09,5:20:43,6:15,5:03:14,11:34:52
1434,691,"Brown, Garrett",M55-59,65,Open,United States,1:14:16,4:36,5:40:47,6:53,4:28:22,11:34:54
1435,511,"Azevedo, Roberto",M65-69,1,Open,Brazil,1:18:47,3:38,5:38:00,7:50,4:26:50,11:35:05
1436,413,"Cooper, Derek",M30-34,152,Open,United States,1:11:18,6:44,5:53:24,4:37,4:19:04,11:35:07
1437,1492,"Freisfeld, Carsten",M40-44,226,Open,Germany,1:00:14,4:31,5:42:33,5:12,4:42:37,11:35:07
1438,1296,"Shawcross, Carl",M45-49,224,Open,United Kingdom,1:05:48,2:42,5:36:00,6:17,4:44:27,11:35:14
1439,404,"Henry, Sika",F35-39,50,Female,United States,1:20:01,4:02,6:26:17,7:02,3:37:58,11:35:20
1440,971,"Pauwels, Johan",M50-54,143,Open,Belgium,1:04:20,3:35,5:24:28,6:36,4:56:33,11:35:32
1441,536,"Pulver, Steven",M65-69,2,Open,United States,1:25:55,6:05,5:57:40,4:58,4:01:31,11:36:09
1442,2331,"Chen, Winona",F25-29,35,Female,United States,1:09:16,3:41,6:26:07,4:10,3:52:56,11:36:10
1443,783,"Van der vinden, Gerrit A",M55-59,66,Open,Netherlands,1:03:40,5:31,5:58:52,6:51,4:21:22,11:36:16
1444,1722,"Satomi, Nagao",F40-44,48,Female,Japan,1:27:36,8:47,6:24:17,6:25,3:29:19,11:36:24
1445,1013,"Toyokawa, Hideki",M50-54,144,Open,Japan,1:16:03,5:17,5:36:32,6:31,4:32:08,11:36:31
1446,951,"Mcgrath, Thomas Gentry",M50-54,145,Open,United States,1:03:36,3:15,5:32:30,8:26,4:48:48,11:36:35
1447,2198,"Liston, Monica",F30-34,45,Female,Australia,1:05:26,5:01,6:24:39,6:38,3:54:55,11:36:39
1448,1148,"Deuter, Torsten",M45-49,225,Open,Germany,1:11:31,5:12,5:38:04,6:23,4:36:10,11:37:20
1449,912,"Guthrie, Doug",M50-54,146,Open,United States,1:09:20,7:13,6:12:54,8:40,3:59:48,11:37:55
1450,237,"Zhou, Xiang",M50-54,147,Open,China,1:18:12,3:23,6:41:13,6:45,3:28:28,11:38:01
1451,1358,"Hildebrand, Michelle",F45-49,32,Female,United States,1:15:01,3:58,5:54:47,4:48,4:19:28,11:38:02
1452,2447,"Schmisseur, Eryn",F18-24,9,Female,United States,57:46,3:37,6:08:39,7:28,4:20:39,11:38:09
1453,787,"Vanmeveren, Bryan",M55-59,67,Open,United States,1:13:14,6:17,5:45:11,6:25,4:27:06,11:38:13
1454,303,"Simons, Jan-Peter",M45-49,226,Open,Netherlands,1:18:27,7:05,5:45:03,5:14,4:22:59,11:38:48
1455,1670,"Bleyen, Isabel",F40-44,49,Female,Belgium,1:24:25,4:10,6:16:33,5:20,3:48:23,11:38:51
1456,2208,"Nattero, Alice",F30-34,46,Female,Italy,1:12:28,4:02,6:10:23,4:04,4:08:07,11:39:04
1457,795,"Arlander, Bodil",F55-59,6,Female,United States,1:13:33,5:06,6:02:17,5:36,4:12:43,11:39:15
1458,1392,"Sikora, Julita",F45-49,33,Female,Poland,1:21:12,3:11,6:07:02,6:07,4:01:45,11:39:17
1459,756,"Phelan, Rick",M55-59,68,Open,United States,1:18:01,4:35,5:39:26,4:25,4:32:57,11:39:24
1460,1382,"Phuah, Kelly",F45-49,34,Female,Australia,1:10:33,4:11,5:29:16,6:41,4:48:52,11:39:33
1461,1360,"Ines villaverde, Maria",F45-49,35,Female,Argentinia,1:27:54,5:29,5:59:40,5:30,4:01:04,11:39:37
1462,1713,"Nicolet, Mindy",F40-44,50,Female,United States,1:06:07,4:06,6:04:48,7:51,4:16:59,11:39:51
1463,1367,"Labrianidis, Catherine",F45-49,36,Female,United Kingdom,1:09:15,5:12,6:18:23,5:28,4:01:47,11:40:05
1464,338,"Eisenhardt, Dan",M40-44,227,Open,Canada,53:37,10:07,5:51:14,6:47,4:38:23,11:40:08
1465,1032,"Zofrea, Vincenzo",M50-54,148,Open,Australia,1:01:27,4:58,5:36:46,4:39,4:52:31,11:40:21
1466,1736,"Wachtershauser, Anna",F40-44,51,Female,Germany,1:18:10,3:56,6:00:14,5:44,4:12:27,11:40:31
1467,525,"Johnson, Eric",M65-69,3,Open,United States,1:14:02,6:24,6:00:05,5:12,4:15:11,11:40:54
1468,947,"Maric, Bojan",M50-54,149,Open,Serbia,1:02:25,6:50,5:43:31,7:51,4:40:26,11:41:03
1469,1078,"Schultz, Alicia",F50-54,9,Female,United States,1:12:18,2:58,6:12:34,3:10,4:10:06,11:41:06
1470,681,"Allen, James",M55-59,69,Open,United States,1:01:24,6:35,5:18:12,3:28,5:11:28,11:41:07
1471,519,"Forster, Gustav",M65-69,4,Open,Germany,1:25:03,5:28,6:02:55,6:58,4:00:44,11:41:08
1472,1715,"Oldfield, Kerry",F40-44,52,Female,United Kingdom,1:05:16,4:21,6:01:59,5:45,4:23:47,11:41:08
1473,1027,"Wippell, Angus",M50-54,150,Open,Australia,1:00:25,4:50,5:41:11,5:28,4:49:15,11:41:09
1474,2003,"Tuff, Gretchen",F35-39,51,Female,United States,1:15:18,4:40,6:00:02,6:04,4:15:12,11:41:16
1475,2434,"Kossen, Allison",F18-24,10,Female,United States,1:11:52,3:29,5:59:37,5:24,4:20:58,11:41:20
1476,295,"Parris, Matthew",M45-49,227,Open,United States,1:15:14,5:31,5:57:41,7:01,4:15:54,11:41:21
1477,780,"Vaage, Brian",M55-59,70,Open,Canada,1:13:29,4:38,5:58:53,3:27,4:20:57,11:41:24
1478,868,"Bye, John",M50-54,151,Open,United States,1:06:17,4:45,5:34:43,8:29,4:47:22,11:41:36
1479,1983,"Oliver, Anthea",F35-39,52,Female,New Zealand,1:10:56,3:39,6:07:53,5:03,4:14:09,11:41:40
1480,609,"Machek, Daniel",M60-64,21,Open,Czech Republic,58:07,4:15,5:44:23,6:11,4:48:48,11:41:44
1481,918,"Hicks, Joseph",M50-54,152,Open,United States,1:23:17,4:36,5:58:06,4:19,4:11:27,11:41:45
1482,2230,"Barclay, Brendan",M25-29,92,Open,United States,54:55,3:55,4:46:43,6:23,5:50:08,11:42:04
1483,109,"Taylor, Gregory",M65-69,5,Open,United States,1:08:47,5:11,6:03:42,5:36,4:18:51,11:42:07
1484,1018,"Richlik, Uwe",M50-54,153,Open,Germany,1:11:26,4:18,5:23:04,5:14,4:58:19,11:42:21
1485,2154,"Van overeem, Pepijn",M30-34,153,Open,Netherlands,1:14:14,5:00,5:42:27,8:43,4:32:05,11:42:29
1486,347,"Herrmann, Thomas",M40-44,228,Open,Germany,1:19:10,5:31,5:52:10,6:38,4:19:03,11:42:32
1487,1341,"Boehm, Simone",F45-49,37,Female,Germany,1:18:14,3:31,6:02:09,3:30,4:15:15,11:42:39
1488,2375,"Woodland, Samantha",F25-29,36,Female,Australia,1:16:35,5:03,6:23:23,5:02,3:52:45,11:42:48
1489,393,"Li, Ping",M35-39,182,Open,China,1:07:16,6:36,6:02:38,5:44,4:20:37,11:42:51
1490,1365,"Kuhl, Ellen",F45-49,38,Female,United States,1:16:23,3:41,6:21:28,6:44,3:54:43,11:42:59
1491,272,"Geiselhart, Uwe",M45-49,228,Open,Germany,1:20:06,5:31,5:45:14,7:54,4:24:21,11:43:06
1492,1355,"Gott, Sarah",F45-49,39,Female,United States,1:07:07,6:02,6:08:20,9:06,4:12:42,11:43:17
1493,1712,"Nicol, Brooke",F40-44,53,Female,Australia,1:27:33,6:24,5:52:47,6:47,4:10:02,11:43:33
1494,1680,"Corless, Mary",F40-44,54,Female,Ireland,1:06:57,4:56,5:54:43,5:49,4:31:14,11:43:39
1495,1036,"Bachmann-goetzer, Birgit",F50-54,10,Female,Germany,1:24:48,3:33,5:48:37,6:12,4:20:58,11:44:08
1496,1958,"Fitz-poole, Olivia",F35-39,53,Female,United Kingdom,1:14:09,3:58,6:04:10,6:40,4:15:22,11:44:19
1497,1998,"Suuronen, Satu",F35-39,54,Female,Finland,1:24:30,2:54,5:48:31,4:39,4:23:52,11:44:26
1498,199,"Furniss, Jeremy",M50-54,154,Open,United Kingdom,1:14:45,5:52,6:00:21,5:24,4:18:04,11:44:26
1499,1571,"Moita, Gael",M40-44,229,Open,France,1:01:02,2:39,6:08:37,5:10,4:27:09,11:44:37
1500,2391,"Gregg, Paul",M18-24,36,Open,United States,1:19:05,5:06,6:12:18,6:24,4:02:02,11:44:55
1501,1160,"Fazan, Rafal",M45-49,229,Open,Poland,1:04:24,5:06,5:25:40,13:44,4:56:11,11:45:05
1502,1942,"Anfimova, Nadezhda",F35-39,55,Female,Russian Federation,1:26:17,2:58,6:20:07,6:23,3:49:28,11:45:13
1503,1699,"Jakobsson, Lena",F40-44,55,Female,Sweden,1:25:46,5:52,5:59:35,5:09,4:08:57,11:45:19
1504,582,"Anhold, John",M60-64,22,Open,United States,1:14:55,4:48,6:01:23,5:50,4:18:29,11:45:25
1505,184,"Collins, Richard",M50-54,155,Open,United Kingdom,1:29:49,3:48,5:49:45,5:47,4:16:20,11:45:29
1506,423,"Silvestrin, Tory",M30-34,154,Open,United States,1:10:25,3:08,5:21:18,3:16,5:07:39,11:45:46
1507,399,"Thelen, Brendan",M35-39,183,Open,United States,1:20:02,5:50,5:43:43,8:51,4:27:23,11:45:49
1508,1529,"Jackson, Austin",M40-44,230,Open,United States,1:04:53,3:35,5:21:17,8:03,5:08:12,11:46:00
1509,2186,"Hakansson, Annah",F30-34,47,Female,Sweden,1:07:13,4:35,6:09:02,5:43,4:19:31,11:46:04
1510,379,"Ochsner, Mieko",F40-44,56,Female,United States,1:21:48,6:16,6:22:00,5:43,3:50:23,11:46:10
1511,1976,"Lee, Jihyun",F35-39,56,Female,Korea,1:11:37,5:24,6:17:09,5:35,4:07:03,11:46:48
1512,1308,"Teran contreras, Javier",M45-49,230,Open,Spain,1:01:32,4:23,5:25:24,4:29,5:11:10,11:46:58
1513,1622,"Smitz, David",M40-44,231,Open,Belgium,1:00:19,3:43,4:54:54,4:48,5:43:17,11:47:01
1514,1074,"O'herlihy, Louella",F50-54,11,Female,United Kingdom,1:24:40,4:33,5:59:59,6:35,4:11:21,11:47:08
1515,662,"Mitchell, Mary",F60-64,1,Female,Australia,1:20:39,3:07,6:10:20,3:48,4:09:23,11:47:17
1516,1049,"Fix, Sara",F50-54,12,Female,United States,1:24:49,6:03,6:05:53,5:49,4:04:58,11:47:32
1517,1734,"Thomsen, Lotte Hoj",F40-44,57,Female,Denmark,1:15:10,4:48,6:03:00,6:41,4:17:55,11:47:34
1518,2430,"Huber, Stephanie",F18-24,11,Female,Germany,1:09:34,3:12,5:49:51,3:04,4:42:00,11:47:41
1519,2364,"Pettit, Isabelle",F25-29,37,Female,United Kingdom,1:16:51,3:23,6:16:48,5:09,4:05:44,11:47:55
1520,2422,"Boylston, Payton",F18-24,12,Female,United States,1:16:16,5:06,6:14:11,6:53,4:05:40,11:48:06
1521,1797,"Duangsopa, Anan",M35-39,184,Open,Thailand,1:07:48,4:40,5:47:20,10:14,4:38:14,11:48:16
1522,2077,"Koppel, David",M30-34,155,Open,United States,1:09:04,4:15,5:43:46,7:42,4:43:34,11:48:21
1523,2429,"Huban, Kelly",F18-24,13,Female,United States,1:06:48,3:58,5:47:26,5:25,4:45:11,11:48:48
1524,598,"Hilger, Gregor",M60-64,23,Open,Germany,1:14:21,7:07,6:08:32,11:53,4:06:56,11:48:49
1525,829,"Pope, Sue",F55-59,7,Female,United States,1:15:29,5:55,6:12:02,5:24,4:10:08,11:48:58
1526,707,"Duenner, Joachim",M55-59,71,Open,Germany,1:05:53,4:03,5:38:49,5:06,4:55:15,11:49:06
1527,1398,"Stotz, Romy",F45-49,40,Female,Germany,1:20:30,4:41,5:58:48,4:13,4:20:58,11:49:10
1528,1570,"Merlin, Davide",M40-44,232,Open,Italy,1:01:01,4:43,5:36:24,6:10,5:00:52,11:49:10
1529,256,"Antoine, Cyrille",M45-49,231,Open,France,1:18:55,6:01,5:55:02,6:17,4:22:56,11:49:11
1530,928,"Jones, Kurt",M50-54,156,Open,United States,1:12:56,5:39,6:09:20,6:04,4:15:17,11:49:16
1531,1919,"Tikkanen, Tuomas",M35-39,185,Open,Finland,1:22:25,4:15,6:34:17,3:36,3:45:09,11:49:42
1532,739,"Macminn, Derek",M55-59,72,Open,Australia,1:09:29,5:59,5:41:28,5:07,4:47:41,11:49:44
1533,2424,"Clayton, Katie",F18-24,14,Female,United States,1:16:02,5:39,6:14:51,8:23,4:05:02,11:49:57
1534,2178,"Dementiev, Carolina",F30-34,48,Female,Panama,1:00:03,5:30,5:59:51,2:29,4:42:11,11:50:04
1535,724,"Henkel, Lothar",M55-59,73,Open,Germany,1:25:35,4:48,5:37:52,4:22,4:37:47,11:50:24
1536,932,"Krause, Andreas",M50-54,157,Open,Germany,1:23:43,3:06,6:05:20,8:19,4:09:59,11:50:27
1537,618,"Noonan, John",M60-64,24,Open,United States,1:20:42,5:09,6:01:42,4:50,4:18:18,11:50:41
1538,1999,"Szadvari, Judit",F35-39,57,Female,Hungary,1:27:33,3:32,6:10:29,4:19,4:05:17,11:51:10
1539,1723,"Schmidt, Tracey",F40-44,58,Female,Australia,1:17:36,3:55,5:54:28,4:44,4:30:29,11:51:12
1540,1827,"Diestelkamp, Eike Jan",M35-39,186,Open,Germany,1:26:54,4:48,5:32:56,7:11,4:39:26,11:51:15
1541,699,"Croteau, Sylvain",M55-59,74,Open,Canada,1:09:17,5:45,5:45:51,10:33,4:39:58,11:51:24
1542,1963,"Geilhof, Barbara",F35-39,58,Female,Germany,1:16:25,5:07,5:38:27,5:21,4:46:45,11:52:05
1543,388,"Forstinger, Elias",M35-39,187,Open,Austria,1:20:36,7:32,6:13:56,7:54,4:02:12,11:52:10
1544,1071,"Mclaughlan, Joanne",F50-54,13,Female,Australia,1:15:02,4:17,5:49:41,3:32,4:39:39,11:52:11
1545,1256,"Park, Reon",M45-49,232,Open,New Zealand,58:54,3:20,4:44:22,3:33,6:02:04,11:52:13
1546,589,"Davies, Evan",M60-64,25,Open,United Kingdom,1:30:10,3:56,6:05:02,4:02,4:09:09,11:52:19
1547,1379,"Parry-williams, Vanessa",F45-49,41,Female,Australia,1:18:23,6:04,6:23:20,8:02,3:56:41,11:52:30
1548,941,"Lesourd, Francois",M50-54,158,Open,France,1:06:41,2:57,5:56:26,7:59,4:38:42,11:52:45
1549,3019,"Huse, Sue",FPRO,35,Female,Canada,1:51:02,5:24,5:39:16,5:13,4:11:50,11:52:45
1550,1373,"Medak, Alicja",F45-49,42,Female,Poland,1:30:19,4:17,6:09:48,5:53,4:03:14,11:53:31
1551,984,"Riddebuock, Christian",M50-54,159,Open,Germany,1:25:58,7:31,6:13:17,6:14,4:00:36,11:53:36
1552,1407,"Weedon, Regina",F45-49,43,Female,Australia,1:09:06,4:15,6:18:34,4:03,4:18:24,11:54:22
1553,255,"Amato, Pablo",M45-49,233,Open,Argentinia,1:18:40,4:50,6:18:51,7:01,4:05:10,11:54:32
1554,1697,"Houghton, Carrie",F40-44,59,Female,Canada,1:19:26,5:22,6:10:21,4:52,4:14:31,11:54:32
1555,619,"Otto, Rene",M60-64,26,Open,South Africa,1:16:26,5:28,5:35:30,5:38,4:51:51,11:54:53
1556,1364,"Knape, Uta",F45-49,44,Female,Germany,1:21:05,4:04,5:48:27,5:02,4:36:18,11:54:56
1557,1361,"Kallioinen, Katja",F45-49,45,Female,Finland,1:21:54,5:39,6:05:55,6:23,4:15:07,11:54:58
1558,1042,"Campeau, Stacey",F50-54,14,Female,Canada,1:32:53,5:31,5:39:25,7:51,4:29:22,11:55:02
1559,265,"Crkva, Frantisek",M45-49,234,Open,Czech Republic,1:24:56,6:25,5:55:19,5:48,4:22:37,11:55:05
1560,1388,"Rutledge, Ali",F45-49,46,Female,United States,1:07:11,5:41,6:00:41,7:15,4:34:21,11:55:09
1561,1051,"Friedrich, Katrin",F50-54,15,Female,Germany,1:15:12,4:08,5:41:28,5:20,4:49:07,11:55:15
1562,822,"Middleton, Colleen",F55-59,8,Female,Australia,1:19:52,5:08,6:16:27,7:24,4:06:26,11:55:17
1563,1337,"Barter, Juanita",F45-49,47,Female,Papua New Guinea,1:21:34,5:04,6:11:39,4:58,4:12:15,11:55:30
1564,193,"Delemarre, Mario",M50-54,160,Open,Belgium,1:20:43,5:46,5:48:11,6:12,4:34:40,11:55:32
1565,298,"Rickards, William",M45-49,235,Open,United States,1:13:18,4:32,5:47:44,5:38,4:44:26,11:55:38
1566,218,"Picton, Kevin",M50-54,161,Open,Australia,1:12:38,5:58,6:05:48,11:18,4:20:23,11:56:05
1567,1944,"Barbosa reis guimaraes, Cintia",F35-39,59,Female,Brazil,1:06:44,6:20,6:23:46,3:54,4:15:30,11:56:14
1568,233,"Vilanna riera, David",M50-54,162,Open,Andorra,1:22:58,4:09,6:09:01,5:13,4:15:01,11:56:22
1569,288,"Martin, Terry",M45-49,236,Open,Australia,1:20:07,4:17,5:44:42,4:48,4:42:31,11:56:25
1570,590,"Dunbabin, Richard",M60-64,27,Open,United Kingdom,1:12:28,3:31,5:56:03,7:25,4:37:02,11:56:29
1571,2451,"Vanderpool, Paige",F18-24,15,Female,United States,1:02:55,4:07,6:11:49,7:45,4:30:11,11:56:47
1572,603,"Kinsey, Nicholas",M60-64,28,Open,United Kingdom,1:07:45,4:11,5:26:43,5:06,5:13:05,11:56:50
1573,880,"Clements, David",M50-54,163,Open,United Kingdom,1:38:56,4:55,5:49:13,8:12,4:16:02,11:57:18
1574,357,"Marquez fernandez, David",M40-44,233,Open,Spain,1:13:13,3:56,5:52:27,6:03,4:41:45,11:57:24
1575,2009,"Warzybok, Magda",F35-39,60,Female,Poland,1:22:11,4:08,5:58:41,5:22,4:27:11,11:57:33
1576,395,"Melcher, Daniel",M35-39,188,Open,United States,1:30:10,6:25,6:04:30,7:04,4:09:24,11:57:33
1577,678,"Wojtasinskiy, Nelly",F60-64,2,Female,France,1:22:05,4:03,6:02:11,5:44,4:23:39,11:57:42
1578,1046,"Duvebrant, Sanna",F50-54,16,Female,Finland,1:17:59,3:29,6:03:59,5:56,4:26:57,11:58:20
1579,1484,"Fernandes, Nuno",M40-44,234,Open,Portugal,1:15:46,4:50,6:14:30,7:45,4:15:42,11:58:33
1580,1060,"Houghton, Tanya",F50-54,17,Female,United States,1:22:32,4:12,5:55:23,5:19,4:31:35,11:59:01
1581,146,"Glah, Ken",M55-59,75,Open,United States,1:02:38,4:28,5:28:31,4:48,5:18:41,11:59:06
1582,1371,"Mazon goncalves, Sofia",F45-49,48,Female,Brazil,1:18:12,5:23,6:23:17,7:55,4:04:20,11:59:07
1583,311,"Tan, Adrian",M45-49,237,Open,United Kingdom,1:18:47,4:33,6:11:47,6:29,4:17:33,11:59:09
1584,1134,"Cosgrove, Damien",M45-49,238,Open,Ireland,1:08:58,8:01,5:42:53,40:33,4:18:45,11:59:10
1585,1199,"Ivanco, Michal",M45-49,239,Open,Slovakia,1:22:04,3:37,5:38:13,6:09,4:49:19,11:59:22
1586,740,"Matthews, Glenn",M55-59,76,Open,Australia,1:12:21,6:16,5:47:53,9:29,4:43:41,11:59:40
1587,899,"Fox, Thomas",M50-54,164,Open,Germany,1:22:27,5:42,5:54:13,7:02,4:30:36,12:00:00
1588,270,"Fourie, Jaco",M45-49,240,Open,South Africa,1:02:33,4:40,6:08:20,5:16,4:39:18,12:00:07
1589,221,"Radermacher, Oliver",M50-54,165,Open,Germany,1:27:56,4:08,6:26:23,5:01,3:56:41,12:00:09
1590,631,"Tremaine, Vincent",M60-64,29,Open,Australia,1:16:54,4:41,6:10:26,6:31,4:21:48,12:00:20
1591,615,"Monica, Tom",M60-64,30,Open,United States,1:02:49,4:41,5:59:39,5:43,4:47:29,12:00:21
1592,1951,"Cherry, Sara",F35-39,61,Female,United States,1:06:25,5:27,6:16:04,11:07,4:21:34,12:00:37
1593,1017,"Umland, Carsten",M50-54,166,Open,Germany,1:09:55,5:37,5:54:30,5:13,4:45:27,12:00:42
1594,657,"Macleod, Jane",F60-64,3,Female,Canada,1:24:48,4:57,6:17:17,5:03,4:08:44,12:00:49
1595,714,"Glynn, Tom",M55-59,77,Open,United States,1:19:14,5:44,5:48:47,4:18,4:42:55,12:00:58
1596,2367,"Roberts, Taryn",F25-29,38,Female,United Kingdom,1:09:33,4:40,6:31:41,5:37,4:09:36,12:01:07
1597,720,"Hallis, John",M55-59,78,Open,Australia,1:18:07,4:54,5:39:49,6:43,4:51:56,12:01:29
1598,538,"Robinson, Kim",M65-69,6,Open,Canada,1:14:41,6:27,6:00:25,7:37,4:32:22,12:01:32
1599,2376,"Young, Emily",F25-29,39,Female,United Kingdom,1:20:13,5:12,6:21:05,6:51,4:08:12,12:01:33
1600,1410,"Wolfgang, Linda",F45-49,49,Female,Sweden,1:21:43,6:04,5:57:40,7:28,4:28:39,12:01:34
1601,799,"Cedat, Nathaly",F55-59,9,Female,France,1:21:08,6:06,6:07:33,5:10,4:21:38,12:01:35
1602,1048,"Falkenstein, Britta",F50-54,18,Female,Germany,1:28:24,3:47,6:23:01,4:48,4:01:39,12:01:39
1603,1272,"Rees, Michael",M45-49,241,Open,Australia,57:56,4:10,5:31:22,4:43,5:23:57,12:02:08
1604,811,"Gundle, Jo",F55-59,10,Female,United Kingdom,1:33:38,5:13,6:01:57,3:30,4:18:10,12:02:28
1605,870,"Cannon, Tony",M50-54,167,Open,United States,1:20:52,6:05,5:45:00,4:31,4:46:05,12:02:33
1606,2189,"Irizarry, Stephanie",F30-34,49,Female,United States,1:15:03,3:56,6:12:38,4:15,4:27:09,12:03:01
1607,1070,"Mcdermott, Jennifer",F50-54,19,Female,New Zealand,1:14:49,7:35,6:32:04,5:34,4:03:19,12:03:21
1608,2347,"Knight, Jessica",F25-29,40,Female,Australia,1:14:08,4:20,6:24:27,4:40,4:15:47,12:03:22
1609,1342,"Buttner, Tina",F45-49,50,Female,United States,1:18:00,5:08,6:17:08,4:23,4:18:45,12:03:24
1610,728,"Karber, Klaus",M55-59,79,Open,Germany,1:17:51,4:44,6:02:25,5:36,4:32:59,12:03:35
1611,597,"Hachey, Guy",M60-64,31,Open,Canada,1:12:12,7:25,6:00:02,9:57,4:34:07,12:03:43
1612,1514,"Hageman, Josh",M40-44,235,Open,United States,1:12:13,6:29,5:24:38,6:12,5:14:11,12:03:43
1613,746,"Morris, Mike",M55-59,80,Open,United Kingdom,1:21:49,6:54,5:46:13,10:45,4:38:14,12:03:55
1614,1044,"Cordeiro, Ilka",F50-54,20,Female,Brazil,1:11:46,7:02,6:23:45,5:07,4:16:20,12:04:00
1615,722,"Harvey, Terry",M55-59,81,Open,United Kingdom,1:20:52,5:33,5:55:06,5:47,4:36:52,12:04:10
1616,781,"Vaffides, Patrick",M55-59,82,Open,France,1:14:17,4:11,6:08:03,4:26,4:33:14,12:04:11
1617,2008,"Walton, Claire",F35-39,62,Female,United Kingdom,1:10:05,4:00,6:18:41,4:34,4:27:09,12:04:29
1618,387,"Ehrhardt, Brian",M35-39,189,Open,United States,1:08:33,4:07,6:04:27,8:02,4:39:46,12:04:55
1619,1411,"Youngberg, Becky",F45-49,51,Female,United States,1:02:44,4:46,6:27:05,4:33,4:25:48,12:04:56
1620,1050,"Freyer, Anette",F50-54,21,Female,Germany,1:10:47,4:33,6:08:06,6:04,4:35:27,12:04:57
1621,640,"Campbell, Jennifer",F60-64,4,Female,Canada,1:16:43,4:19,6:15:12,7:07,4:21:51,12:05:12
1622,627,"Roberts, Wyman",M60-64,32,Open,United States,1:18:18,5:18,5:55:33,6:21,4:39:49,12:05:19
1623,1396,"Soules, Carolyn",F45-49,52,Female,United States,1:17:04,5:37,6:20:47,6:28,4:15:31,12:05:27
1624,907,"Gomez, Ivan",M50-54,168,Open,Venezuela,1:14:46,8:59,5:58:19,8:37,4:35:21,12:06:02
1625,341,"Fryirs, Tim",M40-44,236,Open,Australia,1:09:45,8:52,6:28:32,8:00,4:11:18,12:06:27
1626,2445,"Saussus, Ophelie",F18-24,16,Female,Belgium,1:12:16,3:12,6:10:23,3:23,4:37:25,12:06:39
1627,1344,"Clooney, Robin",F45-49,53,Female,Canada,1:12:06,4:24,6:11:54,6:05,4:32:12,12:06:41
1628,310,"Sundberg, Aaron",M45-49,242,Open,United States,1:03:53,7:23,5:56:39,7:29,4:51:26,12:06:50
1629,859,"Bouvier, Arnaud",M50-54,169,Open,France,1:08:50,3:30,5:29:48,7:56,5:17:00,12:07:04
1630,1401,"Tartavel, Florence",F45-49,54,Female,Canada,1:12:46,6:05,6:10:04,6:07,4:32:03,12:07:05
1631,1907,"Svoboda, Milan",M35-39,190,Open,Czech Republic,1:10:23,4:05,5:45:27,11:23,4:55:58,12:07:16
1632,752,"Passinger, Michael",M55-59,83,Open,Germany,1:22:09,4:15,6:17:27,5:19,4:18:47,12:07:57
1633,264,"Cotter, Craig",M45-49,243,Open,Australia,1:20:03,7:21,6:06:08,6:17,4:28:10,12:07:59
1634,1677,"Chin, Mei See",F40-44,60,Female,Malaysia,1:25:04,5:38,6:00:23,7:30,4:29:31,12:08:06
1635,2305,"Seim, Justin",M25-29,93,Open,United States,1:16:35,8:00,6:11:14,11:28,4:21:17,12:08:34
1636,800,"Davidson, Sarah",F55-59,11,Female,United States,1:11:16,5:39,6:27:28,4:10,4:20:32,12:09:05
1637,684,"Arnold, David",M55-59,84,Open,Australia,1:15:23,7:07,5:38:01,6:19,5:02:42,12:09:32
1638,987,"Romano, Paolo",M50-54,170,Open,Italy,1:10:31,5:26,5:46:45,8:02,4:58:52,12:09:36
1639,1062,"Johnson, Christy",F50-54,22,Female,United States,1:14:40,6:06,5:53:23,5:32,4:50:18,12:09:59
1640,706,"Downer, Kenneth",M55-59,85,Open,United States,1:17:01,4:33,5:49:12,3:44,4:55:45,12:10:15
1641,1405,"Van vuuren, Yolande",F45-49,55,Female,Australia,1:12:16,5:52,6:03:05,11:24,4:37:40,12:10:17
1642,1667,"Bader, Rebecca",F40-44,61,Female,United States,1:26:15,4:58,6:21:18,5:12,4:12:47,12:10:30
1643,1354,"Gallo, Andrea",F45-49,56,Female,Switzerland,1:14:08,5:13,6:06:23,9:48,4:35:03,12:10:35
1644,549,"Valena, Tomas",M65-69,7,Open,Australia,1:22:13,5:50,6:21:46,4:22,4:16:28,12:10:39
1645,263,"Cohen, Adam",M45-49,244,Open,United States,1:18:25,4:51,6:32:10,5:10,4:10:04,12:10:40
1646,1005,"Song, Kangsub",M50-54,171,Open,Korea,1:14:48,3:53,6:06:13,8:23,4:37:27,12:10:44
1647,1076,"Rogers, Laurel",F50-54,23,Female,Australia,1:15:14,6:02,6:15:41,7:41,4:26:37,12:11:15
1648,696,"Cho, Junghyun",M55-59,86,Open,Korea,1:20:46,7:39,5:51:43,7:54,4:43:13,12:11:15
1649,163,"Salway, Garon",M55-59,87,Open,United States,1:06:57,4:39,5:48:24,5:34,5:05:47,12:11:21
1650,629,"Short, Andrew",M60-64,33,Open,Australia,1:15:18,5:10,6:02:27,3:24,4:45:35,12:11:54
1651,220,"Quick, Steven",M50-54,172,Open,Australia,1:06:10,6:28,6:01:10,6:05,4:52:08,12:12:01
1652,1992,"Shaimerdenova, Dina",F35-39,63,Female,Kazakhstan,1:07:27,3:48,6:18:01,3:53,4:39:00,12:12:09
1653,715,"Gondre, Philippe",M55-59,88,Open,France,1:04:44,6:00,6:14:30,10:17,4:36:43,12:12:14
1654,1055,"Hayes, Melanie",F50-54,24,Female,United Kingdom,1:35:52,5:59,6:03:46,8:42,4:18:10,12:12:29
1655,1684,"Defilippi, Angie",F40-44,62,Female,United States,1:14:58,3:13,6:34:05,4:53,4:15:39,12:12:48
1656,630,"Sylla, Patrick",M60-64,34,Open,France,1:09:26,5:31,5:47:45,6:25,5:03:47,12:12:54
1657,147,"Goyvaerts, Dirk",M55-59,89,Open,Belgium,1:18:08,5:14,6:10:51,6:09,4:32:41,12:13:03
1658,837,"Sommer, Kirstin",F55-59,12,Female,Germany,1:24:47,3:59,6:16:58,4:03,4:23:37,12:13:24
1659,2357,"Michel, Anais",F25-29,41,Female,France,1:19:43,4:05,6:05:01,9:01,4:35:34,12:13:24
1660,1575,"Navarro, Javier Cepeda",M40-44,237,Open,Colombia,1:02:21,5:56,5:26:29,9:32,5:29:24,12:13:42
1661,192,"De lange, Bob",M50-54,173,Open,Belgium,1:20:49,8:05,6:18:00,7:37,4:19:14,12:13:45
1662,712,"French, John",M55-59,90,Open,United Kingdom,1:23:13,5:12,6:08:06,6:18,4:31:18,12:14:07
1663,1077,"Schrijvers, Griet",F50-54,25,Female,Belgium,1:21:24,3:50,6:11:02,6:35,4:31:23,12:14:14
1664,1378,"Parker, Anna",F45-49,57,Female,United States,1:12:14,5:31,6:13:02,4:15,4:39:20,12:14:22
1665,959,"Mischler, Martin",M50-54,174,Open,Switzerland,1:13:59,4:07,5:49:37,6:11,5:00:34,12:14:28
1666,331,"Busto herrejon, Arturo",M40-44,238,Open,Mexico,1:07:22,5:24,6:02:34,6:15,4:53:03,12:14:38
1667,2403,"Matthews, Jack",M18-24,37,Open,Australia,1:02:55,4:07,5:40:43,6:03,5:20:52,12:14:40
1668,823,"Miller, Barbara Rita",F55-59,13,Female,Switzerland,1:40:00,6:56,6:24:07,4:48,3:58:49,12:14:40
1669,821,"Mcelhaney, Mary Lynne",F55-59,14,Female,United States,1:07:59,4:41,6:03:02,5:34,4:53:30,12:14:46
1670,1385,"Revie, Stacey",F45-49,58,Female,Australia,1:07:12,5:31,6:10:49,8:12,4:43:15,12:14:59
1671,826,"Orepic, Durdica",F55-59,15,Female,Croatia,1:28:25,4:39,6:09:11,4:19,4:28:35,12:15:09
1672,588,"Costantino, Larry",M60-64,35,Open,United States,1:14:23,6:22,6:18:30,5:51,4:30:23,12:15:29
1673,620,"Perkins, Daniel",M60-64,36,Open,United States,1:18:47,4:40,5:53:28,3:36,4:55:04,12:15:35
1674,1057,"Heller, Dora",F50-54,26,Female,Israel,1:36:10,6:16,6:03:22,6:32,4:23:50,12:16:10
1675,1067,"Leach, Nadia",F50-54,27,Female,Canada,1:28:27,5:39,6:09:08,5:16,4:28:05,12:16:35
1676,1040,"Berglund, Ulrika",F50-54,28,Female,Sweden,1:17:49,4:43,6:05:52,4:04,4:44:24,12:16:52
1677,1089,"Wilson, Caroline",F50-54,29,Female,United States,1:40:42,3:53,6:12:45,3:41,4:15:54,12:16:55
1678,1088,"Wells, Beverley",F50-54,30,Female,Canada,1:18:01,6:16,6:22:25,8:05,4:22:26,12:17:13
1679,608,"Lukanich, Jim",M60-64,37,Open,United States,1:23:05,8:05,5:28:25,8:30,5:09:12,12:17:17
1680,621,"Perrin, Jean Luc",M60-64,38,Open,France,1:28:11,5:43,5:53:08,6:07,4:44:26,12:17:35
1681,1619,"Silva, Rodrigo",M40-44,239,Open,Brazil,1:21:40,5:47,5:41:56,5:42,5:02:48,12:17:53
1682,988,"Rosaasen, Morten",M50-54,175,Open,Norway,1:24:33,5:37,5:56:55,7:51,4:44:19,12:19:15
1683,1090,"Yamazawa, Yoko",F50-54,31,Female,Japan,1:24:43,7:07,6:30:31,7:03,4:10:23,12:19:47
1684,1721,"Rivera, Katherine",F40-44,63,Female,Puerto Rico,1:29:23,4:19,6:17:25,4:46,4:23:59,12:19:52
1685,873,"Carne, Peter",M50-54,176,Open,Australia,1:01:18,5:11,5:47:57,11:28,5:13:59,12:19:53
1686,1572,"Muller, Erik",M40-44,240,Open,Germany,1:06:20,3:38,5:45:09,7:22,5:17:28,12:19:57
1687,1085,"Vrieze, Dorothe",F50-54,32,Female,Netherlands,1:17:39,3:57,6:39:22,6:06,4:13:00,12:20:04
1688,1369,"Leo, Nicki",F45-49,59,Female,United States,1:17:12,4:35,6:19:21,5:58,4:33:04,12:20:10
1689,230,"Tuck, Paul",M50-54,177,Open,United Kingdom,1:10:56,11:23,6:03:53,9:42,4:44:17,12:20:11
1690,807,"Gannon, Elizabeth",F55-59,16,Female,United Kingdom,1:27:01,4:44,6:16:56,7:24,4:24:14,12:20:19
1691,382,"Stevens, Grace",F40-44,64,Female,Australia,1:07:21,3:58,6:06:40,6:49,4:55:35,12:20:23
1692,1356,"Gras-thompson, Beni",F45-49,60,Female,United States,1:09:05,4:02,5:18:17,4:26,5:44:40,12:20:30
1693,1947,"Bund, Sara",F35-39,64,Female,Germany,1:06:44,5:17,6:29:23,5:43,4:33:24,12:20:31
1694,1669,"Benedict, Courtney",F40-44,65,Female,United States,1:21:16,7:11,6:30:11,6:59,4:15:37,12:21:14
1695,308,"Stepanek, Frantisek",M45-49,245,Open,Czech Republic,1:15:17,4:50,6:04:49,5:48,4:50:54,12:21:38
1696,225,"Sendelbach, Tim",M50-54,178,Open,United States,1:34:56,3:42,6:11:43,4:13,4:27:23,12:21:57
1697,1335,"Arthur, Megan",F45-49,61,Female,New Zealand,1:13:10,5:20,5:52:10,4:54,5:06:39,12:22:13
1698,1376,"Morrow, Russet",F45-49,62,Female,United States,1:14:29,5:20,6:16:38,3:56,4:41:55,12:22:18
1699,1066,"Lawrence, Patti",F50-54,33,Female,United States,1:22:09,4:34,6:01:32,6:57,4:47:30,12:22:42
1700,794,"Yamauchi, Akio",M55-59,91,Open,Japan,1:38:10,11:23,5:52:51,8:32,4:32:07,12:23:03
1701,737,"Lesage, Xavier",M55-59,92,Open,France,1:19:07,4:50,5:57:36,7:54,4:53:48,12:23:15
1702,241,"Goodnight, Nancy",F50-54,34,Female,United States,1:32:33,5:59,6:28:31,6:09,4:10:17,12:23:29
1703,2181,"Faulke-tanner, Bianca",F30-34,50,Female,Australia,1:08:27,4:24,6:11:37,6:15,4:53:16,12:23:59
1704,1664,"Abascal menocal, Clara",F40-44,66,Female,Mexico,1:11:50,6:20,6:14:54,5:43,4:45:19,12:24:06
1705,2449,"Tatko, Rachael",F18-24,17,Female,United States,1:10:02,4:36,6:45:04,14:22,4:10:14,12:24:18
1706,601,"Gallo, Oscar",M60-64,39,Open,Argentinia,1:19:54,3:14,6:03:50,4:40,4:52:50,12:24:28
1707,1972,"Jenkins, Anna",F35-39,65,Female,United Kingdom,1:24:13,3:32,6:02:22,7:12,4:47:32,12:24:51
1708,904,"Giguere, John",M50-54,179,Open,Canada,1:21:11,6:08,6:00:07,6:55,4:50:31,12:24:52
1709,848,"Walden, Natalie",F55-59,17,Female,Canada,1:20:29,5:44,6:24:40,7:17,4:26:44,12:24:54
1710,145,"Ganley, Patrick",M55-59,93,Open,United States,1:22:37,7:13,6:03:37,6:27,4:46:05,12:25:59
1711,2431,"Hudepohl, Jackie",F18-24,18,Female,United States,1:24:43,4:54,6:06:48,5:14,4:44:26,12:26:05
1712,1659,"Withrow, John",M40-44,241,Open,United States,1:11:45,5:16,5:52:06,5:41,5:11:23,12:26:11
1713,202,"Kato, Masahiko",M50-54,180,Open,Japan,1:24:22,5:53,6:28:34,8:01,4:19:32,12:26:22
1714,1031,"Zarbo, Salvatore",M50-54,181,Open,Italy,1:20:15,3:17,5:40:36,6:36,5:15:54,12:26:38
1715,761,"Rossi, Luigi",M55-59,94,Open,Italy,1:16:57,5:51,5:52:48,6:37,5:04:44,12:26:57
1716,1442,"Breuer, Todd",M40-44,242,Open,United States,1:24:53,6:09,6:19:09,6:57,4:29:51,12:26:59
1717,548,"Turbitt, Gerard",M65-69,8,Open,Ireland,1:33:30,7:23,6:26:15,7:28,4:12:25,12:27:01
1718,2238,"Braam, Jake",M25-29,94,Open,United States,1:07:25,4:35,5:22:52,8:33,5:43:36,12:27:01
1719,2266,"Jagielo, Anthony",M25-29,95,Open,United States,1:12:49,4:02,5:13:18,4:49,5:52:03,12:27:01
1720,836,"Smith, Rebecca",F55-59,18,Female,United States,1:10:08,6:04,6:46:29,3:07,4:21:17,12:27:05
1721,1065,"Kronberg christensen, Mia",F50-54,35,Female,Denmark,1:25:47,4:44,6:31:14,6:40,4:19:05,12:27:30
1722,337,"Dykzeul, Christopher",M40-44,243,Open,New Zealand,1:07:14,7:59,6:26:52,10:39,4:34:53,12:27:37
1723,1068,"Lebos, Nicola",F50-54,36,Female,South Africa,1:12:26,5:34,6:21:00,6:27,4:42:28,12:27:55
1724,1041,"Campbell, Selina",F50-54,37,Female,Canada,1:24:09,8:14,6:16:59,6:58,4:31:53,12:28:13
1725,994,"Schon, Ralf",M50-54,182,Open,Germany,1:02:27,4:43,6:04:36,7:57,5:08:47,12:28:30
1726,1595,"Putrah, Trevor",M40-44,244,Open,United States,1:16:22,7:54,6:06:18,9:22,4:48:39,12:28:35
1727,975,"Pocas, Augusto Cesar",M50-54,183,Open,Brazil,1:07:43,3:59,5:34:30,8:25,5:34:00,12:28:37
1728,140,"Deer, Tim",M55-59,95,Open,United States,1:34:08,8:08,6:33:23,8:43,4:04:41,12:29:03
1729,373,"Dennis, Kristen",F40-44,67,Female,United States,1:20:11,7:24,6:17:01,8:10,4:36:27,12:29:13
1730,617,"Nobili, Aldo",M60-64,40,Open,Italy,1:16:00,5:50,5:53:20,3:26,5:10:40,12:29:16
1731,1362,"Kaplan-rakowski, Regina",F45-49,63,Female,Poland,1:25:27,5:51,6:22:54,8:17,4:26:54,12:29:23
1732,1080,"Smith, Laurie",F50-54,38,Female,United States,1:16:07,6:33,6:30:37,7:47,4:28:37,12:29:41
1733,1400,"Tan, Bernadette",F45-49,64,Female,Philippines,1:31:00,6:03,6:15:33,6:53,4:30:31,12:30:00
1734,292,"Mueller, Falk",M45-49,246,Open,Germany,1:15:10,9:17,6:20:44,10:28,4:34:29,12:30:08
1735,1210,"Kim, Yunoh",M45-49,247,Open,Korea,1:19:49,9:09,6:05:09,6:43,4:49:49,12:30:39
1736,1058,"Hitchcock, Lisa",F50-54,39,Female,New Zealand,1:27:10,6:22,6:12:41,7:20,4:37:19,12:30:52
1737,1438,"Bossog, Marcel",M40-44,245,Open,Germany,1:12:29,5:16,5:44:45,6:32,5:22:10,12:31:12
1738,593,"Foulounoux, Thierry",M60-64,41,Open,France,1:16:56,5:39,6:27:44,9:23,4:32:34,12:32:16
1739,2183,"Ford, Susannah",F30-34,51,Female,United States,58:41,6:19,7:00:55,6:47,4:19:34,12:32:16
1740,1035,"Arnold, Susan",F50-54,40,Female,Canada,1:16:40,5:47,6:08:26,8:18,4:53:32,12:32:43
1741,197,"Ellis-smith, Jon",M50-54,184,Open,United Kingdom,1:14:01,6:29,6:19:09,8:56,4:44:08,12:32:43
1742,1698,"Hudson, Johanna",F40-44,68,Female,Canada,1:23:13,6:17,6:32:47,5:31,4:25:38,12:33:26
1743,584,"Bergeron, John",M60-64,42,Open,United States,1:12:23,5:30,6:41:05,5:02,4:29:29,12:33:29
1744,643,"Daggett, Julia",F60-64,5,Female,United States,1:22:46,4:05,6:21:50,3:57,4:41:16,12:33:54
1745,1993,"Simpson, Diana",F35-39,66,Female,New Zealand,58:45,3:59,5:37:48,4:28,5:49:03,12:34:03
1746,1086,"Weiss-hantsche, Katrin",F50-54,41,Female,Germany,1:24:16,3:32,5:45:43,4:11,5:16:33,12:34:15
1747,312,"Tucker, Brian",M45-49,248,Open,United States,1:16:10,5:58,6:01:52,8:15,5:02:21,12:34:36
1748,1064,"King, Christina",F50-54,42,Female,United States,1:35:35,6:14,6:22:39,7:03,4:23:09,12:34:40
1749,882,"Craig, Simon",M50-54,185,Open,Canada,1:14:28,5:46,6:15:15,4:11,4:55:03,12:34:43
1750,658,"Mcminn, June",F60-64,6,Female,Ireland,1:33:22,5:47,6:21:18,9:43,4:24:46,12:34:56
1751,1604,"Samuel, Mark",M40-44,246,Open,United States,1:11:27,4:45,5:25:58,7:25,5:45:29,12:35:04
1752,1188,"Hellberg, Franz",M45-49,249,Open,Sweden,1:02:52,7:13,5:13:22,11:48,6:00:02,12:35:17
1753,1063,"Jorris, Heather",F50-54,43,Female,United States,1:08:49,4:58,6:30:30,5:33,4:45:42,12:35:32
1754,1733,"Sullivan, Danielle",F40-44,69,Female,United States,1:09:42,3:49,6:34:16,7:08,4:41:01,12:35:56
1755,861,"Brechmann, Frank",M50-54,186,Open,Germany,1:08:29,3:58,6:01:10,6:52,5:15:29,12:35:58
1756,1072,"Minagawa, Akiko",F50-54,44,Female,Japan,1:29:39,10:15,6:29:31,6:28,4:20:11,12:36:04
1757,820,"Matsui, Yoko",F55-59,19,Female,Japan,1:20:27,7:22,6:43:35,6:02,4:19:05,12:36:31
1758,1941,"Allen, Rachel",F35-39,67,Female,United States,1:03:51,5:43,6:23:37,6:11,4:57:33,12:36:55
1759,759,"Reitz, Johannes",M55-59,96,Open,United States,1:09:21,3:42,6:05:59,6:42,5:12:32,12:38:16
1760,366,"Shand, David",M40-44,247,Open,United States,1:14:25,8:47,6:17:50,8:36,4:48:48,12:38:26
1761,1110,"Berbner, Jochen",M45-49,250,Open,Germany,1:15:08,6:49,6:24:57,8:48,4:43:31,12:39:13
1762,1971,"Isaac, Jennifer",F35-39,68,Female,United Kingdom,1:10:10,5:03,6:47:44,7:02,4:30:25,12:40:24
1763,2190,"Kay, Chloe",F30-34,52,Female,Australia,1:08:23,4:19,6:41:57,5:03,4:40:48,12:40:30
1764,313,"Vargas de la rosa, Fernando",M45-49,251,Open,Mexico,1:19:04,4:53,6:02:01,5:54,5:08:45,12:40:37
1765,729,"Kawashima, Ryuichi",M55-59,97,Open,Japan,1:09:46,3:40,5:45:30,4:14,5:38:01,12:41:11
1766,1765,"Bridges, Jason",M35-39,191,Open,United States,1:01:30,3:17,5:44:24,9:56,5:42:09,12:41:16
1767,348,"Hillert, Gunnar",M40-44,248,Open,Germany,1:34:32,10:05,6:01:49,7:22,4:47:29,12:41:17
1768,2428,"Holmes, Jasmine",F18-24,19,Female,United Kingdom,58:12,6:36,6:52:16,9:51,4:34:26,12:41:21
1769,179,"Bauer, Jorg",M50-54,187,Open,Germany,1:11:13,4:36,6:02:12,7:44,5:15:38,12:41:23
1770,611,"Mcleod, Andrew Ian",M60-64,43,Open,New Zealand,1:14:03,6:05,6:07:02,5:49,5:08:25,12:41:24
1771,1393,"Simmons, Michelle",F45-49,65,Female,United States,1:02:25,4:19,6:13:20,8:19,5:13:01,12:41:24
1772,390,"Kendy kaneshiro, Marcelo",M35-39,192,Open,Brazil,1:26:32,5:43,6:15:14,7:23,4:47:04,12:41:56
1773,2444,"Rutherford, Rachel",F18-24,20,Female,United Kingdom,1:12:13,5:15,6:39:01,7:31,4:38:01,12:42:01
1774,209,"Mcdonald, Michael",M50-54,188,Open,United States,1:25:32,6:43,6:13:23,6:47,4:49:57,12:42:22
1775,258,"Buntine, Rob",M45-49,252,Open,Australia,1:05:20,4:03,5:40:45,5:51,5:46:35,12:42:34
1776,1408,"Willett, Anna",F45-49,66,Female,Australia,1:12:28,4:15,6:12:34,3:22,5:10:50,12:43:29
1777,480,"Hefti, Hermann",M70-74,1,Open,Switzerland,1:28:26,6:55,6:13:53,9:22,4:45:24,12:44:00
1778,334,"Crowley, Matt",M40-44,249,Open,Australia,1:01:47,5:36,5:57:11,10:28,5:29:07,12:44:09
1779,676,"White, Janie",F60-64,7,Female,United States,1:21:24,5:24,6:08:32,4:44,5:04:06,12:44:10
1780,2172,"Bilato, Carolina",F30-34,53,Female,Brazil,1:03:49,2:49,6:40:46,7:00,4:49:51,12:44:15
1781,381,"Pfeiffer, Margot",F40-44,70,Female,Austria,1:21:19,4:58,6:43:39,6:01,4:28:22,12:44:19
1782,625,"Rempel, Reg",M60-64,44,Open,Canada,1:21:42,5:22,6:22:28,4:38,4:50:18,12:44:28
1783,2448,"Strang, Meghan",F18-24,21,Female,United States,1:12:36,4:21,6:31:11,6:08,4:50:28,12:44:44
1784,330,"Avergonzado, Arturo",M40-44,250,Open,United States,1:21:12,7:09,6:21:58,8:40,4:46:07,12:45:06
1785,730,"Keim, Volker",M55-59,98,Open,Germany,1:21:45,4:37,6:03:57,8:57,5:05:50,12:45:06
1786,134,"Bruninx, Erwin",M55-59,99,Open,Belgium,1:39:23,6:38,6:08:41,7:31,4:42:56,12:45:09
1787,594,"Foutrein, Philippe",M60-64,45,Open,France,1:28:35,4:38,5:49:56,3:14,5:18:50,12:45:13
1788,2342,"Hughes, Elle",F25-29,42,Female,Australia,1:12:41,6:52,6:16:31,10:54,4:58:18,12:45:16
1789,948,"Matsui, Dai",M50-54,189,Open,Japan,1:09:38,5:35,6:28:03,6:34,4:55:30,12:45:20
1790,2220,"Scaldini, Claudia",F30-34,54,Female,Brazil,1:17:25,3:55,5:51:14,3:41,5:29:19,12:45:34
1791,546,"Takashima, Susumu",M65-69,9,Open,Japan,1:27:45,6:05,6:24:28,5:00,4:42:23,12:45:41
1792,1384,"Rettelle, Maggie",F45-49,67,Female,United States,1:40:16,6:52,6:23:36,5:52,4:29:18,12:45:54
1793,1704,"Manning, Erica",F40-44,71,Female,United States,1:16:20,5:10,6:33:17,4:58,4:46:18,12:46:03
1794,512,"Beisswenger, Thomas",M65-69,10,Open,Germany,1:33:02,8:26,6:45:37,6:44,4:12:18,12:46:07
1795,186,"Costa, Marcos",M50-54,190,Open,Brazil,1:13:54,6:08,6:28:03,6:51,4:51:44,12:46:40
1796,2360,"Ng, Chau Yu",F25-29,43,Female,Hong Kong,1:07:19,4:03,6:12:42,4:51,5:17:46,12:46:41
1797,321,"Bannan, Orla",F45-49,68,Female,United States,1:14:28,5:08,6:35:07,6:12,4:45:50,12:46:45
1798,583,"Baldassari, Don",M60-64,46,Open,United States,1:00:59,4:36,5:39:14,4:52,5:57:33,12:47:14
1799,688,"Binebine, Elkhalil",M55-59,100,Open,Morocco,1:39:05,6:57,6:19:02,6:37,4:35:46,12:47:27
1800,571,"Nelson, Laurelee",F65-69,1,Female,Canada,1:33:34,7:20,6:33:59,6:15,4:26:44,12:47:52
1801,1346,"Dullaghan, Sheena",F45-49,69,Female,Ireland,1:16:45,6:24,6:57:25,9:59,4:17:35,12:48:08
1802,702,"Delaney, John",M55-59,101,Open,Australia,1:33:16,5:49,5:51:07,6:51,5:11:09,12:48:12
1803,2368,"Sosdian, Erin",F25-29,44,Female,United States,51:29,4:23,5:56:14,5:39,5:50:30,12:48:15
1804,779,"Tremayne, Anthony Russell",M55-59,102,Open,Australia,1:24:49,7:04,6:18:43,11:17,4:46:25,12:48:18
1805,1720,"Randolph, Sara",F40-44,72,Female,United States,1:09:02,5:39,6:38:50,8:25,4:46:32,12:48:28
1806,1320,"Watts, Karl",M45-49,253,Open,United Kingdom,1:35:02,9:50,6:10:08,34:40,4:19:06,12:48:46
1807,694,"Campbell, Iain",M55-59,103,Open,United States,1:09:27,4:13,6:08:19,8:52,5:18:09,12:49:00
1808,735,"Labouchere, David",M55-59,104,Open,United Kingdom,1:13:56,4:10,5:18:21,4:40,6:08:32,12:49:39
1809,844,"Tamson, Karen",F55-59,20,Female,United States,1:10:43,5:14,6:24:13,10:13,4:59:26,12:49:49
1810,510,"Austin, John",M65-69,11,Open,United States,1:35:28,6:06,6:24:08,4:14,4:39:53,12:49:49
1811,2063,"Hu, Chunxu",M30-34,156,Open,China,1:09:17,2:20,6:07:18,3:34,5:27:26,12:49:55
1812,138,"Cooper, Todd",M55-59,105,Open,United States,1:20:55,7:52,6:05:15,6:37,5:10:15,12:50:54
1813,1083,"Updike, Vicki",F50-54,45,Female,United States,1:21:29,3:47,6:06:36,9:49,5:09:17,12:50:58
1814,1403,"Toyokawa, Yuki",F45-49,70,Female,Japan,1:16:01,5:13,6:47:58,6:01,4:35:57,12:51:10
1815,412,"Boilard, Olivier",M30-34,157,Open,Canada,1:18:33,9:19,5:43:13,6:24,5:33:44,12:51:13
1816,1948,"Butler, Joanna",F35-39,69,Female,Poland,1:22:37,7:21,6:53:22,6:12,4:22:18,12:51:50
1817,195,"Dirker, Olaf",M50-54,191,Open,Germany,1:07:39,8:36,6:16:09,8:16,5:11:40,12:52:20
1818,665,"Norman, Gail",F60-64,8,Female,United States,1:28:37,5:05,6:38:41,5:36,4:34:31,12:52:30
1819,231,"Verschleiser, Jeffrey",M50-54,192,Open,United States,1:19:00,8:47,6:59:57,11:52,4:13:22,12:52:58
1820,1059,"Holbrook james, Sandra",F50-54,46,Female,United States,1:23:50,8:47,6:40:40,8:53,4:30:58,12:53:08
1821,846,"Theate, Francoise",F55-59,21,Female,Belgium,1:06:18,6:07,6:55:02,9:00,4:36:55,12:53:22
1822,1377,"Murr, Indira",F45-49,71,Female,United States,1:01:06,4:25,5:42:38,4:51,6:00:28,12:53:28
1823,835,"Davini paller, Ana Silvia",F55-59,22,Female,Brazil,1:18:03,6:10,6:23:05,9:00,4:57:14,12:53:32
1824,224,"Rodda, Dave",M50-54,193,Open,United States,1:27:01,6:23,6:21:38,7:59,4:50:56,12:53:57
1825,1014,"Turk, Joseph",M50-54,194,Open,United States,1:13:47,5:11,5:54:07,7:44,5:33:19,12:54:08
1826,315,"Welsford, Robert",M45-49,254,Open,Canada,1:15:51,5:46,6:03:14,7:57,5:21:23,12:54:11
1827,831,"Sasaki, Miki",F55-59,23,Female,Japan,1:26:05,8:24,6:47:34,7:45,4:24:33,12:54:21
1828,1069,"Lidman, Eva",F50-54,47,Female,Sweden,1:18:19,9:55,6:26:55,10:04,4:49:44,12:54:57
1829,1084,"Vergauwen, Madeleine",F50-54,48,Female,Belgium,1:25:01,5:08,6:30:49,7:56,4:46:06,12:55:00
1830,203,"Kefer, Richard",M50-54,195,Open,United States,1:24:40,6:03,5:56:04,8:49,5:20:09,12:55:45
1831,1651,"Wang, Chin Ching",M40-44,251,Open,Taiwan,1:16:36,3:53,5:14:31,4:05,6:17:14,12:56:19
1832,842,"Sauvain, Sophie",F55-59,24,Female,France,1:28:32,4:31,6:31:04,6:40,4:45:32,12:56:19
1833,120,"Pantelis, John",M60-64,47,Open,Australia,1:34:39,5:41,6:18:35,7:32,4:49:55,12:56:22
1834,1054,"Hayes, Elizabeth Mary",F50-54,49,Female,New Zealand,1:12:43,6:25,6:10:23,8:39,5:18:20,12:56:30
1835,1081,"Tanabe, Rio",F50-54,50,Female,Japan,1:28:51,5:42,6:45:05,6:24,4:30:47,12:56:49
1836,818,"Lavington, Tanya",F55-59,25,Female,New Zealand,1:18:10,4:04,6:25:01,4:59,5:04:43,12:56:57
1837,2191,"Kimble, Rebecca",F30-34,55,Female,United States,1:22:39,5:39,6:22:03,5:59,5:00:38,12:56:58
1838,524,"Hinze, Hans Jurgen",M65-69,12,Open,Germany,1:41:09,7:48,6:16:31,6:23,4:45:24,12:57:15
1839,526,"Jordan, Bob",M65-69,13,Open,United States,1:27:50,6:46,6:22:27,7:55,4:52:26,12:57:24
1840,216,"Pei, Yu",M50-54,196,Open,China,1:39:21,5:42,6:23:05,14:06,4:35:28,12:57:42
1841,1357,"Hagger, Jude",F45-49,72,Female,United Kingdom,1:14:11,7:28,6:31:42,13:57,4:50:33,12:57:51
1842,201,"Kaiser, Reinhard",M50-54,197,Open,Austria,1:15:18,7:10,6:33:59,12:23,4:49:42,12:58:32
1843,1509,"Green, Robert",M40-44,252,Open,United States,1:00:09,4:10,5:51:24,11:42,5:51:35,12:59:00
1844,169,"Steinfeldt, Randall",M55-59,106,Open,United States,1:13:33,9:24,6:19:05,11:38,5:05:28,12:59:08
1845,2433,"Khu, Ariana",F18-24,22,Female,United States,1:12:40,4:53,6:05:35,4:28,5:31:40,12:59:16
1846,287,"Marlatt, Dawes",M45-49,255,Open,United States,1:35:50,8:52,6:16:19,8:44,4:49:36,12:59:21
1847,277,"Heath, Daniel",M45-49,256,Open,Canada,1:21:59,7:26,6:18:48,5:29,5:05:54,12:59:36
1848,742,"Mckinnon, Ken",M55-59,107,Open,United States,1:05:17,6:20,5:59:06,6:07,5:42:56,12:59:46
1849,128,"Alueta, Francis",M55-59,108,Open,United States,1:16:58,8:09,6:34:32,10:41,4:50:46,13:01:06
1850,827,"Petersen, Diane",F55-59,26,Female,United States,1:31:07,5:35,6:20:19,5:45,4:58:25,13:01:11
1851,238,"Zielke, Carsten",M50-54,198,Open,Germany,1:25:20,6:43,6:46:14,6:30,4:36:34,13:01:21
1852,226,"Slack, Ron",M50-54,199,Open,Canada,1:15:09,6:20,6:11:27,8:40,5:20:27,13:02:03
1853,1353,"Fritz, Tracy",F45-49,73,Female,United States,1:19:22,5:18,6:13:41,13:13,5:10:29,13:02:03
1854,1061,"Ince, Vanessa",F50-54,51,Female,United States,1:10:09,5:28,6:05:37,7:45,5:33:38,13:02:37
1855,638,"Beil, Brigitte Thea",F60-64,9,Female,Germany,1:15:45,5:24,6:25:24,6:17,5:09:50,13:02:40
1856,803,"Evert, Tamara",F55-59,27,Female,United States,1:19:12,8:04,6:28:12,8:40,4:58:37,13:02:45
1857,650,"Hevenor, Stephanie",F60-64,10,Female,United States,1:11:30,5:56,6:35:27,9:40,5:00:44,13:03:17
1858,1602,"Rohring, Ellen",F40-44,73,Female,Germany,1:19:50,4:34,6:08:48,8:38,5:22:34,13:04:24
1859,1087,"Wellmanns, Birgit",F50-54,52,Female,Germany,1:18:02,4:39,6:34:34,6:38,5:00:48,13:04:41
1860,289,"Matalucci, Stefano",M45-49,257,Open,Italy,1:14:13,5:44,6:03:42,7:44,5:33:45,13:05:08
1861,843,"Talbot, Susan",F55-59,28,Female,United States,1:16:37,5:26,6:39:39,5:42,4:58:00,13:05:24
1862,417,"He, Junfei",M30-34,158,Open,China,1:23:33,5:30,6:41:21,6:24,4:49:14,13:06:02
1863,920,"Hobson, Steve",M50-54,200,Open,United Kingdom,1:04:56,5:44,5:31:30,7:33,6:16:40,13:06:23
1864,355,"Leiz, Arthur",M40-44,253,Open,United States,1:29:40,8:06,6:23:17,8:03,4:58:06,13:07:12
1865,587,"Collins, Charlie",M60-64,48,Open,United Kingdom,1:16:49,6:20,6:38:46,9:48,4:55:56,13:07:39
1866,1352,"Foley, Fiona",F45-49,74,Female,Ireland,1:36:06,5:22,6:30:36,12:53,4:42:51,13:07:48
1867,435,"Zaccaro, Ashley",F25-29,45,Female,United States,1:23:55,6:33,6:39:01,6:51,4:51:30,13:07:50
1868,817,"Klabunde, Lori",F55-59,29,Female,United States,1:33:05,6:18,6:28:11,6:21,4:54:20,13:08:15
1869,2423,"Chou, Jasmine",F18-24,23,Female,United States,1:23:09,3:13,6:57:56,3:56,4:40:05,13:08:19
1870,533,"Moriarty, John",M65-69,14,Open,New Zealand,1:24:20,6:24,6:24:01,5:35,5:08:03,13:08:23
1871,223,"Ricchiuto, Gianluigi",M50-54,201,Open,Italy,1:26:24,8:18,6:29:30,5:14,4:59:20,13:08:46
1872,540,"Sakamoto, Shigeki",M65-69,15,Open,Japan,1:30:30,5:36,7:23:40,5:49,4:04:08,13:09:43
1873,2446,"Schick, Katie",F18-24,24,Female,United States,1:01:21,4:38,6:54:07,5:57,5:03:44,13:09:47
1874,832,"Sereno, Jennifer",F55-59,30,Female,United States,1:16:45,5:51,6:14:18,12:43,5:21:09,13:10:46
1875,566,"Le strange, Missy",F65-69,2,Female,United States,1:13:29,4:07,6:38:16,7:16,5:07:47,13:10:55
1876,541,"Schaber, Paul",M65-69,16,Open,Germany,1:36:25,4:55,6:33:28,7:08,4:49:39,13:11:35
1877,385,"Cottle, Adam",M35-39,193,Open,United States,1:23:03,8:03,6:38:15,8:13,4:54:24,13:11:58
1878,1481,"Eyal, Ofir",M40-44,254,Open,Israel,1:11:04,4:58,6:36:10,8:28,5:11:27,13:12:07
1879,474,"Collins, Andre",M70-74,2,Open,South Africa,1:49:42,7:29,6:41:16,9:08,4:24:56,13:12:31
1880,316,"Weston, Greg",M45-49,258,Open,New Zealand,1:08:03,5:13,6:00:17,7:46,5:51:28,13:12:47
1881,2432,"Jensen, Emelie",F18-24,25,Female,Denmark,1:28:53,4:00,6:45:07,4:49,4:50:04,13:12:53
1882,738,"Lycksell, Roland",M55-59,109,Open,Sweden,1:13:25,4:09,6:24:05,6:44,5:24:34,13:12:57
1883,981,"Reiss, Tom",M50-54,202,Open,Germany,1:29:20,4:42,6:24:28,5:10,5:09:33,13:13:13
1884,228,"Suco, Mike",M50-54,203,Open,United States,1:39:58,9:20,6:32:58,11:20,4:39:40,13:13:16
1885,808,"Gielen, Monique",F55-59,31,Female,Belgium,1:46:21,5:03,7:06:07,4:39,4:11:12,13:13:22
1886,359,"Mathias, Christophe",M40-44,255,Open,France,1:15:49,6:00,6:52:02,6:06,4:53:31,13:13:28
1887,2441,"Radcliffe, Megan",F18-24,26,Female,Australia,1:07:06,5:02,6:42:40,5:48,5:14:05,13:14:41
1888,776,"Tinello, Luis",M55-59,110,Open,Brazil,1:12:54,11:25,5:51:59,7:36,5:50:54,13:14:48
1889,798,"Blamick, Karen",F55-59,32,Female,United States,1:19:15,4:59,6:55:41,7:58,4:46:58,13:14:51
1890,586,"Burns, George",M60-64,49,Open,United Kingdom,1:12:36,4:00,7:12:22,6:22,4:39:51,13:15:11
1891,542,"Shane, Ray",M65-69,17,Open,United States,1:15:09,5:40,6:14:53,10:30,5:29:28,13:15:40
1892,825,"Norlyk-goulding, Bente",F55-59,33,Female,Denmark,1:32:10,5:57,6:44:48,7:27,4:45:28,13:15:50
1893,485,"Loeb, Andrew",M70-74,3,Open,United States,1:17:07,6:38,6:43:18,6:35,5:02:27,13:16:05
1894,797,"Birmingham, Lorin",F55-59,34,Female,United States,1:26:33,4:17,6:35:51,5:47,5:03:41,13:16:09
1895,1848,"Lev, Zur",M35-39,194,Open,Israel,1:11:33,3:28,5:14:51,5:46,6:40:49,13:16:27
1896,949,"Mattson, David",M50-54,204,Open,New Zealand,1:05:57,5:51,5:41:48,5:39,6:17:26,13:16:41
1897,833,"Shiba, Yoko",F55-59,35,Female,Japan,1:28:49,7:38,6:50:51,7:53,4:41:39,13:16:50
1898,673,"Tervort, Sydney",F60-64,11,Female,United States,1:22:53,7:26,6:42:05,6:54,4:57:38,13:16:56
1899,1133,"Cormier, Renaud",M45-49,259,Open,France,1:04:27,3:30,5:42:48,7:40,6:20:54,13:19:19
1900,2290,"Page, Troy",M25-29,96,Open,Australia,1:00:28,3:28,6:04:10,5:02,6:06:14,13:19:22
1901,816,"Keller, Fernanda",F55-59,36,Female,Brazil,1:07:05,3:32,6:10:35,7:11,5:51:24,13:19:47
1902,674,"Tettenborn, Barbara",F60-64,12,Female,Switzerland,1:13:14,5:32,6:38:34,5:10,5:17:27,13:19:57
1903,329,"Amende, Brian",M40-44,256,Open,United States,1:15:44,8:11,6:54:12,5:48,4:56:28,13:20:23
1904,1075,"Prost, Linda",F50-54,53,Female,South Africa,1:18:52,6:29,6:44:58,5:58,5:04:07,13:20:24
1905,552,"Yamamura, Norio",M65-69,18,Open,Japan,1:29:13,7:40,6:19:20,6:16,5:18:56,13:21:25
1906,530,"Meier, Rene",M65-69,19,Open,Switzerland,1:39:08,5:25,6:51:17,4:51,4:40:50,13:21:31
1907,537,"Reed, Faron",M65-69,20,Open,United States,1:16:20,6:42,6:23:24,5:41,5:30:07,13:22:14
1908,150,"Hennecke, Holger",M55-59,111,Open,Germany,1:28:13,5:28,6:26:59,6:21,5:15:15,13:22:16
1909,1159,"Fattal, Bertrand",M45-49,260,Open,Lebanon,1:17:10,7:14,6:39:56,11:14,5:07:32,13:23:06
1910,377,"Meguerian, Melanie",F40-44,74,Female,Canada,1:09:49,5:41,6:49:46,7:40,5:11:03,13:23:59
1911,845,"Tao, Yuhua",F55-59,37,Female,China,1:31:34,5:12,6:49:04,6:02,4:52:31,13:24:23
1912,307,"Stenzaly, Oliver",M45-49,261,Open,Germany,1:30:59,4:37,6:13:03,5:53,5:30:05,13:24:37
1913,383,"Allen, David",M35-39,195,Open,United Kingdom,1:18:34,4:43,6:26:27,6:15,5:29:11,13:25:10
1914,2092,"Marzocco, Jacopo",M30-34,159,Open,Italy,1:28:11,9:48,6:22:01,10:48,5:14:29,13:25:17
1915,819,"Leimpek, Elke",F55-59,38,Female,Germany,1:22:37,4:23,6:26:36,6:40,5:25:42,13:25:58
1916,939,"Lask, Stefen",M50-54,205,Open,Germany,1:01:59,3:18,6:10:53,10:17,5:59:32,13:25:59
1917,1154,"Egli, Dieter",M45-49,262,Open,Switzerland,1:11:06,4:40,5:42:53,7:41,6:19:57,13:26:17
1918,565,"Kuld, Felicitas",F65-69,3,Female,Germany,1:44:06,6:07,6:59:26,7:45,4:29:02,13:26:26
1919,550,"Wei?flog, Hans Joachim",M65-69,21,Open,Germany,1:25:33,6:22,6:30:59,6:27,5:17:30,13:26:51
1920,297,"Reyes, Gerard",M45-49,263,Open,Philippines,1:26:39,8:51,6:56:18,9:18,4:46:02,13:27:08
1921,2419,"Anley, Megan",F18-24,27,Female,South Africa,1:15:27,4:05,6:37:53,5:32,5:26:03,13:29:00
1922,153,"Mcgee, Phil",M55-59,112,Open,United States,1:27:23,9:21,6:32:30,10:38,5:09:17,13:29:09
1923,543,"Smith, Robert",M65-69,22,Open,United States,1:33:47,5:53,6:07:56,6:07,5:36:31,13:30:14
1924,804,"Ford, Susan",F55-59,39,Female,United States,1:22:47,7:04,6:59:27,8:46,4:52:21,13:30:25
1925,623,"Philbrick, Alden",M60-64,50,Open,United States,1:16:33,7:07,6:38:18,11:26,5:18:02,13:31:26
1926,683,"Araki, Takeshi",M55-59,113,Open,Japan,1:16:51,8:45,5:55:24,17:26,5:53:10,13:31:36
1927,217,"Persaud, Dan",M50-54,206,Open,United States,1:45:04,8:36,6:28:43,13:00,4:56:39,13:32:02
1928,457,"Magliulo, Gennaro",M75-79,1,Open,United States,1:48:49,7:00,6:25:31,7:33,5:03:22,13:32:15
1929,731,"Kinley, Juan",M55-59,114,Open,Isle of Man,1:11:50,3:34,5:57:39,3:16,6:16:05,13:32:24
1930,271,"Garcia, Armando L",M45-49,264,Open,Brazil,1:15:17,9:24,6:48:56,7:07,5:11:43,13:32:27
1931,149,"Harries, Andy",M55-59,115,Open,United Kingdom,1:47:44,6:24,6:17:49,7:52,5:12:46,13:32:35
1932,281,"Kelly, Gene",M45-49,265,Open,United States,1:27:22,9:16,6:07:32,8:11,5:41:04,13:33:25
1933,1363,"Kim, Youngsun",F45-49,75,Female,Korea,1:41:20,7:57,6:35:40,8:15,5:00:19,13:33:31
1934,2404,"Mehlhaff, Joshua",M18-24,38,Open,United States,1:02:42,6:25,5:47:09,6:05,6:33:48,13:36:09
1935,1953,"Corrigan, Amy",F35-39,70,Female,United States,1:23:50,4:47,6:05:27,5:44,5:56:31,13:36:19
1936,1030,"Youp, Allan",M50-54,207,Open,United Kingdom,1:31:55,10:01,6:47:24,10:28,4:56:33,13:36:21
1937,664,"Moel christensen, Aase",F60-64,13,Female,Denmark,1:52:06,5:26,6:44:58,6:28,4:48:52,13:37:50
1938,422,"Schwartz, Brandon",M30-34,160,Open,United States,1:16:06,16:18,7:14:08,16:47,4:35:05,13:38:24
1939,124,"Weidenkeller, Tim",M60-64,51,Open,United States,1:21:02,10:02,6:35:41,10:07,5:22:59,13:39:51
1940,1375,"Morris, Sian",F45-49,76,Female,Australia,1:09:45,6:20,6:24:30,8:21,5:50:56,13:39:52
1941,805,"Fortier, Helene",F55-59,40,Female,Canada,1:46:06,9:11,7:04:45,8:23,4:31:33,13:39:58
1942,2440,"Navarro, Marine",F18-24,28,Female,France,1:24:29,4:13,6:48:10,4:37,5:18:31,13:40:00
1943,1402,"Tonelli, Carolyn",F45-49,77,Female,Australia,1:16:42,8:51,5:58:54,11:12,6:04:31,13:40:10
1944,356,"Lopez castro, Jesus Adrian",M40-44,257,Open,Mexico,1:15:24,7:47,6:57:13,6:11,5:13:49,13:40:24
1945,653,"Kaurisch, Regina",F60-64,14,Female,Germany,1:19:19,6:45,6:31:48,9:50,5:32:56,13:40:38
1946,1052,"Fuller, Dorothee",F50-54,54,Female,Germany,1:23:36,4:39,6:37:41,6:05,5:29:01,13:41:02
1947,309,"Strolz, Ortwin",M45-49,266,Open,Austria,1:19:20,5:50,6:43:31,10:54,5:21:39,13:41:14
1948,227,"Slater, Jerry",M50-54,208,Open,United States,1:51:40,8:19,6:27:16,8:56,5:05:34,13:41:45
1949,259,"Cheong, Sacha",M45-49,267,Open,Hong Kong,1:31:42,3:19,7:05:50,7:29,4:54:19,13:42:39
1950,185,"Corbett, Tim",M50-54,209,Open,New Zealand,1:29:59,7:24,6:44:27,7:02,5:14:01,13:42:53
1951,1332,"Anifantakis, Mariya",F45-49,78,Female,Ukraine,1:29:42,11:51,5:53:26,13:12,5:54:48,13:42:59
1952,1038,"Bath, Kylie",F50-54,55,Female,Australia,1:25:31,6:11,6:43:12,6:46,5:21:26,13:43:06
1953,180,"Behringer, Todd",M50-54,210,Open,United States,1:47:17,5:50,5:49:53,6:20,5:54:03,13:43:23
1954,111,"Gates, Gary",M60-64,52,Open,United States,1:16:44,5:02,6:16:23,6:10,5:59:34,13:43:53
1955,106,"Kelly, Danny",M65-69,23,Open,United States,1:27:25,7:04,7:00:52,12:46,4:56:07,13:44:14
1956,410,"Adams, Richard",M30-34,161,Open,United States,1:29:28,3:28,6:19:38,8:04,5:43:39,13:44:17
1957,276,"Heard, Sam",M45-49,268,Open,Australia,1:13:25,5:43,6:23:49,7:27,5:54:58,13:45:22
1958,2174,"Cho, Eunjung",F30-34,56,Female,Korea,1:25:20,8:31,6:48:57,15:23,5:07:35,13:45:46
1959,367,"Smith, Joshua",M40-44,258,Open,United States,1:38:15,8:49,6:50:34,6:11,5:02:05,13:45:54
1960,132,"Bell, John",M55-59,116,Open,United States,1:26:20,8:29,6:47:47,8:09,5:15:14,13:45:59
1961,459,"Muller, Peter Hugo",M75-79,2,Open,Germany,1:30:28,10:38,7:17:36,7:42,4:39:37,13:46:01
1962,368,"Stedman, William",M40-44,259,Open,United States,1:27:09,10:21,7:00:00,8:36,5:01:23,13:47:29
1963,162,"Ruffin, Stephen",M55-59,117,Open,United States,1:19:33,6:08,6:46:26,8:15,5:27:14,13:47:36
1964,189,"Damico, Ricardo",M50-54,211,Open,Brazil,1:12:45,5:55,6:36:02,8:50,5:44:08,13:47:40
1965,212,"Nguyen-duhamel, Patrick",M50-54,212,Open,France,1:39:12,9:23,6:48:24,10:24,5:00:49,13:48:12
1966,473,"Butterworth, Simon",M70-74,4,Open,United States,1:20:16,6:53,6:26:46,7:40,5:47:01,13:48:36
1967,718,"Guerrero, Joaquin",M55-59,118,Open,Spain,1:04:50,7:17,7:39:20,8:00,4:49:33,13:49:00
1968,279,"Jinchuan, You",M45-49,269,Open,China,1:42:47,7:15,7:50:06,7:50,4:01:14,13:49:12
1969,160,"Plaga, Barry",M55-59,119,Open,United States,54:07,5:18,6:34:11,7:08,6:08:43,13:49:27
1970,839,"Soreven hickok, Jeannete",F55-59,41,Female,United States,1:28:52,5:30,6:44:18,8:25,5:22:42,13:49:47
1971,319,"Zavala, Rafael",M45-49,270,Open,United States,1:29:12,8:46,7:02:05,5:33,5:04:30,13:50:06
1972,700,"Crowley, Richard",M55-59,120,Open,United States,1:12:01,5:38,6:38:37,10:07,5:45:16,13:51:39
1973,2327,"Camera, Teodolinda",F25-29,46,Female,Italy,1:11:55,3:35,6:36:35,4:28,5:56:14,13:52:47
1974,1120,"Brewer, Chris",M45-49,271,Open,United States,1:18:04,7:08,5:59:31,7:21,6:21:07,13:53:11
1975,262,"Cobo, Mario",M45-49,272,Open,Ecuador,1:50:33,8:09,6:51:51,6:13,4:57:40,13:54:26
1976,378,"Nanao, Risa",F40-44,75,Female,Japan,1:19:32,6:51,6:56:19,6:31,5:25:19,13:54:32
1977,411,"Besa, Francisco",M30-34,162,Open,United States,1:18:15,8:29,7:05:09,8:47,5:14:23,13:55:03
1978,196,"Du plessis, Anton",M50-54,213,Open,South Africa,1:17:47,3:42,6:32:31,9:01,5:52:08,13:55:09
1979,126,"Alfonso monterroso - senna, Ramon",M55-59,121,Open,Brazil,1:17:40,6:20,6:55:04,7:00,5:29:19,13:55:23
1980,148,"Gruebele, Martin",M55-59,122,Open,United States,1:29:27,4:55,6:36:48,10:55,5:33:27,13:55:32
1981,518,"Fairfax, Walter",M65-69,24,Open,United States,1:45:43,6:59,6:49:27,6:59,5:06:42,13:55:50
1982,157,"Parrotte, Michael",M55-59,123,Open,Australia,1:29:44,12:01,6:54:12,12:50,5:07:17,13:56:04
1983,254,"Allowitz, Kit",M45-49,273,Open,United States,1:20:23,9:08,6:22:54,8:48,5:54:56,13:56:09
1984,394,"Luo, Xin",M35-39,196,Open,China,1:54:49,10:09,6:58:49,8:48,4:43:42,13:56:17
1985,577,"Ross, Denise",F65-69,4,Female,Canada,1:36:49,5:16,7:21:23,6:27,4:46:58,13:56:53
1986,659,"Mcpherson, Karen",F60-64,15,Female,Australia,1:21:05,6:19,6:45:58,7:12,5:36:30,13:57:04
1987,648,"Dorta, Judith",F60-64,16,Female,Switzerland,1:19:10,7:00,6:40:41,6:25,5:43:49,13:57:05
1988,812,"Harjula, Riikka",F55-59,42,Female,Finland,1:25:52,4:57,6:56:46,6:43,5:23:30,13:57:48
1989,115,"Kindhauser, Ernst",M60-64,53,Open,Switzerland,1:20:14,4:46,6:45:07,4:53,5:43:20,13:58:20
1990,516,"Dwan, Dave",M65-69,25,Open,New Zealand,1:17:55,5:48,7:08:27,9:07,5:18:14,13:59:31
1991,802,"Erk, Ingrid",F55-59,43,Female,Germany,1:20:42,7:16,7:12:02,6:21,5:13:40,14:00:01
1992,130,"Ball, Wayne",M55-59,124,Open,Australia,1:25:23,7:54,7:12:06,10:22,5:06:51,14:02:36
1993,333,"Creppel, Barry",M40-44,260,Open,United States,1:32:22,5:48,6:34:21,8:08,5:42:36,14:03:15
1994,675,"Toriello, Lorena",F60-64,17,Female,Guatemala,1:25:00,6:57,7:12:57,6:43,5:11:38,14:03:15
1995,428,"Mace, Logan",M25-29,97,Open,United States,1:13:55,12:56,6:35:56,15:26,5:46:59,14:05:12
1996,215,"Patzina, Roland",M50-54,214,Open,Germany,1:24:27,6:14,7:26:35,9:16,4:58:59,14:05:31
1997,567,"Liu, Yina",F65-69,5,Female,China,1:26:58,6:01,7:01:10,5:32,5:26:01,14:05:42
1998,667,"Perkins, Jean",F60-64,18,Female,United Kingdom,1:15:31,7:35,6:43:59,12:08,5:46:33,14:05:46
1999,506,"Greenberg, Bobbe",F70-74,1,Female,United States,1:47:02,6:00,7:09:12,5:21,4:59:36,14:07:11
2000,291,"Montgomery, Andrew",M45-49,274,Open,Australia,1:13:20,7:48,6:51:54,10:12,5:44:47,14:08:01
2001,591,"Farnell, Nick",M60-64,54,Open,United Kingdom,1:24:51,5:42,6:44:17,8:45,5:45:05,14:08:40
2002,847,"Wakeham, Mary",F55-59,44,Female,United States,1:27:13,8:44,6:43:41,8:25,5:40:43,14:08:46
2003,154,"Mcnamara, John",M55-59,125,Open,United States,1:34:16,6:12,6:47:10,8:51,5:32:18,14:08:47
2004,841,"Steinemer-murphy, Yvonne",F55-59,45,Female,Germany,1:33:55,9:37,6:49:09,7:33,5:28:53,14:09:07
2005,206,"Louhaichy, Zouheir",M50-54,215,Open,Morocco,1:24:15,11:04,6:49:50,17:06,5:27:04,14:09:19
2006,646,"Dieteren, Heike",F60-64,19,Female,Germany,1:23:43,5:05,6:34:59,6:47,5:59:33,14:10:07
2007,343,"Hall, Chad",M40-44,261,Open,United States,1:14:18,12:27,6:47:51,11:28,5:44:15,14:10:19
2008,170,"Stepler, Paul",M55-59,126,Open,United States,1:46:38,7:53,6:49:28,10:06,5:16:40,14:10:45
2009,232,"Vetter, Rolf",M50-54,216,Open,Switzerland,1:22:48,4:50,6:23:03,9:53,6:10:35,14:11:09
2010,531,"Monser, Robert",M65-69,26,Open,Germany,1:38:29,10:06,7:12:56,8:50,5:02:17,14:12:38
2011,580,"Watson, Wendy",F65-69,6,Female,United States,1:31:39,7:45,6:59:01,8:19,5:25:54,14:12:38
2012,420,"Lei, Huang",M30-34,163,Open,China,1:39:20,5:15,6:46:11,11:36,5:30:31,14:12:53
2013,339,"Eppihimer, Brandon",M40-44,262,Open,United States,1:26:27,10:04,6:35:28,15:23,5:46:28,14:13:50
2014,564,"Keith, Sharon",F65-69,7,Female,United States,1:13:19,21:22,6:48:51,7:54,5:43:18,14:14:44
2015,273,"Harvey, Stuart",M45-49,275,Open,Australia,1:03:37,6:29,6:45:50,9:43,6:10:41,14:16:20
2016,614,"Miffand, Jean-Luc",M60-64,55,Open,France,1:36:36,5:47,6:13:14,6:08,6:14:48,14:16:33
2017,663,"Miya, Yuko",F60-64,20,Female,Japan,1:42:13,8:01,6:52:17,6:26,5:27:38,14:16:35
2018,813,"Hoffman, Karyn",F55-59,46,Female,United States,1:33:00,8:03,7:15:08,13:02,5:08:06,14:17:19
2019,324,"Price, Monica",F45-49,79,Female,United States,1:20:26,7:57,6:58:06,7:26,5:43:52,14:17:47
2020,342,"Gebrael, Michael",M40-44,263,Open,United States,1:20:18,7:20,7:07:36,5:26,5:39:45,14:20:25
2021,282,"Labarre, Sedar",M45-49,276,Open,United States,1:25:55,8:11,7:06:19,9:37,5:31:15,14:21:17
2022,641,"Copeland, Laurie",F60-64,21,Female,United States,1:30:12,7:24,7:11:47,7:37,5:24:18,14:21:18
2023,304,"Sims, Blake",M45-49,277,Open,United States,1:21:50,7:01,6:48:38,8:04,5:55:59,14:21:32
2024,178,"Baker, Andy",M50-54,217,Open,United States,1:30:12,9:51,6:53:22,9:46,5:38:38,14:21:49
2025,403,"Gray, Ruth",F35-39,71,Female,United Kingdom,1:41:57,7:06,7:06:23,7:05,5:19:33,14:22:04
2026,1956,"Ergas gennari, Gabriela",F35-39,72,Female,Brazil,1:20:11,4:47,6:07:29,9:39,6:40:22,14:22:28
2027,534,"Nicolleau, Jean Luc",M65-69,27,Open,France,1:32:35,6:47,6:49:57,8:14,5:45:50,14:23:23
2028,167,"Slezak, Tibor",M55-59,127,Open,Australia,1:41:40,12:20,6:44:01,8:47,5:37:37,14:24:25
2029,522,"Hansen vikstrom, Klaus",M65-69,28,Open,Denmark,1:30:04,6:23,6:38:12,6:24,6:03:32,14:24:35
2030,553,"Yasukawa, Tatsuro",M65-69,29,Open,Japan,1:41:54,10:13,7:26:08,10:48,4:55:34,14:24:37
2031,558,"Furu, Joanne",F65-69,8,Female,United States,1:42:03,8:48,7:53:12,7:12,4:33:23,14:24:38
2032,559,"Gersitz, Lorraine",F65-69,9,Female,United States,1:27:17,8:44,6:57:28,8:49,5:43:03,14:25:21
2033,274,"Haunn, Erle",M45-49,278,Open,United States,1:21:56,11:37,6:37:29,9:21,6:05:12,14:25:35
2034,670,"Smith, Marty",F60-64,22,Female,United States,1:21:02,7:25,7:20:38,8:20,5:28:24,14:25:49
2035,235,"Young, Peter",M50-54,218,Open,United States,1:37:40,7:07,6:38:05,9:46,5:53:51,14:26:29
2036,204,"Kessler, Brett",M50-54,219,Open,United States,1:24:17,7:53,6:36:24,11:28,6:06:58,14:27:00
2037,123,"Wasserman, Michael",M60-64,56,Open,United States,1:20:54,7:11,7:19:50,8:07,5:31:04,14:27:06
2038,344,"Hamilton, Craig",M40-44,264,Open,New Zealand,1:23:15,5:37,6:38:33,8:56,6:10:47,14:27:08
2039,117,"Lahiff, Chris",M60-64,57,Open,United States,1:31:40,12:04,6:57:31,13:27,5:32:51,14:27:33
2040,672,"Staffon, Michelle",F60-64,23,Female,United States,1:37:50,7:48,6:57:03,8:59,5:35:58,14:27:38
2041,286,"Mandis, Steven",M45-49,279,Open,Greece,1:33:28,6:29,6:56:05,10:02,5:42:28,14:28:32
2042,505,"Goodyear, Cullen",F70-74,2,Female,Canada,1:26:31,9:49,7:00:35,10:13,5:41:39,14:28:47
2043,164,"Sandlin, Scott",M55-59,128,Open,United States,1:24:40,7:01,6:51:38,11:53,5:53:36,14:28:48
2044,528,"Lutz, Johannes",M65-69,30,Open,Germany,1:37:17,7:20,7:00:18,6:41,5:37:32,14:29:08
2045,103,"Berezowski, Ed",M65-69,31,Open,Canada,1:18:23,11:01,7:16:41,15:52,5:28:17,14:30:14
2046,268,"Edlund, Ande",M45-49,280,Open,United States,1:38:12,12:19,6:50:21,10:42,5:38:49,14:30:23
2047,433,"Shiyi, Sun",F25-29,47,Female,China,1:34:58,7:01,7:38:34,4:10,5:05:58,14:30:41
2048,141,"Dorrill, Jeff",M55-59,129,Open,United States,1:48:55,8:18,6:44:55,17:41,5:31:49,14:31:38
2049,244,"Loranger, Mary Ellen",F50-54,56,Female,United States,1:16:11,6:36,7:08:52,8:22,5:51:52,14:31:53
2050,581,"Weier, Debra",F65-69,10,Female,United States,1:19:07,7:08,7:04:31,11:27,5:51:42,14:33:55
2051,2438,"Lomnitz, Martina",F18-24,29,Female,Sweden,1:02:58,4:46,7:03:42,5:25,6:18:55,14:35:46
2052,578,"Stratton, Anne",F65-69,11,Female,United States,1:19:48,6:38,7:15:13,9:12,5:44:58,14:35:49
2053,353,"Kehr, Gregory",M40-44,265,Open,France,1:42:51,9:47,7:17:12,10:10,5:17:07,14:37:07
2054,207,"Lutz, James",M50-54,220,Open,United States,1:29:27,14:52,7:02:41,12:14,5:39:22,14:38:36
2055,514,"Brechbuehler, Peter",M65-69,32,Open,Switzerland,1:17:23,3:59,6:39:29,6:54,6:31:08,14:38:53
2056,166,"Skipworth, Wayne",M55-59,130,Open,New Zealand,1:22:07,7:07,6:38:31,6:35,6:24:52,14:39:12
2057,551,"Woolford, Robert",M65-69,33,Open,United States,1:49:29,9:52,7:21:34,8:05,5:11:04,14:40:04
2058,513,"Bing, Dale A",M65-69,34,Open,United States,1:56:12,11:31,6:56:19,9:30,5:26:44,14:40:16
2059,455,"Winkler, Gotthard",M75-79,3,Open,Germany,1:46:31,8:17,6:23:39,8:25,6:13:39,14:40:31
2060,190,"Daniels, David",M50-54,221,Open,United States,1:20:35,8:26,6:47:13,11:10,6:13:21,14:40:45
2061,211,"Moreau, Francois",M50-54,222,Open,United States,1:31:46,13:27,6:43:40,12:10,5:59:55,14:40:58
2062,647,"Donato, Reiko",F60-64,24,Female,United States,1:38:46,9:21,7:18:21,8:00,5:27:20,14:41:48
2063,278,"Huang, Yong",M45-49,281,Open,China,1:54:47,10:40,7:20:18,8:22,5:08:55,14:43:02
2064,656,"Llibre, Sara",F60-64,25,Female,United States,1:18:29,7:48,7:03:00,9:05,6:05:02,14:43:24
2065,266,"Delgado vila, Manuel",M45-49,282,Open,Spain,2:07:40,8:50,6:50:13,16:05,5:20:54,14:43:42
2066,2324,"Balcar, Brittany",F25-29,48,Female,United States,1:11:28,6:54,6:44:18,8:23,6:33:35,14:44:38
2067,296,"Radisch - radish, Jindrich",M45-49,283,Open,Czech Republic,1:31:05,6:31,6:28:28,8:15,6:31:54,14:46:13
2068,466,"Schmidt, Siegfried",M75-79,4,Open,Germany,1:38:10,6:16,6:57:44,9:34,5:54:36,14:46:20
2069,246,"Mcadams, Elizabeth",F50-54,57,Female,United States,1:15:19,8:25,7:22:32,12:58,5:47:36,14:46:50
2070,462,"Peters, Gene",M75-79,5,Open,United States,1:28:23,7:48,7:23:05,11:39,5:36:02,14:46:57
2071,465,"Reithmeier, Dieter",M75-79,6,Open,Australia,1:45:34,10:23,7:16:56,7:41,5:26:29,14:47:03
2072,191,"Davis, Paul",M50-54,223,Open,United States,1:30:39,16:01,6:58:28,16:05,5:45:56,14:47:09
2073,529,"Meehan, James",M65-69,35,Open,United States,1:16:05,8:46,7:28:03,11:55,5:42:49,14:47:38
2074,305,"Spadoni, Mark",M45-49,284,Open,United States,1:35:04,9:25,7:11:16,7:42,5:45:21,14:48:48
2075,989,"Roth, David",M50-54,224,Open,United States,1:22:00,5:13,6:45:38,12:19,6:23:59,14:49:09
2076,214,"Parola, Alessandro",M50-54,225,Open,Italy,1:23:07,7:22,6:38:50,9:11,6:31:07,14:49:37
2077,293,"Myette, Michael",M45-49,285,Open,United States,1:23:34,6:30,6:29:27,17:28,6:33:21,14:50:20
2078,599,"Hill, John",M60-64,58,Open,Australia,1:11:23,4:58,5:34:07,7:43,7:52:26,14:50:37
2079,239,"Baker, Marianne",F50-54,58,Female,United States,1:46:53,10:08,7:03:42,9:16,5:40:55,14:50:54
2080,416,"Goddard, Rick",M30-34,164,Open,United States,1:26:58,11:49,7:28:22,11:45,5:32:04,14:50:58
2081,1331,"Altayeb, Dina",F45-49,80,Female,Saudi Arabia,1:36:44,7:06,7:11:32,9:26,5:46:14,14:51:02
2082,568,"Macnabb, Pat",F65-69,12,Female,United States,1:41:02,13:56,7:05:37,15:56,5:35:44,14:52:15
2083,168,"Stamm, Thomas",M55-59,131,Open,Germany,1:40:26,6:50,6:24:47,7:47,6:32:37,14:52:27
2084,838,"Soprenuk, Sonia",F55-59,47,Female,United States,1:39:04,10:56,7:37:50,13:37,5:11:46,14:53:13
2085,328,"Weldon, Stephanie",F45-49,81,Female,United States,1:36:21,7:14,7:27:53,10:12,5:32:24,14:54:04
2086,527,"Kustermann, Jorg",M65-69,36,Open,Germany,1:11:59,5:08,7:06:44,4:44,6:25:53,14:54:28
2087,165,"Schaffner, Shawn",M55-59,132,Open,United States,1:26:31,9:38,6:47:30,9:54,6:22:19,14:55:52
2088,137,"Casterline, John",M55-59,133,Open,United States,1:22:18,8:24,7:21:01,10:06,5:54:49,14:56:38
2089,668,"Richardson, Donna",F60-64,26,Female,Canada,1:39:24,7:30,7:04:13,8:06,5:57:59,14:57:12
2090,183,"Bouge, Frank",M50-54,226,Open,Germany,1:12:48,8:57,6:37:38,11:55,6:46:10,14:57:28
2091,290,"Meneses silva, Carlos Jose",M45-49,286,Open,Brazil,1:19:18,7:22,7:11:24,9:51,6:09:39,14:57:34
2092,188,"Crandell, Todd",M50-54,227,Open,United States,1:19:51,3:33,6:55:04,5:52,6:33:59,14:58:19
2093,2435,"Kurano, Mao",F18-24,30,Female,Japan,59:45,4:27,7:39:26,9:28,6:06:49,14:59:55
2094,380,"Ortiz, Estela",F40-44,76,Female,Colombia,1:45:57,10:12,7:23:02,13:02,5:27:53,15:00:06
2095,402,"Fernandez vasquez, Bianca",F35-39,73,Female,Dominican Republic,1:58:24,5:59,7:29:58,8:46,5:17:15,15:00:22
2096,478,"Hatch, Michael",M70-74,5,Open,Canada,1:24:25,9:35,6:50:10,9:31,6:26:55,15:00:36
2097,652,"Jacobs, Thea",F60-64,27,Female,Canada,1:37:46,5:41,6:55:33,7:02,6:18:18,15:04:20
2098,406,"Livaudais, Courtney",F35-39,74,Female,United States,1:06:48,4:55,6:53:04,8:10,6:51:31,15:04:28
2099,364,"Nunn, Jack",M40-44,266,Open,United States,1:29:43,8:15,6:47:55,7:54,6:32:04,15:05:51
2100,2176,"Dare, Natalie",F30-34,57,Female,United States,1:27:05,9:22,7:28:10,8:49,5:53:38,15:07:04
2101,602,"Kim, Baek Woon",M60-64,59,Open,Korea,1:36:16,16:58,6:30:51,10:54,6:33:19,15:08:18
2102,136,"Cardenas, Eduardo",M55-59,134,Open,Mexico,1:31:18,8:10,6:37:26,10:16,6:41:12,15:08:22
2103,210,"Meadows, Todd",M50-54,228,Open,United States,1:36:06,5:15,6:36:04,5:06,6:46:46,15:09:17
2104,479,"Heaney, John",M70-74,6,Open,United Kingdom,1:39:49,9:36,7:19:02,6:47,5:54:25,15:09:39
2105,306,"Speed, John",M45-49,287,Open,United States,1:26:52,8:01,7:17:27,12:19,6:05:15,15:09:54
2106,408,"Rogers, Melissa",F35-39,75,Female,United States,1:12:19,7:41,7:21:31,8:17,6:20:08,15:09:56
2107,579,"Tracy, Diane",F65-69,13,Female,United States,1:43:01,7:54,7:13:59,9:54,5:55:27,15:10:15
2108,300,"Seidensticker, Jim",M45-49,288,Open,United States,1:25:09,6:01,7:01:33,11:03,6:26:31,15:10:17
2109,325,"Seidensticker, Nicki",F45-49,82,Female,United States,1:35:02,10:18,7:21:22,6:24,5:57:11,15:10:17
2110,661,"Meyersson, Pernilla",F60-64,28,Female,Sweden,1:43:57,9:23,7:31:41,10:01,5:35:17,15:10:19
2111,335,"Damveld, Mark",M40-44,267,Open,United States,1:29:25,3:57,6:35:45,6:14,6:54:59,15:10:20
2112,520,"Forti, Sergio",M65-69,37,Open,Argentinia,1:36:02,9:12,7:22:14,11:29,5:52:54,15:11:51
2113,261,"Cheung, Wai Kei",M45-49,289,Open,Hong Kong,1:08:19,6:43,7:47:15,14:32,5:56:35,15:13:24
2114,639,"Bettencourt, Brenda",F60-64,29,Female,United States,1:22:16,5:35,7:03:13,10:59,6:31:53,15:13:56
2115,575,"Ripley, Nancy",F65-69,14,Female,Canada,1:49:02,6:34,7:32:23,7:15,5:38:57,15:14:11
2116,242,"Hill, Kelly",F50-54,59,Female,Canada,1:35:58,7:19,7:38:41,10:02,5:42:54,15:14:54
2117,503,"Friedman, Liz",F70-74,3,Female,United States,1:37:06,5:46,7:52:28,6:06,5:33:32,15:14:58
2118,483,"Lin, Chuchuan",M70-74,7,Open,Taiwan,1:57:59,7:50,7:35:50,5:11,5:29:24,15:16:14
2119,2373,"Vradenburgh, Karla",F25-29,49,Female,United States,1:30:41,3:48,7:00:11,4:37,6:37:10,15:16:27
2120,112,"Greaser, Randy",M60-64,60,Open,United States,1:42:42,8:48,7:05:01,11:04,6:09:12,15:16:47
2121,539,"Rymer, Ed",M65-69,38,Open,United States,1:15:02,10:57,7:13:04,10:15,6:27:44,15:17:02
2122,830,"Roth, Cornelia",F55-59,48,Female,United States,1:09:50,2:57,6:41:28,5:07,7:17:51,15:17:13
2123,1705,"Masling, Catherine",F40-44,77,Female,United Kingdom,1:40:33,8:28,7:20:06,10:32,5:58:01,15:17:40
2124,374,"Guerrero, Patricia",F40-44,78,Female,Mexico,1:54:04,6:28,7:04:22,7:19,6:05:48,15:18:01
2125,1718,"Prebula, Dawn",F40-44,79,Female,United States,1:31:52,5:02,6:58:29,7:25,6:36:09,15:18:57
2126,1370,"Mailland, Magaly Kay",F45-49,83,Female,France,1:28:19,5:24,7:28:41,7:00,6:09:43,15:19:07
2127,521,"Furukawa, Yasuhiro",M65-69,39,Open,Japan,1:43:25,11:48,7:30:26,7:52,5:46:47,15:20:18
2128,486,"Martin, Bob",M70-74,8,Open,United Kingdom,2:10:42,4:38,7:21:06,6:47,5:37:45,15:20:58
2129,156,"Parnell, Richard",M55-59,135,Open,United Kingdom,1:23:02,7:34,7:19:21,8:15,6:22:57,15:21:09
2130,118,"Miller, Paul",M60-64,61,Open,Canada,1:18:17,12:43,7:25:42,15:29,6:09:44,15:21:55
2131,500,"Vogt, Lynn",M70-74,9,Open,United States,1:22:08,5:49,7:08:48,9:02,6:36:28,15:22:15
2132,809,"Park, Gil Ja",F55-59,49,Female,Korea,1:39:18,12:14,7:38:07,8:04,5:44:42,15:22:25
2133,398,"Shores, Patrick",M35-39,197,Open,United States,1:26:06,11:15,7:19:14,18:42,6:07:24,15:22:41
2134,173,"Kowal, Peri",F55-59,50,Female,United States,1:30:56,6:47,8:10:56,10:33,5:23:57,15:23:09
2135,275,"Haunn, Val",M45-49,290,Open,United States,1:34:38,5:12,7:11:52,7:21,6:24:22,15:23:25
2136,532,"Mori, Masanori",M65-69,40,Open,Japan,1:33:59,8:10,7:41:15,10:52,5:49:16,15:23:32
2137,219,"Poon, Bernard",M50-54,229,Open,Hong Kong,1:28:17,10:33,6:59:14,12:02,6:34:44,15:24:50
2138,407,"Macgillivray, Emily",F35-39,76,Female,United States,1:33:37,10:06,7:41:50,13:46,5:45:42,15:25:01
2139,441,"Caipeng, Li",M18-24,39,Open,China,1:39:01,5:41,7:33:45,8:45,5:58:17,15:25:29
2140,135,"Caplan, Jeff",M55-59,136,Open,United States,1:23:21,5:35,6:29:05,9:50,7:19:27,15:27:18
2141,229,"Tamm, Raivo",M50-54,230,Open,Estonia,1:40:07,8:00,7:36:57,9:01,5:53:29,15:27:34
2142,496,"Sweetman, Richard",M70-74,10,Open,New Zealand,1:31:31,9:40,7:18:32,9:34,6:19:22,15:28:39
2143,2425,"Dauvergne, Pauline Anouk Chloe",F18-24,31,Female,France,1:08:00,5:56,7:12:39,7:09,6:55:33,15:29:17
2144,554,"Alexy, Eva",F65-69,15,Female,Canada,1:55:25,12:18,7:31:20,8:47,5:41:37,15:29:27
2145,336,"Defeudis, Joey",M40-44,268,Open,United States,1:23:45,12:21,6:57:31,20:30,6:35:21,15:29:28
2146,655,"Knutson, Julie",F60-64,30,Female,United States,1:23:36,9:06,7:38:13,9:17,6:09:33,15:29:45
2147,409,"Tully, Jade",F35-39,77,Female,United States,1:28:24,7:16,7:12:29,7:46,6:33:54,15:29:49
2148,155,"Mentis, Konstantin",M55-59,137,Open,Greece,1:48:44,8:07,7:32:50,10:00,5:51:58,15:31:39
2149,302,"Shihong, Huang",M45-49,291,Open,China,1:47:11,9:18,7:22:39,13:00,5:59:42,15:31:50
2150,669,"Robinson, Judi",F60-64,31,Female,Australia,1:25:19,9:02,7:54:55,11:59,5:51:36,15:32:51
2151,142,"Drury, Brad",M55-59,138,Open,United States,1:47:24,12:15,6:20:14,13:39,7:02:47,15:36:19
2152,654,"Knowles, Jennifer",F60-64,32,Female,Canada,1:41:17,12:24,6:54:41,15:46,6:33:14,15:37:22
2153,251,"Winarchick, Cami",F50-54,60,Female,United States,1:13:02,6:49,7:33:45,7:11,6:36:43,15:37:30
2154,489,"Muranaka, Shinichi",M70-74,11,Open,Japan,1:45:00,7:56,7:13:10,9:49,6:23:02,15:38:57
2155,504,"Gonzales, Valerie",F70-74,4,Female,Canada,1:53:00,9:54,7:42:49,9:00,5:44:47,15:39:30
2156,492,"Noe, Toni",M70-74,12,Open,Spain,1:30:59,6:52,7:25:21,7:38,6:29:09,15:39:59
2157,327,"Vu, Heidi",F45-49,84,Female,Vietnam,1:22:41,5:14,7:48:27,5:53,6:17:47,15:40:02
2158,187,"Cox, Bob",M50-54,231,Open,United States,1:21:43,8:56,7:24:57,10:57,6:33:49,15:40:22
2159,750,"Nagano, Katsumi",M55-59,139,Open,Japan,1:26:16,7:32,6:49:02,18:16,6:59:56,15:41:02
2160,345,"Hazen, John",M40-44,269,Open,Canada,1:20:13,6:29,7:18:43,8:26,6:48:24,15:42:15
2161,260,"Cherullo, Edward",M45-49,292,Open,United States,1:20:39,11:07,7:33:17,7:02,6:30:17,15:42:22
2162,401,"Chang, Julia",F35-39,78,Female,United States,1:16:53,9:02,7:46:02,12:08,6:18:49,15:42:54
2163,576,"Rosen, Patricia",F65-69,16,Female,United States,1:31:51,7:22,7:35:15,10:10,6:18:18,15:42:56
2164,384,"Case, Darren",M35-39,198,Open,United States,1:18:12,11:11,7:39:17,8:46,6:26:28,15:43:54
2165,649,"Gillespie, Jean",F60-64,33,Female,United Kingdom,1:31:59,10:08,7:24:41,12:03,6:25:36,15:44:27
2166,172,"Bissing, Pam",F55-59,51,Female,United States,1:27:09,9:07,7:40:15,12:57,6:15:00,15:44:28
2167,350,"Johnson, Ryan",M40-44,270,Open,United States,1:37:54,10:18,7:20:17,9:43,6:26:27,15:44:39
2168,810,"Goto, Sachie",F55-59,52,Female,Japan,1:15:46,7:43,7:03:48,12:35,7:05:33,15:45:25
2169,159,"Pilchner, Frank",M55-59,140,Open,Germany,1:39:00,6:36,7:06:40,11:08,6:42:28,15:45:52
2170,182,"Betanzos, Freddie",M50-54,232,Open,United States,1:15:28,12:07,7:16:34,13:47,6:48:26,15:46:22
2171,495,"Skrlep, Anton",M70-74,13,Open,Slovenia,1:20:40,6:03,6:51:51,7:21,7:20:31,15:46:26
2172,824,"Namai, Kanako",F55-59,53,Female,Japan,1:38:07,5:28,7:56:42,7:43,5:58:46,15:46:46
2173,105,"Flint, Robert",M65-69,41,Open,United States,1:30:40,8:08,7:29:57,9:57,6:28:51,15:47:33
2174,469,"Banga, Daniel",M70-74,14,Open,Argentinia,1:32:28,10:42,7:32:15,8:46,6:25:12,15:49:23
2175,487,"Mccarthy, Bill",M70-74,15,Open,United States,2:05:57,16:48,7:21:56,14:00,5:52:06,15:50:47
2176,116,"Knight, Eric",M60-64,62,Open,United States,1:32:47,13:00,7:10:13,14:06,6:40:47,15:50:53
2177,660,"Vilela mendoca brandao, Themis",F60-64,34,Female,Brazil,1:50:47,8:54,7:51:47,6:06,5:54:32,15:52:06
2178,322,"Bolton, Justine",F45-49,85,Female,Australia,1:15:15,10:44,7:26:14,15:41,6:44:20,15:52:14
2179,114,"Hough, Paul",M60-64,63,Open,United States,1:26:53,6:43,7:09:46,8:48,7:00:25,15:52:35
2180,372,"Bogart, Lauren",F40-44,80,Female,United States,1:18:36,7:35,6:59:46,17:05,7:09:56,15:52:58
2181,849,"Wiman, Marie",F55-59,54,Female,Sweden,1:33:04,5:12,7:28:25,11:22,6:35:31,15:53:34
2182,175,"Neal, Janet",F55-59,55,Female,United States,1:55:31,7:22,7:10:45,9:08,6:31:13,15:53:59
2183,834,"Shinoda, Noriko",F55-59,56,Female,Japan,1:28:28,8:02,8:04:41,6:18,6:06:37,15:54:06
2184,436,"Carboniero, Valentin",M18-24,40,Open,France,2:09:20,4:59,7:04:12,10:34,6:25:34,15:54:39
2185,501,"Watanabe, Masayoshi",M70-74,16,Open,Japan,1:55:32,6:39,7:53:52,5:54,5:52:52,15:54:49
2186,222,"Reinsch, Kevin",M50-54,233,Open,United States,1:11:11,8:39,6:38:23,7:23,7:49:24,15:55:00
2187,240,"Davis, Aundrea",F50-54,61,Female,United States,1:52:37,12:24,7:08:32,9:45,6:32:59,15:56:17
2188,151,"Jovic, Sasa",M55-59,141,Open,Croatia,1:22:03,10:55,7:18:56,14:35,6:49:49,15:56:18
2189,475,"Demetrulias, George",M70-74,17,Open,United States,1:41:00,11:50,7:20:02,10:18,6:33:15,15:56:25
2190,488,"Mims, Stewart",M70-74,18,Open,United States,1:35:10,9:12,7:33:15,11:51,6:27:35,15:57:03
2191,405,"Johnson, Lisa",F35-39,79,Female,United States,1:48:37,5:10,7:37:39,5:49,6:21:24,15:58:39
2192,562,"Hunt, Dot",F65-69,17,Female,South Africa,1:54:28,8:50,7:51:11,7:09,5:57:50,15:59:28
2193,545,"Suzuki, Masaru",M65-69,42,Open,Japan,1:16:32,7:31,7:05:06,9:09,7:21:33,15:59:51
2194,2414,"Simmons, Tyler",M18-24,41,Open,United States,1:25:43,5:34,7:14:28,9:35,7:04:35,15:59:55
2195,490,"Namai, Nobuo",M70-74,19,Open,Japan,1:36:57,7:28,8:13:14,8:43,5:55:24,16:01:46
2196,701,"Dauber, Paul",M55-59,142,Open,United States,1:14:20,5:41,6:51:21,25:34,7:25:16,16:02:12
2197,477,"Genn, Cliff",M70-74,20,Open,Australia,1:34:00,9:23,7:41:53,10:58,6:26:11,16:02:25
2198,573,"Ozawa, Mitsuko",F65-69,18,Female,Japan,1:28:43,14:55,8:10:40,20:27,5:47:45,16:02:30
2199,200,"Fussi, Jurgen",M50-54,234,Open,Austria,1:32:40,6:34,7:32:02,13:00,6:38:49,16:03:05
2200,104,"Dean, Dave",M65-69,43,Open,New Zealand,1:47:46,8:54,7:31:35,8:39,6:26:47,16:03:41
2201,679,"Young, Marion",F60-64,35,Female,Canada,1:43:59,8:44,7:40:43,8:36,6:21:46,16:03:48
2202,386,"Duarte, David",M35-39,199,Open,United States,1:56:17,8:44,7:34:05,11:20,6:13:28,16:03:54
2203,181,"Berland, Mike",M50-54,235,Open,United States,1:21:41,13:49,7:34:10,11:31,6:43:04,16:04:15
2204,317,"Wright, Paul",M45-49,293,Open,United States,1:31:18,6:27,8:01:02,8:41,6:18:06,16:05:34
2205,389,"Jiang, Tai",M35-39,200,Open,China,1:35:14,11:55,7:16:29,23:28,6:38:37,16:05:43
2206,346,"Heilman, Patrick",M40-44,271,Open,United States,1:29:56,10:48,8:03:30,9:37,6:11:56,16:05:47
2207,570,"Murata, Satomi",F65-69,19,Female,Japan,1:54:56,6:57,8:00:45,6:31,5:57:45,16:06:54
2208,472,"Burnette, Russ",M70-74,21,Open,United States,1:54:10,11:47,7:10:03,14:16,6:37:24,16:07:40
2209,515,"Chandler, Brian",M65-69,44,Open,Australia,1:22:03,10:01,7:23:16,11:24,7:03:39,16:10:23
2210,560,"Hollins, Teresa",F65-69,20,Female,United Kingdom,1:26:23,6:16,7:56:05,7:20,6:34:21,16:10:25
2211,177,"Zenisek, Karen",F55-59,57,Female,United States,1:22:02,8:15,7:21:51,7:00,7:11:45,16:10:53
2212,161,"Polkow, David",M55-59,143,Open,United States,1:42:30,13:49,7:22:32,10:49,6:41:38,16:11:18
2213,252,"Yarrow, Lisa",F50-54,62,Female,United States,1:38:31,9:55,7:26:51,10:34,6:45:54,16:11:45
2214,110,"Whitman, Bob",M65-69,45,Open,United States,1:40:04,11:53,8:05:37,13:04,6:02:26,16:13:04
2215,572,"Neuman, Lynda",F65-69,21,Female,United States,1:47:41,7:06,7:43:03,8:39,6:27:57,16:14:26
2216,574,"Parr, Sharman",F65-69,22,Female,Australia,1:45:57,6:52,7:35:57,8:14,6:37:33,16:14:33
2217,119,"Nash, Mark",M60-64,64,Open,United States,1:30:45,14:41,7:18:16,16:52,6:54:52,16:15:26
2218,491,"Nobuka, Koji",M70-74,22,Open,Japan,1:48:35,15:33,8:14:32,11:31,5:45:19,16:15:30
2219,494,"Sabat, Milton",M70-74,23,Open,Costa Rica,1:21:59,6:23,8:22:09,7:56,6:17:36,16:16:03
2220,121,"Prein, Uwe",M60-64,65,Open,Germany,1:38:44,7:45,7:52:22,6:33,6:32:22,16:17:46
2221,174,"Liebmann, Kathrin",F55-59,58,Female,Germany,1:37:24,8:21,7:35:58,9:23,6:46:40,16:17:46
2222,557,"Cribbs, Carey",F65-69,23,Female,United States,1:20:25,6:37,7:45:30,15:30,6:50:10,16:18:12
2223,2333,"Clemens, Kirsten",F25-29,50,Female,United States,1:25:57,9:18,8:03:57,9:49,6:30:23,16:19:24
2224,680,"Yuko, Hayashi",F60-64,36,Female,Japan,1:36:24,8:28,7:51:35,9:59,6:34:13,16:20:39
2225,171,"Wiley, Tim",M55-59,144,Open,United States,1:41:52,8:17,6:38:13,13:06,7:40:23,16:21:51
2226,507,"Rolston, Shirley",F70-74,5,Female,New Zealand,1:44:33,7:53,7:50:17,7:23,6:32:14,16:22:20
2227,569,"Mccann, Pauline",F65-69,24,Female,Australia,1:33:02,11:15,7:49:30,14:49,6:35:39,16:24:15
2228,269,"Feld, Eric",M45-49,294,Open,United States,1:22:32,7:07,7:24:28,6:36,7:25:06,16:25:49
2229,253,"Alexander, Sean",M45-49,295,Open,Hong Kong,1:29:29,8:23,7:45:19,10:31,6:52:56,16:26:38
2230,460,"Nakagawa, Ryuji",M75-79,7,Open,Japan,2:02:16,8:50,7:57:20,10:45,6:08:42,16:27:53
2231,644,"Davidson, Fiona",F60-64,37,Female,United Kingdom,1:34:31,6:08,7:29:54,7:14,7:11:41,16:29:28
2232,247,"Nelson, Barbara",F50-54,63,Female,United States,1:47:13,8:32,7:46:32,12:52,6:34:49,16:29:58
2233,482,"Leech, J Nathan",M70-74,24,Open,United States,1:03:28,8:10,7:51:29,12:15,7:17:36,16:32:58
2234,415,"Elkins, Casey",M30-34,165,Open,United States,1:46:56,9:08,7:58:24,8:25,6:30:45,16:33:38
2235,352,"Kallas, Taylor",M40-44,272,Open,United States,2:18:51,5:44,7:12:52,9:04,6:47:18,16:33:49
2236,499,"Tylkowski, Otto",M70-74,25,Open,Germany,1:47:06,7:37,7:47:02,10:21,6:42:34,16:34:40
2237,122,"Simes, Garry",M60-64,66,Open,Australia,1:27:56,5:25,7:44:25,7:53,7:09:13,16:34:52
2238,547,"Tsushima, Tatsuya",M65-69,46,Open,Japan,1:57:05,11:25,7:41:49,11:06,6:34:41,16:36:06
2239,249,"Sepulveda, Migdalia",F50-54,64,Female,United States,1:31:54,7:37,8:19:20,8:41,6:29:55,16:37:27
2240,497,"Teichelmann shuttleton, Hector",M70-74,26,Open,Chile,2:06:32,10:22,7:52:09,10:09,6:18:55,16:38:07
2241,101,"Hill, Warren",M80-84,1,Open,New Zealand,1:54:23,9:54,7:57:54,11:33,6:24:36,16:38:20
2242,158,"Perrow, Leigh",M55-59,145,Open,Australia,1:18:03,9:21,7:21:54,20:09,7:29:06,16:38:33
2243,481,"Johnsson, Leif-Hakan",M70-74,27,Open,Sweden,2:08:16,9:37,7:12:44,14:01,6:54:20,16:38:58
2244,369,"Watkins, Kris",M40-44,273,Open,New Zealand,1:20:51,5:17,8:18:02,7:41,6:48:57,16:40:48
2245,152,"Mars, Robert",M55-59,146,Open,United States,1:32:26,6:08,7:51:08,9:35,7:02:07,16:41:24
2246,563,"Ishibashi, Yoko",F65-69,25,Female,Japan,1:40:51,8:14,8:21:43,9:53,6:23:49,16:44:30
2247,107,"Kelly, Paul",M65-69,47,Open,Australia,1:43:12,9:10,8:13:28,11:17,6:28:55,16:46:02
2248,509,"Anthony, Mike",M65-69,48,Open,United Kingdom,1:29:17,10:49,7:46:49,14:48,7:04:37,16:46:20
2249,198,"Enticott, Steven",M50-54,236,Open,Australia,1:47:32,12:07,8:02:01,13:08,6:32:30,16:47:18
2250,108,"Kessler, Gary",M65-69,49,Open,United States,1:26:22,8:57,8:02:21,9:32,7:00:33,16:47:45
2251,139,"Cuellar, Carlos",M55-59,147,Open,Mexico,1:33:29,9:12,7:27:10,9:49,7:28:27,16:48:07
2252,205,"Kingsfield, Jeff",M50-54,237,Open,United States,1:18:51,9:26,7:29:51,24:41,7:25:42,16:48:31
2253,243,"Kingsfield, Kelly",F50-54,65,Female,United States,1:43:52,7:54,7:36:30,15:18,7:04:58,16:48:32
2254,555,"Beavers, Cathy",F65-69,26,Female,United States,1:45:30,10:25,8:25:01,10:15,6:18:52,16:50:03
2255,502,"Whitehouse, Paul",M70-74,28,Open,United States,2:06:01,11:49,7:51:20,11:20,6:29:34,16:50:04
2256,250,"Svoboda-vasquez, Hanna",F50-54,66,Female,Germany,1:29:33,9:47,8:16:27,7:34,6:47:42,16:51:03
2257,535,"Piasentini, Edgardo",M65-69,50,Open,Argentinia,1:42:27,6:17,7:42:09,8:39,7:13:49,16:53:21
2258,370,"Yotov, Kamen",M40-44,274,Open,Bulgaria,1:32:30,13:25,7:57:24,10:08,7:03:42,16:57:09
,1811,"Garcin, Florent",M35-39,,Open,France,1:09:20,3:51,5:36:17,10:49,,
,1823,"Huerta, Manuel",M35-39,,Open,Puerto Rico,,,,,,
,1834,"Kocar, Saso",M35-39,,Open,Slovenia,,,,,,
,391,"Kouladjian, Sebastian",M35-39,,Open,United States,1:07:03,3:04,6:04:25,,,
,392,"Kriat, Maxim",M35-39,,Open,Kazakhstan,2:00:29,20:25,,,,
,1857,"Marrero avero, Rayco Miguel",M35-39,,Open,Spain,,,,,,
,1878,"Owen, Jarrod",M35-39,,Open,Australia,,,,,,
,1888,"Ream, Jason",M35-39,,Open,United States,,,,,,
,397,"Sheng, Li",M35-39,,Open,China,,,,,,
,1925,"Vanhille, Mitch",M35-39,,Open,Belgium,,,,,,
,1930,"Voronin, Oleksandr",M35-39,,Open,Ukraine,,,,,,
,1932,"Weghorst, Mark",M35-39,,Open,United States,,,,,,
,1420,"Baker, Edward",M40-44,,Open,United States,,,,,,
,1439,"Botha, Andrew",M40-44,,Open,South Africa,1:00:49,3:41,5:07:07,7:37,,
,1441,"Bresolin, Rino",M40-44,,Open,Italy,1:13:33,4:28,,,,
,2405,"Mitchell, Cameron",M18-24,,Open,Canada,,,,,,
,1445,"Burkett, Samuel",M40-44,,Open,United States,,,,,,
,1532,"Johnson, Christopher",M40-44,,Open,United States,1:14:29,5:04,,,,
,1538,"Klinedinst, Joe",M40-44,,Open,United States,,,,,,
,1539,"Knuth, Cameron",M40-44,,Open,United States,,,,,,
,1540,"Koike, Ken",M40-44,,Open,Japan,54:36,3:44,,,,
,1558,"Lopes, Marcos Felipe Mendes",M40-44,,Open,Brazil,,,,,,
,1568,"Mazurov, Oleg",M40-44,,Open,Russian Federation,1:15:01,4:13,5:22:17,4:20,,
,360,"Middleton, Steven",M40-44,,Open,United Kingdom,,,,,,
,362,"Nagy, Denes",M40-44,,Open,United States,,,,,,
,1576,"Nelker, Mikael",M40-44,,Open,Sweden,1:04:05,4:02,,,,
,363,"Nicosia, Filippo",M40-44,,Open,Italy,,,,,,
,2037,"Entwistle, Michael",M30-34,,Open,Australia,,,,,,
,1624,"Sousa, Rafael",M40-44,,Open,Brazil,52:23,3:22,5:27:47,,,
,2048,"Goldovskii, Kirill",M30-34,,Open,Russian Federation,,,,,,
,1630,"Stubleski, Daniel",M40-44,,Open,United States,1:00:21,2:17,4:41:13,3:43,,
,2049,"Gomez gonzalez, Juan Antonio",M30-34,,Open,Spain,,,,,,
,1639,"Tragle, Henry",M40-44,,Open,United States,,,,,,
,2072,"Karner, Johan",M30-34,,Open,Sweden,,,,,,
,371,"Yun, Zhang",M40-44,,Open,China,,,,,,
,2078,"Korell, Tobias",M30-34,,Open,Germany,1:05:50,3:30,,,,
,2099,"Mitchell, Cameron",M30-34,,Open,South Africa,,,,,,
,2101,"Monteiro, Bruno",M30-34,,Open,Brazil,,,,,,
,1045,"Dunkle, Julie",F50-54,,Female,United States,,,,,,
,245,"Lutkevich, Connie",F50-54,,Female,United States,1:25:23,8:01,7:57:38,15:39,,
,1073,"Nagle, Melinda",F50-54,,Female,United States,1:11:57,4:37,6:17:31,,,
,248,"Pianka, Stephanie",F50-54,,Female,United States,1:34:26,10:44,8:03:47,,,
,1980,"Mccoy, Carrie",F35-39,,Female,United States,1:22:44,3:48,6:55:53,,,
,113,"Gueta, Josef",M60-64,,Open,Israel,1:57:45,8:57,,,,
,616,"Montreuil, Carol",M60-64,,Open,Canada,1:28:55,4:24,6:32:28,,,
,633,"Vrbanac, Michael",M60-64,,Open,United States,1:09:25,4:46,5:30:09,5:52,,
,634,"Welsh, James",M60-64,,Open,South Africa,,,,,,
,3028,"Annett, Jen",FPRO,,Female,Canada,1:02:49,2:25,5:12:03,2:40,,
,3015,"Bilham, Emma",FPRO,,Female,Switzerland,1:01:17,5:48,,,,
,3004,"Carfrae, Mirinda",FPRO,,Female,Australia,59:10,2:27,,,,
,855,"Avila, Anthony",M50-54,,Open,United States,1:20:44,4:53,5:56:11,9:26,,
,3020,"Mccauley, Jocelyn",FPRO,,Female,United States,54:02,2:02,,,,
,893,"Dwehus, Andre",M50-54,,Open,Germany,1:15:45,,,,,
,3036,"Pedersen, Camilla",FPRO,,Female,Denmark,54:13,2:05,5:23:58,5:51,,
,921,"Holom, Mans",M50-54,,Open,Sweden,,,,,,
,3005,"True, Sarah",FPRO,,Female,United States,54:03,2:20,,,,
,444,"Ignacio, Edward",M50-54,,Open,United States,1:36:18,9:45,7:33:19,14:09,,
,3045,"Withrow, Kelsey",FPRO,,Female,United States,54:17,2:25,,,,
,208,"Massimov, Karim",M50-54,,Open,Kazakhstan,2:00:27,20:28,,,,
,964,"Niedrig, Andreas",M50-54,,Open,Germany,56:28,3:35,5:07:17,6:30,,
,213,"Nock, Jeremy",M50-54,,Open,United Kingdom,,,,,,
,1111,"Blank, Alexander-Christophe",M45-49,,Open,Germany,,,,,,
,1002,"Sneyers, Nick",M50-54,,Open,Belgium,,,,,,
,1125,"Buss, Nick",M45-49,,Open,United Kingdom,,,,,,
,1016,"Ulrichsen, Anders",M50-54,,Open,Denmark,,,,,,
,1135,"Cronshaw, Darren",M45-49,,Open,Australia,,,,,,
,1026,"Wiberg, John",M50-54,,Open,United States,1:04:13,6:01,5:56:05,12:19,,
,1168,"Geurts, Auke",M45-49,,Open,Netherlands,,,,,,
,236,"Zhen, Deng Guo",M50-54,,Open,China,,,,,,
,280,"Kehm, Bradley",M45-49,,Open,United States,,,,,,
,285,"Lopez, Gabriel",M45-49,,Open,Guatemala,,,,,,
,301,"Sekiya, Gregory",M45-49,,Open,United States,1:32:58,9:52,8:34:52,8:53,,
,1303,"Solomon, Daniel",M45-49,,Open,United States,1:00:27,3:20,,,,
,1305,"Su, Yun",M45-49,,Open,China,1:13:42,4:32,5:17:31,8:16,,
,1307,"Tamega, Guilherme",M45-49,,Open,Brazil,,,,,,
,314,"Walle, David",M45-49,,Open,France,,,,,,
,318,"Young, Iain",M45-49,,Open,United Kingdom,,,,,,
,796,"Bellon, Veronique",F55-59,,Female,France,,,,,,
,801,"Duhon, Gwen",F55-59,,Female,United States,1:03:03,6:23,6:38:20,10:58,,
,176,"Stupi, Mary",F55-59,,Female,United States,1:24:49,11:38,7:18:20,,,
,517,"Evsikov, Alexander",M65-69,,Open,Russian Federation,,,,,,
,2436,"Lacerda, Carla",F18-24,,Female,Brazil,,,,,,
,523,"He, Xiaobing",M65-69,,Open,China,,,,,,
,2442,"Rena, Kubota",F18-24,,Female,Japan,,,,,,
,544,"Sudut, Martin",M65-69,,Open,United States,,,,,,
,2450,"Tsang, Ka Hung",F18-24,,Female,Hong Kong,1:12:02,2:41,7:28:26,,,
,2231,"Barnard, Ross",M25-29,,Open,South Africa,1:01:47,3:42,4:57:34,4:30,,
,427,"Lenner, Jared",M25-29,,Open,United States,,,,,,
,429,"Mcgoldrick, Donal",M25-29,,Open,Ireland,1:08:12,7:10,,,,
,2308,"Shenton-brown, William",M25-29,,Open,United Kingdom,,,,,,
,1676,"Chehensse, Amelie",F40-44,,Female,France,,,,,,
,1678,"Christian, Melisa",F40-44,,Female,United States,1:12:25,4:29,6:20:30,4:48,,
,1681,"Crofton, Jackie",F40-44,,Female,Australia,,,,,,
,375,"Horiuchi, Ai",F40-44,,Female,Japan,1:47:17,13:49,,,,
,376,"Kallas, Kim",F40-44,,Female,United States,2:08:43,7:18,,,,
,1702,"Kinne, Megan",F40-44,,Female,United States,1:25:21,5:35,,,,
,1711,"Naranjo, Ana Maria",F40-44,,Female,Colombia,1:07:11,4:49,5:50:37,4:18,,
,470,"Borrell, David",M70-74,,Open,United Kingdom,1:38:03,7:47,,,,
,1724,"Schubiger, Carla",F40-44,,Female,Switzerland,1:02:44,3:55,5:33:24,3:28,,
,471,"Bourdillon, Patrick",M70-74,,Open,United States,,,,,,
,1735,"Torres, Martha",F40-44,,Female,Colombia,1:11:37,2:54,5:44:26,,,
,476,"Evenson, Even",M70-74,,Open,United States,,,,,,
,484,"Lloyd, Graham",M70-74,,Open,United States,2:19:25,53:58,,,,
,493,"Pastorelli, Giovanni",M70-74,,Open,Italy,1:34:57,9:22,8:08:16,27:01,,
,102,"Short, Barry",M70-74,,Open,United Kingdom,1:58:59,16:08,,,,
,498,"Truscott, Al",M70-74,,Open,United States,1:21:56,6:38,7:35:27,9:19,,
,637,"Andersen, Jan",F60-64,,Female,United States,1:52:56,11:08,,,,
,125,"Batungbacal, Pamela",F60-64,,Female,United States,1:37:29,11:12,8:29:21,7:52,,
,642,"Cuder, Isabella",F60-64,,Female,Austria,1:11:22,6:46,7:54:12,,,
,645,"Dayan, Karen",F60-64,,Female,United States,1:43:20,8:41,8:10:32,,,
,651,"Inoue, Keiko",F60-64,,Female,Japan,1:39:03,9:26,8:33:48,9:52,,
,671,"Sophiea, Laura",F60-64,,Female,United States,1:17:06,8:01,6:04:41,,,
,677,"Williams, Jennifer",F60-64,,Female,Australia,,,,,,
,467,"Akio, Terumasa",M75-79,,Open,Japan,2:15:16,8:24,8:28:23,,,
,453,"Borjesson, Hakan",M75-79,,Open,Sweden,1:54:34,9:51,8:13:50,14:10,,
,454,"Cooper, D. Mark",M75-79,,Open,United States,,,,,,
,456,"Horiuchi, Tadashi",M75-79,,Open,Japan,2:20:50,,,,,
,458,"Mccarel, Dan",M75-79,,Open,United States,2:05:20,16:10,8:31:50,,,
,461,"Paxson, Dean",M75-79,,Open,United States,1:46:52,13:05,8:23:11,10:33,,
,463,"Plant, Robert",M75-79,,Open,United States,1:28:55,4:54,7:12:40,,,
,464,"Proulx, Gilles",M75-79,,Open,Canada,2:28:47,44:36,,,,
,468,"Weinbrandt, Richard",M75-79,,Open,United States,1:29:11,5:47,8:35:07,9:22,6:54:53,
,2328,"Cancelliere, Lauren",F25-29,,Female,United States,1:12:14,3:52,6:14:43,5:13,,
,2329,"Carvalho, Maria Cecilia",F25-29,,Female,Brazil,1:01:54,3:04,5:04:48,2:54,,
,451,"Boyle, Brian",M80-84,,Open,New Zealand,,,,,,
,2341,"Hoare, Rebecca",F25-29,,Female,United Kingdom,,,,,,
,452,"Tarkington, Al",M80-84,,Open,United States,1:39:25,8:37,7:33:59,12:56,7:42:55,
,2344,"Ireland, Heather",F25-29,,Female,United States,,,,,,
,450,"Inada, Hiromu",M85-89,,Open,Japan,1:49:35,10:26,,,,
,2366,"Rinaldo, Marj",F25-29,,Female,United States,1:02:03,3:12,5:56:06,,,
,2374,"Wade-west, Milly",F25-29,,Female,United Kingdom,,,,,,
,434,"Williamson, Remi",F25-29,,Female,United States,1:49:33,9:32,,,,
,556,"Cowles, Karen",F65-69,,Female,United States,1:29:07,10:47,8:14:16,11:44,6:55:17,
,561,"Hughes, Gail",F65-69,,Female,United States,1:31:49,13:04,,,,
,508,"Yeats, Dexter",F70-74,,Female,United States,1:48:18,8:50,8:01:19,7:59,,
,2188,"Hodges, Maria",F30-34,,Female,Philippines,,,,,,
,425,"Li, Xiaoping",F30-34,,Female,China,,,,,,
,1338,"Beckendorf, Kristina",F45-49,,Female,Denmark,,,,,,
,2225,"Siegmeier, Nele",F30-34,,Female,Germany,,,,,,
,1340,"Blanco, Jordan",F45-49,,Female,United Kingdom,1:12:23,5:07,5:32:41,9:14,,
,20,"Beals, Cody",MPRO,,Open,Canada,52:16,2:20,,,,
,1350,"Fantini, Sandra",F45-49,,Female,France,59:43,3:25,5:46:05,4:21,,
,19,"Boecherer, Andi",MPRO,,Open,Germany,50:52,2:19,,,,
,1381,"Pederzoli, Laura",F45-49,,Female,Italy,,,,,,
,37,"Buckingham, Kyle",MPRO,,Open,South Africa,,,,,,
,1383,"Ponce, Carolina",F45-49,,Female,Ecuador,,,,,,
,43,"Dreitz, Andreas",MPRO,,Open,Germany,54:26,2:30,,,,
,127,"Altman, Lawerence",M55-59,,Open,United States,,,,,,
,326,"Shen, Rongrong",F45-49,,Female,China,2:09:17,9:41,,,,
,26,"Hanson, Matt",MPRO,,Open,United States,52:23,2:12,4:38:34,,,
,686,"Baek, Seungryul",M55-59,,Open,Korea,,,,,,
,1404,"Trazzi, Barbara",F45-49,,Female,Italy,,,,,,
,1,"Lange, Patrick",MPRO,,Open,Germany,47:40,2:02,,,,
,131,"Battista jr., John",M55-59,,Open,United States,1:01:14,8:07,,,,
,48,"Loeschke, Franz",MPRO,,Open,Germany,52:19,2:12,,,,
,133,"Brown, David",M55-59,,Open,United States,1:32:51,11:55,7:30:08,19:58,,
,3,"Mcnamee, David",MPRO,,Open,United Kingdom,50:59,2:15,,,,
,704,"Dogruol, Gokhan",M55-59,,Open,Turkey,,,,,,
,15,"Nilsson, Patrik",MPRO,,Open,Sweden,50:49,2:11,4:25:51,2:25,,
,143,"Fisch, Michael",M55-59,,Open,United States,1:19:37,5:35,,,,
,50,"Peterson, Kennett",MPRO,,Open,United States,57:07,2:33,,,,
,144,"Forward, Mark",M55-59,,Open,Australia,,,,,,
,54,"Starykowicz, Andrew",MPRO,,Open,United States,,,,,,
,716,"Graham, James",M55-59,,Open,United Kingdom,,,,,,
,31,"Stein, Boris",MPRO,,Open,Germany,54:15,2:01,4:13:18,2:43,,
,727,"Jouffret, Christophe",M55-59,,Open,France,58:12,2:40,5:09:36,4:13,,
,55,"Tollakson, Tj",MPRO,,Open,United States,51:44,2:27,,,,
,743,"Melmer, Dietmar",M55-59,,Open,Austria,1:06:11,3:58,5:19:08,8:23,,
,754,"Perez, Cyrille",M55-59,,Open,France,1:13:27,3:46,5:43:57,5:45,,
,755,"Petersson, Lars-Gorans",M55-59,,Open,Sweden,,,,,,
,768,"Son, Yousung",M55-59,,Open,Korea,,,,,,
,1760,"Besancon, Florian",M35-39,,Open,France,,,,,,
,1769,"Buttrick, Nathan",M35-39,,Open,United States,,,,,,
,1770,"Cardenas maestre, Juan Manuel",M35-39,,Open,Spain,1:11:41,2:43,,,,
,1776,"Clark, David",M35-39,,Open,Australia,,,,,,
,1804,"Fackler, Matthias",M35-39,,Open,Germany,1:06:57,4:24,5:48:01,7:07,,
