Place,Bib,Name,Age_Group,Group_Rank,Class,Club,Swim,T1,Bike,T2,Run,Finish
1,3,Sam Laidlow,MPRO,1,Open,France,47:50,3:06,4:31:28,2:12,2:41:46,8:06:22
2,2,Patrick Lange,MPRO,2,Open,Germany,49:01,2:28,4:43:24,2:42,2:32:41,8:10:17
3,7,Magnus Ditlev,MPRO,3,Open,Denmark,49:14,3:09,4:35:54,2:19,2:41:07,8:11:43
4,11,Rodolphe Von Berg,MPRO,4,Open,United States,47:50,2:27,4:37:23,2:32,2:42:44,8:12:57
5,6,Leon Chevalier,MPRO,5,Open,France,51:11,2:49,4:39:30,2:11,2:39:26,8:15:07
6,49,Arthur Horseau,MPRO,6,Open,France,53:19,3:07,4:42:19,2:34,2:37:17,8:18:36
7,16,Bradley Weiss,MPRO,7,Open,South Africa,47:55,2:44,4:44:23,2:31,2:43:22,8:20:54
8,19,Gregory Barnaby,MPRO,8,Open,Italy,47:51,2:42,4:44:23,2:15,2:44:04,8:21:15
9,27,Robert Wilkowiecki,MPRO,9,Open,Poland,47:48,2:35,4:44:36,2:38,2:43:45,8:21:23
10,8,Clément Mignon,MPRO,10,Open,France,47:59,2:33,4:43:03,2:41,2:47:55,8:24:10
11,46,Matthew Marquardt,MPRO,11,Open,United States,47:46,2:15,4:49:11,3:21,2:43:44,8:26:17
12,23,Arnaud Guilloux,MPRO,12,Open,France,49:57,3:03,4:42:47,2:28,2:50:39,8:28:53
13,48,Benjamin Hill,MPRO,13,Open,Australia,53:11,3:04,4:42:31,2:17,2:48:39,8:29:41
14,21,Cameron Wurf,MPRO,14,Open,Australia,51:07,2:31,4:36:03,2:21,2:58:40,8:30:42
15,29,Niek Heldoorn,MPRO,15,Open,Netherlands,47:53,2:09,4:45:32,2:32,2:54:27,8:32:33
16,9,Braden Currie,MPRO,16,Open,New Zealand,47:46,2:24,4:46:37,4:03,2:58:01,8:38:50
17,18,Mathias Lyngsø Petersen,MPRO,17,Open,Denmark,47:54,2:51,4:49:21,2:38,2:57:28,8:40:11
18,50,Remi Conte,MPRO,18,Open,France,53:10,2:27,4:56:18,3:09,2:48:35,8:43:38
19,34,Leonard Arnold,MPRO,19,Open,Germany,49:19,2:51,4:54:19,3:06,2:55:09,8:44:44
20,30,Jonas Hoffmann,MPRO,20,Open,Germany,50:10,2:46,4:58:57,2:48,2:50:14,8:44:54
21,17,Matt Hanson,MPRO,21,Open,United States,53:06,2:21,5:10:01,3:56,2:36:29,8:45:55
22,41,Andre Lopes,MPRO,22,Open,Brazil,49:08,2:38,4:56:49,3:01,2:54:39,8:46:15
23,51,Ben Phillips,MPRO,23,Open,New Zealand,49:11,2:22,4:49:59,3:06,3:03:22,8:48:00
24,1,Jan Frodeno,MPRO,24,Open,Germany,47:47,2:41,4:44:59,5:04,3:08:12,8:48:42
25,390,Lars Lomholt,M35-39,1,Open,Denmark,58:53,2:43,4:57:13,2:59,2:53:39,8:55:26
26,28,Franz Loeschke,MPRO,25,Open,Germany,49:14,2:14,5:00:35,3:26,3:02:05,8:57:34
27,43,Georg Enzenberger,MPRO,26,Open,Austria,51:10,2:30,5:00:03,3:21,3:03:25,9:00:29
28,1955,Jari Claes,M25-29,1,Open,Switzerland,53:20,4:07,4:54:03,4:21,3:06:26,9:02:17
29,37,Fernando Toldi,MPRO,27,Open,Brazil,49:14,2:16,4:57:10,2:55,3:15:18,9:06:54
30,360,Miao Hao,M35-39,2,Open,China,52:24,3:21,5:19:29,2:51,2:51:54,9:09:59
31,955,Pierre Stieremans,M30-34,1,Open,France,55:07,3:07,5:09:25,3:05,3:00:51,9:11:35
32,878,David Hörth,M30-34,2,Open,Germany,1:01:02,3:09,5:08:46,3:33,2:56:18,9:12:48
33,883,Peng Cheng Li,M30-34,3,Open,China,56:29,4:05,5:22:11,4:19,2:46:10,9:13:13
34,956,Herbert Enzinger,M30-34,4,Open,Germany,55:32,2:39,5:11:25,3:13,3:02:18,9:15:06
35,2382,John Killeen,M25-29,2,Open,United States,1:05:38,4:12,5:11:51,3:06,2:54:48,9:19:35
36,1953,Vincent Größer,M25-29,3,Open,Germany,58:53,3:08,5:06:56,2:47,3:08:10,9:19:54
37,42,Maximilian Hammerle,MPRO,28,Open,Austria,53:21,3:07,4:53:35,3:43,3:26:51,9:20:37
38,213,Andrew Hall,M35-39,3,Open,United States,55:37,2:56,5:21:27,2:50,2:58:17,9:21:07
39,1989,Lukas Stahl,M18-24,1,Open,Germany,56:23,3:19,5:11:31,3:16,3:07:46,9:22:15
40,824,Tine Lavrencic,M30-34,5,Open,Slovenia,56:36,3:36,5:19:52,2:48,3:00:21,9:23:13
41,2256,Donald Brooks,M45-49,1,Open,United Kingdom,52:57,3:19,5:20:44,3:06,3:05:33,9:25:39
42,1268,Christian Haupt,M40-44,1,Open,Germany,58:11,3:34,5:17:12,3:29,3:03:19,9:25:46
43,2125,Roberto Fonseca,M45-49,2,Open,Brazil,54:36,3:02,5:28:39,3:20,2:56:19,9:25:57
44,935,Alex Woodman,M30-34,6,Open,United Kingdom,50:11,2:45,5:18:00,4:16,3:11:19,9:26:30
45,1838,Cory Mayfield,M25-29,4,Open,United States,49:03,5:56,5:25:44,3:16,3:03:45,9:27:43
46,295,Pierre Barbier,M35-39,4,Open,France,1:01:31,6:26,5:24:54,4:48,2:50:52,9:28:31
47,1832,Sébastien Cazol,M25-29,5,Open,France,1:04:57,4:19,5:15:17,4:43,2:59:45,9:29:01
48,1901,Fraser Minnican,M25-29,6,Open,United Kingdom,48:10,4:44,5:14:42,3:38,3:19:06,9:30:19
49,382,Lukas Bosmans,M35-39,5,Open,Belgium,58:16,2:10,5:28:00,2:50,3:00:47,9:32:02
50,40,Adam Feigh,MPRO,29,Open,United States,53:21,2:37,5:03:20,5:23,3:27:35,9:32:16
51,1961,Daniel Paulsen,M25-29,7,Open,Denmark,56:47,4:12,5:20:38,4:06,3:06:46,9:32:30
52,1986,Randy Dobler,M18-24,2,Open,Switzerland,1:06:05,4:22,5:12:55,3:22,3:05:51,9:32:35
53,984,Christophe Martignier,M30-34,7,Open,Switzerland,54:22,3:48,5:22:32,3:42,3:08:59,9:33:22
54,866,Sergiusz Sobczyk,M30-34,8,Open,Poland,58:13,2:58,5:24:26,3:36,3:04:28,9:33:40
55,1821,Alexandre Vinokurov,M50-54,1,Open,Kazakhstan,1:13:14,4:12,4:58:11,3:11,3:16:12,9:35:00
56,1441,Michal Migala,M40-44,2,Open,Poland,1:03:28,3:20,5:32:35,3:11,2:53:03,9:35:36
57,1881,Marco Pavani,M25-29,8,Open,Italy,52:03,4:17,5:28:13,3:55,3:07:40,9:36:07
58,239,Tim Baelus,M35-39,6,Open,Belgium,55:13,3:11,5:31:51,3:49,3:02:13,9:36:17
59,1213,Peter Fenwick,M40-44,3,Open,United Kingdom,58:26,5:15,5:24:43,3:57,3:05:44,9:38:05
60,1957,Max Komes,M25-29,9,Open,Germany,54:41,4:16,5:25:34,3:50,3:09:58,9:38:20
61,2022,Marin Lerche,M18-24,3,Open,France,1:00:38,4:08,5:23:09,4:13,3:06:51,9:38:59
62,207,Jérémy Ferrari,M35-39,7,Open,France,1:03:59,4:31,5:21:57,3:06,3:05:34,9:39:07
63,786,Christopher Weeks,M30-34,9,Open,United Kingdom,1:00:07,4:04,5:25:03,3:33,3:06:24,9:39:11
64,5,Joe Skipper,MPRO,30,Open,United Kingdom,53:19,3:25,4:58:50,2:36,3:42:03,9:40:13
65,1865,Chad Bykerk,M25-29,10,Open,United States,52:00,5:53,5:29:47,4:09,3:09:33,9:41:21
66,975,Marius Theuerer,M30-34,10,Open,Germany,1:02:22,3:36,5:29:50,3:47,3:02:46,9:42:21
67,939,Michael Bruton,M30-34,11,Open,Ireland,1:01:00,3:12,5:34:09,3:57,3:00:15,9:42:32
68,1987,Daniel Winek,M18-24,4,Open,United States,1:07:12,3:43,5:32:02,4:44,2:54:52,9:42:33
69,105,Thomas Frühwirth,MHC,,Open,Austria,1:01:07,5:26,6:25:38,4:59,2:06:12,9:43:21
70,331,Joost Brok,M35-39,8,Open,Netherlands,1:03:16,4:28,5:29:44,3:27,3:03:29,9:44:25
71,2226,Daniel Gonzalez Alvarez,M45-49,3,Open,Spain,1:00:45,4:21,5:27:31,4:59,3:07:07,9:44:42
72,1967,Nicolas Durif,M25-29,11,Open,France,57:04,3:34,5:25:35,3:49,3:15:00,9:45:01
73,944,Peter Hogben,M30-34,12,Open,United Kingdom,1:04:11,3:38,5:26:32,3:25,3:07:52,9:45:38
74,993,Andrew Woodroffe,M30-34,13,Open,United Kingdom,1:02:30,3:46,5:37:12,4:24,2:58:14,9:46:07
75,2342,Jérôme Save,M45-49,4,Open,France,1:01:08,4:07,5:14:26,5:43,3:20:47,9:46:11
76,1996,Paulin Philippe,M18-24,5,Open,France,51:39,3:34,5:19:26,3:25,3:28:29,9:46:34
77,2006,Maciej Wisniewski,M18-24,6,Open,Poland,58:24,3:23,5:26:43,3:45,3:14:34,9:46:48
78,1899,Luke Goldsworthy,M25-29,12,Open,United Kingdom,1:08:01,5:01,5:26:18,3:58,3:04:00,9:47:18
79,1853,Olaf Van Den Bergh,M25-29,13,Open,Netherlands,1:01:04,4:22,5:43:31,4:23,2:55:42,9:49:02
80,1289,Andrew Weaver,M40-44,4,Open,United Kingdom,1:01:43,3:55,5:26:55,4:14,3:12:48,9:49:36
81,292,Clint Dow,M35-39,9,Open,Australia,57:07,4:26,5:41:07,4:57,3:02:07,9:49:43
82,2043,Matthew Dochnal,M18-24,7,Open,Unknown,58:25,4:31,5:27:04,4:25,3:15:45,9:50:11
83,297,Tobias Gärttner,M35-39,10,Open,Germany,1:01:35,3:39,5:13:11,2:25,3:29:34,9:50:23
84,1460,Manuel Spörri,M40-44,5,Open,Switzerland,1:04:31,4:33,5:25:27,4:02,3:11:59,9:50:33
85,873,Julien Boucher,M30-34,14,Open,France,1:04:45,5:07,5:22:07,4:12,3:14:38,9:50:48
86,1788,Sean Brunt,M50-54,2,Open,Australia,1:00:36,3:21,5:19:43,4:32,3:22:44,9:50:55
87,1476,Oscar Garrido Ruiz,M40-44,6,Open,Spain,1:10:28,4:39,5:23:00,2:56,3:10:27,9:51:32
88,1271,Han Peter Lucas,M40-44,7,Open,Netherlands,55:44,3:47,5:33:38,5:31,3:13:08,9:51:48
89,951,Anton Vanhee,M30-34,15,Open,Belgium,56:42,3:40,5:25:07,2:36,3:24:05,9:52:10
90,1833,Jean-Charles Jacquier,M25-29,14,Open,France,1:10:25,5:19,5:19:51,4:10,3:12:35,9:52:20
91,796,Clément Giteau,M30-34,16,Open,France,57:18,3:53,5:44:49,3:45,3:02:49,9:52:33
92,845,Maxim Knyazev,M30-34,17,Open,United States,1:00:25,3:47,5:16:59,3:56,3:27:32,9:52:38
93,752,Daniel Barry,M30-34,18,Open,Australia,1:05:34,3:22,5:27:10,4:19,3:12:24,9:52:48
94,379,Daniel Erdelyi,M35-39,11,Open,Hungary,58:02,2:43,5:38:49,3:57,3:09:33,9:53:04
95,2037,Mitch Wismans,M18-24,8,Open,Netherlands,57:12,3:12,5:24:06,3:40,3:25:07,9:53:17
96,839,Tomas Burbulis,M30-34,19,Open,Lithuania,1:03:36,4:27,5:32:41,3:52,3:09:09,9:53:45
97,1362,Marijus Butrimavicius,M40-44,8,Open,Lithuania,1:02:24,6:52,5:24:14,7:41,3:12:46,9:53:58
98,837,Ross Harper,M30-34,20,Open,United Kingdom,1:01:00,2:35,5:24:02,3:17,3:23:05,9:53:58
99,784,Clemens Enzenhofer,M30-34,21,Open,Austria,1:09:13,4:47,5:21:59,4:10,3:14:14,9:54:23
100,1895,Manuel Sohr,M25-29,15,Open,Germany,1:00:36,3:41,5:23:44,3:14,3:24:27,9:55:42
101,325,Guillaume Bas,M35-39,12,Open,France,1:01:41,4:08,5:28:13,3:33,3:18:14,9:55:48
102,2198,Steve Guy,M45-49,5,Open,Australia,1:00:08,7:27,5:42:40,5:03,3:00:57,9:56:15
103,919,Joey Van De Beek,M30-34,22,Open,Netherlands,1:06:54,3:39,5:33:03,4:30,3:08:09,9:56:16
104,1172,Mateus Vidigal,M40-44,9,Open,Brazil,53:43,3:27,5:31:21,3:31,3:24:42,9:56:45
105,1938,Thibault Tessier,M25-29,16,Open,France,58:10,3:32,5:31:50,3:20,3:20:28,9:57:21
106,1740,Marco Sahm,M50-54,3,Open,Germany,1:02:18,3:03,5:30:43,3:28,3:17:56,9:57:28
107,2359,Francisco Manuel Ortega Serrano,M45-49,6,Open,Spain,59:25,3:47,5:37:02,4:02,3:13:54,9:58:10
108,934,Félix Choquet,M30-34,23,Open,France,1:05:50,4:35,5:28:15,3:37,3:16:20,9:58:37
109,1237,John Whelan,M40-44,10,Open,Ireland,1:10:38,4:54,5:44:51,4:21,2:54:12,9:58:55
110,1727,Robert Harrison,M50-54,4,Open,United Kingdom,1:05:37,4:05,5:30:18,4:24,3:14:37,9:59:02
111,1840,Nicolas Karaçay,M25-29,17,Open,France,57:37,3:55,5:44:24,4:01,3:09:13,9:59:10
112,1977,James Crosby,M18-24,9,Open,United States,51:58,3:41,5:38:58,4:06,3:20:38,9:59:20
113,751,Guillermo Garcia,M30-34,24,Open,Argentina,1:01:03,2:56,5:38:30,4:24,3:12:39,9:59:33
114,2201,Riccardo Kuhar,M45-49,7,Open,Croatia,1:00:41,3:16,5:33:39,3:59,3:18:12,9:59:47
115,1879,Matthias Wuest,M25-29,18,Open,United States,59:53,4:37,5:37:08,4:14,3:14:20,10:00:12
116,298,Nico Sterk,M35-39,13,Open,South Africa,56:19,3:56,5:35:11,4:44,3:20:08,10:00:18
117,1802,Jesper Rygaard Hansen,M50-54,5,Open,Denmark,1:16:47,4:42,5:24:22,5:15,3:10:51,10:01:57
118,279,Benjamin Veltum,M35-39,14,Open,Germany,1:00:19,5:31,5:35:05,6:04,3:15:14,10:02:13
119,2192,Cedrick Loue,M45-49,8,Open,France,1:09:19,5:39,5:31:33,3:50,3:12:25,10:02:46
120,830,Laurens De Smet,M30-34,25,Open,Belgium,54:19,3:54,5:33:05,3:36,3:28:00,10:02:53
121,736,Laurent Jalabert,M55-59,1,Open,France,1:14:38,4:25,5:13:07,3:25,3:27:22,10:02:56
122,119,David Hynes,M35-39,15,Open,United Kingdom,52:29,3:04,5:17:17,3:57,3:46:25,10:03:12
123,1836,Oliver Laws,M25-29,19,Open,United Kingdom,1:10:03,3:36,5:28:08,6:07,3:15:47,10:03:41
124,1839,Julius Pilatus,M25-29,20,Open,Germany,1:02:34,3:32,5:18:40,3:23,3:35:39,10:03:48
125,902,Sanele Shange,M30-34,26,Open,South Africa,1:03:27,5:07,5:36:23,3:27,3:15:30,10:03:53
126,163,Vladimir Kozhevnikov,M35-39,16,Open,Kazakhstan,59:32,4:34,5:55:31,5:19,2:59:25,10:04:21
127,44,Tuan Chun Chang,MPRO,31,Open,Taiwan,49:08,3:00,5:30:11,3:24,3:38:45,10:04:28
128,819,Kazuki Kubono,M30-34,27,Open,Japan,50:05,3:13,5:42:26,4:47,3:23:59,10:04:30
129,117,Rafael Ruppel,M35-39,17,Open,Germany,1:01:24,4:20,5:29:13,4:26,3:25:48,10:05:11
130,1394,Michal Wojtylo,M40-44,11,Open,Poland,1:04:17,3:57,5:29:40,3:22,3:24:09,10:05:26
131,918,Alex Varailhon,M30-34,28,Open,France,1:09:31,3:56,5:24:06,4:39,3:23:16,10:05:27
132,855,Tom Bill,M30-34,29,Open,United Kingdom,54:44,2:33,5:31:19,3:04,3:34:06,10:05:44
133,1416,Josep Tatay,M40-44,12,Open,Spain,1:10:19,5:04,5:42:35,5:15,3:02:34,10:05:47
134,2044,Matthew Richard,M18-24,10,Open,United States,1:00:39,3:46,5:52:31,3:20,3:05:33,10:05:50
135,118,Guillaume Tisserand,M35-39,18,Open,France,58:28,3:27,5:43:19,4:51,3:15:47,10:05:52
136,895,Marcus Zell,M30-34,30,Open,Germany,57:16,4:50,5:27:02,3:59,3:32:52,10:05:58
137,300,Nicholas Montemaggi,M35-39,19,Open,Italy,1:01:33,3:36,5:36:12,3:08,3:21:31,10:06:00
138,791,Camille Chancrin,M30-34,31,Open,France,1:05:54,3:43,5:16:13,4:31,3:35:56,10:06:17
139,973,Andrew Benkovsky,M30-34,32,Open,United States,1:00:21,3:39,6:01:29,4:26,2:56:27,10:06:22
140,1888,Mathieu Duthoit,M25-29,21,Open,France,1:06:19,6:36,5:36:24,5:23,3:11:47,10:06:29
141,1999,Jonathan Pedersen,M18-24,11,Open,Denmark,1:09:17,5:09,5:35:23,4:27,3:12:27,10:06:44
142,332,Neil Houlsby,M35-39,20,Open,United Kingdom,1:05:41,3:45,5:27:26,4:55,3:25:01,10:06:48
143,980,Liam Walshaw,M30-34,33,Open,United Kingdom,1:10:50,3:33,5:45:02,3:53,3:03:42,10:07:01
144,2224,Marc Stricker,M45-49,9,Open,Switzerland,1:03:53,3:47,5:44:59,4:27,3:10:03,10:07:10
145,176,Mauro Ferrando,M35-39,21,Open,Argentina,58:13,3:21,5:53:38,5:03,3:06:55,10:07:10
146,1929,Aurelio Gauthier,M25-29,22,Open,France,1:01:25,3:57,5:49:10,5:14,3:07:29,10:07:15
147,315,Thomas Rucheton,M35-39,22,Open,France,55:01,4:13,5:53:43,4:26,3:09:57,10:07:19
148,344,David Cole,M35-39,23,Open,United Kingdom,1:17:57,4:12,5:35:29,3:35,3:06:14,10:07:27
149,1703,Jens Irgens,M50-54,6,Open,Denmark,1:09:52,4:18,5:36:53,4:04,3:12:24,10:07:30
150,1884,Antoine Scortatore,M25-29,23,Open,France,1:01:22,3:31,5:36:55,3:00,3:22:53,10:07:41
151,313,Ruben Aragón Gutiérrez,M35-39,24,Open,Spain,54:57,2:54,5:47:34,5:04,3:17:13,10:07:41
152,1207,Emanuele Ciotti,M40-44,13,Open,Italy,59:04,4:16,5:42:05,5:12,3:17:27,10:08:04
153,1421,Matthew Tatum,M40-44,14,Open,United States,1:01:38,4:59,5:34:07,3:11,3:24:30,10:08:24
154,287,Ross Baldwin,M35-39,25,Open,United States,1:01:39,4:31,5:24:28,3:38,3:34:53,10:09:10
155,311,Bruno Pinheiro Manzoni,M35-39,26,Open,Brazil,1:03:34,3:53,5:30:02,4:43,3:27:54,10:10:05
156,346,Niels Markus,M35-39,27,Open,Netherlands,1:03:29,4:19,5:27:51,3:46,3:30:51,10:10:16
157,2036,Danil Odynets,M18-24,12,Open,Ukraine,59:32,4:35,5:43:56,4:32,3:17:52,10:10:27
158,953,Alastair Barnard,M30-34,34,Open,United Kingdom,1:10:47,5:40,5:28:41,5:00,3:20:20,10:10:28
159,1863,Francesco Gualtieri,M25-29,24,Open,Italy,57:33,4:30,5:26:04,3:27,3:38:57,10:10:31
160,888,Alex Dickinson,M30-34,35,Open,United Kingdom,58:31,3:20,5:29:05,5:08,3:34:38,10:10:43
161,157,Thiago Massara,M35-39,28,Open,Brazil,52:21,3:48,5:42:51,3:11,3:29:15,10:11:26
162,1940,Eitan Yudashkin,M25-29,25,Open,Israel,48:57,4:21,5:46:49,5:08,3:26:27,10:11:43
163,952,Oliver Webb,M30-34,36,Open,United Kingdom,54:27,4:37,6:00:27,5:46,3:06:40,10:11:56
164,1965,Johannes Claudio Bambas,M25-29,26,Open,Germany,1:15:46,8:11,5:30:35,4:27,3:12:59,10:12:00
165,917,Willem Geuns,M30-34,37,Open,Belgium,56:24,3:08,5:22:18,3:12,3:47:00,10:12:02
166,776,Sam Chapman,M30-34,38,Open,United Kingdom,1:06:18,4:05,5:44:28,3:36,3:13:42,10:12:10
167,388,Stephan Steininger,M35-39,29,Open,Austria,1:01:14,3:11,5:29:03,4:13,3:34:57,10:12:38
168,1851,Victor Augusto Gibertoni,M25-29,27,Open,Brazil,1:04:59,3:16,5:49:49,3:16,3:11:21,10:12:41
169,1896,Daniel Readman,M25-29,28,Open,United Kingdom,1:04:27,4:59,5:39:28,3:45,3:20:08,10:12:48
170,208,Mark Vowles,M35-39,30,Open,United Kingdom,1:07:32,5:01,5:33:06,4:33,3:22:53,10:13:06
171,1517,Kenji Takeya,M50-54,7,Open,Japan,1:06:27,6:06,5:23:08,4:55,3:32:42,10:13:18
172,398,Martin Andrs,M35-39,31,Open,Czechia,1:01:20,3:27,5:44:06,4:38,3:19:59,10:13:29
173,960,Yosuke Yamashita,M30-34,39,Open,Japan,50:04,4:39,5:48:53,4:41,3:25:27,10:13:44
174,334,Florian Prambs,M35-39,32,Open,Germany,1:07:56,3:37,5:44:42,5:25,3:12:09,10:13:49
175,1601,Robert Pirnbacher,M50-54,8,Open,Austria,1:07:58,4:36,5:33:30,5:01,3:22:54,10:14:00
176,851,Juan Antonio Campillo ruiz,M30-34,40,Open,Spain,1:00:51,4:09,5:37:37,4:24,3:27:08,10:14:10
177,203,Jan Talaszka,M35-39,33,Open,Poland,1:12:04,4:08,5:37:56,4:15,3:16:05,10:14:29
178,220,Bernhard Eggenschwiler,M35-39,34,Open,Switzerland,1:11:53,7:14,5:32:27,5:56,3:17:10,10:14:40
179,224,Sebastian Häge,M35-39,35,Open,Germany,1:27:05,4:54,5:31:31,4:38,3:06:35,10:14:44
180,1418,Wouter Sijssens,M40-44,15,Open,Netherlands,1:16:18,5:53,5:23:26,5:05,3:24:17,10:14:59
181,1428,Dean Bowen,M40-44,16,Open,United Kingdom,1:03:26,4:36,5:55:16,3:25,3:08:18,10:15:01
182,1891,Jean-Baptiste Chamouleaud,M25-29,29,Open,France,1:00:22,4:22,5:41:15,4:39,3:24:42,10:15:20
183,1288,Piotr Kulbicki,M40-44,17,Open,Poland,1:07:36,3:17,5:40:22,2:49,3:21:26,10:15:29
184,847,Raphael Schertenleib,M30-34,41,Open,Switzerland,1:06:07,2:46,5:44:06,3:07,3:19:27,10:15:33
185,240,James Williamson,M35-39,36,Open,United Kingdom,1:05:45,4:19,5:42:25,4:32,3:18:38,10:15:40
186,1266,Jeroen De Meester,M40-44,18,Open,Belgium,1:12:44,4:32,5:29:51,4:16,3:25:07,10:16:32
187,1866,Benjamin Willey,M25-29,30,Open,United States,58:30,6:10,5:38:52,4:45,3:28:17,10:16:34
188,122,Daniel Ramon Hernandez,M35-39,37,Open,Spain,58:09,5:03,5:55:57,3:44,3:14:16,10:17:09
189,779,John Matson,M30-34,42,Open,United States,57:55,3:31,5:47:06,4:50,3:23:58,10:17:20
190,1834,Peter Simon,M25-29,31,Open,Hungary,1:05:51,3:54,5:59:22,4:52,3:03:28,10:17:28
191,988,Olly Poole,M30-34,43,Open,United Kingdom,58:16,4:51,5:55:51,4:44,3:13:47,10:17:29
192,304,Luan Ortiz,M35-39,38,Open,Brazil,59:17,4:08,5:51:51,5:18,3:17:15,10:17:49
193,1994,Sixten Andersson,M18-24,13,Open,Sweden,1:08:23,5:24,5:42:10,5:20,3:16:58,10:18:13
194,267,Tim Koniarski,M35-39,39,Open,Germany,59:12,2:59,5:31:18,3:59,3:41:00,10:18:28
195,932,Arthur Genillon,M30-34,44,Open,France,1:06:53,4:30,5:36:24,7:56,3:22:56,10:18:39
196,1926,Simon Schedl,M25-29,32,Open,Austria,1:02:12,4:05,5:43:29,3:20,3:25:58,10:19:04
197,1326,Sebastian Kitte,M40-44,19,Open,Germany,1:04:18,4:24,5:32:27,3:50,3:34:41,10:19:40
198,188,Eduardo Buscacio,M35-39,40,Open,Brazil,1:06:27,4:26,5:51:58,4:59,3:11:59,10:19:49
199,2369,Johan Hasselmark,M45-49,10,Open,Sweden,1:15:43,3:32,5:22:06,6:10,3:32:25,10:19:56
200,1751,Petr Vabrousek,M50-54,9,Open,Czechia,1:02:05,5:36,5:37:43,5:13,3:29:23,10:20:00
201,177,Milos Matic,M35-39,41,Open,Serbia,1:08:11,3:44,5:48:20,5:54,3:14:09,10:20:18
202,2020,Gabriel Tunik,M18-24,14,Open,Switzerland,58:38,4:15,5:48:07,3:23,3:26:04,10:20:27
203,959,Ryan Sippel,M30-34,45,Open,United States,1:00:29,5:03,5:37:34,4:26,3:33:44,10:21:16
204,2344,Christophe Lozac'H,M45-49,11,Open,France,1:13:12,3:57,5:39:43,4:23,3:20:04,10:21:19
205,301,Joshua Gordon,M35-39,42,Open,United States,1:05:56,4:04,5:36:44,3:26,3:31:29,10:21:39
206,376,Yanlong Kai,M35-39,43,Open,China,1:05:34,4:59,5:37:26,3:10,3:30:36,10:21:46
207,2095,Dimitri Pevenage,M45-49,12,Open,Belgium,1:06:58,5:55,5:41:42,5:12,3:22:02,10:21:50
208,947,Fabian Roman,M30-34,46,Open,Puerto Rico,50:08,4:13,5:46:35,5:12,3:35:51,10:22:00
209,1341,Jiri Kaplan,M40-44,20,Open,Czechia,1:11:59,5:19,5:42:24,4:53,3:17:41,10:22:16
210,284,James Wilkinson,M35-39,44,Open,United Kingdom,1:10:28,5:20,5:43:47,5:38,3:17:15,10:22:27
211,1985,Yannick Noah Reitz,M18-24,15,Open,Germany,58:21,3:41,5:28:52,4:49,3:47:05,10:22:48
212,273,Jens Schumann,M35-39,45,Open,Germany,1:01:36,4:18,5:29:26,4:02,3:43:28,10:22:50
213,133,Mario Bartolome Buil,M35-39,46,Open,Spain,52:34,4:19,6:05:42,4:17,3:16:00,10:22:52
214,1717,Alexander Gröbli,M50-54,10,Open,Switzerland,1:11:35,5:18,5:29:26,6:03,3:30:38,10:23:01
215,1893,William Gourdon,M25-29,33,Open,France,1:02:05,4:02,5:28:44,3:45,3:44:36,10:23:11
216,1413,Guillaume Julien,M40-44,21,Open,France,1:02:53,5:02,5:34:02,5:02,3:36:14,10:23:12
217,1842,Vincent Bartscher,M25-29,34,Open,Germany,1:02:25,5:14,5:43:01,4:31,3:28:16,10:23:27
218,2380,Anton Lavrov,M40-44,22,Open,Spain,58:07,3:49,5:54:28,3:19,3:24:02,10:23:45
219,1183,Garry Assel,M40-44,23,Open,Luxembourg,1:09:24,4:15,5:34:04,10:08,3:25:56,10:23:47
220,162,Tomasz Bialek,M35-39,47,Open,Poland,1:06:33,3:46,5:30:56,3:37,3:38:55,10:23:48
221,1979,Christian Reichelt,M18-24,16,Open,Germany,1:04:46,3:33,5:30:45,3:20,3:42:07,10:24:31
222,173,Duncan Chedburn,M35-39,48,Open,United Kingdom,58:59,3:35,5:41:57,8:47,3:31:17,10:24:35
223,408,Luis Encinas Martínez,M35-39,49,Open,Spain,56:41,3:30,5:57:19,4:35,3:22:46,10:24:51
224,2254,Paul Kelly,M45-49,13,Open,Ireland,1:09:35,4:52,5:57:01,4:13,3:09:25,10:25:05
225,2041,Jamie Meldrum,M18-24,17,Open,United Kingdom,1:05:58,4:46,5:39:38,4:53,3:30:06,10:25:20
226,867,Cyril Rocoffort,M30-34,47,Open,United States,1:03:28,4:15,5:56:33,5:07,3:16:07,10:25:31
227,257,Paulo Gustavo Cardoso,M35-39,50,Open,Brazil,56:10,3:00,5:42:09,3:41,3:40:38,10:25:39
228,1571,Frank Gimenez,M50-54,11,Open,France,1:01:24,4:45,5:45:00,4:46,3:30:40,10:26:35
229,2315,Alessandro Martelluzzi,M45-49,14,Open,Italy,1:04:40,3:03,5:50:55,5:29,3:22:30,10:26:37
230,1396,Loic Michel,M40-44,24,Open,France,1:03:17,5:17,5:43:57,5:16,3:28:51,10:26:38
231,1423,Taylor Rogers,M40-44,25,Open,United States,1:07:45,3:29,5:44:31,5:18,3:25:46,10:26:49
232,140,Borja Franco,M35-39,51,Open,Spain,1:00:25,3:39,6:06:59,5:45,3:10:21,10:27:08
233,392,Franck Emery,M35-39,52,Open,France,1:11:27,6:38,5:38:19,4:41,3:26:23,10:27:30
234,399,Norbert Recke,M35-39,53,Open,Germany,1:15:33,3:53,5:31:18,2:54,3:34:27,10:28:07
235,1820,Christophe Halleumieux,M50-54,12,Open,France,1:12:27,4:16,5:43:20,4:28,3:23:43,10:28:13
236,769,James Budge,M30-34,48,Open,United Kingdom,1:09:16,4:56,5:43:22,4:45,3:26:13,10:28:32
237,2029,Colin Wegner,M18-24,18,Open,United States,57:58,5:47,5:53:48,6:02,3:25:01,10:28:36
238,936,Thomas Bourron,M30-34,49,Open,France,1:06:55,4:14,5:41:13,3:57,3:32:27,10:28:46
239,1290,Matt Dine,M40-44,26,Open,United Kingdom,1:19:30,8:50,5:37:45,7:10,3:15:33,10:28:47
240,1401,Lorenzo De Giorgi,M40-44,27,Open,Italy,1:17:02,3:57,5:28:25,4:58,3:34:55,10:29:17
241,2237,Ruben Ortiz,M45-49,15,Open,Spain,1:04:36,3:51,5:42:17,6:28,3:32:20,10:29:31
242,1315,Frederico Cerdeira,M40-44,28,Open,Portugal,1:12:07,4:19,6:05:35,4:07,3:03:34,10:29:43
243,818,Chris Depew,M30-34,50,Open,United States,51:59,5:02,5:44:01,5:36,3:43:19,10:29:56
244,299,Javier Carmona Mansilla,M35-39,54,Open,Spain,58:06,4:57,6:16:07,5:11,3:05:39,10:30:01
245,1924,Adrien Chabrefy,M25-29,35,Open,France,1:02:00,4:12,5:44:28,3:59,3:35:32,10:30:12
246,1990,Guillaume Blaise,M18-24,19,Open,France,1:05:34,5:24,5:43:30,5:11,3:30:48,10:30:28
247,1303,Daniel Mcparland,M40-44,29,Open,United Kingdom,1:01:54,4:45,5:20:54,2:59,4:00:11,10:30:43
248,283,Mateusz Grzybek,M35-39,55,Open,Poland,1:17:38,5:32,5:59:22,3:26,3:05:03,10:31:01
249,926,Ghislain Vachette,M30-34,51,Open,France,1:01:25,3:48,5:54:57,4:10,3:26:42,10:31:01
250,201,Benedikt Feuerecker,M35-39,56,Open,Germany,1:03:17,3:52,5:45:18,3:00,3:35:36,10:31:04
251,2386,Callum Davies,M25-29,36,Open,United Kingdom,1:09:52,5:08,5:39:18,4:25,3:32:33,10:31:16
252,1330,Damien Barbour,M40-44,30,Open,Australia,1:05:45,3:59,5:46:35,4:20,3:30:46,10:31:24
253,1145,Diego Gelos,M40-44,31,Open,Argentina,1:05:35,3:54,5:35:49,2:37,3:43:37,10:31:32
254,290,Mathieu Plante,M35-39,57,Open,Canada,1:12:35,6:41,5:51:12,4:29,3:16:48,10:31:44
255,362,Alexis Sicard,M35-39,58,Open,France,1:01:42,4:34,5:44:33,3:51,3:37:42,10:32:23
256,938,Romano Licheri,M30-34,52,Open,Italy,1:10:07,3:04,5:28:27,4:58,3:45:48,10:32:23
257,891,Kevin Mckenna,M30-34,53,Open,United States,1:06:31,4:57,5:52:00,4:22,3:24:45,10:32:36
258,1242,david le saux,M40-44,32,Open,France,1:07:51,4:18,6:06:20,4:27,3:09:42,10:32:38
259,385,Thomas Buchberger,M35-39,59,Open,Germany,1:12:17,4:46,5:51:59,4:54,3:19:04,10:32:59
260,1298,Maksim Berjoza,M40-44,33,Open,Latvia,1:12:40,4:19,5:36:28,3:23,3:36:13,10:33:02
261,241,David Portier,M35-39,60,Open,France,58:32,4:50,5:37:29,5:13,3:47:30,10:33:35
262,150,Michael Bosshammer,M35-39,61,Open,Germany,1:06:42,4:06,5:59:42,3:12,3:20:03,10:33:45
263,1185,Andy Windett,M40-44,34,Open,United Kingdom,56:39,5:10,5:58:38,5:41,3:27:39,10:33:47
264,1978,Ryan Tessier,M18-24,20,Open,United States,1:06:49,6:16,5:48:28,7:07,3:25:10,10:33:49
265,1171,Joeri Gouwkens,M40-44,35,Open,Belgium,59:35,4:42,5:51:54,6:27,3:31:13,10:33:51
266,1966,Mael Guillermin,M25-29,37,Open,France,57:59,2:48,5:48:16,4:23,3:40:29,10:33:55
267,1349,Dariusz Walkowiak,M40-44,36,Open,Poland,1:03:01,4:33,5:37:25,3:25,3:45:34,10:33:58
268,1493,Edward Walker,M50-54,13,Open,United States,1:00:56,4:56,5:42:38,5:24,3:40:08,10:34:02
269,226,Eric Hemmer,M35-39,62,Open,Belgium,52:20,3:10,5:51:11,4:32,3:42:50,10:34:04
270,250,Sean Mclaughlin,M35-39,63,Open,Ireland,1:03:32,3:48,5:57:13,3:57,3:25:43,10:34:13
271,941,Charles Poulain,M30-34,54,Open,France,1:10:01,5:04,6:01:10,4:44,3:13:25,10:34:25
272,850,Sam Conix,M30-34,55,Open,Belgium,1:20:13,5:01,5:52:30,4:02,3:12:39,10:34:25
273,378,Jose Fernandez Maestre,M35-39,64,Open,Spain,1:14:21,4:13,5:51:22,4:37,3:19:55,10:34:28
274,229,Pedro Henrique Passarella,M35-39,65,Open,Brazil,1:09:04,3:56,5:37:11,5:37,3:39:06,10:34:55
275,1969,Arthur Bertholomé,M25-29,38,Open,Belgium,58:00,4:50,5:58:54,6:06,3:27:17,10:35:06
276,1815,Sindre Soerensen,M50-54,14,Open,Norway,1:10:28,4:43,5:51:36,3:49,3:24:34,10:35:09
277,775,Vincent Lété,M30-34,56,Open,Belgium,1:06:00,5:22,5:47:39,4:59,3:31:30,10:35:30
278,870,Camilo Aranguren,M30-34,57,Open,Colombia,1:01:13,6:02,5:59:11,4:36,3:24:34,10:35:36
279,293,Amir Alfie,M35-39,66,Open,Israel,1:06:20,4:36,5:45:44,6:02,3:33:30,10:36:13
280,1262,Carl-Philippe Delbeke,M40-44,37,Open,Belgium,1:04:36,5:35,5:50:46,6:32,3:28:53,10:36:22
281,903,Martin Svrcek,M30-34,58,Open,Slovakia,1:07:24,3:02,5:40:19,3:56,3:41:43,10:36:24
282,183,Emmanuel Lopez,M35-39,67,Open,United States,1:18:05,6:21,5:52:32,4:37,3:14:52,10:36:27
283,1798,Sebastien Bousquet,M50-54,15,Open,France,1:08:07,3:20,5:49:44,5:42,3:30:03,10:36:56
284,929,Mervin Rencel Santiago,M30-34,59,Open,Philippines,1:08:43,4:08,5:44:46,3:17,3:36:27,10:37:22
285,128,Patrick Gonschorek,M35-39,68,Open,Germany,1:16:36,3:45,5:51:06,4:57,3:20:58,10:37:24
286,925,Ben Peeters,M30-34,60,Open,Belgium,1:00:20,3:32,5:53:11,5:51,3:34:36,10:37:30
287,1211,Selim Cevik,M40-44,38,Open,Turkey,59:57,3:09,5:40:04,5:03,3:49:27,10:37:40
288,389,Julien Viennot,M35-39,69,Open,France,1:03:41,5:01,5:18:34,4:12,4:06:25,10:37:53
289,165,Francois Bodic,M35-39,70,Open,France,1:02:38,4:05,5:33:23,4:10,3:53:58,10:38:15
290,2015,Peter Wenzelhuemer,M18-24,21,Open,Austria,55:26,2:58,5:29:33,5:20,4:05:02,10:38:19
291,1204,Tom Dudden,M40-44,39,Open,United Kingdom,1:13:57,5:09,5:59:40,5:11,3:14:22,10:38:19
292,1208,Andy Wibowo,M40-44,40,Open,Indonesia,53:57,7:28,5:54:52,4:29,3:37:37,10:38:23
293,766,Jason Frankel,M30-34,61,Open,United States,1:12:10,4:39,5:51:01,5:33,3:25:12,10:38:34
294,1616,Daniel Pires,M50-54,16,Open,France,1:07:00,4:50,5:53:20,3:57,3:29:33,10:38:41
295,340,Matthew Schoeneck,M35-39,71,Open,United States,1:01:43,4:31,5:55:03,3:31,3:33:58,10:38:46
296,363,Sergey Mashanlo,M35-39,72,Open,Kazakhstan,1:18:24,4:23,5:53:32,3:54,3:19:14,10:39:26
297,116,Federico Alvarez,M35-39,73,Open,Argentina,1:01:42,3:46,5:48:36,5:29,3:40:37,10:40:11
298,1743,Markku Toiviainen,M50-54,17,Open,Finland,1:04:49,3:49,5:55:15,5:10,3:31:22,10:40:25
299,811,Pierre Baritaud,M30-34,62,Open,France,1:19:31,4:07,5:44:29,4:26,3:28:02,10:40:35
300,1274,Roger Pages Bargallo,M40-44,41,Open,Spain,1:05:08,5:13,5:53:19,6:25,3:30:33,10:40:37
301,2071,Mark Julier,M45-49,16,Open,United Kingdom,58:46,3:39,5:54:38,3:53,3:39:50,10:40:46
302,1347,Leslie De Cuyper,M40-44,42,Open,Belgium,1:07:50,5:33,5:52:02,6:26,3:29:09,10:40:59
303,633,Georg Schweighofer,M55-59,2,Open,Austria,1:17:01,5:27,5:45:10,4:42,3:28:44,10:41:04
304,2056,André Weber,M45-49,17,Open,Switzerland,1:20:28,5:08,5:42:39,5:18,3:27:34,10:41:06
305,383,Hector Sauri Suarez,M35-39,74,Open,Spain,52:28,3:16,5:48:18,4:14,3:53:11,10:41:26
306,1860,Justin Smith,M25-29,39,Open,Australia,1:00:22,5:24,5:59:11,5:30,3:31:06,10:41:32
307,141,Luke Henderson,M35-39,75,Open,Australia,56:22,3:47,5:36:35,5:08,3:59:40,10:41:34
308,780,Patrick Delorenzi,M30-34,63,Open,Italy,1:13:25,4:52,5:45:26,5:12,3:32:40,10:41:35
309,350,Cristian Camilo,M35-39,76,Open,Colombia,57:09,5:44,6:16:08,5:05,3:17:57,10:42:03
310,1339,Artem Sitnikov,M40-44,43,Open,Cyprus,1:15:33,4:05,5:48:03,3:04,3:31:19,10:42:03
311,1395,Sergii Malchyk,M40-44,44,Open,Ukraine,1:11:44,4:00,5:29:12,4:37,3:52:38,10:42:12
312,1934,Tobias Philip Rink,M25-29,40,Open,Germany,1:01:31,5:28,5:55:07,7:06,3:33:06,10:42:20
313,365,Glen Huygens,M35-39,77,Open,Belgium,1:06:14,5:34,5:55:20,5:41,3:29:35,10:42:24
314,1240,Martin Chalupa,M40-44,45,Open,Czechia,1:17:31,4:51,5:43:19,4:19,3:32:41,10:42:41
315,829,Adrian Weber,M30-34,64,Open,Australia,1:18:41,5:01,5:38:53,3:55,3:36:17,10:42:47
316,1889,Julien Fauvelet,M25-29,41,Open,France,1:15:10,5:21,5:41:13,4:24,3:36:41,10:42:49
317,2239,Oliver Spurzem,M45-49,18,Open,Germany,1:00:38,4:20,5:56:03,4:02,3:37:48,10:42:51
318,328,Jay Brittles,M35-39,78,Open,Ireland,1:06:24,4:06,5:50:36,6:22,3:35:30,10:42:58
319,1270,Massimo Leonardi,M40-44,46,Open,Italy,1:03:24,5:17,5:45:50,6:20,3:42:20,10:43:10
320,1646,Thomas Fritsch,M50-54,18,Open,Germany,1:12:44,5:36,5:39:47,3:35,3:41:30,10:43:13
321,1221,Robert Taferner,M40-44,47,Open,Austria,1:13:54,3:53,5:49:06,5:55,3:30:26,10:43:14
322,1652,Thierry Majerus,M50-54,19,Open,Luxembourg,1:13:36,4:56,6:04:00,3:14,3:17:29,10:43:14
323,2197,Aleksandr Gavrilov,M45-49,19,Open,Italy,1:10:51,5:10,6:12:16,4:31,3:10:30,10:43:18
324,1653,Alexander Mccrohan,M50-54,20,Open,United States,54:13,4:58,5:49:26,5:57,3:49:03,10:43:37
325,347,Robin Sluysmans,M35-39,79,Open,Netherlands,1:11:16,5:47,5:47:17,4:37,3:35:01,10:43:57
326,1702,Daniel Stadnik,M50-54,21,Open,Czechia,1:13:04,4:33,5:59:01,4:39,3:22:47,10:44:05
327,2384,Billy Kinnear,M18-24,22,Open,United Kingdom,58:24,3:40,5:48:24,4:12,3:49:52,10:44:34
328,972,Eric Brown,M30-34,65,Open,United States,1:07:31,4:34,6:06:03,5:08,3:21:23,10:44:38
329,1811,Jared Wilson,M50-54,22,Open,United States,1:01:14,5:04,6:00:43,6:35,3:31:05,10:44:40
330,1846,Dante Cuellar Tellez,M25-29,42,Open,Mexico,1:08:45,4:43,6:04:11,4:46,3:22:26,10:44:50
331,1639,David Holderbach,M50-54,23,Open,France,55:09,3:24,6:07:54,4:18,3:34:08,10:44:53
332,1357,Yoann Le Minier,M40-44,48,Open,France,1:08:06,4:52,5:51:59,5:23,3:34:37,10:44:57
333,2155,Dalibor Zrnic,M45-49,20,Open,Switzerland,1:11:46,4:43,5:50:42,4:55,3:33:06,10:45:12
334,1342,Walter Kohl,M40-44,49,Open,Argentina,1:25:11,4:13,5:52:14,5:19,3:18:18,10:45:15
335,1992,Sam Buckler,M18-24,23,Open,United Kingdom,1:02:26,5:04,5:59:21,5:28,3:32:55,10:45:15
336,1170,Magnus Nyberg,M40-44,50,Open,Sweden,1:01:32,5:50,5:48:49,5:15,3:43:49,10:45:16
337,322,Stéphane Heibel,M35-39,80,Open,France,1:10:31,5:05,5:45:47,5:23,3:38:34,10:45:20
338,1195,Ralph Castelberg,M40-44,51,Open,Switzerland,1:05:34,6:14,5:44:02,6:08,3:43:49,10:45:47
339,725,Christophe Héraut (Gros),M55-59,3,Open,France,1:02:08,5:00,5:52:22,4:50,3:41:40,10:45:59
340,2163,Giovanni Carriere,M45-49,21,Open,Italy,1:13:48,4:13,5:58:07,3:59,3:26:00,10:46:07
341,838,Daniel Tellam,M30-34,66,Open,United Kingdom,1:14:39,7:55,5:47:45,8:07,3:27:43,10:46:09
342,840,Nikolai Presl,M30-34,67,Open,Germany,59:37,4:34,5:31:27,3:51,4:06:46,10:46:15
343,2106,Sebastian Blecke,M45-49,22,Open,Germany,1:03:09,4:06,5:44:49,4:54,3:49:20,10:46:17
344,393,Tom Kopolovich,M35-39,81,Open,Israel,58:21,4:45,6:07:06,4:46,3:31:33,10:46:31
345,1591,Javier Garcés Blanco,M50-54,24,Open,Spain,1:14:04,5:17,5:59:26,5:29,3:22:23,10:46:39
346,2172,Bob Maudie,M45-49,23,Open,Canada,1:04:10,4:41,5:52:02,5:09,3:40:42,10:46:43
347,1034,Tim Bradley,M60-64,1,Open,United States,1:17:52,5:30,5:48:11,4:49,3:30:23,10:46:45
348,274,Matthias Vetter,M35-39,82,Open,Germany,1:11:43,4:56,5:56:11,4:32,3:29:25,10:46:47
349,657,Brian Sloth,M55-59,4,Open,Denmark,1:08:20,5:53,5:36:19,5:02,3:51:14,10:46:48
350,1909,Nicholas Bongi,M25-29,43,Open,United States,55:56,5:56,5:50:57,5:26,3:48:34,10:46:49
351,945,Paul-Henri Guyon,M30-34,68,Open,France,1:06:10,4:08,5:38:16,5:41,3:52:36,10:46:50
352,1810,Christian Schuh,M50-54,25,Open,Germany,1:01:09,3:37,5:50:57,6:43,3:44:59,10:47:25
353,1206,Emmanuel Gourbesville,M40-44,52,Open,France,1:22:49,7:19,5:45:17,4:41,3:27:39,10:47:45
354,400,Demian Van Daele,M35-39,83,Open,Belgium,1:01:22,3:46,5:48:29,3:52,3:50:28,10:47:56
355,844,Bernhard Schießl,M30-34,69,Open,Germany,58:09,3:04,5:24:34,3:58,4:18:13,10:47:58
356,2255,Fede Ballenilla Marco,M45-49,24,Open,Spain,1:13:28,4:45,6:00:57,6:03,3:22:47,10:47:59
357,1279,Thibault Clement,M40-44,53,Open,France,1:04:33,5:57,5:41:57,5:13,3:50:22,10:48:01
358,797,Kevin Brut,M30-34,70,Open,France,1:09:43,5:22,6:04:58,5:43,3:22:17,10:48:02
359,777,Angel Eduardo Ruiz Castillo,M30-34,71,Open,Chile,50:50,3:36,6:22:10,5:15,3:26:21,10:48:11
360,1868,Benjamin Van Der Weerdt,M25-29,44,Open,Netherlands,59:41,7:22,5:43:45,6:12,3:51:13,10:48:13
361,228,Damien Biteaud,M35-39,84,Open,France,1:03:15,6:11,6:02:00,4:06,3:32:41,10:48:13
362,1447,Cyrille Bergia,M40-44,54,Open,France,1:08:13,5:11,5:51:01,4:47,3:39:18,10:48:30
363,1902,Alexandre Baril,M25-29,45,Open,France,1:02:49,4:33,5:46:41,3:21,3:51:07,10:48:31
364,2168,Andrzej Brzezinski,M45-49,25,Open,Poland,1:14:48,4:06,5:57:13,3:40,3:28:46,10:48:34
365,2157,Jason Shields,M45-49,26,Open,Australia,1:02:34,6:51,5:41:07,7:05,3:51:02,10:48:39
366,380,Bernard Spitz,M35-39,85,Open,Belgium,1:01:44,4:27,5:51:05,4:53,3:46:44,10:48:53
367,242,Daniel Kivilohkare,M35-39,86,Open,Finland,1:06:07,3:33,5:50:44,4:13,3:44:17,10:48:54
368,660,Keith Garbutt,M55-59,5,Open,United Kingdom,1:06:39,4:18,6:04:56,5:07,3:27:57,10:48:57
369,1291,Thorne Nick,M40-44,55,Open,Jersey,1:00:56,6:30,5:48:57,4:53,3:48:18,10:49:34
370,770,Eddie Fisher Estrada,M30-34,72,Open,Panama,1:05:53,6:01,6:07:56,6:24,3:23:38,10:49:53
371,2262,Torben Detlefsen,M45-49,27,Open,Germany,1:13:43,4:59,5:51:32,5:16,3:34:24,10:49:55
372,1272,Emmanuel Lucas Gomes,M40-44,56,Open,Brazil,1:07:51,5:52,6:10:30,5:16,3:20:42,10:50:10
373,833,Adam Talmon,M30-34,73,Open,Poland,1:09:22,3:36,6:06:54,4:35,3:25:58,10:50:25
374,916,Lucas Rafael Modelski,M30-34,74,Open,Brazil,1:22:39,4:26,5:43:59,7:28,3:32:22,10:50:54
375,987,Adam Suczewski,M30-34,75,Open,United States,1:04:39,4:10,5:44:24,6:00,3:51:43,10:50:56
376,2119,Juan Antonio López Herraiz,M45-49,28,Open,Spain,1:16:44,5:21,6:16:34,3:12,3:09:15,10:51:06
377,1887,Francois Deniau,M25-29,46,Open,France,1:02:04,4:52,5:44:50,4:20,3:55:13,10:51:19
378,753,Stephen Reville,M30-34,76,Open,Ireland,1:11:00,3:22,5:53:12,4:41,3:39:06,10:51:22
379,1155,Ian Steiger,M40-44,57,Open,United Kingdom,1:07:25,4:11,5:55:13,4:31,3:40:03,10:51:24
380,1968,Kevin Prunty,M25-29,47,Open,United States,1:06:50,6:22,6:05:18,6:32,3:26:28,10:51:30
381,1856,Jason Dobson,M25-29,48,Open,New Zealand,1:04:04,4:46,5:53:03,5:41,3:43:59,10:51:32
382,1495,Marc Heizmann,M50-54,26,Open,Switzerland,1:02:26,5:27,5:31:19,4:54,4:07:40,10:51:46
383,1925,Logan Siebert,M25-29,49,Open,Belgium,1:02:13,5:03,5:56:41,6:28,3:41:23,10:51:47
384,2156,Velmar Bianco,M45-49,29,Open,Argentina,59:40,3:35,5:55:41,5:08,3:47:48,10:51:52
385,904,Vincent Grenon,M30-34,77,Open,Canada,1:05:16,3:52,6:14:44,3:38,3:24:37,10:52:06
386,1461,Oliver Ozsvari,M40-44,58,Open,Hungary,1:10:55,5:36,6:06:19,4:48,3:24:36,10:52:13
387,793,Tom Bruggeman,M30-34,78,Open,Belgium,56:23,3:27,5:55:49,4:28,3:52:11,10:52:18
388,1508,Amir Bachar,M50-54,27,Open,Israel,1:00:44,4:47,5:57:07,5:14,3:44:38,10:52:30
389,809,Privacy_Request_1435429 Privacy_Request_1435429,M30-34,79,Open,Germany,1:07:15,3:45,6:04:00,3:49,3:33:41,10:52:31
390,329,Adrian Brammer,M35-39,87,Open,United Kingdom,1:14:28,5:11,5:46:54,4:31,3:41:36,10:52:41
391,1670,Javier Terán Contreras,M50-54,28,Open,Spain,1:03:09,5:39,6:01:41,7:02,3:35:14,10:52:46
392,2260,Jiri Pospisil,M45-49,30,Open,Czechia,1:05:00,4:46,6:01:28,5:45,3:35:52,10:52:50
393,1485,Sergiy Yeroshov,M40-44,59,Open,Ukraine,1:10:44,3:15,6:05:46,4:10,3:29:06,10:53:02
394,1649,Martin Felber,M50-54,29,Open,Germany,1:20:35,6:53,6:05:29,4:55,3:15:15,10:53:08
395,2016,Ilya Fedorov,M18-24,24,Open,United Arab Emirates,55:08,3:55,6:12:29,3:05,3:38:31,10:53:08
396,943,Gregory Krug,M30-34,80,Open,Brazil,1:01:20,5:22,5:52:09,3:34,3:50:55,10:53:19
397,364,Steven Davison,M35-39,88,Open,New Zealand,1:01:45,3:35,5:59:41,3:30,3:44:50,10:53:21
398,1943,Dominic Taylor,M25-29,50,Open,United Kingdom,1:02:13,5:52,6:03:56,5:30,3:36:00,10:53:30
399,394,Herbert Fellipe Luna Lira,M35-39,89,Open,Brazil,1:01:29,5:11,6:13:14,5:47,3:27:54,10:53:36
400,1900,Patrick Betz-Mors,M25-29,51,Open,Germany,1:09:36,4:15,6:00:20,5:17,3:34:25,10:53:53
401,1384,Jorge Ascani,M40-44,60,Open,Argentina,1:06:27,3:13,5:55:02,5:34,3:43:40,10:53:55
402,541,Eric Ridez,M55-59,6,Open,France,1:03:29,3:55,5:52:53,3:43,3:50:05,10:54:05
403,826,Ronan Troufflard,M30-34,81,Open,France,1:17:39,4:29,5:56:16,5:58,3:29:43,10:54:05
404,1241,Alessandro Zangheri,M40-44,61,Open,Italy,1:03:58,6:38,6:07:43,6:51,3:29:01,10:54:11
405,1249,Diego Ribao Rodriguez,M40-44,62,Open,Spain,1:13:16,4:28,6:03:15,4:16,3:29:23,10:54:38
406,857,Sigurdur Orn Ragnarsson,M30-34,82,Open,Iceland,50:46,4:28,5:39:46,7:31,4:12:29,10:55:02
407,2011,Sam Keats,M18-24,25,Open,New Zealand,1:04:09,3:42,5:49:50,5:39,3:51:46,10:55:05
408,1177,Tomasz Wronski,M40-44,63,Open,Poland,1:02:55,3:59,6:13:58,5:52,3:28:22,10:55:06
409,262,Philipp Markus Sand,M35-39,90,Open,Germany,1:01:15,4:03,6:08:34,4:15,3:37:01,10:55:08
410,1457,Daniele Di Fresco,M40-44,64,Open,Italy,1:01:58,5:34,6:05:58,5:45,3:35:57,10:55:13
411,1434,Nuno Veríssimo,M40-44,65,Open,Portugal,1:12:15,8:45,5:51:51,5:07,3:37:20,10:55:18
412,2232,Patricio Valenti,M45-49,31,Open,Argentina,58:41,4:10,5:50:10,4:44,3:57:36,10:55:21
413,1231,Wesley Boer,M40-44,66,Open,Netherlands,1:08:30,4:16,6:12:57,4:29,3:25:10,10:55:21
414,1939,Luc Sommer,M25-29,52,Open,France,1:07:30,5:31,6:06:31,5:19,3:30:34,10:55:25
415,907,Cedric Simmert,M30-34,83,Open,Germany,1:17:49,3:23,5:43:51,3:49,3:46:52,10:55:44
416,1845,Simon Schwendener,M25-29,53,Open,Switzerland,1:14:52,3:56,5:57:50,5:19,3:33:52,10:55:49
417,194,Carlos Bertoni,M35-39,91,Open,Brazil,1:03:23,4:45,5:58:34,4:02,3:45:07,10:55:51
418,1852,Oliver Wykman,M25-29,54,Open,Sweden,1:06:56,4:43,6:00:16,4:50,3:39:09,10:55:54
419,1252,Marcin Okuniewski,M40-44,67,Open,Poland,1:13:35,4:00,6:07:03,6:03,3:25:33,10:56:14
420,2013,Gavin Ketola,M18-24,26,Open,United States,1:06:53,3:20,5:59:31,3:12,3:43:23,10:56:20
421,827,Mathieu Cintas,M30-34,84,Open,France,1:18:12,8:54,5:47:47,11:03,3:30:28,10:56:24
422,1429,Scott Burriss,M40-44,68,Open,Australia,1:03:20,4:45,6:07:21,3:12,3:37:55,10:56:33
423,1353,Kamil Duplicki,M40-44,69,Open,Poland,1:07:19,3:09,5:37:59,4:28,4:03:42,10:56:37
424,905,Paulo Farina Neto,M30-34,85,Open,Brazil,1:01:50,4:14,6:04:40,4:28,3:41:30,10:56:42
425,1411,Keisuke Endo,M40-44,70,Open,Japan,1:01:30,5:17,6:01:24,5:44,3:42:51,10:56:46
426,1931,Owen Steer,M25-29,55,Open,Australia,57:14,4:46,5:57:12,4:27,3:53:10,10:56:50
427,913,Michal Wlazlak,M30-34,86,Open,Poland,1:11:45,3:22,5:39:32,3:42,3:58:38,10:56:59
428,1790,Matthias Aust,M50-54,30,Open,Germany,1:21:44,4:54,5:57:40,3:58,3:28:55,10:57:12
429,1935,Timo Bernhard,M25-29,56,Open,Switzerland,59:47,5:37,6:14:00,5:02,3:32:49,10:57:16
430,1173,Vicente Palones Llopis,M40-44,71,Open,Spain,1:05:28,7:08,5:53:46,4:58,3:45:59,10:57:19
431,612,Arnaud Bouvier,M55-59,7,Open,France,1:11:33,4:02,5:54:50,5:05,3:42:04,10:57:35
432,1584,Luk Tijsmans,M50-54,31,Open,Belgium,1:05:06,5:33,6:03:09,7:19,3:36:33,10:57:39
433,1328,Jethro Karl Ramos,M40-44,72,Open,Philippines,1:01:56,4:32,6:02:42,4:59,3:43:31,10:57:41
434,1075,Jason George,M60-64,2,Open,United States,1:08:58,6:19,6:04:48,5:21,3:32:17,10:57:43
435,2082,Tobias Schanne,M45-49,32,Open,Germany,1:07:22,3:54,6:02:18,7:40,3:36:38,10:57:51
436,521,Albert Boyce,M55-59,8,Open,United States,57:57,4:13,6:12:49,5:55,3:37:42,10:58:36
437,276,Pete Williams,M35-39,92,Open,United Kingdom,1:18:41,6:02,5:31:00,5:09,3:58:00,10:58:52
438,164,Iñaki Sancho De La Garza,M35-39,93,Open,Spain,1:13:08,4:33,6:19:13,4:04,3:18:21,10:59:18
439,1390,Holger Steinhardt,M40-44,73,Open,Germany,1:03:19,4:32,5:59:48,5:33,3:46:14,10:59:26
440,940,Joe Mayoh,M30-34,87,Open,United Kingdom,1:09:45,5:06,5:49:51,5:30,3:49:16,10:59:28
441,1906,Davis Bryan,M25-29,57,Open,United States,1:05:43,4:49,6:02:50,7:03,3:39:13,10:59:37
442,1175,Tomáš Holkup,M40-44,74,Open,Czechia,1:21:19,4:29,6:08:26,5:36,3:19:53,10:59:43
443,958,Joel Barry,M30-34,88,Open,Australia,1:04:08,3:14,6:07:18,8:14,3:36:56,10:59:50
444,781,Yuta Kato,M30-34,89,Open,Japan,1:06:47,6:38,6:21:16,4:27,3:20:47,10:59:55
445,2299,Gregory Ibeknoussen,M45-49,33,Open,France,1:22:41,8:24,5:58:08,7:55,3:22:53,11:00:00
446,1443,Tuomo Pilvijärvi,M40-44,75,Open,Finland,1:00:38,3:47,6:00:57,4:42,3:49:58,11:00:02
447,619,Ivan Away,M55-59,9,Open,United Kingdom,1:12:50,5:20,6:06:32,4:31,3:30:50,11:00:03
448,1243,Marcelo Salvador,M40-44,76,Open,Brazil,1:09:16,4:09,5:59:58,3:47,3:43:17,11:00:27
449,2340,Glenn Van Hoogten,M45-49,34,Open,Belgium,1:07:02,3:36,6:16:16,4:14,3:29:44,11:00:52
450,2134,Jesse Czelusta,M45-49,35,Open,United States,1:02:05,4:04,6:05:07,5:06,3:44:57,11:01:19
451,930,Ryan Brennan-Coulthard,M30-34,90,Open,Australia,1:06:24,3:51,6:23:02,6:46,3:21:30,11:01:32
452,305,Pascal Coudé,M35-39,94,Open,Canada,1:19:12,3:28,6:00:03,5:58,3:32:55,11:01:36
453,345,Vincent Pennec,M35-39,95,Open,France,1:22:05,3:36,6:14:17,3:47,3:18:02,11:01:47
454,210,Cedric Campana,M35-39,96,Open,France,1:12:05,5:04,5:44:40,4:56,3:55:04,11:01:50
455,810,Laurens Jonkheijm,M30-34,91,Open,Netherlands,1:07:11,4:17,6:02:05,6:12,3:42:53,11:02:38
456,202,Rene Pandur,M35-39,97,Open,Austria,1:11:18,4:47,6:18:59,3:40,3:23:57,11:02:40
457,1371,Ross Higgins,M40-44,77,Open,Ireland,55:26,3:17,5:54:52,4:24,4:04:43,11:02:42
458,1181,Alessio Leo,M40-44,78,Open,Italy,1:07:52,5:04,5:47:34,4:58,3:57:24,11:02:53
459,2257,Thomas Gugler,M45-49,36,Open,Austria,1:12:20,4:14,6:16:25,4:38,3:25:22,11:03:00
460,370,Jonathan Arkle,M35-39,98,Open,Canada,1:02:08,5:02,6:03:55,5:57,3:46:12,11:03:15
461,2280,Dan Bronstein,M45-49,37,Open,Switzerland,1:11:06,4:24,6:09:42,4:21,3:33:46,11:03:20
462,1738,Jan Verbakel,M50-54,32,Open,Netherlands,1:11:17,5:24,5:50:59,4:29,3:51:19,11:03:27
463,892,Timothy Gibbons,M30-34,92,Open,United Kingdom,59:02,5:24,6:08:35,5:19,3:45:16,11:03:37
464,869,Maximilian Küspert,M30-34,93,Open,Germany,1:06:20,5:10,5:57:58,5:40,3:48:30,11:03:37
465,1928,Joseph Hoellinger,M25-29,58,Open,France,1:05:12,4:52,6:05:44,3:24,3:44:32,11:03:43
466,2356,Jean Francois Hannard,M45-49,38,Open,Luxembourg,1:11:28,3:06,6:06:32,6:08,3:36:39,11:03:53
467,1297,Wout Vandegaer,M40-44,79,Open,Belgium,1:17:02,8:32,5:44:00,6:57,3:47:34,11:04:05
468,209,Guillaume Icart,M35-39,99,Open,France,1:09:34,5:05,5:56:35,6:17,3:46:34,11:04:05
469,2001,Matt Proudlove,M18-24,27,Open,United Kingdom,1:11:35,4:37,6:09:50,5:53,3:32:15,11:04:09
470,897,Wouter Duyck,M30-34,94,Open,Belgium,1:06:05,5:35,6:16:12,5:30,3:30:53,11:04:15
471,335,David Farsai,M35-39,100,Open,United States,1:15:53,5:09,6:02:38,4:44,3:36:00,11:04:24
472,1746,Kipsan Beck,M50-54,33,Open,Thailand,1:07:22,6:56,6:09:44,4:35,3:35:51,11:04:28
473,1927,Max Thompson,M25-29,59,Open,United Kingdom,56:58,4:18,6:17:14,4:10,3:41:55,11:04:35
474,948,Andrey Seredin,M30-34,95,Open,Kazakhstan,1:05:53,3:22,6:09:50,4:31,3:41:13,11:04:49
475,2169,Geoffrey Dobbelaere,M45-49,39,Open,Belgium,1:01:01,8:58,5:44:52,8:43,4:01:24,11:04:58
476,1907,Julien Brossier,M25-29,60,Open,France,1:06:58,5:09,5:50:15,4:05,3:58:43,11:05:10
477,1826,Steeve Sabathier,M50-54,34,Open,France,1:05:38,4:27,5:59:27,3:32,3:52:11,11:05:14
478,978,Alexandre Authier,M30-34,96,Open,France,1:09:02,3:36,6:05:11,4:35,3:42:59,11:05:24
479,1552,Michael Middleton,M50-54,35,Open,United States,1:07:17,5:46,6:03:46,4:35,3:44:41,11:06:05
480,174,Martin Tresca,M35-39,101,Open,Portugal,1:18:36,6:00,6:05:06,4:52,3:31:32,11:06:06
481,1415,Rubén Sánchez,M40-44,80,Open,Spain,1:23:30,4:17,6:09:16,4:12,3:24:54,11:06:09
482,314,Marcelo Marques,M35-39,102,Open,Brazil,1:17:32,5:42,6:05:32,7:04,3:30:34,11:06:25
483,915,Oliver Huse,M30-34,97,Open,Australia,1:02:58,4:31,6:31:04,3:32,3:24:22,11:06:27
484,2345,Matthew Kieras,M45-49,40,Open,United Kingdom,59:15,3:39,6:05:39,5:12,3:52:43,11:06:27
485,1912,Alex Kellerman,M25-29,61,Open,Canada,1:02:16,4:52,5:56:35,6:50,3:55:56,11:06:30
486,1293,Juan Ignacio Martín Aznar,M40-44,81,Open,Spain,1:12:36,5:33,6:07:31,5:08,3:35:42,11:06:30
487,1198,Boris Goutkin,M40-44,82,Open,Israel,1:09:33,3:27,6:21:26,5:07,3:27:04,11:06:37
488,1998,Henry Kennaway,M18-24,28,Open,United Kingdom,1:02:12,5:43,6:04:58,6:01,3:47:44,11:06:38
489,1911,Daniel Linkinhoker,M25-29,62,Open,United States,1:02:16,3:31,5:54:12,4:56,4:01:44,11:06:39
490,1882,Nicolas Morel,M25-29,63,Open,France,1:05:16,4:52,5:59:20,4:20,3:52:59,11:06:46
491,1312,Guy Hogg,M40-44,83,Open,United Kingdom,1:14:42,4:22,5:54:37,4:55,3:48:12,11:06:48
492,1437,Dandan Li,M40-44,84,Open,China,1:00:51,4:13,5:58:45,5:40,3:57:27,11:06:56
493,1857,Leo Leypoldt,M25-29,64,Open,Germany,1:09:32,4:54,6:00:39,4:43,3:47:30,11:07:18
494,1876,Tiaan Niemann,M25-29,65,Open,South Africa,1:05:54,5:53,5:56:07,5:27,3:54:19,11:07:41
495,169,Augustin Peyratout,M35-39,103,Open,France,1:17:09,5:51,6:23:11,4:03,3:17:36,11:07:50
496,337,Daniel Steiner,M35-39,104,Open,Switzerland,1:10:54,3:47,5:52:19,6:18,3:54:34,11:07:52
497,1937,Guto Morgans,M25-29,66,Open,United Kingdom,54:44,4:16,5:57:46,4:00,4:07:12,11:07:58
498,1705,Darren Alchin,M50-54,36,Open,Australia,1:18:12,5:06,6:08:02,5:16,3:31:29,11:08:04
499,2127,Christoph Gerth,M45-49,41,Open,Germany,1:07:58,5:38,6:00:43,5:53,3:48:12,11:08:24
500,1446,Marcus Conrad,M40-44,85,Open,Germany,1:22:07,4:20,6:03:21,5:33,3:33:08,11:08:28
501,1534,Thierry Stas,M50-54,37,Open,Belgium,1:12:00,5:18,6:05:10,6:38,3:39:24,11:08:30
502,2096,Joel Szatanek,M45-49,42,Open,France,1:09:05,5:54,5:48:41,7:45,3:57:14,11:08:39
503,1150,Elias Viitakoski,M40-44,86,Open,Finland,1:16:12,5:15,6:18:33,5:55,3:22:48,11:08:43
504,1858,Nicolas Isoart,M25-29,67,Open,France,1:17:52,5:45,6:04:53,3:41,3:36:34,11:08:46
505,755,Michael Harker,M30-34,98,Open,United States,1:01:27,5:42,6:21:15,5:41,3:34:42,11:08:48
506,1158,Jochen Stöberl,M40-44,87,Open,Germany,1:02:59,4:31,5:58:36,4:05,3:58:41,11:08:53
507,349,Jason Hanson,M35-39,105,Open,United Kingdom,1:11:58,5:33,6:05:50,6:52,3:39:05,11:09:17
508,1427,Daniel Callahan,M40-44,88,Open,United States,1:02:54,5:08,6:03:23,4:28,3:53:28,11:09:21
509,1436,Johan Nyberg,M40-44,89,Open,Sweden,1:00:59,7:07,6:21:02,7:29,3:32:51,11:09:28
510,763,Michael Quintos,M30-34,99,Open,United States,1:17:30,5:45,6:11:58,4:13,3:30:03,11:09:29
511,2154,Jeff Sales,M45-49,43,Open,Canada,1:13:49,4:03,6:07:06,5:48,3:38:47,11:09:34
512,1936,Côme Deruaz,M25-29,68,Open,France,1:10:04,4:17,5:51:29,8:21,3:55:34,11:09:45
513,1691,Marco Haselbekke,M50-54,38,Open,Netherlands,1:15:26,5:03,5:50:02,5:27,3:53:49,11:09:46
514,1363,Dave Vrettos,M40-44,90,Open,United Kingdom,1:23:32,6:59,6:05:51,9:04,3:24:20,11:09:47
515,127,Mathew Stiver - Balla,M35-39,106,Open,Canada,1:18:58,5:27,6:14:35,4:32,3:26:19,11:09:51
516,2221,David Coates,M45-49,44,Open,United Kingdom,1:03:57,4:39,6:05:47,3:40,3:51:53,11:09:56
517,1159,Fabio Rodrigo Machado,M40-44,91,Open,Brazil,1:12:20,5:26,5:49:55,5:08,3:57:10,11:10:00
518,2300,Ian Jones,M45-49,45,Open,Australia,59:05,6:25,6:25:05,4:20,3:35:05,11:10:00
519,860,Keane Johnson,M30-34,100,Open,United States,1:02:03,5:35,6:15:00,5:47,3:41:40,11:10:05
520,1305,Johannes Hemelrijk,M40-44,92,Open,Netherlands,1:03:06,6:14,6:02:11,4:44,3:53:57,11:10:11
521,1307,William Martin,M40-44,93,Open,Brazil,1:14:10,5:04,5:59:55,4:48,3:46:34,11:10:32
522,1608,John Mead,M50-54,39,Open,United Kingdom,1:05:53,3:54,6:04:15,4:44,3:51:47,11:10:33
523,1404,Beat Flühmann,M40-44,94,Open,Switzerland,1:09:39,4:45,5:44:22,5:54,4:05:54,11:10:33
524,200,Jan Steinberg,M35-39,107,Open,Germany,1:11:00,4:30,6:00:20,5:44,3:49:03,11:10:37
525,2094,Christopher Heyes,M45-49,46,Open,United Kingdom,1:15:06,5:36,5:58:48,6:17,3:44:53,11:10:40
526,230,Adrià Carreras Callol,M35-39,108,Open,Spain,58:24,4:44,5:56:58,4:39,4:05:56,11:10:41
527,1260,Paul Aschmann,M40-44,95,Open,United States,1:07:04,4:34,6:07:25,4:13,3:47:33,11:10:48
528,1244,Rene Feldgen,M40-44,96,Open,Germany,1:11:00,3:39,5:44:29,5:37,4:06:16,11:11:00
529,964,Naaman Fares,M30-34,101,Open,Israel,1:23:08,5:52,6:12:00,3:50,3:26:10,11:11:00
530,114,Daniel Soriano Gómez,M35-39,109,Open,Spain,1:01:21,5:28,5:56:44,6:17,4:01:18,11:11:07
531,339,Johan Lidstrom,M35-39,110,Open,Sweden,1:18:56,4:30,6:07:09,5:37,3:34:58,11:11:09
532,828,Dino Lentzakis,M30-34,102,Open,South Africa,1:07:34,5:02,5:56:21,10:03,3:52:14,11:11:14
533,858,Zach Smith,M30-34,103,Open,United States,1:10:46,5:13,5:52:44,6:11,3:56:22,11:11:16
534,269,Matt Jones,M35-39,111,Open,Australia,59:17,3:57,6:01:26,3:49,4:02:51,11:11:20
535,2241,Michael Sherry,M45-49,47,Open,United States,1:06:43,6:19,5:58:59,7:13,3:52:11,11:11:25
536,1947,Tristan Detwiler,M25-29,69,Open,United States,1:05:24,4:07,5:54:21,5:46,4:01:53,11:11:31
537,1264,Stefan Andlauer,M40-44,97,Open,Germany,1:05:15,5:11,6:07:03,4:06,3:50:00,11:11:34
538,204,Mariusz Pirek,M35-39,112,Open,Poland,1:10:06,3:03,5:41:16,3:24,4:13:52,11:11:41
539,1218,Marcin Michalowski,M40-44,98,Open,Poland,1:01:37,3:42,6:10:00,4:13,3:52:15,11:11:46
540,545,Innes Wright,M55-59,10,Open,United Kingdom,1:06:13,4:45,6:17:54,4:21,3:38:34,11:11:47
541,1625,Jocelyn Perrault,M50-54,40,Open,Switzerland,1:03:46,5:32,5:54:46,4:44,4:03:01,11:11:48
542,1809,Stefan Daehne,M50-54,41,Open,Germany,1:01:33,3:45,5:54:12,6:00,4:06:24,11:11:54
543,677,Andreas Bund,M55-59,11,Open,Germany,1:13:39,4:26,6:09:08,5:01,3:39:44,11:11:58
544,785,Patrick Lach,M30-34,104,Open,Austria,1:09:37,4:32,6:14:22,5:49,3:37:47,11:12:07
545,832,Jannis Rost,M30-34,105,Open,Germany,1:20:57,5:21,6:01:29,5:18,3:39:18,11:12:23
546,2017,Samuel Baker,M18-24,29,Open,United Kingdom,1:12:31,6:47,6:08:33,3:38,3:40:56,11:12:25
547,2330,Torben Kaminsky,M45-49,48,Open,Germany,1:00:36,4:55,5:53:14,6:36,4:07:11,11:12:32
548,1225,Phil Whitehead,M40-44,99,Open,United Kingdom,1:07:37,4:10,6:15:57,6:21,3:39:00,11:13:05
549,912,Quentin Meyer,M30-34,106,Open,France,1:06:08,3:55,5:51:37,4:30,4:07:08,11:13:18
550,2270,Charles Miron,M45-49,49,Open,Canada,1:09:39,4:14,6:15:18,6:19,3:37:51,11:13:21
551,231,Julien Brun,M35-39,113,Open,France,1:22:54,5:10,6:04:41,5:31,3:35:06,11:13:22
552,693,Peter Hobmair,M55-59,12,Open,Germany,1:12:01,4:25,6:04:32,4:48,3:47:43,11:13:28
553,1806,Mauricio Borges,M50-54,42,Open,Brazil,1:06:24,4:13,5:53:51,4:22,4:04:39,11:13:28
554,807,Benjamin Stewart,M30-34,107,Open,Australia,1:07:17,4:44,6:01:08,4:12,3:56:16,11:13:36
555,1256,Julien Eydoux,M40-44,100,Open,France,1:15:53,6:15,5:51:29,4:40,3:55:24,11:13:41
556,1917,Joseph Pinnola-Vizza,M25-29,70,Open,United States,1:15:11,7:38,5:56:27,4:36,3:49:56,11:13:48
557,237,Bradley Pollitt,M35-39,114,Open,United Kingdom,1:11:03,3:43,5:40:37,4:07,4:14:18,11:13:48
558,2227,Mubarak Alwoqayan,M45-49,50,Open,Kuwait,1:11:50,6:06,6:11:24,6:52,3:37:47,11:13:59
559,890,Troy Castle,M30-34,108,Open,United States,1:17:09,6:06,6:04:30,6:21,3:39:53,11:13:59
560,2028,Reimei Fujita,M18-24,30,Open,Japan,1:08:02,4:59,6:02:55,4:28,3:53:49,11:14:13
561,321,Moritz König,M35-39,115,Open,Germany,1:06:21,3:53,5:55:29,6:31,4:02:01,11:14:15
562,356,Jonatan Mortarini,M35-39,116,Open,Argentina,1:12:37,5:24,6:21:11,4:04,3:31:05,11:14:22
563,2343,Ludovic Monvoisin,M45-49,51,Open,France,1:03:11,4:51,5:58:39,4:54,4:02:48,11:14:23
564,2293,Sven Bidmon,M45-49,52,Open,Germany,1:13:33,3:34,6:12:45,6:39,3:37:56,11:14:26
565,1886,Andrew Aposhian,M25-29,71,Open,United States,1:24:14,5:05,6:12:25,5:16,3:27:34,11:14:33
566,405,Chris Harrisson,M35-39,117,Open,Peru,1:00:25,4:12,6:15:30,5:51,3:48:49,11:14:48
567,2296,Jose Antonio Sanchez Izquierdo,M45-49,53,Open,Spain,1:11:36,5:14,6:05:01,3:49,3:49:10,11:14:50
568,859,Matteo Ardone,M30-34,109,Open,Italy,1:06:06,3:27,6:00:10,2:52,4:02:33,11:15:07
569,1469,Andrey Nosov,M40-44,101,Open,Spain,1:17:42,6:52,5:50:04,10:01,3:50:35,11:15:14
570,124,Julien Nardoux,M35-39,118,Open,France,1:03:39,5:44,6:12:06,5:22,3:48:25,11:15:16
571,1419,Dave Cresswell,M40-44,102,Open,United Kingdom,1:03:23,5:59,6:03:54,4:58,3:57:06,11:15:21
572,195,Rudi Lambrechts,M35-39,119,Open,Belgium,1:26:12,7:54,6:06:22,7:29,3:27:34,11:15:32
573,877,Sandro Brawand,M30-34,110,Open,Switzerland,1:32:35,6:15,5:38:09,7:48,3:50:57,11:15:44
574,1995,René Tretschok,M18-24,31,Open,Germany,1:04:27,7:34,6:21:05,8:39,3:34:23,11:16:08
575,950,Lewis Bonar,M30-34,111,Open,United Kingdom,1:08:41,5:11,6:07:54,4:56,3:49:30,11:16:12
576,1112,Dan Contant,M60-64,3,Open,Canada,1:10:02,5:02,6:15:37,5:04,3:40:33,11:16:17
577,1754,Cristiano Tara,M50-54,43,Open,Italy,1:11:19,4:43,6:10:09,4:12,3:46:02,11:16:26
578,2159,Alejandro Piñeiro,M45-49,54,Open,Spain,1:17:58,4:06,6:10:50,5:46,3:37:47,11:16:27
579,2284,Martin Barner-Olsen,M45-49,55,Open,Denmark,1:09:43,6:47,6:02:56,5:52,3:51:17,11:16:35
580,219,Matthias Eisele,M35-39,120,Open,Germany,1:06:22,5:19,6:04:32,3:48,3:56:40,11:16:41
581,1466,Florian Speth,M40-44,103,Open,Germany,1:15:31,4:47,6:03:04,5:38,3:47:41,11:16:42
582,1721,Roland Fuchs,M50-54,44,Open,Germany,1:13:20,4:59,6:21:28,5:16,3:31:45,11:16:48
583,1633,Chris Wild,M50-54,45,Open,United Kingdom,1:09:00,4:56,6:07:45,4:17,3:50:54,11:16:52
584,2026,Lukas Krieg,M18-24,32,Open,Switzerland,1:14:49,6:40,6:06:18,5:13,3:43:52,11:16:52
585,1215,Issac Henares,M40-44,104,Open,Spain,1:05:25,4:06,6:23:35,4:45,3:39:07,11:16:58
586,212,Errico Cuomo,M35-39,121,Open,Italy,1:22:35,4:00,5:56:35,3:24,3:50:25,11:16:59
587,1077,Mike Trees,M60-64,4,Open,New Zealand,1:03:15,3:36,6:09:24,3:32,3:57:19,11:17:06
588,1142,Victor Osokin,M40-44,105,Open,Germany,1:04:07,4:44,6:07:46,7:03,3:53:35,11:17:16
589,2298,Sergio Inchausti Beñaran,M45-49,56,Open,Spain,55:36,6:48,6:39:55,11:02,3:23:58,11:17:18
590,143,Mads Ring Damgaard,M35-39,122,Open,Denmark,1:14:45,4:39,6:03:35,6:29,3:47:54,11:17:22
591,500,Bent Andersen,M55-59,13,Open,Denmark,1:05:34,4:47,6:00:20,6:18,4:00:30,11:17:28
592,235,Matthew Cooper,M35-39,123,Open,United Kingdom,1:10:29,3:43,6:02:13,3:36,3:57:52,11:17:53
593,1564,Matt Mccutchen,M50-54,46,Open,United States,1:04:01,6:03,6:09:44,6:00,3:52:11,11:17:59
594,715,Thomas Srb,M55-59,14,Open,Austria,1:17:34,4:58,5:47:36,5:52,4:02:12,11:18:11
595,2297,Gaspar Iván Fernández Mayo,M45-49,57,Open,Spain,1:13:00,5:59,6:15:04,6:19,3:37:58,11:18:19
596,1382,Alejandro Solano Coto,M40-44,106,Open,Costa Rica,1:15:07,8:08,6:18:50,5:54,3:30:25,11:18:24
597,920,Robson Marcon Antunes,M30-34,112,Open,Brazil,1:00:06,4:12,6:17:39,4:47,3:51:43,11:18:26
598,1220,Charlie Ernst,M40-44,107,Open,United States,53:45,4:52,6:15:08,6:49,3:57:55,11:18:29
599,1475,Enrico Sudano,M40-44,108,Open,Italy,1:22:34,4:36,6:02:47,4:34,3:44:09,11:18:41
600,2135,Luca Mariani,M45-49,58,Open,Italy,1:15:14,5:14,6:11:47,5:54,3:40:35,11:18:44
601,1877,Steven Walker,M25-29,72,Open,Ireland,1:11:03,5:58,6:14:56,6:29,3:40:45,11:19:11
602,139,Aleksas Vaitkunas,M35-39,124,Open,Brazil,1:01:28,4:46,6:33:13,6:19,3:33:30,11:19:17
603,2145,Roland Wysser,M45-49,59,Open,Switzerland,1:12:14,4:46,5:57:47,5:34,3:59:08,11:19:28
604,286,Jesse Veenstra,M35-39,125,Open,United States,1:14:21,4:12,6:23:13,4:14,3:33:29,11:19:29
605,2259,Otto Ströbel,M45-49,60,Open,Germany,1:00:18,5:30,5:44:29,4:40,4:24:36,11:19:34
606,812,Max Rossiter,M30-34,113,Open,United States,1:01:12,4:48,6:17:11,6:25,3:50:10,11:19:45
607,1334,Clement Parmentier,M40-44,109,Open,France,1:10:34,6:46,6:17:01,8:10,3:37:18,11:19:49
608,156,Hans Stoutjesdijk,M35-39,126,Open,Netherlands,1:06:31,3:28,6:06:43,5:56,3:57:16,11:19:54
609,1905,Christopher Burrows,M25-29,73,Open,United States,1:07:15,5:30,5:34:13,5:47,4:27:13,11:19:58
610,238,Aimé Piquot,M35-39,127,Open,France,1:23:01,4:18,6:08:50,3:53,3:39:57,11:19:59
611,1193,Mark Moloney,M40-44,110,Open,Ireland,1:02:56,4:40,5:56:30,6:23,4:09:54,11:20:23
612,765,Marc Solkov,M30-34,114,Open,United States,1:05:27,5:55,6:05:19,4:04,3:59:45,11:20:30
613,1162,Juri Plotnikow,M40-44,111,Open,Germany,1:22:57,6:16,6:25:49,6:46,3:18:45,11:20:32
614,358,Andre Sanches,M35-39,128,Open,Brazil,1:06:55,4:38,5:57:51,3:47,4:07:22,11:20:32
615,1923,Fabio Taccaliti,M25-29,74,Open,Italy,1:04:43,4:46,6:14:28,6:23,3:50:20,11:20:39
616,1847,Nicholas Lam,M25-29,75,Open,Hong Kong,57:18,5:05,6:04:34,5:33,4:08:11,11:20:41
617,856,Géraud Cussac,M30-34,115,Open,France,1:20:51,6:24,6:26:25,4:37,3:22:34,11:20:51
618,2202,Andrea Dirani,M45-49,61,Open,Italy,1:11:45,5:17,6:18:01,6:16,3:39:32,11:20:51
619,1455,Alexey Oreshin,M40-44,112,Open,Armenia,1:08:22,3:17,6:00:26,3:59,4:04:51,11:20:54
620,1803,Olivier Castres,M50-54,47,Open,France,1:16:43,5:02,6:15:45,7:14,3:36:15,11:20:59
621,1913,Eric Chuu,M25-29,76,Open,United States,1:08:44,5:06,6:07:19,6:02,3:53:56,11:21:07
622,35,Brent Mcmahon,MPRO,32,Open,Canada,49:04,2:28,4:54:27,3:20,5:31:55,11:21:14
623,823,Mikkel Kæmsgaard,M30-34,116,Open,Denmark,1:13:25,3:48,6:22:36,5:50,3:35:41,11:21:20
624,1598,Dean Galt,M50-54,48,Open,New Zealand,1:10:18,4:56,6:05:16,5:07,3:55:44,11:21:21
625,1908,Iestyn Evans,M25-29,77,Open,United Kingdom,1:08:40,6:20,6:00:49,6:14,3:59:29,11:21:33
626,1456,Jakub Najman,M40-44,113,Open,Czechia,1:20:27,7:08,5:48:06,9:16,3:56:46,11:21:43
627,218,Austen Scudder,M35-39,129,Open,United States,1:01:48,5:53,6:19:23,8:09,3:46:33,11:21:46
628,1412,Dominic Wimmer,M40-44,114,Open,Germany,1:09:59,3:56,5:58:56,4:07,4:05:05,11:22:03
629,695,Andre Dwehus,M55-59,15,Open,Germany,1:12:44,4:55,6:22:32,5:03,3:37:07,11:22:21
630,1121,Takeshi Tanaka,M60-64,5,Open,Japan,1:05:59,4:08,6:42:51,4:19,3:25:06,11:22:22
631,285,Gwénaël Changeon,M35-39,130,Open,France,1:03:47,3:49,6:25:11,4:24,3:45:14,11:22:24
632,2353,Uros Gregoric,M45-49,62,Open,Slovenia,1:15:18,4:55,6:11:11,7:08,3:44:05,11:22:38
633,1160,Itay Matityahoo,M40-44,115,Open,Israel,1:00:41,4:58,6:32:51,5:36,3:38:34,11:22:39
634,1855,Arne Vaesen,M25-29,78,Open,Belgium,58:44,5:28,5:43:21,6:55,4:28:23,11:22:51
635,568,Fabrice Colin,M55-59,16,Open,France,1:07:10,4:57,5:58:09,4:30,4:08:08,11:22:54
636,1361,Anan Duangsopa,M40-44,116,Open,Thailand,1:09:37,4:09,5:59:22,5:18,4:04:30,11:22:55
637,798,Jack Hazeldine,M30-34,117,Open,United Kingdom,1:11:27,4:28,6:12:49,3:59,3:50:19,11:23:03
638,1409,Julien Besville,M40-44,117,Open,France,1:21:23,4:15,5:54:14,5:43,3:57:27,11:23:03
639,2139,Michael Meier,M45-49,63,Open,Switzerland,1:16:09,3:49,6:11:08,5:25,3:47:00,11:23:31
640,1793,Richard Jinks,M50-54,49,Open,United Kingdom,1:05:32,7:16,5:58:00,7:02,4:05:52,11:23:43
641,280,Achraf Maizzou,M35-39,131,Open,Morocco,1:20:22,8:08,6:16:51,7:12,3:31:20,11:23:53
642,2319,Fatih Topcu,M45-49,64,Open,Turkey,1:05:20,6:05,6:29:59,6:57,3:35:34,11:23:54
643,2200,Alexander Wörndl-Aichriedler,M45-49,65,Open,Austria,1:07:05,5:14,5:52:06,6:24,4:13:09,11:23:57
644,1374,Robert Lucke,M40-44,118,Open,United States,1:23:43,7:33,6:01:20,7:49,3:43:46,11:24:11
645,1522,Anthony Samzun,M50-54,50,Open,France,1:09:50,7:08,5:40:25,5:47,4:21:02,11:24:12
646,1179,Luciano Zanovello,M40-44,119,Open,Italy,1:13:20,4:20,6:18:35,5:21,3:42:37,11:24:14
647,1949,Adam O'Reilly,M25-29,79,Open,Ireland,1:16:53,4:23,6:26:11,6:12,3:30:44,11:24:23
648,1356,Damien Landon,M40-44,120,Open,France,56:42,5:07,6:10:23,8:28,4:03:47,11:24:26
649,2164,Giuseppe Marinelli,M45-49,66,Open,Italy,59:15,5:24,6:27:40,6:56,3:45:21,11:24:37
650,1102,Derek Farr,M60-64,6,Open,Netherlands,1:05:58,4:51,6:05:23,5:38,4:02:49,11:24:39
651,2117,Duc Tran,M45-49,67,Open,United States,1:11:46,5:18,6:32:13,6:02,3:29:34,11:24:53
652,302,Arkadiusz Beres,M35-39,132,Open,Poland,1:18:48,4:44,5:59:54,4:50,3:56:38,11:24:55
653,2079,Yann-Eric Gille,M45-49,68,Open,France,1:20:40,4:05,6:15:23,5:35,3:39:20,11:25:03
654,2073,Jonathan Pesansky,M45-49,69,Open,United States,58:19,6:11,6:10:41,10:32,3:59:22,11:25:05
655,1103,Norbert Schroeder,M60-64,7,Open,Germany,1:08:45,5:44,6:11:05,6:29,3:53:15,11:25:16
656,155,David Almeida,M35-39,133,Open,Brazil,1:10:27,6:33,5:54:21,5:21,4:08:49,11:25:31
657,246,Harold Smith Pineda,M35-39,134,Open,Colombia,1:33:18,4:37,5:54:34,7:37,3:45:34,11:25:39
658,2146,Alessandro Sciarrone,M45-49,70,Open,Italy,1:00:22,4:27,6:07:49,4:48,4:08:14,11:25:40
659,1389,Miro Jankovic,M40-44,121,Open,Croatia,1:08:31,5:05,6:21:01,5:40,3:45:33,11:25:50
660,881,Alex Pagan Montoro,M30-34,118,Open,Spain,1:07:50,5:45,6:01:12,6:15,4:04:50,11:25:53
661,2162,Gregoire Sauve,M45-49,71,Open,France,1:13:00,6:47,6:31:45,7:37,3:26:45,11:25:53
662,115,Stuart Heighway,M35-39,135,Open,New Zealand,1:06:29,6:28,6:16:56,8:53,3:47:16,11:26:02
663,2314,David Walsh,M45-49,72,Open,Australia,1:03:29,5:24,6:00:17,4:39,4:12:30,11:26:19
664,1878,Christophe De Brabander,M25-29,80,Open,Belgium,1:13:01,4:13,5:57:57,3:59,4:07:11,11:26:20
665,876,Rasmus Iversen,M30-34,119,Open,Denmark,1:07:35,5:16,6:18:15,4:49,3:50:31,11:26:25
666,831,Arnaud Bernard,M30-34,120,Open,France,1:33:06,5:04,5:58:00,5:31,3:44:46,11:26:27
667,2070,Edgar Arellano,M45-49,73,Open,Mexico,1:13:20,3:12,6:20:55,4:30,3:44:32,11:26:30
668,1302,Laurentiu Vladan,M40-44,122,Open,Romania,1:14:04,5:29,6:20:44,4:57,3:41:22,11:26:37
669,795,Charlie Holt,M30-34,121,Open,United Kingdom,1:10:59,4:24,6:24:45,3:26,3:43:12,11:26:46
670,190,Ramon Lopes Ferreira,M35-39,136,Open,Brazil,1:06:11,3:45,6:08:43,4:54,4:03:17,11:26:51
671,787,Pieter Stiers,M30-34,122,Open,Belgium,1:17:57,7:52,6:11:36,6:24,3:43:07,11:26:56
672,901,Jesus Maria Henares Duclós,M30-34,123,Open,Spain,1:07:37,5:21,6:27:07,7:47,3:39:07,11:26:59
673,1324,Quentin Duquenne,M40-44,123,Open,France,58:38,6:09,6:20:30,6:43,3:55:24,11:27:23
674,1997,Jérémy Breuil,M18-24,33,Open,France,,,,6:41,4:05:48,11:27:30
675,2246,Carlos Vilchis,M45-49,74,Open,Mexico,1:23:30,12:51,6:10:47,7:07,3:33:18,11:27:33
676,1149,Jp Mcaree,M40-44,124,Open,Ireland,1:14:35,5:47,6:28:42,6:35,3:31:56,11:27:35
677,1194,Eduardo De Carvalho Amantini,M40-44,125,Open,Brazil,1:01:49,5:19,6:20:16,6:42,3:53:35,11:27:42
678,323,Filippo Paolucci,M35-39,137,Open,Italy,1:06:16,3:59,6:11:32,5:20,4:00:46,11:27:53
679,1153,Nicolas Finck,M40-44,126,Open,France,1:14:45,6:21,6:05:53,6:32,3:54:22,11:27:54
680,1269,Robert Gouley,M40-44,127,Open,Canada,54:17,4:44,6:06:27,5:16,4:17:13,11:27:57
681,1462,Ramon Solorzano,M40-44,128,Open,United States,1:24:10,6:04,6:07:44,8:40,3:41:24,11:28:02
682,756,Alex Laughton-Scott,M30-34,124,Open,United Kingdom,1:06:03,4:57,6:23:55,4:45,3:48:24,11:28:03
683,2282,Davide Oppioli,M45-49,75,Open,Italy,1:10:02,4:47,6:17:22,6:08,3:50:03,11:28:22
684,1805,Marcus Stigler,M50-54,51,Open,Germany,1:09:47,3:12,5:48:55,4:54,4:21:35,11:28:23
685,1422,William Grialou,M40-44,129,Open,France,1:13:13,7:08,5:55:29,4:46,4:08:00,11:28:36
686,789,Maxime Pochon,M30-34,125,Open,France,1:17:30,9:32,6:24:47,8:11,3:28:38,11:28:38
687,2268,Michael Mueller,M45-49,76,Open,Germany,1:13:49,4:10,6:04:37,4:04,4:02:01,11:28:41
688,1642,Richard Hall,M50-54,52,Open,Hong Kong,1:03:06,5:39,6:11:42,7:12,4:01:08,11:28:47
689,571,Keith Rayson,M55-59,17,Open,United Kingdom,1:03:46,4:17,6:03:09,4:32,4:13:08,11:28:52
690,1300,Nicky Wilson,M40-44,130,Open,United Kingdom,1:15:17,6:34,6:13:14,6:11,3:47:40,11:28:57
691,1190,Michael Weisenberger,M40-44,131,Open,Germany,1:01:44,4:19,6:19:04,7:34,3:56:31,11:29:13
692,308,Gabriel De Jesus,M35-39,138,Open,Puerto Rico,55:02,4:06,5:53:32,5:16,4:31:23,11:29:19
693,494,Azat Mulyukov,M55-59,18,Open,Kyrgyzstan,1:13:07,7:10,6:08:31,6:50,3:53:44,11:29:23
694,1226,Norbert Wojciechowski,M40-44,132,Open,Poland,1:11:43,5:21,6:02:43,4:49,4:04:52,11:29:28
695,1258,Rafal Sawicki,M40-44,133,Open,Poland,1:17:30,4:59,6:02:13,5:29,3:59:28,11:29:38
696,1435,Mauricio Coste,M40-44,134,Open,Mexico,1:05:50,9:07,6:15:18,8:57,3:50:44,11:29:56
697,846,Cale Arhart,M30-34,126,Open,United States,1:10:52,5:51,6:17:52,4:27,3:50:58,11:30:00
698,946,Kevin Riley,M30-34,127,Open,United States,1:09:47,4:46,6:16:50,6:27,3:52:11,11:30:01
699,639,Beno Krasovec,M55-59,19,Open,Slovenia,1:12:08,6:15,6:14:13,4:00,3:53:27,11:30:04
700,1661,David Llinares,M50-54,53,Open,Spain,1:05:18,4:22,6:12:49,4:52,4:02:46,11:30:07
701,1835,Adam Chappelle,M25-29,81,Open,United States,1:07:25,4:35,6:20:34,6:27,3:51:16,11:30:17
702,1127,Hilton Meneely,M60-64,8,Open,United Kingdom,1:08:00,6:23,6:25:06,5:35,3:45:15,11:30:18
703,2222,Alan Bryson,M45-49,77,Open,New Zealand,1:07:37,6:20,6:21:43,6:09,3:48:30,11:30:20
704,759,Landry Gervot,M30-34,128,Open,France,1:06:01,3:28,6:06:49,6:09,4:08:01,11:30:28
705,1575,Frederik Herres,M50-54,54,Open,Germany,1:16:14,6:08,6:24:45,5:27,3:37:57,11:30:30
706,245,Tim Ryan,M35-39,139,Open,United States,55:17,6:28,6:31:47,3:38,3:53:27,11:30:37
707,1139,Olivier Depeauw,M40-44,135,Open,Luxembourg,1:16:46,7:38,6:22:01,5:31,3:38:47,11:30:42
708,1024,Rémy Strat,M60-64,9,Open,France,1:19:41,5:49,6:22:23,4:48,3:38:12,11:30:53
709,928,Jiri Sterba,M30-34,129,Open,Czechia,1:06:06,4:53,6:23:45,4:32,3:51:36,11:30:53
710,1282,Philipp Sahm,M40-44,136,Open,Germany,1:02:44,3:45,5:24:50,3:15,4:56:29,11:31:03
711,820,Mohammad Shamsuzzaman Arafat,M30-34,130,Open,Bangladesh,1:10:48,6:04,6:35:51,5:24,3:33:02,11:31:08
712,1222,Jonathan Brault,M40-44,137,Open,Canada,1:08:15,5:30,6:01:25,5:31,4:10:43,11:31:24
713,1946,Jacob Bevilacqua,M25-29,82,Open,United States,1:08:08,9:07,6:08:20,8:29,3:57:20,11:31:24
714,1982,Scott Spinali,M18-24,34,Open,United States,1:09:33,7:42,6:13:46,6:22,3:54:01,11:31:24
715,282,Kevin Pelgrims,M35-39,140,Open,Belgium,1:21:20,6:54,6:17:40,5:49,3:39:53,11:31:35
716,1827,Massimo Viviani,M50-54,55,Open,Unknown,1:11:08,5:48,6:09:19,6:53,3:58:33,11:31:42
717,1483,Ariel Lenharo,M40-44,138,Open,Brazil,1:05:40,5:02,6:42:58,3:43,3:34:24,11:31:47
718,1894,John Solitario,M25-29,83,Open,United States,1:00:55,3:47,6:04:04,5:07,4:17:58,11:31:50
719,1265,Maarten Claes,M40-44,139,Open,Belgium,1:22:18,5:06,6:18:08,7:58,3:38:21,11:31:50
720,1605,Christophe Mariotte,M50-54,56,Open,France,1:05:44,5:27,5:49:19,5:40,4:25:54,11:32:03
721,2153,Kenneth Heney,M45-49,78,Open,United Kingdom,1:04:43,4:50,6:23:45,4:34,3:54:33,11:32:25
722,214,Björn Ulbricht,M35-39,141,Open,Germany,1:06:23,5:53,6:11:57,5:57,4:02:34,11:32:44
723,294,Jurgen Vercarre,M35-39,142,Open,Belgium,1:02:02,4:13,6:12:42,4:11,4:09:44,11:32:53
724,1420,Francesco De Cillis,M40-44,140,Open,Italy,1:01:32,3:45,6:07:49,4:58,4:14:50,11:32:54
725,2066,Mark Kover,M45-49,79,Open,Canada,1:14:25,5:08,6:04:45,7:50,4:00:54,11:33:02
726,942,Piotr Kowalski,M30-34,131,Open,Poland,1:02:29,5:33,6:10:00,5:58,4:09:11,11:33:10
727,1247,Paul Flanagan,M40-44,141,Open,Ireland,1:13:57,9:51,6:25:52,7:15,3:36:19,11:33:14
728,790,Felix Metje,M30-34,132,Open,Germany,1:04:34,4:06,6:20:23,5:33,3:58:58,11:33:34
729,1250,Jeroen Philippeth,M40-44,142,Open,Belgium,1:12:11,6:40,6:20:25,6:30,3:48:04,11:33:50
730,149,Simone Ferraro,M35-39,143,Open,Italy,56:15,3:38,5:48:38,7:31,4:38:04,11:34:06
731,1168,Patrick Dougherty,M40-44,143,Open,United States,1:01:38,6:14,6:11:18,8:09,4:06:53,11:34:13
732,361,Anze Pretnar,M35-39,144,Open,Slovenia,56:30,3:12,6:09:43,4:41,4:20:07,11:34:14
733,618,Zsolt Szunyog,M55-59,20,Open,Hungary,57:38,4:21,6:31:17,5:31,3:55:38,11:34:25
734,1251,Andreas Kocsis,M40-44,144,Open,Austria,1:09:41,4:55,6:09:09,5:05,4:05:39,11:34:29
735,1772,Marcus Kern,M50-54,57,Open,Germany,1:06:59,5:11,6:37:31,5:47,3:39:02,11:34:30
736,704,Graham Wilcock,M55-59,21,Open,United Kingdom,1:19:52,3:37,5:49:34,8:37,4:13:11,11:34:51
737,330,Will Bles,M35-39,145,Open,United Kingdom,1:02:29,3:32,6:12:35,5:03,4:11:13,11:34:51
738,1391,Benjamin Kieffer,M40-44,145,Open,United States,1:10:52,6:15,6:14:46,6:50,3:56:15,11:34:58
739,1301,Juan Martin Coll Cuello,M40-44,146,Open,Spain,1:01:38,5:12,6:35:40,8:14,3:44:22,11:35:05
740,1169,Chris Chatham,M40-44,147,Open,Australia,1:08:00,4:56,6:19:03,5:45,3:57:25,11:35:08
741,2115,Davor Damjanovic,M45-49,80,Open,Croatia,1:04:18,4:51,6:31:25,6:07,3:48:44,11:35:24
742,1524,Arthus Del Rio,M50-54,58,Open,United States,1:14:54,4:35,6:20:57,5:19,3:49:46,11:35:32
743,733,Alex Bodson,M55-59,22,Open,Finland,1:15:16,5:13,6:16:27,4:51,3:53:55,11:35:42
744,1424,Gerhard Maritz,M40-44,148,Open,South Africa,1:01:50,4:13,6:21:18,5:41,4:02:47,11:35:50
745,601,Taro Shirato,M55-59,23,Open,Japan,1:03:36,5:22,6:26:58,5:58,3:54:02,11:35:57
746,705,Paul Schiele,M55-59,24,Open,Germany,1:19:01,5:17,6:02:11,4:43,4:04:54,11:36:05
747,1473,Neil Higson,M40-44,149,Open,United Kingdom,1:08:35,8:20,6:36:30,9:26,3:33:16,11:36:07
748,1722,Jason Landretti,M50-54,59,Open,United States,1:07:11,6:33,6:15:13,5:19,4:02:07,11:36:22
749,2276,Thiago Cardoso,M45-49,81,Open,Brazil,1:25:28,5:16,5:54:42,7:17,4:03:52,11:36:35
750,386,Hannes Kolroser,M35-39,146,Open,Austria,59:18,3:36,6:09:08,7:06,4:17:28,11:36:36
751,658,Gonzalo Valenzuela,M55-59,25,Open,Chile,1:09:51,3:33,6:38:34,6:00,3:38:40,11:36:39
752,244,Brandon Hartstein,M35-39,147,Open,United States,1:11:33,5:46,6:21:21,5:12,3:52:59,11:36:51
753,1097,Steve Kester,M60-64,10,Open,United States,1:01:04,5:45,6:28:40,6:17,3:55:07,11:36:52
754,1712,Claudio Fabbri,M50-54,60,Open,Monaco,1:01:33,4:34,6:09:55,5:08,4:15:49,11:36:57
755,2147,Fabrice Alves,M45-49,82,Open,France,1:23:13,2:43,6:16:24,3:57,3:50:45,11:37:02
756,1275,Daniel Van Dongen,M40-44,150,Open,United States,1:15:04,7:05,6:24:35,7:20,3:43:04,11:37:07
757,198,Piotr Aleksiejuk,M35-39,148,Open,Poland,1:10:22,5:23,6:07:40,8:17,4:05:25,11:37:08
758,357,Wesley Procter,M35-39,149,Open,South Africa,1:18:41,5:49,5:56:43,4:21,4:11:37,11:37:11
759,2328,Rudolph Agius,M45-49,83,Open,Malta,59:36,4:34,6:32:46,5:02,3:55:15,11:37:14
760,889,Robin Wild,M30-34,133,Open,Switzerland,1:01:01,4:54,6:13:19,4:11,4:13:52,11:37:17
761,722,Mark Turnbull,M55-59,26,Open,United Kingdom,1:27:57,5:19,6:15:32,7:35,3:40:56,11:37:18
762,2005,Baptiste Nourry,M18-24,35,Open,France,1:06:06,3:03,6:22:12,5:00,4:00:58,11:37:19
763,1687,Richard Jefferies,M50-54,61,Open,United Kingdom,1:02:16,4:45,6:10:59,6:13,4:13:28,11:37:41
764,1284,Ryhor Zhurauliou,M40-44,151,Open,Poland,1:13:25,4:02,6:20:21,4:05,3:55:52,11:37:46
765,1299,Richard Edwards,M40-44,152,Open,United Kingdom,1:15:41,7:43,5:58:22,8:41,4:07:20,11:37:48
766,1224,Jonathan Bylund,M40-44,153,Open,United States,1:11:49,8:46,5:55:46,7:28,4:14:09,11:37:58
767,1696,Daniel Raybaut,M50-54,62,Open,France,1:08:53,5:26,6:21:03,5:21,3:57:17,11:38:01
768,1916,Devin Sullivan,M25-29,84,Open,United States,1:00:29,4:50,6:24:42,3:40,4:05:06,11:38:47
769,1283,Geoff Lheureux,M40-44,154,Open,United States,59:52,4:30,6:13:04,8:27,4:12:57,11:38:49
770,2206,Sebastian Müller,M45-49,84,Open,Germany,1:13:55,5:33,6:31:37,4:25,3:43:31,11:39:01
771,1787,Carsten Kraghede,M50-54,63,Open,Denmark,1:16:41,5:48,6:06:26,5:47,4:04:20,11:39:02
772,764,Ben Payne,M30-34,134,Open,United Kingdom,1:01:58,5:14,6:14:29,5:19,4:12:10,11:39:09
773,1350,Eric Monteiro,M40-44,155,Open,Canada,1:22:28,8:31,6:30:58,6:26,3:30:53,11:39:15
774,588,Juan Carlos Rueda Ayuso,M55-59,27,Open,Spain,1:19:17,6:47,6:25:41,6:45,3:40:46,11:39:16
775,673,Tony Schröder,M55-59,28,Open,Sweden,1:04:56,4:42,6:12:08,5:11,4:12:28,11:39:25
776,130,Ryan Weed,M35-39,150,Open,Canada,1:17:04,3:39,6:29:05,7:02,3:42:52,11:39:42
777,1756,Craig Hunter,M50-54,64,Open,United Kingdom,1:03:03,5:54,6:29:26,8:50,3:52:30,11:39:43
778,1898,Alexandre Delaure,M25-29,85,Open,France,1:04:58,7:13,6:01:01,9:01,4:17:35,11:39:48
779,1952,Sebastien Delaure,M25-29,86,Open,France,1:00:19,6:04,6:06:44,9:05,4:17:36,11:39:49
780,1689,Amir Shachar,M50-54,65,Open,Israel,1:13:23,7:22,6:32:20,6:02,3:40:44,11:39:51
781,1704,Bevan Nicholson,M50-54,66,Open,Australia,1:05:58,4:21,6:11:37,6:43,4:11:18,11:39:57
782,685,Allan Thomas,M55-59,29,Open,Australia,1:11:58,6:11,6:12:26,6:10,4:03:18,11:40:03
783,132,Zach Richards,M35-39,151,Open,United States,1:10:20,4:41,6:17:36,5:09,4:02:32,11:40:19
784,868,Thomas Lundgren,M30-34,135,Open,Denmark,1:02:10,4:16,5:46:13,5:13,4:42:41,11:40:32
785,1680,Ronan Pavoni,M50-54,67,Open,Panama,1:05:27,3:49,6:25:02,3:51,4:02:30,11:40:40
786,191,Guy Cochrane,M35-39,152,Open,United Kingdom,1:01:55,4:38,5:52:52,5:58,4:35:34,11:40:58
787,2031,Till Schneemann,M18-24,36,Open,Germany,58:37,4:16,5:52:15,5:14,4:40:39,11:41:01
788,2064,Rainer Andergassen,M45-49,85,Open,Italy,1:15:54,5:39,6:20:04,6:20,3:53:05,11:41:02
789,381,Daan Born,M35-39,153,Open,Belgium,1:01:35,4:05,6:27:29,4:47,4:03:08,11:41:03
790,1859,Adam Miller,M25-29,87,Open,United Kingdom,1:08:39,4:52,6:28:52,6:37,3:52:02,11:41:03
791,2334,David Sladecek,M45-49,86,Open,Czechia,1:10:42,3:49,6:17:34,4:31,4:04:50,11:41:27
792,2178,Andy Funk,M45-49,87,Open,United States,1:14:33,3:14,5:59:54,4:44,4:19:19,11:41:44
793,1178,Mariusz Chrobot,M40-44,156,Open,Poland,1:06:49,4:13,6:08:05,6:15,4:16:43,11:42:04
794,264,Matt Anthony,M35-39,154,Open,United Kingdom,58:36,3:48,6:11:15,6:41,4:21:51,11:42:11
795,1850,Josh Crabtree,M25-29,88,Open,United Kingdom,1:06:17,5:06,6:31:23,5:43,3:54:11,11:42:40
796,1325,Luiz Francisco Prezia Patelli,M40-44,157,Open,Brazil,1:02:05,6:03,6:14:54,4:37,4:15:09,11:42:46
797,1223,Romar Arendsz,M40-44,158,Open,Aruba,59:48,5:46,6:27:02,8:39,4:01:40,11:42:55
798,961,Humberto Trejo,M30-34,136,Open,Mexico,1:20:45,5:07,6:25:07,5:19,3:46:41,11:42:59
799,131,Brendan Thelen,M35-39,155,Open,United States,1:18:03,6:20,6:07:09,6:56,4:04:30,11:42:59
800,1253,Tim Jorissen,M40-44,159,Open,Belgium,57:01,5:11,6:13:40,7:20,4:19:53,11:43:06
801,1454,Thomas Richter,M40-44,160,Open,Germany,1:13:50,5:05,6:06:17,4:33,4:14:05,11:43:49
802,966,Matthew Liberator,M30-34,137,Open,United States,1:19:42,8:08,6:37:15,9:19,3:29:28,11:43:53
803,1032,Matti Koivisto,M60-64,11,Open,Finland,1:09:02,4:23,6:26:25,4:49,3:59:17,11:43:56
804,1963,Thomas Lambert,M25-29,89,Open,United Kingdom,1:02:55,4:32,6:48:05,7:00,3:41:29,11:44:00
805,990,Marlon Thomas,M30-34,138,Open,Germany,1:02:44,5:35,6:18:33,5:27,4:11:44,11:44:04
806,1254,Federico Dall'Olio,M40-44,161,Open,Italy,1:12:30,6:41,6:23:24,6:23,3:55:09,11:44:06
807,628,William Owsley,M55-59,30,Open,United States,1:08:53,4:24,6:03:18,5:12,4:22:21,11:44:08
808,1843,Christian Brown-Johnson,M25-29,90,Open,United States,1:17:19,7:13,6:34:59,8:06,3:36:38,11:44:15
809,1255,Sylvain Oliva,M40-44,162,Open,France,1:08:21,9:15,6:20:40,9:18,3:56:55,11:44:29
810,968,Alvaro Nunez Alfaro,M30-34,139,Open,Spain,1:14:55,7:04,6:24:18,7:33,3:51:02,11:44:51
811,1812,David Jover Barbero,M50-54,68,Open,Spain,1:07:07,3:21,6:05:30,4:46,4:24:08,11:44:52
812,1399,Karl Sausen,M40-44,163,Open,Germany,1:12:15,7:23,6:24:32,4:34,3:56:22,11:45:06
813,371,Dan Agustin Encalada,M35-39,156,Open,Argentina,1:10:19,6:36,6:28:49,6:25,3:53:06,11:45:14
814,1715,David Reid,M50-54,69,Open,United Kingdom,1:12:19,6:46,6:03:33,5:10,4:17:32,11:45:19
815,384,Gabor Ruhr,M35-39,157,Open,Germany,1:18:53,5:36,6:26:17,5:39,3:49:25,11:45:50
816,317,Daniel Solomon,M35-39,158,Open,Israel,1:14:26,4:43,6:05:38,3:23,4:17:52,11:46:02
817,2166,Brandon Shiflett,M45-49,88,Open,United States,1:29:20,4:17,6:27:40,4:27,3:40:22,11:46:06
818,1837,Florin Cazan,M45-49,89,Open,Romania,1:11:58,8:12,6:53:47,8:16,3:23:56,11:46:10
819,1248,Witold Borucki,M40-44,164,Open,Poland,1:18:10,5:19,6:25:58,6:30,3:50:17,11:46:15
820,2167,Sergiy Antsupov,M45-49,90,Open,Ukraine,1:22:36,4:51,6:33:46,5:51,3:39:15,11:46:19
821,927,Raphaël Duc,M30-34,140,Open,Switzerland,1:05:54,4:28,6:07:29,3:55,4:24:37,11:46:23
822,2097,Grzegorz Pindur,M45-49,91,Open,Poland,1:02:51,4:28,6:18:59,5:20,4:14:50,11:46:28
823,1819,Domingo Roig,M50-54,70,Open,Spain,1:06:24,6:47,6:35:03,9:22,3:48:57,11:46:32
824,1200,Tomasz Socha,M40-44,165,Open,Poland,1:15:48,5:12,6:24:51,6:41,3:54:01,11:46:32
825,373,Austin Chirico,M35-39,159,Open,United States,1:30:52,6:07,6:53:29,6:46,3:09:50,11:47:04
826,617,John Mulcahy,M55-59,31,Open,United States,1:18:16,7:05,6:15:00,8:09,3:58:46,11:47:16
827,1692,Bartosz Dmowski,M50-54,71,Open,Poland,1:13:24,5:57,6:32:43,8:16,3:46:57,11:47:17
828,1726,Gerald Kersuzan,M50-54,72,Open,France,1:28:26,6:14,6:21:26,5:44,3:45:32,11:47:21
829,711,Marcus Schaffer,M55-59,32,Open,Germany,1:13:59,5:14,6:16:49,5:00,4:06:18,11:47:21
830,544,Anthony Park,M55-59,33,Open,United States,1:14:22,7:35,6:22:40,6:01,3:56:46,11:47:23
831,397,Christian Dyla,M35-39,160,Open,Germany,1:06:54,5:38,6:18:43,5:48,4:10:22,11:47:24
832,249,Simon Pollet,M35-39,161,Open,Belgium,1:06:05,3:36,6:24:40,6:39,4:06:27,11:47:27
833,2122,Alejandro Casanova Gonzalez,M45-49,92,Open,Chile,1:05:08,4:49,6:22:52,6:10,4:08:29,11:47:28
834,2208,Marco Krätsch,M45-49,93,Open,Germany,1:09:22,7:33,6:32:39,11:11,3:46:45,11:47:29
835,1470,Marcel Krug,M40-44,166,Open,Germany,1:04:04,3:44,6:04:10,9:08,4:26:27,11:47:33
836,1227,Marc Roberts,M40-44,167,Open,United Kingdom,1:07:03,4:42,6:28:19,6:11,4:01:20,11:47:35
837,1536,Marcus Chapman,M50-54,73,Open,United States,1:13:38,6:37,6:15:33,9:17,4:02:48,11:47:54
838,2184,Jean-Brice Combebias,M45-49,94,Open,France,1:08:24,5:58,6:18:00,6:17,4:09:20,11:48:00
839,1897,Christian Plesca,M25-29,91,Open,Romania,1:16:07,4:24,6:17:34,4:22,4:05:50,11:48:17
840,1182,Romain Pastorino,M40-44,168,Open,France,1:03:32,5:49,6:15:45,5:21,4:17:50,11:48:17
841,2140,Johan Bret,M45-49,95,Open,France,1:02:09,3:29,5:59:41,3:42,4:39:40,11:48:40
842,1498,Riaan Boshoff,M50-54,74,Open,South Africa,1:03:45,4:08,6:03:04,5:43,4:32:06,11:48:46
843,2211,Alexander Peleska,M45-49,96,Open,Austria,1:10:13,4:15,6:30:18,5:22,3:58:42,11:48:51
844,326,Alan White,M35-39,162,Open,United Kingdom,1:15:47,5:42,6:11:38,5:30,4:10:26,11:49:04
845,120,Sean Etter,M35-39,163,Open,United States,1:14:29,4:14,6:21:53,6:04,4:02:29,11:49:09
846,2072,Nilton César Ferreira Leite,M45-49,97,Open,Brazil,1:24:56,8:20,6:43:36,10:05,3:22:19,11:49:16
847,348,Russell Jackson,M35-39,164,Open,United Kingdom,1:16:56,5:49,6:16:33,9:32,4:00:30,11:49:19
848,307,Kevin Stumpf,M35-39,165,Open,Germany,1:05:32,4:53,6:03:34,6:09,4:29:14,11:49:22
849,2103,MICKAEL COUPE,M45-49,98,Open,France,1:20:16,5:12,6:33:48,4:24,3:45:49,11:49:28
850,154,Javier Ruiz,M35-39,166,Open,Mexico,1:12:12,5:33,6:47:26,7:29,3:36:52,11:49:31
851,1873,Austin Sprague,M25-29,92,Open,United States,1:01:58,5:21,6:46:39,8:10,3:47:29,11:49:37
852,1962,Stefan Hales,M25-29,93,Open,United Kingdom,1:02:02,4:01,5:31:07,3:44,5:08:52,11:49:47
853,1700,Paul Lunn,M50-54,75,Open,United Kingdom,1:06:39,3:10,5:29:59,3:37,5:06:25,11:49:50
854,1146,Alberto Gonzalez,M40-44,169,Open,Mexico,1:19:17,6:23,6:34:37,4:22,3:45:27,11:50:06
855,2188,Natale Gregori,M45-49,99,Open,Italy,1:16:08,7:08,6:12:16,8:09,4:06:37,11:50:17
856,1393,Hauke Schröder,M40-44,170,Open,Germany,1:12:11,5:23,6:32:35,6:44,3:53:25,11:50:18
857,1373,Mitsumasa Adachi,M40-44,171,Open,Japan,1:16:15,5:50,6:25:30,7:38,3:55:21,11:50:33
858,1871,Noel Mulkey,M25-29,94,Open,United States,54:41,4:57,6:02:58,8:09,4:39:52,11:50:38
859,1683,Bruce Yoshida,M50-54,76,Open,Canada,1:17:51,4:26,6:22:22,5:54,4:00:34,11:51:07
860,613,Ulf Meiertoberens,M55-59,34,Open,Germany,1:29:16,6:21,6:11:32,6:35,3:57:29,11:51:13
861,2141,Markus Blatt,M45-49,100,Open,Germany,1:02:54,3:34,6:14:26,9:19,4:21:26,11:51:39
862,1964,Edouard Henriet,M25-29,95,Open,Mexico,1:12:08,8:41,6:23:18,7:28,4:00:05,11:51:41
863,2355,Craig Patterson,M45-49,101,Open,United Kingdom,1:05:45,4:36,6:17:35,5:47,4:18:05,11:51:48
864,1951,Arthur Crapé,M25-29,96,Open,Belgium,1:07:15,6:52,6:10:36,4:18,4:22:51,11:51:53
865,1377,Brian Mcmanus,M40-44,172,Open,United States,1:07:52,5:43,6:12:46,8:43,4:16:57,11:52:00
866,1346,Sven Haider,M40-44,173,Open,Germany,1:17:12,5:11,6:09:43,6:39,4:13:26,11:52:11
867,2112,Colin Wood,M45-49,102,Open,United Kingdom,1:31:07,9:02,6:28:59,8:10,3:35:22,11:52:41
868,1750,Kenneth Mckenzie,M50-54,77,Open,United Kingdom,1:07:07,5:13,6:22:14,4:53,4:13:19,11:52:46
869,1933,Tobias Wilhelm,M25-29,97,Open,Germany,1:11:32,5:50,6:06:44,7:03,4:21:40,11:52:50
870,1795,Martin Leirer,M50-54,78,Open,Austria,1:02:15,3:17,5:38:53,3:26,5:05:04,11:52:55
871,1867,Hugo Lecroq,M25-29,98,Open,France,59:00,4:52,6:27:50,5:49,4:15:48,11:53:18
872,2347,Timo Kubach,M45-49,103,Open,Germany,1:23:55,5:17,6:14:41,8:50,4:00:44,11:53:27
873,1304,Michael Lord,M40-44,174,Open,United States,1:19:08,6:52,6:21:07,7:08,3:59:36,11:53:51
874,147,Ernesto Samudio,M35-39,167,Open,Colombia,1:13:12,5:47,6:30:50,5:51,3:58:14,11:53:54
875,2171,Peter Brozicevich,M45-49,104,Open,Australia,1:02:13,4:03,6:13:54,6:28,4:27:23,11:54:01
876,672,Bernd Matheis,M55-59,35,Open,Germany,1:22:32,5:23,6:16:33,5:24,4:04:16,11:54:08
877,289,Cristian Martinez Vicedo,M35-39,168,Open,Spain,1:28:35,6:25,6:18:56,6:20,3:53:57,11:54:13
878,179,Pierre-Alexandre VRAY,M35-39,169,Open,France,1:16:27,6:12,6:04:14,5:11,4:22:11,11:54:14
879,1092,Féfé Sambarin,M60-64,12,Open,France,1:17:34,5:40,6:30:46,5:08,3:55:08,11:54:16
880,2027,Adam Kossen,M18-24,37,Open,United States,58:13,3:54,6:36:05,6:03,4:10:02,11:54:17
881,637,Talgat Zhumagaliyev,M55-59,36,Open,Kazakhstan,1:16:47,4:33,6:39:34,8:37,3:44:47,11:54:17
882,1387,Frode Gulliksen,M40-44,175,Open,Norway,1:10:36,6:35,5:57:24,4:52,4:35:00,11:54:28
883,2321,Glauco Sapia,M45-49,105,Open,Brazil,1:09:01,6:27,6:44:31,7:03,3:47:38,11:54:40
884,247,Camilo Londono Ortiz,M35-39,170,Open,Colombia,1:21:39,8:22,6:39:11,5:40,3:39:53,11:54:45
885,1723,David Dury,M50-54,79,Open,France,1:06:11,4:12,6:00:50,3:27,4:40:30,11:55:10
886,862,Sebastian Betancourt,M30-34,141,Open,Mexico,1:11:30,7:04,6:20:04,7:09,4:09:23,11:55:11
887,799,Carlos Avila Bazan,M30-34,142,Open,Spain,1:15:40,6:07,6:09:32,8:50,4:15:05,11:55:13
888,1880,Hassib Abdallah,M25-29,99,Open,Canada,1:02:48,4:29,6:26:48,6:51,4:14:19,11:55:15
889,760,Nicolas Frison,M30-34,143,Open,France,1:09:17,4:52,5:57:18,4:30,4:39:18,11:55:15
890,1572,Hank Mees,M50-54,80,Open,Belgium,1:25:37,5:23,6:14:33,6:12,4:03:32,11:55:18
891,689,Shaun Attenborough,M55-59,37,Open,South Africa,1:10:51,4:25,6:30:14,6:39,4:03:10,11:55:19
892,2176,Daniel Del Toro De León,M45-49,106,Open,Spain,1:12:12,4:45,6:43:19,10:26,3:44:37,11:55:21
893,181,Chad Silva,M35-39,171,Open,United States,1:07:33,5:53,6:37:26,6:10,3:58:21,11:55:23
894,2009,Evan Vaughan,M18-24,38,Open,United States,1:21:39,7:27,6:39:25,7:04,3:39:56,11:55:30
895,1555,Emir Baralic,M50-54,81,Open,Bosnia and Herzegovina,59:46,6:04,6:18:41,7:24,4:23:40,11:55:35
896,2248,Iaroslav Nyrka,M45-49,107,Open,Ukraine,1:14:03,4:53,6:17:35,6:29,4:12:44,11:55:44
897,1052,Pedro Lopez Tejedor,M60-64,13,Open,Spain,1:07:29,4:15,6:49:49,9:13,3:45:00,11:55:46
898,1647,Andreas Pröll,M50-54,82,Open,Austria,1:07:47,5:10,6:26:23,7:02,4:09:45,11:56:06
899,1425,Mubarak Aljumah,M40-44,176,Open,Kuwait,1:27:11,4:24,6:15:55,4:07,4:04:32,11:56:09
900,1333,David Domingos,M40-44,177,Open,Brazil,1:10:59,4:10,6:14:57,6:09,4:19:56,11:56:10
901,168,Craig Burrows,M35-39,172,Open,United Kingdom,1:08:54,5:35,6:10:22,4:28,4:26:52,11:56:11
902,2263,Juan Labra,M45-49,108,Open,Chile,1:16:19,4:43,6:59:47,9:48,3:25:35,11:56:11
903,1152,Nathan Mckinnon,M40-44,178,Open,Canada,1:17:29,4:09,6:47:15,7:54,3:39:25,11:56:12
904,1430,Joseph Mcleod,M40-44,179,Open,United States,1:14:34,6:51,6:13:19,10:12,4:11:31,11:56:27
905,1124,Bernd Laumann,M60-64,14,Open,Germany,1:21:52,6:35,6:42:52,6:07,3:39:08,11:56:34
906,1728,Arnaud Mamessier,M50-54,83,Open,France,1:29:28,7:07,6:32:42,5:43,3:41:35,11:56:35
907,1620,Thomas Trout,M50-54,84,Open,United States,1:03:16,5:24,6:27:49,6:15,4:13:53,11:56:38
908,1372,Charles Reiter,M40-44,180,Open,United States,1:11:18,4:57,6:34:45,4:26,4:01:13,11:56:39
909,1400,Andrew Carter,M40-44,181,Open,United Kingdom,1:08:47,6:38,6:43:14,9:43,3:48:32,11:56:55
910,1804,Sascha Jüds,M50-54,85,Open,Germany,1:14:30,5:55,6:50:01,4:34,3:41:59,11:56:59
911,1397,Mindaugas Rudys,M40-44,182,Open,Lithuania,1:26:30,4:20,6:10:04,5:15,4:10:52,11:57:02
912,377,Bernd Roetmann,M35-39,173,Open,Germany,1:18:19,5:09,6:06:38,7:28,4:19:38,11:57:11
913,1533,Stefaan Huyghe,M50-54,86,Open,Belgium,1:15:54,7:46,6:07:39,9:06,4:16:47,11:57:12
914,1527,Mike Schieder,M50-54,87,Open,Germany,1:26:28,5:27,6:35:08,6:15,3:43:56,11:57:14
915,1875,Bryan Warrink,M25-29,100,Open,Netherlands,1:11:17,7:32,6:16:05,13:24,4:09:06,11:57:23
916,849,Valentin Bonneau,M30-34,144,Open,France,1:00:03,3:33,6:22:27,3:55,4:27:34,11:57:32
917,138,John Richardson,M35-39,174,Open,United States,57:57,5:40,6:32:29,7:16,4:14:10,11:57:32
918,2085,Jürgen Seifried,M45-49,109,Open,Austria,1:10:25,5:07,6:36:55,5:26,3:59:48,11:57:41
919,863,Arjen Martens,M30-34,145,Open,Netherlands,1:09:36,5:31,5:23:39,3:54,5:15:10,11:57:50
920,641,Marko Lampela,M55-59,38,Open,Finland,1:07:36,5:35,6:33:06,6:58,4:04:36,11:57:51
921,258,Hendrik Frentrup,M35-39,175,Open,Germany,1:29:23,7:12,6:13:20,8:27,3:59:34,11:57:56
922,1921,Austin Post,M25-29,101,Open,United States,1:25:21,6:10,6:39:02,9:07,3:38:19,11:57:59
923,2196,Vincent Isaia,M45-49,110,Open,France,1:15:44,4:28,6:53:09,6:32,3:38:06,11:58:00
924,1212,Charles Price,M40-44,183,Open,United Kingdom,1:07:55,5:46,6:04:45,5:35,4:34:01,11:58:02
925,646,Arlindo Jose Da Silva Tavares,M55-59,39,Open,Portugal,58:04,3:30,6:14:50,4:49,4:36:58,11:58:11
926,604,Frank Priess,M55-59,40,Open,Germany,1:15:05,5:05,6:19:09,4:08,4:14:49,11:58:17
927,2285,Paul-Laurent Perret,M45-49,111,Open,France,1:06:37,3:39,6:44:12,5:59,3:57:51,11:58:18
928,1176,Jorge Andres Lasen Andrade,M40-44,184,Open,Chile,1:14:55,6:01,6:34:18,6:55,3:56:11,11:58:19
929,1736,Karsten Luecke,M50-54,88,Open,Germany,1:13:14,4:44,6:43:07,5:12,3:52:10,11:58:26
930,1922,Scott Catto,M25-29,102,Open,United Kingdom,1:07:59,5:24,6:52:58,6:12,3:46:08,11:58:41
931,1993,Tim Kramer,M18-24,39,Open,Netherlands,1:08:06,3:39,6:38:38,6:32,4:01:49,11:58:43
932,1069,Gunther Volz,M60-64,15,Open,Germany,1:21:55,6:18,6:21:32,5:02,4:03:57,11:58:45
933,1285,Scott Baxendale-White,M40-44,185,Open,United Kingdom,1:11:09,5:57,6:26:13,7:26,4:08:04,11:58:48
934,1134,Pawel Starzynski,M60-64,16,Open,Poland,1:08:54,7:32,6:33:13,5:46,4:03:25,11:58:51
935,2295,Aleksey Shloyda,M45-49,112,Open,Kyrgyzstan,1:18:18,5:18,6:44:29,4:28,3:46:19,11:58:52
936,1711,Kilian Spitzner,M50-54,89,Open,Germany,1:28:25,4:13,6:37:46,7:00,3:41:32,11:58:56
937,1645,Philippe Simon,M50-54,90,Open,France,1:22:51,6:12,6:28:47,6:38,3:54:30,11:58:58
938,1950,Luc Souchard,M25-29,103,Open,France,1:12:49,4:57,6:22:58,6:02,4:12:16,11:59:02
939,1406,Andreas Dillig,M40-44,186,Open,Germany,1:28:20,6:17,6:27:23,5:29,3:51:50,11:59:19
940,805,Anthony Jagielo,M30-34,146,Open,United States,1:21:32,6:01,6:12:40,5:42,4:13:25,11:59:21
941,762,Ryan Hon,M30-34,147,Open,United States,1:12:57,6:41,6:31:06,5:04,4:03:40,11:59:29
942,1426,Carl Ward,M40-44,187,Open,United Kingdom,1:00:40,7:44,6:32:41,7:02,4:11:22,11:59:29
943,374,Kym Moorhouse,M35-39,176,Open,United Kingdom,1:12:29,5:26,6:10:33,10:41,4:20:41,11:59:50
944,1651,Olivier Henz,M50-54,91,Open,Belgium,1:15:16,3:56,6:10:37,6:21,4:23:44,11:59:54
945,2128,Ricardo Velho Sizuki,M45-49,113,Open,Brazil,1:00:52,4:04,5:47:47,4:17,5:03:03,12:00:03
946,488,Valerio Curridori,M70-74,1,Open,Italy,1:31:44,5:54,6:19:28,6:24,3:56:47,12:00:17
947,1459,Gabriel Otormin,M40-44,188,Open,Uruguay,1:13:50,5:37,6:13:46,8:11,4:19:02,12:00:26
948,706,Bart De Beul,M55-59,41,Open,Belgium,1:12:53,4:42,6:25:30,5:20,4:12:30,12:00:54
949,435,Jose Mugica Izagirre,M65-69,1,Open,Spain,1:13:22,6:15,6:18:08,8:18,4:14:56,12:01:00
950,1505,James Charlton,M50-54,92,Open,United Kingdom,1:13:18,10:44,6:15:33,10:05,4:11:24,12:01:04
951,327,Simon Cassaro,M35-39,177,Open,France,1:10:31,4:26,6:30:18,8:42,4:07:31,12:01:28
952,2138,Jerome Bach,M45-49,114,Open,France,1:07:24,4:27,5:59:18,5:53,4:44:27,12:01:29
953,1885,Nolan Guedel,M25-29,104,Open,United States,1:25:12,7:24,6:21:30,6:21,4:01:08,12:01:35
954,2048,Jean-Marie Buchot,MPC/ID,,Open,France,1:24:49,6:03,5:42:10,8:39,4:40:09,12:01:49
955,1151,Ernesto Aramburu,M40-44,189,Open,Chile,1:13:05,4:16,6:38:35,6:03,3:59:53,12:01:51
956,2352,Ponpet Thamavongsa,M45-49,115,Open,Australia,1:14:38,5:25,6:34:30,6:42,4:00:43,12:01:56
957,1576,Filippo Zanelli,M50-54,93,Open,Italy,1:15:41,5:42,6:38:27,8:24,3:53:46,12:02:00
958,723,Frederick Iwans,M55-59,42,Open,United States,1:23:21,7:23,6:29:17,7:07,3:54:59,12:02:07
959,512,Philippe Rambert,M55-59,43,Open,Guatemala,1:37:18,7:53,6:22:17,7:14,3:47:27,12:02:10
960,1257,David Musialik,M40-44,190,Open,France,1:03:11,4:36,6:22:34,7:07,4:24:55,12:02:23
961,563,Uwe Moeller,M55-59,44,Open,Germany,1:10:07,3:41,6:34:34,6:00,4:08:11,12:02:32
962,1823,Gianluca Salvagno,M50-54,94,Open,Italy,1:16:28,5:51,6:16:45,6:42,4:16:49,12:02:35
963,1321,Barry Carragher,M40-44,191,Open,Ireland,1:14:39,5:25,6:25:00,7:23,4:10:19,12:02:47
964,2388,Woei Lin Yap,M40-44,192,Open,Malaysia,1:12:42,7:04,6:48:46,7:24,3:47:08,12:03:03
965,2258,Daniel Levy,M45-49,116,Open,Brazil,1:12:11,3:32,6:29:57,6:30,4:11:15,12:03:25
966,449,Mark Knaeps,M65-69,2,Open,Belgium,1:14:07,5:20,6:38:47,6:22,3:58:50,12:03:26
967,251,Oleg Malakhovsky,M35-39,178,Open,Serbia,1:07:36,4:15,6:42:14,3:52,4:05:41,12:03:38
968,782,Sascha Müller,M30-34,148,Open,Germany,1:10:39,4:14,6:16:43,3:41,4:28:33,12:03:51
969,1657,Matthias Nagel,M50-54,95,Open,Germany,1:27:48,8:04,6:16:55,7:25,4:03:44,12:03:56
970,768,Jason Sikrtanc,M30-34,149,Open,Canada,1:10:00,5:27,6:51:08,7:37,3:50:01,12:04:13
971,1684,Seth Bitting,M50-54,96,Open,Canada,1:06:41,4:29,6:02:40,6:01,4:44:32,12:04:24
972,159,Andre Schneider,M35-39,179,Open,Germany,1:12:17,4:05,6:33:38,6:44,4:07:48,12:04:33
973,2236,Brendan Mcdermott,M45-49,117,Open,United States,1:09:35,4:54,6:35:08,5:55,4:09:06,12:04:38
974,2264,Yong Zhao,M45-49,118,Open,China,54:34,6:51,7:04:47,5:42,3:52:59,12:04:53
975,1058,Dan Falke,M60-64,17,Open,United States,1:14:57,5:12,6:46:45,5:53,3:52:24,12:05:10
976,794,Evgeniy Nikitin,M30-34,150,Open,France,57:08,4:01,6:14:18,6:42,4:43:19,12:05:28
977,962,Steven Hegerhorst,M30-34,151,Open,United States,1:14:53,6:23,6:22:50,10:00,4:11:37,12:05:43
978,931,Callum Bettington,M30-34,152,Open,Australia,1:01:46,9:49,6:44:44,8:19,4:01:15,12:05:53
979,630,Lorenzo Baldovino,M55-59,45,Open,Italy,1:19:43,4:16,6:50:08,6:15,3:45:33,12:05:56
980,686,Richard Stoffel,M55-59,46,Open,Switzerland,1:08:54,3:53,5:58:32,5:58,4:48:50,12:06:07
981,896,Sergei Bugorskii,M30-34,153,Open,Turkey,1:19:34,4:17,6:40:55,6:51,3:54:33,12:06:10
982,2034,Till Steuber,M18-24,40,Open,Germany,1:04:22,5:37,6:09:18,6:35,4:40:19,12:06:11
983,1789,Malte Schön,M50-54,97,Open,Germany,1:19:18,8:29,6:44:55,9:00,3:44:33,12:06:14
984,2133,Antoine Dussart,M45-49,119,Open,France,1:26:31,8:45,6:30:39,6:37,3:54:04,12:06:35
985,1690,Stefan Fuchsluger,M50-54,98,Open,Austria,1:06:26,4:43,6:33:08,6:02,4:16:52,12:07:10
986,112,Scott Mcneany,M35-39,180,Open,United States,1:14:35,5:12,6:47:08,5:10,3:55:05,12:07:10
987,2271,Matteo Vitulano,M45-49,120,Open,Italy,1:16:58,5:50,6:44:55,7:48,3:51:47,12:07:18
988,1216,Oleksandr Veligonenko,M40-44,193,Open,Ukraine,1:15:29,5:37,6:35:55,13:15,3:57:03,12:07:19
989,1561,Marcel Nauer,M50-54,99,Open,Switzerland,1:16:03,6:35,6:23:26,6:21,4:15:00,12:07:25
990,2014,Vinicius Pelissari,M18-24,41,Open,Brazil,53:29,5:29,6:27:39,8:52,4:32:06,12:07:34
991,1369,Pierre-Yves Formagne,M40-44,194,Open,France,1:01:45,3:50,5:52:42,5:09,5:04:30,12:07:56
992,1188,Roman Pichlik,M40-44,195,Open,Czechia,1:23:07,6:08,6:42:26,8:06,3:48:11,12:07:57
993,875,Kanat Kussainov,M30-34,154,Open,Kazakhstan,1:18:44,5:58,6:33:15,5:39,4:04:25,12:08:01
994,1295,Brian Houck,M40-44,196,Open,United States,1:17:35,6:09,6:32:35,13:32,3:58:14,12:08:05
995,2242,Tyler Baker,M45-49,121,Open,United States,1:26:24,5:59,6:50:03,6:38,3:39:10,12:08:14
996,1609,Alessandro Davi,M50-54,100,Open,Italy,1:11:21,4:21,6:41:46,6:04,4:04:41,12:08:14
997,161,Richard Hopkins,M35-39,181,Open,United Kingdom,1:22:45,7:14,6:30:04,9:14,3:58:58,12:08:16
998,271,Zhanibek Selikhanov,M35-39,182,Open,Kazakhstan,1:20:55,5:07,6:40:07,4:50,3:57:19,12:08:19
999,519,Amilcar F Altemani,M55-59,47,Open,Brazil,1:18:23,6:08,6:22:28,4:14,4:17:08,12:08:20
1000,2100,Steve Kassimatis,M45-49,122,Open,Canada,1:17:36,4:50,6:13:13,6:22,4:26:20,12:08:21
1001,1558,Charles Perry,M50-54,101,Open,United States,1:13:59,5:30,6:29:02,5:03,4:14:51,12:08:25
1002,2113,Premysl Haslar,M45-49,123,Open,Czechia,1:05:08,5:17,6:54:31,5:16,3:58:17,12:08:29
1003,309,Dustin Melvin,M35-39,183,Open,United States,1:15:25,6:40,6:20:32,7:39,4:18:18,12:08:34
1004,1941,Hunter Staack,M25-29,105,Open,United States,1:12:05,4:40,6:10:16,8:10,4:33:28,12:08:39
1005,2210,Cedric Schramm,M45-49,124,Open,France,1:16:32,5:37,6:13:12,6:16,4:27:10,12:08:48
1006,2303,Florent Humbert,M45-49,125,Open,France,1:29:25,12:06,6:15:38,15:24,3:56:23,12:08:56
1007,2261,Etienne Junot,M45-49,126,Open,France,1:02:49,4:17,5:54:35,4:54,5:02:23,12:08:58
1008,1757,Ivan Tejada Gonzalez,M50-54,102,Open,Spain,1:05:04,5:27,6:40:37,7:11,4:10:41,12:09:00
1009,1644,Horst Hartinger,M50-54,103,Open,Austria,1:27:25,6:36,6:39:28,4:49,3:51:01,12:09:19
1010,2030,Connor Mailander,M18-24,42,Open,United States,1:10:27,9:27,6:38:35,7:08,4:03:44,12:09:21
1011,848,Darel Ribeiro,M30-34,155,Open,Bolivia,1:09:25,4:55,7:17:01,7:00,3:31:10,12:09:32
1012,662,Paul Berry,M55-59,48,Open,United Kingdom,1:12:36,6:16,6:49:31,6:11,3:55:13,12:09:47
1013,2120,Dror Yaacov,M45-49,127,Open,Israel,1:15:30,6:43,6:31:15,7:40,4:08:51,12:09:59
1014,767,Miguel Desentis,M30-34,156,Open,Mexico,1:02:25,8:57,6:29:26,6:34,4:22:41,12:10:03
1015,1918,Jack Piegza,M25-29,106,Open,United States,1:11:39,5:10,6:30:51,6:44,4:15:52,12:10:17
1016,914,Kemal Elektrikci,M30-34,157,Open,Cyprus,1:09:08,4:42,7:15:18,4:25,3:37:11,12:10:44
1017,180,Oliver Thorne,M35-39,184,Open,United Kingdom,1:06:50,5:39,6:36:39,8:54,4:12:46,12:10:47
1018,333,Tobias Rose,M35-39,185,Open,Germany,1:11:49,3:31,6:10:13,6:21,4:39:08,12:11:02
1019,611,John Flood,M55-59,49,Open,Australia,1:04:09,4:34,5:51:22,4:31,5:06:27,12:11:03
1020,1259,Christian Sliwinski,M40-44,197,Open,Germany,1:15:11,6:54,6:30:16,6:45,4:11:58,12:11:04
1021,2383,Markus Endl,M40-44,198,Open,Austria,1:12:54,4:21,6:25:55,6:22,4:21:51,12:11:23
1022,261,Rara Eigen,M35-39,186,Open,Philippines,1:15:44,5:13,6:40:33,7:59,4:02:00,12:11:28
1023,989,Mitch Adshead,M30-34,158,Open,United States,50:04,5:44,6:02:53,10:11,5:03:12,12:12:05
1024,125,Scott Miller,M35-39,187,Open,Canada,1:11:01,5:25,6:05:09,5:05,4:45:59,12:12:38
1025,1537,Simon Oldacre,M50-54,104,Open,United Kingdom,1:16:24,6:03,6:46:52,5:41,3:57:45,12:12:45
1026,1991,Elijah Flores,M18-24,43,Open,United States,1:12:45,3:31,6:38:12,4:28,4:14:05,12:13:02
1027,1192,Christian Bodach,M40-44,199,Open,Germany,1:03:15,8:16,6:46:19,7:44,4:07:57,12:13:30
1028,549,Roland Preussner,M55-59,50,Open,Germany,1:13:10,4:09,6:24:46,5:43,4:25:50,12:13:38
1029,1801,Markus Rathmayr,M50-54,105,Open,Austria,1:09:09,3:40,6:07:34,5:12,4:48:06,12:13:41
1030,367,Dustin Pitts,M35-39,188,Open,United States,1:26:02,6:12,6:48:31,6:11,3:46:49,12:13:45
1031,270,Jérôme Perlin,M35-39,189,Open,France,1:01:30,6:12,6:34:38,5:36,4:25:57,12:13:54
1032,1414,Romain Lacaille,M40-44,200,Open,France,1:10:39,6:22,6:24:41,10:00,4:22:20,12:14:01
1033,871,Nicolaj Gregersen,M30-34,159,Open,Denmark,1:02:37,5:29,5:37:23,3:35,5:25:02,12:14:07
1034,1983,Sean Handel,M18-24,44,Open,United States,1:16:57,3:41,6:51:05,9:50,3:52:47,12:14:20
1035,126,Mike Gregory,M35-39,190,Open,Canada,55:29,7:22,6:47:21,8:23,4:16:21,12:14:57
1036,2288,Gerhard Diel,M45-49,128,Open,Germany,1:05:57,6:34,6:27:18,7:55,4:27:13,12:14:57
1037,1166,Stephen Watty,M40-44,201,Open,Australia,1:16:17,7:28,7:22:34,8:57,3:19:45,12:15:00
1038,196,Ajosha Pilot,M35-39,191,Open,Germany,1:10:14,4:18,6:24:58,5:44,4:29:47,12:15:01
1039,221,Jasper Roefs,M35-39,192,Open,Belgium,1:03:40,5:16,6:14:02,6:53,4:45:32,12:15:24
1040,2251,Rui Nunes,M45-49,129,Open,Portugal,1:22:34,6:35,6:17:52,4:42,4:23:42,12:15:24
1041,1574,André Coneglian Weyand,M50-54,106,Open,Brazil,1:03:31,4:18,6:17:33,6:35,4:43:43,12:15:40
1042,1648,Claus Unkel,M50-54,107,Open,Germany,1:22:34,8:13,6:30:28,8:29,4:06:04,12:15:49
1043,2311,Mark Lavin,M45-49,130,Open,United States,1:09:34,5:29,6:34:16,6:06,4:20:33,12:16:00
1044,256,Taylor Ames,M35-39,193,Open,United States,1:06:26,4:14,6:42:02,8:23,4:14:57,12:16:03
1045,981,Aaron Conings,M30-34,160,Open,Belgium,1:00:19,5:03,6:41:29,6:38,4:22:45,12:16:14
1046,834,Yann Fouron,M30-34,161,Open,France,1:41:10,10:19,6:04:15,7:04,4:13:43,12:16:32
1047,170,Matthew Clark,M35-39,194,Open,United States,1:20:05,6:14,5:30:27,7:16,5:12:38,12:16:40
1048,1636,John Uribe,M50-54,108,Open,Colombia,1:32:24,6:50,6:39:06,5:53,3:52:34,12:16:47
1049,2267,Thomas Niss,M45-49,131,Open,Austria,1:31:18,6:12,6:34:36,6:21,3:58:21,12:16:47
1050,1641,Erwan Le Breton,M50-54,109,Open,France,1:21:52,6:09,6:42:08,8:17,3:58:42,12:17:07
1051,2150,Lee Shepherd,M45-49,132,Open,United Kingdom,1:10:09,7:04,6:49:16,6:50,4:03:58,12:17:17
1052,1189,Dave Blackmore,M40-44,202,Open,United Kingdom,1:14:59,5:36,6:53:42,5:48,3:57:23,12:17:27
1053,1849,Luís Fernando Vieira Paludo,M25-29,107,Open,Brazil,1:07:07,12:08,6:19:54,8:08,4:30:29,12:17:45
1054,861,Adam Blish,M30-34,162,Open,United States,1:22:01,6:58,6:42:54,7:47,3:58:13,12:17:52
1055,1720,Olivier Moreaud,M50-54,110,Open,France,1:10:47,4:58,6:38:55,6:50,4:16:25,12:17:55
1056,2199,Christoph Feichtinger,M45-49,133,Open,Austria,1:27:14,5:02,6:41:45,6:45,3:57:11,12:17:57
1057,2010,Andrew Waldherr,M18-24,45,Open,United States,1:07:58,5:23,6:50:56,4:47,4:09:08,12:18:12
1058,533,Simon Macvicker,M55-59,51,Open,United Kingdom,1:20:32,6:57,6:49:49,6:29,3:54:25,12:18:12
1059,1157,Patrick Tigue,M40-44,203,Open,United States,59:37,4:21,6:43:29,6:20,4:24:26,12:18:13
1060,1367,Nicolas Guilbert,M40-44,204,Open,France,1:15:40,6:08,6:32:48,7:01,4:16:38,12:18:15
1061,2124,Kasper Markussen,M45-49,134,Open,Denmark,1:09:18,4:58,6:18:05,7:47,4:38:11,12:18:20
1062,1581,David Flachsmann,M50-54,111,Open,Switzerland,1:24:11,5:47,6:24:05,7:05,4:17:30,12:18:38
1063,2047,Timothy James,M45-49,135,Open,United States,59:27,5:05,6:32:17,5:29,4:36:28,12:18:47
1064,576,Philip Brackin,M55-59,52,Open,United Kingdom,1:16:55,10:13,6:43:22,13:50,3:54:27,12:18:47
1065,123,Nicholas Lombardo,M35-39,195,Open,United States,1:06:26,4:57,6:24:59,5:50,4:36:35,12:18:47
1066,1388,Andrea Petrovski,M40-44,205,Open,Republic of North Macedonia,1:13:55,7:01,7:08:15,6:55,3:42:46,12:18:52
1067,678,David Ahlert,M55-59,53,Open,United States,1:24:29,11:38,6:41:15,7:20,3:54:17,12:18:59
1068,2004,Alberto Bravo Colomer,M18-24,46,Open,Spain,1:09:46,4:45,6:32:06,5:13,4:27:30,12:19:20
1069,526,Olivier Guri,M55-59,54,Open,France,1:24:51,9:16,6:29:50,8:41,4:06:45,12:19:22
1070,1234,Mark Reznikov,M40-44,206,Open,Israel,1:40:02,4:11,6:54:57,4:52,3:35:21,12:19:23
1071,2318,Steve Neuroth,M45-49,136,Open,United States,1:12:01,7:43,6:55:16,10:21,3:54:10,12:19:31
1072,166,Matthew Freitas,M35-39,196,Open,United States,1:14:02,5:56,6:44:57,8:58,4:05:41,12:19:35
1073,1087,Klaus Enengl,M60-64,18,Open,Austria,1:21:54,7:52,6:46:18,9:06,3:54:36,12:19:45
1074,1322,Eduardo Aramburu,M40-44,207,Open,Peru,1:17:03,8:08,7:15:21,10:59,3:28:16,12:19:48
1075,1368,Salvador Teillery,M40-44,208,Open,Mexico,1:19:27,5:39,7:06:01,5:50,3:43:03,12:19:59
1076,2317,Jamie Haggar,M45-49,137,Open,United States,1:05:51,4:54,6:26:03,5:27,4:37:53,12:20:07
1077,899,Jeronimo Gaggini,M30-34,163,Open,Argentina,1:13:10,4:44,6:35:07,5:30,4:21:37,12:20:08
1078,2132,Björn Zante,M45-49,138,Open,Germany,1:06:44,6:56,6:48:16,7:42,4:10:44,12:20:22
1079,260,Joseph Kennedy Salcedo,M35-39,197,Open,Philippines,1:18:52,5:23,6:52:12,5:46,3:58:18,12:20:31
1080,2131,Anders Örbom,M45-49,139,Open,Sweden,1:16:07,5:21,6:43:41,10:36,4:04:50,12:20:36
1081,1671,Diogo Menegaz,M50-54,112,Open,Brazil,1:09:42,6:02,6:31:54,7:17,4:25:58,12:20:53
1082,559,Vladimir Mikhailov,M55-59,55,Open,Kazakhstan,1:16:53,6:42,7:10:21,6:14,3:40:45,12:20:56
1083,178,Nick Gregory,M35-39,198,Open,Greece,1:08:59,11:55,6:21:57,9:45,4:28:47,12:21:23
1084,1749,Maarten Caminada,M50-54,113,Open,Netherlands,1:11:41,4:35,6:36:18,6:37,4:22:31,12:21:41
1085,1336,Robert Borley,M40-44,209,Open,United Kingdom,1:15:14,4:26,6:54:32,5:52,4:01:41,12:21:45
1086,265,Daniel Haase,M35-39,199,Open,Germany,1:12:09,4:25,6:33:25,8:30,4:23:24,12:21:53
1087,640,Samuel Geissberger,M55-59,56,Open,Switzerland,1:13:06,8:30,6:26:58,6:16,4:27:11,12:22:01
1088,2209,Christian Kaufhold,M45-49,140,Open,Germany,1:10:33,6:13,6:52:07,8:05,4:05:03,12:22:02
1089,1492,Glen Weissman,M50-54,114,Open,United States,1:22:25,6:16,6:40:22,5:44,4:07:19,12:22:06
1090,2216,Olivier Schott,M45-49,141,Open,France,1:07:00,7:03,6:08:07,9:16,4:50:43,12:22:09
1091,1196,Pascal Cantons,M40-44,210,Open,France,1:04:51,6:18,6:07:42,6:09,4:57:29,12:22:29
1092,1132,Charles Cobbs,M60-64,19,Open,United States,1:05:56,6:22,6:43:52,6:32,4:19:51,12:22:33
1093,1358,Rafael Araujo,M40-44,211,Open,United States,1:29:50,6:25,6:14:21,10:59,4:21:36,12:23:11
1094,761,Daniel Syring,M30-34,164,Open,United States,1:12:04,5:22,6:57:44,10:02,3:57:59,12:23:12
1095,134,Juan Carlos Gaibor,M35-39,200,Open,Ecuador,1:25:03,9:24,6:28:08,6:11,4:14:30,12:23:16
1096,455,Thorkell Brandson,M65-69,3,Open,Canada,1:15:50,5:52,6:57:43,3:59,3:59:57,12:23:21
1097,572,Oliver Diemer,M55-59,57,Open,Germany,1:17:10,8:13,6:54:12,8:07,3:55:57,12:23:40
1098,969,Nuno Matias,M30-34,165,Open,Portugal,1:04:19,5:25,7:20:11,6:18,3:47:30,12:23:43
1099,825,Kota Suda,M30-34,166,Open,Japan,1:06:36,5:45,7:27:55,12:09,3:31:31,12:23:56
1100,2351,Chris Arnold,M45-49,142,Open,United Kingdom,1:04:39,5:54,5:50:11,5:56,5:17:20,12:24:00
1101,1161,Adam Farmer,M40-44,212,Open,United Kingdom,1:17:30,7:20,7:05:32,8:42,3:45:10,12:24:14
1102,737,Manfred Holthausen,M55-59,58,Open,Germany,1:12:59,7:32,6:21:45,5:29,4:36:29,12:24:14
1103,277,Peter Dietz,M35-39,201,Open,Germany,1:10:10,3:32,6:14:00,4:43,4:51:58,12:24:22
1104,1143,Pablo Garcia Traba,M40-44,213,Open,Spain,1:14:05,5:08,6:37:23,6:03,4:21:44,12:24:23
1105,1197,Markus Langer,M40-44,214,Open,Germany,1:07:57,6:35,6:18:57,10:38,4:40:34,12:24:41
1106,1714,Chris Recchia,M50-54,115,Open,United Kingdom,1:20:17,5:03,6:23:52,7:25,4:28:04,12:24:41
1107,2008,Benjamin Molinaro,M18-24,47,Open,France,1:01:47,4:38,5:38:08,3:22,5:36:49,12:24:43
1108,2373,Cam Crosbie,M50-54,116,Open,Canada,1:05:22,7:19,6:48:57,8:39,4:14:29,12:24:46
1109,2244,David Taylor,M45-49,143,Open,United States,1:32:27,9:40,6:50:01,4:57,3:47:46,12:24:50
1110,217,Thomas Lykke Sørensen,M35-39,202,Open,Denmark,1:06:16,6:03,6:05:49,7:24,4:59:52,12:25:23
1111,1777,Joao Cabeleira,M50-54,117,Open,Portugal,1:35:15,7:41,6:37:44,7:53,3:56:51,12:25:25
1112,2286,Paolo Leano,M45-49,144,Open,Philippines,1:11:50,6:40,6:55:25,4:47,4:06:59,12:25:40
1113,853,Ignasi Fàbregues Barceló,M30-34,167,Open,Spain,1:08:13,3:37,6:19:16,6:15,4:48:19,12:25:41
1114,1514,Ronny Schrijvers,M50-54,118,Open,Belgium,1:05:56,8:32,6:36:47,8:14,4:26:17,12:25:45
1115,1338,Andreas Törpsch,M40-44,215,Open,Germany,1:00:30,7:56,6:20:45,6:21,4:50:15,12:25:47
1116,1663,David L'Hostis,M50-54,119,Open,France,1:04:33,4:17,6:47:29,5:15,4:24:16,12:25:50
1117,2234,Radim Petratur,M45-49,145,Open,Czechia,1:08:35,4:33,6:27:14,6:22,4:39:08,12:25:51
1118,1864,Ujjwal Choudhary,M25-29,108,Open,India,1:24:07,4:27,6:53:46,3:58,3:59:43,12:26:01
1119,629,Martin Schett,M55-59,59,Open,Austria,1:20:30,7:39,6:53:04,7:41,3:57:07,12:26:01
1120,1814,David Nicollerat,M50-54,120,Open,Switzerland,1:35:09,9:18,6:48:58,5:27,3:47:19,12:26:11
1121,2213,Jesse Danner,M45-49,146,Open,United States,1:04:49,7:24,6:11:40,8:34,4:53:56,12:26:23
1122,310,Daniel Curme,M35-39,203,Open,United States,1:30:58,6:45,7:00:34,6:24,3:41:49,12:26:30
1123,1496,Richard Williams,M50-54,121,Open,United Kingdom,1:09:39,5:41,6:22:12,5:35,4:43:23,12:26:31
1124,1526,Andreas Bihl,M50-54,122,Open,Germany,1:13:12,5:50,6:40:54,5:58,4:20:38,12:26:32
1125,814,Tobias Dehner,M30-34,168,Open,Germany,1:04:13,3:57,6:07:28,6:11,5:04:42,12:26:32
1126,1610,Richard Tompkins,M50-54,123,Open,United States,1:21:24,6:41,6:36:33,6:08,4:15:47,12:26:34
1127,465,Karl Kaudela,M65-69,4,Open,Austria,1:38:18,5:01,6:11:08,6:39,4:25:44,12:26:50
1128,1794,Frédéric Schmidt,M50-54,124,Open,Switzerland,1:00:39,4:48,6:21:48,6:52,4:52:49,12:26:56
1129,664,Matthias Kuhn,M55-59,60,Open,Germany,1:31:55,4:50,6:42:27,8:01,3:59:45,12:26:58
1130,1084,Bruno Carbonne,M60-64,20,Open,Monaco,1:22:45,6:09,6:48:59,6:57,4:02:15,12:27:05
1131,543,Neil Mcloughlin,M55-59,61,Open,United Kingdom,1:22:22,6:00,6:25:15,5:51,4:27:36,12:27:06
1132,2111,Aaron Tolson,M45-49,147,Open,United States,1:23:53,4:41,6:30:48,4:53,4:23:07,12:27:22
1133,1033,Sergio Peretti,M60-64,21,Open,Argentina,1:18:57,5:47,6:42:21,5:46,4:14:37,12:27:28
1134,900,Kenny Nunez,M30-34,169,Open,United States,1:19:04,6:03,6:18:54,5:08,4:38:32,12:27:41
1135,316,Ben Lovelace,M35-39,204,Open,United States,1:05:55,5:27,6:08:59,5:26,5:02:06,12:27:53
1136,312,Florian Barbedette,M35-39,205,Open,France,1:18:01,4:09,6:36:41,6:22,4:22:54,12:28:08
1137,227,Justin Deemie,M35-39,206,Open,United States,1:19:20,7:09,6:50:15,11:54,3:59:43,12:28:20
1138,1874,Todd Leutzinger,M25-29,109,Open,United States,1:06:05,6:02,6:24:47,4:53,4:46:39,12:28:26
1139,2118,Luciano Foca,M45-49,148,Open,Brazil,1:02:50,7:53,6:39:36,11:00,4:27:09,12:28:27
1140,1036,CHRISTIAN WOEHREL,M60-64,22,Open,France,1:13:51,7:06,6:33:02,5:44,4:28:46,12:28:29
1141,2240,William Sitch,M45-49,149,Open,United States,1:15:24,8:32,6:51:31,10:53,4:02:14,12:28:34
1142,2149,Teodoro Ramos,M45-49,150,Open,United States,1:09:58,4:58,6:22:22,8:34,4:42:56,12:28:48
1143,1191,Casper Camps,M40-44,216,Open,Curaçao,1:20:34,5:17,7:04:40,4:14,3:54:12,12:28:56
1144,160,Dmitry Galitskiy,M35-39,207,Open,Montenegro,1:22:44,7:22,7:09:04,7:57,3:41:57,12:29:03
1145,1499,Michal Chovanec,M50-54,125,Open,Czechia,1:08:27,4:43,6:21:41,5:38,4:48:40,12:29:09
1146,933,Sam Lambooy,M30-34,170,Open,Australia,59:05,7:48,6:37:44,12:04,4:32:31,12:29:13
1147,1104,George Corbi,M60-64,23,Open,United States,1:07:12,5:23,6:33:01,5:18,4:38:20,12:29:14
1148,1761,Ben Wade,M50-54,126,Open,United Kingdom,1:14:09,7:31,6:52:12,7:12,4:08:17,12:29:22
1149,2107,Ivan Seiler,M45-49,151,Open,Argentina,1:02:39,4:50,6:57:06,6:52,4:18:07,12:29:34
1150,2187,Mike Parkins,M45-49,152,Open,United States,1:33:50,5:55,6:35:41,7:50,4:06:19,12:29:36
1151,2182,Anton Iurkovskyi,M45-49,153,Open,Ukraine,1:10:55,3:59,6:47:48,7:25,4:19:37,12:29:43
1152,1557,Nam Lam,M50-54,127,Open,United States,1:15:26,5:51,7:01:46,5:49,4:01:10,12:30:02
1153,1783,Glyn Tallon,M50-54,128,Open,Ireland,1:21:06,7:10,6:42:49,8:32,4:10:34,12:30:11
1154,2371,Brian Hamilton,M50-54,129,Open,United States,1:07:57,8:19,6:53:56,9:00,4:11:01,12:30:13
1155,1767,Arturo Diaz,M50-54,130,Open,Mexico,1:14:59,7:21,6:50:30,12:10,4:05:17,12:30:18
1156,243,David Jones,M35-39,208,Open,United States,1:12:20,5:51,6:34:17,5:56,4:32:04,12:30:27
1157,2320,Jonathan Pagalilauan,M45-49,154,Open,United States,1:03:05,5:23,6:28:46,7:30,4:45:52,12:30:36
1158,1405,Marcel Klötzli,M40-44,217,Open,Switzerland,1:15:23,4:24,6:56:45,8:26,4:05:40,12:30:39
1159,816,Dean Armstrong,M30-34,171,Open,Australia,1:11:20,6:03,6:30:35,6:57,4:35:53,12:30:46
1160,2316,Jorge Pastrana,M45-49,155,Open,Mexico,1:14:30,6:37,6:53:56,7:18,4:08:27,12:30:48
1161,2332,Andreas Schafferer,M45-49,156,Open,Austria,1:20:00,7:42,7:04:11,4:37,3:54:21,12:30:51
1162,623,Chris Tye,M55-59,62,Open,United Kingdom,1:17:51,5:24,6:52:39,5:44,4:09:14,12:30:52
1163,643,Greg Nelson,M55-59,63,Open,United States,1:12:22,5:50,6:42:09,6:26,4:24:09,12:30:56
1164,2323,Javier David Ospina Rubiano,M45-49,157,Open,Colombia,1:11:15,4:51,6:49:52,5:14,4:19:46,12:30:57
1165,734,Michael Skerwiderski,M55-59,64,Open,Germany,1:13:10,4:42,6:25:57,5:40,4:41:28,12:30:58
1166,822,John Carlo Baguyo,M30-34,172,Open,Guam,1:22:58,8:10,6:49:47,7:06,4:02:58,12:31:00
1167,2035,John Pilkington,M18-24,48,Open,United Kingdom,1:19:56,3:42,6:41:42,3:07,4:22:38,12:31:04
1168,1596,Ian Dickens,M50-54,131,Open,United Kingdom,1:24:45,5:10,6:25:37,5:29,4:30:09,12:31:11
1169,908,Paul Phau,M30-34,173,Open,Venezuela,1:22:26,6:41,6:39:31,8:08,4:14:24,12:31:11
1170,320,Lars Kiene,M35-39,209,Open,Germany,1:08:42,4:29,6:28:15,6:41,4:43:13,12:31:19
1171,552,Rüdiger Kranz,M55-59,65,Open,Germany,1:15:22,4:34,6:48:13,5:35,4:18:02,12:31:46
1172,2116,Jamie Naughton,M45-49,158,Open,Ireland,1:06:31,6:28,6:47:59,6:29,4:24:21,12:31:49
1173,148,Daniel Valdez,M35-39,210,Open,Philippines,1:48:10,6:11,6:41:32,7:13,3:48:59,12:32:05
1174,205,Thierry Bessède,M35-39,211,Open,Switzerland,1:11:01,5:56,6:37:41,7:52,4:29:47,12:32:17
1175,2278,Andre Wiedenhofer,M45-49,159,Open,Germany,1:18:06,4:49,7:06:50,5:52,3:56:42,12:32:19
1176,713,Enrico Braglia,M55-59,66,Open,Italy,1:12:09,5:25,6:27:18,6:36,4:41:11,12:32:39
1177,508,Colin Botes,M55-59,67,Open,United States,1:31:52,4:06,6:36:16,6:12,4:14:34,12:33:00
1178,2183,Valerio Veroli,M45-49,160,Open,Italy,1:21:21,8:32,7:17:17,8:38,3:37:14,12:33:02
1179,2333,Máté Mikos,M45-49,161,Open,Hungary,1:21:57,3:24,6:42:27,8:51,4:16:40,12:33:17
1180,1431,Martin Prost,M40-44,218,Open,Germany,1:08:17,4:54,6:32:51,8:00,4:39:21,12:33:24
1181,2137,Frank Weidemann,M45-49,162,Open,Germany,1:19:00,7:39,6:46:29,9:21,4:10:58,12:33:27
1182,1669,Alan Yorke,M50-54,132,Open,United States,1:46:09,7:10,6:49:31,7:08,3:43:40,12:33:37
1183,1627,Koen De Laet,M50-54,133,Open,Belgium,1:15:20,8:11,6:38:40,10:34,4:20:58,12:33:44
1184,1219,Lukasz Kazmierski,M40-44,219,Open,Poland,1:22:47,7:27,7:15:06,5:56,3:42:32,12:33:48
1185,923,Jemuel Clemente,M30-34,174,Open,Philippines,1:32:51,10:36,7:12:10,6:58,3:31:18,12:33:52
1186,1110,Jeff Crosby,M60-64,24,Open,United States,1:15:57,6:48,6:21:26,7:22,4:42:20,12:33:53
1187,2069,Luciano Garnica Camargo,M45-49,163,Open,Brazil,1:12:19,8:15,6:54:32,5:53,4:13:03,12:34:02
1188,2313,Alfons Van Der Vyver,M45-49,164,Open,South Africa,1:20:44,4:47,6:17:11,5:41,4:45:46,12:34:09
1189,1976,Adrien Hagry,M18-24,49,Open,France,1:12:46,7:32,6:09:32,9:31,4:54:51,12:34:11
1190,1818,Siro Zanetti,M50-54,134,Open,Italy,1:24:39,6:00,6:11:53,7:42,4:43:57,12:34:12
1191,1309,Paul Wright,M40-44,220,Open,United Kingdom,1:24:34,7:18,6:40:26,7:39,4:14:49,12:34:46
1192,1440,Paul Linton,M40-44,221,Open,Australia,1:01:40,4:59,6:43:59,4:51,4:39:24,12:34:51
1193,2081,David Daffey,M45-49,165,Open,Australia,1:20:09,7:05,6:54:21,6:53,4:06:32,12:35:02
1194,2354,Wei Ge,M45-49,166,Open,China,1:14:30,8:12,6:36:28,8:28,4:27:41,12:35:19
1195,1065,Thomas Marco Marchiori,M60-64,25,Open,Italy,1:21:17,5:23,7:06:17,6:09,3:56:22,12:35:28
1196,291,Zach Hunsinger,M35-39,212,Open,United States,1:16:01,5:39,7:09:38,8:50,3:55:21,12:35:28
1197,2253,Jose Eduardo Ferreira Cardoso,M45-49,167,Open,Brazil,1:22:20,5:02,6:47:12,7:37,4:13:28,12:35:39
1198,1408,Greg Gilson,M40-44,222,Open,Zimbabwe,1:04:49,6:51,6:57:27,7:51,4:18:43,12:35:41
1199,1081,Paul Marouschek,M60-64,26,Open,Austria,1:14:57,5:16,6:11:43,7:24,4:56:33,12:35:53
1200,359,Ahmed Sali,M35-39,213,Open,South Africa,1:19:02,6:58,6:43:57,6:51,4:19:10,12:35:58
1201,803,Robert Wilke,M30-34,175,Open,Germany,1:21:00,4:00,6:50:00,5:30,4:15:49,12:36:20
1202,1445,Dr. Daniel Vogel,M40-44,223,Open,Germany,1:00:24,4:48,6:22:10,7:09,5:01:56,12:36:27
1203,2040,Archie Dilks,M18-24,50,Open,United Kingdom,1:01:48,6:01,6:39:17,5:31,4:44:03,12:36:39
1204,1501,Nicola Salina,M50-54,135,Open,Italy,1:07:26,5:19,6:17:10,4:50,5:01:56,12:36:40
1205,253,Pierre Metaut,M35-39,214,Open,France,1:28:35,4:37,6:32:07,4:49,4:26:55,12:37:02
1206,1883,Tyler Haar,M25-29,110,Open,United States,1:11:12,7:41,6:55:24,8:36,4:14:15,12:37:07
1207,2329,Luiz Aparecido Ruela Da Silva Assuncao,M45-49,168,Open,Brazil,1:15:55,5:19,6:57:26,7:06,4:11:35,12:37:21
1208,1553,Brad Buie,M50-54,136,Open,United States,1:32:12,5:18,6:40:37,6:04,4:13:24,12:37:35
1209,215,Mark Jacobs,M35-39,215,Open,United Kingdom,1:06:56,4:07,6:46:44,6:06,4:33:53,12:37:46
1210,1267,Andreas Gaubatz,M40-44,224,Open,Germany,1:14:52,5:11,6:11:54,6:33,4:59:22,12:37:53
1211,783,Thomas Pozzo Di Borgo,M30-34,176,Open,France,1:02:25,3:45,6:00:21,8:29,5:22:57,12:37:57
1212,663,Andre Maack,M55-59,68,Open,Germany,1:11:59,6:24,6:38:28,6:12,4:35:08,12:38:12
1213,129,Eduardo Ibarra,M35-39,216,Open,Mexico,1:18:21,10:52,7:32:02,8:25,3:28:40,12:38:19
1214,774,Tom Lovegrove,M30-34,177,Open,United Kingdom,1:17:26,5:47,6:30:54,6:23,4:38:15,12:38:45
1215,1870,Luis López Gómez,M25-29,111,Open,Spain,1:03:45,4:38,6:22:00,6:36,5:02:04,12:39:03
1216,1410,Lionel Wille,M40-44,225,Open,Netherlands,1:16:50,5:48,6:15:33,7:50,4:53:05,12:39:06
1217,610,Falk Leibner,M55-59,69,Open,Germany,1:33:18,5:45,6:27:21,5:06,4:27:39,12:39:10
1218,1273,Tommaso Berni,M40-44,226,Open,Italy,1:04:45,5:32,6:23:46,6:04,4:59:12,12:39:18
1219,813,Brian Lozes,M30-34,178,Open,United States,1:04:11,5:49,6:55:34,12:01,4:21:48,12:39:22
1220,808,Matthew Garrett,M30-34,179,Open,United States,1:18:24,5:58,7:24:45,6:54,3:43:37,12:39:38
1221,1214,Scott Wheeler,M40-44,227,Open,United States,1:09:01,6:42,6:56:14,8:09,4:19:35,12:39:41
1222,233,Nicholas Plocar,M35-39,217,Open,United States,1:24:59,5:38,6:32:16,6:59,4:29:49,12:39:42
1223,2114,Nermin Hairlahovic,M45-49,169,Open,United States,1:22:27,3:22,6:37:38,10:42,4:25:33,12:39:43
1224,992,Carsten Bakker,M30-34,180,Open,Netherlands,1:20:07,9:14,6:21:50,8:39,4:40:13,12:40:03
1225,1263,Benjamin Soppelsa,M40-44,228,Open,France,1:08:26,9:02,7:18:24,6:31,3:57:44,12:40:07
1226,263,Chicco Avram,M35-39,218,Open,Israel,1:38:38,4:03,6:39:48,4:13,4:13:35,12:40:18
1227,2225,Jonathan Pike,M45-49,170,Open,United Kingdom,1:11:36,6:51,7:10:35,10:21,4:00:54,12:40:18
1228,1773,Rodrigo Valenzuela,M50-54,137,Open,Chile,1:09:18,4:59,6:44:28,5:51,4:35:56,12:40:33
1229,1144,Matt Shealer,M40-44,229,Open,United States,1:07:53,4:25,6:08:02,3:21,5:16:54,12:40:35
1230,2046,Scott Reeser,M45-49,171,Open,United States,59:59,7:18,6:41:22,6:51,4:45:16,12:40:46
1231,792,Giovanni Luongo,M30-34,181,Open,Italy,1:21:57,6:44,6:50:48,5:41,4:15:48,12:40:57
1232,1612,Elmar Sprink,M50-54,138,Open,Germany,1:18:58,6:12,6:43:38,9:31,4:22:51,12:41:10
1233,2205,Glenn Merkel,M45-49,172,Open,United States,1:09:20,5:36,6:34:12,6:52,4:45:15,12:41:15
1234,2274,Daniel Franze,M45-49,173,Open,Germany,1:08:33,5:17,6:51:00,8:20,4:28:10,12:41:20
1235,879,Konstantin Akhidov,M30-34,182,Open,Kazakhstan,1:00:06,2:45,5:24:42,5:34,6:08:16,12:41:24
1236,2215,Luke Hurley,M45-49,174,Open,United Kingdom,1:26:25,10:11,7:14:14,9:03,3:41:32,12:41:25
1237,268,Manuel Sportelli,M35-39,219,Open,Italy,1:10:23,6:10,6:42:31,5:16,4:37:06,12:41:26
1238,1660,Justin Willoughby,M50-54,139,Open,United States,1:14:50,6:31,6:47:03,7:53,4:25:17,12:41:35
1239,1643,Craig Benson,M50-54,140,Open,Australia,1:21:53,5:22,7:08:06,8:37,3:57:43,12:41:41
1240,1217,Aaron Jensen,M40-44,230,Open,United States,1:11:37,4:59,6:35:24,6:06,4:43:39,12:41:46
1241,597,Gadi Tirosh,M55-59,70,Open,Israel,1:18:49,8:09,7:13:20,10:20,3:51:23,12:42:02
1242,954,Joseph Kulka,M30-34,183,Open,United States,1:21:21,7:41,6:55:48,10:52,4:06:22,12:42:04
1243,1861,Niels Röschmann,M25-29,112,Open,Germany,1:10:02,5:42,6:06:09,3:51,5:16:22,12:42:05
1244,2291,Lars Michna,M45-49,175,Open,Germany,1:13:54,6:25,7:04:27,5:55,4:11:50,12:42:31
1245,1765,Fernando Lopez,M50-54,141,Open,Uruguay,1:19:52,4:58,6:34:45,6:53,4:36:08,12:42:35
1246,802,Stefan Stockmann,M30-34,184,Open,Germany,1:13:00,7:05,6:36:38,7:39,4:38:15,12:42:36
1247,738,Stephan Junghans,M55-59,71,Open,Germany,1:36:09,7:18,6:44:35,6:08,4:08:32,12:42:42
1248,1568,Cristiano Belussi,M50-54,142,Open,Italy,1:06:32,5:44,6:33:39,7:07,4:49:47,12:42:48
1249,2090,Thomas Dekker,M45-49,176,Open,France,1:17:34,7:02,6:51:56,7:52,4:18:24,12:42:48
1250,748,Jean-François Ricourt,M55-59,72,Open,France,1:43:55,7:03,6:42:27,9:03,4:00:21,12:42:49
1251,2038,Kiyan Sunderji,M18-24,51,Open,Canada,59:35,4:58,6:17:06,8:14,5:13:04,12:42:56
1252,1115,Reinier Ingwersen,M60-64,27,Open,Netherlands,1:21:59,7:03,7:07:17,6:48,3:59:55,12:43:03
1253,911,Michael Bumgardner,M30-34,185,Open,United States,1:09:46,4:51,6:29:12,6:40,4:53:00,12:43:30
1254,1829,Chris Price,M50-54,143,Open,United Kingdom,1:14:50,6:40,6:55:55,8:58,4:17:11,12:43:34
1255,1331,Georg Krantz,M40-44,231,Open,Germany,1:15:46,4:52,6:59:19,7:37,4:16:18,12:43:53
1256,729,Filip Kahoun,M55-59,73,Open,Czechia,1:11:46,4:46,7:17:18,10:47,3:59:29,12:44:05
1257,1229,Mullahmat Ibragimov,M40-44,232,Open,Uzbekistan,1:17:09,7:32,6:50:12,5:13,4:24:01,12:44:07
1258,974,Daniel Colvin,M30-34,186,Open,United States,1:11:51,4:36,6:24:29,6:42,4:56:36,12:44:13
1259,924,Luka Schrijvers,M30-34,187,Open,Belgium,1:13:15,17:43,7:09:40,9:47,3:53:55,12:44:20
1260,513,Jermin Chou,M55-59,74,Open,United States,1:15:01,6:42,7:06:44,6:21,4:09:37,12:44:25
1261,402,Philip Billikopf,M35-39,220,Open,Chile,1:08:46,4:01,7:57:12,6:10,3:28:22,12:44:30
1262,1525,Michael Streit,M50-54,144,Open,Germany,1:18:04,6:59,7:12:36,9:25,3:57:39,12:44:42
1263,1012,Jesus Aureo Martinez Rubio,M60-64,28,Open,Spain,1:35:55,7:57,6:47:20,6:48,4:07:10,12:45:10
1264,1093,Dominique Mercier,M60-64,29,Open,France,1:25:06,6:14,6:50:34,5:58,4:17:28,12:45:21
1265,739,Pedro Jorge,M55-59,75,Open,Portugal,1:11:58,9:55,6:55:11,6:18,4:22:03,12:45:24
1266,2336,Felipe Salazar Barriga,M45-49,177,Open,Chile,1:19:11,6:33,6:53:12,10:47,4:15:53,12:45:36
1267,1238,Fabio Pessoa,M40-44,233,Open,Brazil,1:13:52,6:26,6:03:46,10:35,5:11:07,12:45:47
1268,401,Malakai De-Morgan,M35-39,221,Open,United Kingdom,1:17:55,7:03,6:45:29,5:59,4:29:24,12:45:50
1269,1701,Sandro Gaynett De Barros,M50-54,145,Open,Brazil,1:14:48,7:03,6:33:46,5:51,4:44:23,12:45:51
1270,2185,Bashar Naji,M45-49,178,Open,United States,1:15:42,6:09,7:16:04,6:58,4:01:01,12:45:54
1271,1718,Mark Affuso,M50-54,146,Open,United Kingdom,1:15:30,5:25,6:47:02,9:04,4:29:08,12:46:09
1272,507,Ian Cook,M55-59,76,Open,South Africa,1:11:26,8:06,6:21:30,10:31,4:54:56,12:46:28
1273,1792,Lewis Waterworth,M50-54,147,Open,Ireland,1:15:20,7:39,6:48:04,5:15,4:30:14,12:46:31
1274,626,Ludovic Meheust,M55-59,77,Open,France,1:07:18,5:17,6:27:02,8:49,4:58:12,12:46:39
1275,1675,Vincent Knight,M50-54,148,Open,United Kingdom,1:17:26,7:13,6:50:36,9:42,4:21:49,12:46:45
1276,708,Javier Del Rio Arrieta,M55-59,78,Open,Peru,1:37:01,8:28,6:36:52,9:11,4:15:17,12:46:49
1277,1594,Allard Holthaus,M50-54,149,Open,Netherlands,1:21:22,5:08,6:58:29,6:17,4:15:33,12:46:49
1278,2000,Lucas Sandrone,M18-24,52,Open,France,1:14:02,6:36,6:56:19,4:22,4:25:36,12:46:55
1279,937,Roel Jacobs,M30-34,188,Open,Netherlands,1:02:32,6:03,6:38:08,8:14,4:52:07,12:47:03
1280,721,Renè Krutzer,M55-59,79,Open,Germany,1:19:50,6:49,6:53:38,8:57,4:17:59,12:47:13
1281,635,Robert Welsh,M55-59,80,Open,Canada,1:16:44,7:18,6:46:37,9:22,4:27:17,12:47:18
1282,2105,Rubio Andrea,M45-49,179,Open,Italy,1:11:56,4:26,6:59:23,4:01,4:28:02,12:47:49
1283,561,Anselm Groda,M55-59,81,Open,Germany,1:02:10,3:43,5:55:07,4:18,5:42:32,12:47:50
1284,2349,Francesco Iozzi,M45-49,180,Open,Italy,1:06:40,9:43,6:52:38,7:18,4:31:33,12:47:51
1285,1465,Alexander Törpsch-Von Der Heide,M40-44,234,Open,Germany,1:14:03,5:44,6:35:07,9:13,4:44:10,12:48:17
1286,1402,Sebastian Krasnodebski,M40-44,235,Open,Poland,1:16:55,8:14,7:00:44,8:55,4:13:34,12:48:23
1287,1615,Daniel H Nadal,M50-54,150,Open,Colombia,1:18:01,7:46,7:00:38,8:46,4:13:17,12:48:28
1288,1136,Orlando Roberto,M60-64,30,Open,France,1:27:19,5:39,6:08:17,6:31,5:00:54,12:48:40
1289,1123,Klaus Findt,M60-64,31,Open,Germany,1:20:56,4:22,6:24:54,4:41,4:54:06,12:48:59
1290,642,Hervé Dupont,M55-59,82,Open,France,1:14:04,8:21,6:43:10,8:06,4:35:22,12:49:03
1291,1529,Mirlan Mukhambetov,M50-54,151,Open,Kazakhstan,1:17:52,8:26,6:53:04,8:34,4:21:27,12:49:23
1292,1163,Marcelo Ferreira,M40-44,236,Open,Brazil,1:19:15,9:56,6:30:27,11:21,4:38:29,12:49:28
1293,694,Fausto Vázquez,M55-59,83,Open,Mexico,1:25:20,8:33,6:55:31,8:18,4:12:01,12:49:42
1294,1541,Dario Rosini,M50-54,152,Open,Italy,1:46:03,7:05,7:00:46,5:58,3:49:55,12:49:47
1295,674,Bernhard Stämpfli,M55-59,84,Open,Switzerland,1:17:29,7:58,6:40:40,8:41,4:35:07,12:49:55
1296,1296,David Huntley,M40-44,237,Open,Canada,1:13:17,5:55,6:20:53,12:29,4:57:27,12:50:00
1297,1354,Wim Cochet,M40-44,238,Open,Belgium,1:16:05,10:04,6:41:54,8:24,4:33:37,12:50:05
1298,651,Sean Lewis,M55-59,85,Open,United States,1:07:33,5:56,6:57:40,8:36,4:30:24,12:50:10
1299,459,Mike Pugh,M65-69,5,Open,Canada,1:25:15,6:59,6:53:12,7:11,4:17:40,12:50:18
1300,1980,Micaiah Allison,M18-24,53,Open,United States,1:37:13,7:45,7:41:01,7:09,3:17:25,12:50:33
1301,644,Richard Rauschenbach,M55-59,86,Open,United States,1:05:22,5:45,6:27:42,5:50,5:06:16,12:50:57
1302,144,Aliaksandr Kacharzhuk,M35-39,222,Open,Poland,1:16:57,3:34,6:24:15,5:16,5:01:11,12:51:12
1303,894,Christian Geimer,M30-34,189,Open,Germany,1:03:34,4:48,6:25:53,5:35,5:11:22,12:51:12
1304,590,Joel Wendell,M55-59,87,Open,United States,1:17:02,8:23,6:45:18,6:53,4:33:37,12:51:14
1305,1335,Matteo Agosti,M40-44,239,Open,Switzerland,1:21:48,8:18,7:10:23,10:08,4:00:36,12:51:14
1306,2080,Stan Ehrlich,M45-49,181,Open,Germany,1:18:03,5:33,6:41:24,6:33,4:39:46,12:51:18
1307,1958,Matthew Roeder,M25-29,113,Open,United States,1:18:11,7:16,6:51:22,8:20,4:26:22,12:51:30
1308,506,Lionel Jean,M55-59,88,Open,France,1:19:25,4:34,6:47:36,7:05,4:32:57,12:51:38
1309,1742,Craig Davies,M50-54,153,Open,United Kingdom,1:18:42,8:20,6:58:06,9:00,4:18:02,12:52:10
1310,2121,Lior Oren,M45-49,182,Open,Israel,1:13:24,7:57,7:16:28,8:46,4:05:35,12:52:10
1311,2243,Christian Fontanive,M45-49,183,Open,Switzerland,1:35:15,6:55,6:42:06,6:08,4:22:04,12:52:28
1312,1919,Chandler Brown,M25-29,114,Open,United States,1:08:22,7:10,7:01:36,7:59,4:27:43,12:52:50
1313,698,Patrik Jansson,M55-59,89,Open,Sweden,1:08:39,4:28,6:33:55,6:01,4:59:52,12:52:55
1314,1678,Anh Tuan Nguyen,M50-54,154,Open,United States,1:35:06,6:24,7:05:39,8:22,3:57:36,12:53:06
1315,1359,Michael Clark,M40-44,240,Open,Canada,1:11:51,7:06,6:52:48,5:02,4:36:20,12:53:07
1316,152,Asset Turmagambetov,M35-39,223,Open,Kazakhstan,1:16:37,4:39,7:23:49,4:53,4:03:16,12:53:14
1317,2335,Jun Izum,M45-49,184,Open,Japan,1:09:04,6:22,6:49:00,9:12,4:39:42,12:53:20
1318,1597,Simone Centemero,M50-54,155,Open,Italy,1:11:44,9:00,7:12:58,6:20,4:13:33,12:53:34
1319,153,Josko Viskic,M35-39,224,Open,Croatia,1:11:47,8:45,7:05:22,7:33,4:20:10,12:53:38
1320,2238,Simon King,M45-49,185,Open,Australia,1:06:45,7:33,7:04:35,14:53,4:19:55,12:53:42
1321,2130,Siarhei Misitau,M45-49,186,Open,United Arab Emirates,1:24:26,5:19,7:06:44,7:24,4:10:12,12:54:05
1322,232,Justin Hollman,M35-39,225,Open,United States,1:10:01,5:00,7:13:43,10:21,4:15:10,12:54:14
1323,1785,Otto Mrak,M50-54,156,Open,Austria,1:31:44,4:58,6:18:09,8:49,4:50:37,12:54:17
1324,2277,Kazuhiro Nagata,M45-49,187,Open,Japan,1:13:28,7:07,7:12:04,8:00,4:13:43,12:54:23
1325,1779,Darryl Johnston,M50-54,157,Open,Australia,1:24:59,6:35,7:15:15,4:41,4:03:00,12:54:30
1326,1546,David Sanglas Puntã­,M50-54,158,Open,Spain,1:11:48,6:21,6:57:53,7:10,4:31:47,12:54:59
1327,182,Charles Pantangco,M35-39,226,Open,United States,1:21:52,6:23,7:10:01,5:03,4:11:52,12:55:11
1328,2273,Elmer Santiago,M45-49,188,Open,Philippines,1:16:30,6:17,7:12:14,7:15,4:12:59,12:55:15
1329,2019,Alex Jakubiak,M18-24,54,Open,Poland,1:00:33,8:40,7:15:24,9:49,4:20:52,12:55:18
1330,882,Jack Freeman,M30-34,190,Open,United States,1:16:49,5:29,6:31:19,5:40,4:56:11,12:55:28
1331,2231,John Rotella,M45-49,189,Open,United States,1:29:45,6:20,6:40:55,10:56,4:27:37,12:55:32
1332,2109,Olek Lakomski,M45-49,190,Open,Poland,1:11:54,5:14,7:12:54,10:51,4:14:43,12:55:37
1333,2126,Raphael Garnier,M45-49,191,Open,France,1:14:17,6:26,6:47:59,9:49,4:37:22,12:55:54
1334,1386,Jon Warren,M40-44,241,Open,United Kingdom,1:34:05,5:11,6:57:43,6:21,4:12:37,12:55:56
1335,771,Peter Navarra,M30-34,191,Open,United States,1:17:09,8:07,6:30:41,9:22,4:51:07,12:56:25
1336,1590,Marc Rebischung,M50-54,159,Open,France,1:26:29,8:11,6:43:18,12:22,4:26:15,12:56:34
1337,2108,Adam Powers,M45-49,192,Open,Denmark,59:38,5:49,6:34:49,7:29,5:08:54,12:56:39
1338,2358,Sven Vercammen,M45-49,193,Open,Belgium,1:19:36,6:58,6:55:51,6:37,4:28:06,12:57:08
1339,1500,Edwin Osiecki,M50-54,160,Open,Poland,1:16:08,5:10,7:16:29,5:33,4:13:51,12:57:11
1340,1763,Jamie Capozzi,M50-54,161,Open,United States,1:20:24,7:26,7:12:33,7:20,4:09:32,12:57:14
1341,2233,Stefano Strong La Cara,M45-49,194,Open,Italy,1:04:02,6:44,6:39:14,8:10,4:59:09,12:57:19
1342,1503,Thomas Weilenmann,M50-54,162,Open,Switzerland,1:17:24,7:03,6:46:21,8:14,4:38:17,12:57:20
1343,1707,David Moulder,M50-54,163,Open,United Kingdom,1:25:50,11:02,7:06:39,12:47,4:01:22,12:57:41
1344,2337,Christopher Thomas,M45-49,195,Open,United States,1:13:10,10:49,6:52:00,11:01,4:30:45,12:57:45
1345,1135,James Keeley,M60-64,32,Open,United Kingdom,1:21:35,7:18,6:57:55,8:22,4:22:36,12:57:46
1346,396,Saken Spanov,M35-39,227,Open,Kazakhstan,1:23:07,5:32,7:15:22,6:52,4:06:59,12:57:51
1347,2348,Matheus Kozlowski,M45-49,196,Open,Germany,1:15:15,4:56,6:40:26,10:21,4:47:18,12:58:18
1348,1930,Sterling Curran,M25-29,115,Open,United States,1:15:59,9:26,6:19:54,12:10,5:00:49,12:58:18
1349,1515,Tatsuya Imai,M50-54,164,Open,Japan,1:02:28,5:33,7:02:05,4:50,4:43:41,12:58:37
1350,965,Theo Friedman,M30-34,192,Open,United States,1:09:30,4:40,6:52:12,6:39,4:45:36,12:58:37
1351,684,Dave Clements,M55-59,90,Open,United Kingdom,1:26:02,6:16,6:58:10,7:23,4:20:52,12:58:42
1352,424,Larry Costantino,M65-69,6,Open,United States,1:14:35,5:25,7:30:54,6:42,4:01:18,12:58:55
1353,1813,Marcelo Erico Gunia Schiavon,M50-54,165,Open,Brazil,1:05:21,5:18,7:13:43,9:18,4:25:15,12:58:56
1354,2327,Brent Mckinnon,M45-49,197,Open,Australia,49:51,3:48,6:27:35,7:08,5:30:34,12:58:56
1355,963,Bruno Gurgel,M30-34,193,Open,Brazil,1:01:28,11:24,6:37:48,9:23,4:58:54,12:58:56
1356,2245,Devin Smith,M45-49,198,Open,United States,1:16:06,7:06,6:46:49,8:36,4:40:24,12:59:02
1357,702,Shaun Phillips,M55-59,91,Open,Canada,1:05:24,6:34,7:13:19,8:38,4:25:16,12:59:12
1358,1507,Robert Haynes,M50-54,166,Open,United States,1:20:21,6:38,6:48:39,8:48,4:34:50,12:59:16
1359,2032,Bálint Gróz,M18-24,55,Open,Hungary,1:09:37,5:47,6:56:20,5:53,4:41:41,12:59:18
1360,366,Patrick Meunier,M35-39,228,Open,Canada,1:17:43,7:05,6:47:26,8:00,4:39:21,12:59:34
1361,1031,Murray Walls,M60-64,33,Open,Australia,1:20:16,7:00,6:55:59,8:11,4:28:08,12:59:34
1362,665,Axel Ruell,M55-59,92,Open,Germany,1:07:41,6:00,6:50:49,8:12,4:47:21,13:00:02
1363,1673,Rick Walker,M50-54,167,Open,New Zealand,1:25:52,7:56,6:44:44,8:35,4:33:34,13:00:41
1364,1828,Dušan Horák,M50-54,168,Open,Czechia,1:20:46,5:38,7:07:19,6:31,4:20:38,13:00:52
1365,986,Nikolai Zverkov,M30-34,194,Open,Turkey,1:19:00,6:21,7:21:00,8:01,4:06:31,13:00:54
1366,2312,Anthony Heaton-Jones,M45-49,199,Open,United Kingdom,1:09:23,5:59,6:42:52,8:15,4:54:42,13:01:11
1367,266,Pawel Stasiak,M35-39,229,Open,Poland,1:11:08,5:40,6:41:52,7:49,4:54:48,13:01:16
1368,1277,Greg Chaganos,M40-44,242,Open,United States,1:12:43,4:20,6:41:21,5:58,4:57:10,13:01:32
1369,983,Michael Oswald,M30-34,195,Open,Germany,1:10:06,4:46,6:09:49,7:58,5:28:59,13:01:38
1370,1688,Carlos Benitez Sanchez,M50-54,169,Open,Spain,1:10:28,7:07,7:30:25,6:28,4:07:10,13:01:38
1371,2077,Matthew Burrows,M45-49,200,Open,United States,1:18:08,8:25,7:00:59,10:41,4:23:38,13:01:50
1372,2002,Enzo Perrin,M18-24,56,Open,France,1:13:54,5:24,6:52:23,8:48,4:41:27,13:01:57
1373,1318,Jason Jones,M40-44,243,Open,United States,1:16:43,6:55,7:09:44,6:42,4:21:55,13:01:58
1374,970,Tyler Soden,M30-34,196,Open,United States,1:12:42,4:11,6:42:26,11:01,4:52:19,13:02:39
1375,1292,Kenneth Banks,M40-44,244,Open,United States,1:16:17,6:07,7:09:24,6:16,4:24:40,13:02:43
1376,1506,Christopher Wegner,M50-54,170,Open,United States,1:10:01,7:41,7:00:44,7:13,4:37:07,13:02:46
1377,750,Christopher Delong,M30-34,197,Open,United States,1:22:17,5:05,6:32:09,4:47,4:58:30,13:02:48
1378,2235,Ioan Guset,M45-49,201,Open,Romania,1:35:03,6:24,7:02:10,11:08,4:08:05,13:02:49
1379,1294,Chris Kennel,M40-44,245,Open,United States,1:04:30,5:50,7:32:25,8:53,4:11:45,13:03:21
1380,1379,Zac Graham,M40-44,246,Open,United States,1:11:07,7:15,6:31:00,6:16,5:08:20,13:03:58
1381,1630,Miguel Rodríguez,M50-54,171,Open,Peru,1:25:42,8:10,7:20:06,8:03,4:02:10,13:04:12
1382,2322,Ariel Aponte,M45-49,202,Open,United States,1:08:51,3:36,7:24:15,7:23,4:20:15,13:04:20
1383,2093,Sam Chi,M45-49,203,Open,United States,1:35:45,5:54,7:20:40,8:42,3:53:39,13:04:40
1384,2193,Peter Solc,M45-49,204,Open,United States,1:22:19,5:08,7:06:19,7:14,4:23:43,13:04:43
1385,1528,Marcin Maciejewski,M50-54,172,Open,Poland,1:12:36,4:40,7:02:07,13:03,4:32:23,13:04:49
1386,1050,Bob Morris,M60-64,34,Open,United States,1:14:08,7:52,7:29:59,6:58,4:06:04,13:05:01
1387,1565,Scott White,M50-54,173,Open,United States,1:05:31,7:12,7:05:53,9:13,4:37:15,13:05:04
1388,1180,Cassiano Ricardo Moreira Pessoa,M40-44,247,Open,Brazil,1:10:16,4:55,6:45:15,6:01,4:58:43,13:05:09
1389,2175,Pedro Pontaque,M45-49,205,Open,Spain,1:14:35,6:54,7:13:41,8:10,4:21:55,13:05:14
1390,2194,Rodrigo Vasconcellos,M45-49,206,Open,Brazil,1:10:58,5:57,6:51:56,11:58,4:44:48,13:05:37
1391,387,Shota Sakakibara,M35-39,230,Open,Japan,1:15:40,13:27,7:05:22,6:00,4:25:15,13:05:45
1392,2181,Marko Knezovic,M45-49,207,Open,Serbia,1:16:09,7:36,6:23:13,12:38,5:06:09,13:05:46
1393,1774,Will Sandul,M50-54,174,Open,United States,1:05:48,6:05,6:51:23,5:52,4:56:40,13:05:48
1394,1199,Housein Deli,M40-44,248,Open,Germany,1:19:30,7:14,7:11:25,8:57,4:18:53,13:05:59
1395,1808,Donald Sanders,M50-54,175,Open,United States,1:15:07,8:00,6:46:15,9:12,4:47:29,13:06:02
1396,605,Dean Ratcliffe,M55-59,93,Open,United Kingdom,1:02:15,3:46,6:17:09,5:24,5:37:28,13:06:02
1397,255,Brian Leek,M35-39,231,Open,United States,1:19:35,7:09,6:49:52,12:09,4:38:07,13:06:52
1398,1766,Bruno Savard,M50-54,176,Open,Canada,1:17:19,5:58,6:56:49,7:17,4:39:49,13:07:12
1399,528,Martin Courtenay,M55-59,94,Open,Canada,1:07:40,5:51,6:29:13,7:46,5:16:54,13:07:24
1400,2219,Mark Telang,M45-49,208,Open,Canada,1:05:08,6:10,6:42:31,9:21,5:04:23,13:07:32
1401,434,John Hill,M65-69,7,Open,Australia,1:16:40,8:41,6:56:07,8:05,4:38:18,13:07:51
1402,1585,Jaroslaw Wikalinski,M50-54,177,Open,Poland,1:33:06,10:52,7:14:54,10:05,3:59:37,13:08:34
1403,2007,Camden Stockdale,M18-24,57,Open,United States,1:14:47,6:11,7:09:33,6:32,4:31:35,13:08:38
1404,2309,Noel Garciano,M45-49,209,Open,Australia,1:15:04,4:33,7:05:03,5:53,4:39:18,13:09:51
1405,1595,Ali Al-Tek,M50-54,178,Open,United Kingdom,1:13:08,6:23,6:17:15,9:36,5:23:54,13:10:16
1406,1758,Yaniv Yarkoni,M50-54,179,Open,United States,1:23:57,10:51,7:12:06,6:02,4:17:33,13:10:28
1407,1592,James Thornton,M50-54,180,Open,United States,1:10:05,7:04,7:12:59,8:54,4:31:42,13:10:44
1408,1504,Erik Timpers,M50-54,181,Open,Netherlands,1:02:53,6:34,6:50:57,8:54,5:01:38,13:10:56
1409,843,Alexander Völker,M30-34,198,Open,Germany,1:20:21,5:26,7:08:46,9:20,4:27:19,13:11:13
1410,1141,Thomas Holenweger,M40-44,249,Open,Switzerland,1:06:46,3:59,6:57:49,6:01,4:56:51,13:11:25
1411,2039,Manuel Fardilha,M18-24,58,Open,Portugal,55:28,5:05,7:26:15,6:31,4:38:19,13:11:36
1412,546,Steffen Fleischer,M55-59,95,Open,Germany,1:20:27,5:46,6:46:51,6:29,4:52:16,13:11:49
1413,2218,Hans Verschaeren,M45-49,210,Open,Belgium,1:15:30,6:14,7:02:37,10:54,4:36:51,13:12:06
1414,184,Arifur Rahman,M35-39,232,Open,Bangladesh,1:14:26,8:40,7:32:12,9:57,4:07:08,13:12:23
1415,1807,Graham Stephenson,M50-54,182,Open,United Kingdom,1:17:56,4:22,6:36:03,6:59,5:07:06,13:12:27
1416,800,Amine RADWI,M30-34,199,Open,Morocco,1:11:46,7:12,7:02:18,10:02,4:41:23,13:12:41
1417,1444,Stephen Banister,M40-44,250,Open,United States,55:19,4:49,7:12:47,10:03,4:49:45,13:12:42
1418,1360,Matthew Pelc,M40-44,251,Open,United States,1:28:55,6:07,6:45:48,5:20,4:46:39,13:12:48
1419,445,Tom Monica,M65-69,8,Open,United States,1:04:31,6:00,7:07:59,7:04,4:47:16,13:12:50
1420,2372,Jason Gambill,M35-39,233,Open,United States,1:17:30,6:28,6:53:26,6:28,4:49:01,13:12:53
1421,1686,Jonny Williams,M50-54,183,Open,United Kingdom,1:12:30,8:35,6:39:00,14:03,4:59:18,13:13:26
1422,1544,Arnaud Debane,M50-54,184,Open,France,1:29:23,5:07,7:16:06,7:10,4:16:10,13:13:56
1423,1770,Douglas Hardy,M50-54,185,Open,United States,1:30:32,5:22,6:48:51,7:50,4:41:26,13:14:01
1424,1370,Blake Gill,M40-44,252,Open,United States,1:15:13,7:46,6:19:53,6:25,5:24:48,13:14:06
1425,1488,Andy Ley,M50-54,186,Open,United Kingdom,1:18:11,3:02,6:41:03,6:34,5:05:18,13:14:09
1426,1308,Erick Marquez,M40-44,253,Open,Honduras,1:39:53,9:51,7:23:34,11:08,3:50:04,13:14:29
1427,887,Aj Geukes,M30-34,200,Open,United States,1:11:35,5:48,6:57:33,7:54,4:51:53,13:14:43
1428,1944,Matthew Perry,M25-29,116,Open,Canada,1:07:29,8:08,6:45:27,18:43,4:54:57,13:14:44
1429,653,Raul Andresson,M55-59,96,Open,Estonia,1:14:54,9:19,7:03:10,6:51,4:40:32,13:14:47
1430,1380,Lukasz Remisiewicz,M40-44,254,Open,Poland,1:10:27,3:54,7:44:30,5:10,4:10:47,13:14:49
1431,2186,Roger Camacho Zamora,M45-49,211,Open,Costa Rica,59:06,5:18,7:03:17,7:11,5:00:14,13:15:06
1432,1682,Andres Amaya,M50-54,187,Open,Colombia,1:25:23,5:38,7:30:59,9:34,4:03:33,13:15:07
1433,1614,Gerald Rossmann,M50-54,188,Open,Austria,1:19:23,5:58,7:08:53,6:10,4:34:47,13:15:10
1434,2212,Aparicio Piñeiro Fernandez,M45-49,212,Open,Peru,1:08:37,6:32,7:35:47,8:01,4:16:17,13:15:13
1435,2247,Andre Kasmara,M45-49,213,Open,Indonesia,1:32:06,7:35,7:30:00,7:39,3:58:34,13:15:54
1436,1573,Gonzalo Garatea Grau,M50-54,189,Open,Peru,1:14:17,9:40,7:52:03,8:04,3:51:51,13:15:55
1437,728,Juergen Braehler,M55-59,97,Open,Germany,1:26:50,7:15,6:42:03,6:00,4:54:12,13:16:21
1438,225,David Davies,M35-39,234,Open,United Kingdom,1:22:33,7:14,7:02:48,10:53,4:32:57,13:16:24
1439,1203,Dale Mackay,M40-44,255,Open,Canada,1:12:34,6:42,7:10:45,19:37,4:27:13,13:16:51
1440,557,Gregory Martinelli,M55-59,98,Open,United States,1:23:16,5:47,7:19:35,7:35,4:20:48,13:17:00
1441,712,Minoru Yamauchi,M55-59,99,Open,Japan,1:24:55,6:33,6:48:23,11:36,4:45:35,13:17:03
1442,193,Justin Mccollum,M35-39,235,Open,United States,1:12:02,4:48,6:50:54,5:52,5:03:46,13:17:21
1443,788,Naoya Motozuka,M30-34,201,Open,Japan,1:30:18,11:03,7:10:56,10:39,4:15:32,13:18:27
1444,1071,Francisco Javier De Benito Bustillo,M60-64,35,Open,Spain,1:26:41,7:20,7:25:45,6:01,4:13:53,13:19:39
1445,2143,Brian Mccormick,M45-49,214,Open,United States,1:16:26,10:18,7:17:46,9:36,4:25:35,13:19:41
1446,1578,Nick Lees,M50-54,190,Open,United Kingdom,1:15:45,6:32,6:56:46,6:53,4:54:34,13:20:31
1447,306,Brian Beahn,M35-39,236,Open,United States,1:02:54,7:36,7:13:00,13:04,4:44:03,13:20:36
1448,1745,Onder Anilturk,M50-54,191,Open,Turkey,1:38:32,7:58,7:11:37,8:13,4:14:21,13:20:41
1449,2086,André Niederberghaus,M45-49,215,Open,Germany,1:10:01,5:28,6:43:32,7:55,5:13:53,13:20:49
1450,1512,Morten Røsaasen,M50-54,192,Open,Norway,1:10:50,6:38,7:08:14,9:21,4:45:52,13:20:53
1451,2377,Ryan Hollingshead,M30-34,202,Open,United States,1:24:33,5:27,7:02:54,6:20,4:41:43,13:20:57
1452,1020,Thomas Ritzka,M60-64,36,Open,Germany,1:25:25,4:50,6:40:36,6:07,5:04:12,13:21:10
1453,1002,Daniel Perkins,M60-64,37,Open,United States,1:20:22,8:35,6:56:43,7:35,4:47:58,13:21:12
1454,1228,Andre Reid,M40-44,256,Open,United Kingdom,1:31:07,8:35,7:30:37,8:03,4:03:08,13:21:30
1455,1129,Andrew Conradi,M60-64,38,Open,United Kingdom,1:29:56,6:16,6:41:36,8:35,4:55:16,13:21:39
1456,485,Hans-Joachim Weissflog,M70-74,2,Open,Germany,1:31:15,7:31,7:23:05,8:53,4:11:21,13:22:05
1457,1948,Reuven Alzaga,M25-29,117,Open,Philippines,1:17:33,7:12,7:20:40,6:05,4:30:41,13:22:12
1458,1509,Dietmar Kaesser,M50-54,193,Open,Germany,1:10:18,4:32,6:51:53,8:05,5:08:09,13:22:57
1459,2102,Peter Schultz,M45-49,216,Open,United States,1:19:20,6:51,7:40:15,8:16,4:08:19,13:23:01
1460,151,Patriek Van Bruaene,M35-39,237,Open,Belgium,1:26:22,8:55,7:16:59,9:56,4:20:51,13:23:04
1461,1862,Fanchen Zeng,M25-29,118,Open,China,1:17:19,5:29,6:58:15,9:31,4:52:31,13:23:05
1462,667,Jan Rubbrecht,M55-59,100,Open,Belgium,1:17:40,7:44,7:14:11,6:12,4:38:09,13:23:57
1463,1776,Norman O'Reilly,M50-54,194,Open,Canada,1:06:55,8:17,7:09:23,11:46,4:47:41,13:24:00
1464,1051,Jens Kleinau,M60-64,39,Open,Germany,1:05:20,5:26,7:21:12,5:39,4:46:43,13:24:19
1465,668,Cato Skaugrud,M55-59,101,Open,Norway,1:23:40,8:16,6:45:41,7:40,4:59:12,13:24:29
1466,431,Pascal Mylonas,M65-69,9,Open,France,1:37:23,8:44,7:12:53,6:17,4:19:19,13:24:36
1467,2065,Jason Smith,M45-49,217,Open,United States,1:21:13,5:41,7:07:44,6:53,4:43:12,13:24:44
1468,652,David Cronwall,M55-59,102,Open,United States,1:14:39,5:10,6:58:52,11:20,4:54:50,13:24:51
1469,2249,Teck Loon Tan,M45-49,218,Open,Singapore,1:10:10,10:59,7:34:27,5:30,4:23:50,13:24:55
1470,726,Niels Christian Smed Christensen,M55-59,103,Open,Denmark,1:23:12,8:53,7:24:48,18:02,4:10:04,13:25:00
1471,1799,Guillaume Lion,M50-54,195,Open,France,1:17:23,7:38,7:05:25,12:11,4:42:29,13:25:06
1472,2307,Aaron Kuntz,M45-49,219,Open,United States,1:14:29,9:01,7:06:26,11:11,4:44:00,13:25:06
1473,2136,Wei Huang,M45-49,220,Open,Taiwan,1:37:15,6:35,6:50:39,9:35,4:41:08,13:25:12
1474,2076,Seifan Weinberg,M45-49,221,Open,Israel,1:19:02,7:02,7:33:57,6:03,4:19:28,13:25:30
1475,1735,Stefano Angelini,M50-54,196,Open,Italy,1:45:01,7:21,7:07:12,6:56,4:20:26,13:26:55
1476,1138,Tim Verschaeren,M40-44,257,Open,Belgium,1:14:07,22:38,7:02:37,10:48,4:36:56,13:27:06
1477,967,Stephen Billiter,M30-34,203,Open,United States,1:16:51,5:19,6:45:26,5:27,5:14:21,13:27:24
1478,1126,Alexander Crook,M60-64,40,Open,United States,1:20:20,6:13,7:07:47,13:27,4:39:39,13:27:26
1479,558,Wayne Knott,M55-59,104,Open,Australia,1:25:50,9:57,6:53:27,5:30,4:52:52,13:27:36
1480,341,Sonny Tufano,M35-39,238,Open,United States,1:18:27,6:01,6:43:42,6:10,5:13:41,13:28:00
1481,1014,Hervé Colinart,M60-64,41,Open,France,1:23:03,8:29,7:12:11,8:24,4:35:57,13:28:03
1482,971,Phil Dowson-Smith,M30-34,204,Open,United Kingdom,1:17:12,7:51,7:20:49,6:57,4:35:39,13:28:27
1483,985,Madi Tolegen,M30-34,205,Open,Kazakhstan,1:23:59,5:39,7:21:01,8:55,4:29:06,13:28:40
1484,638,Brian Kenady,M55-59,105,Open,United States,1:14:48,7:20,6:42:19,10:33,5:13:40,13:28:41
1485,650,Jim Rooney,M55-59,106,Open,Canada,1:20:51,5:21,7:41:20,7:01,4:14:11,13:28:44
1486,1074,Paul Strong,M60-64,42,Open,United States,1:04:03,6:10,7:05:41,9:42,5:03:10,13:28:46
1487,1654,José Massuça,M50-54,197,Open,Portugal,1:17:45,4:02,7:36:00,6:34,4:24:50,13:29:11
1488,1313,Olivier Lathuilliere,M40-44,258,Open,France,1:23:24,5:39,6:43:31,5:27,5:11:23,13:29:23
1489,1739,Gilles Vallee,M50-54,198,Open,France,1:06:31,7:25,6:18:57,5:46,5:50:49,13:29:27
1490,1519,Ireneusz Stepien,M50-54,199,Open,Poland,1:29:01,6:05,6:56:26,7:40,4:50:23,13:29:36
1491,591,Joaquin Castillo,M55-59,107,Open,Canada,1:13:24,6:20,8:01:39,6:42,4:01:49,13:29:55
1492,560,Chin Nang Ip,M55-59,108,Open,Macao,1:09:42,6:49,6:52:36,9:43,5:11:07,13:29:55
1493,1114,David Adams,M60-64,43,Open,Australia,1:19:17,6:39,7:16:40,5:44,4:41:41,13:30:01
1494,691,Aaron Jamieson,M55-59,109,Open,Australia,1:16:36,7:25,7:22:54,10:40,4:32:30,13:30:06
1495,1713,Christoph Hussmann,M50-54,200,Open,Germany,1:22:28,5:19,7:36:58,6:23,4:19:13,13:30:22
1496,872,Alex Nagel,M30-34,206,Open,United States,1:33:15,6:51,6:51:28,5:56,4:52:56,13:30:25
1497,1101,Henry Haferkorn,M60-64,44,Open,Germany,1:17:54,6:06,7:03:19,7:54,4:55:17,13:30:31
1498,1319,James Rowe,M40-44,259,Open,United States,1:13:25,11:34,7:08:01,11:57,4:45:42,13:30:39
1499,1156,Christopher Bender,M40-44,260,Open,United States,1:27:28,9:00,6:53:44,10:59,4:49:35,13:30:45
1500,1613,Brad Dixon,M50-54,201,Open,Canada,1:41:27,4:44,7:28:31,7:55,4:08:17,13:30:54
1501,142,Chris Pullman,M35-39,239,Open,Canada,1:10:27,4:11,7:21:20,4:18,4:50:58,13:31:13
1502,1329,Mario Schreuer,M40-44,261,Open,Germany,1:13:37,5:33,6:59:50,6:11,5:06:12,13:31:24
1503,2290,Carsten Rumbler,M45-49,222,Open,Germany,1:14:05,9:12,7:14:17,10:40,4:43:16,13:31:29
1504,1049,Huy Nguyen,M60-64,45,Open,United States,1:38:28,13:22,7:24:42,5:01,4:10:03,13:31:36
1505,554,Yair Raman,M55-59,110,Open,Israel,1:26:47,4:05,7:09:49,3:40,4:47:27,13:31:48
1506,532,Michael Schwan,M55-59,111,Open,Germany,1:32:23,9:49,6:51:58,9:01,4:48:58,13:32:08
1507,1797,Erdei Sándor,M50-54,202,Open,Hungary,1:22:42,10:19,6:57:46,10:51,4:50:37,13:32:15
1508,534,Oliver Kolassa,M55-59,112,Open,Germany,1:15:02,6:16,7:08:47,9:15,4:53:18,13:32:38
1509,1165,Brandon Robertson,M40-44,262,Open,United States,1:04:35,5:59,6:38:50,7:28,5:35:51,13:32:43
1510,1376,Daniel Koch,M40-44,263,Open,United States,1:08:03,5:32,6:52:31,6:50,5:19:55,13:32:52
1511,510,Johan Mensaert,M55-59,113,Open,Belgium,1:05:58,5:38,6:40:27,5:45,5:35:48,13:33:35
1512,1122,Robert Schlederer,M60-64,46,Open,Austria,1:17:41,5:20,7:15:15,4:51,4:50:36,13:33:42
1513,288,Luca Rossini,M35-39,240,Open,Italy,59:02,4:59,6:47:02,3:45,5:39:01,13:33:50
1514,740,Albert La Valle,M55-59,114,Open,United States,1:12:55,9:27,7:05:02,11:14,4:55:30,13:34:08
1515,536,Michael Enseling,M55-59,115,Open,Germany,1:25:18,6:28,6:48:28,6:56,5:07:22,13:34:32
1516,2151,Julien Cornut,M45-49,223,Open,France,1:09:47,8:23,6:44:38,12:17,5:19:28,13:34:34
1517,2378,Chris Rusert,M50-54,203,Open,United States,1:50:07,8:56,6:41:54,6:23,4:47:21,13:34:40
1518,146,Westin Galloway,M35-39,241,Open,United States,1:17:45,7:38,7:14:06,10:27,4:44:47,13:34:43
1519,2294,Sébastien Rolland,M45-49,224,Open,France,1:15:20,6:21,6:50:50,6:23,5:16:49,13:35:42
1520,655,Dai Matsui,M55-59,116,Open,Japan,1:04:43,5:07,6:52:10,7:57,5:25:59,13:35:57
1521,1432,Rafael Rivera,M40-44,264,Open,United States,1:28:10,6:17,7:36:52,7:05,4:17:49,13:36:13
1522,1784,Martin Carstensen,M50-54,204,Open,Denmark,1:35:47,7:31,6:32:35,7:11,5:13:26,13:36:30
1523,1695,Jurie van der Merwe,M50-54,205,Open,South Africa,1:26:04,9:04,7:51:37,10:50,3:59:11,13:36:46
1524,2250,Jerome Bareth,M45-49,225,Open,United States,1:22:00,4:49,6:42:02,8:08,5:19:59,13:36:57
1525,2123,Oswald Wong,M45-49,226,Open,Singapore,1:30:12,9:17,7:26:44,14:36,4:16:14,13:37:03
1526,353,Antonny Oliveira,M35-39,242,Open,United States,1:18:29,5:30,6:56:12,6:34,5:10:20,13:37:05
1527,463,Eddie Kern,M65-69,10,Open,France,1:14:40,5:02,6:47:38,6:08,5:23:42,13:37:11
1528,1778,Juan Rodriguez,M50-54,206,Open,Puerto Rico,1:19:26,5:56,7:31:35,8:43,4:31:36,13:37:17
1529,1566,Kyle Stone,M50-54,207,Open,United States,1:17:24,9:51,7:04:34,11:50,4:53:58,13:37:38
1530,2283,Alma Jeppson,M45-49,227,Open,United States,1:16:16,7:31,7:07:49,9:07,4:56:58,13:37:41
1531,1039,Daniel Alter,M60-64,47,Open,United States,1:12:02,7:25,7:32:39,7:16,4:38:19,13:37:41
1532,2061,Marko Femc,M45-49,228,Open,Slovenia,1:26:00,6:11,7:56:09,5:04,4:04:47,13:38:11
1533,577,Jon Dorn,M55-59,117,Open,United States,1:24:50,5:52,7:21:57,6:56,4:38:39,13:38:13
1534,600,Thilo Krause,M55-59,118,Open,Germany,1:20:09,4:59,6:29:31,5:28,5:38:24,13:38:32
1535,1530,David Comiskey,M50-54,208,Open,Australia,1:27:33,7:29,7:28:04,9:55,4:25:39,13:38:40
1536,1355,Thomas Krzmarzick,M40-44,265,Open,United States,1:14:10,10:10,7:05:53,9:29,4:59:17,13:38:59
1537,2375,Richard Rainey,M55-59,119,Open,United States,1:15:37,8:59,7:14:54,12:44,4:46:48,13:39:02
1538,910,Roberto Eder Gonzalez Moreno,M30-34,207,Open,Mexico,1:20:08,7:32,7:07:51,9:11,4:54:33,13:39:16
1539,462,Edward Fahy,M65-69,11,Open,Ireland,1:30:41,5:27,7:31:21,6:42,4:25:36,13:39:46
1540,1748,Will Deleon,M50-54,209,Open,United States,1:32:39,6:36,7:26:57,8:36,4:25:03,13:39:51
1541,1611,Juan Camilo Santamaria,M50-54,210,Open,Colombia,1:34:36,6:08,7:01:50,8:36,4:49:00,13:40:10
1542,535,Rolf Brölemann,M55-59,120,Open,Germany,1:19:54,7:27,7:11:50,7:27,4:53:40,13:40:19
1543,1589,Rudolf Bayer,M50-54,211,Open,Austria,1:21:36,4:42,6:55:27,6:20,5:12:15,13:40:20
1544,1327,Edgar Puruganan,M40-44,266,Open,Philippines,1:39:15,6:20,7:15:28,6:59,4:32:27,13:40:28
1545,1375,Hüseyin Arhan,M40-44,267,Open,Turkey,1:11:26,5:41,6:59:23,14:27,5:09:40,13:40:36
1546,1236,Bradley Slattery,M40-44,268,Open,Australia,1:30:02,8:02,7:13:27,10:35,4:38:36,13:40:42
1547,2173,Colin Singleton,M45-49,229,Open,United Kingdom,1:22:19,4:16,7:38:00,5:32,4:30:41,13:40:48
1548,2170,Timothy Hough,M45-49,230,Open,United States,1:05:35,7:10,6:58:10,9:53,5:20:25,13:41:13
1549,817,Mishu Biswas,M30-34,208,Open,Bangladesh,1:33:20,8:24,8:02:51,6:47,3:49:56,13:41:18
1550,1306,John Romais,M40-44,269,Open,United States,1:08:03,4:20,7:41:48,5:16,4:42:05,13:41:32
1551,391,Adam Mattingly,M35-39,243,Open,United States,1:27:14,7:21,7:28:10,10:40,4:28:14,13:41:39
1552,1472,Sandro Crisolli,M40-44,270,Open,Germany,1:20:39,5:43,6:48:44,7:21,5:19:12,13:41:39
1553,1088,David Virden,M60-64,48,Open,United Kingdom,1:20:22,6:02,7:22:40,4:19,4:49:10,13:42:33
1554,1458,Hiroshi Sudo,M40-44,271,Open,Japan,1:15:25,7:11,7:31:23,11:03,4:37:51,13:42:52
1555,1502,Frederic L'Huillier,M50-54,212,Open,France,1:12:53,8:45,7:22:26,10:04,4:48:49,13:42:57
1556,1556,Kenneth Allen,M50-54,213,Open,United States,1:25:57,6:40,7:08:27,10:39,4:51:13,13:42:57
1557,1107,Marcus Jores,M60-64,49,Open,Germany,1:11:50,8:46,6:10:45,9:02,6:02:44,13:43:07
1558,565,Andreas Philipp,M55-59,121,Open,Germany,1:23:03,8:16,7:17:35,9:19,4:44:56,13:43:09
1559,2204,Vyacheslav Tsoy,M45-49,231,Open,Kazakhstan,1:31:44,7:28,7:34:00,6:52,4:23:12,13:43:15
1560,1710,Nicolas Emery,M50-54,214,Open,France,1:17:36,6:09,6:42:28,5:42,5:31:28,13:43:23
1561,2385,Pieter Brummer,M40-44,272,Open,South Africa,1:04:31,7:32,7:08:18,12:16,5:11:13,13:43:51
1562,2214,Marc Barrow,M45-49,232,Open,United Kingdom,1:10:02,5:18,6:28:00,6:29,5:54:14,13:44:03
1563,1562,Raul Cardenas,M50-54,215,Open,United States,1:16:52,6:15,7:23:26,8:50,4:48:46,13:44:08
1564,1560,Jeff Belt,M50-54,216,Open,United Kingdom,1:24:10,12:51,6:42:34,9:38,5:14:59,13:44:11
1565,1623,Anthony Renda,M50-54,217,Open,United States,1:17:36,11:21,7:36:11,10:17,4:29:12,13:44:37
1566,1637,Arnaud Perrier,M50-54,218,Open,United States,1:44:15,14:54,7:17:43,10:22,4:17:37,13:44:50
1567,1535,Emmanuel Mondero,M50-54,219,Open,Philippines,1:25:51,6:05,7:18:25,10:24,4:44:13,13:44:58
1568,699,Tyrone Dunson,M55-59,122,Open,United States,1:21:50,13:33,7:23:16,9:56,4:36:34,13:45:10
1569,957,Florent Bonneville,M30-34,209,Open,Switzerland,1:18:35,6:17,7:07:20,7:48,5:05:13,13:45:13
1570,2160,Raymond Chung-Man Tam,M45-49,233,Open,United States,1:22:53,14:17,7:56:47,10:14,4:01:27,13:45:39
1571,1677,Martijn Breuer,M50-54,220,Open,Netherlands,1:15:20,7:54,7:15:12,10:34,4:57:08,13:46:08
1572,2174,Jason Kasprzak,M45-49,234,Open,United States,1:16:33,4:16,7:30:55,9:32,4:45:17,13:46:34
1573,716,Mark Slater,M55-59,123,Open,United States,1:11:44,9:10,7:28:34,8:03,4:49:34,13:47:04
1574,1693,Erwann Lemenager,M50-54,221,Open,France,1:09:44,7:00,7:38:06,8:10,4:44:36,13:47:36
1575,718,Ariel Heller,M55-59,124,Open,Israel,1:09:21,8:42,7:03:21,11:35,5:14:42,13:47:40
1576,1942,Chee Yong Lim,M25-29,119,Open,Malaysia,1:04:34,5:22,7:30:58,4:40,5:02:13,13:47:47
1577,1518,Johann Wodaczek,M50-54,222,Open,Austria,1:20:19,7:54,7:42:51,9:49,4:27:01,13:47:54
1578,749,Randy Campbell,M55-59,125,Open,Canada,1:13:27,5:55,6:47:08,10:04,5:31:38,13:48:11
1579,1131,Kevin Heinze,M60-64,50,Open,Canada,1:24:25,8:09,7:16:23,5:36,4:53:48,13:48:21
1580,2152,Andy Riley,M45-49,235,Open,United Kingdom,1:20:10,9:06,6:45:56,10:50,5:22:18,13:48:21
1581,865,Raymond Whittington,M30-34,210,Open,Australia,1:12:47,9:50,7:15:47,10:44,4:59:15,13:48:23
1582,584,Boštjan Jaklic,M55-59,126,Open,Slovenia,1:12:55,4:38,6:47:06,8:29,5:35:25,13:48:33
1583,1053,Robin Brown,M60-64,51,Open,New Zealand,1:14:16,10:21,7:31:05,9:37,4:43:16,13:48:35
1584,197,Ralph Recto Bautista,M35-39,244,Open,Philippines,1:18:57,6:37,6:51:04,8:21,5:24:06,13:49:06
1585,206,Makoto Toriumi,M35-39,245,Open,Japan,1:18:16,10:15,7:35:26,8:24,4:36:51,13:49:12
1586,995,Lazar Kosmajac,M30-34,211,Open,Serbia,1:21:37,5:32,6:58:15,8:26,5:15:58,13:49:47
1587,2087,Stephen Horan,M45-49,236,Open,United States,1:27:48,6:16,7:03:04,8:12,5:04:38,13:49:58
1588,1343,Conrad Legaspi,M40-44,273,Open,Philippines,1:31:27,7:13,7:23:40,4:29,4:43:27,13:50:17
1589,1417,James Cissel,M40-44,274,Open,United States,1:10:19,16:07,7:14:11,9:56,4:59:49,13:50:21
1590,501,Wolfgang Epting,M55-59,127,Open,Germany,1:26:15,9:19,7:15:23,7:03,4:52:38,13:50:37
1591,1111,Dean Sprague,M60-64,52,Open,United States,1:14:19,6:05,7:44:14,7:32,4:38:29,13:50:39
1592,1351,Andrew Cruz,M40-44,275,Open,United States,1:13:50,4:48,7:14:28,13:48,5:03:48,13:50:42
1593,186,Kenji Kasahara,M35-39,246,Open,Dominican Republic,1:15:58,7:57,7:36:02,9:12,4:41:54,13:51:03
1594,531,Emanuele Schembari,M55-59,128,Open,Italy,1:25:30,8:24,7:33:31,11:26,4:32:41,13:51:32
1595,1632,Olivier Braun,M50-54,223,Open,Finland,1:17:11,7:01,6:50:57,10:30,5:25:57,13:51:35
1596,1098,Lionel Flin,M60-64,53,Open,France,1:37:47,8:15,7:33:43,7:47,4:24:06,13:51:37
1597,675,Michael Dickerson,M55-59,129,Open,United States,1:08:01,11:57,7:40:56,15:33,4:35:39,13:52:05
1598,1635,Matthew Olivolo,M50-54,224,Open,United States,1:31:54,7:11,7:23:48,7:36,4:41:38,13:52:08
1599,614,Simon Cross,M55-59,130,Open,United Kingdom,1:18:21,7:09,6:47:09,11:18,5:28:14,13:52:11
1600,522,Frank Maters,M55-59,131,Open,Netherlands,1:24:29,8:02,7:10:51,9:28,4:59:35,13:52:24
1601,2228,Tim Soetens,M45-49,237,Open,Netherlands,1:15:46,10:43,7:43:41,7:38,4:34:47,13:52:35
1602,2301,Deepak Raj,M45-49,238,Open,India,1:24:34,13:09,8:14:17,17:25,3:43:14,13:52:39
1603,1037,John Van Heyst,M60-64,54,Open,Canada,1:16:24,5:38,6:49:20,10:01,5:31:34,13:52:57
1604,1316,Julian Higuera Pinilla,M40-44,276,Open,Colombia,1:15:59,6:13,7:41:13,9:44,4:40:09,13:53:18
1605,1634,Dirk Janz,M50-54,225,Open,Germany,1:09:05,6:46,8:25:29,5:32,4:06:27,13:53:18
1606,2195,Denny Rossow,M45-49,239,Open,Germany,1:17:58,10:07,7:40:07,11:19,4:33:54,13:53:25
1607,1042,Gavin Sendrowski,M60-64,55,Open,Canada,1:08:29,9:28,7:24:37,10:02,5:00:50,13:53:26
1608,596,Christos Simos,M55-59,132,Open,Greece,1:25:11,8:50,8:00:10,11:37,4:07:42,13:53:30
1609,1621,Scott Brooks,M50-54,226,Open,United States,1:06:38,7:28,7:30:47,9:40,4:59:09,13:53:42
1610,2325,Ramon Gonzalez,M45-49,240,Open,United States,1:14:51,3:55,7:16:54,5:18,5:12:50,13:53:47
1611,1583,Torsten Pfaff,M50-54,227,Open,Germany,1:24:30,5:58,7:23:30,7:33,4:52:35,13:54:06
1612,418,Kurt Madden,M65-69,12,Open,United States,1:06:53,6:37,7:29:51,9:11,5:01:49,13:54:21
1613,1174,Cody Leibel,M40-44,277,Open,Canada,1:12:06,9:32,7:03:46,15:12,5:13:52,13:54:27
1614,1724,Jose Joaquin Acosta Arango,M50-54,228,Open,Spain,1:07:44,6:11,7:25:15,7:16,5:08:06,13:54:32
1615,248,Daniel Ricardo Behnke,M35-39,247,Open,Brazil,1:02:12,6:49,6:42:49,11:34,5:51:09,13:54:33
1616,1013,Matthew Liggins,M60-64,56,Open,United Kingdom,1:09:07,8:05,6:59:25,15:20,5:22:45,13:54:42
1617,429,Roland Rupprecht,M65-69,13,Open,Germany,1:24:16,8:02,7:35:13,7:55,4:39:17,13:54:45
1618,1453,Kristoffer Crisostomo,M40-44,278,Open,Philippines,1:22:52,7:27,8:00:06,10:40,4:13:42,13:54:47
1619,222,Marco Taufer,M35-39,248,Open,Germany,1:12:12,3:34,6:51:46,7:26,5:40:02,13:55:01
1620,2191,Ary Sutoyo,M45-49,241,Open,Indonesia,1:37:51,10:25,7:39:38,10:03,4:17:10,13:55:07
1621,1725,Wim Verstraeten,M50-54,229,Open,Belgium,1:33:54,6:57,7:40:52,10:43,4:22:45,13:55:10
1622,593,Brad Douglass,M55-59,133,Open,United States,1:06:22,8:01,7:11:21,10:50,5:18:52,13:55:26
1623,649,Matthew Cressa,M55-59,134,Open,United States,1:17:12,6:10,7:14:43,9:32,5:07:52,13:55:29
1624,2060,Michael Crawford,M45-49,242,Open,Australia,1:15:16,8:51,6:35:39,9:08,5:46:41,13:55:34
1625,898,Oleksandr Kochubeienko,M30-34,212,Open,Ukraine,1:07:21,4:42,7:09:19,6:30,5:28:09,13:56:01
1626,2281,Olivier Carron,M45-49,243,Open,France,1:16:00,6:51,7:15:02,5:42,5:13:27,13:57:03
1627,2084,Siu Yuen Wong,M45-49,244,Open,Hong Kong,1:54:43,10:46,7:23:18,7:20,4:21:55,13:58:02
1628,524,Gerald Dufek,M55-59,135,Open,Austria,1:37:00,8:48,7:08:07,7:08,4:56:58,13:58:02
1629,432,Gareth Buckley,M65-69,14,Open,Australia,1:20:58,6:51,7:31:28,7:15,4:52:19,13:58:52
1630,368,Preston Schaub,M35-39,249,Open,United States,1:07:44,6:35,6:37:48,4:57,6:01:57,13:59:01
1631,1148,Daryn Wiese,M40-44,279,Open,United States,1:15:17,6:38,7:07:58,12:08,5:17:42,13:59:43
1632,1006,Mark Hudson,M60-64,57,Open,United Kingdom,1:18:31,5:46,7:16:18,10:53,5:08:15,13:59:43
1633,609,Michael Garcia,M55-59,136,Open,Germany,1:18:13,5:21,7:22:14,9:05,5:05:10,14:00:03
1634,2033,Bereke Aitbay,M18-24,59,Open,Kazakhstan,1:19:42,4:50,7:10:53,8:39,5:16:08,14:00:12
1635,874,Steve Hill,M30-34,213,Open,United Kingdom,1:24:37,11:16,7:46:09,12:18,4:26:05,14:00:25
1636,1026,Tom Nagy,M60-64,58,Open,Canada,1:14:03,8:15,7:02:28,6:24,5:29:48,14:00:59
1637,679,Roy Ben-Hur,M55-59,137,Open,United States,1:27:26,8:29,7:14:50,9:31,5:00:56,14:01:12
1638,2142,Søren Hjelholt Hansen,M45-49,245,Open,Denmark,1:01:06,6:57,6:42:32,8:54,6:01:44,14:01:13
1639,709,Greg Callozzo,M55-59,138,Open,United States,1:10:40,5:21,7:04:07,25:00,5:16:46,14:01:55
1640,1497,Christopher Brown,M50-54,230,Open,Australia,1:14:30,6:44,7:22:31,7:40,5:10:42,14:02:08
1641,701,Gerd Pfister,M55-59,139,Open,United States,1:30:34,6:13,7:21:01,8:11,4:56:23,14:02:23
1642,2339,Yann Rodriguez,M45-49,246,Open,Switzerland,1:19:15,5:28,7:14:03,9:50,5:13:54,14:02:29
1643,1781,Niall Thompson,M50-54,231,Open,Australia,1:20:22,9:10,7:31:17,10:12,4:51:56,14:02:57
1644,1063,Jose Samayoa,M60-64,59,Open,El Salvador,1:09:56,6:17,7:14:43,9:40,5:24:01,14:04:36
1645,464,Uwe Drechsel,M65-69,15,Open,Germany,1:23:53,5:42,7:21:12,8:53,5:05:10,14:04:50
1646,1186,Sergei Shakirov,M40-44,280,Open,Uzbekistan,1:00:53,4:48,7:44:53,11:23,5:03:08,14:05:07
1647,836,Philip Wagner,M30-34,214,Open,Germany,1:12:11,9:26,7:17:48,9:01,5:17:27,14:05:53
1648,2058,Johan Andersson,M45-49,247,Open,Sweden,1:21:45,5:52,7:21:18,7:54,5:09:08,14:05:58
1649,1681,Wei Zhang,M50-54,232,Open,Canada,1:26:23,8:02,7:50:41,9:48,4:31:06,14:06:01
1650,585,Frank Metzger,M55-59,140,Open,Germany,1:25:08,11:54,6:49:30,7:32,5:32:10,14:06:15
1651,1035,Steve Mayberry,M60-64,60,Open,United States,1:39:18,7:52,7:19:42,9:10,4:50:32,14:06:34
1652,1311,Binam Shrestha,M40-44,281,Open,Nepal,1:38:21,11:40,7:53:21,15:37,4:07:46,14:06:44
1653,1261,Nikolai Drugin,M40-44,282,Open,Turkey,1:40:09,6:15,7:29:19,6:39,4:44:28,14:06:51
1654,523,Muneo Kato,M55-59,141,Open,Japan,1:37:38,8:02,6:44:28,8:48,5:28:15,14:07:11
1655,741,Michael Martin,M55-59,142,Open,United States,1:26:13,8:50,7:22:12,13:35,4:56:56,14:07:46
1656,1729,Doug Hall,M50-54,233,Open,United States,1:16:35,9:52,7:41:24,12:05,4:47:59,14:07:54
1657,1232,Yutaka Hirata,M40-44,283,Open,Japan,1:40:12,10:46,7:02:10,8:30,5:06:27,14:08:04
1658,145,Nicolas Slegers,M35-39,250,Open,Belgium,59:20,4:23,5:50:06,4:49,7:09:28,14:08:06
1659,1667,Perry Hock,M50-54,234,Open,United States,1:17:21,6:51,7:04:27,10:58,5:28:49,14:08:26
1660,467,Thomas Herget,M65-69,16,Open,Germany,1:21:52,6:58,6:33:04,7:56,5:58:39,14:08:30
1661,1730,Alexander Isip,M50-54,235,Open,Philippines,1:06:32,4:23,8:05:35,7:41,4:44:20,14:08:31
1662,603,Eusebio Allende,M55-59,143,Open,Argentina,1:34:47,5:54,7:30:32,4:49,4:52:41,14:08:42
1663,2101,Nurlan Saidakhmetov,M45-49,248,Open,Kazakhstan,1:22:29,5:57,7:29:35,10:03,5:01:05,14:09:08
1664,982,David Browne,M30-34,215,Open,Australia,1:14:39,4:28,6:49:50,10:03,5:50:10,14:09:10
1665,2091,Rafal Chmielewski,M45-49,249,Open,Poland,1:23:57,6:07,7:48:07,6:28,4:44:47,14:09:25
1666,254,Jeff Raines,M35-39,251,Open,United States,1:05:42,7:21,7:22:35,10:10,5:23:39,14:09:27
1667,1626,Daniel Mcdonald,M50-54,236,Open,United States,1:42:46,19:39,7:08:14,7:56,4:51:00,14:09:35
1668,1606,Chuck Engle,M50-54,237,Open,United States,1:17:56,5:58,7:01:40,10:49,5:33:17,14:09:40
1669,1080,Stephen Farrell,M60-64,61,Open,New Zealand,1:03:02,4:02,6:19:35,5:34,6:37:47,14:10:00
1670,670,Scott Hogg,M55-59,144,Open,United States,1:39:38,7:01,7:29:45,6:30,4:47:59,14:10:53
1671,2381,Jeffrey Shawhan,M55-59,145,Open,United States,1:21:31,9:42,6:31:04,15:55,5:52:47,14:10:59
1672,1981,Clayton Agler,M18-24,60,Open,United States,1:25:59,4:11,7:01:21,8:30,5:31:04,14:11:05
1673,1932,Peter Smith,M25-29,120,Open,United States,1:17:22,9:40,7:17:40,9:29,5:16:57,14:11:08
1674,1532,Hakan Nilsson,M50-54,238,Open,Sweden,1:10:55,4:25,7:14:45,8:39,5:33:00,14:11:44
1675,2376,Jason Sledziewski,M40-44,284,Open,Canada,1:14:42,9:13,7:24:59,8:56,5:13:55,14:11:44
1676,1674,Ian Rangitutia,M50-54,239,Open,New Zealand,1:19:52,7:51,7:45:50,9:07,4:49:10,14:11:50
1677,627,Cesar Kiamco,M55-59,146,Open,Panama,1:12:20,7:04,8:10:14,8:47,4:33:47,14:12:13
1678,1345,Gavin Gallimore,M40-44,285,Open,United Kingdom,1:04:49,5:00,6:46:03,39:40,5:37:39,14:13:11
1679,1167,Gareth Howitt,M40-44,286,Open,Australia,1:01:33,5:56,7:09:08,12:57,5:43:51,14:13:24
1680,2252,Josef Svoboda,M45-49,250,Open,Czechia,1:19:34,8:48,7:14:39,11:56,5:18:46,14:13:44
1681,598,Ronen Witman,M55-59,147,Open,Israel,1:15:31,8:08,7:36:27,11:09,5:03:09,14:14:24
1682,223,Peter Connolly,M35-39,252,Open,United Kingdom,1:39:24,4:44,7:07:37,4:57,5:18:27,14:15:09
1683,1005,Jack Guedj,M60-64,62,Open,United States,1:08:56,6:50,7:29:33,6:37,5:23:36,14:15:31
1684,2024,Karl Von Sanden,M18-24,61,Open,Germany,1:08:33,11:23,7:51:38,13:12,4:51:42,14:16:28
1685,2023,Luke Morretta,M18-24,62,Open,United States,1:29:13,7:21,7:57:24,8:33,4:33:57,14:16:28
1686,1543,Heath Williams,M50-54,240,Open,United Kingdom,1:08:12,8:29,7:16:46,11:51,5:31:58,14:17:15
1687,648,Wilbur Asprec,M55-59,148,Open,Philippines,1:52:00,5:58,7:48:11,9:34,4:22:09,14:17:52
1688,2063,Bryant Hardy,M45-49,251,Open,New Zealand,1:11:38,7:57,7:42:57,12:23,5:02:57,14:17:52
1689,1019,Cezary Awlasiewicz,M60-64,63,Open,Canada,1:29:12,8:36,7:09:45,9:38,5:21:06,14:18:17
1690,518,Peter Chislett,M55-59,149,Open,Australia,1:24:19,9:33,7:32:21,11:47,5:00:49,14:18:48
1691,656,Tony Telford,M55-59,150,Open,Australia,1:28:42,14:53,7:30:24,8:02,4:56:51,14:18:52
1692,2189,Pablo Arriaga,M45-49,252,Open,United States,1:43:23,6:53,6:39:33,5:12,5:44:06,14:19:08
1693,1041,Carlos Viana,M60-64,64,Open,Brazil,1:20:11,8:13,7:50:53,10:29,4:50:31,14:20:17
1694,1984,Juan Carlos Mora Cruz,M18-24,63,Open,Mexico,1:31:27,6:32,7:55:16,7:20,4:39:47,14:20:23
1695,1769,Abdurrahman Ipekisleyen,M50-54,241,Open,United States,1:28:51,10:51,7:50:05,11:47,4:39:38,14:21:11
1696,454,Mike Catlin,M65-69,17,Open,United States,1:15:16,5:36,7:10:18,9:15,5:41:24,14:21:49
1697,515,Wayne Cerven,M55-59,151,Open,Canada,1:35:02,10:16,7:59:15,6:09,4:31:14,14:21:56
1698,1520,Durrin Hynes,M50-54,242,Open,Denmark,1:29:45,11:47,7:36:05,10:23,4:53:59,14:21:59
1699,343,Cyril Del Pistoia,M35-39,253,Open,France,1:25:39,6:32,7:01:06,14:24,5:34:26,14:22:06
1700,1398,Luca Soppelsa,M40-44,287,Open,Italy,1:16:45,7:15,7:34:40,6:45,5:16:51,14:22:17
1701,1697,Raul De Leon Barria,M50-54,243,Open,Panama,1:14:21,5:35,8:03:52,8:14,4:50:28,14:22:30
1702,1201,Ryan Astrup,M40-44,288,Open,United States,1:30:45,8:20,7:32:24,12:49,4:58:21,14:22:40
1703,1021,Hagi Milntzki,M60-64,65,Open,Israel,1:14:16,7:25,7:48:16,7:59,5:04:44,14:22:41
1704,1523,Andrew Rosenman,M50-54,244,Open,United States,1:21:23,10:26,7:56:53,12:27,4:41:38,14:22:48
1705,1068,Kevin Wheeler,M60-64,66,Open,Canada,1:38:06,7:26,7:34:50,8:15,4:54:44,14:23:22
1706,1147,Andrea Ghiringhelli,M40-44,289,Open,United States,1:36:13,7:49,7:23:30,13:17,5:02:38,14:23:26
1707,1230,Anthony Lopez,M40-44,290,Open,United States,1:47:38,8:43,8:09:40,7:31,4:10:01,14:23:33
1708,1205,Steven Hanke,M40-44,291,Open,United States,1:07:53,7:47,7:32:11,9:21,5:26:48,14:24:01
1709,2177,Peter Ormsby,M45-49,253,Open,United States,1:13:09,6:56,7:24:35,9:33,5:29:49,14:24:01
1710,801,Thomas Pilliod,M30-34,216,Open,United States,54:15,3:30,6:15:14,6:33,7:04:43,14:24:15
1711,1018,William Coquelin,M60-64,67,Open,United States,1:22:05,8:54,7:28:13,12:22,5:12:58,14:24:32
1712,1800,Jerry Bartolome,M50-54,245,Open,United States,1:54:08,9:08,7:59:51,5:54,4:15:58,14:24:58
1713,1184,Ludovic Theretz,M40-44,292,Open,France,1:10:55,10:49,7:30:58,12:57,5:19:22,14:25:00
1714,602,Michael Schwebel,M55-59,152,Open,Australia,1:02:13,5:44,6:35:21,6:17,6:35:59,14:25:34
1715,1133,Alexander Knyazev,M60-64,68,Open,Bulgaria,1:20:28,10:01,7:46:15,8:35,5:00:18,14:25:38
1716,2003,Simon Andreas Kipp,M18-24,64,Open,Germany,1:29:58,5:58,7:15:58,12:18,5:21:34,14:25:46
1717,884,Lucas Schonfeld,M30-34,217,Open,United States,1:09:33,5:37,7:18:25,4:13,5:48:01,14:25:50
1718,1699,Jake Steen,M50-54,246,Open,United States,1:17:18,7:55,6:46:57,10:47,6:03:09,14:26:06
1719,1120,Paul Luksch,M60-64,69,Open,Germany,1:50:11,13:28,7:06:41,15:59,4:59:59,14:26:19
1720,2018,David Crean,M18-24,65,Open,Ireland,1:16:04,4:51,7:41:02,11:39,5:12:43,14:26:19
1721,569,Daniel Curnier,M55-59,153,Open,Canada,1:06:56,6:01,7:06:43,7:39,5:59:44,14:27:03
1722,336,Andreas Langer,M35-39,254,Open,Germany,1:39:53,7:29,7:30:01,8:47,5:01:27,14:27:36
1723,1082,Giovanni Marion,M60-64,70,Open,Italy,1:22:34,9:05,7:35:10,11:10,5:09:57,14:27:55
1724,1079,Loris Rinaldi,M60-64,71,Open,Italy,1:08:56,4:27,7:18:38,8:42,5:47:19,14:28:02
1725,1650,Fabrice James,M50-54,247,Open,France,1:11:32,6:43,7:08:10,10:55,5:51:39,14:28:59
1726,581,Marcelo Altuna,M55-59,154,Open,Argentina,1:24:48,7:12,7:05:15,9:19,5:43:11,14:29:44
1727,1753,Vito Tagliente,M50-54,248,Open,Italy,1:32:29,6:50,7:25:41,6:58,5:17:52,14:29:49
1728,553,Nicholas Welch,M55-59,155,Open,United Kingdom,1:40:50,8:00,8:17:19,8:57,4:14:52,14:29:59
1729,2068,Ruben Skov,M45-49,254,Open,Denmark,1:16:31,7:23,6:50:45,13:38,6:01:54,14:30:10
1730,1128,Matthias Wörner,M60-64,72,Open,Germany,1:04:37,8:23,7:34:25,7:40,5:35:13,14:30:18
1731,2326,Chin Guan Ooi,M45-49,255,Open,Malaysia,1:20:23,7:55,8:26:15,7:36,4:28:12,14:30:21
1732,1057,Simon Glastonbury,M60-64,73,Open,Australia,1:15:06,8:07,7:54:23,7:58,5:05:12,14:30:45
1733,2148,Tursynbek Taszhanov,M45-49,256,Open,Kazakhstan,1:25:57,6:49,7:10:49,8:29,5:39:00,14:31:04
1734,192,Franklin Frank,M35-39,255,Open,Canada,1:17:24,7:03,7:33:44,6:39,5:26:30,14:31:21
1735,1381,Ruben Ortiz,M40-44,293,Open,Chile,1:13:52,5:17,8:06:53,9:29,4:56:52,14:32:24
1736,556,Miguel T Duarte,M55-59,156,Open,Portugal,1:08:28,3:59,6:34:54,8:15,6:36:50,14:32:26
1737,732,Carsten Zielke,M55-59,157,Open,Germany,1:13:05,8:34,7:56:16,10:47,5:03:57,14:32:40
1738,669,Setsuya Otani,M55-59,158,Open,Japan,1:11:02,8:04,7:56:04,11:07,5:06:35,14:32:51
1739,452,Hirofumi Hayama,M65-69,18,Open,Japan,1:20:53,12:23,7:34:01,13:16,5:12:24,14:32:57
1740,2012,Jonathan Bridson,M18-24,66,Open,Canada,1:12:03,5:31,7:27:05,10:07,5:38:13,14:32:59
1741,1685,Richard King,M50-54,249,Open,United Kingdom,1:17:41,5:50,8:37:18,6:33,4:25:45,14:33:06
1742,647,Vincent Sivirine,M55-59,159,Open,France,1:14:03,6:42,7:24:37,9:16,5:38:45,14:33:24
1743,1531,Markus Zindler,M50-54,250,Open,Germany,1:36:39,8:00,7:48:48,10:47,4:49:11,14:33:26
1744,631,Jim Delaurelle Ii,M55-59,160,Open,United States,1:32:17,14:15,7:57:59,9:30,4:39:49,14:33:49
1745,1038,Ireneusz Szpot,M60-64,74,Open,Poland,1:30:32,6:54,7:38:43,8:24,5:09:42,14:34:15
1746,2350,Julian Küstermann,M45-49,257,Open,Germany,1:20:46,8:32,7:19:45,9:20,5:36:01,14:34:23
1747,692,Eric Anish,M55-59,161,Open,United States,1:46:47,9:30,7:40:32,10:52,4:46:48,14:34:30
1748,1089,Roger Haybittle,M60-64,75,Open,Brazil,1:11:13,15:59,7:12:34,19:23,5:36:02,14:35:10
1749,1278,Aaron Taraboletti,M40-44,294,Open,United States,1:24:31,12:03,7:15:45,14:12,5:30:00,14:36:32
1750,2067,Jun Ellorimo,M45-49,258,Open,United States,1:18:58,9:41,8:06:11,16:05,4:45:37,14:36:32
1751,1403,Kyle Smith,M40-44,295,Open,United States,1:17:26,6:55,7:52:36,10:08,5:09:35,14:36:39
1752,525,Matthias Elwart,M55-59,162,Open,Germany,1:23:34,7:51,7:03:58,7:51,5:53:36,14:36:49
1753,1676,Keith Beattie,M50-54,251,Open,Ireland,1:25:23,9:56,7:33:14,9:39,5:18:45,14:36:57
1754,427,Alex Davis,M65-69,19,Open,United States,1:13:09,10:03,8:07:40,8:10,4:58:04,14:37:05
1755,439,Oscar Gallo,M65-69,20,Open,Argentina,1:23:58,4:28,7:33:29,7:32,5:28:21,14:37:48
1756,135,Takahiro Mishina,M35-39,256,Open,Japan,1:37:10,6:57,7:08:36,8:00,5:37:22,14:38:05
1757,1117,Jacques Watson,M60-64,76,Open,Australia,1:21:43,4:01,7:10:18,7:42,5:54:58,14:38:42
1758,595,Mauricio Zarama,M55-59,163,Open,Colombia,1:22:12,7:28,8:29:10,12:01,4:28:30,14:39:20
1759,1030,Tosh Ueda,M60-64,77,Open,Japan,1:11:16,6:19,8:00:55,7:30,5:13:46,14:39:46
1760,1619,Frederic Raynal,M50-54,252,Open,France,1:15:32,6:49,6:27:00,8:13,6:42:31,14:40:07
1761,499,Kevin Strydom,M55-59,164,Open,United States,1:14:24,11:16,7:45:37,6:03,5:22:52,14:40:11
1762,1631,Paulo Rogerio Pires Da Silva,M50-54,253,Open,Brazil,1:22:43,7:18,7:41:39,7:59,5:20:35,14:40:14
1763,564,Cary Thompson,M55-59,165,Open,United States,1:03:42,6:57,7:39:06,10:45,5:39:51,14:40:21
1764,1317,Tengku Tengku Mahmud,M40-44,296,Open,Malaysia,1:24:18,5:35,7:50:19,7:25,5:12:50,14:40:26
1765,1780,Charles Henwood,M50-54,254,Open,Australia,1:21:53,14:15,7:50:29,39:48,4:34:05,14:40:30
1766,503,Barry Herbison,M55-59,166,Open,New Zealand,1:15:28,6:33,7:56:10,7:02,5:15:29,14:40:42
1767,625,Gilles De Reyff,M55-59,167,Open,Switzerland,1:13:37,7:15,7:02:02,12:12,6:05:53,14:40:58
1768,1579,Hiroyuki Murakoshi,M50-54,255,Open,Japan,1:16:51,9:01,8:13:29,10:58,4:50:58,14:41:17
1769,2305,Grzegorz Bielecki,M45-49,259,Open,Poland,1:43:52,8:19,7:08:55,10:07,5:30:06,14:41:18
1770,516,Mizuki Watanabe,M55-59,168,Open,Japan,1:29:21,8:36,7:48:48,7:17,5:07:20,14:41:23
1771,1235,Ahmad Shahir Mawardi,M40-44,297,Open,Malaysia,1:49:50,9:34,7:55:01,8:28,4:40:26,14:43:20
1772,1577,Andrew Kossen,M50-54,256,Open,United States,1:44:17,6:17,7:50:38,6:37,4:55:45,14:43:33
1773,509,Christian Dube,M55-59,169,Open,Canada,1:16:06,5:27,7:39:33,8:25,5:34:23,14:43:53
1774,1664,Michael Schaefer,M50-54,257,Open,United States,1:17:24,8:24,6:45:18,10:26,6:22:36,14:44:08
1775,1607,Gedge Rosson,M50-54,258,Open,United States,1:31:32,10:36,8:09:46,12:29,4:39:48,14:44:11
1776,495,Curt Rothlisberger,M55-59,170,Open,United States,1:38:30,6:30,7:53:49,9:33,4:56:33,14:44:55
1777,589,Stephane Vignaud,M55-59,171,Open,France,1:35:16,5:33,7:04:09,7:14,5:53:13,14:45:25
1778,450,Bernhard Schneider,M65-69,21,Open,Switzerland,1:14:10,5:46,6:53:24,5:02,6:27:07,14:45:30
1779,2308,Fabio Daniotti,M45-49,260,Open,Italy,1:12:58,6:32,7:40:57,7:14,5:37:50,14:45:31
1780,1841,Alexander Biro,M25-29,121,Open,United States,1:07:35,7:52,7:58:17,8:24,5:23:33,14:45:40
1781,2042,Nicholas Catullo,M18-24,67,Open,United States,1:14:54,8:18,7:35:20,8:01,5:40:00,14:46:33
1782,1463,Erlan Baktiyar,M40-44,298,Open,Kazakhstan,1:33:01,13:28,8:13:56,14:55,4:31:34,14:46:54
1783,654,Kok Peng Tan,M55-59,172,Open,Malaysia,1:25:36,8:14,7:40:23,9:17,5:23:28,14:46:59
1784,1511,Francisco Anderson Martins Ferreira,M50-54,259,Open,Brazil,1:27:44,4:23,8:27:13,7:26,4:40:40,14:47:27
1785,275,Nico Voegeli,M35-39,257,Open,Switzerland,1:26:54,5:33,7:18:01,7:19,5:51:06,14:48:53
1786,1624,Robert Martinez,M50-54,260,Open,United States,1:25:31,7:40,8:16:23,9:58,4:49:32,14:49:04
1787,1352,Rob Tetrault,M40-44,299,Open,Canada,1:19:17,7:48,8:39:00,16:48,4:26:59,14:49:52
1788,2207,Noel Pedreira,M45-49,261,Open,Switzerland,1:43:56,8:09,8:21:11,9:15,4:27:52,14:50:23
1789,730,Frank Poggendorff,M55-59,173,Open,Germany,1:03:57,10:00,7:22:08,11:37,6:02:48,14:50:30
1790,428,Wolfgang Klein,M65-69,22,Open,Germany,1:53:08,7:01,7:33:45,6:35,5:10:02,14:50:31
1791,2055,Jay Meadows,M45-49,262,Open,United States,1:11:33,5:22,8:05:17,8:07,5:20:23,14:50:43
1792,2083,Rene Ricardo Tayag,M45-49,263,Open,Philippines,1:17:27,7:23,8:40:07,7:17,4:39:42,14:51:56
1793,352,Eric Christensen,M35-39,258,Open,United States,1:22:06,6:53,8:06:36,5:16,5:11:24,14:52:16
1794,1116,Philippe Gondre,M60-64,78,Open,France,1:08:12,5:08,7:39:55,17:55,5:41:17,14:52:27
1795,2331,Espinosa Erwin,M45-49,264,Open,Philippines,1:38:37,8:36,7:53:04,11:05,5:01:34,14:52:55
1796,594,Amir Oren,M55-59,174,Open,Israel,1:11:39,9:39,7:29:55,8:17,5:54:24,14:53:53
1797,1732,David King,M50-54,261,Open,United States,1:25:07,8:05,8:24:51,7:51,4:48:03,14:53:57
1798,1762,Tim Anderson,M50-54,262,Open,United States,1:26:58,8:35,7:51:20,10:35,5:16:29,14:53:57
1799,815,Ryan Tobin,M30-34,218,Open,United States,1:03:41,6:22,8:35:48,9:54,4:58:58,14:54:43
1800,1516,Hideyuki Kunieda,M50-54,263,Open,Japan,1:17:54,14:41,7:43:33,18:30,5:20:51,14:55:29
1801,185,Joseph Stallard,M35-39,259,Open,Australia,1:17:32,9:01,7:15:37,10:52,6:03:18,14:56:19
1802,430,Anthony Schreiner,M65-69,23,Open,United States,1:21:18,10:15,7:51:58,11:33,5:21:25,14:56:29
1803,461,Mark Carl Simmonds,M65-69,24,Open,France,1:36:35,9:57,7:54:11,9:41,5:06:13,14:56:37
1804,2161,David Garza,M45-49,265,Open,United States,1:27:01,4:04,7:32:12,6:48,5:46:59,14:57:05
1805,492,Bob Knuckey,M75-79,1,Open,Canada,1:19:36,7:07,8:11:28,9:47,5:09:42,14:57:40
1806,743,Martin Lussier,M55-59,175,Open,Canada,1:31:38,5:49,8:00:34,7:50,5:12:03,14:57:54
1807,1003,Steve Oehrle,M60-64,79,Open,United States,1:32:24,19:19,7:55:10,16:04,4:55:01,14:57:58
1808,1164,Ciaran Doheny,M40-44,300,Open,Ireland,1:10:07,3:36,6:25:54,6:13,7:12:28,14:58:18
1809,1070,Tommy Pham,M60-64,80,Open,United States,2:11:25,11:25,7:30:46,14:39,4:50:33,14:58:49
1810,1043,Jeff Dorrill,M60-64,81,Open,United States,2:04:55,10:41,7:44:48,13:37,4:45:09,14:59:10
1811,570,Paul Gallardo,M55-59,176,Open,United States,1:26:50,7:13,7:15:22,9:19,6:00:38,14:59:23
1812,1567,laurent lazarowicz,M50-54,264,Open,France,1:11:03,5:43,7:25:18,9:41,6:07:48,14:59:34
1813,1314,Michael Williams,M40-44,301,Open,United States,1:17:38,8:37,8:48:08,8:53,4:36:27,14:59:44
1814,1539,Darren Toyne,M50-54,265,Open,Australia,1:05:24,8:50,7:57:10,7:52,5:40:49,15:00:05
1815,425,Reggie Bruhn,M65-69,25,Open,United States,1:26:03,11:15,7:42:51,12:32,5:27:39,15:00:20
1816,1078,Tetushi Moriyama,M60-64,82,Open,Japan,1:03:10,52:19,8:08:29,13:20,4:44:14,15:01:31
1817,511,Scott Spero,M55-59,177,Open,United States,1:17:18,11:12,8:23:39,13:12,4:56:20,15:01:41
1818,1125,Olivier Bernard,M60-64,83,Open,France,1:41:36,7:44,7:44:18,9:01,5:19:27,15:02:06
1819,659,Christoph Averdiek-Bolwin,M55-59,178,Open,Germany,1:27:24,8:12,7:50:16,13:55,5:22:27,15:02:13
1820,1113,Martin Stockwell,M60-64,84,Open,Australia,1:27:20,9:26,7:38:22,8:55,5:38:53,15:02:56
1821,550,Roy Brunning,M55-59,179,Open,United Kingdom,1:37:26,5:18,7:55:54,11:26,5:13:21,15:03:25
1822,744,René Dellsperger,M55-59,180,Open,Switzerland,1:23:05,7:07,7:19:17,15:48,5:58:50,15:04:07
1823,2062,Leonardo Garcia,M45-49,266,Open,Mexico,1:25:43,8:37,7:57:24,8:23,5:24:39,15:04:46
1824,437,Giuseppe De Maio,M65-69,26,Open,Italy,1:22:26,7:22,8:13:27,9:04,5:13:21,15:05:40
1825,714,Doug Locke,M55-59,181,Open,Australia,1:02:29,6:18,7:36:09,6:54,6:13:57,15:05:48
1826,991,João Ferreira,M30-34,219,Open,Portugal,1:11:23,7:33,7:48:24,14:44,5:43:48,15:05:51
1827,1040,David Buono,M60-64,85,Open,United States,1:29:45,9:59,8:34:45,13:32,4:37:53,15:05:53
1828,1960,Christian Garruppo,M25-29,122,Open,United States,1:11:55,4:30,7:01:49,6:15,6:41:49,15:06:17
1829,1586,Uwe Geiselhart,M50-54,266,Open,Germany,1:17:55,7:10,7:08:32,7:34,6:26:39,15:07:51
1830,530,Thomas Schuette,M55-59,182,Open,Switzerland,1:28:45,10:44,7:41:16,9:37,5:38:10,15:08:32
1831,1450,Dong An Chang,M40-44,302,Open,Taiwan,1:23:55,10:35,7:04:47,5:47,6:23:31,15:08:35
1832,514,Gonzalo Villegas Aristizabal,M55-59,183,Open,Colombia,1:45:45,8:32,8:14:34,9:38,4:50:22,15:08:51
1833,1638,Takashi Makino,M50-54,267,Open,Japan,1:27:25,6:53,7:03:33,6:48,6:24:57,15:09:35
1834,529,Alexander Fedorov Li,M55-59,184,Open,Singapore,1:24:16,6:19,8:45:36,14:47,4:38:44,15:09:41
1835,1109,Paolo Mevio,M60-64,86,Open,Italy,1:23:33,7:33,7:47:00,8:51,5:42:52,15:09:49
1836,555,Samuel Mantone,M55-59,185,Open,United States,1:18:52,13:50,8:04:13,20:04,5:13:35,15:10:34
1837,1764,Ron Edut,M50-54,268,Open,Israel,1:17:34,7:12,7:26:31,8:54,6:10:25,15:10:36
1838,1378,Rodrigo Alejandro Castillo Flores,M40-44,303,Open,Nicaragua,1:16:35,5:16,7:48:52,11:39,5:49:34,15:11:56
1839,1045,Vincent Ortiz,M60-64,87,Open,United States,1:19:55,6:47,7:10:28,13:31,6:23:08,15:13:49
1840,172,Carlos Varas Ibarra,M35-39,260,Open,Mexico,1:16:36,5:04,8:14:44,10:10,5:28:04,15:14:38
1841,671,Bonno Sanders,M55-59,186,Open,Germany,1:23:56,9:57,8:15:18,6:24,5:19:35,15:15:10
1842,2223,Patrick Mc Laughlin,M45-49,267,Open,Ireland,1:24:22,10:28,8:51:05,9:40,4:40:03,15:15:37
1843,1709,Miguel Angel Lobato Sotillo,M50-54,269,Open,Spain,1:18:04,7:12,8:20:36,8:38,5:21:11,15:15:41
1844,1209,Cheyne Willebrands,M40-44,304,Open,Australia,1:30:47,7:27,8:12:03,7:25,5:18:25,15:16:07
1845,413,Serge Faure,M65-69,27,Open,France,1:48:47,9:49,8:08:30,10:18,4:59:30,15:16:55
1846,420,Tom Deluca,M65-69,28,Open,United States,1:34:13,8:16,8:11:55,8:52,5:13:44,15:17:01
1847,1060,Paulo Brandao,M60-64,88,Open,Brazil,1:14:42,5:39,8:15:17,8:51,5:32:59,15:17:29
1848,1365,Dean Azzalini,M40-44,305,Open,Italy,1:15:14,7:26,7:35:17,9:41,6:09:59,15:17:38
1849,1025,Paul White,M60-64,89,Open,United Kingdom,1:37:13,8:01,8:32:03,10:27,4:51:02,15:18:46
1850,211,Andy Stewart,M35-39,261,Open,United States,1:34:24,12:51,8:26:51,13:52,4:50:48,15:18:47
1851,436,Ian Gibbs,M65-69,29,Open,Australia,2:10:39,7:34,8:09:19,10:46,4:40:37,15:18:55
1852,2304,Gerald Salcido,M45-49,268,Open,United States,1:25:31,6:33,7:56:18,7:51,5:43:01,15:19:15
1853,1464,Brandon Griggs,M40-44,306,Open,United States,1:21:39,6:59,7:54:09,6:29,5:50:09,15:19:25
1854,1072,Rick Rawlings,M60-64,90,Open,United States,1:22:26,8:51,7:37:56,9:58,6:00:21,15:19:32
1855,2099,Andreas Zaun,M45-49,269,Open,Germany,1:12:08,7:26,7:23:31,7:51,6:28:39,15:19:36
1856,137,Long Vu,M35-39,262,Open,Vietnam,1:35:06,9:02,8:11:28,9:26,5:14:57,15:19:59
1857,724,Michael Sänger Dr.,M55-59,187,Open,Germany,1:27:50,10:29,8:27:07,11:56,5:02:57,15:20:19
1858,1554,Kiu Sing Chung,M50-54,270,Open,Hong Kong,1:50:10,11:43,8:33:14,5:26,4:39:57,15:20:31
1859,2180,Ezra Ketola,M45-49,270,Open,United States,1:26:51,6:20,8:05:46,7:49,5:33:55,15:20:40
1860,696,Craig Noble,M55-59,188,Open,Canada,1:18:02,6:13,8:26:05,8:38,5:21:58,15:20:57
1861,2052,Jay Wilgar,M45-49,271,Open,Canada,1:34:38,8:59,8:09:41,7:17,5:20:45,15:21:20
1862,719,Gehua Yu,M55-59,189,Open,United States,1:34:31,10:30,7:02:44,8:17,6:26:01,15:22:02
1863,1017,Dan Attard,M60-64,91,Open,United States,1:20:35,9:19,7:46:11,10:06,5:56:01,15:22:12
1864,1796,Jon Rigley,M50-54,271,Open,Australia,1:12:11,8:52,7:52:33,10:35,5:58:23,15:22:35
1865,1091,Jean-Francois Buquet,M60-64,92,Open,France,1:31:13,10:28,8:13:39,6:47,5:20:31,15:22:38
1866,460,John Wilson,M65-69,30,Open,United States,1:22:06,6:11,6:47:41,10:31,6:56:47,15:23:16
1867,2287,Wayne Mark Elep,M45-49,272,Open,Philippines,1:25:20,8:08,8:24:22,11:06,5:14:32,15:23:28
1868,622,Christopher Peaslee,M55-59,190,Open,United States,1:27:09,14:08,7:39:54,9:57,5:52:59,15:24:07
1869,1105,David Toothaker,M60-64,93,Open,United States,1:47:43,7:09,7:42:45,10:07,5:36:31,15:24:15
1870,707,Jorge Acosta,M55-59,191,Open,Puerto Rico,1:21:43,6:45,7:44:39,9:18,6:02:08,15:24:33
1871,1023,Stephen Mackey,M60-64,94,Open,United States,1:18:54,11:00,7:41:18,20:34,5:53:20,15:25:05
1872,1233,Amir Fariz Zakaria,M40-44,307,Open,Malaysia,1:40:15,9:04,7:27:47,17:55,5:50:07,15:25:09
1873,2092,Manfung Mak,M45-49,273,Open,Hong Kong,1:40:40,12:16,7:55:22,12:56,5:24:25,15:25:39
1874,2129,Cyril Bermudo,M45-49,274,Open,Philippines,1:23:38,8:23,8:10:01,9:54,5:33:48,15:25:44
1875,1130,Yuichi Hashimoto,M60-64,95,Open,Japan,1:14:49,8:09,7:41:55,7:52,6:13:45,15:26:29
1876,1629,Wei Chern Lee,M50-54,272,Open,Malaysia,1:18:04,10:34,8:22:35,10:02,5:25:22,15:26:36
1877,574,Scott Heintzelman,M55-59,192,Open,United States,1:17:49,8:32,7:47:09,9:09,6:05:06,15:27:44
1878,1547,Andrew Goss,M50-54,273,Open,Canada,1:22:47,9:13,8:45:57,8:55,5:01:12,15:28:04
1879,496,Lawrence S Tyczka,M55-59,193,Open,United States,1:27:32,7:24,7:21:28,8:02,6:23:46,15:28:12
1880,375,Shubho De,M35-39,263,Open,Bangladesh,1:39:56,13:53,7:54:57,13:29,5:26:18,15:28:34
1881,1734,Higuchi Koji,M50-54,274,Open,Japan,1:23:35,7:56,7:41:38,8:03,6:07:59,15:29:11
1882,1551,Nicholas Plaxton,M50-54,275,Open,United States,1:07:47,13:03,8:20:33,12:47,5:35:38,15:29:48
1883,1066,Michael Jones,M60-64,96,Open,United States,1:32:28,12:00,8:01:19,13:06,5:31:02,15:29:56
1884,1698,Hironori Miyagi,M50-54,276,Open,Japan,1:35:13,8:06,8:29:01,8:40,5:08:59,15:29:59
1885,1817,Pedro Fardilha,M50-54,277,Open,Portugal,1:12:59,6:21,7:44:45,7:58,6:18:06,15:30:09
1886,2089,Hashem Alharbi,M45-49,275,Open,United Arab Emirates,1:46:51,7:20,8:10:20,14:18,5:11:34,15:30:23
1887,1580,Noel Mcburnie,M50-54,278,Open,Australia,1:19:46,7:20,7:47:38,9:51,6:05:57,15:30:32
1888,1666,Cristian Palmiere,M50-54,279,Open,Italy,1:42:29,6:08,8:17:34,7:00,5:17:25,15:30:36
1889,417,Bing Liu,M65-69,31,Open,United States,1:44:08,7:40,7:49:26,20:23,5:29:25,15:31:02
1890,772,Ammar Zakwan Abdul Nasser,M30-34,220,Open,Malaysia,1:38:59,9:31,7:59:51,17:47,5:25:02,15:31:10
1891,2190,Hiroyuki Matsuura,M45-49,276,Open,Japan,1:23:57,8:32,8:10:34,8:58,5:39:51,15:31:53
1892,548,Cole Casey,M55-59,194,Open,United States,1:29:23,8:27,7:49:36,17:46,5:46:46,15:31:58
1893,1366,Jeremy Rogers,M40-44,308,Open,United States,1:15:04,4:38,7:03:08,13:22,6:55:48,15:32:01
1894,1490,Stan Fivecoat,M50-54,280,Open,United States,1:34:12,9:37,8:48:49,13:56,4:45:57,15:32:30
1895,583,Thomas Boeckly,M55-59,195,Open,Germany,1:18:58,5:34,8:06:47,8:33,5:52:41,15:32:33
1896,1782,Marcus Whelband,M50-54,281,Open,Australia,1:21:13,5:15,7:36:20,25:45,6:04:06,15:32:39
1897,852,Shiang-Yu Chung,M30-34,221,Open,United States,1:17:20,16:00,8:41:47,10:46,5:07:14,15:33:07
1898,1708,Thomas Bettger,M50-54,282,Open,Germany,1:20:23,4:45,9:00:07,7:04,5:01:03,15:33:21
1899,1383,Tiong Kiat Lee,M40-44,309,Open,Malaysia,1:34:41,15:51,7:56:01,10:42,5:36:32,15:33:47
1900,441,R David Anderson,M65-69,32,Open,United States,1:22:26,8:31,7:52:22,8:16,6:02:19,15:33:54
1901,1073,Michael Fisch,M60-64,97,Open,United States,1:26:58,8:46,8:31:36,8:56,5:18:05,15:34:21
1902,2074,Lloyd Henry,M45-49,277,Open,Virgin Islands,1:18:47,8:13,8:31:11,8:08,5:29:41,15:36:01
1903,608,Alexandre Acoca,M55-59,196,Open,France,1:25:33,13:09,8:08:25,13:25,5:35:30,15:36:03
1904,2265,Raoul Franco Ramos,M45-49,278,Open,Philippines,1:21:18,8:16,8:33:08,8:22,5:25:18,15:36:21
1905,1448,Fariz Mammadov,M40-44,310,Open,Azerbaijan,1:28:57,7:27,8:40:50,8:19,5:11:08,15:36:42
1906,1407,Balint Sztaroszta,M40-44,311,Open,Ukraine,1:28:56,7:26,8:40:45,8:28,5:11:08,15:36:43
1907,487,Brian Kingsbury,M70-74,3,Open,United States,1:35:14,6:47,8:20:27,10:10,5:24:42,15:37:21
1908,1047,Hartmut Stein,M60-64,98,Open,Germany,1:39:08,9:11,8:02:19,7:55,5:39:05,15:37:38
1909,1245,Karl Reformina,M40-44,312,Open,Philippines,1:42:57,6:19,7:55:40,12:30,5:40:19,15:37:45
1910,440,Moshe shpigel,M65-69,33,Open,Israel,1:28:31,8:19,7:44:46,9:11,6:07:08,15:37:55
1911,1083,Yuji Konishi,M60-64,99,Open,Japan,1:23:13,12:41,8:03:35,8:19,5:53:08,15:40:57
1912,527,Katsuya Nitta,M55-59,197,Open,Japan,1:23:38,8:33,8:19:21,9:10,5:40:26,15:41:08
1913,1719,Steven Oberle,M50-54,283,Open,United States,1:17:26,9:03,8:57:05,8:18,5:11:34,15:43:25
1914,773,Nick Kubala,M30-34,222,Open,United States,1:22:25,12:57,8:58:02,10:55,4:59:49,15:44:08
1915,537,Stéphane Pautard,M55-59,198,Open,Singapore,1:19:05,7:43,8:19:58,9:06,5:48:18,15:44:11
1916,661,Todd Losee,M55-59,199,Open,United States,1:15:39,6:46,7:57:00,9:11,6:15:45,15:44:21
1917,606,Masayuki Onishi,M55-59,200,Open,Japan,1:07:19,7:38,7:06:33,15:39,7:07:26,15:44:35
1918,742,David Roher,M55-59,201,Open,United States,1:27:22,6:41,8:21:56,7:26,5:41:28,15:44:52
1919,1659,Chris Catullo,M50-54,284,Open,United States,1:17:07,6:43,7:36:44,12:30,6:31:52,15:44:55
1920,539,Kenneth Lane,M55-59,202,Open,United States,1:35:55,10:32,8:32:59,11:01,5:14:30,15:44:56
1921,1848,Jakkarin Jindawat,M25-29,123,Open,Thailand,1:11:37,6:26,8:24:48,5:55,5:56:41,15:45:27
1922,1628,Atsushi Tanimura,M50-54,285,Open,Japan,1:23:55,11:52,8:20:28,11:00,5:38:43,15:45:58
1923,2144,Joffrey Año,M45-49,279,Open,Philippines,1:26:52,7:02,8:39:34,12:39,5:21:01,15:47:08
1924,498,Mcmullan Colin,M55-59,203,Open,United Kingdom,1:41:10,7:29,8:09:14,9:05,5:40:57,15:47:56
1925,484,Thomas Clough,M70-74,4,Open,United States,1:20:51,15:29,8:15:38,12:44,5:43:23,15:48:04
1926,1549,Sascha Greiner,M50-54,286,Open,Germany,1:12:51,15:22,8:15:48,13:21,5:51:07,15:48:29
1927,1119,Bernhard Messer,M60-64,100,Open,Germany,1:14:12,6:36,7:46:03,7:25,6:36:05,15:50:20
1928,426,Yang Xie,M65-69,34,Open,China,1:34:22,8:51,8:45:33,5:12,5:16:54,15:50:51
1929,1542,Ivan Popgruev,M50-54,287,Open,Bulgaria,1:34:40,7:48,8:04:44,14:50,5:49:26,15:51:28
1930,278,Thibaud Piquet,M35-39,264,Open,France,1:24:27,8:28,8:04:28,35:44,5:38:51,15:51:59
1931,403,Steve Gancino,M35-39,265,Open,United States,1:18:44,10:03,8:55:39,11:30,5:18:03,15:53:59
1932,1744,Andrew Jones,M50-54,288,Open,United Kingdom,1:16:23,5:17,8:16:35,7:32,6:08:15,15:54:01
1933,864,Christopher Flaherty,M30-34,223,Open,United States,1:26:33,8:10,7:29:25,8:10,6:42:10,15:54:27
1934,1286,Matthew Walker,M40-44,313,Open,United States,1:17:35,7:39,8:08:46,17:37,6:03:03,15:54:41
1935,1059,Scott Moore,M60-64,101,Open,United States,1:21:06,14:40,8:39:26,9:34,5:30:19,15:55:05
1936,1001,David Miller,M60-64,102,Open,United States,1:26:30,17:30,7:28:16,16:49,6:26:07,15:55:11
1937,1099,Mike Ball,M60-64,103,Open,New Zealand,1:28:02,7:27,8:09:48,8:49,6:01:41,15:55:47
1938,1210,Takuya Saeki,M40-44,314,Open,Japan,1:22:32,9:26,8:22:56,13:34,5:47:29,15:55:57
1939,1920,Brendon Hogge,M25-29,124,Open,United States,1:28:13,7:00,8:16:18,7:06,5:57:34,15:56:11
1940,497,Gregory Hoffman,M55-59,204,Open,United States,1:37:14,15:24,8:40:15,16:35,5:07:01,15:56:29
1941,1752,Ted Debonis,M50-54,289,Open,United States,1:13:43,11:05,7:09:12,21:06,7:01:24,15:56:30
1942,2098,Pete Hodgson,M45-49,280,Open,Australia,58:26,8:15,8:00:33,11:48,6:38:12,15:57:15
1943,2360,Allan Graves,M45-49,281,Open,Nicaragua,1:15:10,7:31,8:03:42,11:23,6:20:20,15:58:05
1944,2217,Andrew Molosky,M45-49,282,Open,United States,1:18:57,10:54,9:07:55,7:32,5:13:45,15:59:04
1945,456,Brian Easterby,M65-69,35,Open,Canada,1:28:47,14:54,8:56:17,18:15,5:00:52,15:59:05
1946,446,Randall Hines,M65-69,36,Open,United States,1:21:43,7:05,8:35:17,10:15,5:47:59,16:02:19
1947,1452,Jaakko Kim Ramos,M40-44,315,Open,Philippines,1:37:45,7:03,8:16:32,8:45,5:52:50,16:02:56
1948,171,Ryan Mcclay,M35-39,266,Open,United States,1:06:20,7:18,7:30:20,9:41,7:10:36,16:04:14
1949,2370,Sam Cardona,M50-54,290,Open,Puerto Rico,1:26:48,7:07,9:07:21,14:10,5:12:04,16:07:29
1950,1055,Paul Adams,M60-64,104,Open,United Kingdom,1:20:59,10:05,7:57:11,12:26,6:27:24,16:08:05
1951,1054,Nick Thompson,M60-64,105,Open,Australia,1:20:23,11:53,8:22:12,11:07,6:02:31,16:08:07
1952,1246,Shunsuke Miho,M40-44,316,Open,Japan,1:39:14,8:47,8:12:35,8:28,6:00:05,16:09:08
1953,2049,Nathaniel Robinson,M45-49,283,Open,United States,1:34:38,7:52,8:31:44,13:32,5:42:34,16:10:20
1954,451,David Procaccia,M65-69,37,Open,Brazil,1:46:15,10:12,8:40:20,9:55,5:23:58,16:10:40
1955,1140,Timothy Scott,M40-44,317,Open,United States,1:29:07,9:46,8:52:57,7:41,5:34:51,16:14:21
1956,538,Rob Forsyth,M55-59,205,Open,Australia,1:07:51,9:11,8:21:38,11:08,6:24:46,16:14:35
1957,727,Christian Wehle,M55-59,206,Open,Germany,1:14:56,7:36,8:59:13,11:41,5:42:10,16:15:37
1958,587,Mark Southgate,M55-59,207,Open,United Kingdom,1:12:57,8:05,6:59:19,10:59,7:45:00,16:16:20
1959,1733,Troy Lowrey,M50-54,291,Open,Australia,1:11:31,6:57,8:24:59,9:29,6:23:41,16:16:37
1960,2302,Simon Fisher,M45-49,284,Open,United States,1:27:37,13:07,8:35:39,8:43,5:51:31,16:16:37
1961,1945,Tomer Eliezer,M25-29,125,Open,Israel,1:04:50,5:52,9:06:59,6:44,5:54:03,16:18:27
1962,624,Victor Garcia,M55-59,208,Open,Mexico,1:33:11,9:42,8:42:11,9:49,5:43:51,16:18:44
1963,1668,Michael Blankenship,M50-54,292,Open,United States,1:11:37,6:49,8:25:11,8:37,6:27:29,16:19:43
1964,1603,David Piper,M50-54,293,Open,United States,1:20:23,10:05,8:33:39,16:05,6:01:07,16:21:19
1965,1029,Ricky Gray,M60-64,106,Open,United States,1:38:05,10:54,8:54:53,8:41,5:28:53,16:21:26
1966,113,Dyrkacz Richard,M35-39,267,Open,Canada,1:46:42,9:13,8:48:57,16:01,5:20:41,16:21:33
1967,458,Mark Thorum,M65-69,38,Open,United States,1:13:52,7:48,8:06:39,11:04,6:42:16,16:21:39
1968,1491,Mike Alvarado,M50-54,294,Open,United States,1:34:46,8:20,7:55:50,11:24,6:31:43,16:22:03
1969,578,Daniel Moran,M55-59,209,Open,United States,1:20:48,6:07,8:26:53,10:10,6:18:10,16:22:10
1970,720,Hanry Barros Souto,M55-59,210,Open,Brazil,1:34:44,8:12,8:46:46,9:38,5:45:11,16:24:32
1971,443,James Mumme,M65-69,39,Open,Australia,1:38:05,11:59,8:58:27,10:25,5:25:50,16:24:46
1972,1662,Terry Dean,M50-54,295,Open,United States,1:18:45,6:32,8:14:00,12:14,6:33:21,16:24:52
1973,1548,Dienye Hart,M50-54,296,Open,Nigeria,1:19:16,9:47,8:25:06,11:35,6:19:26,16:25:10
1974,1044,Randall Foster,M60-64,107,Open,United States,1:40:45,16:04,8:22:09,24:07,5:43:04,16:26:09
1975,1824,Anton Kapel,M50-54,297,Open,Australia,1:20:08,11:58,8:02:56,23:05,6:28:08,16:26:16
1976,422,Sidney Hoyt,M65-69,40,Open,United States,1:31:40,15:43,8:11:44,12:42,6:16:50,16:28:40
1977,1094,Roger Branford,M60-64,108,Open,Australia,1:31:10,10:02,8:43:24,13:11,5:51:08,16:28:55
1978,1062,Pierre Adjoury,M60-64,109,Open,Canada,1:33:34,15:22,8:49:11,13:41,5:41:22,16:33:08
1979,187,Daniel Acosta,M35-39,268,Open,Colombia,1:25:37,10:52,7:49:19,12:26,6:55:40,16:33:53
1980,2279,Ben Tran,M45-49,285,Open,United States,1:21:25,11:33,9:12:32,7:56,5:41:59,16:35:25
1981,1617,Garfield Milner,M50-54,298,Open,United Kingdom,1:24:15,9:25,8:06:33,9:41,6:46:11,16:36:04
1982,1449,Ramoncito Gonzales,M40-44,318,Open,Philippines,1:32:55,7:32,8:44:03,8:03,6:04:04,16:36:37
1983,1100,Francisco Monteiro,M60-64,110,Open,Brazil,1:28:16,11:21,8:00:20,15:16,6:43:55,16:39:08
1984,731,Arnd Zabka,M55-59,211,Open,Germany,1:14:20,8:41,8:23:16,12:04,6:41:18,16:39:38
1985,547,Ed Nydegger,M55-59,212,Open,United States,1:19:14,12:41,8:50:28,10:18,6:07:56,16:40:37
1986,2220,Adam Endsley,M45-49,286,Open,United States,1:44:14,7:58,8:54:34,9:17,5:45:01,16:41:04
1987,1096,Russ Voecks,M60-64,111,Open,United States,1:26:33,11:51,8:15:09,16:30,6:31:15,16:41:18
1988,2266,Thomas Brackmann,M45-49,287,Open,Germany,1:41:27,6:33,8:40:27,8:42,6:05:52,16:43:01
1989,1467,Nalin Moniz,M40-44,319,Open,India,1:31:22,11:54,8:42:46,9:35,6:10:05,16:45:40
1990,438,R.A Rondell,M65-69,41,Open,United States,1:27:08,11:17,8:52:48,7:34,6:07:22,16:46:09
1991,504,Artur Pupka,M55-59,213,Open,Poland,1:34:58,8:18,8:46:36,10:05,6:06:39,16:46:35
1992,470,Alessandro Jovine,M70-74,5,Open,Italy,1:36:29,10:00,8:56:44,9:28,5:55:03,16:47:43
1993,582,Shane Wilkinson,M55-59,214,Open,New Zealand,1:36:35,12:36,8:33:58,15:30,6:09:51,16:48:30
1994,2379,Andrzej Chudy,M60-64,112,Open,Poland,1:36:44,8:33,8:46:47,11:46,6:07:07,16:50:56
1995,101,Corvin Bazgan,MPC/ID,,Open,United States,1:30:21,12:49,8:29:36,25:33,6:13:03,16:51:23
1996,102,Johan Schimmel,MGUIDE,,Open,United States,1:30:21,12:48,8:29:36,25:34,6:13:04,16:51:23
1997,1385,Mohd Safzan Mohd Mukhtar,M40-44,320,Open,Malaysia,1:21:26,8:19,8:32:34,15:49,6:35:18,16:53:27
1998,475,James Stewart,M70-74,6,Open,Canada,1:36:34,8:40,8:44:23,9:38,6:14:59,16:54:13
1999,477,John Reynolds,M70-74,7,Open,New Zealand,1:33:35,13:29,7:50:33,23:07,6:55:27,16:56:10
2000,1004,Stephen Gamble,M60-64,113,Open,Australia,1:41:52,12:44,8:46:12,10:07,6:06:05,16:57:01
2001,2104,Privacy_Request_1391795 Privacy_Request_1391795,M45-49,288,Open,Philippines,1:36:45,11:03,8:46:55,10:07,6:14:10,16:59:01
2002,682,Jason Massie,M55-59,215,Open,United States,1:14:47,6:36,8:56:44,14:27,6:27:14,16:59:48
,1468,Oscar Malva,M40-44,,Open,Sweden,,,,,,
,457,David Yerushalmi,M65-69,,Open,United States,,,,,,
,1442,Pabitra Kumar Das,M40-44,,Open,Bangladesh,1:30:55,9:48,,,,
,1593,Luiz Henrique De Faria Leite,M50-54,,Open,Brazil,,,,,,
,1008,Clyde Floyd,M60-64,,Open,United States,1:34:00,6:35,,,,
,8003,Runner 8003,MUNKNOWN,,Open,Unknown,,,,,,
,1320,Jeremy Nanus,M40-44,,Open,United States,1:10:23,4:53,6:32:08,5:45,,
,1618,Bob Gitsham,M50-54,,Open,United States,1:48:32,8:27,,,,
,421,John Anthony,M65-69,,Open,Switzerland,,,,,,
,351,Jaap Koetsier,M35-39,,Open,Netherlands,1:06:22,3:59,,,,
,303,Brice Marie,M35-39,,Open,France,,,,,,
,645,Alan Dionson,M55-59,,Open,Philippines,,,,,,
,415,Brian Chandler,M65-69,,Open,Australia,1:21:15,14:20,9:22:49,14:07,,
,1731,Justin Derry,M50-54,,Open,United States,1:35:03,10:01,,,,
,354,Andrew Martinez,M35-39,,Open,United States,52:18,3:23,,,,
,1988,Samuel Cote,M18-24,,Open,Canada,56:23,3:47,5:11:16,4:05,,
,1106,Stephan Schug,M60-64,,Open,Germany,,,,,,
,1015,George Jordan,M60-64,,Open,United States,1:04:47,6:31,8:34:56,20:38,,
,2057,Mark Meuser,M45-49,,Open,United States,1:36:24,11:31,,,,
,906,Keith Jackson,M30-34,,Open,United States,,,,,,
,2075,Nathan Amichay,M45-49,,Open,Israel,,,,,,
,2292,Andreco Primero,M45-49,,Open,Philippines,1:21:39,1:04:51,,,,
,575,Randy Swanson,M55-59,,Open,United States,1:20:02,11:11,,,,
,1009,John Francis,M60-64,,Open,Australia,1:21:13,10:43,,,,
,1559,Massimo Moscone,M50-54,,Open,Italy,,,,,,
,121,Dustin Diller,M35-39,,Open,United States,1:03:40,5:16,,,,
,486,Philip Monfries,M70-74,,Open,Australia,1:45:23,9:05,9:12:54,13:13,,
,710,Knud Schneider,M55-59,,Open,Germany,,,,,,
,615,Hugo Posschelle,M55-59,,Open,Belgium,1:32:24,10:19,,,,
,1344,Yevgen Slavniy,M40-44,,Open,Ukraine,56:17,4:12,,,,
,632,Stuart Nixdorff,M55-59,,Open,United States,,,,,,
,922,Johannes Mai-Martin,M30-34,,Open,Germany,,,,,,
,2289,Stefan Eckhardt,M45-49,,Open,Germany,,,,,,
,1281,Zur Lev,M40-44,,Open,Israel,,,,,,
,1489,Eduardo Pasten,M50-54,,Open,Chile,,,,,,
,1599,Mauro Giaconia,M50-54,,Open,Italy,58:03,4:33,7:51:51,18:09,,
,949,Alex Teagarden,M30-34,,Open,United States,1:09:25,4:34,5:41:10,5:50,,
,1521,Gherardo Marcolin,M50-54,,Open,Italy,1:07:29,4:29,5:30:16,6:29,,
,342,Alex Sharp,M35-39,,Open,United States,1:04:38,4:15,7:20:23,,,
,1027,William Mcpherson,M60-64,,Open,United States,,,,,,
,1010,Perry Nation,M60-64,,Open,Australia,1:07:14,6:26,6:47:06,9:12,,
,1956,Owen Sheather,M25-29,,Open,Australia,,,,,,
,1433,Hadar Cohan,M40-44,,Open,Israel,,,,,,
,1656,Sune Steiniche Kjaer,M50-54,,Open,Denmark,,,,,,
,893,Samuel Wittig,M30-34,,Open,United States,,,,,,
,419,Frank Flores,M65-69,,Open,United States,1:33:18,7:18,9:51:25,,,
,1890,Oscar Gilroy,M25-29,,Open,United Kingdom,,,,,,
,517,Michael Cragg,M55-59,,Open,Canada,,,,,,
,136,Dax Herbert Roque,M35-39,,Open,Philippines,,,,,,
,481,Markus Jochum,M70-74,,Open,Austria,1:29:32,10:00,6:36:01,4:08,,
,2078,Carlos Salgado,M45-49,,Open,Honduras,1:24:01,8:39,,,,
,1392,Roy Assor,M40-44,,Open,Israel,1:21:19,6:46,7:29:21,,,
,1914,Justin Kaufmann,M25-29,,Open,United States,,,,,,
,1439,Rodolfo Ramon Ocampo Aldana,M40-44,,Open,Mexico,,,,,,
,10,Denis Chevrot,MPRO,,Open,France,47:53,2:23,,,,
,1872,Joseph Z Tuczak,M25-29,,Open,United States,1:08:11,4:49,,,,
,2054,Roman Lacko,M45-49,,Open,United Kingdom,,,,,,
,474,Graham Butler,M70-74,,Open,United Kingdom,1:31:38,8:54,,,,
,1538,Paul Oliver,M50-54,,Open,Canada,,,,,,
,1910,Alexander Zolotukhin,M25-29,,Open,Unknown,,,,,,
,1904,Alexander Slaughter,M25-29,,Open,United Kingdom,1:17:13,5:31,,,,
,1118,Theodoros Prokos,M60-64,,Open,Greece,,,,,,
,1239,Chih-Yuan Wang,M40-44,,Open,Taiwan,,,,,,
,1587,Stephen Day,M50-54,,Open,United Kingdom,,,,,,
,700,Tony Clarke,M55-59,,Open,United Kingdom,1:07:54,4:51,,,,
,1822,David Mcgregor,M50-54,,Open,Canada,,,,,,
,31,Justin Metzler,MPRO,,Open,United States,,,,,,
,1604,Wayne Fraleigh,M50-54,,Open,United States,1:32:19,14:43,8:53:42,13:58,,
,1337,Caio Gurgel,M40-44,,Open,Brazil,1:09:42,7:11,7:48:14,12:15,,
,2203,Michael Mosier,M45-49,,Open,United States,1:39:42,10:07,,,,
,1954,Maciej Ogrodnik,M25-29,,Open,Poland,57:08,3:10,5:45:42,3:58,,
,2021,Briac Le Mestre,M18-24,,Open,France,1:02:05,3:51,5:18:31,3:40,,
,687,Lars Manberger,M55-59,,Open,Sweden,,,,,,
,25,Mike Phillips,MPRO,,Open,New Zealand,51:04,2:45,4:58:02,3:39,,
,2306,Olivier Bail,M45-49,,Open,France,,,,,,
,158,Almas Mynkozhayev,M35-39,,Open,Kazakhstan,1:28:30,6:31,,,,
,468,Bill Mccarthy,M70-74,,Open,United States,1:42:44,17:14,9:22:21,,,
,880,Peter Clements,M30-34,,Open,United States,,,,,,
,1903,Ilya Timofeyev,M25-29,,Open,Kazakhstan,1:43:41,9:26,9:05:47,,,
,621,Francois Lesourd,M55-59,,Open,France,1:13:10,5:25,5:54:58,4:36,,
,697,Mike Roberts,M55-59,,Open,United States,,,,,,
,1067,Manuel Araque,M60-64,,Open,Ecuador,,,,,,
,15,Kristian Hogenhaug,MPRO,,Open,Denmark,49:18,2:49,4:49:14,2:34,,
,175,Chris Schneble,M35-39,,Open,Germany,1:00:27,4:12,5:51:24,6:54,,
,754,Pascal Deubel,M30-34,,Open,Germany,,,,,,
,1786,Mikkel Justesen,M50-54,,Open,Denmark,1:12:26,6:23,6:04:40,6:37,,
,355,Stefan Trost,M35-39,,Open,Austria,,,,,,
,778,Jose Bruno Lavor Sampaio,M30-34,,Open,Brazil,,,,,,
,2341,Joze Mehle,M45-49,,Open,Slovenia,,,,,,
,433,Kevin Berg,M65-69,,Open,United States,,,,,,
,1187,Jan Deutschmann,M40-44,,Open,Germany,1:34:50,7:18,5:54:36,6:57,,
,480,Volker Fischer,M70-74,,Open,United States,1:38:28,9:02,7:49:36,9:35,,
,1844,Stephen Zorc,M25-29,,Open,United States,1:09:48,6:55,9:24:22,10:50,,
,319,Maximilian Weber,M35-39,,Open,Germany,56:14,3:55,,,,
,2357,Stephan Müller,M45-49,,Open,Germany,,,,,,
,2324,Alan Nicolson,M45-49,,Open,United Kingdom,1:12:02,3:54,5:36:47,4:58,,
,1545,Luis Gonzalez,M50-54,,Open,Puerto Rico,1:27:00,8:14,,,,
,1202,Thomas Eisenhut,M40-44,,Open,Austria,1:16:20,3:26,,,,
,1640,Andy Tucker,M50-54,,Open,United Kingdom,1:12:03,5:46,6:50:12,7:54,,
,1658,Francesco D'Ovidio,M50-54,,Open,Italy,1:19:50,5:52,7:32:33,7:31,,
,411,Shigeki Sakamoto,M65-69,,Open,Japan,1:58:53,,,,,
,471,Gordon Haller,M70-74,,Open,United States,2:16:39,8:49,,,,
,540,Stuart Hazell,M55-59,,Open,United Kingdom,1:19:25,6:58,,,,
,453,Nigel Thomas,M65-69,,Open,Australia,,,,,,
,476,Tom Kinneman,M70-74,,Open,United States,1:56:23,14:51,8:55:53,8:52,,
,683,Paul Richardson,M55-59,,Open,United Kingdom,1:19:04,5:14,,,,
,448,Steve Miller,M65-69,,Open,United States,1:32:07,14:09,8:17:23,,,
,567,Richard Bysouth,M55-59,,Open,United Kingdom,1:40:16,11:20,9:12:55,,,
,1364,Joshua Colter,M40-44,,Open,United States,1:23:09,11:06,9:12:09,18:08,,
,599,Dave Mortensen,M55-59,,Open,United States,1:06:25,5:13,,,,
,39,Kristian Grue,MPRO,,Open,Norway,53:04,2:38,5:03:41,3:55,,
,835,Marcel Seip-Klüber,M30-34,,Open,Germany,1:20:13,7:10,,,,
,466,Willy Hatlevoll,M65-69,,Open,Norway,,,,,,
,1510,Makoto Matsui,M50-54,,Open,Japan,1:28:22,9:54,9:03:38,7:38,,
,1672,Piotr Kosno,M50-54,,Open,Poland,1:38:50,8:23,,,,
,1665,Sylvain Prenel,M50-54,,Open,France,1:14:36,4:54,7:06:27,9:54,,
,2158,Sebastian Felix Dr. Girg,M45-49,,Open,Germany,1:04:31,5:04,5:48:57,4:12,,
,423,Gregory Umberger,M65-69,,Open,United States,1:36:30,,,,,
,2346,Eric Elizondo,M45-49,,Open,United States,,,,,,
,395,Renel Brecenio,M35-39,,Open,Philippines,1:22:24,6:26,,,,
,491,Thomas Farrell,M75-79,,Open,United States,,,,,,
,758,Anthony Bertolone,M30-34,,Open,United States,,,,,,
,502,Craig Alexander,M55-59,,Open,New Zealand,1:34:39,6:12,9:42:25,,,
,681,Pascal Lacroix,M55-59,,Open,France,1:18:51,17:52,,,,
,1854,Lennard Peters,M25-29,,Open,Germany,1:10:05,3:57,5:02:50,4:19,,
,1154,Shlomi Tubul,M40-44,,Open,Israel,,,,,,
,478,Kim Myung-Su,M70-74,,Open,Korea,,,,,,
,1760,Lutz Velten,M50-54,,Open,Switzerland,1:15:09,5:45,,,,
,1064,Steffen Steiner,M60-64,,Open,Germany,1:43:36,12:38,8:32:24,13:36,,
,1340,Gerald Kießling,M40-44,,Open,Germany,1:31:46,11:46,8:31:25,13:00,,
,1706,Tsukano Mitsuru,M50-54,,Open,Japan,1:19:24,7:09,7:26:07,7:40,,
,2165,Marcelo Henrique E Silva Lopes,M45-49,,Open,Brazil,,,,,,
,493,Shinichi Muranaka,M75-79,,Open,Japan,1:40:03,9:38,9:03:17,9:24,,
,909,Carson Songy,M30-34,,Open,United States,1:17:59,6:29,,,,
,854,Yves-Gabriel Leboeuf,M30-34,,Open,Canada,,,,,,
,977,U Ian Lo,M30-34,,Open,Macao,,,,,,
,1287,Tyler Johnston,M40-44,,Open,Canada,,,,,,
,1771,Stefano Matalucci,M50-54,,Open,Italy,,,,,,
,447,Hiroshi Inose,M65-69,,Open,Japan,1:33:27,15:03,9:28:27,11:45,,
,676,Andreas Niedrig,M55-59,,Open,Germany,54:22,4:12,5:35:39,4:27,,
,1280,Adam Melonas,M40-44,,Open,Australia,,,,,,
,2366,Marcin Winiarski,M45-49,,Open,Unknown,1:15:26,5:15,6:48:56,7:29,,
,24,Luciano Taccone,MPRO,,Open,Argentina,,,,,,
,22,Bart Aernouts,MPRO,,Open,Belgium,,,,,,
,2374,Robert Watson,M40-44,,Open,Canada,1:19:40,11:20,,,,
,1085,Kirk Wood-Gaines,M60-64,,Open,United States,1:26:33,7:34,,,,
,551,Scott Jones,M55-59,,Open,United States,,,,,,
,473,Hiroshi Tomita,M70-74,,Open,Japan,2:16:21,6:16,9:04:20,,,
,586,Greg Jablonski,M55-59,,Open,United States,55:52,4:04,6:49:38,7:58,,
,2310,Mikhail Ivanov,M45-49,,Open,United States,,,,,,
,199,Yoann Peschard,M35-39,,Open,France,,,,,,
,1028,Chris Kenney,M60-64,,Open,United States,1:55:33,10:01,,,,
,2230,John Jacobs,M45-49,,Open,United Kingdom,1:04:50,4:00,6:13:23,5:24,,
,2053,Vincent Jones,M45-49,,Open,United States,1:40:35,11:13,9:06:17,,,
,111,Gregory Lopez,M35-39,,Open,United States,,,,,,
,1323,Cesar Goncalves Moura,M40-44,,Open,Brazil,,,,,,
,1892,Zachary Cooper,M25-29,,Open,United Kingdom,,,,,,
,505,Jeffrey Peebles,M55-59,,Open,United States,1:29:48,11:17,,,,
,579,Can Datca,M55-59,,Open,Turkey,1:30:16,7:26,7:39:25,8:16,,
,444,Gilles Simard,M65-69,,Open,Canada,1:38:55,12:21,,,,
,607,Anthony Head,M55-59,,Open,Japan,,,,,,
,703,Jim Bodden,M55-59,,Open,Canada,,,,,,
,318,Alexandre Renaux,M35-39,,Open,Belgium,,,,,,
,1741,Luke Williams,M50-54,,Open,Australia,,,,,,
,885,Tyler Frank,M30-34,,Open,United States,1:07:44,6:05,6:25:27,,,
,1310,George Gilkey,M40-44,,Open,United States,,,,,,
,1694,Lars Vreugdenhil,M50-54,,Open,Netherlands,,,,,,
,479,Paul Wileman,M70-74,,Open,United Kingdom,,,,,,
,1540,Patrick Swere,M50-54,,Open,United States,1:52:48,9:07,,,,
,634,Tobias Wiren,M55-59,,Open,Sweden,,,,,,
,1768,Steven Moody,M50-54,,Open,Ireland,,,,,,
,489,Nick Hewitt,M70-74,,Open,United Kingdom,,,,,,
,1747,Mariano Moreno Garcia,M50-54,,Open,Mexico,1:23:25,10:35,9:18:30,11:36,,
,20,Chris Leiferman,MPRO,,Open,United States,51:08,2:34,,,,
,680,Joachim Häcker,M55-59,,Open,Germany,1:34:30,8:12,9:12:45,28:00,,
,338,Julian Rangel,M35-39,,Open,United States,1:28:55,7:17,9:01:58,14:03,,
,1056,Dusan Olaj,M60-64,,Open,Slovenia,1:56:00,8:07,,,,
,369,Josue Borja Mancheno,M35-39,,Open,Ecuador,,,,,,
,1563,Erez Tavor,M50-54,,Open,Israel,,,,,,
,690,Miroslav Mikula,M55-59,,Open,Czechia,,,,,,
,1915,Jayden Pantel,M25-29,,Open,Canada,1:06:13,7:55,5:53:42,10:21,,
,1022,Lars Møller,M60-64,,Open,Denmark,1:31:43,12:22,8:17:40,,,
,1755,Matt Harmatuk,M50-54,,Open,United States,1:34:55,9:46,,,,
,14,Pieter Heemeryck,MPRO,,Open,Belgium,49:10,2:26,5:06:22,4:41,,
,580,Tim Stageberg,M55-59,,Open,United States,,,,,,
,976,Sean Millington,M30-34,,Open,United Kingdom,,,,,,
,1759,Stefan Bolling,M50-54,,Open,Sweden,1:01:34,4:12,,,,
,1513,Raul Leorex Gaerlan,M50-54,,Open,Philippines,,,,,,
,296,Evgeny Fedotov,M35-39,,Open,United Kingdom,,,,,,
,1737,Tobias Chu,M50-54,,Open,Singapore,55:57,4:49,6:02:01,4:57,,
,806,Andrew Price,M30-34,,Open,United Kingdom,,,,,,
,281,Andrea Mauri,M35-39,,Open,Italy,1:04:20,5:33,,,,
,1959,Francis St-Amant,M25-29,,Open,Canada,,,,,,
,33,Rasmus Svenningsson,MPRO,,Open,Sweden,,,,,,
,234,John Bardenheier,M35-39,,Open,Germany,1:08:12,5:27,,,,
,1061,Peter Lynch,M60-64,,Open,Australia,2:11:50,12:30,,,,
,482,Andrew Gordon,M70-74,,Open,New Zealand,,,,,,
,841,James Hedley-Hamilton,M30-34,,Open,United Kingdom,,,,,,
,1348,Frédéric Lureau,M40-44,,Open,France,1:10:47,5:18,5:18:18,5:02,,
,1108,Kevin Chidwick,M60-64,,Open,United Kingdom,1:24:04,9:48,,,,
,1582,Lars Böhrenz,M50-54,,Open,Germany,1:25:13,8:01,7:55:04,10:43,,
,1570,Nuno Sousa,M50-54,,Open,Portugal,1:15:55,5:25,8:26:10,5:53,,
,1588,Tim Starets,M50-54,,Open,United States,1:04:50,4:56,6:04:04,3:46,,
,2229,Alberto Rivera,M45-49,,Open,Puerto Rico,1:30:42,7:08,,,,
,921,Sam Bartolo,M30-34,,Open,France,,,,,,
,1791,Carsten Heinrichs,M50-54,,Open,Germany,1:06:21,6:54,7:15:01,13:52,,
,1775,Hans Larsson,M50-54,,Open,United States,,,,,,
,2025,Ethan Williams,M18-24,,Open,Australia,1:04:17,5:50,6:29:09,,,
,1716,Johnatan Sunga,M50-54,,Open,Philippines,1:44:37,11:43,,,,
,2272,Kim Hjuler,M45-49,,Open,Denmark,1:14:07,8:51,7:14:02,6:51,,
,416,David Jones,M65-69,,Open,Canada,,,,,,
,757,Igor Szlaski,M30-34,,Open,Poland,59:20,7:31,6:29:33,5:03,4:19:18,
,252,Mathieu Lesavre,M35-39,,Open,France,,,,,,
,1076,Thomas Malies,M60-64,,Open,Germany,1:11:58,6:38,6:57:24,,,
,1086,Michael Collins,M60-64,,Open,United States,1:10:15,16:58,9:19:38,25:02,,
,2051,Filippo Neri,M45-49,,Open,Italy,,,,,,
,886,Raphaël Serrapica,M30-34,,Open,France,58:00,7:05,,,,
,1048,Dominic Bertin,M60-64,,Open,Belgium,1:26:54,,,,,
,2269,Seongjin Lee,M45-49,,Open,Korea,1:24:05,6:46,8:43:39,8:37,,
,1816,Phillip Becker,M50-54,,Open,Germany,,,,,,
,1679,Laurent Leherisse,M50-54,,Open,France,1:08:03,5:37,5:48:05,5:16,,
,842,Tobias Schütte,M30-34,,Open,Germany,1:12:02,4:00,6:07:55,6:05,,
,2275,Chris Manby,M45-49,,Open,United Kingdom,,,,,,
,821,Michael Kramer,M30-34,,Open,South Africa,54:22,4:20,6:09:10,4:01,,
,1550,Kevin Fuller,M50-54,,Open,United States,1:05:13,5:33,5:59:18,6:32,,
,324,Stéphane Rossetto,M35-39,,Open,France,1:02:03,5:38,4:43:36,3:46,,
,1438,Michael Mantyla,M40-44,,Open,United States,1:14:47,5:15,,,,
,1869,Jean-Adrien Michel,M25-29,,Open,France,,,,,,
,616,Thomas Vetter,M55-59,,Open,Germany,1:14:36,5:24,,,,
,1474,Urs Mueller,M40-44,,Open,Switzerland,,,,,,
,1332,Christian Jauch,M40-44,,Open,Germany,,,,,,
,236,Mark Stathes,M35-39,,Open,United States,1:28:25,10:39,9:46:18,13:49,,
,2179,Benno Adelhardt,M45-49,,Open,Germany,,,,,,
,45,Reinaldo Colucci,MPRO,,Open,Brazil,49:15,2:51,5:28:47,,,
,442,Alfons Dees,M65-69,,Open,Germany,2:10:10,7:04,7:10:08,,,
,1451,Kris Whitelaw,M40-44,,Open,United Kingdom,1:01:33,4:20,5:31:09,7:27,,
,1011,Enrico Scio,M60-64,,Open,Italy,1:56:16,13:12,9:04:44,,,
,2110,Kimmo Tuunanen,M45-49,,Open,Finland,59:49,3:58,,,,
,52,Nathan Dortmann,MPRO,,Open,Australia,1:00:30,,,,,
,2088,Antal Vamosi,M45-49,,Open,France,1:36:43,5:25,,,,
,483,Paul Kelly,M70-74,,Open,Australia,1:41:08,12:43,,,,
,414,Eric Johnson,M65-69,,Open,United States,,,,,,
,636,Sean Mcquillan,M55-59,,Open,Ireland,2:32:42,,,,,
,620,Yann Le Moenner,M55-59,,Open,France,1:26:09,12:15,6:57:23,17:05,,
,412,Charles Altman,M65-69,,Open,United States,1:23:52,8:32,8:34:51,16:16,,
,490,Ryuji Nakagawa,M75-79,,Open,Japan,1:56:46,15:08,,,,
,688,Geoff Oliver,M55-59,,Open,Australia,1:38:37,11:46,,,,
,2338,Michael Gonda,M45-49,,Open,Ireland,,,,,,
,103,Marc Clough,MPC/ID,,Open,United Kingdom,2:18:31,5:04,,,,
,12,Daniel Bakkegard,MPRO,,Open,Denmark,,,,,,
,1830,Declan Doyle,M50-54,,Open,Ireland,,,,,,
,717,Ivan Tucker,M55-59,,Open,United States,,,,,,
,562,Norbert Rosa,M55-59,,Open,Austria,,,,,,
