Place,Bib,Name,Age_Group,Group_Rank,Class,Club,Swim,T1,Bike,T2,Run,Finish
1,5,Patrick Lange,MPRO,1,Open,Germany,48:45,1:49,4:28:53,2:14,2:39:59,8:01:40
2,30,Lionel Sanders,MPRO,2,Open,Canada,53:41,1:58,4:14:19,2:16,2:51:53,8:04:07
3,16,David McNamee,MPRO,3,Open,United Kingdom,48:40,2:03,4:28:55,2:03,2:45:30,8:07:11
4,2,Sebastian Kienle,MPRO,4,Open,Germany,53:44,1:58,4:14:57,2:09,2:57:11,8:09:59
5,19,James Cunnama,MPRO,5,Open,South Africa,49:09,2:11,4:21:02,2:16,2:56:46,8:11:24
6,15,Terenzo Bozzone,MPRO,6,Open,New Zealand,48:41,1:58,4:26:20,2:20,2:53:47,8:13:06
7,14,Andy Potts,MPRO,7,Open,United States,49:01,2:04,4:31:02,2:10,2:50:26,8:14:43
8,26,Patrik Nilsson,MPRO,8,Open,Sweden,48:34,1:57,4:29:02,2:57,2:55:51,8:18:21
9,3,Ben Hoffman,MPRO,9,Open,United States,48:52,1:57,4:22:00,2:21,3:04:16,8:19:26
10,10,Boris Stein,MPRO,10,Open,Germany,53:48,1:43,4:23:59,2:12,3:00:42,8:22:24
11,45,Ivan Rana,MPRO,11,Open,Spain,48:41,1:49,4:39:15,2:33,2:52:35,8:24:53
12,18,Bart Aernouts,MPRO,12,Open,Belgium,56:19,2:02,4:32:34,2:36,2:52:57,8:26:28
13,40,Thiago Vinhal,MPRO,13,Open,Brazil,49:00,2:09,4:37:00,3:17,2:55:58,8:27:24
14,39,Igor Amorelli,MPRO,14,Open,Brazil,48:38,1:55,4:25:16,3:10,3:08:27,8:27:26
15,38,Tim Van Berkel,MPRO,15,Open,Australia,51:23,2:01,4:37:24,2:10,2:55:07,8:28:05
16,29,Ruedi Wild,MPRO,16,Open,Switzerland,51:27,2:02,4:37:30,2:41,2:54:47,8:28:27
17,49,Cameron Wurf,MPRO,17,Open,Australia,53:49,2:21,4:12:54,1:57,3:19:28,8:30:29
18,42,Marc Duelsen,MPRO,18,Open,Germany,51:30,2:00,4:39:00,2:00,2:58:50,8:33:20
19,6,Tim O'Donnell,MPRO,19,Open,United States,48:38,1:55,4:25:10,2:15,3:15:55,8:33:53
20,37,Alessandro Degasperi,MPRO,20,Open,Italy,53:44,2:07,4:40:14,2:37,2:56:43,8:35:25
21,43,Harry Wiltshire,MPRO,21,Open,United Kingdom,48:32,1:46,4:40:33,2:06,3:02:44,8:35:41
22,44,Jan Van Berkel,MPRO,22,Open,Switzerland,50:14,2:03,4:38:33,2:10,3:05:48,8:38:48
23,24,Tim Reed,MPRO,23,Open,Australia,49:02,2:07,4:39:38,2:30,3:06:54,8:40:11
24,59,Eneko Llanos,MPRO,24,Open,Spain,49:12,2:03,4:36:22,2:45,3:10:30,8:40:52
25,36,Marko Albert,MPRO,25,Open,Estonia,48:30,1:54,4:36:15,2:06,3:12:43,8:41:28
26,163,Jetze Plat,HC,,,Netherlands,53:14,1:57,5:25:17,1:59,2:19:20,8:41:47
27,8,Kyle Buckingham,MPRO,26,Open,South Africa,53:09,1:50,4:50:12,2:43,2:56:15,8:44:09
28,51,Jesse Thomas,MPRO,27,Open,United States,53:45,2:07,4:33:15,2:59,3:12:34,8:44:40
29,53,Giulio Molinari,MPRO,28,Open,Italy,48:47,2:08,4:36:51,3:04,3:15:48,8:46:38
30,21,Josh Amberger,MPRO,29,Open,Australia,47:09,1:57,4:30:39,2:33,3:25:55,8:48:13
31,22,Braden Currie,MPRO,30,Open,New Zealand,48:41,1:56,4:41:29,2:40,3:15:19,8:50:05
32,23,Ronnie Schildknecht,MPRO,31,Open,Switzerland,53:47,1:58,4:36:28,2:30,3:15:47,8:50:30
33,101,Daniela Ryf,FPRO,1,Female,Switzerland,53:10,2:14,4:53:10,2:11,3:00:02,8:50:47
34,54,Denis Chevrot,MPRO,32,Open,France,48:48,2:03,4:36:48,2:28,3:22:33,8:52:40
35,1714,Christian Haupt,M35-39,1,Open,Germany,58:11,2:59,4:46:33,2:17,3:05:28,8:55:28
36,55,Michael Fox,MPRO,33,Open,Australia,48:42,1:55,4:53:40,2:02,3:11:31,8:57:50
37,1837,Lars Petter Stormo,M35-39,2,Open,Norway,57:37,3:12,4:50:17,2:23,3:05:40,8:59:09
38,118,Lucy Charles,FPRO,2,Female,United Kingdom,48:48,2:06,4:58:19,2:16,3:08:09,8:59:38
39,1395,Martin Kurt Huhndorf,M40-44,1,Open,Germany,54:59,2:31,4:49:57,3:25,3:09:51,9:00:43
40,2221,Antoine Mechin,M25-29,1,Open,France,54:53,2:56,4:57:30,3:42,3:02:29,9:01:30
41,102,Sarah Crowley,FPRO,3,Female,Australia,53:07,2:10,4:57:51,2:54,3:05:36,9:01:38
42,12,Matt Hanson,MPRO,34,Open,United States,51:22,1:44,4:40:45,4:15,3:23:58,9:02:04
43,1373,Waldemar Grichting,M40-44,2,Open,Switzerland,1:03:57,3:03,4:44:04,3:09,3:07:51,9:02:04
44,2403,Luis Fernando Pelcastre Rabanal,M18-24,1,Open,Mexico,57:41,3:10,4:45:30,3:39,3:12:13,9:02:13
45,105,Heather Jackson,FPRO,4,Female,United States,57:58,2:11,4:53:54,2:07,3:06:19,9:02:29
46,1868,Jacob Wissum,M35-39,3,Open,Denmark,1:02:25,4:01,4:35:17,3:27,3:17:23,9:02:33
47,1297,Benjamin Bell,M40-44,3,Open,Australia,56:19,2:03,4:57:25,2:23,3:06:25,9:04:35
48,2074,Guillaume Montoisy,M30-34,1,Open,Belgium,56:05,4:20,4:53:58,3:47,3:06:28,9:04:38
49,103,Kaisa Sali,FPRO,5,Female,Finland,57:53,2:18,4:59:50,3:06,3:01:33,9:04:40
50,2089,Soukup Petr,M30-34,2,Open,Czech Republic,52:49,2:01,5:01:51,3:21,3:05:02,9:05:04
51,1421,Jesper Madsen,M40-44,4,Open,Denmark,1:01:33,3:27,4:48:51,4:18,3:07:18,9:05:27
52,1667,David Corredor Panadero,M35-39,4,Open,Spain,58:45,3:09,4:54:35,4:18,3:04:46,9:05:33
53,2025,Kirill Mikhailovich Goldovskii,M30-34,3,Open,Russia,51:39,2:54,5:00:21,3:03,3:08:03,9:06:00
54,1795,Charles Edmonds Pennington,M35-39,5,Open,United Kingdom,57:22,3:02,4:56:48,3:36,3:06:30,9:07:18
55,1507,Daniel Stubleski,M40-44,5,Open,United States,1:00:59,2:25,4:45:19,2:25,3:17:30,9:08:38
56,2002,Derk De Korver,M30-34,4,Open,Netherlands,1:00:39,2:35,4:41:34,2:19,3:21:41,9:08:48
57,1681,Eduardo Della Maggiora,M35-39,6,Open,Chile,58:03,3:20,4:52:55,3:40,3:11:19,9:09:17
58,1660,Nathan Buttrick,M35-39,7,Open,United States,1:05:54,3:35,4:45:25,3:36,3:12:36,9:11:06
59,1369,Olivier Godart,M40-44,6,Open,Luxembourg,58:02,2:47,4:56:44,4:28,3:09:07,9:11:08
60,2080,Chris Nocera,M30-34,5,Open,United States,56:15,2:21,4:57:22,3:36,3:11:57,9:11:31
61,2233,Matt Cymanski,M25-29,2,Open,United States,55:06,2:35,4:51:12,4:09,3:18:46,9:11:48
62,1849,Juan Valencia,M35-39,8,Open,Colombia,53:35,3:27,4:59:29,4:53,3:10:45,9:12:09
63,1778,Ryan Miller,M35-39,9,Open,Australia,1:02:20,2:49,4:53:22,3:51,3:10:19,9:12:41
64,2220,Frederik Andersen,M25-29,3,Open,Denmark,1:01:20,3:33,4:47:23,2:53,3:17:44,9:12:53
65,2110,Thomas Joachim Schmudde,M30-34,6,Open,Germany,1:05:08,3:06,4:48:51,4:34,3:11:26,9:13:05
66,2054,John Kelly,M30-34,7,Open,United States,1:07:51,2:36,4:58:41,3:23,3:00:42,9:13:13
67,1656,Jerome Bresson,M35-39,10,Open,Canada,1:02:34,2:31,4:49:55,3:41,3:14:45,9:13:26
68,2465,Blake Kappler,M30-34,8,Open,Australia,52:38,3:08,4:54:06,3:37,3:20:53,9:14:22
69,2056,Brett King,M30-34,9,Open,United States,53:47,2:20,4:53:48,2:44,3:22:37,9:15:16
70,1,Jan Frodeno,MPRO,35,Open,Germany,48:27,1:53,4:20:59,2:28,4:01:57,9:15:44
71,1754,Gregory Lindquist,M35-39,11,Open,United States,1:00:10,2:54,4:54:22,3:10,3:15:23,9:15:59
72,107,Susie Cheetham,FPRO,6,Female,United Kingdom,57:54,2:04,5:03:27,3:10,3:09:25,9:16:00
73,1378,Sam Gyde,M40-44,7,Open,Belgium,1:05:30,3:55,4:43:43,3:49,3:19:35,9:16:32
74,2255,Felix Hohm,M25-29,4,Open,Germany,57:59,2:47,4:57:45,4:06,3:13:59,9:16:36
75,1703,Vincent Fromont,M35-39,12,Open,France,58:08,3:03,4:55:13,3:44,3:16:59,9:17:07
76,1858,Miroslav Vrastil,M35-39,13,Open,Czech Republic,1:05:32,2:44,4:51:39,5:03,3:12:38,9:17:36
77,1041,Marcin Konieczny,M45-49,1,Open,Poland,1:04:02,2:29,4:50:32,3:27,3:18:13,9:18:43
78,2078,Thiago Nascimento,M30-34,10,Open,Brazil,1:00:27,3:38,4:57:35,3:28,3:13:58,9:19:06
79,1285,Lucas Antonetti,M40-44,8,Open,Argentinia,56:18,2:29,5:04:27,2:53,3:13:04,9:19:11
80,117,Carrie Lester,FPRO,7,Female,Australia,57:51,2:22,5:00:31,2:30,3:16:35,9:19:49
81,2107,Anton Samokhvalov,M30-34,11,Open,Russia,1:01:01,2:56,4:49:44,3:46,3:22:57,9:20:24
82,112,Liz Lyles,FPRO,8,Female,United States,1:00:08,2:15,5:04:10,2:37,3:11:21,9:20:31
83,2226,Daniel Besse,M25-29,5,Open,Switzerland,52:55,2:13,5:01:22,3:35,3:20:39,9:20:44
84,1175,Ritch Viola,M45-49,2,Open,United States,53:23,2:27,4:52:28,2:37,3:30:00,9:20:55
85,114,Annabel Luxford,FPRO,9,Female,Australia,53:02,2:12,4:59:15,2:23,3:24:06,9:20:58
86,2132,Jarle Wermskog,M30-34,12,Open,Norway,1:09:17,3:45,4:53:11,4:09,3:10:43,9:21:05
87,136,Jocelyn McCauley,FPRO,10,Female,United States,54:31,2:22,5:04:34,3:00,3:16:41,9:21:08
88,2284,Brent Patteeuw,M25-29,6,Open,Belgium,59:02,2:56,4:58:03,3:03,3:18:47,9:21:51
89,2238,Christian Fassler,M25-29,7,Open,Switzerland,59:55,3:27,5:08:39,3:46,3:06:13,9:22:00
90,1142,Kai Soderdahl,M45-49,3,Open,Finland,1:01:21,3:06,4:54:34,3:41,3:19:40,9:22:22
91,2287,Maxime Picaut,M25-29,8,Open,France,53:04,3:37,5:00:00,3:57,3:21:53,9:22:31
92,1171,Koen Van Rie,M45-49,4,Open,Belgium,1:03:51,4:02,4:50:56,3:09,3:21:01,9:22:59
93,128,Mareen Hufe,FPRO,11,Female,Germany,59:04,2:08,4:58:06,2:36,3:21:17,9:23:11
94,2034,Levi Hauwert,M30-34,13,Open,Australia,56:09,2:45,4:49:25,2:48,3:32:08,9:23:15
95,2293,Rodrigo Romero Garcia De La Cadena,M25-29,9,Open,Mexico,57:55,3:55,5:00:25,5:23,3:15:43,9:23:21
96,2250,Jarrod Harvey,M25-29,10,Open,Australia,54:33,2:34,4:51:28,2:21,3:32:27,9:23:23
97,2023,Ryan Giuliano,M30-34,14,Open,United States,59:12,3:03,4:54:53,2:37,3:23:41,9:23:26
98,700,Christophe Lemery,M50-54,1,Open,France,1:02:00,2:53,4:56:43,2:57,3:18:58,9:23:31
99,1645,Jose Antonio Arranz Caceras,M35-39,14,Open,Spain,1:00:01,2:30,4:57:30,4:26,3:19:22,9:23:49
100,1658,Nicholas Brown,M35-39,15,Open,United States,54:47,3:25,5:00:47,2:51,3:22:04,9:23:54
101,1973,Tim Ballintine,M30-34,15,Open,Australia,55:21,2:48,5:10:31,3:17,3:12:06,9:24:03
102,2296,Ryan Snapp,M25-29,11,Open,United States,1:01:35,5:26,5:10:31,4:53,3:01:46,9:24:11
103,1853,Toon Veldeman,M35-39,16,Open,Belgium,57:34,4:05,4:56:10,3:44,3:23:05,9:24:38
104,1989,Philipp Alexander Cohrs,M30-34,16,Open,Germany,1:04:05,3:05,4:58:50,4:21,3:14:24,9:24:45
105,1678,Marcelino De Miranda,M35-39,17,Open,Brazil,56:10,3:32,4:58:40,4:34,3:21:54,9:24:50
106,1036,Paul Lunn,M45-49,5,Open,United Kingdom,1:05:59,2:58,4:50:22,2:34,3:23:09,9:25:02
107,1664,Brasilio Castro Neto,M35-39,18,Open,Brazil,52:32,2:59,4:57:34,5:07,3:27:13,9:25:25
108,124,Maja Stage Nielsen,FPRO,12,Female,Denmark,1:00:10,2:12,5:08:10,2:15,3:12:51,9:25:38
109,2125,Brad Wall,M30-34,17,Open,Australia,57:27,2:55,4:54:46,3:03,3:27:28,9:25:39
110,1514,Markku Toiviainen,M40-44,9,Open,Finland,1:00:08,3:33,4:55:14,4:48,3:22:22,9:26:05
111,110,Linsey Corbin,FPRO,13,Female,United States,1:00:07,2:19,5:07:38,2:58,3:13:10,9:26:12
112,1383,James Harrington,M40-44,10,Open,United States,1:09:25,4:25,5:01:42,3:19,3:07:34,9:26:25
113,1797,Benjamin Pernet,M35-39,19,Open,France,51:45,3:13,4:51:52,3:39,3:36:00,9:26:29
114,2113,Jan Simon Seewald,M30-34,18,Open,Germany,59:02,5:43,4:50:46,5:34,3:25:36,9:26:41
115,1314,Olivier Cardoen,M40-44,11,Open,Belgium,58:08,2:58,4:47:37,3:19,3:34:51,9:26:53
116,2014,Neil Eddy,M30-34,19,Open,United Kingdom,51:57,2:13,4:54:32,3:21,3:34:57,9:27:00
117,58,Chris McDonald,MPRO,36,Open,Australia,55:43,1:58,4:47:02,3:04,3:39:35,9:27:22
118,28,Tyler Butterfield,MPRO,37,Open,Bermuda,48:54,2:30,4:35:10,4:30,3:56:18,9:27:22
119,1812,Balazs Ronaszeki,M35-39,20,Open,Hungary,1:04:44,3:22,5:00:36,3:48,3:14:57,9:27:27
120,1807,Gerald Gerhard Ratschke,M35-39,21,Open,Austria,1:01:52,3:11,5:02:15,4:12,3:16:10,9:27:40
121,1791,Colin O'Shea,M35-39,22,Open,Ireland,56:10,3:35,5:09:37,3:37,3:14:44,9:27:43
122,1020,Sune Kj??_r,M45-49,6,Open,Denmark,1:02:41,3:07,4:56:12,3:01,3:22:50,9:27:51
123,1976,Matt Bender,M30-34,20,Open,United States,58:10,4:52,4:47:44,5:41,3:31:28,9:27:55
124,2036,Justin Herrick,M30-34,21,Open,United States,54:31,3:51,5:03:47,3:11,3:22:38,9:27:58
125,1857,Carlos Vives Gaseni,M35-39,23,Open,Spain,1:00:58,2:55,5:06:39,5:24,3:12:06,9:28:02
126,2273,Arnaud Margot,M25-29,12,Open,Switzerland,1:00:47,2:26,4:51:31,3:09,3:30:47,9:28:40
127,133,Melissa Hauschildt,FPRO,14,Female,Australia,58:45,2:37,5:07:29,2:58,3:16:51,9:28:40
128,1695,Rafael Falsarella,M35-39,24,Open,Brazil,59:56,3:22,4:45:10,4:13,3:36:12,9:28:53
129,1701,Gustavo Fleruy Soares,M35-39,25,Open,Brazil,55:56,3:21,4:49:56,2:36,3:37:06,9:28:55
130,1673,Cesar Dalquano,M35-39,26,Open,Brazil,57:47,3:17,4:58:02,3:39,3:26:39,9:29:24
131,2239,Curtiss Feltner,M25-29,13,Open,United States,56:20,2:38,4:55:32,4:15,3:30:43,9:29:28
132,115,Laura Siddall,FPRO,15,Female,United Kingdom,57:55,2:19,5:02:57,2:23,3:24:17,9:29:51
133,921,Nicholas Burt,M45-49,7,Open,Australia,57:35,4:35,4:56:37,3:21,3:27:51,9:29:59
134,1654,Flemming Bjerregaard,M35-39,27,Open,Denmark,1:03:04,3:01,4:48:37,3:17,3:32:01,9:30:00
135,2047,Chad Jarrett,M30-34,22,Open,United States,59:40,3:48,4:58:40,3:48,3:24:09,9:30:05
136,1780,Miguel Moreau,M35-39,28,Open,Spain,55:41,2:39,4:53:06,3:01,3:35:46,9:30:13
137,2294,Thomas Samann,M25-29,14,Open,Germany,1:01:53,2:52,4:55:17,3:44,3:26:47,9:30:33
138,123,Corinne Abraham,FPRO,16,Female,United Kingdom,1:04:09,2:05,5:05:31,2:02,3:16:50,9:30:37
139,2024,Dylan Gleeson,M30-34,23,Open,Canada,56:47,2:26,4:41:01,2:29,3:47:58,9:30:41
140,1770,Bart Mathys,M35-39,29,Open,Belgium,1:02:21,3:16,4:56:31,3:24,3:25:11,9:30:43
141,1985,Thomas Capellaro,M30-34,24,Open,Germany,53:33,3:11,4:58:51,4:54,3:30:40,9:31:09
142,1839,Jay Thomas,M35-39,30,Open,Australia,54:48,3:20,4:58:21,3:07,3:31:38,9:31:14
143,1734,Alan Kenny,M35-39,31,Open,Ireland,1:08:59,7:49,4:54:05,3:51,3:16:45,9:31:29
144,2020,Alain Friedrich,M30-34,25,Open,Switzerland,57:36,2:32,4:47:37,3:43,3:40:04,9:31:32
145,1970,Pablo Arce Diaz,M30-34,26,Open,Costa Rica,1:02:38,2:52,4:55:00,3:50,3:27:28,9:31:48
146,2093,Michal Podsiadlowski,M30-34,27,Open,Poland,1:07:23,3:36,4:42:35,3:27,3:34:49,9:31:50
147,1705,Thomas Furnschuss,M35-39,32,Open,Austria,1:00:11,2:49,5:01:00,3:09,3:24:54,9:32:03
148,1409,Riccardo Kuhar,M40-44,12,Open,Croatia,59:27,4:09,4:53:54,3:08,3:31:43,9:32:21
149,2035,Luis Hernandez Cano,M30-34,28,Open,Spain,1:01:09,2:59,4:50:59,4:16,3:33:42,9:33:05
150,1459,Urmas Peiker,M40-44,13,Open,Estonia,1:09:16,4:29,5:12:04,3:05,3:04:12,9:33:06
151,1449,Petereduard Nowak,M40-44,14,Open,Germany,1:04:25,2:58,5:05:38,5:21,3:15:01,9:33:23
152,2010,Jackson Dovey,M30-34,29,Open,United States,54:36,3:20,4:58:21,3:10,3:34:22,9:33:49
153,2384,Georg Enzenberger,M18-24,2,Open,Austria,59:15,3:30,4:58:48,3:07,3:29:22,9:34:02
154,2053,Philipp Keller,M30-34,30,Open,Germany,1:00:18,3:10,5:00:05,3:07,3:27:26,9:34:06
155,2005,Christopher Dels,M30-34,31,Open,Germany,1:02:16,2:47,5:01:50,4:05,3:23:15,9:34:13
156,1775,Kristjan Melikov,M35-39,33,Open,Estonia,1:00:42,3:31,5:04:55,4:48,3:20:30,9:34:26
157,674,Pierre Heynemand Jr.,M50-54,2,Open,Canada,1:01:16,3:08,4:55:45,3:18,3:31:02,9:34:29
158,1729,Vicente Junior,M35-39,34,Open,Brazil,58:06,3:42,4:59:48,5:15,3:27:41,9:34:32
159,1687,Pieter Duyck,M35-39,35,Open,Belgium,1:10:18,4:29,5:00:41,4:43,3:14:23,9:34:34
160,122,Asa Lundstrom,FPRO,17,Female,Sweden,1:04:54,2:17,5:02:35,2:19,3:22:32,9:34:37
161,1995,Paul Cowling,M30-34,32,Open,United Kingdom,54:20,3:07,4:57:51,4:43,3:34:37,9:34:38
162,1300,Vicente Bobadilla,M40-44,15,Open,Chile,58:08,3:30,4:59:09,5:24,3:28:30,9:34:41
163,1968,Hugo Amaral,M30-34,33,Open,Brazil,52:50,3:00,5:04:11,3:42,3:30:59,9:34:42
164,1700,Luiz Flavio Inacio Da Silva,M35-39,36,Open,Brazil,1:03:31,4:03,4:51:56,4:59,3:30:43,9:35:12
165,1833,Hayden Smith,M35-39,37,Open,Australia,50:13,2:56,5:10:43,4:09,3:27:18,9:35:19
166,1802,Lucas Pretto,M35-39,38,Open,Brazil,54:49,3:12,5:01:30,4:06,3:32:12,9:35:49
167,1815,Lionel Roye,M35-39,39,Open,France,58:05,2:21,5:11:15,4:51,3:19:22,9:35:54
168,1455,Nathan Parker,M40-44,16,Open,Australia,57:39,3:14,4:55:58,3:28,3:35:36,9:35:55
169,1282,Fernando Alfaro,M40-44,17,Open,Panama,54:29,2:36,5:06:43,2:55,3:29:16,9:35:59
170,1090,Anthony Philippe,M45-49,8,Open,France,1:03:16,4:25,5:00:45,4:10,3:23:26,9:36:02
171,1988,Duncan Chedburn,M30-34,34,Open,United Kingdom,1:01:43,3:11,5:00:44,4:13,3:26:14,9:36:05
172,2041,Jeppe Hofman,M30-34,35,Open,Denmark,1:03:21,2:56,4:46:56,3:44,3:39:10,9:36:07
173,1515,Alessandro Tomaiuolo,M40-44,18,Open,Italy,59:38,3:05,5:02:55,4:19,3:26:17,9:36:14
174,1691,Bergamo Enzo,M35-39,40,Open,Italy,1:03:19,3:08,4:56:23,3:24,3:30:00,9:36:14
175,1315,Martin Caron,M40-44,19,Open,Canada,1:07:42,3:40,4:55:58,3:21,3:25:36,9:36:17
176,1639,Xabier Amparan Corrale,M35-39,41,Open,Spain,1:00:34,2:53,4:53:16,4:10,3:35:37,9:36:30
177,1370,Jose Graca,M40-44,20,Open,Brazil,58:01,3:08,5:05:12,3:28,3:26:49,9:36:38
178,1360,Ricardo Garcia,M40-44,21,Open,Argentinia,1:00:11,2:48,5:03:46,3:35,3:26:24,9:36:44
179,2286,Nelis Pex,M25-29,15,Open,Belgium,52:45,2:34,5:10:35,4:19,3:26:35,9:36:48
180,2021,Carlos Sequerira,M40-44,22,Open,Costa Rica,1:05:12,3:41,5:08:36,3:37,3:15:47,9:36:53
181,2072,Jack McAfee,M30-34,36,Open,United States,53:22,2:25,5:04:39,4:01,3:32:28,9:36:55
182,1299,Alexander Blank,M40-44,23,Open,Germany,1:02:17,2:46,4:59:36,3:28,3:28:51,9:36:58
183,1283,Stuart Anderson,M40-44,24,Open,United Kingdom,1:04:24,3:20,4:55:21,4:15,3:29:44,9:37:04
184,1683,Krestin Denis,M35-39,42,Open,Russia,57:24,2:49,5:11:55,2:01,3:23:03,9:37:12
185,1523,Rowan Vorster,M40-44,25,Open,South Africa,58:36,2:29,5:00:49,2:47,3:32:45,9:37:26
186,138,Haley Chura,FPRO,18,Female,United States,52:03,2:14,5:10:47,3:06,3:29:21,9:37:31
187,1078,Mustafa Okyay,M45-49,9,Open,Germany,1:02:33,3:46,4:57:20,3:42,3:30:14,9:37:35
188,2276,Brock Millard,M25-29,16,Open,Australia,50:13,2:15,5:05:21,2:26,3:37:31,9:37:46
189,1823,Thomas Schlohmann,M35-39,43,Open,Germany,1:01:01,3:04,5:02:41,4:13,3:26:54,9:37:53
190,2136,Yurii Klym,M30-34,37,Open,Ukraine,1:06:49,2:16,4:56:55,3:43,3:28:23,9:38:06
191,1767,Brodie Madgwick,M35-39,44,Open,New Zealand,55:49,3:08,5:04:11,3:22,3:31:47,9:38:17
192,47,Reinaldo Colucci,MPRO,38,Open,Brazil,48:45,2:08,4:41:07,2:48,4:03:42,9:38:30
193,2392,Steffen Kohlmann,M18-24,3,Open,Germany,57:51,2:47,5:09:42,3:39,3:24:35,9:38:34
194,1841,Christian Tolg,M35-39,45,Open,Germany,58:32,3:22,4:56:01,3:37,3:37:07,9:38:39
195,2003,Andy De Sousa,M30-34,38,Open,Venezuela,1:02:07,3:37,4:55:39,3:09,3:34:13,9:38:45
196,1044,David Matheson,M45-49,10,Open,Canada,59:37,3:24,5:10:03,3:25,3:22:17,9:38:46
197,48,Patrick Evoe,MPRO,39,Open,United States,56:29,2:21,4:36:59,3:01,4:00:01,9:38:51
198,2412,Jesper Staulund,M18-24,4,Open,Denmark,1:04:09,3:31,5:06:06,3:06,3:22:07,9:38:59
199,2299,Stephan Steininger,M25-29,17,Open,Austria,1:04:05,2:56,4:56:40,4:08,3:31:12,9:39:01
200,664,Thorstein Gystad,M50-54,3,Open,Denmark,1:05:18,3:38,5:08:37,4:59,3:16:30,9:39:02
201,1971,Victor Arroyo Bugallo,M30-34,39,Open,Spain,58:41,2:50,4:52:28,4:00,3:41:08,9:39:07
202,1349,Per Morten Ellingsen,M40-44,26,Open,Norway,1:04:49,2:43,4:50:03,3:15,3:38:23,9:39:13
203,2133,Philipp Widmann,M30-34,40,Open,Germany,56:48,2:56,4:55:18,4:18,3:39:55,9:39:15
204,2267,Richard Lawrie,M25-29,18,Open,South Africa,59:44,3:20,4:52:04,2:49,3:41:18,9:39:15
205,1816,John Rutherford,M35-39,46,Open,United States,1:05:55,3:46,4:46:15,3:42,3:39:41,9:39:19
206,1847,Pablo Ureta,M35-39,47,Open,Argentinia,56:51,2:17,5:12:59,5:11,3:22:34,9:39:52
207,1986,Ben Castles,M30-34,41,Open,Australia,59:54,4:17,4:59:12,3:48,3:32:45,9:39:56
208,2114,Elad Sharabi,M30-34,42,Open,Israel,1:00:10,3:05,4:57:35,3:36,3:35:46,9:40:12
209,1308,Arnaitz Burgoa,M40-44,27,Open,Spain,1:00:01,4:43,5:00:52,4:30,3:30:22,9:40:28
210,1796,Javier Perez,M35-39,48,Open,Spain,1:08:25,2:21,5:08:18,3:08,3:18:29,9:40:41
211,109,Michaela Herlbauer,FPRO,19,Female,Austria,57:56,2:18,5:12:21,2:37,3:25:34,9:40:46
212,1334,Florent Dautel,M40-44,28,Open,France,1:01:51,3:23,5:03:30,3:15,3:28:59,9:40:58
213,1082,Brad Pamp,M45-49,11,Open,Australia,57:59,4:42,5:01:17,3:12,3:33:53,9:41:03
214,1183,Scott Whittlestone,M45-49,12,Open,United Kingdom,1:04:19,3:30,5:01:58,4:42,3:26:42,9:41:11
215,1506,Jan Strangmuller,M40-44,29,Open,Czech Republic,57:54,2:47,5:01:24,3:22,3:35:50,9:41:17
216,1417,Ludovic Prouzet,M40-44,30,Open,France,1:00:37,2:54,4:52:36,4:03,3:41:13,9:41:23
217,1143,Giuseppe Solla,M45-49,13,Open,Italy,58:44,3:01,5:00:07,3:06,3:36:26,9:41:24
218,1974,Norman Banick,M30-34,43,Open,Germany,1:03:36,3:15,4:55:36,4:08,3:34:53,9:41:28
219,1325,Pedro Cordovez,M40-44,31,Open,Panama,1:00:10,3:13,4:55:33,4:07,3:38:28,9:41:31
220,2225,Reece Barclay,M25-29,19,Open,United Kingdom,48:45,3:15,5:14:52,3:30,3:31:13,9:41:35
221,1019,Andre Kina,M45-49,14,Open,Brazil,56:52,3:36,5:07:42,4:28,3:29:02,9:41:40
222,1825,Sebastien Escola-Fasseur,M35-39,49,Open,France,1:03:09,2:49,4:50:12,4:41,3:40:51,9:41:42
223,1983,Dean Callaghan,M30-34,44,Open,Australia,56:01,4:25,4:52:32,4:01,3:44:56,9:41:55
224,1739,Ewert Kleynhans,M35-39,50,Open,South Africa,1:13:29,3:37,4:58:33,5:50,3:20:36,9:42:05
225,113,Rachel Joyce,FPRO,20,Female,United Kingdom,53:15,2:20,5:07:46,2:37,3:36:14,9:42:12
226,2236,Antony Dorland,M25-29,20,Open,France,1:13:57,3:43,5:08:48,4:48,3:11:01,9:42:17
227,2043,Shen Yen Sam Hsieh,M30-34,45,Open,Taiwan,51:43,2:25,5:05:55,5:28,3:36:55,9:42:26
228,2039,Joshua Michael Hodge,M30-34,46,Open,Denmark,1:00:29,2:52,5:06:55,3:34,3:28:45,9:42:35
229,2290,Daniel Rennertseder,M25-29,21,Open,Germany,1:00:13,3:38,5:12:22,6:15,3:20:09,9:42:37
230,1085,Ronan Pavoni,M45-49,15,Open,Panama,58:15,3:00,4:56:03,2:48,3:42:40,9:42:46
231,2103,Travis Rose,M30-34,47,Open,United States,1:00:33,4:29,4:59:31,4:52,3:33:24,9:42:49
232,2069,Laurent Marcilloux,M30-34,48,Open,France,1:01:59,3:43,4:59:21,2:52,3:35:07,9:43:02
233,1488,Oliver Sebrantke,M40-44,32,Open,Germany,1:12:30,3:21,5:15:58,2:57,3:08:23,9:43:09
234,126,Sonja Tajsich,FPRO,21,Female,Germany,1:05:00,2:25,5:17:47,3:24,3:14:50,9:43:26
235,1532,Thys Wind,M40-44,33,Open,Netherlands,55:01,3:40,5:03:04,5:24,3:36:17,9:43:26
236,2404,Lucas Petsa,M18-24,5,Open,Brazil,59:47,3:59,5:19:45,3:59,3:16:07,9:43:37
237,2108,Fernando Santander De La Munoza,M30-34,49,Open,Spain,52:04,2:36,4:59:56,4:07,3:45:06,9:43:49
238,2265,Luke Kurey,M25-29,22,Open,United States,57:54,3:42,4:55:59,4:13,3:42:08,9:43:56
239,1813,Michell Rosa De Jesus,M35-39,51,Open,Brazil,1:03:05,3:23,4:59:38,4:16,3:33:37,9:43:59
240,2274,Antoine Matteau,M25-29,23,Open,Canada,1:02:27,4:24,5:02:18,4:00,3:30:51,9:44:00
241,1840,David Thorne,M35-39,52,Open,Australia,56:02,3:42,5:10:36,5:38,3:28:03,9:44:01
242,898,Etienne Barbet,M45-49,16,Open,France,54:32,2:29,5:05:44,3:39,3:37:45,9:44:09
243,1042,Mark Livesey,M45-49,17,Open,United Kingdom,56:11,3:22,4:59:58,3:43,3:40:57,9:44:11
244,1676,Jan De Clercq,M35-39,53,Open,Belgium,1:01:31,3:05,5:10:39,4:34,3:24:25,9:44:14
245,2066,Eduardo Mansilla,M30-34,50,Open,Argentinia,1:05:04,2:44,5:12:50,4:51,3:18:54,9:44:23
246,2347,Emily Loughnan,F25-29,1,Female,Australia,58:03,3:08,5:15:28,2:28,3:25:18,9:44:25
247,1436,Brian Melinat,M40-44,34,Open,United States,1:06:08,6:56,5:07:26,3:43,3:20:13,9:44:26
248,1505,Stephane Lhomme,M40-44,35,Open,France,55:55,3:32,5:07:06,3:37,3:34:21,9:44:31
249,1838,Alexandre Takenaka,M35-39,54,Open,Brazil,55:45,2:34,4:56:20,3:25,3:46:30,9:44:34
250,2090,Bruno Pinheiro Manzoni,M30-34,51,Open,Brazil,1:05:41,3:32,4:59:42,4:10,3:31:37,9:44:42
251,1756,Koen Lintermans,M35-39,55,Open,Belgium,1:03:28,3:40,4:54:08,4:08,3:39:21,9:44:45
252,2314,Kevin Wright,M25-29,24,Open,United States,1:00:10,4:41,5:27:42,7:11,3:05:02,9:44:46
253,918,Stephane Briquez,M45-49,18,Open,France,1:08:19,3:53,5:05:00,5:15,3:22:19,9:44:46
254,2270,Pengcheng Li,M25-29,25,Open,China,59:57,2:45,5:09:36,4:16,3:28:21,9:44:55
255,2112,Thomas Scovel,M30-34,52,Open,United States,58:47,3:47,4:59:23,5:01,3:38:06,9:45:04
256,1452,Claudio Oriana,M40-44,36,Open,Italy,52:00,2:53,5:10:35,5:05,3:34:36,9:45:09
257,2307,Joona Tuikka,M25-29,26,Open,Finland,55:55,3:34,4:53:18,3:28,3:48:56,9:45:11
258,1864,Phil Whitehead,M35-39,56,Open,United Kingdom,1:03:58,4:17,5:09:41,3:39,3:23:53,9:45:28
259,129,Gurutze Frades,FPRO,22,Female,Spain,1:04:58,2:24,5:19:03,3:29,3:15:57,9:45:51
260,2266,Victor Larocque,M25-29,27,Open,Canada,54:49,3:56,5:28:59,10:37,3:07:39,9:46:00
261,1018,Halvorsen Kim,M45-49,19,Open,Denmark,1:10:35,4:07,5:00:25,4:44,3:26:21,9:46:12
262,1470,Matthew Rae,M40-44,37,Open,Australia,1:03:43,3:29,4:57:35,2:39,3:38:51,9:46:17
263,2085,Mathieu Paolillo,M30-34,53,Open,France,55:34,2:31,5:03:34,5:00,3:39:39,9:46:18
264,1694,Roman Evgrafov,M35-39,57,Open,Russia,51:54,2:55,5:23:02,4:26,3:24:03,9:46:20
265,1647,Nicolas Auverdin,M35-39,58,Open,Belgium,1:03:09,2:56,5:03:24,3:49,3:33:10,9:46:28
266,2092,Bastien Pla,M30-34,54,Open,France,1:06:51,3:57,5:07:59,3:10,3:24:35,9:46:32
267,1317,Romain Christe,M40-44,38,Open,Switzerland,1:03:11,3:25,5:00:31,3:49,3:35:40,9:46:36
268,1769,Guilherme Marum,M35-39,59,Open,Brazil,58:48,3:39,5:07:22,3:35,3:33:18,9:46:42
269,2310,Andy White,M25-29,28,Open,Australia,52:50,2:52,5:15:22,4:48,3:30:58,9:46:50
270,338,Rob Barel,M60-64,1,Open,Netherlands,58:10,2:29,5:05:23,4:27,3:36:25,9:46:54
271,1399,Markus Jetzer,M40-44,39,Open,Switzerland,1:03:40,4:15,5:00:19,6:45,3:32:07,9:47:06
272,1763,Manuel Lozano,M35-39,60,Open,Mexico,57:57,3:01,5:04:39,4:57,3:36:35,9:47:09
273,1743,Michael Krones,M35-39,61,Open,Germany,1:00:13,4:03,5:10:19,4:27,3:28:10,9:47:12
274,1726,Charlie Johnson,M35-39,62,Open,United States,1:02:30,4:29,5:15:45,5:44,3:18:50,9:47:18
275,2269,Charles Legget,M25-29,29,Open,United Kingdom,58:55,2:11,4:58:16,3:03,3:44:56,9:47:21
276,1761,Edgar Lopez Jimenez,M35-39,63,Open,Mexico,52:01,3:35,5:00:59,4:07,3:46:53,9:47:35
277,1642,Alexander Aguirreche,M35-39,64,Open,Spain,1:03:52,2:38,4:48:47,3:35,3:49:13,9:48:05
278,1784,Bert Nietvelt,M35-39,65,Open,Belgium,1:10:10,4:09,5:03:02,4:33,3:26:15,9:48:09
279,2216,Anthony Agnello,M25-29,30,Open,United States,57:20,2:40,5:06:28,3:34,3:38:12,9:48:14
280,1811,Yann Rocheteau,M35-39,66,Open,France,1:01:41,3:02,5:22:33,3:52,3:17:07,9:48:15
281,2285,Javier Perez Garcia,M25-29,31,Open,Spain,1:08:46,2:28,5:18:34,3:04,3:15:43,9:48:35
282,2121,Michael Vanacora,M30-34,55,Open,United States,56:11,3:32,5:03:56,3:20,3:41:45,9:48:44
283,134,Celine Schaerer,FPRO,23,Female,Switzerland,53:01,2:42,5:20:48,2:32,3:29:42,9:48:45
284,1967,David Amador,M30-34,56,Open,Spain,1:08:17,4:06,5:08:48,4:42,3:22:55,9:48:48
285,2229,Anthony Cadario,M25-29,32,Open,France,1:01:04,3:00,5:16:40,3:50,3:24:19,9:48:53
286,2091,Mariusz Pirek,M30-34,57,Open,Poland,1:02:01,2:40,4:57:21,2:55,3:44:01,9:48:58
287,1975,Laurent Barthe,M30-34,58,Open,France,57:45,2:34,5:10:13,6:08,3:32:28,9:49:08
288,2055,Dave Kennett,M30-34,59,Open,Australia,57:19,3:24,4:52:52,4:23,3:51:16,9:49:14
289,1990,Keith Collins,M30-34,60,Open,United States,1:01:02,2:58,5:00:18,2:48,3:42:12,9:49:18
290,1474,Vicent Ribera,M40-44,40,Open,Spain,1:05:38,4:23,5:08:39,4:05,3:26:36,9:49:21
291,1431,Jonathan Mason,M40-44,41,Open,United States,58:20,4:00,5:15:02,4:28,3:27:46,9:49:36
292,1865,Andy Wibowo,M35-39,67,Open,Indonesia,51:51,2:53,5:13:28,3:43,3:37:43,9:49:38
293,2227,Florian Boegge,M25-29,33,Open,Germany,1:02:34,2:46,4:48:23,3:17,3:52:41,9:49:41
294,1685,Victor Doronin,M35-39,68,Open,Russia,1:05:33,4:23,5:16:35,6:09,3:17:04,9:49:44
295,931,Jesper Clausen,M45-49,20,Open,Denmark,58:01,3:09,5:04:41,3:13,3:40:49,9:49:53
296,2131,Steffen Wendt,M30-34,61,Open,Germany,1:13:56,4:03,5:13:45,4:05,3:14:07,9:49:56
297,1332,Rob Dallimore,M40-44,42,Open,New Zealand,1:01:04,3:25,5:07:50,4:17,3:33:41,9:50:17
298,2297,Nikolaj Rud Sorensen,M25-29,34,Open,Denmark,1:01:10,3:49,5:02:47,3:54,3:38:55,9:50:35
299,2318,Andres Zimeri,M25-29,35,Open,Guatemala,1:01:20,3:28,5:04:07,3:24,3:38:33,9:50:52
300,1385,Rafal Herman,M40-44,43,Open,Poland,1:02:38,3:28,4:58:49,4:30,3:41:38,9:51:03
301,922,Ciaran Byrne,M45-49,21,Open,Ireland,1:07:49,3:36,5:08:11,3:52,3:27:36,9:51:04
302,2100,Sean Richardson,M30-34,62,Open,Australia,58:07,3:55,5:04:34,4:00,3:40:39,9:51:15
303,1686,Rafael Duarte Diniz,M35-39,69,Open,Brazil,1:01:06,4:32,5:06:30,5:25,3:33:48,9:51:21
304,2079,Nils Nimczewski,M30-34,63,Open,Germany,1:04:35,3:03,5:07:36,3:26,3:32:46,9:51:26
305,1154,Kenji Takeya,M45-49,22,Open,Japan,1:13:46,3:27,4:55:07,5:25,3:33:51,9:51:36
306,2279,Tom Mort,M25-29,36,Open,Australia,58:45,3:32,5:05:16,4:25,3:39:48,9:51:46
307,1831,Patrick Simon Vermot,M35-39,70,Open,Brazil,1:01:18,3:14,5:12:55,5:05,3:29:22,9:51:54
308,2101,Trey Robinson,M30-34,64,Open,United States,1:08:57,3:51,5:12:45,2:50,3:23:35,9:51:58
309,2071,Leon Mattis,M30-34,65,Open,Germany,1:03:54,3:21,4:52:18,3:40,3:49:09,9:52:22
310,2007,Zeke Dombrowski,M30-34,66,Open,United States,1:04:32,5:01,5:24:36,4:43,3:13:37,9:52:29
311,503,Wolfgang Schmatz,M55-59,1,Open,Germany,1:03:42,3:32,5:09:05,4:25,3:31:51,9:52:35
312,2027,Nicholas Grala,M30-34,67,Open,United States,1:03:17,3:21,5:12:25,3:05,3:30:32,9:52:40
313,1637,Georg Abel,M35-39,71,Open,Germany,59:50,3:13,4:59:29,4:31,3:45:43,9:52:46
314,1500,Carsten Demant Sorensen,M40-44,44,Open,Denmark,53:06,3:21,5:09:52,2:56,3:43:38,9:52:53
315,1993,Guy Constant,M30-34,68,Open,Australia,1:02:53,3:49,4:59:55,3:32,3:42:54,9:53:03
316,1707,Kevin Gilleece,M35-39,72,Open,Ireland,1:05:46,4:49,5:17:07,5:56,3:19:31,9:53:09
317,1716,Ivan Herruzo Fernandez,M35-39,73,Open,Spain,1:02:43,4:03,5:07:55,4:07,3:34:25,9:53:13
318,1333,Dariusz Dabrowski,M40-44,45,Open,Poland,1:04:29,3:56,5:07:53,3:38,3:33:24,9:53:20
319,1749,Marc-Antoine Langlois,M35-39,74,Open,Canada,1:02:07,2:42,4:52:21,4:38,3:51:36,9:53:24
320,1659,Stephen Brown,M35-39,75,Open,New Zealand,1:02:09,3:51,5:18:31,6:07,3:22:48,9:53:26
321,1870,Luke Woodland,M35-39,76,Open,Australia,54:40,3:57,4:54:42,4:24,3:55:47,9:53:30
322,1302,Alexandre Boule,M40-44,46,Open,Canada,59:01,3:24,5:07:45,4:27,3:39:00,9:53:37
323,1015,Markus Kemetter,M45-49,23,Open,Finland,1:02:06,2:39,4:56:27,3:24,3:49:06,9:53:42
324,119,Astrid Stienen,FPRO,24,Female,Germany,1:00:10,2:08,5:16:59,2:53,3:31:48,9:53:58
325,2086,Robert Parinussa,M30-34,69,Open,Netherlands,1:03:38,2:05,5:01:22,4:12,3:42:44,9:54:01
326,1684,David Diaz,M35-39,77,Open,Venezuela,1:02:31,4:15,5:02:25,3:17,3:41:37,9:54:05
327,2235,Bruce Deakyne,M25-29,37,Open,United States,50:10,3:36,5:12:05,4:39,3:43:44,9:54:14
328,127,Dimity-Lee Duke,FPRO,25,Female,Australia,1:00:18,2:15,5:12:28,2:38,3:36:41,9:54:20
329,1390,Tim Hola,M40-44,47,Open,United States,51:57,2:23,5:08:50,5:30,3:45:50,9:54:30
330,2224,Mihai Alin Baractaru,M25-29,38,Open,Romania,1:04:53,3:15,5:11:43,4:13,3:30:31,9:54:35
331,1828,Tero Setola,M35-39,78,Open,Finland,1:01:03,2:58,4:55:48,4:46,3:50:06,9:54:41
332,2063,Daniel Lunkenheimer,M30-34,70,Open,Germany,57:10,2:36,5:06:39,4:32,3:43:45,9:54:42
333,1752,Leslie De Cuyper,M35-39,79,Open,Belgium,1:11:08,5:33,5:13:14,5:19,3:19:42,9:54:56
334,1010,Mal Joseland,M45-49,24,Open,Australia,1:05:02,3:06,5:07:29,3:06,3:36:13,9:54:56
335,1424,Roberto Marini,M40-44,48,Open,Italy,58:54,3:40,5:17:20,3:29,3:31:36,9:54:59
336,1727,Jeff Joyner,M35-39,80,Open,United States,1:02:19,3:20,4:58:36,4:19,3:46:31,9:55:05
337,1498,David Armand Smitz,M40-44,49,Open,Belgium,1:00:48,3:32,5:04:30,4:37,3:41:43,9:55:10
338,1104,Darren Rentch,M45-49,25,Open,United States,1:04:20,5:18,5:12:51,5:17,3:27:31,9:55:17
339,1416,Benoit Liquet,M40-44,50,Open,France,58:59,3:04,5:11:35,4:17,3:37:23,9:55:18
340,1689,Johannes Egelseer,M35-39,81,Open,Germany,1:02:11,3:18,5:10:02,4:45,3:35:31,9:55:47
341,1668,Igor Costa Santos,M35-39,82,Open,Brazil,58:51,3:13,5:12:15,4:31,3:37:02,9:55:52
342,2260,Paul Kaden,M25-29,39,Open,Germany,1:08:21,4:11,5:14:51,3:05,3:25:26,9:55:54
343,1764,Petr Lukosz,M35-39,83,Open,Czech Republic,1:08:57,5:22,4:59:22,4:55,3:37:24,9:56:00
344,130,Lauren Brandon,FPRO,26,Female,United States,48:53,2:03,4:58:53,2:48,4:03:26,9:56:03
345,1528,Szabolcs Weores,M40-44,51,Open,Hungary,1:00:53,3:01,5:09:12,5:00,3:38:00,9:56:06
346,1728,Christian Jung,M35-39,84,Open,Germany,1:16:33,5:02,5:18:57,4:40,3:10:59,9:56:11
347,1522,Owen Von Richter,M40-44,52,Open,Canada,57:27,5:25,5:07:52,4:52,3:40:41,9:56:17
348,1386,Gary Higgins,M40-44,53,Open,Ireland,1:03:19,4:15,5:12:56,3:51,3:32:01,9:56:22
349,1713,Martin Hauf,M35-39,85,Open,Germany,1:10:12,4:32,5:07:14,5:00,3:29:26,9:56:24
350,1666,Olivier Cornelis,M35-39,86,Open,Belgium,1:04:39,5:01,5:09:12,6:08,3:31:29,9:56:29
351,1827,Alan Semple,M35-39,87,Open,United Kingdom,1:05:25,3:33,5:16:03,4:31,3:27:06,9:56:38
352,1814,Philipp Rowoldt,M35-39,88,Open,Germany,1:02:55,3:27,4:57:58,5:25,3:47:01,9:56:46
353,1992,Scott Connolly,M30-34,71,Open,Australia,1:03:36,3:53,5:08:15,3:51,3:37:12,9:56:47
354,2018,Ali Foot,M30-34,72,Open,Australia,58:07,3:35,5:06:41,4:12,3:44:20,9:56:55
355,1525,Christopher Walden,M40-44,54,Open,United States,55:42,3:54,5:15:42,5:05,3:36:41,9:57:04
356,2000,Jorge De Amorim Filho,M30-34,73,Open,Brazil,53:05,3:35,4:57:37,4:06,3:58:47,9:57:10
357,1539,Ralf Zimmerschied,M40-44,55,Open,Germany,1:05:12,3:20,5:14:09,7:52,3:26:49,9:57:22
358,1843,Cedric Tourneur,M35-39,89,Open,France,1:05:01,4:04,5:24:09,3:32,3:20:39,9:57:25
359,1478,Rangel Rodrigues,M40-44,56,Open,Brazil,1:08:39,3:43,5:06:40,4:04,3:34:22,9:57:28
360,935,Graham Cooper,M45-49,26,Open,United States,1:01:59,3:23,5:06:58,3:21,3:41:55,9:57:36
361,1817,Felipe III Sajulga,M35-39,90,Open,Philippines,1:11:21,3:50,5:15:22,4:14,3:23:04,9:57:51
362,1531,Sven Wetzel,M40-44,57,Open,Germany,1:09:38,2:59,5:05:47,5:25,3:34:12,9:58:01
363,2308,Hans Christian Tungesvik,M25-29,40,Open,Norway,1:00:02,2:43,5:11:39,2:38,3:41:01,9:58:03
364,2218,Khalamanov Alexander,M25-29,41,Open,Russia,52:43,3:50,5:16:00,5:06,3:40:28,9:58:07
365,1940,Alison Rowatt,F35-39,1,Female,United Kingdom,1:08:01,3:21,5:29:37,3:52,3:13:25,9:58:16
366,1652,Lean Bilski,M35-39,91,Open,Brazil,58:14,3:37,5:16:14,3:19,3:37:03,9:58:27
367,794,Franck Van Graas,M50-54,4,Open,Netherlands,58:11,3:29,5:01:53,4:56,3:50:05,9:58:34
368,1877,Katrine Amtkjaer Nielsen,F35-39,2,Female,Denmark,1:10:21,3:22,5:13:23,3:06,3:28:31,9:58:43
369,1397,Sergio Inchausti Benaran,M40-44,58,Open,Spain,1:00:13,3:16,5:07:13,3:57,3:44:08,9:58:47
370,611,Graham Bruce,M50-54,5,Open,Australia,53:39,3:23,5:26:27,4:50,3:30:34,9:58:53
371,1479,Fernando Francisco Rodriguez,M40-44,59,Open,Spain,58:10,2:58,5:08:57,6:10,3:42:39,9:58:54
372,2088,Jordan Perry,M30-34,74,Open,United States,1:09:40,4:33,5:22:35,5:23,3:16:46,9:58:57
373,1962,Daniel Adams-Ray,M30-34,75,Open,Sweden,1:03:47,3:06,5:23:28,3:10,3:25:27,9:58:58
374,1134,Arnaud Selukov,M45-49,27,Open,France,58:26,2:56,5:04:05,3:26,3:50:06,9:58:59
375,2230,Nicholas Chapman,M25-29,42,Open,South Africa,1:08:35,3:02,4:56:03,3:43,3:47:39,9:59:02
376,2097,Jeremiah Radel,M30-34,76,Open,United States,56:38,3:19,5:03:48,4:13,3:51:06,9:59:04
377,2048,Kasper Jebjerg,M30-34,77,Open,Denmark,1:12:18,4:28,4:44:08,3:19,3:55:04,9:59:17
378,1382,Oliver Harkin,M40-44,60,Open,Ireland,1:05:17,3:01,5:11:02,4:25,3:35:39,9:59:24
379,916,Barry Breffle,M45-49,28,Open,United States,1:02:23,3:25,5:09:18,2:27,3:41:59,9:59:32
380,932,Damien Coad,M45-49,29,Open,Australia,1:05:26,3:13,5:08:35,3:29,3:39:18,10:00:01
381,1059,Julian Middlewick,M45-49,30,Open,United Kingdom,1:09:50,3:29,5:20:29,4:39,3:21:38,10:00:05
382,1650,Tom Beechey,M35-39,92,Open,Australia,1:15:50,2:15,5:14:25,2:58,3:24:43,10:00:11
383,1724,Nikolai Jenkins,M35-39,93,Open,Singapore,1:05:56,2:44,5:08:22,3:48,3:39:28,10:00:18
384,1750,David Lebrat,M35-39,94,Open,France,1:02:25,4:41,5:22:08,5:32,3:25:49,10:00:35
385,1377,Steve Guy,M40-44,61,Open,Australia,1:03:02,4:47,5:20:39,4:37,3:27:54,10:00:59
386,1027,Ian Lack,M45-49,31,Open,Australia,1:00:59,2:40,5:12:41,4:13,3:41:07,10:01:40
387,1313,David Canada,M40-44,62,Open,Spain,1:03:30,4:30,5:17:38,3:14,3:32:50,10:01:42
388,903,Iurii Bazilevskii,M45-49,32,Open,Russia,1:10:22,2:44,5:13:13,2:24,3:33:01,10:01:44
389,2124,Sam Village,M30-34,78,Open,United Kingdom,54:48,3:31,5:17:44,10:18,3:35:28,10:01:49
390,1130,Federico Schneeberger,M45-49,33,Open,Argentinia,1:02:44,3:58,5:17:11,5:44,3:32:15,10:01:52
391,1536,Yves Rueedi,M40-44,63,Open,Switzerland,1:09:58,5:36,5:10:13,4:06,3:32:04,10:01:57
392,757,Uwe Roepstorf,M50-54,6,Open,Germany,1:08:35,2:35,5:05:45,3:08,3:42:07,10:02:10
393,2406,Alexander Rossetti,M18-24,6,Open,United States,1:03:24,3:26,5:10:05,3:47,3:41:33,10:02:15
394,2222,Rafael Arias,M25-29,43,Open,Brazil,57:37,2:31,5:06:14,3:39,3:52:20,10:02:21
395,1590,Sione Jongstra,F40-44,1,Female,Netherlands,1:01:21,2:24,5:21:36,2:58,3:34:04,10:02:23
396,1039,Roman Malivanek,M45-49,34,Open,Czech Republic,1:10:28,3:27,5:01:18,5:17,3:41:54,10:02:24
397,1860,Chih-Yuan Wang,M35-39,95,Open,Taiwan,1:08:29,2:38,5:22:20,3:28,3:25:35,10:02:30
398,798,Reto Walser,M50-54,7,Open,Unknown,1:02:50,3:00,5:06:54,3:06,3:46:42,10:02:32
399,2077,Zev Myerowitz,M30-34,79,Open,United States,57:51,3:21,4:52:07,3:44,4:05:30,10:02:33
400,2099,Brian Reynolds,M30-34,80,Open,United States,1:00:53,3:06,5:14:06,4:31,3:39:58,10:02:34
401,1573,Amy Farrell,F40-44,2,Female,United States,1:07:23,3:52,5:23:02,2:32,3:25:48,10:02:37
402,1834,Jimmy Sosinski,M35-39,96,Open,United States,1:08:17,3:03,5:12:41,3:00,3:35:53,10:02:54
403,1292,Luis Barbudo Herrera,M40-44,64,Open,Spain,57:32,2:51,5:12:31,3:43,3:46:21,10:02:58
404,1640,Masciarelli Andrea,M35-39,97,Open,Italy,1:10:29,4:28,4:55:00,2:55,3:50:14,10:03:06
405,2232,Nilo Cottini Neto,M25-29,44,Open,Brazil,59:01,3:30,5:24:14,4:52,3:31:34,10:03:11
406,2084,Kasper Ougaard,M30-34,81,Open,Denmark,1:00:06,4:49,4:58:49,4:29,3:55:13,10:03:26
407,2019,Reid Foster,M30-34,82,Open,United States,1:01:30,2:58,4:52:55,4:21,4:01:42,10:03:26
408,946,Peter Johan Dillo,M45-49,35,Open,Netherlands,59:50,3:09,5:01:03,4:29,3:55:02,10:03:33
409,1662,Juan Manuel Cardenas Maestre,M35-39,98,Open,Spain,1:11:05,2:46,5:19:36,3:57,3:26:11,10:03:35
410,1753,Dustin Leutenegger,M35-39,99,Open,United States,1:16:30,3:43,5:00:28,3:46,3:39:11,10:03:38
411,1344,Declan Doyle,M40-44,65,Open,Ireland,1:15:39,4:27,5:01:22,4:49,3:37:37,10:03:54
412,2298,Soren Selvejer Sorensen,M25-29,45,Open,Denmark,55:39,2:48,4:48:30,3:08,4:13:56,10:04:01
413,1109,Benjamin Riordon,M45-49,36,Open,United States,1:05:24,4:05,5:04:26,3:24,3:46:44,10:04:03
414,2082,Pierre O'Halloran,M30-34,83,Open,Canada,56:06,3:16,5:27:02,5:18,3:32:27,10:04:09
415,966,Magana Frederic,M45-49,37,Open,France,1:03:36,3:55,5:18:16,2:47,3:35:48,10:04:22
416,1411,James Lambert,M40-44,66,Open,Australia,1:00:18,3:34,5:09:36,3:42,3:47:14,10:04:24
417,1755,Alexander Linn,M35-39,100,Open,Germany,1:15:39,2:27,5:11:20,2:47,3:32:16,10:04:29
418,950,Gonzalo Dulanto,M45-49,38,Open,Chile,1:03:10,3:05,5:15:38,4:50,3:37:52,10:04:35
419,1894,Jane Fardell,F35-39,3,Female,Australia,1:01:19,2:49,5:33:49,3:51,3:22:58,10:04:46
420,120,Alexandra Tondeur,FPRO,27,Female,Belgium,1:00:17,2:12,5:18:31,3:08,3:40:39,10:04:47
421,2001,Tom De Bruyn,M30-34,84,Open,Belgium,1:06:42,3:12,4:54:24,3:21,3:57:09,10:04:48
422,1653,Gregory Binns,M35-39,101,Open,United States,1:01:16,3:09,5:05:49,6:14,3:48:27,10:04:55
423,2289,Tom Ralite,M25-29,46,Open,France,53:09,3:54,5:16:36,4:03,3:47:16,10:04:58
424,2015,Eric Engel,M30-34,85,Open,United States,58:34,2:11,4:59:02,2:59,4:02:14,10:05:00
425,891,Soren Andersen,M45-49,39,Open,Denmark,1:04:22,3:32,5:13:52,4:35,3:38:40,10:05:01
426,2130,Ashan Weerakkody,M30-34,86,Open,Australia,54:37,2:36,5:19:52,4:20,3:43:43,10:05:08
427,1798,Raynard Picard,M35-39,102,Open,Mexico,1:06:16,2:39,5:18:26,5:33,3:32:21,10:05:15
428,2022,Tobias Garttner,M30-34,87,Open,Germany,1:03:41,3:03,4:57:58,4:26,3:56:50,10:05:58
429,1520,Manuel Augusto Vivanco Maldonado,M40-44,67,Open,Spain,54:01,3:38,5:20:57,8:33,3:38:55,10:06:04
430,2083,Rodolfo Oliveira,M30-34,88,Open,Brazil,1:00:08,3:12,5:00:13,3:26,3:59:12,10:06:11
431,2408,Mark Scheuring,M18-24,7,Open,Germany,53:36,2:45,5:16:43,5:45,3:47:24,10:06:13
432,2415,Federica De Nicola,F18-24,1,Female,Italy,1:04:12,2:51,5:19:02,3:22,3:36:52,10:06:19
433,1430,Rafael Emilio Martinez,M40-44,68,Open,Belgium,1:01:48,2:56,5:37:33,4:03,3:20:02,10:06:22
434,1820,Jeff Scarella,M35-39,103,Open,United States,57:23,2:40,4:52:27,3:23,4:10:34,10:06:27
435,2247,Lachlan Green,M25-29,47,Open,Australia,55:08,3:00,5:15:21,4:07,3:48:52,10:06:28
436,1944,Diana Simpson,F35-39,4,Female,New Zealand,1:01:18,3:30,5:22:34,3:25,3:35:45,10:06:32
437,2292,Golo Philippe Roehrken,M25-29,48,Open,Germany,1:02:00,3:01,5:15:06,3:22,3:43:07,10:06:36
438,1719,Yoshitaka Imamura,M35-39,104,Open,Japan,58:51,2:48,5:24:50,3:07,3:37:04,10:06:40
439,1760,Marcos Felipe Mendes Lopes,M35-39,105,Open,Brazil,1:00:15,3:34,5:17:41,4:07,3:41:05,10:06:42
440,1339,Brady Dehoust,M40-44,69,Open,United States,1:08:48,4:22,5:28:00,4:43,3:20:50,10:06:43
441,994,John Hughes,M45-49,40,Open,Australia,1:10:51,4:02,5:25:35,4:51,3:21:30,10:06:49
442,1848,Stepan Vakhmin,M35-39,106,Open,Russia,51:38,2:27,5:01:10,5:06,4:06:28,10:06:49
443,897,Fernando Barahona De Andres,M45-49,41,Open,Spain,1:09:36,4:11,5:11:35,7:03,3:34:27,10:06:52
444,1663,Alejandro Casado,M35-39,107,Open,Spain,1:05:57,3:25,4:57:43,4:39,3:55:16,10:07:00
445,1646,Pavel Artyushenko,M35-39,108,Open,Kazakhstan,56:10,3:48,5:01:15,4:59,4:00:55,10:07:07
446,2076,Olivier Moraine,M30-34,89,Open,France,1:05:44,3:13,5:15:06,5:32,3:37:43,10:07:18
447,2029,William Hafferty,M30-34,90,Open,United States,1:02:26,5:07,5:10:06,3:47,3:45:52,10:07:18
448,1963,Bruno Affonso,M30-34,91,Open,Brazil,1:00:57,3:59,5:14:47,5:47,3:42:02,10:07:32
449,2120,Anatoliy Uspensky,M30-34,92,Open,Ukraine,56:45,3:15,5:19:46,5:44,3:42:18,10:07:48
450,1845,Philip Tucker,M35-39,109,Open,United Kingdom,1:07:18,3:31,5:03:16,6:22,3:47:26,10:07:53
451,2122,Brice Venturini,M30-34,93,Open,France,59:58,3:04,4:59:19,3:56,4:01:58,10:08:15
452,1835,Cyril Stalder,M35-39,110,Open,Switzerland,1:03:31,4:33,5:18:45,4:44,3:36:54,10:08:27
453,2474,Ruth Purbrook,F25-29,2,Female,United Kingdom,1:04:03,2:49,5:20:19,3:02,3:38:20,10:08:33
454,1511,Salah Tanlay,M40-44,70,Open,Turkey,58:56,4:17,5:18:41,4:58,3:41:41,10:08:33
455,1013,Olaf Kasten,M45-49,42,Open,Hong Kong,1:02:28,2:43,5:01:54,3:20,3:58:14,10:08:39
456,1672,Olof Dallner,M35-39,111,Open,Sweden,1:13:03,3:01,5:06:48,2:43,3:43:08,10:08:43
457,2153,Julia Ertmer,F30-34,1,Female,Germany,1:04:04,2:26,5:18:34,2:20,3:41:26,10:08:50
458,1454,Patrick Papst,M40-44,71,Open,Austria,1:20:53,4:02,5:11:34,4:39,3:27:43,10:08:51
459,1611,Liza Rachetto,F40-44,3,Female,United States,1:01:40,3:06,5:16:26,2:45,3:44:59,10:08:56
460,1710,Philipp Gubler,M35-39,112,Open,Switzerland,1:00:39,2:46,5:04:38,6:22,3:54:40,10:09:05
461,1907,Katrin Esefeld,F35-39,5,Female,Germany,1:06:09,2:41,5:24:09,2:46,3:33:27,10:09:12
462,2217,Raul Agustin Carrizo Yunges,M25-29,49,Open,Argentinia,50:17,3:03,4:59:39,5:09,4:11:04,10:09:12
463,1527,Chin Ching Wang,M40-44,72,Open,Taiwan,1:11:27,5:06,5:17:31,6:08,3:29:04,10:09:16
464,658,Michael Glazbrook,M50-54,8,Open,Australia,1:01:12,4:19,5:17:28,5:23,3:41:09,10:09:31
465,599,Richard Ashton,M50-54,9,Open,United Kingdom,1:05:36,6:08,5:36:36,5:36,3:15:43,10:09:39
466,2263,Jakob Karlsson,M25-29,50,Open,Sweden,1:02:17,2:48,5:01:04,3:50,3:59:49,10:09:48
467,969,Dean Galt,M45-49,43,Open,New Zealand,1:08:35,4:26,5:04:29,4:07,3:48:24,10:10:01
468,2323,Katrine Brock,F25-29,3,Female,Denmark,1:15:36,4:08,5:17:47,3:14,3:29:25,10:10:10
469,1648,Matt Barcus,M35-39,113,Open,United States,1:08:49,2:30,5:10:33,3:36,3:44:47,10:10:15
470,1824,Simon Daniel Schober,M35-39,114,Open,Germany,1:20:30,3:00,5:11:30,3:22,3:32:08,10:10:30
471,784,Terry Thornton,M50-54,10,Open,South Africa,1:05:37,4:01,5:24:33,3:27,3:32:54,10:10:32
472,1657,James Brown,M35-39,115,Open,United Kingdom,1:09:59,3:01,5:13:12,4:03,3:40:20,10:10:35
473,1912,Emily Lanter,F35-39,6,Female,United States,1:08:37,3:43,5:20:03,3:10,3:35:03,10:10:36
474,1910,Helena Kotopulu,F35-39,7,Female,Czech Republic,1:13:36,3:53,5:39:15,3:04,3:11:01,10:10:49
475,613,David Burger,M50-54,11,Open,United States,1:07:40,3:26,5:06:16,4:51,3:48:46,10:10:59
476,2248,Tyler Hallenbeck,M25-29,51,Open,United States,1:08:25,3:49,5:18:55,4:22,3:35:28,10:10:59
477,1074,Markus Nubel,M45-49,44,Open,Germany,1:10:20,6:01,5:17:21,5:17,3:32:06,10:11:05
478,1023,Byungki Ko,M45-49,45,Open,Korea,1:13:09,4:07,5:15:41,4:19,3:33:53,10:11:09
479,1404,Etienne Junot,M40-44,73,Open,France,1:00:48,3:38,5:15:05,3:47,3:47:58,10:11:16
480,1364,Ruaidhri Gerarghty,M40-44,74,Open,Ireland,1:07:48,4:43,5:02:02,6:18,3:50:27,10:11:18
481,1991,Manueljose Conejeros,M30-34,94,Open,Chile,1:00:04,3:12,5:16:20,8:17,3:43:29,10:11:22
482,1842,Alejandro Torre,M35-39,116,Open,Mexico,58:55,2:48,5:11:57,3:55,3:53:59,10:11:34
483,2252,Malachi Henry,M25-29,52,Open,United States,59:59,3:11,5:27:49,3:40,3:37:02,10:11:41
484,1867,Joss Williams,M35-39,117,Open,United Kingdom,1:03:14,4:23,4:57:00,6:55,4:00:17,10:11:49
485,1979,Matt Britton,M30-34,95,Open,United States,1:02:17,5:14,5:16:23,5:34,3:42:27,10:11:55
486,913,Dewayne Bradley,M45-49,46,Open,United States,1:08:31,4:04,5:30:09,2:57,3:26:25,10:12:06
487,1162,Luk Tijsmans,M45-49,47,Open,Belgium,1:01:12,4:18,5:23:14,5:42,3:37:40,10:12:06
488,1851,Bruce Tony B. Van De Moortele,M35-39,118,Open,Belgium,1:01:16,4:17,5:07:06,6:50,3:52:43,10:12:12
489,2013,Lars Dyrholm,M30-34,96,Open,Denmark,55:30,2:42,4:52:19,3:31,4:18:12,10:12:14
490,1464,Marc Person,M40-44,75,Open,Australia,1:00:54,6:12,5:13:40,5:25,3:46:06,10:12:17
491,2253,Ramon Hernandez,M25-29,53,Open,Venezuela,1:00:08,4:29,5:13:02,5:47,3:48:57,10:12:23
492,1766,Patrick Lyons,M35-39,119,Open,Denmark,1:10:18,4:17,5:03:21,5:09,3:49:26,10:12:31
493,2241,Martin Fredriksson,M25-29,54,Open,Sweden,56:09,2:31,4:51:01,2:53,4:20:02,10:12:36
494,1055,John Mead,M45-49,48,Open,United Kingdom,1:03:59,3:48,5:07:51,3:15,3:53:44,10:12:37
495,1800,Cedric Plovier,M35-39,120,Open,France,1:02:43,3:46,5:23:40,3:20,3:39:17,10:12:46
496,1136,Duncan Shea-Simonds,M45-49,49,Open,United Kingdom,1:05:16,3:21,5:11:10,4:42,3:48:21,10:12:50
497,2352,Chino Nishimura,F25-29,4,Female,Japan,1:01:18,2:49,5:34:05,2:45,3:31:57,10:12:54
498,951,Stefan Duller,M45-49,50,Open,Austria,1:15:59,3:58,5:12:31,4:30,3:36:05,10:13:03
499,2300,Richard Straughan,M25-29,55,Open,United Kingdom,1:01:18,2:32,5:10:43,5:18,3:53:15,10:13:06
500,1570,Janette Dommer,F40-44,4,Female,Denmark,1:04:19,4:16,5:36:38,3:22,3:24:34,10:13:09
501,1034,Dennis Looze,M45-49,51,Open,Netherlands,52:00,2:41,5:07:47,5:15,4:05:40,10:13:23
502,2417,Leanne Charlotte Fanoy,F18-24,2,Female,United Arab Emirates,1:06:04,3:21,5:25:37,3:08,3:35:15,10:13:25
503,1773,Michael McCarron,M35-39,121,Open,Ireland,1:02:04,4:17,5:00:52,3:49,4:02:24,10:13:26
504,1368,Petter Gisslen.,M40-44,76,Open,Sweden,1:13:39,6:04,5:07:02,5:53,3:41:02,10:13:40
505,1690,Thomas Emilsson,M35-39,122,Open,Sweden,56:24,4:23,5:13:04,8:03,3:51:46,10:13:40
506,2256,Takeshi Ishibashi,M25-29,56,Open,Japan,52:57,2:29,5:30:53,4:37,3:42:59,10:13:55
507,1898,Elaine Garvican,F35-39,8,Female,United Kingdom,1:06:46,2:40,5:22:47,2:54,3:38:50,10:13:57
508,924,Sebastien Calle,M45-49,52,Open,France,1:03:12,3:32,5:18:27,4:12,3:44:35,10:13:58
509,955,Gregor Albert Elskamp,M45-49,53,Open,Germany,56:07,4:05,5:12:31,4:54,3:56:46,10:14:23
510,987,Marc Heizmann,M45-49,54,Open,Switzerland,1:05:15,3:29,4:52:33,4:38,4:08:32,10:14:27
511,1066,Steve Murray,M45-49,55,Open,United States,1:00:16,4:43,5:10:38,5:48,3:53:06,10:14:31
512,52,Markus Fachbach,MPRO,40,Open,Germany,52:03,2:07,4:53:22,4:37,4:22:25,10:14:34
513,1741,Soren Kofoed,M35-39,123,Open,Denmark,1:08:32,2:58,4:44:44,3:05,4:15:31,10:14:50
514,2291,Ryan Rivamonte,M25-29,57,Open,United States,1:02:23,4:00,5:06:52,6:33,3:55:10,10:14:58
515,960,Jeff Fieldhack,M45-49,56,Open,United States,1:02:03,3:34,5:22:43,3:11,3:43:31,10:15:02
516,511,Frederic Sultana,M55-59,2,Open,France,58:12,3:39,5:20:40,2:50,3:49:43,10:15:04
517,1312,Manuel Calatayud,M40-44,77,Open,Spain,1:04:12,5:16,5:11:03,4:26,3:50:09,10:15:06
518,1064,Jason Morris,M45-49,57,Open,New Zealand,1:04:21,3:41,5:22:58,3:49,3:40:20,10:15:09
519,1137,Robert Shypitka,M45-49,58,Open,Canada,1:11:04,4:05,5:07:49,4:08,3:48:05,10:15:11
520,2060,Laier Lasse Sogaard,M30-34,97,Open,Denmark,59:05,3:50,5:10:12,4:43,3:57:31,10:15:21
521,2105,Michael Rundio,M30-34,98,Open,Germany,56:07,3:17,4:46:50,4:00,4:25:14,10:15:28
522,1352,Brendan Flanagan,M40-44,78,Open,Australia,1:04:40,3:06,4:58:18,4:52,4:04:40,10:15:36
523,1003,Allan Jefferson,M45-49,59,Open,New Zealand,1:02:27,3:07,5:05:58,4:01,4:00:09,10:15:42
524,2050,Marc Joos,M30-34,99,Open,Switzerland,58:13,3:13,5:09:10,4:02,4:01:09,10:15:47
525,1460,Javier Peiretti,M40-44,79,Open,Argentinia,58:59,2:55,5:10:18,3:13,4:00:25,10:15:50
526,2070,Tom Marmarelli,M30-34,100,Open,Israel,58:04,3:10,5:00:49,5:14,4:08:38,10:15:55
527,1861,David Watson,M35-39,124,Open,United Kingdom,1:05:11,4:34,5:10:13,4:21,3:51:37,10:15:56
528,1329,Rodrigo Cuccaro,M40-44,80,Open,Argentinia,1:01:28,3:33,5:09:13,4:44,3:57:01,10:15:59
529,2038,Joshua Hockley,M30-34,101,Open,Australia,1:05:25,2:21,4:58:33,4:21,4:05:20,10:16:00
530,1592,Jennifer Kenney,F40-44,5,Female,United States,57:55,2:40,5:34:15,2:44,3:38:28,10:16:02
531,2145,Sarah Casaubon,F30-34,2,Female,Canada,1:10:10,3:34,5:27:05,3:05,3:32:08,10:16:02
532,990,David Holderbach,M45-49,60,Open,France,51:48,2:19,5:20:49,3:47,3:57:23,10:16:06
533,1818,Julen Saldias Ondarra,M35-39,125,Open,Spain,58:06,2:47,5:08:34,3:40,4:03:07,10:16:14
534,1679,James Debenham,M35-39,126,Open,Australia,1:02:18,3:01,5:16:04,4:09,3:50:47,10:16:19
535,2379,Emile Chol,M18-24,8,Open,United States,54:35,3:27,5:13:11,4:05,4:01:03,10:16:21
536,1414,Simon Levasseur,M40-44,81,Open,Canada,1:12:46,3:01,5:35:51,3:06,3:21:48,10:16:32
537,1441,Steve Moog,M40-44,82,Open,Luxembourg,54:43,3:26,5:03:38,4:55,4:09:54,10:16:36
538,1873,Pekka Ylitalo,M35-39,127,Open,Finland,1:11:15,3:29,5:20:49,5:58,3:35:09,10:16:40
539,1762,Dominic Lopez,M35-39,128,Open,Australia,1:16:30,3:51,4:54:30,3:48,3:58:04,10:16:43
540,999,Jens Irgens,M45-49,61,Open,Denmark,1:10:59,4:00,4:54:46,5:32,4:01:28,10:16:45
541,1469,Steven Purcell,M40-44,83,Open,Hong Kong,1:07:51,3:35,5:21:02,5:25,3:39:14,10:17:07
542,1821,Thomas Scheel,M35-39,129,Open,Germany,1:04:36,4:03,5:10:10,4:43,3:53:36,10:17:08
543,2059,Bob Larue,M30-34,102,Open,United States,1:15:32,3:41,5:16:54,4:47,3:36:17,10:17:11
544,694,Mike Keenan,M50-54,12,Open,United States,1:00:09,3:31,5:20:18,5:00,3:48:20,10:17:18
545,1408,Patrik Kronholm,M40-44,84,Open,Sweden,1:03:15,4:24,5:21:49,4:53,3:42:59,10:17:20
546,1512,Nathan Taylor,M40-44,85,Open,Australia,1:00:24,3:14,5:12:08,4:07,3:57:30,10:17:23
547,1060,Brian Miller,M45-49,62,Open,United States,54:51,3:48,5:06:10,3:50,4:08:50,10:17:29
548,1486,Jorn Schumm,M40-44,86,Open,Germany,1:10:48,5:54,5:20:07,6:35,3:34:06,10:17:30
549,1255,Michaela Rudolf,F45-49,1,Female,Austria,1:06:44,3:07,5:27:41,2:30,3:37:29,10:17:31
550,2008,Dominic Engler,M30-34,103,Open,Switzerland,1:10:06,3:51,5:08:51,5:15,3:49:32,10:17:35
551,1844,Ralf Traub,M35-39,130,Open,Germany,1:05:23,4:05,5:25:40,5:55,3:36:39,10:17:42
552,1475,Todd Ridge,M40-44,87,Open,Australia,1:04:29,4:52,5:28:01,4:13,3:36:13,10:17:48
553,1937,Jana Richtrova,F35-39,9,Female,Czech Republic,1:16:45,3:31,5:16:08,3:35,3:37:56,10:17:55
554,1472,Sergio Renato Diniz,M40-44,88,Open,Brazil,1:07:57,4:20,5:09:18,16:57,3:39:24,10:17:56
555,1323,Andrew Compson,M40-44,89,Open,United Kingdom,1:06:02,5:15,5:18:49,5:22,3:42:50,10:18:18
556,2075,Kyle Mooney,M30-34,104,Open,Australia,58:19,3:12,5:10:51,3:36,4:02:25,10:18:23
557,1888,Sophie Bubb,F35-39,10,Female,United Kingdom,1:07:07,3:04,5:32:07,3:45,3:32:20,10:18:23
558,982,Alexander Grobli,M45-49,63,Open,Switzerland,1:15:53,4:27,5:12:44,3:43,3:41:39,10:18:26
559,651,Keith Stuart Garbutt,M50-54,13,Open,United Kingdom,1:05:21,3:56,5:08:09,4:29,3:56:36,10:18:31
560,2016,Florian Brosch,M30-34,105,Open,Germany,57:57,2:50,4:56:29,3:22,4:17:58,10:18:36
561,2262,Johannes Kappel,M25-29,58,Open,Germany,1:00:52,2:20,4:56:19,4:14,4:14:51,10:18:36
562,1731,Vojtech Kacena,M35-39,131,Open,Czech Republic,1:15:01,4:08,5:24:15,4:09,3:31:05,10:18:38
563,1348,Fredrik Ekstrom,M40-44,90,Open,Sweden,1:08:59,3:30,5:17:33,4:13,3:44:24,10:18:39
564,2049,Nick Johnson,M30-34,106,Open,United States,1:00:37,3:30,5:24:49,4:53,3:44:51,10:18:40
565,159,Kevin Fergusson,M55-59,3,Open,Australia,1:01:56,3:11,5:06:50,5:04,4:01:40,10:18:41
566,1322,Darren Cole,M40-44,91,Open,Canada,57:21,4:15,5:13:53,4:47,3:58:27,10:18:43
567,1467,Brent Phinney,M40-44,92,Open,United States,1:00:08,7:16,5:12:09,5:26,3:53:46,10:18:45
568,2087,Elliot-Olivier Pellerin,M30-34,107,Open,Canada,1:01:28,3:34,5:16:55,5:22,3:51:30,10:18:49
569,1526,Eric Walker,M40-44,93,Open,United States,1:08:45,5:54,5:34:05,5:38,3:24:29,10:18:51
570,1759,Brendan Loehr,M35-39,132,Open,United States,1:02:49,2:50,4:59:05,3:15,4:11:01,10:19:00
571,135,Katharina Grohmann,FPRO,28,Female,Germany,1:13:50,2:11,5:06:49,2:18,3:53:55,10:19:03
572,1785,TJ Nuccio,M35-39,133,Open,United States,1:03:27,4:46,5:13:49,4:17,3:52:45,10:19:04
573,1221,Jane Hansom,F45-49,2,Female,United Kingdom,1:05:29,3:04,5:33:50,3:21,3:33:31,10:19:15
574,1874,Daniel Zamora,M35-39,134,Open,United States,1:13:58,3:02,5:16:22,3:50,3:42:04,10:19:16
575,1999,Matthew Davis,M30-34,108,Open,United States,1:13:44,3:52,5:13:54,5:16,3:42:45,10:19:31
576,1127,Frank Schmaehling,M45-49,64,Open,Germany,1:05:31,5:34,5:08:00,6:55,3:53:34,10:19:34
577,2377,Tom Callaghan,M18-24,9,Open,Australia,1:06:43,7:52,5:37:02,4:43,3:23:21,10:19:41
578,1723,Luke Jeffrey,M35-39,135,Open,Australia,1:08:22,4:47,5:13:29,5:44,3:47:23,10:19:45
579,1927,Charlene Ottevaere,F35-39,11,Female,Belgium,1:03:23,3:43,5:34:50,5:33,3:32:22,10:19:51
580,769,Stephan Schwarze,M50-54,14,Open,Germany,1:04:28,4:01,5:23:49,5:07,3:42:39,10:20:04
581,1318,Tobias Chu,M40-44,94,Open,Hong Kong,55:51,5:08,5:30:22,6:17,3:42:33,10:20:11
582,2201,Inna Tsyganok-Tutukina,F30-34,3,Female,Russia,53:08,2:44,5:55:05,3:50,3:25:32,10:20:19
583,1736,Andrew Kinane,M35-39,136,Open,Ireland,1:05:16,5:04,5:35:54,5:39,3:28:27,10:20:20
584,1363,George Eyles,M40-44,95,Open,United Kingdom,1:16:01,5:43,5:06:00,5:03,3:47:50,10:20:37
585,2111,Jason Schoeman,M30-34,109,Open,New Zealand,1:01:58,3:35,4:51:27,4:18,4:19:22,10:20:40
586,2275,Nolan McPeek-Bechtold,M25-29,59,Open,United States,1:03:16,3:36,5:26:52,4:18,3:42:41,10:20:43
587,2004,Bart De Vrieze,M30-34,110,Open,Belgium,57:38,2:43,5:04:15,6:02,4:10:18,10:20:56
588,972,Stefan Gehrke,M45-49,65,Open,Germany,1:20:55,2:50,5:16:37,4:18,3:36:19,10:20:59
589,1720,Marco Iseli,M35-39,137,Open,Switzerland,56:14,3:02,5:02:02,3:59,4:15:47,10:21:04
590,1538,Jaros Zbysek,M40-44,96,Open,Czech Republic,1:05:54,2:53,5:16:56,3:39,3:51:49,10:21:11
591,890,Ezio Amatucci,M45-49,66,Open,Italy,1:10:18,3:53,5:23:39,5:19,3:38:13,10:21:22
592,1997,Michael Andreas Cramer,M30-34,111,Open,Germany,1:01:31,4:34,4:59:57,6:03,4:09:31,10:21:36
593,2051,Justin Walsh,M30-34,112,Open,Australia,1:15:28,4:31,5:27:13,9:06,3:25:22,10:21:40
594,1806,Paul Ransome,M35-39,138,Open,United Kingdom,1:05:52,3:34,5:01:50,6:25,4:04:25,10:22:06
595,609,Arnaud Bouvier,M50-54,15,Open,France,1:06:25,4:19,5:13:00,5:55,3:52:59,10:22:38
596,1141,Marcus Smith,M45-49,67,Open,Australia,1:04:19,3:53,5:07:44,6:08,4:00:50,10:22:54
597,889,Jose Arturo Alvarado,M45-49,68,Open,Honduras,1:04:10,4:58,5:27:29,6:33,3:39:48,10:22:58
598,1580,Nicole Gaillard,F40-44,6,Female,Switzerland,1:09:53,3:48,5:30:07,2:49,3:36:23,10:23:00
599,1307,Alan Bryson,M40-44,97,Open,New Zealand,1:05:51,5:01,5:13:18,7:16,3:51:36,10:23:02
600,970,Markus Ganser,M45-49,69,Open,Germany,1:07:52,5:25,5:02:58,5:16,4:01:31,10:23:02
601,920,Freddy Brull,M45-49,70,Open,Belgium,1:11:23,4:14,5:20:23,3:54,3:43:13,10:23:07
602,2165,Heini Hartikainen,F30-34,4,Female,Finland,1:04:20,3:59,5:21:37,2:47,3:50:26,10:23:09
603,964,Francois Rey,M45-49,71,Open,Switzerland,1:00:21,4:21,5:28:50,5:44,3:44:00,10:23:16
604,1310,Cristian Caceres,M40-44,98,Open,Argentinia,57:45,4:12,5:24:03,3:58,3:53:26,10:23:24
605,919,Steffen Brocks,M45-49,72,Open,United States,1:00:30,4:59,5:18:33,4:26,3:55:01,10:23:29
606,2109,John Savage,M30-34,113,Open,United States,52:01,3:15,5:09:00,6:17,4:13:02,10:23:35
607,1451,Ivan O'Gorman,M40-44,99,Open,Ireland,1:14:45,3:29,5:04:18,3:47,3:57:21,10:23:40
608,1371,Rob Gray,M40-44,100,Open,United States,1:01:44,2:55,4:58:11,5:36,4:15:14,10:23:40
609,1482,Jose Antonio Sanchez Izquerdo,M40-44,101,Open,Spain,1:05:31,4:16,5:12:02,3:13,3:58:45,10:23:47
610,1105,Jose Marcos Reyes Arciga,M45-49,73,Open,Mexico,1:05:15,4:05,5:16:25,4:33,3:53:31,10:23:49
611,2160,Elyse Gallegos,F30-34,5,Female,United States,1:03:45,3:16,5:39:06,3:33,3:34:18,10:23:58
612,1721,Kephren Izzard,M35-39,139,Open,Australia,1:01:07,3:09,5:30:48,3:41,3:45:14,10:23:59
613,1722,Paul Jackson,M35-39,140,Open,Australia,1:09:14,4:15,5:07:37,4:53,3:58:01,10:24:00
614,408,David Boyes,M55-59,4,Open,Australia,1:05:12,2:25,5:15:04,4:01,3:57:19,10:24:01
615,2258,Johannes Olind,M25-29,60,Open,United States,1:03:18,5:51,5:28:30,8:26,3:38:02,10:24:07
616,1160,Paul Thomas,M45-49,74,Open,United Kingdom,1:03:45,5:26,5:29:03,4:34,3:41:28,10:24:16
617,976,Mark Gleeson,M45-49,75,Open,Australia,1:03:19,5:05,5:13:40,5:07,3:57:08,10:24:19
618,2341,Annika Krull,F25-29,5,Female,Germany,1:11:12,1:50,5:46:52,2:56,3:21:31,10:24:21
619,701,Sean Lewis,M50-54,16,Open,United States,1:14:08,3:12,5:08:32,3:53,3:54:39,10:24:24
620,965,Dino Franke,M45-49,76,Open,Germany,1:12:47,3:33,5:15:19,6:15,3:46:31,10:24:25
621,1936,Alba M Reguillo Moreno,F35-39,12,Female,Spain,1:03:41,3:33,5:52:48,3:07,3:21:21,10:24:30
622,1309,Tobias Bussmann,M40-44,102,Open,Germany,1:14:42,2:46,5:17:51,4:03,3:45:11,10:24:33
623,727,Michael Minardi,M50-54,17,Open,United States,1:18:53,4:04,5:11:04,5:11,3:45:33,10:24:45
624,1434,Patrick McCrann,M40-44,103,Open,United States,1:07:54,3:24,5:02:43,6:31,4:04:17,10:24:49
625,1133,Frank Segaert,M45-49,77,Open,Belgium,1:10:04,4:19,5:08:38,6:22,3:55:31,10:24:54
626,2234,Damien Bethencourt,M25-29,61,Open,France,58:44,2:46,4:58:58,3:16,4:21:21,10:25:05
627,1516,Henry Tragle,M40-44,104,Open,United States,1:04:29,3:01,5:01:33,4:18,4:11:45,10:25:06
628,1715,Zebensui Hernandez Lopez,M35-39,141,Open,Spain,1:03:11,3:46,5:19:26,4:34,3:54:11,10:25:08
629,1911,Emily Kratz,F35-39,13,Female,United States,1:11:11,3:51,5:38:59,3:22,3:27:49,10:25:12
630,1331,Michael Daily,M40-44,105,Open,United States,1:08:56,4:01,5:07:53,4:09,4:00:18,10:25:17
631,2037,Michael Hill,M30-34,114,Open,United States,51:50,2:53,5:14:34,5:26,4:10:35,10:25:18
632,952,Pablo Durante,M45-49,78,Open,Argentinia,1:08:27,3:28,5:21:42,3:54,3:47:50,10:25:21
633,934,Gaetan Contrino,M45-49,79,Open,France,1:13:41,3:50,5:21:06,4:53,3:42:00,10:25:30
634,1033,Dirk Lower,M45-49,80,Open,Germany,1:09:14,4:14,5:12:46,3:55,3:55:24,10:25:33
635,1632,Janine Willis,F40-44,7,Female,Canada,1:00:05,3:07,5:22:59,3:00,3:56:26,10:25:37
636,688,Angus Wippell,M50-54,18,Open,Australia,1:00:03,3:41,5:25:18,3:31,3:53:08,10:25:41
637,1740,Morten Hibiscus Knudsen,M35-39,142,Open,Denmark,1:19:27,4:20,5:10:58,5:02,3:45:54,10:25:41
638,1964,Juan Manuel Aguilar Bustillos,M30-34,115,Open,Mexico,1:12:25,3:39,5:31:47,4:42,3:33:45,10:26:18
639,2102,Andreas Ronig,M30-34,116,Open,Germany,1:12:56,3:53,5:09:46,4:05,3:55:41,10:26:21
640,621,Massimo Ciocia,M50-54,19,Open,Italy,56:15,4:24,5:32:20,4:07,3:49:20,10:26:26
641,2461,Leandro Gustavo Goulart,M30-34,117,Open,Brazil,58:12,3:37,5:05:00,5:07,4:14:47,10:26:43
642,597,Shinichiro Arai,M50-54,20,Open,Japan,1:06:48,4:09,5:22:29,5:09,3:48:10,10:26:45
643,1466,Xavier Philippe,M40-44,106,Open,France,1:07:43,3:35,4:48:43,5:19,4:21:32,10:26:52
644,1035,Bjornar Lunde,M45-49,81,Open,Norway,1:08:33,4:53,5:16:58,3:52,3:52:42,10:26:58
645,1389,Andy Hockey,M40-44,107,Open,United Kingdom,1:05:21,3:07,5:02:12,4:40,4:11:45,10:27:05
646,607,Barry Berg,M50-54,21,Open,Canada,57:18,3:05,5:08:19,3:34,4:14:52,10:27:08
647,2162,Jacqui Giuliano,F30-34,6,Female,United States,1:09:58,3:08,5:44:37,4:33,3:25:00,10:27:16
648,1121,Thomas Russell,M45-49,82,Open,United States,55:58,3:32,5:21:10,8:03,3:58:34,10:27:17
649,1267,Elisabetta Villa,F45-49,3,Female,Italy,1:12:17,4:19,5:37:17,3:52,3:30:05,10:27:50
650,906,Jeff Beckman,M45-49,83,Open,United States,1:09:05,5:29,5:16:16,3:31,3:53:31,10:27:52
651,483,Tapio Piesanen,M55-59,5,Open,Finland,1:19:03,3:01,5:19:19,3:25,3:43:08,10:27:56
652,943,Tom De Malsche,M45-49,84,Open,Belgium,1:07:42,3:51,5:12:36,5:00,3:58:55,10:28:04
653,958,Phillip Falkner,M45-49,85,Open,United States,1:06:53,6:11,5:09:15,6:47,3:59:00,10:28:06
654,1118,Alberto Romagnani,M45-49,86,Open,Italy,1:04:18,3:32,5:19:00,3:45,3:57:32,10:28:07
655,1530,Kevin Wessinger,M40-44,108,Open,Canada,1:06:32,3:42,4:50:02,6:05,4:21:46,10:28:07
656,1496,Andrew Smith,M40-44,109,Open,New Zealand,1:05:08,3:47,5:18:15,4:04,3:56:59,10:28:13
657,2073,Mikael Gaudin,M30-34,118,Open,Switzerland,58:29,4:27,5:31:20,3:31,3:50:29,10:28:16
658,2319,Zoe Adams,F25-29,6,Female,Australia,1:00:18,3:41,5:31:55,4:10,3:48:13,10:28:17
659,1671,Matthew Daley,M35-39,143,Open,Canada,1:12:10,5:48,5:06:48,5:03,3:58:39,10:28:28
660,927,Pedro Cerize,M45-49,87,Open,Brazil,1:10:59,3:32,5:23:23,3:31,3:47:06,10:28:31
661,1293,Kevin Beatty,M40-44,110,Open,Canada,1:04:14,4:48,5:28:26,9:07,3:42:01,10:28:36
662,1080,Fabiano Paes,M45-49,88,Open,Brazil,1:09:02,3:48,5:22:34,4:07,3:49:11,10:28:42
663,1415,Yueh Kang Lin,M40-44,111,Open,Taiwan,1:16:32,4:51,5:23:50,5:36,3:38:10,10:28:59
664,1342,Ed Donner,M40-44,112,Open,United States,58:57,3:41,5:09:47,3:58,4:12:42,10:29:05
665,752,Victor Renard,M50-54,22,Open,United States,1:14:55,4:13,5:12:59,2:55,3:54:03,10:29:05
666,1792,Dany Papi,M35-39,144,Open,Luxembourg,1:10:32,4:46,5:01:50,4:28,4:07:34,10:29:10
667,1822,Ricardo Schlemonat,M35-39,145,Open,Germany,1:12:25,3:46,4:58:33,4:34,4:09:55,10:29:13
668,954,Sven Egolf,M45-49,89,Open,Germany,1:04:20,5:46,5:21:36,3:44,3:53:51,10:29:17
669,774,Antoni Smit,M50-54,23,Open,Netherlands,1:10:53,3:39,5:21:25,4:46,3:48:38,10:29:21
670,2477,Antonina Reznikov,F35-39,14,Female,Israel,1:14:31,3:31,5:22:03,3:51,3:45:30,10:29:26
671,992,Graham Hood,M45-49,90,Open,Canada,1:11:28,4:55,5:13:21,5:02,3:54:42,10:29:28
672,1419,Erinton Machado,M40-44,113,Open,Brazil,1:13:53,3:31,5:21:46,5:15,3:45:06,10:29:31
673,606,Alan Bentley,M50-54,24,Open,Australia,54:24,2:59,5:22:44,6:04,4:03:30,10:29:41
674,1872,Hao Tian Wu,M35-39,146,Open,China,1:11:50,4:23,5:27:59,5:33,3:40:06,10:29:51
675,1524,Genjiro Wakayama,M40-44,114,Open,Japan,55:14,4:20,5:35:40,4:31,3:50:34,10:30:19
676,961,Ian Flego,M45-49,91,Open,Australia,1:08:49,3:21,5:34:18,5:12,3:38:46,10:30:26
677,1304,Michael Boyle,M40-44,115,Open,United States,1:13:30,6:23,5:32:07,6:49,3:31:41,10:30:30
678,1428,Owen Martin,M40-44,116,Open,Ireland,1:02:43,5:22,5:09:04,6:36,4:06:58,10:30:43
679,1181,Peter Wex,M45-49,92,Open,Australia,1:05:18,6:08,5:36:56,4:18,3:38:05,10:30:45
680,779,Craig Sweeney,M50-54,25,Open,Australia,58:18,2:44,5:08:12,5:17,4:16:16,10:30:47
681,2168,Krystle Hockley,F30-34,7,Female,Australia,1:08:49,2:49,5:16:02,2:52,4:00:17,10:30:49
682,1540,David Zimmet,M40-44,117,Open,United States,58:43,4:24,5:16:54,4:04,4:06:52,10:30:57
683,1529,Stefan Werner,M40-44,118,Open,Germany,56:03,2:53,4:59:37,7:13,4:25:28,10:31:14
684,1598,Wendy Mader,F40-44,8,Female,United States,56:32,3:22,5:45:11,4:35,3:41:34,10:31:14
685,1437,Petr Michovsky,M40-44,119,Open,Czech Republic,1:05:19,2:51,5:09:57,4:25,4:08:48,10:31:20
686,2138,Lectie Altman,F30-34,8,Female,United States,55:06,4:07,5:33:33,3:33,3:55:02,10:31:21
687,996,Ewoud Hulsewe,M45-49,93,Open,Netherlands,1:05:00,4:18,5:00:46,4:44,4:16:37,10:31:25
688,2175,Olga Krutenyuk,F30-34,9,Female,Russia,1:11:15,3:23,5:51:05,4:45,3:21:00,10:31:28
689,1675,Paul Davies,M35-39,147,Open,New Zealand,1:01:24,3:12,4:56:07,3:26,4:27:25,10:31:34
690,1513,Michael Timbs,M40-44,120,Open,Australia,1:01:26,4:03,5:35:22,3:40,3:47:33,10:32:04
691,1829,Andrew Shore,M35-39,148,Open,United States,52:03,3:35,5:16:09,5:40,4:14:46,10:32:13
692,948,Andreas Drosdowski,M45-49,94,Open,Germany,1:07:23,3:04,5:23:04,5:16,3:53:31,10:32:18
693,1643,Brett Archbold,M35-39,149,Open,Australia,58:06,4:17,5:01:51,3:46,4:24:19,10:32:19
694,640,Frank Emde,M50-54,26,Open,Germany,1:07:50,5:33,5:17:06,6:36,3:55:17,10:32:22
695,2228,John Brenteson,M25-29,62,Open,United States,56:20,4:10,5:23:20,6:09,4:02:24,10:32:23
696,2147,Ling Er Choo,F30-34,10,Female,Singapore,1:10:39,3:01,5:29:27,3:29,3:45:54,10:32:30
697,1748,David Langen,M35-39,150,Open,Canada,1:20:10,4:45,5:19:29,4:05,3:44:11,10:32:40
698,1706,Massimo Giacopuzzi,M35-39,151,Open,Italy,1:02:33,5:36,5:20:58,7:37,3:56:00,10:32:44
699,1558,Ginny Cataldi,F40-44,9,Female,United States,1:04:28,3:23,5:33:23,3:26,3:48:11,10:32:51
700,1665,David Colgan,M35-39,152,Open,Italy,1:23:25,4:03,5:31:00,4:37,3:29:47,10:32:52
701,1521,Adam Vohmann,M40-44,121,Open,Australia,58:27,4:23,5:17:21,7:47,4:04:59,10:32:57
702,1350,Jeff Fejfar,M40-44,122,Open,United States,1:00:48,2:35,5:11:08,4:21,4:14:11,10:33:03
703,2096,Steven Quinn,M30-34,119,Open,United States,1:01:07,4:17,5:21:07,5:38,4:01:30,10:33:39
704,2006,Matthias Dippong,M30-34,120,Open,Germany,1:00:43,2:50,5:13:58,6:36,4:09:41,10:33:48
705,2137,Yantou Zhou,M30-34,121,Open,China,1:02:40,3:16,5:36:12,4:05,3:47:42,10:33:55
706,726,Kris Milobar,M50-54,27,Open,United States,1:12:17,3:59,5:20:59,4:12,3:52:31,10:33:58
707,2283,Benjamin Ooi,M25-29,63,Open,Singapore,1:02:06,4:32,5:43:54,3:32,3:40:00,10:34:04
708,1484,Jeffrey Schleppy,M40-44,123,Open,United States,1:10:34,5:35,5:20:26,4:31,3:53:13,10:34:19
709,1095,Laurent Raymond Jose Pouget,M45-49,95,Open,France,1:14:27,3:49,5:21:00,5:21,3:49:52,10:34:29
710,2316,Bobby Zeller,M25-29,64,Open,United States,1:12:12,4:05,5:00:23,4:51,4:12:59,10:34:30
711,1702,David Frank,M35-39,153,Open,United States,59:39,6:15,5:13:49,5:40,4:09:09,10:34:32
712,1984,Junyu Cao,M30-34,122,Open,China,1:08:08,3:30,5:33:11,3:28,3:46:17,10:34:34
713,917,Jan Bretschneider,M45-49,96,Open,Germany,1:02:10,3:06,4:59:36,4:28,4:25:22,10:34:42
714,1544,Veronica Aveni,F40-44,10,Female,Spain,1:01:16,2:53,5:44:35,2:25,3:43:36,10:34:45
715,2118,Andy Sloan,M30-34,123,Open,United Kingdom,1:03:05,3:44,4:50:44,5:35,4:31:39,10:34:47
716,953,Ralf Eberhardt,M45-49,97,Open,Switzerland,1:05:49,4:16,5:23:48,5:18,3:55:37,10:34:48
717,1875,Timo Ziegenbein,M35-39,154,Open,Germany,1:15:57,5:46,5:30:57,3:46,3:38:27,10:34:53
718,1158,Javier Teran Contreras,M45-49,98,Open,Spain,1:00:02,4:32,5:14:44,5:00,4:10:46,10:35:04
719,1047,Martin Mayr,M45-49,99,Open,Austria,1:05:20,3:21,5:19:01,4:14,4:03:10,10:35:06
720,2011,Erick Duarte,M30-34,124,Open,Brazil,59:57,3:55,5:29:30,5:48,3:55:57,10:35:07
721,997,Jaroslav Hyzll,M45-49,100,Open,Czech Republic,1:00:12,3:30,5:10:58,4:17,4:16:19,10:35:16
722,2386,Alex Garrod,M18-24,10,Open,United Kingdom,1:04:46,4:49,5:36:09,3:59,3:45:38,10:35:21
723,1178,Markus Wallhagen,M45-49,101,Open,Sweden,1:15:27,7:45,5:34:46,6:29,3:30:56,10:35:23
724,660,Gary Greib,M50-54,28,Open,United States,1:12:33,3:41,5:33:34,4:44,3:40:53,10:35:25
725,991,Shaun Hollis,M45-49,102,Open,Australia,58:59,4:17,5:12:34,6:35,4:13:02,10:35:27
726,1649,Pierre Beaufort,M35-39,155,Open,Belgium,1:12:26,4:53,5:20:40,5:06,3:52:25,10:35:30
727,1916,Katrine Meldgaard,F35-39,15,Female,Denmark,1:10:19,3:40,5:27:18,4:04,3:50:11,10:35:32
728,2032,Hannes Bonami,M30-34,125,Open,Belgium,1:04:13,3:13,5:17:46,4:33,4:05:56,10:35:41
729,2375,Lucas Borges Carneiro,M18-24,11,Open,Brazil,1:05:41,4:20,5:42:30,5:14,3:37:59,10:35:44
730,2336,Susana Guillen,F25-29,7,Female,Venezuela,1:01:31,4:19,5:34:38,5:17,3:50:01,10:35:46
731,1345,Geoffrey Duyker,M40-44,124,Open,Canada,1:14:55,4:41,5:19:17,4:27,3:52:31,10:35:51
732,1776,Soren Andreas Mellerup,M35-39,156,Open,Denmark,1:01:24,4:33,5:08:03,7:34,4:14:20,10:35:54
733,1457,Frederic Pasnon,M40-44,125,Open,France,1:09:23,3:44,5:37:09,3:47,3:41:53,10:35:56
734,1476,Jose Rivera Gonzalez,M40-44,126,Open,Mexico,1:10:30,7:34,5:38:48,7:06,3:32:06,10:36:04
735,1087,Laurent Petermann,M45-49,103,Open,France,1:10:47,3:53,5:15:48,4:35,4:01:07,10:36:10
736,628,Arlindo Da Silva Tavares,M50-54,29,Open,Portugal,58:42,3:02,5:20:25,4:32,4:09:33,10:36:14
737,2485,Ghislain Grandisson,M55-59,6,Open,Canada,1:07:36,3:52,5:28:02,4:20,3:52:27,10:36:17
738,1602,Constance Mochar,F40-44,11,Female,Austria,1:09:49,3:41,5:24:02,2:30,3:56:22,10:36:24
739,1443,Cobi Morales,M40-44,127,Open,Guatemala,1:02:35,3:07,5:21:25,4:09,4:05:16,10:36:32
740,2150,Hannah Depaul,F30-34,11,Female,United States,55:32,3:36,5:43:46,3:58,3:49:43,10:36:35
741,1281,Salvador Alarcon Alacio,M40-44,128,Open,Spain,1:10:14,5:09,5:33:56,4:57,3:42:22,10:36:38
742,2119,Scott Tonder,M30-34,126,Open,United States,1:00:01,2:37,5:15:58,4:27,4:13:47,10:36:50
743,1445,Patrick Muckian,M40-44,129,Open,Ireland,1:05:27,4:10,5:22:12,6:12,3:58:51,10:36:52
744,2115,David Sharman,M30-34,127,Open,United Kingdom,1:02:28,4:06,5:02:48,4:06,4:23:27,10:36:55
745,1277,Peggy Yetman,F45-49,4,Female,United States,1:09:16,3:01,5:43:57,3:56,3:36:45,10:36:55
746,1440,Yuichi Mizobata,M40-44,130,Open,Japan,1:08:34,2:59,5:28:07,4:12,3:53:13,10:37:05
747,1401,Dan Johnsson,M40-44,131,Open,Sweden,1:11:50,4:37,5:09:35,5:16,4:05:55,10:37:13
748,2245,Richard Gibbs,M25-29,65,Open,United Kingdom,1:12:03,3:47,5:17:20,3:43,4:00:24,10:37:17
749,2144,Fiona Carlon,F30-34,12,Female,United States,1:01:07,2:50,5:43:54,4:02,3:45:27,10:37:20
750,675,Robert Hill,M50-54,30,Open,Australia,1:12:28,3:19,5:26:38,4:17,3:50:44,10:37:26
751,1969,Curtis Anderson,M30-34,128,Open,United States,1:00:43,4:55,4:56:00,7:25,4:28:30,10:37:33
752,1978,Mark Bosworth,M30-34,129,Open,Australia,58:09,4:26,5:03:30,4:30,4:27:01,10:37:36
753,1165,Jordi Torrejongonzalez,M45-49,104,Open,Spain,1:03:21,3:44,5:29:58,4:21,3:56:15,10:37:39
754,1501,Scott Southgate,M40-44,132,Open,United Kingdom,1:09:54,3:13,5:34:14,4:17,3:46:07,10:37:45
755,2156,Meghan Fillnow,F30-34,13,Female,United States,1:07:56,3:02,5:34:32,2:51,3:49:30,10:37:51
756,1320,Sebastian Closas,M40-44,133,Open,Uruguay,1:03:42,4:44,5:34:52,4:44,3:49:49,10:37:51
757,1214,Kimberly Fabian,F45-49,5,Female,Canada,1:08:01,3:36,5:39:19,4:13,3:42:43,10:37:52
758,1170,Alessandro Valenti,M45-49,105,Open,Italy,59:09,5:10,5:29:29,7:06,3:57:01,10:37:55
759,894,Amir Bachar,M45-49,106,Open,Israel,57:57,3:07,5:16:58,5:08,4:14:52,10:38:02
760,349,Gregory Taylor,M60-64,2,Open,United States,1:13:46,3:38,5:32:40,3:04,3:45:05,10:38:13
761,1481,Cristian Randall Salazar,M40-44,134,Open,Costa Rica,1:05:09,4:35,5:23:57,6:58,3:57:40,10:38:19
762,1128,Thilo Schmalkoke,M45-49,107,Open,Germany,1:17:58,5:54,5:25:12,4:48,3:44:39,10:38:31
763,2388,Ryan Hamm,M18-24,12,Open,United States,1:03:53,3:25,5:18:04,4:10,4:09:04,10:38:36
764,2421,Gabriella Gioia,F18-24,3,Female,South Africa,1:10:04,4:10,5:39:12,2:45,3:42:27,10:38:38
765,1489,Nicholas Shepperd,M40-44,135,Open,United Kingdom,1:09:41,5:12,5:41:46,5:53,3:36:06,10:38:38
766,645,Marc Flageole,M50-54,31,Open,Canada,1:08:11,4:07,5:17:52,4:02,4:04:33,10:38:45
767,1626,Victoria Hill,F40-44,12,Female,United Kingdom,1:13:57,3:53,5:46:49,4:55,3:29:11,10:38:45
768,942,Dirk De Jong,M45-49,108,Open,Netherlands,1:02:49,4:09,5:19:48,6:32,4:05:37,10:38:55
769,1230,Christine Kachinsky,F45-49,6,Female,United States,1:16:24,3:47,5:36:32,4:34,3:37:50,10:39:07
770,2151,Pierangela Dezerega,F30-34,14,Female,Chile,1:08:13,4:11,5:30:58,5:36,3:50:15,10:39:13
771,457,Manfred Kraft,M55-59,7,Open,Germany,1:12:31,4:15,5:28:48,4:11,3:49:34,10:39:19
772,2202,Verena Eisenbarth,F30-34,15,Female,Germany,1:05:13,3:52,5:36:05,4:26,3:49:56,10:39:32
773,1219,Beni Gras-Thompson,F45-49,7,Female,United States,1:10:07,3:35,5:49:02,6:26,3:30:25,10:39:35
774,515,Michael Thoren,M55-59,8,Open,Sweden,59:43,4:07,5:14:48,6:05,4:14:56,10:39:39
775,2302,Danny Boy Szajta,M25-29,66,Open,United States,54:11,4:03,5:24:08,4:23,4:12:59,10:39:44
776,2305,Gianmaria Tiozzo,M25-29,67,Open,Italy,1:17:56,5:09,5:45:26,5:30,3:25:46,10:39:47
777,520,Peter G Van Egdom,M55-59,9,Open,Netherlands,1:08:31,5:44,5:47:35,5:45,3:32:13,10:39:48
778,1405,Stefan Karlberg,M40-44,136,Open,Sweden,1:05:37,5:43,5:13:32,9:15,4:06:09,10:40:16
779,2435,Larissa Rabago,F18-24,4,Female,Mexico,1:01:12,4:03,5:45:41,4:15,3:45:07,10:40:18
780,1880,Melanie Baumann,F35-39,16,Female,Switzerland,1:18:51,3:33,5:26:36,2:41,3:48:57,10:40:38
781,1245,Rebecca McKee,F45-49,8,Female,United States,1:09:35,3:46,5:36:19,3:17,3:47:44,10:40:41
782,1461,Greg Penner,M40-44,137,Open,Canada,1:25:01,7:51,5:38:05,5:15,3:24:37,10:40:49
783,1456,Pascal Descamps,M40-44,138,Open,France,1:06:51,3:25,5:20:36,7:09,4:03:02,10:41:03
784,1535,Brad Wright,M40-44,139,Open,Australia,1:03:27,3:11,4:56:59,4:14,4:33:21,10:41:12
785,2159,Marisol Franco Acevedo,F30-34,16,Female,Mexico,1:10:39,3:19,5:36:37,2:59,3:47:40,10:41:14
786,635,Rainer Wolfgang Dr. Koschke,M50-54,32,Open,Germany,1:13:18,4:20,5:25:46,3:50,3:54:03,10:41:17
787,1644,Marcelo Arichuluaga,M35-39,157,Open,Argentinia,55:27,2:38,5:07:08,4:31,4:31:38,10:41:22
788,2064,Andrew Macrae,M30-34,130,Open,United Kingdom,1:14:12,2:44,5:31:25,3:49,3:49:16,10:41:26
789,1347,Andrew Edwards,M40-44,140,Open,United Kingdom,57:42,3:43,5:17:41,3:44,4:18:38,10:41:28
790,2324,Anastasia Chernenko,F25-29,8,Female,Ukraine,57:52,3:37,5:43:40,6:22,3:50:03,10:41:34
791,602,Frank Bareuther,M50-54,33,Open,Germany,1:10:34,5:10,5:31:27,5:08,3:49:20,10:41:39
792,2095,Toni Pysto,M30-34,131,Open,Finland,58:05,2:55,4:51:07,3:00,4:46:41,10:41:48
793,665,Christer Hagberg,M50-54,34,Open,Sweden,1:11:04,6:05,5:37:53,5:19,3:41:29,10:41:50
794,1021,Olaf Knackstedt,M45-49,109,Open,Germany,1:05:39,3:35,5:36:15,5:18,3:51:25,10:42:12
795,739,Gustavo Perez,M50-54,35,Open,Argentinia,1:19:03,7:07,5:36:59,7:23,3:31:46,10:42:18
796,452,Nicholas Kinsey,M55-59,10,Open,United Kingdom,1:08:21,3:38,5:25:05,4:10,4:01:13,10:42:27
797,1923,Alison Miller,F35-39,17,Female,United States,1:11:23,3:56,5:36:04,4:13,3:47:06,10:42:42
798,2068,Thiago Mapurunga Benevides,M30-34,132,Open,Brazil,1:09:31,4:50,5:38:10,5:13,3:44:58,10:42:42
799,2143,Eva-Catherine Buchholz,F30-34,17,Female,Germany,1:11:13,3:18,5:40:19,3:11,3:44:51,10:42:52
800,1783,Jan Neubauer,M35-39,158,Open,Germany,1:10:15,3:47,5:18:44,4:22,4:05:50,10:42:58
801,1354,Fredrik Forsberg,M40-44,141,Open,Sweden,1:05:17,4:38,5:20:18,3:20,4:09:32,10:43:05
802,753,Luiz Renato Topan,M50-54,36,Open,Brazil,52:53,4:05,5:23:25,4:17,4:18:29,10:43:09
803,743,Johnn Potter,M50-54,37,Open,United States,55:01,2:54,5:28:17,5:20,4:11:40,10:43:12
804,1636,Beate Zschorlich,F40-44,13,Female,Germany,1:17:30,2:45,5:31:46,3:14,3:48:00,10:43:15
805,772,Tim Sloan,M50-54,38,Open,Australia,1:08:25,3:52,5:20:35,4:05,4:06:22,10:43:19
806,662,Pierre Guillaume,M50-54,39,Open,France,1:11:13,2:46,5:26:12,6:21,3:56:52,10:43:24
807,1956,Johanna Virtanen,F35-39,18,Female,Finland,1:21:39,3:44,5:36:34,4:06,3:37:22,10:43:25
808,325,Kevin Moats,M60-64,3,Open,United States,1:05:49,3:05,5:20:38,4:42,4:09:11,10:43:25
809,766,Harald Schrenk,M50-54,40,Open,Austria,1:07:57,3:23,5:19:00,4:14,4:08:52,10:43:26
810,2172,Gitte Jakobsen,F30-34,18,Female,Denmark,1:01:27,3:15,5:54:41,2:46,3:41:24,10:43:33
811,1321,Ted Cochrane,M40-44,142,Open,Canada,58:49,3:55,5:27:26,6:24,4:07:02,10:43:36
812,1247,Deanna Newman,F45-49,9,Female,United States,1:08:47,4:12,5:43:54,3:20,3:43:25,10:43:38
813,716,Rod Marton,M50-54,41,Open,Australia,58:49,3:19,5:21:10,9:03,4:11:18,10:43:39
814,703,Peter Lohmann,M50-54,42,Open,Germany,1:06:32,2:44,5:15:49,5:02,4:13:51,10:43:58
815,1732,Robert Kathan,M35-39,159,Open,Austria,1:08:00,6:55,5:22:12,7:36,3:59:25,10:44:08
816,624,Michel Collins,M50-54,43,Open,United States,53:25,4:46,5:23:15,5:15,4:17:28,10:44:09
817,1073,Thibault Noyer,M45-49,110,Open,France,1:12:30,3:47,5:30:02,5:01,3:52:59,10:44:19
818,1361,Aaron Gardiner,M40-44,143,Open,United States,52:53,4:59,5:16:55,6:07,4:23:29,10:44:23
819,2442,Mauren Solano,F18-24,5,Female,Costa Rica,1:04:15,2:49,5:42:25,3:35,3:51:24,10:44:28
820,1925,Mariana Ohata,F35-39,19,Female,Brazil,1:00:19,2:46,5:34:55,4:14,4:02:30,10:44:44
821,1156,Michael Taylor,M45-49,111,Open,Australia,1:13:24,6:43,5:23:51,6:37,3:54:18,10:44:53
822,657,Michael Glatzel,M50-54,44,Open,Austria,1:09:42,5:16,5:28:13,5:06,3:56:50,10:45:07
823,791,Thomas Tzschentke,M50-54,45,Open,Germany,1:22:42,6:19,5:24:27,6:44,3:44:59,10:45:11
824,930,Nick Clarry,M45-49,112,Open,United Kingdom,1:19:47,6:09,5:38:36,5:29,3:35:13,10:45:14
825,1458,Christophe Patoux,M40-44,144,Open,France,1:07:46,5:30,5:30:07,6:06,3:55:54,10:45:23
826,1485,Daniel Schultz,M40-44,145,Open,United States,50:15,3:39,5:40:12,5:53,4:05:35,10:45:34
827,1125,Steve Sanders,M45-49,113,Open,Australia,1:05:25,4:48,5:27:15,5:19,4:02:47,10:45:34
828,1670,Andrew Cross,M35-39,160,Open,United States,1:09:26,3:21,5:19:44,5:43,4:07:23,10:45:37
829,1922,Lisandra Mesquita Batista,F35-39,20,Female,Brazil,1:14:00,3:59,5:47:41,3:20,3:36:40,10:45:40
830,1468,Roman Prochazka,M40-44,146,Open,Czech Republic,1:19:07,4:48,5:20:52,4:05,3:56:48,10:45:40
831,731,Rainer Nagel,M50-54,46,Open,Germany,1:04:34,3:45,5:40:09,4:17,3:52:58,10:45:43
832,778,James Sunners,M50-54,47,Open,Canada,1:09:29,3:53,5:15:14,5:13,4:11:55,10:45:44
833,442,Jaroslaw Grzelec,M55-59,11,Open,Poland,1:16:45,2:53,5:39:41,4:23,3:42:08,10:45:50
834,1009,Peter Jonsson,M45-49,114,Open,Sweden,1:04:00,4:37,5:00:48,4:35,4:31:50,10:45:50
835,1998,Peter Ilum Damsgaard,M30-34,133,Open,Denmark,58:50,3:41,5:24:40,5:07,4:13:38,10:45:56
836,802,Holger Wilmsmann,M50-54,48,Open,Germany,1:24:00,4:19,5:25:34,3:43,3:48:28,10:46:04
837,2321,Mireia Arrillaga,F25-29,9,Female,Spain,1:00:16,4:09,5:47:24,3:22,3:50:56,10:46:07
838,1052,Thomas Gentry McGrath,M45-49,115,Open,United States,1:06:18,3:45,5:22:55,7:26,4:05:44,10:46:08
839,1435,Adam McLaine,M40-44,147,Open,Australia,58:02,3:44,5:16:57,7:39,4:19:47,10:46:09
840,723,Hilton Meneely,M50-54,49,Open,United Kingdom,1:05:30,4:53,5:38:14,4:42,3:52:55,10:46:14
841,1163,Dirk Timpke,M45-49,116,Open,Germany,59:11,4:01,5:20:04,5:56,4:17:07,10:46:19
842,1198,Michelle Boyes,F45-49,10,Female,Australia,1:08:08,2:49,5:38:57,3:40,3:52:47,10:46:21
843,476,Perry Nation,M55-59,12,Open,Australia,1:00:01,4:01,5:28:25,4:58,4:08:57,10:46:22
844,1574,Phoebe Fear,F40-44,14,Female,Australia,1:08:16,2:47,5:42:30,2:54,3:50:07,10:46:34
845,1289,Greg Bain,M40-44,148,Open,Australia,1:08:14,4:42,5:27:08,4:25,4:02:11,10:46:40
846,1008,Huw Jones,M45-49,117,Open,United Kingdom,1:06:04,3:57,5:19:15,4:34,4:12:58,10:46:48
847,1144,Olivier Spagnol,M45-49,118,Open,France,1:10:46,3:41,5:01:15,5:07,4:26:01,10:46:50
848,1166,Anthony Trovato,M45-49,119,Open,Australia,1:06:56,5:49,5:28:02,6:54,3:59:10,10:46:51
849,2139,Anais Robin,F30-34,19,Female,France,1:03:24,3:04,5:45:26,5:09,3:49:50,10:46:53
850,1341,Thierry Dondlinger,M40-44,149,Open,Luxembourg,1:07:57,5:44,5:25:27,7:30,4:00:16,10:46:54
851,1117,Chris Rohde,M45-49,120,Open,United States,1:04:59,3:08,5:34:18,5:00,3:59:33,10:46:58
852,2199,Sarah Thomas,F30-34,20,Female,Australia,1:05:47,2:35,5:57:20,2:32,3:38:47,10:47:01
853,1491,Jan Sibbersen,M40-44,150,Open,Germany,48:32,3:41,5:21:55,8:13,4:24:54,10:47:15
854,768,Peter Schulteis,M50-54,50,Open,Germany,58:53,3:07,5:26:08,6:15,4:12:52,10:47:15
855,2237,Florian Duterloo,M25-29,68,Open,Netherlands,1:05:02,4:17,5:01:04,3:21,4:33:37,10:47:21
856,1072,Sergey Novikov,M45-49,121,Open,Russia,58:17,5:31,5:26:28,9:01,4:08:06,10:47:23
857,2045,Benedikt Imbach,M30-34,134,Open,Switzerland,1:09:38,5:13,5:16:48,5:44,4:10:11,10:47:34
858,1093,Arkadiusz Podziewski,M45-49,122,Open,Poland,1:13:12,3:12,5:33:44,4:50,3:52:39,10:47:37
859,2303,Kazune Tamura,M25-29,69,Open,Japan,1:10:42,2:54,5:18:47,3:11,4:12:06,10:47:40
860,2277,James Miller,M25-29,70,Open,United States,1:02:04,2:31,5:23:42,6:58,4:12:32,10:47:47
861,1150,Gregory Sullivan,M45-49,123,Open,United States,1:01:12,3:29,5:17:04,4:17,4:21:47,10:47:49
862,2126,Frank Thomas Walter,M30-34,135,Open,Germany,1:07:48,4:13,5:22:41,7:37,4:05:39,10:47:58
863,2472,Stefano Passarello,M35-39,161,Open,Hong Kong,1:26:35,5:21,6:19:33,3:12,2:53:23,10:48:04
864,2423,Carla Guttilla Lacerda,F18-24,6,Female,Brazil,1:03:59,3:23,5:44:34,4:41,3:51:30,10:48:07
865,1092,Andre Piehl,M45-49,124,Open,South Africa,58:09,3:43,5:14:56,4:38,4:26:42,10:48:08
866,1774,Shaun McGill,M35-39,162,Open,United Kingdom,1:04:28,5:15,5:24:55,6:52,4:06:42,10:48:12
867,2188,Jenny Nae,F30-34,21,Female,Sweden,1:14:04,4:47,5:45:36,4:04,3:39:43,10:48:14
868,1126,John W Schlosser,M45-49,125,Open,United States,1:01:20,4:26,5:14:09,3:55,4:24:25,10:48:15
869,1617,Rosa Isela Sagrero Rodriguez,F40-44,15,Female,Mexico,1:10:38,3:09,5:35:49,3:22,3:55:17,10:48:15
870,555,Carmen Grosse,F55-59,1,Female,Germany,58:07,3:59,5:54:15,3:27,3:48:28,10:48:16
871,1046,Francisco Maya,M45-49,126,Open,United States,59:48,3:46,5:26:30,3:18,4:14:54,10:48:16
872,2313,Tyler Woodbury,M25-29,71,Open,Canada,59:58,4:54,5:32:54,5:15,4:05:17,10:48:18
873,1186,Dennis Woodside,M45-49,127,Open,United States,1:04:44,5:44,5:22:45,7:38,4:07:29,10:48:20
874,2249,William Hartje,M25-29,72,Open,United States,51:58,2:58,5:18:17,4:50,4:30:22,10:48:25
875,787,Andres Torres,M50-54,51,Open,Colombia,57:55,4:38,5:18:41,4:55,4:22:24,10:48:33
876,1375,Thierry Guertin,M40-44,151,Open,Canada,1:05:38,3:33,5:00:00,4:37,4:34:49,10:48:37
877,1906,Emma Igelstrom,F35-39,21,Female,Sweden,53:06,3:05,5:28:50,4:47,4:18:55,10:48:43
878,1779,Claudio Montejo,M35-39,163,Open,Chile,1:12:58,4:35,5:12:02,4:15,4:14:58,10:48:48
879,1826,Dave Sek,M35-39,164,Open,United States,1:02:15,5:57,5:50:49,5:41,3:44:10,10:48:52
880,926,Jeffrey Capobianco,M45-49,128,Open,United States,1:20:16,5:15,5:28:40,6:56,3:47:45,10:48:52
881,1025,Andreas Kreis,M45-49,129,Open,Germany,1:09:16,8:05,5:31:35,4:48,3:55:15,10:48:59
882,1398,Brett Isaac,M40-44,152,Open,Australia,51:59,4:45,5:07:31,5:46,4:39:01,10:49:02
883,2353,Gabriele Obmann,F25-29,10,Female,Austria,1:08:21,3:13,5:33:12,2:50,4:01:26,10:49:02
884,748,Dean Ratcliffe,M50-54,52,Open,United Kingdom,1:00:38,4:19,5:12:19,5:02,4:26:54,10:49:12
885,2169,Maria Hodges,F30-34,22,Female,Philippines,1:06:58,3:09,5:44:54,2:24,3:51:51,10:49:16
886,1942,Kirsty Sheehan,F35-39,22,Female,Australia,1:07:23,4:10,5:56:47,3:39,3:37:19,10:49:18
887,1179,Troy Ward,M45-49,130,Open,Australia,1:00:36,3:46,5:20:44,5:00,4:19:17,10:49:23
888,2371,Casper Bahlmann,M18-24,13,Open,Denmark,1:08:27,3:16,5:31:06,4:08,4:02:30,10:49:27
889,2393,Jacob Lemholt,M18-24,14,Open,Denmark,1:09:06,3:40,5:25:01,3:38,4:08:02,10:49:27
890,2186,Mirjam Muckenhuber,F30-34,23,Female,Austria,1:07:56,3:46,5:29:55,2:43,4:05:10,10:49:30
891,2030,Sebastian Hahn,M30-34,136,Open,Germany,1:03:40,3:23,5:26:07,5:56,4:10:26,10:49:32
892,763,Ricardo Santos,M50-54,53,Open,Brazil,1:12:49,5:21,5:47:49,6:15,3:37:22,10:49:36
893,1335,Jason Davidson,M40-44,153,Open,United States,1:10:43,5:43,5:31:24,6:52,3:54:56,10:49:38
894,764,Johann Anton Friedri Schmid,M50-54,54,Open,Germany,1:09:34,4:09,5:26:52,6:07,4:03:01,10:49:43
895,1604,Haitske Overbeek,F40-44,16,Female,Netherlands,1:08:28,3:29,5:44:44,3:18,3:49:48,10:49:47
896,328,Steven Mudgett,M60-64,4,Open,United States,1:10:23,4:06,5:32:20,4:04,3:58:55,10:49:48
897,1510,Vito Tagliente,M40-44,154,Open,Italy,1:13:25,5:35,5:30:52,3:19,3:56:39,10:49:50
898,1943,Lori Sherlock,F35-39,23,Female,United States,1:04:15,3:37,5:35:17,3:21,4:03:25,10:49:55
899,905,Alf Becker,M45-49,131,Open,Germany,1:12:00,4:45,5:39:44,6:21,3:47:14,10:50:04
900,2251,Jesus Maria Henares Duclos,M25-29,73,Open,Spain,1:05:12,4:50,5:42:25,4:59,3:52:45,10:50:11
901,1949,Karen Steurs,F35-39,24,Female,Belgium,1:04:13,2:36,5:41:38,4:18,3:57:30,10:50:15
902,2349,Audrey Maheu,F25-29,11,Female,United States,1:16:11,4:27,5:21:43,3:50,4:04:06,10:50:17
903,1058,Vince Middleton,M45-49,132,Open,Australia,55:37,3:12,5:28:57,5:46,4:16:45,10:50:17
904,2346,Liubov Polianskaia,F25-29,12,Female,Russia,58:09,3:35,5:46:01,3:11,3:59:24,10:50:20
905,2366,Lisa Tyack,F25-29,13,Female,Australia,1:03:54,2:56,5:44:53,3:10,3:55:40,10:50:33
906,617,Roger Canham,M50-54,55,Open,United Kingdom,1:10:47,5:55,5:40:24,6:15,3:47:18,10:50:39
907,998,Ingolf Zschockelt,M45-49,133,Open,Germany,1:08:55,3:42,5:26:45,6:26,4:05:00,10:50:48
908,490,Lothar Richthammer,M55-59,13,Open,Germany,1:28:38,3:23,5:28:17,7:10,3:43:22,10:50:50
909,744,Olivier Poulain,M50-54,56,Open,France,1:20:42,5:08,5:22:37,7:43,3:54:51,10:51:01
910,715,Antonio Martinez,M50-54,57,Open,France,1:00:28,4:03,5:08:00,5:07,4:33:25,10:51:03
911,1655,Fabrizio Borsato,M35-39,165,Open,Brazil,57:53,4:18,5:25:43,6:08,4:17:06,10:51:08
912,2339,Tessa Kortekaas,F25-29,14,Female,Netherlands,1:12:55,2:34,5:19:36,3:15,4:12:52,10:51:12
913,474,Giuseppe Musella,M55-59,14,Open,Brazil,1:03:25,6:22,5:40:40,8:33,3:52:18,10:51:18
914,646,John Flood,M50-54,58,Open,Australia,1:05:23,3:41,5:09:57,4:19,4:28:02,10:51:22
915,1275,Karen Wood,F45-49,11,Female,United States,1:12:11,4:07,5:43:17,5:19,3:46:28,10:51:22
916,2304,Chris Thomas,M25-29,74,Open,United States,1:02:48,4:17,5:23:17,6:31,4:14:33,10:51:26
917,679,Christoph Hugenberg,M50-54,59,Open,Germany,1:03:19,4:23,5:21:42,4:23,4:17:42,10:51:29
918,1502,Oliver Spurzem,M40-44,155,Open,Germany,1:04:02,3:19,5:24:36,5:54,4:13:40,10:51:31
919,756,Jens Peder Rix,M50-54,60,Open,Denmark,1:10:59,6:01,5:30:37,4:38,3:59:21,10:51:36
920,154,Adam Hill,M35-39,166,Open,United States,1:22:22,6:23,5:23:17,4:13,3:55:25,10:51:40
921,683,Tsutomu Ishida,M50-54,61,Open,Japan,1:23:23,5:18,5:38:08,5:22,3:39:33,10:51:44
922,478,Sten Orsvarn,M55-59,15,Open,Sweden,1:11:43,4:20,5:38:54,5:01,3:51:47,10:51:45
923,974,Stefan Glaser,M45-49,134,Open,Germany,1:16:35,3:25,5:27:05,3:19,4:01:22,10:51:46
924,2104,Miguel Rossello Redondo,M30-34,137,Open,Spain,54:16,6:05,5:16:45,7:19,4:27:23,10:51:48
925,2192,Olesya Prystayko,F30-34,24,Female,Ukraine,1:05:46,2:30,5:41:04,4:07,3:58:21,10:51:48
926,695,Kevin Kleinhenz,M50-54,62,Open,United States,1:02:33,3:11,5:35:40,4:25,4:06:04,10:51:53
927,892,Frank Aurich,M45-49,135,Open,Germany,1:16:37,4:51,5:32:07,5:09,3:53:18,10:52:02
928,1069,Dirk Niederau,M45-49,136,Open,Germany,53:46,3:22,5:06:32,5:52,4:42:35,10:52:07
929,1209,Veronique Aimee R De Deene,F45-49,12,Female,Belgium,1:03:15,3:36,5:44:29,4:03,3:56:48,10:52:11
930,724,Dominique Michel,M50-54,63,Open,France,1:14:43,5:29,5:28:55,4:27,3:58:50,10:52:24
931,968,Romain Fusser,M45-49,137,Open,France,1:08:20,4:13,5:40:30,3:51,3:55:39,10:52:33
932,2268,Tyler Le Roy,M25-29,75,Open,United States,1:02:15,2:54,5:17:52,10:20,4:19:20,10:52:41
933,1447,Benjamin Nemeth,M40-44,156,Open,United States,1:24:04,4:18,5:22:50,5:13,3:56:19,10:52:44
934,1929,Hannah Katy Peel,F35-39,25,Female,United Kingdom,1:11:49,4:18,5:37:17,4:25,3:54:55,10:52:44
935,1083,John Pappas,M45-49,138,Open,Canada,1:08:28,4:28,5:39:29,4:55,3:55:27,10:52:47
936,1438,Frederic Mignotte,M40-44,157,Open,France,1:08:27,5:08,5:26:50,6:28,4:06:02,10:52:55
937,989,Ken Holder,M45-49,139,Open,United Kingdom,1:03:09,4:05,5:07:06,4:31,4:34:05,10:52:56
938,1432,Atsushi Matsushita,M40-44,158,Open,Japan,1:09:06,3:10,5:47:29,4:40,3:48:32,10:52:57
939,1556,Jodie Browning,F40-44,17,Female,Australia,1:03:21,4:52,5:41:34,4:12,3:58:58,10:52:57
940,2012,Rory Duckworth,M30-34,138,Open,United States,1:11:01,4:09,4:59:50,7:45,4:30:15,10:53:00
941,444,David Harding,M55-59,16,Open,Canada,1:08:37,4:09,5:37:21,4:39,3:58:15,10:53:01
942,1359,Thomas Gafner,M40-44,159,Open,Switzerland,1:12:35,5:22,5:20:35,4:38,4:09:52,10:53:02
943,1212,Michelle Enslin,F45-49,13,Female,South Africa,1:07:20,4:53,5:45:45,3:26,3:51:41,10:53:05
944,1735,Benjamin Kieffer,M35-39,167,Open,France,1:14:12,5:17,5:36:50,5:02,3:51:49,10:53:10
945,1262,Angela Stefani,F45-49,14,Female,Italy,1:14:28,4:31,5:33:20,4:17,3:56:34,10:53:10
946,1001,Kenji Ito,M45-49,140,Open,Japan,1:16:22,3:22,5:40:24,6:58,3:46:11,10:53:17
947,941,Sacha De Bilderling,M45-49,141,Open,Belgium,1:01:19,3:48,5:29:15,3:22,4:15:46,10:53:30
948,2210,Judith Wirth,F30-34,25,Female,Germany,1:12:19,4:16,5:36:28,4:07,3:56:28,10:53:38
949,1410,Glad Lacombe,M40-44,160,Open,Canada,1:17:45,5:19,5:17:50,3:29,4:09:23,10:53:46
950,1311,Sammy Cai,M40-44,161,Open,United States,1:04:26,5:25,5:21:54,6:56,4:15:08,10:53:49
951,1473,Torsten Reuter,M40-44,162,Open,Germany,1:16:46,3:22,4:53:14,4:26,4:36:15,10:54:03
952,2190,Annabelle Pirotte,F30-34,26,Female,Belgium,57:57,2:36,5:32:26,3:38,4:17:28,10:54:05
953,738,Patrick Melon,M50-54,64,Open,Belgium,1:13:23,8:25,5:42:30,11:20,3:38:28,10:54:06
954,1638,Josh Adams,M35-39,168,Open,United States,1:05:28,3:37,5:18:59,6:44,4:19:50,10:54:38
955,2312,Jamie Woodbury,M25-29,76,Open,Canada,57:48,3:44,5:00:52,3:59,4:48:24,10:54:47
956,1068,John Nelson,M45-49,142,Open,Australia,1:11:01,3:59,5:16:17,4:09,4:19:21,10:54:47
957,510,Remy Strat,M55-59,17,Open,France,1:10:57,3:31,5:37:45,3:56,3:58:38,10:54:47
958,2358,Kate Shryock,F25-29,15,Female,Australia,53:01,4:06,5:42:11,4:44,4:10:47,10:54:49
959,2052,Neal Keijzer,M30-34,139,Open,Netherlands,1:03:13,3:56,5:22:07,5:34,4:20:01,10:54:51
960,781,Greg Tayler,M50-54,65,Open,United States,57:41,5:43,5:15:43,5:07,4:30:43,10:54:57
961,2212,Jennifer Zopp,F30-34,27,Female,United States,1:09:28,3:07,5:40:08,2:58,3:59:18,10:54:59
962,2170,Manue Hooper-Bue,F30-34,28,Female,Australia,1:03:21,3:40,5:53:08,3:21,3:51:29,10:54:59
963,691,Zivkovic Josip Mladin,M50-54,66,Open,Croatia,1:05:18,3:25,5:15:08,4:54,4:26:21,10:55:06
964,1218,Lillan Sindahl Glumer,F45-49,15,Female,Denmark,1:22:52,4:02,5:31:38,3:44,3:52:55,10:55:11
965,1079,Mark Oliver,M45-49,143,Open,United States,58:09,3:57,5:30:09,2:46,4:20:10,10:55:11
966,610,Sven Brauer,M50-54,67,Open,Germany,1:10:15,5:21,5:36:21,5:43,3:57:34,10:55:14
967,1037,Stephan Mahler,M45-49,144,Open,Germany,1:10:08,4:41,5:28:49,4:53,4:06:52,10:55:23
968,1392,Scott Hotham,M40-44,163,Open,New Zealand,1:01:40,5:36,5:13:26,6:40,4:28:07,10:55:29
969,402,Bernd Markgraf,M55-59,18,Open,Germany,1:03:16,4:01,5:23:59,4:43,4:19:42,10:55:41
970,902,Ivo Bauer,M45-49,145,Open,Germany,1:13:31,4:39,5:27:14,5:31,4:04:47,10:55:42
971,2042,Tyler Howland,M30-34,140,Open,United States,1:09:01,4:46,6:01:34,4:41,3:35:45,10:55:47
972,1114,Mike Roberts,M45-49,146,Open,United States,1:07:32,3:21,5:39:33,3:45,4:01:37,10:55:48
973,971,Adrian Garvey,M45-49,147,Open,Ireland,1:23:41,5:07,5:30:51,6:27,3:49:44,10:55:50
974,1641,Boris Angerer,M35-39,169,Open,Germany,1:36:11,3:55,5:29:45,3:57,3:42:05,10:55:53
975,1830,Joaquin Sigler,M35-39,170,Open,Mexico,1:01:51,3:27,5:15:56,5:32,4:29:09,10:55:55
976,1543,Caroline Ashby,F40-44,18,Female,Australia,1:05:24,3:15,5:50:34,3:14,3:53:32,10:55:59
977,1174,Thomas Claracq,M45-49,148,Open,France,1:15:56,5:46,5:43:06,3:52,3:47:20,10:56:00
978,1173,David Venour,M45-49,149,Open,Australia,1:12:55,4:17,5:19:00,6:34,4:13:17,10:56:03
979,767,Thorsten Schroder,M50-54,68,Open,Germany,1:13:36,5:41,5:40:31,5:43,3:50:41,10:56:12
980,1394,Jamie Hoyt,M40-44,164,Open,United States,1:14:41,7:59,5:18:24,5:38,4:09:33,10:56:15
981,449,Jan Selnes,M55-59,19,Open,Germany,1:20:22,5:59,5:25:17,8:12,3:56:26,10:56:16
982,1492,Luis Diogo Silva Santos,M40-44,165,Open,Portugal,59:04,2:46,5:13:28,7:28,4:33:38,10:56:24
983,1250,Kelly Phuah,F45-49,16,Female,Australia,1:09:42,4:44,5:38:48,4:33,3:58:44,10:56:31
984,692,Jurgen Haug,M50-54,69,Open,Germany,1:08:43,4:06,5:34:10,3:46,4:05:47,10:56:32
985,1000,Alejandro Ithurriague,M45-49,150,Open,Argentinia,1:03:45,4:37,5:44:07,6:23,3:57:42,10:56:34
986,737,Guido Pasqualini,M50-54,70,Open,Italy,1:10:57,3:34,5:51:42,6:49,3:43:37,10:56:39
987,2342,Kinsey L Laine,F25-29,16,Female,United States,55:35,3:21,5:44:38,6:10,4:07:04,10:56:48
988,434,Dan Falke,M55-59,20,Open,United States,1:09:24,4:57,5:26:41,5:53,4:09:54,10:56:49
989,1585,Kristy Hallett,F40-44,19,Female,Australia,1:08:05,4:10,5:44:16,4:44,3:55:43,10:56:58
990,2181,Cristina Mata,F30-34,29,Female,Panama,1:08:32,2:44,5:35:29,3:00,4:07:14,10:56:59
991,1028,Jason Landretti,M45-49,151,Open,United States,1:06:53,4:54,5:16:39,4:06,4:24:27,10:56:59
992,1444,Michael Mortensen,M40-44,166,Open,Denmark,1:08:44,5:11,5:10:51,5:33,4:26:44,10:57:03
993,2195,Ashley Robota,F30-34,30,Female,United States,1:02:01,4:39,5:27:01,6:06,4:17:20,10:57:07
994,717,Christian Maxwell Sanderson,M50-54,71,Open,United Kingdom,1:11:14,7:38,5:17:37,4:12,4:16:27,10:57:08
995,1584,Linda Guinoiseau,F40-44,20,Female,France,1:09:06,3:29,5:57:35,6:19,3:40:43,10:57:12
996,2219,Paulo Alfredo Farina Neto,M25-29,77,Open,Brazil,1:04:17,4:12,5:28:25,5:13,4:15:15,10:57:22
997,2207,Liz West,F30-34,31,Female,United States,1:04:13,3:08,5:40:03,4:35,4:05:28,10:57:27
998,730,Gabriel Nafarrate,M50-54,72,Open,Mexico,1:13:51,4:20,5:46:45,5:30,3:47:08,10:57:34
999,2468,Hakan Nilsson,M35-39,171,Open,Sweden,1:28:45,4:13,5:14:17,6:04,4:04:32,10:57:51
1000,1757,Witold Lipski,M35-39,172,Open,United States,1:09:04,4:40,5:20:27,5:01,4:18:42,10:57:54
1001,2458,Markus Einio,M45-49,152,Open,Finland,1:11:24,3:16,5:18:23,6:00,4:18:52,10:57:55
1002,1725,Adam Johnson,M35-39,173,Open,United States,1:02:47,4:38,5:01:35,3:37,4:45:20,10:57:57
1003,1261,Heidi Sowerby,F45-49,17,Female,Australia,1:07:59,2:58,5:40:57,3:57,4:02:10,10:58:01
1004,1855,Subramani Venkatesh,M35-39,174,Open,India,1:20:05,5:06,5:29:52,6:04,3:56:55,10:58:02
1005,2261,Tobias Kamlage,M25-29,78,Open,Germany,1:10:24,3:27,5:45:41,4:56,3:53:40,10:58:08
1006,2135,Yasutaka Yoneda,M30-34,141,Open,Japan,1:12:46,3:28,5:45:00,4:39,3:52:27,10:58:20
1007,1561,Allison Cooke,F40-44,21,Female,Australia,1:01:38,4:19,5:49:24,4:06,3:59:01,10:58:28
1008,1081,Matthew Pahnke,M45-49,153,Open,United States,1:19:39,5:34,5:25:05,8:32,3:59:40,10:58:30
1009,2200,Kelly Trom,F30-34,32,Female,United States,1:05:53,3:29,5:45:16,4:51,3:59:03,10:58:32
1010,1581,Sharon Gallant-Pierce,F40-44,22,Female,Canada,1:08:31,4:02,5:57:06,4:13,3:44:41,10:58:33
1011,1609,Maria Porrini,F40-44,23,Female,Uruguay,1:06:42,3:06,5:42:59,4:07,4:01:47,10:58:41
1012,2211,Colleen Wood,F30-34,33,Female,United States,1:04:05,3:22,5:44:39,6:01,4:00:59,10:59:06
1013,2158,Stella Foley,F30-34,34,Female,Australia,1:12:21,2:45,5:46:25,3:08,3:54:31,10:59:10
1014,721,Ken McLaughlin,M50-54,73,Open,United States,1:24:30,4:25,5:40:08,4:28,3:45:50,10:59:21
1015,2315,Kai Yanlong,M25-29,79,Open,China,1:13:00,4:59,5:30:34,6:46,4:04:13,10:59:32
1016,1422,Celio Manfredini,M40-44,167,Open,Brazil,1:09:24,4:10,5:30:58,3:27,4:11:37,10:59:36
1017,911,Conrad Boerman,M45-49,154,Open,Netherlands,1:12:29,5:39,5:28:58,4:31,4:08:02,10:59:39
1018,1587,Michelle Hildebrand,F40-44,24,Female,United States,1:15:37,3:59,5:40:39,4:31,3:54:56,10:59:42
1019,2180,Tracy Markham,F30-34,35,Female,South Africa,1:00:14,4:01,5:46:32,3:51,4:05:07,10:59:45
1020,783,Till Teuber,M50-54,74,Open,Germany,1:06:45,3:03,5:43:19,3:49,4:02:52,10:59:48
1021,786,Mattias Tornqvist,M50-54,75,Open,Sweden,1:11:55,3:46,5:27:54,5:06,4:11:10,10:59:51
1022,1303,Ben Boyd,M40-44,168,Open,Australia,1:05:42,9:30,5:49:24,7:45,3:47:32,10:59:53
1023,1053,Paul McKay,M45-49,155,Open,Australia,1:06:05,4:02,5:39:12,3:53,4:06:46,10:59:58
1024,1287,Sergio Ayala,M40-44,169,Open,Argentinia,1:07:19,3:50,5:32:46,5:01,4:11:11,11:00:07
1025,2214,Austin Abair,M25-29,80,Open,United States,1:04:31,7:07,5:19:38,9:45,4:19:19,11:00:20
1026,1295,Patrick Begin,M40-44,170,Open,United States,1:02:44,6:48,5:42:47,7:57,4:00:11,11:00:27
1027,2446,Julie Von Gruenigen,F18-24,7,Female,Switzerland,1:06:50,3:24,5:15:07,3:27,4:31:57,11:00:45
1028,1291,Juan Antonio Barbudo Herrera,M40-44,171,Open,Spain,1:00:18,3:07,5:07:16,3:30,4:46:35,11:00:46
1029,518,Peter Uhl,M55-59,21,Open,Germany,1:17:52,4:49,5:45:55,3:57,3:48:16,11:00:49
1030,523,Huib Vanengelen,M55-59,22,Open,Netherlands,1:11:15,6:27,5:26:01,4:43,4:12:37,11:01:03
1031,2309,Pepijn Van Overeem,M25-29,81,Open,Netherlands,1:11:05,3:13,5:23:56,4:58,4:17:51,11:01:03
1032,2354,Alizee Parmentelat,F25-29,17,Female,France,1:03:26,3:48,5:45:55,3:58,4:03:58,11:01:05
1033,984,Stuart Harsley,M45-49,156,Open,Australia,1:04:53,6:51,5:32:29,6:15,4:10:44,11:01:12
1034,482,Alain Perroteau,M55-59,23,Open,France,1:16:37,3:46,5:23:45,7:47,4:09:24,11:01:19
1035,746,David Purnell,M50-54,76,Open,United Kingdom,1:12:16,4:20,5:42:30,6:31,3:55:46,11:01:23
1036,2301,Todd Sukolsky,M25-29,82,Open,United States,57:51,3:06,5:31:42,5:51,4:23:08,11:01:38
1037,835,Diana Hassel,F50-54,1,Female,United States,1:07:05,3:18,5:34:06,3:55,4:13:27,11:01:51
1038,2155,Heather Fell,F30-34,36,Female,United Kingdom,59:59,4:00,6:01:44,6:06,3:50:07,11:01:56
1039,1465,Nathan Peterson,M40-44,172,Open,New Zealand,1:08:50,3:30,5:17:58,4:56,4:27:03,11:02:17
1040,807,Finn Zwager,M50-54,77,Open,Netherlands,1:09:09,7:49,5:39:43,6:50,3:58:52,11:02:23
1041,1950,Trude Stormo,F35-39,26,Female,Norway,1:11:16,4:14,5:51:15,3:47,3:51:51,11:02:23
1042,1123,John Ryan,M45-49,157,Open,United States,1:27:37,5:23,5:30:02,3:52,3:55:36,11:02:30
1043,979,Mark Gray,M45-49,158,Open,United Kingdom,59:34,3:14,5:18:35,10:17,4:30:58,11:02:38
1044,1564,Beatrix Cser,F40-44,25,Female,Hungary,1:13:59,4:13,5:34:42,3:50,4:06:07,11:02:51
1045,1099,Stefan Rabausch,M45-49,159,Open,Germany,1:10:49,4:25,5:30:09,4:55,4:12:34,11:02:52
1046,1340,Carl Desruisseaux,M40-44,173,Open,Canada,1:03:30,2:37,5:28:39,3:49,4:24:31,11:03:06
1047,1172,Koen Vanderbeke,M45-49,160,Open,Belgium,1:02:40,3:01,5:30:51,4:38,4:21:59,11:03:09
1048,1007,Christophe Joly,M45-49,161,Open,France,1:05:03,3:00,5:21:42,4:27,4:29:12,11:03:24
1049,1578,Richele Frank,F40-44,26,Female,Canada,1:12:18,3:51,5:29:58,5:59,4:11:18,11:03:24
1050,2142,Carolina Brasil,F30-34,37,Female,Brazil,1:22:47,3:50,5:45:30,3:45,3:47:37,11:03:29
1051,1108,Vaughn Rightley,M45-49,162,Open,United States,1:10:12,5:13,5:43:25,5:40,3:59:26,11:03:56
1052,1509,Magnus Svensson,M40-44,174,Open,Sweden,1:24:34,5:26,5:26:05,7:31,4:00:28,11:04:04
1053,1337,Ringo De Rijck,M40-44,175,Open,Belgium,1:26:38,6:44,5:41:39,5:53,3:43:38,11:04:32
1054,1366,David Gething,M40-44,176,Open,Hong Kong,1:09:34,6:27,5:37:04,7:33,4:03:56,11:04:34
1055,1159,Peter Thaus,M45-49,163,Open,Australia,1:04:15,5:16,5:27:17,6:03,4:21:48,11:04:39
1056,1372,Fabien Grego,M40-44,177,Open,France,1:00:59,4:39,5:26:26,8:20,4:24:17,11:04:41
1057,1718,Mark Hoffman,M35-39,175,Open,United States,1:13:18,9:30,5:32:49,9:06,4:00:02,11:04:45
1058,2067,Gabriele Mansuino,M30-34,142,Open,Italy,1:08:42,5:14,5:44:09,4:41,4:02:19,11:05:05
1059,1017,John Kilburn,M45-49,164,Open,Canada,1:02:57,4:33,5:19:07,4:43,4:33:46,11:05:06
1060,1616,Noga Ruttenberg,F40-44,27,Female,United States,1:04:15,3:56,5:43:11,3:21,4:10:24,11:05:07
1061,2116,Simon Clam,M30-34,143,Open,Belgium,1:04:46,3:00,5:18:59,3:04,4:35:21,11:05:10
1062,420,Tim Cronk,M55-59,24,Open,United States,1:12:57,3:21,5:43:18,3:34,4:02:08,11:05:18
1063,2334,Victoria Gilbert,F25-29,18,Female,Canada,1:07:39,3:12,5:51:23,2:52,4:00:19,11:05:25
1064,1011,Jeppe Juhl,M45-49,165,Open,Denmark,1:16:03,2:53,5:44:06,4:00,3:58:26,11:05:28
1065,1634,Karen Woodward,F40-44,28,Female,United States,1:25:10,6:21,5:43:25,3:17,3:47:26,11:05:39
1066,1439,Luciano Miguel,M40-44,178,Open,Panama,1:03:33,3:23,5:35:21,4:40,4:18:44,11:05:41
1067,1635,Laura Yost,F40-44,29,Female,United States,1:18:55,2:58,5:53:45,3:10,3:46:58,11:05:46
1068,1599,Rachel Matthews,F40-44,30,Female,Australia,1:08:44,4:00,5:50:21,4:24,3:58:28,11:05:57
1069,2264,Scott Koltermann,M25-29,83,Open,Australia,1:02:14,4:34,5:33:01,3:56,4:22:19,11:06:04
1070,1938,Terri Rodzevik,F35-39,27,Female,United States,1:04:20,3:44,5:36:44,5:00,4:16:16,11:06:04
1071,2387,Thomas Gersekowski,M18-24,15,Open,Australia,1:01:02,4:26,5:11:54,4:20,4:44:26,11:06:08
1072,413,Iain Campbell,M55-59,25,Open,United States,1:16:09,5:15,5:44:18,3:52,3:56:36,11:06:10
1073,2259,Julian Fontaine,M25-29,84,Open,France,1:04:53,2:55,5:19:25,3:17,4:35:54,11:06:24
1074,2355,Barbara Perkins,F25-29,19,Female,United States,1:01:21,2:43,5:58:51,2:40,4:00:57,11:06:32
1075,1146,Dominik Spycher,M45-49,166,Open,Switzerland,58:57,5:00,5:28:45,7:57,4:25:53,11:06:32
1076,1902,Cat Heidrich,F35-39,28,Female,United States,1:04:19,3:02,5:52:29,3:39,4:03:05,11:06:34
1077,845,Lisbeth Kenyon,F50-54,2,Female,Norway,1:03:13,3:01,5:33:21,4:44,4:22:17,11:06:36
1078,2148,Amy Chow,F30-34,38,Female,United States,1:08:32,6:11,5:55:59,6:05,3:49:51,11:06:38
1079,1208,Susanne Davis,F45-49,18,Female,United States,1:00:09,3:25,5:59:39,4:11,3:59:16,11:06:40
1080,487,Ken Raupach,M55-59,26,Open,Australia,1:31:26,4:35,5:40:40,6:59,3:43:01,11:06:41
1081,896,Steven Bang,M45-49,167,Open,United States,1:07:21,7:28,5:24:10,8:21,4:19:32,11:06:52
1082,1863,Christian Weyland,M35-39,176,Open,Luxembourg,1:16:12,3:00,4:55:57,3:33,4:48:21,11:07:03
1083,2357,Joannie Sanche,F25-29,20,Female,Canada,1:11:30,3:42,5:52:01,3:44,3:56:08,11:07:05
1084,2419,Taylor Fogg,F18-24,8,Female,United States,1:00:44,4:08,5:56:20,3:51,4:02:09,11:07:12
1085,893,Chris Auth,M45-49,168,Open,United States,1:16:01,5:22,5:33:10,7:34,4:05:07,11:07:14
1086,1669,Matt Craft,M35-39,177,Open,Australia,1:00:13,3:34,5:14:05,5:18,4:44:11,11:07:21
1087,1541,Dalibor Zrnic,M40-44,179,Open,Switzerland,1:02:08,4:17,5:18:41,5:14,4:37:03,11:07:23
1088,1493,Pedro Silva,M40-44,180,Open,Portugal,1:12:37,5:00,5:09:56,4:27,4:35:32,11:07:32
1089,1624,Manuela Suss,F40-44,31,Female,Germany,1:13:48,4:13,5:41:27,4:03,4:04:17,11:07:48
1090,1153,Marc Szlezynger,M45-49,169,Open,Brazil,1:04:58,4:29,5:44:45,8:33,4:05:04,11:07:49
1091,292,Paul Bakerman,M60-64,5,Open,United States,1:03:21,4:04,5:33:30,5:15,4:22:05,11:08:15
1092,2444,Kamilla Vallin,F18-24,9,Female,Denmark,1:24:16,4:49,5:30:32,3:34,4:05:20,11:08:31
1093,696,Ryo Komatsu,M50-54,78,Open,Japan,1:08:32,5:05,5:38:41,5:52,4:10:22,11:08:32
1094,2028,Nathan Groch,M30-34,144,Open,Australia,55:41,3:13,5:02:34,5:26,5:01:54,11:08:48
1095,2497,Raphael Gorge,M45-49,170,Open,France,1:08:53,4:07,5:19:12,3:58,4:32:41,11:08:51
1096,1747,Damien Landon,M35-39,178,Open,France,55:53,2:58,5:28:25,7:04,4:34:33,11:08:53
1097,489,Manfred Reinhart,M55-59,27,Open,South Africa,1:16:34,4:46,5:34:49,3:43,4:09:01,11:08:53
1098,293,Jean-Marc Bertolo,M60-64,6,Open,France,1:12:22,3:32,5:48:59,4:34,3:59:29,11:08:56
1099,2278,Cillian Moffat,M25-29,85,Open,Ireland,1:07:53,3:23,5:28:17,5:26,4:23:58,11:08:57
1100,1621,Karine Spagnoletti,F40-44,32,Female,Canada,1:05:54,4:06,5:50:33,5:25,4:03:04,11:09:02
1101,1220,Katie Greenfield,F45-49,19,Female,Australia,1:06:42,3:58,5:55:10,4:38,3:58:35,11:09:03
1102,414,Dominique Chalencon,M55-59,28,Open,France,1:04:28,3:24,5:20:45,7:50,4:32:51,11:09:18
1103,2171,Ginger Howell,F30-34,39,Female,United States,1:02:48,3:15,5:50:00,4:09,4:09:09,11:09:21
1104,1552,Celia Boothman,F40-44,33,Female,United Kingdom,1:08:36,3:34,6:03:01,5:03,3:49:08,11:09:22
1105,496,Jon Rushton,M55-59,29,Open,United Kingdom,1:25:09,3:36,5:20:53,4:02,4:15:43,11:09:23
1106,1433,Vincent Matton,M40-44,181,Open,France,1:02:07,3:18,5:09:39,4:30,4:50:05,11:09:39
1107,1149,Darrell Stott,M45-49,171,Open,United Kingdom,1:08:24,5:08,5:54:54,5:27,3:55:48,11:09:41
1108,2128,Kaiyuan Wang,M30-34,145,Open,China,1:12:53,6:01,5:42:25,5:08,4:03:18,11:09:45
1109,2057,Masaaki Kurihara,M30-34,146,Open,Japan,1:00:20,4:44,5:41:58,6:34,4:16:18,11:09:54
1110,1577,Aileen Flynn,F40-44,34,Female,Ireland,1:21:52,5:16,5:44:05,5:42,3:53:11,11:10:06
1111,1777,Nathan Miller,M35-39,179,Open,United States,57:39,2:48,4:48:22,2:38,5:18:42,11:10:09
1112,758,Gerald Rohaczek,M50-54,79,Open,Austria,1:23:17,6:12,5:32:32,9:09,3:59:01,11:10:11
1113,2448,Nicole Wood,F18-24,10,Female,Paraguay,1:03:23,3:08,5:47:58,3:02,4:12:42,11:10:13
1114,687,Jean-Marie Deletang,M50-54,80,Open,France,1:12:59,4:50,5:49:39,5:21,3:57:25,11:10:14
1115,1168,John Underwood,M45-49,172,Open,United States,1:04:59,4:49,5:54:37,4:22,4:01:29,11:10:16
1116,963,Georg Frad,M45-49,173,Open,Austria,1:02:51,3:44,5:16:55,4:21,4:42:27,11:10:18
1117,2295,James Shapcott,M25-29,86,Open,New Zealand,1:03:44,3:03,5:11:39,6:16,4:45:36,11:10:18
1118,760,Chris Rulon,M50-54,81,Open,United States,1:09:15,5:42,5:35:40,4:49,4:14:54,11:10:20
1119,627,David Cronwall,M50-54,82,Open,United States,1:16:19,2:51,5:29:21,5:46,4:16:04,11:10:21
1120,2326,Jackie Crosby,F25-29,21,Female,United States,1:00:10,4:27,5:42:28,5:28,4:17:58,11:10:31
1121,1056,Attila Meretei,M45-49,174,Open,United States,1:19:25,7:38,5:38:55,6:39,3:58:01,11:10:38
1122,1794,Stephen Patterson,M35-39,180,Open,United States,1:05:37,3:45,5:11:29,3:56,4:46:02,11:10:49
1123,2185,Alison McInturff,F30-34,40,Female,United States,58:01,5:04,5:55:20,4:30,4:07:55,11:10:50
1124,1885,Jocelyn Bretherick,F35-39,29,Female,South Africa,58:01,4:03,5:55:26,2:47,4:10:35,11:10:52
1125,1920,Livia Mendes,F35-39,30,Female,Brazil,1:15:32,2:20,5:49:56,2:58,4:00:21,11:11:07
1126,2009,Cory Donohue,M30-34,147,Open,United States,1:09:59,5:37,5:04:23,7:35,4:43:36,11:11:10
1127,1996,Robert Craig,M30-34,148,Open,United States,1:02:15,3:53,5:19:35,4:07,4:41:25,11:11:15
1128,1884,Susannah Breen,F35-39,31,Female,United States,1:22:18,5:56,5:42:13,4:48,3:56:01,11:11:16
1129,788,Robert Toth,M50-54,83,Open,United States,1:11:34,6:29,5:35:12,6:34,4:11:32,11:11:21
1130,1987,Ching-Hsiang Chang,M30-34,149,Open,Taiwan,1:16:39,2:46,5:32:52,5:30,4:13:47,11:11:34
1131,2129,Yihui Wang,M30-34,150,Open,China,1:00:51,3:57,5:41:12,4:22,4:21:23,11:11:45
1132,944,Derek Delmonico,M45-49,175,Open,United States,1:14:53,2:37,5:33:51,4:28,4:16:03,11:11:52
1133,1537,Lior Zach-Maor,M40-44,182,Open,Israel,58:05,2:58,5:02:38,5:18,5:02:56,11:11:55
1134,1268,Lucy Walmsley,F45-49,20,Female,United Kingdom,1:13:10,3:32,5:40:09,3:26,4:12:00,11:12:17
1135,437,Shane Flannery,M55-59,30,Open,Australia,1:07:38,9:33,5:39:23,7:39,4:08:10,11:12:23
1136,1393,Travis How,M40-44,183,Open,Australia,1:05:47,4:57,5:17:57,5:04,4:38:40,11:12:25
1137,1909,Venla Koivula-Huttunen,F35-39,32,Female,Finland,1:04:15,3:01,5:44:25,3:05,4:17:47,11:12:33
1138,2177,Sarah Leakey,F30-34,41,Female,United Kingdom,1:07:50,5:30,5:44:06,3:30,4:11:41,11:12:37
1139,1075,Barry Ogden,M45-49,176,Open,United States,1:07:18,4:04,5:11:57,6:39,4:42:43,11:12:41
1140,1286,Travis Atkins,M40-44,184,Open,Australia,1:06:17,10:08,5:57:46,10:05,3:48:35,11:12:51
1141,2400,Corey Nygaard,M18-24,16,Open,United States,1:02:05,3:57,5:26:50,7:16,4:33:02,11:13:10
1142,2288,Douglas Proctor,M25-29,87,Open,Australia,1:06:59,6:19,5:28:19,6:40,4:24:59,11:13:16
1143,1730,Lukas Jutzi,M35-39,181,Open,Switzerland,1:31:12,3:44,5:32:42,5:05,4:00:54,11:13:37
1144,777,Shawn Sullivan,M50-54,84,Open,United States,1:44:59,3:33,5:35:13,3:55,3:45:59,11:13:39
1145,1893,Kerri Dewe,F35-39,33,Female,New Zealand,1:16:28,3:10,5:57:51,4:01,3:52:11,11:13:41
1146,2329,Sabine Dettmar,F25-29,22,Female,Germany,1:02:57,2:52,5:44:27,3:32,4:19:55,11:13:43
1147,1184,Michael Winicker,M45-49,177,Open,Germany,1:09:10,6:22,5:42:05,8:49,4:07:21,11:13:47
1148,2044,Shihchang Huang,M30-34,151,Open,Taiwan,1:16:12,4:08,6:01:42,7:18,3:44:27,11:13:47
1149,603,Fredrik Baving,M50-54,85,Open,Sweden,1:18:00,3:13,5:37:26,5:37,4:09:34,11:13:50
1150,888,Chad Albright,M45-49,178,Open,United States,1:07:52,4:50,5:25:26,6:47,4:29:15,11:14:10
1151,435,Stephen Farrell,M55-59,31,Open,New Zealand,56:56,2:48,5:25:52,3:43,4:44:54,11:14:13
1152,2457,Gunter Dittes,M60-64,7,Open,Germany,1:13:07,3:21,5:48:32,5:06,4:04:19,11:14:25
1153,481,Juergen Penert,M55-59,32,Open,Germany,1:10:10,5:50,5:48:01,8:06,4:02:20,11:14:27
1154,1236,Baroux Lionele,F45-49,21,Female,France,1:11:45,5:06,5:40:13,4:59,4:12:26,11:14:29
1155,633,Keish Doi,M50-54,86,Open,United States,1:14:07,2:47,5:14:28,3:14,4:39:54,11:14:30
1156,1557,Joanna Carritt,F40-44,35,Female,United Kingdom,1:07:24,4:50,5:44:27,5:03,4:12:50,11:14:34
1157,1284,Yannick Antoine,M40-44,185,Open,Belgium,1:06:57,2:45,5:25:09,4:44,4:34:59,11:14:34
1158,1407,Bill Kessler,M40-44,186,Open,United States,1:05:14,5:22,5:28:08,5:50,4:30:19,11:14:53
1159,792,Gonzalo Valenzuela,M50-54,87,Open,Chile,1:10:52,3:08,5:55:19,6:50,3:58:44,11:14:53
1160,1396,Adam Hunt,M40-44,187,Open,Australia,1:08:04,7:36,5:45:51,5:55,4:07:29,11:14:55
1161,1140,Dwayne Smith,M45-49,179,Open,United States,1:12:04,8:31,5:55:22,8:50,3:50:12,11:14:59
1162,742,Steve Plante,M50-54,88,Open,Canada,1:10:01,3:37,5:43:00,4:38,4:14:06,11:15:22
1163,1959,Cassie Whittington,F35-39,34,Female,United States,1:08:06,3:23,5:47:46,3:43,4:12:30,11:15:28
1164,1429,Javier Martinez Gramage,M40-44,188,Open,Spain,58:23,3:36,5:22:25,8:03,4:43:11,11:15:38
1165,1559,Juliana Cerize,F40-44,36,Female,Brazil,1:14:43,4:30,5:49:05,5:20,4:02:03,11:15:41
1166,1562,Jo Coombe,F40-44,37,Female,Australia,1:04:05,4:49,6:13:53,3:54,3:49:06,11:15:47
1167,1147,Stephane St Cyr,M45-49,180,Open,Canada,1:22:08,6:41,5:56:03,6:15,3:44:46,11:15:53
1168,699,Steffen Lask,M50-54,89,Open,Germany,1:03:38,3:24,5:14:44,6:12,4:48:00,11:15:58
1169,1846,Ricardo Urbina,M35-39,182,Open,Venezuela,1:10:13,2:17,5:12:57,4:11,4:46:29,11:16:07
1170,1365,Ross Germani,M40-44,189,Open,United States,57:40,2:31,5:18:11,5:58,4:51:47,11:16:07
1171,708,Markus Lutz,M50-54,90,Open,Germany,1:19:00,4:57,5:20:49,4:34,4:26:48,11:16:08
1172,1549,Kristina Beckendorf,F40-44,38,Female,Denmark,1:21:34,4:04,5:41:44,6:33,4:02:14,11:16:09
1173,2441,Julia Slyer,F18-24,11,Female,United States,1:09:19,3:35,5:39:19,3:37,4:20:21,11:16:11
1174,425,Timothy Degrado,M55-59,33,Open,United States,1:07:34,8:50,6:10:42,6:34,3:42:33,11:16:13
1175,2246,Christian Godtfredsen,M25-29,88,Open,Denmark,57:55,3:05,4:53:11,4:38,5:17:30,11:16:19
1176,2231,Gregers Christensen,M25-29,89,Open,Denmark,1:02:38,4:02,5:20:04,9:23,4:40:12,11:16:19
1177,1227,Betina Schmidt Jensen,F45-49,22,Female,Denmark,1:11:17,3:45,5:43:17,3:33,4:14:33,11:16:25
1178,1260,Sharley Simpson,F45-49,23,Female,United States,1:12:44,5:16,6:04:44,5:30,3:48:12,11:16:26
1179,2213,Tanya Zucco,F30-34,42,Female,United Kingdom,1:17:12,4:40,5:42:45,5:16,4:06:38,11:16:31
1180,1306,Kristian Brinckmann,M40-44,190,Open,Denmark,1:10:03,5:09,5:27:25,5:21,4:28:38,11:16:36
1181,1196,Jordan Blanco,F45-49,24,Female,United Kingdom,1:08:33,5:00,5:30:50,5:11,4:27:09,11:16:43
1182,1622,Bettina Strehl,F40-44,39,Female,Germany,1:09:01,3:17,5:28:07,4:28,4:31:56,11:16:49
1183,2330,Kristen Doster,F25-29,23,Female,United States,1:08:08,5:50,5:58:30,4:12,4:00:18,11:16:58
1184,1189,Chris Zieman,M45-49,181,Open,United States,1:25:11,4:38,4:52:49,3:13,4:51:12,11:17:03
1185,1771,Yuki Matsukura,M35-39,183,Open,Japan,1:10:59,4:05,5:54:46,6:22,4:00:58,11:17:10
1186,2182,Lauren Matricardi,F30-34,43,Female,United States,1:07:55,4:12,5:48:34,3:59,4:12:33,11:17:13
1187,1030,Lionel Le Strat,M45-49,182,Open,France,1:12:01,3:51,5:32:32,5:25,4:23:44,11:17:33
1188,461,Peter Lautenslager,M55-59,34,Open,United States,1:15:55,3:31,5:49:19,4:29,4:04:22,11:17:36
1189,1380,Daniel Hahn,M40-44,191,Open,Australia,1:10:50,4:59,5:48:56,5:34,4:07:23,11:17:42
1190,1615,Kate Rutherford,F40-44,40,Female,Hong Kong,1:00:11,2:49,5:43:13,2:55,4:28:45,11:17:53
1191,2184,Samantha Mazer,F30-34,44,Female,United States,1:01:14,3:50,5:57:16,5:06,4:10:33,11:17:59
1192,673,Franck Herbillon,M50-54,91,Open,France,1:10:38,5:21,5:48:56,5:41,4:07:24,11:18:00
1193,308,Martin Gannon,M60-64,8,Open,United Kingdom,1:15:38,4:01,5:39:53,6:06,4:12:25,11:18:03
1194,2500,Phil Richards,M45-49,183,Open,New Zealand,1:24:08,3:00,5:42:06,3:00,4:05:57,11:18:11
1195,2191,Shannon Proffit,F30-34,45,Female,New Zealand,56:35,3:38,5:34:25,3:42,4:40:03,11:18:23
1196,749,Robertus Rave,M50-54,92,Open,Netherlands,1:10:46,3:57,5:47:02,4:41,4:12:14,11:18:40
1197,1222,Tamara Hardman,F45-49,25,Female,United Kingdom,1:10:13,3:11,5:53:29,5:22,4:06:41,11:18:56
1198,1572,Pamela Espinoza Dans,F40-44,41,Female,Chile,1:07:47,2:55,6:04:07,3:36,4:00:32,11:18:57
1199,684,Keisuke Ishikura,M50-54,93,Open,Japan,1:08:56,3:02,6:16:26,5:00,3:45:35,11:18:59
1200,1901,Luciana Haddad,F35-39,35,Female,Brazil,1:16:27,2:42,6:04:22,2:30,3:53:04,11:19:05
1201,2340,Julia Kruger Romariz,F25-29,24,Female,Brazil,1:07:52,5:15,5:50:41,4:44,4:10:52,11:19:24
1202,324,Christian Meuser,M60-64,9,Open,Belgium,1:32:14,4:50,5:31:24,5:28,4:05:36,11:19:32
1203,1619,Claire Shea-Simonds,F40-44,42,Female,United Kingdom,1:11:44,6:11,6:04:55,6:36,3:50:25,11:19:51
1204,2209,Isabella Windhager,F30-34,46,Female,Austria,1:21:14,4:49,5:43:49,4:54,4:05:06,11:19:52
1205,1211,Friederike Edelmann,F45-49,26,Female,Germany,1:03:51,3:40,6:04:08,3:29,4:04:49,11:19:57
1206,2117,Niklas Sjoblom,M30-34,152,Open,Sweden,1:35:43,4:39,6:01:58,4:54,3:32:48,11:20:02
1207,636,Brian Draganic,M50-54,94,Open,Australia,1:09:52,5:30,5:39:33,5:28,4:19:42,11:20:05
1208,1050,Matthew McCutchen,M45-49,184,Open,United States,58:22,3:40,5:18:22,3:56,4:55:49,11:20:09
1209,530,Bernd-Rudiger Worm,M55-59,35,Open,Germany,1:13:20,6:30,5:50:03,6:04,4:04:16,11:20:13
1210,1951,Laura Strappaveccia,F35-39,36,Female,Italy,1:10:21,5:18,5:59:32,5:11,3:59:51,11:20:13
1211,1483,Vladimir Savic,M40-44,192,Open,Serbia,57:25,3:18,5:10:06,6:19,5:03:16,11:20:24
1212,1251,Carolina Ponce,F45-49,27,Female,Ecuador,1:07:28,4:00,5:36:05,3:22,4:29:31,11:20:26
1213,2436,Helen Richards,F18-24,12,Female,United Kingdom,1:07:15,6:21,6:10:06,6:51,3:49:56,11:20:29
1214,1305,Michael Breyer,M40-44,193,Open,United States,1:19:38,3:20,5:00:22,4:15,4:52:56,11:20:31
1215,981,Jim Greenwood,M45-49,185,Open,Canada,1:16:42,3:47,5:40:12,5:28,4:14:24,11:20:33
1216,1131,Ralf Schon,M45-49,186,Open,Germany,1:01:37,4:36,5:28:05,7:35,4:38:44,11:20:37
1217,2058,Benjamin Lantrebecq,M30-34,153,Open,Belgium,58:43,4:13,5:38:56,5:40,4:33:06,11:20:38
1218,533,Jenny Alcorn,F55-59,2,Female,Australia,1:13:12,3:07,6:01:59,4:26,3:57:54,11:20:38
1219,2348,Jessica Lukasik,F25-29,25,Female,United States,1:07:49,4:17,6:00:16,4:24,4:04:16,11:21:02
1220,872,Ann Smith,F50-54,3,Female,United States,1:11:17,3:19,5:43:00,3:32,4:20:04,11:21:12
1221,1886,Emma Briggs,F35-39,37,Female,United Kingdom,1:08:20,3:53,6:06:27,3:44,3:58:52,11:21:16
1222,1098,Franco Prezzi,M45-49,187,Open,Italy,1:11:42,3:20,4:59:26,5:13,5:01:35,11:21:16
1223,1941,Kirsten Sass,F35-39,38,Female,United States,1:07:43,2:29,5:45:52,3:18,4:21:54,11:21:16
1224,1542,Kathryn Aguilar,F40-44,43,Female,United States,1:08:42,5:10,5:54:11,5:19,4:07:55,11:21:17
1225,1607,Brigitte Paulick,F40-44,44,Female,Germany,1:15:42,3:38,5:51:05,4:10,4:06:48,11:21:23
1226,815,Alison Coote,F50-54,4,Female,Australia,1:11:10,4:58,6:02:08,4:28,3:58:53,11:21:37
1227,848,Minna Lahtinen,F50-54,5,Female,Finland,1:11:27,4:28,5:50:36,7:06,4:08:03,11:21:40
1228,1953,Rachel Teren,F35-39,39,Female,United States,1:11:33,5:04,5:49:54,6:18,4:08:53,11:21:42
1229,2434,Paula Ponte,F18-24,13,Female,Brazil,1:01:33,3:41,6:00:17,3:21,4:12:54,11:21:46
1230,811,Bodil Arlander,F50-54,6,Female,United States,1:13:08,4:27,5:55:41,5:11,4:03:28,11:21:55
1231,310,Luc Grondin,M60-64,10,Open,Canada,1:15:35,5:15,5:29:08,5:47,4:26:11,11:21:56
1232,663,Steinar Gundersen,M50-54,95,Open,Norway,1:21:05,3:33,5:46:13,5:05,4:06:03,11:21:59
1233,405,Axel Bitzer,M55-59,36,Open,Germany,1:16:00,2:07,5:55:08,5:36,4:03:19,11:22:10
1234,1298,Mathieu Bigand,M40-44,194,Open,France,1:05:51,4:19,5:47:41,4:43,4:19:45,11:22:19
1235,1961,Kristen Yax,F35-39,40,Female,United States,1:35:43,4:31,5:32:17,3:47,4:06:04,11:22:22
1236,722,Neil McLoughlin,M50-54,96,Open,United Kingdom,1:26:17,4:14,5:31:16,4:10,4:16:26,11:22:23
1237,1982,Mikel Calahorra,M30-34,154,Open,Bahrain,58:01,2:54,5:40:44,6:24,4:34:27,11:22:30
1238,826,Janeen Finke,F50-54,7,Female,United States,59:19,4:13,5:49:53,4:59,4:24:10,11:22:34
1239,734,Antony Ohagan,M50-54,97,Open,New Zealand,56:20,3:21,5:04:38,8:07,5:10:17,11:22:43
1240,2367,Lore Vanclooster,F25-29,26,Female,Belgium,1:09:02,2:48,5:56:27,4:17,4:10:20,11:22:54
1241,578,Sue Pope,F55-59,3,Female,United States,1:12:19,6:07,5:55:24,6:03,4:03:12,11:23:05
1242,839,Marion Hermitage,F50-54,8,Female,Australia,1:08:14,8:10,6:17:43,4:19,3:45:06,11:23:32
1243,1122,Paul Rutherford,M45-49,188,Open,Ireland,1:16:57,6:49,5:42:46,7:12,4:09:57,11:23:41
1244,1810,Jess Ripper,M35-39,184,Open,Japan,1:05:15,3:57,5:17:15,5:52,4:51:28,11:23:47
1245,1014,Warren Keenan,M45-49,189,Open,New Zealand,1:15:47,3:52,5:37:09,5:49,4:21:14,11:23:51
1246,1120,Michael Ross,M45-49,190,Open,United States,1:05:36,4:13,5:21:45,6:53,4:45:28,11:23:55
1247,1358,Pablo Fuente Aguirre,M40-44,195,Open,Spain,1:11:01,7:45,5:55:32,9:04,4:00:50,11:24:12
1248,928,C. Scott Chaney,M45-49,191,Open,United States,57:30,2:40,5:40:54,2:28,4:40:51,11:24:23
1249,1955,Emanuela Venturelli,F35-39,41,Female,Italy,1:11:30,5:00,6:10:12,5:02,3:52:40,11:24:24
1250,1836,Martin Stam,M35-39,185,Open,United States,1:00:17,3:36,5:38:08,6:14,4:36:16,11:24:31
1251,630,Bruno De Decker,M50-54,98,Open,Belgium,1:09:30,3:57,5:21:43,4:30,4:45:11,11:24:51
1252,806,Vincenzo Zofrea,M50-54,99,Open,Australia,1:09:46,3:45,5:32:07,4:28,4:34:53,11:24:59
1253,573,Mary Mitchell,F55-59,4,Female,Australia,1:19:01,3:27,5:54:00,3:25,4:05:32,11:25:25
1254,1765,Tom Lutz,M35-39,186,Open,United States,1:08:44,4:40,5:42:56,7:35,4:21:32,11:25:27
1255,1596,Uta Knape,F40-44,45,Female,Germany,1:18:40,3:34,5:38:20,5:49,4:19:15,11:25:38
1256,2031,Ben Hammer,M30-34,155,Open,United States,1:02:32,2:36,5:00:05,24:54,4:55:37,11:25:44
1257,2282,Brian Oneil,M25-29,90,Open,United States,51:47,2:17,5:20:47,5:31,5:05:22,11:25:44
1258,2208,Ellen Wexler,F30-34,47,Female,United States,1:18:46,3:59,5:41:43,3:39,4:17:48,11:25:55
1259,907,Markus Berger,M45-49,192,Open,Germany,1:10:56,4:24,5:38:31,6:02,4:26:07,11:26:00
1260,1623,Sharon Styles,F40-44,46,Female,Canada,1:01:36,3:31,5:58:00,5:41,4:17:30,11:26:18
1261,2163,Tamara Green,F30-34,48,Female,Australia,1:11:20,3:12,6:14:07,3:37,3:54:05,11:26:21
1262,1699,Antonio Ferreira Da Silva Neto,M35-39,187,Open,Brazil,57:49,2:39,5:04:05,29:32,4:52:29,11:26:34
1263,397,Rodney Adkison,M55-59,37,Open,United States,1:21:42,3:18,5:31:51,4:38,4:25:15,11:26:44
1264,2489,Mike Blackburn,M50-54,100,Open,United States,1:22:52,5:08,5:42:04,3:02,4:13:47,11:26:53
1265,1960,Ines Adriana Wong Diaz,F35-39,42,Female,Mexico,1:14:47,4:48,5:53:48,6:44,4:06:53,11:27:00
1266,1579,Camilla Franks,F40-44,47,Female,Sweden,1:22:23,3:05,5:48:57,3:31,4:09:06,11:27:02
1267,423,Enrique De Alba,M55-59,38,Open,Mexico,1:04:16,4:56,5:39:17,5:07,4:33:26,11:27:02
1268,2194,Mary Robbins,F30-34,49,Female,United States,59:53,8:35,5:27:19,8:43,4:42:43,11:27:13
1269,1061,Toby Miller,M45-49,193,Open,United States,1:14:45,3:46,5:30:41,6:25,4:31:38,11:27:15
1270,1546,Sonja Barth,F40-44,48,Female,Germany,1:17:29,3:07,5:45:55,3:31,4:17:21,11:27:23
1271,1565,Alison Davies,F40-44,49,Female,Canada,1:16:10,4:18,6:10:09,3:32,3:53:32,11:27:41
1272,321,Kurt Madden,M60-64,11,Open,United States,1:00:51,3:37,5:51:04,4:23,4:27:48,11:27:43
1273,985,Kevin Hause,M45-49,194,Open,United States,1:06:31,5:37,5:38:22,5:52,4:31:39,11:28:01
1274,623,John Clubb,M50-54,101,Open,Canada,1:22:24,3:24,6:06:21,3:14,3:52:53,11:28:16
1275,1878,Fogarolli Angela,F35-39,43,Female,Italy,1:18:37,3:38,5:49:44,4:45,4:11:49,11:28:33
1276,656,Ken Glah,M50-54,102,Open,United States,57:48,3:28,5:28:06,4:26,4:54:48,11:28:36
1277,2506,Ashley Stuart,M35-39,188,Open,United Kingdom,1:08:40,6:35,5:31:42,6:37,4:35:08,11:28:42
1278,1106,Stephane Reyes,M45-49,195,Open,France,1:11:32,3:31,5:39:05,7:30,4:27:08,11:28:46
1279,2173,Hanna Johansson,F30-34,50,Female,Sweden,1:13:18,4:35,5:35:46,7:37,4:27:32,11:28:48
1280,1879,Maija Antila,F35-39,44,Female,Finland,1:19:06,5:04,5:50:59,6:19,4:07:35,11:29:03
1281,1628,Alison Wenster,F40-44,50,Female,United States,1:07:20,4:15,5:45:04,4:50,4:27:47,11:29:16
1282,1908,Sarah Kelly,F35-39,45,Female,United States,1:09:59,4:01,5:41:22,4:27,4:29:28,11:29:17
1283,1091,Thierry Piccoli,M45-49,196,Open,France,1:15:33,3:29,5:29:04,3:42,4:37:33,11:29:21
1284,875,Kate Stebbings,F50-54,9,Female,Canada,1:21:56,3:46,6:02:06,3:38,3:58:00,11:29:26
1285,1192,Rochelle Arko,F45-49,28,Female,United States,1:17:20,4:13,6:06:37,3:35,3:57:56,11:29:41
1286,1903,Johanna Hudson,F35-39,46,Female,Canada,1:21:29,4:07,5:52:27,3:55,4:07:50,11:29:48
1287,618,Jeff Carson,M50-54,103,Open,United States,1:29:15,7:05,5:53:37,4:53,3:55:00,11:29:50
1288,860,Susan Pierson,F50-54,10,Female,United States,1:17:25,4:31,6:06:52,4:58,3:56:06,11:29:52
1289,1442,Brett Moore,M40-44,196,Open,Australia,1:07:28,6:56,5:42:21,7:24,4:25:49,11:29:58
1290,821,Julie Dunkle,F50-54,11,Female,United States,58:05,3:32,5:49:39,4:06,4:34:36,11:29:58
1291,166,Yannick Bourseaux,PC,,,France,1:11:41,1:47,5:33:56,4:32,4:38:08,11:30:04
1292,2322,Kayla Bowker,F25-29,27,Female,United States,1:15:34,4:24,6:04:08,4:29,4:01:34,11:30:09
1293,686,Ripoll Jean Blaise,M50-54,104,Open,France,1:11:57,5:59,5:48:23,5:20,4:18:38,11:30:17
1294,1343,Jens Doring,M40-44,197,Open,Germany,1:13:55,6:52,6:03:52,5:02,4:00:50,11:30:31
1295,527,Patrick Wallace,M55-59,39,Open,United States,1:08:56,4:52,5:51:31,5:39,4:19:47,11:30:45
1296,430,Robin Doyle,M55-59,40,Open,United States,57:47,4:06,5:52:18,5:23,4:31:17,11:30:51
1297,2327,Jasmine Davie,F25-29,28,Female,Australia,1:05:43,4:04,6:09:01,4:53,4:07:13,11:30:54
1298,1077,Takuma Okada,M45-49,197,Open,Japan,1:13:10,5:40,5:52:13,9:18,4:10:47,11:31:08
1299,2413,Eguchi Taisei,M18-24,17,Open,Japan,1:13:55,5:34,5:29:35,6:08,4:36:02,11:31:14
1300,1518,Peter Viscardo,M40-44,198,Open,United States,1:15:56,4:34,5:37:40,4:33,4:28:33,11:31:16
1301,1423,Dimas Marchi,M40-44,199,Open,Brazil,1:08:28,5:12,5:40:47,6:12,4:30:51,11:31:30
1302,398,James Allen,M55-59,41,Open,United States,57:50,5:05,5:15:35,5:42,5:07:20,11:31:32
1303,1661,Luke Cameron,M35-39,189,Open,Australia,1:02:00,4:12,5:28:12,6:53,4:50:22,11:31:39
1304,923,Nilton Jorge Cabral,M45-49,198,Open,Portugal,1:12:44,5:46,5:26:14,5:44,4:41:22,11:31:50
1305,608,Carsten Holst Blunck,M50-54,105,Open,Denmark,1:07:21,4:27,5:47:20,9:22,4:23:37,11:32:07
1306,668,Lars Halkier,M50-54,106,Open,Denmark,1:23:14,4:56,5:35:08,4:47,4:24:02,11:32:07
1307,977,Satoru Goto,M45-49,199,Open,Japan,1:20:43,6:46,5:40:30,6:59,4:17:09,11:32:07
1308,681,Stefan Hutter,M50-54,107,Open,Germany,1:15:45,5:46,5:35:53,6:50,4:27:57,11:32:11
1309,1935,Cristina Ramirez,F35-39,47,Female,Spain,1:09:47,3:56,6:11:33,5:37,4:01:46,11:32:39
1310,289,Dees Alfons,M60-64,12,Open,Germany,1:36:37,6:38,5:38:55,5:51,4:04:48,11:32:49
1311,1717,Todd Hesel,M35-39,190,Open,United States,1:13:05,4:02,5:14:50,4:39,4:56:42,11:33:18
1312,1225,Julie Howle,F45-49,29,Female,Australia,1:03:30,3:57,6:13:49,3:52,4:08:15,11:33:23
1313,1265,Kaori Tokai,F45-49,30,Female,Japan,1:07:53,3:41,5:56:49,3:52,4:21:11,11:33:26
1314,2345,Michelle Leason,F25-29,29,Female,United States,1:00:02,4:52,5:37:42,4:37,4:46:19,11:33:32
1315,1981,Richard Busath,M30-34,156,Open,United States,1:09:36,8:12,6:16:03,6:45,3:53:01,11:33:37
1316,939,Julien Daviller,M45-49,200,Open,France,1:13:25,7:24,5:30:40,4:47,4:37:31,11:33:47
1317,736,Rafael Pacheco,M50-54,108,Open,Puerto Rico,1:12:20,6:39,6:04:17,7:16,4:03:26,11:33:58
1318,1939,Helene Rossiter,F35-39,48,Female,United Kingdom,1:12:20,3:51,5:55:35,5:21,4:17:09,11:34:16
1319,2243,Georg Gottfried Horner,M25-29,91,Open,Austria,1:02:16,2:58,5:25:29,8:11,4:55:23,11:34:17
1320,1674,Qi Dang,M35-39,191,Open,China,53:49,2:40,5:34:25,6:15,4:57:21,11:34:30
1321,1583,Stacy Groppler,F40-44,51,Female,Canada,1:17:27,6:14,6:11:20,5:58,3:53:34,11:34:33
1322,1290,Ryan Baker,M40-44,200,Open,United Kingdom,59:06,3:52,5:17:06,9:48,5:04:47,11:34:39
1323,1931,Claire Pople,F35-39,49,Female,South Africa,1:08:11,3:21,5:56:35,2:57,4:23:39,11:34:43
1324,856,Melinda Nagle,F50-54,12,Female,United States,1:11:23,5:26,5:53:41,5:45,4:18:34,11:34:49
1325,661,Frederick Guesneau,M50-54,109,Open,Canada,1:18:25,4:56,5:58:06,6:01,4:07:27,11:34:55
1326,1216,Katrin Friedrich,F45-49,31,Female,Germany,1:12:49,4:41,5:35:04,3:24,4:39:00,11:34:58
1327,800,Oliver Weber,M50-54,110,Open,United States,1:05:49,4:16,5:41:01,7:07,4:36:48,11:35:01
1328,2040,Gareth Hodgson,M30-34,157,Open,United Kingdom,1:03:49,3:54,5:35:45,6:41,4:45:08,11:35:17
1329,1548,Holly Beavers,F40-44,52,Female,United States,1:09:46,5:34,6:01:55,6:23,4:11:45,11:35:23
1330,2350,Morgane Armiroli,F25-29,30,Female,France,1:14:23,4:00,5:44:09,3:51,4:29:10,11:35:33
1331,2490,Thomas Fox,M50-54,111,Open,Germany,1:22:01,5:54,5:35:35,6:41,4:25:28,11:35:39
1332,1006,Qinghai Jiang,M45-49,201,Open,China,1:12:13,4:38,5:42:47,8:20,4:27:42,11:35:40
1333,1425,Rusty Marks,M40-44,201,Open,United States,1:07:29,5:42,5:37:11,7:00,4:38:43,11:36:05
1334,2281,Jacob Olsen,M25-29,92,Open,United States,1:05:45,3:49,5:33:24,4:53,4:48:20,11:36:11
1335,1859,Bentley Walker,M35-39,192,Open,United States,54:49,3:22,5:24:30,6:22,5:07:16,11:36:19
1336,1269,Katrina Whaanga,F45-49,32,Female,New Zealand,1:09:36,5:30,5:52:38,6:11,4:22:27,11:36:22
1337,1738,Ben Kleeman,M35-39,193,Open,United States,1:08:52,5:41,5:38:30,4:30,4:38:51,11:36:24
1338,642,Alexander-Maximilian Ernst,M50-54,112,Open,Germany,1:01:58,5:24,5:27:57,6:25,4:54:51,11:36:35
1339,1551,Linda Blakely,F40-44,53,Female,United Kingdom,1:11:47,3:17,6:07:41,3:33,4:10:22,11:36:40
1340,456,Kersten Koschoreck,M55-59,42,Open,Germany,1:07:09,3:52,5:47:21,5:43,4:32:46,11:36:51
1341,1164,Scott Tompkins,M45-49,202,Open,United States,1:11:38,5:43,5:43:19,6:11,4:30:01,11:36:52
1342,1138,Axel Siebenborn,M45-49,203,Open,Germany,1:09:23,3:50,5:49:21,5:02,4:29:17,11:36:53
1343,672,Martin Hebert,M50-54,113,Open,Canada,1:21:51,6:57,6:19:05,11:21,3:37:44,11:36:58
1344,455,Mark Knaeps,M55-59,43,Open,United States,1:13:48,6:39,5:58:42,9:10,4:09:13,11:37:32
1345,1426,Barner-Olsen Martin,M40-44,202,Open,Denmark,1:10:41,4:38,5:29:48,3:26,4:49:09,11:37:42
1346,604,Rene Beau,M50-54,114,Open,Germany,1:10:42,3:35,5:38:36,5:14,4:40:03,11:38:10
1347,2447,Aubrey Wall,F18-24,14,Female,United States,1:01:16,3:22,5:52:41,4:37,4:36:16,11:38:12
1348,1032,Chin Tasi Lin,M45-49,204,Open,Taiwan,1:11:07,4:22,5:48:50,4:31,4:29:22,11:38:12
1349,1709,Mikhail Nikolayevich Gromov,M35-39,194,Open,Russia,1:00:07,3:04,5:09:05,4:00,5:21:59,11:38:15
1350,740,Jochen Philipp,M50-54,115,Open,Germany,1:12:24,6:14,5:59:33,8:54,4:11:13,11:38:18
1351,685,Mark Jankovskis,M50-54,116,Open,Australia,1:09:35,5:28,5:54:31,3:34,4:25:28,11:38:36
1352,1413,Stephane Lebon,M40-44,203,Open,France,59:59,3:45,5:05:52,6:59,5:22:13,11:38:48
1353,1980,Brian Brunner,M30-34,158,Open,United States,1:04:57,7:13,5:41:28,6:06,4:39:07,11:38:51
1354,1280,Marla Zucht,F45-49,33,Female,Canada,1:19:39,5:30,6:02:58,4:51,4:06:04,11:39:02
1355,2440,Ippommatsu Shizuka,F18-24,15,Female,Japan,1:01:09,3:30,6:07:29,5:53,4:21:08,11:39:09
1356,448,Kunihiro Imai,M55-59,44,Open,Japan,1:31:14,8:51,5:45:06,6:46,4:07:15,11:39:12
1357,2140,Kristine Arnborg,F30-34,51,Female,Denmark,1:22:28,4:43,5:28:20,5:13,4:39:05,11:39:49
1358,1182,Brandon Whitby,M45-49,205,Open,Canada,58:38,3:11,5:39:27,4:34,4:54:03,11:39:53
1359,655,John Giguere,M50-54,117,Open,Canada,1:29:12,4:51,5:42:36,7:14,4:16:12,11:40:05
1360,1402,Bradley Jones,M40-44,204,Open,Australia,57:04,4:02,6:09:35,6:48,4:22:42,11:40:11
1361,2033,Alexander Hass,M30-34,159,Open,Germany,57:58,3:16,5:26:49,5:24,5:06:48,11:40:15
1362,2205,Claire Walton,F30-34,52,Female,United Kingdom,1:12:15,3:58,6:08:56,4:53,4:10:33,11:40:35
1363,1508,Marcel Suurmond,M40-44,205,Open,Netherlands,1:06:15,4:21,5:04:50,6:35,5:19:00,11:41:01
1364,1367,Bruce Gie,M40-44,206,Open,South Africa,1:12:49,13:06,5:48:57,10:36,4:15:36,11:41:04
1365,650,Patrick Ganley,M50-54,118,Open,United States,1:14:58,3:20,6:12:24,8:51,4:01:34,11:41:07
1366,494,Rusty Robertson,M55-59,45,Open,United States,1:09:12,5:16,6:16:33,6:29,4:03:41,11:41:11
1367,795,Bryan Vanmeveren,M50-54,119,Open,United States,1:13:14,6:33,5:50:22,6:38,4:24:34,11:41:21
1368,874,Autilia Stapper,F50-54,13,Female,Netherlands,1:19:48,4:06,5:54:36,4:36,4:18:20,11:41:26
1369,306,Mark Egan,M60-64,13,Open,Australia,1:02:30,3:40,6:05:39,6:07,4:23:40,11:41:36
1370,1071,Noriyuki Akiba,M45-49,206,Open,Japan,1:02:30,6:49,5:40:45,4:45,4:46:52,11:41:41
1371,1195,Cathleen Bethea,F45-49,34,Female,United States,1:05:55,4:34,6:05:50,4:34,4:20:52,11:41:45
1372,1427,Martin Lieberz,M40-44,207,Open,Hong Kong,1:00:13,3:04,5:37:29,14:20,4:46:42,11:41:48
1373,895,Olivier Baillet,M45-49,207,Open,France,55:59,4:11,5:23:33,11:44,5:06:21,11:41:48
1374,1022,Robert Kniss,M45-49,208,Open,United States,1:12:17,5:56,5:55:22,7:30,4:20:45,11:41:50
1375,2344,Sarah Latonas,F25-29,31,Female,Canada,1:11:31,7:42,5:58:09,7:47,4:16:54,11:42:03
1376,637,James Dugan,M50-54,120,Open,United States,1:11:08,5:00,5:39:40,6:28,4:40:28,11:42:44
1377,440,Steven Galat,M55-59,46,Open,United States,1:08:38,5:05,5:39:08,7:04,4:42:54,11:42:49
1378,1152,Wojtek Szeliga,M45-49,209,Open,Poland,1:10:39,5:15,6:15:14,7:21,4:04:35,11:43:04
1379,1887,Sara Brunati,F35-39,50,Female,Switzerland,1:01:32,3:53,5:58:40,4:14,4:34:47,11:43:06
1380,157,Susanne Vanzijl,F45-49,35,Female,United States,1:09:17,6:43,6:13:17,6:32,4:07:22,11:43:11
1381,1930,Alexandra Petersen,F35-39,51,Female,United States,1:22:12,8:38,5:58:10,6:36,4:07:41,11:43:17
1382,314,Alan Hartley,M60-64,14,Open,Australia,1:10:48,4:47,5:42:52,4:06,4:40:51,11:43:24
1383,531,Akio Yamauchi,M55-59,47,Open,Japan,1:37:35,11:13,5:41:39,8:04,4:04:58,11:43:29
1384,2242,Guilherme Garcia Cunha,M25-29,93,Open,Brazil,1:06:40,3:13,5:34:39,5:14,4:53:44,11:43:30
1385,1550,Luciana Bermudez Martins,F40-44,54,Female,Spain,1:04:10,2:54,6:12:40,6:00,4:18:01,11:43:45
1386,2094,Vander Praxedes,M30-34,160,Open,Brazil,1:04:22,2:55,5:09:22,8:31,5:18:45,11:43:55
1387,1258,Petra Schmiedel,F45-49,36,Female,Germany,1:22:38,3:45,5:51:09,4:53,4:21:49,11:44:14
1388,311,Antoni Grzanka,M60-64,15,Open,Poland,1:35:45,3:09,5:50:34,4:39,4:10:16,11:44:23
1389,2464,Erin Hyndman-Farrens,F35-39,52,Female,United States,1:12:54,3:25,5:55:14,4:13,4:28:58,11:44:44
1390,2317,Jianping Zhang,M25-29,94,Open,China,1:40:16,5:30,5:37:23,5:59,4:16:20,11:45:28
1391,2098,Josh Ramirez,M30-34,161,Open,United States,1:08:49,5:28,5:26:16,7:13,4:57:49,11:45:35
1392,801,Uwe Willersinn,M50-54,121,Open,Germany,1:18:42,4:10,5:31:38,5:50,4:45:19,11:45:39
1393,900,Fauck Bastien,M45-49,210,Open,France,1:19:28,4:33,5:37:51,3:48,4:40:01,11:45:41
1394,615,Jonathan Cahill,M50-54,122,Open,Australia,59:53,4:16,5:32:46,4:19,5:04:29,11:45:43
1395,704,Joachim Lomb,M50-54,123,Open,Germany,1:19:05,6:47,6:07:08,6:23,4:06:38,11:46:01
1396,428,Gokhan Dogruol,M55-59,48,Open,Turkey,1:07:53,3:31,5:55:33,3:44,4:35:29,11:46:10
1397,1223,Susanne Harz,F45-49,37,Female,Germany,1:22:04,5:16,6:11:29,6:18,4:01:10,11:46:17
1398,1029,Craig Lanza,M45-49,211,Open,United States,55:04,4:38,5:41:18,5:33,4:59:50,11:46:23
1399,698,Hannu Korkko,M50-54,124,Open,Sweden,1:07:50,5:31,5:35:41,7:25,4:50:12,11:46:39
1400,2306,Alec Tripp,M25-29,95,Open,United States,1:02:17,4:05,5:22:57,6:16,5:11:10,11:46:45
1401,2398,Joshua Mehlhaff,M18-24,18,Open,United States,1:06:21,7:28,5:43:35,4:27,4:45:03,11:46:54
1402,514,Robert Taylor,M55-59,49,Open,United States,1:19:36,4:14,5:54:33,7:43,4:20:55,11:47:01
1403,1588,Tania Hoffmann,F40-44,55,Female,Luxembourg,1:17:19,4:51,6:13:32,7:02,4:04:24,11:47:08
1404,697,Hans Korbijn,M50-54,125,Open,Netherlands,1:12:40,4:38,5:49:52,6:00,4:34:15,11:47:25
1405,803,Hai Xu,M50-54,126,Open,China,1:23:13,4:19,5:56:03,5:32,4:18:28,11:47:35
1406,755,Kenneth Riess,M50-54,127,Open,Canada,1:04:50,3:43,5:25:39,5:31,5:08:01,11:47:44
1407,1921,Anna Mersmann,F35-39,53,Female,Germany,1:17:23,7:02,6:01:28,7:00,4:14:56,11:47:49
1408,2198,Christina Teague,F30-34,53,Female,United Kingdom,1:16:03,4:51,5:46:02,6:35,4:34:24,11:47:55
1409,463,Stephen Marshall,M55-59,50,Open,Canada,55:46,4:21,5:44:20,4:05,4:59:42,11:48:14
1410,1246,Jo McLaughlin,F45-49,38,Female,Australia,1:22:41,5:04,5:46:29,5:50,4:28:13,11:48:17
1411,805,Jamey Yon,M50-54,128,Open,United States,1:01:11,4:53,6:36:39,7:11,3:58:25,11:48:19
1412,925,Adrian Campbell,M45-49,212,Open,Australia,1:09:28,7:50,5:40:37,6:29,4:43:59,11:48:23
1413,355,Bradley Woodiel,M60-64,16,Open,United States,1:03:14,5:39,5:48:37,5:32,4:45:21,11:48:23
1414,1603,Maryanne Octave,F40-44,56,Female,Belgium,1:16:29,4:40,5:50:40,4:02,4:32:40,11:48:31
1415,450,Brian Keast,M55-59,51,Open,Canada,1:08:51,7:45,5:36:53,7:59,4:47:08,11:48:36
1416,1895,Liz Fernandez,F35-39,54,Female,United States,1:11:52,5:32,6:37:37,6:56,3:47:09,11:49:06
1417,707,Dave Lundberg,M50-54,129,Open,United States,1:08:47,4:48,5:30:37,3:23,5:01:38,11:49:13
1418,883,Sian Welch,F50-54,14,Female,United States,1:01:30,2:59,5:33:27,3:43,5:07:52,11:49:31
1419,471,Adrian Morris,M55-59,52,Open,South Africa,1:49:55,4:34,6:00:35,6:53,3:47:51,11:49:48
1420,2507,Rodrigo Gabriel,M30-34,162,Open,Guatemala,1:07:29,5:04,5:40:41,5:35,4:51:03,11:49:52
1421,2176,Colleen Lafrance,F30-34,54,Female,United States,1:12:21,4:20,5:55:05,4:55,4:33:16,11:49:57
1422,329,Josetxo Mujika,M60-64,17,Open,Spain,1:15:48,5:07,6:09:05,3:23,4:16:37,11:50:00
1423,1388,Thomas Hock,M40-44,208,Open,Germany,1:24:48,4:47,6:03:05,3:25,4:14:05,11:50:10
1424,1900,Allison Gomez,F35-39,55,Female,United States,1:11:06,5:23,5:54:07,8:22,4:31:20,11:50:18
1425,2174,Jen Keith,F30-34,55,Female,United States,1:01:38,3:45,6:04:26,4:41,4:36:28,11:50:58
1426,582,Dietlinde Schosnig,F55-59,5,Female,Germany,1:37:05,6:14,6:13:45,5:09,3:48:55,11:51:08
1427,1362,Pierre Gaspariau,M40-44,209,Open,France,56:15,2:57,5:11:19,6:25,5:34:15,11:51:11
1428,1233,Helena Kvapil,F45-49,39,Female,Sweden,1:25:23,4:19,6:15:54,5:20,4:00:26,11:51:22
1429,2161,Fernanda Garcia,F30-34,56,Female,Brazil,58:01,3:40,6:22:59,4:30,4:22:18,11:51:28
1430,492,Thomas Stefan Ritzka,M55-59,53,Open,Germany,1:29:08,4:41,5:50:00,6:15,4:21:37,11:51:41
1431,1391,Yoshiaki Hoshino,M40-44,210,Open,Japan,1:18:57,6:36,6:14:41,7:27,4:04:16,11:51:57
1432,1244,Kirsten McCay,F45-49,40,Female,United States,1:03:21,4:53,6:21:57,3:07,4:18:54,11:52:12
1433,421,Gilles Cuenat,M55-59,54,Open,Switzerland,1:14:38,7:12,6:11:31,7:27,4:11:25,11:52:13
1434,1905,Alejandra Ibarra Guerrero,F35-39,56,Female,Mexico,1:12:28,3:36,6:15:40,6:33,4:13:59,11:52:16
1435,782,Pablo Testa,M50-54,130,Open,Panama,1:00:22,3:47,6:00:46,5:42,4:42:09,11:52:46
1436,2244,Joseph Giannetto,M25-29,96,Open,United States,1:13:19,7:37,5:41:04,6:33,4:44:28,11:53:01
1437,1463,Owen Perrott,M40-44,211,Open,Australia,1:20:23,7:07,5:49:50,4:58,4:30:49,11:53:07
1438,2196,Jessie Stevens,F30-34,57,Female,United States,1:15:59,3:25,6:10:44,7:15,4:16:21,11:53:44
1439,323,Tomoji Maru,M60-64,18,Open,Japan,1:10:55,5:33,6:21:22,7:13,4:08:41,11:53:44
1440,810,Brigitte Andreas,F50-54,15,Female,Austria,1:17:34,2:58,5:51:13,5:23,4:36:42,11:53:50
1441,714,Myron Martens,M50-54,131,Open,Canada,1:21:00,6:02,5:49:02,6:37,4:31:17,11:53:58
1442,1595,Nicole Klein,F40-44,57,Female,Germany,1:00:13,4:07,6:02:51,7:01,4:39:46,11:53:58
1443,257,Rick Simpson,M65-69,1,Open,United States,1:05:06,2:36,5:45:24,3:06,4:57:58,11:54:10
1444,572,Sue McMaster,F55-59,6,Female,New Zealand,1:05:52,4:24,5:59:04,5:25,4:39:28,11:54:13
1445,973,Todd Gilmore,M45-49,213,Open,Canada,1:07:35,2:43,6:33:46,2:57,4:07:26,11:54:27
1446,1278,Tracey Zammit,F45-49,41,Female,Australia,1:01:19,3:37,5:56:58,4:40,4:48:09,11:54:43
1447,301,Larry Costantino,M60-64,19,Open,United States,1:10:36,5:27,6:22:00,4:52,4:11:51,11:54:46
1448,464,Glenn Matthews,M55-59,55,Open,Australia,1:17:00,6:59,6:04:48,10:33,4:15:46,11:55:06
1449,410,Garrett Brown,M55-59,56,Open,United States,1:24:06,6:45,5:35:38,8:56,4:40:01,11:55:26
1450,822,Jody Dushay,F50-54,16,Female,United States,1:24:51,5:51,6:22:30,5:53,3:56:28,11:55:33
1451,2271,Dennis Wei Min Lim,M25-29,97,Open,Singapore,1:05:21,6:09,6:14:17,5:13,4:24:37,11:55:37
1452,915,Kerri Brass,M45-49,214,Open,Canada,1:07:22,6:02,5:47:16,10:57,4:44:02,11:55:39
1453,1547,Charlotte Batsberg,F40-44,58,Female,Denmark,1:32:47,4:37,6:12:33,4:05,4:01:49,11:55:51
1454,678,Manfred Hueckel,M50-54,132,Open,Austria,1:22:39,5:45,5:45:15,6:29,4:35:59,11:56:07
1455,364,Nancy Cullen,F60-64,1,Female,Australia,1:12:24,4:47,6:18:34,6:38,4:13:49,11:56:12
1456,1612,Stine Reedtz-Runge,F40-44,59,Female,Denmark,1:29:53,5:08,6:18:05,7:53,3:55:23,11:56:22
1457,1610,Leyla Porteous,F40-44,60,Female,Australia,1:07:12,3:26,6:11:28,6:09,4:28:07,11:56:22
1458,718,Gerard McDermott,M50-54,133,Open,Australia,1:08:11,5:00,6:04:13,7:01,4:32:00,11:56:25
1459,1947,Christine Sonnemann,F35-39,57,Female,United States,1:09:11,4:46,6:00:25,10:36,4:31:36,11:56:34
1460,986,Shigenobu Hayashi,M45-49,215,Open,Japan,1:06:01,5:14,5:56:43,4:41,4:44:00,11:56:39
1461,1883,Michelle Bond,F35-39,58,Female,Australia,1:24:27,4:31,6:16:50,4:59,4:06:09,11:56:56
1462,2343,Ida Larsson,F25-29,32,Female,Sweden,1:24:25,5:01,6:09:55,11:39,4:06:07,11:57:07
1463,1294,George Beecher,M40-44,212,Open,South Africa,53:26,2:53,5:26:52,8:49,5:25:12,11:57:12
1464,853,Tracy Moore,F50-54,17,Female,Canada,1:21:45,4:47,6:08:36,7:24,4:14:40,11:57:12
1465,647,Collin Franklin,M50-54,134,Open,United Kingdom,1:21:00,4:21,6:22:05,7:11,4:02:50,11:57:27
1466,1480,Andrew Rose,M40-44,213,Open,United States,1:16:04,8:06,6:06:23,7:59,4:19:10,11:57:42
1467,881,Petra Voegeli-Weibel,F50-54,18,Female,Switzerland,1:13:58,5:51,6:18:08,5:57,4:13:52,11:57:46
1468,1866,Rob Wilhite,M35-39,195,Open,United States,1:20:14,5:35,5:59:58,5:52,4:26:22,11:58:01
1469,1113,Philippe Yves Robert,M45-49,216,Open,France,1:35:01,6:20,5:36:30,8:48,4:31:23,11:58:02
1470,499,Blake Sajonia,M55-59,57,Open,United States,1:24:15,4:54,6:08:23,4:28,4:16:13,11:58:13
1471,834,Angelika Halberstadt,F50-54,19,Female,Germany,1:14:02,4:31,6:10:02,4:02,4:25:46,11:58:23
1472,1832,Caleb Smidt,M35-39,196,Open,United States,1:07:28,5:17,5:35:44,5:35,5:04:21,11:58:25
1473,1899,Heather Glynn,F35-39,59,Female,United States,1:13:02,3:19,6:06:38,3:56,4:31:31,11:58:26
1474,887,Kristoffer Ahlin,M45-49,217,Open,Sweden,1:24:19,6:56,5:44:20,4:49,4:38:04,11:58:28
1475,485,Andreas Pretsch,M55-59,58,Open,Germany,1:13:50,4:15,5:52:02,6:29,4:41:58,11:58:34
1476,1946,Natalie Smith,F35-39,60,Female,New Zealand,1:01:32,4:19,5:40:19,4:00,5:08:32,11:58:42
1477,2193,Tami Ritchie,F30-34,58,Female,United States,57:56,4:17,5:47:41,4:26,5:04:35,11:58:55
1478,2178,Stefanie Lefevre,F30-34,59,Female,Belgium,1:12:25,2:49,6:01:19,4:20,4:38:03,11:58:56
1479,526,Bert Vrieze,M55-59,59,Open,Netherlands,1:16:14,5:40,5:50:43,6:31,4:39:59,11:59:07
1480,622,Mark Gerard Clay,M50-54,135,Open,United Kingdom,1:52:31,4:44,5:50:47,5:00,4:06:12,11:59:14
1481,1606,Petra Paule,F40-44,61,Female,Germany,1:31:21,4:11,6:15:25,5:41,4:02:40,11:59:18
1482,2469,Maria Cruz Palma Romero,F35-39,61,Female,Spain,1:10:57,5:19,6:10:55,5:18,4:27:04,11:59:33
1483,1630,Robyn Wilham,F40-44,62,Female,United States,1:16:35,6:31,6:24:54,6:21,4:05:26,11:59:47
1484,876,Line Ste-Marie,F50-54,20,Female,Canada,1:25:19,4:51,6:18:37,6:48,4:04:24,11:59:59
1485,2476,Judd Rench,M35-39,197,Open,United States,1:05:10,3:44,5:23:56,6:21,5:21:05,12:00:16
1486,223,Roberto Azevedo,M65-69,2,Open,Brazil,1:22:22,6:50,5:44:12,6:56,4:40:06,12:00:26
1487,558,Ellen Hart,F55-59,7,Female,United States,1:19:01,3:59,6:09:40,3:54,4:23:53,12:00:27
1488,1076,Hirofumi Ohshima,M45-49,218,Open,Japan,1:04:12,5:11,5:51:06,19:21,4:40:47,12:00:37
1489,1139,Jason Sim,M45-49,219,Open,Australia,1:19:33,5:13,5:54:31,3:27,4:38:27,12:01:11
1490,2433,Valerie Osband,F18-24,16,Female,United Kingdom,1:05:24,4:28,6:03:40,6:21,4:41:39,12:01:32
1491,588,Frances Vincent,F55-59,8,Female,United States,1:08:31,5:04,5:59:24,5:01,4:43:49,12:01:49
1492,693,Ryuichi Kawashima,M50-54,136,Open,Japan,1:05:21,3:12,5:46:08,7:34,4:59:42,12:01:57
1493,1248,Becky Paige,F45-49,42,Female,United States,1:01:48,3:36,6:07:54,7:51,4:40:54,12:02:03
1494,1257,Karen Ayse Salih,F45-49,43,Female,Denmark,1:20:21,4:51,6:15:22,5:14,4:16:16,12:02:04
1495,2411,Alex Springer,M18-24,19,Open,United States,1:04:35,3:16,5:43:35,4:24,5:06:23,12:02:13
1496,581,Jodi Ruby,F55-59,9,Female,United States,1:22:47,6:11,6:08:01,4:16,4:21:14,12:02:29
1497,427,John Dickson,M55-59,60,Open,New Zealand,1:06:09,5:19,6:10:07,6:32,4:34:28,12:02:35
1498,2418,Casey Fleming,F18-24,17,Female,United States,1:17:45,4:31,6:04:30,4:35,4:31:18,12:02:39
1499,1620,Mhairi Smith,F40-44,63,Female,United Kingdom,1:21:16,4:29,6:16:13,7:26,4:13:23,12:02:47
1500,1203,Carla Ciaudano,F45-49,44,Female,Italy,1:18:52,5:20,6:04:43,6:07,4:27:52,12:02:54
1501,2431,Juliet May,F18-24,18,Female,United Kingdom,1:15:35,3:30,6:14:03,4:55,4:25:06,12:03:09
1502,1568,Belinda Dennis,F40-44,64,Female,Australia,1:07:35,3:39,6:25:36,5:04,4:21:21,12:03:15
1503,1680,James Decker,M35-39,198,Open,United States,1:18:03,4:48,6:17:41,4:47,4:17:57,12:03:16
1504,2254,Matthew Hill,M25-29,98,Open,Australia,1:08:47,10:29,5:51:27,8:08,4:44:47,12:03:38
1505,591,Janie White,F55-59,10,Female,United States,1:14:38,4:48,6:03:52,4:22,4:36:14,12:03:54
1506,479,Michael Passinger,M55-59,61,Open,Germany,1:24:11,3:32,6:14:57,5:05,4:16:20,12:04:05
1507,1499,Rian Smoak,M40-44,214,Open,United States,1:12:01,5:16,5:43:23,5:42,4:58:23,12:04:45
1508,762,Makoto Sakaguchi,M50-54,137,Open,Japan,1:26:41,4:19,6:11:18,6:12,4:16:28,12:04:58
1509,832,Mary Guertin,F50-54,21,Female,United States,1:39:57,5:04,6:03:13,5:23,4:11:22,12:04:59
1510,2328,Ella Louise Davies,F25-29,33,Female,Australia,1:14:04,5:25,6:25:38,6:53,4:13:04,12:05:04
1511,559,Diane Hier,F55-59,11,Female,United Kingdom,1:07:56,4:08,6:39:36,4:53,4:08:38,12:05:11
1512,1279,Kathryn Zeiler,F45-49,45,Female,United States,1:13:04,5:30,5:52:33,5:39,4:49:06,12:05:52
1513,938,Cyrille Guilloux,M45-49,220,Open,France,1:14:01,6:05,5:43:47,9:09,4:52:51,12:05:53
1514,1206,Lisa Comer,F45-49,46,Female,United States,1:07:41,6:12,6:06:47,4:34,4:40:43,12:05:57
1515,1274,Stacy Wingard,F45-49,47,Female,United States,1:35:26,4:21,6:11:08,4:46,4:10:27,12:06:08
1516,1157,Travis Temme,M45-49,221,Open,Australia,1:01:49,5:19,5:37:23,7:33,5:14:07,12:06:11
1517,264,Peter Turek,M65-69,3,Open,United States,1:11:32,5:38,6:13:42,7:40,4:27:52,12:06:24
1518,735,Masayuki Onishi,M50-54,138,Open,Japan,1:08:33,4:14,5:32:39,8:40,5:12:26,12:06:32
1519,1161,Glen Thompson,M45-49,222,Open,United States,1:25:36,5:26,6:10:31,8:16,4:16:47,12:06:36
1520,495,Jaimie Roth,M55-59,62,Open,Canada,1:07:30,5:13,5:31:24,8:12,5:14:23,12:06:42
1521,1100,Peter Rasmussen,M45-49,223,Open,Denmark,1:06:03,4:31,5:49:30,6:15,5:00:32,12:06:51
1522,446,Ignacio Herrero,M55-59,63,Open,Spain,1:13:41,4:30,6:12:33,5:52,4:30:25,12:07:01
1523,1471,Deepak Raj,M40-44,215,Open,India,1:22:12,7:05,6:10:53,11:09,4:16:13,12:07:32
1524,1560,Jennifer Clark,F40-44,65,Female,United States,1:05:56,2:40,5:38:55,3:02,5:17:04,12:07:37
1525,1490,Brian Sherlock,M40-44,216,Open,United States,1:21:23,6:49,6:00:55,8:41,4:29:57,12:07:45
1526,409,Graham Brookhouse,M55-59,64,Open,United Kingdom,57:28,3:03,5:21:35,11:11,5:34:49,12:08:06
1527,269,Rob Wylie,M65-69,4,Open,New Zealand,1:28:50,4:41,6:15:11,6:18,4:13:17,12:08:17
1528,2183,Olga Matyushina,F30-34,60,Female,Russia,1:04:08,4:07,6:09:26,5:36,4:45:08,12:08:25
1529,1217,Luisa Fumagalli,F45-49,48,Female,Italy,1:15:51,4:38,6:33:42,5:20,4:09:29,12:09:00
1530,836,Mariette Hattingh,F50-54,22,Female,South Africa,1:25:07,5:00,6:12:25,6:36,4:19:54,12:09:02
1531,859,Karin Peters,F50-54,23,Female,United States,1:21:52,4:06,5:51:39,4:54,4:46:35,12:09:06
1532,857,Katherine Nichols,F50-54,24,Female,United States,1:01:49,4:50,5:59:11,6:47,4:56:48,12:09:25
1533,1928,Judy-Ann Parke,F35-39,62,Female,Canada,1:20:06,8:01,6:26:51,5:29,4:09:12,12:09:39
1534,500,Phil Saussus,M55-59,65,Open,Belgium,1:22:02,6:00,6:10:00,6:37,4:25:05,12:09:44
1535,1148,Ortwin Strolz,M45-49,224,Open,Austria,1:20:22,3:55,6:05:25,7:51,4:32:18,12:09:51
1536,1254,Magali Reymonenq,F45-49,49,Female,France,1:35:20,5:06,6:29:17,5:43,3:54:27,12:09:53
1537,1633,Kristen Wilson,F40-44,66,Female,United States,1:09:30,3:45,5:57:52,5:02,4:54:07,12:10:16
1538,525,Ed Vescovi,M55-59,66,Open,United States,1:14:21,4:49,5:52:52,5:26,4:53:12,12:10:40
1539,809,Angie Anderson,F50-54,25,Female,United States,1:16:11,5:10,6:03:28,6:25,4:39:29,12:10:43
1540,1205,Laura Drake Cole,F45-49,50,Female,United States,1:11:20,4:50,6:17:59,4:23,4:32:46,12:11:18
1541,1418,Raul Luzardo,M40-44,217,Open,Venezuela,1:15:58,5:51,5:57:51,8:24,4:44:27,12:12:31
1542,320,Graeme Macdonald,M60-64,20,Open,New Zealand,1:14:54,7:30,5:57:10,6:28,4:46:36,12:12:38
1543,2445,Charlotte Verhaegen,F18-24,19,Female,Belgium,58:06,2:46,5:55:04,5:14,5:11:31,12:12:41
1544,1231,Akiko Kawashima,F45-49,51,Female,Japan,1:10:27,5:01,6:44:31,4:57,4:07:50,12:12:46
1545,294,Georg Birkeneder,M60-64,21,Open,Germany,1:12:24,4:33,5:51:51,5:23,4:58:47,12:12:58
1546,1575,Tine Fischer-Nielsen,F40-44,67,Female,Denmark,1:18:59,4:09,6:14:40,6:13,4:29:09,12:13:10
1547,2280,Jonas Mosimann,M25-29,99,Open,Switzerland,1:09:32,5:04,5:44:51,7:21,5:06:28,12:13:16
1548,780,Jonathan Tay,M50-54,139,Open,United States,1:35:10,4:19,6:17:32,5:37,4:10:47,12:13:25
1549,690,Stephen Jones,M50-54,140,Open,Australia,1:08:45,5:38,6:09:31,6:36,4:43:01,12:13:31
1550,528,Jeffrey Warshaw,M55-59,67,Open,United States,1:10:23,4:46,5:36:40,5:04,5:16:39,12:13:32
1551,160,Aron Anderson,PC,,,Sweden,1:27:09,3:47,7:48:30,4:51,2:49:16,12:13:33
1552,406,Larry Black,M55-59,68,Open,United States,1:00:04,4:43,6:05:00,6:24,4:57:29,12:13:40
1553,589,June Ward,F55-59,12,Female,Australia,1:10:06,4:30,5:48:53,2:59,5:07:17,12:13:45
1554,1625,Marleen Valk,F40-44,68,Female,Netherlands,1:21:44,4:36,6:28:08,4:43,4:14:57,12:14:08
1555,745,Chris Price,M50-54,141,Open,Australia,55:14,7:06,6:05:04,11:42,4:55:15,12:14:21
1556,2424,Rosie Hattersley,F18-24,20,Female,United Kingdom,1:25:21,4:38,6:35:52,7:23,4:01:35,12:14:49
1557,1167,Masahiro Ujiie,M45-49,225,Open,Japan,1:13:54,4:23,5:36:55,5:35,5:14:20,12:15:07
1558,243,Jose Marin,M65-69,5,Open,Spain,1:39:45,6:12,6:09:04,5:09,4:15:13,12:15:23
1559,387,Laura Sophiea,F60-64,2,Female,United States,1:10:26,4:46,6:05:39,5:36,4:49:09,12:15:36
1560,669,Rodney Hall,M50-54,142,Open,Australia,1:08:52,5:39,5:43:27,7:17,5:10:32,12:15:47
1561,1241,Irena Mazin,F45-49,52,Female,Israel,1:22:29,5:07,5:58:06,7:36,4:42:31,12:15:49
1562,1070,Carl Nordbeck,M45-49,226,Open,Sweden,1:07:47,7:16,5:56:59,10:10,4:53:48,12:16:00
1563,1259,Anke Schmitz-Elvenich,F45-49,53,Female,Germany,1:07:45,2:58,5:57:02,4:59,5:03:30,12:16:14
1564,641,Wolfgang Epting,M50-54,143,Open,Germany,1:27:37,5:21,5:54:18,4:55,4:45:07,12:17:18
1565,1600,Alicja Medak,F40-44,69,Female,Poland,1:26:19,4:50,6:23:37,8:13,4:14:29,12:17:28
1566,2425,Megan Howard,F18-24,21,Female,United States,59:54,3:03,6:14:49,4:59,4:55:01,12:17:46
1567,2426,Stephanie Jasmin Huber,F18-24,22,Female,Germany,1:08:01,3:16,6:00:37,4:10,5:01:52,12:17:56
1568,929,David Chant,M45-49,227,Open,Australia,1:16:46,4:56,6:12:24,6:50,4:37:04,12:18:00
1569,596,Mutsumi Aoki,M50-54,144,Open,Japan,1:04:41,5:21,6:05:05,7:43,4:55:23,12:18:13
1570,880,Debra Tuchner,F50-54,26,Female,Canada,1:11:25,5:50,6:16:58,6:00,4:38:18,12:18:31
1571,469,Michael Miller,M55-59,69,Open,United States,1:33:48,6:32,5:42:28,5:38,4:50:28,12:18:54
1572,1627,Amber Wanless,F40-44,70,Female,Canada,1:17:07,3:49,6:31:09,4:25,4:22:28,12:18:58
1573,1871,Mark Wooten,M35-39,199,Open,United States,1:18:16,5:10,5:50:30,5:08,5:00:01,12:19:05
1574,705,Sean Londergan,M50-54,145,Open,United States,1:02:50,6:49,6:08:58,7:18,4:53:21,12:19:16
1575,626,John Crino,M50-54,146,Open,United States,1:12:33,4:42,5:31:50,5:27,5:24:47,12:19:19
1576,1145,Justin Sparks,M45-49,228,Open,Australia,1:12:36,5:09,6:11:51,5:58,4:44:07,12:19:41
1577,330,Steve Nabity,M60-64,22,Open,United States,1:20:36,8:23,5:49:38,10:13,4:51:17,12:20:07
1578,2179,Chun-Jie Li,F30-34,61,Female,Taiwan,1:20:10,3:40,6:11:20,7:20,4:38:06,12:20:36
1579,1890,Elen Caetano De Lima,F35-39,63,Female,Brazil,1:23:53,4:00,6:13:20,5:10,4:34:20,12:20:43
1580,2333,Lahis Francielle,F25-29,34,Female,Brazil,1:11:51,3:46,6:04:02,5:14,4:55:50,12:20:43
1581,1256,Jennifer Rulon,F45-49,54,Female,United States,1:21:41,6:12,6:23:57,7:28,4:21:31,12:20:49
1582,517,Al Torre,M55-59,70,Open,United States,1:14:49,4:34,5:49:32,5:24,5:06:49,12:21:08
1583,1288,Jesper Bach,M40-44,218,Open,Denmark,1:06:19,3:49,5:28:56,6:04,5:36:20,12:21:28
1584,2503,Mark Watt,M40-44,219,Open,United States,1:22:53,6:36,6:05:50,7:53,4:38:27,12:21:39
1585,796,Dominique Vigne,M50-54,147,Open,France,1:02:02,3:34,6:16:44,6:10,4:53:15,12:21:45
1586,2430,Florence Loader,F18-24,23,Female,New Zealand,1:11:15,5:55,6:20:40,6:16,4:37:41,12:21:47
1587,399,John Anhold,M55-59,71,Open,United States,1:08:22,6:09,6:07:06,11:17,4:49:18,12:22:12
1588,1124,Sam Sakai,M45-49,229,Open,Japan,1:13:06,4:19,5:29:25,4:34,5:31:39,12:23:03
1589,1111,Dean Rivelli,M45-49,230,Open,Australia,1:08:46,6:28,6:00:04,7:38,5:00:34,12:23:30
1590,300,Steven Chavez,M60-64,23,Open,United States,1:10:33,5:00,6:16:45,7:09,4:44:09,12:23:36
1591,2320,Melanie Altenbeck,F25-29,35,Female,Germany,1:21:27,5:31,6:29:09,8:13,4:19:17,12:23:37
1592,258,Fred Skinner,M65-69,6,Open,United States,1:28:29,6:35,5:57:33,6:29,4:44:43,12:23:49
1593,358,Michele Allison,F60-64,3,Female,New Zealand,1:16:57,4:50,6:32:08,4:12,4:25:57,12:24:04
1594,1555,Ani De Leon Brown,F40-44,71,Female,Philippines,1:07:45,4:07,6:17:31,10:52,4:43:55,12:24:10
1595,1264,Bernadette Tan,F45-49,55,Female,Philippines,1:28:04,5:26,6:21:26,5:59,4:23:15,12:24:10
1596,2157,Holli Finneren,F30-34,62,Female,United States,1:17:24,5:02,5:58:54,4:34,4:58:42,12:24:36
1597,404,John Birkelo,M55-59,72,Open,Japan,1:32:33,4:57,5:55:46,5:26,4:45:56,12:24:38
1598,1110,Thomas Risse,M45-49,231,Open,United States,1:21:04,3:36,6:43:26,4:53,4:11:46,12:24:45
1599,2362,Wenjuan Tan,F25-29,36,Female,China,1:34:03,3:27,6:28:28,11:57,4:07:47,12:25:42
1600,574,Marla Moncrieff,F55-59,13,Female,Canada,1:23:30,7:11,6:26:24,7:09,4:21:40,12:25:54
1601,508,Brian Smith,M55-59,73,Open,United States,1:07:46,5:25,5:41:18,5:24,5:26:04,12:25:57
1602,789,Bernard Tourigny,M50-54,148,Open,Canada,1:12:29,4:34,6:17:19,4:05,4:47:42,12:26:09
1603,1263,Lora Stickney,F45-49,56,Female,United States,1:18:58,5:36,6:17:55,10:05,4:33:55,12:26:29
1604,2505,David Chene,M35-39,200,Open,United States,1:14:49,3:32,5:44:24,8:24,5:15:26,12:26:35
1605,680,John Hunnius,M50-54,149,Open,United States,1:21:39,6:11,5:57:33,9:27,4:52:03,12:26:53
1606,1869,Brent Wong,M35-39,201,Open,United States,1:42:33,8:41,6:25:22,8:03,4:02:34,12:27:13
1607,2509,Sebastian Henkes,M45-49,232,Open,United Kingdom,1:10:13,8:34,6:26:20,8:56,4:33:18,12:27:21
1608,2508,Simon Oldham,M45-49,233,Open,United Kingdom,1:10:34,5:24,6:39:31,5:31,4:26:21,12:27:21
1609,652,Olivier Gasc,M50-54,150,Open,France,1:02:13,4:20,5:32:28,6:20,5:42:28,12:27:49
1610,771,Joe Silvernale,M50-54,151,Open,United States,1:19:53,5:13,6:26:16,5:18,4:31:33,12:28:13
1611,2189,Mandi Nilsen,F30-34,63,Female,United States,1:22:33,4:53,6:45:13,5:22,4:10:19,12:28:20
1612,846,Susan Kitchen,F50-54,27,Female,United States,1:15:43,6:57,6:13:15,6:42,4:46:02,12:28:39
1613,854,Michelle Morrill,F50-54,28,Female,United States,1:20:09,2:29,6:16:29,3:46,4:46:05,12:28:58
1614,288,Alain Bouteau,M60-64,24,Open,France,1:12:41,4:26,5:44:40,3:58,5:23:21,12:29:06
1615,350,Thierry Foulounoux,M60-64,25,Open,France,1:13:19,5:22,5:52:13,8:42,5:09:30,12:29:06
1616,1273,Caroline Wilson,F45-49,57,Female,United States,1:31:23,4:14,6:18:46,4:26,4:30:33,12:29:22
1617,816,Louise Corbett,F50-54,29,Female,New Zealand,1:15:03,7:14,6:13:31,7:08,4:46:32,12:29:28
1618,188,Simon Butterworth,M70-74,1,Open,United States,1:21:19,5:32,5:57:35,6:40,4:58:29,12:29:35
1619,904,Peter Beaumont,M45-49,234,Open,Australia,1:03:18,6:54,6:02:57,9:59,5:06:37,12:29:45
1620,451,Gerry Keavany,M55-59,74,Open,United States,1:21:34,9:48,6:30:16,9:32,4:18:44,12:29:54
1621,1597,Mariana Lara Albert,F40-44,72,Female,United States,1:18:08,3:42,6:14:41,4:43,4:48:55,12:30:09
1622,56,Kaito Tohara,MPRO,41,Open,Japan,1:19:49,2:37,6:16:52,8:19,4:42:39,12:30:16
1623,1553,Kristin Bradfield,F40-44,73,Female,United States,1:21:58,7:29,6:19:57,8:20,4:32:32,12:30:16
1624,2394,Yutao Li,M18-24,20,Open,China,59:11,5:10,5:54:31,10:55,5:20:34,12:30:21
1625,2482,Yoko Yamazawa,F45-49,58,Female,Japan,1:25:08,5:15,6:22:53,7:44,4:29:24,12:30:24
1626,473,Leendert Muijs,M55-59,75,Open,Netherlands,1:05:51,3:47,5:43:01,8:36,5:29:30,12:30:45
1627,164,Luis Felipe Rodrigues,HC,,,Brazil,1:08:47,5:30,8:32:31,4:12,2:39:53,12:30:53
1628,545,Mary Duprey,F55-59,14,Female,United States,1:25:32,5:17,6:16:31,5:45,4:37:55,12:31:00
1629,2332,Kayla Floyd,F25-29,37,Female,United States,1:21:50,4:28,6:47:14,5:09,4:12:21,12:31:02
1630,1089,Cuan Petersen,M45-49,235,Open,United States,1:05:29,4:24,6:12:47,6:45,5:01:54,12:31:19
1631,1958,Megan Webber,F35-39,64,Female,Australia,1:07:12,3:42,6:39:44,4:12,4:36:36,12:31:26
1632,1005,Dan Jeromin,M45-49,236,Open,United States,1:18:47,10:20,5:49:33,11:07,5:01:42,12:31:29
1633,1155,Marty Taylor,M45-49,237,Open,United States,1:13:50,5:31,5:53:48,5:02,5:13:20,12:31:31
1634,827,Susan Ford,F50-54,30,Female,United States,1:16:06,7:08,6:21:52,6:10,4:40:43,12:31:59
1635,1896,Ashley Forsyth,F35-39,65,Female,United States,1:11:33,3:35,6:42:04,5:48,4:29:18,12:32:18
1636,279,Missy Lestrange,F65-69,1,Female,United States,1:11:19,4:50,6:17:58,7:06,4:51:10,12:32:23
1637,1566,Gabrielle Davis,F40-44,74,Female,United States,1:10:41,3:39,6:07:41,3:50,5:06:44,12:32:35
1638,1576,Shannon Florea,F40-44,75,Female,United States,1:06:59,3:52,5:59:51,6:03,5:16:00,12:32:45
1639,1805,Keith Ramon,M35-39,202,Open,Canada,59:13,6:39,6:09:50,10:19,5:06:50,12:32:51
1640,884,Mimi Winsberg,F50-54,31,Female,United States,1:18:19,4:32,6:22:29,7:22,4:40:19,12:33:01
1641,600,Christoph Averdiek-Bowlin,M50-54,152,Open,Germany,1:30:42,5:56,6:02:58,12:21,4:41:08,12:33:05
1642,412,Thomas Bruehl,M55-59,76,Open,Germany,1:26:22,5:42,6:36:24,3:51,4:20:59,12:33:18
1643,460,Thomas Lang,M55-59,77,Open,Germany,1:23:18,6:07,5:44:04,6:18,5:13:55,12:33:42
1644,2257,Takashi Iwabuchi,M25-29,100,Open,Japan,1:04:14,3:08,5:19:15,6:49,6:00:25,12:33:51
1645,2443,Charlotte Sondergaard Klausen,F18-24,24,Female,Denmark,1:21:15,5:09,6:28:40,6:02,4:32:56,12:34:02
1646,453,Torben Kjaer,M55-59,78,Open,Denmark,1:38:09,3:27,6:22:32,5:50,4:24:19,12:34:17
1647,1745,Adam Lacey,M35-39,203,Open,Australia,56:23,6:43,5:50:11,7:41,5:33:23,12:34:21
1648,2420,Brittany Friedrich,F18-24,25,Female,United States,1:05:40,6:00,6:47:39,5:46,4:29:21,12:34:26
1649,458,Arjen Langbroek,M55-59,79,Open,Netherlands,1:34:08,4:01,6:55:55,5:01,3:55:27,12:34:32
1650,1554,Maggie Bradley,F40-44,76,Female,United States,1:21:46,7:56,6:41:40,10:26,4:13:01,12:34:49
1651,1107,William Rickards,M45-49,238,Open,United States,1:16:07,3:57,5:57:00,8:01,5:09:53,12:34:58
1652,1412,Joe Langel,M40-44,220,Open,United States,1:01:17,5:04,5:31:53,9:52,5:47:04,12:35:10
1653,553,Marie Lorraine Gaude,F55-59,15,Female,France,1:21:38,6:55,6:33:12,10:58,4:22:31,12:35:14
1654,374,Jane Macleod,F60-64,4,Female,Canada,1:25:24,3:59,6:32:56,6:02,4:27:13,12:35:34
1655,1788,Takashi Okada,M35-39,204,Open,Japan,1:07:44,3:28,6:12:54,9:02,5:03:24,12:36:32
1656,505,Wilfried Schneider,M55-59,80,Open,Germany,1:18:06,7:24,5:59:24,7:20,5:04:41,12:36:55
1657,507,John Scruggs,M55-59,81,Open,United States,1:13:02,5:57,6:04:26,5:26,5:08:25,12:37:16
1658,2378,Joseph Casino,M18-24,21,Open,United States,57:59,6:43,6:20:43,9:43,5:02:23,12:37:31
1659,238,Friedrich Kampusch,M65-69,7,Open,Austria,1:28:06,6:22,6:15:00,5:08,4:43:22,12:37:58
1660,765,Jakob Schmidlechner,M50-54,153,Open,Austria,1:30:46,5:50,5:58:04,8:25,4:55:05,12:38:10
1661,2502,Mark Samuel,M40-44,221,Open,United States,1:06:03,5:48,5:45:18,5:48,5:35:27,12:38:24
1662,825,Britta Alexandra Falkenstein,F50-54,32,Female,Germany,1:24:23,3:19,6:50:32,4:55,4:15:24,12:38:33
1663,1194,Lynn Barlik,F45-49,59,Female,United States,1:15:31,4:59,6:08:18,55:27,4:15:17,12:39:32
1664,1744,Jim Kruse,M35-39,205,Open,United States,1:23:01,6:36,6:09:26,7:23,4:53:28,12:39:54
1665,307,Oscar Gallo,M60-64,26,Open,Argentinia,1:16:27,3:24,6:23:54,4:06,4:52:18,12:40:09
1666,1237,Vanuza Maciel,F45-49,60,Female,Brazil,1:16:05,5:05,6:28:03,6:27,4:44:36,12:40:16
1667,1772,Steve Mau,M35-39,206,Open,United States,1:23:11,5:21,6:25:12,8:12,4:38:32,12:40:28
1668,539,Barbara Cronin,F55-59,16,Female,United States,1:03:14,3:55,6:19:01,7:18,5:07:07,12:40:35
1669,345,Greg Stannard,M60-64,27,Open,United States,1:23:26,6:13,6:12:20,7:41,4:51:05,12:40:45
1670,1608,Laura Pederzoli,F40-44,77,Female,Italy,1:08:06,4:57,6:31:22,6:10,4:50:32,12:41:07
1671,1045,Nick Matthews,M45-49,239,Open,United States,1:22:47,4:17,6:06:35,6:00,5:02:00,12:41:39
1672,1272,Shelley Wickenheiser,F45-49,61,Female,Canada,1:26:24,6:01,6:22:30,8:40,4:38:34,12:42:09
1673,327,Robert Monk,M60-64,28,Open,United Kingdom,59:45,4:19,5:46:24,5:29,5:46:26,12:42:23
1674,336,Steve Pulver,M60-64,29,Open,United States,1:26:47,5:43,6:05:36,5:51,4:58:32,12:42:29
1675,2483,Alain Benzaken,M55-59,82,Open,United States,1:15:18,5:43,6:22:32,8:02,4:51:10,12:42:45
1676,260,Stephen Smith,M65-69,8,Open,United States,1:13:39,3:47,6:34:31,5:26,4:45:31,12:42:54
1677,571,Mary Lynne McElhaney,F55-59,17,Female,United States,1:01:27,4:17,6:17:08,5:15,5:14:55,12:43:02
1678,1243,Shaz McAuliffe,F45-49,62,Female,Australia,1:14:25,7:27,6:10:28,11:02,4:59:47,12:43:09
1679,1517,Victor Daniel Trevino,M40-44,222,Open,United States,1:18:48,5:20,6:19:52,7:56,4:51:53,12:43:49
1680,416,Rusty Cook,M55-59,83,Open,Australia,1:08:37,4:15,5:40:49,4:28,5:45:53,12:44:02
1681,1450,Steven Nurse,M40-44,223,Open,Australia,1:08:50,7:21,5:49:51,5:55,5:32:12,12:44:09
1682,366,Kim Elvery,F60-64,5,Female,Australia,1:18:42,3:44,6:24:27,3:53,4:53:28,12:44:14
1683,595,Tony Anderson,M50-54,154,Open,Australia,1:10:17,5:19,6:19:23,5:21,5:03:54,12:44:14
1684,677,Erik Hordijk,M50-54,155,Open,Netherlands,1:35:11,6:07,5:46:01,8:33,5:08:25,12:44:17
1685,2504,Tarak Anada,M35-39,207,Open,United States,1:45:03,4:38,6:47:32,4:11,4:03:09,12:44:33
1686,754,Dave Richter,M50-54,156,Open,United States,1:04:48,6:03,5:34:16,6:37,5:52:59,12:44:43
1687,988,Duane Hennion,M45-49,240,Open,United States,1:09:21,6:50,6:29:02,8:30,4:51:16,12:44:59
1688,817,Jona Dahlquist,F50-54,33,Female,Sweden,1:10:27,3:14,6:32:05,4:33,4:54:49,12:45:08
1689,819,Dorothea Koeppe,F50-54,34,Female,Switzerland,1:32:59,8:24,6:50:53,6:47,4:06:10,12:45:13
1690,2499,Aidyn Rakhimbayev,M45-49,241,Open,Kazakhstan,1:27:58,7:52,6:29:58,8:59,4:30:35,12:45:22
1691,728,Naruhito Morooka,M50-54,157,Open,Japan,1:28:18,5:28,6:12:42,5:58,4:53:11,12:45:37
1692,713,Alberto Marinoni,M50-54,158,Open,Paraguay,1:18:50,5:05,5:29:29,4:24,5:48:05,12:45:53
1693,1200,Kellie Brown,F45-49,63,Female,United States,1:16:28,4:01,6:25:43,6:13,4:54:07,12:46:32
1694,1582,Melissa Geddes,F40-44,78,Female,Australia,1:18:22,4:01,6:13:51,9:51,5:00:33,12:46:38
1695,1229,Viktoria Jonsson,F45-49,64,Female,Sweden,1:14:31,4:29,7:05:51,3:59,4:17:50,12:46:40
1696,348,Michael Tasman,M60-64,30,Open,United States,1:10:45,8:06,5:41:36,12:01,5:34:23,12:46:51
1697,561,Linda Hurley,F55-59,18,Female,United States,1:08:03,5:13,6:08:19,4:57,5:20:53,12:47:25
1698,823,Heidi Erpelding,F50-54,35,Female,United States,1:33:19,4:37,6:20:15,4:11,4:45:04,12:47:26
1699,670,Alastair Hanson,M50-54,159,Open,Australia,1:19:50,5:19,5:55:17,5:57,5:21:17,12:47:40
1700,1338,Joao Carlos De Almeida,M40-44,224,Open,Brazil,52:06,3:27,5:13:50,5:07,6:34:04,12:48:34
1701,467,David McHale,M55-59,84,Open,United States,1:15:57,5:16,5:52:08,7:30,5:27:44,12:48:35
1702,1228,Anita Jones,F45-49,65,Female,United Kingdom,1:16:58,4:33,6:46:26,4:27,4:36:14,12:48:38
1703,570,Sharon Lee Mackinnon,F55-59,19,Female,Canada,1:11:08,6:09,6:21:47,7:21,5:02:15,12:48:40
1704,1913,Karin Linnersund,F35-39,66,Female,Sweden,1:26:16,5:22,6:20:00,5:47,4:51:22,12:48:47
1705,1708,Laurentiu Grigore,M35-39,208,Open,United States,1:21:53,7:38,6:15:58,8:40,4:55:13,12:49:22
1706,544,Corinna Dr Peter,F55-59,20,Female,Germany,1:18:49,4:44,6:15:45,4:26,5:05:49,12:49:33
1707,1519,Alderlan Vitalino,M40-44,225,Open,Brazil,1:39:10,6:02,6:25:01,6:44,4:33:12,12:50:09
1708,334,Sergio Pinto,M60-64,31,Open,Brazil,1:21:22,7:36,6:10:11,7:37,5:04:00,12:50:46
1709,2166,Heather Helms,F30-34,64,Female,United States,1:22:45,6:20,6:26:42,7:28,4:47:36,12:50:51
1710,761,Christian Ryll,M50-54,160,Open,Germany,1:39:48,5:54,6:11:55,8:26,4:44:55,12:50:58
1711,1199,Kim Bramblett,F45-49,66,Female,United States,1:22:40,4:59,6:19:54,8:07,4:55:32,12:51:12
1712,1487,Rodney Scott,M40-44,226,Open,United States,1:11:45,2:41,5:30:51,4:09,6:01:57,12:51:23
1713,741,Michael Pierson,M50-54,161,Open,United States,1:04:26,3:35,5:28:47,9:03,6:05:32,12:51:23
1714,2460,Juan Carlos Galindo Villegas,M55-59,85,Open,Spain,1:24:55,7:03,6:20:14,8:01,4:51:22,12:51:35
1715,454,Klaus Karber,M55-59,86,Open,Germany,1:21:01,5:54,6:03:52,5:58,5:14:55,12:51:40
1716,2149,Kelly Crockett,F30-34,65,Female,United States,1:11:21,5:20,6:26:01,4:20,5:04:42,12:51:44
1717,733,Steven Nutley,M50-54,162,Open,Fiji,1:20:07,3:53,6:08:09,6:24,5:13:22,12:51:55
1718,529,Peter Westlake,M55-59,87,Open,New Zealand,1:14:23,5:09,6:18:01,6:59,5:07:31,12:52:03
1719,1346,Cliff Eclarino,M40-44,227,Open,United States,1:28:25,8:40,6:16:29,7:42,4:51:00,12:52:16
1720,149,Andrew Jamieson,HC,,,Australia,1:47:12,5:57,7:55:47,9:38,2:54:02,12:52:36
1721,1420,German Madrazo,M40-44,228,Open,Mexico,1:12:11,7:56,6:43:19,9:25,4:39:45,12:52:36
1722,337,Stephan Laurence Redman,M60-64,32,Open,United Kingdom,1:36:16,4:45,5:53:46,5:29,5:13:00,12:53:16
1723,634,Mark Dooley,M50-54,163,Open,United States,1:06:44,4:28,7:56:19,6:17,3:39:32,12:53:20
1724,1918,Lene Markworth,F35-39,67,Female,Denmark,1:29:56,5:06,5:50:00,4:19,5:24:02,12:53:23
1725,431,Stephen Duerden,M55-59,88,Open,Australia,1:09:49,6:08,6:28:32,7:23,5:01:57,12:53:49
1726,1495,Jason Singer,M40-44,229,Open,United States,1:32:51,7:34,5:48:45,8:03,5:18:01,12:55:14
1727,799,Simon Ward,M50-54,164,Open,United Kingdom,1:06:41,3:35,6:03:30,9:26,5:32:41,12:55:53
1728,824,Linda Exeter-Grant,F50-54,36,Female,New Zealand,1:08:40,6:50,6:29:51,5:53,5:04:46,12:56:00
1729,1889,Karen Burbella,F35-39,68,Female,United States,53:14,3:40,5:53:47,8:16,5:57:17,12:56:14
1730,433,Christian Essl,M55-59,89,Open,Austria,1:19:59,5:16,6:14:50,9:35,5:06:39,12:56:19
1731,504,Burkhard Schmidt,M55-59,90,Open,Germany,1:10:54,4:34,6:04:05,11:26,5:25:23,12:56:22
1732,305,Jeffrey Dubois,M60-64,33,Open,United States,1:20:11,5:53,6:35:34,6:42,4:48:11,12:56:31
1733,1336,David De Paula,M40-44,230,Open,France,1:22:33,3:54,6:04:30,7:56,5:18:58,12:57:51
1734,441,Ralph Gorziza,M55-59,91,Open,Germany,1:18:52,6:05,6:20:29,5:42,5:06:50,12:57:58
1735,1190,Miwa Amagata,F45-49,67,Female,Japan,1:21:55,5:46,6:57:48,8:35,4:24:12,12:58:16
1736,1328,Troy Croker,M40-44,231,Open,Australia,1:07:08,3:22,5:42:33,9:07,5:56:36,12:58:46
1737,255,Richard Schingler,M65-69,9,Open,United States,1:22:01,4:31,6:13:52,5:16,5:13:11,12:58:51
1738,601,Scott Baldwin,M50-54,165,Open,United States,1:10:05,7:04,5:40:57,10:52,5:50:05,12:59:03
1739,901,Pierre Baude,M45-49,242,Open,France,1:09:33,3:52,6:43:22,3:36,4:59:06,12:59:29
1740,352,Shinya Tsuchimoto,M60-64,34,Open,Japan,1:21:05,4:10,6:16:45,5:47,5:12:25,13:00:12
1741,864,Anna Maria Christina Rademaker,F50-54,37,Female,Netherlands,1:08:16,5:48,6:42:22,5:43,4:58:20,13:00:29
1742,2450,Ying Ying Zhang,F18-24,26,Female,China,1:17:13,8:43,6:56:38,10:50,4:27:11,13:00:35
1743,304,Steve Dougherty,M60-64,35,Open,United States,1:25:23,5:26,6:08:52,4:16,5:17:06,13:01:03
1744,563,Julie Kaczor,F55-59,21,Female,United States,1:22:58,6:27,6:23:43,7:14,5:00:51,13:01:13
1745,2427,Karlie Jennings,F18-24,27,Female,Australia,1:01:40,2:45,6:26:13,8:54,5:22:11,13:01:43
1746,1697,Erich Felbabel,M35-39,209,Open,Hong Kong,1:09:08,8:52,6:43:52,35:07,4:25:33,13:02:32
1747,1618,Evelyn Salama,F40-44,79,Female,United States,1:07:44,4:11,6:43:59,20:37,4:46:20,13:02:51
1748,462,Peter Macnaughton,M55-59,92,Open,United Kingdom,1:05:17,7:06,6:13:33,11:11,5:26:15,13:03:22
1749,1207,Cindy Cook,F45-49,68,Female,United States,1:27:25,4:03,6:58:20,6:21,4:27:19,13:03:28
1750,233,Hans Peter Gerwien,M65-69,10,Open,Germany,1:33:00,4:29,5:57:51,4:49,5:23:24,13:03:33
1751,418,William Coquelin,M55-59,93,Open,United States,1:23:30,10:07,6:29:48,8:02,4:52:12,13:03:39
1752,1803,Benjamin Proko,M35-39,210,Open,United States,1:08:30,5:32,5:36:12,11:04,6:02:23,13:03:41
1753,649,John Fredericksen,M50-54,166,Open,New Zealand,1:29:45,8:52,6:24:58,11:22,4:48:47,13:03:44
1754,1353,Christopher Fornal,M40-44,232,Open,United States,1:04:08,5:45,6:05:40,11:58,5:36:14,13:03:45
1755,256,Ray Schliebs,M65-69,11,Open,Australia,1:34:17,8:45,6:25:01,8:04,4:47:47,13:03:54
1756,1593,Nagima Kerimbayeva,F40-44,80,Female,Kazakhstan,1:13:08,5:37,6:36:03,7:13,5:02:10,13:04:11
1757,1234,Anne Lavandon,F45-49,69,Female,France,1:30:16,5:27,6:44:12,6:58,4:37:31,13:04:24
1758,868,Maria Ross,F50-54,38,Female,Australia,1:18:34,5:06,6:11:02,7:07,5:23:24,13:05:13
1759,443,Keith Hansen,M55-59,94,Open,United States,1:03:32,7:01,6:15:38,5:49,5:33:33,13:05:33
1760,151,Mike Ergo,M30-34,163,Open,United States,1:16:04,7:08,6:34:37,7:59,4:59:50,13:05:38
1761,438,Mark Fowell,M55-59,95,Open,United Kingdom,1:31:40,5:26,6:15:45,4:33,5:08:32,13:05:56
1762,1591,Mary Kapsa,F40-44,81,Female,United States,1:17:42,8:02,6:38:43,10:14,4:51:29,13:06:10
1763,1934,Mylene Quesnel,F35-39,69,Female,Canada,1:20:18,6:32,5:43:24,8:33,5:47:49,13:06:36
1764,548,Lynne Fiedler,F55-59,22,Female,United States,1:23:05,4:24,6:28:31,4:35,5:06:05,13:06:40
1765,2495,Tony Brutsche,M45-49,243,Open,United States,1:17:58,4:35,6:08:08,10:43,5:25:47,13:07:11
1766,564,Tina Kader,F55-59,23,Female,Canada,1:20:23,5:18,6:40:43,6:13,4:54:40,13:07:17
1767,575,Kari Myrland,F55-59,24,Female,United States,1:24:31,3:45,6:26:22,5:03,5:07:38,13:07:19
1768,541,Julia Daggett,F55-59,25,Female,United States,1:15:43,4:52,6:14:28,8:07,5:24:18,13:07:28
1769,1589,Lee Jinhee,F40-44,82,Female,Korea,1:19:31,6:23,6:32:42,22:11,4:46:45,13:07:32
1770,580,Sherry Rennard,F55-59,26,Female,United States,1:22:02,3:47,6:11:04,4:56,5:25:47,13:07:36
1771,1751,Carl-Johan Leinoff,M35-39,211,Open,Sweden,1:08:16,6:02,5:40:21,7:36,6:06:21,13:08:36
1772,1712,Ian Hardcastle,M35-39,212,Open,United Kingdom,1:12:08,6:04,6:12:49,9:17,5:28:33,13:08:51
1773,619,Francisco Carvalhinho Junior,M50-54,167,Open,Brazil,1:10:45,5:22,6:04:09,5:33,5:44:39,13:10:28
1774,849,Sabine Leys,F50-54,39,Female,Belgium,1:12:26,4:11,6:56:08,6:36,4:51:28,13:10:49
1775,1545,Jodie Barker,F40-44,83,Female,Australia,1:14:28,5:56,6:26:47,8:06,5:15:38,13:10:55
1776,1954,Sarah Turse,F35-39,70,Female,United States,1:14:39,5:16,6:21:58,9:26,5:20:15,13:11:34
1777,1651,Chris Beuer,M35-39,213,Open,United States,1:12:01,5:38,6:16:13,6:55,5:31:32,13:12:19
1778,343,Tim Shastany,M60-64,36,Open,United States,1:22:47,5:24,6:08:24,8:14,5:27:55,13:12:44
1779,843,Ulrika Jansson Baving,F50-54,40,Female,Sweden,1:31:19,6:38,6:31:15,8:27,4:55:05,13:12:44
1780,2141,Lydia Blackburn,F30-34,66,Female,United States,1:29:55,3:40,6:54:45,6:13,4:39:07,13:13:40
1781,547,Catrin Eggers Geb. Hagedorn,F55-59,27,Female,Germany,1:33:19,5:33,6:46:39,6:47,4:41:27,13:13:45
1782,388,Sydney Tervort,F60-64,6,Female,United States,1:23:42,5:26,6:38:51,7:44,4:58:41,13:14:24
1783,368,Susan Gebhardt,F60-64,7,Female,United States,1:04:03,5:14,7:03:06,5:54,4:56:41,13:14:58
1784,812,Tracey Bell,F50-54,41,Female,Australia,1:23:29,7:24,6:54:45,5:14,4:44:11,13:15:03
1785,231,Graham Crocker,M65-69,12,Open,Australia,1:03:57,5:28,6:20:55,4:40,5:42:20,13:17:20
1786,867,Jan Rogers,F50-54,42,Female,United Kingdom,1:13:24,5:47,6:45:25,8:37,5:04:47,13:18:00
1787,1249,Ruth Payne,F45-49,70,Female,United States,1:09:10,5:48,6:30:49,6:40,5:25:41,13:18:08
1788,1932,Inge Prasetyo,F35-39,71,Female,Indonesia,1:05:50,4:11,6:21:34,29:25,5:17:17,13:18:17
1789,2479,Wen Chi Su,F35-39,72,Female,Taiwan,1:32:08,7:04,7:02:23,7:07,4:29:37,13:18:19
1790,522,Michael Van Skaik,M55-59,96,Open,United States,1:23:45,3:56,6:05:09,5:08,5:40:40,13:18:38
1791,858,Rachel Parrella,F50-54,43,Female,United States,1:23:13,5:47,6:51:55,4:27,4:53:35,13:18:57
1792,2439,Juhi Shah,F18-24,28,Female,United States,1:32:27,5:31,6:29:30,6:57,5:04:51,13:19:16
1793,995,John-Patrick Hui,M45-49,244,Open,Canada,1:23:21,8:18,6:25:39,8:35,5:14:48,13:20:41
1794,429,Sean Dowling,M55-59,97,Open,United States,1:09:29,5:18,5:55:54,10:19,6:00:33,13:21:33
1795,251,Pat Peppler,M65-69,13,Open,United States,1:18:35,3:58,6:43:07,5:59,5:10:38,13:22:17
1796,1497,Jason Smith,M40-44,233,Open,United States,1:21:22,5:41,6:21:23,5:46,5:28:17,13:22:29
1797,838,Sonya D Heitshusen,F50-54,44,Female,United States,1:21:32,9:32,6:41:41,10:13,4:59:46,13:22:44
1798,347,Chris Strickland,M60-64,37,Open,United Kingdom,1:06:33,6:22,6:05:04,9:58,5:55:01,13:22:58
1799,1040,Richard Maloney,M45-49,245,Open,Ireland,1:28:28,8:43,6:24:53,8:32,5:12:27,13:23:03
1800,729,Phil Moss,M50-54,168,Open,Australia,1:11:51,9:10,6:21:59,12:17,5:27:52,13:23:09
1801,1704,David Froude,M35-39,214,Open,Australia,1:07:56,4:19,7:13:28,3:50,4:53:52,13:23:25
1802,1446,Damian Munday,M40-44,234,Open,Australia,1:23:10,8:18,6:15:54,9:13,5:26:59,13:23:34
1803,869,Sue Rubens,F50-54,45,Female,United States,1:29:52,6:45,6:49:05,7:09,4:51:02,13:23:53
1804,1374,Alejandro Guerrero Azuela,M40-44,235,Open,Mexico,1:13:17,5:35,6:02:02,7:14,5:55:47,13:23:55
1805,2494,Sven Voelcker,M50-54,169,Open,Germany,1:32:59,6:19,5:56:42,5:40,5:42:23,13:24:03
1806,224,Asbjoern Bakken,M65-69,14,Open,Norway,1:26:06,7:22,6:08:41,9:44,5:32:23,13:24:16
1807,1193,Patricia Azevedo Barros,F45-49,71,Female,Brazil,1:11:30,7:04,6:24:19,8:18,5:33:07,13:24:18
1808,242,Graham Lloyd,M65-69,15,Open,United States,1:57:30,7:47,6:16:22,5:00,4:58:26,13:25:05
1809,644,Matthias Fischer,M50-54,170,Open,Germany,1:39:17,8:56,6:30:07,10:37,4:56:20,13:25:17
1810,2429,Emily Lathrop,F18-24,29,Female,United States,1:07:15,7:30,6:47:34,6:27,5:16:50,13:25:36
1811,1914,Wendy Lopez,F35-39,73,Female,Canada,1:09:45,4:23,6:28:38,4:14,5:38:52,13:25:52
1812,967,Martin Fuller,M45-49,246,Open,United Kingdom,1:06:49,10:06,6:29:48,14:03,5:26:02,13:26:48
1813,940,Alwyn Dayoan,M45-49,247,Open,Philippines,1:36:17,11:18,6:29:54,8:51,5:00:52,13:27:12
1814,1169,Christian Vahldiek,M45-49,248,Open,Germany,1:32:51,5:31,6:29:26,5:06,5:14:31,13:27:25
1815,241,Raymond Levesque,M65-69,16,Open,Canada,1:32:40,4:19,6:05:02,4:23,5:41:03,13:27:27
1816,298,Gareth Buckley,M60-64,38,Open,Australia,1:16:31,6:10,6:53:33,10:58,5:00:16,13:27:28
1817,648,Martin Franklin,M50-54,171,Open,United Kingdom,1:23:53,5:45,6:32:51,7:37,5:17:22,13:27:28
1818,184,Juergen Baeuerle,M70-74,2,Open,Germany,1:32:58,7:04,6:26:16,10:59,5:10:26,13:27:43
1819,509,Mark Stautberg,M55-59,98,Open,United States,1:22:12,6:22,6:28:01,6:27,5:24:54,13:27:56
1820,1613,Marcella Rietz,F40-44,84,Female,United States,1:16:14,3:44,6:20:16,4:15,5:43:48,13:28:17
1821,862,Lisa Plunkett,F50-54,46,Female,United States,1:23:13,6:18,6:30:41,10:59,5:18:00,13:29:11
1822,236,Rob Howitt,M65-69,17,Open,Australia,1:08:58,7:09,6:44:55,4:58,5:23:11,13:29:11
1823,1862,Andrew Weaver,M35-39,215,Open,United Kingdom,1:05:02,5:46,5:35:11,5:27,6:37:56,13:29:22
1824,2488,Giselle Carson,F50-54,47,Female,United States,1:36:01,10:06,7:00:16,11:31,4:31:28,13:29:22
1825,1742,Karl Kreiss,M35-39,216,Open,Australia,58:12,3:29,5:57:45,6:52,6:23:54,13:30:12
1826,2410,Paul Lennart Siemers,M18-24,22,Open,Germany,57:36,4:27,5:00:10,6:15,7:21:56,13:30:24
1827,886,Sarah Zirkle,F50-54,48,Female,United States,1:03:21,7:37,6:38:40,13:36,5:27:12,13:30:26
1828,396,Miya Yuko,F60-64,8,Female,Japan,1:39:40,6:36,6:46:31,6:57,4:51:13,13:30:57
1829,1384,Brent Hawley,M40-44,236,Open,United States,1:12:41,6:16,6:24:33,4:21,5:43:26,13:31:17
1830,313,Bruce Hajek,M60-64,39,Open,United States,1:25:05,6:20,6:57:34,6:50,4:56:00,13:31:49
1831,793,Mark Van Der Pol,M50-54,172,Open,Netherlands,1:18:39,5:18,6:49:17,7:29,5:11:20,13:32:03
1832,583,Yoko Shiba,F55-59,28,Female,Japan,1:39:46,7:32,7:07:11,6:46,4:30:53,13:32:08
1833,2484,Guy Berkebile,M55-59,99,Open,United States,1:15:27,5:51,5:41:31,8:37,6:20:57,13:32:23
1834,871,Bernadette Sidney,F50-54,49,Female,United States,1:15:50,7:08,7:00:19,8:24,5:01:43,13:33:24
1835,2146,Chen Cheng,F30-34,67,Female,China,1:31:31,4:24,7:12:08,7:26,4:37:57,13:33:26
1836,909,Brett Blake,M45-49,249,Open,Australia,1:24:06,5:39,6:35:56,9:42,5:18:19,13:33:42
1837,831,Elena Gualini,F50-54,50,Female,Italy,1:25:48,6:19,7:19:08,8:27,4:34:14,13:33:56
1838,587,Mary Stupi,F55-59,29,Female,United States,1:18:06,7:05,6:27:59,10:02,5:30:58,13:34:10
1839,1945,Stephanie Sims,F35-39,74,Female,United States,1:05:49,4:35,6:37:01,7:53,5:38:56,13:34:14
1840,1904,Mardy Hunt,F35-39,75,Female,Australia,1:29:58,6:47,6:32:01,7:01,5:18:40,13:34:27
1841,498,Hiroshi Saito,M55-59,100,Open,Japan,1:31:51,7:34,7:21:46,10:23,4:23:22,13:34:56
1842,2486,Alden Philbrick,M55-59,101,Open,United States,1:17:07,6:22,6:18:06,9:45,5:43:58,13:35:18
1843,914,Duane Braithwaite,M45-49,250,Open,New Zealand,1:06:10,4:15,6:11:18,6:42,6:06:56,13:35:21
1844,936,Anthony Corcoran,M45-49,251,Open,Australia,1:00:50,3:22,5:54:28,6:25,6:30:22,13:35:27
1845,993,David Hopkins,M45-49,252,Open,United States,1:24:26,5:48,6:32:57,4:30,5:27:52,13:35:33
1846,1201,Jennifer Burtner,F45-49,72,Female,United States,1:19:59,3:55,5:48:57,15:30,6:07:32,13:35:53
1847,249,Marek Musial,M65-69,18,Open,Poland,1:34:45,11:04,6:35:40,5:27,5:09:22,13:36:18
1848,535,Brigitte Berod,F55-59,30,Female,France,1:25:20,6:41,7:08:33,11:27,4:44:38,13:36:39
1849,253,Donn Ritchie,M65-69,19,Open,United States,1:09:58,7:03,6:23:58,8:40,5:47:05,13:36:44
1850,2481,Clemens Weber,M60-64,40,Open,Germany,1:23:22,5:20,6:14:50,7:11,5:46:08,13:36:51
1851,234,Keith Greenough,M65-69,20,Open,United Kingdom,1:19:59,7:33,6:41:36,7:58,5:19:56,13:37:02
1852,1594,Megan Kinne,F40-44,85,Female,United States,1:21:26,6:09,6:44:23,6:38,5:18:57,13:37:33
1853,814,Soolan Clifford,F50-54,51,Female,Australia,1:20:47,6:50,6:46:40,6:33,5:16:53,13:37:43
1854,488,Rick Rawlings,M55-59,102,Open,United States,1:20:59,8:07,6:07:31,7:31,5:54:03,13:38:11
1855,1357,Adrian Fowler,M40-44,237,Open,United Kingdom,1:35:48,3:36,6:07:03,15:09,5:37:19,13:38:55
1856,407,Tom Bogan,M55-59,103,Open,United States,1:41:08,4:53,6:39:17,4:40,5:09:09,13:39:07
1857,2369,Roxane Woodfield,F25-29,38,Female,United Kingdom,1:12:27,9:07,6:49:22,13:51,5:15:02,13:39:49
1858,353,Bernard Vallee,M60-64,41,Open,Canada,1:26:12,7:37,6:24:30,5:13,5:36:31,13:40:03
1859,659,Bernhard Graf,M50-54,173,Open,Germany,1:22:58,6:30,6:53:48,15:28,5:02:24,13:41:08
1860,2491,Jerome Le Jamtel,M50-54,174,Open,France,1:25:01,8:48,6:10:10,11:50,5:45:26,13:41:15
1861,2223,Tomohiko Azuma,M25-29,101,Open,Japan,1:16:25,5:52,6:13:05,8:22,5:57:43,13:41:27
1862,248,Ian Mossenson,M65-69,21,Open,Australia,1:21:24,7:24,7:06:56,10:03,4:56:01,13:41:48
1863,1601,Andrea Memminger,F40-44,86,Female,Germany,1:11:37,3:36,6:45:25,8:34,5:32:45,13:41:57
1864,266,Lars Warnberg,M65-69,22,Open,Sweden,1:49:41,9:30,6:51:44,7:42,4:43:26,13:42:03
1865,213,Linda Ashmore,F70-74,1,Female,United Kingdom,1:15:22,4:12,6:49:59,4:35,5:28:42,13:42:50
1866,937,Lars Cortsen,M45-49,253,Open,Denmark,1:37:29,7:09,6:36:01,11:42,5:10:33,13:42:54
1867,1569,Maris Ditolla,F40-44,87,Female,United States,1:11:52,6:16,6:56:57,7:31,5:20:52,13:43:28
1868,346,Joerg Heiner Stehle,M60-64,42,Open,Germany,1:37:50,7:56,6:11:43,11:23,5:34:48,13:43:40
1869,899,Erik Basden,M45-49,254,Open,United States,1:28:25,7:56,6:44:02,10:05,5:15:16,13:45:44
1870,2167,Crystal Hirst,F30-34,68,Female,United States,1:18:39,7:28,6:54:52,12:17,5:12:29,13:45:45
1871,720,Phil McGain,M50-54,175,Open,United States,1:38:02,4:31,6:28:47,5:40,5:29:10,13:46:10
1872,1191,Sigrid Antoniuk,F45-49,73,Female,Austria,1:11:18,4:19,6:34:07,13:08,5:43:40,13:46:32
1873,1804,Kaustubh Radkar,M35-39,217,Open,India,56:18,5:03,7:01:42,7:36,5:36:08,13:46:47
1874,472,Stephen Morrow,M55-59,104,Open,United States,1:24:15,9:30,6:43:05,8:17,5:22:03,13:47:10
1875,415,Don Cole,M55-59,105,Open,Canada,1:28:15,10:12,7:16:14,9:13,4:43:34,13:47:28
1876,278,Mary Houbolt,F65-69,2,Female,United States,1:31:09,7:23,6:06:14,9:13,5:53:33,13:47:32
1877,957,Heath Eskalyo,M45-49,255,Open,United States,1:31:43,6:14,6:26:09,8:34,5:35:22,13:48:02
1878,959,Chris Fiacco,M45-49,256,Open,United States,1:14:31,4:57,6:45:00,9:59,5:34:03,13:48:30
1879,2462,Tom Holland,M45-49,257,Open,United States,1:25:52,10:46,7:08:06,7:47,4:56:02,13:48:33
1880,2428,Jessica Lambert,F18-24,30,Female,United States,1:17:54,7:47,7:19:17,9:53,4:54:36,13:49:27
1881,459,Jeffrey Lancaster,M55-59,106,Open,United States,1:20:42,4:40,6:28:09,9:16,5:46:48,13:49:35
1882,829,Paola Goldoni,F50-54,52,Female,Italy,1:30:20,5:56,7:09:51,9:46,4:53:51,13:49:44
1883,1462,Jose Alfredo Perez Villanueva,M40-44,238,Open,Mexico,1:18:57,4:14,7:05:51,7:12,5:14:11,13:50:25
1884,840,Celma Hitalia,F50-54,53,Female,Philippines,1:35:51,7:53,7:20:48,8:52,4:37:02,13:50:26
1885,631,Tim Deer,M50-54,176,Open,United States,1:42:52,6:40,7:01:01,12:41,4:47:36,13:50:50
1886,2492,Stefano Massa,M50-54,177,Open,Italy,1:08:30,3:21,6:33:05,7:40,5:58:50,13:51:26
1887,1084,Dale Patterson,M45-49,258,Open,Canada,1:27:24,6:55,6:49:28,12:39,5:15:33,13:51:59
1888,332,Tanaka Nobuyuki,M60-64,43,Open,Japan,1:14:03,4:35,6:04:00,6:39,6:23:10,13:52:27
1889,226,Paul Braunschweiler,M65-69,23,Open,United States,1:39:28,4:06,6:39:11,11:45,5:18:27,13:52:57
1890,186,Patrick Bourdillon,M70-74,3,Open,United States,1:35:59,5:44,6:49:29,6:55,5:14:53,13:53:00
1891,1850,Sebastien Vallee,M35-39,218,Open,Canada,2:01:01,7:52,6:29:59,10:05,5:04:19,13:53:16
1892,497,Gregory Safko,M55-59,107,Open,United States,1:28:38,12:00,6:17:06,12:22,5:43:26,13:53:32
1893,654,Wayne Gerst,M50-54,178,Open,United States,1:26:37,6:46,6:42:03,8:27,5:30:08,13:54:01
1894,709,Steven Lyons,M50-54,179,Open,United Kingdom,1:24:41,8:47,6:30:23,11:06,5:39:30,13:54:27
1895,1213,Audrey Erlandson,F45-49,74,Female,Canada,1:14:26,6:04,6:32:24,8:04,5:53:39,13:54:37
1896,400,Takeshi Araki,M55-59,108,Open,Japan,1:26:31,11:46,6:01:56,14:30,6:00:31,13:55:14
1897,161,Daniel Garcia,HC,,,United States,1:18:48,3:54,7:56:34,4:44,4:31:17,13:55:17
1898,237,Satosh Ishihara,M65-69,24,Open,Japan,1:35:23,7:33,7:08:16,5:02,4:59:08,13:55:22
1899,2416,Naomi Drakeford,F18-24,31,Female,United Kingdom,1:09:45,2:49,6:56:42,5:58,5:40:48,13:56:02
1900,1151,Scott Sullivan,M45-49,259,Open,Australia,1:10:10,7:02,6:27:23,8:08,6:03:37,13:56:20
1901,265,Miroslav Vrastil,M65-69,25,Open,Czech Republic,1:33:37,4:46,6:13:26,8:21,5:56:21,13:56:31
1902,267,Mike Wien,M65-69,26,Open,United States,1:15:54,6:09,6:37:56,10:02,5:47:02,13:57:03
1903,262,Bruce Thompson,M65-69,27,Open,United States,1:41:18,7:00,6:50:34,7:01,5:11:48,13:57:41
1904,1240,Anne Martin,F45-49,75,Female,Australia,1:14:02,4:01,6:25:15,38:01,5:36:35,13:57:54
1905,385,Nadia Siqueira,F60-64,9,Female,Brazil,1:36:40,10:10,7:35:48,10:55,4:25:40,13:59:13
1906,1876,Ruben Bravo Zuniga,M35-39,219,Open,Spain,1:26:13,3:41,6:50:49,6:38,5:31:54,13:59:15
1907,193,Roger Freeman,M70-74,4,Open,United States,1:35:34,7:01,6:56:49,10:43,5:09:24,13:59:31
1908,569,Hedla Lopes,F55-59,31,Female,Brazil,1:05:55,3:59,6:51:46,6:57,5:51:13,13:59:50
1909,813,Marilza Candida Saldanha,F50-54,54,Female,Brazil,1:17:26,7:15,6:35:56,6:16,5:52:57,13:59:50
1910,468,Gregory S. Miller,M55-59,109,Open,United States,1:26:49,8:12,6:25:46,11:18,5:47:49,13:59:54
1911,785,John Joseph Toohey,M50-54,180,Open,Australia,1:16:18,5:48,6:35:09,16:42,5:46:16,14:00:13
1912,2187,Chung Na Rae,F30-34,69,Female,Korea,1:12:58,5:03,6:51:02,7:38,5:43:40,14:00:21
1913,975,Mike Gleason,M45-49,260,Open,United States,1:20:38,10:09,6:34:04,12:05,5:44:18,14:01:14
1914,770,Pablo Segura Romero,M50-54,181,Open,Spain,1:24:51,6:12,6:42:39,9:36,5:38:00,14:01:18
1915,1631,Heather Williams,F40-44,88,Female,United Kingdom,1:17:36,5:57,6:36:02,8:38,5:53:18,14:01:31
1916,828,Laura Gagel,F50-54,55,Female,United States,1:24:35,7:07,6:48:56,8:32,5:32:29,14:01:39
1917,382,Lise Proulx,F60-64,10,Female,Canada,1:50:37,7:14,7:15:40,13:13,4:34:59,14:01:43
1918,1924,Janice Ng,F35-39,76,Female,United States,1:15:36,7:05,7:11:42,9:21,5:18:32,14:02:16
1919,576,Susan Niswander,F55-59,32,Female,United States,1:24:21,8:30,7:04:45,10:49,5:14:15,14:02:40
1920,1238,Stephanie Madelon,F45-49,76,Female,France,1:21:42,6:38,6:59:37,5:39,5:29:36,14:03:12
1921,417,Ronald Coolkens,M55-59,110,Open,Belgium,1:23:21,6:53,6:16:23,19:20,5:57:44,14:03:41
1922,885,Chieko Yajima,F50-54,56,Female,Japan,1:22:06,7:02,7:01:08,6:01,5:27:59,14:04:16
1923,401,George Arnold,M55-59,111,Open,United States,1:51:43,3:57,7:05:37,6:25,4:57:14,14:04:56
1924,477,Mike Ochstein,M55-59,112,Open,United States,1:04:26,7:16,6:25:38,8:05,6:19:55,14:05:20
1925,1952,Laura Straub,F35-39,77,Female,United States,1:16:22,3:37,8:07:34,5:06,4:32:52,14:05:31
1926,949,Todd Duell,M45-49,261,Open,United States,1:26:40,10:40,6:44:33,14:00,5:29:38,14:05:31
1927,187,Bruno Billeter,M70-74,5,Open,Switzerland,1:37:53,11:40,6:53:05,11:31,5:11:30,14:05:39
1928,804,Masashi Yamada,M50-54,182,Open,Japan,1:34:52,6:39,7:00:52,9:29,5:13:56,14:05:48
1929,411,Greg Brown,M55-59,113,Open,United States,1:18:23,5:45,6:31:55,7:54,6:02:09,14:06:06
1930,549,Share Forrester,F55-59,33,Female,United Kingdom,1:40:18,8:10,7:24:34,8:42,4:46:06,14:07:50
1931,540,Julie Cummings,F55-59,34,Female,Australia,1:23:19,7:56,7:27:55,5:37,5:03:39,14:08:26
1932,1187,Darren Wright,M45-49,262,Open,United States,1:09:22,5:46,6:45:34,10:56,5:56:53,14:08:31
1933,592,Andresito Aguila,M50-54,183,Open,Philippines,1:14:24,5:12,6:42:44,10:07,5:56:18,14:08:45
1934,773,John Slyer,M50-54,184,Open,United States,1:18:54,6:12,6:54:38,6:48,5:42:59,14:09:31
1935,1031,Marcel Legrand,M45-49,263,Open,United States,1:20:49,5:44,6:44:27,18:45,5:40:05,14:09:50
1936,956,Steven Enis,M45-49,264,Open,United States,1:09:25,7:47,6:56:14,16:28,5:39:56,14:09:50
1937,493,Terry Roberts,M55-59,114,Open,Australia,1:08:51,5:48,6:03:28,8:44,6:43:14,14:10:05
1938,356,Kevin Zepp,M60-64,44,Open,United States,1:16:40,3:42,5:51:18,12:05,6:47:30,14:11:15
1939,1088,Harm Peters,M45-49,265,Open,Netherlands,1:24:03,9:34,6:23:51,10:32,6:03:49,14:11:49
1940,702,Paul Linck,M50-54,185,Open,United States,1:36:27,10:30,5:47:18,9:11,6:28:35,14:12:01
1941,912,Eric Braate,M45-49,266,Open,United States,1:16:31,7:48,6:51:29,16:30,5:40:43,14:13:01
1942,2215,Derik Afornali,M25-29,102,Open,Brazil,1:00:33,4:08,5:14:03,5:03,7:50:23,14:14:10
1943,1253,Anita Redding,F45-49,77,Female,Australia,1:17:48,5:28,6:44:02,6:48,6:01:11,14:15:17
1944,1112,Juan Rivera,M45-49,267,Open,United States,1:31:20,5:03,7:19:30,5:27,5:14:41,14:16:01
1945,201,Yoshihito Munemasa,M70-74,6,Open,Japan,1:39:22,7:10,7:40:33,5:04,4:44:11,14:16:20
1946,2438,Anne Ruff,F18-24,32,Female,Germany,1:15:45,5:22,6:59:41,8:43,5:46:57,14:16:28
1947,808,Nishiguchi Akiko,F50-54,57,Female,Japan,1:21:54,6:54,6:52:38,6:29,5:49:07,14:17:02
1948,513,David Sykes,M55-59,115,Open,Australia,1:35:46,11:00,6:53:37,8:43,5:27:57,14:17:03
1949,335,Arthur Pohl,M60-64,45,Open,Germany,1:37:45,5:36,6:52:44,9:16,5:32:09,14:17:30
1950,177,Fidel Rotondaro,M75-79,1,Open,Venezuela,1:18:19,4:56,7:07:28,9:19,5:37:54,14:17:56
1951,590,Janet Wendle,F55-59,35,Female,United States,1:14:32,6:16,6:51:45,9:51,5:55:33,14:17:57
1952,947,Shawn Dixon,M45-49,268,Open,United States,1:34:27,13:23,7:22:48,14:21,4:53:01,14:18:00
1953,614,Dougal Burton,M50-54,186,Open,Australia,57:28,6:35,6:19:28,7:37,6:47:46,14:18:54
1954,1004,Mathew Jennings,M45-49,269,Open,Australia,58:48,3:37,5:22:11,18:13,7:36:05,14:18:54
1955,1051,Thomas McDougall,M45-49,270,Open,United Kingdom,1:16:48,18:25,7:14:20,21:22,5:08:57,14:19:52
1956,1563,Erica Crisp,F40-44,89,Female,United States,1:18:01,6:12,7:01:11,6:03,5:48:32,14:19:59
1957,1897,Alison Fowler,F35-39,78,Female,United States,1:33:04,9:09,7:52:52,8:20,4:37:25,14:20:50
1958,312,Kevin Guilfoyle,M60-64,46,Open,United States,1:47:38,12:07,7:05:48,12:33,5:03:16,14:21:22
1959,1135,Brad Serf,M45-49,271,Open,United States,1:09:56,6:04,6:54:30,8:16,6:03:06,14:21:52
1960,1781,Matthew Musiak,M35-39,220,Open,United States,56:27,4:13,5:11:57,7:37,8:01:56,14:22:10
1961,245,Mitsu Matsumoto,M65-69,28,Open,Japan,1:32:01,8:17,6:59:13,8:50,5:34:46,14:23:07
1962,393,Linda Worrall,F60-64,11,Female,United Kingdom,1:18:13,6:58,7:13:45,11:58,5:32:17,14:23:11
1963,908,Steve Berry,M45-49,272,Open,United Kingdom,1:25:06,6:31,5:59:54,7:00,6:44:41,14:23:12
1964,1176,Colin Walker,M45-49,273,Open,United States,1:08:38,8:29,6:26:28,8:06,6:31:55,14:23:36
1965,2422,Sarah Goodnight,F18-24,33,Female,United States,1:30:04,8:01,7:32:06,5:39,5:07:52,14:23:42
1966,274,Joanne Furu,F65-69,3,Female,United States,1:46:31,5:04,7:19:12,5:24,5:07:46,14:23:57
1967,519,Dennis Vallefuoco,M55-59,116,Open,United States,1:19:16,8:53,6:49:36,13:41,5:54:50,14:26:16
1968,244,Bruce Mason,M65-69,29,Open,Canada,1:42:35,5:12,6:43:35,6:09,5:49:12,14:26:43
1969,1786,Robert O'Donovan,M35-39,221,Open,United Kingdom,1:19:21,9:35,6:51:39,11:04,5:55:10,14:26:49
1970,566,Eva Kiss-Kraft,F55-59,36,Female,Germany,1:17:31,6:31,6:57:58,8:29,5:56:45,14:27:14
1971,1062,Pablo Mondragon,M45-49,274,Open,Mexico,1:09:38,7:52,6:43:27,11:02,6:15:37,14:27:36
1972,214,Sally Crawford,F70-74,2,Female,United States,1:16:38,5:48,7:06:30,7:11,5:51:45,14:27:52
1973,239,Tauno Koskinen,M65-69,30,Open,Sweden,1:14:27,6:13,6:51:00,6:33,6:10:02,14:28:15
1974,616,Paul Cane,M50-54,187,Open,United Kingdom,1:30:54,6:08,6:23:54,13:29,6:14:23,14:28:48
1975,2437,Emily Ridgeway,F18-24,34,Female,United States,1:18:21,3:17,7:44:57,16:19,5:06:07,14:29:01
1976,1326,Jose Manuel Costa Milan,M40-44,239,Open,Spain,1:11:37,6:33,6:59:14,8:51,6:02:50,14:29:05
1977,192,Even Evensen,M70-74,7,Open,United States,1:18:36,8:16,6:40:45,10:38,6:10:56,14:29:11
1978,357,Teri Abrahamzon,F60-64,12,Female,United States,1:40:14,7:42,7:22:16,9:09,5:09:57,14:29:18
1979,667,Jonathan Haley,M50-54,188,Open,United States,1:15:55,4:19,6:39:57,7:18,6:21:56,14:29:25
1980,148,Reinhold Garnitschnig,M60-64,47,Open,Austria,1:17:06,3:41,6:26:21,10:53,6:31:28,14:29:29
1981,1116,Jeffrey Rodgers,M45-49,275,Open,United States,1:24:43,8:43,6:48:17,9:53,5:57:55,14:29:31
1982,551,Lisa Frick,F55-59,37,Female,United States,1:13:00,6:43,7:35:06,7:24,5:27:44,14:29:57
1983,491,Andrew Riemer,M55-59,117,Open,United States,1:38:06,8:57,7:22:24,7:38,5:13:18,14:30:23
1984,390,Cathy Tibbetts,F60-64,13,Female,United States,1:16:48,4:59,7:05:22,8:45,5:54:33,14:30:27
1985,373,Anna Karin Lepik,F60-64,14,Female,Sweden,1:45:39,7:14,7:49:17,8:11,4:40:46,14:31:07
1986,1101,Todd Rau,M45-49,276,Open,United States,1:01:29,3:54,5:07:02,5:23,8:14:18,14:32:06
1987,710,Steven Mackay,M50-54,189,Open,Australia,1:27:12,10:58,6:07:32,13:49,6:32:43,14:32:14
1988,2197,Chiaki Takata,F30-34,70,Female,Japan,1:40:10,5:14,7:11:51,6:38,5:29:27,14:33:20
1989,220,Nicole Stockburger,F50-54,58,Female,United States,1:18:09,6:28,6:38:07,9:20,6:21:30,14:33:34
1990,315,Volker Johannes Hemberger,M60-64,48,Open,Germany,1:23:08,5:45,6:21:42,11:09,6:32:28,14:34:12
1991,1210,Karen Driver,F45-49,78,Female,United Kingdom,1:02:25,5:06,7:46:56,6:41,5:33:17,14:34:25
1992,747,David Ragland,M50-54,190,Open,United States,1:20:43,8:58,6:44:31,9:26,6:10:48,14:34:26
1993,1232,Kim Krivitsky,F45-49,79,Female,United States,1:17:45,4:35,6:37:23,9:57,6:25:55,14:35:35
1994,1504,William Luke Stedman,M40-44,240,Open,United States,1:26:51,12:02,7:35:23,10:20,5:12:02,14:36:38
1995,538,Gretchen Cooney,F55-59,38,Female,United States,1:11:17,5:10,7:12:36,6:43,6:01:24,14:37:10
1996,204,Ulrich Pratsch,M70-74,8,Open,Germany,1:39:34,10:39,6:37:50,11:29,5:58:54,14:38:26
1997,290,Dave Ambler,M60-64,49,Open,United Kingdom,1:24:27,6:32,7:10:42,12:38,5:45:21,14:39:40
1998,1448,John Nichols,M40-44,241,Open,United States,1:13:21,6:10,7:00:42,8:42,6:11:08,14:40:03
1999,516,Jorg Tieben,M55-59,118,Open,Germany,1:23:44,9:32,7:06:55,9:29,5:50:46,14:40:26
2000,1129,John Schmidt,M45-49,277,Open,United States,1:32:55,7:21,6:52:57,10:35,5:56:40,14:40:28
2001,208,Robert Tebo,M70-74,9,Open,United States,1:27:53,6:15,6:35:00,8:38,6:23:56,14:41:42
2002,436,Michael Fisch,M55-59,119,Open,United States,1:20:12,8:14,7:40:06,11:14,5:22:02,14:41:48
2003,751,Dan Reinheimer,M50-54,191,Open,United States,1:35:30,9:39,6:32:10,11:19,6:13:20,14:41:58
2004,879,Patricia Thornton,F50-54,59,Female,United States,1:45:20,11:55,7:41:16,19:44,4:44:25,14:42:40
2005,1239,Amy Margolis,F45-49,80,Female,United States,1:40:02,10:10,7:42:26,11:31,4:59:06,14:43:15
2006,1016,Robert Kenneth,M45-49,278,Open,United Kingdom,1:20:19,6:36,6:34:41,7:39,6:34:01,14:43:16
2007,865,Allison Ratcliffe,F50-54,60,Female,Australia,1:12:30,7:57,7:23:31,9:02,5:52:17,14:45:17
2008,383,Sandra Reid,F60-64,15,Female,Australia,1:14:31,6:20,6:59:51,14:17,6:10:34,14:45:33
2009,830,Cheryl Gregory-Evans,F50-54,61,Female,United Kingdom,1:40:07,11:26,7:15:00,6:42,5:32:26,14:45:41
2010,841,Heidi Hutchinson,F50-54,62,Female,United States,1:29:25,6:54,7:20:16,9:09,5:40:21,14:46:05
2011,250,Paul Schaber,M65-69,31,Open,Germany,1:31:49,5:42,6:42:36,8:45,6:17:38,14:46:30
2012,750,Rob Reddy,M50-54,192,Open,United States,1:06:38,11:29,6:39:20,11:43,6:38:08,14:47:18
2013,372,Elinor Krock,F60-64,16,Female,Sweden,1:27:59,9:13,7:14:01,8:11,5:48:42,14:48:06
2014,360,Christina Bromme,F60-64,17,Female,United States,1:33:05,6:31,6:47:53,10:16,6:11:00,14:48:45
2015,1768,Patrick Martinez,M35-39,222,Open,United States,1:21:50,5:20,7:00:58,4:48,6:15:49,14:48:45
2016,556,Stacey Grosvenor,F55-59,39,Female,United States,1:23:38,9:03,6:55:32,11:12,6:10:18,14:49:43
2017,466,John Joseph McGowan,M55-59,120,Open,United States,1:19:50,6:07,7:01:07,13:22,6:09:42,14:50:08
2018,933,Michael Collins,M45-49,279,Open,United States,1:26:41,6:44,6:32:01,10:24,6:35:46,14:51:36
2019,1054,Bob McKeown,M45-49,280,Open,United States,1:22:31,9:44,7:08:06,10:23,6:01:07,14:51:51
2020,585,Rosie Spicer,F55-59,40,Female,Australia,1:35:10,10:06,6:53:01,10:32,6:03:52,14:52:41
2021,1614,Nicky Rose,F40-44,90,Female,Australia,1:18:18,7:19,7:07:45,9:12,6:10:08,14:52:42
2022,1324,Leigh Coop,M40-44,242,Open,Australia,1:08:24,6:05,6:20:43,25:20,6:52:38,14:53:10
2023,543,Reiko Donato,F55-59,41,Female,United States,1:35:37,7:50,7:10:58,6:25,5:52:35,14:53:25
2024,1102,Mark Ravaglia,M45-49,281,Open,United States,1:24:29,6:15,7:08:33,9:02,6:05:13,14:53:32
2025,331,Jose Nicolas,M60-64,50,Open,Belgium,1:21:15,7:45,6:29:53,9:24,6:45:24,14:53:41
2026,439,Akihiko Futaki,M55-59,121,Open,Japan,1:41:11,5:47,7:00:36,7:01,5:59:22,14:53:57
2027,612,Paul Buccieri,M50-54,193,Open,United States,1:19:10,9:59,7:07:17,12:57,6:05:08,14:54:31
2028,776,Mark Stenhouse,M50-54,194,Open,United States,1:22:17,8:04,7:01:51,8:08,6:14:41,14:55:01
2029,568,Sandra Logan,F55-59,42,Female,United States,1:32:24,11:33,7:32:49,14:50,5:23:39,14:55:15
2030,395,Yumiko Yamaguchi,F60-64,18,Female,Japan,1:35:51,6:05,7:10:18,6:19,5:57:20,14:55:53
2031,1966,Mohammed Al Obaidani,M30-34,164,Open,Oman,1:29:37,7:08,7:19:51,8:47,5:51:27,14:56:50
2032,877,Petra Stoeppler,F50-54,63,Female,Germany,1:09:16,5:18,6:32:03,7:06,7:04:14,14:57:57
2033,391,Wendy Watson,F60-64,19,Female,United States,1:32:00,9:04,7:35:13,10:42,5:31:12,14:58:11
2034,1327,Chad Crocker,M40-44,243,Open,United States,1:09:19,11:32,6:42:03,16:13,6:39:51,14:58:58
2035,554,Susanne Grammer,F55-59,43,Female,Austria,1:25:55,6:08,7:48:37,8:41,5:31:07,15:00:28
2036,209,Otto Tylkowski,M70-74,10,Open,Germany,1:39:51,5:44,7:31:16,7:40,5:36:37,15:01:08
2037,1711,Brent Hanson,M35-39,223,Open,United States,1:38:58,9:30,7:53:22,8:14,5:11:21,15:01:25
2038,1494,Hanson Singaphi,M40-44,244,Open,South Africa,1:53:57,8:24,7:37:18,9:36,5:12:32,15:01:47
2039,299,Bruce Carriedo,M60-64,51,Open,United States,1:39:59,10:25,7:24:49,14:49,5:32:58,15:03:00
2040,296,Richard Bouton,M60-64,52,Open,United States,1:39:51,6:15,7:07:32,9:19,6:00:07,15:03:04
2041,1403,Anibal Juncal,M40-44,245,Open,Australia,1:07:08,4:16,5:41:47,9:03,8:00:53,15:03:07
2042,447,Mitch Hyra,M55-59,122,Open,United States,1:54:01,7:41,6:35:32,11:02,6:15:00,15:03:16
2043,2510,Brent Smyth,M50-54,195,Open,Canada,1:39:35,9:01,7:05:54,13:51,5:55:31,15:03:52
2044,365,Tara Ding,F60-64,20,Female,United States,1:48:14,7:53,7:31:22,13:43,5:23:17,15:04:29
2045,1696,Beat Fankhauser,M35-39,224,Open,Switzerland,1:22:02,8:56,6:05:41,17:27,7:11:41,15:05:47
2046,542,Vicki Derrick,F55-59,44,Female,United States,1:22:01,5:22,7:57:10,10:57,5:30:34,15:06:04
2047,217,Natalie Grabow,F70-74,3,Female,United States,1:29:06,8:36,7:02:43,9:25,6:16:41,15:06:31
2048,370,Lorraine Gersitz,F60-64,21,Female,United States,1:30:02,10:38,6:58:36,10:01,6:18:00,15:07:17
2049,2359,Jessica Soliz,F25-29,39,Female,United States,1:44:55,14:53,7:19:25,35:11,5:12:56,15:07:20
2050,2337,Auddie Hungerpiller,F25-29,40,Female,United States,1:21:30,8:10,7:41:55,7:30,5:49:01,15:08:06
2051,190,Bob Crawford,M70-74,11,Open,United States,1:26:02,8:30,7:04:26,9:03,6:20:30,15:08:31
2052,1782,Christopher Navin,M35-39,225,Open,United States,1:23:09,7:14,6:35:44,14:53,6:49:43,15:10:43
2053,536,Beth Brooks,F55-59,45,Female,United States,1:23:25,6:56,7:28:12,8:18,6:06:28,15:13:19
2054,842,Yolanda Iribarren,F50-54,64,Female,Mexico,1:38:07,6:36,7:06:57,9:51,6:12:30,15:14:01
2055,567,Midori Kurobane,F55-59,46,Female,Japan,1:42:59,9:57,8:06:16,12:28,5:03:03,15:14:43
2056,369,Andrea Gellan,F60-64,22,Female,United Kingdom,1:13:09,8:40,7:51:04,17:24,5:44:48,15:15:05
2057,359,Loree Bolin,F60-64,23,Female,United States,1:22:52,5:04,7:48:54,7:59,5:51:24,15:16:13
2058,706,Zouheir Louhaichy,M50-54,196,Open,Morocco,1:25:13,11:18,7:42:01,13:28,5:45:24,15:17:24
2059,870,Joy Secritario,F50-54,65,Female,United States,1:23:27,8:40,7:18:11,12:46,6:14:27,15:17:31
2060,198,Bob Martin,M70-74,12,Open,United Kingdom,1:57:45,4:46,6:51:20,7:18,6:16:37,15:17:46
2061,235,Terry Hemminger,M65-69,32,Open,United States,1:24:49,6:22,7:01:09,6:56,6:38:34,15:17:50
2062,532,Chang Kyun Yoon,M55-59,123,Open,Korea,1:26:46,5:07,7:28:55,8:01,6:09:58,15:18:47
2063,1793,Steven Parkes,M35-39,226,Open,United States,1:29:52,14:33,7:07:14,13:46,6:14:16,15:19:41
2064,153,Christopher Wilno,M50-54,197,Open,United States,1:37:25,10:45,7:09:40,9:58,6:12:31,15:20:19
2065,207,Rainer Schlipfinger,M70-74,13,Open,Austria,1:37:29,5:56,7:30:16,10:17,5:56:40,15:20:38
2066,1094,Jose Postigo,M45-49,282,Open,Mexico,1:34:30,10:24,7:07:40,12:41,6:15:45,15:21:00
2067,586,Kate Stannett,F55-59,47,Female,United Kingdom,1:22:35,6:12,8:08:00,6:38,5:38:06,15:21:31
2068,465,Tim Matthews,M55-59,124,Open,Canada,1:45:58,6:52,7:13:53,7:44,6:07:43,15:22:10
2069,1097,Kevin Prater,M45-49,283,Open,United States,1:31:18,6:15,6:59:34,16:57,6:28:41,15:22:45
2070,2459,Kevin Fornal,M35-39,227,Open,United States,1:14:10,8:53,7:02:25,18:04,6:39:24,15:22:56
2071,367,Choi Ying Fong,F60-64,24,Female,Hong Kong,1:22:33,8:19,8:17:42,5:23,5:29:44,15:23:41
2072,2206,Kelsie Wehren,F30-34,71,Female,United States,1:28:48,10:28,7:53:54,9:21,5:41:16,15:23:47
2073,797,Jonathan Vose,M50-54,198,Open,United States,1:16:10,7:59,7:28:35,15:35,6:15:59,15:24:18
2074,852,Stephanie Middleton,F50-54,66,Female,United States,1:31:53,7:45,7:46:00,7:58,5:50:52,15:24:28
2075,422,Jim Cunha,M55-59,125,Open,United States,1:20:38,10:14,7:05:12,16:22,6:34:35,15:27:01
2076,380,Sharman Parr,F60-64,25,Female,Australia,1:48:55,7:53,7:31:11,7:08,5:52:01,15:27:08
2077,403,Mark Betts,M55-59,126,Open,Australia,1:14:52,5:26,6:58:43,8:05,7:01:23,15:28:29
2078,565,Natalie Kik-Brown,F55-59,48,Female,United States,1:35:34,8:14,7:51:44,7:09,5:46:01,15:28:42
2079,484,David Pratt,M55-59,127,Open,United States,1:13:35,10:38,6:59:37,14:01,6:51:44,15:29:35
2080,285,Diane Tracy,F65-69,4,Female,United States,1:40:29,7:18,7:32:14,9:15,6:00:33,15:29:49
2081,2338,Youji Kim,F25-29,41,Female,Korea,1:15:21,4:35,6:50:31,13:18,7:06:35,15:30:20
2082,1043,Agustin Martinez,M45-49,284,Open,Mexico,1:56:47,4:55,7:17:11,5:56,6:07:03,15:31:52
2083,1387,Adrian Ho,M40-44,246,Open,Singapore,1:32:44,8:10,7:53:41,11:38,5:46:53,15:33:06
2084,276,Cullen Goodyear,F65-69,5,Female,Canada,1:22:43,5:56,7:17:55,12:38,6:34:40,15:33:52
2085,1276,Joy Yang,F45-49,81,Female,United States,1:42:02,10:53,7:53:45,7:22,5:41:04,15:35:06
2086,189,Bruce Cousins,M70-74,14,Open,United States,1:24:58,8:22,7:42:10,8:32,6:11:17,15:35:19
2087,205,Jim Price,M70-74,15,Open,United States,1:45:54,8:34,7:11:29,9:33,6:20:19,15:35:49
2088,878,Nathalie Theberge,F50-54,67,Female,Canada,1:30:04,5:48,7:12:46,10:51,6:36:31,15:36:00
2089,593,Eric Allosada,M50-54,199,Open,United States,1:31:03,5:37,7:49:25,7:49,6:03:01,15:36:55
2090,344,Andrew Sixsmith,M60-64,53,Open,Canada,1:22:09,5:02,7:02:53,7:14,6:59:47,15:37:05
2091,2452,Daniel Banga,M70-74,16,Open,Unknown,1:36:03,9:40,7:28:33,7:13,6:16:06,15:37:35
2092,775,Reinhard Spiegelhauer,M50-54,200,Open,Germany,1:26:01,4:49,7:50:41,11:08,6:04:58,15:37:37
2093,475,Takeo Nakamichi,M55-59,128,Open,Japan,1:24:26,7:21,6:38:21,10:18,7:17:17,15:37:43
2094,176,Tadayoshi Ogawa,M75-79,2,Open,Japan,1:22:11,10:17,7:49:58,9:39,6:06:26,15:38:31
2095,216,Valerie Gonzales,F70-74,4,Female,Canada,1:49:02,10:06,8:01:49,9:24,5:28:23,15:38:44
2096,384,Lin Sanders,F60-64,26,Female,United States,1:22:08,9:56,7:43:01,8:43,6:15:06,15:38:54
2097,653,David Genecov,M50-54,201,Open,United States,1:14:12,10:12,7:03:48,9:16,7:01:55,15:39:23
2098,2331,Ally Flournoy,F25-29,42,Female,United States,1:25:03,8:35,8:08:13,7:01,5:51:06,15:39:58
2099,851,Barbara Mezaki,F50-54,68,Female,United States,1:45:34,7:56,7:28:42,14:19,6:03:47,15:40:18
2100,2449,Yaqi Yang,F18-24,35,Female,China,1:43:49,8:35,7:33:40,7:27,6:07:22,15:40:53
2101,174,George Hulse,M75-79,3,Open,Australia,1:45:05,8:58,7:39:28,12:28,5:57:27,15:43:26
2102,318,Guillermo Jaramillo,M60-64,54,Open,United States,1:20:04,9:53,6:58:15,9:12,7:06:11,15:43:35
2103,790,Domenico Trudu,M50-54,202,Open,Italy,1:19:00,7:09,6:40:56,9:17,7:27:27,15:43:49
2104,1571,Kara Dreflak-Utley,F40-44,91,Female,United States,1:39:43,8:19,7:24:26,15:03,6:16:34,15:44:05
2105,1965,Taehwan Ahn,M30-34,165,Open,Korea,1:09:37,16:19,6:59:22,14:59,7:05:03,15:45:20
2106,1926,Miki Osanai,F35-39,79,Female,Japan,1:13:09,5:01,7:26:26,5:54,6:55:19,15:45:49
2107,502,Franz Michael Schlegel,M55-59,129,Open,Germany,1:34:38,5:31,6:19:45,12:13,7:36:51,15:48:58
2108,1197,Ursula Botha,F45-49,82,Female,South Africa,1:56:09,5:12,7:11:37,8:48,6:27:28,15:49:14
2109,1406,Firas Katabi,M40-44,247,Open,Syria,1:32:53,7:26,7:46:53,6:36,6:16:34,15:50:22
2110,268,John Wragg,M65-69,33,Open,Canada,1:33:04,9:25,6:59:22,8:45,7:00:05,15:50:41
2111,419,Carlos Costa,M55-59,130,Open,Brazil,1:35:40,8:24,7:37:11,7:49,6:22:38,15:51:42
2112,261,Bruno Stoob,M65-69,34,Open,Mexico,1:55:36,11:04,7:10:50,12:48,6:22:37,15:52:55
2113,1204,Heather Casey,F45-49,83,Female,United States,1:23:15,9:21,8:03:09,9:01,6:09:43,15:54:29
2114,1252,Becky Prater,F45-49,84,Female,United States,1:36:15,8:57,8:05:32,12:51,5:51:40,15:55:15
2115,339,Rene Rodarte,M60-64,55,Open,United States,1:55:43,10:32,7:04:58,12:50,6:31:15,15:55:18
2116,945,Arthur J. Dembro,M45-49,285,Open,United States,1:35:14,11:15,7:26:31,13:15,6:29:49,15:56:04
2117,381,Lynda Proce,F60-64,27,Female,Canada,1:34:02,8:37,8:02:47,11:09,6:01:43,15:58:18
2118,732,William Neafsey,M50-54,203,Open,United States,1:05:07,9:45,7:32:06,31:02,6:40:33,15:58:33
2119,197,Jerry Magliulo,M70-74,17,Open,United States,1:48:24,6:14,7:02:09,10:04,6:52:11,15:59:02
2120,270,Heather Allison,F65-69,6,Female,New Zealand,1:22:19,7:03,7:29:41,12:52,6:48:11,16:00:06
2121,1002,James Jamilosa,M45-49,286,Open,Philippines,1:47:34,9:10,7:57:34,14:21,5:52:54,16:01:33
2122,625,Erik Coppens,M50-54,204,Open,Belgium,1:26:18,7:59,6:59:08,7:57,7:20:28,16:01:50
2123,584,Boo Smith,F55-59,49,Female,United Kingdom,1:38:39,8:32,7:40:37,9:31,6:26:18,16:03:37
2124,185,Richard Barry,M70-74,18,Open,United States,1:21:59,6:14,7:22:54,12:44,7:00:46,16:04:37
2125,247,William McQuade,M65-69,35,Open,United States,1:35:31,7:17,7:01:06,11:43,7:09:00,16:04:37
2126,277,Glynis Greenough,F65-69,7,Female,United Kingdom,1:35:21,8:21,7:36:53,12:40,6:32:15,16:05:30
2127,225,Patrick Bonnin,M65-69,36,Open,France,1:31:15,6:23,7:30:56,7:18,6:50:30,16:06:22
2128,361,Diane Campione,F60-64,28,Female,United States,1:36:16,15:09,7:50:42,16:33,6:07:55,16:06:35
2129,227,Francisco Cabrera Jimenez,M65-69,37,Open,Spain,1:50:40,9:53,8:07:15,10:30,5:49:27,16:07:45
2130,1915,Elisia Lukasik,F35-39,80,Female,United States,1:51:54,12:26,7:43:03,12:14,6:08:34,16:08:11
2131,1012,Ken Kaczmarz,M45-49,287,Open,United States,1:19:10,11:02,7:43:36,14:32,6:39:57,16:08:17
2132,351,Anthony Thomas,M60-64,56,Open,United States,1:29:09,11:47,7:18:44,9:26,6:59:30,16:08:36
2133,671,Ron Harvey,M50-54,205,Open,United States,1:28:13,6:50,7:27:22,10:31,6:55:49,16:08:45
2134,1381,Aaron Hardwick,M40-44,248,Open,Canada,1:38:57,5:04,7:50:34,9:40,6:24:46,16:09:01
2135,847,Jill Kralovanec,F50-54,69,Female,United States,1:14:28,5:41,7:26:40,8:17,7:13:59,16:09:05
2136,1242,Beth Hunt,F45-49,85,Female,United States,1:38:51,8:37,7:44:17,7:44,6:30:10,16:09:39
2137,534,Ingrid Arning,F55-59,50,Female,Paraguay,1:36:48,11:18,7:29:12,12:02,6:40:25,16:09:45
2138,363,Pat Cooke-Rogers,F60-64,29,Female,United Kingdom,1:47:57,11:29,7:56:11,11:55,6:03:28,16:11:00
2139,1119,Antonio Romero-Garcia,M45-49,288,Open,Spain,1:23:58,10:41,7:39:47,15:40,6:40:55,16:11:01
2140,1065,Hiroyuki Murakoshi,M45-49,289,Open,Japan,1:20:39,7:48,8:11:31,18:09,6:14:04,16:12:11
2141,389,Kimberly Theiss,F60-64,30,Female,United States,1:32:16,8:45,8:13:30,8:39,6:09:04,16:12:14
2142,1629,Danielle White,F40-44,92,Female,Australia,1:31:04,6:27,7:31:01,11:05,6:53:14,16:12:51
2143,850,Ivy McGowan,F50-54,70,Female,United States,1:23:52,9:19,8:17:52,12:26,6:14:00,16:17:29
2144,689,Robert Johnston,M50-54,206,Open,Canada,1:24:23,10:23,7:24:24,12:49,7:05:33,16:17:32
2145,620,Ilan Charcon,M50-54,207,Open,Israel,1:37:59,7:33,7:40:26,11:45,6:40:08,16:17:51
2146,375,Masako Wakimoto,F60-64,31,Female,Japan,1:46:23,10:29,7:49:23,9:54,6:22:09,16:18:18
2147,175,Milos Kostic,M75-79,4,Open,Canada,2:01:54,7:59,7:15:16,9:18,6:43:59,16:18:26
2148,486,Robert Radecki Jr,M55-59,131,Open,United States,1:40:56,8:16,7:58:56,8:38,6:21:48,16:18:34
2149,506,Paul Schon,M55-59,132,Open,United States,1:35:20,6:19,7:32:47,10:28,6:53:54,16:18:48
2150,377,Pat McQuade,F60-64,32,Female,United States,1:35:39,7:22,7:45:06,8:42,6:42:00,16:18:49
2151,863,Agnes Prehn,F50-54,71,Female,United States,1:40:39,7:22,7:33:59,14:03,6:43:37,16:19:40
2152,1892,Joanne Cogle,F35-39,81,Female,United States,1:16:04,6:32,7:54:16,9:30,6:53:22,16:19:44
2153,354,Bob Whitman,M60-64,57,Open,United States,1:47:21,9:19,8:02:52,11:52,6:08:27,16:19:51
2154,230,David Martin Crinnion,M65-69,38,Open,United States,1:43:19,9:28,7:44:44,13:14,6:31:39,16:22:24
2155,577,Susie O'Neill,F55-59,51,Female,Australia,1:40:02,7:13,7:26:24,7:07,7:02:20,16:23:06
2156,179,Brad Kelley,M50-54,208,Open,United States,1:37:24,12:12,7:29:43,17:40,6:46:22,16:23:21
2157,1972,Brad Kirley,M70-74,19,Open,United States,1:39:55,7:43,8:17:28,7:45,6:10:41,16:23:32
2158,711,Mitsuru Maejima,M50-54,209,Open,Japan,1:19:39,8:16,8:21:39,12:52,6:22:09,16:24:35
2159,837,Susan Hayden,F50-54,72,Female,United States,1:12:41,8:43,7:34:28,9:25,7:19:19,16:24:36
2160,2487,Stephen Redwood,M55-59,133,Open,United Kingdom,1:20:46,6:23,7:09:53,19:34,7:28:05,16:24:41
2161,341,Steve Saunders,M60-64,58,Open,Canada,2:01:09,8:31,8:04:11,11:04,5:59:55,16:24:50
2162,426,Steve Depalma,M55-59,134,Open,United States,1:46:20,9:08,7:47:21,10:55,6:31:24,16:25:08
2163,1852,Damien Vaughan,M35-39,228,Open,Australia,1:32:48,8:04,7:54:03,10:57,6:39:30,16:25:22
2164,1215,Kerry Ferguson,F45-49,86,Female,Australia,1:25:40,8:12,8:20:26,10:17,6:21:03,16:25:38
2165,167,Dan St.Pierre,PC,,,United States,1:35:24,10:08,8:21:10,4:09,6:14:55,16:25:46
2166,1086,Raymond Pelelas,M45-49,290,Open,United States,1:49:43,14:27,7:26:36,15:29,6:39:36,16:25:51
2167,562,Takako Inaba,F55-59,52,Female,Japan,1:43:03,9:26,7:59:46,11:22,6:22:14,16:25:51
2168,1453,Yusuf Osmani,M40-44,249,Open,Uzbekistan,1:55:57,6:28,7:45:40,10:24,6:27:54,16:26:23
2169,1266,Jamie Twedt,F45-49,87,Female,United States,1:47:03,7:27,7:32:01,9:30,6:50:48,16:26:49
2170,168,Helen Susannah Webb,PC,,,South Africa,1:58:23,7:48,7:41:57,7:43,6:31:34,16:27:25
2171,196,Leif Hakan Johnsson,M70-74,20,Open,Sweden,1:53:09,8:03,7:09:32,14:57,7:04:14,16:29:55
2172,182,Douglas Wells,M75-79,5,Open,United States,1:52:59,11:52,8:17:01,12:56,5:55:46,16:30:34
2173,263,John Thornton,M65-69,39,Open,United States,1:45:23,10:22,7:54:52,12:26,6:27:33,16:30:36
2174,1226,Joanna Ip,F45-49,88,Female,United States,1:25:05,10:14,8:17:18,10:33,6:27:45,16:30:55
2175,273,Ellen Chu,F65-69,8,Female,United States,1:48:10,7:25,8:07:48,9:30,6:18:15,16:31:08
2176,833,Sharon Gunton,F50-54,73,Female,Australia,1:35:33,9:48,8:31:40,5:42,6:08:54,16:31:37
2177,550,Regina Fowler,F55-59,53,Female,United States,1:33:27,5:47,8:27:49,9:16,6:15:30,16:31:49
2178,246,James McGowan,M65-69,40,Open,United States,1:17:31,10:30,8:04:44,11:37,6:48:07,16:32:29
2179,212,Ronald Woloshan,M70-74,21,Open,United States,1:48:02,10:27,7:27:15,12:20,6:55:07,16:33:11
2180,219,Karla McKinlay,F70-74,5,Female,Australia,1:35:56,7:47,7:51:48,10:27,6:47:37,16:33:35
2181,962,Jose R. Flores,M45-49,291,Open,United States,1:53:51,1:43,7:40:10,10:57,6:48:44,16:35:25
2182,275,Donna Garrison,F65-69,9,Female,United States,1:43:10,9:04,7:45:10,9:37,6:49:11,16:36:12
2183,1586,Wiebke Hannigan,F40-44,93,Female,United States,1:33:23,6:18,8:15:44,9:20,6:31:45,16:36:30
2184,211,Charles Windus,M70-74,22,Open,United States,1:49:16,9:58,7:55:18,9:05,6:33:11,16:36:48
2185,203,Daniel Oconnell,M70-74,23,Open,United States,1:29:38,8:18,8:10:53,12:22,6:36:46,16:37:57
2186,1096,Paul Power,M45-49,292,Open,United States,1:40:08,6:05,7:29:04,8:59,7:13:56,16:38:12
2187,632,Renzo Di Carlo,M50-54,210,Open,Canada,1:48:03,10:08,8:19:12,8:37,6:12:36,16:38:36
2188,376,Lynn Mattucci,F60-64,33,Female,United States,1:43:53,9:40,8:03:41,8:28,6:33:13,16:38:55
2189,284,Cecelia Rondou,F65-69,10,Female,United States,1:22:44,7:57,7:50:27,9:52,7:09:50,16:40:50
2190,200,Kazutoshi Miyokawa,M70-74,24,Open,Japan,1:34:42,6:39,8:03:44,7:24,6:48:21,16:40:50
2191,1067,Shane Nakagawara,M45-49,293,Open,United States,1:44:14,8:59,7:40:46,10:13,6:57:35,16:41:47
2192,181,Al Tarkington,M75-79,6,Open,United States,1:23:02,7:55,7:42:49,10:18,7:18:49,16:42:53
2193,546,Vicki Earl,F55-59,54,Female,New Zealand,1:30:14,9:57,8:14:11,12:07,6:37:14,16:43:43
2194,638,Chris Dyason,M50-54,211,Open,Singapore,1:43:19,5:29,8:41:12,5:13,6:09:06,16:44:19
2195,215,Gini Fellows,F70-74,6,Female,United States,1:53:57,8:58,8:03:15,8:58,6:29:12,16:44:20
2196,537,Jillian Burns,F55-59,55,Female,United Kingdom,1:32:46,10:31,8:01:43,13:31,6:46:28,16:44:59
2197,282,Paula North,F65-69,11,Female,United States,1:46:40,6:40,8:12:20,11:55,6:27:53,16:45:28
2198,156,Tricia Delamora,F40-44,94,Female,United States,1:21:52,7:03,8:45:46,9:36,6:21:18,16:45:35
2199,1319,Tony Chu,M40-44,250,Open,United States,1:08:26,1:02:09,8:07:48,9:29,6:18:16,16:46:08
2200,283,Shirley Rolston,F65-69,12,Female,New Zealand,1:40:25,7:27,8:09:36,7:37,6:41:54,16:46:59
2201,1919,Erica Maynard-Uliasz,F35-39,82,Female,United States,1:11:37,10:13,8:27:08,12:32,6:45:35,16:47:05
2202,1400,David Johnson,M40-44,251,Open,United States,1:22:35,9:52,7:43:31,16:23,7:15:05,16:47:26
2203,1351,Kulani Fisher,M40-44,252,Open,United States,1:27:21,10:41,7:37:36,11:11,7:20:53,16:47:42
2204,281,Kimiko Matsuda,F65-69,13,Female,Japan,1:36:12,8:12,8:29:45,8:22,6:25:26,16:47:57
2205,287,Catherine (beryl) Wilson,F65-69,14,Female,Australia,1:16:38,6:45,8:49:05,13:04,6:23:56,16:49:28
2206,1854,Francois Vendette,M35-39,229,Open,Canada,1:20:19,10:08,7:45:22,11:02,7:23:03,16:49:54
2207,195,Don Hutchinson,M70-74,25,Open,United Kingdom,1:55:34,7:10,8:03:25,7:47,6:36:41,16:50:37
2208,297,Joseph Bradfield,M60-64,59,Open,United States,1:28:32,11:23,7:47:42,13:14,7:11:17,16:52:08
2209,259,David Smith,M65-69,41,Open,Australia,1:56:31,8:50,7:28:51,10:46,7:08:11,16:53:09
2210,682,Ian Isaac,M50-54,212,Open,Australia,1:18:58,7:32,6:53:19,8:47,8:26:16,16:54:52
,1301,Andrew Botha,M40-44,,Open,South Africa,,,,,,
,983,Andrew Hall,M45-49,,Open,United States,53:14,4:42,5:17:06,7:09,,
,108,Anja Beranek,FPRO,,Female,Germany,57:00,1:52,5:04:36,2:58,,
,2154,Anja Fachbach,F30-34,,Female,Germany,,,,,,
,378,Ann-Charlotte Mengel,F60-64,,Female,Sweden,2:12:07,6:57,,,,
,1688,Arnaud Edus,M35-39,,Open,France,56:09,2:38,5:10:38,,,
,1698,Arthur Ferraz,M35-39,,Open,Brazil,53:23,2:29,5:03:42,8:09,,
,1787,Barry Oelofsen,M35-39,,Open,South Africa,55:08,2:55,4:49:03,2:56,,
,165,Bas Parinussa,PC,,,Netherlands,1:51:23,5:38,,,,
,1809,Ben Richardson,M35-39,,Open,Australia,,,,,,
,594,Bent Andersen,M50-54,,Open,Denmark,,,,,,
,629,Bill Davis,M50-54,,Open,United States,1:11:22,5:53,6:05:02,15:08,,
,873,Brenda Smith,F50-54,,Female,United States,1:44:51,14:05,,,,
,31,Brent McMahon,MPRO,,Open,Canada,48:43,2:01,,,,
,252,Brent Richards,M65-69,,Open,Canada,1:30:51,8:36,,,,
,2017,Brian Fogarty,M30-34,,Open,United Kingdom,1:07:21,3:34,4:57:51,10:28,,
,1881,Briana Noelle Boehmer,F35-39,,Female,United States,,,,,,
,2325,Brooke Colby,F25-29,,Female,Australia,1:04:12,4:04,5:57:26,4:03,,
,228,Bruce Cook,M65-69,,Open,United States,,,,,,
,1316,Bruno Cesar Franca,M40-44,,Open,Brazil,1:00:15,,,,,
,1605,Cailla Patterson,F40-44,,Female,Canada,,,,,,
,121,Camilla Pedersen,FPRO,,Female,Denmark,53:13,2:17,,,,
,2466,Carlos Ling,NO AGE,,,Unknown,,,,,,
,2467,Carlos Moncada,M30-34,,Open,Costa Rica,,,,,,
,221,Cheryl Weill,F70-74,,Female,United States,,,,,,
,2471,Chongsup Park,M65-69,,Open,Unknown,,,,,,
,1819,Cid Barbosa Santos,M35-39,,Open,Brazil,58:54,2:47,4:54:53,3:03,,
,309,Claude Girardin,M60-64,,Open,Switzerland,1:20:54,4:04,5:38:35,7:40,,
,254,Marti Robert,M65-69,,Open,France,1:40:01,,6:59:20,,5:44:44,
,1790,Clodoaldo Oliveira,M35-39,,Open,Brazil,1:09:36,5:25,5:53:16,7:46,,
,2463,Courtney Home,F18-24,,Female,Unknown,,,,,,
,34,Cyril Viennot,MPRO,,Open,France,49:08,2:14,,,,
,50,Daniel Fontana,MPRO,,Open,Italy,49:08,2:11,,,,
,342,Daniel Schallmo,M60-64,,Open,Germany,1:08:46,4:59,5:53:55,5:30,,
,33,David Dellow,MPRO,,Open,Australia,48:58,2:08,,,,
,1063,David Moore,M45-49,,Open,United States,1:25:12,7:06,7:27:09,10:53,,
,2493,David Mullaney,M50-54,,Open,United States,,,,,,
,41,David Plese,MPRO,,Open,Slovenia,56:26,1:52,4:47:01,3:20,,
,2311,David Wirth,M25-29,,Open,United States,1:04:51,7:50,6:00:03,14:18,,
,2204,Delphine Voeltzel,F30-34,,Female,France,1:08:49,3:30,5:35:34,3:30,,
,2081,Derek Ogawa,M30-34,,Open,United States,1:40:25,5:56,,,,
,222,Dexter Yeats,F70-74,,Female,United States,1:51:01,9:23,8:20:51,6:33,,
,132,Diana Riesler,FPRO,,Female,Germany,1:03:25,2:17,5:30:10,3:14,,
,2478,Dorian Simon,M45-49,,Open,Unknown,,,,,,
,2381,Duy Thien Do,M18-24,,Open,Belgium,54:22,2:41,4:55:20,4:51,,
,171,Eckhard Friedreich,M75-79,,Open,Germany,1:23:04,9:51,,,,
,1856,Egor Vinogradov,M35-39,,Open,Russia,,,,,,
,162,Elisabeth McTernan,HC,,,United Kingdom,1:18:56,8:20,,,,
,552,Elizabeth Gannon,F55-59,,Female,United Kingdom,1:38:29,7:57,,,,
,1733,Emmet Kelly,M35-39,,Open,Ireland,,,,,,
,2455,Eric Boynton,M18-24,,Open,Unknown,,,,,,
,725,Eric Millard,M50-54,,Open,France,,,,,,
,1882,Erica Bolvin,F35-39,,Female,United States,,,,,,
,1693,Ernesto Espinoza,M35-39,,Open,Costa Rica,57:24,3:17,5:03:22,4:21,,
,1270,Fiona Whitby,F45-49,,Female,Canada,,,,,,
,424,Francisco De Medeiros Fernandes,M55-59,,Open,Brazil,,,,,,
,1132,Frank Schubnell,M45-49,,Open,Germany,,,,,,
,7,Frederik Van Lierde,MPRO,,Open,Belgium,48:52,2:06,4:29:56,2:56,,
,392,Gabi Weiler,F60-64,,Female,Germany,1:35:28,5:06,,,,
,2046,Geert Janssens,M30-34,,Open,Belgium,54:27,2:41,5:35:41,3:57,,
,820,Gwen Duhon,F50-54,,Female,United States,,,,,,
,1917,Hailey Manning,F35-39,,Female,United States,,,,,,
,180,Helmut Schicketanz,M75-79,,Open,Germany,1:58:02,10:22,8:16:46,11:39,,
,322,Hermann Mandler,M60-64,,Open,Austria,1:27:38,4:40,5:56:03,4:41,,
,1202,Hilary Cairns,F45-49,,Female,United States,1:04:11,3:34,5:41:13,4:58,,
,169,Hiromu Inada,M85+,,Open,Japan,1:44:31,16:12,,,,
,2127,Hongjian Wang,M30-34,,Open,China,1:16:01,4:23,5:50:26,,,
,210,Ijbele Van Olst,M70-74,,Open,Netherlands,1:41:30,8:19,8:21:47,8:18,,
,2106,Imanol Sagarzazu,M30-34,,Open,Spain,,,,,,
,379,Iris Olshansky,F60-64,,Female,Israel,1:10:25,6:56,8:13:09,,,
,32,Ivan Tutukin,MPRO,,Open,Russia,48:45,2:27,4:50:32,2:39,,
,2414,Jacki Cronin,F18-24,,Female,United States,1:11:18,4:22,,,,
,719,James McDiarmid,M50-54,,Open,United Kingdom,,,,,,
,1057,James Middleditch,M45-49,,Open,Singapore,,,,,,
,639,Jan Edlund,M50-54,,Open,Switzerland,,,,,,
,980,Jason Greengrass,M45-49,,Open,United States,1:13:10,7:57,6:16:15,16:30,,
,140,Jeanne Collonge,FPRO,,Female,France,1:05:05,2:57,5:26:52,4:27,,
,1933,Jennifer Price,F35-39,,Female,United States,,,,,,
,2432,Jenny Modzlewski,F18-24,,Female,United States,1:10:09,5:04,5:57:30,4:06,,
,2026,Jimmy Gosselin,M30-34,,Open,Canada,56:08,3:10,5:04:53,4:51,,
,2473,Jinduo Pei,M70-74,,Open,Unknown,,,,,,
,1376,Joby Gutierrez,M40-44,,Open,United States,,,,,,
,116,Jodie Robertson,FPRO,,Female,United States,1:04:56,2:47,5:19:24,4:26,,
,27,Joe Gambles,MPRO,,Open,Australia,48:57,2:14,,,,
,2065,Joel Maley,M30-34,,Open,Canada,1:08:46,4:41,5:16:55,,,
,676,Joey Hinton,M50-54,,Open,United States,,,,,,
,317,John Hill,M60-64,,Open,Australia,,,,,,
,1746,John Lakness,M35-39,,Open,United States,,,,,,
,1758,John Littlewood,M35-39,,Open,United Kingdom,1:04:57,4:35,6:05:43,12:20,,
,1534,John Woods,M40-44,,Open,Ireland,,,,,,
,2134,Jordy Wright,M30-34,,Open,Australia,,,,,,
,1296,Jose Belarmino Souza Filho,M40-44,,Open,Brazil,,,,,,
,557,Josette Harris,F55-59,,Female,United States,,,,,,
,1737,Joshua King,M35-39,,Open,United States,,,,,,
,818,Judit Dengler,F50-54,,Female,Germany,,,,,,
,155,Julie Moss,F55-59,,Female,United States,1:03:17,4:22,6:23:38,11:53,,
,1188,Junya Yujiri,M45-49,,Open,Japan,1:03:59,5:01,,,,
,150,Kathleen McCartney,F55-59,,Female,United States,1:40:59,9:51,,,,
,316,Keith Henry,M60-64,,Open,Canada,1:26:05,9:21,8:35:01,10:56,,
,326,Kelly Monahan,M60-64,,Open,United States,1:32:35,12:38,,,,
,1477,Kevin Robertson,M40-44,,Open,Australia,,,,,,
,46,Kirill Kotsegarov,MPRO,,Open,Estonia,56:32,2:01,,,,
,202,Koji Nobuka,M70-74,,Open,Japan,1:42:57,12:46,,,,
,125,Kristin Moeller,FPRO,,Female,Germany,,,,,,
,2240,Lasse Aleksander Finstad,M25-29,,Open,Norway,59:07,2:33,4:52:47,3:02,,
,1271,Laura Whitlow,F45-49,,Female,United States,,,,,,
,882,Lauren Warren,F50-54,,Female,United States,1:16:59,5:10,,,,
,191,Laurenc Divald,M70-74,,Open,Slovakia,,,,,,
,111,Leanda Cave,FPRO,,Female,United Kingdom,53:18,2:10,5:19:39,,,
,2061,Leandro Leao,M30-34,,Open,Brazil,,,,,,
,855,Leslie Myers,F50-54,,Female,United States,1:10:39,4:14,6:25:28,,,
,386,Linda Smith,F60-64,,Female,United States,1:43:58,10:19,,,,
,1567,Lindsey Deneen,F40-44,,Female,United States,,,,,,
,371,Lotus Golden,F60-64,,Female,United States,,,,,,
,2451,Lu Zhang,F18-24,,Female,China,,,,,,
,2335,Luca Glaser,F25-29,,Female,Brazil,,,,,,
,2385,Lucas Flannery,M18-24,,Open,Australia,,,,,,
,2152,Lucia Erat,F30-34,,Female,Switzerland,1:11:05,3:17,5:23:16,5:11,,
,432,Luis Elizondo Williams,M55-59,,Open,Mexico,,,,,,
,445,Luis Herran,M55-59,,Open,United Kingdom,,,,,,
,844,Lynn Keane,F50-54,,Female,United States,,,,,,
,2123,Marcio Verissimo,M30-34,,Open,Brazil,,,,,,
,1994,Marco Corti,M30-34,,Open,Italy,1:10:35,3:27,4:58:43,3:47,,
,2501,Mark Ruggeri,M45-49,,Open,United States,,,,,,
,303,Martin Desmyttere,M60-64,,Open,Germany,1:15:03,5:16,5:37:45,7:29,,
,1801,Martin Polesny,M35-39,,Open,Czech Republic,1:00:15,3:05,4:59:44,3:14,,
,1224,Mary Holt-Wilson,F45-49,,Female,United States,,,,,,
,1891,Mary Laure Close Lux,F35-39,,Female,Belgium,1:17:15,,,,,
,394,Maryse Nicole Wu Tiu Yen,F60-64,,Female,Reunion,1:28:06,5:46,,,,
,2496,Matthew Gentile,M45-49,,Open,United States,1:10:26,8:58,6:03:01,14:07,,
,1103,Matthew Reese,M45-49,,Open,United States,,,,,,
,17,Matthew Russell,MPRO,,Open,United States,53:44,1:51,,,,
,2470,Mercedes Pardo,F65-69,,Female,Unknown,,,,,,
,1038,Michael Malfer,M45-49,,Open,United States,,,,,,
,1799,Michael Piche,M35-39,,Open,United States,,,,,,
,35,Michael Weiss,MPRO,,Open,Austria,58:19,2:31,4:31:18,2:56,,
,2453,Michel Boulanger,M60-64,,Open,Netherlands,,,,,,
,470,Michel Morret,M55-59,,Open,France,1:09:06,6:02,5:36:32,4:19,,
,480,Michel Pellerin,M55-59,,Open,Canada,1:08:42,4:52,6:27:26,,,
,106,Michelle Vesterby,FPRO,,Female,Denmark,57:01,1:53,5:24:14,3:13,,
,240,Mike Leahy,M65-69,,Open,United States,1:28:21,5:48,8:04:36,9:51,,
,152,Mike Levine,M65-69,,Open,United States,1:56:00,9:52,,,,
,861,Mina Pizzini,F50-54,,Female,United States,1:05:34,9:05,5:44:30,,,
,1180,Mitch West,M45-49,,Open,United States,1:02:45,4:10,5:23:29,5:44,,
,178,Murray Sarubin,M75-79,,Open,United States,1:37:55,11:00,8:13:55,12:27,,
,1957,Nadja Wachter,F35-39,,Female,Germany,1:01:34,4:21,,,,
,291,Naoya Atsumi,M60-64,,Open,Japan,1:58:24,11:07,,,,
,172,Neal Genda,M75-79,,Open,United States,1:56:20,8:30,,,,
,20,Nicholas Kastelein,MPRO,,Open,Australia,48:29,1:52,,,,
,1977,Nick Bensley,M30-34,,Open,Australia,,,,,,
,139,Nikke Bartlett,FPRO,,Female,United Kingdom,58:03,2:35,5:17:40,3:36,,
,25,Nils Frommhold,MPRO,,Open,Germany,48:56,1:56,4:21:46,2:17,,
,362,Pamela Coleman,F60-64,,Female,United States,1:43:51,6:11,8:38:06,4:57,,
,271,Pat Atwood,F65-69,,Female,United Kingdom,1:35:48,6:55,,,,
,2454,Patrick Bourdillon,M70-74,,Open,United States,,,,,,
,1185,Paul Wolff,M45-49,,Open,South Africa,,,,,,
,2351,Pavlova Nadezhda,F25-29,,Female,Russia,,,,,,
,11,Pete Jacobs,MPRO,,Open,Australia,48:39,1:59,,,,
,521,Peter J Van Ravenswaaij,M55-59,,Open,Netherlands,,,,,,
,333,Peter Odunne,M60-64,,Open,United States,1:54:19,16:59,,,,
,643,Philippe Evans,M50-54,,Open,France,1:21:19,8:45,7:40:27,56:42,,
,1356,Philippe Foubert,M40-44,,Open,France,1:13:26,3:59,5:21:45,7:55,,
,2164,Rachel Hallam,F30-34,,Female,United Kingdom,,,,,,
,2475,Rebecca Reinhart,F35-39,,Female,Unknown,,,,,,
,1533,Reinhard Winter,M40-44,,Open,Austria,,,,,,
,194,Reinhold Hemker,M70-74,,Open,Germany,1:50:58,6:27,,,,
,2480,Richard Sweet,M50-54,,Open,Unknown,,,,,,
,1177,Richard Wallace,M45-49,,Open,United States,1:23:38,7:14,7:03:41,27:23,,
,158,Rick Hoyt,PC,,,United States,1:33:29,15:28,,,,
,2062,Rik Linssen,M30-34,,Open,Netherlands,,,,,,
,229,Robert Coulson,M65-69,,Open,South Africa,,,,,,
,232,Robert Friberg,M65-69,,Open,United States,1:16:46,12:08,6:58:23,,,
,173,Robert Heins,M75-79,,Open,United States,2:10:30,9:06,,,,
,280,Roberta Leventhal,F65-69,,Female,United States,1:33:56,11:08,,,,
,1330,Roberto Cuesta Perez,M40-44,,Open,Spain,,,,,,
,218,Ruth Lockett,F70-74,,Female,United States,1:39:58,8:32,8:23:50,10:06,,
,1789,Ryan Oke,M35-39,,Open,Australia,1:12:41,6:14,9:22:07,,,
,2356,Sabina Piras,F25-29,,Female,United States,1:18:06,3:33,6:35:20,6:34,,
,286,Sandi Wiebe,F65-69,,Female,United States,1:25:33,6:55,,,,
,1677,Sandro De Felippe Ottoboni,M35-39,,Open,Brazil,54:37,3:22,5:20:35,4:59,,
,104,Sarah Piampiano,FPRO,,Female,United States,1:04:57,2:27,5:13:20,10:49,,
,1379,Sauli Haahtela,M40-44,,Open,Finland,,,,,,
,978,Scott Goveia,M45-49,,Open,United States,,,,,,
,2272,Sebastian Mahr,M25-29,,Open,Germany,,,,,,
,1503,Sebastien Christian Stalder,M40-44,,Open,Switzerland,1:01:06,2:39,,,,
,598,Shinichiro Arai,M50-54,,Open,Japan,,,,,,
,524,Stefaan Vervisch,M55-59,,Open,Belgium,,,,,,
,1948,Steffi Steinberg,F35-39,,Female,Germany,1:07:59,3:33,5:43:45,3:16,,
,910,Stephen Bode,M45-49,,Open,Germany,1:13:16,3:48,5:05:37,4:29,,
,512,Takehisa Suzuki,M55-59,,Open,Japan,,,,,,
,2203,Tatiana Vertiz,F30-34,,Female,Mexico,,,,,,
,170,Terumasa Akio,M75-79,,Open,Japan,2:07:49,8:02,,,,
,319,Them Kj??_r Jensen,M60-64,,Open,Denmark,1:30:58,13:38,,,,
,9,Tim Don,MPRO,,Open,Unknown,,,,,,
,759,Tim Rowley,M50-54,,Open,Canada,1:02:15,3:53,5:07:45,5:42,,
,1682,Timmy Deman,M35-39,,Open,Belgium,,,,,,
,1355,Tobias Fort,M40-44,,Open,United States,1:12:13,6:00,,,,
,340,Tomita Satoshi,M80-84,,Open,Japan,1:55:29,12:20,,,,
,302,Tony Dallinger,M60-64,,Open,New Zealand,,,,,,
,2498,Trevor Katelnikoff,M45-49,,Open,Canada,,,,,,
,1024,Ulrich Konschak,M45-49,,Open,Germany,,,,,,
,57,Unknown,NO AGE,,,Unknown,,,,,,
,137,Unknown,NO AGE,,,Unknown,,,,,,
,272,Victoria Carpenter,F65-69,,Female,United Kingdom,1:59:18,6:04,8:20:30,8:15,,
,1026,Vidar Kvernvold,M45-49,,Open,Norway,1:10:58,4:14,4:59:59,4:10,,
,1048,Walter McCormack,M45-49,,Open,United States,1:03:31,3:47,4:57:24,3:39,,
,501,Walter Schaaf,M55-59,,Open,Germany,1:13:09,6:42,5:47:02,12:57,,
,199,Warren Mine,M70-74,,Open,United States,1:56:09,11:11,,,,
,560,Yan Hu,F55-59,,Female,China,,,,,,
,183,Yoshiyuki Nishimura,M75-79,,Open,Japan,1:35:09,8:09,,,,
,1692,Tony Escareno,M35-39,,Open,Mexico,1:20:58,,5:52:07,,,
,866,Kristine Reinhardt,F50-54,,Female,United States,1:54:10,8:33,8:20:34,5:03,6:33:44,
,1235,Tracy Lempke,F45-49,,Female,United States,1:50:16,5:15,8:16:01,11:56,6:39:43,
,579,Susan Pyron,F55-59,,Female,United States,1:37:18,8:51,8:16:06,9:29,7:10:52,
,2456,Aaron Detienne,M30-34,,Open,United States,,,,,,
,206,Alan Priest,M70-74,,Open,United States,,,,,,
,712,Alberto Manoel Lopes Dias,M50-54,,Open,Brazil,,,,,,
,1115,Alessandro Robustelli,M45-49,,Open,Italy,1:03:39,4:05,5:22:32,7:32,,
,1049,Alexander McCrohan,M45-49,,Open,United States,53:01,3:21,5:05:35,3:40,,
,1808,Alexandre Reinert,M35-39,,Open,Hong Kong,,,,,,
,131,Alicia Kaye,FPRO,,Female,United States,53:04,2:09,5:28:06,3:02,,
,605,Allen Benson,M50-54,,Open,United States,,,,,,
,4,Andi Boecherer,MPRO,,Open,Unknown,,,,,,
,295,Andreas Bodenmann,M60-64,,Open,Switzerland,,,,,,
